candidate_id,entity_id,candidate_layer,field_path_candidate,semantic_class,raw_value,raw_unit,normalized_value,normalized_unit,normalization_rule_id,source_record_ids,calculation_locator,drawing_locator,confidence,verification_status,parity_status,adoption_status,issue_id,conflict_id,human_confirmation_id,phase3_action,notes
DR-778,ENT-LINE-ACL,drawing,drawing.title_block.DWG-TB-S001-001,TITLE_BLOCK_VALUE,図示,,,,NOR-011,DWG-TB-S001-001,calc_pdf_p3,DWG-S001,HIGH,UNVERIFIED,DRAWING_ONLY,CANDIDATE_ONLY,,,,GOLDEN_ELIGIBLE,Title block field '旭高架橋 Aランプ PU15ｰAR2'.
DR-779,ENT-LINE-ACL,drawing,drawing.title_block.DWG-TB-S002-001,TITLE_BLOCK_VALUE,1:200,,,,NOR-011,DWG-TB-S002-001,calc_pdf_p4,DWG-S002,HIGH,UNVERIFIED,DRAWING_ONLY,CANDIDATE_ONLY,,,,GOLDEN_ELIGIBLE,Title block field '旭高架橋 Aランプ PU15ｰAR2'.
DR-780,ENT-LINE-ACL,drawing,drawing.title_block.DWG-TB-S003-001,TITLE_BLOCK_VALUE,1:200,,,,NOR-011,DWG-TB-S003-001,calc_pdf_p5,DWG-S003,HIGH,UNVERIFIED,DRAWING_ONLY,CANDIDATE_ONLY,,,,GOLDEN_ELIGIBLE,Title block field '旭高架橋 Aランプ PU15ｰAR2'.
DR-781,ENT-LINE-ACL,drawing,drawing.title_block.DWG-TB-S004-001,TITLE_BLOCK_VALUE,1:200,,,,NOR-011,DWG-TB-S004-001,calc_pdf_p6,DWG-S004,HIGH,UNVERIFIED,DRAWING_ONLY,CANDIDATE_ONLY,,,,GOLDEN_ELIGIBLE,Title block field '旭高架橋 Aランプ PU15ｰAR2'.
DR-782,ENT-LINE-ACL,drawing,drawing.title_block.DWG-TB-S005-001,TITLE_BLOCK_VALUE,図示,,,,NOR-011,DWG-TB-S005-001,calc_pdf_p7,DWG-S005,HIGH,UNVERIFIED,DRAWING_ONLY,CANDIDATE_ONLY,,,,GOLDEN_ELIGIBLE,Title block field '旭高架橋 Aランプ PU15ｰAR2'.
DR-783,ENT-LINE-ACL,drawing,drawing.title_block.DWG-TB-S006-001,TITLE_BLOCK_VALUE,図示,,,,NOR-011,DWG-TB-S006-001,calc_pdf_p8,DWG-S006,HIGH,UNVERIFIED,DRAWING_ONLY,CANDIDATE_ONLY,,,,GOLDEN_ELIGIBLE,Title block field '旭高架橋 Aランプ PU15ｰAR2'.
DR-784,ENT-LINE-ACL,drawing,drawing.title_block.DWG-TB-S007-001,TITLE_BLOCK_VALUE,図示,,,,NOR-011,DWG-TB-S007-001,calc_pdf_p9,DWG-S007,HIGH,UNVERIFIED,DRAWING_ONLY,CANDIDATE_ONLY,,,,GOLDEN_ELIGIBLE,Title block field '旭高架橋 Aランプ PU15ｰAR2'.
DR-785,ENT-LINE-ACL,drawing,drawing.title_block.DWG-TB-S008-001,TITLE_BLOCK_VALUE,1:200,,,,NOR-011,DWG-TB-S008-001,calc_pdf_p10,DWG-S008,HIGH,UNVERIFIED,DRAWING_ONLY,CANDIDATE_ONLY,,,,GOLDEN_ELIGIBLE,Title block field '旭高架橋 Aランプ PU15ｰAR2'.
DR-786,ENT-DECK,drawing,drawing.title_block.DWG-TB-S009-001,TITLE_BLOCK_VALUE,1:50,,,,NOR-011,DWG-TB-S009-001,calc_pdf_p11,DWG-S009,HIGH,UNVERIFIED,DRAWING_ONLY,CANDIDATE_ONLY,,,,GOLDEN_ELIGIBLE,Title block field '旭高架橋 Aランプ PU15ｰAR2'.
DR-787,ENT-LINE-ACL,drawing,drawing.title_block.DWG-TB-S010-001,TITLE_BLOCK_VALUE,1:1200,,,,NOR-011,DWG-TB-S010-001,calc_pdf_p12,DWG-S010,HIGH,UNVERIFIED,DRAWING_ONLY,CANDIDATE_ONLY,,,,GOLDEN_ELIGIBLE,Title block field '旭高架橋 Aランプ PU15ｰAR2'.
DR-788,ENT-LINE-ACL,drawing,drawing.title_block.DWG-TB-S011-001,TITLE_BLOCK_VALUE,1:200,,,,NOR-011,DWG-TB-S011-001,calc_pdf_p13,DWG-S011,HIGH,UNVERIFIED,DRAWING_ONLY,CANDIDATE_ONLY,,,,GOLDEN_ELIGIBLE,Title block field '旭高架橋 Aランプ PU15ｰAR2'.
DR-789,ENT-LINE-ACL,drawing,drawing.title_block.DWG-TB-S012-001,TITLE_BLOCK_VALUE,1:100,,,,NOR-011,DWG-TB-S012-001,calc_pdf_p14,DWG-S012,HIGH,UNVERIFIED,DRAWING_ONLY,CANDIDATE_ONLY,,,,GOLDEN_ELIGIBLE,Title block field '旭高架橋 Aランプ PU15ｰAR2'.
DR-790,ENT-GIRDER-AG1,drawing,drawing.title_block.DWG-TB-S013-001,TITLE_BLOCK_VALUE,図示,,,,NOR-011,DWG-TB-S013-001,calc_pdf_p15,DWG-S013,HIGH,UNVERIFIED,DRAWING_ONLY,CANDIDATE_ONLY,,,,GOLDEN_ELIGIBLE,Title block field '旭高架橋 Aランプ PU15ｰAR2'.
DR-791,ENT-GIRDER-AG2,drawing,drawing.title_block.DWG-TB-S014-001,TITLE_BLOCK_VALUE,図示,,,,NOR-011,DWG-TB-S014-001,calc_pdf_p16,DWG-S014,HIGH,UNVERIFIED,DRAWING_ONLY,CANDIDATE_ONLY,,,,GOLDEN_ELIGIBLE,Title block field '旭高架橋 Aランプ PU15ｰAR2'.
DR-792,ENT-DECK,drawing,drawing.title_block.DWG-TB-S015-001,TITLE_BLOCK_VALUE,図示,,,,NOR-011,DWG-TB-S015-001,calc_pdf_p17,DWG-S015,HIGH,UNVERIFIED,DRAWING_ONLY,CANDIDATE_ONLY,,,,GOLDEN_ELIGIBLE,Title block field '旭高架橋 Aランプ PU15ｰAR2'.
DR-793,ENT-DECK,drawing,drawing.title_block.DWG-TB-S016-001,TITLE_BLOCK_VALUE,図示,,,,NOR-011,DWG-TB-S016-001,calc_pdf_p18,DWG-S016,HIGH,UNVERIFIED,DRAWING_ONLY,CANDIDATE_ONLY,,,,GOLDEN_ELIGIBLE,Title block field '旭高架橋 Aランプ PU15ｰAR2'.
DR-794,ENT-LINE-ACL,drawing,drawing.title_block.DWG-TB-S017-001,TITLE_BLOCK_VALUE,1:20,,,,NOR-011,DWG-TB-S017-001,calc_pdf_p19,DWG-S017,HIGH,UNVERIFIED,DRAWING_ONLY,CANDIDATE_ONLY,,,,GOLDEN_ELIGIBLE,Title block field '旭高架橋 Aランプ PU15ｰAR2'.
DR-795,ENT-LINE-ACL,drawing,drawing.title_block.DWG-TB-S018-001,TITLE_BLOCK_VALUE,1:10,,,,NOR-011,DWG-TB-S018-001,calc_pdf_p20,DWG-S018,HIGH,UNVERIFIED,DRAWING_ONLY,CANDIDATE_ONLY,,,,GOLDEN_ELIGIBLE,Title block field '旭高架橋 Aランプ PU15ｰAR2'.
DR-796,ENT-LINE-ACL,drawing,drawing.title_block.DWG-TB-S019-001,TITLE_BLOCK_VALUE,1:10,,,,NOR-011,DWG-TB-S019-001,calc_pdf_p21,DWG-S019,HIGH,UNVERIFIED,DRAWING_ONLY,CANDIDATE_ONLY,,,,GOLDEN_ELIGIBLE,Title block field '旭高架橋 Aランプ PU15ｰAR2'.
DR-797,ENT-LINE-ACL,drawing,drawing.title_block.DWG-TB-S020-001,TITLE_BLOCK_VALUE,図示,,,,NOR-011,DWG-TB-S020-001,calc_pdf_p22,DWG-S020,HIGH,UNVERIFIED,DRAWING_ONLY,CANDIDATE_ONLY,,,,GOLDEN_ELIGIBLE,Title block field '旭高架橋 Aランプ PU15ｰAR2'.
DR-798,ENT-GIRDER-AG1,drawing,drawing.title_block.DWG-TB-S021-001,TITLE_BLOCK_VALUE,1:30,,,,NOR-011,DWG-TB-S021-001,calc_pdf_p23,DWG-S021,HIGH,UNVERIFIED,DRAWING_ONLY,CANDIDATE_ONLY,,,,GOLDEN_ELIGIBLE,Title block field '旭高架橋 Aランプ PU15ｰAR2'.
DR-799,ENT-GIRDER-AG1,drawing,drawing.title_block.DWG-TB-S022-001,TITLE_BLOCK_VALUE,1:30,,,,NOR-011,DWG-TB-S022-001,calc_pdf_p24,DWG-S022,HIGH,UNVERIFIED,DRAWING_ONLY,CANDIDATE_ONLY,,,,GOLDEN_ELIGIBLE,Title block field '旭高架橋 Aランプ PU15ｰAR2'.
DR-800,ENT-GIRDER-AG1,drawing,drawing.title_block.DWG-TB-S023-001,TITLE_BLOCK_VALUE,1:30,,,,NOR-011,DWG-TB-S023-001,calc_pdf_p25,DWG-S023,HIGH,UNVERIFIED,DRAWING_ONLY,CANDIDATE_ONLY,,,,GOLDEN_ELIGIBLE,Title block field '旭高架橋 Aランプ PU15ｰAR2'.
DR-801,ENT-GIRDER-AG1,drawing,drawing.title_block.DWG-TB-S024-001,TITLE_BLOCK_VALUE,1:30,,,,NOR-011,DWG-TB-S024-001,calc_pdf_p26,DWG-S024,HIGH,UNVERIFIED,DRAWING_ONLY,CANDIDATE_ONLY,,,,GOLDEN_ELIGIBLE,Title block field '旭高架橋 Aランプ PU15ｰAR2'.
DR-802,ENT-GIRDER-AG1,drawing,drawing.title_block.DWG-TB-S025-001,TITLE_BLOCK_VALUE,1:30,,,,NOR-011,DWG-TB-S025-001,calc_pdf_p27,DWG-S025,HIGH,UNVERIFIED,DRAWING_ONLY,CANDIDATE_ONLY,,,,GOLDEN_ELIGIBLE,Title block field '旭高架橋 Aランプ PU15ｰAR2'.
DR-803,ENT-GIRDER-AG1,drawing,drawing.title_block.DWG-TB-S026-001,TITLE_BLOCK_VALUE,1:30,,,,NOR-011,DWG-TB-S026-001,calc_pdf_p28,DWG-S026,HIGH,UNVERIFIED,DRAWING_ONLY,CANDIDATE_ONLY,,,,GOLDEN_ELIGIBLE,Title block field '旭高架橋 Aランプ PU15ｰAR2'.
DR-804,ENT-GIRDER-AG1,drawing,drawing.title_block.DWG-TB-S027-001,TITLE_BLOCK_VALUE,1:30,,,,NOR-011,DWG-TB-S027-001,calc_pdf_p29,DWG-S027,HIGH,UNVERIFIED,DRAWING_ONLY,CANDIDATE_ONLY,,,,GOLDEN_ELIGIBLE,Title block field '旭高架橋 Aランプ PU15ｰAR2'.
DR-805,ENT-GIRDER-AG1,drawing,drawing.title_block.DWG-TB-S028-001,TITLE_BLOCK_VALUE,1:30,,,,NOR-011,DWG-TB-S028-001,calc_pdf_p30,DWG-S028,HIGH,UNVERIFIED,DRAWING_ONLY,CANDIDATE_ONLY,,,,GOLDEN_ELIGIBLE,Title block field '旭高架橋 Aランプ PU15ｰAR2'.
DR-806,ENT-GIRDER-AG1,drawing,drawing.title_block.DWG-TB-S029-001,TITLE_BLOCK_VALUE,1:30,,,,NOR-011,DWG-TB-S029-001,calc_pdf_p31,DWG-S029,HIGH,UNVERIFIED,DRAWING_ONLY,CANDIDATE_ONLY,,,,GOLDEN_ELIGIBLE,Title block field '旭高架橋 Aランプ PU15ｰAR2'.
DR-807,ENT-GIRDER-AG2,drawing,drawing.title_block.DWG-TB-S030-001,TITLE_BLOCK_VALUE,1:30,,,,NOR-011,DWG-TB-S030-001,calc_pdf_p32,DWG-S030,HIGH,UNVERIFIED,DRAWING_ONLY,CANDIDATE_ONLY,,,,GOLDEN_ELIGIBLE,Title block field '旭高架橋 Aランプ PU15ｰAR2'.
DR-808,ENT-GIRDER-AG2,drawing,drawing.title_block.DWG-TB-S031-001,TITLE_BLOCK_VALUE,1:30,,,,NOR-011,DWG-TB-S031-001,calc_pdf_p33,DWG-S031,HIGH,UNVERIFIED,DRAWING_ONLY,CANDIDATE_ONLY,,,,GOLDEN_ELIGIBLE,Title block field '旭高架橋 Aランプ PU15ｰAR2'.
DR-809,ENT-GIRDER-AG2,drawing,drawing.title_block.DWG-TB-S032-001,TITLE_BLOCK_VALUE,1:30,,,,NOR-011,DWG-TB-S032-001,calc_pdf_p34,DWG-S032,HIGH,UNVERIFIED,DRAWING_ONLY,CANDIDATE_ONLY,,,,GOLDEN_ELIGIBLE,Title block field '旭高架橋 Aランプ PU15ｰAR2'.
DR-810,ENT-GIRDER-AG2,drawing,drawing.title_block.DWG-TB-S033-001,TITLE_BLOCK_VALUE,1:30,,,,NOR-011,DWG-TB-S033-001,calc_pdf_p35,DWG-S033,HIGH,UNVERIFIED,DRAWING_ONLY,CANDIDATE_ONLY,,,,GOLDEN_ELIGIBLE,Title block field '旭高架橋 Aランプ PU15ｰAR2'.
DR-811,ENT-GIRDER-AG2,drawing,drawing.title_block.DWG-TB-S034-001,TITLE_BLOCK_VALUE,1:30,,,,NOR-011,DWG-TB-S034-001,calc_pdf_p36,DWG-S034,HIGH,UNVERIFIED,DRAWING_ONLY,CANDIDATE_ONLY,,,,GOLDEN_ELIGIBLE,Title block field '旭高架橋 Aランプ PU15ｰAR2'.
DR-812,ENT-GIRDER-AG2,drawing,drawing.title_block.DWG-TB-S035-001,TITLE_BLOCK_VALUE,1:30,,,,NOR-011,DWG-TB-S035-001,calc_pdf_p37,DWG-S035,HIGH,UNVERIFIED,DRAWING_ONLY,CANDIDATE_ONLY,,,,GOLDEN_ELIGIBLE,Title block field '旭高架橋 Aランプ PU15ｰAR2'.
DR-813,ENT-GIRDER-AG2,drawing,drawing.title_block.DWG-TB-S036-001,TITLE_BLOCK_VALUE,1:30,,,,NOR-011,DWG-TB-S036-001,calc_pdf_p38,DWG-S036,HIGH,UNVERIFIED,DRAWING_ONLY,CANDIDATE_ONLY,,,,GOLDEN_ELIGIBLE,Title block field '旭高架橋 Aランプ PU15ｰAR2'.
DR-814,ENT-GIRDER-AG2,drawing,drawing.title_block.DWG-TB-S037-001,TITLE_BLOCK_VALUE,1:30,,,,NOR-011,DWG-TB-S037-001,calc_pdf_p39,DWG-S037,HIGH,UNVERIFIED,DRAWING_ONLY,CANDIDATE_ONLY,,,,GOLDEN_ELIGIBLE,Title block field '旭高架橋 Aランプ PU15ｰAR2'.
DR-815,ENT-GIRDER-AG2,drawing,drawing.title_block.DWG-TB-S038-001,TITLE_BLOCK_VALUE,1:30,,,,NOR-011,DWG-TB-S038-001,calc_pdf_p40,DWG-S038,HIGH,UNVERIFIED,DRAWING_ONLY,CANDIDATE_ONLY,,,,GOLDEN_ELIGIBLE,Title block field '旭高架橋 Aランプ PU15ｰAR2'.
DR-816,ENT-STUD,drawing,drawing.title_block.DWG-TB-S039-001,TITLE_BLOCK_VALUE,1:30,,,,NOR-011,DWG-TB-S039-001,calc_pdf_p41,DWG-S039,HIGH,UNVERIFIED,DRAWING_ONLY,CANDIDATE_ONLY,,,,GOLDEN_ELIGIBLE,Title block field '旭高架橋 Aランプ PU15ｰAR2'.
DR-817,ENT-STUD,drawing,drawing.title_block.DWG-TB-S040-001,TITLE_BLOCK_VALUE,1:30,,,,NOR-011,DWG-TB-S040-001,calc_pdf_p42,DWG-S040,HIGH,UNVERIFIED,DRAWING_ONLY,CANDIDATE_ONLY,,,,GOLDEN_ELIGIBLE,Title block field '旭高架橋 Aランプ PU15ｰAR2'.
DR-818,ENT-STUD,drawing,drawing.title_block.DWG-TB-S041-001,TITLE_BLOCK_VALUE,1:30,,,,NOR-011,DWG-TB-S041-001,calc_pdf_p43,DWG-S041,HIGH,UNVERIFIED,DRAWING_ONLY,CANDIDATE_ONLY,,,,GOLDEN_ELIGIBLE,Title block field '旭高架橋 Aランプ PU15ｰAR2'.
DR-819,ENT-STUD,drawing,drawing.title_block.DWG-TB-S042-001,TITLE_BLOCK_VALUE,1:30,,,,NOR-011,DWG-TB-S042-001,calc_pdf_p44,DWG-S042,HIGH,UNVERIFIED,DRAWING_ONLY,CANDIDATE_ONLY,,,,GOLDEN_ELIGIBLE,Title block field '旭高架橋 Aランプ PU15ｰAR2'.
DR-820,ENT-STUD,drawing,drawing.title_block.DWG-TB-S043-001,TITLE_BLOCK_VALUE,1:30,,,,NOR-011,DWG-TB-S043-001,calc_pdf_p45,DWG-S043,HIGH,UNVERIFIED,DRAWING_ONLY,CANDIDATE_ONLY,,,,GOLDEN_ELIGIBLE,Title block field '旭高架橋 Aランプ PU15ｰAR2'.
DR-821,ENT-STUD,drawing,drawing.title_block.DWG-TB-S044-001,TITLE_BLOCK_VALUE,1:30,,,,NOR-011,DWG-TB-S044-001,calc_pdf_p46,DWG-S044,HIGH,UNVERIFIED,DRAWING_ONLY,CANDIDATE_ONLY,,,,GOLDEN_ELIGIBLE,Title block field '旭高架橋 Aランプ PU15ｰAR2'.
DR-1259,ENT-XBEAM-GE1,drawing,drawing.title_block.DWG-TB-S045-001,TITLE_BLOCK_VALUE,旭高架橋 Aランプ,,,,NOR-011,DWG-TB-S045-001,calc_pdf_p47,DWG-S045,HIGH,UNVERIFIED,DRAWING_ONLY,CANDIDATE_ONLY,,,,GOLDEN_ELIGIBLE,Title block field 'bridge_name'.
DR-1260,ENT-XBEAM-GE1,drawing,drawing.title_block.DWG-TB-S045-002,TITLE_BLOCK_VALUE,PU15ｰAR2,,,,NOR-011,DWG-TB-S045-002,calc_pdf_p47,DWG-S045,HIGH,UNVERIFIED,DRAWING_ONLY,CANDIDATE_ONLY,,,,GOLDEN_ELIGIBLE,Title block field 'girder_ref'.
DR-1261,ENT-XBEAM-GE1,drawing,drawing.title_block.DWG-TB-S045-003,TITLE_BLOCK_VALUE,端横桁(その1),,,,NOR-011,DWG-TB-S045-003,calc_pdf_p47,DWG-S045,HIGH,UNVERIFIED,DRAWING_ONLY,CANDIDATE_ONLY,,,,GOLDEN_ELIGIBLE,Title block field 'drawing_title'.
DR-1262,ENT-XBEAM-GE1,drawing,drawing.title_block.DWG-TB-S045-004,TITLE_BLOCK_VALUE,その1,,,,NOR-011,DWG-TB-S045-004,calc_pdf_p47,DWG-S045,HIGH,UNVERIFIED,DRAWING_ONLY,CANDIDATE_ONLY,,,,GOLDEN_ELIGIBLE,Title block field 'sheet_suffix'.
DR-1263,ENT-XBEAM-GE1,drawing,drawing.title_block.DWG-TB-S045-005,TITLE_BLOCK_VALUE,end_cross_beam,,,,NOR-011,DWG-TB-S045-005,calc_pdf_p47,DWG-S045,HIGH,UNVERIFIED,DRAWING_ONLY,CANDIDATE_ONLY,,,,GOLDEN_ELIGIBLE,Title block field 'drawing_group'.
DR-1264,ENT-XBEAM-GE1,drawing,drawing.title_block.DWG-TB-S045-006,TITLE_BLOCK_VALUE,S=1:30,,,,NOR-011,DWG-TB-S045-006,calc_pdf_p47,DWG-S045,HIGH,UNVERIFIED,DRAWING_ONLY,CANDIDATE_ONLY,,,,GOLDEN_ELIGIBLE,Title block field 'scale'.
DR-1265,ENT-XBEAM-GE1,drawing,drawing.title_block.DWG-TB-S046-001,TITLE_BLOCK_VALUE,旭高架橋 Aランプ,,,,NOR-011,DWG-TB-S046-001,calc_pdf_p48,DWG-S046,HIGH,UNVERIFIED,DRAWING_ONLY,CANDIDATE_ONLY,,,,GOLDEN_ELIGIBLE,Title block field 'bridge_name'.
DR-1266,ENT-XBEAM-GE1,drawing,drawing.title_block.DWG-TB-S046-002,TITLE_BLOCK_VALUE,PU15ｰAR2,,,,NOR-011,DWG-TB-S046-002,calc_pdf_p48,DWG-S046,HIGH,UNVERIFIED,DRAWING_ONLY,CANDIDATE_ONLY,,,,GOLDEN_ELIGIBLE,Title block field 'girder_ref'.
DR-1267,ENT-XBEAM-GE1,drawing,drawing.title_block.DWG-TB-S046-003,TITLE_BLOCK_VALUE,端横桁(その2),,,,NOR-011,DWG-TB-S046-003,calc_pdf_p48,DWG-S046,HIGH,UNVERIFIED,DRAWING_ONLY,CANDIDATE_ONLY,,,,GOLDEN_ELIGIBLE,Title block field 'drawing_title'.
DR-1268,ENT-XBEAM-GE1,drawing,drawing.title_block.DWG-TB-S046-004,TITLE_BLOCK_VALUE,その2,,,,NOR-011,DWG-TB-S046-004,calc_pdf_p48,DWG-S046,HIGH,UNVERIFIED,DRAWING_ONLY,CANDIDATE_ONLY,,,,GOLDEN_ELIGIBLE,Title block field 'sheet_suffix'.
DR-1269,ENT-XBEAM-GE1,drawing,drawing.title_block.DWG-TB-S046-005,TITLE_BLOCK_VALUE,end_cross_beam,,,,NOR-011,DWG-TB-S046-005,calc_pdf_p48,DWG-S046,HIGH,UNVERIFIED,DRAWING_ONLY,CANDIDATE_ONLY,,,,GOLDEN_ELIGIBLE,Title block field 'drawing_group'.
DR-1270,ENT-XBEAM-GE1,drawing,drawing.title_block.DWG-TB-S046-006,TITLE_BLOCK_VALUE,S=1:30,,,,NOR-011,DWG-TB-S046-006,calc_pdf_p48,DWG-S046,HIGH,UNVERIFIED,DRAWING_ONLY,CANDIDATE_ONLY,,,,GOLDEN_ELIGIBLE,Title block field 'scale'.
DR-1271,ENT-XBEAM-GE1,drawing,drawing.title_block.DWG-TB-S047-001,TITLE_BLOCK_VALUE,旭高架橋 Aランプ,,,,NOR-011,DWG-TB-S047-001,calc_pdf_p49,DWG-S047,HIGH,UNVERIFIED,DRAWING_ONLY,CANDIDATE_ONLY,,,,GOLDEN_ELIGIBLE,Title block field 'bridge_name'.
DR-1272,ENT-XBEAM-GE1,drawing,drawing.title_block.DWG-TB-S047-002,TITLE_BLOCK_VALUE,PU15ｰAR2,,,,NOR-011,DWG-TB-S047-002,calc_pdf_p49,DWG-S047,HIGH,UNVERIFIED,DRAWING_ONLY,CANDIDATE_ONLY,,,,GOLDEN_ELIGIBLE,Title block field 'girder_ref'.
DR-1273,ENT-XBEAM-GE1,drawing,drawing.title_block.DWG-TB-S047-003,TITLE_BLOCK_VALUE,中間支点横桁(その1),,,,NOR-011,DWG-TB-S047-003,calc_pdf_p49,DWG-S047,HIGH,UNVERIFIED,DRAWING_ONLY,CANDIDATE_ONLY,,,,GOLDEN_ELIGIBLE,Title block field 'drawing_title'.
DR-1274,ENT-XBEAM-GE1,drawing,drawing.title_block.DWG-TB-S047-004,TITLE_BLOCK_VALUE,その1,,,,NOR-011,DWG-TB-S047-004,calc_pdf_p49,DWG-S047,HIGH,UNVERIFIED,DRAWING_ONLY,CANDIDATE_ONLY,,,,GOLDEN_ELIGIBLE,Title block field 'sheet_suffix'.
DR-1275,ENT-XBEAM-GE1,drawing,drawing.title_block.DWG-TB-S047-005,TITLE_BLOCK_VALUE,pier_cross_beam,,,,NOR-011,DWG-TB-S047-005,calc_pdf_p49,DWG-S047,HIGH,UNVERIFIED,DRAWING_ONLY,CANDIDATE_ONLY,,,,GOLDEN_ELIGIBLE,Title block field 'drawing_group'.
DR-1276,ENT-XBEAM-GE1,drawing,drawing.title_block.DWG-TB-S047-006,TITLE_BLOCK_VALUE,S=1:30,,,,NOR-011,DWG-TB-S047-006,calc_pdf_p49,DWG-S047,HIGH,UNVERIFIED,DRAWING_ONLY,CANDIDATE_ONLY,,,,GOLDEN_ELIGIBLE,Title block field 'scale'.
DR-1277,ENT-XBEAM-GE1,drawing,drawing.title_block.DWG-TB-S048-001,TITLE_BLOCK_VALUE,旭高架橋 Aランプ,,,,NOR-011,DWG-TB-S048-001,calc_pdf_p50,DWG-S048,HIGH,UNVERIFIED,DRAWING_ONLY,CANDIDATE_ONLY,,,,GOLDEN_ELIGIBLE,Title block field 'bridge_name'.
DR-1278,ENT-XBEAM-GE1,drawing,drawing.title_block.DWG-TB-S048-002,TITLE_BLOCK_VALUE,PU15ｰAR2,,,,NOR-011,DWG-TB-S048-002,calc_pdf_p50,DWG-S048,HIGH,UNVERIFIED,DRAWING_ONLY,CANDIDATE_ONLY,,,,GOLDEN_ELIGIBLE,Title block field 'girder_ref'.
DR-1279,ENT-XBEAM-GE1,drawing,drawing.title_block.DWG-TB-S048-003,TITLE_BLOCK_VALUE,中間支点横桁(その2),,,,NOR-011,DWG-TB-S048-003,calc_pdf_p50,DWG-S048,HIGH,UNVERIFIED,DRAWING_ONLY,CANDIDATE_ONLY,,,,GOLDEN_ELIGIBLE,Title block field 'drawing_title'.
DR-1280,ENT-XBEAM-GE1,drawing,drawing.title_block.DWG-TB-S048-004,TITLE_BLOCK_VALUE,その2,,,,NOR-011,DWG-TB-S048-004,calc_pdf_p50,DWG-S048,HIGH,UNVERIFIED,DRAWING_ONLY,CANDIDATE_ONLY,,,,GOLDEN_ELIGIBLE,Title block field 'sheet_suffix'.
DR-1281,ENT-XBEAM-GE1,drawing,drawing.title_block.DWG-TB-S048-005,TITLE_BLOCK_VALUE,pier_cross_beam,,,,NOR-011,DWG-TB-S048-005,calc_pdf_p50,DWG-S048,HIGH,UNVERIFIED,DRAWING_ONLY,CANDIDATE_ONLY,,,,GOLDEN_ELIGIBLE,Title block field 'drawing_group'.
DR-1282,ENT-XBEAM-GE1,drawing,drawing.title_block.DWG-TB-S048-006,TITLE_BLOCK_VALUE,S=1:30,,,,NOR-011,DWG-TB-S048-006,calc_pdf_p50,DWG-S048,HIGH,UNVERIFIED,DRAWING_ONLY,CANDIDATE_ONLY,,,,GOLDEN_ELIGIBLE,Title block field 'scale'.
DR-1283,ENT-XBEAM-C1C7,drawing,drawing.title_block.DWG-TB-S049-001,TITLE_BLOCK_VALUE,旭高架橋 Aランプ,,,,NOR-011,DWG-TB-S049-001,calc_pdf_p51,DWG-S049,HIGH,UNVERIFIED,DRAWING_ONLY,CANDIDATE_ONLY,,,,GOLDEN_ELIGIBLE,Title block field 'bridge_name'.
DR-1284,ENT-XBEAM-C1C7,drawing,drawing.title_block.DWG-TB-S049-002,TITLE_BLOCK_VALUE,PU15ｰAR2,,,,NOR-011,DWG-TB-S049-002,calc_pdf_p51,DWG-S049,HIGH,UNVERIFIED,DRAWING_ONLY,CANDIDATE_ONLY,,,,GOLDEN_ELIGIBLE,Title block field 'girder_ref'.
DR-1285,ENT-XBEAM-C1C7,drawing,drawing.title_block.DWG-TB-S049-003,TITLE_BLOCK_VALUE,中間横桁(その1),,,,NOR-011,DWG-TB-S049-003,calc_pdf_p51,DWG-S049,HIGH,UNVERIFIED,DRAWING_ONLY,CANDIDATE_ONLY,,,,GOLDEN_ELIGIBLE,Title block field 'drawing_title'.
DR-1286,ENT-XBEAM-C1C7,drawing,drawing.title_block.DWG-TB-S049-004,TITLE_BLOCK_VALUE,その1,,,,NOR-011,DWG-TB-S049-004,calc_pdf_p51,DWG-S049,HIGH,UNVERIFIED,DRAWING_ONLY,CANDIDATE_ONLY,,,,GOLDEN_ELIGIBLE,Title block field 'sheet_suffix'.
DR-1287,ENT-XBEAM-C1C7,drawing,drawing.title_block.DWG-TB-S049-005,TITLE_BLOCK_VALUE,intermediate_cross_beam,,,,NOR-011,DWG-TB-S049-005,calc_pdf_p51,DWG-S049,HIGH,UNVERIFIED,DRAWING_ONLY,CANDIDATE_ONLY,,,,GOLDEN_ELIGIBLE,Title block field 'drawing_group'.
DR-1288,ENT-XBEAM-C1C7,drawing,drawing.title_block.DWG-TB-S049-006,TITLE_BLOCK_VALUE,S=1:30,,,,NOR-011,DWG-TB-S049-006,calc_pdf_p51,DWG-S049,HIGH,UNVERIFIED,DRAWING_ONLY,CANDIDATE_ONLY,,,,GOLDEN_ELIGIBLE,Title block field 'scale'.
DR-1289,ENT-XBEAM-C1C7,drawing,drawing.title_block.DWG-TB-S050-001,TITLE_BLOCK_VALUE,旭高架橋 Aランプ,,,,NOR-011,DWG-TB-S050-001,calc_pdf_p52,DWG-S050,HIGH,UNVERIFIED,DRAWING_ONLY,CANDIDATE_ONLY,,,,GOLDEN_ELIGIBLE,Title block field 'bridge_name'.
DR-1290,ENT-XBEAM-C1C7,drawing,drawing.title_block.DWG-TB-S050-002,TITLE_BLOCK_VALUE,PU15ｰAR2,,,,NOR-011,DWG-TB-S050-002,calc_pdf_p52,DWG-S050,HIGH,UNVERIFIED,DRAWING_ONLY,CANDIDATE_ONLY,,,,GOLDEN_ELIGIBLE,Title block field 'girder_ref'.
DR-1291,ENT-XBEAM-C1C7,drawing,drawing.title_block.DWG-TB-S050-003,TITLE_BLOCK_VALUE,中間横桁(その2),,,,NOR-011,DWG-TB-S050-003,calc_pdf_p52,DWG-S050,HIGH,UNVERIFIED,DRAWING_ONLY,CANDIDATE_ONLY,,,,GOLDEN_ELIGIBLE,Title block field 'drawing_title'.
DR-1292,ENT-XBEAM-C1C7,drawing,drawing.title_block.DWG-TB-S050-004,TITLE_BLOCK_VALUE,その2,,,,NOR-011,DWG-TB-S050-004,calc_pdf_p52,DWG-S050,HIGH,UNVERIFIED,DRAWING_ONLY,CANDIDATE_ONLY,,,,GOLDEN_ELIGIBLE,Title block field 'sheet_suffix'.
DR-1293,ENT-XBEAM-C1C7,drawing,drawing.title_block.DWG-TB-S050-005,TITLE_BLOCK_VALUE,intermediate_cross_beam,,,,NOR-011,DWG-TB-S050-005,calc_pdf_p52,DWG-S050,HIGH,UNVERIFIED,DRAWING_ONLY,CANDIDATE_ONLY,,,,GOLDEN_ELIGIBLE,Title block field 'drawing_group'.
DR-1294,ENT-XBEAM-C1C7,drawing,drawing.title_block.DWG-TB-S050-006,TITLE_BLOCK_VALUE,S=1:30,,,,NOR-011,DWG-TB-S050-006,calc_pdf_p52,DWG-S050,HIGH,UNVERIFIED,DRAWING_ONLY,CANDIDATE_ONLY,,,,GOLDEN_ELIGIBLE,Title block field 'scale'.
DR-1295,ENT-XBEAM-C1C7,drawing,drawing.title_block.DWG-TB-S051-001,TITLE_BLOCK_VALUE,旭高架橋 Aランプ,,,,NOR-011,DWG-TB-S051-001,calc_pdf_p53,DWG-S051,HIGH,UNVERIFIED,DRAWING_ONLY,CANDIDATE_ONLY,,,,GOLDEN_ELIGIBLE,Title block field 'bridge_name'.
DR-1296,ENT-XBEAM-C1C7,drawing,drawing.title_block.DWG-TB-S051-002,TITLE_BLOCK_VALUE,PU15ｰAR2,,,,NOR-011,DWG-TB-S051-002,calc_pdf_p53,DWG-S051,HIGH,UNVERIFIED,DRAWING_ONLY,CANDIDATE_ONLY,,,,GOLDEN_ELIGIBLE,Title block field 'girder_ref'.
DR-1297,ENT-XBEAM-C1C7,drawing,drawing.title_block.DWG-TB-S051-003,TITLE_BLOCK_VALUE,中間横桁(その3),,,,NOR-011,DWG-TB-S051-003,calc_pdf_p53,DWG-S051,HIGH,UNVERIFIED,DRAWING_ONLY,CANDIDATE_ONLY,,,,GOLDEN_ELIGIBLE,Title block field 'drawing_title'.
DR-1298,ENT-XBEAM-C1C7,drawing,drawing.title_block.DWG-TB-S051-004,TITLE_BLOCK_VALUE,その3,,,,NOR-011,DWG-TB-S051-004,calc_pdf_p53,DWG-S051,HIGH,UNVERIFIED,DRAWING_ONLY,CANDIDATE_ONLY,,,,GOLDEN_ELIGIBLE,Title block field 'sheet_suffix'.
DR-1299,ENT-XBEAM-C1C7,drawing,drawing.title_block.DWG-TB-S051-005,TITLE_BLOCK_VALUE,intermediate_cross_beam,,,,NOR-011,DWG-TB-S051-005,calc_pdf_p53,DWG-S051,HIGH,UNVERIFIED,DRAWING_ONLY,CANDIDATE_ONLY,,,,GOLDEN_ELIGIBLE,Title block field 'drawing_group'.
DR-1300,ENT-XBEAM-C1C7,drawing,drawing.title_block.DWG-TB-S051-006,TITLE_BLOCK_VALUE,S=1:30,,,,NOR-011,DWG-TB-S051-006,calc_pdf_p53,DWG-S051,HIGH,UNVERIFIED,DRAWING_ONLY,CANDIDATE_ONLY,,,,GOLDEN_ELIGIBLE,Title block field 'scale'.
DR-1301,ENT-XBEAM-C1C7,drawing,drawing.title_block.DWG-TB-S052-001,TITLE_BLOCK_VALUE,旭高架橋 Aランプ,,,,NOR-011,DWG-TB-S052-001,calc_pdf_p54,DWG-S052,HIGH,UNVERIFIED,DRAWING_ONLY,CANDIDATE_ONLY,,,,GOLDEN_ELIGIBLE,Title block field 'bridge_name'.
DR-1302,ENT-XBEAM-C1C7,drawing,drawing.title_block.DWG-TB-S052-002,TITLE_BLOCK_VALUE,PU15ｰAR2,,,,NOR-011,DWG-TB-S052-002,calc_pdf_p54,DWG-S052,HIGH,UNVERIFIED,DRAWING_ONLY,CANDIDATE_ONLY,,,,GOLDEN_ELIGIBLE,Title block field 'girder_ref'.
DR-1303,ENT-XBEAM-C1C7,drawing,drawing.title_block.DWG-TB-S052-003,TITLE_BLOCK_VALUE,中間横桁(その4),,,,NOR-011,DWG-TB-S052-003,calc_pdf_p54,DWG-S052,HIGH,UNVERIFIED,DRAWING_ONLY,CANDIDATE_ONLY,,,,GOLDEN_ELIGIBLE,Title block field 'drawing_title'.
DR-1304,ENT-XBEAM-C1C7,drawing,drawing.title_block.DWG-TB-S052-004,TITLE_BLOCK_VALUE,その4,,,,NOR-011,DWG-TB-S052-004,calc_pdf_p54,DWG-S052,HIGH,UNVERIFIED,DRAWING_ONLY,CANDIDATE_ONLY,,,,GOLDEN_ELIGIBLE,Title block field 'sheet_suffix'.
DR-1305,ENT-XBEAM-C1C7,drawing,drawing.title_block.DWG-TB-S052-005,TITLE_BLOCK_VALUE,intermediate_cross_beam,,,,NOR-011,DWG-TB-S052-005,calc_pdf_p54,DWG-S052,HIGH,UNVERIFIED,DRAWING_ONLY,CANDIDATE_ONLY,,,,GOLDEN_ELIGIBLE,Title block field 'drawing_group'.
DR-1306,ENT-XBEAM-C1C7,drawing,drawing.title_block.DWG-TB-S052-006,TITLE_BLOCK_VALUE,S=1:30,,,,NOR-011,DWG-TB-S052-006,calc_pdf_p54,DWG-S052,HIGH,UNVERIFIED,DRAWING_ONLY,CANDIDATE_ONLY,,,,GOLDEN_ELIGIBLE,Title block field 'scale'.
DR-1307,ENT-XBEAM-C1C7,drawing,drawing.title_block.DWG-TB-S053-001,TITLE_BLOCK_VALUE,旭高架橋 Aランプ,,,,NOR-011,DWG-TB-S053-001,calc_pdf_p55,DWG-S053,HIGH,UNVERIFIED,DRAWING_ONLY,CANDIDATE_ONLY,,,,GOLDEN_ELIGIBLE,Title block field 'bridge_name'.
DR-1308,ENT-XBEAM-C1C7,drawing,drawing.title_block.DWG-TB-S053-002,TITLE_BLOCK_VALUE,PU15ｰAR2,,,,NOR-011,DWG-TB-S053-002,calc_pdf_p55,DWG-S053,HIGH,UNVERIFIED,DRAWING_ONLY,CANDIDATE_ONLY,,,,GOLDEN_ELIGIBLE,Title block field 'girder_ref'.
DR-1309,ENT-XBEAM-C1C7,drawing,drawing.title_block.DWG-TB-S053-003,TITLE_BLOCK_VALUE,中間横桁(その5),,,,NOR-011,DWG-TB-S053-003,calc_pdf_p55,DWG-S053,HIGH,UNVERIFIED,DRAWING_ONLY,CANDIDATE_ONLY,,,,GOLDEN_ELIGIBLE,Title block field 'drawing_title'.
DR-1310,ENT-XBEAM-C1C7,drawing,drawing.title_block.DWG-TB-S053-004,TITLE_BLOCK_VALUE,その5,,,,NOR-011,DWG-TB-S053-004,calc_pdf_p55,DWG-S053,HIGH,UNVERIFIED,DRAWING_ONLY,CANDIDATE_ONLY,,,,GOLDEN_ELIGIBLE,Title block field 'sheet_suffix'.
DR-1311,ENT-XBEAM-C1C7,drawing,drawing.title_block.DWG-TB-S053-005,TITLE_BLOCK_VALUE,intermediate_cross_beam,,,,NOR-011,DWG-TB-S053-005,calc_pdf_p55,DWG-S053,HIGH,UNVERIFIED,DRAWING_ONLY,CANDIDATE_ONLY,,,,GOLDEN_ELIGIBLE,Title block field 'drawing_group'.
DR-1312,ENT-XBEAM-C1C7,drawing,drawing.title_block.DWG-TB-S053-006,TITLE_BLOCK_VALUE,S=1:30,,,,NOR-011,DWG-TB-S053-006,calc_pdf_p55,DWG-S053,HIGH,UNVERIFIED,DRAWING_ONLY,CANDIDATE_ONLY,,,,GOLDEN_ELIGIBLE,Title block field 'scale'.
DR-1313,ENT-XBEAM-C1C7,drawing,drawing.title_block.DWG-TB-S054-001,TITLE_BLOCK_VALUE,旭高架橋 Aランプ,,,,NOR-011,DWG-TB-S054-001,calc_pdf_p56,DWG-S054,HIGH,UNVERIFIED,DRAWING_ONLY,CANDIDATE_ONLY,,,,GOLDEN_ELIGIBLE,Title block field 'bridge_name'.
DR-1314,ENT-XBEAM-C1C7,drawing,drawing.title_block.DWG-TB-S054-002,TITLE_BLOCK_VALUE,PU15ｰAR2,,,,NOR-011,DWG-TB-S054-002,calc_pdf_p56,DWG-S054,HIGH,UNVERIFIED,DRAWING_ONLY,CANDIDATE_ONLY,,,,GOLDEN_ELIGIBLE,Title block field 'girder_ref'.
DR-1315,ENT-XBEAM-C1C7,drawing,drawing.title_block.DWG-TB-S054-003,TITLE_BLOCK_VALUE,中間横桁(その6),,,,NOR-011,DWG-TB-S054-003,calc_pdf_p56,DWG-S054,HIGH,UNVERIFIED,DRAWING_ONLY,CANDIDATE_ONLY,,,,GOLDEN_ELIGIBLE,Title block field 'drawing_title'.
DR-1316,ENT-XBEAM-C1C7,drawing,drawing.title_block.DWG-TB-S054-004,TITLE_BLOCK_VALUE,その6,,,,NOR-011,DWG-TB-S054-004,calc_pdf_p56,DWG-S054,HIGH,UNVERIFIED,DRAWING_ONLY,CANDIDATE_ONLY,,,,GOLDEN_ELIGIBLE,Title block field 'sheet_suffix'.
DR-1317,ENT-XBEAM-C1C7,drawing,drawing.title_block.DWG-TB-S054-005,TITLE_BLOCK_VALUE,intermediate_cross_beam,,,,NOR-011,DWG-TB-S054-005,calc_pdf_p56,DWG-S054,HIGH,UNVERIFIED,DRAWING_ONLY,CANDIDATE_ONLY,,,,GOLDEN_ELIGIBLE,Title block field 'drawing_group'.
DR-1318,ENT-XBEAM-C1C7,drawing,drawing.title_block.DWG-TB-S054-006,TITLE_BLOCK_VALUE,S=1:30,,,,NOR-011,DWG-TB-S054-006,calc_pdf_p56,DWG-S054,HIGH,UNVERIFIED,DRAWING_ONLY,CANDIDATE_ONLY,,,,GOLDEN_ELIGIBLE,Title block field 'scale'.
DR-1319,ENT-XBEAM-C1C7,drawing,drawing.title_block.DWG-TB-S055-001,TITLE_BLOCK_VALUE,旭高架橋 Aランプ,,,,NOR-011,DWG-TB-S055-001,calc_pdf_p57,DWG-S055,HIGH,UNVERIFIED,DRAWING_ONLY,CANDIDATE_ONLY,,,,GOLDEN_ELIGIBLE,Title block field 'bridge_name'.
DR-1320,ENT-XBEAM-C1C7,drawing,drawing.title_block.DWG-TB-S055-002,TITLE_BLOCK_VALUE,PU15ｰAR2,,,,NOR-011,DWG-TB-S055-002,calc_pdf_p57,DWG-S055,HIGH,UNVERIFIED,DRAWING_ONLY,CANDIDATE_ONLY,,,,GOLDEN_ELIGIBLE,Title block field 'girder_ref'.
DR-1321,ENT-XBEAM-C1C7,drawing,drawing.title_block.DWG-TB-S055-003,TITLE_BLOCK_VALUE,中間横桁(その7),,,,NOR-011,DWG-TB-S055-003,calc_pdf_p57,DWG-S055,HIGH,UNVERIFIED,DRAWING_ONLY,CANDIDATE_ONLY,,,,GOLDEN_ELIGIBLE,Title block field 'drawing_title'.
DR-1322,ENT-XBEAM-C1C7,drawing,drawing.title_block.DWG-TB-S055-004,TITLE_BLOCK_VALUE,その7,,,,NOR-011,DWG-TB-S055-004,calc_pdf_p57,DWG-S055,HIGH,UNVERIFIED,DRAWING_ONLY,CANDIDATE_ONLY,,,,GOLDEN_ELIGIBLE,Title block field 'sheet_suffix'.
DR-1323,ENT-XBEAM-C1C7,drawing,drawing.title_block.DWG-TB-S055-005,TITLE_BLOCK_VALUE,intermediate_cross_beam,,,,NOR-011,DWG-TB-S055-005,calc_pdf_p57,DWG-S055,HIGH,UNVERIFIED,DRAWING_ONLY,CANDIDATE_ONLY,,,,GOLDEN_ELIGIBLE,Title block field 'drawing_group'.
DR-1324,ENT-XBEAM-C1C7,drawing,drawing.title_block.DWG-TB-S055-006,TITLE_BLOCK_VALUE,S=1:30,,,,NOR-011,DWG-TB-S055-006,calc_pdf_p57,DWG-S055,HIGH,UNVERIFIED,DRAWING_ONLY,CANDIDATE_ONLY,,,,GOLDEN_ELIGIBLE,Title block field 'scale'.
DR-1325,ENT-XBEAM-C1C7,drawing,drawing.title_block.DWG-TB-S056-001,TITLE_BLOCK_VALUE,旭高架橋 Aランプ,,,,NOR-011,DWG-TB-S056-001,calc_pdf_p58,DWG-S056,HIGH,UNVERIFIED,DRAWING_ONLY,CANDIDATE_ONLY,,,,GOLDEN_ELIGIBLE,Title block field 'bridge_name'.
DR-1326,ENT-XBEAM-C1C7,drawing,drawing.title_block.DWG-TB-S056-002,TITLE_BLOCK_VALUE,PU15ｰAR2,,,,NOR-011,DWG-TB-S056-002,calc_pdf_p58,DWG-S056,HIGH,UNVERIFIED,DRAWING_ONLY,CANDIDATE_ONLY,,,,GOLDEN_ELIGIBLE,Title block field 'girder_ref'.
DR-1327,ENT-XBEAM-C1C7,drawing,drawing.title_block.DWG-TB-S056-003,TITLE_BLOCK_VALUE,中間横桁(その8),,,,NOR-011,DWG-TB-S056-003,calc_pdf_p58,DWG-S056,HIGH,UNVERIFIED,DRAWING_ONLY,CANDIDATE_ONLY,,,,GOLDEN_ELIGIBLE,Title block field 'drawing_title'.
DR-1328,ENT-XBEAM-C1C7,drawing,drawing.title_block.DWG-TB-S056-004,TITLE_BLOCK_VALUE,その8,,,,NOR-011,DWG-TB-S056-004,calc_pdf_p58,DWG-S056,HIGH,UNVERIFIED,DRAWING_ONLY,CANDIDATE_ONLY,,,,GOLDEN_ELIGIBLE,Title block field 'sheet_suffix'.
DR-1329,ENT-XBEAM-C1C7,drawing,drawing.title_block.DWG-TB-S056-005,TITLE_BLOCK_VALUE,intermediate_cross_beam,,,,NOR-011,DWG-TB-S056-005,calc_pdf_p58,DWG-S056,HIGH,UNVERIFIED,DRAWING_ONLY,CANDIDATE_ONLY,,,,GOLDEN_ELIGIBLE,Title block field 'drawing_group'.
DR-1330,ENT-XBEAM-C1C7,drawing,drawing.title_block.DWG-TB-S056-006,TITLE_BLOCK_VALUE,S=1:30,,,,NOR-011,DWG-TB-S056-006,calc_pdf_p58,DWG-S056,HIGH,UNVERIFIED,DRAWING_ONLY,CANDIDATE_ONLY,,,,GOLDEN_ELIGIBLE,Title block field 'scale'.
DR-1331,ENT-XBEAM-C1C7,drawing,drawing.title_block.DWG-TB-S057-001,TITLE_BLOCK_VALUE,旭高架橋 Aランプ,,,,NOR-011,DWG-TB-S057-001,calc_pdf_p59,DWG-S057,HIGH,UNVERIFIED,DRAWING_ONLY,CANDIDATE_ONLY,,,,GOLDEN_ELIGIBLE,Title block field 'bridge_name'.
DR-1332,ENT-XBEAM-C1C7,drawing,drawing.title_block.DWG-TB-S057-002,TITLE_BLOCK_VALUE,PU15ｰAR2,,,,NOR-011,DWG-TB-S057-002,calc_pdf_p59,DWG-S057,HIGH,UNVERIFIED,DRAWING_ONLY,CANDIDATE_ONLY,,,,GOLDEN_ELIGIBLE,Title block field 'girder_ref'.
DR-1333,ENT-XBEAM-C1C7,drawing,drawing.title_block.DWG-TB-S057-003,TITLE_BLOCK_VALUE,中間横桁(その9),,,,NOR-011,DWG-TB-S057-003,calc_pdf_p59,DWG-S057,HIGH,UNVERIFIED,DRAWING_ONLY,CANDIDATE_ONLY,,,,GOLDEN_ELIGIBLE,Title block field 'drawing_title'.
DR-1334,ENT-XBEAM-C1C7,drawing,drawing.title_block.DWG-TB-S057-004,TITLE_BLOCK_VALUE,その9,,,,NOR-011,DWG-TB-S057-004,calc_pdf_p59,DWG-S057,HIGH,UNVERIFIED,DRAWING_ONLY,CANDIDATE_ONLY,,,,GOLDEN_ELIGIBLE,Title block field 'sheet_suffix'.
DR-1335,ENT-XBEAM-C1C7,drawing,drawing.title_block.DWG-TB-S057-005,TITLE_BLOCK_VALUE,intermediate_cross_beam,,,,NOR-011,DWG-TB-S057-005,calc_pdf_p59,DWG-S057,HIGH,UNVERIFIED,DRAWING_ONLY,CANDIDATE_ONLY,,,,GOLDEN_ELIGIBLE,Title block field 'drawing_group'.
DR-1336,ENT-XBEAM-C1C7,drawing,drawing.title_block.DWG-TB-S057-006,TITLE_BLOCK_VALUE,S=1:30,,,,NOR-011,DWG-TB-S057-006,calc_pdf_p59,DWG-S057,HIGH,UNVERIFIED,DRAWING_ONLY,CANDIDATE_ONLY,,,,GOLDEN_ELIGIBLE,Title block field 'scale'.
DR-1337,ENT-XBEAM-C1C7,drawing,drawing.title_block.DWG-TB-S058-001,TITLE_BLOCK_VALUE,旭高架橋 Aランプ,,,,NOR-011,DWG-TB-S058-001,calc_pdf_p60,DWG-S058,HIGH,UNVERIFIED,DRAWING_ONLY,CANDIDATE_ONLY,,,,GOLDEN_ELIGIBLE,Title block field 'bridge_name'.
DR-1338,ENT-XBEAM-C1C7,drawing,drawing.title_block.DWG-TB-S058-002,TITLE_BLOCK_VALUE,PU15ｰAR2,,,,NOR-011,DWG-TB-S058-002,calc_pdf_p60,DWG-S058,HIGH,UNVERIFIED,DRAWING_ONLY,CANDIDATE_ONLY,,,,GOLDEN_ELIGIBLE,Title block field 'girder_ref'.
DR-1339,ENT-XBEAM-C1C7,drawing,drawing.title_block.DWG-TB-S058-003,TITLE_BLOCK_VALUE,中間横桁(その10),,,,NOR-011,DWG-TB-S058-003,calc_pdf_p60,DWG-S058,HIGH,UNVERIFIED,DRAWING_ONLY,CANDIDATE_ONLY,,,,GOLDEN_ELIGIBLE,Title block field 'drawing_title'.
DR-1340,ENT-XBEAM-C1C7,drawing,drawing.title_block.DWG-TB-S058-004,TITLE_BLOCK_VALUE,その10,,,,NOR-011,DWG-TB-S058-004,calc_pdf_p60,DWG-S058,HIGH,UNVERIFIED,DRAWING_ONLY,CANDIDATE_ONLY,,,,GOLDEN_ELIGIBLE,Title block field 'sheet_suffix'.
DR-1341,ENT-XBEAM-C1C7,drawing,drawing.title_block.DWG-TB-S058-005,TITLE_BLOCK_VALUE,intermediate_cross_beam,,,,NOR-011,DWG-TB-S058-005,calc_pdf_p60,DWG-S058,HIGH,UNVERIFIED,DRAWING_ONLY,CANDIDATE_ONLY,,,,GOLDEN_ELIGIBLE,Title block field 'drawing_group'.
DR-1342,ENT-XBEAM-C1C7,drawing,drawing.title_block.DWG-TB-S058-006,TITLE_BLOCK_VALUE,S=1:30,,,,NOR-011,DWG-TB-S058-006,calc_pdf_p60,DWG-S058,HIGH,UNVERIFIED,DRAWING_ONLY,CANDIDATE_ONLY,,,,GOLDEN_ELIGIBLE,Title block field 'scale'.
DR-1343,ENT-XBEAM-C1C7,drawing,drawing.title_block.DWG-TB-S059-001,TITLE_BLOCK_VALUE,旭高架橋 Aランプ,,,,NOR-011,DWG-TB-S059-001,calc_pdf_p61,DWG-S059,HIGH,UNVERIFIED,DRAWING_ONLY,CANDIDATE_ONLY,,,,GOLDEN_ELIGIBLE,Title block field 'bridge_name'.
DR-1344,ENT-XBEAM-C1C7,drawing,drawing.title_block.DWG-TB-S059-002,TITLE_BLOCK_VALUE,PU15ｰAR2,,,,NOR-011,DWG-TB-S059-002,calc_pdf_p61,DWG-S059,HIGH,UNVERIFIED,DRAWING_ONLY,CANDIDATE_ONLY,,,,GOLDEN_ELIGIBLE,Title block field 'girder_ref'.
DR-1345,ENT-XBEAM-C1C7,drawing,drawing.title_block.DWG-TB-S059-003,TITLE_BLOCK_VALUE,中間横桁(その11),,,,NOR-011,DWG-TB-S059-003,calc_pdf_p61,DWG-S059,HIGH,UNVERIFIED,DRAWING_ONLY,CANDIDATE_ONLY,,,,GOLDEN_ELIGIBLE,Title block field 'drawing_title'.
DR-1346,ENT-XBEAM-C1C7,drawing,drawing.title_block.DWG-TB-S059-004,TITLE_BLOCK_VALUE,その11,,,,NOR-011,DWG-TB-S059-004,calc_pdf_p61,DWG-S059,HIGH,UNVERIFIED,DRAWING_ONLY,CANDIDATE_ONLY,,,,GOLDEN_ELIGIBLE,Title block field 'sheet_suffix'.
DR-1347,ENT-XBEAM-C1C7,drawing,drawing.title_block.DWG-TB-S059-005,TITLE_BLOCK_VALUE,intermediate_cross_beam,,,,NOR-011,DWG-TB-S059-005,calc_pdf_p61,DWG-S059,HIGH,UNVERIFIED,DRAWING_ONLY,CANDIDATE_ONLY,,,,GOLDEN_ELIGIBLE,Title block field 'drawing_group'.
DR-1348,ENT-XBEAM-C1C7,drawing,drawing.title_block.DWG-TB-S059-006,TITLE_BLOCK_VALUE,S=1:30,,,,NOR-011,DWG-TB-S059-006,calc_pdf_p61,DWG-S059,HIGH,UNVERIFIED,DRAWING_ONLY,CANDIDATE_ONLY,,,,GOLDEN_ELIGIBLE,Title block field 'scale'.
DR-1349,ENT-XBEAM-C1C7,drawing,drawing.title_block.DWG-TB-S060-001,TITLE_BLOCK_VALUE,旭高架橋 Aランプ,,,,NOR-011,DWG-TB-S060-001,calc_pdf_p62,DWG-S060,HIGH,UNVERIFIED,DRAWING_ONLY,CANDIDATE_ONLY,,,,GOLDEN_ELIGIBLE,Title block field 'bridge_name'.
DR-1350,ENT-XBEAM-C1C7,drawing,drawing.title_block.DWG-TB-S060-002,TITLE_BLOCK_VALUE,PU15ｰAR2,,,,NOR-011,DWG-TB-S060-002,calc_pdf_p62,DWG-S060,HIGH,UNVERIFIED,DRAWING_ONLY,CANDIDATE_ONLY,,,,GOLDEN_ELIGIBLE,Title block field 'girder_ref'.
DR-1351,ENT-XBEAM-C1C7,drawing,drawing.title_block.DWG-TB-S060-003,TITLE_BLOCK_VALUE,中間横桁(その12),,,,NOR-011,DWG-TB-S060-003,calc_pdf_p62,DWG-S060,HIGH,UNVERIFIED,DRAWING_ONLY,CANDIDATE_ONLY,,,,GOLDEN_ELIGIBLE,Title block field 'drawing_title'.
DR-1352,ENT-XBEAM-C1C7,drawing,drawing.title_block.DWG-TB-S060-004,TITLE_BLOCK_VALUE,その12,,,,NOR-011,DWG-TB-S060-004,calc_pdf_p62,DWG-S060,HIGH,UNVERIFIED,DRAWING_ONLY,CANDIDATE_ONLY,,,,GOLDEN_ELIGIBLE,Title block field 'sheet_suffix'.
DR-1353,ENT-XBEAM-C1C7,drawing,drawing.title_block.DWG-TB-S060-005,TITLE_BLOCK_VALUE,intermediate_cross_beam,,,,NOR-011,DWG-TB-S060-005,calc_pdf_p62,DWG-S060,HIGH,UNVERIFIED,DRAWING_ONLY,CANDIDATE_ONLY,,,,GOLDEN_ELIGIBLE,Title block field 'drawing_group'.
DR-1354,ENT-XBEAM-C1C7,drawing,drawing.title_block.DWG-TB-S060-006,TITLE_BLOCK_VALUE,S=1:30,,,,NOR-011,DWG-TB-S060-006,calc_pdf_p62,DWG-S060,HIGH,UNVERIFIED,DRAWING_ONLY,CANDIDATE_ONLY,,,,GOLDEN_ELIGIBLE,Title block field 'scale'.
DR-1355,ENT-BRACE-AL1,drawing,drawing.title_block.DWG-TB-S061-001,TITLE_BLOCK_VALUE,旭高架橋 Aランプ,,,,NOR-011,DWG-TB-S061-001,calc_pdf_p63,DWG-S061,HIGH,UNVERIFIED,DRAWING_ONLY,CANDIDATE_ONLY,,,,GOLDEN_ELIGIBLE,Title block field 'bridge_name'.
DR-1356,ENT-BRACE-AL1,drawing,drawing.title_block.DWG-TB-S061-002,TITLE_BLOCK_VALUE,PU15ｰAR2,,,,NOR-011,DWG-TB-S061-002,calc_pdf_p63,DWG-S061,HIGH,UNVERIFIED,DRAWING_ONLY,CANDIDATE_ONLY,,,,GOLDEN_ELIGIBLE,Title block field 'girder_ref'.
DR-1357,ENT-BRACE-AL1,drawing,drawing.title_block.DWG-TB-S061-003,TITLE_BLOCK_VALUE,上下横構(その1),,,,NOR-011,DWG-TB-S061-003,calc_pdf_p63,DWG-S061,HIGH,UNVERIFIED,DRAWING_ONLY,CANDIDATE_ONLY,,,,GOLDEN_ELIGIBLE,Title block field 'drawing_title'.
DR-1358,ENT-BRACE-AL1,drawing,drawing.title_block.DWG-TB-S061-004,TITLE_BLOCK_VALUE,その1,,,,NOR-011,DWG-TB-S061-004,calc_pdf_p63,DWG-S061,HIGH,UNVERIFIED,DRAWING_ONLY,CANDIDATE_ONLY,,,,GOLDEN_ELIGIBLE,Title block field 'sheet_suffix'.
DR-1359,ENT-BRACE-AL1,drawing,drawing.title_block.DWG-TB-S061-005,TITLE_BLOCK_VALUE,lateral_bracing,,,,NOR-011,DWG-TB-S061-005,calc_pdf_p63,DWG-S061,HIGH,UNVERIFIED,DRAWING_ONLY,CANDIDATE_ONLY,,,,GOLDEN_ELIGIBLE,Title block field 'drawing_group'.
DR-1360,ENT-BRACE-AL1,drawing,drawing.title_block.DWG-TB-S061-006,TITLE_BLOCK_VALUE,S=1:30,,,,NOR-011,DWG-TB-S061-006,calc_pdf_p63,DWG-S061,HIGH,UNVERIFIED,DRAWING_ONLY,CANDIDATE_ONLY,,,,GOLDEN_ELIGIBLE,Title block field 'scale'.
DR-1361,ENT-BRACE-AL1,drawing,drawing.title_block.DWG-TB-S062-001,TITLE_BLOCK_VALUE,旭高架橋 Aランプ,,,,NOR-011,DWG-TB-S062-001,calc_pdf_p64,DWG-S062,HIGH,UNVERIFIED,DRAWING_ONLY,CANDIDATE_ONLY,,,,GOLDEN_ELIGIBLE,Title block field 'bridge_name'.
DR-1362,ENT-BRACE-AL1,drawing,drawing.title_block.DWG-TB-S062-002,TITLE_BLOCK_VALUE,PU15ｰAR2,,,,NOR-011,DWG-TB-S062-002,calc_pdf_p64,DWG-S062,HIGH,UNVERIFIED,DRAWING_ONLY,CANDIDATE_ONLY,,,,GOLDEN_ELIGIBLE,Title block field 'girder_ref'.
DR-1363,ENT-BRACE-AL1,drawing,drawing.title_block.DWG-TB-S062-003,TITLE_BLOCK_VALUE,上下横構(その2),,,,NOR-011,DWG-TB-S062-003,calc_pdf_p64,DWG-S062,HIGH,UNVERIFIED,DRAWING_ONLY,CANDIDATE_ONLY,,,,GOLDEN_ELIGIBLE,Title block field 'drawing_title'.
DR-1364,ENT-BRACE-AL1,drawing,drawing.title_block.DWG-TB-S062-004,TITLE_BLOCK_VALUE,その2,,,,NOR-011,DWG-TB-S062-004,calc_pdf_p64,DWG-S062,HIGH,UNVERIFIED,DRAWING_ONLY,CANDIDATE_ONLY,,,,GOLDEN_ELIGIBLE,Title block field 'sheet_suffix'.
DR-1365,ENT-BRACE-AL1,drawing,drawing.title_block.DWG-TB-S062-005,TITLE_BLOCK_VALUE,lateral_bracing,,,,NOR-011,DWG-TB-S062-005,calc_pdf_p64,DWG-S062,HIGH,UNVERIFIED,DRAWING_ONLY,CANDIDATE_ONLY,,,,GOLDEN_ELIGIBLE,Title block field 'drawing_group'.
DR-1366,ENT-BRACE-AL1,drawing,drawing.title_block.DWG-TB-S062-006,TITLE_BLOCK_VALUE,S=1:30,,,,NOR-011,DWG-TB-S062-006,calc_pdf_p64,DWG-S062,HIGH,UNVERIFIED,DRAWING_ONLY,CANDIDATE_ONLY,,,,GOLDEN_ELIGIBLE,Title block field 'scale'.
DR-1367,ENT-BRACE-AL1,drawing,drawing.title_block.DWG-TB-S063-001,TITLE_BLOCK_VALUE,旭高架橋 Aランプ,,,,NOR-011,DWG-TB-S063-001,calc_pdf_p65,DWG-S063,HIGH,UNVERIFIED,DRAWING_ONLY,CANDIDATE_ONLY,,,,GOLDEN_ELIGIBLE,Title block field 'bridge_name'.
DR-1368,ENT-BRACE-AL1,drawing,drawing.title_block.DWG-TB-S063-002,TITLE_BLOCK_VALUE,PU15ｰAR2,,,,NOR-011,DWG-TB-S063-002,calc_pdf_p65,DWG-S063,HIGH,UNVERIFIED,DRAWING_ONLY,CANDIDATE_ONLY,,,,GOLDEN_ELIGIBLE,Title block field 'girder_ref'.
DR-1369,ENT-BRACE-AL1,drawing,drawing.title_block.DWG-TB-S063-003,TITLE_BLOCK_VALUE,上下横構(その3),,,,NOR-011,DWG-TB-S063-003,calc_pdf_p65,DWG-S063,HIGH,UNVERIFIED,DRAWING_ONLY,CANDIDATE_ONLY,,,,GOLDEN_ELIGIBLE,Title block field 'drawing_title'.
DR-1370,ENT-BRACE-AL1,drawing,drawing.title_block.DWG-TB-S063-004,TITLE_BLOCK_VALUE,その3,,,,NOR-011,DWG-TB-S063-004,calc_pdf_p65,DWG-S063,HIGH,UNVERIFIED,DRAWING_ONLY,CANDIDATE_ONLY,,,,GOLDEN_ELIGIBLE,Title block field 'sheet_suffix'.
DR-1371,ENT-BRACE-AL1,drawing,drawing.title_block.DWG-TB-S063-005,TITLE_BLOCK_VALUE,lateral_bracing,,,,NOR-011,DWG-TB-S063-005,calc_pdf_p65,DWG-S063,HIGH,UNVERIFIED,DRAWING_ONLY,CANDIDATE_ONLY,,,,GOLDEN_ELIGIBLE,Title block field 'drawing_group'.
DR-1372,ENT-BRACE-AL1,drawing,drawing.title_block.DWG-TB-S063-006,TITLE_BLOCK_VALUE,S=1:30,,,,NOR-011,DWG-TB-S063-006,calc_pdf_p65,DWG-S063,HIGH,UNVERIFIED,DRAWING_ONLY,CANDIDATE_ONLY,,,,GOLDEN_ELIGIBLE,Title block field 'scale'.
DR-1373,ENT-BRACE-AL1,drawing,drawing.title_block.DWG-TB-S064-001,TITLE_BLOCK_VALUE,旭高架橋 Aランプ,,,,NOR-011,DWG-TB-S064-001,calc_pdf_p66,DWG-S064,HIGH,UNVERIFIED,DRAWING_ONLY,CANDIDATE_ONLY,,,,GOLDEN_ELIGIBLE,Title block field 'bridge_name'.
DR-1374,ENT-BRACE-AL1,drawing,drawing.title_block.DWG-TB-S064-002,TITLE_BLOCK_VALUE,PU15ｰAR2,,,,NOR-011,DWG-TB-S064-002,calc_pdf_p66,DWG-S064,HIGH,UNVERIFIED,DRAWING_ONLY,CANDIDATE_ONLY,,,,GOLDEN_ELIGIBLE,Title block field 'girder_ref'.
DR-1375,ENT-BRACE-AL1,drawing,drawing.title_block.DWG-TB-S064-003,TITLE_BLOCK_VALUE,上下横構(その4),,,,NOR-011,DWG-TB-S064-003,calc_pdf_p66,DWG-S064,HIGH,UNVERIFIED,DRAWING_ONLY,CANDIDATE_ONLY,,,,GOLDEN_ELIGIBLE,Title block field 'drawing_title'.
DR-1376,ENT-BRACE-AL1,drawing,drawing.title_block.DWG-TB-S064-004,TITLE_BLOCK_VALUE,その4,,,,NOR-011,DWG-TB-S064-004,calc_pdf_p66,DWG-S064,HIGH,UNVERIFIED,DRAWING_ONLY,CANDIDATE_ONLY,,,,GOLDEN_ELIGIBLE,Title block field 'sheet_suffix'.
DR-1377,ENT-BRACE-AL1,drawing,drawing.title_block.DWG-TB-S064-005,TITLE_BLOCK_VALUE,lateral_bracing,,,,NOR-011,DWG-TB-S064-005,calc_pdf_p66,DWG-S064,HIGH,UNVERIFIED,DRAWING_ONLY,CANDIDATE_ONLY,,,,GOLDEN_ELIGIBLE,Title block field 'drawing_group'.
DR-1378,ENT-BRACE-AL1,drawing,drawing.title_block.DWG-TB-S064-006,TITLE_BLOCK_VALUE,S=1:30,,,,NOR-011,DWG-TB-S064-006,calc_pdf_p66,DWG-S064,HIGH,UNVERIFIED,DRAWING_ONLY,CANDIDATE_ONLY,,,,GOLDEN_ELIGIBLE,Title block field 'scale'.
DR-1379,ENT-BRACE-AL1,drawing,drawing.title_block.DWG-TB-S065-001,TITLE_BLOCK_VALUE,旭高架橋 Aランプ,,,,NOR-011,DWG-TB-S065-001,calc_pdf_p67,DWG-S065,HIGH,UNVERIFIED,DRAWING_ONLY,CANDIDATE_ONLY,,,,GOLDEN_ELIGIBLE,Title block field 'bridge_name'.
DR-1380,ENT-BRACE-AL1,drawing,drawing.title_block.DWG-TB-S065-002,TITLE_BLOCK_VALUE,PU15ｰAR2,,,,NOR-011,DWG-TB-S065-002,calc_pdf_p67,DWG-S065,HIGH,UNVERIFIED,DRAWING_ONLY,CANDIDATE_ONLY,,,,GOLDEN_ELIGIBLE,Title block field 'girder_ref'.
DR-1381,ENT-BRACE-AL1,drawing,drawing.title_block.DWG-TB-S065-003,TITLE_BLOCK_VALUE,上下横構(その5),,,,NOR-011,DWG-TB-S065-003,calc_pdf_p67,DWG-S065,HIGH,UNVERIFIED,DRAWING_ONLY,CANDIDATE_ONLY,,,,GOLDEN_ELIGIBLE,Title block field 'drawing_title'.
DR-1382,ENT-BRACE-AL1,drawing,drawing.title_block.DWG-TB-S065-004,TITLE_BLOCK_VALUE,その5,,,,NOR-011,DWG-TB-S065-004,calc_pdf_p67,DWG-S065,HIGH,UNVERIFIED,DRAWING_ONLY,CANDIDATE_ONLY,,,,GOLDEN_ELIGIBLE,Title block field 'sheet_suffix'.
DR-1383,ENT-BRACE-AL1,drawing,drawing.title_block.DWG-TB-S065-005,TITLE_BLOCK_VALUE,lateral_bracing,,,,NOR-011,DWG-TB-S065-005,calc_pdf_p67,DWG-S065,HIGH,UNVERIFIED,DRAWING_ONLY,CANDIDATE_ONLY,,,,GOLDEN_ELIGIBLE,Title block field 'drawing_group'.
DR-1384,ENT-BRACE-AL1,drawing,drawing.title_block.DWG-TB-S065-006,TITLE_BLOCK_VALUE,S=1:30,,,,NOR-011,DWG-TB-S065-006,calc_pdf_p67,DWG-S065,HIGH,UNVERIFIED,DRAWING_ONLY,CANDIDATE_ONLY,,,,GOLDEN_ELIGIBLE,Title block field 'scale'.
DR-1385,ENT-BRACE-AL1,drawing,drawing.title_block.DWG-TB-S066-001,TITLE_BLOCK_VALUE,旭高架橋 Aランプ,,,,NOR-011,DWG-TB-S066-001,calc_pdf_p68,DWG-S066,HIGH,UNVERIFIED,DRAWING_ONLY,CANDIDATE_ONLY,,,,GOLDEN_ELIGIBLE,Title block field 'bridge_name'.
DR-1386,ENT-BRACE-AL1,drawing,drawing.title_block.DWG-TB-S066-002,TITLE_BLOCK_VALUE,PU15ｰAR2,,,,NOR-011,DWG-TB-S066-002,calc_pdf_p68,DWG-S066,HIGH,UNVERIFIED,DRAWING_ONLY,CANDIDATE_ONLY,,,,GOLDEN_ELIGIBLE,Title block field 'girder_ref'.
DR-1387,ENT-BRACE-AL1,drawing,drawing.title_block.DWG-TB-S066-003,TITLE_BLOCK_VALUE,上下横構(その6),,,,NOR-011,DWG-TB-S066-003,calc_pdf_p68,DWG-S066,HIGH,UNVERIFIED,DRAWING_ONLY,CANDIDATE_ONLY,,,,GOLDEN_ELIGIBLE,Title block field 'drawing_title'.
DR-1388,ENT-BRACE-AL1,drawing,drawing.title_block.DWG-TB-S066-004,TITLE_BLOCK_VALUE,その6,,,,NOR-011,DWG-TB-S066-004,calc_pdf_p68,DWG-S066,HIGH,UNVERIFIED,DRAWING_ONLY,CANDIDATE_ONLY,,,,GOLDEN_ELIGIBLE,Title block field 'sheet_suffix'.
DR-1389,ENT-BRACE-AL1,drawing,drawing.title_block.DWG-TB-S066-005,TITLE_BLOCK_VALUE,lateral_bracing,,,,NOR-011,DWG-TB-S066-005,calc_pdf_p68,DWG-S066,HIGH,UNVERIFIED,DRAWING_ONLY,CANDIDATE_ONLY,,,,GOLDEN_ELIGIBLE,Title block field 'drawing_group'.
DR-1390,ENT-BRACE-AL1,drawing,drawing.title_block.DWG-TB-S066-006,TITLE_BLOCK_VALUE,S=1:30,,,,NOR-011,DWG-TB-S066-006,calc_pdf_p68,DWG-S066,HIGH,UNVERIFIED,DRAWING_ONLY,CANDIDATE_ONLY,,,,GOLDEN_ELIGIBLE,Title block field 'scale'.
DR-1391,ENT-BRACE-AL1,drawing,drawing.title_block.DWG-TB-S067-001,TITLE_BLOCK_VALUE,旭高架橋 Aランプ,,,,NOR-011,DWG-TB-S067-001,calc_pdf_p69,DWG-S067,HIGH,UNVERIFIED,DRAWING_ONLY,CANDIDATE_ONLY,,,,GOLDEN_ELIGIBLE,Title block field 'bridge_name'.
DR-1392,ENT-BRACE-AL1,drawing,drawing.title_block.DWG-TB-S067-002,TITLE_BLOCK_VALUE,PU15ｰAR2,,,,NOR-011,DWG-TB-S067-002,calc_pdf_p69,DWG-S067,HIGH,UNVERIFIED,DRAWING_ONLY,CANDIDATE_ONLY,,,,GOLDEN_ELIGIBLE,Title block field 'girder_ref'.
DR-1393,ENT-BRACE-AL1,drawing,drawing.title_block.DWG-TB-S067-003,TITLE_BLOCK_VALUE,上下横構(その7),,,,NOR-011,DWG-TB-S067-003,calc_pdf_p69,DWG-S067,HIGH,UNVERIFIED,DRAWING_ONLY,CANDIDATE_ONLY,,,,GOLDEN_ELIGIBLE,Title block field 'drawing_title'.
DR-1394,ENT-BRACE-AL1,drawing,drawing.title_block.DWG-TB-S067-004,TITLE_BLOCK_VALUE,その7,,,,NOR-011,DWG-TB-S067-004,calc_pdf_p69,DWG-S067,HIGH,UNVERIFIED,DRAWING_ONLY,CANDIDATE_ONLY,,,,GOLDEN_ELIGIBLE,Title block field 'sheet_suffix'.
DR-1395,ENT-BRACE-AL1,drawing,drawing.title_block.DWG-TB-S067-005,TITLE_BLOCK_VALUE,lateral_bracing,,,,NOR-011,DWG-TB-S067-005,calc_pdf_p69,DWG-S067,HIGH,UNVERIFIED,DRAWING_ONLY,CANDIDATE_ONLY,,,,GOLDEN_ELIGIBLE,Title block field 'drawing_group'.
DR-1396,ENT-BRACE-AL1,drawing,drawing.title_block.DWG-TB-S067-006,TITLE_BLOCK_VALUE,S=1:30,,,,NOR-011,DWG-TB-S067-006,calc_pdf_p69,DWG-S067,HIGH,UNVERIFIED,DRAWING_ONLY,CANDIDATE_ONLY,,,,GOLDEN_ELIGIBLE,Title block field 'scale'.
DR-1397,ENT-BRACE-AL1,drawing,drawing.title_block.DWG-TB-S068-001,TITLE_BLOCK_VALUE,旭高架橋 Aランプ,,,,NOR-011,DWG-TB-S068-001,calc_pdf_p70,DWG-S068,HIGH,UNVERIFIED,DRAWING_ONLY,CANDIDATE_ONLY,,,,GOLDEN_ELIGIBLE,Title block field 'bridge_name'.
DR-1398,ENT-BRACE-AL1,drawing,drawing.title_block.DWG-TB-S068-002,TITLE_BLOCK_VALUE,PU15ｰAR2,,,,NOR-011,DWG-TB-S068-002,calc_pdf_p70,DWG-S068,HIGH,UNVERIFIED,DRAWING_ONLY,CANDIDATE_ONLY,,,,GOLDEN_ELIGIBLE,Title block field 'girder_ref'.
DR-1399,ENT-BRACE-AL1,drawing,drawing.title_block.DWG-TB-S068-003,TITLE_BLOCK_VALUE,上下横構(その8),,,,NOR-011,DWG-TB-S068-003,calc_pdf_p70,DWG-S068,HIGH,UNVERIFIED,DRAWING_ONLY,CANDIDATE_ONLY,,,,GOLDEN_ELIGIBLE,Title block field 'drawing_title'.
DR-1400,ENT-BRACE-AL1,drawing,drawing.title_block.DWG-TB-S068-004,TITLE_BLOCK_VALUE,その8,,,,NOR-011,DWG-TB-S068-004,calc_pdf_p70,DWG-S068,HIGH,UNVERIFIED,DRAWING_ONLY,CANDIDATE_ONLY,,,,GOLDEN_ELIGIBLE,Title block field 'sheet_suffix'.
DR-1401,ENT-BRACE-AL1,drawing,drawing.title_block.DWG-TB-S068-005,TITLE_BLOCK_VALUE,lateral_bracing,,,,NOR-011,DWG-TB-S068-005,calc_pdf_p70,DWG-S068,HIGH,UNVERIFIED,DRAWING_ONLY,CANDIDATE_ONLY,,,,GOLDEN_ELIGIBLE,Title block field 'drawing_group'.
DR-1402,ENT-BRACE-AL1,drawing,drawing.title_block.DWG-TB-S068-006,TITLE_BLOCK_VALUE,S=1:30,,,,NOR-011,DWG-TB-S068-006,calc_pdf_p70,DWG-S068,HIGH,UNVERIFIED,DRAWING_ONLY,CANDIDATE_ONLY,,,,GOLDEN_ELIGIBLE,Title block field 'scale'.
DR-1403,ENT-BRACE-AL1,drawing,drawing.title_block.DWG-TB-S069-001,TITLE_BLOCK_VALUE,旭高架橋 Aランプ,,,,NOR-011,DWG-TB-S069-001,calc_pdf_p71,DWG-S069,HIGH,UNVERIFIED,DRAWING_ONLY,CANDIDATE_ONLY,,,,GOLDEN_ELIGIBLE,Title block field 'bridge_name'.
DR-1404,ENT-BRACE-AL1,drawing,drawing.title_block.DWG-TB-S069-002,TITLE_BLOCK_VALUE,PU15ｰAR2,,,,NOR-011,DWG-TB-S069-002,calc_pdf_p71,DWG-S069,HIGH,UNVERIFIED,DRAWING_ONLY,CANDIDATE_ONLY,,,,GOLDEN_ELIGIBLE,Title block field 'girder_ref'.
DR-1405,ENT-BRACE-AL1,drawing,drawing.title_block.DWG-TB-S069-003,TITLE_BLOCK_VALUE,上下横構(その9),,,,NOR-011,DWG-TB-S069-003,calc_pdf_p71,DWG-S069,HIGH,UNVERIFIED,DRAWING_ONLY,CANDIDATE_ONLY,,,,GOLDEN_ELIGIBLE,Title block field 'drawing_title'.
DR-1406,ENT-BRACE-AL1,drawing,drawing.title_block.DWG-TB-S069-004,TITLE_BLOCK_VALUE,その9,,,,NOR-011,DWG-TB-S069-004,calc_pdf_p71,DWG-S069,HIGH,UNVERIFIED,DRAWING_ONLY,CANDIDATE_ONLY,,,,GOLDEN_ELIGIBLE,Title block field 'sheet_suffix'.
DR-1407,ENT-BRACE-AL1,drawing,drawing.title_block.DWG-TB-S069-005,TITLE_BLOCK_VALUE,lateral_bracing,,,,NOR-011,DWG-TB-S069-005,calc_pdf_p71,DWG-S069,HIGH,UNVERIFIED,DRAWING_ONLY,CANDIDATE_ONLY,,,,GOLDEN_ELIGIBLE,Title block field 'drawing_group'.
DR-1408,ENT-BRACE-AL1,drawing,drawing.title_block.DWG-TB-S069-006,TITLE_BLOCK_VALUE,S=1:30,,,,NOR-011,DWG-TB-S069-006,calc_pdf_p71,DWG-S069,HIGH,UNVERIFIED,DRAWING_ONLY,CANDIDATE_ONLY,,,,GOLDEN_ELIGIBLE,Title block field 'scale'.
DR-1409,ENT-BRACE-AL1,drawing,drawing.title_block.DWG-TB-S070-001,TITLE_BLOCK_VALUE,旭高架橋 Aランプ,,,,NOR-011,DWG-TB-S070-001,calc_pdf_p72,DWG-S070,HIGH,UNVERIFIED,DRAWING_ONLY,CANDIDATE_ONLY,,,,GOLDEN_ELIGIBLE,Title block field 'bridge_name'.
DR-1410,ENT-BRACE-AL1,drawing,drawing.title_block.DWG-TB-S070-002,TITLE_BLOCK_VALUE,PU15ｰAR2,,,,NOR-011,DWG-TB-S070-002,calc_pdf_p72,DWG-S070,HIGH,UNVERIFIED,DRAWING_ONLY,CANDIDATE_ONLY,,,,GOLDEN_ELIGIBLE,Title block field 'girder_ref'.
DR-1411,ENT-BRACE-AL1,drawing,drawing.title_block.DWG-TB-S070-003,TITLE_BLOCK_VALUE,上下横構(その10),,,,NOR-011,DWG-TB-S070-003,calc_pdf_p72,DWG-S070,HIGH,UNVERIFIED,DRAWING_ONLY,CANDIDATE_ONLY,,,,GOLDEN_ELIGIBLE,Title block field 'drawing_title'.
DR-1412,ENT-BRACE-AL1,drawing,drawing.title_block.DWG-TB-S070-004,TITLE_BLOCK_VALUE,その10,,,,NOR-011,DWG-TB-S070-004,calc_pdf_p72,DWG-S070,HIGH,UNVERIFIED,DRAWING_ONLY,CANDIDATE_ONLY,,,,GOLDEN_ELIGIBLE,Title block field 'sheet_suffix'.
DR-1413,ENT-BRACE-AL1,drawing,drawing.title_block.DWG-TB-S070-005,TITLE_BLOCK_VALUE,lateral_bracing,,,,NOR-011,DWG-TB-S070-005,calc_pdf_p72,DWG-S070,HIGH,UNVERIFIED,DRAWING_ONLY,CANDIDATE_ONLY,,,,GOLDEN_ELIGIBLE,Title block field 'drawing_group'.
DR-1414,ENT-BRACE-AL1,drawing,drawing.title_block.DWG-TB-S070-006,TITLE_BLOCK_VALUE,S=1:30,,,,NOR-011,DWG-TB-S070-006,calc_pdf_p72,DWG-S070,HIGH,UNVERIFIED,DRAWING_ONLY,CANDIDATE_ONLY,,,,GOLDEN_ELIGIBLE,Title block field 'scale'.
DR-1415,ENT-BRACE-AL1,drawing,drawing.title_block.DWG-TB-S071-001,TITLE_BLOCK_VALUE,旭高架橋 Aランプ,,,,NOR-011,DWG-TB-S071-001,calc_pdf_p73,DWG-S071,HIGH,UNVERIFIED,DRAWING_ONLY,CANDIDATE_ONLY,,,,GOLDEN_ELIGIBLE,Title block field 'bridge_name'.
DR-1416,ENT-BRACE-AL1,drawing,drawing.title_block.DWG-TB-S071-002,TITLE_BLOCK_VALUE,PU15ｰAR2,,,,NOR-011,DWG-TB-S071-002,calc_pdf_p73,DWG-S071,HIGH,UNVERIFIED,DRAWING_ONLY,CANDIDATE_ONLY,,,,GOLDEN_ELIGIBLE,Title block field 'girder_ref'.
DR-1417,ENT-BRACE-AL1,drawing,drawing.title_block.DWG-TB-S071-003,TITLE_BLOCK_VALUE,上下横構(その11),,,,NOR-011,DWG-TB-S071-003,calc_pdf_p73,DWG-S071,HIGH,UNVERIFIED,DRAWING_ONLY,CANDIDATE_ONLY,,,,GOLDEN_ELIGIBLE,Title block field 'drawing_title'.
DR-1418,ENT-BRACE-AL1,drawing,drawing.title_block.DWG-TB-S071-004,TITLE_BLOCK_VALUE,その11,,,,NOR-011,DWG-TB-S071-004,calc_pdf_p73,DWG-S071,HIGH,UNVERIFIED,DRAWING_ONLY,CANDIDATE_ONLY,,,,GOLDEN_ELIGIBLE,Title block field 'sheet_suffix'.
DR-1419,ENT-BRACE-AL1,drawing,drawing.title_block.DWG-TB-S071-005,TITLE_BLOCK_VALUE,lateral_bracing,,,,NOR-011,DWG-TB-S071-005,calc_pdf_p73,DWG-S071,HIGH,UNVERIFIED,DRAWING_ONLY,CANDIDATE_ONLY,,,,GOLDEN_ELIGIBLE,Title block field 'drawing_group'.
DR-1420,ENT-BRACE-AL1,drawing,drawing.title_block.DWG-TB-S071-006,TITLE_BLOCK_VALUE,S=1:30,,,,NOR-011,DWG-TB-S071-006,calc_pdf_p73,DWG-S071,HIGH,UNVERIFIED,DRAWING_ONLY,CANDIDATE_ONLY,,,,GOLDEN_ELIGIBLE,Title block field 'scale'.
DR-1421,ENT-SUPPORT-PR1,drawing,drawing.title_block.DWG-TB-S072-001,TITLE_BLOCK_VALUE,旭高架橋 Aランプ,,,,NOR-011,DWG-TB-S072-001,calc_pdf_p74,DWG-S072,HIGH,UNVERIFIED,DRAWING_ONLY,CANDIDATE_ONLY,,,,GOLDEN_ELIGIBLE,Title block field 'bridge_name'.
DR-1422,ENT-SUPPORT-PR1,drawing,drawing.title_block.DWG-TB-S072-002,TITLE_BLOCK_VALUE,PU15ｰAR2,,,,NOR-011,DWG-TB-S072-002,calc_pdf_p74,DWG-S072,HIGH,UNVERIFIED,DRAWING_ONLY,CANDIDATE_ONLY,,,,GOLDEN_ELIGIBLE,Title block field 'girder_ref'.
DR-1423,ENT-SUPPORT-PR1,drawing,drawing.title_block.DWG-TB-S072-003,TITLE_BLOCK_VALUE,巻き立てコンクリート(その1),,,,NOR-011,DWG-TB-S072-003,calc_pdf_p74,DWG-S072,HIGH,UNVERIFIED,DRAWING_ONLY,CANDIDATE_ONLY,,,,GOLDEN_ELIGIBLE,Title block field 'drawing_title'.
DR-1424,ENT-SUPPORT-PR1,drawing,drawing.title_block.DWG-TB-S072-004,TITLE_BLOCK_VALUE,その1,,,,NOR-011,DWG-TB-S072-004,calc_pdf_p74,DWG-S072,HIGH,UNVERIFIED,DRAWING_ONLY,CANDIDATE_ONLY,,,,GOLDEN_ELIGIBLE,Title block field 'sheet_suffix'.
DR-1425,ENT-SUPPORT-PR1,drawing,drawing.title_block.DWG-TB-S072-005,TITLE_BLOCK_VALUE,wrapping_concrete,,,,NOR-011,DWG-TB-S072-005,calc_pdf_p74,DWG-S072,HIGH,UNVERIFIED,DRAWING_ONLY,CANDIDATE_ONLY,,,,GOLDEN_ELIGIBLE,Title block field 'drawing_group'.
DR-1426,ENT-SUPPORT-PR1,drawing,drawing.title_block.DWG-TB-S072-006,TITLE_BLOCK_VALUE,S=1:30,,,,NOR-011,DWG-TB-S072-006,calc_pdf_p74,DWG-S072,HIGH,UNVERIFIED,DRAWING_ONLY,CANDIDATE_ONLY,,,,GOLDEN_ELIGIBLE,Title block field 'scale'.
DR-1427,ENT-SUPPORT-PR1,drawing,drawing.title_block.DWG-TB-S073-001,TITLE_BLOCK_VALUE,旭高架橋 Aランプ,,,,NOR-011,DWG-TB-S073-001,calc_pdf_p75,DWG-S073,HIGH,UNVERIFIED,DRAWING_ONLY,CANDIDATE_ONLY,,,,GOLDEN_ELIGIBLE,Title block field 'bridge_name'.
DR-1428,ENT-SUPPORT-PR1,drawing,drawing.title_block.DWG-TB-S073-002,TITLE_BLOCK_VALUE,PU15ｰAR2,,,,NOR-011,DWG-TB-S073-002,calc_pdf_p75,DWG-S073,HIGH,UNVERIFIED,DRAWING_ONLY,CANDIDATE_ONLY,,,,GOLDEN_ELIGIBLE,Title block field 'girder_ref'.
DR-1429,ENT-SUPPORT-PR1,drawing,drawing.title_block.DWG-TB-S073-003,TITLE_BLOCK_VALUE,巻き立てコンクリート(その2),,,,NOR-011,DWG-TB-S073-003,calc_pdf_p75,DWG-S073,HIGH,UNVERIFIED,DRAWING_ONLY,CANDIDATE_ONLY,,,,GOLDEN_ELIGIBLE,Title block field 'drawing_title'.
DR-1430,ENT-SUPPORT-PR1,drawing,drawing.title_block.DWG-TB-S073-004,TITLE_BLOCK_VALUE,その2,,,,NOR-011,DWG-TB-S073-004,calc_pdf_p75,DWG-S073,HIGH,UNVERIFIED,DRAWING_ONLY,CANDIDATE_ONLY,,,,GOLDEN_ELIGIBLE,Title block field 'sheet_suffix'.
DR-1431,ENT-SUPPORT-PR1,drawing,drawing.title_block.DWG-TB-S073-005,TITLE_BLOCK_VALUE,wrapping_concrete,,,,NOR-011,DWG-TB-S073-005,calc_pdf_p75,DWG-S073,HIGH,UNVERIFIED,DRAWING_ONLY,CANDIDATE_ONLY,,,,GOLDEN_ELIGIBLE,Title block field 'drawing_group'.
DR-1432,ENT-SUPPORT-PR1,drawing,drawing.title_block.DWG-TB-S073-006,TITLE_BLOCK_VALUE,S=1:30,,,,NOR-011,DWG-TB-S073-006,calc_pdf_p75,DWG-S073,HIGH,UNVERIFIED,DRAWING_ONLY,CANDIDATE_ONLY,,,,GOLDEN_ELIGIBLE,Title block field 'scale'.
DR-1433,ENT-SUPPORT-PR1,drawing,drawing.title_block.DWG-TB-S074-001,TITLE_BLOCK_VALUE,旭高架橋 Aランプ,,,,NOR-011,DWG-TB-S074-001,calc_pdf_p76,DWG-S074,HIGH,UNVERIFIED,DRAWING_ONLY,CANDIDATE_ONLY,,,,GOLDEN_ELIGIBLE,Title block field 'bridge_name'.
DR-1434,ENT-SUPPORT-PR1,drawing,drawing.title_block.DWG-TB-S074-002,TITLE_BLOCK_VALUE,PU15ｰAR2,,,,NOR-011,DWG-TB-S074-002,calc_pdf_p76,DWG-S074,HIGH,UNVERIFIED,DRAWING_ONLY,CANDIDATE_ONLY,,,,GOLDEN_ELIGIBLE,Title block field 'girder_ref'.
DR-1435,ENT-SUPPORT-PR1,drawing,drawing.title_block.DWG-TB-S074-003,TITLE_BLOCK_VALUE,巻き立てコンクリート(その3),,,,NOR-011,DWG-TB-S074-003,calc_pdf_p76,DWG-S074,HIGH,UNVERIFIED,DRAWING_ONLY,CANDIDATE_ONLY,,,,GOLDEN_ELIGIBLE,Title block field 'drawing_title'.
DR-1436,ENT-SUPPORT-PR1,drawing,drawing.title_block.DWG-TB-S074-004,TITLE_BLOCK_VALUE,その3,,,,NOR-011,DWG-TB-S074-004,calc_pdf_p76,DWG-S074,HIGH,UNVERIFIED,DRAWING_ONLY,CANDIDATE_ONLY,,,,GOLDEN_ELIGIBLE,Title block field 'sheet_suffix'.
DR-1437,ENT-SUPPORT-PR1,drawing,drawing.title_block.DWG-TB-S074-005,TITLE_BLOCK_VALUE,wrapping_concrete,,,,NOR-011,DWG-TB-S074-005,calc_pdf_p76,DWG-S074,HIGH,UNVERIFIED,DRAWING_ONLY,CANDIDATE_ONLY,,,,GOLDEN_ELIGIBLE,Title block field 'drawing_group'.
DR-1438,ENT-SUPPORT-PR1,drawing,drawing.title_block.DWG-TB-S074-006,TITLE_BLOCK_VALUE,S=1:30,,,,NOR-011,DWG-TB-S074-006,calc_pdf_p76,DWG-S074,HIGH,UNVERIFIED,DRAWING_ONLY,CANDIDATE_ONLY,,,,GOLDEN_ELIGIBLE,Title block field 'scale'.
DR-1439,ENT-SUPPORT-PR1,drawing,drawing.title_block.DWG-TB-S075-001,TITLE_BLOCK_VALUE,旭高架橋 Aランプ,,,,NOR-011,DWG-TB-S075-001,calc_pdf_p77,DWG-S075,HIGH,UNVERIFIED,DRAWING_ONLY,CANDIDATE_ONLY,,,,GOLDEN_ELIGIBLE,Title block field 'bridge_name'.
DR-1440,ENT-SUPPORT-PR1,drawing,drawing.title_block.DWG-TB-S075-002,TITLE_BLOCK_VALUE,PU15ｰAR2,,,,NOR-011,DWG-TB-S075-002,calc_pdf_p77,DWG-S075,HIGH,UNVERIFIED,DRAWING_ONLY,CANDIDATE_ONLY,,,,GOLDEN_ELIGIBLE,Title block field 'girder_ref'.
DR-1441,ENT-SUPPORT-PR1,drawing,drawing.title_block.DWG-TB-S075-003,TITLE_BLOCK_VALUE,巻き立てコンクリート(その4),,,,NOR-011,DWG-TB-S075-003,calc_pdf_p77,DWG-S075,HIGH,UNVERIFIED,DRAWING_ONLY,CANDIDATE_ONLY,,,,GOLDEN_ELIGIBLE,Title block field 'drawing_title'.
DR-1442,ENT-SUPPORT-PR1,drawing,drawing.title_block.DWG-TB-S075-004,TITLE_BLOCK_VALUE,その4,,,,NOR-011,DWG-TB-S075-004,calc_pdf_p77,DWG-S075,HIGH,UNVERIFIED,DRAWING_ONLY,CANDIDATE_ONLY,,,,GOLDEN_ELIGIBLE,Title block field 'sheet_suffix'.
DR-1443,ENT-SUPPORT-PR1,drawing,drawing.title_block.DWG-TB-S075-005,TITLE_BLOCK_VALUE,wrapping_concrete,,,,NOR-011,DWG-TB-S075-005,calc_pdf_p77,DWG-S075,HIGH,UNVERIFIED,DRAWING_ONLY,CANDIDATE_ONLY,,,,GOLDEN_ELIGIBLE,Title block field 'drawing_group'.
DR-1444,ENT-SUPPORT-PR1,drawing,drawing.title_block.DWG-TB-S075-006,TITLE_BLOCK_VALUE,S=1:30,,,,NOR-011,DWG-TB-S075-006,calc_pdf_p77,DWG-S075,HIGH,UNVERIFIED,DRAWING_ONLY,CANDIDATE_ONLY,,,,GOLDEN_ELIGIBLE,Title block field 'scale'.
DR-1445,ENT-SUPPORT-PR1,drawing,drawing.title_block.DWG-TB-S076-001,TITLE_BLOCK_VALUE,旭高架橋 Aランプ,,,,NOR-011,DWG-TB-S076-001,calc_pdf_p78,DWG-S076,HIGH,UNVERIFIED,DRAWING_ONLY,CANDIDATE_ONLY,,,,GOLDEN_ELIGIBLE,Title block field 'bridge_name'.
DR-1446,ENT-SUPPORT-PR1,drawing,drawing.title_block.DWG-TB-S076-002,TITLE_BLOCK_VALUE,PU15ｰAR2,,,,NOR-011,DWG-TB-S076-002,calc_pdf_p78,DWG-S076,HIGH,UNVERIFIED,DRAWING_ONLY,CANDIDATE_ONLY,,,,GOLDEN_ELIGIBLE,Title block field 'girder_ref'.
DR-1447,ENT-SUPPORT-PR1,drawing,drawing.title_block.DWG-TB-S076-003,TITLE_BLOCK_VALUE,巻き立てコンクリート(その5),,,,NOR-011,DWG-TB-S076-003,calc_pdf_p78,DWG-S076,HIGH,UNVERIFIED,DRAWING_ONLY,CANDIDATE_ONLY,,,,GOLDEN_ELIGIBLE,Title block field 'drawing_title'.
DR-1448,ENT-SUPPORT-PR1,drawing,drawing.title_block.DWG-TB-S076-004,TITLE_BLOCK_VALUE,その5,,,,NOR-011,DWG-TB-S076-004,calc_pdf_p78,DWG-S076,HIGH,UNVERIFIED,DRAWING_ONLY,CANDIDATE_ONLY,,,,GOLDEN_ELIGIBLE,Title block field 'sheet_suffix'.
DR-1449,ENT-SUPPORT-PR1,drawing,drawing.title_block.DWG-TB-S076-005,TITLE_BLOCK_VALUE,wrapping_concrete,,,,NOR-011,DWG-TB-S076-005,calc_pdf_p78,DWG-S076,HIGH,UNVERIFIED,DRAWING_ONLY,CANDIDATE_ONLY,,,,GOLDEN_ELIGIBLE,Title block field 'drawing_group'.
DR-1450,ENT-SUPPORT-PR1,drawing,drawing.title_block.DWG-TB-S076-006,TITLE_BLOCK_VALUE,S=1:30,,,,NOR-011,DWG-TB-S076-006,calc_pdf_p78,DWG-S076,HIGH,UNVERIFIED,DRAWING_ONLY,CANDIDATE_ONLY,,,,GOLDEN_ELIGIBLE,Title block field 'scale'.
DR-1451,ENT-SUPPORT-PR1,drawing,drawing.title_block.DWG-TB-S077-001,TITLE_BLOCK_VALUE,旭高架橋 Aランプ,,,,NOR-011,DWG-TB-S077-001,calc_pdf_p79,DWG-S077,HIGH,UNVERIFIED,DRAWING_ONLY,CANDIDATE_ONLY,,,,GOLDEN_ELIGIBLE,Title block field 'bridge_name'.
DR-1452,ENT-SUPPORT-PR1,drawing,drawing.title_block.DWG-TB-S077-002,TITLE_BLOCK_VALUE,PU15ｰAR2,,,,NOR-011,DWG-TB-S077-002,calc_pdf_p79,DWG-S077,HIGH,UNVERIFIED,DRAWING_ONLY,CANDIDATE_ONLY,,,,GOLDEN_ELIGIBLE,Title block field 'girder_ref'.
DR-1453,ENT-SUPPORT-PR1,drawing,drawing.title_block.DWG-TB-S077-003,TITLE_BLOCK_VALUE,巻き立てコンクリート(その6),,,,NOR-011,DWG-TB-S077-003,calc_pdf_p79,DWG-S077,HIGH,UNVERIFIED,DRAWING_ONLY,CANDIDATE_ONLY,,,,GOLDEN_ELIGIBLE,Title block field 'drawing_title'.
DR-1454,ENT-SUPPORT-PR1,drawing,drawing.title_block.DWG-TB-S077-004,TITLE_BLOCK_VALUE,その6,,,,NOR-011,DWG-TB-S077-004,calc_pdf_p79,DWG-S077,HIGH,UNVERIFIED,DRAWING_ONLY,CANDIDATE_ONLY,,,,GOLDEN_ELIGIBLE,Title block field 'sheet_suffix'.
DR-1455,ENT-SUPPORT-PR1,drawing,drawing.title_block.DWG-TB-S077-005,TITLE_BLOCK_VALUE,wrapping_concrete,,,,NOR-011,DWG-TB-S077-005,calc_pdf_p79,DWG-S077,HIGH,UNVERIFIED,DRAWING_ONLY,CANDIDATE_ONLY,,,,GOLDEN_ELIGIBLE,Title block field 'drawing_group'.
DR-1456,ENT-SUPPORT-PR1,drawing,drawing.title_block.DWG-TB-S077-006,TITLE_BLOCK_VALUE,S=1:30,,,,NOR-011,DWG-TB-S077-006,calc_pdf_p79,DWG-S077,HIGH,UNVERIFIED,DRAWING_ONLY,CANDIDATE_ONLY,,,,GOLDEN_ELIGIBLE,Title block field 'scale'.
DR-1457,ENT-SUPPORT-PR1,drawing,drawing.title_block.DWG-TB-S078-001,TITLE_BLOCK_VALUE,旭高架橋 Aランプ,,,,NOR-011,DWG-TB-S078-001,calc_pdf_p80,DWG-S078,HIGH,UNVERIFIED,DRAWING_ONLY,CANDIDATE_ONLY,,,,GOLDEN_ELIGIBLE,Title block field 'bridge_name'.
DR-1458,ENT-SUPPORT-PR1,drawing,drawing.title_block.DWG-TB-S078-002,TITLE_BLOCK_VALUE,PU15ｰAR2,,,,NOR-011,DWG-TB-S078-002,calc_pdf_p80,DWG-S078,HIGH,UNVERIFIED,DRAWING_ONLY,CANDIDATE_ONLY,,,,GOLDEN_ELIGIBLE,Title block field 'girder_ref'.
DR-1459,ENT-SUPPORT-PR1,drawing,drawing.title_block.DWG-TB-S078-003,TITLE_BLOCK_VALUE,巻き立てコンクリート(その7),,,,NOR-011,DWG-TB-S078-003,calc_pdf_p80,DWG-S078,HIGH,UNVERIFIED,DRAWING_ONLY,CANDIDATE_ONLY,,,,GOLDEN_ELIGIBLE,Title block field 'drawing_title'.
DR-1460,ENT-SUPPORT-PR1,drawing,drawing.title_block.DWG-TB-S078-004,TITLE_BLOCK_VALUE,その7,,,,NOR-011,DWG-TB-S078-004,calc_pdf_p80,DWG-S078,HIGH,UNVERIFIED,DRAWING_ONLY,CANDIDATE_ONLY,,,,GOLDEN_ELIGIBLE,Title block field 'sheet_suffix'.
DR-1461,ENT-SUPPORT-PR1,drawing,drawing.title_block.DWG-TB-S078-005,TITLE_BLOCK_VALUE,wrapping_concrete,,,,NOR-011,DWG-TB-S078-005,calc_pdf_p80,DWG-S078,HIGH,UNVERIFIED,DRAWING_ONLY,CANDIDATE_ONLY,,,,GOLDEN_ELIGIBLE,Title block field 'drawing_group'.
DR-1462,ENT-SUPPORT-PR1,drawing,drawing.title_block.DWG-TB-S078-006,TITLE_BLOCK_VALUE,S=1:30,,,,NOR-011,DWG-TB-S078-006,calc_pdf_p80,DWG-S078,HIGH,UNVERIFIED,DRAWING_ONLY,CANDIDATE_ONLY,,,,GOLDEN_ELIGIBLE,Title block field 'scale'.
DR-1463,ENT-SUPPORT-PR1,drawing,drawing.title_block.DWG-TB-S079-001,TITLE_BLOCK_VALUE,旭高架橋 Aランプ,,,,NOR-011,DWG-TB-S079-001,calc_pdf_p81,DWG-S079,HIGH,UNVERIFIED,DRAWING_ONLY,CANDIDATE_ONLY,,,,GOLDEN_ELIGIBLE,Title block field 'bridge_name'.
DR-1464,ENT-SUPPORT-PR1,drawing,drawing.title_block.DWG-TB-S079-002,TITLE_BLOCK_VALUE,PU15ｰAR2,,,,NOR-011,DWG-TB-S079-002,calc_pdf_p81,DWG-S079,HIGH,UNVERIFIED,DRAWING_ONLY,CANDIDATE_ONLY,,,,GOLDEN_ELIGIBLE,Title block field 'girder_ref'.
DR-1465,ENT-SUPPORT-PR1,drawing,drawing.title_block.DWG-TB-S079-003,TITLE_BLOCK_VALUE,巻き立てコンクリート(その8),,,,NOR-011,DWG-TB-S079-003,calc_pdf_p81,DWG-S079,HIGH,UNVERIFIED,DRAWING_ONLY,CANDIDATE_ONLY,,,,GOLDEN_ELIGIBLE,Title block field 'drawing_title'.
DR-1466,ENT-SUPPORT-PR1,drawing,drawing.title_block.DWG-TB-S079-004,TITLE_BLOCK_VALUE,その8,,,,NOR-011,DWG-TB-S079-004,calc_pdf_p81,DWG-S079,HIGH,UNVERIFIED,DRAWING_ONLY,CANDIDATE_ONLY,,,,GOLDEN_ELIGIBLE,Title block field 'sheet_suffix'.
DR-1467,ENT-SUPPORT-PR1,drawing,drawing.title_block.DWG-TB-S079-005,TITLE_BLOCK_VALUE,wrapping_concrete,,,,NOR-011,DWG-TB-S079-005,calc_pdf_p81,DWG-S079,HIGH,UNVERIFIED,DRAWING_ONLY,CANDIDATE_ONLY,,,,GOLDEN_ELIGIBLE,Title block field 'drawing_group'.
DR-1468,ENT-SUPPORT-PR1,drawing,drawing.title_block.DWG-TB-S079-006,TITLE_BLOCK_VALUE,S=1:30,,,,NOR-011,DWG-TB-S079-006,calc_pdf_p81,DWG-S079,HIGH,UNVERIFIED,DRAWING_ONLY,CANDIDATE_ONLY,,,,GOLDEN_ELIGIBLE,Title block field 'scale'.
DR-1469,ENT-SUPPORT-PR1,drawing,drawing.title_block.DWG-TB-S080-001,TITLE_BLOCK_VALUE,旭高架橋 Aランプ,,,,NOR-011,DWG-TB-S080-001,calc_pdf_p82,DWG-S080,HIGH,UNVERIFIED,DRAWING_ONLY,CANDIDATE_ONLY,,,,GOLDEN_ELIGIBLE,Title block field 'bridge_name'.
DR-1470,ENT-SUPPORT-PR1,drawing,drawing.title_block.DWG-TB-S080-002,TITLE_BLOCK_VALUE,PU15ｰAR2,,,,NOR-011,DWG-TB-S080-002,calc_pdf_p82,DWG-S080,HIGH,UNVERIFIED,DRAWING_ONLY,CANDIDATE_ONLY,,,,GOLDEN_ELIGIBLE,Title block field 'girder_ref'.
DR-1471,ENT-SUPPORT-PR1,drawing,drawing.title_block.DWG-TB-S080-003,TITLE_BLOCK_VALUE,巻き立てコンクリートスタッド図(その1),,,,NOR-011,DWG-TB-S080-003,calc_pdf_p82,DWG-S080,HIGH,UNVERIFIED,DRAWING_ONLY,CANDIDATE_ONLY,,,,GOLDEN_ELIGIBLE,Title block field 'drawing_title'.
DR-1472,ENT-SUPPORT-PR1,drawing,drawing.title_block.DWG-TB-S080-004,TITLE_BLOCK_VALUE,その1,,,,NOR-011,DWG-TB-S080-004,calc_pdf_p82,DWG-S080,HIGH,UNVERIFIED,DRAWING_ONLY,CANDIDATE_ONLY,,,,GOLDEN_ELIGIBLE,Title block field 'sheet_suffix'.
DR-1473,ENT-SUPPORT-PR1,drawing,drawing.title_block.DWG-TB-S080-005,TITLE_BLOCK_VALUE,wrapping_concrete_stud,,,,NOR-011,DWG-TB-S080-005,calc_pdf_p82,DWG-S080,HIGH,UNVERIFIED,DRAWING_ONLY,CANDIDATE_ONLY,,,,GOLDEN_ELIGIBLE,Title block field 'drawing_group'.
DR-1474,ENT-SUPPORT-PR1,drawing,drawing.title_block.DWG-TB-S080-006,TITLE_BLOCK_VALUE,S=1:30,,,,NOR-011,DWG-TB-S080-006,calc_pdf_p82,DWG-S080,HIGH,UNVERIFIED,DRAWING_ONLY,CANDIDATE_ONLY,,,,GOLDEN_ELIGIBLE,Title block field 'scale'.
DR-1475,ENT-SUPPORT-PR1,drawing,drawing.title_block.DWG-TB-S081-001,TITLE_BLOCK_VALUE,旭高架橋 Aランプ,,,,NOR-011,DWG-TB-S081-001,calc_pdf_p83,DWG-S081,HIGH,UNVERIFIED,DRAWING_ONLY,CANDIDATE_ONLY,,,,GOLDEN_ELIGIBLE,Title block field 'bridge_name'.
DR-1476,ENT-SUPPORT-PR1,drawing,drawing.title_block.DWG-TB-S081-002,TITLE_BLOCK_VALUE,PU15ｰAR2,,,,NOR-011,DWG-TB-S081-002,calc_pdf_p83,DWG-S081,HIGH,UNVERIFIED,DRAWING_ONLY,CANDIDATE_ONLY,,,,GOLDEN_ELIGIBLE,Title block field 'girder_ref'.
DR-1477,ENT-SUPPORT-PR1,drawing,drawing.title_block.DWG-TB-S081-003,TITLE_BLOCK_VALUE,巻き立てコンクリートスタッド図(その2),,,,NOR-011,DWG-TB-S081-003,calc_pdf_p83,DWG-S081,HIGH,UNVERIFIED,DRAWING_ONLY,CANDIDATE_ONLY,,,,GOLDEN_ELIGIBLE,Title block field 'drawing_title'.
DR-1478,ENT-SUPPORT-PR1,drawing,drawing.title_block.DWG-TB-S081-004,TITLE_BLOCK_VALUE,その2,,,,NOR-011,DWG-TB-S081-004,calc_pdf_p83,DWG-S081,HIGH,UNVERIFIED,DRAWING_ONLY,CANDIDATE_ONLY,,,,GOLDEN_ELIGIBLE,Title block field 'sheet_suffix'.
DR-1479,ENT-SUPPORT-PR1,drawing,drawing.title_block.DWG-TB-S081-005,TITLE_BLOCK_VALUE,wrapping_concrete_stud,,,,NOR-011,DWG-TB-S081-005,calc_pdf_p83,DWG-S081,HIGH,UNVERIFIED,DRAWING_ONLY,CANDIDATE_ONLY,,,,GOLDEN_ELIGIBLE,Title block field 'drawing_group'.
DR-1480,ENT-SUPPORT-PR1,drawing,drawing.title_block.DWG-TB-S081-006,TITLE_BLOCK_VALUE,S=1:30,,,,NOR-011,DWG-TB-S081-006,calc_pdf_p83,DWG-S081,HIGH,UNVERIFIED,DRAWING_ONLY,CANDIDATE_ONLY,,,,GOLDEN_ELIGIBLE,Title block field 'scale'.
DR-1481,ENT-SUPPORT-PR1,drawing,drawing.title_block.DWG-TB-S082-001,TITLE_BLOCK_VALUE,旭高架橋 Aランプ,,,,NOR-011,DWG-TB-S082-001,calc_pdf_p84,DWG-S082,HIGH,UNVERIFIED,DRAWING_ONLY,CANDIDATE_ONLY,,,,GOLDEN_ELIGIBLE,Title block field 'bridge_name'.
DR-1482,ENT-SUPPORT-PR1,drawing,drawing.title_block.DWG-TB-S082-002,TITLE_BLOCK_VALUE,PU15ｰAR2,,,,NOR-011,DWG-TB-S082-002,calc_pdf_p84,DWG-S082,HIGH,UNVERIFIED,DRAWING_ONLY,CANDIDATE_ONLY,,,,GOLDEN_ELIGIBLE,Title block field 'girder_ref'.
DR-1483,ENT-SUPPORT-PR1,drawing,drawing.title_block.DWG-TB-S082-003,TITLE_BLOCK_VALUE,巻き立てコンクリートスタッド図(その3),,,,NOR-011,DWG-TB-S082-003,calc_pdf_p84,DWG-S082,HIGH,UNVERIFIED,DRAWING_ONLY,CANDIDATE_ONLY,,,,GOLDEN_ELIGIBLE,Title block field 'drawing_title'.
DR-1484,ENT-SUPPORT-PR1,drawing,drawing.title_block.DWG-TB-S082-004,TITLE_BLOCK_VALUE,その3,,,,NOR-011,DWG-TB-S082-004,calc_pdf_p84,DWG-S082,HIGH,UNVERIFIED,DRAWING_ONLY,CANDIDATE_ONLY,,,,GOLDEN_ELIGIBLE,Title block field 'sheet_suffix'.
DR-1485,ENT-SUPPORT-PR1,drawing,drawing.title_block.DWG-TB-S082-005,TITLE_BLOCK_VALUE,wrapping_concrete_stud,,,,NOR-011,DWG-TB-S082-005,calc_pdf_p84,DWG-S082,HIGH,UNVERIFIED,DRAWING_ONLY,CANDIDATE_ONLY,,,,GOLDEN_ELIGIBLE,Title block field 'drawing_group'.
DR-1486,ENT-SUPPORT-PR1,drawing,drawing.title_block.DWG-TB-S082-006,TITLE_BLOCK_VALUE,S=1:30,,,,NOR-011,DWG-TB-S082-006,calc_pdf_p84,DWG-S082,HIGH,UNVERIFIED,DRAWING_ONLY,CANDIDATE_ONLY,,,,GOLDEN_ELIGIBLE,Title block field 'scale'.
DR-1487,ENT-SUPPORT-PR1,drawing,drawing.title_block.DWG-TB-S083-001,TITLE_BLOCK_VALUE,旭高架橋 Aランプ,,,,NOR-011,DWG-TB-S083-001,calc_pdf_p85,DWG-S083,HIGH,UNVERIFIED,DRAWING_ONLY,CANDIDATE_ONLY,,,,GOLDEN_ELIGIBLE,Title block field 'bridge_name'.
DR-1488,ENT-SUPPORT-PR1,drawing,drawing.title_block.DWG-TB-S083-002,TITLE_BLOCK_VALUE,PU15ｰAR2,,,,NOR-011,DWG-TB-S083-002,calc_pdf_p85,DWG-S083,HIGH,UNVERIFIED,DRAWING_ONLY,CANDIDATE_ONLY,,,,GOLDEN_ELIGIBLE,Title block field 'girder_ref'.
DR-1489,ENT-SUPPORT-PR1,drawing,drawing.title_block.DWG-TB-S083-003,TITLE_BLOCK_VALUE,巻き立てコンクリートスタッド図(その4),,,,NOR-011,DWG-TB-S083-003,calc_pdf_p85,DWG-S083,HIGH,UNVERIFIED,DRAWING_ONLY,CANDIDATE_ONLY,,,,GOLDEN_ELIGIBLE,Title block field 'drawing_title'.
DR-1490,ENT-SUPPORT-PR1,drawing,drawing.title_block.DWG-TB-S083-004,TITLE_BLOCK_VALUE,その4,,,,NOR-011,DWG-TB-S083-004,calc_pdf_p85,DWG-S083,HIGH,UNVERIFIED,DRAWING_ONLY,CANDIDATE_ONLY,,,,GOLDEN_ELIGIBLE,Title block field 'sheet_suffix'.
DR-1491,ENT-SUPPORT-PR1,drawing,drawing.title_block.DWG-TB-S083-005,TITLE_BLOCK_VALUE,wrapping_concrete_stud,,,,NOR-011,DWG-TB-S083-005,calc_pdf_p85,DWG-S083,HIGH,UNVERIFIED,DRAWING_ONLY,CANDIDATE_ONLY,,,,GOLDEN_ELIGIBLE,Title block field 'drawing_group'.
DR-1492,ENT-SUPPORT-PR1,drawing,drawing.title_block.DWG-TB-S083-006,TITLE_BLOCK_VALUE,S=1:30,,,,NOR-011,DWG-TB-S083-006,calc_pdf_p85,DWG-S083,HIGH,UNVERIFIED,DRAWING_ONLY,CANDIDATE_ONLY,,,,GOLDEN_ELIGIBLE,Title block field 'scale'.
DR-1493,ENT-DECK,drawing,drawing.title_block.DWG-TB-S084-001,TITLE_BLOCK_VALUE,旭高架橋 Aランプ,,,,NOR-011,DWG-TB-S084-001,calc_pdf_p86,DWG-S084,HIGH,UNVERIFIED,DRAWING_ONLY,CANDIDATE_ONLY,,,,GOLDEN_ELIGIBLE,Title block field 'bridge_name'.
DR-1494,ENT-DECK,drawing,drawing.title_block.DWG-TB-S084-002,TITLE_BLOCK_VALUE,PU15ｰAR2,,,,NOR-011,DWG-TB-S084-002,calc_pdf_p86,DWG-S084,HIGH,UNVERIFIED,DRAWING_ONLY,CANDIDATE_ONLY,,,,GOLDEN_ELIGIBLE,Title block field 'girder_ref'.
DR-1495,ENT-DECK,drawing,drawing.title_block.DWG-TB-S084-003,TITLE_BLOCK_VALUE,合成床版割付図,,,,NOR-011,DWG-TB-S084-003,calc_pdf_p86,DWG-S084,HIGH,UNVERIFIED,DRAWING_ONLY,CANDIDATE_ONLY,,,,GOLDEN_ELIGIBLE,Title block field 'drawing_title'.
DR-1496,ENT-DECK,drawing,drawing.title_block.DWG-TB-S084-004,TITLE_BLOCK_VALUE,composite_deck_layout,,,,NOR-011,DWG-TB-S084-004,calc_pdf_p86,DWG-S084,HIGH,UNVERIFIED,DRAWING_ONLY,CANDIDATE_ONLY,,,,GOLDEN_ELIGIBLE,Title block field 'drawing_group'.
DR-1497,ENT-DECK,drawing,drawing.title_block.DWG-TB-S084-005,TITLE_BLOCK_VALUE,S=1:30,,,,NOR-011,DWG-TB-S084-005,calc_pdf_p86,DWG-S084,HIGH,UNVERIFIED,DRAWING_ONLY,CANDIDATE_ONLY,,,,GOLDEN_ELIGIBLE,Title block field 'scale'.
DR-1498,ENT-SUPPORT-PU15,drawing,drawing.title_block.DWG-TB-S085-001,TITLE_BLOCK_VALUE,旭高架橋 Aランプ,,,,NOR-011,DWG-TB-S085-001,calc_pdf_p87,DWG-S085,HIGH,UNVERIFIED,DRAWING_ONLY,CANDIDATE_ONLY,,,,GOLDEN_ELIGIBLE,Title block field 'bridge_name'.
DR-1499,ENT-SUPPORT-PU15,drawing,drawing.title_block.DWG-TB-S085-002,TITLE_BLOCK_VALUE,PU15ｰAR2,,,,NOR-011,DWG-TB-S085-002,calc_pdf_p87,DWG-S085,HIGH,UNVERIFIED,DRAWING_ONLY,CANDIDATE_ONLY,,,,GOLDEN_ELIGIBLE,Title block field 'girder_ref'.
DR-1500,ENT-SUPPORT-PU15,drawing,drawing.title_block.DWG-TB-S085-003,TITLE_BLOCK_VALUE,支承詳細図(その1),,,,NOR-011,DWG-TB-S085-003,calc_pdf_p87,DWG-S085,HIGH,UNVERIFIED,DRAWING_ONLY,CANDIDATE_ONLY,,,,GOLDEN_ELIGIBLE,Title block field 'drawing_title'.
DR-1501,ENT-SUPPORT-PU15,drawing,drawing.title_block.DWG-TB-S085-004,TITLE_BLOCK_VALUE,その1,,,,NOR-011,DWG-TB-S085-004,calc_pdf_p87,DWG-S085,HIGH,UNVERIFIED,DRAWING_ONLY,CANDIDATE_ONLY,,,,GOLDEN_ELIGIBLE,Title block field 'sheet_suffix'.
DR-1502,ENT-SUPPORT-PU15,drawing,drawing.title_block.DWG-TB-S085-005,TITLE_BLOCK_VALUE,bearing_detail,,,,NOR-011,DWG-TB-S085-005,calc_pdf_p87,DWG-S085,HIGH,UNVERIFIED,DRAWING_ONLY,CANDIDATE_ONLY,,,,GOLDEN_ELIGIBLE,Title block field 'drawing_group'.
DR-1503,ENT-SUPPORT-PU15,drawing,drawing.title_block.DWG-TB-S085-006,TITLE_BLOCK_VALUE,S=1:15,,,,NOR-011,DWG-TB-S085-006,calc_pdf_p87,DWG-S085,HIGH,UNVERIFIED,DRAWING_ONLY,CANDIDATE_ONLY,,,,GOLDEN_ELIGIBLE,Title block field 'scale'.
DR-1504,ENT-SUPPORT-PU15,drawing,drawing.title_block.DWG-TB-S086-001,TITLE_BLOCK_VALUE,旭高架橋 Aランプ,,,,NOR-011,DWG-TB-S086-001,calc_pdf_p88,DWG-S086,HIGH,UNVERIFIED,DRAWING_ONLY,CANDIDATE_ONLY,,,,GOLDEN_ELIGIBLE,Title block field 'bridge_name'.
DR-1505,ENT-SUPPORT-PU15,drawing,drawing.title_block.DWG-TB-S086-002,TITLE_BLOCK_VALUE,PU15ｰAR2,,,,NOR-011,DWG-TB-S086-002,calc_pdf_p88,DWG-S086,HIGH,UNVERIFIED,DRAWING_ONLY,CANDIDATE_ONLY,,,,GOLDEN_ELIGIBLE,Title block field 'girder_ref'.
DR-1506,ENT-SUPPORT-PU15,drawing,drawing.title_block.DWG-TB-S086-003,TITLE_BLOCK_VALUE,支承詳細図(その2),,,,NOR-011,DWG-TB-S086-003,calc_pdf_p88,DWG-S086,HIGH,UNVERIFIED,DRAWING_ONLY,CANDIDATE_ONLY,,,,GOLDEN_ELIGIBLE,Title block field 'drawing_title'.
DR-1507,ENT-SUPPORT-PU15,drawing,drawing.title_block.DWG-TB-S086-004,TITLE_BLOCK_VALUE,その2,,,,NOR-011,DWG-TB-S086-004,calc_pdf_p88,DWG-S086,HIGH,UNVERIFIED,DRAWING_ONLY,CANDIDATE_ONLY,,,,GOLDEN_ELIGIBLE,Title block field 'sheet_suffix'.
DR-1508,ENT-SUPPORT-PU15,drawing,drawing.title_block.DWG-TB-S086-005,TITLE_BLOCK_VALUE,bearing_detail,,,,NOR-011,DWG-TB-S086-005,calc_pdf_p88,DWG-S086,HIGH,UNVERIFIED,DRAWING_ONLY,CANDIDATE_ONLY,,,,GOLDEN_ELIGIBLE,Title block field 'drawing_group'.
DR-1509,ENT-SUPPORT-PU15,drawing,drawing.title_block.DWG-TB-S086-006,TITLE_BLOCK_VALUE,S=1:15,,,,NOR-011,DWG-TB-S086-006,calc_pdf_p88,DWG-S086,HIGH,UNVERIFIED,DRAWING_ONLY,CANDIDATE_ONLY,,,,GOLDEN_ELIGIBLE,Title block field 'scale'.
DR-1510,ENT-SUPPORT-PU15,drawing,drawing.title_block.DWG-TB-S087-001,TITLE_BLOCK_VALUE,旭高架橋 Aランプ,,,,NOR-011,DWG-TB-S087-001,calc_pdf_p89,DWG-S087,HIGH,UNVERIFIED,DRAWING_ONLY,CANDIDATE_ONLY,,,,GOLDEN_ELIGIBLE,Title block field 'bridge_name'.
DR-1511,ENT-SUPPORT-PU15,drawing,drawing.title_block.DWG-TB-S087-002,TITLE_BLOCK_VALUE,PU15ｰAR2,,,,NOR-011,DWG-TB-S087-002,calc_pdf_p89,DWG-S087,HIGH,UNVERIFIED,DRAWING_ONLY,CANDIDATE_ONLY,,,,GOLDEN_ELIGIBLE,Title block field 'girder_ref'.
DR-1512,ENT-SUPPORT-PU15,drawing,drawing.title_block.DWG-TB-S087-003,TITLE_BLOCK_VALUE,支承詳細図(その3),,,,NOR-011,DWG-TB-S087-003,calc_pdf_p89,DWG-S087,HIGH,UNVERIFIED,DRAWING_ONLY,CANDIDATE_ONLY,,,,GOLDEN_ELIGIBLE,Title block field 'drawing_title'.
DR-1513,ENT-SUPPORT-PU15,drawing,drawing.title_block.DWG-TB-S087-004,TITLE_BLOCK_VALUE,その3,,,,NOR-011,DWG-TB-S087-004,calc_pdf_p89,DWG-S087,HIGH,UNVERIFIED,DRAWING_ONLY,CANDIDATE_ONLY,,,,GOLDEN_ELIGIBLE,Title block field 'sheet_suffix'.
DR-1514,ENT-SUPPORT-PU15,drawing,drawing.title_block.DWG-TB-S087-005,TITLE_BLOCK_VALUE,bearing_detail,,,,NOR-011,DWG-TB-S087-005,calc_pdf_p89,DWG-S087,HIGH,UNVERIFIED,DRAWING_ONLY,CANDIDATE_ONLY,,,,GOLDEN_ELIGIBLE,Title block field 'drawing_group'.
DR-1515,ENT-SUPPORT-PU15,drawing,drawing.title_block.DWG-TB-S087-006,TITLE_BLOCK_VALUE,S=1:15,,,,NOR-011,DWG-TB-S087-006,calc_pdf_p89,DWG-S087,HIGH,UNVERIFIED,DRAWING_ONLY,CANDIDATE_ONLY,,,,GOLDEN_ELIGIBLE,Title block field 'scale'.
DR-1516,ENT-SUPPORT-PU15,drawing,drawing.title_block.DWG-TB-S088-001,TITLE_BLOCK_VALUE,旭高架橋 Aランプ,,,,NOR-011,DWG-TB-S088-001,calc_pdf_p90,DWG-S088,HIGH,UNVERIFIED,DRAWING_ONLY,CANDIDATE_ONLY,,,,GOLDEN_ELIGIBLE,Title block field 'bridge_name'.
DR-1517,ENT-SUPPORT-PU15,drawing,drawing.title_block.DWG-TB-S088-002,TITLE_BLOCK_VALUE,PU15ｰAR2,,,,NOR-011,DWG-TB-S088-002,calc_pdf_p90,DWG-S088,HIGH,UNVERIFIED,DRAWING_ONLY,CANDIDATE_ONLY,,,,GOLDEN_ELIGIBLE,Title block field 'girder_ref'.
DR-1518,ENT-SUPPORT-PU15,drawing,drawing.title_block.DWG-TB-S088-003,TITLE_BLOCK_VALUE,支承詳細図(その4),,,,NOR-011,DWG-TB-S088-003,calc_pdf_p90,DWG-S088,HIGH,UNVERIFIED,DRAWING_ONLY,CANDIDATE_ONLY,,,,GOLDEN_ELIGIBLE,Title block field 'drawing_title'.
DR-1519,ENT-SUPPORT-PU15,drawing,drawing.title_block.DWG-TB-S088-004,TITLE_BLOCK_VALUE,その4,,,,NOR-011,DWG-TB-S088-004,calc_pdf_p90,DWG-S088,HIGH,UNVERIFIED,DRAWING_ONLY,CANDIDATE_ONLY,,,,GOLDEN_ELIGIBLE,Title block field 'sheet_suffix'.
DR-1520,ENT-SUPPORT-PU15,drawing,drawing.title_block.DWG-TB-S088-005,TITLE_BLOCK_VALUE,bearing_detail,,,,NOR-011,DWG-TB-S088-005,calc_pdf_p90,DWG-S088,HIGH,UNVERIFIED,DRAWING_ONLY,CANDIDATE_ONLY,,,,GOLDEN_ELIGIBLE,Title block field 'drawing_group'.
DR-1521,ENT-SUPPORT-PU15,drawing,drawing.title_block.DWG-TB-S088-006,TITLE_BLOCK_VALUE,S=1:15,,,,NOR-011,DWG-TB-S088-006,calc_pdf_p90,DWG-S088,HIGH,UNVERIFIED,DRAWING_ONLY,CANDIDATE_ONLY,,,,GOLDEN_ELIGIBLE,Title block field 'scale'.
DR-1695,ENT-LINE-ACL,drawing,drawing.title_block.DWG-TB-S089-001,TITLE_BLOCK_VALUE,全 141 葉の内 89 号,,,,NOR-011,DWG-TB-S089-001,calc_pdf_p91,DWG-S089,HIGH,UNVERIFIED,DRAWING_ONLY,CANDIDATE_ONLY,,,,GOLDEN_ELIGIBLE,Title block field '図面番号'.
DR-1696,ENT-LINE-ACL,drawing,drawing.title_block.DWG-TB-S089-002,TITLE_BLOCK_VALUE,一般国道247号（西知多道路）,,,,NOR-011,DWG-TB-S089-002,calc_pdf_p91,DWG-S089,HIGH,UNVERIFIED,DRAWING_ONLY,CANDIDATE_ONLY,,,,GOLDEN_ELIGIBLE,Title block field '工事名'.
DR-1697,ENT-LINE-ACL,drawing,drawing.title_block.DWG-TB-S089-003,TITLE_BLOCK_VALUE,一般国道247号（西知多道路）,,,,NOR-011,DWG-TB-S089-003,calc_pdf_p91,DWG-S089,HIGH,UNVERIFIED,DRAWING_ONLY,CANDIDATE_ONLY,,,,GOLDEN_ELIGIBLE,Title block field '路線名'.
DR-1698,ENT-LINE-ACL,drawing,drawing.title_block.DWG-TB-S089-004,TITLE_BLOCK_VALUE,知多市旭地内始め,,,,NOR-011,DWG-TB-S089-004,calc_pdf_p91,DWG-S089,HIGH,UNVERIFIED,DRAWING_ONLY,CANDIDATE_ONLY,,,,GOLDEN_ELIGIBLE,Title block field '施工箇所名'.
DR-1699,ENT-LINE-ACL,drawing,drawing.title_block.DWG-TB-S090-001,TITLE_BLOCK_VALUE,全 141 葉の内 90 号,,,,NOR-011,DWG-TB-S090-001,calc_pdf_p92,DWG-S090,HIGH,UNVERIFIED,DRAWING_ONLY,CANDIDATE_ONLY,,,,GOLDEN_ELIGIBLE,Title block field '図面番号'.
DR-1700,ENT-LINE-ACL,drawing,drawing.title_block.DWG-TB-S090-002,TITLE_BLOCK_VALUE,一般国道247号（西知多道路）,,,,NOR-011,DWG-TB-S090-002,calc_pdf_p92,DWG-S090,HIGH,UNVERIFIED,DRAWING_ONLY,CANDIDATE_ONLY,,,,GOLDEN_ELIGIBLE,Title block field '工事名'.
DR-1701,ENT-LINE-ACL,drawing,drawing.title_block.DWG-TB-S090-003,TITLE_BLOCK_VALUE,一般国道247号（西知多道路）,,,,NOR-011,DWG-TB-S090-003,calc_pdf_p92,DWG-S090,HIGH,UNVERIFIED,DRAWING_ONLY,CANDIDATE_ONLY,,,,GOLDEN_ELIGIBLE,Title block field '路線名'.
DR-1702,ENT-LINE-ACL,drawing,drawing.title_block.DWG-TB-S090-004,TITLE_BLOCK_VALUE,知多市旭地内始め,,,,NOR-011,DWG-TB-S090-004,calc_pdf_p92,DWG-S090,HIGH,UNVERIFIED,DRAWING_ONLY,CANDIDATE_ONLY,,,,GOLDEN_ELIGIBLE,Title block field '施工箇所名'.
DR-1703,ENT-LINE-ACL,drawing,drawing.title_block.DWG-TB-S091-001,TITLE_BLOCK_VALUE,全 141 葉の内 91 号,,,,NOR-011,DWG-TB-S091-001,calc_pdf_p93,DWG-S091,HIGH,UNVERIFIED,DRAWING_ONLY,CANDIDATE_ONLY,,,,GOLDEN_ELIGIBLE,Title block field '図面番号'.
DR-1704,ENT-LINE-ACL,drawing,drawing.title_block.DWG-TB-S091-002,TITLE_BLOCK_VALUE,一般国道247号（西知多道路）,,,,NOR-011,DWG-TB-S091-002,calc_pdf_p93,DWG-S091,HIGH,UNVERIFIED,DRAWING_ONLY,CANDIDATE_ONLY,,,,GOLDEN_ELIGIBLE,Title block field '工事名'.
DR-1705,ENT-LINE-ACL,drawing,drawing.title_block.DWG-TB-S091-003,TITLE_BLOCK_VALUE,一般国道247号（西知多道路）,,,,NOR-011,DWG-TB-S091-003,calc_pdf_p93,DWG-S091,HIGH,UNVERIFIED,DRAWING_ONLY,CANDIDATE_ONLY,,,,GOLDEN_ELIGIBLE,Title block field '路線名'.
DR-1706,ENT-LINE-ACL,drawing,drawing.title_block.DWG-TB-S091-004,TITLE_BLOCK_VALUE,知多市旭地内始め,,,,NOR-011,DWG-TB-S091-004,calc_pdf_p93,DWG-S091,HIGH,UNVERIFIED,DRAWING_ONLY,CANDIDATE_ONLY,,,,GOLDEN_ELIGIBLE,Title block field '施工箇所名'.
DR-1707,ENT-LINE-ACL,drawing,drawing.title_block.DWG-TB-S092-001,TITLE_BLOCK_VALUE,全 141 葉の内 92 号,,,,NOR-011,DWG-TB-S092-001,calc_pdf_p94,DWG-S092,HIGH,UNVERIFIED,DRAWING_ONLY,CANDIDATE_ONLY,,,,GOLDEN_ELIGIBLE,Title block field '図面番号'.
DR-1708,ENT-LINE-ACL,drawing,drawing.title_block.DWG-TB-S092-002,TITLE_BLOCK_VALUE,一般国道247号（西知多道路）,,,,NOR-011,DWG-TB-S092-002,calc_pdf_p94,DWG-S092,HIGH,UNVERIFIED,DRAWING_ONLY,CANDIDATE_ONLY,,,,GOLDEN_ELIGIBLE,Title block field '工事名'.
DR-1709,ENT-LINE-ACL,drawing,drawing.title_block.DWG-TB-S092-003,TITLE_BLOCK_VALUE,一般国道247号（西知多道路）,,,,NOR-011,DWG-TB-S092-003,calc_pdf_p94,DWG-S092,HIGH,UNVERIFIED,DRAWING_ONLY,CANDIDATE_ONLY,,,,GOLDEN_ELIGIBLE,Title block field '路線名'.
DR-1710,ENT-LINE-ACL,drawing,drawing.title_block.DWG-TB-S092-004,TITLE_BLOCK_VALUE,知多市旭地内始め,,,,NOR-011,DWG-TB-S092-004,calc_pdf_p94,DWG-S092,HIGH,UNVERIFIED,DRAWING_ONLY,CANDIDATE_ONLY,,,,GOLDEN_ELIGIBLE,Title block field '施工箇所名'.
DR-1711,ENT-DECK,drawing,drawing.title_block.DWG-TB-S093-001,TITLE_BLOCK_VALUE,全 141 葉の内 93 号,,,,NOR-011,DWG-TB-S093-001,calc_pdf_p95,DWG-S093,HIGH,UNVERIFIED,DRAWING_ONLY,CANDIDATE_ONLY,,,,GOLDEN_ELIGIBLE,Title block field '図面番号'.
DR-1712,ENT-DECK,drawing,drawing.title_block.DWG-TB-S093-002,TITLE_BLOCK_VALUE,一般国道247号（西知多道路）,,,,NOR-011,DWG-TB-S093-002,calc_pdf_p95,DWG-S093,HIGH,UNVERIFIED,DRAWING_ONLY,CANDIDATE_ONLY,,,,GOLDEN_ELIGIBLE,Title block field '工事名'.
DR-1713,ENT-DECK,drawing,drawing.title_block.DWG-TB-S093-003,TITLE_BLOCK_VALUE,一般国道247号（西知多道路）,,,,NOR-011,DWG-TB-S093-003,calc_pdf_p95,DWG-S093,HIGH,UNVERIFIED,DRAWING_ONLY,CANDIDATE_ONLY,,,,GOLDEN_ELIGIBLE,Title block field '路線名'.
DR-1714,ENT-DECK,drawing,drawing.title_block.DWG-TB-S093-004,TITLE_BLOCK_VALUE,知多市旭地内始め,,,,NOR-011,DWG-TB-S093-004,calc_pdf_p95,DWG-S093,HIGH,UNVERIFIED,DRAWING_ONLY,CANDIDATE_ONLY,,,,GOLDEN_ELIGIBLE,Title block field '施工箇所名'.
DR-1715,ENT-DECK,drawing,drawing.title_block.DWG-TB-S094-001,TITLE_BLOCK_VALUE,全 141 葉の内 94 号,,,,NOR-011,DWG-TB-S094-001,calc_pdf_p96,DWG-S094,HIGH,UNVERIFIED,DRAWING_ONLY,CANDIDATE_ONLY,,,,GOLDEN_ELIGIBLE,Title block field '図面番号'.
DR-1716,ENT-DECK,drawing,drawing.title_block.DWG-TB-S094-002,TITLE_BLOCK_VALUE,一般国道247号（西知多道路）,,,,NOR-011,DWG-TB-S094-002,calc_pdf_p96,DWG-S094,HIGH,UNVERIFIED,DRAWING_ONLY,CANDIDATE_ONLY,,,,GOLDEN_ELIGIBLE,Title block field '工事名'.
DR-1717,ENT-DECK,drawing,drawing.title_block.DWG-TB-S094-003,TITLE_BLOCK_VALUE,一般国道247号（西知多道路）,,,,NOR-011,DWG-TB-S094-003,calc_pdf_p96,DWG-S094,HIGH,UNVERIFIED,DRAWING_ONLY,CANDIDATE_ONLY,,,,GOLDEN_ELIGIBLE,Title block field '路線名'.
DR-1718,ENT-DECK,drawing,drawing.title_block.DWG-TB-S094-004,TITLE_BLOCK_VALUE,知多市旭地内始め,,,,NOR-011,DWG-TB-S094-004,calc_pdf_p96,DWG-S094,HIGH,UNVERIFIED,DRAWING_ONLY,CANDIDATE_ONLY,,,,GOLDEN_ELIGIBLE,Title block field '施工箇所名'.
DR-1719,ENT-DECK,drawing,drawing.title_block.DWG-TB-S095-001,TITLE_BLOCK_VALUE,全 141 葉の内 95 号,,,,NOR-011,DWG-TB-S095-001,calc_pdf_p97,DWG-S095,HIGH,UNVERIFIED,DRAWING_ONLY,CANDIDATE_ONLY,,,,GOLDEN_ELIGIBLE,Title block field '図面番号'.
DR-1720,ENT-DECK,drawing,drawing.title_block.DWG-TB-S095-002,TITLE_BLOCK_VALUE,一般国道247号（西知多道路）,,,,NOR-011,DWG-TB-S095-002,calc_pdf_p97,DWG-S095,HIGH,UNVERIFIED,DRAWING_ONLY,CANDIDATE_ONLY,,,,GOLDEN_ELIGIBLE,Title block field '工事名'.
DR-1721,ENT-DECK,drawing,drawing.title_block.DWG-TB-S095-003,TITLE_BLOCK_VALUE,一般国道247号（西知多道路）,,,,NOR-011,DWG-TB-S095-003,calc_pdf_p97,DWG-S095,HIGH,UNVERIFIED,DRAWING_ONLY,CANDIDATE_ONLY,,,,GOLDEN_ELIGIBLE,Title block field '路線名'.
DR-1722,ENT-DECK,drawing,drawing.title_block.DWG-TB-S095-004,TITLE_BLOCK_VALUE,知多市旭地内始め,,,,NOR-011,DWG-TB-S095-004,calc_pdf_p97,DWG-S095,HIGH,UNVERIFIED,DRAWING_ONLY,CANDIDATE_ONLY,,,,GOLDEN_ELIGIBLE,Title block field '施工箇所名'.
DR-1723,ENT-DECK,drawing,drawing.title_block.DWG-TB-S096-001,TITLE_BLOCK_VALUE,全 141 葉の内 96 号,,,,NOR-011,DWG-TB-S096-001,calc_pdf_p98,DWG-S096,HIGH,UNVERIFIED,DRAWING_ONLY,CANDIDATE_ONLY,,,,GOLDEN_ELIGIBLE,Title block field '図面番号'.
DR-1724,ENT-DECK,drawing,drawing.title_block.DWG-TB-S096-002,TITLE_BLOCK_VALUE,一般国道247号（西知多道路）,,,,NOR-011,DWG-TB-S096-002,calc_pdf_p98,DWG-S096,HIGH,UNVERIFIED,DRAWING_ONLY,CANDIDATE_ONLY,,,,GOLDEN_ELIGIBLE,Title block field '工事名'.
DR-1725,ENT-DECK,drawing,drawing.title_block.DWG-TB-S096-003,TITLE_BLOCK_VALUE,一般国道247号（西知多道路）,,,,NOR-011,DWG-TB-S096-003,calc_pdf_p98,DWG-S096,HIGH,UNVERIFIED,DRAWING_ONLY,CANDIDATE_ONLY,,,,GOLDEN_ELIGIBLE,Title block field '路線名'.
DR-1726,ENT-DECK,drawing,drawing.title_block.DWG-TB-S096-004,TITLE_BLOCK_VALUE,知多市旭地内始め,,,,NOR-011,DWG-TB-S096-004,calc_pdf_p98,DWG-S096,HIGH,UNVERIFIED,DRAWING_ONLY,CANDIDATE_ONLY,,,,GOLDEN_ELIGIBLE,Title block field '施工箇所名'.
DR-1727,ENT-DECK,drawing,drawing.title_block.DWG-TB-S097-001,TITLE_BLOCK_VALUE,全 141 葉の内 97 号,,,,NOR-011,DWG-TB-S097-001,calc_pdf_p99,DWG-S097,HIGH,UNVERIFIED,DRAWING_ONLY,CANDIDATE_ONLY,,,,GOLDEN_ELIGIBLE,Title block field '図面番号'.
DR-1728,ENT-DECK,drawing,drawing.title_block.DWG-TB-S097-002,TITLE_BLOCK_VALUE,一般国道247号（西知多道路）,,,,NOR-011,DWG-TB-S097-002,calc_pdf_p99,DWG-S097,HIGH,UNVERIFIED,DRAWING_ONLY,CANDIDATE_ONLY,,,,GOLDEN_ELIGIBLE,Title block field '工事名'.
DR-1729,ENT-DECK,drawing,drawing.title_block.DWG-TB-S097-003,TITLE_BLOCK_VALUE,一般国道247号（西知多道路）,,,,NOR-011,DWG-TB-S097-003,calc_pdf_p99,DWG-S097,HIGH,UNVERIFIED,DRAWING_ONLY,CANDIDATE_ONLY,,,,GOLDEN_ELIGIBLE,Title block field '路線名'.
DR-1730,ENT-DECK,drawing,drawing.title_block.DWG-TB-S097-004,TITLE_BLOCK_VALUE,知多市旭地内始め,,,,NOR-011,DWG-TB-S097-004,calc_pdf_p99,DWG-S097,HIGH,UNVERIFIED,DRAWING_ONLY,CANDIDATE_ONLY,,,,GOLDEN_ELIGIBLE,Title block field '施工箇所名'.
DR-1731,ENT-DECK,drawing,drawing.title_block.DWG-TB-S098-001,TITLE_BLOCK_VALUE,全 141 葉の内 98 号,,,,NOR-011,DWG-TB-S098-001,calc_pdf_p100,DWG-S098,HIGH,UNVERIFIED,DRAWING_ONLY,CANDIDATE_ONLY,,,,GOLDEN_ELIGIBLE,Title block field '図面番号'.
DR-1732,ENT-DECK,drawing,drawing.title_block.DWG-TB-S098-002,TITLE_BLOCK_VALUE,一般国道247号（西知多道路）,,,,NOR-011,DWG-TB-S098-002,calc_pdf_p100,DWG-S098,HIGH,UNVERIFIED,DRAWING_ONLY,CANDIDATE_ONLY,,,,GOLDEN_ELIGIBLE,Title block field '工事名'.
DR-1733,ENT-DECK,drawing,drawing.title_block.DWG-TB-S098-003,TITLE_BLOCK_VALUE,一般国道247号（西知多道路）,,,,NOR-011,DWG-TB-S098-003,calc_pdf_p100,DWG-S098,HIGH,UNVERIFIED,DRAWING_ONLY,CANDIDATE_ONLY,,,,GOLDEN_ELIGIBLE,Title block field '路線名'.
DR-1734,ENT-DECK,drawing,drawing.title_block.DWG-TB-S098-004,TITLE_BLOCK_VALUE,知多市旭地内始め,,,,NOR-011,DWG-TB-S098-004,calc_pdf_p100,DWG-S098,HIGH,UNVERIFIED,DRAWING_ONLY,CANDIDATE_ONLY,,,,GOLDEN_ELIGIBLE,Title block field '施工箇所名'.
DR-1735,ENT-DECK,drawing,drawing.title_block.DWG-TB-S099-001,TITLE_BLOCK_VALUE,全 141 葉の内 99 号,,,,NOR-011,DWG-TB-S099-001,calc_pdf_p101,DWG-S099,HIGH,UNVERIFIED,DRAWING_ONLY,CANDIDATE_ONLY,,,,GOLDEN_ELIGIBLE,Title block field '図面番号'.
DR-1736,ENT-DECK,drawing,drawing.title_block.DWG-TB-S099-002,TITLE_BLOCK_VALUE,一般国道247号（西知多道路）,,,,NOR-011,DWG-TB-S099-002,calc_pdf_p101,DWG-S099,HIGH,UNVERIFIED,DRAWING_ONLY,CANDIDATE_ONLY,,,,GOLDEN_ELIGIBLE,Title block field '工事名'.
DR-1737,ENT-DECK,drawing,drawing.title_block.DWG-TB-S099-003,TITLE_BLOCK_VALUE,一般国道247号（西知多道路）,,,,NOR-011,DWG-TB-S099-003,calc_pdf_p101,DWG-S099,HIGH,UNVERIFIED,DRAWING_ONLY,CANDIDATE_ONLY,,,,GOLDEN_ELIGIBLE,Title block field '路線名'.
DR-1738,ENT-DECK,drawing,drawing.title_block.DWG-TB-S099-004,TITLE_BLOCK_VALUE,知多市旭地内始め,,,,NOR-011,DWG-TB-S099-004,calc_pdf_p101,DWG-S099,HIGH,UNVERIFIED,DRAWING_ONLY,CANDIDATE_ONLY,,,,GOLDEN_ELIGIBLE,Title block field '施工箇所名'.
DR-1739,ENT-DECK,drawing,drawing.title_block.DWG-TB-S100-001,TITLE_BLOCK_VALUE,全 141 葉の内 100 号,,,,NOR-011,DWG-TB-S100-001,calc_pdf_p102,DWG-S100,HIGH,UNVERIFIED,DRAWING_ONLY,CANDIDATE_ONLY,,,,GOLDEN_ELIGIBLE,Title block field '図面番号'.
DR-1740,ENT-DECK,drawing,drawing.title_block.DWG-TB-S100-002,TITLE_BLOCK_VALUE,一般国道247号（西知多道路）,,,,NOR-011,DWG-TB-S100-002,calc_pdf_p102,DWG-S100,HIGH,UNVERIFIED,DRAWING_ONLY,CANDIDATE_ONLY,,,,GOLDEN_ELIGIBLE,Title block field '工事名'.
DR-1741,ENT-DECK,drawing,drawing.title_block.DWG-TB-S100-003,TITLE_BLOCK_VALUE,一般国道247号（西知多道路）,,,,NOR-011,DWG-TB-S100-003,calc_pdf_p102,DWG-S100,HIGH,UNVERIFIED,DRAWING_ONLY,CANDIDATE_ONLY,,,,GOLDEN_ELIGIBLE,Title block field '路線名'.
DR-1742,ENT-DECK,drawing,drawing.title_block.DWG-TB-S100-004,TITLE_BLOCK_VALUE,知多市旭地内始め,,,,NOR-011,DWG-TB-S100-004,calc_pdf_p102,DWG-S100,HIGH,UNVERIFIED,DRAWING_ONLY,CANDIDATE_ONLY,,,,GOLDEN_ELIGIBLE,Title block field '施工箇所名'.
DR-1743,ENT-LINE-ACL,drawing,drawing.title_block.DWG-TB-S101-001,TITLE_BLOCK_VALUE,全 141 葉の内 101 号,,,,NOR-011,DWG-TB-S101-001,calc_pdf_p103,DWG-S101,HIGH,UNVERIFIED,DRAWING_ONLY,CANDIDATE_ONLY,,,,GOLDEN_ELIGIBLE,Title block field '図面番号'.
DR-1744,ENT-LINE-ACL,drawing,drawing.title_block.DWG-TB-S101-002,TITLE_BLOCK_VALUE,一般国道247号（西知多道路）,,,,NOR-011,DWG-TB-S101-002,calc_pdf_p103,DWG-S101,HIGH,UNVERIFIED,DRAWING_ONLY,CANDIDATE_ONLY,,,,GOLDEN_ELIGIBLE,Title block field '工事名'.
DR-1745,ENT-LINE-ACL,drawing,drawing.title_block.DWG-TB-S101-003,TITLE_BLOCK_VALUE,一般国道247号（西知多道路）,,,,NOR-011,DWG-TB-S101-003,calc_pdf_p103,DWG-S101,HIGH,UNVERIFIED,DRAWING_ONLY,CANDIDATE_ONLY,,,,GOLDEN_ELIGIBLE,Title block field '路線名'.
DR-1746,ENT-LINE-ACL,drawing,drawing.title_block.DWG-TB-S101-004,TITLE_BLOCK_VALUE,知多市旭地内始め,,,,NOR-011,DWG-TB-S101-004,calc_pdf_p103,DWG-S101,HIGH,UNVERIFIED,DRAWING_ONLY,CANDIDATE_ONLY,,,,GOLDEN_ELIGIBLE,Title block field '施工箇所名'.
DR-1747,ENT-LINE-ACL,drawing,drawing.title_block.DWG-TB-S102-001,TITLE_BLOCK_VALUE,全 141 葉の内 102 号,,,,NOR-011,DWG-TB-S102-001,calc_pdf_p104,DWG-S102,HIGH,UNVERIFIED,DRAWING_ONLY,CANDIDATE_ONLY,,,,GOLDEN_ELIGIBLE,Title block field '図面番号'.
DR-1748,ENT-LINE-ACL,drawing,drawing.title_block.DWG-TB-S102-002,TITLE_BLOCK_VALUE,一般国道247号（西知多道路）,,,,NOR-011,DWG-TB-S102-002,calc_pdf_p104,DWG-S102,HIGH,UNVERIFIED,DRAWING_ONLY,CANDIDATE_ONLY,,,,GOLDEN_ELIGIBLE,Title block field '工事名'.
DR-1749,ENT-LINE-ACL,drawing,drawing.title_block.DWG-TB-S102-003,TITLE_BLOCK_VALUE,一般国道247号（西知多道路）,,,,NOR-011,DWG-TB-S102-003,calc_pdf_p104,DWG-S102,HIGH,UNVERIFIED,DRAWING_ONLY,CANDIDATE_ONLY,,,,GOLDEN_ELIGIBLE,Title block field '路線名'.
DR-1750,ENT-LINE-ACL,drawing,drawing.title_block.DWG-TB-S102-004,TITLE_BLOCK_VALUE,知多市旭地内始め,,,,NOR-011,DWG-TB-S102-004,calc_pdf_p104,DWG-S102,HIGH,UNVERIFIED,DRAWING_ONLY,CANDIDATE_ONLY,,,,GOLDEN_ELIGIBLE,Title block field '施工箇所名'.
DR-1751,ENT-LINE-ACL,drawing,drawing.title_block.DWG-TB-S103-001,TITLE_BLOCK_VALUE,全 141 葉の内 103 号,,,,NOR-011,DWG-TB-S103-001,calc_pdf_p105,DWG-S103,HIGH,UNVERIFIED,DRAWING_ONLY,CANDIDATE_ONLY,,,,GOLDEN_ELIGIBLE,Title block field '図面番号'.
DR-1752,ENT-LINE-ACL,drawing,drawing.title_block.DWG-TB-S103-002,TITLE_BLOCK_VALUE,一般国道247号（西知多道路）,,,,NOR-011,DWG-TB-S103-002,calc_pdf_p105,DWG-S103,HIGH,UNVERIFIED,DRAWING_ONLY,CANDIDATE_ONLY,,,,GOLDEN_ELIGIBLE,Title block field '工事名'.
DR-1753,ENT-LINE-ACL,drawing,drawing.title_block.DWG-TB-S103-003,TITLE_BLOCK_VALUE,一般国道247号（西知多道路）,,,,NOR-011,DWG-TB-S103-003,calc_pdf_p105,DWG-S103,HIGH,UNVERIFIED,DRAWING_ONLY,CANDIDATE_ONLY,,,,GOLDEN_ELIGIBLE,Title block field '路線名'.
DR-1754,ENT-LINE-ACL,drawing,drawing.title_block.DWG-TB-S103-004,TITLE_BLOCK_VALUE,知多市旭地内始め,,,,NOR-011,DWG-TB-S103-004,calc_pdf_p105,DWG-S103,HIGH,UNVERIFIED,DRAWING_ONLY,CANDIDATE_ONLY,,,,GOLDEN_ELIGIBLE,Title block field '施工箇所名'.
DR-1755,ENT-LINE-ACL,drawing,drawing.title_block.DWG-TB-S104-001,TITLE_BLOCK_VALUE,全 141 葉の内 104 号,,,,NOR-011,DWG-TB-S104-001,calc_pdf_p106,DWG-S104,HIGH,UNVERIFIED,DRAWING_ONLY,CANDIDATE_ONLY,,,,GOLDEN_ELIGIBLE,Title block field '図面番号'.
DR-1756,ENT-LINE-ACL,drawing,drawing.title_block.DWG-TB-S104-002,TITLE_BLOCK_VALUE,一般国道247号（西知多道路）,,,,NOR-011,DWG-TB-S104-002,calc_pdf_p106,DWG-S104,HIGH,UNVERIFIED,DRAWING_ONLY,CANDIDATE_ONLY,,,,GOLDEN_ELIGIBLE,Title block field '工事名'.
DR-1757,ENT-LINE-ACL,drawing,drawing.title_block.DWG-TB-S104-003,TITLE_BLOCK_VALUE,一般国道247号（西知多道路）,,,,NOR-011,DWG-TB-S104-003,calc_pdf_p106,DWG-S104,HIGH,UNVERIFIED,DRAWING_ONLY,CANDIDATE_ONLY,,,,GOLDEN_ELIGIBLE,Title block field '路線名'.
DR-1758,ENT-LINE-ACL,drawing,drawing.title_block.DWG-TB-S104-004,TITLE_BLOCK_VALUE,知多市旭地内始め,,,,NOR-011,DWG-TB-S104-004,calc_pdf_p106,DWG-S104,HIGH,UNVERIFIED,DRAWING_ONLY,CANDIDATE_ONLY,,,,GOLDEN_ELIGIBLE,Title block field '施工箇所名'.
DR-1759,ENT-LINE-ACL,drawing,drawing.title_block.DWG-TB-S105-001,TITLE_BLOCK_VALUE,全 141 葉の内 105 号,,,,NOR-011,DWG-TB-S105-001,calc_pdf_p107,DWG-S105,HIGH,UNVERIFIED,DRAWING_ONLY,CANDIDATE_ONLY,,,,GOLDEN_ELIGIBLE,Title block field '図面番号'.
DR-1760,ENT-LINE-ACL,drawing,drawing.title_block.DWG-TB-S105-002,TITLE_BLOCK_VALUE,一般国道247号（西知多道路）,,,,NOR-011,DWG-TB-S105-002,calc_pdf_p107,DWG-S105,HIGH,UNVERIFIED,DRAWING_ONLY,CANDIDATE_ONLY,,,,GOLDEN_ELIGIBLE,Title block field '工事名'.
DR-1761,ENT-LINE-ACL,drawing,drawing.title_block.DWG-TB-S105-003,TITLE_BLOCK_VALUE,一般国道247号（西知多道路）,,,,NOR-011,DWG-TB-S105-003,calc_pdf_p107,DWG-S105,HIGH,UNVERIFIED,DRAWING_ONLY,CANDIDATE_ONLY,,,,GOLDEN_ELIGIBLE,Title block field '路線名'.
DR-1762,ENT-LINE-ACL,drawing,drawing.title_block.DWG-TB-S105-004,TITLE_BLOCK_VALUE,知多市旭地内始め,,,,NOR-011,DWG-TB-S105-004,calc_pdf_p107,DWG-S105,HIGH,UNVERIFIED,DRAWING_ONLY,CANDIDATE_ONLY,,,,GOLDEN_ELIGIBLE,Title block field '施工箇所名'.
DR-1763,ENT-LINE-ACL,drawing,drawing.title_block.DWG-TB-S106-001,TITLE_BLOCK_VALUE,全 141 葉の内 106 号,,,,NOR-011,DWG-TB-S106-001,calc_pdf_p108,DWG-S106,HIGH,UNVERIFIED,DRAWING_ONLY,CANDIDATE_ONLY,,,,GOLDEN_ELIGIBLE,Title block field '図面番号'.
DR-1764,ENT-LINE-ACL,drawing,drawing.title_block.DWG-TB-S106-002,TITLE_BLOCK_VALUE,一般国道247号（西知多道路）,,,,NOR-011,DWG-TB-S106-002,calc_pdf_p108,DWG-S106,HIGH,UNVERIFIED,DRAWING_ONLY,CANDIDATE_ONLY,,,,GOLDEN_ELIGIBLE,Title block field '工事名'.
DR-1765,ENT-LINE-ACL,drawing,drawing.title_block.DWG-TB-S106-003,TITLE_BLOCK_VALUE,一般国道247号（西知多道路）,,,,NOR-011,DWG-TB-S106-003,calc_pdf_p108,DWG-S106,HIGH,UNVERIFIED,DRAWING_ONLY,CANDIDATE_ONLY,,,,GOLDEN_ELIGIBLE,Title block field '路線名'.
DR-1766,ENT-LINE-ACL,drawing,drawing.title_block.DWG-TB-S106-004,TITLE_BLOCK_VALUE,知多市旭地内始め,,,,NOR-011,DWG-TB-S106-004,calc_pdf_p108,DWG-S106,HIGH,UNVERIFIED,DRAWING_ONLY,CANDIDATE_ONLY,,,,GOLDEN_ELIGIBLE,Title block field '施工箇所名'.
DR-1767,ENT-LINE-ACL,drawing,drawing.title_block.DWG-TB-S107-001,TITLE_BLOCK_VALUE,全 141 葉の内 107 号,,,,NOR-011,DWG-TB-S107-001,calc_pdf_p109,DWG-S107,HIGH,UNVERIFIED,DRAWING_ONLY,CANDIDATE_ONLY,,,,GOLDEN_ELIGIBLE,Title block field '図面番号'.
DR-1768,ENT-LINE-ACL,drawing,drawing.title_block.DWG-TB-S107-002,TITLE_BLOCK_VALUE,一般国道247号（西知多道路）,,,,NOR-011,DWG-TB-S107-002,calc_pdf_p109,DWG-S107,HIGH,UNVERIFIED,DRAWING_ONLY,CANDIDATE_ONLY,,,,GOLDEN_ELIGIBLE,Title block field '工事名'.
DR-1769,ENT-LINE-ACL,drawing,drawing.title_block.DWG-TB-S107-003,TITLE_BLOCK_VALUE,一般国道247号（西知多道路）,,,,NOR-011,DWG-TB-S107-003,calc_pdf_p109,DWG-S107,HIGH,UNVERIFIED,DRAWING_ONLY,CANDIDATE_ONLY,,,,GOLDEN_ELIGIBLE,Title block field '路線名'.
DR-1770,ENT-LINE-ACL,drawing,drawing.title_block.DWG-TB-S107-004,TITLE_BLOCK_VALUE,知多市旭地内始め,,,,NOR-011,DWG-TB-S107-004,calc_pdf_p109,DWG-S107,HIGH,UNVERIFIED,DRAWING_ONLY,CANDIDATE_ONLY,,,,GOLDEN_ELIGIBLE,Title block field '施工箇所名'.
DR-1771,ENT-LINE-ACL,drawing,drawing.title_block.DWG-TB-S108-001,TITLE_BLOCK_VALUE,全 141 葉の内 108 号,,,,NOR-011,DWG-TB-S108-001,calc_pdf_p110,DWG-S108,HIGH,UNVERIFIED,DRAWING_ONLY,CANDIDATE_ONLY,,,,GOLDEN_ELIGIBLE,Title block field '図面番号'.
DR-1772,ENT-LINE-ACL,drawing,drawing.title_block.DWG-TB-S108-002,TITLE_BLOCK_VALUE,一般国道247号（西知多道路）,,,,NOR-011,DWG-TB-S108-002,calc_pdf_p110,DWG-S108,HIGH,UNVERIFIED,DRAWING_ONLY,CANDIDATE_ONLY,,,,GOLDEN_ELIGIBLE,Title block field '工事名'.
DR-1773,ENT-LINE-ACL,drawing,drawing.title_block.DWG-TB-S108-003,TITLE_BLOCK_VALUE,一般国道247号（西知多道路）,,,,NOR-011,DWG-TB-S108-003,calc_pdf_p110,DWG-S108,HIGH,UNVERIFIED,DRAWING_ONLY,CANDIDATE_ONLY,,,,GOLDEN_ELIGIBLE,Title block field '路線名'.
DR-1774,ENT-LINE-ACL,drawing,drawing.title_block.DWG-TB-S108-004,TITLE_BLOCK_VALUE,知多市旭地内始め,,,,NOR-011,DWG-TB-S108-004,calc_pdf_p110,DWG-S108,HIGH,UNVERIFIED,DRAWING_ONLY,CANDIDATE_ONLY,,,,GOLDEN_ELIGIBLE,Title block field '施工箇所名'.
DR-1775,ENT-LINE-ACL,drawing,drawing.title_block.DWG-TB-S109-001,TITLE_BLOCK_VALUE,全 141 葉の内 109 号,,,,NOR-011,DWG-TB-S109-001,calc_pdf_p111,DWG-S109,HIGH,UNVERIFIED,DRAWING_ONLY,CANDIDATE_ONLY,,,,GOLDEN_ELIGIBLE,Title block field '図面番号'.
DR-1776,ENT-LINE-ACL,drawing,drawing.title_block.DWG-TB-S109-002,TITLE_BLOCK_VALUE,一般国道247号（西知多道路）,,,,NOR-011,DWG-TB-S109-002,calc_pdf_p111,DWG-S109,HIGH,UNVERIFIED,DRAWING_ONLY,CANDIDATE_ONLY,,,,GOLDEN_ELIGIBLE,Title block field '工事名'.
DR-1777,ENT-LINE-ACL,drawing,drawing.title_block.DWG-TB-S109-003,TITLE_BLOCK_VALUE,一般国道247号（西知多道路）,,,,NOR-011,DWG-TB-S109-003,calc_pdf_p111,DWG-S109,HIGH,UNVERIFIED,DRAWING_ONLY,CANDIDATE_ONLY,,,,GOLDEN_ELIGIBLE,Title block field '路線名'.
DR-1778,ENT-LINE-ACL,drawing,drawing.title_block.DWG-TB-S109-004,TITLE_BLOCK_VALUE,知多市旭地内始め,,,,NOR-011,DWG-TB-S109-004,calc_pdf_p111,DWG-S109,HIGH,UNVERIFIED,DRAWING_ONLY,CANDIDATE_ONLY,,,,GOLDEN_ELIGIBLE,Title block field '施工箇所名'.
DR-1779,ENT-LINE-ACL,drawing,drawing.title_block.DWG-TB-S110-001,TITLE_BLOCK_VALUE,全 141 葉の内 110 号,,,,NOR-011,DWG-TB-S110-001,calc_pdf_p112,DWG-S110,HIGH,UNVERIFIED,DRAWING_ONLY,CANDIDATE_ONLY,,,,GOLDEN_ELIGIBLE,Title block field '図面番号'.
DR-1780,ENT-LINE-ACL,drawing,drawing.title_block.DWG-TB-S110-002,TITLE_BLOCK_VALUE,一般国道247号（西知多道路）,,,,NOR-011,DWG-TB-S110-002,calc_pdf_p112,DWG-S110,HIGH,UNVERIFIED,DRAWING_ONLY,CANDIDATE_ONLY,,,,GOLDEN_ELIGIBLE,Title block field '工事名'.
DR-1781,ENT-LINE-ACL,drawing,drawing.title_block.DWG-TB-S110-003,TITLE_BLOCK_VALUE,一般国道247号（西知多道路）,,,,NOR-011,DWG-TB-S110-003,calc_pdf_p112,DWG-S110,HIGH,UNVERIFIED,DRAWING_ONLY,CANDIDATE_ONLY,,,,GOLDEN_ELIGIBLE,Title block field '路線名'.
DR-1782,ENT-LINE-ACL,drawing,drawing.title_block.DWG-TB-S110-004,TITLE_BLOCK_VALUE,知多市旭地内始め,,,,NOR-011,DWG-TB-S110-004,calc_pdf_p112,DWG-S110,HIGH,UNVERIFIED,DRAWING_ONLY,CANDIDATE_ONLY,,,,GOLDEN_ELIGIBLE,Title block field '施工箇所名'.
DR-1783,ENT-LINE-ACL,drawing,drawing.title_block.DWG-TB-S111-001,TITLE_BLOCK_VALUE,全 141 葉の内 111 号,,,,NOR-011,DWG-TB-S111-001,calc_pdf_p113,DWG-S111,HIGH,UNVERIFIED,DRAWING_ONLY,CANDIDATE_ONLY,,,,GOLDEN_ELIGIBLE,Title block field '図面番号'.
DR-1784,ENT-LINE-ACL,drawing,drawing.title_block.DWG-TB-S111-002,TITLE_BLOCK_VALUE,一般国道247号（西知多道路）,,,,NOR-011,DWG-TB-S111-002,calc_pdf_p113,DWG-S111,HIGH,UNVERIFIED,DRAWING_ONLY,CANDIDATE_ONLY,,,,GOLDEN_ELIGIBLE,Title block field '工事名'.
DR-1785,ENT-LINE-ACL,drawing,drawing.title_block.DWG-TB-S111-003,TITLE_BLOCK_VALUE,一般国道247号（西知多道路）,,,,NOR-011,DWG-TB-S111-003,calc_pdf_p113,DWG-S111,HIGH,UNVERIFIED,DRAWING_ONLY,CANDIDATE_ONLY,,,,GOLDEN_ELIGIBLE,Title block field '路線名'.
DR-1786,ENT-LINE-ACL,drawing,drawing.title_block.DWG-TB-S111-004,TITLE_BLOCK_VALUE,知多市旭地内始め,,,,NOR-011,DWG-TB-S111-004,calc_pdf_p113,DWG-S111,HIGH,UNVERIFIED,DRAWING_ONLY,CANDIDATE_ONLY,,,,GOLDEN_ELIGIBLE,Title block field '施工箇所名'.
DR-1787,ENT-LINE-ACL,drawing,drawing.title_block.DWG-TB-S112-001,TITLE_BLOCK_VALUE,全 141 葉の内 112 号,,,,NOR-011,DWG-TB-S112-001,calc_pdf_p114,DWG-S112,HIGH,UNVERIFIED,DRAWING_ONLY,CANDIDATE_ONLY,,,,GOLDEN_ELIGIBLE,Title block field '図面番号'.
DR-1788,ENT-LINE-ACL,drawing,drawing.title_block.DWG-TB-S112-002,TITLE_BLOCK_VALUE,一般国道247号（西知多道路）,,,,NOR-011,DWG-TB-S112-002,calc_pdf_p114,DWG-S112,HIGH,UNVERIFIED,DRAWING_ONLY,CANDIDATE_ONLY,,,,GOLDEN_ELIGIBLE,Title block field '工事名'.
DR-1789,ENT-LINE-ACL,drawing,drawing.title_block.DWG-TB-S112-003,TITLE_BLOCK_VALUE,一般国道247号（西知多道路）,,,,NOR-011,DWG-TB-S112-003,calc_pdf_p114,DWG-S112,HIGH,UNVERIFIED,DRAWING_ONLY,CANDIDATE_ONLY,,,,GOLDEN_ELIGIBLE,Title block field '路線名'.
DR-1790,ENT-LINE-ACL,drawing,drawing.title_block.DWG-TB-S112-004,TITLE_BLOCK_VALUE,知多市旭地内始め,,,,NOR-011,DWG-TB-S112-004,calc_pdf_p114,DWG-S112,HIGH,UNVERIFIED,DRAWING_ONLY,CANDIDATE_ONLY,,,,GOLDEN_ELIGIBLE,Title block field '施工箇所名'.
DR-1791,ENT-LINE-ACL,drawing,drawing.title_block.DWG-TB-S113-001,TITLE_BLOCK_VALUE,全 141 葉の内 113 号,,,,NOR-011,DWG-TB-S113-001,calc_pdf_p115,DWG-S113,HIGH,UNVERIFIED,DRAWING_ONLY,CANDIDATE_ONLY,,,,GOLDEN_ELIGIBLE,Title block field '図面番号'.
DR-1792,ENT-LINE-ACL,drawing,drawing.title_block.DWG-TB-S113-002,TITLE_BLOCK_VALUE,一般国道247号（西知多道路）,,,,NOR-011,DWG-TB-S113-002,calc_pdf_p115,DWG-S113,HIGH,UNVERIFIED,DRAWING_ONLY,CANDIDATE_ONLY,,,,GOLDEN_ELIGIBLE,Title block field '工事名'.
DR-1793,ENT-LINE-ACL,drawing,drawing.title_block.DWG-TB-S113-003,TITLE_BLOCK_VALUE,一般国道247号（西知多道路）,,,,NOR-011,DWG-TB-S113-003,calc_pdf_p115,DWG-S113,HIGH,UNVERIFIED,DRAWING_ONLY,CANDIDATE_ONLY,,,,GOLDEN_ELIGIBLE,Title block field '路線名'.
DR-1794,ENT-LINE-ACL,drawing,drawing.title_block.DWG-TB-S113-004,TITLE_BLOCK_VALUE,知多市旭地内始め,,,,NOR-011,DWG-TB-S113-004,calc_pdf_p115,DWG-S113,HIGH,UNVERIFIED,DRAWING_ONLY,CANDIDATE_ONLY,,,,GOLDEN_ELIGIBLE,Title block field '施工箇所名'.
DR-1795,ENT-LINE-ACL,drawing,drawing.title_block.DWG-TB-S114-001,TITLE_BLOCK_VALUE,全 141 葉の内 114 号,,,,NOR-011,DWG-TB-S114-001,calc_pdf_p116,DWG-S114,HIGH,UNVERIFIED,DRAWING_ONLY,CANDIDATE_ONLY,,,,GOLDEN_ELIGIBLE,Title block field '図面番号'.
DR-1796,ENT-LINE-ACL,drawing,drawing.title_block.DWG-TB-S114-002,TITLE_BLOCK_VALUE,一般国道247号（西知多道路）,,,,NOR-011,DWG-TB-S114-002,calc_pdf_p116,DWG-S114,HIGH,UNVERIFIED,DRAWING_ONLY,CANDIDATE_ONLY,,,,GOLDEN_ELIGIBLE,Title block field '工事名'.
DR-1797,ENT-LINE-ACL,drawing,drawing.title_block.DWG-TB-S114-003,TITLE_BLOCK_VALUE,一般国道247号（西知多道路）,,,,NOR-011,DWG-TB-S114-003,calc_pdf_p116,DWG-S114,HIGH,UNVERIFIED,DRAWING_ONLY,CANDIDATE_ONLY,,,,GOLDEN_ELIGIBLE,Title block field '路線名'.
DR-1798,ENT-LINE-ACL,drawing,drawing.title_block.DWG-TB-S114-004,TITLE_BLOCK_VALUE,知多市旭地内始め,,,,NOR-011,DWG-TB-S114-004,calc_pdf_p116,DWG-S114,HIGH,UNVERIFIED,DRAWING_ONLY,CANDIDATE_ONLY,,,,GOLDEN_ELIGIBLE,Title block field '施工箇所名'.
DR-1799,ENT-LINE-ACL,drawing,drawing.title_block.DWG-TB-S115-001,TITLE_BLOCK_VALUE,全 141 葉の内 115 号,,,,NOR-011,DWG-TB-S115-001,calc_pdf_p117,DWG-S115,HIGH,UNVERIFIED,DRAWING_ONLY,CANDIDATE_ONLY,,,,GOLDEN_ELIGIBLE,Title block field '図面番号'.
DR-1800,ENT-LINE-ACL,drawing,drawing.title_block.DWG-TB-S115-002,TITLE_BLOCK_VALUE,一般国道247号（西知多道路）,,,,NOR-011,DWG-TB-S115-002,calc_pdf_p117,DWG-S115,HIGH,UNVERIFIED,DRAWING_ONLY,CANDIDATE_ONLY,,,,GOLDEN_ELIGIBLE,Title block field '工事名'.
DR-1801,ENT-LINE-ACL,drawing,drawing.title_block.DWG-TB-S115-003,TITLE_BLOCK_VALUE,一般国道247号（西知多道路）,,,,NOR-011,DWG-TB-S115-003,calc_pdf_p117,DWG-S115,HIGH,UNVERIFIED,DRAWING_ONLY,CANDIDATE_ONLY,,,,GOLDEN_ELIGIBLE,Title block field '路線名'.
DR-1802,ENT-LINE-ACL,drawing,drawing.title_block.DWG-TB-S115-004,TITLE_BLOCK_VALUE,知多市旭地内始め,,,,NOR-011,DWG-TB-S115-004,calc_pdf_p117,DWG-S115,HIGH,UNVERIFIED,DRAWING_ONLY,CANDIDATE_ONLY,,,,GOLDEN_ELIGIBLE,Title block field '施工箇所名'.
DR-1803,ENT-LINE-ACL,drawing,drawing.title_block.DWG-TB-S116-001,TITLE_BLOCK_VALUE,全 141 葉の内 116 号,,,,NOR-011,DWG-TB-S116-001,calc_pdf_p118,DWG-S116,HIGH,UNVERIFIED,DRAWING_ONLY,CANDIDATE_ONLY,,,,GOLDEN_ELIGIBLE,Title block field '図面番号'.
DR-1804,ENT-LINE-ACL,drawing,drawing.title_block.DWG-TB-S116-002,TITLE_BLOCK_VALUE,一般国道247号（西知多道路）,,,,NOR-011,DWG-TB-S116-002,calc_pdf_p118,DWG-S116,HIGH,UNVERIFIED,DRAWING_ONLY,CANDIDATE_ONLY,,,,GOLDEN_ELIGIBLE,Title block field '工事名'.
DR-1805,ENT-LINE-ACL,drawing,drawing.title_block.DWG-TB-S116-003,TITLE_BLOCK_VALUE,一般国道247号（西知多道路）,,,,NOR-011,DWG-TB-S116-003,calc_pdf_p118,DWG-S116,HIGH,UNVERIFIED,DRAWING_ONLY,CANDIDATE_ONLY,,,,GOLDEN_ELIGIBLE,Title block field '路線名'.
DR-1806,ENT-LINE-ACL,drawing,drawing.title_block.DWG-TB-S116-004,TITLE_BLOCK_VALUE,知多市旭地内始め,,,,NOR-011,DWG-TB-S116-004,calc_pdf_p118,DWG-S116,HIGH,UNVERIFIED,DRAWING_ONLY,CANDIDATE_ONLY,,,,GOLDEN_ELIGIBLE,Title block field '施工箇所名'.
DR-1807,ENT-LINE-ACL,drawing,drawing.title_block.DWG-TB-S117-001,TITLE_BLOCK_VALUE,全 141 葉の内 117 号,,,,NOR-011,DWG-TB-S117-001,calc_pdf_p119,DWG-S117,HIGH,UNVERIFIED,DRAWING_ONLY,CANDIDATE_ONLY,,,,GOLDEN_ELIGIBLE,Title block field '図面番号'.
DR-1808,ENT-LINE-ACL,drawing,drawing.title_block.DWG-TB-S117-002,TITLE_BLOCK_VALUE,一般国道247号（西知多道路）,,,,NOR-011,DWG-TB-S117-002,calc_pdf_p119,DWG-S117,HIGH,UNVERIFIED,DRAWING_ONLY,CANDIDATE_ONLY,,,,GOLDEN_ELIGIBLE,Title block field '工事名'.
DR-1809,ENT-LINE-ACL,drawing,drawing.title_block.DWG-TB-S117-003,TITLE_BLOCK_VALUE,一般国道247号（西知多道路）,,,,NOR-011,DWG-TB-S117-003,calc_pdf_p119,DWG-S117,HIGH,UNVERIFIED,DRAWING_ONLY,CANDIDATE_ONLY,,,,GOLDEN_ELIGIBLE,Title block field '路線名'.
DR-1810,ENT-LINE-ACL,drawing,drawing.title_block.DWG-TB-S117-004,TITLE_BLOCK_VALUE,知多市旭地内始め,,,,NOR-011,DWG-TB-S117-004,calc_pdf_p119,DWG-S117,HIGH,UNVERIFIED,DRAWING_ONLY,CANDIDATE_ONLY,,,,GOLDEN_ELIGIBLE,Title block field '施工箇所名'.
DR-1811,ENT-LINE-ACL,drawing,drawing.title_block.DWG-TB-S118-001,TITLE_BLOCK_VALUE,全 141 葉の内 118 号,,,,NOR-011,DWG-TB-S118-001,calc_pdf_p120,DWG-S118,HIGH,UNVERIFIED,DRAWING_ONLY,CANDIDATE_ONLY,,,,GOLDEN_ELIGIBLE,Title block field '図面番号'.
DR-1812,ENT-LINE-ACL,drawing,drawing.title_block.DWG-TB-S118-002,TITLE_BLOCK_VALUE,一般国道247号（西知多道路）,,,,NOR-011,DWG-TB-S118-002,calc_pdf_p120,DWG-S118,HIGH,UNVERIFIED,DRAWING_ONLY,CANDIDATE_ONLY,,,,GOLDEN_ELIGIBLE,Title block field '工事名'.
DR-1813,ENT-LINE-ACL,drawing,drawing.title_block.DWG-TB-S118-003,TITLE_BLOCK_VALUE,一般国道247号（西知多道路）,,,,NOR-011,DWG-TB-S118-003,calc_pdf_p120,DWG-S118,HIGH,UNVERIFIED,DRAWING_ONLY,CANDIDATE_ONLY,,,,GOLDEN_ELIGIBLE,Title block field '路線名'.
DR-1814,ENT-LINE-ACL,drawing,drawing.title_block.DWG-TB-S118-004,TITLE_BLOCK_VALUE,知多市旭地内始め,,,,NOR-011,DWG-TB-S118-004,calc_pdf_p120,DWG-S118,HIGH,UNVERIFIED,DRAWING_ONLY,CANDIDATE_ONLY,,,,GOLDEN_ELIGIBLE,Title block field '施工箇所名'.
DR-1815,ENT-LINE-ACL,drawing,drawing.title_block.DWG-TB-S119-001,TITLE_BLOCK_VALUE,全 141 葉の内 119 号,,,,NOR-011,DWG-TB-S119-001,calc_pdf_p121,DWG-S119,HIGH,UNVERIFIED,DRAWING_ONLY,CANDIDATE_ONLY,,,,GOLDEN_ELIGIBLE,Title block field '図面番号'.
DR-1816,ENT-LINE-ACL,drawing,drawing.title_block.DWG-TB-S119-002,TITLE_BLOCK_VALUE,一般国道247号（西知多道路）,,,,NOR-011,DWG-TB-S119-002,calc_pdf_p121,DWG-S119,HIGH,UNVERIFIED,DRAWING_ONLY,CANDIDATE_ONLY,,,,GOLDEN_ELIGIBLE,Title block field '工事名'.
DR-1817,ENT-LINE-ACL,drawing,drawing.title_block.DWG-TB-S119-003,TITLE_BLOCK_VALUE,一般国道247号（西知多道路）,,,,NOR-011,DWG-TB-S119-003,calc_pdf_p121,DWG-S119,HIGH,UNVERIFIED,DRAWING_ONLY,CANDIDATE_ONLY,,,,GOLDEN_ELIGIBLE,Title block field '路線名'.
DR-1818,ENT-LINE-ACL,drawing,drawing.title_block.DWG-TB-S119-004,TITLE_BLOCK_VALUE,知多市旭地内始め,,,,NOR-011,DWG-TB-S119-004,calc_pdf_p121,DWG-S119,HIGH,UNVERIFIED,DRAWING_ONLY,CANDIDATE_ONLY,,,,GOLDEN_ELIGIBLE,Title block field '施工箇所名'.
DR-1819,ENT-LINE-ACL,drawing,drawing.title_block.DWG-TB-S120-001,TITLE_BLOCK_VALUE,全 141 葉の内 120 号,,,,NOR-011,DWG-TB-S120-001,calc_pdf_p122,DWG-S120,HIGH,UNVERIFIED,DRAWING_ONLY,CANDIDATE_ONLY,,,,GOLDEN_ELIGIBLE,Title block field '図面番号'.
DR-1820,ENT-LINE-ACL,drawing,drawing.title_block.DWG-TB-S120-002,TITLE_BLOCK_VALUE,一般国道247号（西知多道路）,,,,NOR-011,DWG-TB-S120-002,calc_pdf_p122,DWG-S120,HIGH,UNVERIFIED,DRAWING_ONLY,CANDIDATE_ONLY,,,,GOLDEN_ELIGIBLE,Title block field '工事名'.
DR-1821,ENT-LINE-ACL,drawing,drawing.title_block.DWG-TB-S120-003,TITLE_BLOCK_VALUE,一般国道247号（西知多道路）,,,,NOR-011,DWG-TB-S120-003,calc_pdf_p122,DWG-S120,HIGH,UNVERIFIED,DRAWING_ONLY,CANDIDATE_ONLY,,,,GOLDEN_ELIGIBLE,Title block field '路線名'.
DR-1822,ENT-LINE-ACL,drawing,drawing.title_block.DWG-TB-S120-004,TITLE_BLOCK_VALUE,知多市旭地内始め,,,,NOR-011,DWG-TB-S120-004,calc_pdf_p122,DWG-S120,HIGH,UNVERIFIED,DRAWING_ONLY,CANDIDATE_ONLY,,,,GOLDEN_ELIGIBLE,Title block field '施工箇所名'.
DR-1823,ENT-LINE-ACL,drawing,drawing.title_block.DWG-TB-S121-001,TITLE_BLOCK_VALUE,全 141 葉の内 121 号,,,,NOR-011,DWG-TB-S121-001,calc_pdf_p123,DWG-S121,HIGH,UNVERIFIED,DRAWING_ONLY,CANDIDATE_ONLY,,,,GOLDEN_ELIGIBLE,Title block field '図面番号'.
DR-1824,ENT-LINE-ACL,drawing,drawing.title_block.DWG-TB-S121-002,TITLE_BLOCK_VALUE,一般国道247号（西知多道路）,,,,NOR-011,DWG-TB-S121-002,calc_pdf_p123,DWG-S121,HIGH,UNVERIFIED,DRAWING_ONLY,CANDIDATE_ONLY,,,,GOLDEN_ELIGIBLE,Title block field '工事名'.
DR-1825,ENT-LINE-ACL,drawing,drawing.title_block.DWG-TB-S121-003,TITLE_BLOCK_VALUE,一般国道247号（西知多道路）,,,,NOR-011,DWG-TB-S121-003,calc_pdf_p123,DWG-S121,HIGH,UNVERIFIED,DRAWING_ONLY,CANDIDATE_ONLY,,,,GOLDEN_ELIGIBLE,Title block field '路線名'.
DR-1826,ENT-LINE-ACL,drawing,drawing.title_block.DWG-TB-S121-004,TITLE_BLOCK_VALUE,知多市旭地内始め,,,,NOR-011,DWG-TB-S121-004,calc_pdf_p123,DWG-S121,HIGH,UNVERIFIED,DRAWING_ONLY,CANDIDATE_ONLY,,,,GOLDEN_ELIGIBLE,Title block field '施工箇所名'.
DR-1827,ENT-LINE-ACL,drawing,drawing.title_block.DWG-TB-S122-001,TITLE_BLOCK_VALUE,全 141 葉の内 122 号,,,,NOR-011,DWG-TB-S122-001,calc_pdf_p124,DWG-S122,HIGH,UNVERIFIED,DRAWING_ONLY,CANDIDATE_ONLY,,,,GOLDEN_ELIGIBLE,Title block field '図面番号'.
DR-1828,ENT-LINE-ACL,drawing,drawing.title_block.DWG-TB-S122-002,TITLE_BLOCK_VALUE,一般国道247号（西知多道路）,,,,NOR-011,DWG-TB-S122-002,calc_pdf_p124,DWG-S122,HIGH,UNVERIFIED,DRAWING_ONLY,CANDIDATE_ONLY,,,,GOLDEN_ELIGIBLE,Title block field '工事名'.
DR-1829,ENT-LINE-ACL,drawing,drawing.title_block.DWG-TB-S122-003,TITLE_BLOCK_VALUE,一般国道247号（西知多道路）,,,,NOR-011,DWG-TB-S122-003,calc_pdf_p124,DWG-S122,HIGH,UNVERIFIED,DRAWING_ONLY,CANDIDATE_ONLY,,,,GOLDEN_ELIGIBLE,Title block field '路線名'.
DR-1830,ENT-LINE-ACL,drawing,drawing.title_block.DWG-TB-S122-004,TITLE_BLOCK_VALUE,知多市旭地内始め,,,,NOR-011,DWG-TB-S122-004,calc_pdf_p124,DWG-S122,HIGH,UNVERIFIED,DRAWING_ONLY,CANDIDATE_ONLY,,,,GOLDEN_ELIGIBLE,Title block field '施工箇所名'.
DR-1831,ENT-LINE-ACL,drawing,drawing.title_block.DWG-TB-S123-001,TITLE_BLOCK_VALUE,全 141 葉の内 123 号,,,,NOR-011,DWG-TB-S123-001,calc_pdf_p125,DWG-S123,HIGH,UNVERIFIED,DRAWING_ONLY,CANDIDATE_ONLY,,,,GOLDEN_ELIGIBLE,Title block field '図面番号'.
DR-1832,ENT-LINE-ACL,drawing,drawing.title_block.DWG-TB-S123-002,TITLE_BLOCK_VALUE,一般国道247号（西知多道路）,,,,NOR-011,DWG-TB-S123-002,calc_pdf_p125,DWG-S123,HIGH,UNVERIFIED,DRAWING_ONLY,CANDIDATE_ONLY,,,,GOLDEN_ELIGIBLE,Title block field '工事名'.
DR-1833,ENT-LINE-ACL,drawing,drawing.title_block.DWG-TB-S123-003,TITLE_BLOCK_VALUE,一般国道247号（西知多道路）,,,,NOR-011,DWG-TB-S123-003,calc_pdf_p125,DWG-S123,HIGH,UNVERIFIED,DRAWING_ONLY,CANDIDATE_ONLY,,,,GOLDEN_ELIGIBLE,Title block field '路線名'.
DR-1834,ENT-LINE-ACL,drawing,drawing.title_block.DWG-TB-S123-004,TITLE_BLOCK_VALUE,知多市旭地内始め,,,,NOR-011,DWG-TB-S123-004,calc_pdf_p125,DWG-S123,HIGH,UNVERIFIED,DRAWING_ONLY,CANDIDATE_ONLY,,,,GOLDEN_ELIGIBLE,Title block field '施工箇所名'.
DR-1835,ENT-LINE-ACL,drawing,drawing.title_block.DWG-TB-S124-001,TITLE_BLOCK_VALUE,全 141 葉の内 124 号,,,,NOR-011,DWG-TB-S124-001,calc_pdf_p126,DWG-S124,HIGH,UNVERIFIED,DRAWING_ONLY,CANDIDATE_ONLY,,,,GOLDEN_ELIGIBLE,Title block field '図面番号'.
DR-1836,ENT-LINE-ACL,drawing,drawing.title_block.DWG-TB-S124-002,TITLE_BLOCK_VALUE,一般国道247号（西知多道路）,,,,NOR-011,DWG-TB-S124-002,calc_pdf_p126,DWG-S124,HIGH,UNVERIFIED,DRAWING_ONLY,CANDIDATE_ONLY,,,,GOLDEN_ELIGIBLE,Title block field '工事名'.
DR-1837,ENT-LINE-ACL,drawing,drawing.title_block.DWG-TB-S124-003,TITLE_BLOCK_VALUE,一般国道247号（西知多道路）,,,,NOR-011,DWG-TB-S124-003,calc_pdf_p126,DWG-S124,HIGH,UNVERIFIED,DRAWING_ONLY,CANDIDATE_ONLY,,,,GOLDEN_ELIGIBLE,Title block field '路線名'.
DR-1838,ENT-LINE-ACL,drawing,drawing.title_block.DWG-TB-S124-004,TITLE_BLOCK_VALUE,知多市旭地内始め,,,,NOR-011,DWG-TB-S124-004,calc_pdf_p126,DWG-S124,HIGH,UNVERIFIED,DRAWING_ONLY,CANDIDATE_ONLY,,,,GOLDEN_ELIGIBLE,Title block field '施工箇所名'.
DR-1839,ENT-LINE-ACL,drawing,drawing.title_block.DWG-TB-S125-001,TITLE_BLOCK_VALUE,全 141 葉の内 125 号,,,,NOR-011,DWG-TB-S125-001,calc_pdf_p127,DWG-S125,HIGH,UNVERIFIED,DRAWING_ONLY,CANDIDATE_ONLY,,,,GOLDEN_ELIGIBLE,Title block field '図面番号'.
DR-1840,ENT-LINE-ACL,drawing,drawing.title_block.DWG-TB-S125-002,TITLE_BLOCK_VALUE,一般国道247号（西知多道路）,,,,NOR-011,DWG-TB-S125-002,calc_pdf_p127,DWG-S125,HIGH,UNVERIFIED,DRAWING_ONLY,CANDIDATE_ONLY,,,,GOLDEN_ELIGIBLE,Title block field '工事名'.
DR-1841,ENT-LINE-ACL,drawing,drawing.title_block.DWG-TB-S125-003,TITLE_BLOCK_VALUE,一般国道247号（西知多道路）,,,,NOR-011,DWG-TB-S125-003,calc_pdf_p127,DWG-S125,HIGH,UNVERIFIED,DRAWING_ONLY,CANDIDATE_ONLY,,,,GOLDEN_ELIGIBLE,Title block field '路線名'.
DR-1842,ENT-LINE-ACL,drawing,drawing.title_block.DWG-TB-S125-004,TITLE_BLOCK_VALUE,知多市旭地内始め,,,,NOR-011,DWG-TB-S125-004,calc_pdf_p127,DWG-S125,HIGH,UNVERIFIED,DRAWING_ONLY,CANDIDATE_ONLY,,,,GOLDEN_ELIGIBLE,Title block field '施工箇所名'.
DR-1843,ENT-LINE-ACL,drawing,drawing.title_block.DWG-TB-S126-001,TITLE_BLOCK_VALUE,全 141 葉の内 126 号,,,,NOR-011,DWG-TB-S126-001,calc_pdf_p128,DWG-S126,HIGH,UNVERIFIED,DRAWING_ONLY,CANDIDATE_ONLY,,,,GOLDEN_ELIGIBLE,Title block field '図面番号'.
DR-1844,ENT-LINE-ACL,drawing,drawing.title_block.DWG-TB-S126-002,TITLE_BLOCK_VALUE,一般国道247号（西知多道路）,,,,NOR-011,DWG-TB-S126-002,calc_pdf_p128,DWG-S126,HIGH,UNVERIFIED,DRAWING_ONLY,CANDIDATE_ONLY,,,,GOLDEN_ELIGIBLE,Title block field '工事名'.
DR-1845,ENT-LINE-ACL,drawing,drawing.title_block.DWG-TB-S126-003,TITLE_BLOCK_VALUE,一般国道247号（西知多道路）,,,,NOR-011,DWG-TB-S126-003,calc_pdf_p128,DWG-S126,HIGH,UNVERIFIED,DRAWING_ONLY,CANDIDATE_ONLY,,,,GOLDEN_ELIGIBLE,Title block field '路線名'.
DR-1846,ENT-LINE-ACL,drawing,drawing.title_block.DWG-TB-S126-004,TITLE_BLOCK_VALUE,知多市旭地内始め,,,,NOR-011,DWG-TB-S126-004,calc_pdf_p128,DWG-S126,HIGH,UNVERIFIED,DRAWING_ONLY,CANDIDATE_ONLY,,,,GOLDEN_ELIGIBLE,Title block field '施工箇所名'.
DR-1847,ENT-LINE-ACL,drawing,drawing.title_block.DWG-TB-S127-001,TITLE_BLOCK_VALUE,全 141 葉の内 127 号,,,,NOR-011,DWG-TB-S127-001,calc_pdf_p129,DWG-S127,HIGH,UNVERIFIED,DRAWING_ONLY,CANDIDATE_ONLY,,,,GOLDEN_ELIGIBLE,Title block field '図面番号'.
DR-1848,ENT-LINE-ACL,drawing,drawing.title_block.DWG-TB-S127-002,TITLE_BLOCK_VALUE,一般国道247号（西知多道路）,,,,NOR-011,DWG-TB-S127-002,calc_pdf_p129,DWG-S127,HIGH,UNVERIFIED,DRAWING_ONLY,CANDIDATE_ONLY,,,,GOLDEN_ELIGIBLE,Title block field '工事名'.
DR-1849,ENT-LINE-ACL,drawing,drawing.title_block.DWG-TB-S127-003,TITLE_BLOCK_VALUE,一般国道247号（西知多道路）,,,,NOR-011,DWG-TB-S127-003,calc_pdf_p129,DWG-S127,HIGH,UNVERIFIED,DRAWING_ONLY,CANDIDATE_ONLY,,,,GOLDEN_ELIGIBLE,Title block field '路線名'.
DR-1850,ENT-LINE-ACL,drawing,drawing.title_block.DWG-TB-S127-004,TITLE_BLOCK_VALUE,知多市旭地内始め,,,,NOR-011,DWG-TB-S127-004,calc_pdf_p129,DWG-S127,HIGH,UNVERIFIED,DRAWING_ONLY,CANDIDATE_ONLY,,,,GOLDEN_ELIGIBLE,Title block field '施工箇所名'.
DR-1851,ENT-LINE-ACL,drawing,drawing.title_block.DWG-TB-S128-001,TITLE_BLOCK_VALUE,全 141 葉の内 128 号,,,,NOR-011,DWG-TB-S128-001,calc_pdf_p130,DWG-S128,HIGH,UNVERIFIED,DRAWING_ONLY,CANDIDATE_ONLY,,,,GOLDEN_ELIGIBLE,Title block field '図面番号'.
DR-1852,ENT-LINE-ACL,drawing,drawing.title_block.DWG-TB-S128-002,TITLE_BLOCK_VALUE,一般国道247号（西知多道路）,,,,NOR-011,DWG-TB-S128-002,calc_pdf_p130,DWG-S128,HIGH,UNVERIFIED,DRAWING_ONLY,CANDIDATE_ONLY,,,,GOLDEN_ELIGIBLE,Title block field '工事名'.
DR-1853,ENT-LINE-ACL,drawing,drawing.title_block.DWG-TB-S128-003,TITLE_BLOCK_VALUE,一般国道247号（西知多道路）,,,,NOR-011,DWG-TB-S128-003,calc_pdf_p130,DWG-S128,HIGH,UNVERIFIED,DRAWING_ONLY,CANDIDATE_ONLY,,,,GOLDEN_ELIGIBLE,Title block field '路線名'.
DR-1854,ENT-LINE-ACL,drawing,drawing.title_block.DWG-TB-S128-004,TITLE_BLOCK_VALUE,知多市旭地内始め,,,,NOR-011,DWG-TB-S128-004,calc_pdf_p130,DWG-S128,HIGH,UNVERIFIED,DRAWING_ONLY,CANDIDATE_ONLY,,,,GOLDEN_ELIGIBLE,Title block field '施工箇所名'.
DR-1855,ENT-LINE-ACL,drawing,drawing.title_block.DWG-TB-S129-001,TITLE_BLOCK_VALUE,全 141 葉の内 129 号,,,,NOR-011,DWG-TB-S129-001,calc_pdf_p131,DWG-S129,HIGH,UNVERIFIED,DRAWING_ONLY,CANDIDATE_ONLY,,,,GOLDEN_ELIGIBLE,Title block field '図面番号'.
DR-1856,ENT-LINE-ACL,drawing,drawing.title_block.DWG-TB-S129-002,TITLE_BLOCK_VALUE,一般国道247号（西知多道路）,,,,NOR-011,DWG-TB-S129-002,calc_pdf_p131,DWG-S129,HIGH,UNVERIFIED,DRAWING_ONLY,CANDIDATE_ONLY,,,,GOLDEN_ELIGIBLE,Title block field '工事名'.
DR-1857,ENT-LINE-ACL,drawing,drawing.title_block.DWG-TB-S129-003,TITLE_BLOCK_VALUE,一般国道247号（西知多道路）,,,,NOR-011,DWG-TB-S129-003,calc_pdf_p131,DWG-S129,HIGH,UNVERIFIED,DRAWING_ONLY,CANDIDATE_ONLY,,,,GOLDEN_ELIGIBLE,Title block field '路線名'.
DR-1858,ENT-LINE-ACL,drawing,drawing.title_block.DWG-TB-S129-004,TITLE_BLOCK_VALUE,知多市旭地内始め,,,,NOR-011,DWG-TB-S129-004,calc_pdf_p131,DWG-S129,HIGH,UNVERIFIED,DRAWING_ONLY,CANDIDATE_ONLY,,,,GOLDEN_ELIGIBLE,Title block field '施工箇所名'.
DR-1859,ENT-LINE-ACL,drawing,drawing.title_block.DWG-TB-S130-001,TITLE_BLOCK_VALUE,全 141 葉の内 130 号,,,,NOR-011,DWG-TB-S130-001,calc_pdf_p132,DWG-S130,HIGH,UNVERIFIED,DRAWING_ONLY,CANDIDATE_ONLY,,,,GOLDEN_ELIGIBLE,Title block field '図面番号'.
DR-1860,ENT-LINE-ACL,drawing,drawing.title_block.DWG-TB-S130-002,TITLE_BLOCK_VALUE,一般国道247号（西知多道路）,,,,NOR-011,DWG-TB-S130-002,calc_pdf_p132,DWG-S130,HIGH,UNVERIFIED,DRAWING_ONLY,CANDIDATE_ONLY,,,,GOLDEN_ELIGIBLE,Title block field '工事名'.
DR-1861,ENT-LINE-ACL,drawing,drawing.title_block.DWG-TB-S130-003,TITLE_BLOCK_VALUE,一般国道247号（西知多道路）,,,,NOR-011,DWG-TB-S130-003,calc_pdf_p132,DWG-S130,HIGH,UNVERIFIED,DRAWING_ONLY,CANDIDATE_ONLY,,,,GOLDEN_ELIGIBLE,Title block field '路線名'.
DR-1862,ENT-LINE-ACL,drawing,drawing.title_block.DWG-TB-S130-004,TITLE_BLOCK_VALUE,知多市旭地内始め,,,,NOR-011,DWG-TB-S130-004,calc_pdf_p132,DWG-S130,HIGH,UNVERIFIED,DRAWING_ONLY,CANDIDATE_ONLY,,,,GOLDEN_ELIGIBLE,Title block field '施工箇所名'.
DR-1863,ENT-LINE-ACL,drawing,drawing.title_block.DWG-TB-S131-001,TITLE_BLOCK_VALUE,全 141 葉の内 131 号,,,,NOR-011,DWG-TB-S131-001,calc_pdf_p133,DWG-S131,HIGH,UNVERIFIED,DRAWING_ONLY,CANDIDATE_ONLY,,,,GOLDEN_ELIGIBLE,Title block field '図面番号'.
DR-1864,ENT-LINE-ACL,drawing,drawing.title_block.DWG-TB-S131-002,TITLE_BLOCK_VALUE,一般国道247号（西知多道路）,,,,NOR-011,DWG-TB-S131-002,calc_pdf_p133,DWG-S131,HIGH,UNVERIFIED,DRAWING_ONLY,CANDIDATE_ONLY,,,,GOLDEN_ELIGIBLE,Title block field '工事名'.
DR-1865,ENT-LINE-ACL,drawing,drawing.title_block.DWG-TB-S131-003,TITLE_BLOCK_VALUE,一般国道247号（西知多道路）,,,,NOR-011,DWG-TB-S131-003,calc_pdf_p133,DWG-S131,HIGH,UNVERIFIED,DRAWING_ONLY,CANDIDATE_ONLY,,,,GOLDEN_ELIGIBLE,Title block field '路線名'.
DR-1866,ENT-LINE-ACL,drawing,drawing.title_block.DWG-TB-S131-004,TITLE_BLOCK_VALUE,知多市旭地内始め,,,,NOR-011,DWG-TB-S131-004,calc_pdf_p133,DWG-S131,HIGH,UNVERIFIED,DRAWING_ONLY,CANDIDATE_ONLY,,,,GOLDEN_ELIGIBLE,Title block field '施工箇所名'.
DR-1867,ENT-LINE-ACL,drawing,drawing.title_block.DWG-TB-S132-001,TITLE_BLOCK_VALUE,全 141 葉の内 132 号,,,,NOR-011,DWG-TB-S132-001,calc_pdf_p134,DWG-S132,HIGH,UNVERIFIED,DRAWING_ONLY,CANDIDATE_ONLY,,,,GOLDEN_ELIGIBLE,Title block field '図面番号'.
DR-1868,ENT-LINE-ACL,drawing,drawing.title_block.DWG-TB-S132-002,TITLE_BLOCK_VALUE,一般国道247号（西知多道路）,,,,NOR-011,DWG-TB-S132-002,calc_pdf_p134,DWG-S132,HIGH,UNVERIFIED,DRAWING_ONLY,CANDIDATE_ONLY,,,,GOLDEN_ELIGIBLE,Title block field '工事名'.
DR-1869,ENT-LINE-ACL,drawing,drawing.title_block.DWG-TB-S132-003,TITLE_BLOCK_VALUE,一般国道247号（西知多道路）,,,,NOR-011,DWG-TB-S132-003,calc_pdf_p134,DWG-S132,HIGH,UNVERIFIED,DRAWING_ONLY,CANDIDATE_ONLY,,,,GOLDEN_ELIGIBLE,Title block field '路線名'.
DR-1870,ENT-LINE-ACL,drawing,drawing.title_block.DWG-TB-S132-004,TITLE_BLOCK_VALUE,知多市旭地内始め,,,,NOR-011,DWG-TB-S132-004,calc_pdf_p134,DWG-S132,HIGH,UNVERIFIED,DRAWING_ONLY,CANDIDATE_ONLY,,,,GOLDEN_ELIGIBLE,Title block field '施工箇所名'.
DR-1871,ENT-LINE-ACL,drawing,drawing.title_block.DWG-TB-S133-001,TITLE_BLOCK_VALUE,全 141 葉の内 133 号,,,,NOR-011,DWG-TB-S133-001,calc_pdf_p135,DWG-S133,HIGH,UNVERIFIED,DRAWING_ONLY,CANDIDATE_ONLY,,,,GOLDEN_ELIGIBLE,Title block field '図面番号'.
DR-1872,ENT-LINE-ACL,drawing,drawing.title_block.DWG-TB-S133-002,TITLE_BLOCK_VALUE,一般国道247号（西知多道路）,,,,NOR-011,DWG-TB-S133-002,calc_pdf_p135,DWG-S133,HIGH,UNVERIFIED,DRAWING_ONLY,CANDIDATE_ONLY,,,,GOLDEN_ELIGIBLE,Title block field '工事名'.
DR-1873,ENT-LINE-ACL,drawing,drawing.title_block.DWG-TB-S133-003,TITLE_BLOCK_VALUE,一般国道247号（西知多道路）,,,,NOR-011,DWG-TB-S133-003,calc_pdf_p135,DWG-S133,HIGH,UNVERIFIED,DRAWING_ONLY,CANDIDATE_ONLY,,,,GOLDEN_ELIGIBLE,Title block field '路線名'.
DR-1874,ENT-LINE-ACL,drawing,drawing.title_block.DWG-TB-S133-004,TITLE_BLOCK_VALUE,知多市旭地内始め,,,,NOR-011,DWG-TB-S133-004,calc_pdf_p135,DWG-S133,HIGH,UNVERIFIED,DRAWING_ONLY,CANDIDATE_ONLY,,,,GOLDEN_ELIGIBLE,Title block field '施工箇所名'.
DR-1875,ENT-LINE-ACL,drawing,drawing.title_block.DWG-TB-S134-001,TITLE_BLOCK_VALUE,全 141 葉の内 134 号,,,,NOR-011,DWG-TB-S134-001,calc_pdf_p136,DWG-S134,HIGH,UNVERIFIED,DRAWING_ONLY,CANDIDATE_ONLY,,,,GOLDEN_ELIGIBLE,Title block field '図面番号'.
DR-1876,ENT-LINE-ACL,drawing,drawing.title_block.DWG-TB-S134-002,TITLE_BLOCK_VALUE,一般国道247号（西知多道路）,,,,NOR-011,DWG-TB-S134-002,calc_pdf_p136,DWG-S134,HIGH,UNVERIFIED,DRAWING_ONLY,CANDIDATE_ONLY,,,,GOLDEN_ELIGIBLE,Title block field '工事名'.
DR-1877,ENT-LINE-ACL,drawing,drawing.title_block.DWG-TB-S134-003,TITLE_BLOCK_VALUE,一般国道247号（西知多道路）,,,,NOR-011,DWG-TB-S134-003,calc_pdf_p136,DWG-S134,HIGH,UNVERIFIED,DRAWING_ONLY,CANDIDATE_ONLY,,,,GOLDEN_ELIGIBLE,Title block field '路線名'.
DR-1878,ENT-LINE-ACL,drawing,drawing.title_block.DWG-TB-S134-004,TITLE_BLOCK_VALUE,知多市旭地内始め,,,,NOR-011,DWG-TB-S134-004,calc_pdf_p136,DWG-S134,HIGH,UNVERIFIED,DRAWING_ONLY,CANDIDATE_ONLY,,,,GOLDEN_ELIGIBLE,Title block field '施工箇所名'.
DR-1879,ENT-LINE-ACL,drawing,drawing.title_block.DWG-TB-S135-001,TITLE_BLOCK_VALUE,全 141 葉の内 135 号,,,,NOR-011,DWG-TB-S135-001,calc_pdf_p137,DWG-S135,HIGH,UNVERIFIED,DRAWING_ONLY,CANDIDATE_ONLY,,,,GOLDEN_ELIGIBLE,Title block field '図面番号'.
DR-1880,ENT-LINE-ACL,drawing,drawing.title_block.DWG-TB-S135-002,TITLE_BLOCK_VALUE,一般国道247号（西知多道路）,,,,NOR-011,DWG-TB-S135-002,calc_pdf_p137,DWG-S135,HIGH,UNVERIFIED,DRAWING_ONLY,CANDIDATE_ONLY,,,,GOLDEN_ELIGIBLE,Title block field '工事名'.
DR-1881,ENT-LINE-ACL,drawing,drawing.title_block.DWG-TB-S135-003,TITLE_BLOCK_VALUE,一般国道247号（西知多道路）,,,,NOR-011,DWG-TB-S135-003,calc_pdf_p137,DWG-S135,HIGH,UNVERIFIED,DRAWING_ONLY,CANDIDATE_ONLY,,,,GOLDEN_ELIGIBLE,Title block field '路線名'.
DR-1882,ENT-LINE-ACL,drawing,drawing.title_block.DWG-TB-S135-004,TITLE_BLOCK_VALUE,知多市旭地内始め,,,,NOR-011,DWG-TB-S135-004,calc_pdf_p137,DWG-S135,HIGH,UNVERIFIED,DRAWING_ONLY,CANDIDATE_ONLY,,,,GOLDEN_ELIGIBLE,Title block field '施工箇所名'.
DR-1883,ENT-LINE-ACL,drawing,drawing.title_block.DWG-TB-S136-001,TITLE_BLOCK_VALUE,全 141 葉の内 136 号,,,,NOR-011,DWG-TB-S136-001,calc_pdf_p138,DWG-S136,HIGH,UNVERIFIED,DRAWING_ONLY,CANDIDATE_ONLY,,,,GOLDEN_ELIGIBLE,Title block field '図面番号'.
DR-1884,ENT-LINE-ACL,drawing,drawing.title_block.DWG-TB-S136-002,TITLE_BLOCK_VALUE,一般国道247号（西知多道路）,,,,NOR-011,DWG-TB-S136-002,calc_pdf_p138,DWG-S136,HIGH,UNVERIFIED,DRAWING_ONLY,CANDIDATE_ONLY,,,,GOLDEN_ELIGIBLE,Title block field '工事名'.
DR-1885,ENT-LINE-ACL,drawing,drawing.title_block.DWG-TB-S136-003,TITLE_BLOCK_VALUE,一般国道247号（西知多道路）,,,,NOR-011,DWG-TB-S136-003,calc_pdf_p138,DWG-S136,HIGH,UNVERIFIED,DRAWING_ONLY,CANDIDATE_ONLY,,,,GOLDEN_ELIGIBLE,Title block field '路線名'.
DR-1886,ENT-LINE-ACL,drawing,drawing.title_block.DWG-TB-S136-004,TITLE_BLOCK_VALUE,知多市旭地内始め,,,,NOR-011,DWG-TB-S136-004,calc_pdf_p138,DWG-S136,HIGH,UNVERIFIED,DRAWING_ONLY,CANDIDATE_ONLY,,,,GOLDEN_ELIGIBLE,Title block field '施工箇所名'.
DR-1887,ENT-LINE-ACL,drawing,drawing.title_block.DWG-TB-S137-001,TITLE_BLOCK_VALUE,全 141 葉の内 137 号,,,,NOR-011,DWG-TB-S137-001,calc_pdf_p139,DWG-S137,HIGH,UNVERIFIED,DRAWING_ONLY,CANDIDATE_ONLY,,,,GOLDEN_ELIGIBLE,Title block field '図面番号'.
DR-1888,ENT-LINE-ACL,drawing,drawing.title_block.DWG-TB-S137-002,TITLE_BLOCK_VALUE,一般国道247号（西知多道路）,,,,NOR-011,DWG-TB-S137-002,calc_pdf_p139,DWG-S137,HIGH,UNVERIFIED,DRAWING_ONLY,CANDIDATE_ONLY,,,,GOLDEN_ELIGIBLE,Title block field '工事名'.
DR-1889,ENT-LINE-ACL,drawing,drawing.title_block.DWG-TB-S137-003,TITLE_BLOCK_VALUE,一般国道247号（西知多道路）,,,,NOR-011,DWG-TB-S137-003,calc_pdf_p139,DWG-S137,HIGH,UNVERIFIED,DRAWING_ONLY,CANDIDATE_ONLY,,,,GOLDEN_ELIGIBLE,Title block field '路線名'.
DR-1890,ENT-LINE-ACL,drawing,drawing.title_block.DWG-TB-S137-004,TITLE_BLOCK_VALUE,知多市旭地内始め,,,,NOR-011,DWG-TB-S137-004,calc_pdf_p139,DWG-S137,HIGH,UNVERIFIED,DRAWING_ONLY,CANDIDATE_ONLY,,,,GOLDEN_ELIGIBLE,Title block field '施工箇所名'.
DR-1891,ENT-LINE-ACL,drawing,drawing.title_block.DWG-TB-S138-001,TITLE_BLOCK_VALUE,全 141 葉の内 138 号,,,,NOR-011,DWG-TB-S138-001,calc_pdf_p140,DWG-S138,HIGH,UNVERIFIED,DRAWING_ONLY,CANDIDATE_ONLY,,,,GOLDEN_ELIGIBLE,Title block field '図面番号'.
DR-1892,ENT-LINE-ACL,drawing,drawing.title_block.DWG-TB-S138-002,TITLE_BLOCK_VALUE,一般国道247号（西知多道路）,,,,NOR-011,DWG-TB-S138-002,calc_pdf_p140,DWG-S138,HIGH,UNVERIFIED,DRAWING_ONLY,CANDIDATE_ONLY,,,,GOLDEN_ELIGIBLE,Title block field '工事名'.
DR-1893,ENT-LINE-ACL,drawing,drawing.title_block.DWG-TB-S138-003,TITLE_BLOCK_VALUE,一般国道247号（西知多道路）,,,,NOR-011,DWG-TB-S138-003,calc_pdf_p140,DWG-S138,HIGH,UNVERIFIED,DRAWING_ONLY,CANDIDATE_ONLY,,,,GOLDEN_ELIGIBLE,Title block field '路線名'.
DR-1894,ENT-LINE-ACL,drawing,drawing.title_block.DWG-TB-S138-004,TITLE_BLOCK_VALUE,知多市旭地内始め,,,,NOR-011,DWG-TB-S138-004,calc_pdf_p140,DWG-S138,HIGH,UNVERIFIED,DRAWING_ONLY,CANDIDATE_ONLY,,,,GOLDEN_ELIGIBLE,Title block field '施工箇所名'.
DR-1895,ENT-LINE-ACL,drawing,drawing.title_block.DWG-TB-S139-001,TITLE_BLOCK_VALUE,全 141 葉の内 139 号,,,,NOR-011,DWG-TB-S139-001,calc_pdf_p141,DWG-S139,HIGH,UNVERIFIED,DRAWING_ONLY,CANDIDATE_ONLY,,,,GOLDEN_ELIGIBLE,Title block field '図面番号'.
DR-1896,ENT-LINE-ACL,drawing,drawing.title_block.DWG-TB-S139-002,TITLE_BLOCK_VALUE,一般国道247号（西知多道路）,,,,NOR-011,DWG-TB-S139-002,calc_pdf_p141,DWG-S139,HIGH,UNVERIFIED,DRAWING_ONLY,CANDIDATE_ONLY,,,,GOLDEN_ELIGIBLE,Title block field '工事名'.
DR-1897,ENT-LINE-ACL,drawing,drawing.title_block.DWG-TB-S139-003,TITLE_BLOCK_VALUE,一般国道247号（西知多道路）,,,,NOR-011,DWG-TB-S139-003,calc_pdf_p141,DWG-S139,HIGH,UNVERIFIED,DRAWING_ONLY,CANDIDATE_ONLY,,,,GOLDEN_ELIGIBLE,Title block field '路線名'.
DR-1898,ENT-LINE-ACL,drawing,drawing.title_block.DWG-TB-S139-004,TITLE_BLOCK_VALUE,知多市旭地内始め,,,,NOR-011,DWG-TB-S139-004,calc_pdf_p141,DWG-S139,HIGH,UNVERIFIED,DRAWING_ONLY,CANDIDATE_ONLY,,,,GOLDEN_ELIGIBLE,Title block field '施工箇所名'.
DR-1899,ENT-LINE-ACL,drawing,drawing.title_block.DWG-TB-S140-001,TITLE_BLOCK_VALUE,全 141 葉の内 140 号,,,,NOR-011,DWG-TB-S140-001,calc_pdf_p142,DWG-S140,HIGH,UNVERIFIED,DRAWING_ONLY,CANDIDATE_ONLY,,,,GOLDEN_ELIGIBLE,Title block field '図面番号'.
DR-1900,ENT-LINE-ACL,drawing,drawing.title_block.DWG-TB-S140-002,TITLE_BLOCK_VALUE,一般国道247号（西知多道路）,,,,NOR-011,DWG-TB-S140-002,calc_pdf_p142,DWG-S140,HIGH,UNVERIFIED,DRAWING_ONLY,CANDIDATE_ONLY,,,,GOLDEN_ELIGIBLE,Title block field '工事名'.
DR-1901,ENT-LINE-ACL,drawing,drawing.title_block.DWG-TB-S140-003,TITLE_BLOCK_VALUE,一般国道247号（西知多道路）,,,,NOR-011,DWG-TB-S140-003,calc_pdf_p142,DWG-S140,HIGH,UNVERIFIED,DRAWING_ONLY,CANDIDATE_ONLY,,,,GOLDEN_ELIGIBLE,Title block field '路線名'.
DR-1902,ENT-LINE-ACL,drawing,drawing.title_block.DWG-TB-S140-004,TITLE_BLOCK_VALUE,知多市旭地内始め,,,,NOR-011,DWG-TB-S140-004,calc_pdf_p142,DWG-S140,HIGH,UNVERIFIED,DRAWING_ONLY,CANDIDATE_ONLY,,,,GOLDEN_ELIGIBLE,Title block field '施工箇所名'.
DR-1903,ENT-LINE-ACL,drawing,drawing.title_block.DWG-TB-S089-005,TITLE_BLOCK_VALUE,旭高架橋 Aランプ PU15ｰAR2 旭高架橋 Aランプ PU15ｰAR2 PU15 伸縮装置図(その1),,,,NOR-011,DWG-TB-S089-005,calc_pdf_p91,DWG-S089,HIGH,UNVERIFIED,DRAWING_ONLY,CANDIDATE_ONLY,,,,GOLDEN_ELIGIBLE,Title block field '図面の種類'.
DR-1904,ENT-LINE-ACL,drawing,drawing.title_block.DWG-TB-S090-005,TITLE_BLOCK_VALUE,旭高架橋 Aランプ PU15ｰAR2 旭高架橋 Aランプ PU15ｰAR2 PU15 伸縮装置図(その2),,,,NOR-011,DWG-TB-S090-005,calc_pdf_p92,DWG-S090,HIGH,UNVERIFIED,DRAWING_ONLY,CANDIDATE_ONLY,,,,GOLDEN_ELIGIBLE,Title block field '図面の種類'.
DR-1905,ENT-LINE-ACL,drawing,drawing.title_block.DWG-TB-S091-005,TITLE_BLOCK_VALUE,旭高架橋 Aランプ PU15ｰAR2 旭高架橋 Aランプ PU15ｰAR2 PU15 伸縮装置図(その3),,,,NOR-011,DWG-TB-S091-005,calc_pdf_p93,DWG-S091,HIGH,UNVERIFIED,DRAWING_ONLY,CANDIDATE_ONLY,,,,GOLDEN_ELIGIBLE,Title block field '図面の種類'.
DR-1906,ENT-LINE-ACL,drawing,drawing.title_block.DWG-TB-S092-005,TITLE_BLOCK_VALUE,旭高架橋 Aランプ PU15ｰAR2 旭高架橋 Aランプ PU15ｰAR2 伸縮装置図,,,,NOR-011,DWG-TB-S092-005,calc_pdf_p94,DWG-S092,HIGH,UNVERIFIED,DRAWING_ONLY,CANDIDATE_ONLY,,,,GOLDEN_ELIGIBLE,Title block field '図面の種類'.
DR-1907,ENT-DECK,drawing,drawing.title_block.DWG-TB-S093-005,TITLE_BLOCK_VALUE,旭高架橋 Aランプ PU15ｰAR2 旭高架橋 Aランプ PU15ｰAR2 壁高欄配筋図(その1),,,,NOR-011,DWG-TB-S093-005,calc_pdf_p95,DWG-S093,HIGH,UNVERIFIED,DRAWING_ONLY,CANDIDATE_ONLY,,,,GOLDEN_ELIGIBLE,Title block field '図面の種類'.
DR-1908,ENT-DECK,drawing,drawing.title_block.DWG-TB-S094-005,TITLE_BLOCK_VALUE,旭高架橋 Aランプ PU15ｰAR2 壁高欄配筋図(その2),,,,NOR-011,DWG-TB-S094-005,calc_pdf_p96,DWG-S094,HIGH,UNVERIFIED,DRAWING_ONLY,CANDIDATE_ONLY,,,,GOLDEN_ELIGIBLE,Title block field '図面の種類'.
DR-1909,ENT-DECK,drawing,drawing.title_block.DWG-TB-S095-005,TITLE_BLOCK_VALUE,旭高架橋 Aランプ PU15ｰAR2 壁高欄配筋図(その3),,,,NOR-011,DWG-TB-S095-005,calc_pdf_p97,DWG-S095,HIGH,UNVERIFIED,DRAWING_ONLY,CANDIDATE_ONLY,,,,GOLDEN_ELIGIBLE,Title block field '図面の種類'.
DR-1910,ENT-DECK,drawing,drawing.title_block.DWG-TB-S096-005,TITLE_BLOCK_VALUE,旭高架橋 Aランプ PU15ｰAR2 壁高欄配筋図(その4),,,,NOR-011,DWG-TB-S096-005,calc_pdf_p98,DWG-S096,HIGH,UNVERIFIED,DRAWING_ONLY,CANDIDATE_ONLY,,,,GOLDEN_ELIGIBLE,Title block field '図面の種類'.
DR-1911,ENT-DECK,drawing,drawing.title_block.DWG-TB-S097-005,TITLE_BLOCK_VALUE,旭高架橋 Aランプ PU15ｰAR2 壁高欄配筋図(その5),,,,NOR-011,DWG-TB-S097-005,calc_pdf_p99,DWG-S097,HIGH,UNVERIFIED,DRAWING_ONLY,CANDIDATE_ONLY,,,,GOLDEN_ELIGIBLE,Title block field '図面の種類'.
DR-1912,ENT-DECK,drawing,drawing.title_block.DWG-TB-S098-005,TITLE_BLOCK_VALUE,旭高架橋 Aランプ PU15ｰAR2 壁高欄配筋図(その6),,,,NOR-011,DWG-TB-S098-005,calc_pdf_p100,DWG-S098,HIGH,UNVERIFIED,DRAWING_ONLY,CANDIDATE_ONLY,,,,GOLDEN_ELIGIBLE,Title block field '図面の種類'.
DR-1913,ENT-DECK,drawing,drawing.title_block.DWG-TB-S099-005,TITLE_BLOCK_VALUE,旭高架橋 Aランプ PU15ｰAR2 壁高欄配筋図(その7),,,,NOR-011,DWG-TB-S099-005,calc_pdf_p101,DWG-S099,HIGH,UNVERIFIED,DRAWING_ONLY,CANDIDATE_ONLY,,,,GOLDEN_ELIGIBLE,Title block field '図面の種類'.
DR-1914,ENT-DECK,drawing,drawing.title_block.DWG-TB-S100-005,TITLE_BLOCK_VALUE,旭高架橋 Aランプ PU15ｰAR2 照明受台配筋図,,,,NOR-011,DWG-TB-S100-005,calc_pdf_p102,DWG-S100,HIGH,UNVERIFIED,DRAWING_ONLY,CANDIDATE_ONLY,,,,GOLDEN_ELIGIBLE,Title block field '図面の種類'.
DR-1915,ENT-LINE-ACL,drawing,drawing.title_block.DWG-TB-S101-005,TITLE_BLOCK_VALUE,旭高架橋 Aランプ PU15ｰAR2 上部工排水装置(その1),,,,NOR-011,DWG-TB-S101-005,calc_pdf_p103,DWG-S101,HIGH,UNVERIFIED,DRAWING_ONLY,CANDIDATE_ONLY,,,,GOLDEN_ELIGIBLE,Title block field '図面の種類'.
DR-1916,ENT-LINE-ACL,drawing,drawing.title_block.DWG-TB-S102-005,TITLE_BLOCK_VALUE,旭高架橋 Aランプ PU15ｰAR2 上部工排水装置(その2),,,,NOR-011,DWG-TB-S102-005,calc_pdf_p104,DWG-S102,HIGH,UNVERIFIED,DRAWING_ONLY,CANDIDATE_ONLY,,,,GOLDEN_ELIGIBLE,Title block field '図面の種類'.
DR-1917,ENT-LINE-ACL,drawing,drawing.title_block.DWG-TB-S103-005,TITLE_BLOCK_VALUE,旭高架橋 Aランプ PU15ｰAR2 上部工排水装置(その3),,,,NOR-011,DWG-TB-S103-005,calc_pdf_p105,DWG-S103,HIGH,UNVERIFIED,DRAWING_ONLY,CANDIDATE_ONLY,,,,GOLDEN_ELIGIBLE,Title block field '図面の種類'.
DR-1918,ENT-LINE-ACL,drawing,drawing.title_block.DWG-TB-S104-005,TITLE_BLOCK_VALUE,旭高架橋 Aランプ PU15ｰAR2 上部工排水装置(その4),,,,NOR-011,DWG-TB-S104-005,calc_pdf_p106,DWG-S104,HIGH,UNVERIFIED,DRAWING_ONLY,CANDIDATE_ONLY,,,,GOLDEN_ELIGIBLE,Title block field '図面の種類'.
DR-1919,ENT-LINE-ACL,drawing,drawing.title_block.DWG-TB-S105-005,TITLE_BLOCK_VALUE,旭高架橋 Aランプ PU15ｰAR2 上部工排水装置(その5),,,,NOR-011,DWG-TB-S105-005,calc_pdf_p107,DWG-S105,HIGH,UNVERIFIED,DRAWING_ONLY,CANDIDATE_ONLY,,,,GOLDEN_ELIGIBLE,Title block field '図面の種類'.
DR-1920,ENT-LINE-ACL,drawing,drawing.title_block.DWG-TB-S106-005,TITLE_BLOCK_VALUE,旭高架橋 Aランプ PU15ｰAR2 上部工排水装置(その6),,,,NOR-011,DWG-TB-S106-005,calc_pdf_p108,DWG-S106,HIGH,UNVERIFIED,DRAWING_ONLY,CANDIDATE_ONLY,,,,GOLDEN_ELIGIBLE,Title block field '図面の種類'.
DR-1921,ENT-LINE-ACL,drawing,drawing.title_block.DWG-TB-S107-005,TITLE_BLOCK_VALUE,旭高架橋 Aランプ PU15ｰAR2 上部工排水装置(その7),,,,NOR-011,DWG-TB-S107-005,calc_pdf_p109,DWG-S107,HIGH,UNVERIFIED,DRAWING_ONLY,CANDIDATE_ONLY,,,,GOLDEN_ELIGIBLE,Title block field '図面の種類'.
DR-1922,ENT-LINE-ACL,drawing,drawing.title_block.DWG-TB-S108-005,TITLE_BLOCK_VALUE,旭高架橋 Aランプ PU15ｰAR2 上部工排水装置(その8),,,,NOR-011,DWG-TB-S108-005,calc_pdf_p110,DWG-S108,HIGH,UNVERIFIED,DRAWING_ONLY,CANDIDATE_ONLY,,,,GOLDEN_ELIGIBLE,Title block field '図面の種類'.
DR-1923,ENT-LINE-ACL,drawing,drawing.title_block.DWG-TB-S109-005,TITLE_BLOCK_VALUE,旭高架橋 Aランプ PU15ｰAR2 上部工排水装置(その9),,,,NOR-011,DWG-TB-S109-005,calc_pdf_p111,DWG-S109,HIGH,UNVERIFIED,DRAWING_ONLY,CANDIDATE_ONLY,,,,GOLDEN_ELIGIBLE,Title block field '図面の種類'.
DR-1924,ENT-LINE-ACL,drawing,drawing.title_block.DWG-TB-S110-005,TITLE_BLOCK_VALUE,旭高架橋 Aランプ PU15ｰAR2 上部工排水装置(その10),,,,NOR-011,DWG-TB-S110-005,calc_pdf_p112,DWG-S110,HIGH,UNVERIFIED,DRAWING_ONLY,CANDIDATE_ONLY,,,,GOLDEN_ELIGIBLE,Title block field '図面の種類'.
DR-1925,ENT-LINE-ACL,drawing,drawing.title_block.DWG-TB-S111-005,TITLE_BLOCK_VALUE,旭高架橋 Aランプ PU15ｰAR2 上部工排水装置(その11),,,,NOR-011,DWG-TB-S111-005,calc_pdf_p113,DWG-S111,HIGH,UNVERIFIED,DRAWING_ONLY,CANDIDATE_ONLY,,,,GOLDEN_ELIGIBLE,Title block field '図面の種類'.
DR-1926,ENT-LINE-ACL,drawing,drawing.title_block.DWG-TB-S112-005,TITLE_BLOCK_VALUE,旭高架橋 Aランプ PU15ｰAR2 下部工排水装置(その1),,,,NOR-011,DWG-TB-S112-005,calc_pdf_p114,DWG-S112,HIGH,UNVERIFIED,DRAWING_ONLY,CANDIDATE_ONLY,,,,GOLDEN_ELIGIBLE,Title block field '図面の種類'.
DR-1927,ENT-LINE-ACL,drawing,drawing.title_block.DWG-TB-S113-005,TITLE_BLOCK_VALUE,旭高架橋 Aランプ PU15ｰAR2 下部工排水装置(その2),,,,NOR-011,DWG-TB-S113-005,calc_pdf_p115,DWG-S113,HIGH,UNVERIFIED,DRAWING_ONLY,CANDIDATE_ONLY,,,,GOLDEN_ELIGIBLE,Title block field '図面の種類'.
DR-1928,ENT-LINE-ACL,drawing,drawing.title_block.DWG-TB-S114-005,TITLE_BLOCK_VALUE,旭高架橋 Aランプ PU15ｰAR2 下部工排水装置(その3),,,,NOR-011,DWG-TB-S114-005,calc_pdf_p116,DWG-S114,HIGH,UNVERIFIED,DRAWING_ONLY,CANDIDATE_ONLY,,,,GOLDEN_ELIGIBLE,Title block field '図面の種類'.
DR-1929,ENT-LINE-ACL,drawing,drawing.title_block.DWG-TB-S115-005,TITLE_BLOCK_VALUE,旭高架橋 Aランプ PU15ｰAR2 橋面排水工,,,,NOR-011,DWG-TB-S115-005,calc_pdf_p117,DWG-S115,HIGH,UNVERIFIED,DRAWING_ONLY,CANDIDATE_ONLY,,,,GOLDEN_ELIGIBLE,Title block field '図面の種類'.
DR-1930,ENT-LINE-ACL,drawing,drawing.title_block.DWG-TB-S116-005,TITLE_BLOCK_VALUE,旭高架橋 Aランプ PU15ｰAR2 上部工検査路(その1),,,,NOR-011,DWG-TB-S116-005,calc_pdf_p118,DWG-S116,HIGH,UNVERIFIED,DRAWING_ONLY,CANDIDATE_ONLY,,,,GOLDEN_ELIGIBLE,Title block field '図面の種類'.
DR-1931,ENT-LINE-ACL,drawing,drawing.title_block.DWG-TB-S117-005,TITLE_BLOCK_VALUE,旭高架橋 Aランプ PU15ｰAR2 上部工検査路(その2),,,,NOR-011,DWG-TB-S117-005,calc_pdf_p119,DWG-S117,HIGH,UNVERIFIED,DRAWING_ONLY,CANDIDATE_ONLY,,,,GOLDEN_ELIGIBLE,Title block field '図面の種類'.
DR-1932,ENT-LINE-ACL,drawing,drawing.title_block.DWG-TB-S118-005,TITLE_BLOCK_VALUE,旭高架橋 Aランプ PU15ｰAR2 上部工検査路(その3),,,,NOR-011,DWG-TB-S118-005,calc_pdf_p120,DWG-S118,HIGH,UNVERIFIED,DRAWING_ONLY,CANDIDATE_ONLY,,,,GOLDEN_ELIGIBLE,Title block field '図面の種類'.
DR-1933,ENT-LINE-ACL,drawing,drawing.title_block.DWG-TB-S119-005,TITLE_BLOCK_VALUE,旭高架橋 Aランプ PU15ｰAR2 上部工検査路(その4),,,,NOR-011,DWG-TB-S119-005,calc_pdf_p121,DWG-S119,HIGH,UNVERIFIED,DRAWING_ONLY,CANDIDATE_ONLY,,,,GOLDEN_ELIGIBLE,Title block field '図面の種類'.
DR-1934,ENT-LINE-ACL,drawing,drawing.title_block.DWG-TB-S120-005,TITLE_BLOCK_VALUE,旭高架橋 Aランプ PU15ｰAR2 上部工検査路(その5),,,,NOR-011,DWG-TB-S120-005,calc_pdf_p122,DWG-S120,HIGH,UNVERIFIED,DRAWING_ONLY,CANDIDATE_ONLY,,,,GOLDEN_ELIGIBLE,Title block field '図面の種類'.
DR-1935,ENT-LINE-ACL,drawing,drawing.title_block.DWG-TB-S121-005,TITLE_BLOCK_VALUE,旭高架橋 Aランプ PU15ｰAR2 上部工検査路(その6),,,,NOR-011,DWG-TB-S121-005,calc_pdf_p123,DWG-S121,HIGH,UNVERIFIED,DRAWING_ONLY,CANDIDATE_ONLY,,,,GOLDEN_ELIGIBLE,Title block field '図面の種類'.
DR-1936,ENT-LINE-ACL,drawing,drawing.title_block.DWG-TB-S122-005,TITLE_BLOCK_VALUE,旭高架橋 Aランプ PU15ｰAR2 上部工検査路(その7),,,,NOR-011,DWG-TB-S122-005,calc_pdf_p124,DWG-S122,HIGH,UNVERIFIED,DRAWING_ONLY,CANDIDATE_ONLY,,,,GOLDEN_ELIGIBLE,Title block field '図面の種類'.
DR-1937,ENT-LINE-ACL,drawing,drawing.title_block.DWG-TB-S123-005,TITLE_BLOCK_VALUE,旭高架橋 Aランプ PU15ｰAR2 上部工検査路(その8),,,,NOR-011,DWG-TB-S123-005,calc_pdf_p125,DWG-S123,HIGH,UNVERIFIED,DRAWING_ONLY,CANDIDATE_ONLY,,,,GOLDEN_ELIGIBLE,Title block field '図面の種類'.
DR-1938,ENT-LINE-ACL,drawing,drawing.title_block.DWG-TB-S124-005,TITLE_BLOCK_VALUE,旭高架橋 Aランプ PU15ｰAR2 上部工検査路(その9),,,,NOR-011,DWG-TB-S124-005,calc_pdf_p126,DWG-S124,HIGH,UNVERIFIED,DRAWING_ONLY,CANDIDATE_ONLY,,,,GOLDEN_ELIGIBLE,Title block field '図面の種類'.
DR-1939,ENT-LINE-ACL,drawing,drawing.title_block.DWG-TB-S125-005,TITLE_BLOCK_VALUE,旭高架橋 Aランプ PU15ｰAR2 上部工検査路(その10),,,,NOR-011,DWG-TB-S125-005,calc_pdf_p127,DWG-S125,HIGH,UNVERIFIED,DRAWING_ONLY,CANDIDATE_ONLY,,,,GOLDEN_ELIGIBLE,Title block field '図面の種類'.
DR-1940,ENT-LINE-ACL,drawing,drawing.title_block.DWG-TB-S126-005,TITLE_BLOCK_VALUE,旭高架橋 Aランプ PU15ｰAR2 下部工検査路(その1),,,,NOR-011,DWG-TB-S126-005,calc_pdf_p128,DWG-S126,HIGH,UNVERIFIED,DRAWING_ONLY,CANDIDATE_ONLY,,,,GOLDEN_ELIGIBLE,Title block field '図面の種類'.
DR-1941,ENT-LINE-ACL,drawing,drawing.title_block.DWG-TB-S127-005,TITLE_BLOCK_VALUE,旭高架橋 Aランプ PU15ｰAR2 下部工検査路(その2),,,,NOR-011,DWG-TB-S127-005,calc_pdf_p129,DWG-S127,HIGH,UNVERIFIED,DRAWING_ONLY,CANDIDATE_ONLY,,,,GOLDEN_ELIGIBLE,Title block field '図面の種類'.
DR-1942,ENT-LINE-ACL,drawing,drawing.title_block.DWG-TB-S128-005,TITLE_BLOCK_VALUE,旭高架橋 Aランプ PU15ｰAR2 下部工検査路(その3),,,,NOR-011,DWG-TB-S128-005,calc_pdf_p130,DWG-S128,HIGH,UNVERIFIED,DRAWING_ONLY,CANDIDATE_ONLY,,,,GOLDEN_ELIGIBLE,Title block field '図面の種類'.
DR-1943,ENT-LINE-ACL,drawing,drawing.title_block.DWG-TB-S129-005,TITLE_BLOCK_VALUE,旭高架橋 Aランプ PU15ｰAR2 下部工検査路(その4),,,,NOR-011,DWG-TB-S129-005,calc_pdf_p131,DWG-S129,HIGH,UNVERIFIED,DRAWING_ONLY,CANDIDATE_ONLY,,,,GOLDEN_ELIGIBLE,Title block field '図面の種類'.
DR-1944,ENT-LINE-ACL,drawing,drawing.title_block.DWG-TB-S130-005,TITLE_BLOCK_VALUE,旭高架橋 Aランプ PU15ｰAR2 下部工検査路(その5),,,,NOR-011,DWG-TB-S130-005,calc_pdf_p132,DWG-S130,HIGH,UNVERIFIED,DRAWING_ONLY,CANDIDATE_ONLY,,,,GOLDEN_ELIGIBLE,Title block field '図面の種類'.
DR-1945,ENT-LINE-ACL,drawing,drawing.title_block.DWG-TB-S131-005,TITLE_BLOCK_VALUE,旭高架橋 Aランプ PU15ｰAR2 法面階段,,,,NOR-011,DWG-TB-S131-005,calc_pdf_p133,DWG-S131,HIGH,UNVERIFIED,DRAWING_ONLY,CANDIDATE_ONLY,,,,GOLDEN_ELIGIBLE,Title block field '図面の種類'.
DR-1946,ENT-LINE-ACL,drawing,drawing.title_block.DWG-TB-S132-005,TITLE_BLOCK_VALUE,旭高架橋 Aランプ PU15ｰAR2 落下物防止柵(参考図),,,,NOR-011,DWG-TB-S132-005,calc_pdf_p134,DWG-S132,HIGH,UNVERIFIED,DRAWING_ONLY,CANDIDATE_ONLY,,,,GOLDEN_ELIGIBLE,Title block field '図面の種類'.
DR-1947,ENT-LINE-ACL,drawing,drawing.title_block.DWG-TB-S133-005,TITLE_BLOCK_VALUE,旭高架橋 Aランプ PU15ｰAR2 剥落防止対策工(その1),,,,NOR-011,DWG-TB-S133-005,calc_pdf_p135,DWG-S133,HIGH,UNVERIFIED,DRAWING_ONLY,CANDIDATE_ONLY,,,,GOLDEN_ELIGIBLE,Title block field '図面の種類'.
DR-1948,ENT-LINE-ACL,drawing,drawing.title_block.DWG-TB-S134-005,TITLE_BLOCK_VALUE,旭高架橋 Aランプ PU15ｰAR2 剥落防止対策工(その2),,,,NOR-011,DWG-TB-S134-005,calc_pdf_p136,DWG-S134,HIGH,UNVERIFIED,DRAWING_ONLY,CANDIDATE_ONLY,,,,GOLDEN_ELIGIBLE,Title block field '図面の種類'.
DR-1949,ENT-LINE-ACL,drawing,drawing.title_block.DWG-TB-S135-005,TITLE_BLOCK_VALUE,旭高架橋 Aランプ PU15ｰAR2 段差防止構造(その1),,,,NOR-011,DWG-TB-S135-005,calc_pdf_p137,DWG-S135,HIGH,UNVERIFIED,DRAWING_ONLY,CANDIDATE_ONLY,,,,GOLDEN_ELIGIBLE,Title block field '図面の種類'.
DR-1950,ENT-LINE-ACL,drawing,drawing.title_block.DWG-TB-S136-005,TITLE_BLOCK_VALUE,旭高架橋 Aランプ PU15ｰAR2 段差防止構造(その2),,,,NOR-011,DWG-TB-S136-005,calc_pdf_p138,DWG-S136,HIGH,UNVERIFIED,DRAWING_ONLY,CANDIDATE_ONLY,,,,GOLDEN_ELIGIBLE,Title block field '図面の種類'.
DR-1951,ENT-LINE-ACL,drawing,drawing.title_block.DWG-TB-S137-005,TITLE_BLOCK_VALUE,旭高架橋 Aランプ PU15ｰAR2 橋名板・橋歴板(参考図),,,,NOR-011,DWG-TB-S137-005,calc_pdf_p139,DWG-S137,HIGH,UNVERIFIED,DRAWING_ONLY,CANDIDATE_ONLY,,,,GOLDEN_ELIGIBLE,Title block field '図面の種類'.
DR-1952,ENT-LINE-ACL,drawing,drawing.title_block.DWG-TB-S138-005,TITLE_BLOCK_VALUE,旭高架橋 Aランプ PU15ｰAR2 ノーズ部ガードレール(参考図 その1),,,,NOR-011,DWG-TB-S138-005,calc_pdf_p140,DWG-S138,HIGH,UNVERIFIED,DRAWING_ONLY,CANDIDATE_ONLY,,,,GOLDEN_ELIGIBLE,Title block field '図面の種類'.
DR-1953,ENT-LINE-ACL,drawing,drawing.title_block.DWG-TB-S139-005,TITLE_BLOCK_VALUE,旭高架橋 Aランプ PU15ｰAR2 ノーズ部ガードレール(参考図 その2),,,,NOR-011,DWG-TB-S139-005,calc_pdf_p141,DWG-S139,HIGH,UNVERIFIED,DRAWING_ONLY,CANDIDATE_ONLY,,,,GOLDEN_ELIGIBLE,Title block field '図面の種類'.
DR-1954,ENT-LINE-ACL,drawing,drawing.title_block.DWG-TB-S140-005,TITLE_BLOCK_VALUE,旭高架橋 Aランプ PU15ｰAR2 ノーズ部止水構造図(参考図),,,,NOR-011,DWG-TB-S140-005,calc_pdf_p142,DWG-S140,HIGH,UNVERIFIED,DRAWING_ONLY,CANDIDATE_ONLY,,,,GOLDEN_ELIGIBLE,Title block field '図面の種類'.
DR-1955,ENT-LINE-ACL,drawing,drawing.title_block.DWG-TB-S141-001,TITLE_BLOCK_VALUE,旭高架橋 Aランプ PU15ｰAR2 架設計画図,,,,NOR-011,DWG-TB-S141-001,calc_pdf_p143,DWG-S141,MEDIUM,PARTIAL,DRAWING_ONLY,CANDIDATE_ONLY,,,HCR-001,GOLDEN_ELIGIBLE,Title block field '図面の種類'.
DR-1956,ENT-LINE-ACL,drawing,drawing.title_block.DWG-TB-S141-002,TITLE_BLOCK_VALUE,全 141 葉の内 141 号,,,,NOR-011,DWG-TB-S141-002,calc_pdf_p143,DWG-S141,MEDIUM,PARTIAL,DRAWING_ONLY,CANDIDATE_ONLY,,,HCR-001,GOLDEN_ELIGIBLE,Title block field '図面番号'.
DR-2052,ENT-LINE-ACL,drawing,drawing.title_block.TB01,TITLE_BLOCK_VALUE,141号,,,,NOR-011,TB01,calc_pdf_p143,DWG-S141,MEDIUM,PARTIAL,DRAWING_ONLY,CANDIDATE_ONLY,,,HCR-001,GOLDEN_ELIGIBLE,Sheet 141 OCR title block field '図面番号'.
DR-2053,ENT-LINE-ACL,drawing,drawing.title_block.TB02,TITLE_BLOCK_VALUE,141枚の内,,,,NOR-011,TB02,calc_pdf_p143,DWG-S141,MEDIUM,PARTIAL,DRAWING_ONLY,CANDIDATE_ONLY,,,HCR-001,GOLDEN_ELIGIBLE,Sheet 141 OCR title block field '枚数'.
DR-2054,ENT-LINE-ACL,drawing,drawing.title_block.TB03,TITLE_BLOCK_VALUE,(blank),,,,NOR-011,TB03,calc_pdf_p143,DWG-S141,LOW,PARTIAL,DRAWING_ONLY,CANDIDATE_ONLY,,,HCR-001,GOLDEN_ELIGIBLE,Sheet 141 OCR title block field '工事名'.
DR-2055,ENT-LINE-ACL,drawing,drawing.title_block.TB04,TITLE_BLOCK_VALUE,一般国道247号（西知多道路）,,,,NOR-011,TB04,calc_pdf_p143,DWG-S141,MEDIUM,PARTIAL,DRAWING_ONLY,CANDIDATE_ONLY,,,HCR-001,GOLDEN_ELIGIBLE,Sheet 141 OCR title block field '路線名'.
DR-2056,ENT-LINE-ACL,drawing,drawing.title_block.TB05,TITLE_BLOCK_VALUE,知多市旭地内 起点,,,,NOR-011,TB05,calc_pdf_p143,DWG-S141,LOW,PARTIAL,DRAWING_ONLY,CANDIDATE_ONLY,,,HCR-001,GOLDEN_ELIGIBLE,Sheet 141 OCR title block field '施工箇所名'.
DR-2057,ENT-LINE-ACL,drawing,drawing.title_block.TB06,TITLE_BLOCK_VALUE,架設計画図,,,,NOR-011,TB06,calc_pdf_p143,DWG-S141,MEDIUM,PARTIAL,DRAWING_ONLY,CANDIDATE_ONLY,,,HCR-001,GOLDEN_ELIGIBLE,Sheet 141 OCR title block field '図の種類'.
DR-2058,ENT-LINE-ACL,drawing,drawing.title_block.TB07,TITLE_BLOCK_VALUE,側面・平面 S=1:500 / 横断 S=1:200,,,,NOR-011,TB07,calc_pdf_p143,DWG-S141,MEDIUM,PARTIAL,DRAWING_ONLY,CANDIDATE_ONLY,,,HCR-001,GOLDEN_ELIGIBLE,Sheet 141 OCR title block field '縮尺'.
DR-2059,ENT-LINE-ACL,drawing,drawing.title_block.TB08,TITLE_BLOCK_VALUE,旭高架橋 APU15-AR2 架設計画図,,,,NOR-011,TB08,calc_pdf_p143,DWG-S141,MEDIUM,PARTIAL,DRAWING_ONLY,CANDIDATE_ONLY,,,HCR-001,GOLDEN_ELIGIBLE,Sheet 141 OCR title block field '図名'.
