candidate_id,entity_id,candidate_layer,field_path_candidate,semantic_class,raw_value,raw_unit,normalized_value,normalized_unit,normalization_rule_id,source_record_ids,calculation_locator,drawing_locator,confidence,verification_status,parity_status,adoption_status,issue_id,conflict_id,human_confirmation_id,phase3_action,notes
DR-241,ENT-LINE-ACL,drawing,drawing.annotation.DWG-ANO-S001-001,NOTE,縮尺 図示,,,,NOR-011,DWG-ANO-S001-001,calc_pdf_p3,DWG-S001,HIGH,UNVERIFIED,DRAWING_ONLY,CANDIDATE_ONLY,,,,GOLDEN_ELIGIBLE,Drawing annotation type 'scale'.
DR-242,ENT-LINE-ACL,drawing,drawing.annotation.DWG-ANO-S002-001,NOTE,縮尺 1:200,,,,NOR-011,DWG-ANO-S002-001,calc_pdf_p4,DWG-S002,HIGH,UNVERIFIED,DRAWING_ONLY,CANDIDATE_ONLY,,,,GOLDEN_ELIGIBLE,Drawing annotation type 'scale'.
DR-243,ENT-LINE-ACL,drawing,drawing.annotation.DWG-ANO-S003-001,NOTE,縮尺 1:200,,,,NOR-011,DWG-ANO-S003-001,calc_pdf_p5,DWG-S003,HIGH,UNVERIFIED,DRAWING_ONLY,CANDIDATE_ONLY,,,,GOLDEN_ELIGIBLE,Drawing annotation type 'scale'.
DR-244,ENT-LINE-ACL,drawing,drawing.annotation.DWG-ANO-S004-001,NOTE,縮尺 1:200,,,,NOR-011,DWG-ANO-S004-001,calc_pdf_p6,DWG-S004,HIGH,UNVERIFIED,DRAWING_ONLY,CANDIDATE_ONLY,,,,GOLDEN_ELIGIBLE,Drawing annotation type 'scale'.
DR-245,ENT-LINE-ACL,drawing,drawing.annotation.DWG-ANO-S008-001,NOTE,縮尺 1:200,,,,NOR-011,DWG-ANO-S008-001,calc_pdf_p10,DWG-S008,HIGH,UNVERIFIED,DRAWING_ONLY,CANDIDATE_ONLY,,,,GOLDEN_ELIGIBLE,Drawing annotation type 'scale'.
DR-246,ENT-DECK,drawing,drawing.annotation.DWG-ANO-S009-001,NOTE,縮尺 1:50,,,,NOR-011,DWG-ANO-S009-001,calc_pdf_p11,DWG-S009,HIGH,UNVERIFIED,DRAWING_ONLY,CANDIDATE_ONLY,,,,GOLDEN_ELIGIBLE,Drawing annotation type 'scale'.
DR-247,ENT-LINE-ACL,drawing,drawing.annotation.DWG-ANO-S010-001,NOTE,縮尺 1:1200,,,,NOR-011,DWG-ANO-S010-001,calc_pdf_p12,DWG-S010,HIGH,UNVERIFIED,DRAWING_ONLY,CANDIDATE_ONLY,,,,GOLDEN_ELIGIBLE,Drawing annotation type 'scale'.
DR-248,ENT-LINE-ACL,drawing,drawing.annotation.DWG-ANO-S011-001,NOTE,縮尺 1:200,,,,NOR-011,DWG-ANO-S011-001,calc_pdf_p13,DWG-S011,HIGH,UNVERIFIED,DRAWING_ONLY,CANDIDATE_ONLY,,,,GOLDEN_ELIGIBLE,Drawing annotation type 'scale'.
DR-249,ENT-LINE-ACL,drawing,drawing.annotation.DWG-ANO-S012-001,NOTE,縮尺 1:100,,,,NOR-011,DWG-ANO-S012-001,calc_pdf_p14,DWG-S012,HIGH,UNVERIFIED,DRAWING_ONLY,CANDIDATE_ONLY,,,,GOLDEN_ELIGIBLE,Drawing annotation type 'scale'.
DR-250,ENT-LINE-ACL,drawing,drawing.annotation.DWG-ANO-S017-001,NOTE,縮尺 1:20,,,,NOR-011,DWG-ANO-S017-001,calc_pdf_p19,DWG-S017,HIGH,UNVERIFIED,DRAWING_ONLY,CANDIDATE_ONLY,,,,GOLDEN_ELIGIBLE,Drawing annotation type 'scale'.
DR-251,ENT-LINE-ACL,drawing,drawing.annotation.DWG-ANO-S018-001,NOTE,縮尺 1:10,,,,NOR-011,DWG-ANO-S018-001,calc_pdf_p20,DWG-S018,HIGH,UNVERIFIED,DRAWING_ONLY,CANDIDATE_ONLY,,,,GOLDEN_ELIGIBLE,Drawing annotation type 'scale'.
DR-252,ENT-LINE-ACL,drawing,drawing.annotation.DWG-ANO-S019-001,NOTE,縮尺 1:10,,,,NOR-011,DWG-ANO-S019-001,calc_pdf_p21,DWG-S019,HIGH,UNVERIFIED,DRAWING_ONLY,CANDIDATE_ONLY,,,,GOLDEN_ELIGIBLE,Drawing annotation type 'scale'.
DR-253,ENT-LINE-ACL,drawing,drawing.annotation.DWG-ANO-S020-001,NOTE,縮尺 図示,,,,NOR-011,DWG-ANO-S020-001,calc_pdf_p22,DWG-S020,HIGH,UNVERIFIED,DRAWING_ONLY,CANDIDATE_ONLY,,,,GOLDEN_ELIGIBLE,Drawing annotation type 'scale'.
DR-254,ENT-GIRDER-AG1,drawing,drawing.annotation.DWG-ANO-S021-001,NOTE,縮尺 1:30,,,,NOR-011,DWG-ANO-S021-001,calc_pdf_p23,DWG-S021,HIGH,UNVERIFIED,DRAWING_ONLY,CANDIDATE_ONLY,,,,GOLDEN_ELIGIBLE,Drawing annotation type 'scale'.
DR-255,ENT-GIRDER-AG1,drawing,drawing.annotation.DWG-ANO-S022-001,NOTE,縮尺 1:30,,,,NOR-011,DWG-ANO-S022-001,calc_pdf_p24,DWG-S022,HIGH,UNVERIFIED,DRAWING_ONLY,CANDIDATE_ONLY,,,,GOLDEN_ELIGIBLE,Drawing annotation type 'scale'.
DR-256,ENT-GIRDER-AG1,drawing,drawing.annotation.DWG-ANO-S023-001,NOTE,縮尺 1:30,,,,NOR-011,DWG-ANO-S023-001,calc_pdf_p25,DWG-S023,HIGH,UNVERIFIED,DRAWING_ONLY,CANDIDATE_ONLY,,,,GOLDEN_ELIGIBLE,Drawing annotation type 'scale'.
DR-257,ENT-GIRDER-AG1,drawing,drawing.annotation.DWG-ANO-S024-001,NOTE,縮尺 1:30,,,,NOR-011,DWG-ANO-S024-001,calc_pdf_p26,DWG-S024,HIGH,UNVERIFIED,DRAWING_ONLY,CANDIDATE_ONLY,,,,GOLDEN_ELIGIBLE,Drawing annotation type 'scale'.
DR-258,ENT-GIRDER-AG1,drawing,drawing.annotation.DWG-ANO-S025-001,NOTE,縮尺 1:30,,,,NOR-011,DWG-ANO-S025-001,calc_pdf_p27,DWG-S025,HIGH,UNVERIFIED,DRAWING_ONLY,CANDIDATE_ONLY,,,,GOLDEN_ELIGIBLE,Drawing annotation type 'scale'.
DR-259,ENT-GIRDER-AG1,drawing,drawing.annotation.DWG-ANO-S026-001,NOTE,縮尺 1:30,,,,NOR-011,DWG-ANO-S026-001,calc_pdf_p28,DWG-S026,HIGH,UNVERIFIED,DRAWING_ONLY,CANDIDATE_ONLY,,,,GOLDEN_ELIGIBLE,Drawing annotation type 'scale'.
DR-260,ENT-GIRDER-AG1,drawing,drawing.annotation.DWG-ANO-S027-001,NOTE,縮尺 1:30,,,,NOR-011,DWG-ANO-S027-001,calc_pdf_p29,DWG-S027,HIGH,UNVERIFIED,DRAWING_ONLY,CANDIDATE_ONLY,,,,GOLDEN_ELIGIBLE,Drawing annotation type 'scale'.
DR-261,ENT-GIRDER-AG1,drawing,drawing.annotation.DWG-ANO-S028-001,NOTE,縮尺 1:30,,,,NOR-011,DWG-ANO-S028-001,calc_pdf_p30,DWG-S028,HIGH,UNVERIFIED,DRAWING_ONLY,CANDIDATE_ONLY,,,,GOLDEN_ELIGIBLE,Drawing annotation type 'scale'.
DR-262,ENT-GIRDER-AG1,drawing,drawing.annotation.DWG-ANO-S029-001,NOTE,縮尺 1:30,,,,NOR-011,DWG-ANO-S029-001,calc_pdf_p31,DWG-S029,HIGH,UNVERIFIED,DRAWING_ONLY,CANDIDATE_ONLY,,,,GOLDEN_ELIGIBLE,Drawing annotation type 'scale'.
DR-263,ENT-GIRDER-AG2,drawing,drawing.annotation.DWG-ANO-S030-001,NOTE,縮尺 1:30,,,,NOR-011,DWG-ANO-S030-001,calc_pdf_p32,DWG-S030,HIGH,UNVERIFIED,DRAWING_ONLY,CANDIDATE_ONLY,,,,GOLDEN_ELIGIBLE,Drawing annotation type 'scale'.
DR-264,ENT-GIRDER-AG2,drawing,drawing.annotation.DWG-ANO-S031-001,NOTE,縮尺 1:30,,,,NOR-011,DWG-ANO-S031-001,calc_pdf_p33,DWG-S031,HIGH,UNVERIFIED,DRAWING_ONLY,CANDIDATE_ONLY,,,,GOLDEN_ELIGIBLE,Drawing annotation type 'scale'.
DR-265,ENT-GIRDER-AG2,drawing,drawing.annotation.DWG-ANO-S032-001,NOTE,縮尺 1:30,,,,NOR-011,DWG-ANO-S032-001,calc_pdf_p34,DWG-S032,HIGH,UNVERIFIED,DRAWING_ONLY,CANDIDATE_ONLY,,,,GOLDEN_ELIGIBLE,Drawing annotation type 'scale'.
DR-266,ENT-GIRDER-AG2,drawing,drawing.annotation.DWG-ANO-S033-001,NOTE,縮尺 1:30,,,,NOR-011,DWG-ANO-S033-001,calc_pdf_p35,DWG-S033,HIGH,UNVERIFIED,DRAWING_ONLY,CANDIDATE_ONLY,,,,GOLDEN_ELIGIBLE,Drawing annotation type 'scale'.
DR-267,ENT-GIRDER-AG2,drawing,drawing.annotation.DWG-ANO-S034-001,NOTE,縮尺 1:30,,,,NOR-011,DWG-ANO-S034-001,calc_pdf_p36,DWG-S034,HIGH,UNVERIFIED,DRAWING_ONLY,CANDIDATE_ONLY,,,,GOLDEN_ELIGIBLE,Drawing annotation type 'scale'.
DR-268,ENT-GIRDER-AG2,drawing,drawing.annotation.DWG-ANO-S035-001,NOTE,縮尺 1:30,,,,NOR-011,DWG-ANO-S035-001,calc_pdf_p37,DWG-S035,HIGH,UNVERIFIED,DRAWING_ONLY,CANDIDATE_ONLY,,,,GOLDEN_ELIGIBLE,Drawing annotation type 'scale'.
DR-269,ENT-GIRDER-AG2,drawing,drawing.annotation.DWG-ANO-S036-001,NOTE,縮尺 1:30,,,,NOR-011,DWG-ANO-S036-001,calc_pdf_p38,DWG-S036,HIGH,UNVERIFIED,DRAWING_ONLY,CANDIDATE_ONLY,,,,GOLDEN_ELIGIBLE,Drawing annotation type 'scale'.
DR-270,ENT-GIRDER-AG2,drawing,drawing.annotation.DWG-ANO-S037-001,NOTE,縮尺 1:30,,,,NOR-011,DWG-ANO-S037-001,calc_pdf_p39,DWG-S037,HIGH,UNVERIFIED,DRAWING_ONLY,CANDIDATE_ONLY,,,,GOLDEN_ELIGIBLE,Drawing annotation type 'scale'.
DR-271,ENT-GIRDER-AG2,drawing,drawing.annotation.DWG-ANO-S038-001,NOTE,縮尺 1:30,,,,NOR-011,DWG-ANO-S038-001,calc_pdf_p40,DWG-S038,HIGH,UNVERIFIED,DRAWING_ONLY,CANDIDATE_ONLY,,,,GOLDEN_ELIGIBLE,Drawing annotation type 'scale'.
DR-272,ENT-STUD,drawing,drawing.annotation.DWG-ANO-S039-001,NOTE,縮尺 1:30,,,,NOR-011,DWG-ANO-S039-001,calc_pdf_p41,DWG-S039,HIGH,UNVERIFIED,DRAWING_ONLY,CANDIDATE_ONLY,,,,GOLDEN_ELIGIBLE,Drawing annotation type 'scale'.
DR-273,ENT-STUD,drawing,drawing.annotation.DWG-ANO-S040-001,NOTE,縮尺 1:30,,,,NOR-011,DWG-ANO-S040-001,calc_pdf_p42,DWG-S040,HIGH,UNVERIFIED,DRAWING_ONLY,CANDIDATE_ONLY,,,,GOLDEN_ELIGIBLE,Drawing annotation type 'scale'.
DR-274,ENT-STUD,drawing,drawing.annotation.DWG-ANO-S041-001,NOTE,縮尺 1:30,,,,NOR-011,DWG-ANO-S041-001,calc_pdf_p43,DWG-S041,HIGH,UNVERIFIED,DRAWING_ONLY,CANDIDATE_ONLY,,,,GOLDEN_ELIGIBLE,Drawing annotation type 'scale'.
DR-275,ENT-STUD,drawing,drawing.annotation.DWG-ANO-S042-001,NOTE,縮尺 1:30,,,,NOR-011,DWG-ANO-S042-001,calc_pdf_p44,DWG-S042,HIGH,UNVERIFIED,DRAWING_ONLY,CANDIDATE_ONLY,,,,GOLDEN_ELIGIBLE,Drawing annotation type 'scale'.
DR-276,ENT-STUD,drawing,drawing.annotation.DWG-ANO-S043-001,NOTE,縮尺 1:30,,,,NOR-011,DWG-ANO-S043-001,calc_pdf_p45,DWG-S043,HIGH,UNVERIFIED,DRAWING_ONLY,CANDIDATE_ONLY,,,,GOLDEN_ELIGIBLE,Drawing annotation type 'scale'.
DR-277,ENT-STUD,drawing,drawing.annotation.DWG-ANO-S044-001,NOTE,縮尺 1:30,,,,NOR-011,DWG-ANO-S044-001,calc_pdf_p46,DWG-S044,HIGH,UNVERIFIED,DRAWING_ONLY,CANDIDATE_ONLY,,,,GOLDEN_ELIGIBLE,Drawing annotation type 'scale'.
DR-278,ENT-LINE-ACL,drawing,drawing.annotation.DWG-ANO-S001-002,NOTE,旭高架橋 Aランプ PU15ｰAR2 位置図,,,,NOR-011,DWG-ANO-S001-002,calc_pdf_p3,DWG-S001,HIGH,UNVERIFIED,DRAWING_ONLY,CANDIDATE_ONLY,,,,GOLDEN_ELIGIBLE,Drawing annotation type 'title'.
DR-279,ENT-LINE-ACL,drawing,drawing.annotation.DWG-ANO-S005-001,NOTE,旭高架橋 Aランプ PU15ｰAR2 数量総括表(その1),,,,NOR-011,DWG-ANO-S005-001,calc_pdf_p7,DWG-S005,HIGH,UNVERIFIED,DRAWING_ONLY,CANDIDATE_ONLY,,,,GOLDEN_ELIGIBLE,Drawing annotation type 'title'.
DR-280,ENT-LINE-ACL,drawing,drawing.annotation.DWG-ANO-S006-001,NOTE,旭高架橋 Aランプ PU15ｰAR2 数量総括表(その2),,,,NOR-011,DWG-ANO-S006-001,calc_pdf_p8,DWG-S006,HIGH,UNVERIFIED,DRAWING_ONLY,CANDIDATE_ONLY,,,,GOLDEN_ELIGIBLE,Drawing annotation type 'title'.
DR-281,ENT-LINE-ACL,drawing,drawing.annotation.DWG-ANO-S007-001,NOTE,旭高架橋 Aランプ PU15ｰAR2 数量総括表(その3),,,,NOR-011,DWG-ANO-S007-001,calc_pdf_p9,DWG-S007,HIGH,UNVERIFIED,DRAWING_ONLY,CANDIDATE_ONLY,,,,GOLDEN_ELIGIBLE,Drawing annotation type 'title'.
DR-282,ENT-LINE-ACL,drawing,drawing.annotation.DWG-ANO-S008-002,NOTE,旭高架橋 Aランプ PU15ｰAR2 上部工構造一般図(その1),,,,NOR-011,DWG-ANO-S008-002,calc_pdf_p10,DWG-S008,HIGH,UNVERIFIED,DRAWING_ONLY,CANDIDATE_ONLY,,,,GOLDEN_ELIGIBLE,Drawing annotation type 'title'.
DR-283,ENT-DECK,drawing,drawing.annotation.DWG-ANO-S009-002,NOTE,巻き立てコンクリート range indicated,,,,NOR-011,DWG-ANO-S009-002,calc_pdf_p11,DWG-S009,HIGH,UNVERIFIED,DRAWING_ONLY,CANDIDATE_ONLY,,,,GOLDEN_ELIGIBLE,Drawing annotation type 'note'.
DR-284,ENT-LINE-ACL,drawing,drawing.annotation.DWG-ANO-S012-002,NOTE,※桁高には、上下フランジ厚を含む,,,,NOR-011,DWG-ANO-S012-002,calc_pdf_p14,DWG-S012,HIGH,UNVERIFIED,DRAWING_ONLY,CANDIDATE_ONLY,,,,GOLDEN_ELIGIBLE,Drawing annotation type 'note'.
DR-285,ENT-LINE-ACL,drawing,drawing.annotation.DWG-ANO-S012-003,NOTE,※PU15(S1)の桁高とハンチ高は、伸縮装置高の切り欠きを考慮しない値,,,,NOR-011,DWG-ANO-S012-003,calc_pdf_p14,DWG-S012,HIGH,UNVERIFIED,DRAWING_ONLY,CANDIDATE_ONLY,,,,GOLDEN_ELIGIBLE,Drawing annotation type 'note'.
DR-286,ENT-LINE-ACL,drawing,drawing.annotation.DWG-ANO-S017-002,NOTE,非合成主体であるため交番部の下フランジ側は非合成断面の範囲とする,,,,NOR-011,DWG-ANO-S017-002,calc_pdf_p19,DWG-S017,HIGH,UNVERIFIED,DRAWING_ONLY,CANDIDATE_ONLY,,,,GOLDEN_ELIGIBLE,Drawing annotation type 'note'.
DR-287,ENT-LINE-ACL,drawing,drawing.annotation.DWG-ANO-S019-002,NOTE,ソールプレート幅は上沓幅に合わせ、下フランジ幅は上沓幅に溶接代を考慮する,,,,NOR-011,DWG-ANO-S019-002,calc_pdf_p21,DWG-S019,HIGH,UNVERIFIED,DRAWING_ONLY,CANDIDATE_ONLY,,,,GOLDEN_ELIGIBLE,Drawing annotation type 'note'.
DR-288,ENT-LINE-ACL,drawing,drawing.annotation.DWG-ANO-S020-002,NOTE,S1のDh値は、桁端部付近の切り欠きを考慮していない,,,,NOR-011,DWG-ANO-S020-002,calc_pdf_p22,DWG-S020,HIGH,UNVERIFIED,DRAWING_ONLY,CANDIDATE_ONLY,,,,GOLDEN_ELIGIBLE,Drawing annotation type 'note'.
DR-289,ENT-GIRDER-AG1,drawing,drawing.annotation.DWG-ANO-S023-002,NOTE,2000 巻き立てコンクリート幅,,,,NOR-011,DWG-ANO-S023-002,calc_pdf_p25,DWG-S023,HIGH,UNVERIFIED,DRAWING_ONLY,CANDIDATE_ONLY,,,,GOLDEN_ELIGIBLE,Drawing annotation type 'note'.
DR-290,ENT-GIRDER-AG1,drawing,drawing.annotation.DWG-ANO-S026-002,NOTE,2000 巻き立てコンクリート幅,,,,NOR-011,DWG-ANO-S026-002,calc_pdf_p28,DWG-S026,HIGH,UNVERIFIED,DRAWING_ONLY,CANDIDATE_ONLY,,,,GOLDEN_ELIGIBLE,Drawing annotation type 'note'.
DR-291,ENT-STUD,drawing,drawing.annotation.DWG-ANO-S044-002,NOTE,添接板の前後の間隔が必要間隔を超える場合スタッド溶接,,,,NOR-011,DWG-ANO-S044-002,calc_pdf_p46,DWG-S044,HIGH,UNVERIFIED,DRAWING_ONLY,CANDIDATE_ONLY,,,,GOLDEN_ELIGIBLE,Drawing annotation type 'note'.
DR-292,ENT-LINE-ACL,drawing,drawing.annotation.DWG-ANO-S001-003,NOTE,全141葉の内 1 号,,,,NOR-011,DWG-ANO-S001-003,calc_pdf_p3,DWG-S001,HIGH,UNVERIFIED,DRAWING_ONLY,CANDIDATE_ONLY,,,,GOLDEN_ELIGIBLE,Drawing annotation type 'drawing_no'.
DR-293,ENT-LINE-ACL,drawing,drawing.annotation.DWG-ANO-S002-002,NOTE,全141葉の内 2 号,,,,NOR-011,DWG-ANO-S002-002,calc_pdf_p4,DWG-S002,HIGH,UNVERIFIED,DRAWING_ONLY,CANDIDATE_ONLY,,,,GOLDEN_ELIGIBLE,Drawing annotation type 'drawing_no'.
DR-294,ENT-LINE-ACL,drawing,drawing.annotation.DWG-ANO-S003-002,NOTE,全141葉の内 3 号,,,,NOR-011,DWG-ANO-S003-002,calc_pdf_p5,DWG-S003,HIGH,UNVERIFIED,DRAWING_ONLY,CANDIDATE_ONLY,,,,GOLDEN_ELIGIBLE,Drawing annotation type 'drawing_no'.
DR-295,ENT-LINE-ACL,drawing,drawing.annotation.DWG-ANO-S004-002,NOTE,全141葉の内 4 号,,,,NOR-011,DWG-ANO-S004-002,calc_pdf_p6,DWG-S004,HIGH,UNVERIFIED,DRAWING_ONLY,CANDIDATE_ONLY,,,,GOLDEN_ELIGIBLE,Drawing annotation type 'drawing_no'.
DR-296,ENT-LINE-ACL,drawing,drawing.annotation.DWG-ANO-S005-002,NOTE,全141葉の内 5 号,,,,NOR-011,DWG-ANO-S005-002,calc_pdf_p7,DWG-S005,HIGH,UNVERIFIED,DRAWING_ONLY,CANDIDATE_ONLY,,,,GOLDEN_ELIGIBLE,Drawing annotation type 'drawing_no'.
DR-297,ENT-LINE-ACL,drawing,drawing.annotation.DWG-ANO-S006-002,NOTE,全141葉の内 6 号,,,,NOR-011,DWG-ANO-S006-002,calc_pdf_p8,DWG-S006,HIGH,UNVERIFIED,DRAWING_ONLY,CANDIDATE_ONLY,,,,GOLDEN_ELIGIBLE,Drawing annotation type 'drawing_no'.
DR-298,ENT-LINE-ACL,drawing,drawing.annotation.DWG-ANO-S007-002,NOTE,全141葉の内 7 号,,,,NOR-011,DWG-ANO-S007-002,calc_pdf_p9,DWG-S007,HIGH,UNVERIFIED,DRAWING_ONLY,CANDIDATE_ONLY,,,,GOLDEN_ELIGIBLE,Drawing annotation type 'drawing_no'.
DR-299,ENT-LINE-ACL,drawing,drawing.annotation.DWG-ANO-S008-003,NOTE,全141葉の内 8 号,,,,NOR-011,DWG-ANO-S008-003,calc_pdf_p10,DWG-S008,HIGH,UNVERIFIED,DRAWING_ONLY,CANDIDATE_ONLY,,,,GOLDEN_ELIGIBLE,Drawing annotation type 'drawing_no'.
DR-300,ENT-DECK,drawing,drawing.annotation.DWG-ANO-S009-003,NOTE,全141葉の内 9 号,,,,NOR-011,DWG-ANO-S009-003,calc_pdf_p11,DWG-S009,HIGH,UNVERIFIED,DRAWING_ONLY,CANDIDATE_ONLY,,,,GOLDEN_ELIGIBLE,Drawing annotation type 'drawing_no'.
DR-301,ENT-LINE-ACL,drawing,drawing.annotation.DWG-ANO-S010-002,NOTE,全141葉の内 10 号,,,,NOR-011,DWG-ANO-S010-002,calc_pdf_p12,DWG-S010,HIGH,UNVERIFIED,DRAWING_ONLY,CANDIDATE_ONLY,,,,GOLDEN_ELIGIBLE,Drawing annotation type 'drawing_no'.
DR-302,ENT-LINE-ACL,drawing,drawing.annotation.DWG-ANO-S011-002,NOTE,全141葉の内 11 号,,,,NOR-011,DWG-ANO-S011-002,calc_pdf_p13,DWG-S011,HIGH,UNVERIFIED,DRAWING_ONLY,CANDIDATE_ONLY,,,,GOLDEN_ELIGIBLE,Drawing annotation type 'drawing_no'.
DR-303,ENT-LINE-ACL,drawing,drawing.annotation.DWG-ANO-S012-004,NOTE,全141葉の内 12 号,,,,NOR-011,DWG-ANO-S012-004,calc_pdf_p14,DWG-S012,HIGH,UNVERIFIED,DRAWING_ONLY,CANDIDATE_ONLY,,,,GOLDEN_ELIGIBLE,Drawing annotation type 'drawing_no'.
DR-304,ENT-GIRDER-AG1,drawing,drawing.annotation.DWG-ANO-S013-001,NOTE,全141葉の内 13 号,,,,NOR-011,DWG-ANO-S013-001,calc_pdf_p15,DWG-S013,HIGH,UNVERIFIED,DRAWING_ONLY,CANDIDATE_ONLY,,,,GOLDEN_ELIGIBLE,Drawing annotation type 'drawing_no'.
DR-305,ENT-GIRDER-AG2,drawing,drawing.annotation.DWG-ANO-S014-001,NOTE,全141葉の内 14 号,,,,NOR-011,DWG-ANO-S014-001,calc_pdf_p16,DWG-S014,HIGH,UNVERIFIED,DRAWING_ONLY,CANDIDATE_ONLY,,,,GOLDEN_ELIGIBLE,Drawing annotation type 'drawing_no'.
DR-306,ENT-DECK,drawing,drawing.annotation.DWG-ANO-S015-001,NOTE,全141葉の内 15 号,,,,NOR-011,DWG-ANO-S015-001,calc_pdf_p17,DWG-S015,HIGH,UNVERIFIED,DRAWING_ONLY,CANDIDATE_ONLY,,,,GOLDEN_ELIGIBLE,Drawing annotation type 'drawing_no'.
DR-307,ENT-DECK,drawing,drawing.annotation.DWG-ANO-S016-001,NOTE,全141葉の内 16 号,,,,NOR-011,DWG-ANO-S016-001,calc_pdf_p18,DWG-S016,HIGH,UNVERIFIED,DRAWING_ONLY,CANDIDATE_ONLY,,,,GOLDEN_ELIGIBLE,Drawing annotation type 'drawing_no'.
DR-308,ENT-LINE-ACL,drawing,drawing.annotation.DWG-ANO-S017-003,NOTE,全141葉の内 17 号,,,,NOR-011,DWG-ANO-S017-003,calc_pdf_p19,DWG-S017,HIGH,UNVERIFIED,DRAWING_ONLY,CANDIDATE_ONLY,,,,GOLDEN_ELIGIBLE,Drawing annotation type 'drawing_no'.
DR-309,ENT-LINE-ACL,drawing,drawing.annotation.DWG-ANO-S018-002,NOTE,全141葉の内 18 号,,,,NOR-011,DWG-ANO-S018-002,calc_pdf_p20,DWG-S018,HIGH,UNVERIFIED,DRAWING_ONLY,CANDIDATE_ONLY,,,,GOLDEN_ELIGIBLE,Drawing annotation type 'drawing_no'.
DR-310,ENT-LINE-ACL,drawing,drawing.annotation.DWG-ANO-S019-003,NOTE,全141葉の内 19 号,,,,NOR-011,DWG-ANO-S019-003,calc_pdf_p21,DWG-S019,HIGH,UNVERIFIED,DRAWING_ONLY,CANDIDATE_ONLY,,,,GOLDEN_ELIGIBLE,Drawing annotation type 'drawing_no'.
DR-311,ENT-LINE-ACL,drawing,drawing.annotation.DWG-ANO-S020-003,NOTE,全141葉の内 20 号,,,,NOR-011,DWG-ANO-S020-003,calc_pdf_p22,DWG-S020,HIGH,UNVERIFIED,DRAWING_ONLY,CANDIDATE_ONLY,,,,GOLDEN_ELIGIBLE,Drawing annotation type 'drawing_no'.
DR-312,ENT-GIRDER-AG1,drawing,drawing.annotation.DWG-ANO-S021-002,NOTE,全141葉の内 21 号,,,,NOR-011,DWG-ANO-S021-002,calc_pdf_p23,DWG-S021,HIGH,UNVERIFIED,DRAWING_ONLY,CANDIDATE_ONLY,,,,GOLDEN_ELIGIBLE,Drawing annotation type 'drawing_no'.
DR-313,ENT-GIRDER-AG1,drawing,drawing.annotation.DWG-ANO-S022-002,NOTE,全141葉の内 22 号,,,,NOR-011,DWG-ANO-S022-002,calc_pdf_p24,DWG-S022,HIGH,UNVERIFIED,DRAWING_ONLY,CANDIDATE_ONLY,,,,GOLDEN_ELIGIBLE,Drawing annotation type 'drawing_no'.
DR-314,ENT-GIRDER-AG1,drawing,drawing.annotation.DWG-ANO-S023-003,NOTE,全141葉の内 23 号,,,,NOR-011,DWG-ANO-S023-003,calc_pdf_p25,DWG-S023,HIGH,UNVERIFIED,DRAWING_ONLY,CANDIDATE_ONLY,,,,GOLDEN_ELIGIBLE,Drawing annotation type 'drawing_no'.
DR-315,ENT-GIRDER-AG1,drawing,drawing.annotation.DWG-ANO-S024-002,NOTE,全141葉の内 24 号,,,,NOR-011,DWG-ANO-S024-002,calc_pdf_p26,DWG-S024,HIGH,UNVERIFIED,DRAWING_ONLY,CANDIDATE_ONLY,,,,GOLDEN_ELIGIBLE,Drawing annotation type 'drawing_no'.
DR-316,ENT-GIRDER-AG1,drawing,drawing.annotation.DWG-ANO-S025-002,NOTE,全141葉の内 25 号,,,,NOR-011,DWG-ANO-S025-002,calc_pdf_p27,DWG-S025,HIGH,UNVERIFIED,DRAWING_ONLY,CANDIDATE_ONLY,,,,GOLDEN_ELIGIBLE,Drawing annotation type 'drawing_no'.
DR-317,ENT-GIRDER-AG1,drawing,drawing.annotation.DWG-ANO-S026-003,NOTE,全141葉の内 26 号,,,,NOR-011,DWG-ANO-S026-003,calc_pdf_p28,DWG-S026,HIGH,UNVERIFIED,DRAWING_ONLY,CANDIDATE_ONLY,,,,GOLDEN_ELIGIBLE,Drawing annotation type 'drawing_no'.
DR-318,ENT-GIRDER-AG1,drawing,drawing.annotation.DWG-ANO-S027-002,NOTE,全141葉の内 27 号,,,,NOR-011,DWG-ANO-S027-002,calc_pdf_p29,DWG-S027,HIGH,UNVERIFIED,DRAWING_ONLY,CANDIDATE_ONLY,,,,GOLDEN_ELIGIBLE,Drawing annotation type 'drawing_no'.
DR-319,ENT-GIRDER-AG1,drawing,drawing.annotation.DWG-ANO-S028-002,NOTE,全141葉の内 28 号,,,,NOR-011,DWG-ANO-S028-002,calc_pdf_p30,DWG-S028,HIGH,UNVERIFIED,DRAWING_ONLY,CANDIDATE_ONLY,,,,GOLDEN_ELIGIBLE,Drawing annotation type 'drawing_no'.
DR-320,ENT-GIRDER-AG1,drawing,drawing.annotation.DWG-ANO-S029-002,NOTE,全141葉の内 29 号,,,,NOR-011,DWG-ANO-S029-002,calc_pdf_p31,DWG-S029,HIGH,UNVERIFIED,DRAWING_ONLY,CANDIDATE_ONLY,,,,GOLDEN_ELIGIBLE,Drawing annotation type 'drawing_no'.
DR-321,ENT-GIRDER-AG2,drawing,drawing.annotation.DWG-ANO-S030-002,NOTE,全141葉の内 30 号,,,,NOR-011,DWG-ANO-S030-002,calc_pdf_p32,DWG-S030,HIGH,UNVERIFIED,DRAWING_ONLY,CANDIDATE_ONLY,,,,GOLDEN_ELIGIBLE,Drawing annotation type 'drawing_no'.
DR-322,ENT-GIRDER-AG2,drawing,drawing.annotation.DWG-ANO-S031-002,NOTE,全141葉の内 31 号,,,,NOR-011,DWG-ANO-S031-002,calc_pdf_p33,DWG-S031,HIGH,UNVERIFIED,DRAWING_ONLY,CANDIDATE_ONLY,,,,GOLDEN_ELIGIBLE,Drawing annotation type 'drawing_no'.
DR-323,ENT-GIRDER-AG2,drawing,drawing.annotation.DWG-ANO-S032-002,NOTE,全141葉の内 32 号,,,,NOR-011,DWG-ANO-S032-002,calc_pdf_p34,DWG-S032,HIGH,UNVERIFIED,DRAWING_ONLY,CANDIDATE_ONLY,,,,GOLDEN_ELIGIBLE,Drawing annotation type 'drawing_no'.
DR-324,ENT-GIRDER-AG2,drawing,drawing.annotation.DWG-ANO-S033-002,NOTE,全141葉の内 33 号,,,,NOR-011,DWG-ANO-S033-002,calc_pdf_p35,DWG-S033,HIGH,UNVERIFIED,DRAWING_ONLY,CANDIDATE_ONLY,,,,GOLDEN_ELIGIBLE,Drawing annotation type 'drawing_no'.
DR-325,ENT-GIRDER-AG2,drawing,drawing.annotation.DWG-ANO-S034-002,NOTE,全141葉の内 34 号,,,,NOR-011,DWG-ANO-S034-002,calc_pdf_p36,DWG-S034,HIGH,UNVERIFIED,DRAWING_ONLY,CANDIDATE_ONLY,,,,GOLDEN_ELIGIBLE,Drawing annotation type 'drawing_no'.
DR-326,ENT-GIRDER-AG2,drawing,drawing.annotation.DWG-ANO-S035-002,NOTE,全141葉の内 35 号,,,,NOR-011,DWG-ANO-S035-002,calc_pdf_p37,DWG-S035,HIGH,UNVERIFIED,DRAWING_ONLY,CANDIDATE_ONLY,,,,GOLDEN_ELIGIBLE,Drawing annotation type 'drawing_no'.
DR-327,ENT-GIRDER-AG2,drawing,drawing.annotation.DWG-ANO-S036-002,NOTE,全141葉の内 36 号,,,,NOR-011,DWG-ANO-S036-002,calc_pdf_p38,DWG-S036,HIGH,UNVERIFIED,DRAWING_ONLY,CANDIDATE_ONLY,,,,GOLDEN_ELIGIBLE,Drawing annotation type 'drawing_no'.
DR-328,ENT-GIRDER-AG2,drawing,drawing.annotation.DWG-ANO-S037-002,NOTE,全141葉の内 37 号,,,,NOR-011,DWG-ANO-S037-002,calc_pdf_p39,DWG-S037,HIGH,UNVERIFIED,DRAWING_ONLY,CANDIDATE_ONLY,,,,GOLDEN_ELIGIBLE,Drawing annotation type 'drawing_no'.
DR-329,ENT-GIRDER-AG2,drawing,drawing.annotation.DWG-ANO-S038-002,NOTE,全141葉の内 38 号,,,,NOR-011,DWG-ANO-S038-002,calc_pdf_p40,DWG-S038,HIGH,UNVERIFIED,DRAWING_ONLY,CANDIDATE_ONLY,,,,GOLDEN_ELIGIBLE,Drawing annotation type 'drawing_no'.
DR-330,ENT-STUD,drawing,drawing.annotation.DWG-ANO-S039-002,NOTE,全141葉の内 39 号,,,,NOR-011,DWG-ANO-S039-002,calc_pdf_p41,DWG-S039,HIGH,UNVERIFIED,DRAWING_ONLY,CANDIDATE_ONLY,,,,GOLDEN_ELIGIBLE,Drawing annotation type 'drawing_no'.
DR-331,ENT-STUD,drawing,drawing.annotation.DWG-ANO-S040-002,NOTE,全141葉の内 40 号,,,,NOR-011,DWG-ANO-S040-002,calc_pdf_p42,DWG-S040,HIGH,UNVERIFIED,DRAWING_ONLY,CANDIDATE_ONLY,,,,GOLDEN_ELIGIBLE,Drawing annotation type 'drawing_no'.
DR-332,ENT-STUD,drawing,drawing.annotation.DWG-ANO-S041-002,NOTE,全141葉の内 41 号,,,,NOR-011,DWG-ANO-S041-002,calc_pdf_p43,DWG-S041,HIGH,UNVERIFIED,DRAWING_ONLY,CANDIDATE_ONLY,,,,GOLDEN_ELIGIBLE,Drawing annotation type 'drawing_no'.
DR-333,ENT-STUD,drawing,drawing.annotation.DWG-ANO-S042-002,NOTE,全141葉の内 42 号,,,,NOR-011,DWG-ANO-S042-002,calc_pdf_p44,DWG-S042,HIGH,UNVERIFIED,DRAWING_ONLY,CANDIDATE_ONLY,,,,GOLDEN_ELIGIBLE,Drawing annotation type 'drawing_no'.
DR-334,ENT-STUD,drawing,drawing.annotation.DWG-ANO-S043-002,NOTE,全141葉の内 43 号,,,,NOR-011,DWG-ANO-S043-002,calc_pdf_p45,DWG-S043,HIGH,UNVERIFIED,DRAWING_ONLY,CANDIDATE_ONLY,,,,GOLDEN_ELIGIBLE,Drawing annotation type 'drawing_no'.
DR-335,ENT-STUD,drawing,drawing.annotation.DWG-ANO-S044-003,NOTE,全141葉の内 44 号,,,,NOR-011,DWG-ANO-S044-003,calc_pdf_p46,DWG-S044,HIGH,UNVERIFIED,DRAWING_ONLY,CANDIDATE_ONLY,,,,GOLDEN_ELIGIBLE,Drawing annotation type 'drawing_no'.
DR-336,ENT-LINE-ACL,drawing,drawing.annotation.DWG-ANO-S001-004,NOTE,一般国道247号（西知多道路）,,,,NOR-011,DWG-ANO-S001-004,calc_pdf_p3,DWG-S001,HIGH,UNVERIFIED,DRAWING_ONLY,CANDIDATE_ONLY,,,,GOLDEN_ELIGIBLE,Drawing annotation type 'project'.
DR-337,ENT-LINE-ACL,drawing,drawing.annotation.DWG-ANO-S001-005,NOTE,知多市旭地内始め 旭高架橋 Aランプ PU15ｰAR2,,,,NOR-011,DWG-ANO-S001-005,calc_pdf_p3,DWG-S001,HIGH,UNVERIFIED,DRAWING_ONLY,CANDIDATE_ONLY,,,,GOLDEN_ELIGIBLE,Drawing annotation type 'location'.
DR-338,ENT-LINE-ACL,drawing,drawing.annotation.DWG-ANO-S002-003,NOTE,一般国道247号（西知多道路）,,,,NOR-011,DWG-ANO-S002-003,calc_pdf_p4,DWG-S002,HIGH,UNVERIFIED,DRAWING_ONLY,CANDIDATE_ONLY,,,,GOLDEN_ELIGIBLE,Drawing annotation type 'project'.
DR-339,ENT-LINE-ACL,drawing,drawing.annotation.DWG-ANO-S002-004,NOTE,知多市旭地内始め 旭高架橋 Aランプ PU15ｰAR2,,,,NOR-011,DWG-ANO-S002-004,calc_pdf_p4,DWG-S002,HIGH,UNVERIFIED,DRAWING_ONLY,CANDIDATE_ONLY,,,,GOLDEN_ELIGIBLE,Drawing annotation type 'location'.
DR-340,ENT-LINE-ACL,drawing,drawing.annotation.DWG-ANO-S003-003,NOTE,一般国道247号（西知多道路）,,,,NOR-011,DWG-ANO-S003-003,calc_pdf_p5,DWG-S003,HIGH,UNVERIFIED,DRAWING_ONLY,CANDIDATE_ONLY,,,,GOLDEN_ELIGIBLE,Drawing annotation type 'project'.
DR-341,ENT-LINE-ACL,drawing,drawing.annotation.DWG-ANO-S003-004,NOTE,知多市旭地内始め 旭高架橋 Aランプ PU15ｰAR2,,,,NOR-011,DWG-ANO-S003-004,calc_pdf_p5,DWG-S003,HIGH,UNVERIFIED,DRAWING_ONLY,CANDIDATE_ONLY,,,,GOLDEN_ELIGIBLE,Drawing annotation type 'location'.
DR-342,ENT-LINE-ACL,drawing,drawing.annotation.DWG-ANO-S004-003,NOTE,一般国道247号（西知多道路）,,,,NOR-011,DWG-ANO-S004-003,calc_pdf_p6,DWG-S004,HIGH,UNVERIFIED,DRAWING_ONLY,CANDIDATE_ONLY,,,,GOLDEN_ELIGIBLE,Drawing annotation type 'project'.
DR-343,ENT-LINE-ACL,drawing,drawing.annotation.DWG-ANO-S004-004,NOTE,知多市旭地内始め 旭高架橋 Aランプ PU15ｰAR2,,,,NOR-011,DWG-ANO-S004-004,calc_pdf_p6,DWG-S004,HIGH,UNVERIFIED,DRAWING_ONLY,CANDIDATE_ONLY,,,,GOLDEN_ELIGIBLE,Drawing annotation type 'location'.
DR-344,ENT-LINE-ACL,drawing,drawing.annotation.DWG-ANO-S005-003,NOTE,一般国道247号（西知多道路）,,,,NOR-011,DWG-ANO-S005-003,calc_pdf_p7,DWG-S005,HIGH,UNVERIFIED,DRAWING_ONLY,CANDIDATE_ONLY,,,,GOLDEN_ELIGIBLE,Drawing annotation type 'project'.
DR-345,ENT-LINE-ACL,drawing,drawing.annotation.DWG-ANO-S005-004,NOTE,知多市旭地内始め 旭高架橋 Aランプ PU15ｰAR2,,,,NOR-011,DWG-ANO-S005-004,calc_pdf_p7,DWG-S005,HIGH,UNVERIFIED,DRAWING_ONLY,CANDIDATE_ONLY,,,,GOLDEN_ELIGIBLE,Drawing annotation type 'location'.
DR-346,ENT-LINE-ACL,drawing,drawing.annotation.DWG-ANO-S006-003,NOTE,一般国道247号（西知多道路）,,,,NOR-011,DWG-ANO-S006-003,calc_pdf_p8,DWG-S006,HIGH,UNVERIFIED,DRAWING_ONLY,CANDIDATE_ONLY,,,,GOLDEN_ELIGIBLE,Drawing annotation type 'project'.
DR-347,ENT-LINE-ACL,drawing,drawing.annotation.DWG-ANO-S006-004,NOTE,知多市旭地内始め 旭高架橋 Aランプ PU15ｰAR2,,,,NOR-011,DWG-ANO-S006-004,calc_pdf_p8,DWG-S006,HIGH,UNVERIFIED,DRAWING_ONLY,CANDIDATE_ONLY,,,,GOLDEN_ELIGIBLE,Drawing annotation type 'location'.
DR-348,ENT-LINE-ACL,drawing,drawing.annotation.DWG-ANO-S007-003,NOTE,一般国道247号（西知多道路）,,,,NOR-011,DWG-ANO-S007-003,calc_pdf_p9,DWG-S007,HIGH,UNVERIFIED,DRAWING_ONLY,CANDIDATE_ONLY,,,,GOLDEN_ELIGIBLE,Drawing annotation type 'project'.
DR-349,ENT-LINE-ACL,drawing,drawing.annotation.DWG-ANO-S007-004,NOTE,知多市旭地内始め 旭高架橋 Aランプ PU15ｰAR2,,,,NOR-011,DWG-ANO-S007-004,calc_pdf_p9,DWG-S007,HIGH,UNVERIFIED,DRAWING_ONLY,CANDIDATE_ONLY,,,,GOLDEN_ELIGIBLE,Drawing annotation type 'location'.
DR-350,ENT-LINE-ACL,drawing,drawing.annotation.DWG-ANO-S008-004,NOTE,一般国道247号（西知多道路）,,,,NOR-011,DWG-ANO-S008-004,calc_pdf_p10,DWG-S008,HIGH,UNVERIFIED,DRAWING_ONLY,CANDIDATE_ONLY,,,,GOLDEN_ELIGIBLE,Drawing annotation type 'project'.
DR-351,ENT-LINE-ACL,drawing,drawing.annotation.DWG-ANO-S008-005,NOTE,知多市旭地内始め 旭高架橋 Aランプ PU15ｰAR2,,,,NOR-011,DWG-ANO-S008-005,calc_pdf_p10,DWG-S008,HIGH,UNVERIFIED,DRAWING_ONLY,CANDIDATE_ONLY,,,,GOLDEN_ELIGIBLE,Drawing annotation type 'location'.
DR-352,ENT-DECK,drawing,drawing.annotation.DWG-ANO-S009-004,NOTE,一般国道247号（西知多道路）,,,,NOR-011,DWG-ANO-S009-004,calc_pdf_p11,DWG-S009,HIGH,UNVERIFIED,DRAWING_ONLY,CANDIDATE_ONLY,,,,GOLDEN_ELIGIBLE,Drawing annotation type 'project'.
DR-353,ENT-DECK,drawing,drawing.annotation.DWG-ANO-S009-005,NOTE,知多市旭地内始め 旭高架橋 Aランプ PU15ｰAR2,,,,NOR-011,DWG-ANO-S009-005,calc_pdf_p11,DWG-S009,HIGH,UNVERIFIED,DRAWING_ONLY,CANDIDATE_ONLY,,,,GOLDEN_ELIGIBLE,Drawing annotation type 'location'.
DR-354,ENT-LINE-ACL,drawing,drawing.annotation.DWG-ANO-S010-003,NOTE,一般国道247号（西知多道路）,,,,NOR-011,DWG-ANO-S010-003,calc_pdf_p12,DWG-S010,HIGH,UNVERIFIED,DRAWING_ONLY,CANDIDATE_ONLY,,,,GOLDEN_ELIGIBLE,Drawing annotation type 'project'.
DR-355,ENT-LINE-ACL,drawing,drawing.annotation.DWG-ANO-S010-004,NOTE,知多市旭地内始め 旭高架橋 Aランプ PU15ｰAR2,,,,NOR-011,DWG-ANO-S010-004,calc_pdf_p12,DWG-S010,HIGH,UNVERIFIED,DRAWING_ONLY,CANDIDATE_ONLY,,,,GOLDEN_ELIGIBLE,Drawing annotation type 'location'.
DR-356,ENT-LINE-ACL,drawing,drawing.annotation.DWG-ANO-S011-003,NOTE,一般国道247号（西知多道路）,,,,NOR-011,DWG-ANO-S011-003,calc_pdf_p13,DWG-S011,HIGH,UNVERIFIED,DRAWING_ONLY,CANDIDATE_ONLY,,,,GOLDEN_ELIGIBLE,Drawing annotation type 'project'.
DR-357,ENT-LINE-ACL,drawing,drawing.annotation.DWG-ANO-S011-004,NOTE,知多市旭地内始め 旭高架橋 Aランプ PU15ｰAR2,,,,NOR-011,DWG-ANO-S011-004,calc_pdf_p13,DWG-S011,HIGH,UNVERIFIED,DRAWING_ONLY,CANDIDATE_ONLY,,,,GOLDEN_ELIGIBLE,Drawing annotation type 'location'.
DR-358,ENT-LINE-ACL,drawing,drawing.annotation.DWG-ANO-S012-005,NOTE,一般国道247号（西知多道路）,,,,NOR-011,DWG-ANO-S012-005,calc_pdf_p14,DWG-S012,HIGH,UNVERIFIED,DRAWING_ONLY,CANDIDATE_ONLY,,,,GOLDEN_ELIGIBLE,Drawing annotation type 'project'.
DR-359,ENT-LINE-ACL,drawing,drawing.annotation.DWG-ANO-S012-006,NOTE,知多市旭地内始め 旭高架橋 Aランプ PU15ｰAR2,,,,NOR-011,DWG-ANO-S012-006,calc_pdf_p14,DWG-S012,HIGH,UNVERIFIED,DRAWING_ONLY,CANDIDATE_ONLY,,,,GOLDEN_ELIGIBLE,Drawing annotation type 'location'.
DR-360,ENT-GIRDER-AG1,drawing,drawing.annotation.DWG-ANO-S013-002,NOTE,一般国道247号（西知多道路）,,,,NOR-011,DWG-ANO-S013-002,calc_pdf_p15,DWG-S013,HIGH,UNVERIFIED,DRAWING_ONLY,CANDIDATE_ONLY,,,,GOLDEN_ELIGIBLE,Drawing annotation type 'project'.
DR-361,ENT-GIRDER-AG1,drawing,drawing.annotation.DWG-ANO-S013-003,NOTE,知多市旭地内始め 旭高架橋 Aランプ PU15ｰAR2,,,,NOR-011,DWG-ANO-S013-003,calc_pdf_p15,DWG-S013,HIGH,UNVERIFIED,DRAWING_ONLY,CANDIDATE_ONLY,,,,GOLDEN_ELIGIBLE,Drawing annotation type 'location'.
DR-362,ENT-GIRDER-AG2,drawing,drawing.annotation.DWG-ANO-S014-002,NOTE,一般国道247号（西知多道路）,,,,NOR-011,DWG-ANO-S014-002,calc_pdf_p16,DWG-S014,HIGH,UNVERIFIED,DRAWING_ONLY,CANDIDATE_ONLY,,,,GOLDEN_ELIGIBLE,Drawing annotation type 'project'.
DR-363,ENT-GIRDER-AG2,drawing,drawing.annotation.DWG-ANO-S014-003,NOTE,知多市旭地内始め 旭高架橋 Aランプ PU15ｰAR2,,,,NOR-011,DWG-ANO-S014-003,calc_pdf_p16,DWG-S014,HIGH,UNVERIFIED,DRAWING_ONLY,CANDIDATE_ONLY,,,,GOLDEN_ELIGIBLE,Drawing annotation type 'location'.
DR-364,ENT-DECK,drawing,drawing.annotation.DWG-ANO-S015-002,NOTE,一般国道247号（西知多道路）,,,,NOR-011,DWG-ANO-S015-002,calc_pdf_p17,DWG-S015,HIGH,UNVERIFIED,DRAWING_ONLY,CANDIDATE_ONLY,,,,GOLDEN_ELIGIBLE,Drawing annotation type 'project'.
DR-365,ENT-DECK,drawing,drawing.annotation.DWG-ANO-S015-003,NOTE,知多市旭地内始め 旭高架橋 Aランプ PU15ｰAR2,,,,NOR-011,DWG-ANO-S015-003,calc_pdf_p17,DWG-S015,HIGH,UNVERIFIED,DRAWING_ONLY,CANDIDATE_ONLY,,,,GOLDEN_ELIGIBLE,Drawing annotation type 'location'.
DR-366,ENT-DECK,drawing,drawing.annotation.DWG-ANO-S016-002,NOTE,一般国道247号（西知多道路）,,,,NOR-011,DWG-ANO-S016-002,calc_pdf_p18,DWG-S016,HIGH,UNVERIFIED,DRAWING_ONLY,CANDIDATE_ONLY,,,,GOLDEN_ELIGIBLE,Drawing annotation type 'project'.
DR-367,ENT-DECK,drawing,drawing.annotation.DWG-ANO-S016-003,NOTE,知多市旭地内始め 旭高架橋 Aランプ PU15ｰAR2,,,,NOR-011,DWG-ANO-S016-003,calc_pdf_p18,DWG-S016,HIGH,UNVERIFIED,DRAWING_ONLY,CANDIDATE_ONLY,,,,GOLDEN_ELIGIBLE,Drawing annotation type 'location'.
DR-368,ENT-LINE-ACL,drawing,drawing.annotation.DWG-ANO-S017-004,NOTE,一般国道247号（西知多道路）,,,,NOR-011,DWG-ANO-S017-004,calc_pdf_p19,DWG-S017,HIGH,UNVERIFIED,DRAWING_ONLY,CANDIDATE_ONLY,,,,GOLDEN_ELIGIBLE,Drawing annotation type 'project'.
DR-369,ENT-LINE-ACL,drawing,drawing.annotation.DWG-ANO-S017-005,NOTE,知多市旭地内始め 旭高架橋 Aランプ PU15ｰAR2,,,,NOR-011,DWG-ANO-S017-005,calc_pdf_p19,DWG-S017,HIGH,UNVERIFIED,DRAWING_ONLY,CANDIDATE_ONLY,,,,GOLDEN_ELIGIBLE,Drawing annotation type 'location'.
DR-370,ENT-LINE-ACL,drawing,drawing.annotation.DWG-ANO-S018-003,NOTE,一般国道247号（西知多道路）,,,,NOR-011,DWG-ANO-S018-003,calc_pdf_p20,DWG-S018,HIGH,UNVERIFIED,DRAWING_ONLY,CANDIDATE_ONLY,,,,GOLDEN_ELIGIBLE,Drawing annotation type 'project'.
DR-371,ENT-LINE-ACL,drawing,drawing.annotation.DWG-ANO-S018-004,NOTE,知多市旭地内始め 旭高架橋 Aランプ PU15ｰAR2,,,,NOR-011,DWG-ANO-S018-004,calc_pdf_p20,DWG-S018,HIGH,UNVERIFIED,DRAWING_ONLY,CANDIDATE_ONLY,,,,GOLDEN_ELIGIBLE,Drawing annotation type 'location'.
DR-372,ENT-LINE-ACL,drawing,drawing.annotation.DWG-ANO-S019-004,NOTE,一般国道247号（西知多道路）,,,,NOR-011,DWG-ANO-S019-004,calc_pdf_p21,DWG-S019,HIGH,UNVERIFIED,DRAWING_ONLY,CANDIDATE_ONLY,,,,GOLDEN_ELIGIBLE,Drawing annotation type 'project'.
DR-373,ENT-LINE-ACL,drawing,drawing.annotation.DWG-ANO-S019-005,NOTE,知多市旭地内始め 旭高架橋 Aランプ PU15ｰAR2,,,,NOR-011,DWG-ANO-S019-005,calc_pdf_p21,DWG-S019,HIGH,UNVERIFIED,DRAWING_ONLY,CANDIDATE_ONLY,,,,GOLDEN_ELIGIBLE,Drawing annotation type 'location'.
DR-374,ENT-LINE-ACL,drawing,drawing.annotation.DWG-ANO-S020-004,NOTE,一般国道247号（西知多道路）,,,,NOR-011,DWG-ANO-S020-004,calc_pdf_p22,DWG-S020,HIGH,UNVERIFIED,DRAWING_ONLY,CANDIDATE_ONLY,,,,GOLDEN_ELIGIBLE,Drawing annotation type 'project'.
DR-375,ENT-LINE-ACL,drawing,drawing.annotation.DWG-ANO-S020-005,NOTE,知多市旭地内始め 旭高架橋 Aランプ PU15ｰAR2,,,,NOR-011,DWG-ANO-S020-005,calc_pdf_p22,DWG-S020,HIGH,UNVERIFIED,DRAWING_ONLY,CANDIDATE_ONLY,,,,GOLDEN_ELIGIBLE,Drawing annotation type 'location'.
DR-376,ENT-GIRDER-AG1,drawing,drawing.annotation.DWG-ANO-S021-003,NOTE,一般国道247号（西知多道路）,,,,NOR-011,DWG-ANO-S021-003,calc_pdf_p23,DWG-S021,HIGH,UNVERIFIED,DRAWING_ONLY,CANDIDATE_ONLY,,,,GOLDEN_ELIGIBLE,Drawing annotation type 'project'.
DR-377,ENT-GIRDER-AG1,drawing,drawing.annotation.DWG-ANO-S021-004,NOTE,知多市旭地内始め 旭高架橋 Aランプ PU15ｰAR2,,,,NOR-011,DWG-ANO-S021-004,calc_pdf_p23,DWG-S021,HIGH,UNVERIFIED,DRAWING_ONLY,CANDIDATE_ONLY,,,,GOLDEN_ELIGIBLE,Drawing annotation type 'location'.
DR-378,ENT-GIRDER-AG1,drawing,drawing.annotation.DWG-ANO-S022-003,NOTE,一般国道247号（西知多道路）,,,,NOR-011,DWG-ANO-S022-003,calc_pdf_p24,DWG-S022,HIGH,UNVERIFIED,DRAWING_ONLY,CANDIDATE_ONLY,,,,GOLDEN_ELIGIBLE,Drawing annotation type 'project'.
DR-379,ENT-GIRDER-AG1,drawing,drawing.annotation.DWG-ANO-S022-004,NOTE,知多市旭地内始め 旭高架橋 Aランプ PU15ｰAR2,,,,NOR-011,DWG-ANO-S022-004,calc_pdf_p24,DWG-S022,HIGH,UNVERIFIED,DRAWING_ONLY,CANDIDATE_ONLY,,,,GOLDEN_ELIGIBLE,Drawing annotation type 'location'.
DR-380,ENT-GIRDER-AG1,drawing,drawing.annotation.DWG-ANO-S023-004,NOTE,一般国道247号（西知多道路）,,,,NOR-011,DWG-ANO-S023-004,calc_pdf_p25,DWG-S023,HIGH,UNVERIFIED,DRAWING_ONLY,CANDIDATE_ONLY,,,,GOLDEN_ELIGIBLE,Drawing annotation type 'project'.
DR-381,ENT-GIRDER-AG1,drawing,drawing.annotation.DWG-ANO-S023-005,NOTE,知多市旭地内始め 旭高架橋 Aランプ PU15ｰAR2,,,,NOR-011,DWG-ANO-S023-005,calc_pdf_p25,DWG-S023,HIGH,UNVERIFIED,DRAWING_ONLY,CANDIDATE_ONLY,,,,GOLDEN_ELIGIBLE,Drawing annotation type 'location'.
DR-382,ENT-GIRDER-AG1,drawing,drawing.annotation.DWG-ANO-S024-003,NOTE,一般国道247号（西知多道路）,,,,NOR-011,DWG-ANO-S024-003,calc_pdf_p26,DWG-S024,HIGH,UNVERIFIED,DRAWING_ONLY,CANDIDATE_ONLY,,,,GOLDEN_ELIGIBLE,Drawing annotation type 'project'.
DR-383,ENT-GIRDER-AG1,drawing,drawing.annotation.DWG-ANO-S024-004,NOTE,知多市旭地内始め 旭高架橋 Aランプ PU15ｰAR2,,,,NOR-011,DWG-ANO-S024-004,calc_pdf_p26,DWG-S024,HIGH,UNVERIFIED,DRAWING_ONLY,CANDIDATE_ONLY,,,,GOLDEN_ELIGIBLE,Drawing annotation type 'location'.
DR-384,ENT-GIRDER-AG1,drawing,drawing.annotation.DWG-ANO-S025-003,NOTE,一般国道247号（西知多道路）,,,,NOR-011,DWG-ANO-S025-003,calc_pdf_p27,DWG-S025,HIGH,UNVERIFIED,DRAWING_ONLY,CANDIDATE_ONLY,,,,GOLDEN_ELIGIBLE,Drawing annotation type 'project'.
DR-385,ENT-GIRDER-AG1,drawing,drawing.annotation.DWG-ANO-S025-004,NOTE,知多市旭地内始め 旭高架橋 Aランプ PU15ｰAR2,,,,NOR-011,DWG-ANO-S025-004,calc_pdf_p27,DWG-S025,HIGH,UNVERIFIED,DRAWING_ONLY,CANDIDATE_ONLY,,,,GOLDEN_ELIGIBLE,Drawing annotation type 'location'.
DR-386,ENT-GIRDER-AG1,drawing,drawing.annotation.DWG-ANO-S026-004,NOTE,一般国道247号（西知多道路）,,,,NOR-011,DWG-ANO-S026-004,calc_pdf_p28,DWG-S026,HIGH,UNVERIFIED,DRAWING_ONLY,CANDIDATE_ONLY,,,,GOLDEN_ELIGIBLE,Drawing annotation type 'project'.
DR-387,ENT-GIRDER-AG1,drawing,drawing.annotation.DWG-ANO-S026-005,NOTE,知多市旭地内始め 旭高架橋 Aランプ PU15ｰAR2,,,,NOR-011,DWG-ANO-S026-005,calc_pdf_p28,DWG-S026,HIGH,UNVERIFIED,DRAWING_ONLY,CANDIDATE_ONLY,,,,GOLDEN_ELIGIBLE,Drawing annotation type 'location'.
DR-388,ENT-GIRDER-AG1,drawing,drawing.annotation.DWG-ANO-S027-003,NOTE,一般国道247号（西知多道路）,,,,NOR-011,DWG-ANO-S027-003,calc_pdf_p29,DWG-S027,HIGH,UNVERIFIED,DRAWING_ONLY,CANDIDATE_ONLY,,,,GOLDEN_ELIGIBLE,Drawing annotation type 'project'.
DR-389,ENT-GIRDER-AG1,drawing,drawing.annotation.DWG-ANO-S027-004,NOTE,知多市旭地内始め 旭高架橋 Aランプ PU15ｰAR2,,,,NOR-011,DWG-ANO-S027-004,calc_pdf_p29,DWG-S027,HIGH,UNVERIFIED,DRAWING_ONLY,CANDIDATE_ONLY,,,,GOLDEN_ELIGIBLE,Drawing annotation type 'location'.
DR-390,ENT-GIRDER-AG1,drawing,drawing.annotation.DWG-ANO-S028-003,NOTE,一般国道247号（西知多道路）,,,,NOR-011,DWG-ANO-S028-003,calc_pdf_p30,DWG-S028,HIGH,UNVERIFIED,DRAWING_ONLY,CANDIDATE_ONLY,,,,GOLDEN_ELIGIBLE,Drawing annotation type 'project'.
DR-391,ENT-GIRDER-AG1,drawing,drawing.annotation.DWG-ANO-S028-004,NOTE,知多市旭地内始め 旭高架橋 Aランプ PU15ｰAR2,,,,NOR-011,DWG-ANO-S028-004,calc_pdf_p30,DWG-S028,HIGH,UNVERIFIED,DRAWING_ONLY,CANDIDATE_ONLY,,,,GOLDEN_ELIGIBLE,Drawing annotation type 'location'.
DR-392,ENT-GIRDER-AG1,drawing,drawing.annotation.DWG-ANO-S029-003,NOTE,一般国道247号（西知多道路）,,,,NOR-011,DWG-ANO-S029-003,calc_pdf_p31,DWG-S029,HIGH,UNVERIFIED,DRAWING_ONLY,CANDIDATE_ONLY,,,,GOLDEN_ELIGIBLE,Drawing annotation type 'project'.
DR-393,ENT-GIRDER-AG1,drawing,drawing.annotation.DWG-ANO-S029-004,NOTE,知多市旭地内始め 旭高架橋 Aランプ PU15ｰAR2,,,,NOR-011,DWG-ANO-S029-004,calc_pdf_p31,DWG-S029,HIGH,UNVERIFIED,DRAWING_ONLY,CANDIDATE_ONLY,,,,GOLDEN_ELIGIBLE,Drawing annotation type 'location'.
DR-394,ENT-GIRDER-AG2,drawing,drawing.annotation.DWG-ANO-S030-003,NOTE,一般国道247号（西知多道路）,,,,NOR-011,DWG-ANO-S030-003,calc_pdf_p32,DWG-S030,HIGH,UNVERIFIED,DRAWING_ONLY,CANDIDATE_ONLY,,,,GOLDEN_ELIGIBLE,Drawing annotation type 'project'.
DR-395,ENT-GIRDER-AG2,drawing,drawing.annotation.DWG-ANO-S030-004,NOTE,知多市旭地内始め 旭高架橋 Aランプ PU15ｰAR2,,,,NOR-011,DWG-ANO-S030-004,calc_pdf_p32,DWG-S030,HIGH,UNVERIFIED,DRAWING_ONLY,CANDIDATE_ONLY,,,,GOLDEN_ELIGIBLE,Drawing annotation type 'location'.
DR-396,ENT-GIRDER-AG2,drawing,drawing.annotation.DWG-ANO-S031-003,NOTE,一般国道247号（西知多道路）,,,,NOR-011,DWG-ANO-S031-003,calc_pdf_p33,DWG-S031,HIGH,UNVERIFIED,DRAWING_ONLY,CANDIDATE_ONLY,,,,GOLDEN_ELIGIBLE,Drawing annotation type 'project'.
DR-397,ENT-GIRDER-AG2,drawing,drawing.annotation.DWG-ANO-S031-004,NOTE,知多市旭地内始め 旭高架橋 Aランプ PU15ｰAR2,,,,NOR-011,DWG-ANO-S031-004,calc_pdf_p33,DWG-S031,HIGH,UNVERIFIED,DRAWING_ONLY,CANDIDATE_ONLY,,,,GOLDEN_ELIGIBLE,Drawing annotation type 'location'.
DR-398,ENT-GIRDER-AG2,drawing,drawing.annotation.DWG-ANO-S032-003,NOTE,一般国道247号（西知多道路）,,,,NOR-011,DWG-ANO-S032-003,calc_pdf_p34,DWG-S032,HIGH,UNVERIFIED,DRAWING_ONLY,CANDIDATE_ONLY,,,,GOLDEN_ELIGIBLE,Drawing annotation type 'project'.
DR-399,ENT-GIRDER-AG2,drawing,drawing.annotation.DWG-ANO-S032-004,NOTE,知多市旭地内始め 旭高架橋 Aランプ PU15ｰAR2,,,,NOR-011,DWG-ANO-S032-004,calc_pdf_p34,DWG-S032,HIGH,UNVERIFIED,DRAWING_ONLY,CANDIDATE_ONLY,,,,GOLDEN_ELIGIBLE,Drawing annotation type 'location'.
DR-400,ENT-GIRDER-AG2,drawing,drawing.annotation.DWG-ANO-S033-003,NOTE,一般国道247号（西知多道路）,,,,NOR-011,DWG-ANO-S033-003,calc_pdf_p35,DWG-S033,HIGH,UNVERIFIED,DRAWING_ONLY,CANDIDATE_ONLY,,,,GOLDEN_ELIGIBLE,Drawing annotation type 'project'.
DR-401,ENT-GIRDER-AG2,drawing,drawing.annotation.DWG-ANO-S033-004,NOTE,知多市旭地内始め 旭高架橋 Aランプ PU15ｰAR2,,,,NOR-011,DWG-ANO-S033-004,calc_pdf_p35,DWG-S033,HIGH,UNVERIFIED,DRAWING_ONLY,CANDIDATE_ONLY,,,,GOLDEN_ELIGIBLE,Drawing annotation type 'location'.
DR-402,ENT-GIRDER-AG2,drawing,drawing.annotation.DWG-ANO-S034-003,NOTE,一般国道247号（西知多道路）,,,,NOR-011,DWG-ANO-S034-003,calc_pdf_p36,DWG-S034,HIGH,UNVERIFIED,DRAWING_ONLY,CANDIDATE_ONLY,,,,GOLDEN_ELIGIBLE,Drawing annotation type 'project'.
DR-403,ENT-GIRDER-AG2,drawing,drawing.annotation.DWG-ANO-S034-004,NOTE,知多市旭地内始め 旭高架橋 Aランプ PU15ｰAR2,,,,NOR-011,DWG-ANO-S034-004,calc_pdf_p36,DWG-S034,HIGH,UNVERIFIED,DRAWING_ONLY,CANDIDATE_ONLY,,,,GOLDEN_ELIGIBLE,Drawing annotation type 'location'.
DR-404,ENT-GIRDER-AG2,drawing,drawing.annotation.DWG-ANO-S035-003,NOTE,一般国道247号（西知多道路）,,,,NOR-011,DWG-ANO-S035-003,calc_pdf_p37,DWG-S035,HIGH,UNVERIFIED,DRAWING_ONLY,CANDIDATE_ONLY,,,,GOLDEN_ELIGIBLE,Drawing annotation type 'project'.
DR-405,ENT-GIRDER-AG2,drawing,drawing.annotation.DWG-ANO-S035-004,NOTE,知多市旭地内始め 旭高架橋 Aランプ PU15ｰAR2,,,,NOR-011,DWG-ANO-S035-004,calc_pdf_p37,DWG-S035,HIGH,UNVERIFIED,DRAWING_ONLY,CANDIDATE_ONLY,,,,GOLDEN_ELIGIBLE,Drawing annotation type 'location'.
DR-406,ENT-GIRDER-AG2,drawing,drawing.annotation.DWG-ANO-S036-003,NOTE,一般国道247号（西知多道路）,,,,NOR-011,DWG-ANO-S036-003,calc_pdf_p38,DWG-S036,HIGH,UNVERIFIED,DRAWING_ONLY,CANDIDATE_ONLY,,,,GOLDEN_ELIGIBLE,Drawing annotation type 'project'.
DR-407,ENT-GIRDER-AG2,drawing,drawing.annotation.DWG-ANO-S036-004,NOTE,知多市旭地内始め 旭高架橋 Aランプ PU15ｰAR2,,,,NOR-011,DWG-ANO-S036-004,calc_pdf_p38,DWG-S036,HIGH,UNVERIFIED,DRAWING_ONLY,CANDIDATE_ONLY,,,,GOLDEN_ELIGIBLE,Drawing annotation type 'location'.
DR-408,ENT-GIRDER-AG2,drawing,drawing.annotation.DWG-ANO-S037-003,NOTE,一般国道247号（西知多道路）,,,,NOR-011,DWG-ANO-S037-003,calc_pdf_p39,DWG-S037,HIGH,UNVERIFIED,DRAWING_ONLY,CANDIDATE_ONLY,,,,GOLDEN_ELIGIBLE,Drawing annotation type 'project'.
DR-409,ENT-GIRDER-AG2,drawing,drawing.annotation.DWG-ANO-S037-004,NOTE,知多市旭地内始め 旭高架橋 Aランプ PU15ｰAR2,,,,NOR-011,DWG-ANO-S037-004,calc_pdf_p39,DWG-S037,HIGH,UNVERIFIED,DRAWING_ONLY,CANDIDATE_ONLY,,,,GOLDEN_ELIGIBLE,Drawing annotation type 'location'.
DR-410,ENT-GIRDER-AG2,drawing,drawing.annotation.DWG-ANO-S038-003,NOTE,一般国道247号（西知多道路）,,,,NOR-011,DWG-ANO-S038-003,calc_pdf_p40,DWG-S038,HIGH,UNVERIFIED,DRAWING_ONLY,CANDIDATE_ONLY,,,,GOLDEN_ELIGIBLE,Drawing annotation type 'project'.
DR-411,ENT-GIRDER-AG2,drawing,drawing.annotation.DWG-ANO-S038-004,NOTE,知多市旭地内始め 旭高架橋 Aランプ PU15ｰAR2,,,,NOR-011,DWG-ANO-S038-004,calc_pdf_p40,DWG-S038,HIGH,UNVERIFIED,DRAWING_ONLY,CANDIDATE_ONLY,,,,GOLDEN_ELIGIBLE,Drawing annotation type 'location'.
DR-412,ENT-STUD,drawing,drawing.annotation.DWG-ANO-S039-003,NOTE,一般国道247号（西知多道路）,,,,NOR-011,DWG-ANO-S039-003,calc_pdf_p41,DWG-S039,HIGH,UNVERIFIED,DRAWING_ONLY,CANDIDATE_ONLY,,,,GOLDEN_ELIGIBLE,Drawing annotation type 'project'.
DR-413,ENT-STUD,drawing,drawing.annotation.DWG-ANO-S039-004,NOTE,知多市旭地内始め 旭高架橋 Aランプ PU15ｰAR2,,,,NOR-011,DWG-ANO-S039-004,calc_pdf_p41,DWG-S039,HIGH,UNVERIFIED,DRAWING_ONLY,CANDIDATE_ONLY,,,,GOLDEN_ELIGIBLE,Drawing annotation type 'location'.
DR-414,ENT-STUD,drawing,drawing.annotation.DWG-ANO-S040-003,NOTE,一般国道247号（西知多道路）,,,,NOR-011,DWG-ANO-S040-003,calc_pdf_p42,DWG-S040,HIGH,UNVERIFIED,DRAWING_ONLY,CANDIDATE_ONLY,,,,GOLDEN_ELIGIBLE,Drawing annotation type 'project'.
DR-415,ENT-STUD,drawing,drawing.annotation.DWG-ANO-S040-004,NOTE,知多市旭地内始め 旭高架橋 Aランプ PU15ｰAR2,,,,NOR-011,DWG-ANO-S040-004,calc_pdf_p42,DWG-S040,HIGH,UNVERIFIED,DRAWING_ONLY,CANDIDATE_ONLY,,,,GOLDEN_ELIGIBLE,Drawing annotation type 'location'.
DR-416,ENT-STUD,drawing,drawing.annotation.DWG-ANO-S041-003,NOTE,一般国道247号（西知多道路）,,,,NOR-011,DWG-ANO-S041-003,calc_pdf_p43,DWG-S041,HIGH,UNVERIFIED,DRAWING_ONLY,CANDIDATE_ONLY,,,,GOLDEN_ELIGIBLE,Drawing annotation type 'project'.
DR-417,ENT-STUD,drawing,drawing.annotation.DWG-ANO-S041-004,NOTE,知多市旭地内始め 旭高架橋 Aランプ PU15ｰAR2,,,,NOR-011,DWG-ANO-S041-004,calc_pdf_p43,DWG-S041,HIGH,UNVERIFIED,DRAWING_ONLY,CANDIDATE_ONLY,,,,GOLDEN_ELIGIBLE,Drawing annotation type 'location'.
DR-418,ENT-STUD,drawing,drawing.annotation.DWG-ANO-S042-003,NOTE,一般国道247号（西知多道路）,,,,NOR-011,DWG-ANO-S042-003,calc_pdf_p44,DWG-S042,HIGH,UNVERIFIED,DRAWING_ONLY,CANDIDATE_ONLY,,,,GOLDEN_ELIGIBLE,Drawing annotation type 'project'.
DR-419,ENT-STUD,drawing,drawing.annotation.DWG-ANO-S042-004,NOTE,知多市旭地内始め 旭高架橋 Aランプ PU15ｰAR2,,,,NOR-011,DWG-ANO-S042-004,calc_pdf_p44,DWG-S042,HIGH,UNVERIFIED,DRAWING_ONLY,CANDIDATE_ONLY,,,,GOLDEN_ELIGIBLE,Drawing annotation type 'location'.
DR-420,ENT-STUD,drawing,drawing.annotation.DWG-ANO-S043-003,NOTE,一般国道247号（西知多道路）,,,,NOR-011,DWG-ANO-S043-003,calc_pdf_p45,DWG-S043,HIGH,UNVERIFIED,DRAWING_ONLY,CANDIDATE_ONLY,,,,GOLDEN_ELIGIBLE,Drawing annotation type 'project'.
DR-421,ENT-STUD,drawing,drawing.annotation.DWG-ANO-S043-004,NOTE,知多市旭地内始め 旭高架橋 Aランプ PU15ｰAR2,,,,NOR-011,DWG-ANO-S043-004,calc_pdf_p45,DWG-S043,HIGH,UNVERIFIED,DRAWING_ONLY,CANDIDATE_ONLY,,,,GOLDEN_ELIGIBLE,Drawing annotation type 'location'.
DR-422,ENT-STUD,drawing,drawing.annotation.DWG-ANO-S044-004,NOTE,一般国道247号（西知多道路）,,,,NOR-011,DWG-ANO-S044-004,calc_pdf_p46,DWG-S044,HIGH,UNVERIFIED,DRAWING_ONLY,CANDIDATE_ONLY,,,,GOLDEN_ELIGIBLE,Drawing annotation type 'project'.
DR-423,ENT-STUD,drawing,drawing.annotation.DWG-ANO-S044-005,NOTE,知多市旭地内始め 旭高架橋 Aランプ PU15ｰAR2,,,,NOR-011,DWG-ANO-S044-005,calc_pdf_p46,DWG-S044,HIGH,UNVERIFIED,DRAWING_ONLY,CANDIDATE_ONLY,,,,GOLDEN_ELIGIBLE,Drawing annotation type 'location'.
DR-424,ENT-GIRDER-AG1,drawing,drawing.annotation.DWG-ANO-S021-005,NOTE,J-1,,,,NOR-011,DWG-ANO-S021-005,calc_pdf_p23,DWG-S021,HIGH,UNVERIFIED,DRAWING_ONLY,CANDIDATE_ONLY,,,,GOLDEN_ELIGIBLE,Drawing annotation type 'splice'.
DR-425,ENT-GIRDER-AG1,drawing,drawing.annotation.DWG-ANO-S021-006,NOTE,J-2,,,,NOR-011,DWG-ANO-S021-006,calc_pdf_p23,DWG-S021,HIGH,UNVERIFIED,DRAWING_ONLY,CANDIDATE_ONLY,,,,GOLDEN_ELIGIBLE,Drawing annotation type 'splice'.
DR-426,ENT-GIRDER-AG1,drawing,drawing.annotation.DWG-ANO-S021-007,NOTE,J-3,,,,NOR-011,DWG-ANO-S021-007,calc_pdf_p23,DWG-S021,HIGH,UNVERIFIED,DRAWING_ONLY,CANDIDATE_ONLY,,,,GOLDEN_ELIGIBLE,Drawing annotation type 'splice'.
DR-427,ENT-GIRDER-AG1,drawing,drawing.annotation.DWG-ANO-S021-008,NOTE,J-4,,,,NOR-011,DWG-ANO-S021-008,calc_pdf_p23,DWG-S021,HIGH,UNVERIFIED,DRAWING_ONLY,CANDIDATE_ONLY,,,,GOLDEN_ELIGIBLE,Drawing annotation type 'splice'.
DR-428,ENT-GIRDER-AG1,drawing,drawing.annotation.DWG-ANO-S021-009,NOTE,J-5,,,,NOR-011,DWG-ANO-S021-009,calc_pdf_p23,DWG-S021,HIGH,UNVERIFIED,DRAWING_ONLY,CANDIDATE_ONLY,,,,GOLDEN_ELIGIBLE,Drawing annotation type 'splice'.
DR-429,ENT-GIRDER-AG1,drawing,drawing.annotation.DWG-ANO-S021-010,NOTE,J-6,,,,NOR-011,DWG-ANO-S021-010,calc_pdf_p23,DWG-S021,HIGH,UNVERIFIED,DRAWING_ONLY,CANDIDATE_ONLY,,,,GOLDEN_ELIGIBLE,Drawing annotation type 'splice'.
DR-430,ENT-GIRDER-AG1,drawing,drawing.annotation.DWG-ANO-S021-011,NOTE,J-7,,,,NOR-011,DWG-ANO-S021-011,calc_pdf_p23,DWG-S021,HIGH,UNVERIFIED,DRAWING_ONLY,CANDIDATE_ONLY,,,,GOLDEN_ELIGIBLE,Drawing annotation type 'splice'.
DR-431,ENT-GIRDER-AG1,drawing,drawing.annotation.DWG-ANO-S021-012,NOTE,J-8,,,,NOR-011,DWG-ANO-S021-012,calc_pdf_p23,DWG-S021,HIGH,UNVERIFIED,DRAWING_ONLY,CANDIDATE_ONLY,,,,GOLDEN_ELIGIBLE,Drawing annotation type 'splice'.
DR-432,ENT-GIRDER-AG1,drawing,drawing.annotation.DWG-ANO-S021-013,NOTE,J-9,,,,NOR-011,DWG-ANO-S021-013,calc_pdf_p23,DWG-S021,HIGH,UNVERIFIED,DRAWING_ONLY,CANDIDATE_ONLY,,,,GOLDEN_ELIGIBLE,Drawing annotation type 'splice'.
DR-433,ENT-GIRDER-AG1,drawing,drawing.annotation.DWG-ANO-S021-014,NOTE,J-10,,,,NOR-011,DWG-ANO-S021-014,calc_pdf_p23,DWG-S021,HIGH,UNVERIFIED,DRAWING_ONLY,CANDIDATE_ONLY,,,,GOLDEN_ELIGIBLE,Drawing annotation type 'splice'.
DR-434,ENT-GIRDER-AG1,drawing,drawing.annotation.DWG-ANO-S021-015,NOTE,J-11,,,,NOR-011,DWG-ANO-S021-015,calc_pdf_p23,DWG-S021,HIGH,UNVERIFIED,DRAWING_ONLY,CANDIDATE_ONLY,,,,GOLDEN_ELIGIBLE,Drawing annotation type 'splice'.
DR-435,ENT-GIRDER-AG1,drawing,drawing.annotation.DWG-ANO-S021-016,NOTE,J-12,,,,NOR-011,DWG-ANO-S021-016,calc_pdf_p23,DWG-S021,HIGH,UNVERIFIED,DRAWING_ONLY,CANDIDATE_ONLY,,,,GOLDEN_ELIGIBLE,Drawing annotation type 'splice'.
DR-436,ENT-GIRDER-AG1,drawing,drawing.annotation.DWG-ANO-S021-017,NOTE,J-13,,,,NOR-011,DWG-ANO-S021-017,calc_pdf_p23,DWG-S021,HIGH,UNVERIFIED,DRAWING_ONLY,CANDIDATE_ONLY,,,,GOLDEN_ELIGIBLE,Drawing annotation type 'splice'.
DR-437,ENT-GIRDER-AG1,drawing,drawing.annotation.DWG-ANO-S021-018,NOTE,J-14,,,,NOR-011,DWG-ANO-S021-018,calc_pdf_p23,DWG-S021,HIGH,UNVERIFIED,DRAWING_ONLY,CANDIDATE_ONLY,,,,GOLDEN_ELIGIBLE,Drawing annotation type 'splice'.
DR-438,ENT-GIRDER-AG1,drawing,drawing.annotation.DWG-ANO-S021-019,NOTE,J-15,,,,NOR-011,DWG-ANO-S021-019,calc_pdf_p23,DWG-S021,HIGH,UNVERIFIED,DRAWING_ONLY,CANDIDATE_ONLY,,,,GOLDEN_ELIGIBLE,Drawing annotation type 'splice'.
DR-439,ENT-GIRDER-AG1,drawing,drawing.annotation.DWG-ANO-S021-020,NOTE,J-16,,,,NOR-011,DWG-ANO-S021-020,calc_pdf_p23,DWG-S021,HIGH,UNVERIFIED,DRAWING_ONLY,CANDIDATE_ONLY,,,,GOLDEN_ELIGIBLE,Drawing annotation type 'splice'.
DR-440,ENT-GIRDER-AG1,drawing,drawing.annotation.DWG-ANO-S022-005,NOTE,J-1,,,,NOR-011,DWG-ANO-S022-005,calc_pdf_p24,DWG-S022,HIGH,UNVERIFIED,DRAWING_ONLY,CANDIDATE_ONLY,,,,GOLDEN_ELIGIBLE,Drawing annotation type 'splice'.
DR-441,ENT-GIRDER-AG1,drawing,drawing.annotation.DWG-ANO-S022-006,NOTE,J-2,,,,NOR-011,DWG-ANO-S022-006,calc_pdf_p24,DWG-S022,HIGH,UNVERIFIED,DRAWING_ONLY,CANDIDATE_ONLY,,,,GOLDEN_ELIGIBLE,Drawing annotation type 'splice'.
DR-442,ENT-GIRDER-AG1,drawing,drawing.annotation.DWG-ANO-S022-007,NOTE,J-3,,,,NOR-011,DWG-ANO-S022-007,calc_pdf_p24,DWG-S022,HIGH,UNVERIFIED,DRAWING_ONLY,CANDIDATE_ONLY,,,,GOLDEN_ELIGIBLE,Drawing annotation type 'splice'.
DR-443,ENT-GIRDER-AG1,drawing,drawing.annotation.DWG-ANO-S022-008,NOTE,J-4,,,,NOR-011,DWG-ANO-S022-008,calc_pdf_p24,DWG-S022,HIGH,UNVERIFIED,DRAWING_ONLY,CANDIDATE_ONLY,,,,GOLDEN_ELIGIBLE,Drawing annotation type 'splice'.
DR-444,ENT-GIRDER-AG1,drawing,drawing.annotation.DWG-ANO-S022-009,NOTE,J-5,,,,NOR-011,DWG-ANO-S022-009,calc_pdf_p24,DWG-S022,HIGH,UNVERIFIED,DRAWING_ONLY,CANDIDATE_ONLY,,,,GOLDEN_ELIGIBLE,Drawing annotation type 'splice'.
DR-445,ENT-GIRDER-AG1,drawing,drawing.annotation.DWG-ANO-S022-010,NOTE,J-6,,,,NOR-011,DWG-ANO-S022-010,calc_pdf_p24,DWG-S022,HIGH,UNVERIFIED,DRAWING_ONLY,CANDIDATE_ONLY,,,,GOLDEN_ELIGIBLE,Drawing annotation type 'splice'.
DR-446,ENT-GIRDER-AG1,drawing,drawing.annotation.DWG-ANO-S022-011,NOTE,J-7,,,,NOR-011,DWG-ANO-S022-011,calc_pdf_p24,DWG-S022,HIGH,UNVERIFIED,DRAWING_ONLY,CANDIDATE_ONLY,,,,GOLDEN_ELIGIBLE,Drawing annotation type 'splice'.
DR-447,ENT-GIRDER-AG1,drawing,drawing.annotation.DWG-ANO-S022-012,NOTE,J-8,,,,NOR-011,DWG-ANO-S022-012,calc_pdf_p24,DWG-S022,HIGH,UNVERIFIED,DRAWING_ONLY,CANDIDATE_ONLY,,,,GOLDEN_ELIGIBLE,Drawing annotation type 'splice'.
DR-448,ENT-GIRDER-AG1,drawing,drawing.annotation.DWG-ANO-S022-013,NOTE,J-9,,,,NOR-011,DWG-ANO-S022-013,calc_pdf_p24,DWG-S022,HIGH,UNVERIFIED,DRAWING_ONLY,CANDIDATE_ONLY,,,,GOLDEN_ELIGIBLE,Drawing annotation type 'splice'.
DR-449,ENT-GIRDER-AG1,drawing,drawing.annotation.DWG-ANO-S022-014,NOTE,J-10,,,,NOR-011,DWG-ANO-S022-014,calc_pdf_p24,DWG-S022,HIGH,UNVERIFIED,DRAWING_ONLY,CANDIDATE_ONLY,,,,GOLDEN_ELIGIBLE,Drawing annotation type 'splice'.
DR-450,ENT-GIRDER-AG1,drawing,drawing.annotation.DWG-ANO-S022-015,NOTE,J-11,,,,NOR-011,DWG-ANO-S022-015,calc_pdf_p24,DWG-S022,HIGH,UNVERIFIED,DRAWING_ONLY,CANDIDATE_ONLY,,,,GOLDEN_ELIGIBLE,Drawing annotation type 'splice'.
DR-451,ENT-GIRDER-AG1,drawing,drawing.annotation.DWG-ANO-S022-016,NOTE,J-12,,,,NOR-011,DWG-ANO-S022-016,calc_pdf_p24,DWG-S022,HIGH,UNVERIFIED,DRAWING_ONLY,CANDIDATE_ONLY,,,,GOLDEN_ELIGIBLE,Drawing annotation type 'splice'.
DR-452,ENT-GIRDER-AG1,drawing,drawing.annotation.DWG-ANO-S022-017,NOTE,J-13,,,,NOR-011,DWG-ANO-S022-017,calc_pdf_p24,DWG-S022,HIGH,UNVERIFIED,DRAWING_ONLY,CANDIDATE_ONLY,,,,GOLDEN_ELIGIBLE,Drawing annotation type 'splice'.
DR-453,ENT-GIRDER-AG1,drawing,drawing.annotation.DWG-ANO-S022-018,NOTE,J-14,,,,NOR-011,DWG-ANO-S022-018,calc_pdf_p24,DWG-S022,HIGH,UNVERIFIED,DRAWING_ONLY,CANDIDATE_ONLY,,,,GOLDEN_ELIGIBLE,Drawing annotation type 'splice'.
DR-454,ENT-GIRDER-AG1,drawing,drawing.annotation.DWG-ANO-S022-019,NOTE,J-15,,,,NOR-011,DWG-ANO-S022-019,calc_pdf_p24,DWG-S022,HIGH,UNVERIFIED,DRAWING_ONLY,CANDIDATE_ONLY,,,,GOLDEN_ELIGIBLE,Drawing annotation type 'splice'.
DR-455,ENT-GIRDER-AG1,drawing,drawing.annotation.DWG-ANO-S022-020,NOTE,J-16,,,,NOR-011,DWG-ANO-S022-020,calc_pdf_p24,DWG-S022,HIGH,UNVERIFIED,DRAWING_ONLY,CANDIDATE_ONLY,,,,GOLDEN_ELIGIBLE,Drawing annotation type 'splice'.
DR-456,ENT-GIRDER-AG1,drawing,drawing.annotation.DWG-ANO-S023-006,NOTE,J-1,,,,NOR-011,DWG-ANO-S023-006,calc_pdf_p25,DWG-S023,HIGH,UNVERIFIED,DRAWING_ONLY,CANDIDATE_ONLY,,,,GOLDEN_ELIGIBLE,Drawing annotation type 'splice'.
DR-457,ENT-GIRDER-AG1,drawing,drawing.annotation.DWG-ANO-S023-007,NOTE,J-2,,,,NOR-011,DWG-ANO-S023-007,calc_pdf_p25,DWG-S023,HIGH,UNVERIFIED,DRAWING_ONLY,CANDIDATE_ONLY,,,,GOLDEN_ELIGIBLE,Drawing annotation type 'splice'.
DR-458,ENT-GIRDER-AG1,drawing,drawing.annotation.DWG-ANO-S023-008,NOTE,J-3,,,,NOR-011,DWG-ANO-S023-008,calc_pdf_p25,DWG-S023,HIGH,UNVERIFIED,DRAWING_ONLY,CANDIDATE_ONLY,,,,GOLDEN_ELIGIBLE,Drawing annotation type 'splice'.
DR-459,ENT-GIRDER-AG1,drawing,drawing.annotation.DWG-ANO-S023-009,NOTE,J-4,,,,NOR-011,DWG-ANO-S023-009,calc_pdf_p25,DWG-S023,HIGH,UNVERIFIED,DRAWING_ONLY,CANDIDATE_ONLY,,,,GOLDEN_ELIGIBLE,Drawing annotation type 'splice'.
DR-460,ENT-GIRDER-AG1,drawing,drawing.annotation.DWG-ANO-S023-010,NOTE,J-5,,,,NOR-011,DWG-ANO-S023-010,calc_pdf_p25,DWG-S023,HIGH,UNVERIFIED,DRAWING_ONLY,CANDIDATE_ONLY,,,,GOLDEN_ELIGIBLE,Drawing annotation type 'splice'.
DR-461,ENT-GIRDER-AG1,drawing,drawing.annotation.DWG-ANO-S023-011,NOTE,J-6,,,,NOR-011,DWG-ANO-S023-011,calc_pdf_p25,DWG-S023,HIGH,UNVERIFIED,DRAWING_ONLY,CANDIDATE_ONLY,,,,GOLDEN_ELIGIBLE,Drawing annotation type 'splice'.
DR-462,ENT-GIRDER-AG1,drawing,drawing.annotation.DWG-ANO-S023-012,NOTE,J-7,,,,NOR-011,DWG-ANO-S023-012,calc_pdf_p25,DWG-S023,HIGH,UNVERIFIED,DRAWING_ONLY,CANDIDATE_ONLY,,,,GOLDEN_ELIGIBLE,Drawing annotation type 'splice'.
DR-463,ENT-GIRDER-AG1,drawing,drawing.annotation.DWG-ANO-S023-013,NOTE,J-8,,,,NOR-011,DWG-ANO-S023-013,calc_pdf_p25,DWG-S023,HIGH,UNVERIFIED,DRAWING_ONLY,CANDIDATE_ONLY,,,,GOLDEN_ELIGIBLE,Drawing annotation type 'splice'.
DR-464,ENT-GIRDER-AG1,drawing,drawing.annotation.DWG-ANO-S023-014,NOTE,J-9,,,,NOR-011,DWG-ANO-S023-014,calc_pdf_p25,DWG-S023,HIGH,UNVERIFIED,DRAWING_ONLY,CANDIDATE_ONLY,,,,GOLDEN_ELIGIBLE,Drawing annotation type 'splice'.
DR-465,ENT-GIRDER-AG1,drawing,drawing.annotation.DWG-ANO-S023-015,NOTE,J-10,,,,NOR-011,DWG-ANO-S023-015,calc_pdf_p25,DWG-S023,HIGH,UNVERIFIED,DRAWING_ONLY,CANDIDATE_ONLY,,,,GOLDEN_ELIGIBLE,Drawing annotation type 'splice'.
DR-466,ENT-GIRDER-AG1,drawing,drawing.annotation.DWG-ANO-S023-016,NOTE,J-11,,,,NOR-011,DWG-ANO-S023-016,calc_pdf_p25,DWG-S023,HIGH,UNVERIFIED,DRAWING_ONLY,CANDIDATE_ONLY,,,,GOLDEN_ELIGIBLE,Drawing annotation type 'splice'.
DR-467,ENT-GIRDER-AG1,drawing,drawing.annotation.DWG-ANO-S023-017,NOTE,J-12,,,,NOR-011,DWG-ANO-S023-017,calc_pdf_p25,DWG-S023,HIGH,UNVERIFIED,DRAWING_ONLY,CANDIDATE_ONLY,,,,GOLDEN_ELIGIBLE,Drawing annotation type 'splice'.
DR-468,ENT-GIRDER-AG1,drawing,drawing.annotation.DWG-ANO-S023-018,NOTE,J-13,,,,NOR-011,DWG-ANO-S023-018,calc_pdf_p25,DWG-S023,HIGH,UNVERIFIED,DRAWING_ONLY,CANDIDATE_ONLY,,,,GOLDEN_ELIGIBLE,Drawing annotation type 'splice'.
DR-469,ENT-GIRDER-AG1,drawing,drawing.annotation.DWG-ANO-S023-019,NOTE,J-14,,,,NOR-011,DWG-ANO-S023-019,calc_pdf_p25,DWG-S023,HIGH,UNVERIFIED,DRAWING_ONLY,CANDIDATE_ONLY,,,,GOLDEN_ELIGIBLE,Drawing annotation type 'splice'.
DR-470,ENT-GIRDER-AG1,drawing,drawing.annotation.DWG-ANO-S023-020,NOTE,J-15,,,,NOR-011,DWG-ANO-S023-020,calc_pdf_p25,DWG-S023,HIGH,UNVERIFIED,DRAWING_ONLY,CANDIDATE_ONLY,,,,GOLDEN_ELIGIBLE,Drawing annotation type 'splice'.
DR-471,ENT-GIRDER-AG1,drawing,drawing.annotation.DWG-ANO-S023-021,NOTE,J-16,,,,NOR-011,DWG-ANO-S023-021,calc_pdf_p25,DWG-S023,HIGH,UNVERIFIED,DRAWING_ONLY,CANDIDATE_ONLY,,,,GOLDEN_ELIGIBLE,Drawing annotation type 'splice'.
DR-472,ENT-GIRDER-AG1,drawing,drawing.annotation.DWG-ANO-S024-005,NOTE,J-1,,,,NOR-011,DWG-ANO-S024-005,calc_pdf_p26,DWG-S024,HIGH,UNVERIFIED,DRAWING_ONLY,CANDIDATE_ONLY,,,,GOLDEN_ELIGIBLE,Drawing annotation type 'splice'.
DR-473,ENT-GIRDER-AG1,drawing,drawing.annotation.DWG-ANO-S024-006,NOTE,J-2,,,,NOR-011,DWG-ANO-S024-006,calc_pdf_p26,DWG-S024,HIGH,UNVERIFIED,DRAWING_ONLY,CANDIDATE_ONLY,,,,GOLDEN_ELIGIBLE,Drawing annotation type 'splice'.
DR-474,ENT-GIRDER-AG1,drawing,drawing.annotation.DWG-ANO-S024-007,NOTE,J-3,,,,NOR-011,DWG-ANO-S024-007,calc_pdf_p26,DWG-S024,HIGH,UNVERIFIED,DRAWING_ONLY,CANDIDATE_ONLY,,,,GOLDEN_ELIGIBLE,Drawing annotation type 'splice'.
DR-475,ENT-GIRDER-AG1,drawing,drawing.annotation.DWG-ANO-S024-008,NOTE,J-4,,,,NOR-011,DWG-ANO-S024-008,calc_pdf_p26,DWG-S024,HIGH,UNVERIFIED,DRAWING_ONLY,CANDIDATE_ONLY,,,,GOLDEN_ELIGIBLE,Drawing annotation type 'splice'.
DR-476,ENT-GIRDER-AG1,drawing,drawing.annotation.DWG-ANO-S024-009,NOTE,J-5,,,,NOR-011,DWG-ANO-S024-009,calc_pdf_p26,DWG-S024,HIGH,UNVERIFIED,DRAWING_ONLY,CANDIDATE_ONLY,,,,GOLDEN_ELIGIBLE,Drawing annotation type 'splice'.
DR-477,ENT-GIRDER-AG1,drawing,drawing.annotation.DWG-ANO-S024-010,NOTE,J-6,,,,NOR-011,DWG-ANO-S024-010,calc_pdf_p26,DWG-S024,HIGH,UNVERIFIED,DRAWING_ONLY,CANDIDATE_ONLY,,,,GOLDEN_ELIGIBLE,Drawing annotation type 'splice'.
DR-478,ENT-GIRDER-AG1,drawing,drawing.annotation.DWG-ANO-S024-011,NOTE,J-7,,,,NOR-011,DWG-ANO-S024-011,calc_pdf_p26,DWG-S024,HIGH,UNVERIFIED,DRAWING_ONLY,CANDIDATE_ONLY,,,,GOLDEN_ELIGIBLE,Drawing annotation type 'splice'.
DR-479,ENT-GIRDER-AG1,drawing,drawing.annotation.DWG-ANO-S024-012,NOTE,J-8,,,,NOR-011,DWG-ANO-S024-012,calc_pdf_p26,DWG-S024,HIGH,UNVERIFIED,DRAWING_ONLY,CANDIDATE_ONLY,,,,GOLDEN_ELIGIBLE,Drawing annotation type 'splice'.
DR-480,ENT-GIRDER-AG1,drawing,drawing.annotation.DWG-ANO-S024-013,NOTE,J-9,,,,NOR-011,DWG-ANO-S024-013,calc_pdf_p26,DWG-S024,HIGH,UNVERIFIED,DRAWING_ONLY,CANDIDATE_ONLY,,,,GOLDEN_ELIGIBLE,Drawing annotation type 'splice'.
DR-481,ENT-GIRDER-AG1,drawing,drawing.annotation.DWG-ANO-S024-014,NOTE,J-10,,,,NOR-011,DWG-ANO-S024-014,calc_pdf_p26,DWG-S024,HIGH,UNVERIFIED,DRAWING_ONLY,CANDIDATE_ONLY,,,,GOLDEN_ELIGIBLE,Drawing annotation type 'splice'.
DR-482,ENT-GIRDER-AG1,drawing,drawing.annotation.DWG-ANO-S024-015,NOTE,J-11,,,,NOR-011,DWG-ANO-S024-015,calc_pdf_p26,DWG-S024,HIGH,UNVERIFIED,DRAWING_ONLY,CANDIDATE_ONLY,,,,GOLDEN_ELIGIBLE,Drawing annotation type 'splice'.
DR-483,ENT-GIRDER-AG1,drawing,drawing.annotation.DWG-ANO-S024-016,NOTE,J-12,,,,NOR-011,DWG-ANO-S024-016,calc_pdf_p26,DWG-S024,HIGH,UNVERIFIED,DRAWING_ONLY,CANDIDATE_ONLY,,,,GOLDEN_ELIGIBLE,Drawing annotation type 'splice'.
DR-484,ENT-GIRDER-AG1,drawing,drawing.annotation.DWG-ANO-S024-017,NOTE,J-13,,,,NOR-011,DWG-ANO-S024-017,calc_pdf_p26,DWG-S024,HIGH,UNVERIFIED,DRAWING_ONLY,CANDIDATE_ONLY,,,,GOLDEN_ELIGIBLE,Drawing annotation type 'splice'.
DR-485,ENT-GIRDER-AG1,drawing,drawing.annotation.DWG-ANO-S024-018,NOTE,J-14,,,,NOR-011,DWG-ANO-S024-018,calc_pdf_p26,DWG-S024,HIGH,UNVERIFIED,DRAWING_ONLY,CANDIDATE_ONLY,,,,GOLDEN_ELIGIBLE,Drawing annotation type 'splice'.
DR-486,ENT-GIRDER-AG1,drawing,drawing.annotation.DWG-ANO-S024-019,NOTE,J-15,,,,NOR-011,DWG-ANO-S024-019,calc_pdf_p26,DWG-S024,HIGH,UNVERIFIED,DRAWING_ONLY,CANDIDATE_ONLY,,,,GOLDEN_ELIGIBLE,Drawing annotation type 'splice'.
DR-487,ENT-GIRDER-AG1,drawing,drawing.annotation.DWG-ANO-S024-020,NOTE,J-16,,,,NOR-011,DWG-ANO-S024-020,calc_pdf_p26,DWG-S024,HIGH,UNVERIFIED,DRAWING_ONLY,CANDIDATE_ONLY,,,,GOLDEN_ELIGIBLE,Drawing annotation type 'splice'.
DR-488,ENT-GIRDER-AG1,drawing,drawing.annotation.DWG-ANO-S025-005,NOTE,J-1,,,,NOR-011,DWG-ANO-S025-005,calc_pdf_p27,DWG-S025,HIGH,UNVERIFIED,DRAWING_ONLY,CANDIDATE_ONLY,,,,GOLDEN_ELIGIBLE,Drawing annotation type 'splice'.
DR-489,ENT-GIRDER-AG1,drawing,drawing.annotation.DWG-ANO-S025-006,NOTE,J-2,,,,NOR-011,DWG-ANO-S025-006,calc_pdf_p27,DWG-S025,HIGH,UNVERIFIED,DRAWING_ONLY,CANDIDATE_ONLY,,,,GOLDEN_ELIGIBLE,Drawing annotation type 'splice'.
DR-490,ENT-GIRDER-AG1,drawing,drawing.annotation.DWG-ANO-S025-007,NOTE,J-3,,,,NOR-011,DWG-ANO-S025-007,calc_pdf_p27,DWG-S025,HIGH,UNVERIFIED,DRAWING_ONLY,CANDIDATE_ONLY,,,,GOLDEN_ELIGIBLE,Drawing annotation type 'splice'.
DR-491,ENT-GIRDER-AG1,drawing,drawing.annotation.DWG-ANO-S025-008,NOTE,J-4,,,,NOR-011,DWG-ANO-S025-008,calc_pdf_p27,DWG-S025,HIGH,UNVERIFIED,DRAWING_ONLY,CANDIDATE_ONLY,,,,GOLDEN_ELIGIBLE,Drawing annotation type 'splice'.
DR-492,ENT-GIRDER-AG1,drawing,drawing.annotation.DWG-ANO-S025-009,NOTE,J-5,,,,NOR-011,DWG-ANO-S025-009,calc_pdf_p27,DWG-S025,HIGH,UNVERIFIED,DRAWING_ONLY,CANDIDATE_ONLY,,,,GOLDEN_ELIGIBLE,Drawing annotation type 'splice'.
DR-493,ENT-GIRDER-AG1,drawing,drawing.annotation.DWG-ANO-S025-010,NOTE,J-6,,,,NOR-011,DWG-ANO-S025-010,calc_pdf_p27,DWG-S025,HIGH,UNVERIFIED,DRAWING_ONLY,CANDIDATE_ONLY,,,,GOLDEN_ELIGIBLE,Drawing annotation type 'splice'.
DR-494,ENT-GIRDER-AG1,drawing,drawing.annotation.DWG-ANO-S025-011,NOTE,J-7,,,,NOR-011,DWG-ANO-S025-011,calc_pdf_p27,DWG-S025,HIGH,UNVERIFIED,DRAWING_ONLY,CANDIDATE_ONLY,,,,GOLDEN_ELIGIBLE,Drawing annotation type 'splice'.
DR-495,ENT-GIRDER-AG1,drawing,drawing.annotation.DWG-ANO-S025-012,NOTE,J-8,,,,NOR-011,DWG-ANO-S025-012,calc_pdf_p27,DWG-S025,HIGH,UNVERIFIED,DRAWING_ONLY,CANDIDATE_ONLY,,,,GOLDEN_ELIGIBLE,Drawing annotation type 'splice'.
DR-496,ENT-GIRDER-AG1,drawing,drawing.annotation.DWG-ANO-S025-013,NOTE,J-9,,,,NOR-011,DWG-ANO-S025-013,calc_pdf_p27,DWG-S025,HIGH,UNVERIFIED,DRAWING_ONLY,CANDIDATE_ONLY,,,,GOLDEN_ELIGIBLE,Drawing annotation type 'splice'.
DR-497,ENT-GIRDER-AG1,drawing,drawing.annotation.DWG-ANO-S025-014,NOTE,J-10,,,,NOR-011,DWG-ANO-S025-014,calc_pdf_p27,DWG-S025,HIGH,UNVERIFIED,DRAWING_ONLY,CANDIDATE_ONLY,,,,GOLDEN_ELIGIBLE,Drawing annotation type 'splice'.
DR-498,ENT-GIRDER-AG1,drawing,drawing.annotation.DWG-ANO-S025-015,NOTE,J-11,,,,NOR-011,DWG-ANO-S025-015,calc_pdf_p27,DWG-S025,HIGH,UNVERIFIED,DRAWING_ONLY,CANDIDATE_ONLY,,,,GOLDEN_ELIGIBLE,Drawing annotation type 'splice'.
DR-499,ENT-GIRDER-AG1,drawing,drawing.annotation.DWG-ANO-S025-016,NOTE,J-12,,,,NOR-011,DWG-ANO-S025-016,calc_pdf_p27,DWG-S025,HIGH,UNVERIFIED,DRAWING_ONLY,CANDIDATE_ONLY,,,,GOLDEN_ELIGIBLE,Drawing annotation type 'splice'.
DR-500,ENT-GIRDER-AG1,drawing,drawing.annotation.DWG-ANO-S025-017,NOTE,J-13,,,,NOR-011,DWG-ANO-S025-017,calc_pdf_p27,DWG-S025,HIGH,UNVERIFIED,DRAWING_ONLY,CANDIDATE_ONLY,,,,GOLDEN_ELIGIBLE,Drawing annotation type 'splice'.
DR-501,ENT-GIRDER-AG1,drawing,drawing.annotation.DWG-ANO-S025-018,NOTE,J-14,,,,NOR-011,DWG-ANO-S025-018,calc_pdf_p27,DWG-S025,HIGH,UNVERIFIED,DRAWING_ONLY,CANDIDATE_ONLY,,,,GOLDEN_ELIGIBLE,Drawing annotation type 'splice'.
DR-502,ENT-GIRDER-AG1,drawing,drawing.annotation.DWG-ANO-S025-019,NOTE,J-15,,,,NOR-011,DWG-ANO-S025-019,calc_pdf_p27,DWG-S025,HIGH,UNVERIFIED,DRAWING_ONLY,CANDIDATE_ONLY,,,,GOLDEN_ELIGIBLE,Drawing annotation type 'splice'.
DR-503,ENT-GIRDER-AG1,drawing,drawing.annotation.DWG-ANO-S025-020,NOTE,J-16,,,,NOR-011,DWG-ANO-S025-020,calc_pdf_p27,DWG-S025,HIGH,UNVERIFIED,DRAWING_ONLY,CANDIDATE_ONLY,,,,GOLDEN_ELIGIBLE,Drawing annotation type 'splice'.
DR-504,ENT-GIRDER-AG1,drawing,drawing.annotation.DWG-ANO-S026-006,NOTE,J-1,,,,NOR-011,DWG-ANO-S026-006,calc_pdf_p28,DWG-S026,HIGH,UNVERIFIED,DRAWING_ONLY,CANDIDATE_ONLY,,,,GOLDEN_ELIGIBLE,Drawing annotation type 'splice'.
DR-505,ENT-GIRDER-AG1,drawing,drawing.annotation.DWG-ANO-S026-007,NOTE,J-2,,,,NOR-011,DWG-ANO-S026-007,calc_pdf_p28,DWG-S026,HIGH,UNVERIFIED,DRAWING_ONLY,CANDIDATE_ONLY,,,,GOLDEN_ELIGIBLE,Drawing annotation type 'splice'.
DR-506,ENT-GIRDER-AG1,drawing,drawing.annotation.DWG-ANO-S026-008,NOTE,J-3,,,,NOR-011,DWG-ANO-S026-008,calc_pdf_p28,DWG-S026,HIGH,UNVERIFIED,DRAWING_ONLY,CANDIDATE_ONLY,,,,GOLDEN_ELIGIBLE,Drawing annotation type 'splice'.
DR-507,ENT-GIRDER-AG1,drawing,drawing.annotation.DWG-ANO-S026-009,NOTE,J-4,,,,NOR-011,DWG-ANO-S026-009,calc_pdf_p28,DWG-S026,HIGH,UNVERIFIED,DRAWING_ONLY,CANDIDATE_ONLY,,,,GOLDEN_ELIGIBLE,Drawing annotation type 'splice'.
DR-508,ENT-GIRDER-AG1,drawing,drawing.annotation.DWG-ANO-S026-010,NOTE,J-5,,,,NOR-011,DWG-ANO-S026-010,calc_pdf_p28,DWG-S026,HIGH,UNVERIFIED,DRAWING_ONLY,CANDIDATE_ONLY,,,,GOLDEN_ELIGIBLE,Drawing annotation type 'splice'.
DR-509,ENT-GIRDER-AG1,drawing,drawing.annotation.DWG-ANO-S026-011,NOTE,J-6,,,,NOR-011,DWG-ANO-S026-011,calc_pdf_p28,DWG-S026,HIGH,UNVERIFIED,DRAWING_ONLY,CANDIDATE_ONLY,,,,GOLDEN_ELIGIBLE,Drawing annotation type 'splice'.
DR-510,ENT-GIRDER-AG1,drawing,drawing.annotation.DWG-ANO-S026-012,NOTE,J-7,,,,NOR-011,DWG-ANO-S026-012,calc_pdf_p28,DWG-S026,HIGH,UNVERIFIED,DRAWING_ONLY,CANDIDATE_ONLY,,,,GOLDEN_ELIGIBLE,Drawing annotation type 'splice'.
DR-511,ENT-GIRDER-AG1,drawing,drawing.annotation.DWG-ANO-S026-013,NOTE,J-8,,,,NOR-011,DWG-ANO-S026-013,calc_pdf_p28,DWG-S026,HIGH,UNVERIFIED,DRAWING_ONLY,CANDIDATE_ONLY,,,,GOLDEN_ELIGIBLE,Drawing annotation type 'splice'.
DR-512,ENT-GIRDER-AG1,drawing,drawing.annotation.DWG-ANO-S026-014,NOTE,J-9,,,,NOR-011,DWG-ANO-S026-014,calc_pdf_p28,DWG-S026,HIGH,UNVERIFIED,DRAWING_ONLY,CANDIDATE_ONLY,,,,GOLDEN_ELIGIBLE,Drawing annotation type 'splice'.
DR-513,ENT-GIRDER-AG1,drawing,drawing.annotation.DWG-ANO-S026-015,NOTE,J-10,,,,NOR-011,DWG-ANO-S026-015,calc_pdf_p28,DWG-S026,HIGH,UNVERIFIED,DRAWING_ONLY,CANDIDATE_ONLY,,,,GOLDEN_ELIGIBLE,Drawing annotation type 'splice'.
DR-514,ENT-GIRDER-AG1,drawing,drawing.annotation.DWG-ANO-S026-016,NOTE,J-11,,,,NOR-011,DWG-ANO-S026-016,calc_pdf_p28,DWG-S026,HIGH,UNVERIFIED,DRAWING_ONLY,CANDIDATE_ONLY,,,,GOLDEN_ELIGIBLE,Drawing annotation type 'splice'.
DR-515,ENT-GIRDER-AG1,drawing,drawing.annotation.DWG-ANO-S026-017,NOTE,J-12,,,,NOR-011,DWG-ANO-S026-017,calc_pdf_p28,DWG-S026,HIGH,UNVERIFIED,DRAWING_ONLY,CANDIDATE_ONLY,,,,GOLDEN_ELIGIBLE,Drawing annotation type 'splice'.
DR-516,ENT-GIRDER-AG1,drawing,drawing.annotation.DWG-ANO-S026-018,NOTE,J-13,,,,NOR-011,DWG-ANO-S026-018,calc_pdf_p28,DWG-S026,HIGH,UNVERIFIED,DRAWING_ONLY,CANDIDATE_ONLY,,,,GOLDEN_ELIGIBLE,Drawing annotation type 'splice'.
DR-517,ENT-GIRDER-AG1,drawing,drawing.annotation.DWG-ANO-S026-019,NOTE,J-14,,,,NOR-011,DWG-ANO-S026-019,calc_pdf_p28,DWG-S026,HIGH,UNVERIFIED,DRAWING_ONLY,CANDIDATE_ONLY,,,,GOLDEN_ELIGIBLE,Drawing annotation type 'splice'.
DR-518,ENT-GIRDER-AG1,drawing,drawing.annotation.DWG-ANO-S026-020,NOTE,J-15,,,,NOR-011,DWG-ANO-S026-020,calc_pdf_p28,DWG-S026,HIGH,UNVERIFIED,DRAWING_ONLY,CANDIDATE_ONLY,,,,GOLDEN_ELIGIBLE,Drawing annotation type 'splice'.
DR-519,ENT-GIRDER-AG1,drawing,drawing.annotation.DWG-ANO-S026-021,NOTE,J-16,,,,NOR-011,DWG-ANO-S026-021,calc_pdf_p28,DWG-S026,HIGH,UNVERIFIED,DRAWING_ONLY,CANDIDATE_ONLY,,,,GOLDEN_ELIGIBLE,Drawing annotation type 'splice'.
DR-520,ENT-GIRDER-AG1,drawing,drawing.annotation.DWG-ANO-S027-005,NOTE,J-1,,,,NOR-011,DWG-ANO-S027-005,calc_pdf_p29,DWG-S027,HIGH,UNVERIFIED,DRAWING_ONLY,CANDIDATE_ONLY,,,,GOLDEN_ELIGIBLE,Drawing annotation type 'splice'.
DR-521,ENT-GIRDER-AG1,drawing,drawing.annotation.DWG-ANO-S027-006,NOTE,J-2,,,,NOR-011,DWG-ANO-S027-006,calc_pdf_p29,DWG-S027,HIGH,UNVERIFIED,DRAWING_ONLY,CANDIDATE_ONLY,,,,GOLDEN_ELIGIBLE,Drawing annotation type 'splice'.
DR-522,ENT-GIRDER-AG1,drawing,drawing.annotation.DWG-ANO-S027-007,NOTE,J-3,,,,NOR-011,DWG-ANO-S027-007,calc_pdf_p29,DWG-S027,HIGH,UNVERIFIED,DRAWING_ONLY,CANDIDATE_ONLY,,,,GOLDEN_ELIGIBLE,Drawing annotation type 'splice'.
DR-523,ENT-GIRDER-AG1,drawing,drawing.annotation.DWG-ANO-S027-008,NOTE,J-4,,,,NOR-011,DWG-ANO-S027-008,calc_pdf_p29,DWG-S027,HIGH,UNVERIFIED,DRAWING_ONLY,CANDIDATE_ONLY,,,,GOLDEN_ELIGIBLE,Drawing annotation type 'splice'.
DR-524,ENT-GIRDER-AG1,drawing,drawing.annotation.DWG-ANO-S027-009,NOTE,J-5,,,,NOR-011,DWG-ANO-S027-009,calc_pdf_p29,DWG-S027,HIGH,UNVERIFIED,DRAWING_ONLY,CANDIDATE_ONLY,,,,GOLDEN_ELIGIBLE,Drawing annotation type 'splice'.
DR-525,ENT-GIRDER-AG1,drawing,drawing.annotation.DWG-ANO-S027-010,NOTE,J-6,,,,NOR-011,DWG-ANO-S027-010,calc_pdf_p29,DWG-S027,HIGH,UNVERIFIED,DRAWING_ONLY,CANDIDATE_ONLY,,,,GOLDEN_ELIGIBLE,Drawing annotation type 'splice'.
DR-526,ENT-GIRDER-AG1,drawing,drawing.annotation.DWG-ANO-S027-011,NOTE,J-7,,,,NOR-011,DWG-ANO-S027-011,calc_pdf_p29,DWG-S027,HIGH,UNVERIFIED,DRAWING_ONLY,CANDIDATE_ONLY,,,,GOLDEN_ELIGIBLE,Drawing annotation type 'splice'.
DR-527,ENT-GIRDER-AG1,drawing,drawing.annotation.DWG-ANO-S027-012,NOTE,J-8,,,,NOR-011,DWG-ANO-S027-012,calc_pdf_p29,DWG-S027,HIGH,UNVERIFIED,DRAWING_ONLY,CANDIDATE_ONLY,,,,GOLDEN_ELIGIBLE,Drawing annotation type 'splice'.
DR-528,ENT-GIRDER-AG1,drawing,drawing.annotation.DWG-ANO-S027-013,NOTE,J-9,,,,NOR-011,DWG-ANO-S027-013,calc_pdf_p29,DWG-S027,HIGH,UNVERIFIED,DRAWING_ONLY,CANDIDATE_ONLY,,,,GOLDEN_ELIGIBLE,Drawing annotation type 'splice'.
DR-529,ENT-GIRDER-AG1,drawing,drawing.annotation.DWG-ANO-S027-014,NOTE,J-10,,,,NOR-011,DWG-ANO-S027-014,calc_pdf_p29,DWG-S027,HIGH,UNVERIFIED,DRAWING_ONLY,CANDIDATE_ONLY,,,,GOLDEN_ELIGIBLE,Drawing annotation type 'splice'.
DR-530,ENT-GIRDER-AG1,drawing,drawing.annotation.DWG-ANO-S027-015,NOTE,J-11,,,,NOR-011,DWG-ANO-S027-015,calc_pdf_p29,DWG-S027,HIGH,UNVERIFIED,DRAWING_ONLY,CANDIDATE_ONLY,,,,GOLDEN_ELIGIBLE,Drawing annotation type 'splice'.
DR-531,ENT-GIRDER-AG1,drawing,drawing.annotation.DWG-ANO-S027-016,NOTE,J-12,,,,NOR-011,DWG-ANO-S027-016,calc_pdf_p29,DWG-S027,HIGH,UNVERIFIED,DRAWING_ONLY,CANDIDATE_ONLY,,,,GOLDEN_ELIGIBLE,Drawing annotation type 'splice'.
DR-532,ENT-GIRDER-AG1,drawing,drawing.annotation.DWG-ANO-S027-017,NOTE,J-13,,,,NOR-011,DWG-ANO-S027-017,calc_pdf_p29,DWG-S027,HIGH,UNVERIFIED,DRAWING_ONLY,CANDIDATE_ONLY,,,,GOLDEN_ELIGIBLE,Drawing annotation type 'splice'.
DR-533,ENT-GIRDER-AG1,drawing,drawing.annotation.DWG-ANO-S027-018,NOTE,J-14,,,,NOR-011,DWG-ANO-S027-018,calc_pdf_p29,DWG-S027,HIGH,UNVERIFIED,DRAWING_ONLY,CANDIDATE_ONLY,,,,GOLDEN_ELIGIBLE,Drawing annotation type 'splice'.
DR-534,ENT-GIRDER-AG1,drawing,drawing.annotation.DWG-ANO-S027-019,NOTE,J-15,,,,NOR-011,DWG-ANO-S027-019,calc_pdf_p29,DWG-S027,HIGH,UNVERIFIED,DRAWING_ONLY,CANDIDATE_ONLY,,,,GOLDEN_ELIGIBLE,Drawing annotation type 'splice'.
DR-535,ENT-GIRDER-AG1,drawing,drawing.annotation.DWG-ANO-S027-020,NOTE,J-16,,,,NOR-011,DWG-ANO-S027-020,calc_pdf_p29,DWG-S027,HIGH,UNVERIFIED,DRAWING_ONLY,CANDIDATE_ONLY,,,,GOLDEN_ELIGIBLE,Drawing annotation type 'splice'.
DR-536,ENT-GIRDER-AG1,drawing,drawing.annotation.DWG-ANO-S028-005,NOTE,J-1,,,,NOR-011,DWG-ANO-S028-005,calc_pdf_p30,DWG-S028,HIGH,UNVERIFIED,DRAWING_ONLY,CANDIDATE_ONLY,,,,GOLDEN_ELIGIBLE,Drawing annotation type 'splice'.
DR-537,ENT-GIRDER-AG1,drawing,drawing.annotation.DWG-ANO-S028-006,NOTE,J-2,,,,NOR-011,DWG-ANO-S028-006,calc_pdf_p30,DWG-S028,HIGH,UNVERIFIED,DRAWING_ONLY,CANDIDATE_ONLY,,,,GOLDEN_ELIGIBLE,Drawing annotation type 'splice'.
DR-538,ENT-GIRDER-AG1,drawing,drawing.annotation.DWG-ANO-S028-007,NOTE,J-3,,,,NOR-011,DWG-ANO-S028-007,calc_pdf_p30,DWG-S028,HIGH,UNVERIFIED,DRAWING_ONLY,CANDIDATE_ONLY,,,,GOLDEN_ELIGIBLE,Drawing annotation type 'splice'.
DR-539,ENT-GIRDER-AG1,drawing,drawing.annotation.DWG-ANO-S028-008,NOTE,J-4,,,,NOR-011,DWG-ANO-S028-008,calc_pdf_p30,DWG-S028,HIGH,UNVERIFIED,DRAWING_ONLY,CANDIDATE_ONLY,,,,GOLDEN_ELIGIBLE,Drawing annotation type 'splice'.
DR-540,ENT-GIRDER-AG1,drawing,drawing.annotation.DWG-ANO-S028-009,NOTE,J-5,,,,NOR-011,DWG-ANO-S028-009,calc_pdf_p30,DWG-S028,HIGH,UNVERIFIED,DRAWING_ONLY,CANDIDATE_ONLY,,,,GOLDEN_ELIGIBLE,Drawing annotation type 'splice'.
DR-541,ENT-GIRDER-AG1,drawing,drawing.annotation.DWG-ANO-S028-010,NOTE,J-6,,,,NOR-011,DWG-ANO-S028-010,calc_pdf_p30,DWG-S028,HIGH,UNVERIFIED,DRAWING_ONLY,CANDIDATE_ONLY,,,,GOLDEN_ELIGIBLE,Drawing annotation type 'splice'.
DR-542,ENT-GIRDER-AG1,drawing,drawing.annotation.DWG-ANO-S028-011,NOTE,J-7,,,,NOR-011,DWG-ANO-S028-011,calc_pdf_p30,DWG-S028,HIGH,UNVERIFIED,DRAWING_ONLY,CANDIDATE_ONLY,,,,GOLDEN_ELIGIBLE,Drawing annotation type 'splice'.
DR-543,ENT-GIRDER-AG1,drawing,drawing.annotation.DWG-ANO-S028-012,NOTE,J-8,,,,NOR-011,DWG-ANO-S028-012,calc_pdf_p30,DWG-S028,HIGH,UNVERIFIED,DRAWING_ONLY,CANDIDATE_ONLY,,,,GOLDEN_ELIGIBLE,Drawing annotation type 'splice'.
DR-544,ENT-GIRDER-AG1,drawing,drawing.annotation.DWG-ANO-S028-013,NOTE,J-9,,,,NOR-011,DWG-ANO-S028-013,calc_pdf_p30,DWG-S028,HIGH,UNVERIFIED,DRAWING_ONLY,CANDIDATE_ONLY,,,,GOLDEN_ELIGIBLE,Drawing annotation type 'splice'.
DR-545,ENT-GIRDER-AG1,drawing,drawing.annotation.DWG-ANO-S028-014,NOTE,J-10,,,,NOR-011,DWG-ANO-S028-014,calc_pdf_p30,DWG-S028,HIGH,UNVERIFIED,DRAWING_ONLY,CANDIDATE_ONLY,,,,GOLDEN_ELIGIBLE,Drawing annotation type 'splice'.
DR-546,ENT-GIRDER-AG1,drawing,drawing.annotation.DWG-ANO-S028-015,NOTE,J-11,,,,NOR-011,DWG-ANO-S028-015,calc_pdf_p30,DWG-S028,HIGH,UNVERIFIED,DRAWING_ONLY,CANDIDATE_ONLY,,,,GOLDEN_ELIGIBLE,Drawing annotation type 'splice'.
DR-547,ENT-GIRDER-AG1,drawing,drawing.annotation.DWG-ANO-S028-016,NOTE,J-12,,,,NOR-011,DWG-ANO-S028-016,calc_pdf_p30,DWG-S028,HIGH,UNVERIFIED,DRAWING_ONLY,CANDIDATE_ONLY,,,,GOLDEN_ELIGIBLE,Drawing annotation type 'splice'.
DR-548,ENT-GIRDER-AG1,drawing,drawing.annotation.DWG-ANO-S028-017,NOTE,J-13,,,,NOR-011,DWG-ANO-S028-017,calc_pdf_p30,DWG-S028,HIGH,UNVERIFIED,DRAWING_ONLY,CANDIDATE_ONLY,,,,GOLDEN_ELIGIBLE,Drawing annotation type 'splice'.
DR-549,ENT-GIRDER-AG1,drawing,drawing.annotation.DWG-ANO-S028-018,NOTE,J-14,,,,NOR-011,DWG-ANO-S028-018,calc_pdf_p30,DWG-S028,HIGH,UNVERIFIED,DRAWING_ONLY,CANDIDATE_ONLY,,,,GOLDEN_ELIGIBLE,Drawing annotation type 'splice'.
DR-550,ENT-GIRDER-AG1,drawing,drawing.annotation.DWG-ANO-S028-019,NOTE,J-15,,,,NOR-011,DWG-ANO-S028-019,calc_pdf_p30,DWG-S028,HIGH,UNVERIFIED,DRAWING_ONLY,CANDIDATE_ONLY,,,,GOLDEN_ELIGIBLE,Drawing annotation type 'splice'.
DR-551,ENT-GIRDER-AG1,drawing,drawing.annotation.DWG-ANO-S028-020,NOTE,J-16,,,,NOR-011,DWG-ANO-S028-020,calc_pdf_p30,DWG-S028,HIGH,UNVERIFIED,DRAWING_ONLY,CANDIDATE_ONLY,,,,GOLDEN_ELIGIBLE,Drawing annotation type 'splice'.
DR-552,ENT-GIRDER-AG1,drawing,drawing.annotation.DWG-ANO-S029-005,NOTE,J-1,,,,NOR-011,DWG-ANO-S029-005,calc_pdf_p31,DWG-S029,HIGH,UNVERIFIED,DRAWING_ONLY,CANDIDATE_ONLY,,,,GOLDEN_ELIGIBLE,Drawing annotation type 'splice'.
DR-553,ENT-GIRDER-AG1,drawing,drawing.annotation.DWG-ANO-S029-006,NOTE,J-2,,,,NOR-011,DWG-ANO-S029-006,calc_pdf_p31,DWG-S029,HIGH,UNVERIFIED,DRAWING_ONLY,CANDIDATE_ONLY,,,,GOLDEN_ELIGIBLE,Drawing annotation type 'splice'.
DR-554,ENT-GIRDER-AG1,drawing,drawing.annotation.DWG-ANO-S029-007,NOTE,J-3,,,,NOR-011,DWG-ANO-S029-007,calc_pdf_p31,DWG-S029,HIGH,UNVERIFIED,DRAWING_ONLY,CANDIDATE_ONLY,,,,GOLDEN_ELIGIBLE,Drawing annotation type 'splice'.
DR-555,ENT-GIRDER-AG1,drawing,drawing.annotation.DWG-ANO-S029-008,NOTE,J-4,,,,NOR-011,DWG-ANO-S029-008,calc_pdf_p31,DWG-S029,HIGH,UNVERIFIED,DRAWING_ONLY,CANDIDATE_ONLY,,,,GOLDEN_ELIGIBLE,Drawing annotation type 'splice'.
DR-556,ENT-GIRDER-AG1,drawing,drawing.annotation.DWG-ANO-S029-009,NOTE,J-5,,,,NOR-011,DWG-ANO-S029-009,calc_pdf_p31,DWG-S029,HIGH,UNVERIFIED,DRAWING_ONLY,CANDIDATE_ONLY,,,,GOLDEN_ELIGIBLE,Drawing annotation type 'splice'.
DR-557,ENT-GIRDER-AG1,drawing,drawing.annotation.DWG-ANO-S029-010,NOTE,J-6,,,,NOR-011,DWG-ANO-S029-010,calc_pdf_p31,DWG-S029,HIGH,UNVERIFIED,DRAWING_ONLY,CANDIDATE_ONLY,,,,GOLDEN_ELIGIBLE,Drawing annotation type 'splice'.
DR-558,ENT-GIRDER-AG1,drawing,drawing.annotation.DWG-ANO-S029-011,NOTE,J-7,,,,NOR-011,DWG-ANO-S029-011,calc_pdf_p31,DWG-S029,HIGH,UNVERIFIED,DRAWING_ONLY,CANDIDATE_ONLY,,,,GOLDEN_ELIGIBLE,Drawing annotation type 'splice'.
DR-559,ENT-GIRDER-AG1,drawing,drawing.annotation.DWG-ANO-S029-012,NOTE,J-8,,,,NOR-011,DWG-ANO-S029-012,calc_pdf_p31,DWG-S029,HIGH,UNVERIFIED,DRAWING_ONLY,CANDIDATE_ONLY,,,,GOLDEN_ELIGIBLE,Drawing annotation type 'splice'.
DR-560,ENT-GIRDER-AG1,drawing,drawing.annotation.DWG-ANO-S029-013,NOTE,J-9,,,,NOR-011,DWG-ANO-S029-013,calc_pdf_p31,DWG-S029,HIGH,UNVERIFIED,DRAWING_ONLY,CANDIDATE_ONLY,,,,GOLDEN_ELIGIBLE,Drawing annotation type 'splice'.
DR-561,ENT-GIRDER-AG1,drawing,drawing.annotation.DWG-ANO-S029-014,NOTE,J-10,,,,NOR-011,DWG-ANO-S029-014,calc_pdf_p31,DWG-S029,HIGH,UNVERIFIED,DRAWING_ONLY,CANDIDATE_ONLY,,,,GOLDEN_ELIGIBLE,Drawing annotation type 'splice'.
DR-562,ENT-GIRDER-AG1,drawing,drawing.annotation.DWG-ANO-S029-015,NOTE,J-11,,,,NOR-011,DWG-ANO-S029-015,calc_pdf_p31,DWG-S029,HIGH,UNVERIFIED,DRAWING_ONLY,CANDIDATE_ONLY,,,,GOLDEN_ELIGIBLE,Drawing annotation type 'splice'.
DR-563,ENT-GIRDER-AG1,drawing,drawing.annotation.DWG-ANO-S029-016,NOTE,J-12,,,,NOR-011,DWG-ANO-S029-016,calc_pdf_p31,DWG-S029,HIGH,UNVERIFIED,DRAWING_ONLY,CANDIDATE_ONLY,,,,GOLDEN_ELIGIBLE,Drawing annotation type 'splice'.
DR-564,ENT-GIRDER-AG1,drawing,drawing.annotation.DWG-ANO-S029-017,NOTE,J-13,,,,NOR-011,DWG-ANO-S029-017,calc_pdf_p31,DWG-S029,HIGH,UNVERIFIED,DRAWING_ONLY,CANDIDATE_ONLY,,,,GOLDEN_ELIGIBLE,Drawing annotation type 'splice'.
DR-565,ENT-GIRDER-AG1,drawing,drawing.annotation.DWG-ANO-S029-018,NOTE,J-14,,,,NOR-011,DWG-ANO-S029-018,calc_pdf_p31,DWG-S029,HIGH,UNVERIFIED,DRAWING_ONLY,CANDIDATE_ONLY,,,,GOLDEN_ELIGIBLE,Drawing annotation type 'splice'.
DR-566,ENT-GIRDER-AG1,drawing,drawing.annotation.DWG-ANO-S029-019,NOTE,J-15,,,,NOR-011,DWG-ANO-S029-019,calc_pdf_p31,DWG-S029,HIGH,UNVERIFIED,DRAWING_ONLY,CANDIDATE_ONLY,,,,GOLDEN_ELIGIBLE,Drawing annotation type 'splice'.
DR-567,ENT-GIRDER-AG1,drawing,drawing.annotation.DWG-ANO-S029-020,NOTE,J-16,,,,NOR-011,DWG-ANO-S029-020,calc_pdf_p31,DWG-S029,HIGH,UNVERIFIED,DRAWING_ONLY,CANDIDATE_ONLY,,,,GOLDEN_ELIGIBLE,Drawing annotation type 'splice'.
DR-568,ENT-GIRDER-AG2,drawing,drawing.annotation.DWG-ANO-S030-005,NOTE,J-1,,,,NOR-011,DWG-ANO-S030-005,calc_pdf_p32,DWG-S030,HIGH,UNVERIFIED,DRAWING_ONLY,CANDIDATE_ONLY,,,,GOLDEN_ELIGIBLE,Drawing annotation type 'splice'.
DR-569,ENT-GIRDER-AG2,drawing,drawing.annotation.DWG-ANO-S030-006,NOTE,J-2,,,,NOR-011,DWG-ANO-S030-006,calc_pdf_p32,DWG-S030,HIGH,UNVERIFIED,DRAWING_ONLY,CANDIDATE_ONLY,,,,GOLDEN_ELIGIBLE,Drawing annotation type 'splice'.
DR-570,ENT-GIRDER-AG2,drawing,drawing.annotation.DWG-ANO-S030-007,NOTE,J-3,,,,NOR-011,DWG-ANO-S030-007,calc_pdf_p32,DWG-S030,HIGH,UNVERIFIED,DRAWING_ONLY,CANDIDATE_ONLY,,,,GOLDEN_ELIGIBLE,Drawing annotation type 'splice'.
DR-571,ENT-GIRDER-AG2,drawing,drawing.annotation.DWG-ANO-S030-008,NOTE,J-4,,,,NOR-011,DWG-ANO-S030-008,calc_pdf_p32,DWG-S030,HIGH,UNVERIFIED,DRAWING_ONLY,CANDIDATE_ONLY,,,,GOLDEN_ELIGIBLE,Drawing annotation type 'splice'.
DR-572,ENT-GIRDER-AG2,drawing,drawing.annotation.DWG-ANO-S030-009,NOTE,J-5,,,,NOR-011,DWG-ANO-S030-009,calc_pdf_p32,DWG-S030,HIGH,UNVERIFIED,DRAWING_ONLY,CANDIDATE_ONLY,,,,GOLDEN_ELIGIBLE,Drawing annotation type 'splice'.
DR-573,ENT-GIRDER-AG2,drawing,drawing.annotation.DWG-ANO-S030-010,NOTE,J-6,,,,NOR-011,DWG-ANO-S030-010,calc_pdf_p32,DWG-S030,HIGH,UNVERIFIED,DRAWING_ONLY,CANDIDATE_ONLY,,,,GOLDEN_ELIGIBLE,Drawing annotation type 'splice'.
DR-574,ENT-GIRDER-AG2,drawing,drawing.annotation.DWG-ANO-S030-011,NOTE,J-7,,,,NOR-011,DWG-ANO-S030-011,calc_pdf_p32,DWG-S030,HIGH,UNVERIFIED,DRAWING_ONLY,CANDIDATE_ONLY,,,,GOLDEN_ELIGIBLE,Drawing annotation type 'splice'.
DR-575,ENT-GIRDER-AG2,drawing,drawing.annotation.DWG-ANO-S030-012,NOTE,J-8,,,,NOR-011,DWG-ANO-S030-012,calc_pdf_p32,DWG-S030,HIGH,UNVERIFIED,DRAWING_ONLY,CANDIDATE_ONLY,,,,GOLDEN_ELIGIBLE,Drawing annotation type 'splice'.
DR-576,ENT-GIRDER-AG2,drawing,drawing.annotation.DWG-ANO-S030-013,NOTE,J-9,,,,NOR-011,DWG-ANO-S030-013,calc_pdf_p32,DWG-S030,HIGH,UNVERIFIED,DRAWING_ONLY,CANDIDATE_ONLY,,,,GOLDEN_ELIGIBLE,Drawing annotation type 'splice'.
DR-577,ENT-GIRDER-AG2,drawing,drawing.annotation.DWG-ANO-S030-014,NOTE,J-10,,,,NOR-011,DWG-ANO-S030-014,calc_pdf_p32,DWG-S030,HIGH,UNVERIFIED,DRAWING_ONLY,CANDIDATE_ONLY,,,,GOLDEN_ELIGIBLE,Drawing annotation type 'splice'.
DR-578,ENT-GIRDER-AG2,drawing,drawing.annotation.DWG-ANO-S030-015,NOTE,J-11,,,,NOR-011,DWG-ANO-S030-015,calc_pdf_p32,DWG-S030,HIGH,UNVERIFIED,DRAWING_ONLY,CANDIDATE_ONLY,,,,GOLDEN_ELIGIBLE,Drawing annotation type 'splice'.
DR-579,ENT-GIRDER-AG2,drawing,drawing.annotation.DWG-ANO-S030-016,NOTE,J-12,,,,NOR-011,DWG-ANO-S030-016,calc_pdf_p32,DWG-S030,HIGH,UNVERIFIED,DRAWING_ONLY,CANDIDATE_ONLY,,,,GOLDEN_ELIGIBLE,Drawing annotation type 'splice'.
DR-580,ENT-GIRDER-AG2,drawing,drawing.annotation.DWG-ANO-S030-017,NOTE,J-13,,,,NOR-011,DWG-ANO-S030-017,calc_pdf_p32,DWG-S030,HIGH,UNVERIFIED,DRAWING_ONLY,CANDIDATE_ONLY,,,,GOLDEN_ELIGIBLE,Drawing annotation type 'splice'.
DR-581,ENT-GIRDER-AG2,drawing,drawing.annotation.DWG-ANO-S030-018,NOTE,J-14,,,,NOR-011,DWG-ANO-S030-018,calc_pdf_p32,DWG-S030,HIGH,UNVERIFIED,DRAWING_ONLY,CANDIDATE_ONLY,,,,GOLDEN_ELIGIBLE,Drawing annotation type 'splice'.
DR-582,ENT-GIRDER-AG2,drawing,drawing.annotation.DWG-ANO-S030-019,NOTE,J-15,,,,NOR-011,DWG-ANO-S030-019,calc_pdf_p32,DWG-S030,HIGH,UNVERIFIED,DRAWING_ONLY,CANDIDATE_ONLY,,,,GOLDEN_ELIGIBLE,Drawing annotation type 'splice'.
DR-583,ENT-GIRDER-AG2,drawing,drawing.annotation.DWG-ANO-S030-020,NOTE,J-16,,,,NOR-011,DWG-ANO-S030-020,calc_pdf_p32,DWG-S030,HIGH,UNVERIFIED,DRAWING_ONLY,CANDIDATE_ONLY,,,,GOLDEN_ELIGIBLE,Drawing annotation type 'splice'.
DR-584,ENT-GIRDER-AG2,drawing,drawing.annotation.DWG-ANO-S031-005,NOTE,J-1,,,,NOR-011,DWG-ANO-S031-005,calc_pdf_p33,DWG-S031,HIGH,UNVERIFIED,DRAWING_ONLY,CANDIDATE_ONLY,,,,GOLDEN_ELIGIBLE,Drawing annotation type 'splice'.
DR-585,ENT-GIRDER-AG2,drawing,drawing.annotation.DWG-ANO-S031-006,NOTE,J-2,,,,NOR-011,DWG-ANO-S031-006,calc_pdf_p33,DWG-S031,HIGH,UNVERIFIED,DRAWING_ONLY,CANDIDATE_ONLY,,,,GOLDEN_ELIGIBLE,Drawing annotation type 'splice'.
DR-586,ENT-GIRDER-AG2,drawing,drawing.annotation.DWG-ANO-S031-007,NOTE,J-3,,,,NOR-011,DWG-ANO-S031-007,calc_pdf_p33,DWG-S031,HIGH,UNVERIFIED,DRAWING_ONLY,CANDIDATE_ONLY,,,,GOLDEN_ELIGIBLE,Drawing annotation type 'splice'.
DR-587,ENT-GIRDER-AG2,drawing,drawing.annotation.DWG-ANO-S031-008,NOTE,J-4,,,,NOR-011,DWG-ANO-S031-008,calc_pdf_p33,DWG-S031,HIGH,UNVERIFIED,DRAWING_ONLY,CANDIDATE_ONLY,,,,GOLDEN_ELIGIBLE,Drawing annotation type 'splice'.
DR-588,ENT-GIRDER-AG2,drawing,drawing.annotation.DWG-ANO-S031-009,NOTE,J-5,,,,NOR-011,DWG-ANO-S031-009,calc_pdf_p33,DWG-S031,HIGH,UNVERIFIED,DRAWING_ONLY,CANDIDATE_ONLY,,,,GOLDEN_ELIGIBLE,Drawing annotation type 'splice'.
DR-589,ENT-GIRDER-AG2,drawing,drawing.annotation.DWG-ANO-S031-010,NOTE,J-6,,,,NOR-011,DWG-ANO-S031-010,calc_pdf_p33,DWG-S031,HIGH,UNVERIFIED,DRAWING_ONLY,CANDIDATE_ONLY,,,,GOLDEN_ELIGIBLE,Drawing annotation type 'splice'.
DR-590,ENT-GIRDER-AG2,drawing,drawing.annotation.DWG-ANO-S031-011,NOTE,J-7,,,,NOR-011,DWG-ANO-S031-011,calc_pdf_p33,DWG-S031,HIGH,UNVERIFIED,DRAWING_ONLY,CANDIDATE_ONLY,,,,GOLDEN_ELIGIBLE,Drawing annotation type 'splice'.
DR-591,ENT-GIRDER-AG2,drawing,drawing.annotation.DWG-ANO-S031-012,NOTE,J-8,,,,NOR-011,DWG-ANO-S031-012,calc_pdf_p33,DWG-S031,HIGH,UNVERIFIED,DRAWING_ONLY,CANDIDATE_ONLY,,,,GOLDEN_ELIGIBLE,Drawing annotation type 'splice'.
DR-592,ENT-GIRDER-AG2,drawing,drawing.annotation.DWG-ANO-S031-013,NOTE,J-9,,,,NOR-011,DWG-ANO-S031-013,calc_pdf_p33,DWG-S031,HIGH,UNVERIFIED,DRAWING_ONLY,CANDIDATE_ONLY,,,,GOLDEN_ELIGIBLE,Drawing annotation type 'splice'.
DR-593,ENT-GIRDER-AG2,drawing,drawing.annotation.DWG-ANO-S031-014,NOTE,J-10,,,,NOR-011,DWG-ANO-S031-014,calc_pdf_p33,DWG-S031,HIGH,UNVERIFIED,DRAWING_ONLY,CANDIDATE_ONLY,,,,GOLDEN_ELIGIBLE,Drawing annotation type 'splice'.
DR-594,ENT-GIRDER-AG2,drawing,drawing.annotation.DWG-ANO-S031-015,NOTE,J-11,,,,NOR-011,DWG-ANO-S031-015,calc_pdf_p33,DWG-S031,HIGH,UNVERIFIED,DRAWING_ONLY,CANDIDATE_ONLY,,,,GOLDEN_ELIGIBLE,Drawing annotation type 'splice'.
DR-595,ENT-GIRDER-AG2,drawing,drawing.annotation.DWG-ANO-S031-016,NOTE,J-12,,,,NOR-011,DWG-ANO-S031-016,calc_pdf_p33,DWG-S031,HIGH,UNVERIFIED,DRAWING_ONLY,CANDIDATE_ONLY,,,,GOLDEN_ELIGIBLE,Drawing annotation type 'splice'.
DR-596,ENT-GIRDER-AG2,drawing,drawing.annotation.DWG-ANO-S031-017,NOTE,J-13,,,,NOR-011,DWG-ANO-S031-017,calc_pdf_p33,DWG-S031,HIGH,UNVERIFIED,DRAWING_ONLY,CANDIDATE_ONLY,,,,GOLDEN_ELIGIBLE,Drawing annotation type 'splice'.
DR-597,ENT-GIRDER-AG2,drawing,drawing.annotation.DWG-ANO-S031-018,NOTE,J-14,,,,NOR-011,DWG-ANO-S031-018,calc_pdf_p33,DWG-S031,HIGH,UNVERIFIED,DRAWING_ONLY,CANDIDATE_ONLY,,,,GOLDEN_ELIGIBLE,Drawing annotation type 'splice'.
DR-598,ENT-GIRDER-AG2,drawing,drawing.annotation.DWG-ANO-S031-019,NOTE,J-15,,,,NOR-011,DWG-ANO-S031-019,calc_pdf_p33,DWG-S031,HIGH,UNVERIFIED,DRAWING_ONLY,CANDIDATE_ONLY,,,,GOLDEN_ELIGIBLE,Drawing annotation type 'splice'.
DR-599,ENT-GIRDER-AG2,drawing,drawing.annotation.DWG-ANO-S031-020,NOTE,J-16,,,,NOR-011,DWG-ANO-S031-020,calc_pdf_p33,DWG-S031,HIGH,UNVERIFIED,DRAWING_ONLY,CANDIDATE_ONLY,,,,GOLDEN_ELIGIBLE,Drawing annotation type 'splice'.
DR-600,ENT-GIRDER-AG2,drawing,drawing.annotation.DWG-ANO-S032-005,NOTE,J-1,,,,NOR-011,DWG-ANO-S032-005,calc_pdf_p34,DWG-S032,HIGH,UNVERIFIED,DRAWING_ONLY,CANDIDATE_ONLY,,,,GOLDEN_ELIGIBLE,Drawing annotation type 'splice'.
DR-601,ENT-GIRDER-AG2,drawing,drawing.annotation.DWG-ANO-S032-006,NOTE,J-2,,,,NOR-011,DWG-ANO-S032-006,calc_pdf_p34,DWG-S032,HIGH,UNVERIFIED,DRAWING_ONLY,CANDIDATE_ONLY,,,,GOLDEN_ELIGIBLE,Drawing annotation type 'splice'.
DR-602,ENT-GIRDER-AG2,drawing,drawing.annotation.DWG-ANO-S032-007,NOTE,J-3,,,,NOR-011,DWG-ANO-S032-007,calc_pdf_p34,DWG-S032,HIGH,UNVERIFIED,DRAWING_ONLY,CANDIDATE_ONLY,,,,GOLDEN_ELIGIBLE,Drawing annotation type 'splice'.
DR-603,ENT-GIRDER-AG2,drawing,drawing.annotation.DWG-ANO-S032-008,NOTE,J-4,,,,NOR-011,DWG-ANO-S032-008,calc_pdf_p34,DWG-S032,HIGH,UNVERIFIED,DRAWING_ONLY,CANDIDATE_ONLY,,,,GOLDEN_ELIGIBLE,Drawing annotation type 'splice'.
DR-604,ENT-GIRDER-AG2,drawing,drawing.annotation.DWG-ANO-S032-009,NOTE,J-5,,,,NOR-011,DWG-ANO-S032-009,calc_pdf_p34,DWG-S032,HIGH,UNVERIFIED,DRAWING_ONLY,CANDIDATE_ONLY,,,,GOLDEN_ELIGIBLE,Drawing annotation type 'splice'.
DR-605,ENT-GIRDER-AG2,drawing,drawing.annotation.DWG-ANO-S032-010,NOTE,J-6,,,,NOR-011,DWG-ANO-S032-010,calc_pdf_p34,DWG-S032,HIGH,UNVERIFIED,DRAWING_ONLY,CANDIDATE_ONLY,,,,GOLDEN_ELIGIBLE,Drawing annotation type 'splice'.
DR-606,ENT-GIRDER-AG2,drawing,drawing.annotation.DWG-ANO-S032-011,NOTE,J-7,,,,NOR-011,DWG-ANO-S032-011,calc_pdf_p34,DWG-S032,HIGH,UNVERIFIED,DRAWING_ONLY,CANDIDATE_ONLY,,,,GOLDEN_ELIGIBLE,Drawing annotation type 'splice'.
DR-607,ENT-GIRDER-AG2,drawing,drawing.annotation.DWG-ANO-S032-012,NOTE,J-8,,,,NOR-011,DWG-ANO-S032-012,calc_pdf_p34,DWG-S032,HIGH,UNVERIFIED,DRAWING_ONLY,CANDIDATE_ONLY,,,,GOLDEN_ELIGIBLE,Drawing annotation type 'splice'.
DR-608,ENT-GIRDER-AG2,drawing,drawing.annotation.DWG-ANO-S032-013,NOTE,J-9,,,,NOR-011,DWG-ANO-S032-013,calc_pdf_p34,DWG-S032,HIGH,UNVERIFIED,DRAWING_ONLY,CANDIDATE_ONLY,,,,GOLDEN_ELIGIBLE,Drawing annotation type 'splice'.
DR-609,ENT-GIRDER-AG2,drawing,drawing.annotation.DWG-ANO-S032-014,NOTE,J-10,,,,NOR-011,DWG-ANO-S032-014,calc_pdf_p34,DWG-S032,HIGH,UNVERIFIED,DRAWING_ONLY,CANDIDATE_ONLY,,,,GOLDEN_ELIGIBLE,Drawing annotation type 'splice'.
DR-610,ENT-GIRDER-AG2,drawing,drawing.annotation.DWG-ANO-S032-015,NOTE,J-11,,,,NOR-011,DWG-ANO-S032-015,calc_pdf_p34,DWG-S032,HIGH,UNVERIFIED,DRAWING_ONLY,CANDIDATE_ONLY,,,,GOLDEN_ELIGIBLE,Drawing annotation type 'splice'.
DR-611,ENT-GIRDER-AG2,drawing,drawing.annotation.DWG-ANO-S032-016,NOTE,J-12,,,,NOR-011,DWG-ANO-S032-016,calc_pdf_p34,DWG-S032,HIGH,UNVERIFIED,DRAWING_ONLY,CANDIDATE_ONLY,,,,GOLDEN_ELIGIBLE,Drawing annotation type 'splice'.
DR-612,ENT-GIRDER-AG2,drawing,drawing.annotation.DWG-ANO-S032-017,NOTE,J-13,,,,NOR-011,DWG-ANO-S032-017,calc_pdf_p34,DWG-S032,HIGH,UNVERIFIED,DRAWING_ONLY,CANDIDATE_ONLY,,,,GOLDEN_ELIGIBLE,Drawing annotation type 'splice'.
DR-613,ENT-GIRDER-AG2,drawing,drawing.annotation.DWG-ANO-S032-018,NOTE,J-14,,,,NOR-011,DWG-ANO-S032-018,calc_pdf_p34,DWG-S032,HIGH,UNVERIFIED,DRAWING_ONLY,CANDIDATE_ONLY,,,,GOLDEN_ELIGIBLE,Drawing annotation type 'splice'.
DR-614,ENT-GIRDER-AG2,drawing,drawing.annotation.DWG-ANO-S032-019,NOTE,J-15,,,,NOR-011,DWG-ANO-S032-019,calc_pdf_p34,DWG-S032,HIGH,UNVERIFIED,DRAWING_ONLY,CANDIDATE_ONLY,,,,GOLDEN_ELIGIBLE,Drawing annotation type 'splice'.
DR-615,ENT-GIRDER-AG2,drawing,drawing.annotation.DWG-ANO-S032-020,NOTE,J-16,,,,NOR-011,DWG-ANO-S032-020,calc_pdf_p34,DWG-S032,HIGH,UNVERIFIED,DRAWING_ONLY,CANDIDATE_ONLY,,,,GOLDEN_ELIGIBLE,Drawing annotation type 'splice'.
DR-616,ENT-GIRDER-AG2,drawing,drawing.annotation.DWG-ANO-S033-005,NOTE,J-1,,,,NOR-011,DWG-ANO-S033-005,calc_pdf_p35,DWG-S033,HIGH,UNVERIFIED,DRAWING_ONLY,CANDIDATE_ONLY,,,,GOLDEN_ELIGIBLE,Drawing annotation type 'splice'.
DR-617,ENT-GIRDER-AG2,drawing,drawing.annotation.DWG-ANO-S033-006,NOTE,J-2,,,,NOR-011,DWG-ANO-S033-006,calc_pdf_p35,DWG-S033,HIGH,UNVERIFIED,DRAWING_ONLY,CANDIDATE_ONLY,,,,GOLDEN_ELIGIBLE,Drawing annotation type 'splice'.
DR-618,ENT-GIRDER-AG2,drawing,drawing.annotation.DWG-ANO-S033-007,NOTE,J-3,,,,NOR-011,DWG-ANO-S033-007,calc_pdf_p35,DWG-S033,HIGH,UNVERIFIED,DRAWING_ONLY,CANDIDATE_ONLY,,,,GOLDEN_ELIGIBLE,Drawing annotation type 'splice'.
DR-619,ENT-GIRDER-AG2,drawing,drawing.annotation.DWG-ANO-S033-008,NOTE,J-4,,,,NOR-011,DWG-ANO-S033-008,calc_pdf_p35,DWG-S033,HIGH,UNVERIFIED,DRAWING_ONLY,CANDIDATE_ONLY,,,,GOLDEN_ELIGIBLE,Drawing annotation type 'splice'.
DR-620,ENT-GIRDER-AG2,drawing,drawing.annotation.DWG-ANO-S033-009,NOTE,J-5,,,,NOR-011,DWG-ANO-S033-009,calc_pdf_p35,DWG-S033,HIGH,UNVERIFIED,DRAWING_ONLY,CANDIDATE_ONLY,,,,GOLDEN_ELIGIBLE,Drawing annotation type 'splice'.
DR-621,ENT-GIRDER-AG2,drawing,drawing.annotation.DWG-ANO-S033-010,NOTE,J-6,,,,NOR-011,DWG-ANO-S033-010,calc_pdf_p35,DWG-S033,HIGH,UNVERIFIED,DRAWING_ONLY,CANDIDATE_ONLY,,,,GOLDEN_ELIGIBLE,Drawing annotation type 'splice'.
DR-622,ENT-GIRDER-AG2,drawing,drawing.annotation.DWG-ANO-S033-011,NOTE,J-7,,,,NOR-011,DWG-ANO-S033-011,calc_pdf_p35,DWG-S033,HIGH,UNVERIFIED,DRAWING_ONLY,CANDIDATE_ONLY,,,,GOLDEN_ELIGIBLE,Drawing annotation type 'splice'.
DR-623,ENT-GIRDER-AG2,drawing,drawing.annotation.DWG-ANO-S033-012,NOTE,J-8,,,,NOR-011,DWG-ANO-S033-012,calc_pdf_p35,DWG-S033,HIGH,UNVERIFIED,DRAWING_ONLY,CANDIDATE_ONLY,,,,GOLDEN_ELIGIBLE,Drawing annotation type 'splice'.
DR-624,ENT-GIRDER-AG2,drawing,drawing.annotation.DWG-ANO-S033-013,NOTE,J-9,,,,NOR-011,DWG-ANO-S033-013,calc_pdf_p35,DWG-S033,HIGH,UNVERIFIED,DRAWING_ONLY,CANDIDATE_ONLY,,,,GOLDEN_ELIGIBLE,Drawing annotation type 'splice'.
DR-625,ENT-GIRDER-AG2,drawing,drawing.annotation.DWG-ANO-S033-014,NOTE,J-10,,,,NOR-011,DWG-ANO-S033-014,calc_pdf_p35,DWG-S033,HIGH,UNVERIFIED,DRAWING_ONLY,CANDIDATE_ONLY,,,,GOLDEN_ELIGIBLE,Drawing annotation type 'splice'.
DR-626,ENT-GIRDER-AG2,drawing,drawing.annotation.DWG-ANO-S033-015,NOTE,J-11,,,,NOR-011,DWG-ANO-S033-015,calc_pdf_p35,DWG-S033,HIGH,UNVERIFIED,DRAWING_ONLY,CANDIDATE_ONLY,,,,GOLDEN_ELIGIBLE,Drawing annotation type 'splice'.
DR-627,ENT-GIRDER-AG2,drawing,drawing.annotation.DWG-ANO-S033-016,NOTE,J-12,,,,NOR-011,DWG-ANO-S033-016,calc_pdf_p35,DWG-S033,HIGH,UNVERIFIED,DRAWING_ONLY,CANDIDATE_ONLY,,,,GOLDEN_ELIGIBLE,Drawing annotation type 'splice'.
DR-628,ENT-GIRDER-AG2,drawing,drawing.annotation.DWG-ANO-S033-017,NOTE,J-13,,,,NOR-011,DWG-ANO-S033-017,calc_pdf_p35,DWG-S033,HIGH,UNVERIFIED,DRAWING_ONLY,CANDIDATE_ONLY,,,,GOLDEN_ELIGIBLE,Drawing annotation type 'splice'.
DR-629,ENT-GIRDER-AG2,drawing,drawing.annotation.DWG-ANO-S033-018,NOTE,J-14,,,,NOR-011,DWG-ANO-S033-018,calc_pdf_p35,DWG-S033,HIGH,UNVERIFIED,DRAWING_ONLY,CANDIDATE_ONLY,,,,GOLDEN_ELIGIBLE,Drawing annotation type 'splice'.
DR-630,ENT-GIRDER-AG2,drawing,drawing.annotation.DWG-ANO-S033-019,NOTE,J-15,,,,NOR-011,DWG-ANO-S033-019,calc_pdf_p35,DWG-S033,HIGH,UNVERIFIED,DRAWING_ONLY,CANDIDATE_ONLY,,,,GOLDEN_ELIGIBLE,Drawing annotation type 'splice'.
DR-631,ENT-GIRDER-AG2,drawing,drawing.annotation.DWG-ANO-S033-020,NOTE,J-16,,,,NOR-011,DWG-ANO-S033-020,calc_pdf_p35,DWG-S033,HIGH,UNVERIFIED,DRAWING_ONLY,CANDIDATE_ONLY,,,,GOLDEN_ELIGIBLE,Drawing annotation type 'splice'.
DR-632,ENT-GIRDER-AG2,drawing,drawing.annotation.DWG-ANO-S034-005,NOTE,J-1,,,,NOR-011,DWG-ANO-S034-005,calc_pdf_p36,DWG-S034,HIGH,UNVERIFIED,DRAWING_ONLY,CANDIDATE_ONLY,,,,GOLDEN_ELIGIBLE,Drawing annotation type 'splice'.
DR-633,ENT-GIRDER-AG2,drawing,drawing.annotation.DWG-ANO-S034-006,NOTE,J-2,,,,NOR-011,DWG-ANO-S034-006,calc_pdf_p36,DWG-S034,HIGH,UNVERIFIED,DRAWING_ONLY,CANDIDATE_ONLY,,,,GOLDEN_ELIGIBLE,Drawing annotation type 'splice'.
DR-634,ENT-GIRDER-AG2,drawing,drawing.annotation.DWG-ANO-S034-007,NOTE,J-3,,,,NOR-011,DWG-ANO-S034-007,calc_pdf_p36,DWG-S034,HIGH,UNVERIFIED,DRAWING_ONLY,CANDIDATE_ONLY,,,,GOLDEN_ELIGIBLE,Drawing annotation type 'splice'.
DR-635,ENT-GIRDER-AG2,drawing,drawing.annotation.DWG-ANO-S034-008,NOTE,J-4,,,,NOR-011,DWG-ANO-S034-008,calc_pdf_p36,DWG-S034,HIGH,UNVERIFIED,DRAWING_ONLY,CANDIDATE_ONLY,,,,GOLDEN_ELIGIBLE,Drawing annotation type 'splice'.
DR-636,ENT-GIRDER-AG2,drawing,drawing.annotation.DWG-ANO-S034-009,NOTE,J-5,,,,NOR-011,DWG-ANO-S034-009,calc_pdf_p36,DWG-S034,HIGH,UNVERIFIED,DRAWING_ONLY,CANDIDATE_ONLY,,,,GOLDEN_ELIGIBLE,Drawing annotation type 'splice'.
DR-637,ENT-GIRDER-AG2,drawing,drawing.annotation.DWG-ANO-S034-010,NOTE,J-6,,,,NOR-011,DWG-ANO-S034-010,calc_pdf_p36,DWG-S034,HIGH,UNVERIFIED,DRAWING_ONLY,CANDIDATE_ONLY,,,,GOLDEN_ELIGIBLE,Drawing annotation type 'splice'.
DR-638,ENT-GIRDER-AG2,drawing,drawing.annotation.DWG-ANO-S034-011,NOTE,J-7,,,,NOR-011,DWG-ANO-S034-011,calc_pdf_p36,DWG-S034,HIGH,UNVERIFIED,DRAWING_ONLY,CANDIDATE_ONLY,,,,GOLDEN_ELIGIBLE,Drawing annotation type 'splice'.
DR-639,ENT-GIRDER-AG2,drawing,drawing.annotation.DWG-ANO-S034-012,NOTE,J-8,,,,NOR-011,DWG-ANO-S034-012,calc_pdf_p36,DWG-S034,HIGH,UNVERIFIED,DRAWING_ONLY,CANDIDATE_ONLY,,,,GOLDEN_ELIGIBLE,Drawing annotation type 'splice'.
DR-640,ENT-GIRDER-AG2,drawing,drawing.annotation.DWG-ANO-S034-013,NOTE,J-9,,,,NOR-011,DWG-ANO-S034-013,calc_pdf_p36,DWG-S034,HIGH,UNVERIFIED,DRAWING_ONLY,CANDIDATE_ONLY,,,,GOLDEN_ELIGIBLE,Drawing annotation type 'splice'.
DR-641,ENT-GIRDER-AG2,drawing,drawing.annotation.DWG-ANO-S034-014,NOTE,J-10,,,,NOR-011,DWG-ANO-S034-014,calc_pdf_p36,DWG-S034,HIGH,UNVERIFIED,DRAWING_ONLY,CANDIDATE_ONLY,,,,GOLDEN_ELIGIBLE,Drawing annotation type 'splice'.
DR-642,ENT-GIRDER-AG2,drawing,drawing.annotation.DWG-ANO-S034-015,NOTE,J-11,,,,NOR-011,DWG-ANO-S034-015,calc_pdf_p36,DWG-S034,HIGH,UNVERIFIED,DRAWING_ONLY,CANDIDATE_ONLY,,,,GOLDEN_ELIGIBLE,Drawing annotation type 'splice'.
DR-643,ENT-GIRDER-AG2,drawing,drawing.annotation.DWG-ANO-S034-016,NOTE,J-12,,,,NOR-011,DWG-ANO-S034-016,calc_pdf_p36,DWG-S034,HIGH,UNVERIFIED,DRAWING_ONLY,CANDIDATE_ONLY,,,,GOLDEN_ELIGIBLE,Drawing annotation type 'splice'.
DR-644,ENT-GIRDER-AG2,drawing,drawing.annotation.DWG-ANO-S034-017,NOTE,J-13,,,,NOR-011,DWG-ANO-S034-017,calc_pdf_p36,DWG-S034,HIGH,UNVERIFIED,DRAWING_ONLY,CANDIDATE_ONLY,,,,GOLDEN_ELIGIBLE,Drawing annotation type 'splice'.
DR-645,ENT-GIRDER-AG2,drawing,drawing.annotation.DWG-ANO-S034-018,NOTE,J-14,,,,NOR-011,DWG-ANO-S034-018,calc_pdf_p36,DWG-S034,HIGH,UNVERIFIED,DRAWING_ONLY,CANDIDATE_ONLY,,,,GOLDEN_ELIGIBLE,Drawing annotation type 'splice'.
DR-646,ENT-GIRDER-AG2,drawing,drawing.annotation.DWG-ANO-S034-019,NOTE,J-15,,,,NOR-011,DWG-ANO-S034-019,calc_pdf_p36,DWG-S034,HIGH,UNVERIFIED,DRAWING_ONLY,CANDIDATE_ONLY,,,,GOLDEN_ELIGIBLE,Drawing annotation type 'splice'.
DR-647,ENT-GIRDER-AG2,drawing,drawing.annotation.DWG-ANO-S034-020,NOTE,J-16,,,,NOR-011,DWG-ANO-S034-020,calc_pdf_p36,DWG-S034,HIGH,UNVERIFIED,DRAWING_ONLY,CANDIDATE_ONLY,,,,GOLDEN_ELIGIBLE,Drawing annotation type 'splice'.
DR-648,ENT-GIRDER-AG2,drawing,drawing.annotation.DWG-ANO-S035-005,NOTE,J-1,,,,NOR-011,DWG-ANO-S035-005,calc_pdf_p37,DWG-S035,HIGH,UNVERIFIED,DRAWING_ONLY,CANDIDATE_ONLY,,,,GOLDEN_ELIGIBLE,Drawing annotation type 'splice'.
DR-649,ENT-GIRDER-AG2,drawing,drawing.annotation.DWG-ANO-S035-006,NOTE,J-2,,,,NOR-011,DWG-ANO-S035-006,calc_pdf_p37,DWG-S035,HIGH,UNVERIFIED,DRAWING_ONLY,CANDIDATE_ONLY,,,,GOLDEN_ELIGIBLE,Drawing annotation type 'splice'.
DR-650,ENT-GIRDER-AG2,drawing,drawing.annotation.DWG-ANO-S035-007,NOTE,J-3,,,,NOR-011,DWG-ANO-S035-007,calc_pdf_p37,DWG-S035,HIGH,UNVERIFIED,DRAWING_ONLY,CANDIDATE_ONLY,,,,GOLDEN_ELIGIBLE,Drawing annotation type 'splice'.
DR-651,ENT-GIRDER-AG2,drawing,drawing.annotation.DWG-ANO-S035-008,NOTE,J-4,,,,NOR-011,DWG-ANO-S035-008,calc_pdf_p37,DWG-S035,HIGH,UNVERIFIED,DRAWING_ONLY,CANDIDATE_ONLY,,,,GOLDEN_ELIGIBLE,Drawing annotation type 'splice'.
DR-652,ENT-GIRDER-AG2,drawing,drawing.annotation.DWG-ANO-S035-009,NOTE,J-5,,,,NOR-011,DWG-ANO-S035-009,calc_pdf_p37,DWG-S035,HIGH,UNVERIFIED,DRAWING_ONLY,CANDIDATE_ONLY,,,,GOLDEN_ELIGIBLE,Drawing annotation type 'splice'.
DR-653,ENT-GIRDER-AG2,drawing,drawing.annotation.DWG-ANO-S035-010,NOTE,J-6,,,,NOR-011,DWG-ANO-S035-010,calc_pdf_p37,DWG-S035,HIGH,UNVERIFIED,DRAWING_ONLY,CANDIDATE_ONLY,,,,GOLDEN_ELIGIBLE,Drawing annotation type 'splice'.
DR-654,ENT-GIRDER-AG2,drawing,drawing.annotation.DWG-ANO-S035-011,NOTE,J-7,,,,NOR-011,DWG-ANO-S035-011,calc_pdf_p37,DWG-S035,HIGH,UNVERIFIED,DRAWING_ONLY,CANDIDATE_ONLY,,,,GOLDEN_ELIGIBLE,Drawing annotation type 'splice'.
DR-655,ENT-GIRDER-AG2,drawing,drawing.annotation.DWG-ANO-S035-012,NOTE,J-8,,,,NOR-011,DWG-ANO-S035-012,calc_pdf_p37,DWG-S035,HIGH,UNVERIFIED,DRAWING_ONLY,CANDIDATE_ONLY,,,,GOLDEN_ELIGIBLE,Drawing annotation type 'splice'.
DR-656,ENT-GIRDER-AG2,drawing,drawing.annotation.DWG-ANO-S035-013,NOTE,J-9,,,,NOR-011,DWG-ANO-S035-013,calc_pdf_p37,DWG-S035,HIGH,UNVERIFIED,DRAWING_ONLY,CANDIDATE_ONLY,,,,GOLDEN_ELIGIBLE,Drawing annotation type 'splice'.
DR-657,ENT-GIRDER-AG2,drawing,drawing.annotation.DWG-ANO-S035-014,NOTE,J-10,,,,NOR-011,DWG-ANO-S035-014,calc_pdf_p37,DWG-S035,HIGH,UNVERIFIED,DRAWING_ONLY,CANDIDATE_ONLY,,,,GOLDEN_ELIGIBLE,Drawing annotation type 'splice'.
DR-658,ENT-GIRDER-AG2,drawing,drawing.annotation.DWG-ANO-S035-015,NOTE,J-11,,,,NOR-011,DWG-ANO-S035-015,calc_pdf_p37,DWG-S035,HIGH,UNVERIFIED,DRAWING_ONLY,CANDIDATE_ONLY,,,,GOLDEN_ELIGIBLE,Drawing annotation type 'splice'.
DR-659,ENT-GIRDER-AG2,drawing,drawing.annotation.DWG-ANO-S035-016,NOTE,J-12,,,,NOR-011,DWG-ANO-S035-016,calc_pdf_p37,DWG-S035,HIGH,UNVERIFIED,DRAWING_ONLY,CANDIDATE_ONLY,,,,GOLDEN_ELIGIBLE,Drawing annotation type 'splice'.
DR-660,ENT-GIRDER-AG2,drawing,drawing.annotation.DWG-ANO-S035-017,NOTE,J-13,,,,NOR-011,DWG-ANO-S035-017,calc_pdf_p37,DWG-S035,HIGH,UNVERIFIED,DRAWING_ONLY,CANDIDATE_ONLY,,,,GOLDEN_ELIGIBLE,Drawing annotation type 'splice'.
DR-661,ENT-GIRDER-AG2,drawing,drawing.annotation.DWG-ANO-S035-018,NOTE,J-14,,,,NOR-011,DWG-ANO-S035-018,calc_pdf_p37,DWG-S035,HIGH,UNVERIFIED,DRAWING_ONLY,CANDIDATE_ONLY,,,,GOLDEN_ELIGIBLE,Drawing annotation type 'splice'.
DR-662,ENT-GIRDER-AG2,drawing,drawing.annotation.DWG-ANO-S035-019,NOTE,J-15,,,,NOR-011,DWG-ANO-S035-019,calc_pdf_p37,DWG-S035,HIGH,UNVERIFIED,DRAWING_ONLY,CANDIDATE_ONLY,,,,GOLDEN_ELIGIBLE,Drawing annotation type 'splice'.
DR-663,ENT-GIRDER-AG2,drawing,drawing.annotation.DWG-ANO-S035-020,NOTE,J-16,,,,NOR-011,DWG-ANO-S035-020,calc_pdf_p37,DWG-S035,HIGH,UNVERIFIED,DRAWING_ONLY,CANDIDATE_ONLY,,,,GOLDEN_ELIGIBLE,Drawing annotation type 'splice'.
DR-664,ENT-GIRDER-AG2,drawing,drawing.annotation.DWG-ANO-S036-005,NOTE,J-1,,,,NOR-011,DWG-ANO-S036-005,calc_pdf_p38,DWG-S036,HIGH,UNVERIFIED,DRAWING_ONLY,CANDIDATE_ONLY,,,,GOLDEN_ELIGIBLE,Drawing annotation type 'splice'.
DR-665,ENT-GIRDER-AG2,drawing,drawing.annotation.DWG-ANO-S036-006,NOTE,J-2,,,,NOR-011,DWG-ANO-S036-006,calc_pdf_p38,DWG-S036,HIGH,UNVERIFIED,DRAWING_ONLY,CANDIDATE_ONLY,,,,GOLDEN_ELIGIBLE,Drawing annotation type 'splice'.
DR-666,ENT-GIRDER-AG2,drawing,drawing.annotation.DWG-ANO-S036-007,NOTE,J-3,,,,NOR-011,DWG-ANO-S036-007,calc_pdf_p38,DWG-S036,HIGH,UNVERIFIED,DRAWING_ONLY,CANDIDATE_ONLY,,,,GOLDEN_ELIGIBLE,Drawing annotation type 'splice'.
DR-667,ENT-GIRDER-AG2,drawing,drawing.annotation.DWG-ANO-S036-008,NOTE,J-4,,,,NOR-011,DWG-ANO-S036-008,calc_pdf_p38,DWG-S036,HIGH,UNVERIFIED,DRAWING_ONLY,CANDIDATE_ONLY,,,,GOLDEN_ELIGIBLE,Drawing annotation type 'splice'.
DR-668,ENT-GIRDER-AG2,drawing,drawing.annotation.DWG-ANO-S036-009,NOTE,J-5,,,,NOR-011,DWG-ANO-S036-009,calc_pdf_p38,DWG-S036,HIGH,UNVERIFIED,DRAWING_ONLY,CANDIDATE_ONLY,,,,GOLDEN_ELIGIBLE,Drawing annotation type 'splice'.
DR-669,ENT-GIRDER-AG2,drawing,drawing.annotation.DWG-ANO-S036-010,NOTE,J-6,,,,NOR-011,DWG-ANO-S036-010,calc_pdf_p38,DWG-S036,HIGH,UNVERIFIED,DRAWING_ONLY,CANDIDATE_ONLY,,,,GOLDEN_ELIGIBLE,Drawing annotation type 'splice'.
DR-670,ENT-GIRDER-AG2,drawing,drawing.annotation.DWG-ANO-S036-011,NOTE,J-7,,,,NOR-011,DWG-ANO-S036-011,calc_pdf_p38,DWG-S036,HIGH,UNVERIFIED,DRAWING_ONLY,CANDIDATE_ONLY,,,,GOLDEN_ELIGIBLE,Drawing annotation type 'splice'.
DR-671,ENT-GIRDER-AG2,drawing,drawing.annotation.DWG-ANO-S036-012,NOTE,J-8,,,,NOR-011,DWG-ANO-S036-012,calc_pdf_p38,DWG-S036,HIGH,UNVERIFIED,DRAWING_ONLY,CANDIDATE_ONLY,,,,GOLDEN_ELIGIBLE,Drawing annotation type 'splice'.
DR-672,ENT-GIRDER-AG2,drawing,drawing.annotation.DWG-ANO-S036-013,NOTE,J-9,,,,NOR-011,DWG-ANO-S036-013,calc_pdf_p38,DWG-S036,HIGH,UNVERIFIED,DRAWING_ONLY,CANDIDATE_ONLY,,,,GOLDEN_ELIGIBLE,Drawing annotation type 'splice'.
DR-673,ENT-GIRDER-AG2,drawing,drawing.annotation.DWG-ANO-S036-014,NOTE,J-10,,,,NOR-011,DWG-ANO-S036-014,calc_pdf_p38,DWG-S036,HIGH,UNVERIFIED,DRAWING_ONLY,CANDIDATE_ONLY,,,,GOLDEN_ELIGIBLE,Drawing annotation type 'splice'.
DR-674,ENT-GIRDER-AG2,drawing,drawing.annotation.DWG-ANO-S036-015,NOTE,J-11,,,,NOR-011,DWG-ANO-S036-015,calc_pdf_p38,DWG-S036,HIGH,UNVERIFIED,DRAWING_ONLY,CANDIDATE_ONLY,,,,GOLDEN_ELIGIBLE,Drawing annotation type 'splice'.
DR-675,ENT-GIRDER-AG2,drawing,drawing.annotation.DWG-ANO-S036-016,NOTE,J-12,,,,NOR-011,DWG-ANO-S036-016,calc_pdf_p38,DWG-S036,HIGH,UNVERIFIED,DRAWING_ONLY,CANDIDATE_ONLY,,,,GOLDEN_ELIGIBLE,Drawing annotation type 'splice'.
DR-676,ENT-GIRDER-AG2,drawing,drawing.annotation.DWG-ANO-S036-017,NOTE,J-13,,,,NOR-011,DWG-ANO-S036-017,calc_pdf_p38,DWG-S036,HIGH,UNVERIFIED,DRAWING_ONLY,CANDIDATE_ONLY,,,,GOLDEN_ELIGIBLE,Drawing annotation type 'splice'.
DR-677,ENT-GIRDER-AG2,drawing,drawing.annotation.DWG-ANO-S036-018,NOTE,J-14,,,,NOR-011,DWG-ANO-S036-018,calc_pdf_p38,DWG-S036,HIGH,UNVERIFIED,DRAWING_ONLY,CANDIDATE_ONLY,,,,GOLDEN_ELIGIBLE,Drawing annotation type 'splice'.
DR-678,ENT-GIRDER-AG2,drawing,drawing.annotation.DWG-ANO-S036-019,NOTE,J-15,,,,NOR-011,DWG-ANO-S036-019,calc_pdf_p38,DWG-S036,HIGH,UNVERIFIED,DRAWING_ONLY,CANDIDATE_ONLY,,,,GOLDEN_ELIGIBLE,Drawing annotation type 'splice'.
DR-679,ENT-GIRDER-AG2,drawing,drawing.annotation.DWG-ANO-S036-020,NOTE,J-16,,,,NOR-011,DWG-ANO-S036-020,calc_pdf_p38,DWG-S036,HIGH,UNVERIFIED,DRAWING_ONLY,CANDIDATE_ONLY,,,,GOLDEN_ELIGIBLE,Drawing annotation type 'splice'.
DR-680,ENT-GIRDER-AG2,drawing,drawing.annotation.DWG-ANO-S037-005,NOTE,J-1,,,,NOR-011,DWG-ANO-S037-005,calc_pdf_p39,DWG-S037,HIGH,UNVERIFIED,DRAWING_ONLY,CANDIDATE_ONLY,,,,GOLDEN_ELIGIBLE,Drawing annotation type 'splice'.
DR-681,ENT-GIRDER-AG2,drawing,drawing.annotation.DWG-ANO-S037-006,NOTE,J-2,,,,NOR-011,DWG-ANO-S037-006,calc_pdf_p39,DWG-S037,HIGH,UNVERIFIED,DRAWING_ONLY,CANDIDATE_ONLY,,,,GOLDEN_ELIGIBLE,Drawing annotation type 'splice'.
DR-682,ENT-GIRDER-AG2,drawing,drawing.annotation.DWG-ANO-S037-007,NOTE,J-3,,,,NOR-011,DWG-ANO-S037-007,calc_pdf_p39,DWG-S037,HIGH,UNVERIFIED,DRAWING_ONLY,CANDIDATE_ONLY,,,,GOLDEN_ELIGIBLE,Drawing annotation type 'splice'.
DR-683,ENT-GIRDER-AG2,drawing,drawing.annotation.DWG-ANO-S037-008,NOTE,J-4,,,,NOR-011,DWG-ANO-S037-008,calc_pdf_p39,DWG-S037,HIGH,UNVERIFIED,DRAWING_ONLY,CANDIDATE_ONLY,,,,GOLDEN_ELIGIBLE,Drawing annotation type 'splice'.
DR-684,ENT-GIRDER-AG2,drawing,drawing.annotation.DWG-ANO-S037-009,NOTE,J-5,,,,NOR-011,DWG-ANO-S037-009,calc_pdf_p39,DWG-S037,HIGH,UNVERIFIED,DRAWING_ONLY,CANDIDATE_ONLY,,,,GOLDEN_ELIGIBLE,Drawing annotation type 'splice'.
DR-685,ENT-GIRDER-AG2,drawing,drawing.annotation.DWG-ANO-S037-010,NOTE,J-6,,,,NOR-011,DWG-ANO-S037-010,calc_pdf_p39,DWG-S037,HIGH,UNVERIFIED,DRAWING_ONLY,CANDIDATE_ONLY,,,,GOLDEN_ELIGIBLE,Drawing annotation type 'splice'.
DR-686,ENT-GIRDER-AG2,drawing,drawing.annotation.DWG-ANO-S037-011,NOTE,J-7,,,,NOR-011,DWG-ANO-S037-011,calc_pdf_p39,DWG-S037,HIGH,UNVERIFIED,DRAWING_ONLY,CANDIDATE_ONLY,,,,GOLDEN_ELIGIBLE,Drawing annotation type 'splice'.
DR-687,ENT-GIRDER-AG2,drawing,drawing.annotation.DWG-ANO-S037-012,NOTE,J-8,,,,NOR-011,DWG-ANO-S037-012,calc_pdf_p39,DWG-S037,HIGH,UNVERIFIED,DRAWING_ONLY,CANDIDATE_ONLY,,,,GOLDEN_ELIGIBLE,Drawing annotation type 'splice'.
DR-688,ENT-GIRDER-AG2,drawing,drawing.annotation.DWG-ANO-S037-013,NOTE,J-9,,,,NOR-011,DWG-ANO-S037-013,calc_pdf_p39,DWG-S037,HIGH,UNVERIFIED,DRAWING_ONLY,CANDIDATE_ONLY,,,,GOLDEN_ELIGIBLE,Drawing annotation type 'splice'.
DR-689,ENT-GIRDER-AG2,drawing,drawing.annotation.DWG-ANO-S037-014,NOTE,J-10,,,,NOR-011,DWG-ANO-S037-014,calc_pdf_p39,DWG-S037,HIGH,UNVERIFIED,DRAWING_ONLY,CANDIDATE_ONLY,,,,GOLDEN_ELIGIBLE,Drawing annotation type 'splice'.
DR-690,ENT-GIRDER-AG2,drawing,drawing.annotation.DWG-ANO-S037-015,NOTE,J-11,,,,NOR-011,DWG-ANO-S037-015,calc_pdf_p39,DWG-S037,HIGH,UNVERIFIED,DRAWING_ONLY,CANDIDATE_ONLY,,,,GOLDEN_ELIGIBLE,Drawing annotation type 'splice'.
DR-691,ENT-GIRDER-AG2,drawing,drawing.annotation.DWG-ANO-S037-016,NOTE,J-12,,,,NOR-011,DWG-ANO-S037-016,calc_pdf_p39,DWG-S037,HIGH,UNVERIFIED,DRAWING_ONLY,CANDIDATE_ONLY,,,,GOLDEN_ELIGIBLE,Drawing annotation type 'splice'.
DR-692,ENT-GIRDER-AG2,drawing,drawing.annotation.DWG-ANO-S037-017,NOTE,J-13,,,,NOR-011,DWG-ANO-S037-017,calc_pdf_p39,DWG-S037,HIGH,UNVERIFIED,DRAWING_ONLY,CANDIDATE_ONLY,,,,GOLDEN_ELIGIBLE,Drawing annotation type 'splice'.
DR-693,ENT-GIRDER-AG2,drawing,drawing.annotation.DWG-ANO-S037-018,NOTE,J-14,,,,NOR-011,DWG-ANO-S037-018,calc_pdf_p39,DWG-S037,HIGH,UNVERIFIED,DRAWING_ONLY,CANDIDATE_ONLY,,,,GOLDEN_ELIGIBLE,Drawing annotation type 'splice'.
DR-694,ENT-GIRDER-AG2,drawing,drawing.annotation.DWG-ANO-S037-019,NOTE,J-15,,,,NOR-011,DWG-ANO-S037-019,calc_pdf_p39,DWG-S037,HIGH,UNVERIFIED,DRAWING_ONLY,CANDIDATE_ONLY,,,,GOLDEN_ELIGIBLE,Drawing annotation type 'splice'.
DR-695,ENT-GIRDER-AG2,drawing,drawing.annotation.DWG-ANO-S037-020,NOTE,J-16,,,,NOR-011,DWG-ANO-S037-020,calc_pdf_p39,DWG-S037,HIGH,UNVERIFIED,DRAWING_ONLY,CANDIDATE_ONLY,,,,GOLDEN_ELIGIBLE,Drawing annotation type 'splice'.
DR-696,ENT-GIRDER-AG2,drawing,drawing.annotation.DWG-ANO-S038-005,NOTE,J-1,,,,NOR-011,DWG-ANO-S038-005,calc_pdf_p40,DWG-S038,HIGH,UNVERIFIED,DRAWING_ONLY,CANDIDATE_ONLY,,,,GOLDEN_ELIGIBLE,Drawing annotation type 'splice'.
DR-697,ENT-GIRDER-AG2,drawing,drawing.annotation.DWG-ANO-S038-006,NOTE,J-2,,,,NOR-011,DWG-ANO-S038-006,calc_pdf_p40,DWG-S038,HIGH,UNVERIFIED,DRAWING_ONLY,CANDIDATE_ONLY,,,,GOLDEN_ELIGIBLE,Drawing annotation type 'splice'.
DR-698,ENT-GIRDER-AG2,drawing,drawing.annotation.DWG-ANO-S038-007,NOTE,J-3,,,,NOR-011,DWG-ANO-S038-007,calc_pdf_p40,DWG-S038,HIGH,UNVERIFIED,DRAWING_ONLY,CANDIDATE_ONLY,,,,GOLDEN_ELIGIBLE,Drawing annotation type 'splice'.
DR-699,ENT-GIRDER-AG2,drawing,drawing.annotation.DWG-ANO-S038-008,NOTE,J-4,,,,NOR-011,DWG-ANO-S038-008,calc_pdf_p40,DWG-S038,HIGH,UNVERIFIED,DRAWING_ONLY,CANDIDATE_ONLY,,,,GOLDEN_ELIGIBLE,Drawing annotation type 'splice'.
DR-700,ENT-GIRDER-AG2,drawing,drawing.annotation.DWG-ANO-S038-009,NOTE,J-5,,,,NOR-011,DWG-ANO-S038-009,calc_pdf_p40,DWG-S038,HIGH,UNVERIFIED,DRAWING_ONLY,CANDIDATE_ONLY,,,,GOLDEN_ELIGIBLE,Drawing annotation type 'splice'.
DR-701,ENT-GIRDER-AG2,drawing,drawing.annotation.DWG-ANO-S038-010,NOTE,J-6,,,,NOR-011,DWG-ANO-S038-010,calc_pdf_p40,DWG-S038,HIGH,UNVERIFIED,DRAWING_ONLY,CANDIDATE_ONLY,,,,GOLDEN_ELIGIBLE,Drawing annotation type 'splice'.
DR-702,ENT-GIRDER-AG2,drawing,drawing.annotation.DWG-ANO-S038-011,NOTE,J-7,,,,NOR-011,DWG-ANO-S038-011,calc_pdf_p40,DWG-S038,HIGH,UNVERIFIED,DRAWING_ONLY,CANDIDATE_ONLY,,,,GOLDEN_ELIGIBLE,Drawing annotation type 'splice'.
DR-703,ENT-GIRDER-AG2,drawing,drawing.annotation.DWG-ANO-S038-012,NOTE,J-8,,,,NOR-011,DWG-ANO-S038-012,calc_pdf_p40,DWG-S038,HIGH,UNVERIFIED,DRAWING_ONLY,CANDIDATE_ONLY,,,,GOLDEN_ELIGIBLE,Drawing annotation type 'splice'.
DR-704,ENT-GIRDER-AG2,drawing,drawing.annotation.DWG-ANO-S038-013,NOTE,J-9,,,,NOR-011,DWG-ANO-S038-013,calc_pdf_p40,DWG-S038,HIGH,UNVERIFIED,DRAWING_ONLY,CANDIDATE_ONLY,,,,GOLDEN_ELIGIBLE,Drawing annotation type 'splice'.
DR-705,ENT-GIRDER-AG2,drawing,drawing.annotation.DWG-ANO-S038-014,NOTE,J-10,,,,NOR-011,DWG-ANO-S038-014,calc_pdf_p40,DWG-S038,HIGH,UNVERIFIED,DRAWING_ONLY,CANDIDATE_ONLY,,,,GOLDEN_ELIGIBLE,Drawing annotation type 'splice'.
DR-706,ENT-GIRDER-AG2,drawing,drawing.annotation.DWG-ANO-S038-015,NOTE,J-11,,,,NOR-011,DWG-ANO-S038-015,calc_pdf_p40,DWG-S038,HIGH,UNVERIFIED,DRAWING_ONLY,CANDIDATE_ONLY,,,,GOLDEN_ELIGIBLE,Drawing annotation type 'splice'.
DR-707,ENT-GIRDER-AG2,drawing,drawing.annotation.DWG-ANO-S038-016,NOTE,J-12,,,,NOR-011,DWG-ANO-S038-016,calc_pdf_p40,DWG-S038,HIGH,UNVERIFIED,DRAWING_ONLY,CANDIDATE_ONLY,,,,GOLDEN_ELIGIBLE,Drawing annotation type 'splice'.
DR-708,ENT-GIRDER-AG2,drawing,drawing.annotation.DWG-ANO-S038-017,NOTE,J-13,,,,NOR-011,DWG-ANO-S038-017,calc_pdf_p40,DWG-S038,HIGH,UNVERIFIED,DRAWING_ONLY,CANDIDATE_ONLY,,,,GOLDEN_ELIGIBLE,Drawing annotation type 'splice'.
DR-709,ENT-GIRDER-AG2,drawing,drawing.annotation.DWG-ANO-S038-018,NOTE,J-14,,,,NOR-011,DWG-ANO-S038-018,calc_pdf_p40,DWG-S038,HIGH,UNVERIFIED,DRAWING_ONLY,CANDIDATE_ONLY,,,,GOLDEN_ELIGIBLE,Drawing annotation type 'splice'.
DR-710,ENT-GIRDER-AG2,drawing,drawing.annotation.DWG-ANO-S038-019,NOTE,J-15,,,,NOR-011,DWG-ANO-S038-019,calc_pdf_p40,DWG-S038,HIGH,UNVERIFIED,DRAWING_ONLY,CANDIDATE_ONLY,,,,GOLDEN_ELIGIBLE,Drawing annotation type 'splice'.
DR-711,ENT-GIRDER-AG2,drawing,drawing.annotation.DWG-ANO-S038-020,NOTE,J-16,,,,NOR-011,DWG-ANO-S038-020,calc_pdf_p40,DWG-S038,HIGH,UNVERIFIED,DRAWING_ONLY,CANDIDATE_ONLY,,,,GOLDEN_ELIGIBLE,Drawing annotation type 'splice'.
DR-1053,ENT-XBEAM-GE1,drawing,drawing.annotation.DWG-ANO-S045-001,NOTE,※ 1-UFLG PL 250x12x1599(SM490YA),,,,NOR-011,DWG-ANO-S045-001,calc_pdf_p47,DWG-S045,HIGH,UNVERIFIED,DRAWING_ONLY,CANDIDATE_ONLY,,,,GOLDEN_ELIGIBLE,Drawing annotation type 'material'.
DR-1054,ENT-XBEAM-GE1,drawing,drawing.annotation.DWG-ANO-S045-002,NOTE,※ 1-UFLG PL 400x19x2908(SM490YB),,,,NOR-011,DWG-ANO-S045-002,calc_pdf_p47,DWG-S045,HIGH,UNVERIFIED,DRAWING_ONLY,CANDIDATE_ONLY,,,,GOLDEN_ELIGIBLE,Drawing annotation type 'material'.
DR-1055,ENT-XBEAM-GE1,drawing,drawing.annotation.DWG-ANO-S045-003,NOTE,※ 1-UFLG PL 250x12x1099(SM490YA),,,,NOR-011,DWG-ANO-S045-003,calc_pdf_p47,DWG-S045,HIGH,UNVERIFIED,DRAWING_ONLY,CANDIDATE_ONLY,,,,GOLDEN_ELIGIBLE,Drawing annotation type 'material'.
DR-1056,ENT-XBEAM-GE1,drawing,drawing.annotation.DWG-ANO-S045-004,NOTE,※ 1-LFLG PL 250x12x1934,,,,NOR-011,DWG-ANO-S045-004,calc_pdf_p47,DWG-S045,HIGH,UNVERIFIED,DRAWING_ONLY,CANDIDATE_ONLY,,,,GOLDEN_ELIGIBLE,Drawing annotation type 'material'.
DR-1057,ENT-XBEAM-GE1,drawing,drawing.annotation.DWG-ANO-S045-005,NOTE,※ 1-LFLG PL 250x12x1468,,,,NOR-011,DWG-ANO-S045-005,calc_pdf_p47,DWG-S045,HIGH,UNVERIFIED,DRAWING_ONLY,CANDIDATE_ONLY,,,,GOLDEN_ELIGIBLE,Drawing annotation type 'material'.
DR-1058,ENT-XBEAM-GE1,drawing,drawing.annotation.DWG-ANO-S045-006,NOTE,※ 1-WEB PL 733x9x1603,,,,NOR-011,DWG-ANO-S045-006,calc_pdf_p47,DWG-S045,HIGH,UNVERIFIED,DRAWING_ONLY,CANDIDATE_ONLY,,,,GOLDEN_ELIGIBLE,Drawing annotation type 'material'.
DR-1059,ENT-XBEAM-GE1,drawing,drawing.annotation.DWG-ANO-S045-007,NOTE,※ 1-WEB PL 2537x32x791(SM490YB),,,,NOR-011,DWG-ANO-S045-007,calc_pdf_p47,DWG-S045,HIGH,UNVERIFIED,DRAWING_ONLY,CANDIDATE_ONLY,,,,GOLDEN_ELIGIBLE,Drawing annotation type 'material'.
DR-1060,ENT-XBEAM-GE1,drawing,drawing.annotation.DWG-ANO-S045-008,NOTE,※ 1-WEB PL 730x9x1103,,,,NOR-011,DWG-ANO-S045-008,calc_pdf_p47,DWG-S045,HIGH,UNVERIFIED,DRAWING_ONLY,CANDIDATE_ONLY,,,,GOLDEN_ELIGIBLE,Drawing annotation type 'material'.
DR-1061,ENT-XBEAM-GE1,drawing,drawing.annotation.DWG-ANO-S045-009,NOTE,※ 1-CONN PL 351x19x789(SM490YB),,,,NOR-011,DWG-ANO-S045-009,calc_pdf_p47,DWG-S045,HIGH,UNVERIFIED,DRAWING_ONLY,CANDIDATE_ONLY,,,,GOLDEN_ELIGIBLE,Drawing annotation type 'material'.
DR-1062,ENT-XBEAM-GE1,drawing,drawing.annotation.DWG-ANO-S045-010,NOTE,※ 1-CONN PL 367x19x818(SM490YB),,,,NOR-011,DWG-ANO-S045-010,calc_pdf_p47,DWG-S045,HIGH,UNVERIFIED,DRAWING_ONLY,CANDIDATE_ONLY,,,,GOLDEN_ELIGIBLE,Drawing annotation type 'material'.
DR-1063,ENT-XBEAM-GE1,drawing,drawing.annotation.DWG-ANO-S045-011,NOTE,4-SPL PL 165x13x470(SM490YA),,,,NOR-011,DWG-ANO-S045-011,calc_pdf_p47,DWG-S045,HIGH,UNVERIFIED,DRAWING_ONLY,CANDIDATE_ONLY,,,,GOLDEN_ELIGIBLE,Drawing annotation type 'material'.
DR-1064,ENT-XBEAM-GE1,drawing,drawing.annotation.DWG-ANO-S045-012,NOTE,2-SPL PL 1692x10x470(SM490YA),,,,NOR-011,DWG-ANO-S045-012,calc_pdf_p47,DWG-S045,HIGH,UNVERIFIED,DRAWING_ONLY,CANDIDATE_ONLY,,,,GOLDEN_ELIGIBLE,Drawing annotation type 'material'.
DR-1065,ENT-XBEAM-GE1,drawing,drawing.annotation.DWG-ANO-S045-013,NOTE,2-FILL PL 1686x8x233(SS400),,,,NOR-011,DWG-ANO-S045-013,calc_pdf_p47,DWG-S045,HIGH,UNVERIFIED,DRAWING_ONLY,CANDIDATE_ONLY,,,,GOLDEN_ELIGIBLE,Drawing annotation type 'material'.
DR-1066,ENT-XBEAM-GE1,drawing,drawing.annotation.DWG-ANO-S045-014,NOTE,1-PL 80x9x625 / 1-PL 80x9x555,,,,NOR-011,DWG-ANO-S045-014,calc_pdf_p47,DWG-S045,HIGH,UNVERIFIED,DRAWING_ONLY,CANDIDATE_ONLY,,,,GOLDEN_ELIGIBLE,Drawing annotation type 'material'.
DR-1067,ENT-XBEAM-GE1,drawing,drawing.annotation.DWG-ANO-S045-015,NOTE,止端仕上げ,,,,NOR-011,DWG-ANO-S045-015,calc_pdf_p47,DWG-S045,HIGH,UNVERIFIED,DRAWING_ONLY,CANDIDATE_ONLY,,,,GOLDEN_ELIGIBLE,Drawing annotation type 'weld'.
DR-1068,ENT-XBEAM-GE1,drawing,drawing.annotation.DWG-ANO-S045-016,NOTE,15c溶接後埋め戻し,,,,NOR-011,DWG-ANO-S045-016,calc_pdf_p47,DWG-S045,HIGH,UNVERIFIED,DRAWING_ONLY,CANDIDATE_ONLY,,,,GOLDEN_ELIGIBLE,Drawing annotation type 'weld'.
DR-1069,ENT-XBEAM-GE1,drawing,drawing.annotation.DWG-ANO-S045-017,NOTE,※ 6-STUD φ22x200(SS400),,,,NOR-011,DWG-ANO-S045-017,calc_pdf_p47,DWG-S045,HIGH,UNVERIFIED,DRAWING_ONLY,CANDIDATE_ONLY,,,,GOLDEN_ELIGIBLE,Drawing annotation type 'stud'.
DR-1070,ENT-XBEAM-GE1,drawing,drawing.annotation.DWG-ANO-S045-018,NOTE,※ 4-STUD φ22x200(SS400),,,,NOR-011,DWG-ANO-S045-018,calc_pdf_p47,DWG-S045,HIGH,UNVERIFIED,DRAWING_ONLY,CANDIDATE_ONLY,,,,GOLDEN_ELIGIBLE,Drawing annotation type 'stud'.
DR-1071,ENT-XBEAM-GE1,drawing,drawing.annotation.DWG-ANO-S045-019,NOTE,t=22mm,,,,NOR-011,DWG-ANO-S045-019,calc_pdf_p47,DWG-S045,HIGH,UNVERIFIED,DRAWING_ONLY,CANDIDATE_ONLY,,,,GOLDEN_ELIGIBLE,Drawing annotation type 'note'.
DR-1072,ENT-XBEAM-GE1,drawing,drawing.annotation.DWG-ANO-S045-020,NOTE,i %,,,,NOR-011,DWG-ANO-S045-020,calc_pdf_p47,DWG-S045,HIGH,UNVERIFIED,DRAWING_ONLY,CANDIDATE_ONLY,,,,GOLDEN_ELIGIBLE,Drawing annotation type 'note'.
DR-1073,ENT-XBEAM-GE1,drawing,drawing.annotation.DWG-ANO-S045-021,NOTE,3.14% / 3.10%,,,,NOR-011,DWG-ANO-S045-021,calc_pdf_p47,DWG-S045,HIGH,UNVERIFIED,DRAWING_ONLY,CANDIDATE_ONLY,,,,GOLDEN_ELIGIBLE,Drawing annotation type 'note'.
DR-1074,ENT-XBEAM-GE1,drawing,drawing.annotation.DWG-ANO-S045-022,NOTE,下面に合わせる,,,,NOR-011,DWG-ANO-S045-022,calc_pdf_p47,DWG-S045,HIGH,UNVERIFIED,DRAWING_ONLY,CANDIDATE_ONLY,,,,GOLDEN_ELIGIBLE,Drawing annotation type 'note'.
DR-1075,ENT-XBEAM-GE1,drawing,drawing.annotation.DWG-ANO-S045-023,NOTE,上面に合わせる,,,,NOR-011,DWG-ANO-S045-023,calc_pdf_p47,DWG-S045,HIGH,UNVERIFIED,DRAWING_ONLY,CANDIDATE_ONLY,,,,GOLDEN_ELIGIBLE,Drawing annotation type 'note'.
DR-1076,ENT-XBEAM-GE1,drawing,drawing.annotation.DWG-ANO-S045-024,NOTE,24-TCB M22x80(S10T),,,,NOR-011,DWG-ANO-S045-024,calc_pdf_p47,DWG-S045,HIGH,UNVERIFIED,DRAWING_ONLY,CANDIDATE_ONLY,,,,GOLDEN_ELIGIBLE,Drawing annotation type 'bolt'.
DR-1077,ENT-XBEAM-GE1,drawing,drawing.annotation.DWG-ANO-S045-025,NOTE,102-TCB M22x90(S10T),,,,NOR-011,DWG-ANO-S045-025,calc_pdf_p47,DWG-S045,HIGH,UNVERIFIED,DRAWING_ONLY,CANDIDATE_ONLY,,,,GOLDEN_ELIGIBLE,Drawing annotation type 'bolt'.
DR-1078,ENT-XBEAM-GE1,drawing,drawing.annotation.DWG-ANO-S045-026,NOTE,24-TCB M22x80(S10T),,,,NOR-011,DWG-ANO-S045-026,calc_pdf_p47,DWG-S045,HIGH,UNVERIFIED,DRAWING_ONLY,CANDIDATE_ONLY,,,,GOLDEN_ELIGIBLE,Drawing annotation type 'bolt'.
DR-1079,ENT-XBEAM-GE1,drawing,drawing.annotation.DWG-ANO-S046-001,NOTE,※ 1-CONN PL 353x19x790(SM490YB),,,,NOR-011,DWG-ANO-S046-001,calc_pdf_p48,DWG-S046,HIGH,UNVERIFIED,DRAWING_ONLY,CANDIDATE_ONLY,,,,GOLDEN_ELIGIBLE,Drawing annotation type 'material'.
DR-1080,ENT-XBEAM-GE1,drawing,drawing.annotation.DWG-ANO-S046-002,NOTE,※ 1-CONN PL 355x19x793(SM490YB),,,,NOR-011,DWG-ANO-S046-002,calc_pdf_p48,DWG-S046,HIGH,UNVERIFIED,DRAWING_ONLY,CANDIDATE_ONLY,,,,GOLDEN_ELIGIBLE,Drawing annotation type 'material'.
DR-1081,ENT-XBEAM-GE1,drawing,drawing.annotation.DWG-ANO-S046-003,NOTE,24-TCB M22x80(S10T),,,,NOR-011,DWG-ANO-S046-003,calc_pdf_p48,DWG-S046,HIGH,UNVERIFIED,DRAWING_ONLY,CANDIDATE_ONLY,,,,GOLDEN_ELIGIBLE,Drawing annotation type 'bolt'.
DR-1082,ENT-XBEAM-GE1,drawing,drawing.annotation.DWG-ANO-S047-001,NOTE,※ 2-CONN PL 495x32x791(SM490YB),,,,NOR-011,DWG-ANO-S047-001,calc_pdf_p49,DWG-S047,HIGH,UNVERIFIED,DRAWING_ONLY,CANDIDATE_ONLY,,,,GOLDEN_ELIGIBLE,Drawing annotation type 'material'.
DR-1083,ENT-XBEAM-GE1,drawing,drawing.annotation.DWG-ANO-S047-002,NOTE,4-SPL PL 230x22x620(SM490YB),,,,NOR-011,DWG-ANO-S047-002,calc_pdf_p49,DWG-S047,HIGH,UNVERIFIED,DRAWING_ONLY,CANDIDATE_ONLY,,,,GOLDEN_ELIGIBLE,Drawing annotation type 'material'.
DR-1084,ENT-XBEAM-GE1,drawing,drawing.annotation.DWG-ANO-S047-003,NOTE,1-WEB PL 2614x40x791(SM490YB),,,,NOR-011,DWG-ANO-S047-003,calc_pdf_p49,DWG-S047,HIGH,UNVERIFIED,DRAWING_ONLY,CANDIDATE_ONLY,,,,GOLDEN_ELIGIBLE,Drawing annotation type 'material'.
DR-1085,ENT-XBEAM-GE1,drawing,drawing.annotation.DWG-ANO-S047-004,NOTE,1-WEB PL 1800x28x2932(SM490YB),,,,NOR-011,DWG-ANO-S047-004,calc_pdf_p49,DWG-S047,HIGH,UNVERIFIED,DRAWING_ONLY,CANDIDATE_ONLY,,,,GOLDEN_ELIGIBLE,Drawing annotation type 'material'.
DR-1086,ENT-XBEAM-GE1,drawing,drawing.annotation.DWG-ANO-S047-005,NOTE,1-UFLG PL 560x32x2896(SM490YB),,,,NOR-011,DWG-ANO-S047-005,calc_pdf_p49,DWG-S047,HIGH,UNVERIFIED,DRAWING_ONLY,CANDIDATE_ONLY,,,,GOLDEN_ELIGIBLE,Drawing annotation type 'material'.
DR-1087,ENT-XBEAM-GE1,drawing,drawing.annotation.DWG-ANO-S047-006,NOTE,48-TCB M22x115(S10T),,,,NOR-011,DWG-ANO-S047-006,calc_pdf_p49,DWG-S047,HIGH,UNVERIFIED,DRAWING_ONLY,CANDIDATE_ONLY,,,,GOLDEN_ELIGIBLE,Drawing annotation type 'bolt'.
DR-1088,ENT-XBEAM-GE1,drawing,drawing.annotation.DWG-ANO-S047-007,NOTE,t=22mm,,,,NOR-011,DWG-ANO-S047-007,calc_pdf_p49,DWG-S047,HIGH,UNVERIFIED,DRAWING_ONLY,CANDIDATE_ONLY,,,,GOLDEN_ELIGIBLE,Drawing annotation type 'note'.
DR-1089,ENT-XBEAM-GE1,drawing,drawing.annotation.DWG-ANO-S047-008,NOTE,15c溶接後埋め戻し,,,,NOR-011,DWG-ANO-S047-008,calc_pdf_p49,DWG-S047,HIGH,UNVERIFIED,DRAWING_ONLY,CANDIDATE_ONLY,,,,GOLDEN_ELIGIBLE,Drawing annotation type 'weld'.
DR-1090,ENT-XBEAM-C1C7,drawing,drawing.annotation.DWG-ANO-S049-001,NOTE,1-UFLG PL 250x12x3196,,,,NOR-011,DWG-ANO-S049-001,calc_pdf_p51,DWG-S049,HIGH,UNVERIFIED,DRAWING_ONLY,CANDIDATE_ONLY,,,,GOLDEN_ELIGIBLE,Drawing annotation type 'material'.
DR-1091,ENT-XBEAM-C1C7,drawing,drawing.annotation.DWG-ANO-S049-002,NOTE,1-UFLG PL 250x12x3496,,,,NOR-011,DWG-ANO-S049-002,calc_pdf_p51,DWG-S049,HIGH,UNVERIFIED,DRAWING_ONLY,CANDIDATE_ONLY,,,,GOLDEN_ELIGIBLE,Drawing annotation type 'material'.
DR-1092,ENT-XBEAM-C1C7,drawing,drawing.annotation.DWG-ANO-S049-003,NOTE,1-SPL PL 240x9x320(SS400),,,,NOR-011,DWG-ANO-S049-003,calc_pdf_p51,DWG-S049,HIGH,UNVERIFIED,DRAWING_ONLY,CANDIDATE_ONLY,,,,GOLDEN_ELIGIBLE,Drawing annotation type 'material'.
DR-1093,ENT-XBEAM-C1C7,drawing,drawing.annotation.DWG-ANO-S049-004,NOTE,2-SPL PL 90x10x320(SS400),,,,NOR-011,DWG-ANO-S049-004,calc_pdf_p51,DWG-S049,HIGH,UNVERIFIED,DRAWING_ONLY,CANDIDATE_ONLY,,,,GOLDEN_ELIGIBLE,Drawing annotation type 'material'.
DR-1094,ENT-XBEAM-C1C7,drawing,drawing.annotation.DWG-ANO-S049-005,NOTE,1-FILL PL 240x10x158(SS400),,,,NOR-011,DWG-ANO-S049-005,calc_pdf_p51,DWG-S049,HIGH,UNVERIFIED,DRAWING_ONLY,CANDIDATE_ONLY,,,,GOLDEN_ELIGIBLE,Drawing annotation type 'material'.
DR-1095,ENT-XBEAM-C1C7,drawing,drawing.annotation.DWG-ANO-S049-006,NOTE,8-TCB M22x80(S10T),,,,NOR-011,DWG-ANO-S049-006,calc_pdf_p51,DWG-S049,HIGH,UNVERIFIED,DRAWING_ONLY,CANDIDATE_ONLY,,,,GOLDEN_ELIGIBLE,Drawing annotation type 'bolt'.
DR-1096,ENT-XBEAM-C1C7,drawing,drawing.annotation.DWG-ANO-S049-007,NOTE,t=22mm / t=12mm,,,,NOR-011,DWG-ANO-S049-007,calc_pdf_p51,DWG-S049,HIGH,UNVERIFIED,DRAWING_ONLY,CANDIDATE_ONLY,,,,GOLDEN_ELIGIBLE,Drawing annotation type 'note'.
DR-1097,ENT-XBEAM-C1C7,drawing,drawing.annotation.DWG-ANO-S049-008,NOTE,K.L.,,,,NOR-011,DWG-ANO-S049-008,calc_pdf_p51,DWG-S049,HIGH,UNVERIFIED,DRAWING_ONLY,CANDIDATE_ONLY,,,,GOLDEN_ELIGIBLE,Drawing annotation type 'note'.
DR-1098,ENT-XBEAM-C1C7,drawing,drawing.annotation.DWG-ANO-S050-001,NOTE,8-TCB M22x70(S10T),,,,NOR-011,DWG-ANO-S050-001,calc_pdf_p52,DWG-S050,HIGH,UNVERIFIED,DRAWING_ONLY,CANDIDATE_ONLY,,,,GOLDEN_ELIGIBLE,Drawing annotation type 'bolt'.
DR-1099,ENT-XBEAM-C1C7,drawing,drawing.annotation.DWG-ANO-S050-002,NOTE,t=12mm,,,,NOR-011,DWG-ANO-S050-002,calc_pdf_p52,DWG-S050,HIGH,UNVERIFIED,DRAWING_ONLY,CANDIDATE_ONLY,,,,GOLDEN_ELIGIBLE,Drawing annotation type 'note'.
DR-1100,ENT-XBEAM-C1C7,drawing,drawing.annotation.DWG-ANO-S051-001,NOTE,t=12mm / t=22mm,,,,NOR-011,DWG-ANO-S051-001,calc_pdf_p53,DWG-S051,HIGH,UNVERIFIED,DRAWING_ONLY,CANDIDATE_ONLY,,,,GOLDEN_ELIGIBLE,Drawing annotation type 'note'.
DR-1101,ENT-XBEAM-C1C7,drawing,drawing.annotation.DWG-ANO-S052-001,NOTE,t=12mm,,,,NOR-011,DWG-ANO-S052-001,calc_pdf_p54,DWG-S052,HIGH,UNVERIFIED,DRAWING_ONLY,CANDIDATE_ONLY,,,,GOLDEN_ELIGIBLE,Drawing annotation type 'note'.
DR-1102,ENT-XBEAM-C1C7,drawing,drawing.annotation.DWG-ANO-S053-001,NOTE,t=12mm,,,,NOR-011,DWG-ANO-S053-001,calc_pdf_p55,DWG-S053,HIGH,UNVERIFIED,DRAWING_ONLY,CANDIDATE_ONLY,,,,GOLDEN_ELIGIBLE,Drawing annotation type 'note'.
DR-1103,ENT-XBEAM-C1C7,drawing,drawing.annotation.DWG-ANO-S054-001,NOTE,t=12mm,,,,NOR-011,DWG-ANO-S054-001,calc_pdf_p56,DWG-S054,HIGH,UNVERIFIED,DRAWING_ONLY,CANDIDATE_ONLY,,,,GOLDEN_ELIGIBLE,Drawing annotation type 'note'.
DR-1104,ENT-XBEAM-C1C7,drawing,drawing.annotation.DWG-ANO-S055-001,NOTE,t=12mm / t=19mm,,,,NOR-011,DWG-ANO-S055-001,calc_pdf_p57,DWG-S055,HIGH,UNVERIFIED,DRAWING_ONLY,CANDIDATE_ONLY,,,,GOLDEN_ELIGIBLE,Drawing annotation type 'note'.
DR-1105,ENT-XBEAM-C1C7,drawing,drawing.annotation.DWG-ANO-S056-001,NOTE,t=12mm,,,,NOR-011,DWG-ANO-S056-001,calc_pdf_p58,DWG-S056,HIGH,UNVERIFIED,DRAWING_ONLY,CANDIDATE_ONLY,,,,GOLDEN_ELIGIBLE,Drawing annotation type 'note'.
DR-1106,ENT-XBEAM-C1C7,drawing,drawing.annotation.DWG-ANO-S057-001,NOTE,t=12mm,,,,NOR-011,DWG-ANO-S057-001,calc_pdf_p59,DWG-S057,HIGH,UNVERIFIED,DRAWING_ONLY,CANDIDATE_ONLY,,,,GOLDEN_ELIGIBLE,Drawing annotation type 'note'.
DR-1107,ENT-XBEAM-C1C7,drawing,drawing.annotation.DWG-ANO-S058-001,NOTE,t=19mm / t=12mm,,,,NOR-011,DWG-ANO-S058-001,calc_pdf_p60,DWG-S058,HIGH,UNVERIFIED,DRAWING_ONLY,CANDIDATE_ONLY,,,,GOLDEN_ELIGIBLE,Drawing annotation type 'note'.
DR-1108,ENT-XBEAM-C1C7,drawing,drawing.annotation.DWG-ANO-S058-002,NOTE,1-UFLG PL 250x12x3196 / 250x12x3395,,,,NOR-011,DWG-ANO-S058-002,calc_pdf_p60,DWG-S058,HIGH,UNVERIFIED,DRAWING_ONLY,CANDIDATE_ONLY,,,,GOLDEN_ELIGIBLE,Drawing annotation type 'material'.
DR-1109,ENT-XBEAM-C1C7,drawing,drawing.annotation.DWG-ANO-S058-003,NOTE,8-TCB M22x75(S10T) / 8-TCB M22x70(S10T),,,,NOR-011,DWG-ANO-S058-003,calc_pdf_p60,DWG-S058,HIGH,UNVERIFIED,DRAWING_ONLY,CANDIDATE_ONLY,,,,GOLDEN_ELIGIBLE,Drawing annotation type 'bolt'.
DR-1110,ENT-XBEAM-C1C7,drawing,drawing.annotation.DWG-ANO-S058-004,NOTE,8-TCB M22x70(S10T),,,,NOR-011,DWG-ANO-S058-004,calc_pdf_p60,DWG-S058,HIGH,UNVERIFIED,DRAWING_ONLY,CANDIDATE_ONLY,,,,GOLDEN_ELIGIBLE,Drawing annotation type 'bolt'.
DR-1111,ENT-BRACE-AL1,drawing,drawing.annotation.DWG-ANO-S061-001,NOTE,★ 1-GUSS PL 570x22x1730(SM490YB),,,,NOR-011,DWG-ANO-S061-001,calc_pdf_p63,DWG-S061,HIGH,UNVERIFIED,DRAWING_ONLY,CANDIDATE_ONLY,,,,GOLDEN_ELIGIBLE,Drawing annotation type 'material'.
DR-1112,ENT-BRACE-AL1,drawing,drawing.annotation.DWG-ANO-S061-002,NOTE,1-GUSS PL 640x22x940(SM490YB),,,,NOR-011,DWG-ANO-S061-002,calc_pdf_p63,DWG-S061,HIGH,UNVERIFIED,DRAWING_ONLY,CANDIDATE_ONLY,,,,GOLDEN_ELIGIBLE,Drawing annotation type 'material'.
DR-1113,ENT-BRACE-AL1,drawing,drawing.annotation.DWG-ANO-S061-003,NOTE,1-GUSS PL 641x22x1200(SM490YB),,,,NOR-011,DWG-ANO-S061-003,calc_pdf_p63,DWG-S061,HIGH,UNVERIFIED,DRAWING_ONLY,CANDIDATE_ONLY,,,,GOLDEN_ELIGIBLE,Drawing annotation type 'material'.
DR-1114,ENT-BRACE-AL1,drawing,drawing.annotation.DWG-ANO-S061-004,NOTE,1-GUSS PL 1270x22x1220(SM490YB),,,,NOR-011,DWG-ANO-S061-004,calc_pdf_p63,DWG-S061,HIGH,UNVERIFIED,DRAWING_ONLY,CANDIDATE_ONLY,,,,GOLDEN_ELIGIBLE,Drawing annotation type 'material'.
DR-1115,ENT-BRACE-AL1,drawing,drawing.annotation.DWG-ANO-S061-005,NOTE,36-TCB M22x80(S10T),,,,NOR-011,DWG-ANO-S061-005,calc_pdf_p63,DWG-S061,HIGH,UNVERIFIED,DRAWING_ONLY,CANDIDATE_ONLY,,,,GOLDEN_ELIGIBLE,Drawing annotation type 'bolt'.
DR-1116,ENT-BRACE-AL1,drawing,drawing.annotation.DWG-ANO-S061-006,NOTE,24-TCB M22x80(S10T),,,,NOR-011,DWG-ANO-S061-006,calc_pdf_p63,DWG-S061,HIGH,UNVERIFIED,DRAWING_ONLY,CANDIDATE_ONLY,,,,GOLDEN_ELIGIBLE,Drawing annotation type 'bolt'.
DR-1117,ENT-BRACE-AL1,drawing,drawing.annotation.DWG-ANO-S061-007,NOTE,12-TCB M22x80(S10T),,,,NOR-011,DWG-ANO-S061-007,calc_pdf_p63,DWG-S061,HIGH,UNVERIFIED,DRAWING_ONLY,CANDIDATE_ONLY,,,,GOLDEN_ELIGIBLE,Drawing annotation type 'bolt'.
DR-1118,ENT-BRACE-AL1,drawing,drawing.annotation.DWG-ANO-S061-008,NOTE,6-TCB M22x70(S10T),,,,NOR-011,DWG-ANO-S061-008,calc_pdf_p63,DWG-S061,HIGH,UNVERIFIED,DRAWING_ONLY,CANDIDATE_ONLY,,,,GOLDEN_ELIGIBLE,Drawing annotation type 'bolt'.
DR-1119,ENT-BRACE-AL1,drawing,drawing.annotation.DWG-ANO-S061-009,NOTE,52-TCB M22x80(S10T),,,,NOR-011,DWG-ANO-S061-009,calc_pdf_p63,DWG-S061,HIGH,UNVERIFIED,DRAWING_ONLY,CANDIDATE_ONLY,,,,GOLDEN_ELIGIBLE,Drawing annotation type 'bolt'.
DR-1120,ENT-BRACE-AL1,drawing,drawing.annotation.DWG-ANO-S062-001,NOTE,※ 1-GUSS PL 491x12x980 / 491x12x920 / 541x12x1030,,,,NOR-011,DWG-ANO-S062-001,calc_pdf_p64,DWG-S062,HIGH,UNVERIFIED,DRAWING_ONLY,CANDIDATE_ONLY,,,,GOLDEN_ELIGIBLE,Drawing annotation type 'material'.
DR-1121,ENT-BRACE-AL1,drawing,drawing.annotation.DWG-ANO-S062-002,NOTE,10-TCB M22x60(S10T) / 8-TCB M22x60(S10T) / 12-TCB M22x60(S10T),,,,NOR-011,DWG-ANO-S062-002,calc_pdf_p64,DWG-S062,HIGH,UNVERIFIED,DRAWING_ONLY,CANDIDATE_ONLY,,,,GOLDEN_ELIGIBLE,Drawing annotation type 'bolt'.
DR-1122,ENT-BRACE-AL1,drawing,drawing.annotation.DWG-ANO-S068-001,NOTE,1-GUSS PL 690x22x1040(SM490YB),,,,NOR-011,DWG-ANO-S068-001,calc_pdf_p70,DWG-S068,HIGH,UNVERIFIED,DRAWING_ONLY,CANDIDATE_ONLY,,,,GOLDEN_ELIGIBLE,Drawing annotation type 'material'.
DR-1123,ENT-BRACE-AL1,drawing,drawing.annotation.DWG-ANO-S068-002,NOTE,※ 1-GUSS PL 741x22x1510(SM490YB),,,,NOR-011,DWG-ANO-S068-002,calc_pdf_p70,DWG-S068,HIGH,UNVERIFIED,DRAWING_ONLY,CANDIDATE_ONLY,,,,GOLDEN_ELIGIBLE,Drawing annotation type 'material'.
DR-1124,ENT-BRACE-AL1,drawing,drawing.annotation.DWG-ANO-S068-003,NOTE,40-TCB M22x80(S10T),,,,NOR-011,DWG-ANO-S068-003,calc_pdf_p70,DWG-S068,HIGH,UNVERIFIED,DRAWING_ONLY,CANDIDATE_ONLY,,,,GOLDEN_ELIGIBLE,Drawing annotation type 'bolt'.
DR-1125,ENT-BRACE-AL1,drawing,drawing.annotation.DWG-ANO-S068-004,NOTE,36-TCB M22x80(S10T),,,,NOR-011,DWG-ANO-S068-004,calc_pdf_p70,DWG-S068,HIGH,UNVERIFIED,DRAWING_ONLY,CANDIDATE_ONLY,,,,GOLDEN_ELIGIBLE,Drawing annotation type 'bolt'.
DR-1126,ENT-SUPPORT-PR1,drawing,drawing.annotation.DWG-ANO-S072-001,NOTE,H5 D25 / H7 D25 / H9 D25 / H11 D25,,,,NOR-011,DWG-ANO-S072-001,calc_pdf_p74,DWG-S072,HIGH,UNVERIFIED,DRAWING_ONLY,CANDIDATE_ONLY,,,,GOLDEN_ELIGIBLE,Drawing annotation type 'rebar'.
DR-1127,ENT-SUPPORT-PR1,drawing,drawing.annotation.DWG-ANO-S072-002,NOTE,K1 D19 / K6 D19 / K7 D19 / K3 D19,,,,NOR-011,DWG-ANO-S072-002,calc_pdf_p74,DWG-S072,HIGH,UNVERIFIED,DRAWING_ONLY,CANDIDATE_ONLY,,,,GOLDEN_ELIGIBLE,Drawing annotation type 'rebar'.
DR-1128,ENT-SUPPORT-PR1,drawing,drawing.annotation.DWG-ANO-S072-003,NOTE,2.600% / 2.605%,,,,NOR-011,DWG-ANO-S072-003,calc_pdf_p74,DWG-S072,HIGH,UNVERIFIED,DRAWING_ONLY,CANDIDATE_ONLY,,,,GOLDEN_ELIGIBLE,Drawing annotation type 'note'.
DR-1129,ENT-SUPPORT-PR1,drawing,drawing.annotation.DWG-ANO-S072-004,NOTE,※,,,,NOR-011,DWG-ANO-S072-004,calc_pdf_p74,DWG-S072,HIGH,UNVERIFIED,DRAWING_ONLY,CANDIDATE_ONLY,,,,GOLDEN_ELIGIBLE,Drawing annotation type 'note'.
DR-1130,ENT-SUPPORT-PR1,drawing,drawing.annotation.DWG-ANO-S073-001,NOTE,K1 D19 / H6 D25,,,,NOR-011,DWG-ANO-S073-001,calc_pdf_p75,DWG-S073,HIGH,UNVERIFIED,DRAWING_ONLY,CANDIDATE_ONLY,,,,GOLDEN_ELIGIBLE,Drawing annotation type 'rebar'.
DR-1131,ENT-SUPPORT-PR1,drawing,drawing.annotation.DWG-ANO-S073-002,NOTE,150 215 240 245 103,,,,NOR-011,DWG-ANO-S073-002,calc_pdf_p75,DWG-S073,HIGH,UNVERIFIED,DRAWING_ONLY,CANDIDATE_ONLY,,,,GOLDEN_ELIGIBLE,Drawing annotation type 'rebar_pitch'.
DR-1132,ENT-SUPPORT-PR1,drawing,drawing.annotation.DWG-ANO-S074-001,NOTE,H5 D25 / H6 D25 / H8 D25 / H11 D25,,,,NOR-011,DWG-ANO-S074-001,calc_pdf_p76,DWG-S074,HIGH,UNVERIFIED,DRAWING_ONLY,CANDIDATE_ONLY,,,,GOLDEN_ELIGIBLE,Drawing annotation type 'rebar'.
DR-1133,ENT-SUPPORT-PR1,drawing,drawing.annotation.DWG-ANO-S074-002,NOTE,K1 D19 / K2 D19 / K4 D19 / K5 D19,,,,NOR-011,DWG-ANO-S074-002,calc_pdf_p76,DWG-S074,HIGH,UNVERIFIED,DRAWING_ONLY,CANDIDATE_ONLY,,,,GOLDEN_ELIGIBLE,Drawing annotation type 'rebar'.
DR-1134,ENT-SUPPORT-PR1,drawing,drawing.annotation.DWG-ANO-S074-003,NOTE,2.000%,,,,NOR-011,DWG-ANO-S074-003,calc_pdf_p76,DWG-S074,HIGH,UNVERIFIED,DRAWING_ONLY,CANDIDATE_ONLY,,,,GOLDEN_ELIGIBLE,Drawing annotation type 'note'.
DR-1135,ENT-SUPPORT-PR1,drawing,drawing.annotation.DWG-ANO-S074-004,NOTE,横桁上フランジ付きガセット / 横構,,,,NOR-011,DWG-ANO-S074-004,calc_pdf_p76,DWG-S074,HIGH,UNVERIFIED,DRAWING_ONLY,CANDIDATE_ONLY,,,,GOLDEN_ELIGIBLE,Drawing annotation type 'note'.
DR-1136,ENT-SUPPORT-PU15,drawing,drawing.annotation.DWG-ANO-S085-001,NOTE,設 計 条 件,,,,NOR-011,DWG-ANO-S085-001,calc_pdf_p87,DWG-S085,HIGH,UNVERIFIED,DRAWING_ONLY,CANDIDATE_ONLY,,,,GOLDEN_ELIGIBLE,Drawing annotation type 'condition'.
DR-1137,ENT-SUPPORT-PU15,drawing,drawing.annotation.DWG-ANO-S085-002,NOTE,最 大 反 力 Rmax 2000 kN,,,,NOR-011,DWG-ANO-S085-002,calc_pdf_p87,DWG-S085,HIGH,UNVERIFIED,DRAWING_ONLY,CANDIDATE_ONLY,,,,GOLDEN_ELIGIBLE,Drawing annotation type 'condition'.
DR-1138,ENT-SUPPORT-PU15,drawing,drawing.annotation.DWG-ANO-S085-003,NOTE,最 大 反 力 回転照査用 Rmax2 1790 kN,,,,NOR-011,DWG-ANO-S085-003,calc_pdf_p87,DWG-S085,HIGH,UNVERIFIED,DRAWING_ONLY,CANDIDATE_ONLY,,,,GOLDEN_ELIGIBLE,Drawing annotation type 'condition'.
DR-1139,ENT-SUPPORT-PU15,drawing,drawing.annotation.DWG-ANO-S085-004,NOTE,死 荷 重 反 力 Rd 1230 kN,,,,NOR-011,DWG-ANO-S085-004,calc_pdf_p87,DWG-S085,HIGH,UNVERIFIED,DRAWING_ONLY,CANDIDATE_ONLY,,,,GOLDEN_ELIGIBLE,Drawing annotation type 'condition'.
DR-1140,ENT-SUPPORT-PU15,drawing,drawing.annotation.DWG-ANO-S085-005,NOTE,照 査 荷 重 Rl 390 kN,,,,NOR-011,DWG-ANO-S085-005,calc_pdf_p87,DWG-S085,HIGH,UNVERIFIED,DRAWING_ONLY,CANDIDATE_ONLY,,,,GOLDEN_ELIGIBLE,Drawing annotation type 'condition'.
DR-1141,ENT-SUPPORT-PU15,drawing,drawing.annotation.DWG-ANO-S085-006,NOTE,最 大 水 平 力 橋軸方向 Rheq1 1354 kN,,,,NOR-011,DWG-ANO-S085-006,calc_pdf_p87,DWG-S085,HIGH,UNVERIFIED,DRAWING_ONLY,CANDIDATE_ONLY,,,,GOLDEN_ELIGIBLE,Drawing annotation type 'condition'.
DR-1142,ENT-SUPPORT-PU15,drawing,drawing.annotation.DWG-ANO-S085-007,NOTE,最 大 水 平 力 橋軸直角方向 Rheq2 2290 kN,,,,NOR-011,DWG-ANO-S085-007,calc_pdf_p87,DWG-S085,HIGH,UNVERIFIED,DRAWING_ONLY,CANDIDATE_ONLY,,,,GOLDEN_ELIGIBLE,Drawing annotation type 'condition'.
DR-1143,ENT-SUPPORT-PU15,drawing,drawing.annotation.DWG-ANO-S085-008,NOTE,上 向 き の 地 震 力 Ru 1486 kN,,,,NOR-011,DWG-ANO-S085-008,calc_pdf_p87,DWG-S085,HIGH,UNVERIFIED,DRAWING_ONLY,CANDIDATE_ONLY,,,,GOLDEN_ELIGIBLE,Drawing annotation type 'condition'.
DR-1144,ENT-SUPPORT-PU15,drawing,drawing.annotation.DWG-ANO-S085-009,NOTE,照 査 荷 重 時 の 変 位 量 δcl 0.58 mm,,,,NOR-011,DWG-ANO-S085-009,calc_pdf_p87,DWG-S085,HIGH,UNVERIFIED,DRAWING_ONLY,CANDIDATE_ONLY,,,,GOLDEN_ELIGIBLE,Drawing annotation type 'condition'.
DR-1145,ENT-SUPPORT-PU15,drawing,drawing.annotation.DWG-ANO-S085-010,NOTE,回 転 変 位 量 δr 1.63 mm,,,,NOR-011,DWG-ANO-S085-010,calc_pdf_p87,DWG-S085,HIGH,UNVERIFIED,DRAWING_ONLY,CANDIDATE_ONLY,,,,GOLDEN_ELIGIBLE,Drawing annotation type 'condition'.
DR-1146,ENT-SUPPORT-PU15,drawing,drawing.annotation.DWG-ANO-S085-011,NOTE,常 時 橋 軸 方 向 ΔL1 49.4 mm,,,,NOR-011,DWG-ANO-S085-011,calc_pdf_p87,DWG-S085,HIGH,UNVERIFIED,DRAWING_ONLY,CANDIDATE_ONLY,,,,GOLDEN_ELIGIBLE,Drawing annotation type 'condition'.
DR-1147,ENT-SUPPORT-PU15,drawing,drawing.annotation.DWG-ANO-S085-012,NOTE,変 位 量 地震時 橋 軸 方 向 ΔLe1 399 mm,,,,NOR-011,DWG-ANO-S085-012,calc_pdf_p87,DWG-S085,HIGH,UNVERIFIED,DRAWING_ONLY,CANDIDATE_ONLY,,,,GOLDEN_ELIGIBLE,Drawing annotation type 'condition'.
DR-1148,ENT-SUPPORT-PU15,drawing,drawing.annotation.DWG-ANO-S085-013,NOTE,1 鉛プラグ入り積層ゴム支承 NR+SM490A+SS400+Pb,,,,NOR-011,DWG-ANO-S085-013,calc_pdf_p87,DWG-S085,HIGH,UNVERIFIED,DRAWING_ONLY,CANDIDATE_ONLY,,,,GOLDEN_ELIGIBLE,Drawing annotation type 'material'.
DR-1149,ENT-SUPPORT-PU15,drawing,drawing.annotation.DWG-ANO-S085-014,NOTE,2 ベースプレート SM490A,,,,NOR-011,DWG-ANO-S085-014,calc_pdf_p87,DWG-S085,HIGH,UNVERIFIED,DRAWING_ONLY,CANDIDATE_ONLY,,,,GOLDEN_ELIGIBLE,Drawing annotation type 'material'.
DR-1150,ENT-SUPPORT-PU15,drawing,drawing.annotation.DWG-ANO-S085-015,NOTE,ねじ深60 / ねじ深65,,,,NOR-011,DWG-ANO-S085-015,calc_pdf_p87,DWG-S085,HIGH,UNVERIFIED,DRAWING_ONLY,CANDIDATE_ONLY,,,,GOLDEN_ELIGIBLE,Drawing annotation type 'note'.
DR-1151,ENT-SUPPORT-PU15,drawing,drawing.annotation.DWG-ANO-S085-016,NOTE,(裏側から),,,,NOR-011,DWG-ANO-S085-016,calc_pdf_p87,DWG-S085,HIGH,UNVERIFIED,DRAWING_ONLY,CANDIDATE_ONLY,,,,GOLDEN_ELIGIBLE,Drawing annotation type 'note'.
DR-1152,ENT-SUPPORT-PU15,drawing,drawing.annotation.DWG-ANO-S086-001,NOTE,1 鉛プラグ入り積層ゴム支承 NR+SM490A+SS400+Pb,,,,NOR-011,DWG-ANO-S086-001,calc_pdf_p88,DWG-S086,HIGH,UNVERIFIED,DRAWING_ONLY,CANDIDATE_ONLY,,,,GOLDEN_ELIGIBLE,Drawing annotation type 'material'.
DR-1153,ENT-SUPPORT-PU15,drawing,drawing.annotation.DWG-ANO-S086-002,NOTE,2 ベースプレート SM490A,,,,NOR-011,DWG-ANO-S086-002,calc_pdf_p88,DWG-S086,HIGH,UNVERIFIED,DRAWING_ONLY,CANDIDATE_ONLY,,,,GOLDEN_ELIGIBLE,Drawing annotation type 'material'.
DR-1154,ENT-SUPPORT-PU15,drawing,drawing.annotation.DWG-ANO-S086-003,NOTE,Rmax 4730 kN / Rmax2 4160 kN,,,,NOR-011,DWG-ANO-S086-003,calc_pdf_p88,DWG-S086,HIGH,UNVERIFIED,DRAWING_ONLY,CANDIDATE_ONLY,,,,GOLDEN_ELIGIBLE,Drawing annotation type 'condition'.
DR-1155,ENT-SUPPORT-PU15,drawing,drawing.annotation.DWG-ANO-S086-004,NOTE,Rd 3350 kN / Rl ---- kN,,,,NOR-011,DWG-ANO-S086-004,calc_pdf_p88,DWG-S086,HIGH,UNVERIFIED,DRAWING_ONLY,CANDIDATE_ONLY,,,,GOLDEN_ELIGIBLE,Drawing annotation type 'condition'.
DR-1156,ENT-SUPPORT-PU15,drawing,drawing.annotation.DWG-ANO-S086-005,NOTE,Rheq1 3391 kN / Rheq2 3997 kN,,,,NOR-011,DWG-ANO-S086-005,calc_pdf_p88,DWG-S086,HIGH,UNVERIFIED,DRAWING_ONLY,CANDIDATE_ONLY,,,,GOLDEN_ELIGIBLE,Drawing annotation type 'condition'.
DR-1157,ENT-SUPPORT-PU15,drawing,drawing.annotation.DWG-ANO-S086-006,NOTE,Ru 1656 kN,,,,NOR-011,DWG-ANO-S086-006,calc_pdf_p88,DWG-S086,HIGH,UNVERIFIED,DRAWING_ONLY,CANDIDATE_ONLY,,,,GOLDEN_ELIGIBLE,Drawing annotation type 'condition'.
DR-1158,ENT-SUPPORT-PU15,drawing,drawing.annotation.DWG-ANO-S086-007,NOTE,δr 1.74 mm / ΔL1 15.7 mm / ΔLe1 346 mm,,,,NOR-011,DWG-ANO-S086-007,calc_pdf_p88,DWG-S086,HIGH,UNVERIFIED,DRAWING_ONLY,CANDIDATE_ONLY,,,,GOLDEN_ELIGIBLE,Drawing annotation type 'condition'.
DR-1159,ENT-SUPPORT-PU15,drawing,drawing.annotation.DWG-ANO-S086-008,NOTE,ねじ深55 / ねじ深75,,,,NOR-011,DWG-ANO-S086-008,calc_pdf_p88,DWG-S086,HIGH,UNVERIFIED,DRAWING_ONLY,CANDIDATE_ONLY,,,,GOLDEN_ELIGIBLE,Drawing annotation type 'note'.
DR-1160,ENT-SUPPORT-PU15,drawing,drawing.annotation.DWG-ANO-S087-001,NOTE,1 鉛プラグ入り積層ゴム支承 NR+SM490A+SS400+Pb,,,,NOR-011,DWG-ANO-S087-001,calc_pdf_p89,DWG-S087,HIGH,UNVERIFIED,DRAWING_ONLY,CANDIDATE_ONLY,,,,GOLDEN_ELIGIBLE,Drawing annotation type 'material'.
DR-1161,ENT-SUPPORT-PU15,drawing,drawing.annotation.DWG-ANO-S087-002,NOTE,2 ソールプレート SM490A＋SS400,,,,NOR-011,DWG-ANO-S087-002,calc_pdf_p89,DWG-S087,HIGH,UNVERIFIED,DRAWING_ONLY,CANDIDATE_ONLY,,,,GOLDEN_ELIGIBLE,Drawing annotation type 'material'.
DR-1162,ENT-SUPPORT-PU15,drawing,drawing.annotation.DWG-ANO-S087-003,NOTE,Rmax ---- kN / Rmax2 ---- kN,,,,NOR-011,DWG-ANO-S087-003,calc_pdf_p89,DWG-S087,HIGH,UNVERIFIED,DRAWING_ONLY,CANDIDATE_ONLY,,,,GOLDEN_ELIGIBLE,Drawing annotation type 'condition'.
DR-1163,ENT-SUPPORT-PU15,drawing,drawing.annotation.DWG-ANO-S087-004,NOTE,Rheq1 1354 kN / Rheq2 ---- kN,,,,NOR-011,DWG-ANO-S087-004,calc_pdf_p89,DWG-S087,HIGH,UNVERIFIED,DRAWING_ONLY,CANDIDATE_ONLY,,,,GOLDEN_ELIGIBLE,Drawing annotation type 'condition'.
DR-1164,ENT-SUPPORT-PU15,drawing,drawing.annotation.DWG-ANO-S087-005,NOTE,ΔL1 49.4 mm / ΔLe1 399 mm,,,,NOR-011,DWG-ANO-S087-005,calc_pdf_p89,DWG-S087,HIGH,UNVERIFIED,DRAWING_ONLY,CANDIDATE_ONLY,,,,GOLDEN_ELIGIBLE,Drawing annotation type 'condition'.
DR-1165,ENT-SUPPORT-PU15,drawing,drawing.annotation.DWG-ANO-S087-006,NOTE,8-D41,,,,NOR-011,DWG-ANO-S087-006,calc_pdf_p89,DWG-S087,HIGH,UNVERIFIED,DRAWING_ONLY,CANDIDATE_ONLY,,,,GOLDEN_ELIGIBLE,Drawing annotation type 'rebar'.
DR-1166,ENT-SUPPORT-PU15,drawing,drawing.annotation.DWG-ANO-S088-001,NOTE,1 鉛プラグ入り積層ゴム支承 NR+SM490A+SS400+Pb,,,,NOR-011,DWG-ANO-S088-001,calc_pdf_p90,DWG-S088,HIGH,UNVERIFIED,DRAWING_ONLY,CANDIDATE_ONLY,,,,GOLDEN_ELIGIBLE,Drawing annotation type 'material'.
DR-1167,ENT-SUPPORT-PU15,drawing,drawing.annotation.DWG-ANO-S088-002,NOTE,2 ソールプレート SM490A＋SS400,,,,NOR-011,DWG-ANO-S088-002,calc_pdf_p90,DWG-S088,HIGH,UNVERIFIED,DRAWING_ONLY,CANDIDATE_ONLY,,,,GOLDEN_ELIGIBLE,Drawing annotation type 'material'.
DR-1168,ENT-SUPPORT-PU15,drawing,drawing.annotation.DWG-ANO-S088-003,NOTE,Rmax ---- kN / Rmax2 ---- kN,,,,NOR-011,DWG-ANO-S088-003,calc_pdf_p90,DWG-S088,HIGH,UNVERIFIED,DRAWING_ONLY,CANDIDATE_ONLY,,,,GOLDEN_ELIGIBLE,Drawing annotation type 'condition'.
DR-1169,ENT-SUPPORT-PU15,drawing,drawing.annotation.DWG-ANO-S088-004,NOTE,Rheq1 3391 kN / Rheq2 ---- kN,,,,NOR-011,DWG-ANO-S088-004,calc_pdf_p90,DWG-S088,HIGH,UNVERIFIED,DRAWING_ONLY,CANDIDATE_ONLY,,,,GOLDEN_ELIGIBLE,Drawing annotation type 'condition'.
DR-1170,ENT-SUPPORT-PU15,drawing,drawing.annotation.DWG-ANO-S088-005,NOTE,ΔL1 15.7 mm / ΔLe1 346 mm,,,,NOR-011,DWG-ANO-S088-005,calc_pdf_p90,DWG-S088,HIGH,UNVERIFIED,DRAWING_ONLY,CANDIDATE_ONLY,,,,GOLDEN_ELIGIBLE,Drawing annotation type 'condition'.
DR-1171,ENT-SUPPORT-PU15,drawing,drawing.annotation.DWG-ANO-S088-006,NOTE,20-D41,,,,NOR-011,DWG-ANO-S088-006,calc_pdf_p90,DWG-S088,HIGH,UNVERIFIED,DRAWING_ONLY,CANDIDATE_ONLY,,,,GOLDEN_ELIGIBLE,Drawing annotation type 'rebar'.
DR-1626,ENT-LINE-ACL,drawing,drawing.annotation.DWG-ANO-S089-001,NOTE,"1．本図は１セル当たり""ａ""＝40ｍｍ(20℃時)遊間状態を示す。",,,,NOR-011,DWG-ANO-S089-001,calc_pdf_p91,DWG-S089,HIGH,UNVERIFIED,DRAWING_ONLY,CANDIDATE_ONLY,,,,GOLDEN_ELIGIBLE,Drawing annotation type 'note'.
DR-1627,ENT-LINE-ACL,drawing,drawing.annotation.DWG-ANO-S089-002,NOTE,2．塗装：コンクリート付着部以外は変性エポキシ樹脂塗料2回塗りとする。,,,,NOR-011,DWG-ANO-S089-002,calc_pdf_p91,DWG-S089,HIGH,UNVERIFIED,DRAWING_ONLY,CANDIDATE_ONLY,,,,GOLDEN_ELIGIBLE,Drawing annotation type 'note'.
DR-1628,ENT-LINE-ACL,drawing,drawing.annotation.DWG-ANO-S089-003,NOTE,3．指示なき溶接部は6ｍｍスミ肉溶接とする。,,,,NOR-011,DWG-ANO-S089-003,calc_pdf_p91,DWG-S089,HIGH,UNVERIFIED,DRAWING_ONLY,CANDIDATE_ONLY,,,,GOLDEN_ELIGIBLE,Drawing annotation type 'note'.
DR-1629,ENT-LINE-ACL,drawing,drawing.annotation.DWG-ANO-S089-004,NOTE,4．H補強鉄筋は上部工工事にて手配のこと。,,,,NOR-011,DWG-ANO-S089-004,calc_pdf_p91,DWG-S089,HIGH,UNVERIFIED,DRAWING_ONLY,CANDIDATE_ONLY,,,,GOLDEN_ELIGIBLE,Drawing annotation type 'note'.
DR-1630,ENT-LINE-ACL,drawing,drawing.annotation.DWG-ANO-S090-001,NOTE,"1．本図は１セル当たり""ａ""＝40ｍｍ(20℃時)遊間状態を示す。",,,,NOR-011,DWG-ANO-S090-001,calc_pdf_p92,DWG-S090,HIGH,UNVERIFIED,DRAWING_ONLY,CANDIDATE_ONLY,,,,GOLDEN_ELIGIBLE,Drawing annotation type 'note'.
DR-1631,ENT-LINE-ACL,drawing,drawing.annotation.DWG-ANO-S090-002,NOTE,2．塗装：コンクリート付着部以外は変性エポキシ樹脂塗料2回塗りとする。,,,,NOR-011,DWG-ANO-S090-002,calc_pdf_p92,DWG-S090,HIGH,UNVERIFIED,DRAWING_ONLY,CANDIDATE_ONLY,,,,GOLDEN_ELIGIBLE,Drawing annotation type 'note'.
DR-1632,ENT-LINE-ACL,drawing,drawing.annotation.DWG-ANO-S090-003,NOTE,3．指示なき溶接部は6ｍｍスミ肉溶接とする。,,,,NOR-011,DWG-ANO-S090-003,calc_pdf_p92,DWG-S090,HIGH,UNVERIFIED,DRAWING_ONLY,CANDIDATE_ONLY,,,,GOLDEN_ELIGIBLE,Drawing annotation type 'note'.
DR-1633,ENT-LINE-ACL,drawing,drawing.annotation.DWG-ANO-S090-004,NOTE,4．部番22 鉄筋は、一部現場溶接とする。,,,,NOR-011,DWG-ANO-S090-004,calc_pdf_p92,DWG-S090,HIGH,UNVERIFIED,DRAWING_ONLY,CANDIDATE_ONLY,,,,GOLDEN_ELIGIBLE,Drawing annotation type 'note'.
DR-1634,ENT-LINE-ACL,drawing,drawing.annotation.DWG-ANO-S090-005,NOTE,5．H補強鉄筋は上部工工事にて手配のこと。,,,,NOR-011,DWG-ANO-S090-005,calc_pdf_p92,DWG-S090,HIGH,UNVERIFIED,DRAWING_ONLY,CANDIDATE_ONLY,,,,GOLDEN_ELIGIBLE,Drawing annotation type 'note'.
DR-1635,ENT-LINE-ACL,drawing,drawing.annotation.DWG-ANO-S090-006,NOTE,注）桁ボルト孔は橋軸方向に長孔とする。,,,,NOR-011,DWG-ANO-S090-006,calc_pdf_p92,DWG-S090,HIGH,UNVERIFIED,DRAWING_ONLY,CANDIDATE_ONLY,,,,GOLDEN_ELIGIBLE,Drawing annotation type 'note'.
DR-1636,ENT-LINE-ACL,drawing,drawing.annotation.DWG-ANO-S090-007,NOTE,注）H補強鉄筋は上部工工事にて手配のこと,,,,NOR-011,DWG-ANO-S090-007,calc_pdf_p92,DWG-S090,HIGH,UNVERIFIED,DRAWING_ONLY,CANDIDATE_ONLY,,,,GOLDEN_ELIGIBLE,Drawing annotation type 'note'.
DR-1637,ENT-LINE-ACL,drawing,drawing.annotation.DWG-ANO-S090-008,NOTE,地覆立上りは斜線部をカットする,,,,NOR-011,DWG-ANO-S090-008,calc_pdf_p92,DWG-S090,HIGH,UNVERIFIED,DRAWING_ONLY,CANDIDATE_ONLY,,,,GOLDEN_ELIGIBLE,Drawing annotation type 'note'.
DR-1638,ENT-LINE-ACL,drawing,drawing.annotation.DWG-ANO-S091-001,NOTE,1.溶融亜鉛メッキはJIS HDZT 77を施工のこと。但し、ボルトナット類はHDZT 49とする。,,,,NOR-011,DWG-ANO-S091-001,calc_pdf_p93,DWG-S091,HIGH,UNVERIFIED,DRAWING_ONLY,CANDIDATE_ONLY,,,,GOLDEN_ELIGIBLE,Drawing annotation type 'note'.
DR-1639,ENT-LINE-ACL,drawing,drawing.annotation.DWG-ANO-S091-002,NOTE,2.縦断勾配が微小の為、製作時は考慮いないこととする。,,,,NOR-011,DWG-ANO-S091-002,calc_pdf_p93,DWG-S091,HIGH,UNVERIFIED,DRAWING_ONLY,CANDIDATE_ONLY,,,,GOLDEN_ELIGIBLE,Drawing annotation type 'note'.
DR-1640,ENT-LINE-ACL,drawing,drawing.annotation.DWG-ANO-S091-003,NOTE,通信管の設置位置は壁高欄カバーのゴムと干渉しないよう注意すること。,,,,NOR-011,DWG-ANO-S091-003,calc_pdf_p93,DWG-S091,HIGH,UNVERIFIED,DRAWING_ONLY,CANDIDATE_ONLY,,,,GOLDEN_ELIGIBLE,Drawing annotation type 'caution'.
DR-1641,ENT-LINE-ACL,drawing,drawing.annotation.DWG-ANO-S092-001,NOTE,※ 塞ぎ板の取付ボルトは車両進行方向の手前側に設置する。,,,,NOR-011,DWG-ANO-S092-001,calc_pdf_p94,DWG-S092,HIGH,UNVERIFIED,DRAWING_ONLY,CANDIDATE_ONLY,,,,GOLDEN_ELIGIBLE,Drawing annotation type 'note'.
DR-1642,ENT-DECK,drawing,drawing.annotation.DWG-ANO-S093-001,NOTE,1.鉄筋材質は全てSD345とする。,,,,NOR-011,DWG-ANO-S093-001,calc_pdf_p95,DWG-S093,HIGH,UNVERIFIED,DRAWING_ONLY,CANDIDATE_ONLY,,,,GOLDEN_ELIGIBLE,Drawing annotation type 'note'.
DR-1643,ENT-DECK,drawing,drawing.annotation.DWG-ANO-S093-002,NOTE,2.★部について、横断勾配により低くなる方の床版と壁高欄の打継目は、舗装面からの雨水の侵入を防ぐため、車道側に1.000%の横断勾配を設ける。,,,,NOR-011,DWG-ANO-S093-002,calc_pdf_p95,DWG-S093,HIGH,UNVERIFIED,DRAWING_ONLY,CANDIDATE_ONLY,,,,GOLDEN_ELIGIBLE,Drawing annotation type 'note'.
DR-1644,ENT-LINE-ACL,drawing,drawing.annotation.DWG-ANO-S101-001,NOTE,1.排水桝、及びスラブドレーン位置は、合成床版との取り合いを考慮し製作時に再検討のこと。,,,,NOR-011,DWG-ANO-S101-001,calc_pdf_p103,DWG-S101,HIGH,UNVERIFIED,DRAWING_ONLY,CANDIDATE_ONLY,,,,GOLDEN_ELIGIBLE,Drawing annotation type 'note'.
DR-1645,ENT-LINE-ACL,drawing,drawing.annotation.DWG-ANO-S101-002,NOTE,床版打下し範囲 2300,,,,NOR-011,DWG-ANO-S101-002,calc_pdf_p103,DWG-S101,HIGH,UNVERIFIED,DRAWING_ONLY,CANDIDATE_ONLY,,,,GOLDEN_ELIGIBLE,Drawing annotation type 'note'.
DR-1646,ENT-LINE-ACL,drawing,drawing.annotation.DWG-ANO-S141-001,NOTE,Sheet 141 (Erection Plan) PDF page 143 extracted blank; requires visual verification,,,,NOR-011,DWG-ANO-S141-001,calc_pdf_p143,DWG-S141,MEDIUM,PARTIAL,DRAWING_ONLY,CANDIDATE_ONLY,,,HCR-001,GOLDEN_ELIGIBLE,Drawing annotation type 'verification_note'.
DR-1989,ENT-LINE-ACL,drawing,drawing.annotation.S141-A01,NOTE,①-⑨,,,,NOR-011,S141-A01,calc_pdf_p143,DWG-S141,MEDIUM,PARTIAL,DRAWING_ONLY,CANDIDATE_ONLY,,,HCR-001,GOLDEN_ELIGIBLE,Sheet 141 OCR annotation type 'ERECTION_BLOCK'.
DR-1990,ENT-LINE-ACL,drawing,drawing.annotation.S141-A02,NOTE,市道60295号線,,,,NOR-011,S141-A02,calc_pdf_p143,DWG-S141,LOW,PARTIAL,DRAWING_ONLY,CANDIDATE_ONLY,,,HCR-001,GOLDEN_ELIGIBLE,Sheet 141 OCR annotation type 'CITY_ROAD'.
DR-1991,ENT-LINE-ACL,drawing,drawing.annotation.S141-A03,NOTE,R=20m,,,,NOR-011,S141-A03,calc_pdf_p143,DWG-S141,LOW,PARTIAL,DRAWING_ONLY,CANDIDATE_ONLY,,,HCR-001,GOLDEN_ELIGIBLE,Sheet 141 OCR annotation type 'NOTE'.
DR-1992,ENT-LINE-ACL,drawing,drawing.annotation.S141-A04,NOTE,120t吊オールテレーンクレーン,,,,NOR-011,S141-A04,calc_pdf_p143,DWG-S141,MEDIUM,PARTIAL,DRAWING_ONLY,CANDIDATE_ONLY,,,HCR-001,GOLDEN_ELIGIBLE,Sheet 141 OCR annotation type 'CRANE'.
DR-1993,ENT-LINE-ACL,drawing,drawing.annotation.S141-A05,NOTE,TADANO ATF120N-5.1（A性能）,,,,NOR-011,S141-A05,calc_pdf_p143,DWG-S141,MEDIUM,PARTIAL,DRAWING_ONLY,CANDIDATE_ONLY,,,HCR-001,GOLDEN_ELIGIBLE,Sheet 141 OCR annotation type 'CRANE_MACHINE'.
DR-1994,ENT-LINE-ACL,drawing,drawing.annotation.S141-A06,NOTE,PR2橋脚,,,,NOR-011,S141-A06,calc_pdf_p143,DWG-S141,MEDIUM,PARTIAL,DRAWING_ONLY,CANDIDATE_ONLY,,,HCR-001,GOLDEN_ELIGIBLE,Sheet 141 OCR annotation type 'PIER'.
DR-1995,ENT-LINE-ACL,drawing,drawing.annotation.S141-E01,NOTE,旭高架橋 APU15-AR2 架設計画図,,,,NOR-011,S141-E01,calc_pdf_p143,DWG-S141,MEDIUM,PARTIAL,DRAWING_ONLY,CANDIDATE_ONLY,,,HCR-001,GOLDEN_ELIGIBLE,Sheet 141 OCR element: Drawing title.
DR-1996,ENT-LINE-ACL,drawing,drawing.annotation.S141-E02,NOTE,架設計画図,,,,NOR-011,S141-E02,calc_pdf_p143,DWG-S141,MEDIUM,PARTIAL,DRAWING_ONLY,CANDIDATE_ONLY,,,HCR-001,GOLDEN_ELIGIBLE,Sheet 141 OCR element: 図の種類.
DR-1997,ENT-LINE-ACL,drawing,drawing.annotation.S141-E03,NOTE,一般国道247号（西知多道路）,,,,NOR-011,S141-E03,calc_pdf_p143,DWG-S141,MEDIUM,PARTIAL,DRAWING_ONLY,CANDIDATE_ONLY,,,HCR-001,GOLDEN_ELIGIBLE,Sheet 141 OCR element: Road route.
DR-1998,ENT-LINE-ACL,drawing,drawing.annotation.S141-E04,NOTE,知多市旭地内 起点,,,,NOR-011,S141-E04,calc_pdf_p143,DWG-S141,LOW,PARTIAL,DRAWING_ONLY,CANDIDATE_ONLY,,,HCR-001,GOLDEN_ELIGIBLE,Sheet 141 OCR element: Construction location.
DR-1999,ENT-LINE-ACL,drawing,drawing.annotation.S141-E05,NOTE,141号 / 141枚の内,,,,NOR-011,S141-E05,calc_pdf_p143,DWG-S141,MEDIUM,PARTIAL,DRAWING_ONLY,CANDIDATE_ONLY,,,HCR-001,GOLDEN_ELIGIBLE,Sheet 141 OCR element: Sheet number.
DR-2000,ENT-LINE-ACL,drawing,drawing.annotation.S141-E06,NOTE,A 鋼3径間連続少数主桁橋,,,,NOR-011,S141-E06,calc_pdf_p143,DWG-S141,MEDIUM,PARTIAL,DRAWING_ONLY,CANDIDATE_ONLY,,,HCR-001,GOLDEN_ELIGIBLE,Sheet 141 OCR element: Structure type.
DR-2001,ENT-LINE-ACL,drawing,drawing.annotation.S141-E07,NOTE,134.001,,134.001,,NOR-009,S141-E07,calc_pdf_p143,DWG-S141,MEDIUM,PARTIAL,DRAWING_ONLY,CANDIDATE_ONLY,,,HCR-001,GOLDEN_ELIGIBLE,Sheet 141 OCR element: Bridge length L.
DR-2002,ENT-LINE-ACL,drawing,drawing.annotation.S141-E08,NOTE,133.201,,133.201,,NOR-009,S141-E08,calc_pdf_p143,DWG-S141,LOW,PARTIAL,DRAWING_ONLY,CANDIDATE_ONLY,,,HCR-001,GOLDEN_ELIGIBLE,Sheet 141 OCR element: Girder length.
DR-2003,ENT-LINE-ACL,drawing,drawing.annotation.S141-E09,NOTE,40.200,,40.200,,NOR-009,S141-E09,calc_pdf_p143,DWG-S141,MEDIUM,PARTIAL,DRAWING_ONLY,CANDIDATE_ONLY,,,HCR-001,GOLDEN_ELIGIBLE,Sheet 141 OCR element: Span 1.
DR-2004,ENT-LINE-ACL,drawing,drawing.annotation.S141-E10,NOTE,51.000,,51.000,,NOR-009,S141-E10,calc_pdf_p143,DWG-S141,MEDIUM,PARTIAL,DRAWING_ONLY,CANDIDATE_ONLY,,,HCR-001,GOLDEN_ELIGIBLE,Sheet 141 OCR element: Span 2.
DR-2005,ENT-LINE-ACL,drawing,drawing.annotation.S141-E11,NOTE,40.200,,40.200,,NOR-009,S141-E11,calc_pdf_p143,DWG-S141,MEDIUM,PARTIAL,DRAWING_ONLY,CANDIDATE_ONLY,,,HCR-001,GOLDEN_ELIGIBLE,Sheet 141 OCR element: Span 3.
DR-2006,ENT-LINE-ACL,drawing,drawing.annotation.S141-E12,NOTE,西知多道路 NO.178+10.000 / No.26+8.001,,,,NOR-011,S141-E12,calc_pdf_p143,DWG-S141,MEDIUM,PARTIAL,DRAWING_ONLY,CANDIDATE_ONLY,,,HCR-001,GOLDEN_ELIGIBLE,Sheet 141 OCR element: Road station.
DR-2007,ENT-LINE-ACL,drawing,drawing.annotation.S141-E13,NOTE,S=1:500,,,,NOR-011,S141-E13,calc_pdf_p143,DWG-S141,MEDIUM,PARTIAL,DRAWING_ONLY,CANDIDATE_ONLY,,,HCR-001,GOLDEN_ELIGIBLE,Sheet 141 OCR element: Scale side/plan.
DR-2008,ENT-LINE-ACL,drawing,drawing.annotation.S141-E14,NOTE,S=1:200,,,,NOR-011,S141-E14,calc_pdf_p143,DWG-S141,MEDIUM,PARTIAL,DRAWING_ONLY,CANDIDATE_ONLY,,,HCR-001,GOLDEN_ELIGIBLE,Sheet 141 OCR element: Scale cross section.
DR-2009,ENT-LINE-ACL,drawing,drawing.annotation.S141-E15,NOTE,PU15 合流部,,,,NOR-011,S141-E15,calc_pdf_p143,DWG-S141,LOW,PARTIAL,DRAWING_ONLY,CANDIDATE_ONLY,,,HCR-001,GOLDEN_ELIGIBLE,Sheet 141 OCR element: Junction.
DR-2010,ENT-LINE-ACL,drawing,drawing.annotation.S141-E16,NOTE,架設方向,,,,NOR-011,S141-E16,calc_pdf_p143,DWG-S141,MEDIUM,PARTIAL,DRAWING_ONLY,CANDIDATE_ONLY,,,HCR-001,GOLDEN_ELIGIBLE,Sheet 141 OCR element: Erection direction.
DR-2011,ENT-LINE-ACL,drawing,drawing.annotation.S141-E17,NOTE,上り線,,,,NOR-011,S141-E17,calc_pdf_p143,DWG-S141,LOW,PARTIAL,DRAWING_ONLY,CANDIDATE_ONLY,,,HCR-001,GOLDEN_ELIGIBLE,Sheet 141 OCR element: Up line.
DR-2012,ENT-LINE-ACL,drawing,drawing.annotation.S141-B01.weight,LOAD_VALUE,12.5,t,12.5,t,NOR-009,S141-B01,calc_pdf_p143,DWG-S141,MEDIUM,PARTIAL,DRAWING_ONLY,CANDIDATE_ONLY,,,HCR-001,GOLDEN_ELIGIBLE,"Sheet 141 erection block order 1, W=12.5 t."
DR-2013,ENT-LINE-ACL,drawing,drawing.annotation.S141-B02.weight,LOAD_VALUE,11.6,t,11.6,t,NOR-009,S141-B02,calc_pdf_p143,DWG-S141,MEDIUM,PARTIAL,DRAWING_ONLY,CANDIDATE_ONLY,,,HCR-001,GOLDEN_ELIGIBLE,"Sheet 141 erection block order 2, W=11.6 t."
DR-2014,ENT-LINE-ACL,drawing,drawing.annotation.S141-B03.weight,LOAD_VALUE,16.7,t,16.7,t,NOR-009,S141-B03,calc_pdf_p143,DWG-S141,MEDIUM,PARTIAL,DRAWING_ONLY,CANDIDATE_ONLY,,,HCR-001,GOLDEN_ELIGIBLE,"Sheet 141 erection block order 3, W=16.7 t."
DR-2015,ENT-LINE-ACL,drawing,drawing.annotation.S141-B04.weight,LOAD_VALUE,14.0,t,14.0,t,NOR-009,S141-B04,calc_pdf_p143,DWG-S141,MEDIUM,PARTIAL,DRAWING_ONLY,CANDIDATE_ONLY,,,HCR-001,GOLDEN_ELIGIBLE,"Sheet 141 erection block order 4, W=14.0 t."
DR-2016,ENT-LINE-ACL,drawing,drawing.annotation.S141-B05.weight,LOAD_VALUE,13.6,t,13.6,t,NOR-009,S141-B05,calc_pdf_p143,DWG-S141,MEDIUM,PARTIAL,DRAWING_ONLY,CANDIDATE_ONLY,,,HCR-001,GOLDEN_ELIGIBLE,"Sheet 141 erection block order 5, W=13.6 t."
DR-2017,ENT-LINE-ACL,drawing,drawing.annotation.S141-B06.weight,LOAD_VALUE,16.7,t,16.7,t,NOR-009,S141-B06,calc_pdf_p143,DWG-S141,MEDIUM,PARTIAL,DRAWING_ONLY,CANDIDATE_ONLY,,,HCR-001,GOLDEN_ELIGIBLE,"Sheet 141 erection block order 6, W=16.7 t."
DR-2018,ENT-LINE-ACL,drawing,drawing.annotation.S141-B07.weight,LOAD_VALUE,12.4,t,12.4,t,NOR-009,S141-B07,calc_pdf_p143,DWG-S141,MEDIUM,PARTIAL,DRAWING_ONLY,CANDIDATE_ONLY,,,HCR-001,GOLDEN_ELIGIBLE,"Sheet 141 erection block order 7, W=12.4 t."
DR-2019,ENT-LINE-ACL,drawing,drawing.annotation.S141-B08.weight,LOAD_VALUE,7.0,t,7.0,t,NOR-009,S141-B08,calc_pdf_p143,DWG-S141,MEDIUM,PARTIAL,DRAWING_ONLY,CANDIDATE_ONLY,,,HCR-001,GOLDEN_ELIGIBLE,"Sheet 141 erection block order 8, W=7.0 t."
DR-2020,ENT-LINE-ACL,drawing,drawing.annotation.S141-B09.weight,LOAD_VALUE,12.3,t,12.3,t,NOR-009,S141-B09,calc_pdf_p143,DWG-S141,MEDIUM,PARTIAL,DRAWING_ONLY,CANDIDATE_ONLY,,,HCR-001,GOLDEN_ELIGIBLE,"Sheet 141 erection block order 9, W=12.3 t."
