traceability_id,feature_id,feature_category,feature_name,subfeature_name,phase_class,stage5a_class,external_source_type,priority,verification_question,why_verification_is_needed,manual_id,pdf_page,book_page,section,screen_name,manual_evidence_summary,explicit_standard_name,explicit_standard_edition,historical_edition_status,target_edition_status,numeric_value_present,formula_present,table_present,ocr_risk,blocking_for_design,related_feature_ids,stage5b_action,notes,status
T5A-0001,F4-P1-001,project_management,工事名フォルダ,データ保存先|src:F4-1-001,Phase1_required,SOFTWARE_SPECIFIC,APOLLO_MANUAL_ONLY,P2,外部基準照合は不要。APOLLOの入出力・処理手順・ファイル形式として仕様候補を固定する。,画面/ファイル/処理順のソフト仕様,MAN-021,10,2-2-2 ②,新規作成ダイアログ,NONE,「データはここで入力した工事名のフォルダの中に作成されます（既定ではC:\y-Design-Bridge\工事名といフォルダになります）」,NONE,NONE,UNKNOWN,NOT_SELECTED,NO,NO,NO,LOW,NO,NONE,NO_EXTERNAL_LOOKUP,candidate_hint=YES,IDENTIFIED
T5A-0002,F4-P1-002,project_management,新規作成,橋梁設計の新規開始|src:F4-1-002,Phase1_required,SOFTWARE_SPECIFIC,APOLLO_MANUAL_ONLY,P2,外部基準照合は不要。APOLLOの入出力・処理手順・ファイル形式として仕様候補を固定する。,画面/ファイル/処理順のソフト仕様,MAN-021,10; 4,2-2-2 ①; 1.2,構造形式選択ダイアログ,NONE,MAN-021「新規作成ボタンの後 構造形式の選択画面」; MAN-002「新規に橋梁を設計する場合は新規作成を選択」,NONE,NONE,UNKNOWN,NOT_SELECTED,YES,YES,NO,LOW,NO,NONE,NO_EXTERNAL_LOOKUP,candidate_hint=YES,IDENTIFIED
T5A-0003,F4-P1-003,project_management,既存データ選択,設計データの再開|src:F4-1-003,Phase1_required,SOFTWARE_SPECIFIC,APOLLO_MANUAL_ONLY,P2,外部基準照合は不要。APOLLOの入出力・処理手順・ファイル形式として仕様候補を固定する。,画面/ファイル/処理順のソフト仕様,MAN-002,6,1.3,既存データ選択ダイアログ,NONE,「設計データ（Mdbファイル：橋梁名称橋梁名称.mdb）を選択して下さい」,NONE,NONE,UNKNOWN,NOT_SELECTED,YES,NO,NO,LOW,NO,NONE,NO_EXTERNAL_LOOKUP,candidate_hint=YES,IDENTIFIED
T5A-0004,F4-P1-004,alignment_import,線形データ取込,既存線形データの読込み|src:F4-1-004,Phase1_required,SOFTWARE_SPECIFIC,APOLLO_MANUAL_ONLY,P2,外部基準照合は不要。APOLLOの入出力・処理手順・ファイル形式として仕様候補を固定する。,画面/ファイル/処理順のソフト仕様,MAN-021,12,2-2-2 ④,線形計算実行選択画面,NONE,「中段は既に別途Align線形計算が終了していてそのデータを取り込むことを示しています」「該当する線形データ（拡張子.alg）を選択して下さい」,NONE,NONE,UNKNOWN,NOT_SELECTED,NO,NO,NO,LOW,NO,NONE,NO_EXTERNAL_LOOKUP,candidate_hint=YES,IDENTIFIED
T5A-0005,F4-P1-005,longitudinal_alignment,縦断線定義,構造部材への線形割り当て|src:F4-1-005,Phase1_required,SOFTWARE_SPECIFIC,APOLLO_MANUAL_ONLY,P2,外部基準照合は不要。APOLLOの入出力・処理手順・ファイル形式として仕様候補を固定する。,画面/ファイル/処理順のソフト仕様,MAN-021,13,2-2-2 ⑤,線形線構造部材定義画面,NONE,「縦断線はAlign線形計算で定義済みなので確認をして下さい」,NONE,NONE,UNKNOWN,NOT_SELECTED,NO,NO,NO,LOW,NO,NONE,NO_EXTERNAL_LOOKUP,candidate_hint=YES,IDENTIFIED
T5A-0006,F4-P1-006,cross_section_lines,横断線定義,横桁・対傾構のデータセット|src:F4-1-006,Phase1_required,SOFTWARE_SPECIFIC,APOLLO_MANUAL_ONLY,P2,外部基準照合は不要。APOLLOの入出力・処理手順・ファイル形式として仕様候補を固定する。,画面/ファイル/処理順のソフト仕様,MAN-021,13,2-2-2 ⑤,線形線構造部材定義画面,NONE,「横断線は横桁対傾構などの部材をデータセットして下さい」,NONE,NONE,UNKNOWN,NOT_SELECTED,NO,NO,NO,LOW,NO,NONE,NO_EXTERNAL_LOOKUP,candidate_hint=YES,IDENTIFIED
T5A-0007,F4-P1-007,unit_system,単位系選択,SI単位系と重力単位系|src:F4-1-007,Phase1_required,MANUAL_DEFINED,APOLLO_MANUAL_ONLY,P1,単位系切替・自動変換有無はAPOLLO仕様として整理する。外部基準の単位定義との対応表が必要かだけ Stage5B で確認する。,ソフトの単位系挙動。基準の単位定義との対応は別途質問化しうる,MAN-021,27,4-2-1,NONE,NONE,「従来単位系とSI単位系は設計条件オプションにて選択します」「単位系SI単位系重力単位系」,NONE,NONE,UNKNOWN,NOT_SELECTED,YES,NO,NO,LOW,NO,NONE,EXTERNAL_SOURCE_LOOKUP,candidate_hint=YES,IDENTIFIED
T5A-0008,F4-P1-007,unit_system,単位系選択,SI単位系と重力単位系|src:F4-1-007,Phase1_required,STANDARD_TRACEABILITY_REQUIRED,RBS_COMMON,P1,APOLLOが扱う力・長さ・応力の単位系が、適用対象の道路橋示方書の表記・換算慣行と矛盾しないか確認する。,単位系の基準側慣行との整合確認が必要な場合がある,MAN-021,27,4-2-1,NONE,NONE,「従来単位系とSI単位系は設計条件オプションにて選択します」「単位系SI単位系重力単位系」,NONE,NONE,UNKNOWN,NOT_SELECTED,YES,NO,NO,LOW,NO,NONE,EXTERNAL_SOURCE_LOOKUP,candidate_hint=YES,IDENTIFIED
T5A-0009,F4-P1-008,unit_system,単位系自動変換なし,切替時の入力変換不可|src:F4-1-008,Phase1_required,MANUAL_DEFINED,APOLLO_MANUAL_ONLY,P1,単位系切替・自動変換有無はAPOLLO仕様として整理する。外部基準の単位定義との対応表が必要かだけ Stage5B で確認する。,ソフトの単位系挙動。基準の単位定義との対応は別途質問化しうる,MAN-021,27,4-2-1,NONE,NONE,「単位系を切り替えることによる荷重などの入力データの自動変換機能はありません」,NONE,NONE,UNKNOWN,NOT_SELECTED,YES,NO,NO,LOW,NO,NONE,EXTERNAL_SOURCE_LOOKUP,candidate_hint=YES,IDENTIFIED
T5A-0010,F4-P1-008,unit_system,単位系自動変換なし,切替時の入力変換不可|src:F4-1-008,Phase1_required,STANDARD_TRACEABILITY_REQUIRED,RBS_COMMON,P1,APOLLOが扱う力・長さ・応力の単位系が、適用対象の道路橋示方書の表記・換算慣行と矛盾しないか確認する。,単位系の基準側慣行との整合確認が必要な場合がある,MAN-021,27,4-2-1,NONE,NONE,「単位系を切り替えることによる荷重などの入力データの自動変換機能はありません」,NONE,NONE,UNKNOWN,NOT_SELECTED,YES,NO,NO,LOW,NO,NONE,EXTERNAL_SOURCE_LOOKUP,candidate_hint=YES,IDENTIFIED
T5A-0011,F4-P1-009,unit_system,ハンチ単位伝播,他プログラムへの単位伝播|src:F4-1-009,Phase1_required,MANUAL_DEFINED,APOLLO_MANUAL_ONLY,P1,単位系切替・自動変換有無はAPOLLO仕様として整理する。外部基準の単位定義との対応表が必要かだけ Stage5B で確認する。,ソフトの単位系挙動。基準の単位定義との対応は別途質問化しうる,MAN-021,27,4-2-1,NONE,NONE,「自動設計時にはハンチ計算にて指定すれば他プログラムは全て選択された単位系となります」,NONE,NONE,UNKNOWN,NOT_SELECTED,YES,NO,NO,LOW,NO,NONE,EXTERNAL_SOURCE_LOOKUP,candidate_hint=YES,IDENTIFIED
T5A-0012,F4-P1-009,unit_system,ハンチ単位伝播,他プログラムへの単位伝播|src:F4-1-009,Phase1_required,STANDARD_TRACEABILITY_REQUIRED,RBS_COMMON,P1,APOLLOが扱う力・長さ・応力の単位系が、適用対象の道路橋示方書の表記・換算慣行と矛盾しないか確認する。,単位系の基準側慣行との整合確認が必要な場合がある,MAN-021,27,4-2-1,NONE,NONE,「自動設計時にはハンチ計算にて指定すれば他プログラムは全て選択された単位系となります」,NONE,NONE,UNKNOWN,NOT_SELECTED,YES,NO,NO,LOW,NO,NONE,EXTERNAL_SOURCE_LOOKUP,candidate_hint=YES,IDENTIFIED
T5A-0013,F4-P1-010,unit_system,単体プログラム単位設定,単体使用時の設計条件選択|src:F4-1-010,Phase1_optional,MANUAL_DEFINED,APOLLO_MANUAL_ONLY,P1,単位系切替・自動変換有無はAPOLLO仕様として整理する。外部基準の単位定義との対応表が必要かだけ Stage5B で確認する。,ソフトの単位系挙動。基準の単位定義との対応は別途質問化しうる,MAN-021,27,4-2-1,NONE,NONE,「単体プログラムとして使用する場合は各プログラムの設計条件で選択します」,NONE,NONE,UNKNOWN,NOT_SELECTED,YES,NO,NO,LOW,NO,NONE,EXTERNAL_SOURCE_LOOKUP,candidate_hint=YES,IDENTIFIED
T5A-0014,F4-P1-010,unit_system,単体プログラム単位設定,単体使用時の設計条件選択|src:F4-1-010,Phase1_optional,STANDARD_TRACEABILITY_REQUIRED,RBS_COMMON,P1,APOLLOが扱う力・長さ・応力の単位系が、適用対象の道路橋示方書の表記・換算慣行と矛盾しないか確認する。,単位系の基準側慣行との整合確認が必要な場合がある,MAN-021,27,4-2-1,NONE,NONE,「単体プログラムとして使用する場合は各プログラムの設計条件で選択します」,NONE,NONE,UNKNOWN,NOT_SELECTED,YES,NO,NO,LOW,NO,NONE,EXTERNAL_SOURCE_LOOKUP,candidate_hint=YES,IDENTIFIED
T5A-0015,F4-P1-011,unit_system,デフォルト単位ルト単位値,SI単位系の初期値|src:F4-1-011,Phase1_optional,MANUAL_DEFINED,APOLLO_MANUAL_ONLY,P1,単位系切替・自動変換有無はAPOLLO仕様として整理する。外部基準の単位定義との対応表が必要かだけ Stage5B で確認する。,ソフトの単位系挙動。基準の単位定義との対応は別途質問化しうる,MAN-021,27,4-2-1,NONE,NONE,「単体プログラムの荷重などのデフォルト値は単位系によらずSI単位系の初期値です」,NONE,NONE,UNKNOWN,NOT_SELECTED,YES,NO,NO,LOW,NO,NONE,EXTERNAL_SOURCE_LOOKUP,candidate_hint=YES,IDENTIFIED
T5A-0016,F4-P1-011,unit_system,デフォルト単位ルト単位値,SI単位系の初期値|src:F4-1-011,Phase1_optional,STANDARD_TRACEABILITY_REQUIRED,RBS_COMMON,P1,APOLLOが扱う力・長さ・応力の単位系が、適用対象の道路橋示方書の表記・換算慣行と矛盾しないか確認する。,単位系の基準側慣行との整合確認が必要な場合がある,MAN-021,27,4-2-1,NONE,NONE,「単体プログラムの荷重などのデフォルト値は単位系によらずSI単位系の初期値です」,NONE,NONE,UNKNOWN,NOT_SELECTED,YES,NO,NO,LOW,NO,NONE,EXTERNAL_SOURCE_LOOKUP,candidate_hint=YES,IDENTIFIED
T5A-0017,F4-P1-012,bridge_basic_conditions,適用規模_主桁本数,RC鈑桁の主桁本数上限|src:F4-1-012,Phase1_required,SOFTWARE_SPECIFIC,APOLLO_MANUAL_ONLY,P1,主桁本数上限等のソフト制限はAPOLLO仕様として記録する。,ソフト適用規模,MAN-021,22,3-2,適用範囲表,NONE,「RC鈑桁：15」,NONE,NONE,UNKNOWN,NOT_SELECTED,YES,NO,NO,LOW,NO,NONE,EXTERNAL_SOURCE_LOOKUP,candidate_hint=YES,IDENTIFIED
T5A-0018,F4-P1-012,bridge_basic_conditions,適用規模_主桁本数,RC鈑桁の主桁本数上限|src:F4-1-012,Phase1_required,PROJECT_DECISION,APOLLO_MANUAL_ONLY,P0,実橋の主桁本数・支間はプロジェクト決定。Phase1対象（4〜6本等）は調査スコープであり基準が一意決定する値ではない。,プロジェクト決定とソフト制限の分離,MAN-021,22,3-2,適用範囲表,NONE,「RC鈑桁：15」,NONE,NONE,UNKNOWN,NOT_SELECTED,YES,NO,NO,LOW,NO,NONE,EXTERNAL_SOURCE_LOOKUP,candidate_hint=YES,IDENTIFIED
T5A-0019,F4-P1-013,bridge_basic_conditions,適用規模_主桁本数_鋼床版,鋼床版鈑桁の主桁本数上限|src:F4-1-013,Phase1_required,SOFTWARE_SPECIFIC,APOLLO_MANUAL_ONLY,P1,主桁本数上限等のソフト制限はAPOLLO仕様として記録する。,ソフト適用規模,MAN-021,22,3-2,適用範囲表,NONE,「鋼床版鈑桁：10」,NONE,NONE,UNKNOWN,NOT_SELECTED,YES,NO,NO,LOW,NO,NONE,EXTERNAL_SOURCE_LOOKUP,candidate_hint=YES,IDENTIFIED
T5A-0020,F4-P1-013,bridge_basic_conditions,適用規模_主桁本数_鋼床版,鋼床版鈑桁の主桁本数上限|src:F4-1-013,Phase1_required,PROJECT_DECISION,APOLLO_MANUAL_ONLY,P0,実橋の主桁本数・支間はプロジェクト決定。Phase1対象（4〜6本等）は調査スコープであり基準が一意決定する値ではない。,プロジェクト決定とソフト制限の分離,MAN-021,22,3-2,適用範囲表,NONE,「鋼床版鈑桁：10」,NONE,NONE,UNKNOWN,NOT_SELECTED,YES,NO,NO,LOW,NO,NONE,EXTERNAL_SOURCE_LOOKUP,candidate_hint=YES,IDENTIFIED
T5A-0021,F4-P1-014,bridge_basic_conditions,適用規模_横断線数,最大横断線数|src:F4-1-014,Phase1_required,SOFTWARE_SPECIFIC,APOLLO_MANUAL_ONLY,P1,主桁本数上限等のソフト制限はAPOLLO仕様として記録する。,ソフト適用規模,MAN-021,22,3-2,適用範囲表,NONE,「横断線数 120」,NONE,NONE,UNKNOWN,NOT_SELECTED,YES,NO,NO,LOW,NO,NONE,EXTERNAL_SOURCE_LOOKUP,candidate_hint=YES,IDENTIFIED
T5A-0022,F4-P1-014,bridge_basic_conditions,適用規模_横断線数,最大横断線数|src:F4-1-014,Phase1_required,PROJECT_DECISION,APOLLO_MANUAL_ONLY,P0,実橋の主桁本数・支間はプロジェクト決定。Phase1対象（4〜6本等）は調査スコープであり基準が一意決定する値ではない。,プロジェクト決定とソフト制限の分離,MAN-021,22,3-2,適用範囲表,NONE,「横断線数 120」,NONE,NONE,UNKNOWN,NOT_SELECTED,YES,NO,NO,LOW,NO,NONE,EXTERNAL_SOURCE_LOOKUP,candidate_hint=YES,IDENTIFIED
T5A-0023,F4-P1-015,bridge_basic_conditions,適用規模_格点数_RC鈑桁,RC鈑桁の最大格点数|src:F4-1-015,Phase1_optional,SOFTWARE_SPECIFIC,APOLLO_MANUAL_ONLY,P1,主桁本数上限等のソフト制限はAPOLLO仕様として記録する。,ソフト適用規模,MAN-021,22,3-2,適用範囲表,NONE,「RC鈑桁：500」,NONE,NONE,UNKNOWN,NOT_SELECTED,YES,NO,NO,LOW,NO,NONE,EXTERNAL_SOURCE_LOOKUP,candidate_hint=YES,IDENTIFIED
T5A-0024,F4-P1-015,bridge_basic_conditions,適用規模_格点数_RC鈑桁,RC鈑桁の最大格点数|src:F4-1-015,Phase1_optional,PROJECT_DECISION,APOLLO_MANUAL_ONLY,P0,実橋の主桁本数・支間はプロジェクト決定。Phase1対象（4〜6本等）は調査スコープであり基準が一意決定する値ではない。,プロジェクト決定とソフト制限の分離,MAN-021,22,3-2,適用範囲表,NONE,「RC鈑桁：500」,NONE,NONE,UNKNOWN,NOT_SELECTED,YES,NO,NO,LOW,NO,NONE,EXTERNAL_SOURCE_LOOKUP,candidate_hint=YES,IDENTIFIED
T5A-0025,F4-P1-016,alignment,線形計算実行,Alignの直接実行|src:F4-1-016,Phase1_required,SOFTWARE_SPECIFIC,APOLLO_MANUAL_ONLY,P2,外部基準照合は不要。APOLLOの入出力・処理手順・ファイル形式として仕様候補を固定する。,画面/ファイル/処理順のソフト仕様,MAN-021,9,2-2-1,線形計算起動画面,NONE,「線形計算の実行は次の2つの方法があります」,NONE,NONE,UNKNOWN,NOT_SELECTED,YES,NO,NO,LOW,NO,NONE,NO_EXTERNAL_LOOKUP,candidate_hint=YES,IDENTIFIED
T5A-0026,F4-P1-017,project_management,フォルダ構成,工事名以下のフォルダ構造|src:F4-1-017,Phase1_required,SOFTWARE_SPECIFIC,APOLLO_MANUAL_ONLY,P2,外部基準照合は不要。APOLLOの入出力・処理手順・ファイル形式として仕様候補を固定する。,画面/ファイル/処理順のソフト仕様,MAN-021,27,4-1 (5),NONE,NONE,「データのフォルダ構成は次のように作成されます￥y-Design-Bridge￥工事名￥Align￥Design￥Drae」,NONE,NONE,UNKNOWN,NOT_SELECTED,NO,NO,NO,LOW,NO,NONE,NO_EXTERNAL_LOOKUP,candidate_hint=YES,IDENTIFIED
T5A-0027,F4-P1-018,girder_layout,コントロールプログラム,非合成鈑桁の実行順序|src:F4-1-018,Phase1_required,SOFTWARE_SPECIFIC,APOLLO_MANUAL_ONLY,P2,外部基準照合は不要。APOLLOの入出力・処理手順・ファイル形式として仕様候補を固定する。,画面/ファイル/処理順のソフト仕様,MAN-021; MAN-002,NONE,11; 7,2-2-2; 2.1,コントロール画面,MAN-021「ボタンの文字が黒＆ボタンの両側が青：実行を推奨する操作」; MAN-002「左上から右下へ実行して頂く配置」,NONE,NONE,UNKNOWN,NOT_SELECTED,NO,NO,NO,LOW,NO,NONE,NO_EXTERNAL_LOOKUP,candidate_hint=YES,IDENTIFIED
T5A-0028,F4-P1-019,project_management,設計DB,MS-Accessベースの設計データ|src:F4-1-019,Phase1_required,SOFTWARE_SPECIFIC,APOLLO_MANUAL_ONLY,P2,外部基準照合は不要。APOLLOの入出力・処理手順・ファイル形式として仕様候補を固定する。,画面/ファイル/処理順のソフト仕様,MAN-021; MAN-002,NONE,8; 6,2-1-2; 1.3,設計データベース,MAN-021「MS-Accessのデータベースを中心として」; MAN-002「設計データ（Mdbファイル：橋梁名称橋梁名称.mdb）」,NONE,NONE,UNKNOWN,NOT_SELECTED,NO,NO,NO,LOW,NO,NONE,NO_EXTERNAL_LOOKUP,candidate_hint=YES,IDENTIFIED
T5A-0029,F4-P1-020,bridge_basic_conditions,単位系ヘルプ記載,ヘルプ文書の単位系|src:F4-1-020,Phase1_optional,SOFTWARE_SPECIFIC,APOLLO_MANUAL_ONLY,P1,主桁本数上限等のソフト制限はAPOLLO仕様として記録する。,ソフト適用規模,MAN-021,27,4-2-1,NONE,NONE,「ヘルプ文書の中の単位系は全てSI単位系です」,NONE,NONE,UNKNOWN,NOT_SELECTED,YES,NO,NO,LOW,NO,NONE,EXTERNAL_SOURCE_LOOKUP,candidate_hint=YES,IDENTIFIED
T5A-0030,F4-P1-020,bridge_basic_conditions,単位系ヘルプ記載,ヘルプ文書の単位系|src:F4-1-020,Phase1_optional,PROJECT_DECISION,APOLLO_MANUAL_ONLY,P0,実橋の主桁本数・支間はプロジェクト決定。Phase1対象（4〜6本等）は調査スコープであり基準が一意決定する値ではない。,プロジェクト決定とソフト制限の分離,MAN-021,27,4-2-1,NONE,NONE,「ヘルプ文書の中の単位系は全てSI単位系です」,NONE,NONE,UNKNOWN,NOT_SELECTED,YES,NO,NO,LOW,NO,NONE,EXTERNAL_SOURCE_LOOKUP,candidate_hint=YES,IDENTIFIED
T5A-0031,F4-P1-021,alignment,線形計算起動,コントロールプログラムからの起動|src:F4-1-021,Phase1_required,SOFTWARE_SPECIFIC,APOLLO_MANUAL_ONLY,P2,外部基準照合は不要。APOLLOの入出力・処理手順・ファイル形式として仕様候補を固定する。,画面/ファイル/処理順のソフト仕様,MAN-003,3,1.1,線形計算起動画面,NONE,「コントロールプログラムにて線形計算を起動しますと以下のダイアログが表示されます」,NONE,NONE,UNKNOWN,NOT_SELECTED,YES,NO,YES,LOW,NO,NONE,NO_EXTERNAL_LOOKUP,candidate_hint=YES,IDENTIFIED
T5A-0032,F4-P1-022,alignment,線形計算起動,設計データへの変換選択|src:F4-1-022,Phase1_required,SOFTWARE_SPECIFIC,APOLLO_MANUAL_ONLY,P2,外部基準照合は不要。APOLLOの入出力・処理手順・ファイル形式として仕様候補を固定する。,画面/ファイル/処理順のソフト仕様,MAN-003,3,1.1,線形計算起動画面,NONE,「線形計算を行い設計データに変換するを選択しOKをクリックして下さい」,NONE,NONE,UNKNOWN,NOT_SELECTED,YES,NO,NO,LOW,NO,NONE,NO_EXTERNAL_LOOKUP,candidate_hint=YES,IDENTIFIED
T5A-0033,F4-P1-023,alignment,座標系指定,タイトルと座標系の指定|src:F4-1-023,Phase1_required,SOFTWARE_SPECIFIC,APOLLO_MANUAL_ONLY,P2,外部基準照合は不要。APOLLOの入出力・処理手順・ファイル形式として仕様候補を固定する。,画面/ファイル/処理順のソフト仕様,MAN-003,4,2.1,座標系指定画面,NONE,「タイトルと座標系の指定を行いOKをクリックして下さい」,NONE,NONE,UNKNOWN,NOT_SELECTED,YES,NO,NO,LOW,NO,NONE,NO_EXTERNAL_LOOKUP,candidate_hint=YES,IDENTIFIED
T5A-0034,F4-P1-024,alignment,中心線作成,中心線名とステーションピッチ入力|src:F4-1-024,Phase1_required,SOFTWARE_SPECIFIC,APOLLO_MANUAL_ONLY,P2,外部基準照合は不要。APOLLOの入出力・処理手順・ファイル形式として仕様候補を固定する。,画面/ファイル/処理順のソフト仕様,MAN-003,4-5,2.2,中心線作成画面,NONE,「中心線名やステーションピッチを入力します」,NONE,NONE,UNKNOWN,NOT_SELECTED,YES,NO,NO,LOW,NO,NONE,NO_EXTERNAL_LOOKUP,candidate_hint=YES,IDENTIFIED
T5A-0035,F4-P1-025,alignment,中心線作成,直線要素の作成|src:F4-1-025,Phase1_required,SOFTWARE_SPECIFIC,APOLLO_MANUAL_ONLY,P2,外部基準照合は不要。APOLLOの入出力・処理手順・ファイル形式として仕様候補を固定する。,画面/ファイル/処理順のソフト仕様,MAN-003,5,2.2,直線作成画面,NONE,「直線円クロソイドボタンにて各線形要素ダイアログが表示されます」,NONE,NONE,UNKNOWN,NOT_SELECTED,YES,NO,YES,LOW,NO,NONE,NO_EXTERNAL_LOOKUP,candidate_hint=YES,IDENTIFIED
T5A-0036,F4-P1-026,alignment,中心線作成,円要素の作成|src:F4-1-026,Phase1_required,SOFTWARE_SPECIFIC,APOLLO_MANUAL_ONLY,P2,外部基準照合は不要。APOLLOの入出力・処理手順・ファイル形式として仕様候補を固定する。,画面/ファイル/処理順のソフト仕様,MAN-003,6,2.2,円作成画面,NONE,「円作成」,NONE,NONE,UNKNOWN,NOT_SELECTED,YES,NO,NO,MEDIUM,NO,NONE,NO_EXTERNAL_LOOKUP,candidate_hint=YES,IDENTIFIED
T5A-0037,F4-P1-027,alignment,中心線作成,クロソイド要素の作成|src:F4-1-027,Phase1_required,SOFTWARE_SPECIFIC,APOLLO_MANUAL_ONLY,P2,外部基準照合は不要。APOLLOの入出力・処理手順・ファイル形式として仕様候補を固定する。,画面/ファイル/処理順のソフト仕様,MAN-003,7,2.2,クロソイド作成画面,NONE,「クロソイド作成」,NONE,NONE,UNKNOWN,NOT_SELECTED,YES,NO,NO,LOW,NO,NONE,NO_EXTERNAL_LOOKUP,candidate_hint=YES,IDENTIFIED
T5A-0038,F4-P1-028,cross_slope,幅員線作成,道路中心位置と歩道位置の選択|src:F4-1-028,Phase1_required,PROJECT_DECISION,APOLLO_MANUAL_ONLY,P1,横断勾配値は路線条件。基準照合は排水・建築限界等が関与する場合のみ。,プロジェクト決定が主,MAN-003,8,2.3,幅員線作成画面,NONE,「道路中心位置歩道位置の選択と寸法値を入力して下さい」,NONE,NONE,UNKNOWN,NOT_SELECTED,YES,NO,NO,LOW,NO,NONE,NO_EXTERNAL_LOOKUP,candidate_hint=YES,IDENTIFIED
T5A-0039,F4-P1-029,alignment,橋台橋脚線作成,基準線名と距離の始点位置指定|src:F4-1-029,Phase1_required,SOFTWARE_SPECIFIC,APOLLO_MANUAL_ONLY,P2,外部基準照合は不要。APOLLOの入出力・処理手順・ファイル形式として仕様候補を固定する。,画面/ファイル/処理順のソフト仕様,MAN-003,8,2.4,橋台橋脚線作成画面,NONE,「基準線名距離の始点位置を選択して下さい」,NONE,NONE,UNKNOWN,NOT_SELECTED,YES,NO,NO,LOW,NO,NONE,NO_EXTERNAL_LOOKUP,candidate_hint=YES,IDENTIFIED
T5A-0040,F4-P1-030,longitudinal_alignment,縦断勾配指定,縦断勾配設定の追加|src:F4-1-030,Phase1_required,SOFTWARE_SPECIFIC,APOLLO_MANUAL_ONLY,P2,外部基準照合は不要。APOLLOの入出力・処理手順・ファイル形式として仕様候補を固定する。,画面/ファイル/処理順のソフト仕様,MAN-003,10,3.1,縦断勾配指定画面,NONE,「追加をクリックしますと縦断勾配設定画面が表示されますのでダイアログ内のデータを設定してOKをクリックして下さい」,NONE,NONE,UNKNOWN,NOT_SELECTED,YES,NO,YES,LOW,NO,NONE,NO_EXTERNAL_LOOKUP,candidate_hint=YES,IDENTIFIED
T5A-0041,F4-P1-031,cross_slope,横断勾配指定,横断勾配設定の追加|src:F4-1-031,Phase1_required,PROJECT_DECISION,APOLLO_MANUAL_ONLY,P1,横断勾配値は路線条件。基準照合は排水・建築限界等が関与する場合のみ。,プロジェクト決定が主,MAN-003,10,3.2,横断勾配指定画面,NONE,「追加をクリックしますと横断勾配設定画面が表示されますのでダイアログ内のデータを設定してOKをクリックして下さい」,NONE,NONE,UNKNOWN,NOT_SELECTED,YES,NO,YES,LOW,NO,NONE,NO_EXTERNAL_LOOKUP,candidate_hint=YES,IDENTIFIED
T5A-0042,F4-P1-032,cross_slope,高さ形状指定,車道部舗装厚と勾配の入力|src:F4-1-032,Phase1_required,PROJECT_DECISION,APOLLO_MANUAL_ONLY,P1,横断勾配値は路線条件。基準照合は排水・建築限界等が関与する場合のみ。,プロジェクト決定が主,MAN-003,11,3.3,高さ形状指定画面,NONE,「車道部舗装厚や勾配の選択などの入力条件を設定してOKをクリックして下さい」,NONE,NONE,UNKNOWN,NOT_SELECTED,YES,NO,NO,LOW,NO,NONE,NO_EXTERNAL_LOOKUP,candidate_hint=YES,IDENTIFIED
T5A-0043,F4-P1-033,member_line_assignment,橋形状設定,サブタイトル入力と追加|src:F4-1-033,Phase1_required,SOFTWARE_SPECIFIC,APOLLO_MANUAL_ONLY,P2,外部基準照合は不要。APOLLOの入出力・処理手順・ファイル形式として仕様候補を固定する。,画面/ファイル/処理順のソフト仕様,MAN-003,12,4.1,橋形状指定画面,NONE,「サブタイトルを入力後追加をクリックしこのダイアログを閉じて下さい」,NONE,NONE,UNKNOWN,NOT_SELECTED,YES,NO,NO,LOW,NO,NONE,NO_EXTERNAL_LOOKUP,candidate_hint=YES,IDENTIFIED
T5A-0044,F4-P1-034,member_line_assignment,橋形状入力,桁端・支承線の作成|src:F4-1-034,Phase1_required,SOFTWARE_SPECIFIC,APOLLO_MANUAL_ONLY,P2,外部基準照合は不要。APOLLOの入出力・処理手順・ファイル形式として仕様候補を固定する。,画面/ファイル/処理順のソフト仕様,MAN-003,13,4.2(2),桁端・支承線定義画面,NONE,「桁端線と支承線の名前と距離の設定を行って下さい」,NONE,NONE,UNKNOWN,NOT_SELECTED,YES,NO,NO,LOW,NO,NONE,NO_EXTERNAL_LOOKUP,candidate_hint=YES,IDENTIFIED
T5A-0045,F4-P1-035,cross_section_lines,横桁線作成,距離・角度による横断線作成|src:F4-1-035,Phase1_required,SOFTWARE_SPECIFIC,APOLLO_MANUAL_ONLY,P2,外部基準照合は不要。APOLLOの入出力・処理手順・ファイル形式として仕様候補を固定する。,画面/ファイル/処理順のソフト仕様,MAN-003,13,4.2(3),横桁・対傾構作成画面,NONE,「横桁線は横桁対傾構作成にて以下の作成選択ダイアログより作成方法を選択して下さい」,NONE,NONE,UNKNOWN,NOT_SELECTED,YES,NO,NO,LOW,NO,NONE,NO_EXTERNAL_LOOKUP,candidate_hint=YES,IDENTIFIED
T5A-0046,F4-P1-036,girder_layout,桁作成,基準線に平行な鈑桁の作成|src:F4-1-036,Phase1_required,SOFTWARE_SPECIFIC,APOLLO_MANUAL_ONLY,P2,外部基準照合は不要。APOLLOの入出力・処理手順・ファイル形式として仕様候補を固定する。,画面/ファイル/処理順のソフト仕様,MAN-003,14,4.2(4),桁作成画面,NONE,「基準線に平行（鈑桁）にて指定を行って下さい」,NONE,NONE,UNKNOWN,NOT_SELECTED,YES,NO,NO,LOW,NO,NONE,NO_EXTERNAL_LOOKUP,candidate_hint=YES,IDENTIFIED
T5A-0047,F4-P1-037,alignment,座標変換,変換座標系と基準点の指定|src:F4-1-037,Phase1_required,SOFTWARE_SPECIFIC,APOLLO_MANUAL_ONLY,P2,外部基準照合は不要。APOLLOの入出力・処理手順・ファイル形式として仕様候補を固定する。,画面/ファイル/処理順のソフト仕様,MAN-003,15,4.2(5),座標変換の設定画面,NONE,「変換座標系座標基準点となる交点と座標座標変換後のX軸となる交点を選択入力していただきOKをクリックして下さい」,NONE,NONE,UNKNOWN,NOT_SELECTED,YES,NO,NO,LOW,NO,NONE,NO_EXTERNAL_LOOKUP,candidate_hint=YES,IDENTIFIED
T5A-0048,F4-P1-038,cross_section_lines,出力指定,橋軸線と横断線の出力指定|src:F4-1-038,Phase1_required,SOFTWARE_SPECIFIC,APOLLO_MANUAL_ONLY,P2,外部基準照合は不要。APOLLOの入出力・処理手順・ファイル形式として仕様候補を固定する。,画面/ファイル/処理順のソフト仕様,MAN-003,16,4.2(6),出力指定画面,NONE,「線形計算結果および設計に必要な橋軸線および横断線を指定して下さい」,NONE,NONE,UNKNOWN,NOT_SELECTED,YES,NO,NO,LOW,NO,NONE,NO_EXTERNAL_LOOKUP,candidate_hint=YES,IDENTIFIED
T5A-0049,F4-P1-039,cross_section_lines,出力指定,出力順序自動ソート|src:F4-1-039,Phase1_optional,SOFTWARE_SPECIFIC,APOLLO_MANUAL_ONLY,P2,外部基準照合は不要。APOLLOの入出力・処理手順・ファイル形式として仕様候補を固定する。,画面/ファイル/処理順のソフト仕様,MAN-003,16,4.2(6),出力指定画面,NONE,「出力順序自動をセットすると計算書表示順序を座標結果より内部的にソーティングされます」,NONE,NONE,UNKNOWN,NOT_SELECTED,YES,NO,YES,LOW,NO,NONE,NO_EXTERNAL_LOOKUP,candidate_hint=YES,IDENTIFIED
T5A-0050,F4-P1-040,cross_section_lines,線属性指定,橋軸線と横断線の線属性指定|src:F4-1-040,Phase1_required,SOFTWARE_SPECIFIC,APOLLO_MANUAL_ONLY,P2,外部基準照合は不要。APOLLOの入出力・処理手順・ファイル形式として仕様候補を固定する。,画面/ファイル/処理順のソフト仕様,MAN-003,16,4.2(7),線の属性入力画面,NONE,「設計情報として橋軸線および横断線に各線属性を指定して下さい」,NONE,NONE,UNKNOWN,NOT_SELECTED,YES,NO,NO,LOW,NO,NONE,NO_EXTERNAL_LOOKUP,candidate_hint=YES,IDENTIFIED
T5A-0051,F4-P1-041,longitudinal_alignment,線形計算変換,縦断線の確認|src:F4-1-041,Phase1_required,SOFTWARE_SPECIFIC,APOLLO_MANUAL_ONLY,P2,外部基準照合は不要。APOLLOの入出力・処理手順・ファイル形式として仕様候補を固定する。,画面/ファイル/処理順のソフト仕様,MAN-003,17,5.1(1),線形計算変換画面,NONE,「線形プログラムにて指定した縦断線の出力項目および属性が確認出来ます間違った項目があった場合は線形計算まで戻り再度指定して下さい」,NONE,NONE,UNKNOWN,NOT_SELECTED,YES,NO,NO,LOW,NO,NONE,NO_EXTERNAL_LOOKUP,candidate_hint=YES,IDENTIFIED
T5A-0052,F4-P1-042,cross_section_lines,線形計算変換,横断部材の指定|src:F4-1-042,Phase1_required,SOFTWARE_SPECIFIC,APOLLO_MANUAL_ONLY,P2,外部基準照合は不要。APOLLOの入出力・処理手順・ファイル形式として仕様候補を固定する。,画面/ファイル/処理順のソフト仕様,MAN-003,18,5.1(2),線形計算変換画面,NONE,「線形プログラムにて指定した横断部材の出力項目・属性および設計の横断部材条件が確認・指定出来ます」,NONE,NONE,UNKNOWN,NOT_SELECTED,YES,NO,NO,LOW,NO,NONE,NO_EXTERNAL_LOOKUP,candidate_hint=YES,IDENTIFIED
T5A-0053,F4-P1-043,cross_section_lines,線形計算変換,横梁の設計対象外指定|src:F4-1-043,Phase1_required,SOFTWARE_SPECIFIC,APOLLO_MANUAL_ONLY,P2,外部基準照合は不要。APOLLOの入出力・処理手順・ファイル形式として仕様候補を固定する。,画面/ファイル/処理順のソフト仕様,MAN-003,18,5.1(2),線形計算変換画面,NONE,「横梁線中心横梁腹板が指定出来ますが設計では横梁は設計対象外となっております横梁線中心横梁腹板は基本的に指定しないで下さい」,NONE,NONE,UNKNOWN,NOT_SELECTED,YES,NO,NO,LOW,NO,NONE,NO_EXTERNAL_LOOKUP,candidate_hint=YES,IDENTIFIED
T5A-0054,F4-P1-044,bridge_basic_conditions,適用規模_主桁本数,RC鈑桁の主桁本数上限|src:F4-1-044,Phase1_required,SOFTWARE_SPECIFIC,APOLLO_MANUAL_ONLY,P1,主桁本数上限等のソフト制限はAPOLLO仕様として記録する。,ソフト適用規模,MAN-003,22,3-2,適用範囲表,NONE,「RC鈑桁：15」,NONE,NONE,UNKNOWN,NOT_SELECTED,YES,NO,NO,LOW,NO,NONE,EXTERNAL_SOURCE_LOOKUP,candidate_hint=YES,IDENTIFIED
T5A-0055,F4-P1-044,bridge_basic_conditions,適用規模_主桁本数,RC鈑桁の主桁本数上限|src:F4-1-044,Phase1_required,PROJECT_DECISION,APOLLO_MANUAL_ONLY,P0,実橋の主桁本数・支間はプロジェクト決定。Phase1対象（4〜6本等）は調査スコープであり基準が一意決定する値ではない。,プロジェクト決定とソフト制限の分離,MAN-003,22,3-2,適用範囲表,NONE,「RC鈑桁：15」,NONE,NONE,UNKNOWN,NOT_SELECTED,YES,NO,NO,LOW,NO,NONE,EXTERNAL_SOURCE_LOOKUP,candidate_hint=YES,IDENTIFIED
T5A-0056,F4-P1-045,bridge_basic_conditions,適用規模_横断線数,最大横断線数|src:F4-1-045,Phase1_required,SOFTWARE_SPECIFIC,APOLLO_MANUAL_ONLY,P1,主桁本数上限等のソフト制限はAPOLLO仕様として記録する。,ソフト適用規模,MAN-003,22,3-2,適用範囲表,NONE,「横断線数 120」,NONE,NONE,UNKNOWN,NOT_SELECTED,YES,NO,NO,LOW,NO,NONE,EXTERNAL_SOURCE_LOOKUP,candidate_hint=YES,IDENTIFIED
T5A-0057,F4-P1-045,bridge_basic_conditions,適用規模_横断線数,最大横断線数|src:F4-1-045,Phase1_required,PROJECT_DECISION,APOLLO_MANUAL_ONLY,P0,実橋の主桁本数・支間はプロジェクト決定。Phase1対象（4〜6本等）は調査スコープであり基準が一意決定する値ではない。,プロジェクト決定とソフト制限の分離,MAN-003,22,3-2,適用範囲表,NONE,「横断線数 120」,NONE,NONE,UNKNOWN,NOT_SELECTED,YES,NO,NO,LOW,NO,NONE,EXTERNAL_SOURCE_LOOKUP,candidate_hint=YES,IDENTIFIED
T5A-0058,F4-P1-046,girder_layout,コントロールプログラム,非合成鈑桁の実行順序|src:F4-1-046,Phase1_required,SOFTWARE_SPECIFIC,APOLLO_MANUAL_ONLY,P2,外部基準照合は不要。APOLLOの入出力・処理手順・ファイル形式として仕様候補を固定する。,画面/ファイル/処理順のソフト仕様,MAN-003,NONE,11,2-2-2,コントロール画面,「左上から右下へ実行して頂く配置」,NONE,NONE,UNKNOWN,NOT_SELECTED,NO,NO,NO,LOW,NO,NONE,NO_EXTERNAL_LOOKUP,candidate_hint=YES,IDENTIFIED
T5A-0059,F4-P1-047,bearing,支承条件データ,支点条件のチェックリスト反映|src:F4-1-047,Phase1_required,PROJECT_DECISION,APOLLO_MANUAL_ONLY,P1,支承条件の入力値（固定/可動等）は工事条件として設計者が与える。基準は制約を与えても一意には定めない。,マニュアルに設計未使用の記載がある件は注記,MAN-005,12,3.4(1),支承条件画面,NONE,「支点条件につきましてはチェックリストのみ反映されます設計としては入力値を使用しておりません入力項目は変更せずOKで作業を進めて頂いて問題御座いません」,NONE,NONE,UNKNOWN,NOT_SELECTED,YES,NO,NO,LOW,NO,NONE,EXTERNAL_SOURCE_LOOKUP,candidate_hint=YES,IDENTIFIED
T5A-0060,F4-P1-047,bearing,支承条件データ,支点条件のチェックリスト反映|src:F4-1-047,Phase1_required,STANDARD_TRACEABILITY_REQUIRED,RBS_SUBSTRUCTURE,P2,支承条件のモデル化が下部構造・支承の示方書規定とどう関係するか確認する（支承設計そのものは別モジュールの可能性）。,支承設計範囲の境界確認,MAN-005,12,3.4(1),支承条件画面,NONE,「支点条件につきましてはチェックリストのみ反映されます設計としては入力値を使用しておりません入力項目は変更せずOKで作業を進めて頂いて問題御座いません」,NONE,NONE,UNKNOWN,NOT_SELECTED,YES,NO,NO,LOW,NO,NONE,EXTERNAL_SOURCE_LOOKUP,candidate_hint=YES,IDENTIFIED
T5A-0061,F4-P1-048,bearing,支承条件データ,支点沈下バネの選択|src:F4-1-048,Phase1_required,PROJECT_DECISION,APOLLO_MANUAL_ONLY,P1,支承条件の入力値（固定/可動等）は工事条件として設計者が与える。基準は制約を与えても一意には定めない。,マニュアルに設計未使用の記載がある件は注記,MAN-005,20,4.4,支点沈下バネ画面,NONE,「なし支点沈下を考慮支点バネを考慮を選択し各対応タグのデータをご入力下さい」,NONE,NONE,UNKNOWN,NOT_SELECTED,YES,NO,NO,LOW,NO,NONE,EXTERNAL_SOURCE_LOOKUP,candidate_hint=YES,IDENTIFIED
T5A-0062,F4-P1-048,bearing,支承条件データ,支点沈下バネの選択|src:F4-1-048,Phase1_required,STANDARD_TRACEABILITY_REQUIRED,RBS_SUBSTRUCTURE,P2,支承条件のモデル化が下部構造・支承の示方書規定とどう関係するか確認する（支承設計そのものは別モジュールの可能性）。,支承設計範囲の境界確認,MAN-005,20,4.4,支点沈下バネ画面,NONE,「なし支点沈下を考慮支点バネを考慮を選択し各対応タグのデータをご入力下さい」,NONE,NONE,UNKNOWN,NOT_SELECTED,YES,NO,NO,LOW,NO,NONE,EXTERNAL_SOURCE_LOOKUP,candidate_hint=YES,IDENTIFIED
T5A-0063,F4-P1-049,bearing,支承線作成,桁端・支承線の名前と距離設定|src:F4-1-049,Phase1_required,PROJECT_DECISION,APOLLO_MANUAL_ONLY,P1,支承条件の入力値（固定/可動等）は工事条件として設計者が与える。基準は制約を与えても一意には定めない。,マニュアルに設計未使用の記載がある件は注記,MAN-003,13,4.2(2),桁端・支承線作成画面,NONE,「桁端線と支承線の名前と距離の設定を行って下さい描画をクリックしますと画面上に表示されますのでご確認後OKをクリックして下さい」,NONE,NONE,UNKNOWN,NOT_SELECTED,YES,NO,YES,LOW,NO,NONE,EXTERNAL_SOURCE_LOOKUP,candidate_hint=YES,IDENTIFIED
T5A-0064,F4-P1-049,bearing,支承線作成,桁端・支承線の名前と距離設定|src:F4-1-049,Phase1_required,STANDARD_TRACEABILITY_REQUIRED,RBS_SUBSTRUCTURE,P2,支承条件のモデル化が下部構造・支承の示方書規定とどう関係するか確認する（支承設計そのものは別モジュールの可能性）。,支承設計範囲の境界確認,MAN-003,13,4.2(2),桁端・支承線作成画面,NONE,「桁端線と支承線の名前と距離の設定を行って下さい描画をクリックしますと画面上に表示されますのでご確認後OKをクリックして下さい」,NONE,NONE,UNKNOWN,NOT_SELECTED,YES,NO,YES,LOW,NO,NONE,EXTERNAL_SOURCE_LOOKUP,candidate_hint=YES,IDENTIFIED
T5A-0065,F4-P1-050,bearing,支承線作成,桁端線と支承線の描画確認|src:F4-1-050,Phase1_required,PROJECT_DECISION,APOLLO_MANUAL_ONLY,P1,支承条件の入力値（固定/可動等）は工事条件として設計者が与える。基準は制約を与えても一意には定めない。,マニュアルに設計未使用の記載がある件は注記,MAN-003,13,4.2(2),桁端・支承線作成画面,NONE,「描画をクリックしますと画面上に表示されますのでご確認後OKをクリックして下さい」,NONE,NONE,UNKNOWN,NOT_SELECTED,YES,NO,YES,LOW,NO,NONE,EXTERNAL_SOURCE_LOOKUP,candidate_hint=YES,IDENTIFIED
T5A-0066,F4-P1-050,bearing,支承線作成,桁端線と支承線の描画確認|src:F4-1-050,Phase1_required,STANDARD_TRACEABILITY_REQUIRED,RBS_SUBSTRUCTURE,P2,支承条件のモデル化が下部構造・支承の示方書規定とどう関係するか確認する（支承設計そのものは別モジュールの可能性）。,支承設計範囲の境界確認,MAN-003,13,4.2(2),桁端・支承線作成画面,NONE,「描画をクリックしますと画面上に表示されますのでご確認後OKをクリックして下さい」,NONE,NONE,UNKNOWN,NOT_SELECTED,YES,NO,YES,LOW,NO,NONE,EXTERNAL_SOURCE_LOOKUP,candidate_hint=YES,IDENTIFIED
T5A-0067,F4-P1-051,standard_section,単位重量・物理定数データ,単位重量と物理定数の入力|src:F4-1-051,Phase1_required,DESIGN_PRACTICE_TRACEABILITY_REQUIRED,DESIGN_DATA_BOOK,P1,標準断面・形鋼選定の推奨がデザインデータブック等にあるか確認する。APOLLOの標準値と同一視しない。,標準断面は実務資料照合,MAN-005,7,2.3(1),使用材料データ画面,NONE,「単位重量・物理定数 データ」,NONE,NONE,UNKNOWN,NOT_SELECTED,YES,NO,NO,LOW,NO,NONE,EXTERNAL_SOURCE_LOOKUP,candidate_hint=YES,IDENTIFIED
T5A-0068,F4-P1-051,standard_section,単位重量・物理定数データ,単位重量と物理定数の入力|src:F4-1-051,Phase1_required,STANDARD_TRACEABILITY_REQUIRED,RBS_STEEL,P1,標準として提示される断面が示方書の幅厚比等を満たす前提になっているか、照合観点を確認する。,標準断面も基準制約の下,MAN-005,7,2.3(1),使用材料データ画面,NONE,「単位重量・物理定数 データ」,NONE,NONE,UNKNOWN,NOT_SELECTED,YES,NO,NO,LOW,NO,NONE,EXTERNAL_SOURCE_LOOKUP,candidate_hint=YES,IDENTIFIED
T5A-0069,F4-P1-052,standard_section,使用材料データ,使用材料の選択と入力|src:F4-1-052,Phase1_required,DESIGN_PRACTICE_TRACEABILITY_REQUIRED,DESIGN_DATA_BOOK,P1,標準断面・形鋼選定の推奨がデザインデータブック等にあるか確認する。APOLLOの標準値と同一視しない。,標準断面は実務資料照合,MAN-005,7,2.3(2),使用材料データ画面,NONE,「補足説明も御座いますが降伏点一定鋼材をご使用の場合は変化板厚を40として下さい」,NONE,NONE,UNKNOWN,NOT_SELECTED,YES,NO,NO,LOW,NO,NONE,EXTERNAL_SOURCE_LOOKUP,candidate_hint=YES,IDENTIFIED
T5A-0070,F4-P1-052,standard_section,使用材料データ,使用材料の選択と入力|src:F4-1-052,Phase1_required,STANDARD_TRACEABILITY_REQUIRED,RBS_STEEL,P1,標準として提示される断面が示方書の幅厚比等を満たす前提になっているか、照合観点を確認する。,標準断面も基準制約の下,MAN-005,7,2.3(2),使用材料データ画面,NONE,「補足説明も御座いますが降伏点一定鋼材をご使用の場合は変化板厚を40として下さい」,NONE,NONE,UNKNOWN,NOT_SELECTED,YES,NO,NO,LOW,NO,NONE,EXTERNAL_SOURCE_LOOKUP,candidate_hint=YES,IDENTIFIED
T5A-0071,F4-P1-053,standard_section,許容応力度データ,許容応力度の入力|src:F4-1-053,Phase1_required,DESIGN_PRACTICE_TRACEABILITY_REQUIRED,DESIGN_DATA_BOOK,P1,標準断面・形鋼選定の推奨がデザインデータブック等にあるか確認する。APOLLOの標準値と同一視しない。,標準断面は実務資料照合,MAN-005,8,2.3(3),許容応力度データ画面,NONE,「許容応力度 データ」,NONE,NONE,UNKNOWN,NOT_SELECTED,YES,NO,NO,LOW,NO,NONE,EXTERNAL_SOURCE_LOOKUP,candidate_hint=YES,IDENTIFIED
T5A-0072,F4-P1-053,standard_section,許容応力度データ,許容応力度の入力|src:F4-1-053,Phase1_required,STANDARD_TRACEABILITY_REQUIRED,RBS_STEEL,P1,標準として提示される断面が示方書の幅厚比等を満たす前提になっているか、照合観点を確認する。,標準断面も基準制約の下,MAN-005,8,2.3(3),許容応力度データ画面,NONE,「許容応力度 データ」,NONE,NONE,UNKNOWN,NOT_SELECTED,YES,NO,NO,LOW,NO,NONE,EXTERNAL_SOURCE_LOOKUP,candidate_hint=YES,IDENTIFIED
T5A-0073,F4-P1-054,standard_section,主桁全体データ,有効モーメントの最小量入力|src:F4-1-054,Phase1_optional,DESIGN_PRACTICE_TRACEABILITY_REQUIRED,DESIGN_DATA_BOOK,P1,標準断面・形鋼選定の推奨がデザインデータブック等にあるか確認する。APOLLOの標準値と同一視しない。,標準断面は実務資料照合,MAN-005,22,5.1(1),主桁全体データ画面,NONE,「有効モーメントの最小量とは不等径間等により微少な負曲げモーメントが支間中央に存在する場合等に強制的(設計者様のご判断により)微少断面力を無視したい場合に最小量をご入力下さい」「解析結果の断面力をそのまま設計断面力とする場合は0とご入力下さい」,NONE,NONE,UNKNOWN,NOT_SELECTED,YES,NO,NO,LOW,NO,NONE,EXTERNAL_SOURCE_LOOKUP,candidate_hint=YES,IDENTIFIED
T5A-0074,F4-P1-054,standard_section,主桁全体データ,有効モーメントの最小量入力|src:F4-1-054,Phase1_optional,STANDARD_TRACEABILITY_REQUIRED,RBS_STEEL,P1,標準として提示される断面が示方書の幅厚比等を満たす前提になっているか、照合観点を確認する。,標準断面も基準制約の下,MAN-005,22,5.1(1),主桁全体データ画面,NONE,「有効モーメントの最小量とは不等径間等により微少な負曲げモーメントが支間中央に存在する場合等に強制的(設計者様のご判断により)微少断面力を無視したい場合に最小量をご入力下さい」「解析結果の断面力をそのまま設計断面力とする場合は0とご入力下さい」,NONE,NONE,UNKNOWN,NOT_SELECTED,YES,NO,NO,LOW,NO,NONE,EXTERNAL_SOURCE_LOOKUP,candidate_hint=YES,IDENTIFIED
T5A-0075,F4-P1-055,standard_section,主桁桁高データ,桁高の入力方法選択|src:F4-1-055,Phase1_required,DESIGN_PRACTICE_TRACEABILITY_REQUIRED,DESIGN_DATA_BOOK,P1,標準断面・形鋼選定の推奨がデザインデータブック等にあるか確認する。APOLLOの標準値と同一視しない。,標準断面は実務資料照合,MAN-005,23,5.2(1),主桁桁高データ画面,NONE,「桁高の入力方法としては桁高一定下フランジ変化上フランジ変化が設計可能となっております」,NONE,NONE,UNKNOWN,NOT_SELECTED,YES,NO,NO,LOW,NO,NONE,EXTERNAL_SOURCE_LOOKUP,candidate_hint=YES,IDENTIFIED
T5A-0076,F4-P1-055,standard_section,主桁桁高データ,桁高の入力方法選択|src:F4-1-055,Phase1_required,STANDARD_TRACEABILITY_REQUIRED,RBS_STEEL,P1,標準として提示される断面が示方書の幅厚比等を満たす前提になっているか、照合観点を確認する。,標準断面も基準制約の下,MAN-005,23,5.2(1),主桁桁高データ画面,NONE,「桁高の入力方法としては桁高一定下フランジ変化上フランジ変化が設計可能となっております」,NONE,NONE,UNKNOWN,NOT_SELECTED,YES,NO,NO,LOW,NO,NONE,EXTERNAL_SOURCE_LOOKUP,candidate_hint=YES,IDENTIFIED
T5A-0077,F4-P1-056,standard_section,主桁桁高データ,格点位置の桁高確認|src:F4-1-056,Phase1_required,DESIGN_PRACTICE_TRACEABILITY_REQUIRED,DESIGN_DATA_BOOK,P1,標準断面・形鋼選定の推奨がデザインデータブック等にあるか確認する。APOLLOの標準値と同一視しない。,標準断面は実務資料照合,MAN-005,23,5.2(2),主桁桁高データ画面,NONE,「内部計算にて求められた格点位置の桁高が確認出来ます」,NONE,NONE,UNKNOWN,NOT_SELECTED,YES,NO,NO,LOW,NO,NONE,EXTERNAL_SOURCE_LOOKUP,candidate_hint=YES,IDENTIFIED
T5A-0078,F4-P1-056,standard_section,主桁桁高データ,格点位置の桁高確認|src:F4-1-056,Phase1_required,STANDARD_TRACEABILITY_REQUIRED,RBS_STEEL,P1,標準として提示される断面が示方書の幅厚比等を満たす前提になっているか、照合観点を確認する。,標準断面も基準制約の下,MAN-005,23,5.2(2),主桁桁高データ画面,NONE,「内部計算にて求められた格点位置の桁高が確認出来ます」,NONE,NONE,UNKNOWN,NOT_SELECTED,YES,NO,NO,LOW,NO,NONE,EXTERNAL_SOURCE_LOOKUP,candidate_hint=YES,IDENTIFIED
T5A-0079,F4-P1-057,standard_section,主桁断面データ,フランジ板逃げ方向の指定|src:F4-1-057,Phase1_required,DESIGN_PRACTICE_TRACEABILITY_REQUIRED,DESIGN_DATA_BOOK,P1,標準断面・形鋼選定の推奨がデザインデータブック等にあるか確認する。APOLLOの標準値と同一視しない。,標準断面は実務資料照合,MAN-005,25,5.3(1),主桁断面データ画面,NONE,「フランジの板逃げ方向を指定して下さい」「上：外上：外 上：内上：外 上：外上：外 上：外上：内」,NONE,NONE,UNKNOWN,NOT_SELECTED,YES,NO,NO,LOW,NO,NONE,EXTERNAL_SOURCE_LOOKUP,candidate_hint=YES,IDENTIFIED
T5A-0080,F4-P1-057,standard_section,主桁断面データ,フランジ板逃げ方向の指定|src:F4-1-057,Phase1_required,STANDARD_TRACEABILITY_REQUIRED,RBS_STEEL,P1,標準として提示される断面が示方書の幅厚比等を満たす前提になっているか、照合観点を確認する。,標準断面も基準制約の下,MAN-005,25,5.3(1),主桁断面データ画面,NONE,「フランジの板逃げ方向を指定して下さい」「上：外上：外 上：内上：外 上：外上：外 上：外上：内」,NONE,NONE,UNKNOWN,NOT_SELECTED,YES,NO,NO,LOW,NO,NONE,EXTERNAL_SOURCE_LOOKUP,candidate_hint=YES,IDENTIFIED
T5A-0081,F4-P1-058,standard_section,主桁断面データ,板逃げと主桁高の関係|src:F4-1-058,Phase1_required,DESIGN_PRACTICE_TRACEABILITY_REQUIRED,DESIGN_DATA_BOOK,P1,標準断面・形鋼選定の推奨がデザインデータブック等にあるか確認する。APOLLOの標準値と同一視しない。,標準断面は実務資料照合,MAN-005,25,5.3(1),主桁断面データ画面,NONE,「設計データ入力：桁高 Ｉ断面計算：腹板高 断面計算：（特になし。上下フランジ板厚中心間隔でのみ入力）」,NONE,NONE,UNKNOWN,NOT_SELECTED,YES,NO,NO,LOW,NO,NONE,EXTERNAL_SOURCE_LOOKUP,candidate_hint=YES,IDENTIFIED
T5A-0082,F4-P1-058,standard_section,主桁断面データ,板逃げと主桁高の関係|src:F4-1-058,Phase1_required,STANDARD_TRACEABILITY_REQUIRED,RBS_STEEL,P1,標準として提示される断面が示方書の幅厚比等を満たす前提になっているか、照合観点を確認する。,標準断面も基準制約の下,MAN-005,25,5.3(1),主桁断面データ画面,NONE,「設計データ入力：桁高 Ｉ断面計算：腹板高 断面計算：（特になし。上下フランジ板厚中心間隔でのみ入力）」,NONE,NONE,UNKNOWN,NOT_SELECTED,YES,NO,NO,LOW,NO,NONE,EXTERNAL_SOURCE_LOOKUP,candidate_hint=YES,IDENTIFIED
T5A-0083,F4-P1-059,standard_section,補剛材データ,垂直補剛材本数の入力|src:F4-1-059,Phase1_required,DESIGN_PRACTICE_TRACEABILITY_REQUIRED,DESIGN_DATA_BOOK,P1,標準断面・形鋼選定の推奨がデザインデータブック等にあるか確認する。APOLLOの標準値と同一視しない。,標準断面は実務資料照合,MAN-005,26,5.4(1),補剛材データ画面,NONE,「各パネルの垂直補剛材本数をご入力下さい（パネル内4＠の場合は3と入力下さい）」,NONE,NONE,UNKNOWN,NOT_SELECTED,YES,NO,NO,LOW,NO,NONE,EXTERNAL_SOURCE_LOOKUP,candidate_hint=YES,IDENTIFIED
T5A-0084,F4-P1-059,standard_section,補剛材データ,垂直補剛材本数の入力|src:F4-1-059,Phase1_required,STANDARD_TRACEABILITY_REQUIRED,RBS_STEEL,P1,標準として提示される断面が示方書の幅厚比等を満たす前提になっているか、照合観点を確認する。,標準断面も基準制約の下,MAN-005,26,5.4(1),補剛材データ画面,NONE,「各パネルの垂直補剛材本数をご入力下さい（パネル内4＠の場合は3と入力下さい）」,NONE,NONE,UNKNOWN,NOT_SELECTED,YES,NO,NO,LOW,NO,NONE,EXTERNAL_SOURCE_LOOKUP,candidate_hint=YES,IDENTIFIED
T5A-0085,F4-P1-060,standard_section,補剛材データ,垂直補剛材の省力化方式|src:F4-1-060,Phase1_optional,DESIGN_PRACTICE_TRACEABILITY_REQUIRED,DESIGN_DATA_BOOK,P1,標準断面・形鋼選定の推奨がデザインデータブック等にあるか確認する。APOLLOの標準値と同一視しない。,標準断面は実務資料照合,MAN-005,26,5.4(1),補剛材データ画面,NONE,「パネル内任意位置に垂直補剛材を配置する場合は橋梁形式―主桁補剛材の設計方法―省力化方式を選択して下さい」,NONE,NONE,UNKNOWN,NOT_SELECTED,YES,YES,NO,LOW,NO,NONE,EXTERNAL_SOURCE_LOOKUP,candidate_hint=YES,IDENTIFIED
T5A-0086,F4-P1-060,standard_section,補剛材データ,垂直補剛材の省力化方式|src:F4-1-060,Phase1_optional,STANDARD_TRACEABILITY_REQUIRED,RBS_STEEL,P1,標準として提示される断面が示方書の幅厚比等を満たす前提になっているか、照合観点を確認する。,標準断面も基準制約の下,MAN-005,26,5.4(1),補剛材データ画面,NONE,「パネル内任意位置に垂直補剛材を配置する場合は橋梁形式―主桁補剛材の設計方法―省力化方式を選択して下さい」,NONE,NONE,UNKNOWN,NOT_SELECTED,YES,YES,NO,LOW,NO,NONE,EXTERNAL_SOURCE_LOOKUP,candidate_hint=YES,IDENTIFIED
T5A-0087,F4-P1-061,standard_section,補剛材データ,水平補剛材段数変化数と断面の入力|src:F4-1-061,Phase1_required,DESIGN_PRACTICE_TRACEABILITY_REQUIRED,DESIGN_DATA_BOOK,P1,標準断面・形鋼選定の推奨がデザインデータブック等にあるか確認する。APOLLOの標準値と同一視しない。,標準断面は実務資料照合,MAN-005,26,5.4(2),補剛材データ画面,NONE,「水平補剛材段数変化数と水平補剛材断面をご入力下さい（水平補剛材１段の場合は以下赤い範囲両データが１とご入力して頂く事となります）」,NONE,NONE,UNKNOWN,NOT_SELECTED,YES,NO,NO,LOW,NO,NONE,EXTERNAL_SOURCE_LOOKUP,candidate_hint=YES,IDENTIFIED
T5A-0088,F4-P1-061,standard_section,補剛材データ,水平補剛材段数変化数と断面の入力|src:F4-1-061,Phase1_required,STANDARD_TRACEABILITY_REQUIRED,RBS_STEEL,P1,標準として提示される断面が示方書の幅厚比等を満たす前提になっているか、照合観点を確認する。,標準断面も基準制約の下,MAN-005,26,5.4(2),補剛材データ画面,NONE,「水平補剛材段数変化数と水平補剛材断面をご入力下さい（水平補剛材１段の場合は以下赤い範囲両データが１とご入力して頂く事となります）」,NONE,NONE,UNKNOWN,NOT_SELECTED,YES,NO,NO,LOW,NO,NONE,EXTERNAL_SOURCE_LOOKUP,candidate_hint=YES,IDENTIFIED
T5A-0089,F4-P1-062,standard_section,床組データ,横桁基本寸法の指定|src:F4-1-062,Phase1_required,DESIGN_PRACTICE_TRACEABILITY_REQUIRED,DESIGN_DATA_BOOK,P1,標準断面・形鋼選定の推奨がデザインデータブック等にあるか確認する。APOLLOの標準値と同一視しない。,標準断面は実務資料照合,MAN-005,27,5.5(1),床組データ画面,NONE,「横桁高さ関係および添接位置が入力出来ます基本寸法の指定方法を全部材指定と選択されると個々の横桁高さおよび添接位置が入力出来ます」,NONE,NONE,UNKNOWN,NOT_SELECTED,YES,NO,NO,LOW,NO,NONE,EXTERNAL_SOURCE_LOOKUP,candidate_hint=YES,IDENTIFIED
T5A-0090,F4-P1-062,standard_section,床組データ,横桁基本寸法の指定|src:F4-1-062,Phase1_required,STANDARD_TRACEABILITY_REQUIRED,RBS_STEEL,P1,標準として提示される断面が示方書の幅厚比等を満たす前提になっているか、照合観点を確認する。,標準断面も基準制約の下,MAN-005,27,5.5(1),床組データ画面,NONE,「横桁高さ関係および添接位置が入力出来ます基本寸法の指定方法を全部材指定と選択されると個々の横桁高さおよび添接位置が入力出来ます」,NONE,NONE,UNKNOWN,NOT_SELECTED,YES,NO,NO,LOW,NO,NONE,EXTERNAL_SOURCE_LOOKUP,candidate_hint=YES,IDENTIFIED
T5A-0091,F4-P1-063,standard_section,部材名称データ,部材名称の入力|src:F4-1-063,Phase1_required,DESIGN_PRACTICE_TRACEABILITY_REQUIRED,DESIGN_DATA_BOOK,P1,標準断面・形鋼選定の推奨がデザインデータブック等にあるか確認する。APOLLOの標準値と同一視しない。,標準断面は実務資料照合,MAN-005,11,3.3,部材名称データ画面,NONE,「部材名称 データ」,NONE,NONE,UNKNOWN,NOT_SELECTED,YES,NO,NO,LOW,NO,NONE,EXTERNAL_SOURCE_LOOKUP,candidate_hint=YES,IDENTIFIED
T5A-0092,F4-P1-063,standard_section,部材名称データ,部材名称の入力|src:F4-1-063,Phase1_required,STANDARD_TRACEABILITY_REQUIRED,RBS_STEEL,P1,標準として提示される断面が示方書の幅厚比等を満たす前提になっているか、照合観点を確認する。,標準断面も基準制約の下,MAN-005,11,3.3,部材名称データ画面,NONE,「部材名称 データ」,NONE,NONE,UNKNOWN,NOT_SELECTED,YES,NO,NO,LOW,NO,NONE,EXTERNAL_SOURCE_LOOKUP,candidate_hint=YES,IDENTIFIED
T5A-0093,F4-P1-064,girder_layout,主桁桁端長データ,線形計算との連動|src:F4-1-064,Phase1_required,SOFTWARE_SPECIFIC,APOLLO_MANUAL_ONLY,P2,外部基準照合は不要。APOLLOの入出力・処理手順・ファイル形式として仕様候補を固定する。,画面/ファイル/処理順のソフト仕様,MAN-005,NONE,12,3.5,主桁桁端長データ画面,「基本的に線形計算より連動されております」,NONE,NONE,UNKNOWN,NOT_SELECTED,NO,NO,NO,LOW,NO,NONE,NO_EXTERNAL_LOOKUP,candidate_hint=YES,IDENTIFIED
T5A-0094,F4-P1-065,cross_slope,床版形状データ,舗装厚＆床版厚の入力|src:F4-1-065,Phase1_required,PROJECT_DECISION,APOLLO_MANUAL_ONLY,P1,横断勾配値は路線条件。基準照合は排水・建築限界等が関与する場合のみ。,プロジェクト決定が主,MAN-005,10,3.2(1),舗装厚＆床版厚データ画面,NONE,「ハンチ計算プログラムにより床版厚等は一度入力されておりますが以下のダイアログにて入力された床版厚等が設計に使用されます」,NONE,NONE,UNKNOWN,NOT_SELECTED,YES,NO,NO,LOW,NO,NONE,NO_EXTERNAL_LOOKUP,candidate_hint=YES,IDENTIFIED
T5A-0095,F4-P1-066,cross_slope,床版形状データ,片持ち部床版の入力|src:F4-1-066,Phase1_required,PROJECT_DECISION,APOLLO_MANUAL_ONLY,P1,横断勾配値は路線条件。基準照合は排水・建築限界等が関与する場合のみ。,プロジェクト決定が主,MAN-005,10,3.2(2),片持ち部床版データ画面,NONE,「地覆幅等は基本的に線形計算より連動されております」,NONE,NONE,UNKNOWN,NOT_SELECTED,YES,NO,NO,LOW,NO,NONE,NO_EXTERNAL_LOOKUP,candidate_hint=YES,IDENTIFIED
T5A-0096,F4-P1-067,cross_slope,床版形状データ,床版打ち下しデータの入力|src:F4-1-067,Phase1_required,PROJECT_DECISION,APOLLO_MANUAL_ONLY,P1,横断勾配値は路線条件。基準照合は排水・建築限界等が関与する場合のみ。,プロジェクト決定が主,MAN-005,11,3.2(3),床版打ち下しデータ画面,NONE,「桁端長は基本的に線形計算より連動されております」,NONE,NONE,UNKNOWN,NOT_SELECTED,YES,NO,NO,LOW,NO,NONE,NO_EXTERNAL_LOOKUP,candidate_hint=YES,IDENTIFIED
T5A-0097,F4-P1-068,standard_section,床組データ,横桁高さと添接位置の個別入力|src:F4-1-068,Phase1_optional,DESIGN_PRACTICE_TRACEABILITY_REQUIRED,DESIGN_DATA_BOOK,P1,標準断面・形鋼選定の推奨がデザインデータブック等にあるか確認する。APOLLOの標準値と同一視しない。,標準断面は実務資料照合,MAN-005,27,5.5(1),床組データ画面,NONE,「基本寸法の指定方法を全部材指定と選択されると個々の横桁高さおよび添接位置が入力出来ます」,NONE,NONE,UNKNOWN,NOT_SELECTED,YES,NO,NO,LOW,NO,NONE,EXTERNAL_SOURCE_LOOKUP,candidate_hint=YES,IDENTIFIED
T5A-0098,F4-P1-068,standard_section,床組データ,横桁高さと添接位置の個別入力|src:F4-1-068,Phase1_optional,STANDARD_TRACEABILITY_REQUIRED,RBS_STEEL,P1,標準として提示される断面が示方書の幅厚比等を満たす前提になっているか、照合観点を確認する。,標準断面も基準制約の下,MAN-005,27,5.5(1),床組データ画面,NONE,「基本寸法の指定方法を全部材指定と選択されると個々の横桁高さおよび添接位置が入力出来ます」,NONE,NONE,UNKNOWN,NOT_SELECTED,YES,NO,NO,LOW,NO,NONE,EXTERNAL_SOURCE_LOOKUP,candidate_hint=YES,IDENTIFIED
T5A-0099,F4-P1-069,bridge_type_selection,bridge_type_selection,src:F4-1-069,Phase1_required,PROJECT_DECISION,APOLLO_MANUAL_ONLY,P0,「bridge_type_selection」は橋梁・工事条件として設計者が決める。外部基準は制約を与えても一意値を定めない場合が多い。,プロジェクト入力,MAN-002,NONE,NONE,NONE,NONE,新規作成時に桁形式等を選択するダイアログがある,NONE,NONE,UNKNOWN,NOT_SELECTED,NO,YES,NO,LOW,NO,NONE,NO_EXTERNAL_LOOKUP,candidate_hint=YES,IDENTIFIED
T5A-0100,F4-P1-070,span_configuration,span_configuration,src:F4-1-070,unknown,PROJECT_DECISION,APOLLO_MANUAL_ONLY,P0,「span_configuration」は橋梁・工事条件として設計者が決める。外部基準は制約を与えても一意値を定めない場合が多い。,プロジェクト入力,MAN-005,NONE,NONE,NONE,NONE,NONE,NONE,NONE,UNKNOWN,NOT_SELECTED,YES,NO,NO,MEDIUM,NO,NONE,NO_EXTERNAL_LOOKUP,candidate_hint=NO,IDENTIFIED
T5A-0101,F4-P1-071,skew_angle,skew_angle,src:F4-1-071,unknown,PROJECT_DECISION,APOLLO_MANUAL_ONLY,P0,「skew_angle」は橋梁・工事条件として設計者が決める。外部基準は制約を与えても一意値を定めない場合が多い。,プロジェクト入力,MAN-005,NONE,NONE,NONE,NONE,NONE,NONE,NONE,UNKNOWN,NOT_SELECTED,NO,NO,NO,MEDIUM,NO,NONE,NO_EXTERNAL_LOOKUP,candidate_hint=NO,IDENTIFIED
T5A-0102,F4-P1-072,road_width,road_width,src:F4-1-072,Phase1_required,PROJECT_DECISION,APOLLO_MANUAL_ONLY,P0,「road_width」は橋梁・工事条件として設計者が決める。外部基準は制約を与えても一意値を定めない場合が多い。,プロジェクト入力,MAN-005,NONE,NONE,NONE,NONE,道路中心・歩道位置・地覆幅等の入力はある。『幅員』という単独項目名の有無は要追加確認,NONE,NONE,UNKNOWN,NOT_SELECTED,NO,NO,NO,LOW,NO,NONE,NO_EXTERNAL_LOOKUP,candidate_hint=NO,IDENTIFIED
T5A-0103,F4-P2-001,slab_thickness,床版厚の指定,src:F4-2-001,Phase1_required,STANDARD_TRACEABILITY_REQUIRED,RBS_CONCRETE,P0,RC床版/ハンチ「床版厚の指定」の最小厚・支間・張出・照査に関し、適用年版の道路橋示方書（コンクリート関係）規定を確認する。,床版・ハンチは構造規定の照合が必要,MAN-004,4,NONE,2.1,NONE,床版厚を指定して下さい。全入力にて各横断・桁毎の床版厚が指定出来ますが、設計計算では考慮出来ませんので、別途荷重調整等が必要となります。,NONE,NONE,UNKNOWN,NOT_SELECTED,NO,NO,NO,LOW,YES,NONE,EXTERNAL_SOURCE_LOOKUP,candidate_hint=YES,IDENTIFIED
T5A-0104,F4-P2-001,slab_thickness,床版厚の指定,src:F4-2-001,Phase1_required,DESIGN_PRACTICE_TRACEABILITY_REQUIRED,DESIGN_DATA_BOOK,P1,標準的な床版厚・ハンチ形状の推奨値がデザインデータブック等に示されているか確認する（APOLLO初期値と同一視しない）。,実務推奨値と基準要求の分離が必要,MAN-004,4,NONE,2.1,NONE,床版厚を指定して下さい。全入力にて各横断・桁毎の床版厚が指定出来ますが、設計計算では考慮出来ませんので、別途荷重調整等が必要となります。,NONE,NONE,UNKNOWN,NOT_SELECTED,NO,NO,NO,LOW,NO,NONE,EXTERNAL_SOURCE_LOOKUP,candidate_hint=YES,IDENTIFIED
T5A-0105,F4-P2-002,haunch,ハンチ高の設定,src:F4-2-002,Phase1_required,STANDARD_TRACEABILITY_REQUIRED,RBS_CONCRETE,P0,RC床版/ハンチ「ハンチ高の設定」の最小厚・支間・張出・照査に関し、適用年版の道路橋示方書（コンクリート関係）規定を確認する。,床版・ハンチは構造規定の照合が必要,MAN-004,4,NONE,2.2,NONE,入力条件および計算条件を入力後「計算実行 >>」ボタンをクリックして下さい。右側に結果が表示されますので、問題ない場合は「次へ＞＞」ボタンをクリックし、各桁すべての設定を行って下さい。,NONE,NONE,UNKNOWN,NOT_SELECTED,NO,NO,YES,LOW,YES,NONE,EXTERNAL_SOURCE_LOOKUP,candidate_hint=YES,IDENTIFIED
T5A-0106,F4-P2-002,haunch,ハンチ高の設定,src:F4-2-002,Phase1_required,DESIGN_PRACTICE_TRACEABILITY_REQUIRED,DESIGN_DATA_BOOK,P1,標準的な床版厚・ハンチ形状の推奨値がデザインデータブック等に示されているか確認する（APOLLO初期値と同一視しない）。,実務推奨値と基準要求の分離が必要,MAN-004,4,NONE,2.2,NONE,入力条件および計算条件を入力後「計算実行 >>」ボタンをクリックして下さい。右側に結果が表示されますので、問題ない場合は「次へ＞＞」ボタンをクリックし、各桁すべての設定を行って下さい。,NONE,NONE,UNKNOWN,NOT_SELECTED,NO,NO,YES,LOW,NO,NONE,EXTERNAL_SOURCE_LOOKUP,candidate_hint=YES,IDENTIFIED
T5A-0107,F4-P2-003,haunch,単位系指定,src:F4-2-003,Phase1_required,STANDARD_TRACEABILITY_REQUIRED,RBS_CONCRETE,P0,RC床版/ハンチ「単位系指定」の最小厚・支間・張出・照査に関し、適用年版の道路橋示方書（コンクリート関係）規定を確認する。,床版・ハンチは構造規定の照合が必要,MAN-004,5,NONE,3.1,NONE,ハンチ重量計算用の単位重量等を指定して、「次へ＞＞」ボタンをクリックして下さい。,NONE,NONE,UNKNOWN,NOT_SELECTED,NO,NO,NO,LOW,YES,NONE,EXTERNAL_SOURCE_LOOKUP,candidate_hint=YES,IDENTIFIED
T5A-0108,F4-P2-003,haunch,単位系指定,src:F4-2-003,Phase1_required,DESIGN_PRACTICE_TRACEABILITY_REQUIRED,DESIGN_DATA_BOOK,P1,標準的な床版厚・ハンチ形状の推奨値がデザインデータブック等に示されているか確認する（APOLLO初期値と同一視しない）。,実務推奨値と基準要求の分離が必要,MAN-004,5,NONE,3.1,NONE,ハンチ重量計算用の単位重量等を指定して、「次へ＞＞」ボタンをクリックして下さい。,NONE,NONE,UNKNOWN,NOT_SELECTED,NO,NO,NO,LOW,NO,NONE,EXTERNAL_SOURCE_LOOKUP,candidate_hint=YES,IDENTIFIED
T5A-0109,F4-P2-004,haunch_geometry,ハンチ形状の設定,src:F4-2-004,Phase1_required,STANDARD_TRACEABILITY_REQUIRED,RBS_CONCRETE,P0,RC床版/ハンチ「ハンチ形状の設定」の最小厚・支間・張出・照査に関し、適用年版の道路橋示方書（コンクリート関係）規定を確認する。,床版・ハンチは構造規定の照合が必要,MAN-004,5,NONE,3.2,NONE,ハンチ計算用のハンチ幅およびテーパー等を入力し、「ＯＫ」ボタンをクリックして下さい。,NONE,NONE,UNKNOWN,NOT_SELECTED,NO,NO,NO,LOW,YES,NONE,EXTERNAL_SOURCE_LOOKUP,candidate_hint=YES,IDENTIFIED
T5A-0110,F4-P2-004,haunch_geometry,ハンチ形状の設定,src:F4-2-004,Phase1_required,DESIGN_PRACTICE_TRACEABILITY_REQUIRED,DESIGN_DATA_BOOK,P1,標準的な床版厚・ハンチ形状の推奨値がデザインデータブック等に示されているか確認する（APOLLO初期値と同一視しない）。,実務推奨値と基準要求の分離が必要,MAN-004,5,NONE,3.2,NONE,ハンチ計算用のハンチ幅およびテーパー等を入力し、「ＯＫ」ボタンをクリックして下さい。,NONE,NONE,UNKNOWN,NOT_SELECTED,NO,NO,NO,LOW,NO,NONE,EXTERNAL_SOURCE_LOOKUP,candidate_hint=YES,IDENTIFIED
T5A-0111,F4-P2-005,haunch_calculation,ハンチ計算結果の設計情報への反映,src:F4-2-005,Phase1_required,STANDARD_TRACEABILITY_REQUIRED,RBS_CONCRETE,P0,RC床版/ハンチ「ハンチ計算結果の設計情報への反映」の最小厚・支間・張出・照査に関し、適用年版の道路橋示方書（コンクリート関係）規定を確認する。,床版・ハンチは構造規定の照合が必要,MAN-004,6,NONE,4,NONE,再計算されたハンチ結果を設計情報に上書きする確認ダイアログが表示されますので、条件を設定して下さい。（ハンチが更新された場合は、上書きを推奨致します）,NONE,NONE,UNKNOWN,NOT_SELECTED,NO,NO,YES,LOW,YES,NONE,EXTERNAL_SOURCE_LOOKUP,candidate_hint=YES,IDENTIFIED
T5A-0112,F4-P2-005,haunch_calculation,ハンチ計算結果の設計情報への反映,src:F4-2-005,Phase1_required,DESIGN_PRACTICE_TRACEABILITY_REQUIRED,DESIGN_DATA_BOOK,P1,標準的な床版厚・ハンチ形状の推奨値がデザインデータブック等に示されているか確認する（APOLLO初期値と同一視しない）。,実務推奨値と基準要求の分離が必要,MAN-004,6,NONE,4,NONE,再計算されたハンチ結果を設計情報に上書きする確認ダイアログが表示されますので、条件を設定して下さい。（ハンチが更新された場合は、上書きを推奨致します）,NONE,NONE,UNKNOWN,NOT_SELECTED,NO,NO,YES,LOW,NO,NONE,EXTERNAL_SOURCE_LOOKUP,candidate_hint=YES,IDENTIFIED
T5A-0113,F4-P2-006,rc_slab,床版照査位置決定,src:F4-2-006,Phase1_required,STANDARD_TRACEABILITY_REQUIRED,RBS_CONCRETE,P0,RC床版/ハンチ「床版照査位置決定」の最小厚・支間・張出・照査に関し、適用年版の道路橋示方書（コンクリート関係）規定を確認する。,床版・ハンチは構造規定の照合が必要,MAN-006,4,NONE,2.1(1),NONE,初回は以下の床版リンク画面が表示されます。必要に応じて床版照査位置を決定して下さい。,NONE,NONE,UNKNOWN,NOT_SELECTED,NO,NO,YES,LOW,YES,NONE,EXTERNAL_SOURCE_LOOKUP,candidate_hint=YES,IDENTIFIED
T5A-0114,F4-P2-006,rc_slab,床版照査位置決定,src:F4-2-006,Phase1_required,DESIGN_PRACTICE_TRACEABILITY_REQUIRED,DESIGN_DATA_BOOK,P1,標準的な床版厚・ハンチ形状の推奨値がデザインデータブック等に示されているか確認する（APOLLO初期値と同一視しない）。,実務推奨値と基準要求の分離が必要,MAN-006,4,NONE,2.1(1),NONE,初回は以下の床版リンク画面が表示されます。必要に応じて床版照査位置を決定して下さい。,NONE,NONE,UNKNOWN,NOT_SELECTED,NO,NO,YES,LOW,NO,NONE,EXTERNAL_SOURCE_LOOKUP,candidate_hint=YES,IDENTIFIED
T5A-0115,F4-P2-007,rc_slab,かぶり量の指定,src:F4-2-007,Phase1_required,STANDARD_TRACEABILITY_REQUIRED,RBS_CONCRETE,P0,RC床版/ハンチ「かぶり量の指定」の最小厚・支間・張出・照査に関し、適用年版の道路橋示方書（コンクリート関係）規定を確認する。,床版・ハンチは構造規定の照合が必要,MAN-006,5,NONE,2.1(2),NONE,「基本条件」ボタン「計算条件」タグにて、かぶり量の指定が可能です。,NONE,NONE,UNKNOWN,NOT_SELECTED,NO,NO,NO,LOW,YES,NONE,EXTERNAL_SOURCE_LOOKUP,candidate_hint=YES,IDENTIFIED
T5A-0116,F4-P2-007,rc_slab,かぶり量の指定,src:F4-2-007,Phase1_required,DESIGN_PRACTICE_TRACEABILITY_REQUIRED,DESIGN_DATA_BOOK,P1,標準的な床版厚・ハンチ形状の推奨値がデザインデータブック等に示されているか確認する（APOLLO初期値と同一視しない）。,実務推奨値と基準要求の分離が必要,MAN-006,5,NONE,2.1(2),NONE,「基本条件」ボタン「計算条件」タグにて、かぶり量の指定が可能です。,NONE,NONE,UNKNOWN,NOT_SELECTED,NO,NO,NO,LOW,NO,NONE,EXTERNAL_SOURCE_LOOKUP,candidate_hint=YES,IDENTIFIED
T5A-0117,F4-P2-008,rc_slab,配力筋照査の出力方法,src:F4-2-008,Phase1_required,STANDARD_TRACEABILITY_REQUIRED,RBS_CONCRETE,P0,RC床版/ハンチ「配力筋照査の出力方法」の最小厚・支間・張出・照査に関し、適用年版の道路橋示方書（コンクリート関係）規定を確認する。,床版・ハンチは構造規定の照合が必要,MAN-006,6,NONE,2.1(3),NONE,配力筋照査の出力方法が、デフォルトでは◎計算点から応力最大箇所のみ出力となっていますので、◎全計算点の結果を出力を選択して下さい。,NONE,NONE,UNKNOWN,NOT_SELECTED,NO,YES,NO,LOW,YES,NONE,EXTERNAL_SOURCE_LOOKUP,candidate_hint=YES,IDENTIFIED
T5A-0118,F4-P2-008,rc_slab,配力筋照査の出力方法,src:F4-2-008,Phase1_required,DESIGN_PRACTICE_TRACEABILITY_REQUIRED,DESIGN_DATA_BOOK,P1,標準的な床版厚・ハンチ形状の推奨値がデザインデータブック等に示されているか確認する（APOLLO初期値と同一視しない）。,実務推奨値と基準要求の分離が必要,MAN-006,6,NONE,2.1(3),NONE,配力筋照査の出力方法が、デフォルトでは◎計算点から応力最大箇所のみ出力となっていますので、◎全計算点の結果を出力を選択して下さい。,NONE,NONE,UNKNOWN,NOT_SELECTED,NO,YES,NO,LOW,NO,NONE,EXTERNAL_SOURCE_LOOKUP,candidate_hint=YES,IDENTIFIED
T5A-0119,F4-P2-009,haunch,フランジ厚およびハンチ内鉄筋の指定,src:F4-2-009,Phase1_required,STANDARD_TRACEABILITY_REQUIRED,RBS_CONCRETE,P0,RC床版/ハンチ「フランジ厚およびハンチ内鉄筋の指定」の最小厚・支間・張出・照査に関し、適用年版の道路橋示方書（コンクリート関係）規定を確認する。,床版・ハンチは構造規定の照合が必要,MAN-006,6,NONE,2.1(4),NONE,「横断形状」ボタン「ハンチ高・フランジ厚」タグにて、指定されておりますので、再度確認下さい。,NONE,NONE,UNKNOWN,NOT_SELECTED,NO,NO,NO,LOW,YES,NONE,EXTERNAL_SOURCE_LOOKUP,candidate_hint=YES,IDENTIFIED
T5A-0120,F4-P2-009,haunch,フランジ厚およびハンチ内鉄筋の指定,src:F4-2-009,Phase1_required,DESIGN_PRACTICE_TRACEABILITY_REQUIRED,DESIGN_DATA_BOOK,P1,標準的な床版厚・ハンチ形状の推奨値がデザインデータブック等に示されているか確認する（APOLLO初期値と同一視しない）。,実務推奨値と基準要求の分離が必要,MAN-006,6,NONE,2.1(4),NONE,「横断形状」ボタン「ハンチ高・フランジ厚」タグにて、指定されておりますので、再度確認下さい。,NONE,NONE,UNKNOWN,NOT_SELECTED,NO,NO,NO,LOW,NO,NONE,EXTERNAL_SOURCE_LOOKUP,candidate_hint=YES,IDENTIFIED
T5A-0121,F4-P2-010,slab_load_input,床版設計荷重指定,src:F4-2-010,Phase1_required,STANDARD_TRACEABILITY_REQUIRED,RBS_COMMON,P0,「床版設計荷重指定」について、適用年版の道路橋示方書に定義・載荷方法・組合せ規則がどう規定されているか確認する。,荷重は計算結果を左右するため外部照合が必要,MAN-006,7,NONE,2.1(5),NONE,「荷重」ボタン「その他荷重」および「片持部水平荷重」にて、床版設計時のみに考慮する荷重が指定出来ます。（「荷重」タグの荷重については、桁設計にも使用される荷重ですので、変更は出来ません）,NONE,NONE,UNKNOWN,NOT_SELECTED,NO,NO,NO,LOW,YES,NONE,EXTERNAL_SOURCE_LOOKUP,candidate_hint=YES,IDENTIFIED
T5A-0122,F4-P2-011,slab_reinforcement_input,主鉄筋および配力鉄筋の指定,src:F4-2-011,Phase1_required,JIS_TRACEABILITY_REQUIRED,JIS_REBAR,P0,床版鉄筋の種類・規格・呼び名がどのJISに対応するか確認する。,鉄筋材料はJIS照合が必要,MAN-006,8,NONE,2.1(6),NONE,メイン画面にて、断面指定および床版厚を指定にする事により、主鉄筋および配力鉄筋断面および配力鉄筋計算時床版厚が指定可能です。指定後、「計算実行」ボタンをクリックする事により、応力度計算結果が更新されます。,NONE,NONE,UNKNOWN,NOT_SELECTED,NO,NO,NO,LOW,YES,NONE,EXTERNAL_SOURCE_LOOKUP,candidate_hint=YES,IDENTIFIED
T5A-0123,F4-P2-011,slab_reinforcement_input,主鉄筋および配力鉄筋の指定,src:F4-2-011,Phase1_required,STANDARD_TRACEABILITY_REQUIRED,RBS_CONCRETE,P0,配筋量・かぶり・間隔等の設計規定が道路橋示方書にどうあるか確認する。,配筋は示方書照合が必要,MAN-006,8,NONE,2.1(6),NONE,メイン画面にて、断面指定および床版厚を指定にする事により、主鉄筋および配力鉄筋断面および配力鉄筋計算時床版厚が指定可能です。指定後、「計算実行」ボタンをクリックする事により、応力度計算結果が更新されます。,NONE,NONE,UNKNOWN,NOT_SELECTED,NO,NO,NO,LOW,YES,NONE,EXTERNAL_SOURCE_LOOKUP,candidate_hint=YES,IDENTIFIED
T5A-0124,F4-P2-011,slab_reinforcement_input,主鉄筋および配力鉄筋の指定,src:F4-2-011,Phase1_required,MULTIPLE_SOURCES_REQUIRED,JIS_REBAR,P0,JIS規格値と道路橋示方書の配筋規定を組み合わせて読む必要がある項目を列挙する。,複数資料が必要,MAN-006,8,NONE,2.1(6),NONE,メイン画面にて、断面指定および床版厚を指定にする事により、主鉄筋および配力鉄筋断面および配力鉄筋計算時床版厚が指定可能です。指定後、「計算実行」ボタンをクリックする事により、応力度計算結果が更新されます。,NONE,NONE,UNKNOWN,NOT_SELECTED,NO,NO,NO,LOW,YES,NONE,EXTERNAL_SOURCE_LOOKUP,candidate_hint=YES,IDENTIFIED
T5A-0125,F4-P2-012,rc_slab,計算書出力,src:F4-2-012,Phase1_required,STANDARD_TRACEABILITY_REQUIRED,RBS_CONCRETE,P0,RC床版/ハンチ「計算書出力」の最小厚・支間・張出・照査に関し、適用年版の道路橋示方書（コンクリート関係）規定を確認する。,床版・ハンチは構造規定の照合が必要,MAN-006,9,NONE,2.1(7),NONE,「計算＆出力」―「計算書＆詳細計算書の作成」にて、床版設計計算書を出力出来ます。,NONE,NONE,UNKNOWN,NOT_SELECTED,NO,NO,NO,LOW,YES,NONE,EXTERNAL_SOURCE_LOOKUP,candidate_hint=YES,IDENTIFIED
T5A-0126,F4-P2-012,rc_slab,計算書出力,src:F4-2-012,Phase1_required,DESIGN_PRACTICE_TRACEABILITY_REQUIRED,DESIGN_DATA_BOOK,P1,標準的な床版厚・ハンチ形状の推奨値がデザインデータブック等に示されているか確認する（APOLLO初期値と同一視しない）。,実務推奨値と基準要求の分離が必要,MAN-006,9,NONE,2.1(7),NONE,「計算＆出力」―「計算書＆詳細計算書の作成」にて、床版設計計算書を出力出来ます。,NONE,NONE,UNKNOWN,NOT_SELECTED,NO,NO,NO,LOW,NO,NONE,EXTERNAL_SOURCE_LOOKUP,candidate_hint=YES,IDENTIFIED
T5A-0127,F4-P2-013,slab_result_output,支点補強筋 計算書出力（国土交通省形式）,src:F4-2-013,Phase1_required,DESIGN_PRACTICE_TRACEABILITY_REQUIRED,DESIGN_MANUAL,P1,マニュアルが言及する「鋼道路橋設計便覧方法（死荷重曲げ変局点を算出）」について、該当する設計便覧の該当箇所・適用条件・年版を確認する（適合判定はしない）。,MAN-006に鋼道路橋設計便覧方法の明示あり。年版は未記載のためUNKNOWN。,MAN-006,10,NONE,3.1,NONE,設計基準が道路公団以外の場合、以下のダイヤログが表示され、「計算書出力」により、鋼道路橋設計便覧方法（死荷重曲げ変局点を算出）の計算書を出力します。,鋼道路橋設計便覧,NONE,NAME_STATED_EDITION_UNKNOWN,NOT_SELECTED,NO,YES,YES,LOW,NO,NONE,EXTERNAL_SOURCE_LOOKUP,Grok evidence-based reclass; APOLLO初期値と便覧規定を同一視しない,IDENTIFIED
T5A-0128,F4-P2-013,slab_result_output,支点補強筋 計算書出力（国土交通省形式）,src:F4-2-013,Phase1_required,SOFTWARE_SPECIFIC,APOLLO_MANUAL_ONLY,P2,設計基準が道路公団以外の場合の計算書出力ダイアログ挙動はAPOLLO仕様として整理する。,画面・出力切替のソフト仕様,MAN-006,10,NONE,3.1,NONE,設計基準が道路公団以外の場合、以下のダイヤログが表示され、「計算書出力」により、鋼道路橋設計便覧方法（死荷重曲げ変局点を算出）の計算書を出力します。,鋼道路橋設計便覧,NONE,NAME_STATED_EDITION_UNKNOWN,NOT_SELECTED,NO,YES,YES,LOW,NO,NONE,NO_EXTERNAL_LOOKUP,UI behavior separated from design-manual content lookup,IDENTIFIED
T5A-0129,F4-P2-014,slab_result_output,支点補強筋 計算書出力（道路公団形式）,src:F4-2-014,Phase1_required,STANDARD_TRACEABILITY_REQUIRED,RBS_CONCRETE,P0,RC床版/ハンチ「支点補強筋 計算書出力（道路公団形式）」の最小厚・支間・張出・照査に関し、適用年版の道路橋示方書（コンクリート関係）規定を確認する。,床版・ハンチは構造規定の照合が必要,MAN-006,10,NONE,3.2,NONE,設計基準が道路公団の場合、以下のダイヤログが表示され、「計算書出力」により、道路公団 旧第二集方法（抵抗曲げにより抵抗位置を算出）の計算書を出力します。,NONE,NONE,UNKNOWN,NOT_SELECTED,NO,YES,YES,LOW,YES,NONE,EXTERNAL_SOURCE_LOOKUP,candidate_hint=YES,IDENTIFIED
T5A-0130,F4-P2-014,slab_result_output,支点補強筋 計算書出力（道路公団形式）,src:F4-2-014,Phase1_required,DESIGN_PRACTICE_TRACEABILITY_REQUIRED,DESIGN_DATA_BOOK,P1,標準的な床版厚・ハンチ形状の推奨値がデザインデータブック等に示されているか確認する（APOLLO初期値と同一視しない）。,実務推奨値と基準要求の分離が必要,MAN-006,10,NONE,3.2,NONE,設計基準が道路公団の場合、以下のダイヤログが表示され、「計算書出力」により、道路公団 旧第二集方法（抵抗曲げにより抵抗位置を算出）の計算書を出力します。,NONE,NONE,UNKNOWN,NOT_SELECTED,NO,YES,YES,LOW,NO,NONE,EXTERNAL_SOURCE_LOOKUP,candidate_hint=YES,IDENTIFIED
T5A-0131,F4-P2-015,slab_reinforcement_input,支点補強筋 鉄筋径および本数の指定,src:F4-2-015,Phase1_required,JIS_TRACEABILITY_REQUIRED,JIS_REBAR,P0,床版鉄筋の種類・規格・呼び名がどのJISに対応するか確認する。,鉄筋材料はJIS照合が必要,MAN-006,10,NONE,3.2,NONE,鉄筋径および本数を指定する場合は、「鉄筋入力方法」‑ ◎指定(表入力) を選択し、「ＯＫ」をクリック後、メイン画面の鉄筋径および本数が指定可能となりますので、ご指摘下さい。,NONE,NONE,UNKNOWN,NOT_SELECTED,NO,YES,YES,LOW,YES,NONE,EXTERNAL_SOURCE_LOOKUP,candidate_hint=YES,IDENTIFIED
T5A-0132,F4-P2-015,slab_reinforcement_input,支点補強筋 鉄筋径および本数の指定,src:F4-2-015,Phase1_required,STANDARD_TRACEABILITY_REQUIRED,RBS_CONCRETE,P0,配筋量・かぶり・間隔等の設計規定が道路橋示方書にどうあるか確認する。,配筋は示方書照合が必要,MAN-006,10,NONE,3.2,NONE,鉄筋径および本数を指定する場合は、「鉄筋入力方法」‑ ◎指定(表入力) を選択し、「ＯＫ」をクリック後、メイン画面の鉄筋径および本数が指定可能となりますので、ご指摘下さい。,NONE,NONE,UNKNOWN,NOT_SELECTED,NO,YES,YES,LOW,YES,NONE,EXTERNAL_SOURCE_LOOKUP,candidate_hint=YES,IDENTIFIED
T5A-0133,F4-P2-015,slab_reinforcement_input,支点補強筋 鉄筋径および本数の指定,src:F4-2-015,Phase1_required,MULTIPLE_SOURCES_REQUIRED,JIS_REBAR,P0,JIS規格値と道路橋示方書の配筋規定を組み合わせて読む必要がある項目を列挙する。,複数資料が必要,MAN-006,10,NONE,3.2,NONE,鉄筋径および本数を指定する場合は、「鉄筋入力方法」‑ ◎指定(表入力) を選択し、「ＯＫ」をクリック後、メイン画面の鉄筋径および本数が指定可能となりますので、ご指摘下さい。,NONE,NONE,UNKNOWN,NOT_SELECTED,NO,YES,YES,LOW,YES,NONE,EXTERNAL_SOURCE_LOOKUP,candidate_hint=YES,IDENTIFIED
T5A-0134,F4-P2-016,slab_geometry,slab_geometry,src:F4-2-016,unknown,STANDARD_TRACEABILITY_REQUIRED,RBS_CONCRETE,P0,RC床版/ハンチ「slab_geometry」の最小厚・支間・張出・照査に関し、適用年版の道路橋示方書（コンクリート関係）規定を確認する。,床版・ハンチは構造規定の照合が必要,MAN-006,NONE,NONE,NONE,NONE,NONE,NONE,NONE,UNKNOWN,NOT_SELECTED,NO,NO,NO,MEDIUM,YES,NONE,EXTERNAL_SOURCE_LOOKUP,candidate_hint=NO,IDENTIFIED
T5A-0135,F4-P2-016,slab_geometry,slab_geometry,src:F4-2-016,unknown,DESIGN_PRACTICE_TRACEABILITY_REQUIRED,DESIGN_DATA_BOOK,P1,標準的な床版厚・ハンチ形状の推奨値がデザインデータブック等に示されているか確認する（APOLLO初期値と同一視しない）。,実務推奨値と基準要求の分離が必要,MAN-006,NONE,NONE,NONE,NONE,NONE,NONE,NONE,UNKNOWN,NOT_SELECTED,NO,NO,NO,MEDIUM,NO,NONE,EXTERNAL_SOURCE_LOOKUP,candidate_hint=NO,IDENTIFIED
T5A-0136,F4-P2-017,slab_support_condition,slab_support_condition,src:F4-2-017,unknown,STANDARD_TRACEABILITY_REQUIRED,RBS_CONCRETE,P1,床版の支持条件モデル化が道路橋示方書の床版設計前提と整合するか確認する。,支持条件は設計前提,MAN-006,NONE,NONE,NONE,NONE,NONE,NONE,NONE,UNKNOWN,NOT_SELECTED,NO,NO,NO,MEDIUM,NO,NONE,EXTERNAL_SOURCE_LOOKUP,candidate_hint=NO,IDENTIFIED
T5A-0137,F4-P2-018,slab_material,slab_material,src:F4-2-018,unknown,JIS_TRACEABILITY_REQUIRED,JIS_REBAR,P0,床版鉄筋の種類・規格・呼び名がどのJISに対応するか確認する。,鉄筋材料はJIS照合が必要,MAN-006,NONE,NONE,NONE,NONE,NONE,NONE,NONE,UNKNOWN,NOT_SELECTED,NO,NO,NO,MEDIUM,YES,NONE,EXTERNAL_SOURCE_LOOKUP,candidate_hint=NO,IDENTIFIED
T5A-0138,F4-P2-018,slab_material,slab_material,src:F4-2-018,unknown,STANDARD_TRACEABILITY_REQUIRED,RBS_CONCRETE,P0,配筋量・かぶり・間隔等の設計規定が道路橋示方書にどうあるか確認する。,配筋は示方書照合が必要,MAN-006,NONE,NONE,NONE,NONE,NONE,NONE,NONE,UNKNOWN,NOT_SELECTED,NO,NO,NO,MEDIUM,YES,NONE,EXTERNAL_SOURCE_LOOKUP,candidate_hint=NO,IDENTIFIED
T5A-0139,F4-P2-018,slab_material,slab_material,src:F4-2-018,unknown,MULTIPLE_SOURCES_REQUIRED,JIS_REBAR,P0,JIS規格値と道路橋示方書の配筋規定を組み合わせて読む必要がある項目を列挙する。,複数資料が必要,MAN-006,NONE,NONE,NONE,NONE,NONE,NONE,NONE,UNKNOWN,NOT_SELECTED,NO,NO,NO,MEDIUM,YES,NONE,EXTERNAL_SOURCE_LOOKUP,candidate_hint=NO,IDENTIFIED
T5A-0140,F4-P3-001,section_change,断面変化位置の追加方法,src:F4-3-001,Phase1_required,STANDARD_TRACEABILITY_REQUIRED,RBS_STEEL,P0,非合成鋼鈑桁の「断面変化位置の追加方法」について、最小板厚・幅厚比・断面変化・補剛の要否が適用年版の道路橋示方書に規定されているか確認する。,主桁断面は基準照合が不可欠,MAN-008,5,NONE,2.1 側面図より断面を決定する方法,NONE,断面力表示断面にて、断面を追加したい部分をクリックし、右クリックメニューから「断面変化位置の追加」を行う,NONE,NONE,UNKNOWN,NOT_SELECTED,NO,NO,YES,LOW,YES,NONE,EXTERNAL_SOURCE_LOOKUP,candidate_hint=YES,IDENTIFIED
T5A-0141,F4-P3-002,section_change,断面変化位置の自動決定,src:F4-3-002,Phase1_required,STANDARD_TRACEABILITY_REQUIRED,RBS_STEEL,P0,非合成鋼鈑桁の「断面変化位置の自動決定」について、最小板厚・幅厚比・断面変化・補剛の要否が適用年版の道路橋示方書に規定されているか確認する。,主桁断面は基準照合が不可欠,MAN-008,5,NONE,2.2 最大部材長より断面変化位置を決定する方法,NONE,「実行」-「全断面自動推定」を選択し、最大部材長を入力。内部的に最大部材長付近のパネル1/2点を断面変化位置とする,NONE,NONE,UNKNOWN,NOT_SELECTED,NO,NO,NO,LOW,YES,NONE,EXTERNAL_SOURCE_LOOKUP,candidate_hint=NO,IDENTIFIED
T5A-0142,F4-P3-003,section_change,断面変化位置の手動入力,src:F4-3-003,Phase1_required,STANDARD_TRACEABILITY_REQUIRED,RBS_STEEL,P0,非合成鋼鈑桁の「断面変化位置の手動入力」について、最小板厚・幅厚比・断面変化・補剛の要否が適用年版の道路橋示方書に規定されているか確認する。,主桁断面は基準照合が不可欠,MAN-008,7,NONE,2.3 既存の断面変化位置を入力する方法,NONE,「設計条件」-「断面数・断面長」または「設計条件」-「部材数・部材長」を選択し、1主桁毎に断面数および断面長を指定,NONE,NONE,UNKNOWN,NOT_SELECTED,NO,NO,NO,LOW,YES,NONE,EXTERNAL_SOURCE_LOOKUP,candidate_hint=NO,IDENTIFIED
T5A-0143,F4-P3-004,section_change,断面変化位置の微調整,src:F4-3-004,Phase1_required,STANDARD_TRACEABILITY_REQUIRED,RBS_STEEL,P0,非合成鋼鈑桁の「断面変化位置の微調整」について、最小板厚・幅厚比・断面変化・補剛の要否が適用年版の道路橋示方書に規定されているか確認する。,主桁断面は基準照合が不可欠,MAN-008,8,NONE,3.1 ドラッグ＆ドロップによる調整,NONE,寸法引き出し線付近でマウスをクリックし、ドラッグ＆ドロップで断面変化位置を移動。移動後の位置はパネル1/2点となる,NONE,NONE,UNKNOWN,NOT_SELECTED,NO,NO,NO,LOW,YES,NONE,EXTERNAL_SOURCE_LOOKUP,candidate_hint=YES,IDENTIFIED
T5A-0144,F4-P3-005,section_change,断面長の直接入力,src:F4-3-005,Phase1_required,STANDARD_TRACEABILITY_REQUIRED,RBS_STEEL,P0,非合成鋼鈑桁の「断面長の直接入力」について、最小板厚・幅厚比・断面変化・補剛の要否が適用年版の道路橋示方書に規定されているか確認する。,主桁断面は基準照合が不可欠,MAN-008,9,NONE,3.2 断面長を入力する方法,NONE,断面長および添接長の寸法値をダブルクリックしてダイレクトに寸法入力可能。寸法変更後の長さ調整は老番側の寸法により行う,NONE,NONE,UNKNOWN,NOT_SELECTED,NO,NO,NO,LOW,YES,NONE,EXTERNAL_SOURCE_LOOKUP,candidate_hint=YES,IDENTIFIED
T5A-0145,F4-P3-006,section_change,断面計算の実行,src:F4-3-006,Phase1_required,STANDARD_TRACEABILITY_REQUIRED,RBS_STEEL,P0,非合成鋼鈑桁の「断面計算の実行」について、最小板厚・幅厚比・断面変化・補剛の要否が適用年版の道路橋示方書に規定されているか確認する。,主桁断面は基準照合が不可欠,MAN-008,11,NONE,4.1 断面計算方法,NONE,キーボードのファンクション「F5」を押して断面計算を行う。「実行」-「断面計算(着目桁)」または「全桁全断面の再計算」でも実行可能,NONE,NONE,UNKNOWN,NOT_SELECTED,NO,NO,NO,LOW,YES,NONE,EXTERNAL_SOURCE_LOOKUP,candidate_hint=NO,IDENTIFIED
T5A-0146,F4-P3-007,section_change,断面推定機能,src:F4-3-007,Phase1_required,STANDARD_TRACEABILITY_REQUIRED,RBS_STEEL,P0,非合成鋼鈑桁の「断面推定機能」について、最小板厚・幅厚比・断面変化・補剛の要否が適用年版の道路橋示方書に規定されているか確認する。,主桁断面は基準照合が不可欠,MAN-008,11,NONE,4.2 断面推定機能,NONE,断面形状板厚等に0を入力して断面計算を行うと、0と入力した箇所のみ断面推定する。「実行」-「全断面自動推定」で板厚および板幅の推定を行う,NONE,NONE,UNKNOWN,NOT_SELECTED,YES,NO,NO,LOW,YES,NONE,EXTERNAL_SOURCE_LOOKUP,candidate_hint=YES,IDENTIFIED
T5A-0147,F4-P3-008,section_check,断面チェック機能,src:F4-3-008,Phase1_required,STANDARD_TRACEABILITY_REQUIRED,RBS_STEEL,P0,断面計算の照査項目（応力度・幅厚比等）が道路橋示方書のどの規定に対応するか確認する。,照査は基準なしに確定できない,MAN-008,16,NONE,7. 断面チェック機能の説明,NONE,断面チェック機能の説明（詳細は不明）,NONE,NONE,UNKNOWN,NOT_SELECTED,NO,NO,NO,LOW,YES,NONE,EXTERNAL_SOURCE_LOOKUP,candidate_hint=NO,IDENTIFIED
T5A-0148,F4-P3-009,section_check,断面計算書の出力,src:F4-3-009,Phase1_required,STANDARD_TRACEABILITY_REQUIRED,RBS_STEEL,P0,断面計算の照査項目（応力度・幅厚比等）が道路橋示方書のどの規定に対応するか確認する。,照査は基準なしに確定できない,MAN-008,17,NONE,8. 断面計算書の出力,NONE,「断面計算書」の出力機能（詳細は不明）,NONE,NONE,UNKNOWN,NOT_SELECTED,NO,YES,NO,LOW,YES,NONE,EXTERNAL_SOURCE_LOOKUP,candidate_hint=YES,IDENTIFIED
T5A-0149,F4-P3-010,splice,添接計算の実行,src:F4-3-010,Phase1_required,STANDARD_TRACEABILITY_REQUIRED,RBS_STEEL,P0,添接「添接計算の実行」の継手強度・摩擦接合の考え方に関する道路橋示方書規定を確認する。,添接設計は示方書照合,MAN-008,21,NONE,10. 添接計算実行方法,NONE,添接計算の実行方法（詳細は不明）,NONE,NONE,UNKNOWN,NOT_SELECTED,NO,NO,NO,LOW,YES,NONE,EXTERNAL_SOURCE_LOOKUP,candidate_hint=YES,IDENTIFIED
T5A-0150,F4-P3-010,splice,添接計算の実行,src:F4-3-010,Phase1_required,JIS_TRACEABILITY_REQUIRED,JIS_BOLT,P0,高力ボルトの規格・等級・孔径関連のJISを確認する。,ボルトはJIS,MAN-008,21,NONE,10. 添接計算実行方法,NONE,添接計算の実行方法（詳細は不明）,NONE,NONE,UNKNOWN,NOT_SELECTED,NO,NO,NO,LOW,YES,NONE,EXTERNAL_SOURCE_LOOKUP,candidate_hint=YES,IDENTIFIED
T5A-0151,F4-P3-010,splice,添接計算の実行,src:F4-3-010,Phase1_required,MULTIPLE_SOURCES_REQUIRED,RBS_STEEL,P0,示方書の継手規定とJISボルト規格を組み合わせて読む項目を洗い出す。,複数資料必須,MAN-008,21,NONE,10. 添接計算実行方法,NONE,添接計算の実行方法（詳細は不明）,NONE,NONE,UNKNOWN,NOT_SELECTED,NO,NO,NO,LOW,YES,NONE,EXTERNAL_SOURCE_LOOKUP,candidate_hint=YES,IDENTIFIED
T5A-0152,F4-P3-011,splice_bolt,フランジボルト配置変更方法1,src:F4-3-011,Phase1_required,JIS_TRACEABILITY_REQUIRED,JIS_BOLT,P0,「フランジボルト配置変更方法1」に関し、ボルト径・孔径・ピッチ・ゲージ・縁端距離のJIS/関連規格を確認する。,ボルト寸法はJIS系照合,MAN-009,6,NONE,3.1 フランジボルト配置変更方法1,NONE,自動配置を「3：全指定」に変更し、「ピッチ入力」で配置を「2：千鳥(鈑桁フランジ用)」に変更。ゲージ入力でn1@に2、g1に-1を入力,NONE,NONE,UNKNOWN,NOT_SELECTED,NO,NO,NO,LOW,YES,NONE,EXTERNAL_SOURCE_LOOKUP,candidate_hint=YES,IDENTIFIED
T5A-0153,F4-P3-011,splice_bolt,フランジボルト配置変更方法1,src:F4-3-011,Phase1_required,STANDARD_TRACEABILITY_REQUIRED,RBS_STEEL,P0,縁端距離・ピッチ等の最小値が道路橋示方書側にも規定されているか確認する。,示方書にも寸法規定がある可能性,MAN-009,6,NONE,3.1 フランジボルト配置変更方法1,NONE,自動配置を「3：全指定」に変更し、「ピッチ入力」で配置を「2：千鳥(鈑桁フランジ用)」に変更。ゲージ入力でn1@に2、g1に-1を入力,NONE,NONE,UNKNOWN,NOT_SELECTED,NO,NO,NO,LOW,YES,NONE,EXTERNAL_SOURCE_LOOKUP,candidate_hint=YES,IDENTIFIED
T5A-0154,F4-P3-011,splice_bolt,フランジボルト配置変更方法1,src:F4-3-011,Phase1_required,MULTIPLE_SOURCES_REQUIRED,JIS_BOLT,P0,JISと示方書のどちらが支配的かを、適合判定せずに条文役割として整理する。,複数資料,MAN-009,6,NONE,3.1 フランジボルト配置変更方法1,NONE,自動配置を「3：全指定」に変更し、「ピッチ入力」で配置を「2：千鳥(鈑桁フランジ用)」に変更。ゲージ入力でn1@に2、g1に-1を入力,NONE,NONE,UNKNOWN,NOT_SELECTED,NO,NO,NO,LOW,YES,NONE,EXTERNAL_SOURCE_LOOKUP,candidate_hint=YES,IDENTIFIED
T5A-0155,F4-P3-012,splice_bolt,ボルト本数不足時の再計算,src:F4-3-012,Phase1_required,JIS_TRACEABILITY_REQUIRED,JIS_BOLT,P0,「ボルト本数不足時の再計算」に関し、ボルト径・孔径・ピッチ・ゲージ・縁端距離のJIS/関連規格を確認する。,ボルト寸法はJIS系照合,MAN-009,8,NONE,3.1(8) 計算実行,NONE,ボルト本数不足が発生した場合、自動配置を「２：ゲージ指定」に再度変更し、「再計算」をクリックしてボルト本数を満足するボルト配置を決定,NONE,NONE,UNKNOWN,NOT_SELECTED,YES,NO,NO,LOW,YES,NONE,EXTERNAL_SOURCE_LOOKUP,candidate_hint=YES,IDENTIFIED
T5A-0156,F4-P3-012,splice_bolt,ボルト本数不足時の再計算,src:F4-3-012,Phase1_required,STANDARD_TRACEABILITY_REQUIRED,RBS_STEEL,P0,縁端距離・ピッチ等の最小値が道路橋示方書側にも規定されているか確認する。,示方書にも寸法規定がある可能性,MAN-009,8,NONE,3.1(8) 計算実行,NONE,ボルト本数不足が発生した場合、自動配置を「２：ゲージ指定」に再度変更し、「再計算」をクリックしてボルト本数を満足するボルト配置を決定,NONE,NONE,UNKNOWN,NOT_SELECTED,YES,NO,NO,LOW,YES,NONE,EXTERNAL_SOURCE_LOOKUP,candidate_hint=YES,IDENTIFIED
T5A-0157,F4-P3-012,splice_bolt,ボルト本数不足時の再計算,src:F4-3-012,Phase1_required,MULTIPLE_SOURCES_REQUIRED,JIS_BOLT,P0,JISと示方書のどちらが支配的かを、適合判定せずに条文役割として整理する。,複数資料,MAN-009,8,NONE,3.1(8) 計算実行,NONE,ボルト本数不足が発生した場合、自動配置を「２：ゲージ指定」に再度変更し、「再計算」をクリックしてボルト本数を満足するボルト配置を決定,NONE,NONE,UNKNOWN,NOT_SELECTED,YES,NO,NO,LOW,YES,NONE,EXTERNAL_SOURCE_LOOKUP,candidate_hint=YES,IDENTIFIED
T5A-0158,F4-P3-013,splice_bolt,フランジボルト配置変更方法2,src:F4-3-013,Phase1_required,JIS_TRACEABILITY_REQUIRED,JIS_BOLT,P0,「フランジボルト配置変更方法2」に関し、ボルト径・孔径・ピッチ・ゲージ・縁端距離のJIS/関連規格を確認する。,ボルト寸法はJIS系照合,MAN-009,9,NONE,3.2 フランジボルト配置変更方法2,NONE,ピッチ方向寸法を75mmから標準部45mm・絞り部70mmに変更。ピッチ入力で標準部ピッチに45、絞り部ピッチに70を入力,NONE,NONE,UNKNOWN,NOT_SELECTED,YES,NO,NO,LOW,YES,NONE,EXTERNAL_SOURCE_LOOKUP,candidate_hint=YES,IDENTIFIED
T5A-0159,F4-P3-013,splice_bolt,フランジボルト配置変更方法2,src:F4-3-013,Phase1_required,STANDARD_TRACEABILITY_REQUIRED,RBS_STEEL,P0,縁端距離・ピッチ等の最小値が道路橋示方書側にも規定されているか確認する。,示方書にも寸法規定がある可能性,MAN-009,9,NONE,3.2 フランジボルト配置変更方法2,NONE,ピッチ方向寸法を75mmから標準部45mm・絞り部70mmに変更。ピッチ入力で標準部ピッチに45、絞り部ピッチに70を入力,NONE,NONE,UNKNOWN,NOT_SELECTED,YES,NO,NO,LOW,YES,NONE,EXTERNAL_SOURCE_LOOKUP,candidate_hint=YES,IDENTIFIED
T5A-0160,F4-P3-013,splice_bolt,フランジボルト配置変更方法2,src:F4-3-013,Phase1_required,MULTIPLE_SOURCES_REQUIRED,JIS_BOLT,P0,JISと示方書のどちらが支配的かを、適合判定せずに条文役割として整理する。,複数資料,MAN-009,9,NONE,3.2 フランジボルト配置変更方法2,NONE,ピッチ方向寸法を75mmから標準部45mm・絞り部70mmに変更。ピッチ入力で標準部ピッチに45、絞り部ピッチに70を入力,NONE,NONE,UNKNOWN,NOT_SELECTED,YES,NO,NO,LOW,YES,NONE,EXTERNAL_SOURCE_LOOKUP,candidate_hint=YES,IDENTIFIED
T5A-0161,F4-P3-014,splice_plate,添接板厚不足時の再計算,src:F4-3-014,Phase1_required,STANDARD_TRACEABILITY_REQUIRED,RBS_STEEL,P0,添接「添接板厚不足時の再計算」の継手強度・摩擦接合の考え方に関する道路橋示方書規定を確認する。,添接設計は示方書照合,MAN-009,10,NONE,3.2(5) 計算実行,NONE,添接板厚に”0”を入力後、「再計算」をクリックして添接板厚を満足する板厚を決定,NONE,NONE,UNKNOWN,NOT_SELECTED,YES,NO,NO,LOW,YES,NONE,EXTERNAL_SOURCE_LOOKUP,candidate_hint=YES,IDENTIFIED
T5A-0162,F4-P3-014,splice_plate,添接板厚不足時の再計算,src:F4-3-014,Phase1_required,JIS_TRACEABILITY_REQUIRED,JIS_BOLT,P0,高力ボルトの規格・等級・孔径関連のJISを確認する。,ボルトはJIS,MAN-009,10,NONE,3.2(5) 計算実行,NONE,添接板厚に”0”を入力後、「再計算」をクリックして添接板厚を満足する板厚を決定,NONE,NONE,UNKNOWN,NOT_SELECTED,YES,NO,NO,LOW,YES,NONE,EXTERNAL_SOURCE_LOOKUP,candidate_hint=YES,IDENTIFIED
T5A-0163,F4-P3-014,splice_plate,添接板厚不足時の再計算,src:F4-3-014,Phase1_required,MULTIPLE_SOURCES_REQUIRED,RBS_STEEL,P0,示方書の継手規定とJISボルト規格を組み合わせて読む項目を洗い出す。,複数資料必須,MAN-009,10,NONE,3.2(5) 計算実行,NONE,添接板厚に”0”を入力後、「再計算」をクリックして添接板厚を満足する板厚を決定,NONE,NONE,UNKNOWN,NOT_SELECTED,YES,NO,NO,LOW,YES,NONE,EXTERNAL_SOURCE_LOOKUP,candidate_hint=YES,IDENTIFIED
T5A-0164,F4-P3-015,splice_bolt,腹板ボルト配置変更方法,src:F4-3-015,Phase1_required,JIS_TRACEABILITY_REQUIRED,JIS_BOLT,P0,「腹板ボルト配置変更方法」に関し、ボルト径・孔径・ピッチ・ゲージ・縁端距離のJIS/関連規格を確認する。,ボルト寸法はJIS系照合,MAN-009,11,NONE,3.3 腹板ボルト配置変更方法,NONE,"自動配置を「2：ゲージ指定」に変更。ゲージ入力で◎腹板方式を有効とし、ゲージ種類数を3と入力。n1@,g1およびn3@,g3を2,75、n2@を12、g2を-1として入力",NONE,NONE,UNKNOWN,NOT_SELECTED,NO,YES,NO,LOW,YES,NONE,EXTERNAL_SOURCE_LOOKUP,candidate_hint=YES,IDENTIFIED
T5A-0165,F4-P3-015,splice_bolt,腹板ボルト配置変更方法,src:F4-3-015,Phase1_required,STANDARD_TRACEABILITY_REQUIRED,RBS_STEEL,P0,縁端距離・ピッチ等の最小値が道路橋示方書側にも規定されているか確認する。,示方書にも寸法規定がある可能性,MAN-009,11,NONE,3.3 腹板ボルト配置変更方法,NONE,"自動配置を「2：ゲージ指定」に変更。ゲージ入力で◎腹板方式を有効とし、ゲージ種類数を3と入力。n1@,g1およびn3@,g3を2,75、n2@を12、g2を-1として入力",NONE,NONE,UNKNOWN,NOT_SELECTED,NO,YES,NO,LOW,YES,NONE,EXTERNAL_SOURCE_LOOKUP,candidate_hint=YES,IDENTIFIED
T5A-0166,F4-P3-015,splice_bolt,腹板ボルト配置変更方法,src:F4-3-015,Phase1_required,MULTIPLE_SOURCES_REQUIRED,JIS_BOLT,P0,JISと示方書のどちらが支配的かを、適合判定せずに条文役割として整理する。,複数資料,MAN-009,11,NONE,3.3 腹板ボルト配置変更方法,NONE,"自動配置を「2：ゲージ指定」に変更。ゲージ入力で◎腹板方式を有効とし、ゲージ種類数を3と入力。n1@,g1およびn3@,g3を2,75、n2@を12、g2を-1として入力",NONE,NONE,UNKNOWN,NOT_SELECTED,NO,YES,NO,LOW,YES,NONE,EXTERNAL_SOURCE_LOOKUP,candidate_hint=YES,IDENTIFIED
T5A-0167,F4-P3-016,splice_plate,フランジ材端修正方法(母材-5mm),src:F4-3-016,Phase1_required,STANDARD_TRACEABILITY_REQUIRED,RBS_STEEL,P0,添接「フランジ材端修正方法(母材-5mm)」の継手強度・摩擦接合の考え方に関する道路橋示方書規定を確認する。,添接設計は示方書照合,MAN-009,14,NONE,3.4 フランジ材端修正方法(母材-5mm),NONE,変更したいフランジ添接の自動配置を「1：全全自动」に変更。「設計データ変更」-「添接条件」-「構造条件」で添接板幅を”1:母材-5mm(片側)”を選択,NONE,NONE,UNKNOWN,NOT_SELECTED,YES,NO,NO,LOW,YES,NONE,EXTERNAL_SOURCE_LOOKUP,candidate_hint=YES,IDENTIFIED
T5A-0168,F4-P3-016,splice_plate,フランジ材端修正方法(母材-5mm),src:F4-3-016,Phase1_required,JIS_TRACEABILITY_REQUIRED,JIS_BOLT,P0,高力ボルトの規格・等級・孔径関連のJISを確認する。,ボルトはJIS,MAN-009,14,NONE,3.4 フランジ材端修正方法(母材-5mm),NONE,変更したいフランジ添接の自動配置を「1：全全自动」に変更。「設計データ変更」-「添接条件」-「構造条件」で添接板幅を”1:母材-5mm(片側)”を選択,NONE,NONE,UNKNOWN,NOT_SELECTED,YES,NO,NO,LOW,YES,NONE,EXTERNAL_SOURCE_LOOKUP,candidate_hint=YES,IDENTIFIED
T5A-0169,F4-P3-016,splice_plate,フランジ材端修正方法(母材-5mm),src:F4-3-016,Phase1_required,MULTIPLE_SOURCES_REQUIRED,RBS_STEEL,P0,示方書の継手規定とJISボルト規格を組み合わせて読む項目を洗い出す。,複数資料必須,MAN-009,14,NONE,3.4 フランジ材端修正方法(母材-5mm),NONE,変更したいフランジ添接の自動配置を「1：全全自动」に変更。「設計データ変更」-「添接条件」-「構造条件」で添接板幅を”1:母材-5mm(片側)”を選択,NONE,NONE,UNKNOWN,NOT_SELECTED,YES,NO,NO,LOW,YES,NONE,EXTERNAL_SOURCE_LOOKUP,candidate_hint=YES,IDENTIFIED
T5A-0170,F4-P3-017,splice_check,添接計算実行方法,src:F4-3-017,Phase1_required,STANDARD_TRACEABILITY_REQUIRED,RBS_STEEL,P0,添接「添接計算実行方法」の継手強度・摩擦接合の考え方に関する道路橋示方書規定を確認する。,添接設計は示方書照合,MAN-009,17,NONE,4. 添接計算実行方法,NONE,ファンクションまたはメニューによる添接計算実行（詳細は不明）,NONE,NONE,UNKNOWN,NOT_SELECTED,NO,NO,NO,LOW,YES,NONE,EXTERNAL_SOURCE_LOOKUP,candidate_hint=YES,IDENTIFIED
T5A-0171,F4-P3-017,splice_check,添接計算実行方法,src:F4-3-017,Phase1_required,JIS_TRACEABILITY_REQUIRED,JIS_BOLT,P0,高力ボルトの規格・等級・孔径関連のJISを確認する。,ボルトはJIS,MAN-009,17,NONE,4. 添接計算実行方法,NONE,ファンクションまたはメニューによる添接計算実行（詳細は不明）,NONE,NONE,UNKNOWN,NOT_SELECTED,NO,NO,NO,LOW,YES,NONE,EXTERNAL_SOURCE_LOOKUP,candidate_hint=YES,IDENTIFIED
T5A-0172,F4-P3-017,splice_check,添接計算実行方法,src:F4-3-017,Phase1_required,MULTIPLE_SOURCES_REQUIRED,RBS_STEEL,P0,示方書の継手規定とJISボルト規格を組み合わせて読む項目を洗い出す。,複数資料必須,MAN-009,17,NONE,4. 添接計算実行方法,NONE,ファンクションまたはメニューによる添接計算実行（詳細は不明）,NONE,NONE,UNKNOWN,NOT_SELECTED,NO,NO,NO,LOW,YES,NONE,EXTERNAL_SOURCE_LOOKUP,candidate_hint=YES,IDENTIFIED
T5A-0173,F4-P3-018,splice_check,設計計算書出力方法,src:F4-3-018,Phase1_required,STANDARD_TRACEABILITY_REQUIRED,RBS_STEEL,P0,添接「設計計算書出力方法」の継手強度・摩擦接合の考え方に関する道路橋示方書規定を確認する。,添接設計は示方書照合,MAN-009,18,NONE,5. 設計計算書出力方法,NONE,「詳細計算書の作成」を選択し、オプション設定・出力箇所指定を行い計算書を出力（詳細は不明）,NONE,NONE,UNKNOWN,NOT_SELECTED,NO,YES,NO,LOW,YES,NONE,EXTERNAL_SOURCE_LOOKUP,candidate_hint=YES,IDENTIFIED
T5A-0174,F4-P3-018,splice_check,設計計算書出力方法,src:F4-3-018,Phase1_required,JIS_TRACEABILITY_REQUIRED,JIS_BOLT,P0,高力ボルトの規格・等級・孔径関連のJISを確認する。,ボルトはJIS,MAN-009,18,NONE,5. 設計計算書出力方法,NONE,「詳細計算書の作成」を選択し、オプション設定・出力箇所指定を行い計算書を出力（詳細は不明）,NONE,NONE,UNKNOWN,NOT_SELECTED,NO,YES,NO,LOW,YES,NONE,EXTERNAL_SOURCE_LOOKUP,candidate_hint=YES,IDENTIFIED
T5A-0175,F4-P3-018,splice_check,設計計算書出力方法,src:F4-3-018,Phase1_required,MULTIPLE_SOURCES_REQUIRED,RBS_STEEL,P0,示方書の継手規定とJISボルト規格を組み合わせて読む項目を洗い出す。,複数資料必須,MAN-009,18,NONE,5. 設計計算書出力方法,NONE,「詳細計算書の作成」を選択し、オプション設定・出力箇所指定を行い計算書を出力（詳細は不明）,NONE,NONE,UNKNOWN,NOT_SELECTED,NO,YES,NO,LOW,YES,NONE,EXTERNAL_SOURCE_LOOKUP,candidate_hint=YES,IDENTIFIED
T5A-0176,F4-P3-019,section_definition,システムの構成,src:F4-3-019,Phase1_required,STANDARD_TRACEABILITY_REQUIRED,RBS_STEEL,P0,非合成鋼鈑桁の「システムの構成」について、最小板厚・幅厚比・断面変化・補剛の要否が適用年版の道路橋示方書に規定されているか確認する。,主桁断面は基準照合が不可欠,MAN-062,2,NONE,2.1 全体構成,NONE,本システムは、主桁の設計（Girder）と断面設計（Section）の2本のプログラムと、ワープロソフトのMs-Wordより構成,NONE,NONE,UNKNOWN,NOT_SELECTED,YES,NO,NO,LOW,YES,NONE,EXTERNAL_SOURCE_LOOKUP,candidate_hint=NO,IDENTIFIED
T5A-0177,F4-P3-020,main_girder,主桁の設計（Girder）の機能,src:F4-3-020,Phase1_required,STANDARD_TRACEABILITY_REQUIRED,RBS_STEEL,P0,非合成鋼鈑桁の「主桁の設計（Girder）の機能」について、最小板厚・幅厚比・断面変化・補剛の要否が適用年版の道路橋示方書に規定されているか確認する。,主桁断面は基準照合が不可欠,MAN-062,3,NONE,2.2 機能特徴(1),NONE,主桁数・格間数・格間長・格点位置断面力などを入力し、画面上に断面力図を描画。断面照査点をマウス操作などにより設定し、設定された位置の情報を断面設計プログラムに渡す,NONE,NONE,UNKNOWN,NOT_SELECTED,NO,NO,NO,LOW,YES,NONE,EXTERNAL_SOURCE_LOOKUP,candidate_hint=YES,IDENTIFIED
T5A-0178,F4-P3-021,section_definition,断面設計（Section）の機能,src:F4-3-021,Phase1_required,STANDARD_TRACEABILITY_REQUIRED,RBS_STEEL,P0,非合成鋼鈑桁の「断面設計（Section）の機能」について、最小板厚・幅厚比・断面変化・補剛の要否が適用年版の道路橋示方書に規定されているか確認する。,主桁断面は基準照合が不可欠,MAN-062,3,NONE,2.2 機能特徴(2),NONE,鋼断面の断面設計を行う。主桁数・照査点数・曲率半径・断面力・断面形状・断面寸法などを入力し、断面諸量・作用応力度・許容応力度を計算し、計算書に出力,NONE,NONE,UNKNOWN,NOT_SELECTED,NO,NO,NO,LOW,YES,NONE,EXTERNAL_SOURCE_LOOKUP,candidate_hint=YES,IDENTIFIED
T5A-0179,F4-P3-022,section_definition,適用断面形状,src:F4-3-022,Phase1_required,STANDARD_TRACEABILITY_REQUIRED,RBS_STEEL,P0,非合成鋼鈑桁の「適用断面形状」について、最小板厚・幅厚比・断面変化・補剛の要否が適用年版の道路橋示方書に規定されているか確認する。,主桁断面は基準照合が不可欠,MAN-062,4,NONE,2.3 制限事項(1)適用可能,NONE,基本形状は、RC箱桁・鋼床版箱桁・鋼床版Ｉ桁。断面形状は梯形断面にも適用可能。鋼床版のデッキプレートは重ね継ぎ手にも対応,NONE,NONE,UNKNOWN,NOT_SELECTED,NO,NO,NO,LOW,YES,NONE,EXTERNAL_SOURCE_LOOKUP,candidate_hint=YES,IDENTIFIED
T5A-0180,F4-P3-023,section_property,断面諸量の計算方法,src:F4-3-023,Phase1_required,STANDARD_TRACEABILITY_REQUIRED,RBS_STEEL,P0,非合成鋼鈑桁の「断面諸量の計算方法」について、最小板厚・幅厚比・断面変化・補剛の要否が適用年版の道路橋示方書に規定されているか確認する。,主桁断面は基準照合が不可欠,MAN-062,6,NONE,2.4 機能説明(4),NONE,小松氏の「曲げねじり理論」により断面諸量を計算。一つの部材を意味がある点で分割したものを「要素」とし、1要素毎に計算し合計で求める,NONE,NONE,UNKNOWN,NOT_SELECTED,NO,NO,NO,LOW,YES,NONE,EXTERNAL_SOURCE_LOOKUP,candidate_hint=NO,IDENTIFIED
T5A-0181,F4-P3-024,section_force_assignment,断面力の適用,src:F4-3-024,Phase1_required,STANDARD_TRACEABILITY_REQUIRED,RBS_STEEL,P0,非合成鋼鈑桁の「断面力の適用」について、最小板厚・幅厚比・断面変化・補剛の要否が適用年版の道路橋示方書に規定されているか確認する。,主桁断面は基準照合が不可欠,MAN-062,4,NONE,2.3 制限事項(1)断面力,NONE,3成分断面力、6成分断面力に対応。鋼床版については架設・完成系に対応。主桁の設計の曲げモーメントは3次曲線により補間を行う,NONE,NONE,UNKNOWN,NOT_SELECTED,NO,NO,NO,LOW,YES,NONE,EXTERNAL_SOURCE_LOOKUP,candidate_hint=YES,IDENTIFIED
T5A-0182,F4-P3-025,section_check,適用不可事項,src:F4-3-025,Phase1_required,STANDARD_TRACEABILITY_REQUIRED,RBS_STEEL,P0,断面計算の照査項目（応力度・幅厚比等）が道路橋示方書のどの規定に対応するか確認する。,照査は基準なしに確定できない,MAN-062,4,NONE,2.3 制限事項(2)適用不可,NONE,せん断中心の出力なし。そりねじり応力の計算なし。縦リブ・横リブの必要剛度の照査なし。腹板の必要最小厚の確認および垂直補剛材間隔の照査なし。有効幅の自動計算機能なし,NONE,NONE,UNKNOWN,NOT_SELECTED,NO,NO,NO,LOW,YES,NONE,EXTERNAL_SOURCE_LOOKUP,candidate_hint=YES,IDENTIFIED
T5A-0183,F4-P3-026,splice,添接計算の基本操作,src:F4-3-026,Phase1_required,STANDARD_TRACEABILITY_REQUIRED,RBS_STEEL,P0,添接「添接計算の基本操作」の継手強度・摩擦接合の考え方に関する道路橋示方書規定を確認する。,添接設計は示方書照合,MAN-063,3,NONE,2-1 基本操作,NONE,新規データ作成時は基本条件画面で計算書のタイトルや計算方法および自動配置の方法などを入力。新規作成時条件設定で桁本数、添接数、フランジ断面、腹板断面などを入力,NONE,NONE,UNKNOWN,NOT_SELECTED,NO,NO,NO,LOW,YES,NONE,EXTERNAL_SOURCE_LOOKUP,candidate_hint=YES,IDENTIFIED
T5A-0184,F4-P3-026,splice,添接計算の基本操作,src:F4-3-026,Phase1_required,JIS_TRACEABILITY_REQUIRED,JIS_BOLT,P0,高力ボルトの規格・等級・孔径関連のJISを確認する。,ボルトはJIS,MAN-063,3,NONE,2-1 基本操作,NONE,新規データ作成時は基本条件画面で計算書のタイトルや計算方法および自動配置の方法などを入力。新規作成時条件設定で桁本数、添接数、フランジ断面、腹板断面などを入力,NONE,NONE,UNKNOWN,NOT_SELECTED,NO,NO,NO,LOW,YES,NONE,EXTERNAL_SOURCE_LOOKUP,candidate_hint=YES,IDENTIFIED
T5A-0185,F4-P3-026,splice,添接計算の基本操作,src:F4-3-026,Phase1_required,MULTIPLE_SOURCES_REQUIRED,RBS_STEEL,P0,示方書の継手規定とJISボルト規格を組み合わせて読む項目を洗い出す。,複数資料必須,MAN-063,3,NONE,2-1 基本操作,NONE,新規データ作成時は基本条件画面で計算書のタイトルや計算方法および自動配置の方法などを入力。新規作成時条件設定で桁本数、添接数、フランジ断面、腹板断面などを入力,NONE,NONE,UNKNOWN,NOT_SELECTED,NO,NO,NO,LOW,YES,NONE,EXTERNAL_SOURCE_LOOKUP,candidate_hint=YES,IDENTIFIED
T5A-0186,F4-P3-027,splice_geometry,部材寸法入力,src:F4-3-027,Phase1_required,STANDARD_TRACEABILITY_REQUIRED,RBS_STEEL,P0,添接「部材寸法入力」の継手強度・摩擦接合の考え方に関する道路橋示方書規定を確認する。,添接設計は示方書照合,MAN-063,3,NONE,2-1 基本操作(2),NONE,部材の個数、断面、リブ配置など部材の基本データを入力,NONE,NONE,UNKNOWN,NOT_SELECTED,NO,NO,NO,LOW,YES,NONE,EXTERNAL_SOURCE_LOOKUP,candidate_hint=NO,IDENTIFIED
T5A-0187,F4-P3-027,splice_geometry,部材寸法入力,src:F4-3-027,Phase1_required,JIS_TRACEABILITY_REQUIRED,JIS_BOLT,P0,高力ボルトの規格・等級・孔径関連のJISを確認する。,ボルトはJIS,MAN-063,3,NONE,2-1 基本操作(2),NONE,部材の個数、断面、リブ配置など部材の基本データを入力,NONE,NONE,UNKNOWN,NOT_SELECTED,NO,NO,NO,LOW,YES,NONE,EXTERNAL_SOURCE_LOOKUP,candidate_hint=NO,IDENTIFIED
T5A-0188,F4-P3-027,splice_geometry,部材寸法入力,src:F4-3-027,Phase1_required,MULTIPLE_SOURCES_REQUIRED,RBS_STEEL,P0,示方書の継手規定とJISボルト規格を組み合わせて読む項目を洗い出す。,複数資料必須,MAN-063,3,NONE,2-1 基本操作(2),NONE,部材の個数、断面、リブ配置など部材の基本データを入力,NONE,NONE,UNKNOWN,NOT_SELECTED,NO,NO,NO,LOW,YES,NONE,EXTERNAL_SOURCE_LOOKUP,candidate_hint=NO,IDENTIFIED
T5A-0189,F4-P3-028,splice_bolt,ボルト配置の自動決定,src:F4-3-028,Phase1_required,JIS_TRACEABILITY_REQUIRED,JIS_BOLT,P0,「ボルト配置の自動決定」に関し、ボルト径・孔径・ピッチ・ゲージ・縁端距離のJIS/関連規格を確認する。,ボルト寸法はJIS系照合,MAN-063,3,NONE,2-1 基本操作(5),NONE,ボルト配置や添接板断面が自動決定され、その情報（計算結果）が表示される,NONE,NONE,UNKNOWN,NOT_SELECTED,NO,NO,YES,LOW,YES,NONE,EXTERNAL_SOURCE_LOOKUP,candidate_hint=YES,IDENTIFIED
T5A-0190,F4-P3-028,splice_bolt,ボルト配置の自動決定,src:F4-3-028,Phase1_required,STANDARD_TRACEABILITY_REQUIRED,RBS_STEEL,P0,縁端距離・ピッチ等の最小値が道路橋示方書側にも規定されているか確認する。,示方書にも寸法規定がある可能性,MAN-063,3,NONE,2-1 基本操作(5),NONE,ボルト配置や添接板断面が自動決定され、その情報（計算結果）が表示される,NONE,NONE,UNKNOWN,NOT_SELECTED,NO,NO,YES,LOW,YES,NONE,EXTERNAL_SOURCE_LOOKUP,candidate_hint=YES,IDENTIFIED
T5A-0191,F4-P3-028,splice_bolt,ボルト配置の自動決定,src:F4-3-028,Phase1_required,MULTIPLE_SOURCES_REQUIRED,JIS_BOLT,P0,JISと示方書のどちらが支配的かを、適合判定せずに条文役割として整理する。,複数資料,MAN-063,3,NONE,2-1 基本操作(5),NONE,ボルト配置や添接板断面が自動決定され、その情報（計算結果）が表示される,NONE,NONE,UNKNOWN,NOT_SELECTED,NO,NO,YES,LOW,YES,NONE,EXTERNAL_SOURCE_LOOKUP,candidate_hint=YES,IDENTIFIED
T5A-0192,F4-P3-029,splice_bolt,ボルト配置の変更,src:F4-3-029,Phase1_required,JIS_TRACEABILITY_REQUIRED,JIS_BOLT,P0,「ボルト配置の変更」に関し、ボルト径・孔径・ピッチ・ゲージ・縁端距離のJIS/関連規格を確認する。,ボルト寸法はJIS系照合,MAN-063,3,NONE,2-1 基本操作(5),NONE,ゲージ寸法の変更と添接板断面の変更は「ゲージ方向修正」ボタン。ピッチ寸法の変更は「ピッチ方法修正」ボタン。リブデータの変更は「縦リブボルト」ボタン,NONE,NONE,UNKNOWN,NOT_SELECTED,NO,NO,NO,LOW,YES,NONE,EXTERNAL_SOURCE_LOOKUP,candidate_hint=YES,IDENTIFIED
T5A-0193,F4-P3-029,splice_bolt,ボルト配置の変更,src:F4-3-029,Phase1_required,STANDARD_TRACEABILITY_REQUIRED,RBS_STEEL,P0,縁端距離・ピッチ等の最小値が道路橋示方書側にも規定されているか確認する。,示方書にも寸法規定がある可能性,MAN-063,3,NONE,2-1 基本操作(5),NONE,ゲージ寸法の変更と添接板断面の変更は「ゲージ方向修正」ボタン。ピッチ寸法の変更は「ピッチ方法修正」ボタン。リブデータの変更は「縦リブボルト」ボタン,NONE,NONE,UNKNOWN,NOT_SELECTED,NO,NO,NO,LOW,YES,NONE,EXTERNAL_SOURCE_LOOKUP,candidate_hint=YES,IDENTIFIED
T5A-0194,F4-P3-029,splice_bolt,ボルト配置の変更,src:F4-3-029,Phase1_required,MULTIPLE_SOURCES_REQUIRED,JIS_BOLT,P0,JISと示方書のどちらが支配的かを、適合判定せずに条文役割として整理する。,複数資料,MAN-063,3,NONE,2-1 基本操作(5),NONE,ゲージ寸法の変更と添接板断面の変更は「ゲージ方向修正」ボタン。ピッチ寸法の変更は「ピッチ方法修正」ボタン。リブデータの変更は「縦リブボルト」ボタン,NONE,NONE,UNKNOWN,NOT_SELECTED,NO,NO,NO,LOW,YES,NONE,EXTERNAL_SOURCE_LOOKUP,candidate_hint=YES,IDENTIFIED
T5A-0195,F4-P3-030,splice_check,適用範囲,src:F4-3-030,Phase1_required,STANDARD_TRACEABILITY_REQUIRED,RBS_STEEL,P0,添接「適用範囲」の継手強度・摩擦接合の考え方に関する道路橋示方書規定を確認する。,添接設計は示方書照合,MAN-063,7,NONE,3-2 適用範囲および計算機能(1),NONE,板単位で、フランジ方式または腹板方式で計算するため、断面形状は任意形を扱うことができる。ただし桁構造を想定した計算機能,NONE,NONE,UNKNOWN,NOT_SELECTED,NO,YES,NO,LOW,YES,NONE,EXTERNAL_SOURCE_LOOKUP,candidate_hint=YES,IDENTIFIED
T5A-0196,F4-P3-030,splice_check,適用範囲,src:F4-3-030,Phase1_required,JIS_TRACEABILITY_REQUIRED,JIS_BOLT,P0,高力ボルトの規格・等級・孔径関連のJISを確認する。,ボルトはJIS,MAN-063,7,NONE,3-2 適用範囲および計算機能(1),NONE,板単位で、フランジ方式または腹板方式で計算するため、断面形状は任意形を扱うことができる。ただし桁構造を想定した計算機能,NONE,NONE,UNKNOWN,NOT_SELECTED,NO,YES,NO,LOW,YES,NONE,EXTERNAL_SOURCE_LOOKUP,candidate_hint=YES,IDENTIFIED
T5A-0197,F4-P3-030,splice_check,適用範囲,src:F4-3-030,Phase1_required,MULTIPLE_SOURCES_REQUIRED,RBS_STEEL,P0,示方書の継手規定とJISボルト規格を組み合わせて読む項目を洗い出す。,複数資料必須,MAN-063,7,NONE,3-2 適用範囲および計算機能(1),NONE,板単位で、フランジ方式または腹板方式で計算するため、断面形状は任意形を扱うことができる。ただし桁構造を想定した計算機能,NONE,NONE,UNKNOWN,NOT_SELECTED,NO,YES,NO,LOW,YES,NONE,EXTERNAL_SOURCE_LOOKUP,candidate_hint=YES,IDENTIFIED
T5A-0198,F4-P3-031,splice_check,計算方法の種類,src:F4-3-031,Phase1_required,STANDARD_TRACEABILITY_REQUIRED,RBS_STEEL,P0,添接「計算方法の種類」の継手強度・摩擦接合の考え方に関する道路橋示方書規定を確認する。,添接設計は示方書照合,MAN-063,7,NONE,3-2 適用範囲および計算機能(2),NONE,基本的な計算方法は2つのタイプ。フランジ方式は部材の作用力（フランジ力）を全ボルトで均等に受け持つ計算方法。腹板方式は部材に作用する応力勾配を考慮し、ボルト列でその分担幅分の応力を受け持つ計算方法,NONE,NONE,UNKNOWN,NOT_SELECTED,YES,YES,NO,LOW,YES,NONE,EXTERNAL_SOURCE_LOOKUP,candidate_hint=YES,IDENTIFIED
T5A-0199,F4-P3-031,splice_check,計算方法の種類,src:F4-3-031,Phase1_required,JIS_TRACEABILITY_REQUIRED,JIS_BOLT,P0,高力ボルトの規格・等級・孔径関連のJISを確認する。,ボルトはJIS,MAN-063,7,NONE,3-2 適用範囲および計算機能(2),NONE,基本的な計算方法は2つのタイプ。フランジ方式は部材の作用力（フランジ力）を全ボルトで均等に受け持つ計算方法。腹板方式は部材に作用する応力勾配を考慮し、ボルト列でその分担幅分の応力を受け持つ計算方法,NONE,NONE,UNKNOWN,NOT_SELECTED,YES,YES,NO,LOW,YES,NONE,EXTERNAL_SOURCE_LOOKUP,candidate_hint=YES,IDENTIFIED
T5A-0200,F4-P3-031,splice_check,計算方法の種類,src:F4-3-031,Phase1_required,MULTIPLE_SOURCES_REQUIRED,RBS_STEEL,P0,示方書の継手規定とJISボルト規格を組み合わせて読む項目を洗い出す。,複数資料必須,MAN-063,7,NONE,3-2 適用範囲および計算機能(2),NONE,基本的な計算方法は2つのタイプ。フランジ方式は部材の作用力（フランジ力）を全ボルトで均等に受け持つ計算方法。腹板方式は部材に作用する応力勾配を考慮し、ボルト列でその分担幅分の応力を受け持つ計算方法,NONE,NONE,UNKNOWN,NOT_SELECTED,YES,YES,NO,LOW,YES,NONE,EXTERNAL_SOURCE_LOOKUP,candidate_hint=YES,IDENTIFIED
T5A-0201,F4-P3-032,splice_bolt,ボルト自動配置の方法,src:F4-3-032,Phase1_required,JIS_TRACEABILITY_REQUIRED,JIS_BOLT,P0,「ボルト自動配置の方法」に関し、ボルト径・孔径・ピッチ・ゲージ・縁端距離のJIS/関連規格を確認する。,ボルト寸法はJIS系照合,MAN-063,7,NONE,3-2 適用範囲および計算機能(3)①,NONE,ボルト自動配置の方法として、建設省方式、道路公団大阪建設局方式、ＹＴＩ方式がある。フランジ添接板を母材より5mm小さくして自動配置をする事が可能,NONE,NONE,UNKNOWN,NOT_SELECTED,YES,YES,NO,LOW,YES,NONE,EXTERNAL_SOURCE_LOOKUP,candidate_hint=YES,IDENTIFIED
T5A-0202,F4-P3-032,splice_bolt,ボルト自動配置の方法,src:F4-3-032,Phase1_required,STANDARD_TRACEABILITY_REQUIRED,RBS_STEEL,P0,縁端距離・ピッチ等の最小値が道路橋示方書側にも規定されているか確認する。,示方書にも寸法規定がある可能性,MAN-063,7,NONE,3-2 適用範囲および計算機能(3)①,NONE,ボルト自動配置の方法として、建設省方式、道路公団大阪建設局方式、ＹＴＩ方式がある。フランジ添接板を母材より5mm小さくして自動配置をする事が可能,NONE,NONE,UNKNOWN,NOT_SELECTED,YES,YES,NO,LOW,YES,NONE,EXTERNAL_SOURCE_LOOKUP,candidate_hint=YES,IDENTIFIED
T5A-0203,F4-P3-032,splice_bolt,ボルト自動配置の方法,src:F4-3-032,Phase1_required,MULTIPLE_SOURCES_REQUIRED,JIS_BOLT,P0,JISと示方書のどちらが支配的かを、適合判定せずに条文役割として整理する。,複数資料,MAN-063,7,NONE,3-2 適用範囲および計算機能(3)①,NONE,ボルト自動配置の方法として、建設省方式、道路公団大阪建設局方式、ＹＴＩ方式がある。フランジ添接板を母材より5mm小さくして自動配置をする事が可能,NONE,NONE,UNKNOWN,NOT_SELECTED,YES,YES,NO,LOW,YES,NONE,EXTERNAL_SOURCE_LOOKUP,candidate_hint=YES,IDENTIFIED
T5A-0204,F4-P3-033,splice_plate,フランジ方式の計算方法,src:F4-3-033,Phase1_required,STANDARD_TRACEABILITY_REQUIRED,RBS_STEEL,P0,添接「フランジ方式の計算方法」の継手強度・摩擦接合の考え方に関する道路橋示方書規定を確認する。,添接設計は示方書照合,MAN-063,7,NONE,3-2 適用範囲および計算機能(3)②,NONE,フランジ方式の計算方法として、便覧方式（孔引き後で照査する方式）、橋建方式（孔引き前で照査する方式）がある,NONE,NONE,UNKNOWN,NOT_SELECTED,NO,YES,NO,LOW,YES,NONE,EXTERNAL_SOURCE_LOOKUP,candidate_hint=YES,IDENTIFIED
T5A-0205,F4-P3-033,splice_plate,フランジ方式の計算方法,src:F4-3-033,Phase1_required,JIS_TRACEABILITY_REQUIRED,JIS_BOLT,P0,高力ボルトの規格・等級・孔径関連のJISを確認する。,ボルトはJIS,MAN-063,7,NONE,3-2 適用範囲および計算機能(3)②,NONE,フランジ方式の計算方法として、便覧方式（孔引き後で照査する方式）、橋建方式（孔引き前で照査する方式）がある,NONE,NONE,UNKNOWN,NOT_SELECTED,NO,YES,NO,LOW,YES,NONE,EXTERNAL_SOURCE_LOOKUP,candidate_hint=YES,IDENTIFIED
T5A-0206,F4-P3-033,splice_plate,フランジ方式の計算方法,src:F4-3-033,Phase1_required,MULTIPLE_SOURCES_REQUIRED,RBS_STEEL,P0,示方書の継手規定とJISボルト規格を組み合わせて読む項目を洗い出す。,複数資料必須,MAN-063,7,NONE,3-2 適用範囲および計算機能(3)②,NONE,フランジ方式の計算方法として、便覧方式（孔引き後で照査する方式）、橋建方式（孔引き前で照査する方式）がある,NONE,NONE,UNKNOWN,NOT_SELECTED,NO,YES,NO,LOW,YES,NONE,EXTERNAL_SOURCE_LOOKUP,candidate_hint=YES,IDENTIFIED
T5A-0207,F4-P3-034,splice_plate,腹板の計算方法,src:F4-3-034,Phase1_required,STANDARD_TRACEABILITY_REQUIRED,RBS_STEEL,P0,添接「腹板の計算方法」の継手強度・摩擦接合の考え方に関する道路橋示方書規定を確認する。,添接設計は示方書照合,MAN-063,7,NONE,3-2 適用範囲および計算機能(3)③,NONE,腹板の計算方法として、通常方式（曲げモーメントとせん断力で計算する方法）、簡易方式（せん断力のみで計算する方法）がある,NONE,NONE,UNKNOWN,NOT_SELECTED,NO,YES,NO,LOW,YES,NONE,EXTERNAL_SOURCE_LOOKUP,candidate_hint=YES,IDENTIFIED
T5A-0208,F4-P3-034,splice_plate,腹板の計算方法,src:F4-3-034,Phase1_required,JIS_TRACEABILITY_REQUIRED,JIS_BOLT,P0,高力ボルトの規格・等級・孔径関連のJISを確認する。,ボルトはJIS,MAN-063,7,NONE,3-2 適用範囲および計算機能(3)③,NONE,腹板の計算方法として、通常方式（曲げモーメントとせん断力で計算する方法）、簡易方式（せん断力のみで計算する方法）がある,NONE,NONE,UNKNOWN,NOT_SELECTED,NO,YES,NO,LOW,YES,NONE,EXTERNAL_SOURCE_LOOKUP,candidate_hint=YES,IDENTIFIED
T5A-0209,F4-P3-034,splice_plate,腹板の計算方法,src:F4-3-034,Phase1_required,MULTIPLE_SOURCES_REQUIRED,RBS_STEEL,P0,示方書の継手規定とJISボルト規格を組み合わせて読む項目を洗い出す。,複数資料必須,MAN-063,7,NONE,3-2 適用範囲および計算機能(3)③,NONE,腹板の計算方法として、通常方式（曲げモーメントとせん断力で計算する方法）、簡易方式（せん断力のみで計算する方法）がある,NONE,NONE,UNKNOWN,NOT_SELECTED,NO,YES,NO,LOW,YES,NONE,EXTERNAL_SOURCE_LOOKUP,candidate_hint=YES,IDENTIFIED
T5A-0210,F4-P3-035,splice_plate,フランジ添接板の必要断面積,src:F4-3-035,Phase1_required,STANDARD_TRACEABILITY_REQUIRED,RBS_STEEL,P0,添接「フランジ添接板の必要断面積」の継手強度・摩擦接合の考え方に関する道路橋示方書規定を確認する。,添接設計は示方書照合,MAN-063,7,NONE,3-2 適用範囲および計算機能(3)⑤,NONE,フランジ添接板の必要断面積の考え方として、全添接板（両側）で必要断面積を満足する方法、片側添接板で必要断面積の１／２を満足する方法がある,NONE,NONE,UNKNOWN,NOT_SELECTED,YES,YES,NO,LOW,YES,NONE,EXTERNAL_SOURCE_LOOKUP,candidate_hint=YES,IDENTIFIED
T5A-0211,F4-P3-035,splice_plate,フランジ添接板の必要断面積,src:F4-3-035,Phase1_required,JIS_TRACEABILITY_REQUIRED,JIS_BOLT,P0,高力ボルトの規格・等級・孔径関連のJISを確認する。,ボルトはJIS,MAN-063,7,NONE,3-2 適用範囲および計算機能(3)⑤,NONE,フランジ添接板の必要断面積の考え方として、全添接板（両側）で必要断面積を満足する方法、片側添接板で必要断面積の１／２を満足する方法がある,NONE,NONE,UNKNOWN,NOT_SELECTED,YES,YES,NO,LOW,YES,NONE,EXTERNAL_SOURCE_LOOKUP,candidate_hint=YES,IDENTIFIED
T5A-0212,F4-P3-035,splice_plate,フランジ添接板の必要断面積,src:F4-3-035,Phase1_required,MULTIPLE_SOURCES_REQUIRED,RBS_STEEL,P0,示方書の継手規定とJISボルト規格を組み合わせて読む項目を洗い出す。,複数資料必須,MAN-063,7,NONE,3-2 適用範囲および計算機能(3)⑤,NONE,フランジ添接板の必要断面積の考え方として、全添接板（両側）で必要断面積を満足する方法、片側添接板で必要断面積の１／２を満足する方法がある,NONE,NONE,UNKNOWN,NOT_SELECTED,YES,YES,NO,LOW,YES,NONE,EXTERNAL_SOURCE_LOOKUP,candidate_hint=YES,IDENTIFIED
T5A-0213,F4-P3-036,girder_geometry,girder_geometry,src:F4-3-036,unknown,STANDARD_TRACEABILITY_REQUIRED,RBS_STEEL,P0,非合成鋼鈑桁の「girder_geometry」について、最小板厚・幅厚比・断面変化・補剛の要否が適用年版の道路橋示方書に規定されているか確認する。,主桁断面は基準照合が不可欠,MAN-008,NONE,NONE,NONE,NONE,NONE,NONE,NONE,UNKNOWN,NOT_SELECTED,NO,NO,NO,MEDIUM,YES,NONE,EXTERNAL_SOURCE_LOOKUP,candidate_hint=NO,IDENTIFIED
T5A-0214,F4-P3-037,girder_material,girder_material,src:F4-3-037,unknown,JIS_TRACEABILITY_REQUIRED,JIS_STEEL,P0,主桁に用いる鋼材規格・鋼種記号がどのJISに対応するか確認する。,鋼材はJIS照合,MAN-008,NONE,NONE,NONE,NONE,NONE,NONE,NONE,UNKNOWN,NOT_SELECTED,NO,NO,NO,MEDIUM,YES,NONE,EXTERNAL_SOURCE_LOOKUP,candidate_hint=NO,IDENTIFIED
T5A-0215,F4-P3-037,girder_material,girder_material,src:F4-3-037,unknown,STANDARD_TRACEABILITY_REQUIRED,RBS_STEEL,P0,許容応力度・適用範囲が道路橋示方書で鋼種ごとにどう規定されるか確認する。,鋼種と許容値は示方書,MAN-008,NONE,NONE,NONE,NONE,NONE,NONE,NONE,UNKNOWN,NOT_SELECTED,NO,NO,NO,MEDIUM,YES,NONE,EXTERNAL_SOURCE_LOOKUP,candidate_hint=NO,IDENTIFIED
T5A-0216,F4-P3-037,girder_material,girder_material,src:F4-3-037,unknown,MULTIPLE_SOURCES_REQUIRED,JIS_STEEL,P0,JIS鋼材規格と道路橋示方書の許容値表の対応関係を確認する。,複数資料,MAN-008,NONE,NONE,NONE,NONE,NONE,NONE,NONE,UNKNOWN,NOT_SELECTED,NO,NO,NO,MEDIUM,YES,NONE,EXTERNAL_SOURCE_LOOKUP,candidate_hint=NO,IDENTIFIED
T5A-0217,F4-P3-038,girder_section,girder_section,src:F4-3-038,unknown,STANDARD_TRACEABILITY_REQUIRED,RBS_STEEL,P0,非合成鋼鈑桁の「girder_section」について、最小板厚・幅厚比・断面変化・補剛の要否が適用年版の道路橋示方書に規定されているか確認する。,主桁断面は基準照合が不可欠,MAN-008,NONE,NONE,NONE,NONE,NONE,NONE,NONE,UNKNOWN,NOT_SELECTED,NO,NO,NO,MEDIUM,YES,NONE,EXTERNAL_SOURCE_LOOKUP,candidate_hint=NO,IDENTIFIED
T5A-0218,F4-P3-039,flange,flange,src:F4-3-039,unknown,STANDARD_TRACEABILITY_REQUIRED,RBS_STEEL,P0,非合成鋼鈑桁の「flange」について、最小板厚・幅厚比・断面変化・補剛の要否が適用年版の道路橋示方書に規定されているか確認する。,主桁断面は基準照合が不可欠,MAN-008,NONE,NONE,NONE,NONE,NONE,NONE,NONE,UNKNOWN,NOT_SELECTED,NO,NO,NO,MEDIUM,YES,NONE,EXTERNAL_SOURCE_LOOKUP,candidate_hint=NO,IDENTIFIED
T5A-0219,F4-P3-040,web,web,src:F4-3-040,unknown,STANDARD_TRACEABILITY_REQUIRED,RBS_STEEL,P0,非合成鋼鈑桁の「web」について、最小板厚・幅厚比・断面変化・補剛の要否が適用年版の道路橋示方書に規定されているか確認する。,主桁断面は基準照合が不可欠,MAN-008,NONE,NONE,NONE,NONE,NONE,NONE,NONE,UNKNOWN,NOT_SELECTED,NO,NO,NO,MEDIUM,YES,NONE,EXTERNAL_SOURCE_LOOKUP,candidate_hint=NO,IDENTIFIED
T5A-0220,F4-P4-001,cross_girder,横桁設計,src:F4-4-001,Phase1_required,STANDARD_TRACEABILITY_REQUIRED,RBS_STEEL,P0,床組/横桁「横桁設計」の設計・断面力取扱いに関する道路橋示方書規定を確認する。,床組はPhase1必須候補,MAN-011,3,NONE,2.横桁設計,NONE,横桁設計プログラムを起動して、断面力計算・断面計算/添接計算・補剛材計算の3つを実行,NONE,NONE,UNKNOWN,NOT_SELECTED,NO,NO,NO,LOW,YES,NONE,EXTERNAL_SOURCE_LOOKUP,candidate_hint=YES,IDENTIFIED
T5A-0221,F4-P4-002,cross_girder,横桁断面力計算,src:F4-4-002,Phase1_required,STANDARD_TRACEABILITY_REQUIRED,RBS_STEEL,P0,床組/横桁「横桁断面力計算」の設計・断面力取扱いに関する道路橋示方書規定を確認する。,床組はPhase1必須候補,MAN-011,4,NONE,2.1断面力計算,NONE,横桁断面力プログラムを起動、グループ部材に正負数字でグルーピング指定,NONE,NONE,UNKNOWN,NOT_SELECTED,NO,NO,NO,LOW,YES,NONE,EXTERNAL_SOURCE_LOOKUP,candidate_hint=YES,IDENTIFIED
T5A-0222,F4-P4-003,cross_girder,横桁断面計算,src:F4-4-003,Phase1_required,STANDARD_TRACEABILITY_REQUIRED,RBS_STEEL,P0,床組/横桁「横桁断面計算」の設計・断面力取扱いに関する道路橋示方書規定を確認する。,床組はPhase1必須候補,MAN-011,5,NONE,2.2断面計算/添接計算,NONE,Ｉ断面計算プログラムを起動、断面形状指定を指定として上フランジ～腹板項目に断面形状指定,NONE,NONE,UNKNOWN,NOT_SELECTED,NO,NO,NO,LOW,YES,NONE,EXTERNAL_SOURCE_LOOKUP,candidate_hint=NO,IDENTIFIED
T5A-0223,F4-P4-004,cross_girder,横桁添接計算,src:F4-4-004,Phase1_required,STANDARD_TRACEABILITY_REQUIRED,RBS_STEEL,P0,床組/横桁「横桁添接計算」の設計・断面力取扱いに関する道路橋示方書規定を確認する。,床組はPhase1必須候補,MAN-011,6,NONE,2.2(2)添接計算,NONE,添接プログラムを起動、添接設計の詳細は別マニュアル参照,NONE,NONE,UNKNOWN,NOT_SELECTED,NO,NO,NO,LOW,YES,NONE,EXTERNAL_SOURCE_LOOKUP,candidate_hint=YES,IDENTIFIED
T5A-0224,F4-P4-005,cross_girder,横桁補剛材計算,src:F4-4-005,Phase1_required,STANDARD_TRACEABILITY_REQUIRED,RBS_STEEL,P0,床組/横桁「横桁補剛材計算」の設計・断面力取扱いに関する道路橋示方書規定を確認する。,床組はPhase1必須候補,MAN-011,6,NONE,2.3補剛材計算,NONE,補剛材計算プログラムを起動、詳細は主桁中間補剛材マニュアル参照,NONE,NONE,UNKNOWN,NOT_SELECTED,NO,NO,NO,LOW,YES,NONE,EXTERNAL_SOURCE_LOOKUP,candidate_hint=YES,IDENTIFIED
T5A-0225,F4-P4-006,sway_bracing,対傾構設計,src:F4-4-006,Phase1_required,STANDARD_TRACEABILITY_REQUIRED,RBS_STEEL,P0,対傾構/横構「対傾構設計」の配置・断面・照査に関する道路橋示方書規定を確認する。,横構系は基準照合,MAN-011,7,NONE,3.対傾構・横構,NONE,対傾構・横構プログラムを起動、メイン画面が表示,NONE,NONE,UNKNOWN,NOT_SELECTED,NO,NO,YES,LOW,YES,NONE,EXTERNAL_SOURCE_LOOKUP,candidate_hint=YES,IDENTIFIED
T5A-0226,F4-P4-006,sway_bracing,対傾構設計,src:F4-4-006,Phase1_required,DESIGN_PRACTICE_TRACEABILITY_REQUIRED,DESIGN_DATA_BOOK,P1,標準的な骨組み・形鋼選定の実務推奨をデザインデータブック等で確認する。,実務配置の参考,MAN-011,7,NONE,3.対傾構・横構,NONE,対傾構・横構プログラムを起動、メイン画面が表示,NONE,NONE,UNKNOWN,NOT_SELECTED,NO,NO,YES,LOW,NO,NONE,EXTERNAL_SOURCE_LOOKUP,candidate_hint=YES,IDENTIFIED
T5A-0227,F4-P4-007,sway_bracing,対傾構骨組み寸法,src:F4-4-007,Phase1_required,STANDARD_TRACEABILITY_REQUIRED,RBS_STEEL,P0,対傾構/横構「対傾構骨組み寸法」の配置・断面・照査に関する道路橋示方書規定を確認する。,横構系は基準照合,MAN-011,7,NONE,3.1対傾構骨組み寸法を指定する方法,NONE,設計条件-計算条件でH1～H3を指定、端対傾構は斜材軸押え位置も確認,NONE,NONE,UNKNOWN,NOT_SELECTED,NO,NO,NO,LOW,YES,NONE,EXTERNAL_SOURCE_LOOKUP,candidate_hint=NO,IDENTIFIED
T5A-0228,F4-P4-007,sway_bracing,対傾構骨組み寸法,src:F4-4-007,Phase1_required,DESIGN_PRACTICE_TRACEABILITY_REQUIRED,DESIGN_DATA_BOOK,P1,標準的な骨組み・形鋼選定の実務推奨をデザインデータブック等で確認する。,実務配置の参考,MAN-011,7,NONE,3.1対傾構骨組み寸法を指定する方法,NONE,設計条件-計算条件でH1～H3を指定、端対傾構は斜材軸押え位置も確認,NONE,NONE,UNKNOWN,NOT_SELECTED,NO,NO,NO,LOW,NO,NONE,EXTERNAL_SOURCE_LOOKUP,candidate_hint=NO,IDENTIFIED
T5A-0229,F4-P4-008,sway_bracing,対傾構水平荷重載荷方法,src:F4-4-008,Phase1_required,STANDARD_TRACEABILITY_REQUIRED,RBS_STEEL,P0,対傾構/横構「対傾構水平荷重載荷方法」の配置・断面・照査に関する道路橋示方書規定を確認する。,横構系は基準照合,MAN-011,8,NONE,3.2対傾構水平荷重の載荷軸力分担を指定する方法,NONE,設計条件-計算条件で水平荷重Pの載荷方法を指定,NONE,NONE,UNKNOWN,NOT_SELECTED,NO,NO,NO,LOW,YES,NONE,EXTERNAL_SOURCE_LOOKUP,candidate_hint=YES,IDENTIFIED
T5A-0230,F4-P4-008,sway_bracing,対傾構水平荷重載荷方法,src:F4-4-008,Phase1_required,DESIGN_PRACTICE_TRACEABILITY_REQUIRED,DESIGN_DATA_BOOK,P1,標準的な骨組み・形鋼選定の実務推奨をデザインデータブック等で確認する。,実務配置の参考,MAN-011,8,NONE,3.2対傾構水平荷重の載荷軸力分担を指定する方法,NONE,設計条件-計算条件で水平荷重Pの載荷方法を指定,NONE,NONE,UNKNOWN,NOT_SELECTED,NO,NO,NO,LOW,NO,NONE,EXTERNAL_SOURCE_LOOKUP,candidate_hint=YES,IDENTIFIED
T5A-0231,F4-P4-009,sway_bracing,対傾構断面指定,src:F4-4-009,Phase1_required,STANDARD_TRACEABILITY_REQUIRED,RBS_STEEL,P0,対傾構/横構「対傾構断面指定」の配置・断面・照査に関する道路橋示方書規定を確認する。,横構系は基準照合,MAN-011,8,NONE,3.3(1)各対傾構の断面を指定する方法,NONE,各項目タグ右上の◎指定を選択、断面形状および形鋼番号を指定,NONE,NONE,UNKNOWN,NOT_SELECTED,NO,NO,NO,LOW,YES,NONE,EXTERNAL_SOURCE_LOOKUP,candidate_hint=NO,IDENTIFIED
T5A-0232,F4-P4-009,sway_bracing,対傾構断面指定,src:F4-4-009,Phase1_required,DESIGN_PRACTICE_TRACEABILITY_REQUIRED,DESIGN_DATA_BOOK,P1,標準的な骨組み・形鋼選定の実務推奨をデザインデータブック等で確認する。,実務配置の参考,MAN-011,8,NONE,3.3(1)各対傾構の断面を指定する方法,NONE,各項目タグ右上の◎指定を選択、断面形状および形鋼番号を指定,NONE,NONE,UNKNOWN,NOT_SELECTED,NO,NO,NO,LOW,NO,NONE,EXTERNAL_SOURCE_LOOKUP,candidate_hint=NO,IDENTIFIED
T5A-0233,F4-P4-010,lateral_bracing,横構断面指定,src:F4-4-010,Phase1_required,STANDARD_TRACEABILITY_REQUIRED,RBS_STEEL,P0,対傾構/横構「横構断面指定」の配置・断面・照査に関する道路橋示方書規定を確認する。,横構系は基準照合,MAN-011,9,NONE,3.3(2)横構断面を指定する方法,NONE,弦材の断面◎指定を選択、断面形状および形鋼番号を指定、ボルト本数も指定可,NONE,NONE,UNKNOWN,NOT_SELECTED,NO,NO,NO,LOW,YES,NONE,EXTERNAL_SOURCE_LOOKUP,candidate_hint=YES,IDENTIFIED
T5A-0234,F4-P4-010,lateral_bracing,横構断面指定,src:F4-4-010,Phase1_required,DESIGN_PRACTICE_TRACEABILITY_REQUIRED,DESIGN_DATA_BOOK,P1,標準的な骨組み・形鋼選定の実務推奨をデザインデータブック等で確認する。,実務配置の参考,MAN-011,9,NONE,3.3(2)横構断面を指定する方法,NONE,弦材の断面◎指定を選択、断面形状および形鋼番号を指定、ボルト本数も指定可,NONE,NONE,UNKNOWN,NOT_SELECTED,NO,NO,NO,LOW,NO,NONE,EXTERNAL_SOURCE_LOOKUP,candidate_hint=YES,IDENTIFIED
T5A-0235,F4-P4-011,sway_bracing,BuiltUP断面指定,src:F4-4-011,Phase1_optional,STANDARD_TRACEABILITY_REQUIRED,RBS_STEEL,P0,対傾構/横構「BuiltUP断面指定」の配置・断面・照査に関する道路橋示方書規定を確認する。,横構系は基準照合,MAN-011,9,NONE,3.3(3)BuiltUP断面の指定方法,NONE,種類数を追加し断面入力後、断面形状をBuiltUPとし形鋼番号を追加,NONE,NONE,UNKNOWN,NOT_SELECTED,NO,NO,NO,LOW,YES,NONE,EXTERNAL_SOURCE_LOOKUP,candidate_hint=NO,IDENTIFIED
T5A-0236,F4-P4-011,sway_bracing,BuiltUP断面指定,src:F4-4-011,Phase1_optional,DESIGN_PRACTICE_TRACEABILITY_REQUIRED,DESIGN_DATA_BOOK,P1,標準的な骨組み・形鋼選定の実務推奨をデザインデータブック等で確認する。,実務配置の参考,MAN-011,9,NONE,3.3(3)BuiltUP断面の指定方法,NONE,種類数を追加し断面入力後、断面形状をBuiltUPとし形鋼番号を追加,NONE,NONE,UNKNOWN,NOT_SELECTED,NO,NO,NO,LOW,NO,NONE,EXTERNAL_SOURCE_LOOKUP,candidate_hint=NO,IDENTIFIED
T5A-0237,F4-P4-012,sway_bracing,支点上対傾構横桁形状変更,src:F4-4-012,Phase1_optional,STANDARD_TRACEABILITY_REQUIRED,RBS_STEEL,P0,対傾構/横構「支点上対傾構横桁形状変更」の配置・断面・照査に関する道路橋示方書規定を確認する。,横構系は基準照合,MAN-011,10,NONE,3.4支点上対傾構を横桁形状に変更する方法,NONE,設計条件-部材配置で形状タイプを対傾構タイプ→横桁タイプに変更,NONE,NONE,UNKNOWN,NOT_SELECTED,NO,NO,NO,LOW,YES,NONE,EXTERNAL_SOURCE_LOOKUP,candidate_hint=NO,IDENTIFIED
T5A-0238,F4-P4-012,sway_bracing,支点上対傾構横桁形状変更,src:F4-4-012,Phase1_optional,DESIGN_PRACTICE_TRACEABILITY_REQUIRED,DESIGN_DATA_BOOK,P1,標準的な骨組み・形鋼選定の実務推奨をデザインデータブック等で確認する。,実務配置の参考,MAN-011,10,NONE,3.4支点上対傾構を横桁形状に変更する方法,NONE,設計条件-部材配置で形状タイプを対傾構タイプ→横桁タイプに変更,NONE,NONE,UNKNOWN,NOT_SELECTED,NO,NO,NO,LOW,NO,NONE,EXTERNAL_SOURCE_LOOKUP,candidate_hint=NO,IDENTIFIED
T5A-0239,F4-P4-013,lateral_bracing,横構骨組み組み方変更,src:F4-4-013,Phase1_optional,STANDARD_TRACEABILITY_REQUIRED,RBS_STEEL,P0,対傾構/横構「横構骨組み組み方変更」の配置・断面・照査に関する道路橋示方書規定を確認する。,横構系は基準照合,MAN-011,13,NONE,3.5横構骨組みの組み方を変更する方法,NONE,設計条件-部材配置で骨組配置定義番号を配置タイプに合わせて修正,NONE,NONE,UNKNOWN,NOT_SELECTED,NO,NO,NO,LOW,YES,NONE,EXTERNAL_SOURCE_LOOKUP,candidate_hint=NO,IDENTIFIED
T5A-0240,F4-P4-013,lateral_bracing,横構骨組み組み方変更,src:F4-4-013,Phase1_optional,DESIGN_PRACTICE_TRACEABILITY_REQUIRED,DESIGN_DATA_BOOK,P1,標準的な骨組み・形鋼選定の実務推奨をデザインデータブック等で確認する。,実務配置の参考,MAN-011,13,NONE,3.5横構骨組みの組み方を変更する方法,NONE,設計条件-部材配置で骨組配置定義番号を配置タイプに合わせて修正,NONE,NONE,UNKNOWN,NOT_SELECTED,NO,NO,NO,LOW,NO,NONE,EXTERNAL_SOURCE_LOOKUP,candidate_hint=NO,IDENTIFIED
T5A-0241,F4-P4-014,sway_bracing,対傾構斜材溶接向き変更,src:F4-4-014,Phase1_optional,STANDARD_TRACEABILITY_REQUIRED,RBS_STEEL,P0,対傾構/横構「対傾構斜材溶接向き変更」の配置・断面・照査に関する道路橋示方書規定を確認する。,横構系は基準照合,MAN-011,14,NONE,3.6斜材の溶接向きを変更する方法,NONE,設計条件-設計条件オプション-対傾構(その他)-対傾構ガセットへの斜材の取付方法,NONE,NONE,UNKNOWN,NOT_SELECTED,NO,NO,NO,LOW,YES,NONE,EXTERNAL_SOURCE_LOOKUP,candidate_hint=NO,IDENTIFIED
T5A-0242,F4-P4-014,sway_bracing,対傾構斜材溶接向き変更,src:F4-4-014,Phase1_optional,DESIGN_PRACTICE_TRACEABILITY_REQUIRED,DESIGN_DATA_BOOK,P1,標準的な骨組み・形鋼選定の実務推奨をデザインデータブック等で確認する。,実務配置の参考,MAN-011,14,NONE,3.6斜材の溶接向きを変更する方法,NONE,設計条件-設計条件オプション-対傾構(その他)-対傾構ガセットへの斜材の取付方法,NONE,NONE,UNKNOWN,NOT_SELECTED,NO,NO,NO,LOW,NO,NONE,EXTERNAL_SOURCE_LOOKUP,candidate_hint=NO,IDENTIFIED
T5A-0243,F4-P4-015,sway_bracing,対傾構水平荷重受け持ち組数変更,src:F4-4-015,Phase1_optional,STANDARD_TRACEABILITY_REQUIRED,RBS_STEEL,P0,対傾構/横構「対傾構水平荷重受け持ち組数変更」の配置・断面・照査に関する道路橋示方書規定を確認する。,横構系は基準照合,MAN-011,14,NONE,3.7対傾構水平荷重受け持ち組数を変更する方法,NONE,設計条件-設計条件オプション-対傾構(その他)-水平荷重の受け持ち組数,NONE,NONE,UNKNOWN,NOT_SELECTED,NO,NO,NO,LOW,YES,NONE,EXTERNAL_SOURCE_LOOKUP,candidate_hint=YES,IDENTIFIED
T5A-0244,F4-P4-015,sway_bracing,対傾構水平荷重受け持ち組数変更,src:F4-4-015,Phase1_optional,DESIGN_PRACTICE_TRACEABILITY_REQUIRED,DESIGN_DATA_BOOK,P1,標準的な骨組み・形鋼選定の実務推奨をデザインデータブック等で確認する。,実務配置の参考,MAN-011,14,NONE,3.7対傾構水平荷重受け持ち組数を変更する方法,NONE,設計条件-設計条件オプション-対傾構(その他)-水平荷重の受け持ち組数,NONE,NONE,UNKNOWN,NOT_SELECTED,NO,NO,NO,LOW,NO,NONE,EXTERNAL_SOURCE_LOOKUP,candidate_hint=YES,IDENTIFIED
T5A-0245,F4-P4-016,lateral_bracing,横構配置図作成,src:F4-4-016,Phase1_optional,STANDARD_TRACEABILITY_REQUIRED,RBS_STEEL,P0,対傾構/横構「横構配置図作成」の配置・断面・照査に関する道路橋示方書規定を確認する。,横構系は基準照合,MAN-011,15,NONE,3.8横構配置図の作成方法,NONE,横構配置図は以下の方法にて作成可能,NONE,NONE,UNKNOWN,NOT_SELECTED,NO,NO,NO,LOW,YES,NONE,EXTERNAL_SOURCE_LOOKUP,candidate_hint=NO,IDENTIFIED
T5A-0246,F4-P4-016,lateral_bracing,横構配置図作成,src:F4-4-016,Phase1_optional,DESIGN_PRACTICE_TRACEABILITY_REQUIRED,DESIGN_DATA_BOOK,P1,標準的な骨組み・形鋼選定の実務推奨をデザインデータブック等で確認する。,実務配置の参考,MAN-011,15,NONE,3.8横構配置図の作成方法,NONE,横構配置図は以下の方法にて作成可能,NONE,NONE,UNKNOWN,NOT_SELECTED,NO,NO,NO,LOW,NO,NONE,EXTERNAL_SOURCE_LOOKUP,candidate_hint=NO,IDENTIFIED
T5A-0247,F4-P4-017,lateral_bracing,横構細長比一次部材変更,src:F4-4-017,Phase1_optional,STANDARD_TRACEABILITY_REQUIRED,RBS_STEEL,P0,対傾構/横構「横構細長比一次部材変更」の配置・断面・照査に関する道路橋示方書規定を確認する。,横構系は基準照合,MAN-011,16,NONE,3.9細長比を一次部材にする方法,NONE,横構タグの主桁曲線による二次応力を◎考慮する(軸力を入力)を選択、軸力は入力しない,NONE,NONE,UNKNOWN,NOT_SELECTED,NO,NO,NO,LOW,YES,NONE,EXTERNAL_SOURCE_LOOKUP,candidate_hint=NO,IDENTIFIED
T5A-0248,F4-P4-017,lateral_bracing,横構細長比一次部材変更,src:F4-4-017,Phase1_optional,DESIGN_PRACTICE_TRACEABILITY_REQUIRED,DESIGN_DATA_BOOK,P1,標準的な骨組み・形鋼選定の実務推奨をデザインデータブック等で確認する。,実務配置の参考,MAN-011,16,NONE,3.9細長比を一次部材にする方法,NONE,横構タグの主桁曲線による二次応力を◎考慮する(軸力を入力)を選択、軸力は入力しない,NONE,NONE,UNKNOWN,NOT_SELECTED,NO,NO,NO,LOW,NO,NONE,EXTERNAL_SOURCE_LOOKUP,candidate_hint=NO,IDENTIFIED
T5A-0249,F4-P4-018,support_stiffener,支点上補剛材設計,src:F4-4-018,Phase1_required,STANDARD_TRACEABILITY_REQUIRED,RBS_STEEL,P0,補剛材「支点上補剛材設計」の要否・寸法・間隔に関する道路橋示方書規定を確認する。,補剛材は座屈関連で基準必須,MAN-012,4,NONE,2.支点上補剛材の設計,NONE,支点上補剛材プログラムを起動、沓タイプ・補剛材タイプ・断面推定or指定・補剛材材質がデフォルト入力可能,NONE,NONE,UNKNOWN,NOT_SELECTED,NO,NO,NO,LOW,YES,NONE,EXTERNAL_SOURCE_LOOKUP,candidate_hint=YES,IDENTIFIED
T5A-0250,F4-P4-019,support_stiffener,支点上補剛材入力項目,src:F4-4-019,Phase1_required,STANDARD_TRACEABILITY_REQUIRED,RBS_STEEL,P0,補剛材「支点上補剛材入力項目」の要否・寸法・間隔に関する道路橋示方書規定を確認する。,補剛材は座屈関連で基準必須,MAN-012,4,NONE,2.1入力項目について,NONE,沓タイプ（ソールプレート入力で幅・長さ・ボス孔径入力可）、補剛材タイプ（タイプ2,NONE,NONE,UNKNOWN,NOT_SELECTED,YES,NO,NO,LOW,YES,NONE,EXTERNAL_SOURCE_LOOKUP,candidate_hint=YES,IDENTIFIED
T5A-0251,F4-P4-020,support_stiffener,支点上補剛材グループ番号,src:F4-4-020,Phase1_required,STANDARD_TRACEABILITY_REQUIRED,RBS_STEEL,P0,補剛材「支点上補剛材グループ番号」の要否・寸法・間隔に関する道路橋示方書規定を確認する。,補剛材は座屈関連で基準必須,MAN-012,5,NONE,2.2グループ番号について,NONE,グループ番号で支点上補剛材タイプをグルーピング、正の数字で代表部材、負の数字でグルーピング部材,NONE,NONE,UNKNOWN,NOT_SELECTED,NO,NO,YES,LOW,YES,NONE,EXTERNAL_SOURCE_LOOKUP,candidate_hint=YES,IDENTIFIED
T5A-0252,F4-P4-021,support_stiffener,支点上補剛材計算条件,src:F4-4-021,Phase1_required,STANDARD_TRACEABILITY_REQUIRED,RBS_STEEL,P0,補剛材「支点上補剛材計算条件」の要否・寸法・間隔に関する道路橋示方書規定を確認する。,補剛材は座屈関連で基準必須,MAN-012,6,NONE,2.3計算条件の入力について,NONE,設計条件-溶接条件の入力と基本条件の入力の2項目、最大すみ肉溶接サイズはメーカーによる,NONE,NONE,UNKNOWN,NOT_SELECTED,NO,NO,NO,LOW,YES,NONE,EXTERNAL_SOURCE_LOOKUP,candidate_hint=YES,IDENTIFIED
T5A-0253,F4-P4-022,support_stiffener,支点上補強リブ照査,src:F4-4-022,Phase1_optional,STANDARD_TRACEABILITY_REQUIRED,RBS_STEEL,P0,補剛材「支点上補強リブ照査」の要否・寸法・間隔に関する道路橋示方書規定を確認する。,補剛材は座屈関連で基準必須,MAN-012,6,NONE,2.4支点上補強リブについて,NONE,設計条件-基本条件の入力-補強リブの照査有無で照査を選択、計算条件が入力可能,NONE,NONE,UNKNOWN,NOT_SELECTED,NO,NO,NO,LOW,YES,NONE,EXTERNAL_SOURCE_LOOKUP,candidate_hint=YES,IDENTIFIED
T5A-0254,F4-P4-023,intermediate_stiffener,中間補剛材設計,src:F4-4-023,Phase1_required,STANDARD_TRACEABILITY_REQUIRED,RBS_STEEL,P0,補剛材「中間補剛材設計」の要否・寸法・間隔に関する道路橋示方書規定を確認する。,補剛材は座屈関連で基準必須,MAN-012,8,NONE,3.中間補剛材の設計,NONE,中間補剛材プログラムを起動、設計条件・補剛材断面の指定等は設計条件-基本条件入力,NONE,NONE,UNKNOWN,NOT_SELECTED,NO,NO,NO,LOW,YES,NONE,EXTERNAL_SOURCE_LOOKUP,candidate_hint=YES,IDENTIFIED
T5A-0255,F4-P4-024,intermediate_stiffener,中間補剛材格点断面指定,src:F4-4-024,Phase1_required,STANDARD_TRACEABILITY_REQUIRED,RBS_STEEL,P0,補剛材「中間補剛材格点断面指定」の要否・寸法・間隔に関する道路橋示方書規定を確認する。,補剛材は座屈関連で基準必須,MAN-012,9,NONE,3.1格点補剛材断面の指定,NONE,格点補剛材断面は未指定のため個別指定、剛性照査されないため中間補剛材剛性照査結果を反映,NONE,NONE,UNKNOWN,NOT_SELECTED,NO,NO,NO,LOW,YES,NONE,EXTERNAL_SOURCE_LOOKUP,candidate_hint=YES,IDENTIFIED
T5A-0256,F4-P4-025,intermediate_stiffener,中間補剛材計算書書式,src:F4-4-025,Phase1_required,STANDARD_TRACEABILITY_REQUIRED,RBS_STEEL,P0,補剛材「中間補剛材計算書書式」の要否・寸法・間隔に関する道路橋示方書規定を確認する。,補剛材は座屈関連で基準必須,MAN-012,10,NONE,3.2設計計算書について,NONE,詳細計算書とサマリー計算書の出力が可能、照査数等を考慮し選択,NONE,NONE,UNKNOWN,NOT_SELECTED,NO,YES,NO,LOW,YES,NONE,EXTERNAL_SOURCE_LOOKUP,candidate_hint=YES,IDENTIFIED
T5A-0257,F4-P4-026,intermediate_stiffener,水平補剛材ラップ照査,src:F4-4-026,Phase1_required,STANDARD_TRACEABILITY_REQUIRED,RBS_STEEL,P0,補剛材「水平補剛材ラップ照査」の要否・寸法・間隔に関する道路橋示方書規定を確認する。,補剛材は座屈関連で基準必須,MAN-012,11,NONE,4.ラップ照査,NONE,ラップ範囲決定方法として自動（最低パネル指定）と任意指定がある,NONE,NONE,UNKNOWN,NOT_SELECTED,NO,NO,NO,LOW,YES,NONE,EXTERNAL_SOURCE_LOOKUP,candidate_hint=YES,IDENTIFIED
T5A-0258,F4-P4-027,intermediate_stiffener,水平補剛材ラップ照査計算書内容,src:F4-4-027,Phase1_required,STANDARD_TRACEABILITY_REQUIRED,RBS_STEEL,P0,補剛材「水平補剛材ラップ照査計算書内容」の要否・寸法・間隔に関する道路橋示方書規定を確認する。,補剛材は座屈関連で基準必須,MAN-012,12,NONE,4.2水平補剛材ラップ照査計算書の内容について,NONE,応力図とラップ照査計算書が含まれる、座屈照査範囲の説明あり,NONE,NONE,UNKNOWN,NOT_SELECTED,NO,NO,NO,LOW,YES,NONE,EXTERNAL_SOURCE_LOOKUP,candidate_hint=YES,IDENTIFIED
T5A-0259,F4-P4-028,floor_system,床組設計ボタン説明,src:F4-4-028,Phase1_required,STANDARD_TRACEABILITY_REQUIRED,RBS_STEEL,P0,床組/横桁「床組設計ボタン説明」の設計・断面力取扱いに関する道路橋示方書規定を確認する。,床組はPhase1必須候補,MAN-002,8,NONE,2.1(2)実行ボタンについて,NONE,横桁設計：横桁断面・添接形状・補剛材の設計、対傾構・横構：対傾構断面・連結形状・横構断面・連結形状の設計,NONE,NONE,UNKNOWN,NOT_SELECTED,NO,NO,NO,LOW,YES,NONE,EXTERNAL_SOURCE_LOOKUP,candidate_hint=YES,IDENTIFIED
T5A-0260,F4-P4-029,support_stiffener,支点補剛材ボタン説明,src:F4-4-029,Phase1_required,STANDARD_TRACEABILITY_REQUIRED,RBS_STEEL,P0,補剛材「支点補剛材ボタン説明」の要否・寸法・間隔に関する道路橋示方書規定を確認する。,補剛材は座屈関連で基準必須,MAN-002,8,NONE,2.1(2)実行ボタンについて,NONE,支点補剛材：支点上補剛材の設計、補剛材：中間補剛材および水平補剛材の設計、ラップ照査：水平補剛材ラップ範囲の設計,NONE,NONE,UNKNOWN,NOT_SELECTED,NO,NO,NO,LOW,YES,NONE,EXTERNAL_SOURCE_LOOKUP,candidate_hint=YES,IDENTIFIED
T5A-0261,F4-P4-030,support_condition,支承条件データ,src:F4-4-030,Phase1_required,PROJECT_DECISION,APOLLO_MANUAL_ONLY,P1,支承条件の入力値（固定/可動等）は工事条件として設計者が与える。基準は制約を与えても一意には定めない。,マニュアルに設計未使用の記載がある件は注記,MAN-005,12,NONE,3.4支承条件データ,NONE,支点条件はチェックリストのみ反映、設計としては入力値を使用していない,NONE,NONE,UNKNOWN,NOT_SELECTED,NO,NO,NO,LOW,NO,NONE,EXTERNAL_SOURCE_LOOKUP,candidate_hint=YES,IDENTIFIED
T5A-0262,F4-P4-030,support_condition,支承条件データ,src:F4-4-030,Phase1_required,STANDARD_TRACEABILITY_REQUIRED,RBS_SUBSTRUCTURE,P2,支承条件のモデル化が下部構造・支承の示方書規定とどう関係するか確認する（支承設計そのものは別モジュールの可能性）。,支承設計範囲の境界確認,MAN-005,12,NONE,3.4支承条件データ,NONE,支点条件はチェックリストのみ反映、設計としては入力値を使用していない,NONE,NONE,UNKNOWN,NOT_SELECTED,NO,NO,NO,LOW,NO,NONE,EXTERNAL_SOURCE_LOOKUP,candidate_hint=YES,IDENTIFIED
T5A-0263,F4-P4-031,floor_system,床組データ横桁基本寸法,src:F4-4-031,Phase1_required,STANDARD_TRACEABILITY_REQUIRED,RBS_STEEL,P0,床組/横桁「床組データ横桁基本寸法」の設計・断面力取扱いに関する道路橋示方書規定を確認する。,床組はPhase1必須候補,MAN-005,27,NONE,5.5床組データ,NONE,横桁高さ関係および添接位置が入力可能、基本寸法の指定方法で◎全部材指定とすると個別入力可,NONE,NONE,UNKNOWN,NOT_SELECTED,NO,NO,NO,LOW,YES,NONE,EXTERNAL_SOURCE_LOOKUP,candidate_hint=YES,IDENTIFIED
T5A-0264,F4-P4-032,stiffener,垂直補剛材データ,src:F4-4-032,Phase1_required,STANDARD_TRACEABILITY_REQUIRED,RBS_STEEL,P0,補剛材「垂直補剛材データ」の要否・寸法・間隔に関する道路橋示方書規定を確認する。,補剛材は座屈関連で基準必須,MAN-005,26,NONE,5.4(1)垂直補剛材,NONE,各パネルの垂直補剛材本数を入力（パネル内4@の場合は3と入力）、省力化方式で任意位置配置可,NONE,NONE,UNKNOWN,NOT_SELECTED,YES,YES,NO,LOW,YES,NONE,EXTERNAL_SOURCE_LOOKUP,candidate_hint=YES,IDENTIFIED
T5A-0265,F4-P4-033,stiffener,水平補剛材データ,src:F4-4-033,Phase1_required,STANDARD_TRACEABILITY_REQUIRED,RBS_STEEL,P0,補剛材「水平補剛材データ」の要否・寸法・間隔に関する道路橋示方書規定を確認する。,補剛材は座屈関連で基準必須,MAN-005,26,NONE,5.4(2)水平補剛材,NONE,水平補剛材段数変化数と水平補剛材断面を入力（1段の場合は1と入力）,NONE,NONE,UNKNOWN,NOT_SELECTED,NO,NO,NO,LOW,YES,NONE,EXTERNAL_SOURCE_LOOKUP,candidate_hint=YES,IDENTIFIED
T5A-0266,F4-P4-034,floor_system_force,floor_system_force,src:F4-4-034,unknown,UNKNOWN,UNKNOWN,P3,マニュアル抽出が不足しており、外部照合の要否を確定できない。追加でAPOLLOマニュアル該当章を確認する。,Stage4で当該カテゴリの明示記述が不足,UNKNOWN,NONE,NONE,NONE,NONE,NONE,NONE,NONE,UNKNOWN,NOT_SELECTED,NO,NO,NO,MEDIUM,NO,NONE,MANUAL_REREAD_THEN_CLASSIFY,candidate_hint=NO,NEEDS_REVIEW
T5A-0267,F4-P4-035,longitudinal_girder,longitudinal_girder,src:F4-4-035,unknown,UNKNOWN,UNKNOWN,P3,マニュアル抽出が不足しており、外部照合の要否を確定できない。追加でAPOLLOマニュアル該当章を確認する。,Stage4で当該カテゴリの明示記述が不足,UNKNOWN,NONE,NONE,NONE,NONE,NONE,NONE,NONE,UNKNOWN,NOT_SELECTED,NO,NO,NO,MEDIUM,NO,NONE,MANUAL_REREAD_THEN_CLASSIFY,candidate_hint=NO,NEEDS_REVIEW
T5A-0268,F4-P4-036,diaphragm,diaphragm,src:F4-4-036,unknown,UNKNOWN,UNKNOWN,P3,マニュアル抽出が不足しており、外部照合の要否を確定できない。追加でAPOLLOマニュアル該当章を確認する。,Stage4で当該カテゴリの明示記述が不足,UNKNOWN,NONE,NONE,NONE,NONE,NONE,NONE,NONE,UNKNOWN,NOT_SELECTED,NO,NO,NO,MEDIUM,NO,NONE,MANUAL_REREAD_THEN_CLASSIFY,candidate_hint=NO,NEEDS_REVIEW
T5A-0269,F4-P4-037,support_diaphragm,support_diaphragm,src:F4-4-037,unknown,UNKNOWN,UNKNOWN,P3,マニュアル抽出が不足しており、外部照合の要否を確定できない。追加でAPOLLOマニュアル該当章を確認する。,Stage4で当該カテゴリの明示記述が不足,UNKNOWN,NONE,NONE,NONE,NONE,NONE,NONE,NONE,UNKNOWN,NOT_SELECTED,NO,NO,NO,MEDIUM,NO,NONE,MANUAL_REREAD_THEN_CLASSIFY,candidate_hint=NO,NEEDS_REVIEW
T5A-0270,F4-P4-038,intermediate_diaphragm,intermediate_diaphragm,src:F4-4-038,unknown,UNKNOWN,UNKNOWN,P3,マニュアル抽出が不足しており、外部照合の要否を確定できない。追加でAPOLLOマニュアル該当章を確認する。,Stage4で当該カテゴリの明示記述が不足,UNKNOWN,NONE,NONE,NONE,NONE,NONE,NONE,NONE,UNKNOWN,NOT_SELECTED,NO,NO,NO,MEDIUM,NO,NONE,MANUAL_REREAD_THEN_CLASSIFY,candidate_hint=NO,NEEDS_REVIEW
T5A-0271,F4-P4-039,bearing,bearing,src:F4-4-039,unknown,UNKNOWN,UNKNOWN,P3,マニュアル抽出が不足しており、外部照合の要否を確定できない。追加でAPOLLOマニュアル該当章を確認する。,Stage4で当該カテゴリの明示記述が不足,UNKNOWN,NONE,NONE,NONE,NONE,NONE,NONE,NONE,UNKNOWN,NOT_SELECTED,NO,NO,NO,MEDIUM,NO,NONE,MANUAL_REREAD_THEN_CLASSIFY,candidate_hint=NO,NEEDS_REVIEW
T5A-0272,F4-P4-040,member_grouping,member_grouping,src:F4-4-040,unknown,UNKNOWN,UNKNOWN,P3,マニュアル抽出が不足しており、外部照合の要否を確定できない。追加でAPOLLOマニュアル該当章を確認する。,Stage4で当該カテゴリの明示記述が不足,UNKNOWN,NONE,NONE,NONE,NONE,NONE,NONE,NONE,UNKNOWN,NOT_SELECTED,NO,NO,NO,MEDIUM,NO,NONE,MANUAL_REREAD_THEN_CLASSIFY,candidate_hint=NO,NEEDS_REVIEW
T5A-0273,F4-P5-001,analysis_input_generation,解析データ作成,src:F4-5-001,Phase1_required,SOFTWARE_SPECIFIC,APOLLO_MANUAL_ONLY,P1,解析データ作成・節点/要素/支点変更はAPOLLO-Analyzer連携仕様。物理形式はUnknownのまま Stage5Bでファイル証拠を探す。,ソフト連携・モデル操作,MAN-007,4,NONE,第6章 格子解析,NONE,「解析データ作成」: 自動設計のデータより APOLLO Analyzer 入力データを自動生成,NONE,NONE,UNKNOWN,NOT_SELECTED,NO,NO,NO,LOW,NO,NONE,EXTERNAL_SOURCE_LOOKUP,candidate_hint=YES,IDENTIFIED
T5A-0274,F4-P5-001,analysis_input_generation,解析データ作成,src:F4-5-001,Phase1_required,STANDARD_TRACEABILITY_REQUIRED,RBS_STEEL,P1,平面格子モデルで扱う部材剛度・支点条件の理想化が、鋼橋の静的解析として道路橋示方書の適用範囲・モデル化前提と整合するかを確認する。,解析モデル化は基準の適用条件確認が必要,MAN-007,4,NONE,第6章 格子解析,NONE,「解析データ作成」: 自動設計のデータより APOLLO Analyzer 入力データを自動生成,NONE,NONE,UNKNOWN,NOT_SELECTED,NO,NO,NO,LOW,NO,NONE,EXTERNAL_SOURCE_LOOKUP,candidate_hint=YES,IDENTIFIED
T5A-0275,F4-P5-002,analysis_input_generation,主桁仮定剛度,src:F4-5-002,Phase1_required,SOFTWARE_SPECIFIC,APOLLO_MANUAL_ONLY,P1,解析データ作成・節点/要素/支点変更はAPOLLO-Analyzer連携仕様。物理形式はUnknownのまま Stage5Bでファイル証拠を探す。,ソフト連携・モデル操作,MAN-007,4,NONE,2.1 主桁仮定剛度,NONE,剛度入力方法を選択し、各パネル毎の仮定剛度を指定して下さい。,NONE,NONE,UNKNOWN,NOT_SELECTED,NO,NO,NO,LOW,NO,NONE,EXTERNAL_SOURCE_LOOKUP,candidate_hint=YES,IDENTIFIED
T5A-0276,F4-P5-002,analysis_input_generation,主桁仮定剛度,src:F4-5-002,Phase1_required,STANDARD_TRACEABILITY_REQUIRED,RBS_STEEL,P1,平面格子モデルで扱う部材剛度・支点条件の理想化が、鋼橋の静的解析として道路橋示方書の適用範囲・モデル化前提と整合するかを確認する。,解析モデル化は基準の適用条件確認が必要,MAN-007,4,NONE,2.1 主桁仮定剛度,NONE,剛度入力方法を選択し、各パネル毎の仮定剛度を指定して下さい。,NONE,NONE,UNKNOWN,NOT_SELECTED,NO,NO,NO,LOW,NO,NONE,EXTERNAL_SOURCE_LOOKUP,candidate_hint=YES,IDENTIFIED
T5A-0277,F4-P5-003,analysis_input_generation,横桁・対傾構仮定剛度,src:F4-5-003,Phase1_required,SOFTWARE_SPECIFIC,APOLLO_MANUAL_ONLY,P1,解析データ作成・節点/要素/支点変更はAPOLLO-Analyzer連携仕様。物理形式はUnknownのまま Stage5Bでファイル証拠を探す。,ソフト連携・モデル操作,MAN-007,5,NONE,2.2 横桁・対傾構仮定剛度,NONE,剛度入力方法を選択し、各横桁毎の仮定剛度を指定して下さい。,NONE,NONE,UNKNOWN,NOT_SELECTED,NO,NO,NO,LOW,NO,NONE,EXTERNAL_SOURCE_LOOKUP,candidate_hint=YES,IDENTIFIED
T5A-0278,F4-P5-003,analysis_input_generation,横桁・対傾構仮定剛度,src:F4-5-003,Phase1_required,STANDARD_TRACEABILITY_REQUIRED,RBS_STEEL,P1,平面格子モデルで扱う部材剛度・支点条件の理想化が、鋼橋の静的解析として道路橋示方書の適用範囲・モデル化前提と整合するかを確認する。,解析モデル化は基準の適用条件確認が必要,MAN-007,5,NONE,2.2 横桁・対傾構仮定剛度,NONE,剛度入力方法を選択し、各横桁毎の仮定剛度を指定して下さい。,NONE,NONE,UNKNOWN,NOT_SELECTED,NO,NO,NO,LOW,NO,NONE,EXTERNAL_SOURCE_LOOKUP,candidate_hint=YES,IDENTIFIED
T5A-0279,F4-P5-004,analysis_input_generation,仮定鋼重,src:F4-5-004,Phase1_required,SOFTWARE_SPECIFIC,APOLLO_MANUAL_ONLY,P1,解析データ作成・節点/要素/支点変更はAPOLLO-Analyzer連携仕様。物理形式はUnknownのまま Stage5Bでファイル証拠を探す。,ソフト連携・モデル操作,MAN-007,5,NONE,2.3 仮定鋼重,NONE,仮定鋼重を指定して下さい。（実鋼重とは、コントロール画面「鋼重計算」にて算出した概算値となっています。）,NONE,NONE,UNKNOWN,NOT_SELECTED,NO,NO,NO,LOW,NO,NONE,EXTERNAL_SOURCE_LOOKUP,candidate_hint=NO,IDENTIFIED
T5A-0280,F4-P5-004,analysis_input_generation,仮定鋼重,src:F4-5-004,Phase1_required,STANDARD_TRACEABILITY_REQUIRED,RBS_STEEL,P1,平面格子モデルで扱う部材剛度・支点条件の理想化が、鋼橋の静的解析として道路橋示方書の適用範囲・モデル化前提と整合するかを確認する。,解析モデル化は基準の適用条件確認が必要,MAN-007,5,NONE,2.3 仮定鋼重,NONE,仮定鋼重を指定して下さい。（実鋼重とは、コントロール画面「鋼重計算」にて算出した概算値となっています。）,NONE,NONE,UNKNOWN,NOT_SELECTED,NO,NO,NO,LOW,NO,NONE,EXTERNAL_SOURCE_LOOKUP,candidate_hint=NO,IDENTIFIED
T5A-0281,F4-P5-005,analysis_model,Analyzer骨組み任意指定,src:F4-5-005,Phase1_required,SOFTWARE_SPECIFIC,APOLLO_MANUAL_ONLY,P1,解析データ作成・節点/要素/支点変更はAPOLLO-Analyzer連携仕様。物理形式はUnknownのまま Stage5Bでファイル証拠を探す。,ソフト連携・モデル操作,MAN-007,6,NONE,2.4 Analyzer骨組み任意指定,NONE,"Analyzer 荷重載荷位置データの出力方法 にて、◎x,y,z 座標で指定＋骨組み任意指定 を選択する事により、任意骨組みの解析データが作成可能です",NONE,NONE,UNKNOWN,NOT_SELECTED,NO,NO,NO,LOW,NO,NONE,EXTERNAL_SOURCE_LOOKUP,candidate_hint=YES,IDENTIFIED
T5A-0282,F4-P5-005,analysis_model,Analyzer骨組み任意指定,src:F4-5-005,Phase1_required,STANDARD_TRACEABILITY_REQUIRED,RBS_STEEL,P1,平面格子モデルで扱う部材剛度・支点条件の理想化が、鋼橋の静的解析として道路橋示方書の適用範囲・モデル化前提と整合するかを確認する。,解析モデル化は基準の適用条件確認が必要,MAN-007,6,NONE,2.4 Analyzer骨組み任意指定,NONE,"Analyzer 荷重載荷位置データの出力方法 にて、◎x,y,z 座標で指定＋骨組み任意指定 を選択する事により、任意骨組みの解析データが作成可能です",NONE,NONE,UNKNOWN,NOT_SELECTED,NO,NO,NO,LOW,NO,NONE,EXTERNAL_SOURCE_LOOKUP,candidate_hint=YES,IDENTIFIED
T5A-0283,F4-P5-006,analysis_model,節点変更,src:F4-5-006,Phase1_required,SOFTWARE_SPECIFIC,APOLLO_MANUAL_ONLY,P1,解析データ作成・節点/要素/支点変更はAPOLLO-Analyzer連携仕様。物理形式はUnknownのまま Stage5Bでファイル証拠を探す。,ソフト連携・モデル操作,MAN-007,6,NONE,2.4.1 節点変更,NONE,格子節点の変更、追加、削除が可能です。格子解析にて使用されている節点番号を NAME に指定し、条件を指定して下さい。,NONE,NONE,UNKNOWN,NOT_SELECTED,NO,NO,NO,LOW,NO,NONE,EXTERNAL_SOURCE_LOOKUP,candidate_hint=YES,IDENTIFIED
T5A-0284,F4-P5-006,analysis_model,節点変更,src:F4-5-006,Phase1_required,STANDARD_TRACEABILITY_REQUIRED,RBS_STEEL,P1,平面格子モデルで扱う部材剛度・支点条件の理想化が、鋼橋の静的解析として道路橋示方書の適用範囲・モデル化前提と整合するかを確認する。,解析モデル化は基準の適用条件確認が必要,MAN-007,6,NONE,2.4.1 節点変更,NONE,格子節点の変更、追加、削除が可能です。格子解析にて使用されている節点番号を NAME に指定し、条件を指定して下さい。,NONE,NONE,UNKNOWN,NOT_SELECTED,NO,NO,NO,LOW,NO,NONE,EXTERNAL_SOURCE_LOOKUP,candidate_hint=YES,IDENTIFIED
T5A-0285,F4-P5-007,analysis_model,要素変更,src:F4-5-007,Phase1_required,SOFTWARE_SPECIFIC,APOLLO_MANUAL_ONLY,P1,解析データ作成・節点/要素/支点変更はAPOLLO-Analyzer連携仕様。物理形式はUnknownのまま Stage5Bでファイル証拠を探す。,ソフト連携・モデル操作,MAN-007,7,NONE,2.4.2 要素変更,NONE,格子要素の変更、追加、削除が可能です。格子解析にて使用されている要素番号を NAME に指定し、条件を指定して下さい。,NONE,NONE,UNKNOWN,NOT_SELECTED,NO,NO,NO,LOW,NO,NONE,EXTERNAL_SOURCE_LOOKUP,candidate_hint=YES,IDENTIFIED
T5A-0286,F4-P5-007,analysis_model,要素変更,src:F4-5-007,Phase1_required,STANDARD_TRACEABILITY_REQUIRED,RBS_STEEL,P1,平面格子モデルで扱う部材剛度・支点条件の理想化が、鋼橋の静的解析として道路橋示方書の適用範囲・モデル化前提と整合するかを確認する。,解析モデル化は基準の適用条件確認が必要,MAN-007,7,NONE,2.4.2 要素変更,NONE,格子要素の変更、追加、削除が可能です。格子解析にて使用されている要素番号を NAME に指定し、条件を指定して下さい。,NONE,NONE,UNKNOWN,NOT_SELECTED,NO,NO,NO,LOW,NO,NONE,EXTERNAL_SOURCE_LOOKUP,candidate_hint=YES,IDENTIFIED
T5A-0287,F4-P5-008,analysis_model,支点変更,src:F4-5-008,Phase1_required,SOFTWARE_SPECIFIC,APOLLO_MANUAL_ONLY,P1,解析データ作成・節点/要素/支点変更はAPOLLO-Analyzer連携仕様。物理形式はUnknownのまま Stage5Bでファイル証拠を探す。,ソフト連携・モデル操作,MAN-007,7,NONE,2.4.3 支点変更,NONE,格子支点の変更、追加、削除が可能です。格子解析にて使用されている支点番号を NAME に指定し、条件を指定して下さい。,NONE,NONE,UNKNOWN,NOT_SELECTED,NO,NO,NO,LOW,NO,NONE,EXTERNAL_SOURCE_LOOKUP,candidate_hint=YES,IDENTIFIED
T5A-0288,F4-P5-008,analysis_model,支点変更,src:F4-5-008,Phase1_required,STANDARD_TRACEABILITY_REQUIRED,RBS_STEEL,P1,平面格子モデルで扱う部材剛度・支点条件の理想化が、鋼橋の静的解析として道路橋示方書の適用範囲・モデル化前提と整合するかを確認する。,解析モデル化は基準の適用条件確認が必要,MAN-007,7,NONE,2.4.3 支点変更,NONE,格子支点の変更、追加、削除が可能です。格子解析にて使用されている支点番号を NAME に指定し、条件を指定して下さい。,NONE,NONE,UNKNOWN,NOT_SELECTED,NO,NO,NO,LOW,NO,NONE,EXTERNAL_SOURCE_LOOKUP,candidate_hint=YES,IDENTIFIED
T5A-0289,F4-P5-009,analysis_execution,構造解析,src:F4-5-009,Phase1_required,SOFTWARE_SPECIFIC,APOLLO_MANUAL_ONLY,P2,外部基準照合は不要。APOLLOの入出力・処理手順・ファイル形式として仕様候補を固定する。,画面/ファイル/処理順のソフト仕様,MAN-007,8,NONE,3 構造解析,NONE,解析実行状況のダイアログが表示され、解析終了と同時にダイアログは消えます。,NONE,NONE,UNKNOWN,NOT_SELECTED,NO,NO,YES,LOW,NO,NONE,NO_EXTERNAL_LOOKUP,candidate_hint=YES,IDENTIFIED
T5A-0290,F4-P5-010,section_force_conversion,断面力変換,src:F4-5-010,Phase1_required,SOFTWARE_SPECIFIC,APOLLO_MANUAL_ONLY,P2,外部基準照合は不要。APOLLOの入出力・処理手順・ファイル形式として仕様候補を固定する。,画面/ファイル/処理順のソフト仕様,MAN-007,9,NONE,4 断面力変換,NONE,断面力変換実行状況のダイアログが表示され、解析終了と同時にダイアログは消えます。,NONE,NONE,UNKNOWN,NOT_SELECTED,NO,NO,YES,LOW,NO,NONE,NO_EXTERNAL_LOOKUP,candidate_hint=YES,IDENTIFIED
T5A-0291,F4-P5-011,section_force_conversion,断面力計算書出力,src:F4-5-011,Phase1_required,SOFTWARE_SPECIFIC,APOLLO_MANUAL_ONLY,P2,外部基準照合は不要。APOLLOの入出力・処理手順・ファイル形式として仕様候補を固定する。,画面/ファイル/処理順のソフト仕様,MAN-007,9,NONE,4 断面力変換 終了時,NONE,終了時に、以下のダイアログが表示され、「はい」の場合 読み込まれた断面力結果が計算書として出力されます。,NONE,NONE,UNKNOWN,NOT_SELECTED,NO,NO,YES,LOW,NO,NONE,NO_EXTERNAL_LOOKUP,candidate_hint=YES,IDENTIFIED
T5A-0292,F4-P5-012,output_or_report,荷重強度図,src:F4-5-012,Phase1_required,SOFTWARE_SPECIFIC,APOLLO_MANUAL_ONLY,P2,外部基準照合は不要。APOLLOの入出力・処理手順・ファイル形式として仕様候補を固定する。,画面/ファイル/処理順のソフト仕様,MAN-007,10,NONE,5 荷重強度図,NONE,荷重強度確認ダイアログが表示されます。荷重強度図をファイルに出力する場合は、右側「出力」ボタンより ファイルへ印刷 を選択して下さい。,NONE,NONE,UNKNOWN,NOT_SELECTED,NO,NO,YES,LOW,NO,NONE,NO_EXTERNAL_LOOKUP,candidate_hint=YES,IDENTIFIED
T5A-0293,F4-P5-013,output_or_report,格子結果出力,src:F4-5-013,Phase1_required,SOFTWARE_SPECIFIC,APOLLO_MANUAL_ONLY,P2,外部基準照合は不要。APOLLOの入出力・処理手順・ファイル形式として仕様候補を固定する。,画面/ファイル/処理順のソフト仕様,MAN-007,11,NONE,6 格子結果出力,NONE,一般的に別紙とされる格子解析計算書を出力します。出力内容については、以下のダイアログにて指定可能です。,NONE,NONE,UNKNOWN,NOT_SELECTED,NO,NO,NO,LOW,NO,NONE,NO_EXTERNAL_LOOKUP,candidate_hint=YES,IDENTIFIED
T5A-0294,F4-P5-014,analysis_input_generation,計算書出力,src:F4-5-014,Phase1_required,SOFTWARE_SPECIFIC,APOLLO_MANUAL_ONLY,P1,解析データ作成・節点/要素/支点変更はAPOLLO-Analyzer連携仕様。物理形式はUnknownのまま Stage5Bでファイル証拠を探す。,ソフト連携・モデル操作,MAN-007,7,NONE,2.5 計算書出力,NONE,「計算＆出力」―「解析データ作成＆計算書作成」にて、格子解析条件を出力出来ます。,NONE,NONE,UNKNOWN,NOT_SELECTED,NO,NO,NO,LOW,NO,NONE,EXTERNAL_SOURCE_LOOKUP,candidate_hint=YES,IDENTIFIED
T5A-0295,F4-P5-014,analysis_input_generation,計算書出力,src:F4-5-014,Phase1_required,STANDARD_TRACEABILITY_REQUIRED,RBS_STEEL,P1,平面格子モデルで扱う部材剛度・支点条件の理想化が、鋼橋の静的解析として道路橋示方書の適用範囲・モデル化前提と整合するかを確認する。,解析モデル化は基準の適用条件確認が必要,MAN-007,7,NONE,2.5 計算書出力,NONE,「計算＆出力」―「解析データ作成＆計算書作成」にて、格子解析条件を出力出来ます。,NONE,NONE,UNKNOWN,NOT_SELECTED,NO,NO,NO,LOW,NO,NONE,EXTERNAL_SOURCE_LOOKUP,candidate_hint=YES,IDENTIFIED
T5A-0296,F4-P5-015,live_load,路面荷重,src:F4-5-015,Phase1_required,STANDARD_TRACEABILITY_REQUIRED,RBS_COMMON,P0,「路面荷重」について、適用年版の道路橋示方書に定義・載荷方法・組合せ規則がどう規定されているか確認する。,荷重は計算結果を左右するため外部照合が必要,MAN-005,13,NONE,4.1 路面荷重 データ,NONE,荷重強度および載荷位置を直接入力 荷重および載荷位置を直接入力して下さい。,NONE,NONE,UNKNOWN,NOT_SELECTED,NO,NO,NO,LOW,YES,NONE,EXTERNAL_SOURCE_LOOKUP,candidate_hint=YES,IDENTIFIED
T5A-0297,F4-P5-016,live_load,片持部荷重,src:F4-5-016,Phase1_required,STANDARD_TRACEABILITY_REQUIRED,RBS_COMMON,P0,「片持部荷重」について、適用年版の道路橋示方書に定義・載荷方法・組合せ規則がどう規定されているか確認する。,荷重は計算結果を左右するため外部照合が必要,MAN-005,13,NONE,4.1.2 片持部 データ,NONE,寸法を入力し、荷重強度および載荷位置を内部計算する 右側の「寸法入力」ボタンが有効となります。,NONE,NONE,UNKNOWN,NOT_SELECTED,NO,NO,NO,LOW,YES,NONE,EXTERNAL_SOURCE_LOOKUP,candidate_hint=YES,IDENTIFIED
T5A-0298,F4-P5-017,arbitrary_load,その他面荷重,src:F4-5-017,Phase1_required,STANDARD_TRACEABILITY_REQUIRED,RBS_COMMON,P0,「その他面荷重」について、適用年版の道路橋示方書に定義・載荷方法・組合せ規則がどう規定されているか確認する。,荷重は計算結果を左右するため外部照合が必要,MAN-005,17,NONE,4.3.1 その他面荷重 データ,NONE,その他面荷重の数を入力し、入力項目に 入力例 を参考に荷重を設定して下さい。,NONE,NONE,UNKNOWN,NOT_SELECTED,NO,NO,NO,LOW,YES,NONE,EXTERNAL_SOURCE_LOOKUP,candidate_hint=YES,IDENTIFIED
T5A-0299,F4-P5-018,arbitrary_load,その他線荷重,src:F4-5-018,Phase1_required,STANDARD_TRACEABILITY_REQUIRED,RBS_COMMON,P0,「その他線荷重」について、適用年版の道路橋示方書に定義・載荷方法・組合せ規則がどう規定されているか確認する。,荷重は計算結果を左右するため外部照合が必要,MAN-005,17,NONE,4.3.2 その他線荷重 データ,NONE,その他線荷重の数を入力し、入力項目に 入力例 を参考に荷重を設定して下さい。,NONE,NONE,UNKNOWN,NOT_SELECTED,NO,NO,NO,LOW,YES,NONE,EXTERNAL_SOURCE_LOOKUP,candidate_hint=YES,IDENTIFIED
T5A-0300,F4-P5-019,arbitrary_load,その他点荷重,src:F4-5-019,Phase1_required,STANDARD_TRACEABILITY_REQUIRED,RBS_COMMON,P0,「その他点荷重」について、適用年版の道路橋示方書に定義・載荷方法・組合せ規則がどう規定されているか確認する。,荷重は計算結果を左右するため外部照合が必要,MAN-005,18,NONE,4.3.3 その他点荷重 データ,NONE,その他格点荷重種類数を入力し、各格点荷重の載荷格点数を入力して頂くと、 その他点…荷重(２) タグにて、荷重が入力可能となります。,NONE,NONE,UNKNOWN,NOT_SELECTED,YES,NO,NO,LOW,YES,NONE,EXTERNAL_SOURCE_LOOKUP,candidate_hint=YES,IDENTIFIED
T5A-0301,F4-P5-020,arbitrary_load,支点沈下バネ,src:F4-5-020,Phase1_required,STANDARD_TRACEABILITY_REQUIRED,RBS_COMMON,P0,「支点沈下バネ」について、適用年版の道路橋示方書に定義・載荷方法・組合せ規則がどう規定されているか確認する。,荷重は計算結果を左右するため外部照合が必要,MAN-005,20,NONE,4.4 支点沈下バネ データ,NONE,なし ・ 支点沈下を考慮 ・ 支点バネを考慮 を選択し、各対応タグのデータをご入力下さい。,NONE,NONE,UNKNOWN,NOT_SELECTED,NO,NO,NO,LOW,YES,NONE,EXTERNAL_SOURCE_LOOKUP,candidate_hint=NO,IDENTIFIED
T5A-0302,F4-P5-021,arbitrary_load,水平荷重,src:F4-5-021,Phase1_required,STANDARD_TRACEABILITY_REQUIRED,RBS_COMMON,P0,「水平荷重」について、適用年版の道路橋示方書に定義・載荷方法・組合せ規則がどう規定されているか確認する。,荷重は計算結果を左右するため外部照合が必要,MAN-005,21,NONE,4.5 水平荷重 データ,NONE,ＲＣ床版用の水平荷重を、ご入力下さい。,NONE,NONE,UNKNOWN,NOT_SELECTED,NO,NO,NO,LOW,YES,NONE,EXTERNAL_SOURCE_LOOKUP,candidate_hint=YES,IDENTIFIED
T5A-0303,F4-P5-022,analysis_input_generation,ハンチ・中分,src:F4-5-022,Phase1_required,SOFTWARE_SPECIFIC,APOLLO_MANUAL_ONLY,P1,解析データ作成・節点/要素/支点変更はAPOLLO-Analyzer連携仕様。物理形式はUnknownのまま Stage5Bでファイル証拠を探す。,ソフト連携・モデル操作,MAN-005,16,NONE,4.2 ハンチ・中分 データ,NONE,ハンチプログラムにて算出されたハンチ重量がデフォルトとして、データがセットされており、修正も可能となっています。,NONE,NONE,UNKNOWN,NOT_SELECTED,NO,NO,NO,LOW,NO,NONE,EXTERNAL_SOURCE_LOOKUP,candidate_hint=YES,IDENTIFIED
T5A-0304,F4-P5-022,analysis_input_generation,ハンチ・中分,src:F4-5-022,Phase1_required,STANDARD_TRACEABILITY_REQUIRED,RBS_STEEL,P1,平面格子モデルで扱う部材剛度・支点条件の理想化が、鋼橋の静的解析として道路橋示方書の適用範囲・モデル化前提と整合するかを確認する。,解析モデル化は基準の適用条件確認が必要,MAN-005,16,NONE,4.2 ハンチ・中分 データ,NONE,ハンチプログラムにて算出されたハンチ重量がデフォルトとして、データがセットされており、修正も可能となっています。,NONE,NONE,UNKNOWN,NOT_SELECTED,NO,NO,NO,LOW,NO,NONE,EXTERNAL_SOURCE_LOOKUP,candidate_hint=YES,IDENTIFIED
T5A-0305,F4-P5-023,deflection_check,たわみ剛比,src:F4-5-023,Phase1_required,STANDARD_TRACEABILITY_REQUIRED,RBS_STEEL,P0,活荷重たわみの制限値・算出前提が適用年版の道路橋示方書に規定されているか確認する。,照査は基準なしに確定できない,MAN-010,4,NONE,2 たわみ及び剛比の確認,NONE,たわみ剛比プログラムを起動いたしますと、初回以降および初回設計条件決定後、以下の画面が表示され、各項目について、数値を確認出来ます。,NONE,NONE,UNKNOWN,NOT_SELECTED,NO,NO,YES,LOW,YES,NONE,EXTERNAL_SOURCE_LOOKUP,candidate_hint=YES,IDENTIFIED
T5A-0306,F4-P5-024,deflection_check,活荷重たわみ,src:F4-5-024,Phase1_required,STANDARD_TRACEABILITY_REQUIRED,RBS_STEEL,P0,活荷重たわみの制限値・算出前提が適用年版の道路橋示方書に規定されているか確認する。,照査は基準なしに確定できない,MAN-010,4,NONE,2 たわみ及び剛比の確認,NONE,活荷重たわみについては、剛度一定値を入力した場合の初回格子計算後では、規定では、規定値をオーバーしている場合が御座いますが、一度剛度清算を行った後に確認された方が良いと思われます。,NONE,NONE,UNKNOWN,NOT_SELECTED,NO,NO,NO,LOW,YES,NONE,EXTERNAL_SOURCE_LOOKUP,candidate_hint=YES,IDENTIFIED
T5A-0307,F4-P5-025,analysis_execution,実剛度格子計算,src:F4-5-025,Phase1_required,SOFTWARE_SPECIFIC,APOLLO_MANUAL_ONLY,P2,外部基準照合は不要。APOLLOの入出力・処理手順・ファイル形式として仕様候補を固定する。,画面/ファイル/処理順のソフト仕様,MAN-010,5,NONE,3 計算書およびキャンバー図作成,NONE,各メニューに(実剛度)が付加されているメニューは、再度実剛度により格子計算を別途行った結果を出力致します。,NONE,NONE,UNKNOWN,NOT_SELECTED,NO,NO,NO,LOW,NO,NONE,NO_EXTERNAL_LOOKUP,candidate_hint=YES,IDENTIFIED
T5A-0308,F4-P5-026,output_or_report,キャンバー図,src:F4-5-026,Phase1_required,SOFTWARE_SPECIFIC,APOLLO_MANUAL_ONLY,P2,外部基準照合は不要。APOLLOの入出力・処理手順・ファイル形式として仕様候補を固定する。,画面/ファイル/処理順のソフト仕様,MAN-010,5,NONE,3 計算書およびキャンバー図作成,NONE,「キャンバーDXF」または「キャンバーDXF(実剛度)」を選択しますと、「キャンバーＤＸＦ出力」ダイアログが、スケール等を選択して頂き、「図面作画」ボタンにてキャンバー図を確認出来ます。,NONE,NONE,UNKNOWN,NOT_SELECTED,NO,NO,NO,LOW,NO,NONE,NO_EXTERNAL_LOOKUP,candidate_hint=YES,IDENTIFIED
T5A-0309,F4-P5-027,analysis_model,格子解析ボタン,src:F4-5-027,Phase1_required,SOFTWARE_SPECIFIC,APOLLO_MANUAL_ONLY,P1,解析データ作成・節点/要素/支点変更はAPOLLO-Analyzer連携仕様。物理形式はUnknownのまま Stage5Bでファイル証拠を探す。,ソフト連携・モデル操作,MAN-002,8,NONE,2.1.2 実行ボタンについて,NONE,格子解析: 解析データ作成、構造解析、断面力変換、荷重強度図、格子結果出力,NONE,NONE,UNKNOWN,NOT_SELECTED,NO,NO,NO,LOW,NO,NONE,EXTERNAL_SOURCE_LOOKUP,candidate_hint=YES,IDENTIFIED
T5A-0310,F4-P5-027,analysis_model,格子解析ボタン,src:F4-5-027,Phase1_required,STANDARD_TRACEABILITY_REQUIRED,RBS_STEEL,P1,平面格子モデルで扱う部材剛度・支点条件の理想化が、鋼橋の静的解析として道路橋示方書の適用範囲・モデル化前提と整合するかを確認する。,解析モデル化は基準の適用条件確認が必要,MAN-002,8,NONE,2.1.2 実行ボタンについて,NONE,格子解析: 解析データ作成、構造解析、断面力変換、荷重強度図、格子結果出力,NONE,NONE,UNKNOWN,NOT_SELECTED,NO,NO,NO,LOW,NO,NONE,EXTERNAL_SOURCE_LOOKUP,candidate_hint=YES,IDENTIFIED
T5A-0311,F4-P5-028,analysis_input_generation,解析データ作成ボタン,src:F4-5-028,Phase1_required,SOFTWARE_SPECIFIC,APOLLO_MANUAL_ONLY,P1,解析データ作成・節点/要素/支点変更はAPOLLO-Analyzer連携仕様。物理形式はUnknownのまま Stage5Bでファイル証拠を探す。,ソフト連携・モデル操作,MAN-002,8,NONE,2.1.2 実行ボタンについて,NONE,解析データ作成 ：構造解析データ（Analyzer データ）を作成します。,NONE,NONE,UNKNOWN,NOT_SELECTED,NO,NO,NO,LOW,NO,NONE,EXTERNAL_SOURCE_LOOKUP,candidate_hint=NO,IDENTIFIED
T5A-0312,F4-P5-028,analysis_input_generation,解析データ作成ボタン,src:F4-5-028,Phase1_required,STANDARD_TRACEABILITY_REQUIRED,RBS_STEEL,P1,平面格子モデルで扱う部材剛度・支点条件の理想化が、鋼橋の静的解析として道路橋示方書の適用範囲・モデル化前提と整合するかを確認する。,解析モデル化は基準の適用条件確認が必要,MAN-002,8,NONE,2.1.2 実行ボタンについて,NONE,解析データ作成 ：構造解析データ（Analyzer データ）を作成します。,NONE,NONE,UNKNOWN,NOT_SELECTED,NO,NO,NO,LOW,NO,NONE,EXTERNAL_SOURCE_LOOKUP,candidate_hint=NO,IDENTIFIED
T5A-0313,F4-P5-029,analysis_execution,構造解析ボタン,src:F4-5-029,Phase1_required,SOFTWARE_SPECIFIC,APOLLO_MANUAL_ONLY,P2,外部基準照合は不要。APOLLOの入出力・処理手順・ファイル形式として仕様候補を固定する。,画面/ファイル/処理順のソフト仕様,MAN-002,8,NONE,2.1.2 実行ボタンについて,NONE,構造解析 ：構造解析プログラム（Analyzer）を実行します。,NONE,NONE,UNKNOWN,NOT_SELECTED,NO,NO,NO,LOW,NO,NONE,NO_EXTERNAL_LOOKUP,candidate_hint=NO,IDENTIFIED
T5A-0314,F4-P5-030,section_force_conversion,断面力変換ボタン,src:F4-5-030,Phase1_required,SOFTWARE_SPECIFIC,APOLLO_MANUAL_ONLY,P2,外部基準照合は不要。APOLLOの入出力・処理手順・ファイル形式として仕様候補を固定する。,画面/ファイル/処理順のソフト仕様,MAN-002,8,NONE,2.1.2 実行ボタンについて,NONE,断面力変換 ：構造解析結果（Anayzer 結果）を自動設計に読み込みます。,NONE,NONE,UNKNOWN,NOT_SELECTED,NO,NO,NO,LOW,NO,NONE,NO_EXTERNAL_LOOKUP,candidate_hint=YES,IDENTIFIED
T5A-0315,F4-P5-031,stress_check,許容応力度,src:F4-5-031,Phase1_required,STANDARD_TRACEABILITY_REQUIRED,RBS_STEEL,P0,許容応力度・照査式・適用鋼種条件が適用年版の道路橋示方書（鋼橋編）にどう規定されているか確認する。,照査は基準なしに確定できない,MAN-005,8,NONE,2.3.3 許容応力度 データ,NONE,許容応力度 データ,NONE,NONE,UNKNOWN,NOT_SELECTED,NO,NO,NO,LOW,YES,NONE,EXTERNAL_SOURCE_LOOKUP,candidate_hint=YES,IDENTIFIED
T5A-0316,F4-P5-032,analysis_input_generation,有効モーメント最小量,src:F4-5-032,Phase1_required,SOFTWARE_SPECIFIC,APOLLO_MANUAL_ONLY,P1,解析データ作成・節点/要素/支点変更はAPOLLO-Analyzer連携仕様。物理形式はUnknownのまま Stage5Bでファイル証拠を探す。,ソフト連携・モデル操作,MAN-005,22,NONE,5.1.1 設計条件,NONE,有効モーメントの最小量とは、不等径間等により微少な負曲げモーメントが支間中央に存在する場合等に、強制的(設計者様のご判断により)微少断面力を無視したい場合に、最小量をご入力下さい。,NONE,NONE,UNKNOWN,NOT_SELECTED,NO,NO,NO,LOW,NO,NONE,EXTERNAL_SOURCE_LOOKUP,candidate_hint=YES,IDENTIFIED
T5A-0317,F4-P5-032,analysis_input_generation,有効モーメント最小量,src:F4-5-032,Phase1_required,STANDARD_TRACEABILITY_REQUIRED,RBS_STEEL,P1,平面格子モデルで扱う部材剛度・支点条件の理想化が、鋼橋の静的解析として道路橋示方書の適用範囲・モデル化前提と整合するかを確認する。,解析モデル化は基準の適用条件確認が必要,MAN-005,22,NONE,5.1.1 設計条件,NONE,有効モーメントの最小量とは、不等径間等により微少な負曲げモーメントが支間中央に存在する場合等に、強制的(設計者様のご判断により)微少断面力を無視したい場合に、最小量をご入力下さい。,NONE,NONE,UNKNOWN,NOT_SELECTED,NO,NO,NO,LOW,NO,NONE,EXTERNAL_SOURCE_LOOKUP,candidate_hint=YES,IDENTIFIED
T5A-0318,F4-P5-033,dead_load,dead_load,src:F4-5-033,unknown,UNKNOWN,UNKNOWN,P3,マニュアル抽出が不足しており、外部照合の要否を確定できない。追加でAPOLLOマニュアル該当章を確認する。,Stage4で当該カテゴリの明示記述が不足,UNKNOWN,NONE,NONE,NONE,NONE,NONE,NONE,NONE,UNKNOWN,NOT_SELECTED,NO,NO,NO,MEDIUM,NO,NONE,MANUAL_REREAD_THEN_CLASSIFY,candidate_hint=NO,NEEDS_REVIEW
T5A-0319,F4-P5-034,point_load,point_load (covered under arbitrary_load),src:F4-5-034,Phase1_required,STANDARD_TRACEABILITY_REQUIRED,RBS_COMMON,P0,「point_load (covered under arbitrary_load)」について、適用年版の道路橋示方書に定義・載荷方法・組合せ規則がどう規定されているか確認する。,荷重は計算結果を左右するため外部照合が必要,MULTI,NONE,NONE,NONE,NONE,NONE,NONE,NONE,UNKNOWN,NOT_SELECTED,NO,NO,NO,MEDIUM,YES,NONE,EXTERNAL_SOURCE_LOOKUP,candidate_hint=NO,IDENTIFIED
T5A-0320,F4-P5-035,line_load,line_load (covered under arbitrary_load),src:F4-5-035,Phase1_required,STANDARD_TRACEABILITY_REQUIRED,RBS_COMMON,P0,「line_load (covered under arbitrary_load)」について、適用年版の道路橋示方書に定義・載荷方法・組合せ規則がどう規定されているか確認する。,荷重は計算結果を左右するため外部照合が必要,MULTI,NONE,NONE,NONE,NONE,NONE,NONE,NONE,UNKNOWN,NOT_SELECTED,NO,NO,NO,MEDIUM,YES,NONE,EXTERNAL_SOURCE_LOOKUP,candidate_hint=NO,IDENTIFIED
T5A-0321,F4-P5-036,surface_load,surface_load (covered under arbitrary_load),src:F4-5-036,Phase1_required,STANDARD_TRACEABILITY_REQUIRED,RBS_COMMON,P0,「surface_load (covered under arbitrary_load)」について、適用年版の道路橋示方書に定義・載荷方法・組合せ規則がどう規定されているか確認する。,荷重は計算結果を左右するため外部照合が必要,MULTI,NONE,NONE,NONE,NONE,NONE,NONE,NONE,UNKNOWN,NOT_SELECTED,NO,NO,NO,MEDIUM,YES,NONE,EXTERNAL_SOURCE_LOOKUP,candidate_hint=NO,IDENTIFIED
T5A-0322,F4-P5-037,load_case,load_case,src:F4-5-037,unknown,UNKNOWN,UNKNOWN,P3,マニュアル抽出が不足しており、外部照合の要否を確定できない。追加でAPOLLOマニュアル該当章を確認する。,Stage4で当該カテゴリの明示記述が不足,UNKNOWN,NONE,NONE,NONE,NONE,NONE,NONE,NONE,UNKNOWN,NOT_SELECTED,NO,NO,NO,MEDIUM,NO,NONE,MANUAL_REREAD_THEN_CLASSIFY,candidate_hint=NO,NEEDS_REVIEW
T5A-0323,F4-P5-038,load_combination,load_combination,src:F4-5-038,unknown,UNKNOWN,UNKNOWN,P3,マニュアル抽出が不足しており、外部照合の要否を確定できない。追加でAPOLLOマニュアル該当章を確認する。,Stage4で当該カテゴリの明示記述が不足,UNKNOWN,NONE,NONE,NONE,NONE,NONE,NONE,NONE,UNKNOWN,NOT_SELECTED,NO,NO,NO,MEDIUM,NO,NONE,MANUAL_REREAD_THEN_CLASSIFY,candidate_hint=NO,NEEDS_REVIEW
T5A-0324,F4-P5-039,grid_model,grid_model (covered under analysis_model),src:F4-5-039,Phase1_required,SOFTWARE_SPECIFIC,APOLLO_MANUAL_ONLY,P1,解析データ作成・節点/要素/支点変更はAPOLLO-Analyzer連携仕様。物理形式はUnknownのまま Stage5Bでファイル証拠を探す。,ソフト連携・モデル操作,MULTI,NONE,NONE,NONE,NONE,NONE,NONE,NONE,UNKNOWN,NOT_SELECTED,NO,NO,NO,MEDIUM,NO,NONE,EXTERNAL_SOURCE_LOOKUP,candidate_hint=NO,IDENTIFIED
T5A-0325,F4-P5-039,grid_model,grid_model (covered under analysis_model),src:F4-5-039,Phase1_required,STANDARD_TRACEABILITY_REQUIRED,RBS_STEEL,P1,平面格子モデルで扱う部材剛度・支点条件の理想化が、鋼橋の静的解析として道路橋示方書の適用範囲・モデル化前提と整合するかを確認する。,解析モデル化は基準の適用条件確認が必要,MULTI,NONE,NONE,NONE,NONE,NONE,NONE,NONE,UNKNOWN,NOT_SELECTED,NO,NO,NO,MEDIUM,NO,NONE,EXTERNAL_SOURCE_LOOKUP,candidate_hint=NO,IDENTIFIED
T5A-0326,F4-P5-040,node,node (covered under analysis_model),src:F4-5-040,Phase1_required,SOFTWARE_SPECIFIC,APOLLO_MANUAL_ONLY,P1,解析データ作成・節点/要素/支点変更はAPOLLO-Analyzer連携仕様。物理形式はUnknownのまま Stage5Bでファイル証拠を探す。,ソフト連携・モデル操作,MULTI,NONE,NONE,NONE,NONE,NONE,NONE,NONE,UNKNOWN,NOT_SELECTED,NO,NO,NO,MEDIUM,NO,NONE,EXTERNAL_SOURCE_LOOKUP,candidate_hint=NO,IDENTIFIED
T5A-0327,F4-P5-040,node,node (covered under analysis_model),src:F4-5-040,Phase1_required,STANDARD_TRACEABILITY_REQUIRED,RBS_STEEL,P1,平面格子モデルで扱う部材剛度・支点条件の理想化が、鋼橋の静的解析として道路橋示方書の適用範囲・モデル化前提と整合するかを確認する。,解析モデル化は基準の適用条件確認が必要,MULTI,NONE,NONE,NONE,NONE,NONE,NONE,NONE,UNKNOWN,NOT_SELECTED,NO,NO,NO,MEDIUM,NO,NONE,EXTERNAL_SOURCE_LOOKUP,candidate_hint=NO,IDENTIFIED
T5A-0328,F4-P5-041,member,member (covered under analysis_model),src:F4-5-041,Phase1_required,SOFTWARE_SPECIFIC,APOLLO_MANUAL_ONLY,P1,解析データ作成・節点/要素/支点変更はAPOLLO-Analyzer連携仕様。物理形式はUnknownのまま Stage5Bでファイル証拠を探す。,ソフト連携・モデル操作,MULTI,NONE,NONE,NONE,NONE,NONE,NONE,NONE,UNKNOWN,NOT_SELECTED,NO,NO,NO,MEDIUM,NO,NONE,EXTERNAL_SOURCE_LOOKUP,candidate_hint=NO,IDENTIFIED
T5A-0329,F4-P5-041,member,member (covered under analysis_model),src:F4-5-041,Phase1_required,STANDARD_TRACEABILITY_REQUIRED,RBS_STEEL,P1,平面格子モデルで扱う部材剛度・支点条件の理想化が、鋼橋の静的解析として道路橋示方書の適用範囲・モデル化前提と整合するかを確認する。,解析モデル化は基準の適用条件確認が必要,MULTI,NONE,NONE,NONE,NONE,NONE,NONE,NONE,UNKNOWN,NOT_SELECTED,NO,NO,NO,MEDIUM,NO,NONE,EXTERNAL_SOURCE_LOOKUP,candidate_hint=NO,IDENTIFIED
T5A-0330,F4-P5-042,support,support (covered under analysis_model),src:F4-5-042,Phase1_required,SOFTWARE_SPECIFIC,APOLLO_MANUAL_ONLY,P1,解析データ作成・節点/要素/支点変更はAPOLLO-Analyzer連携仕様。物理形式はUnknownのまま Stage5Bでファイル証拠を探す。,ソフト連携・モデル操作,MULTI,NONE,NONE,NONE,NONE,NONE,NONE,NONE,UNKNOWN,NOT_SELECTED,NO,NO,NO,MEDIUM,NO,NONE,EXTERNAL_SOURCE_LOOKUP,candidate_hint=NO,IDENTIFIED
T5A-0331,F4-P5-042,support,support (covered under analysis_model),src:F4-5-042,Phase1_required,STANDARD_TRACEABILITY_REQUIRED,RBS_STEEL,P1,平面格子モデルで扱う部材剛度・支点条件の理想化が、鋼橋の静的解析として道路橋示方書の適用範囲・モデル化前提と整合するかを確認する。,解析モデル化は基準の適用条件確認が必要,MULTI,NONE,NONE,NONE,NONE,NONE,NONE,NONE,UNKNOWN,NOT_SELECTED,NO,NO,NO,MEDIUM,NO,NONE,EXTERNAL_SOURCE_LOOKUP,candidate_hint=NO,IDENTIFIED
T5A-0332,F4-P5-043,analyzer_link,analyzer_link (covered under analysis_execution),src:F4-5-043,Phase1_required,SOFTWARE_SPECIFIC,APOLLO_MANUAL_ONLY,P2,外部基準照合は不要。APOLLOの入出力・処理手順・ファイル形式として仕様候補を固定する。,画面/ファイル/処理順のソフト仕様,MULTI,NONE,NONE,NONE,NONE,NONE,NONE,NONE,UNKNOWN,NOT_SELECTED,NO,NO,NO,MEDIUM,NO,NONE,NO_EXTERNAL_LOOKUP,candidate_hint=NO,IDENTIFIED
T5A-0333,F4-P5-044,analysis_result_import,analysis_result_import (covered under section_force_conversion),src:F4-5-044,Phase1_required,SOFTWARE_SPECIFIC,APOLLO_MANUAL_ONLY,P2,外部基準照合は不要。APOLLOの入出力・処理手順・ファイル形式として仕様候補を固定する。,画面/ファイル/処理順のソフト仕様,MULTI,NONE,NONE,NONE,NONE,NONE,NONE,NONE,UNKNOWN,NOT_SELECTED,NO,NO,NO,MEDIUM,NO,NONE,NO_EXTERNAL_LOOKUP,candidate_hint=NO,IDENTIFIED
T5A-0334,F4-P5-045,section_force_import,section_force_import (covered under section_force_conversion),src:F4-5-045,Phase1_required,SOFTWARE_SPECIFIC,APOLLO_MANUAL_ONLY,P2,外部基準照合は不要。APOLLOの入出力・処理手順・ファイル形式として仕様候補を固定する。,画面/ファイル/処理順のソフト仕様,MULTI,NONE,NONE,NONE,NONE,NONE,NONE,NONE,UNKNOWN,NOT_SELECTED,NO,NO,NO,MEDIUM,NO,NONE,NO_EXTERNAL_LOOKUP,candidate_hint=NO,IDENTIFIED
T5A-0335,F4-P5-046,section_force_interpolation,section_force_interpolation,src:F4-5-046,unknown,UNKNOWN,UNKNOWN,P3,マニュアル抽出が不足しており、外部照合の要否を確定できない。追加でAPOLLOマニュアル該当章を確認する。,Stage4で当該カテゴリの明示記述が不足,UNKNOWN,NONE,NONE,NONE,NONE,NONE,NONE,NONE,UNKNOWN,NOT_SELECTED,NO,NO,NO,MEDIUM,NO,NONE,MANUAL_REREAD_THEN_CLASSIFY,candidate_hint=NO,NEEDS_REVIEW
T5A-0336,F4-P5-047,reaction,reaction,src:F4-5-047,unknown,UNKNOWN,UNKNOWN,P3,マニュアル抽出が不足しており、外部照合の要否を確定できない。追加でAPOLLOマニュアル該当章を確認する。,Stage4で当該カテゴリの明示記述が不足,UNKNOWN,NONE,NONE,NONE,NONE,NONE,NONE,NONE,UNKNOWN,NOT_SELECTED,NO,NO,NO,MEDIUM,NO,NONE,MANUAL_REREAD_THEN_CLASSIFY,candidate_hint=NO,NEEDS_REVIEW
T5A-0337,F4-P5-048,displacement,displacement,src:F4-5-048,unknown,UNKNOWN,UNKNOWN,P3,マニュアル抽出が不足しており、外部照合の要否を確定できない。追加でAPOLLOマニュアル該当章を確認する。,Stage4で当該カテゴリの明示記述が不足,UNKNOWN,NONE,NONE,NONE,NONE,NONE,NONE,NONE,UNKNOWN,NOT_SELECTED,NO,NO,NO,MEDIUM,NO,NONE,MANUAL_REREAD_THEN_CLASSIFY,candidate_hint=NO,NEEDS_REVIEW
T5A-0338,F4-P5-049,strength_check,strength_check (covered under stress_check),src:F4-5-049,Phase1_required,STANDARD_TRACEABILITY_REQUIRED,RBS_STEEL,P0,部材の強度照査（断面耐力等）が適用年版の道路橋示方書でどの章・条に対応するか確認する。,照査は基準なしに確定できない,MULTI,NONE,NONE,NONE,NONE,NONE,NONE,NONE,UNKNOWN,NOT_SELECTED,NO,NO,NO,MEDIUM,YES,NONE,EXTERNAL_SOURCE_LOOKUP,candidate_hint=NO,IDENTIFIED
T5A-0339,F4-P5-050,warning,warning,src:F4-5-050,unknown,UNKNOWN,UNKNOWN,P3,マニュアル抽出が不足しており、外部照合の要否を確定できない。追加でAPOLLOマニュアル該当章を確認する。,Stage4で当該カテゴリの明示記述が不足,UNKNOWN,NONE,NONE,NONE,NONE,NONE,NONE,NONE,UNKNOWN,NOT_SELECTED,NO,NO,NO,MEDIUM,NO,NONE,MANUAL_REREAD_THEN_CLASSIFY,candidate_hint=NO,NEEDS_REVIEW
T5A-0340,F4-P5-051,error,error,src:F4-5-051,unknown,UNKNOWN,UNKNOWN,P3,マニュアル抽出が不足しており、外部照合の要否を確定できない。追加でAPOLLOマニュアル該当章を確認する。,Stage4で当該カテゴリの明示記述が不足,UNKNOWN,NONE,NONE,NONE,NONE,NONE,NONE,NONE,UNKNOWN,NOT_SELECTED,NO,NO,NO,MEDIUM,NO,NONE,MANUAL_REREAD_THEN_CLASSIFY,candidate_hint=NO,NEEDS_REVIEW
T5A-0341,F4-P6-001,calculation_report,計算書の出力,src:F4-6-001,Phase1_required,SOFTWARE_SPECIFIC,APOLLO_MANUAL_ONLY,P2,外部基準照合は不要。APOLLOの入出力・処理手順・ファイル形式として仕様候補を固定する。,画面/ファイル/処理順のソフト仕様,MAN-021,14,NONE,2-2-3,NONE,計算書は、各設計プログラムのメニューの［計算＆出力］で行って下さい。プログラムのよっては、詳細計算書とサマリー計算書が用意されています,NONE,NONE,UNKNOWN,NOT_SELECTED,NO,NO,NO,LOW,NO,NONE,NO_EXTERNAL_LOOKUP,candidate_hint=NO,IDENTIFIED
T5A-0342,F4-P6-002,calculation_report,計算書ファイル名,src:F4-6-002,Phase1_required,SOFTWARE_SPECIFIC,APOLLO_MANUAL_ONLY,P2,外部基準照合は不要。APOLLOの入出力・処理手順・ファイル形式として仕様候補を固定する。,画面/ファイル/処理順のソフト仕様,MAN-021,14,NONE,2-2-3,NONE,標準ファイル名が「工事名+設計対象名.rtf」でセットされています,NONE,NONE,UNKNOWN,NOT_SELECTED,NO,NO,NO,LOW,NO,NONE,NO_EXTERNAL_LOOKUP,candidate_hint=NO,IDENTIFIED
T5A-0343,F4-P6-003,calculation_report,計算書をMS-Wordで表示,src:F4-6-003,Phase1_required,SOFTWARE_SPECIFIC,APOLLO_MANUAL_ONLY,P2,外部基準照合は不要。APOLLOの入出力・処理手順・ファイル形式として仕様候補を固定する。,画面/ファイル/処理順のソフト仕様,MAN-021,15,NONE,2-2-3,NONE,自動的にＭＳ－Ｗｏｒｄが起動し、計算書が表示されます,NONE,NONE,UNKNOWN,NOT_SELECTED,NO,NO,YES,LOW,NO,NONE,NO_EXTERNAL_LOOKUP,candidate_hint=YES,IDENTIFIED
T5A-0344,F4-P6-004,rtf_output,RTF形式出力,src:F4-6-004,Phase1_required,SOFTWARE_SPECIFIC,APOLLO_MANUAL_ONLY,P2,外部基準照合は不要。APOLLOの入出力・処理手順・ファイル形式として仕様候補を固定する。,画面/ファイル/処理順のソフト仕様,MAN-021,8,NONE,2-1-2,NONE,計算書は、ＭＳ-Word が読み書きできる RTF 形式（Rich Text Format 書式付きテキスト）に出力されます,NONE,NONE,UNKNOWN,NOT_SELECTED,NO,YES,NO,LOW,NO,NONE,NO_EXTERNAL_LOOKUP,candidate_hint=YES,IDENTIFIED
T5A-0345,F4-P6-005,cad_output,AutoCADデータ生成事前準備,src:F4-6-005,Phase1_required,SOFTWARE_SPECIFIC,APOLLO_MANUAL_ONLY,P2,外部基準照合は不要。APOLLOの入出力・処理手順・ファイル形式として仕様候補を固定する。,画面/ファイル/処理順のソフト仕様,MAN-021,16,NONE,2-3-1,NONE,図面データを AutoCAD データ（ＤＷＧデータ）に出力するには、次の設定を事前に行って下さい,NONE,NONE,UNKNOWN,NOT_SELECTED,NO,NO,NO,LOW,NO,NONE,NO_EXTERNAL_LOOKUP,candidate_hint=NO,IDENTIFIED
T5A-0346,F4-P6-006,dwg_output,DWG出力選択,src:F4-6-006,Phase1_required,SOFTWARE_SPECIFIC,APOLLO_MANUAL_ONLY,P2,外部基準照合は不要。APOLLOの入出力・処理手順・ファイル形式として仕様候補を固定する。,画面/ファイル/処理順のソフト仕様,MAN-021,17,NONE,2-3-2,NONE,ＣＡＤデータ形式では「AutoCAD データ：ＤＷＧ」かＹＴＩ独自の「中間ファイル：ＧＳＰ」かの選択をして下さい,NONE,NONE,UNKNOWN,NOT_SELECTED,NO,YES,NO,LOW,NO,NONE,NO_EXTERNAL_LOOKUP,candidate_hint=YES,IDENTIFIED
T5A-0347,F4-P6-007,gsp_output,GSP中間ファイル出力,src:F4-6-007,Phase1_required,SOFTWARE_SPECIFIC,APOLLO_MANUAL_ONLY,P2,外部基準照合は不要。APOLLOの入出力・処理手順・ファイル形式として仕様候補を固定する。,画面/ファイル/処理順のソフト仕様,MAN-021,17,NONE,2-3-2,NONE,ＹＴＩ独自の「中間ファイル：ＧＳＰ」かの選択をして下さい,NONE,NONE,UNKNOWN,NOT_SELECTED,NO,NO,NO,LOW,NO,NONE,NO_EXTERNAL_LOOKUP,candidate_hint=YES,IDENTIFIED
T5A-0348,F4-P6-008,drawing_input_generation,入力データ作成,src:F4-6-008,Phase1_required,SOFTWARE_SPECIFIC,APOLLO_MANUAL_ONLY,P2,外部基準照合は不要。APOLLOの入出力・処理手順・ファイル形式として仕様候補を固定する。,画面/ファイル/処理順のソフト仕様,MAN-021,18,NONE,2-3-2,NONE,「入力データ作成」は、設計データ「工事名．ｍｄｂ」から標準値の製図データを自動生成します,NONE,NONE,UNKNOWN,NOT_SELECTED,NO,NO,NO,LOW,NO,NONE,NO_EXTERNAL_LOOKUP,candidate_hint=NO,IDENTIFIED
T5A-0349,F4-P6-009,design_data_conversion,設計データ変換,src:F4-6-009,Phase1_required,SOFTWARE_SPECIFIC,APOLLO_MANUAL_ONLY,P2,外部基準照合は不要。APOLLOの入出力・処理手順・ファイル形式として仕様候補を固定する。,画面/ファイル/処理順のソフト仕様,MAN-021,19,NONE,2-3-2,NONE,「設計データ変換」は、自動設計で設計した部材の寸法や材質、ボルト形状など製図データベースに変換します,NONE,NONE,UNKNOWN,NOT_SELECTED,NO,NO,NO,LOW,NO,NONE,NO_EXTERNAL_LOOKUP,candidate_hint=YES,IDENTIFIED
T5A-0350,F4-P6-010,member_generation,全部材作成,src:F4-6-010,Phase1_required,SOFTWARE_SPECIFIC,APOLLO_MANUAL_ONLY,P2,外部基準照合は不要。APOLLOの入出力・処理手順・ファイル形式として仕様候補を固定する。,画面/ファイル/処理順のソフト仕様,MAN-021,19,NONE,2-3-2,NONE,「全部材作成」では、製図データベースの中に３次元的に部材を作成していきます,NONE,NONE,UNKNOWN,NOT_SELECTED,YES,NO,YES,LOW,NO,NONE,NO_EXTERNAL_LOOKUP,candidate_hint=YES,IDENTIFIED
T5A-0351,F4-P6-011,gsp_output,ＣＡＤデータ（ＧＳＰ）逐次作成,src:F4-6-011,Phase1_required,SOFTWARE_SPECIFIC,APOLLO_MANUAL_ONLY,P2,外部基準照合は不要。APOLLOの入出力・処理手順・ファイル形式として仕様候補を固定する。,画面/ファイル/処理順のソフト仕様,MAN-021,19,NONE,2-3-2,NONE,図面作成の各ボタンで、ＣＡＤデータ（ＧＳＰデータ）が逐次作成されていきます,NONE,NONE,UNKNOWN,NOT_SELECTED,NO,NO,NO,LOW,NO,NONE,NO_EXTERNAL_LOOKUP,candidate_hint=NO,IDENTIFIED
T5A-0352,F4-P6-012,dwg_output,GSP→DWG変換,src:F4-6-012,Phase1_required,SOFTWARE_SPECIFIC,APOLLO_MANUAL_ONLY,P2,外部基準照合は不要。APOLLOの入出力・処理手順・ファイル形式として仕様候補を固定する。,画面/ファイル/処理順のソフト仕様,MAN-021,20,NONE,2-3-2,NONE,ＧＳＰデータから AutoCAD データに変換します,NONE,NONE,UNKNOWN,NOT_SELECTED,NO,NO,NO,LOW,NO,NONE,NO_EXTERNAL_LOOKUP,candidate_hint=YES,IDENTIFIED
T5A-0353,F4-P6-013,material_output,材料出力NPDATA.txt,src:F4-6-013,Phase1_required,SOFTWARE_SPECIFIC,APOLLO_MANUAL_ONLY,P2,APOLLO操作・入出力仕様として整理。外部基準照合は原則不要。,デフォルト:ソフト仕様,MAN-021,20,NONE,2-3-2,NONE,「材料出力」ボタンをクリックし、材料データ（NPDATA.txt）を生成します,NONE,NONE,UNKNOWN,NOT_SELECTED,NO,NO,NO,LOW,NO,NONE,NO_EXTERNAL_LOOKUP,candidate_hint=YES,IDENTIFIED
T5A-0354,F4-P6-014,y_mater_link,y-Mater材料計算システム連携,src:F4-6-014,Phase1_required,SOFTWARE_SPECIFIC,APOLLO_MANUAL_ONLY,P2,外部基準照合は不要。APOLLOの入出力・処理手順・ファイル形式として仕様候補を固定する。,画面/ファイル/処理順のソフト仕様,MAN-021,20,NONE,2-3-2,NONE,このデータを、別プログラムのｙ－Mater「材料計算システム」が読み込み材料計算を行うことができます,NONE,NONE,UNKNOWN,NOT_SELECTED,NO,NO,NO,LOW,NO,NONE,NO_EXTERNAL_LOOKUP,candidate_hint=YES,IDENTIFIED
T5A-0355,F4-P6-015,cad_output,AutoCADデータ表示と修正,src:F4-6-015,Phase1_required,SOFTWARE_SPECIFIC,APOLLO_MANUAL_ONLY,P2,外部基準照合は不要。APOLLOの入出力・処理手順・ファイル形式として仕様候補を固定する。,画面/ファイル/処理順のソフト仕様,MAN-021,20,NONE,2-3-3,NONE,AutoＣＡＤにて行って下さい,NONE,NONE,UNKNOWN,NOT_SELECTED,NO,NO,YES,LOW,NO,NONE,NO_EXTERNAL_LOOKUP,candidate_hint=YES,IDENTIFIED
T5A-0356,F4-P6-016,cad_output,中間ファイル（ＧＳＰ）表示と修正,src:F4-6-016,Phase1_required,SOFTWARE_SPECIFIC,APOLLO_MANUAL_ONLY,P2,外部基準照合は不要。APOLLOの入出力・処理手順・ファイル形式として仕様候補を固定する。,画面/ファイル/処理順のソフト仕様,MAN-021,20,NONE,2-3-3,NONE,ＹＴＩ販売のＲＣＣＡＤにて行って下さい,NONE,NONE,UNKNOWN,NOT_SELECTED,NO,NO,YES,LOW,NO,NONE,NO_EXTERNAL_LOOKUP,candidate_hint=YES,IDENTIFIED
T5A-0357,F4-P6-017,drawing,図面描画機能,src:F4-6-017,Phase1_required,SOFTWARE_SPECIFIC,APOLLO_MANUAL_ONLY,P2,描画対象・制限はAPOLLO製図仕様。外部CAD必須化はしない。基準照合は図面表現規定が関与する場合のみ Stage5B。,製図UI/制限,MAN-021,24,NONE,3-5,NONE,主桁、横桁、縦桁、ブラケット、側縦桁、鋼床版デッキ、対傾構、横構、ダイヤフラム、横リブを描画,NONE,NONE,UNKNOWN,NOT_SELECTED,NO,NO,NO,LOW,NO,NONE,NO_EXTERNAL_LOOKUP,candidate_hint=YES,IDENTIFIED
T5A-0358,F4-P6-018,drawing,キャンバー図・配置図,src:F4-6-018,Phase1_required,SOFTWARE_SPECIFIC,APOLLO_MANUAL_ONLY,P2,描画対象・制限はAPOLLO製図仕様。外部CAD必須化はしない。基準照合は図面表現規定が関与する場合のみ Stage5B。,製図UI/制限,MAN-021,24,NONE,3-5,NONE,キャンバー図、配置図（キャンバー図はSuperDesignerでの描画となります）,NONE,NONE,UNKNOWN,NOT_SELECTED,NO,NO,NO,LOW,NO,NONE,NO_EXTERNAL_LOOKUP,candidate_hint=NO,IDENTIFIED
T5A-0359,F4-P6-019,steel_weight,鋼重計算機能,src:F4-6-019,Phase1_required,SOFTWARE_SPECIFIC,APOLLO_MANUAL_ONLY,P2,概略鋼重の算出手順・画面はAPOLLO仕様として整理する。,ソフトの概算機能,MAN-021,22,NONE,3-3,NONE,鋼重計算：図面処理を行わない段階での概略の鋼重計算機能,NONE,NONE,UNKNOWN,NOT_SELECTED,NO,NO,NO,LOW,NO,NONE,EXTERNAL_SOURCE_LOOKUP,candidate_hint=NO,IDENTIFIED
T5A-0360,F4-P6-019,steel_weight,鋼重計算機能,src:F4-6-019,Phase1_required,DESIGN_PRACTICE_TRACEABILITY_REQUIRED,DESIGN_DATA_BOOK,P1,割増係数のデフォルトや概算に用いる経験値がデザインデータブック等の推奨とどう関係するか確認する（適合判定はしない）。,マニュアルに経験値デフォルトの記載がある,MAN-021,22,NONE,3-3,NONE,鋼重計算：図面処理を行わない段階での概略の鋼重計算機能,NONE,NONE,UNKNOWN,NOT_SELECTED,NO,NO,NO,LOW,NO,NONE,EXTERNAL_SOURCE_LOOKUP,candidate_hint=NO,IDENTIFIED
T5A-0361,F4-P6-020,cad_output,ＣＡＤデータ出力機能,src:F4-6-020,Phase1_required,SOFTWARE_SPECIFIC,APOLLO_MANUAL_ONLY,P2,外部基準照合は不要。APOLLOの入出力・処理手順・ファイル形式として仕様候補を固定する。,画面/ファイル/処理順のソフト仕様,MAN-021,22,NONE,3-3,NONE,ＣＡＤデータ出力：骨組平面図、構造断面図、断面力図,NONE,NONE,UNKNOWN,NOT_SELECTED,NO,NO,NO,LOW,NO,NONE,NO_EXTERNAL_LOOKUP,candidate_hint=YES,IDENTIFIED
T5A-0362,F4-P6-021,audit_trail,ISO9000的管理-設計データ管理,src:F4-6-021,Phase1_required,SOFTWARE_SPECIFIC,APOLLO_MANUAL_ONLY,P2,外部基準照合は不要。APOLLOの入出力・処理手順・ファイル形式として仕様候補を固定する。,画面/ファイル/処理順のソフト仕様,MAN-021,21,NONE,3-1,NONE,設計者と責任者の氏名、各プログラムのバージョン番号と実行日時、設計変更などのユーザ記録などが保管され設計業務の管理業務を支援します,NONE,NONE,UNKNOWN,NOT_SELECTED,NO,NO,NO,LOW,NO,NONE,NO_EXTERNAL_LOOKUP,candidate_hint=NO,IDENTIFIED
T5A-0363,F4-P6-022,user_record,ユーザ記録,src:F4-6-022,Phase1_required,SOFTWARE_SPECIFIC,APOLLO_MANUAL_ONLY,P2,外部基準照合は不要。APOLLOの入出力・処理手順・ファイル形式として仕様候補を固定する。,画面/ファイル/処理順のソフト仕様,MAN-021,21,NONE,3-1,NONE,設計変更などのユーザ記録などが保管され設計業務の管理業務を支援します,NONE,NONE,UNKNOWN,NOT_SELECTED,NO,NO,NO,LOW,NO,NONE,NO_EXTERNAL_LOOKUP,candidate_hint=NO,IDENTIFIED
T5A-0364,F4-P6-023,version_record,バージョン番号と実行日時記録,src:F4-6-023,Phase1_required,SOFTWARE_SPECIFIC,APOLLO_MANUAL_ONLY,P2,外部基準照合は不要。APOLLOの入出力・処理手順・ファイル形式として仕様候補を固定する。,画面/ファイル/処理順のソフト仕様,MAN-021,21,NONE,3-1,NONE,各プログラムのバージョン番号と実行日時,NONE,NONE,UNKNOWN,NOT_SELECTED,NO,NO,NO,LOW,NO,NONE,NO_EXTERNAL_LOOKUP,candidate_hint=NO,IDENTIFIED
T5A-0365,F4-P6-024,dxf_output,DXFデータ出力,src:F4-6-024,Phase1_required,SOFTWARE_SPECIFIC,APOLLO_MANUAL_ONLY,P2,外部基準照合は不要。APOLLOの入出力・処理手順・ファイル形式として仕様候補を固定する。,画面/ファイル/処理順のソフト仕様,MAN-021,28,NONE,4-2-1,NONE,作成するＤＸＦデータはAutoCAD R13J以降、またはAutoCAD LT95以降で編集・印刷ができます,NONE,NONE,UNKNOWN,NOT_SELECTED,NO,YES,NO,LOW,NO,NONE,NO_EXTERNAL_LOOKUP,candidate_hint=YES,IDENTIFIED
T5A-0366,F4-P6-025,calculation_report,rtf計算書のエラーおよびワーニング表示,src:F4-6-025,Phase1_required,SOFTWARE_SPECIFIC,APOLLO_MANUAL_ONLY,P2,外部基準照合は不要。APOLLOの入出力・処理手順・ファイル形式として仕様候補を固定する。,画面/ファイル/処理順のソフト仕様,MAN-021,27,NONE,4-1,NONE,ｒｔｆ計算書のエラーおよびワーニング表示は次のように出力されています,NONE,NONE,UNKNOWN,NOT_SELECTED,NO,NO,YES,LOW,NO,NONE,NO_EXTERNAL_LOOKUP,candidate_hint=YES,IDENTIFIED
T5A-0367,F4-P6-026,check_list,照査リスト,src:F4-6-026,Phase1_required,SOFTWARE_SPECIFIC,APOLLO_MANUAL_ONLY,P2,外部基準照合は不要。APOLLOの入出力・処理手順・ファイル形式として仕様候補を固定する。,画面/ファイル/処理順のソフト仕様,MAN-021,29,NONE,4-3-1,NONE,SuperDesigner から「照査リスト」を実行すると、Excel 上に設計結果の照査結果がサマリーとして出力されます,NONE,NONE,UNKNOWN,NOT_SELECTED,NO,NO,NO,LOW,NO,NONE,NO_EXTERNAL_LOOKUP,candidate_hint=YES,IDENTIFIED
T5A-0368,F4-P6-027,drawing,図面描画機能-主桁,src:F4-6-027,Phase1_required,SOFTWARE_SPECIFIC,APOLLO_MANUAL_ONLY,P2,描画対象・制限はAPOLLO製図仕様。外部CAD必須化はしない。基準照合は図面表現規定が関与する場合のみ Stage5B。,製図UI/制限,MAN-021,24,NONE,3-5,NONE,主桁：箱桁は標準用の描画と、上下フランジと左右ウェブの４面描画機能,NONE,NONE,UNKNOWN,NOT_SELECTED,YES,NO,NO,LOW,NO,NONE,NO_EXTERNAL_LOOKUP,candidate_hint=NO,IDENTIFIED
T5A-0369,F4-P6-028,drawing,図面描画機能-鋼床版デッキ,src:F4-6-028,Phase1_optional,SOFTWARE_SPECIFIC,APOLLO_MANUAL_ONLY,P3,描画対象・制限はAPOLLO製図仕様。外部CAD必須化はしない。基準照合は図面表現規定が関与する場合のみ Stage5B。,製図UI/制限,MAN-021,24,NONE,3-5,NONE,鋼床版デッキ：ブロック単位描画、継ぎ手は縦継ぎ・横継ぎともに溶接および高力ボルト描画機能,NONE,NONE,UNKNOWN,NOT_SELECTED,NO,NO,NO,LOW,NO,NONE,NO_EXTERNAL_LOOKUP,candidate_hint=YES,IDENTIFIED
T5A-0370,F4-P6-029,drawing,図面描画機能-添接,src:F4-6-029,Phase1_required,SOFTWARE_SPECIFIC,APOLLO_MANUAL_ONLY,P2,描画対象・制限はAPOLLO製図仕様。外部CAD必須化はしない。基準照合は図面表現規定が関与する場合のみ Stage5B。,製図UI/制限,MAN-021,24,NONE,3-5,NONE,主桁添接：主桁図に一体描画、別図描画機能,NONE,NONE,UNKNOWN,NOT_SELECTED,NO,NO,NO,LOW,NO,NONE,NO_EXTERNAL_LOOKUP,candidate_hint=YES,IDENTIFIED
T5A-0371,F4-P6-030,drawing,描画制限事項,src:F4-6-030,Phase1_required,SOFTWARE_SPECIFIC,APOLLO_MANUAL_ONLY,P2,描画対象・制限はAPOLLO製図仕様。外部CAD必須化はしない。基準照合は図面表現規定が関与する場合のみ Stage5B。,製図UI/制限,MAN-021,24,NONE,3-5,NONE,主桁フランジ内逃げは主桁図のみ対応、断面変化=添接位置はフィラープレート作成機能あり、梯形断面は斜腹板は投影で描画,NONE,NONE,UNKNOWN,NOT_SELECTED,NO,YES,NO,LOW,NO,NONE,NO_EXTERNAL_LOOKUP,candidate_hint=YES,IDENTIFIED
T5A-0372,F4-P6-031,drawing,鋼床版描画制限,src:F4-6-031,Phase1_optional,SOFTWARE_SPECIFIC,APOLLO_MANUAL_ONLY,P3,描画対象・制限はAPOLLO製図仕様。外部CAD必須化はしない。基準照合は図面表現規定が関与する場合のみ Stage5B。,製図UI/制限,MAN-021,24,NONE,3-5,NONE,鋼床版デッキ：継ぎ手線の交差部の添接板描画不可、ブロック単位での描画、ボルト締めは４ブロックまで溶接は６ブロックまで,NONE,NONE,UNKNOWN,NOT_SELECTED,YES,NO,NO,LOW,NO,NONE,NO_EXTERNAL_LOOKUP,candidate_hint=YES,IDENTIFIED
T5A-0373,F4-P6-032,steel_weight,鋼重計算プログラム起動,src:F4-6-032,Phase1_required,SOFTWARE_SPECIFIC,APOLLO_MANUAL_ONLY,P2,概略鋼重の算出手順・画面はAPOLLO仕様として整理する。,ソフトの概算機能,MAN-013,3,NONE,1,NONE,コントロールプログラムより「鋼重計算」ボタンをクリックすると、プログラムを起動しメイン画面が表示されます,NONE,NONE,UNKNOWN,NOT_SELECTED,NO,NO,YES,LOW,NO,NONE,EXTERNAL_SOURCE_LOOKUP,candidate_hint=YES,IDENTIFIED
T5A-0374,F4-P6-032,steel_weight,鋼重計算プログラム起動,src:F4-6-032,Phase1_required,DESIGN_PRACTICE_TRACEABILITY_REQUIRED,DESIGN_DATA_BOOK,P1,割増係数のデフォルトや概算に用いる経験値がデザインデータブック等の推奨とどう関係するか確認する（適合判定はしない）。,マニュアルに経験値デフォルトの記載がある,MAN-013,3,NONE,1,NONE,コントロールプログラムより「鋼重計算」ボタンをクリックすると、プログラムを起動しメイン画面が表示されます,NONE,NONE,UNKNOWN,NOT_SELECTED,NO,NO,YES,LOW,NO,NONE,EXTERNAL_SOURCE_LOOKUP,candidate_hint=YES,IDENTIFIED
T5A-0375,F4-P6-033,steel_weight,全体鋼重概算計算,src:F4-6-033,Phase1_required,SOFTWARE_SPECIFIC,APOLLO_MANUAL_ONLY,P2,概略鋼重の算出手順・画面はAPOLLO仕様として整理する。,ソフトの概算機能,MAN-013,3,NONE,1,NONE,「全体鋼重」プログラムの機能は、設計データ（板幅、板厚、板長等）より図面を作成せず、概略的な全体鋼重を計算します,NONE,NONE,UNKNOWN,NOT_SELECTED,NO,NO,NO,LOW,NO,NONE,EXTERNAL_SOURCE_LOOKUP,candidate_hint=YES,IDENTIFIED
T5A-0376,F4-P6-033,steel_weight,全体鋼重概算計算,src:F4-6-033,Phase1_required,DESIGN_PRACTICE_TRACEABILITY_REQUIRED,DESIGN_DATA_BOOK,P1,割増係数のデフォルトや概算に用いる経験値がデザインデータブック等の推奨とどう関係するか確認する（適合判定はしない）。,マニュアルに経験値デフォルトの記載がある,MAN-013,3,NONE,1,NONE,「全体鋼重」プログラムの機能は、設計データ（板幅、板厚、板長等）より図面を作成せず、概略的な全体鋼重を計算します,NONE,NONE,UNKNOWN,NOT_SELECTED,NO,NO,NO,LOW,NO,NONE,EXTERNAL_SOURCE_LOOKUP,candidate_hint=YES,IDENTIFIED
T5A-0377,F4-P6-034,steel_weight,ブロック鋼重,src:F4-6-034,Phase1_required,SOFTWARE_SPECIFIC,APOLLO_MANUAL_ONLY,P2,概略鋼重の算出手順・画面はAPOLLO仕様として整理する。,ソフトの概算機能,MAN-013,3,NONE,1,NONE,「ブロック重量」をクリックすると、概算ブロック鋼重が確認出来ます,NONE,NONE,UNKNOWN,NOT_SELECTED,NO,NO,NO,LOW,NO,NONE,EXTERNAL_SOURCE_LOOKUP,candidate_hint=NO,IDENTIFIED
T5A-0378,F4-P6-034,steel_weight,ブロック鋼重,src:F4-6-034,Phase1_required,DESIGN_PRACTICE_TRACEABILITY_REQUIRED,DESIGN_DATA_BOOK,P1,割増係数のデフォルトや概算に用いる経験値がデザインデータブック等の推奨とどう関係するか確認する（適合判定はしない）。,マニュアルに経験値デフォルトの記載がある,MAN-013,3,NONE,1,NONE,「ブロック重量」をクリックすると、概算ブロック鋼重が確認出来ます,NONE,NONE,UNKNOWN,NOT_SELECTED,NO,NO,NO,LOW,NO,NONE,EXTERNAL_SOURCE_LOOKUP,candidate_hint=NO,IDENTIFIED
T5A-0379,F4-P6-035,steel_weight,鋼重算出-主桁断面/添接板/ボルト本数/補剛材断面,src:F4-6-035,Phase1_required,SOFTWARE_SPECIFIC,APOLLO_MANUAL_ONLY,P2,概略鋼重の算出手順・画面はAPOLLO仕様として整理する。,ソフトの概算機能,MAN-013,3,NONE,1,NONE,主桁については、主桁断面・添接板・ボルト本数・補剛材断面を考慮し鋼重を計算しております,NONE,NONE,UNKNOWN,NOT_SELECTED,NO,NO,NO,LOW,NO,NONE,EXTERNAL_SOURCE_LOOKUP,candidate_hint=YES,IDENTIFIED
T5A-0380,F4-P6-035,steel_weight,鋼重算出-主桁断面/添接板/ボルト本数/補剛材断面,src:F4-6-035,Phase1_required,DESIGN_PRACTICE_TRACEABILITY_REQUIRED,DESIGN_DATA_BOOK,P1,割増係数のデフォルトや概算に用いる経験値がデザインデータブック等の推奨とどう関係するか確認する（適合判定はしない）。,マニュアルに経験値デフォルトの記載がある,MAN-013,3,NONE,1,NONE,主桁については、主桁断面・添接板・ボルト本数・補剛材断面を考慮し鋼重を計算しております,NONE,NONE,UNKNOWN,NOT_SELECTED,NO,NO,NO,LOW,NO,NONE,EXTERNAL_SOURCE_LOOKUP,candidate_hint=YES,IDENTIFIED
T5A-0381,F4-P6-036,steel_weight,割増係数ユーザー指定,src:F4-6-036,Phase1_required,SOFTWARE_SPECIFIC,APOLLO_MANUAL_ONLY,P2,概略鋼重の算出手順・画面はAPOLLO仕様として整理する。,ソフトの概算機能,MAN-013,3,NONE,1,NONE,割増係数について、経験値的なものをデフォルトとしておりますが、ユーザーにより、指定も指定可能となっております,NONE,NONE,UNKNOWN,NOT_SELECTED,NO,NO,NO,LOW,NO,NONE,EXTERNAL_SOURCE_LOOKUP,candidate_hint=YES,IDENTIFIED
T5A-0382,F4-P6-036,steel_weight,割増係数ユーザー指定,src:F4-6-036,Phase1_required,DESIGN_PRACTICE_TRACEABILITY_REQUIRED,DESIGN_DATA_BOOK,P1,割増係数のデフォルトや概算に用いる経験値がデザインデータブック等の推奨とどう関係するか確認する（適合判定はしない）。,マニュアルに経験値デフォルトの記載がある,MAN-013,3,NONE,1,NONE,割増係数について、経験値的なものをデフォルトとしておりますが、ユーザーにより、指定も指定可能となっております,NONE,NONE,UNKNOWN,NOT_SELECTED,NO,NO,NO,LOW,NO,NONE,EXTERNAL_SOURCE_LOOKUP,candidate_hint=YES,IDENTIFIED
T5A-0383,F4-P6-037,y_mater_link,概算鋼重算出根拠のｙ-Mater出力,src:F4-6-037,Phase1_required,SOFTWARE_SPECIFIC,APOLLO_MANUAL_ONLY,P2,外部基準照合は不要。APOLLOの入出力・処理手順・ファイル形式として仕様候補を固定する。,画面/ファイル/処理順のソフト仕様,MAN-013,4,NONE,1.1,NONE,算出根拠として、ｙ－Mater データを出力出来ます,NONE,NONE,UNKNOWN,NOT_SELECTED,NO,NO,NO,LOW,NO,NONE,NO_EXTERNAL_LOOKUP,candidate_hint=NO,IDENTIFIED
T5A-0384,F4-P6-038,y_mater_link,y-Mater材料テキストファイル読込,src:F4-6-038,Phase1_required,SOFTWARE_SPECIFIC,APOLLO_MANUAL_ONLY,P2,外部基準照合は不要。APOLLOの入出力・処理手順・ファイル形式として仕様候補を固定する。,画面/ファイル/処理順のソフト仕様,MAN-013,4,NONE,1.1,NONE,ｙ－Mater を起動、ファイル‑材料ﾃｷｽﾄﾌｧｲﾙ読込‑材料ﾃｷｽﾄﾌｧｲﾙ→y－Mater データを選択,NONE,NONE,UNKNOWN,NOT_SELECTED,NO,NO,NO,LOW,NO,NONE,NO_EXTERNAL_LOOKUP,candidate_hint=YES,IDENTIFIED
T5A-0385,F4-P6-039,material_output,概算鋼重算出根拠をｙ-Mater出力に出力,src:F4-6-039,Phase1_required,SOFTWARE_SPECIFIC,APOLLO_MANUAL_ONLY,P2,APOLLO操作・入出力仕様として整理。外部基準照合は原則不要。,デフォルト:ソフト仕様,MAN-013,4,NONE,1.1,NONE,概算鋼重算出根拠をｙ－Mater 出力に出力する事が出来ます,NONE,NONE,UNKNOWN,NOT_SELECTED,NO,NO,NO,LOW,NO,NONE,NO_EXTERNAL_LOOKUP,candidate_hint=NO,IDENTIFIED
T5A-0386,F4-P6-040,steel_weight,実鋼重(概算値)の反映,src:F4-6-040,Phase1_required,SOFTWARE_SPECIFIC,APOLLO_MANUAL_ONLY,P2,概略鋼重の算出手順・画面はAPOLLO仕様として整理する。,ソフトの概算機能,MAN-013,5,NONE,2,NONE,「全体鋼重」にて計算した概略鋼重の結果が、「解析データ作成」‑「仮定鋼重」‑ 実鋼重 項目に反映されます,NONE,NONE,UNKNOWN,NOT_SELECTED,NO,NO,NO,LOW,NO,NONE,EXTERNAL_SOURCE_LOOKUP,candidate_hint=NO,IDENTIFIED
T5A-0387,F4-P6-040,steel_weight,実鋼重(概算値)の反映,src:F4-6-040,Phase1_required,DESIGN_PRACTICE_TRACEABILITY_REQUIRED,DESIGN_DATA_BOOK,P1,割増係数のデフォルトや概算に用いる経験値がデザインデータブック等の推奨とどう関係するか確認する（適合判定はしない）。,マニュアルに経験値デフォルトの記載がある,MAN-013,5,NONE,2,NONE,「全体鋼重」にて計算した概略鋼重の結果が、「解析データ作成」‑「仮定鋼重」‑ 実鋼重 項目に反映されます,NONE,NONE,UNKNOWN,NOT_SELECTED,NO,NO,NO,LOW,NO,NONE,EXTERNAL_SOURCE_LOOKUP,candidate_hint=NO,IDENTIFIED
T5A-0388,F4-P6-041,calculation_report,設計計算書,src:F4-6-041,Phase1_required,SOFTWARE_SPECIFIC,APOLLO_MANUAL_ONLY,P2,外部基準照合は不要。APOLLOの入出力・処理手順・ファイル形式として仕様候補を固定する。,画面/ファイル/処理順のソフト仕様,MAN-002,11,NONE,3.3-1,NONE,計算書および実行方法としては、各プログラムに「計算＆出力」メニューがありますので、計算書形式を選び出力した顶く形となっております,NONE,NONE,UNKNOWN,NOT_SELECTED,NO,YES,YES,LOW,NO,NONE,NO_EXTERNAL_LOOKUP,candidate_hint=YES,IDENTIFIED
T5A-0389,F4-P6-042,detailed_report,詳細計算書,src:F4-6-042,Phase1_required,SOFTWARE_SPECIFIC,APOLLO_MANUAL_ONLY,P2,外部基準照合は不要。APOLLOの入出力・処理手順・ファイル形式として仕様候補を固定する。,画面/ファイル/処理順のソフト仕様,MAN-002,11,NONE,3.3-1,NONE,詳細計算書,NONE,NONE,UNKNOWN,NOT_SELECTED,NO,NO,NO,MEDIUM,NO,NONE,NO_EXTERNAL_LOOKUP,candidate_hint=YES,IDENTIFIED
T5A-0390,F4-P6-043,summary_report,サマリー計算書,src:F4-6-043,Phase1_required,SOFTWARE_SPECIFIC,APOLLO_MANUAL_ONLY,P2,外部基準照合は不要。APOLLOの入出力・処理手順・ファイル形式として仕様候補を固定する。,画面/ファイル/処理順のソフト仕様,MAN-002,11,NONE,3.3-1,NONE,サマリー計算書,NONE,NONE,UNKNOWN,NOT_SELECTED,NO,NO,NO,MEDIUM,NO,NONE,NO_EXTERNAL_LOOKUP,candidate_hint=YES,IDENTIFIED
T5A-0391,F4-P6-044,calculation_report,計算書はMicrosoft Word形式,src:F4-6-044,Phase1_required,SOFTWARE_SPECIFIC,APOLLO_MANUAL_ONLY,P2,外部基準照合は不要。APOLLOの入出力・処理手順・ファイル形式として仕様候補を固定する。,画面/ファイル/処理順のソフト仕様,MAN-002,11,NONE,3.3,NONE,基本上 ＡＰＯＬＯ システムより出力される計算書は、Microsoft Word 形式により出力されます（一部 Microsoft Excel、AutoCAD 形式）,NONE,NONE,UNKNOWN,NOT_SELECTED,NO,YES,NO,LOW,NO,NONE,NO_EXTERNAL_LOOKUP,candidate_hint=YES,IDENTIFIED
T5A-0392,F4-P6-045,drawing,図形計算書,src:F4-6-045,Phase1_required,SOFTWARE_SPECIFIC,APOLLO_MANUAL_ONLY,P2,描画対象・制限はAPOLLO製図仕様。外部CAD必須化はしない。基準照合は図面表現規定が関与する場合のみ Stage5B。,製図UI/制限,MAN-002,12,NONE,3.3-2,NONE,設計計算結果の応力図、側面図等の結果確認方法および出力方法は、各図形計算書の出力メニュー・出力ボタンをクリック,NONE,NONE,UNKNOWN,NOT_SELECTED,NO,NO,YES,LOW,NO,NONE,NO_EXTERNAL_LOOKUP,candidate_hint=YES,IDENTIFIED
T5A-0393,F4-P6-046,dxf_output,図形計算書DXF出力,src:F4-6-046,Phase1_required,SOFTWARE_SPECIFIC,APOLLO_MANUAL_ONLY,P2,外部基準照合は不要。APOLLOの入出力・処理手順・ファイル形式として仕様候補を固定する。,画面/ファイル/処理順のソフト仕様,MAN-002,12,NONE,3.3-2,NONE,「ＤＸＦ 出力」により描画されているデータを DXF ファイルに出力出来,NONE,NONE,UNKNOWN,NOT_SELECTED,NO,NO,NO,LOW,NO,NONE,NO_EXTERNAL_LOOKUP,candidate_hint=NO,IDENTIFIED
T5A-0394,F4-P6-047,check_list,照査リスト,src:F4-6-047,Phase1_required,SOFTWARE_SPECIFIC,APOLLO_MANUAL_ONLY,P2,外部基準照合は不要。APOLLOの入出力・処理手順・ファイル形式として仕様候補を固定する。,画面/ファイル/処理順のソフト仕様,MAN-002,9,NONE,2.1-2,NONE,照査リスト：自動設計結果のチェック項目を一覧で出力します,NONE,NONE,UNKNOWN,NOT_SELECTED,NO,NO,YES,LOW,NO,NONE,NO_EXTERNAL_LOOKUP,candidate_hint=YES,IDENTIFIED
T5A-0395,F4-P6-048,steel_weight,鋼重計算,src:F4-6-048,Phase1_required,SOFTWARE_SPECIFIC,APOLLO_MANUAL_ONLY,P2,概略鋼重の算出手順・画面はAPOLLO仕様として整理する。,ソフトの概算機能,MAN-002,8,NONE,2.1-2,NONE,鋼重計算：設計データ（板幅、板厚、板長等）より図面を作成せず、概略的な全体鋼重を計算します,NONE,NONE,UNKNOWN,NOT_SELECTED,NO,NO,NO,LOW,NO,NONE,EXTERNAL_SOURCE_LOOKUP,candidate_hint=YES,IDENTIFIED
T5A-0396,F4-P6-048,steel_weight,鋼重計算,src:F4-6-048,Phase1_required,DESIGN_PRACTICE_TRACEABILITY_REQUIRED,DESIGN_DATA_BOOK,P1,割増係数のデフォルトや概算に用いる経験値がデザインデータブック等の推奨とどう関係するか確認する（適合判定はしない）。,マニュアルに経験値デフォルトの記載がある,MAN-002,8,NONE,2.1-2,NONE,鋼重計算：設計データ（板幅、板厚、板長等）より図面を作成せず、概略的な全体鋼重を計算します,NONE,NONE,UNKNOWN,NOT_SELECTED,NO,NO,NO,LOW,NO,NONE,EXTERNAL_SOURCE_LOOKUP,candidate_hint=YES,IDENTIFIED
T5A-0397,F4-P6-049,calculation_report,荷重強度図出力,src:F4-6-049,Phase1_required,SOFTWARE_SPECIFIC,APOLLO_MANUAL_ONLY,P2,外部基準照合は不要。APOLLOの入出力・処理手順・ファイル形式として仕様候補を固定する。,画面/ファイル/処理順のソフト仕様,MAN-007,3,NONE,1,NONE,荷重強度図：自動設計データより荷重強度図(Rtf・Dxf ファイル)を出力,NONE,NONE,UNKNOWN,NOT_SELECTED,NO,NO,NO,LOW,NO,NONE,NO_EXTERNAL_LOOKUP,candidate_hint=YES,IDENTIFIED
T5A-0398,F4-P6-050,calculation_report,格子結果出力,src:F4-6-050,Phase1_required,SOFTWARE_SPECIFIC,APOLLO_MANUAL_ONLY,P2,外部基準照合は不要。APOLLOの入出力・処理手順・ファイル形式として仕様候補を固定する。,画面/ファイル/処理順のソフト仕様,MAN-007,3,NONE,1,NONE,格子結果出力：APOLLO Analyzer 格子計算書を出力,NONE,NONE,UNKNOWN,NOT_SELECTED,NO,NO,NO,LOW,NO,NONE,NO_EXTERNAL_LOOKUP,candidate_hint=YES,IDENTIFIED
T5A-0399,F4-P6-051,calculation_report,解析データ作成-計算書出力,src:F4-6-051,Phase1_required,SOFTWARE_SPECIFIC,APOLLO_MANUAL_ONLY,P2,外部基準照合は不要。APOLLOの入出力・処理手順・ファイル形式として仕様候補を固定する。,画面/ファイル/処理順のソフト仕様,MAN-007,7,NONE,2.5,NONE,「計算＆出力」―「解析データ作成＆計算書作成」にて、格子解析条件を出力出来ます,NONE,NONE,UNKNOWN,NOT_SELECTED,NO,NO,NO,LOW,NO,NONE,NO_EXTERNAL_LOOKUP,candidate_hint=YES,IDENTIFIED
T5A-0400,F4-P6-052,calculation_report,断面力変換-計算書出力,src:F4-6-052,Phase1_required,SOFTWARE_SPECIFIC,APOLLO_MANUAL_ONLY,P2,外部基準照合は不要。APOLLOの入出力・処理手順・ファイル形式として仕様候補を固定する。,画面/ファイル/処理順のソフト仕様,MAN-007,9,NONE,4,NONE,終了時に、読み込まれた断面力結果が計算書として出力されます,NONE,NONE,UNKNOWN,NOT_SELECTED,NO,NO,NO,LOW,NO,NONE,NO_EXTERNAL_LOOKUP,candidate_hint=YES,IDENTIFIED
T5A-0401,F4-P6-053,rtf_output,荷重強度図RTF出力,src:F4-6-053,Phase1_required,SOFTWARE_SPECIFIC,APOLLO_MANUAL_ONLY,P2,外部基準照合は不要。APOLLOの入出力・処理手順・ファイル形式として仕様候補を固定する。,画面/ファイル/処理順のソフト仕様,MAN-007,10,NONE,5,NONE,荷重強度図をファイルに出力する場合は、右側「出力」ボタンより ファイルへ印刷 を選択,NONE,NONE,UNKNOWN,NOT_SELECTED,NO,NO,NO,LOW,NO,NONE,NO_EXTERNAL_LOOKUP,candidate_hint=YES,IDENTIFIED
T5A-0402,F4-P6-054,dxf_output,荷重強度図DXF出力,src:F4-6-054,Phase1_required,SOFTWARE_SPECIFIC,APOLLO_MANUAL_ONLY,P2,外部基準照合は不要。APOLLOの入出力・処理手順・ファイル形式として仕様候補を固定する。,画面/ファイル/処理順のソフト仕様,MAN-007,10,NONE,5,NONE,荷重強度図(Rtf・Dxf ファイル)を出力,NONE,NONE,UNKNOWN,NOT_SELECTED,NO,NO,NO,LOW,NO,NONE,NO_EXTERNAL_LOOKUP,candidate_hint=YES,IDENTIFIED
T5A-0403,F4-P6-055,calculation_report,格子解析計算書出力,src:F4-6-055,Phase1_required,SOFTWARE_SPECIFIC,APOLLO_MANUAL_ONLY,P2,外部基準照合は不要。APOLLOの入出力・処理手順・ファイル形式として仕様候補を固定する。,画面/ファイル/処理順のソフト仕様,MAN-007,11,NONE,6,NONE,一般的に別紙とされる格子解析計算書を出力します。出力内容については、以下のダイアログにて指定可能です,NONE,NONE,UNKNOWN,NOT_SELECTED,NO,NO,NO,LOW,NO,NONE,NO_EXTERNAL_LOOKUP,candidate_hint=YES,IDENTIFIED
T5A-0404,F4-P6-056,calculation_report,設計計算書に用いる計算書,src:F4-6-056,Phase1_required,SOFTWARE_SPECIFIC,APOLLO_MANUAL_ONLY,P2,外部基準照合は不要。APOLLOの入出力・処理手順・ファイル形式として仕様候補を固定する。,画面/ファイル/処理順のソフト仕様,MAN-007,11,NONE,6,NONE,その他計算書（「解析データ作成」および「断面力変換」より出力される計算書）は、設計計算書に用いるものとなっております,NONE,NONE,UNKNOWN,NOT_SELECTED,NO,NO,NO,LOW,NO,NONE,NO_EXTERNAL_LOOKUP,candidate_hint=YES,IDENTIFIED
T5A-0405,F4-P6-057,drawing_input_generation,設計DBから製図データ自動生成,src:F4-6-057,Phase1_required,SOFTWARE_SPECIFIC,APOLLO_MANUAL_ONLY,P2,外部基準照合は不要。APOLLOの入出力・処理手順・ファイル形式として仕様候補を固定する。,画面/ファイル/処理順のソフト仕様,MAN-021,18,NONE,2-3-2,NONE,設計データ「工事名．ｍｄｂ」から標準値の製図データを自動生成します,NONE,NONE,UNKNOWN,NOT_SELECTED,NO,NO,NO,LOW,NO,NONE,NO_EXTERNAL_LOOKUP,candidate_hint=NO,IDENTIFIED
T5A-0406,F4-P6-058,npdata,NPDATA.txt (see material_output),src:F4-6-058,Phase1_required,SOFTWARE_SPECIFIC,APOLLO_MANUAL_ONLY,P2,外部基準照合は不要。APOLLOの入出力・処理手順・ファイル形式として仕様候補を固定する。,画面/ファイル/処理順のソフト仕様,MAN-021,NONE,NONE,NONE,NONE,NONE,NONE,NONE,UNKNOWN,NOT_SELECTED,NO,NO,NO,MEDIUM,NO,NONE,NO_EXTERNAL_LOOKUP,candidate_hint=NO,IDENTIFIED
T5A-0407,F4-P6-059,execution_history,実行日時記録 (see version_record),src:F4-6-059,Phase1_required,SOFTWARE_SPECIFIC,APOLLO_MANUAL_ONLY,P2,外部基準照合は不要。APOLLOの入出力・処理手順・ファイル形式として仕様候補を固定する。,画面/ファイル/処理順のソフト仕様,MAN-021,NONE,NONE,NONE,NONE,NONE,NONE,NONE,UNKNOWN,NOT_SELECTED,NO,NO,NO,MEDIUM,NO,NONE,NO_EXTERNAL_LOOKUP,candidate_hint=NO,IDENTIFIED
T5A-0408,F4-P6-060,quantity,数量(鋼重概算として),src:F4-6-060,Phase1_required,SOFTWARE_SPECIFIC,APOLLO_MANUAL_ONLY,P2,APOLLO操作・入出力仕様として整理。外部基準照合は原則不要。,デフォルト:ソフト仕様,MAN-013,NONE,NONE,NONE,NONE,NONE,NONE,NONE,UNKNOWN,NOT_SELECTED,NO,NO,NO,MEDIUM,NO,NONE,NO_EXTERNAL_LOOKUP,candidate_hint=NO,IDENTIFIED
