golden_id,domain,field_path,entity_id,promotion_status,human_confirmation_id,conflict_id,common_layer,common_section,target_id,drawing_sheet_id,resolution_state,mapping_status,mapping_reason
G-GEO-0001,geometry,alignment.bridge_length,ENT-LINE-ACL,APPROVED_GOLDEN_MODEL,,,alignment,alignment,ALN-LINE-ACL,,CONFIRMED,MAPPED,promotion APPROVED_GOLDEN_MODEL
G-GEO-0002,geometry,alignment.span_length.1,ENT-LINE-ACL,APPROVED_GOLDEN_MODEL,,,alignment,alignment,ALN-LINE-ACL,,CONFIRMED,MAPPED,promotion APPROVED_GOLDEN_MODEL
G-GEO-0003,geometry,alignment.span_length.2,ENT-LINE-ACL,APPROVED_GOLDEN_MODEL,,,alignment,alignment,ALN-LINE-ACL,,CONFIRMED,MAPPED,promotion APPROVED_GOLDEN_MODEL
G-GEO-0004,geometry,alignment.span_length.3,ENT-LINE-ACL,APPROVED_GOLDEN_MODEL,,,alignment,alignment,ALN-LINE-ACL,,CONFIRMED,MAPPED,promotion APPROVED_GOLDEN_MODEL
G-GEO-0005,geometry,girder_line.ag1,ENT-GIRDER-AG1,APPROVED_GOLDEN_MODEL,,,bridgeGeometry,girder_line,GIRDER-GIRDER-AG1,,CONFIRMED,MAPPED,promotion APPROVED_GOLDEN_MODEL
G-GEO-0006,geometry,girder_line.ag2,ENT-GIRDER-AG2,APPROVED_GOLDEN_MODEL,,,bridgeGeometry,girder_line,GIRDER-GIRDER-AG2,,CONFIRMED,MAPPED,promotion APPROVED_GOLDEN_MODEL
G-GEO-0007,geometry,girder_line.girder_spacing,ENT-LINE-ACL,APPROVED_GOLDEN_MODEL,,,bridgeGeometry,girder_line,GIRDER-LINE-ACL,,CONFIRMED,MAPPED,promotion APPROVED_GOLDEN_MODEL
G-GEO-0008,geometry,girder_line.girder_height,ENT-GIRDER-AG1,APPROVED_GOLDEN_MODEL,,,bridgeGeometry,girder_line,GIRDER-GIRDER-AG1,,CONFIRMED,MAPPED,promotion APPROVED_GOLDEN_MODEL
G-GEO-0009,geometry,grid_point.1001.X,ENT-GIRDER-AG1,APPROVED_GOLDEN_MODEL,,,bridgeGeometry,grid_point,GRID_-GIRDER-AG1,,CONFIRMED,MAPPED,promotion APPROVED_GOLDEN_MODEL
G-GEO-0010,geometry,grid_point.1001.Y,ENT-GIRDER-AG1,APPROVED_GOLDEN_MODEL,,,bridgeGeometry,grid_point,GRID_-GIRDER-AG1,,CONFIRMED,MAPPED,promotion APPROVED_GOLDEN_MODEL
G-GEO-0011,geometry,grid_point.1027.X,ENT-GIRDER-AG1,APPROVED_GOLDEN_MODEL,,,bridgeGeometry,grid_point,GRID_-GIRDER-AG1,,CONFIRMED,MAPPED,promotion APPROVED_GOLDEN_MODEL
G-GEO-0012,geometry,grid_point.1027.Y,ENT-GIRDER-AG1,APPROVED_GOLDEN_MODEL,,,bridgeGeometry,grid_point,GRID_-GIRDER-AG1,,CONFIRMED,MAPPED,promotion APPROVED_GOLDEN_MODEL
G-GEO-0013,geometry,grid_point.2001.X,ENT-GIRDER-AG2,APPROVED_GOLDEN_MODEL,,,bridgeGeometry,grid_point,GRID_-GIRDER-AG2,,CONFIRMED,MAPPED,promotion APPROVED_GOLDEN_MODEL
G-GEO-0014,geometry,grid_point.2001.Y,ENT-GIRDER-AG2,APPROVED_GOLDEN_MODEL,,,bridgeGeometry,grid_point,GRID_-GIRDER-AG2,,CONFIRMED,MAPPED,promotion APPROVED_GOLDEN_MODEL
G-GEO-0015,geometry,grid_point.2027.X,ENT-GIRDER-AG2,APPROVED_GOLDEN_MODEL,,,bridgeGeometry,grid_point,GRID_-GIRDER-AG2,,CONFIRMED,MAPPED,promotion APPROVED_GOLDEN_MODEL
G-GEO-0016,geometry,grid_point.2027.Y,ENT-GIRDER-AG2,APPROVED_GOLDEN_MODEL,,,bridgeGeometry,grid_point,GRID_-GIRDER-AG2,,CONFIRMED,MAPPED,promotion APPROVED_GOLDEN_MODEL
G-GEO-0017,geometry,cross_section.deck_total_width,ENT-DECK,APPROVED_GOLDEN_MODEL,,,sections,cross_section,SECTION-DECK,,CONFIRMED,MAPPED,promotion APPROVED_GOLDEN_MODEL
G-GEO-0018,geometry,cross_section.deck_thickness,ENT-DECK,APPROVED_GOLDEN_MODEL,,,sections,cross_section,SECTION-DECK,,CONFIRMED,MAPPED,promotion APPROVED_GOLDEN_MODEL
G-GEO-0019,geometry,cross_section.pavement_thickness,ENT-DECK,APPROVED_GOLDEN_MODEL,,,sections,cross_section,SECTION-DECK,,CONFIRMED,MAPPED,promotion APPROVED_GOLDEN_MODEL
G-GEO-0020,geometry,cross_section.upper_flange_width,ENT-GIRDER-AG1,APPROVED_GOLDEN_MODEL,,,sections,cross_section,SECTION-GIRDER-AG1,,CONFIRMED,MAPPED,promotion APPROVED_GOLDEN_MODEL
G-GEO-0021,geometry,cross_section.web_height,ENT-GIRDER-AG1,APPROVED_GOLDEN_MODEL,,,sections,cross_section,SECTION-GIRDER-AG1,,CONFIRMED,MAPPED,promotion APPROVED_GOLDEN_MODEL
G-GEO-0022,geometry,cross_section.web_thickness,ENT-GIRDER-AG1,APPROVED_GOLDEN_MODEL,,,sections,cross_section,SECTION-GIRDER-AG1,,CONFIRMED,MAPPED,promotion APPROVED_GOLDEN_MODEL
G-GEO-0023,geometry,support_line.pu15,ENT-SUPPORT-PU15,APPROVED_GOLDEN_MODEL,,,bridgeGeometry,support_line,SUPPO-SUPPORT-PU15,,CONFIRMED,MAPPED,promotion APPROVED_GOLDEN_MODEL
G-GEO-0024,geometry,support_line.pr1,ENT-SUPPORT-PR1,APPROVED_GOLDEN_MODEL,,,bridgeGeometry,support_line,SUPPO-SUPPORT-PR1,,CONFIRMED,MAPPED,promotion APPROVED_GOLDEN_MODEL
G-GEO-0025,geometry,support_line.pr2,ENT-SUPPORT-PR2,APPROVED_GOLDEN_MODEL,,,bridgeGeometry,support_line,SUPPO-SUPPORT-PR2,,CONFIRMED,MAPPED,promotion APPROVED_GOLDEN_MODEL
G-GEO-0026,geometry,support_line.ar2,ENT-SUPPORT-AR2,APPROVED_GOLDEN_MODEL,,,bridgeGeometry,support_line,SUPPO-SUPPORT-AR2,,CONFIRMED,MAPPED,promotion APPROVED_GOLDEN_MODEL
G-GEO-0027,geometry,elevation.longitudinal_gradient.1,ENT-LINE-ACL,APPROVED_GOLDEN_MODEL,,,bridgeGeometry,elevation,ELEVA-LINE-ACL,,CONFIRMED,MAPPED,promotion APPROVED_GOLDEN_MODEL
G-GEO-0028,geometry,elevation.longitudinal_gradient.2,ENT-LINE-ACL,APPROVED_GOLDEN_MODEL,,,bridgeGeometry,elevation,ELEVA-LINE-ACL,,CONFIRMED,MAPPED,promotion APPROVED_GOLDEN_MODEL
G-GEO-0029,geometry,elevation.cross_gradient.1,ENT-LINE-ACL,APPROVED_GOLDEN_MODEL,,,bridgeGeometry,elevation,ELEVA-LINE-ACL,,CONFIRMED,MAPPED,promotion APPROVED_GOLDEN_MODEL
G-GEO-0030,geometry,elevation.cross_gradient.2,ENT-LINE-ACL,APPROVED_GOLDEN_MODEL,,,bridgeGeometry,elevation,ELEVA-LINE-ACL,,CONFIRMED,MAPPED,promotion APPROVED_GOLDEN_MODEL
G-GEO-0031,geometry,elevation.cross_gradient.3,ENT-LINE-ACL,APPROVED_GOLDEN_MODEL,,,bridgeGeometry,elevation,ELEVA-LINE-ACL,,CONFIRMED,MAPPED,promotion APPROVED_GOLDEN_MODEL
G-GEO-0032,geometry,elevation.deck_elevation_DL,ENT-DECK,APPROVED_WITH_HUMAN_CONFIRMATION_TRACK,HCR-001,,bridgeGeometry,elevation,ELEVA-DECK,,HUMAN_CONFIRMATION_REQUIRED,MAPPED_WITH_HUMAN_TRACK,"human confirmation HCR-001 preserved; value present, confirmation pending"
G-GEO-0033,geometry,elevation.ground_level_V,ENT-LINE-ACL,APPROVED_WITH_HUMAN_CONFIRMATION_TRACK,HCR-001,,bridgeGeometry,elevation,ELEVA-LINE-ACL,,HUMAN_CONFIRMATION_REQUIRED,MAPPED_WITH_HUMAN_TRACK,"human confirmation HCR-001 preserved; value present, confirmation pending"
G-SM-0001,structural_model,node.1001.coordinate,ENT-GIRDER-AG1,APPROVED_GOLDEN_MODEL,,,structuralModel,structural_model,SM-GIRDER-AG1,,CONFIRMED,MAPPED,promotion APPROVED_GOLDEN_MODEL
G-SM-0002,structural_model,node.1027.coordinate,ENT-GIRDER-AG1,APPROVED_GOLDEN_MODEL,,,structuralModel,structural_model,SM-GIRDER-AG1,,CONFIRMED,MAPPED,promotion APPROVED_GOLDEN_MODEL
G-SM-0003,structural_model,node.2001.coordinate,ENT-GIRDER-AG2,APPROVED_GOLDEN_MODEL,,,structuralModel,structural_model,SM-GIRDER-AG2,,CONFIRMED,MAPPED,promotion APPROVED_GOLDEN_MODEL
G-SM-0004,structural_model,node.2027.coordinate,ENT-GIRDER-AG2,APPROVED_GOLDEN_MODEL,,,structuralModel,structural_model,SM-GIRDER-AG2,,CONFIRMED,MAPPED,promotion APPROVED_GOLDEN_MODEL
G-SM-0005,structural_model,member.AG1,ENT-GIRDER-AG1,APPROVED_GOLDEN_MODEL,,,structuralModel,structural_model,SM-GIRDER-AG1,,CONFIRMED,MAPPED,promotion APPROVED_GOLDEN_MODEL
G-SM-0006,structural_model,member.AG2,ENT-GIRDER-AG2,APPROVED_GOLDEN_MODEL,,,structuralModel,structural_model,SM-GIRDER-AG2,,CONFIRMED,MAPPED,promotion APPROVED_GOLDEN_MODEL
G-SM-0007,structural_model,member.GE1,ENT-XBEAM-GE1,APPROVED_GOLDEN_MODEL,,,structuralModel,structural_model,SM-XBEAM-GE1,,CONFIRMED,MAPPED,promotion APPROVED_GOLDEN_MODEL
G-SM-0008,structural_model,member.GE2,ENT-XBEAM-GE2,APPROVED_GOLDEN_MODEL,,,structuralModel,structural_model,SM-XBEAM-GE2,,CONFIRMED,MAPPED,promotion APPROVED_GOLDEN_MODEL
G-SM-0009,structural_model,member.C1-C7,ENT-XBEAM-C1C7,APPROVED_GOLDEN_MODEL,,,structuralModel,structural_model,SM-XBEAM-C1C7,,CONFIRMED,MAPPED,promotion APPROVED_GOLDEN_MODEL
G-SM-0010,structural_model,member.C8-C13,ENT-XBEAM-C8C13,APPROVED_GOLDEN_MODEL,,,structuralModel,structural_model,SM-XBEAM-C8C13,,CONFIRMED,MAPPED,promotion APPROVED_GOLDEN_MODEL
G-SM-0011,structural_model,member.C14-C20,ENT-XBEAM-C14C20,APPROVED_GOLDEN_MODEL,,,structuralModel,structural_model,SM-XBEAM-C14C20,,CONFIRMED,MAPPED,promotion APPROVED_GOLDEN_MODEL
G-SM-0012,structural_model,member.C21-C23,ENT-XBEAM-C21C23,APPROVED_GOLDEN_MODEL,,,structuralModel,structural_model,SM-XBEAM-C21C23,,CONFIRMED,MAPPED,promotion APPROVED_GOLDEN_MODEL
G-SM-0013,structural_model,member.A-L1,ENT-BRACE-AL1,APPROVED_GOLDEN_MODEL,,,structuralModel,structural_model,SM-BRACE-AL1,,CONFIRMED,MAPPED,promotion APPROVED_GOLDEN_MODEL
G-SM-0014,structural_model,member.A-L2,ENT-BRACE-AL2,APPROVED_GOLDEN_MODEL,,,structuralModel,structural_model,SM-BRACE-AL2,,CONFIRMED,MAPPED,promotion APPROVED_GOLDEN_MODEL
G-SM-0015,structural_model,member.STUD,ENT-STUD,APPROVED_GOLDEN_MODEL,,,structuralModel,structural_model,SM-STUD,,CONFIRMED,MAPPED,promotion APPROVED_GOLDEN_MODEL
G-SM-0016,structural_model,member.V-STIFF,ENT-STIFF-VSTIFF,APPROVED_GOLDEN_MODEL,,,structuralModel,structural_model,SM-STIFF-VSTIFF,,CONFIRMED,MAPPED,promotion APPROVED_GOLDEN_MODEL
G-SM-0017,structural_model,member.JACK-STIFF,ENT-STIFF-JACKSTIFF,APPROVED_GOLDEN_MODEL,,,structuralModel,structural_model,SM-STIFF-JACKSTIFF,,CONFIRMED,MAPPED,promotion APPROVED_GOLDEN_MODEL
G-SM-0018,structural_model,member.SOLE-PL,ENT-SOLEPL,APPROVED_GOLDEN_MODEL,,,structuralModel,structural_model,SM-SOLEPL,,CONFIRMED,MAPPED,promotion APPROVED_GOLDEN_MODEL
G-SM-0019,structural_model,member.NOSE,ENT-NOSE,APPROVED_GOLDEN_MODEL,,,structuralModel,structural_model,SM-NOSE,,CONFIRMED,MAPPED,promotion APPROVED_GOLDEN_MODEL
G-SM-0020,structural_model,member.H-NO1,ENT-NOSE-HNO1,APPROVED_GOLDEN_MODEL,,,structuralModel,structural_model,SM-NOSE-HNO1,,CONFIRMED,MAPPED,promotion APPROVED_GOLDEN_MODEL
G-SM-0021,structural_model,member.S1,ENT-SUPPORT-PU15,APPROVED_GOLDEN_MODEL,,,structuralModel,structural_model,SM-SUPPORT-PU15,,CONFIRMED,MAPPED,promotion APPROVED_GOLDEN_MODEL
G-SM-0022,structural_model,member.S2,ENT-SUPPORT-AR2,APPROVED_GOLDEN_MODEL,,,structuralModel,structural_model,SM-SUPPORT-AR2,,CONFIRMED,MAPPED,promotion APPROVED_GOLDEN_MODEL
G-SM-0023,structural_model,member.PR1,ENT-SUPPORT-PR1,APPROVED_GOLDEN_MODEL,,,structuralModel,structural_model,SM-SUPPORT-PR1,,CONFIRMED,MAPPED,promotion APPROVED_GOLDEN_MODEL
G-SM-0024,structural_model,member.PR2,ENT-SUPPORT-PR2,APPROVED_GOLDEN_MODEL,,,structuralModel,structural_model,SM-SUPPORT-PR2,,CONFIRMED,MAPPED,promotion APPROVED_GOLDEN_MODEL
G-SM-0025,structural_model,connectivity.plane_grid_topology,ENT-LINE-ACL,APPROVED_GOLDEN_MODEL,,,structuralModel,structural_model,CONNE-LINE-ACL,,CONFIRMED,MAPPED,promotion APPROVED_GOLDEN_MODEL
G-SM-0026,structural_model,connectivity.ag1_node_chain,ENT-GIRDER-AG1,APPROVED_GOLDEN_MODEL,,,structuralModel,structural_model,CONNE-GIRDER-AG1,,CONFIRMED,MAPPED,promotion APPROVED_GOLDEN_MODEL
G-SM-0027,structural_model,connectivity.ag2_node_chain,ENT-GIRDER-AG2,APPROVED_GOLDEN_MODEL,,,structuralModel,structural_model,CONNE-GIRDER-AG2,,CONFIRMED,MAPPED,promotion APPROVED_GOLDEN_MODEL
G-SM-0028,structural_model,support_restraint.PU15,ENT-SUPPORT-PU15,APPROVED_GOLDEN_MODEL,,,structuralModel,structural_model,SUPPO-SUPPORT-PU15,,CONFIRMED,MAPPED,promotion APPROVED_GOLDEN_MODEL
G-SM-0029,structural_model,support_restraint.PR1,ENT-SUPPORT-PR1,APPROVED_GOLDEN_MODEL,,,structuralModel,structural_model,SUPPO-SUPPORT-PR1,,CONFIRMED,MAPPED,promotion APPROVED_GOLDEN_MODEL
G-SM-0030,structural_model,support_restraint.PR2,ENT-SUPPORT-PR2,APPROVED_GOLDEN_MODEL,,,structuralModel,structural_model,SUPPO-SUPPORT-PR2,,CONFIRMED,MAPPED,promotion APPROVED_GOLDEN_MODEL
G-SM-0031,structural_model,support_restraint.AR2,ENT-SUPPORT-AR2,APPROVED_GOLDEN_MODEL,,,structuralModel,structural_model,SUPPO-SUPPORT-AR2,,CONFIRMED,MAPPED,promotion APPROVED_GOLDEN_MODEL
G-SM-0032,structural_model,section_assignment.AG1.Sec-1,ENT-GIRDER-AG1,APPROVED_GOLDEN_MODEL,,,structuralModel,structural_model,SECTI-GIRDER-AG1,,CONFIRMED,MAPPED,promotion APPROVED_GOLDEN_MODEL
G-SM-0033,structural_model,section_assignment.AG1.Sec-3,ENT-GIRDER-AG1,APPROVED_GOLDEN_MODEL,,,structuralModel,structural_model,SECTI-GIRDER-AG1,,CONFIRMED,MAPPED,promotion APPROVED_GOLDEN_MODEL
G-SM-0034,structural_model,section_assignment.AG1.Sec-6,ENT-GIRDER-AG1,APPROVED_GOLDEN_MODEL,,,structuralModel,structural_model,SECTI-GIRDER-AG1,,CONFIRMED,MAPPED,promotion APPROVED_GOLDEN_MODEL
G-DES-0001,design,section_property.ag1.sec-1.uflg,ENT-GIRDER-AG1,APPROVED_DESIGN_GOLDEN,,,design,design_item,SECTION-GIRDER-AG1,,CONFIRMED,MAPPED,promotion APPROVED_DESIGN_GOLDEN
G-DES-0002,design,section_property.ag1.sec-1.web,ENT-GIRDER-AG1,APPROVED_DESIGN_GOLDEN,,,design,design_item,SECTION-GIRDER-AG1,,CONFIRMED,MAPPED,promotion APPROVED_DESIGN_GOLDEN
G-DES-0003,design,section_property.ag1.sec-1.lflg,ENT-GIRDER-AG1,APPROVED_DESIGN_GOLDEN,,CONF-P2II-001,design,design_item,SECTION-GIRDER-AG1,,CONFLICT,MAPPED_CONFLICT,conflict CONF-P2II-001 preserved; selected value null until human resolution
G-DES-0004,design,section_property.ag1.sec-3.uflg,ENT-GIRDER-AG1,APPROVED_DESIGN_GOLDEN,,,design,design_item,SECTION-GIRDER-AG1,,CONFIRMED,MAPPED,promotion APPROVED_DESIGN_GOLDEN
G-DES-0005,design,section_property.ag1.sec-3.lflg,ENT-GIRDER-AG1,APPROVED_DESIGN_GOLDEN,,CONF-P2II-001,design,design_item,SECTION-GIRDER-AG1,,CONFLICT,MAPPED_CONFLICT,conflict CONF-P2II-001 preserved; selected value null until human resolution
G-DES-0006,design,section_property.ag1.sec-3.web,ENT-GIRDER-AG1,APPROVED_DESIGN_GOLDEN,,,design,design_item,SECTION-GIRDER-AG1,,CONFIRMED,MAPPED,promotion APPROVED_DESIGN_GOLDEN
G-DES-0007,design,section_property.ag1.sec-5.uflg,ENT-GIRDER-AG1,APPROVED_DESIGN_GOLDEN,,,design,design_item,SECTION-GIRDER-AG1,,CONFIRMED,MAPPED,promotion APPROVED_DESIGN_GOLDEN
G-DES-0008,design,section_property.ag1.sec-5.lflg,ENT-GIRDER-AG1,APPROVED_DESIGN_GOLDEN,,,design,design_item,SECTION-GIRDER-AG1,,CONFIRMED,MAPPED,promotion APPROVED_DESIGN_GOLDEN
G-DES-0009,design,section_property.ag1.sec-5.web,ENT-GIRDER-AG1,APPROVED_DESIGN_GOLDEN,,,design,design_item,SECTION-GIRDER-AG1,,CONFIRMED,MAPPED,promotion APPROVED_DESIGN_GOLDEN
G-DES-0010,design,section_property.ag1.sec-6.uflg,ENT-GIRDER-AG1,APPROVED_DESIGN_GOLDEN,,,design,design_item,SECTION-GIRDER-AG1,,CONFIRMED,MAPPED,promotion APPROVED_DESIGN_GOLDEN
G-DES-0011,design,section_property.ag1.sec-6.lflg,ENT-GIRDER-AG1,APPROVED_DESIGN_GOLDEN,,CONF-P2II-001,design,design_item,SECTION-GIRDER-AG1,,CONFLICT,MAPPED_CONFLICT,conflict CONF-P2II-001 preserved; selected value null until human resolution
G-DES-0012,design,section_property.ag1.sec-6.web,ENT-GIRDER-AG1,APPROVED_DESIGN_GOLDEN,,,design,design_item,SECTION-GIRDER-AG1,,CONFIRMED,MAPPED,promotion APPROVED_DESIGN_GOLDEN
G-DES-0013,design,section_property.ag1.sec-8.uflg,ENT-GIRDER-AG1,APPROVED_DESIGN_GOLDEN,,,design,design_item,SECTION-GIRDER-AG1,,CONFIRMED,MAPPED,promotion APPROVED_DESIGN_GOLDEN
G-DES-0014,design,section_property.ag1.sec-8.lflg,ENT-GIRDER-AG1,APPROVED_DESIGN_GOLDEN,,,design,design_item,SECTION-GIRDER-AG1,,CONFIRMED,MAPPED,promotion APPROVED_DESIGN_GOLDEN
G-DES-0015,design,section_property.ag1.sec-8.web,ENT-GIRDER-AG1,APPROVED_DESIGN_GOLDEN,,,design,design_item,SECTION-GIRDER-AG1,,CONFIRMED,MAPPED,promotion APPROVED_DESIGN_GOLDEN
G-DES-0016,design,section_property.ag1.sec-9.uflg,ENT-GIRDER-AG1,APPROVED_DESIGN_GOLDEN,,,design,design_item,SECTION-GIRDER-AG1,,CONFIRMED,MAPPED,promotion APPROVED_DESIGN_GOLDEN
G-DES-0017,design,section_property.ag1.sec-9.lflg,ENT-GIRDER-AG1,APPROVED_DESIGN_GOLDEN,,,design,design_item,SECTION-GIRDER-AG1,,CONFIRMED,MAPPED,promotion APPROVED_DESIGN_GOLDEN
G-DES-0018,design,section_property.ag1.sec-10.uflg,ENT-GIRDER-AG1,APPROVED_DESIGN_GOLDEN,,,design,design_item,SECTION-GIRDER-AG1,,CONFIRMED,MAPPED,promotion APPROVED_DESIGN_GOLDEN
G-DES-0019,design,section_property.ag1.sec-10.lflg,ENT-GIRDER-AG1,APPROVED_DESIGN_GOLDEN,,,design,design_item,SECTION-GIRDER-AG1,,CONFIRMED,MAPPED,promotion APPROVED_DESIGN_GOLDEN
G-DES-0020,design,section_property.ag1.sec-11.uflg,ENT-GIRDER-AG1,APPROVED_DESIGN_GOLDEN,,,design,design_item,SECTION-GIRDER-AG1,,CONFIRMED,MAPPED,promotion APPROVED_DESIGN_GOLDEN
G-DES-0021,design,section_property.ag1.sec-11.lflg,ENT-GIRDER-AG1,APPROVED_DESIGN_GOLDEN,,,design,design_item,SECTION-GIRDER-AG1,,CONFIRMED,MAPPED,promotion APPROVED_DESIGN_GOLDEN
G-DES-0022,design,section_property.ag1.sec-12.uflg,ENT-GIRDER-AG1,APPROVED_DESIGN_GOLDEN,,,design,design_item,SECTION-GIRDER-AG1,,CONFIRMED,MAPPED,promotion APPROVED_DESIGN_GOLDEN
G-DES-0023,design,section_property.ag1.sec-12.lflg,ENT-GIRDER-AG1,APPROVED_DESIGN_GOLDEN,,,design,design_item,SECTION-GIRDER-AG1,,CONFIRMED,MAPPED,promotion APPROVED_DESIGN_GOLDEN
G-DES-0024,design,section_property.ag1.sec-13.uflg,ENT-GIRDER-AG1,APPROVED_DESIGN_GOLDEN,,,design,design_item,SECTION-GIRDER-AG1,,CONFIRMED,MAPPED,promotion APPROVED_DESIGN_GOLDEN
G-DES-0025,design,section_property.ag1.sec-13.lflg,ENT-GIRDER-AG1,APPROVED_DESIGN_GOLDEN,,,design,design_item,SECTION-GIRDER-AG1,,CONFIRMED,MAPPED,promotion APPROVED_DESIGN_GOLDEN
G-DES-0026,design,section_property.ag1.sec-14.uflg,ENT-GIRDER-AG1,APPROVED_DESIGN_GOLDEN,,,design,design_item,SECTION-GIRDER-AG1,,CONFIRMED,MAPPED,promotion APPROVED_DESIGN_GOLDEN
G-DES-0027,design,section_property.ag1.sec-14.lflg,ENT-GIRDER-AG1,APPROVED_DESIGN_GOLDEN,,,design,design_item,SECTION-GIRDER-AG1,,CONFIRMED,MAPPED,promotion APPROVED_DESIGN_GOLDEN
G-DES-0028,design,section_property.ag1.sec-15.uflg,ENT-GIRDER-AG1,APPROVED_DESIGN_GOLDEN,,,design,design_item,SECTION-GIRDER-AG1,,CONFIRMED,MAPPED,promotion APPROVED_DESIGN_GOLDEN
G-DES-0029,design,section_property.ag1.sec-16.uflg,ENT-GIRDER-AG1,APPROVED_DESIGN_GOLDEN,,,design,design_item,SECTION-GIRDER-AG1,,CONFIRMED,MAPPED,promotion APPROVED_DESIGN_GOLDEN
G-DES-0030,design,section_property.ag1.sec-16.lflg,ENT-GIRDER-AG1,APPROVED_DESIGN_GOLDEN,,,design,design_item,SECTION-GIRDER-AG1,,CONFIRMED,MAPPED,promotion APPROVED_DESIGN_GOLDEN
G-DES-0031,design,section_property.ag1.sec-17.uflg,ENT-GIRDER-AG1,APPROVED_DESIGN_GOLDEN,,,design,design_item,SECTION-GIRDER-AG1,,CONFIRMED,MAPPED,promotion APPROVED_DESIGN_GOLDEN
G-DES-0032,design,section_property.ag1.sec-17.lflg,ENT-GIRDER-AG1,APPROVED_DESIGN_GOLDEN,,,design,design_item,SECTION-GIRDER-AG1,,CONFIRMED,MAPPED,promotion APPROVED_DESIGN_GOLDEN
G-DES-0033,design,section_property.ag2.summary,ENT-GIRDER-AG2,APPROVED_DESIGN_GOLDEN,,,design,design_item,SECTION-GIRDER-AG2,,CONFIRMED,MAPPED,promotion APPROVED_DESIGN_GOLDEN
G-DES-0034,design,limit.tension_ls3_tud,ENT-GIRDER-AG1,APPROVED_DESIGN_GOLDEN,,,design,design_item,LIMIT-GIRDER-AG1,,CONFIRMED,MAPPED,promotion APPROVED_DESIGN_GOLDEN
G-DES-0035,design,limit.compression_sec3_cud,ENT-GIRDER-AG1,APPROVED_DESIGN_GOLDEN,,,design,design_item,LIMIT-GIRDER-AG1,,CONFIRMED,MAPPED,promotion APPROVED_DESIGN_GOLDEN
G-DES-0036,design,limit.compression_sec6_cud,ENT-GIRDER-AG1,APPROVED_DESIGN_GOLDEN,,,design,design_item,LIMIT-GIRDER-AG1,,CONFIRMED,MAPPED,promotion APPROVED_DESIGN_GOLDEN
G-DES-0037,design,limit.compression_composite_uflg,ENT-GIRDER-AG1,APPROVED_DESIGN_GOLDEN,,,design,design_item,LIMIT-GIRDER-AG1,,CONFIRMED,MAPPED,promotion APPROVED_DESIGN_GOLDEN
G-DES-0038,design,limit.compression_composite_lflg,ENT-GIRDER-AG1,APPROVED_DESIGN_GOLDEN,,,design,design_item,LIMIT-GIRDER-AG1,,CONFIRMED,MAPPED,promotion APPROVED_DESIGN_GOLDEN
G-DES-0039,design,limit.shear_tud,ENT-GIRDER-AG1,APPROVED_DESIGN_GOLDEN,,,design,design_item,LIMIT-GIRDER-AG1,,CONFIRMED,MAPPED,promotion APPROVED_DESIGN_GOLDEN
G-DES-0040,design,limit.combined_kappa_limit,ENT-GIRDER-AG1,APPROVED_DESIGN_GOLDEN,,,design,design_item,LIMIT-GIRDER-AG1,,CONFIRMED,MAPPED,promotion APPROVED_DESIGN_GOLDEN
G-DES-0041,design,limit.fatigue_damage_limit,ENT-GIRDER-AG1,APPROVED_DESIGN_GOLDEN,,,design,design_item,LIMIT-GIRDER-AG1,,CONFIRMED,MAPPED,promotion APPROVED_DESIGN_GOLDEN
G-DES-0042,design,limit.bracket_bending_compression,ENT-GIRDER-AG1,APPROVED_DESIGN_GOLDEN,,,design,design_item,LIMIT-GIRDER-AG1,,CONFIRMED,MAPPED,promotion APPROVED_DESIGN_GOLDEN
G-DES-0043,design,limit.bracket_tension,ENT-GIRDER-AG1,APPROVED_DESIGN_GOLDEN,,,design,design_item,LIMIT-GIRDER-AG1,,CONFIRMED,MAPPED,promotion APPROVED_DESIGN_GOLDEN
G-DES-0044,design,limit.concrete_ck,ENT-GIRDER-AG1,APPROVED_DESIGN_GOLDEN,,,design,design_item,LIMIT-GIRDER-AG1,,CONFIRMED,MAPPED,promotion APPROVED_DESIGN_GOLDEN
G-DES-0045,design,limit.rubber_max_compressive,ENT-GIRDER-AG1,APPROVED_DESIGN_GOLDEN,,,design,design_item,LIMIT-GIRDER-AG1,,CONFIRMED,MAPPED,promotion APPROVED_DESIGN_GOLDEN
G-DES-0046,design,limit.rubber_shear_strain_g10,ENT-GIRDER-AG1,APPROVED_DESIGN_GOLDEN,,,design,design_item,LIMIT-GIRDER-AG1,,CONFIRMED,MAPPED,promotion APPROVED_DESIGN_GOLDEN
G-DES-0047,design,limit.rubber_shear_strain_g12,ENT-GIRDER-AG1,APPROVED_DESIGN_GOLDEN,,,design,design_item,LIMIT-GIRDER-AG1,,CONFIRMED,MAPPED,promotion APPROVED_DESIGN_GOLDEN
G-DES-0048,design,limit.rubber_repeated_horizontal,ENT-GIRDER-AG1,APPROVED_DESIGN_GOLDEN,,,design,design_item,LIMIT-GIRDER-AG1,,CONFIRMED,MAPPED,promotion APPROVED_DESIGN_GOLDEN
G-DES-0049,design,limit.steel_weight_ratio,ENT-GIRDER-AG1,APPROVED_DESIGN_GOLDEN,,,design,design_item,LIMIT-GIRDER-AG1,,CONFIRMED,MAPPED,promotion APPROVED_DESIGN_GOLDEN
G-AD-0001,adopted_design,adopted_section.ag1.sec-1.uflg,ENT-GIRDER-AG1,APPROVED_DESIGN_GOLDEN,,,design,design_item,ADOPT-GIRDER-AG1,,CONFIRMED,MAPPED,promotion APPROVED_DESIGN_GOLDEN
G-AD-0002,adopted_design,adopted_section.ag1.sec-1.web,ENT-GIRDER-AG1,APPROVED_DESIGN_GOLDEN,,,design,design_item,ADOPT-GIRDER-AG1,,CONFIRMED,MAPPED,promotion APPROVED_DESIGN_GOLDEN
G-AD-0003,adopted_design,adopted_section.ag1.sec-1.lflg,ENT-GIRDER-AG1,APPROVED_DESIGN_GOLDEN,,CONF-P2II-001,design,design_item,ADOPT-GIRDER-AG1,,CONFLICT,MAPPED_CONFLICT,conflict CONF-P2II-001 preserved; selected value null until human resolution
G-AD-0004,adopted_design,adopted_section.ag1.sec-3.uflg,ENT-GIRDER-AG1,APPROVED_DESIGN_GOLDEN,,,design,design_item,ADOPT-GIRDER-AG1,,CONFIRMED,MAPPED,promotion APPROVED_DESIGN_GOLDEN
G-AD-0005,adopted_design,adopted_section.ag1.sec-3.lflg,ENT-GIRDER-AG1,APPROVED_DESIGN_GOLDEN,,CONF-P2II-001,design,design_item,ADOPT-GIRDER-AG1,,CONFLICT,MAPPED_CONFLICT,conflict CONF-P2II-001 preserved; selected value null until human resolution
G-AD-0006,adopted_design,adopted_section.ag1.sec-6.uflg,ENT-GIRDER-AG1,APPROVED_DESIGN_GOLDEN,,,design,design_item,ADOPT-GIRDER-AG1,,CONFIRMED,MAPPED,promotion APPROVED_DESIGN_GOLDEN
G-AD-0007,adopted_design,adopted_section.ag1.sec-6.lflg,ENT-GIRDER-AG1,APPROVED_DESIGN_GOLDEN,,CONF-P2II-001,design,design_item,ADOPT-GIRDER-AG1,,CONFLICT,MAPPED_CONFLICT,conflict CONF-P2II-001 preserved; selected value null until human resolution
G-AD-0008,adopted_design,adopted_dimension.bridge_length,ENT-DECK,APPROVED_DESIGN_GOLDEN,,,design,design_item,ADOPT-DECK,,CONFIRMED,MAPPED,promotion APPROVED_DESIGN_GOLDEN
G-AD-0009,adopted_design,adopted_dimension.girder_length_ag1,ENT-DECK,APPROVED_DESIGN_GOLDEN,,,design,design_item,ADOPT-DECK,,CONFIRMED,MAPPED,promotion APPROVED_DESIGN_GOLDEN
G-AD-0010,adopted_design,adopted_dimension.girder_length_ag2,ENT-DECK,APPROVED_DESIGN_GOLDEN,,,design,design_item,ADOPT-DECK,,CONFIRMED,MAPPED,promotion APPROVED_DESIGN_GOLDEN
G-AD-0011,adopted_design,adopted_dimension.span_1,ENT-DECK,APPROVED_DESIGN_GOLDEN,,,design,design_item,ADOPT-DECK,,CONFIRMED,MAPPED,promotion APPROVED_DESIGN_GOLDEN
G-AD-0012,adopted_design,adopted_dimension.span_2,ENT-DECK,APPROVED_DESIGN_GOLDEN,,,design,design_item,ADOPT-DECK,,CONFIRMED,MAPPED,promotion APPROVED_DESIGN_GOLDEN
G-AD-0013,adopted_design,adopted_dimension.span_3,ENT-DECK,APPROVED_DESIGN_GOLDEN,,,design,design_item,ADOPT-DECK,,CONFIRMED,MAPPED,promotion APPROVED_DESIGN_GOLDEN
G-AD-0014,adopted_design,adopted_dimension.total_width,ENT-DECK,APPROVED_DESIGN_GOLDEN,,,design,design_item,ADOPT-DECK,,CONFIRMED,MAPPED,promotion APPROVED_DESIGN_GOLDEN
G-AD-0015,adopted_design,adopted_dimension.effective_width,ENT-DECK,APPROVED_DESIGN_GOLDEN,,,design,design_item,ADOPT-DECK,,CONFIRMED,MAPPED,promotion APPROVED_DESIGN_GOLDEN
G-AD-0016,adopted_design,adopted_dimension.girder_spacing,ENT-DECK,APPROVED_DESIGN_GOLDEN,,,design,design_item,ADOPT-DECK,,CONFIRMED,MAPPED,promotion APPROVED_DESIGN_GOLDEN
G-AD-0017,adopted_design,adopted_dimension.girder_height,ENT-DECK,APPROVED_DESIGN_GOLDEN,,,design,design_item,ADOPT-DECK,,CONFIRMED,MAPPED,promotion APPROVED_DESIGN_GOLDEN
G-AD-0018,adopted_design,adopted_dimension.deck_thickness,ENT-DECK,APPROVED_DESIGN_GOLDEN,,,design,design_item,ADOPT-DECK,,CONFIRMED,MAPPED,promotion APPROVED_DESIGN_GOLDEN
G-AD-0019,adopted_design,adopted_dimension.pavement_thickness,ENT-DECK,APPROVED_DESIGN_GOLDEN,,,design,design_item,ADOPT-DECK,,CONFIRMED,MAPPED,promotion APPROVED_DESIGN_GOLDEN
G-AD-0020,adopted_design,adopted_dimension.stud_size,ENT-DECK,APPROVED_DESIGN_GOLDEN,,,design,design_item,ADOPT-DECK,,CONFIRMED,MAPPED,promotion APPROVED_DESIGN_GOLDEN
G-AD-0021,adopted_design,adopted_dimension.main_rebar,ENT-DECK,APPROVED_DESIGN_GOLDEN,,,design,design_item,ADOPT-DECK,,CONFIRMED,MAPPED,promotion APPROVED_DESIGN_GOLDEN
G-AD-0022,adopted_design,adopted_dimension.distribution_rebar_support,ENT-DECK,APPROVED_DESIGN_GOLDEN,,,design,design_item,ADOPT-DECK,,CONFIRMED,MAPPED,promotion APPROVED_DESIGN_GOLDEN
G-AD-0023,adopted_design,adopted_dimension.rib_height,ENT-DECK,APPROVED_DESIGN_GOLDEN,,,design,design_item,ADOPT-DECK,,CONFIRMED,MAPPED,promotion APPROVED_DESIGN_GOLDEN
G-AD-0024,adopted_design,adopted_material.steel_sm490y,ENT-GIRDER-AG1,APPROVED_DESIGN_GOLDEN,,,design,design_item,ADOPT-GIRDER-AG1,,CONFIRMED,MAPPED,promotion APPROVED_DESIGN_GOLDEN
G-AD-0025,adopted_design,adopted_material.steel_sm400,ENT-GIRDER-AG1,APPROVED_DESIGN_GOLDEN,,,design,design_item,ADOPT-GIRDER-AG1,,CONFIRMED,MAPPED,promotion APPROVED_DESIGN_GOLDEN
G-AD-0026,adopted_design,adopted_material.steel_sm520,ENT-GIRDER-AG1,APPROVED_DESIGN_GOLDEN,,,design,design_item,ADOPT-GIRDER-AG1,,CONFIRMED,MAPPED,promotion APPROVED_DESIGN_GOLDEN
G-AD-0027,adopted_design,adopted_material.steel_ss400,ENT-GIRDER-AG1,APPROVED_DESIGN_GOLDEN,,,design,design_item,ADOPT-GIRDER-AG1,,CONFIRMED,MAPPED,promotion APPROVED_DESIGN_GOLDEN
G-AD-0028,adopted_design,adopted_material.steel_sm520h,ENT-GIRDER-AG1,APPROVED_DESIGN_GOLDEN,,,design,design_item,ADOPT-GIRDER-AG1,,CONFIRMED,MAPPED,promotion APPROVED_DESIGN_GOLDEN
G-AD-0029,adopted_design,adopted_material.rebar_sd345,ENT-GIRDER-AG1,APPROVED_DESIGN_GOLDEN,,,design,design_item,ADOPT-GIRDER-AG1,,CONFIRMED,MAPPED,promotion APPROVED_DESIGN_GOLDEN
G-AD-0030,adopted_design,adopted_material.concrete_deck_ck30,ENT-GIRDER-AG1,APPROVED_DESIGN_GOLDEN,,,design,design_item,ADOPT-GIRDER-AG1,,CONFIRMED,MAPPED,promotion APPROVED_DESIGN_GOLDEN
G-AD-0031,adopted_design,adopted_material.concrete_wall_rail_ck24,ENT-GIRDER-AG1,APPROVED_DESIGN_GOLDEN,,,design,design_item,ADOPT-GIRDER-AG1,,CONFIRMED,MAPPED,promotion APPROVED_DESIGN_GOLDEN
G-AD-0032,adopted_design,adopted_material.elastic_modulus_steel,ENT-GIRDER-AG1,APPROVED_DESIGN_GOLDEN,,,design,design_item,ADOPT-GIRDER-AG1,,CONFIRMED,MAPPED,promotion APPROVED_DESIGN_GOLDEN
G-AD-0033,adopted_design,adopted_material.shear_modulus_steel,ENT-GIRDER-AG1,APPROVED_DESIGN_GOLDEN,,,design,design_item,ADOPT-GIRDER-AG1,,CONFIRMED,MAPPED,promotion APPROVED_DESIGN_GOLDEN
G-AD-0034,adopted_design,adopted_material.yield_strength_sm490y,ENT-GIRDER-AG1,APPROVED_DESIGN_GOLDEN,,,design,design_item,ADOPT-GIRDER-AG1,,CONFIRMED,MAPPED,promotion APPROVED_DESIGN_GOLDEN
G-AD-0035,adopted_design,adopted_material.tensile_strength_sm490y,ENT-GIRDER-AG1,APPROVED_DESIGN_GOLDEN,,,design,design_item,ADOPT-GIRDER-AG1,,CONFIRMED,MAPPED,promotion APPROVED_DESIGN_GOLDEN
G-AD-0036,adopted_design,adopted_material.shear_yield_sm490y,ENT-GIRDER-AG1,APPROVED_DESIGN_GOLDEN,,,design,design_item,ADOPT-GIRDER-AG1,,CONFIRMED,MAPPED,promotion APPROVED_DESIGN_GOLDEN
G-AD-0037,adopted_design,adopted_bearing.PU15.type,ENT-SUPPORT-PU15,APPROVED_DESIGN_GOLDEN,,,design,design_item,ADOPT-SUPPORT-PU15,,CONFIRMED,MAPPED,promotion APPROVED_DESIGN_GOLDEN
G-AD-0038,adopted_design,adopted_bearing.PU15.rubber_layer,ENT-SUPPORT-PU15,APPROVED_DESIGN_GOLDEN,,,design,design_item,ADOPT-SUPPORT-PU15,,CONFIRMED,MAPPED,promotion APPROVED_DESIGN_GOLDEN
G-AD-0039,adopted_design,adopted_bearing.PU15.rubber_total,ENT-SUPPORT-PU15,APPROVED_DESIGN_GOLDEN,,,design,design_item,ADOPT-SUPPORT-PU15,,CONFIRMED,MAPPED,promotion APPROVED_DESIGN_GOLDEN
G-AD-0040,adopted_design,adopted_bearing.PU15.lead_plug,ENT-SUPPORT-PU15,APPROVED_DESIGN_GOLDEN,,,design,design_item,ADOPT-SUPPORT-PU15,,CONFIRMED,MAPPED,promotion APPROVED_DESIGN_GOLDEN
G-AD-0041,adopted_design,adopted_bearing.PU15.stiffness,ENT-SUPPORT-PU15,APPROVED_DESIGN_GOLDEN,,,design,design_item,ADOPT-SUPPORT-PU15,,CONFIRMED,MAPPED,promotion APPROVED_DESIGN_GOLDEN
G-AD-0042,adopted_design,adopted_bearing.PR1.type,ENT-SUPPORT-PR1,APPROVED_DESIGN_GOLDEN,,,design,design_item,ADOPT-SUPPORT-PR1,,CONFIRMED,MAPPED,promotion APPROVED_DESIGN_GOLDEN
G-AD-0043,adopted_design,adopted_bearing.PR1.rubber_layer,ENT-SUPPORT-PR1,APPROVED_DESIGN_GOLDEN,,,design,design_item,ADOPT-SUPPORT-PR1,,CONFIRMED,MAPPED,promotion APPROVED_DESIGN_GOLDEN
G-AD-0044,adopted_design,adopted_bearing.PR1.rubber_total,ENT-SUPPORT-PR1,APPROVED_DESIGN_GOLDEN,,,design,design_item,ADOPT-SUPPORT-PR1,,CONFIRMED,MAPPED,promotion APPROVED_DESIGN_GOLDEN
G-AD-0045,adopted_design,adopted_bearing.PR1.lead_plug,ENT-SUPPORT-PR1,APPROVED_DESIGN_GOLDEN,,,design,design_item,ADOPT-SUPPORT-PR1,,CONFIRMED,MAPPED,promotion APPROVED_DESIGN_GOLDEN
G-AD-0046,adopted_design,adopted_bearing.PR1.stiffness,ENT-SUPPORT-PR1,APPROVED_DESIGN_GOLDEN,,,design,design_item,ADOPT-SUPPORT-PR1,,CONFIRMED,MAPPED,promotion APPROVED_DESIGN_GOLDEN
G-AD-0047,adopted_design,adopted_bearing.PR2.stiffness,ENT-SUPPORT-PR2,APPROVED_DESIGN_GOLDEN,,,design,design_item,ADOPT-SUPPORT-PR2,,CONFIRMED,MAPPED,promotion APPROVED_DESIGN_GOLDEN
G-AD-0048,adopted_design,adopted_bearing.AR2.stiffness,ENT-SUPPORT-AR2,APPROVED_DESIGN_GOLDEN,,,design,design_item,ADOPT-SUPPORT-AR2,,CONFIRMED,MAPPED,promotion APPROVED_DESIGN_GOLDEN
G-AD-0049,adopted_design,adopted_bearing.step_prevention.buffer,ENT-SUPPORT-AR2,APPROVED_DESIGN_GOLDEN,,,design,design_item,ADOPT-SUPPORT-AR2,,CONFIRMED,MAPPED,promotion APPROVED_DESIGN_GOLDEN
G-AD-0050,adopted_design,adopted_bearing.step_prevention.top_plate,ENT-SUPPORT-AR2,APPROVED_DESIGN_GOLDEN,,,design,design_item,ADOPT-SUPPORT-AR2,,CONFIRMED,MAPPED,promotion APPROVED_DESIGN_GOLDEN
G-RPT-0001,report,report.chapter.front_matter,ENT-LINE-ACL,APPROVED_REPORT_DRAWING_GOLDEN,,,reportSpecification,report_item,RPT-00001,,CONFIRMED,MAPPED,promotion APPROVED_REPORT_DRAWING_GOLDEN
G-RPT-0002,report,report.chapter.CH1-PE-001,ENT-LINE-ACL,APPROVED_REPORT_DRAWING_GOLDEN,,,reportSpecification,report_item,RPT-00002,,CONFIRMED,MAPPED,promotion APPROVED_REPORT_DRAWING_GOLDEN
G-RPT-0003,report,report.chapter.CH2-PE-001,ENT-LINE-ACL,APPROVED_REPORT_DRAWING_GOLDEN,,,reportSpecification,report_item,RPT-00003,,CONFIRMED,MAPPED,promotion APPROVED_REPORT_DRAWING_GOLDEN
G-RPT-0004,report,report.chapter.CAL-P00115-CAL-SEC-3.1-001,ENT-LINE-ACL,APPROVED_REPORT_DRAWING_GOLDEN,,,reportSpecification,report_item,RPT-00004,,CONFIRMED,MAPPED,promotion APPROVED_REPORT_DRAWING_GOLDEN
G-RPT-0005,report,report.chapter.CAL-P00871-CAL-SEC-ch4-001,ENT-LINE-ACL,APPROVED_REPORT_DRAWING_GOLDEN,,,reportSpecification,report_item,RPT-00005,,CONFIRMED,MAPPED,promotion APPROVED_REPORT_DRAWING_GOLDEN
G-RPT-0006,report,report.chapter.CH5-PE-001,ENT-LINE-ACL,APPROVED_REPORT_DRAWING_GOLDEN,,,reportSpecification,report_item,RPT-00006,,CONFIRMED,MAPPED,promotion APPROVED_REPORT_DRAWING_GOLDEN
G-RPT-0007,report,report.section.CH1-PE-002,ENT-LINE-ACL,APPROVED_REPORT_DRAWING_GOLDEN,,,reportSpecification,report_item,RPT-00007,,CONFIRMED,MAPPED,promotion APPROVED_REPORT_DRAWING_GOLDEN
G-RPT-0008,report,report.section.CH1-PE-032,ENT-LINE-ACL,APPROVED_REPORT_DRAWING_GOLDEN,,,reportSpecification,report_item,RPT-00008,,CONFIRMED,MAPPED,promotion APPROVED_REPORT_DRAWING_GOLDEN
G-RPT-0009,report,report.section.CH1-PE-036,ENT-LINE-ACL,APPROVED_REPORT_DRAWING_GOLDEN,,,reportSpecification,report_item,RPT-00009,,CONFIRMED,MAPPED,promotion APPROVED_REPORT_DRAWING_GOLDEN
G-RPT-0010,report,report.section.CH1-PE-037,ENT-LINE-ACL,APPROVED_REPORT_DRAWING_GOLDEN,,,reportSpecification,report_item,RPT-00010,,CONFIRMED,MAPPED,promotion APPROVED_REPORT_DRAWING_GOLDEN
G-RPT-0011,report,report.section.CH1-PE-038,ENT-LINE-ACL,APPROVED_REPORT_DRAWING_GOLDEN,,,reportSpecification,report_item,RPT-00011,,CONFIRMED,MAPPED,promotion APPROVED_REPORT_DRAWING_GOLDEN
G-RPT-0012,report,report.section.CH1-PE-039,ENT-LINE-ACL,APPROVED_REPORT_DRAWING_GOLDEN,,,reportSpecification,report_item,RPT-00012,,CONFIRMED,MAPPED,promotion APPROVED_REPORT_DRAWING_GOLDEN
G-RPT-0013,report,report.section.CH2-PE-003,ENT-LINE-ACL,APPROVED_REPORT_DRAWING_GOLDEN,,,reportSpecification,report_item,RPT-00013,,CONFIRMED,MAPPED,promotion APPROVED_REPORT_DRAWING_GOLDEN
G-RPT-0014,report,report.section.CH2-PE-005,ENT-LINE-ACL,APPROVED_REPORT_DRAWING_GOLDEN,,,reportSpecification,report_item,RPT-00014,,CONFIRMED,MAPPED,promotion APPROVED_REPORT_DRAWING_GOLDEN
G-RPT-0015,report,report.section.CH2-PE-006,ENT-LINE-ACL,APPROVED_REPORT_DRAWING_GOLDEN,,,reportSpecification,report_item,RPT-00015,,CONFIRMED,MAPPED,promotion APPROVED_REPORT_DRAWING_GOLDEN
G-RPT-0016,report,report.section.CH2-PE-007,ENT-LINE-ACL,APPROVED_REPORT_DRAWING_GOLDEN,,,reportSpecification,report_item,RPT-00016,,CONFIRMED,MAPPED,promotion APPROVED_REPORT_DRAWING_GOLDEN
G-RPT-0017,report,report.section.CH2-PE-008,ENT-LINE-ACL,APPROVED_REPORT_DRAWING_GOLDEN,,,reportSpecification,report_item,RPT-00017,,CONFIRMED,MAPPED,promotion APPROVED_REPORT_DRAWING_GOLDEN
G-RPT-0018,report,report.section.CH2-PE-009,ENT-LINE-ACL,APPROVED_REPORT_DRAWING_GOLDEN,,,reportSpecification,report_item,RPT-00018,,CONFIRMED,MAPPED,promotion APPROVED_REPORT_DRAWING_GOLDEN
G-RPT-0019,report,report.section.CH2-PE-010,ENT-LINE-ACL,APPROVED_REPORT_DRAWING_GOLDEN,,,reportSpecification,report_item,RPT-00019,,CONFIRMED,MAPPED,promotion APPROVED_REPORT_DRAWING_GOLDEN
G-RPT-0020,report,report.section.CH2-PE-011,ENT-LINE-ACL,APPROVED_REPORT_DRAWING_GOLDEN,,,reportSpecification,report_item,RPT-00020,,CONFIRMED,MAPPED,promotion APPROVED_REPORT_DRAWING_GOLDEN
G-RPT-0021,report,report.section.CH2-PE-012,ENT-LINE-ACL,APPROVED_REPORT_DRAWING_GOLDEN,,,reportSpecification,report_item,RPT-00021,,CONFIRMED,MAPPED,promotion APPROVED_REPORT_DRAWING_GOLDEN
G-RPT-0022,report,report.section.CH2-PE-013,ENT-LINE-ACL,APPROVED_REPORT_DRAWING_GOLDEN,,,reportSpecification,report_item,RPT-00022,,CONFIRMED,MAPPED,promotion APPROVED_REPORT_DRAWING_GOLDEN
G-RPT-0023,report,report.section.CH2-PE-014,ENT-LINE-ACL,APPROVED_REPORT_DRAWING_GOLDEN,,,reportSpecification,report_item,RPT-00023,,CONFIRMED,MAPPED,promotion APPROVED_REPORT_DRAWING_GOLDEN
G-RPT-0024,report,report.section.CH2-PE-015,ENT-LINE-ACL,APPROVED_REPORT_DRAWING_GOLDEN,,,reportSpecification,report_item,RPT-00024,,CONFIRMED,MAPPED,promotion APPROVED_REPORT_DRAWING_GOLDEN
G-RPT-0025,report,report.section.CH2-PE-016,ENT-LINE-ACL,APPROVED_REPORT_DRAWING_GOLDEN,,,reportSpecification,report_item,RPT-00025,,CONFIRMED,MAPPED,promotion APPROVED_REPORT_DRAWING_GOLDEN
G-RPT-0026,report,report.section.CH2-PE-017,ENT-LINE-ACL,APPROVED_REPORT_DRAWING_GOLDEN,,,reportSpecification,report_item,RPT-00026,,CONFIRMED,MAPPED,promotion APPROVED_REPORT_DRAWING_GOLDEN
G-RPT-0027,report,report.section.CH2-PE-018,ENT-LINE-ACL,APPROVED_REPORT_DRAWING_GOLDEN,,,reportSpecification,report_item,RPT-00027,,CONFIRMED,MAPPED,promotion APPROVED_REPORT_DRAWING_GOLDEN
G-RPT-0028,report,report.section.CH2-PE-019,ENT-LINE-ACL,APPROVED_REPORT_DRAWING_GOLDEN,,,reportSpecification,report_item,RPT-00028,,CONFIRMED,MAPPED,promotion APPROVED_REPORT_DRAWING_GOLDEN
G-RPT-0029,report,report.section.CH2-PE-020,ENT-LINE-ACL,APPROVED_REPORT_DRAWING_GOLDEN,,,reportSpecification,report_item,RPT-00029,,CONFIRMED,MAPPED,promotion APPROVED_REPORT_DRAWING_GOLDEN
G-RPT-0030,report,report.section.CH2-PE-021,ENT-LINE-ACL,APPROVED_REPORT_DRAWING_GOLDEN,,,reportSpecification,report_item,RPT-00030,,CONFIRMED,MAPPED,promotion APPROVED_REPORT_DRAWING_GOLDEN
G-RPT-0031,report,report.section.CH2-PE-022,ENT-LINE-ACL,APPROVED_REPORT_DRAWING_GOLDEN,,,reportSpecification,report_item,RPT-00031,,CONFIRMED,MAPPED,promotion APPROVED_REPORT_DRAWING_GOLDEN
G-RPT-0032,report,report.section.CH2-PE-023,ENT-LINE-ACL,APPROVED_REPORT_DRAWING_GOLDEN,,,reportSpecification,report_item,RPT-00032,,CONFIRMED,MAPPED,promotion APPROVED_REPORT_DRAWING_GOLDEN
G-RPT-0033,report,report.section.CH2-PE-024,ENT-LINE-ACL,APPROVED_REPORT_DRAWING_GOLDEN,,,reportSpecification,report_item,RPT-00033,,CONFIRMED,MAPPED,promotion APPROVED_REPORT_DRAWING_GOLDEN
G-RPT-0034,report,report.section.CAL-P00115-CAL-SEC-3.1-001,ENT-LINE-ACL,APPROVED_REPORT_DRAWING_GOLDEN,,,reportSpecification,report_item,RPT-00034,,CONFIRMED,MAPPED,promotion APPROVED_REPORT_DRAWING_GOLDEN
G-RPT-0035,report,report.section.CAL-P00116-CAL-SEC-3.1-001,ENT-LINE-ACL,APPROVED_REPORT_DRAWING_GOLDEN,,,reportSpecification,report_item,RPT-00035,,CONFIRMED,MAPPED,promotion APPROVED_REPORT_DRAWING_GOLDEN
G-RPT-0036,report,report.section.CAL-P00117-CAL-SEC-3.1.1-001,ENT-LINE-ACL,APPROVED_REPORT_DRAWING_GOLDEN,,,reportSpecification,report_item,RPT-00036,,CONFIRMED,MAPPED,promotion APPROVED_REPORT_DRAWING_GOLDEN
G-RPT-0037,report,report.section.CAL-P00118-CAL-SEC-3.1.2-001,ENT-LINE-ACL,APPROVED_REPORT_DRAWING_GOLDEN,,,reportSpecification,report_item,RPT-00037,,CONFIRMED,MAPPED,promotion APPROVED_REPORT_DRAWING_GOLDEN
G-RPT-0038,report,report.section.CAL-P00119-CAL-SEC-3.1.2-001,ENT-LINE-ACL,APPROVED_REPORT_DRAWING_GOLDEN,,,reportSpecification,report_item,RPT-00038,,CONFIRMED,MAPPED,promotion APPROVED_REPORT_DRAWING_GOLDEN
G-RPT-0039,report,report.section.CAL-P00121-CAL-SEC-3.1.2-001,ENT-LINE-ACL,APPROVED_REPORT_DRAWING_GOLDEN,,,reportSpecification,report_item,RPT-00039,,CONFIRMED,MAPPED,promotion APPROVED_REPORT_DRAWING_GOLDEN
G-RPT-0040,report,report.section.CAL-P00121-CAL-SEC-3.1.2-002,ENT-LINE-ACL,APPROVED_REPORT_DRAWING_GOLDEN,,,reportSpecification,report_item,RPT-00040,,CONFIRMED,MAPPED,promotion APPROVED_REPORT_DRAWING_GOLDEN
G-RPT-0041,report,report.section.CAL-P00122-CAL-SEC-3.1.2-001,ENT-LINE-ACL,APPROVED_REPORT_DRAWING_GOLDEN,,,reportSpecification,report_item,RPT-00041,,CONFIRMED,MAPPED,promotion APPROVED_REPORT_DRAWING_GOLDEN
G-RPT-0042,report,report.section.CAL-P00122-CAL-SEC-3.1.2-002,ENT-LINE-ACL,APPROVED_REPORT_DRAWING_GOLDEN,,,reportSpecification,report_item,RPT-00042,,CONFIRMED,MAPPED,promotion APPROVED_REPORT_DRAWING_GOLDEN
G-RPT-0043,report,report.section.CAL-P00123-CAL-SEC-3.1.2-001,ENT-LINE-ACL,APPROVED_REPORT_DRAWING_GOLDEN,,,reportSpecification,report_item,RPT-00043,,CONFIRMED,MAPPED,promotion APPROVED_REPORT_DRAWING_GOLDEN
G-RPT-0044,report,report.section.CAL-P00124-CAL-SEC-3.1.2-001,ENT-LINE-ACL,APPROVED_REPORT_DRAWING_GOLDEN,,,reportSpecification,report_item,RPT-00044,,CONFIRMED,MAPPED,promotion APPROVED_REPORT_DRAWING_GOLDEN
G-RPT-0045,report,report.section.CAL-P00125-CAL-SEC-3.1.2-001,ENT-LINE-ACL,APPROVED_REPORT_DRAWING_GOLDEN,,,reportSpecification,report_item,RPT-00045,,CONFIRMED,MAPPED,promotion APPROVED_REPORT_DRAWING_GOLDEN
G-RPT-0046,report,report.section.CAL-P00126-CAL-SEC-3.1.2-001,ENT-LINE-ACL,APPROVED_REPORT_DRAWING_GOLDEN,,,reportSpecification,report_item,RPT-00046,,CONFIRMED,MAPPED,promotion APPROVED_REPORT_DRAWING_GOLDEN
G-RPT-0047,report,report.section.CAL-P00127-CAL-SEC-3.1.2-001,ENT-LINE-ACL,APPROVED_REPORT_DRAWING_GOLDEN,,,reportSpecification,report_item,RPT-00047,,CONFIRMED,MAPPED,promotion APPROVED_REPORT_DRAWING_GOLDEN
G-RPT-0048,report,report.section.CAL-P00128-CAL-SEC-3.1.2-001,ENT-LINE-ACL,APPROVED_REPORT_DRAWING_GOLDEN,,,reportSpecification,report_item,RPT-00048,,CONFIRMED,MAPPED,promotion APPROVED_REPORT_DRAWING_GOLDEN
G-RPT-0049,report,report.section.CAL-P00129-CAL-SEC-3.1.2-001,ENT-LINE-ACL,APPROVED_REPORT_DRAWING_GOLDEN,,,reportSpecification,report_item,RPT-00049,,CONFIRMED,MAPPED,promotion APPROVED_REPORT_DRAWING_GOLDEN
G-RPT-0050,report,report.section.CAL-P00130-CAL-SEC-3.1.2-001,ENT-LINE-ACL,APPROVED_REPORT_DRAWING_GOLDEN,,,reportSpecification,report_item,RPT-00050,,CONFIRMED,MAPPED,promotion APPROVED_REPORT_DRAWING_GOLDEN
G-RPT-0051,report,report.section.CAL-P00131-CAL-SEC-3.1.2-001,ENT-LINE-ACL,APPROVED_REPORT_DRAWING_GOLDEN,,,reportSpecification,report_item,RPT-00051,,CONFIRMED,MAPPED,promotion APPROVED_REPORT_DRAWING_GOLDEN
G-RPT-0052,report,report.section.CAL-P00132-CAL-SEC-3.1.2-001,ENT-LINE-ACL,APPROVED_REPORT_DRAWING_GOLDEN,,,reportSpecification,report_item,RPT-00052,,CONFIRMED,MAPPED,promotion APPROVED_REPORT_DRAWING_GOLDEN
G-RPT-0053,report,report.section.CAL-P00132-CAL-SEC-3.1.2-002,ENT-LINE-ACL,APPROVED_REPORT_DRAWING_GOLDEN,,,reportSpecification,report_item,RPT-00053,,CONFIRMED,MAPPED,promotion APPROVED_REPORT_DRAWING_GOLDEN
G-RPT-0054,report,report.section.CAL-P00133-CAL-SEC-3.1.2-001,ENT-LINE-ACL,APPROVED_REPORT_DRAWING_GOLDEN,,,reportSpecification,report_item,RPT-00054,,CONFIRMED,MAPPED,promotion APPROVED_REPORT_DRAWING_GOLDEN
G-RPT-0055,report,report.section.CAL-P00135-CAL-SEC-3.1.2-002,ENT-LINE-ACL,APPROVED_REPORT_DRAWING_GOLDEN,,,reportSpecification,report_item,RPT-00055,,CONFIRMED,MAPPED,promotion APPROVED_REPORT_DRAWING_GOLDEN
G-RPT-0056,report,report.section.CAL-P00135-CAL-SEC-3.1.2-003,ENT-LINE-ACL,APPROVED_REPORT_DRAWING_GOLDEN,,,reportSpecification,report_item,RPT-00056,,CONFIRMED,MAPPED,promotion APPROVED_REPORT_DRAWING_GOLDEN
G-RPT-0057,report,report.section.CAL-P00136-CAL-SEC-3.1.2-001,ENT-LINE-ACL,APPROVED_REPORT_DRAWING_GOLDEN,,,reportSpecification,report_item,RPT-00057,,CONFIRMED,MAPPED,promotion APPROVED_REPORT_DRAWING_GOLDEN
G-RPT-0058,report,report.section.CAL-P00137-CAL-SEC-3.1.2-001,ENT-LINE-ACL,APPROVED_REPORT_DRAWING_GOLDEN,,,reportSpecification,report_item,RPT-00058,,CONFIRMED,MAPPED,promotion APPROVED_REPORT_DRAWING_GOLDEN
G-RPT-0059,report,report.section.CAL-P00139-CAL-SEC-3.1.2-001,ENT-LINE-ACL,APPROVED_REPORT_DRAWING_GOLDEN,,,reportSpecification,report_item,RPT-00059,,CONFIRMED,MAPPED,promotion APPROVED_REPORT_DRAWING_GOLDEN
G-RPT-0060,report,report.section.CAL-P00141-CAL-SEC-3.1.3-001,ENT-LINE-ACL,APPROVED_REPORT_DRAWING_GOLDEN,,,reportSpecification,report_item,RPT-00060,,CONFIRMED,MAPPED,promotion APPROVED_REPORT_DRAWING_GOLDEN
G-RPT-0061,report,report.section.CAL-P00142-CAL-SEC-3.1.4-001,ENT-LINE-ACL,APPROVED_REPORT_DRAWING_GOLDEN,,,reportSpecification,report_item,RPT-00061,,CONFIRMED,MAPPED,promotion APPROVED_REPORT_DRAWING_GOLDEN
G-RPT-0062,report,report.section.CAL-P00143-CAL-SEC-3.1.5-001,ENT-LINE-ACL,APPROVED_REPORT_DRAWING_GOLDEN,,,reportSpecification,report_item,RPT-00062,,CONFIRMED,MAPPED,promotion APPROVED_REPORT_DRAWING_GOLDEN
G-RPT-0063,report,report.section.CAL-P00145-CAL-SEC-3.1.6-001,ENT-LINE-ACL,APPROVED_REPORT_DRAWING_GOLDEN,,,reportSpecification,report_item,RPT-00063,,CONFIRMED,MAPPED,promotion APPROVED_REPORT_DRAWING_GOLDEN
G-RPT-0064,report,report.section.CAL-P00180-CAL-SEC-3.1.7-001,ENT-LINE-ACL,APPROVED_REPORT_DRAWING_GOLDEN,,,reportSpecification,report_item,RPT-00064,,CONFIRMED,MAPPED,promotion APPROVED_REPORT_DRAWING_GOLDEN
G-RPT-0065,report,report.section.CAL-P00222-CAL-SEC-3.1.8-001,ENT-LINE-ACL,APPROVED_REPORT_DRAWING_GOLDEN,,,reportSpecification,report_item,RPT-00065,,CONFIRMED,MAPPED,promotion APPROVED_REPORT_DRAWING_GOLDEN
G-RPT-0066,report,report.section.CAL-P00277-CAL-SEC-3.1.9-001,ENT-LINE-ACL,APPROVED_REPORT_DRAWING_GOLDEN,,,reportSpecification,report_item,RPT-00066,,CONFIRMED,MAPPED,promotion APPROVED_REPORT_DRAWING_GOLDEN
G-RPT-0067,report,report.section.CAL-P00675-CAL-SEC-3.3-001,ENT-LINE-ACL,APPROVED_REPORT_DRAWING_GOLDEN,,,reportSpecification,report_item,RPT-00067,,CONFIRMED,MAPPED,promotion APPROVED_REPORT_DRAWING_GOLDEN
G-RPT-0068,report,report.section.CAL-P00676-CAL-SEC-3.3.1-001,ENT-LINE-ACL,APPROVED_REPORT_DRAWING_GOLDEN,,,reportSpecification,report_item,RPT-00068,,CONFIRMED,MAPPED,promotion APPROVED_REPORT_DRAWING_GOLDEN
G-RPT-0069,report,report.section.CAL-P00679-CAL-SEC-3.3.2-001,ENT-LINE-ACL,APPROVED_REPORT_DRAWING_GOLDEN,,,reportSpecification,report_item,RPT-00069,,CONFIRMED,MAPPED,promotion APPROVED_REPORT_DRAWING_GOLDEN
G-RPT-0070,report,report.section.CAL-P00685-CAL-SEC-3.3.3-001,ENT-LINE-ACL,APPROVED_REPORT_DRAWING_GOLDEN,,,reportSpecification,report_item,RPT-00070,,CONFIRMED,MAPPED,promotion APPROVED_REPORT_DRAWING_GOLDEN
G-RPT-0071,report,report.section.CAL-P00687-CAL-SEC-3.3.4-001,ENT-LINE-ACL,APPROVED_REPORT_DRAWING_GOLDEN,,,reportSpecification,report_item,RPT-00071,,CONFIRMED,MAPPED,promotion APPROVED_REPORT_DRAWING_GOLDEN
G-RPT-0072,report,report.section.CAL-P00688-CAL-SEC-3.3.4-001,ENT-LINE-ACL,APPROVED_REPORT_DRAWING_GOLDEN,,,reportSpecification,report_item,RPT-00072,,CONFIRMED,MAPPED,promotion APPROVED_REPORT_DRAWING_GOLDEN
G-RPT-0073,report,report.section.CAL-P00696-CAL-SEC-3.3.4-001,ENT-LINE-ACL,APPROVED_REPORT_DRAWING_GOLDEN,,,reportSpecification,report_item,RPT-00073,,CONFIRMED,MAPPED,promotion APPROVED_REPORT_DRAWING_GOLDEN
G-RPT-0074,report,report.section.CAL-P00704-CAL-SEC-3.3.5-001,ENT-LINE-ACL,APPROVED_REPORT_DRAWING_GOLDEN,,,reportSpecification,report_item,RPT-00074,,CONFIRMED,MAPPED,promotion APPROVED_REPORT_DRAWING_GOLDEN
G-RPT-0075,report,report.section.CAL-P00735-CAL-SEC-3.3.6-001,ENT-LINE-ACL,APPROVED_REPORT_DRAWING_GOLDEN,,,reportSpecification,report_item,RPT-00075,,CONFIRMED,MAPPED,promotion APPROVED_REPORT_DRAWING_GOLDEN
G-RPT-0076,report,report.section.CAL-P00762-CAL-SEC-3.3.7-001,ENT-LINE-ACL,APPROVED_REPORT_DRAWING_GOLDEN,,,reportSpecification,report_item,RPT-00076,,CONFIRMED,MAPPED,promotion APPROVED_REPORT_DRAWING_GOLDEN
G-RPT-0077,report,report.section.CAL-P00765-CAL-SEC-3.4-001,ENT-LINE-ACL,APPROVED_REPORT_DRAWING_GOLDEN,,,reportSpecification,report_item,RPT-00077,,CONFIRMED,MAPPED,promotion APPROVED_REPORT_DRAWING_GOLDEN
G-RPT-0078,report,report.section.CAL-P00766-CAL-SEC-3.4.1-001,ENT-LINE-ACL,APPROVED_REPORT_DRAWING_GOLDEN,,,reportSpecification,report_item,RPT-00078,,CONFIRMED,MAPPED,promotion APPROVED_REPORT_DRAWING_GOLDEN
G-RPT-0079,report,report.section.CAL-P00767-CAL-SEC-3.4.1-001,ENT-LINE-ACL,APPROVED_REPORT_DRAWING_GOLDEN,,,reportSpecification,report_item,RPT-00079,,CONFIRMED,MAPPED,promotion APPROVED_REPORT_DRAWING_GOLDEN
G-RPT-0080,report,report.section.CAL-P00770-CAL-SEC-3.4.1-001,ENT-LINE-ACL,APPROVED_REPORT_DRAWING_GOLDEN,,,reportSpecification,report_item,RPT-00080,,CONFIRMED,MAPPED,promotion APPROVED_REPORT_DRAWING_GOLDEN
G-RPT-0081,report,report.section.CAL-P00773-CAL-SEC-3.4.1-001,ENT-LINE-ACL,APPROVED_REPORT_DRAWING_GOLDEN,,,reportSpecification,report_item,RPT-00081,,CONFIRMED,MAPPED,promotion APPROVED_REPORT_DRAWING_GOLDEN
G-RPT-0082,report,report.section.CAL-P00774-CAL-SEC-3.4.1-001,ENT-LINE-ACL,APPROVED_REPORT_DRAWING_GOLDEN,,,reportSpecification,report_item,RPT-00082,,CONFIRMED,MAPPED,promotion APPROVED_REPORT_DRAWING_GOLDEN
G-RPT-0083,report,report.section.CAL-P00777-CAL-SEC-3.4.2-001,ENT-LINE-ACL,APPROVED_REPORT_DRAWING_GOLDEN,,,reportSpecification,report_item,RPT-00083,,CONFIRMED,MAPPED,promotion APPROVED_REPORT_DRAWING_GOLDEN
G-RPT-0084,report,report.section.CAL-P00788-CAL-SEC-3.5-001,ENT-LINE-ACL,APPROVED_REPORT_DRAWING_GOLDEN,,,reportSpecification,report_item,RPT-00084,,CONFIRMED,MAPPED,promotion APPROVED_REPORT_DRAWING_GOLDEN
G-RPT-0085,report,report.section.CAL-P00789-CAL-SEC-3.5.1-001,ENT-LINE-ACL,APPROVED_REPORT_DRAWING_GOLDEN,,,reportSpecification,report_item,RPT-00085,,CONFIRMED,MAPPED,promotion APPROVED_REPORT_DRAWING_GOLDEN
G-RPT-0086,report,report.section.CAL-P00791-CAL-SEC-3.5.2-001,ENT-LINE-ACL,APPROVED_REPORT_DRAWING_GOLDEN,,,reportSpecification,report_item,RPT-00086,,CONFIRMED,MAPPED,promotion APPROVED_REPORT_DRAWING_GOLDEN
G-RPT-0087,report,report.section.CAL-P00792-CAL-SEC-3.5.3-001,ENT-LINE-ACL,APPROVED_REPORT_DRAWING_GOLDEN,,,reportSpecification,report_item,RPT-00087,,CONFIRMED,MAPPED,promotion APPROVED_REPORT_DRAWING_GOLDEN
G-RPT-0088,report,report.section.CAL-P00793-CAL-SEC-3.5.4-001,ENT-LINE-ACL,APPROVED_REPORT_DRAWING_GOLDEN,,,reportSpecification,report_item,RPT-00088,,CONFIRMED,MAPPED,promotion APPROVED_REPORT_DRAWING_GOLDEN
G-RPT-0089,report,report.section.CAL-P00797-CAL-SEC-3.5.5-001,ENT-LINE-ACL,APPROVED_REPORT_DRAWING_GOLDEN,,,reportSpecification,report_item,RPT-00089,,CONFIRMED,MAPPED,promotion APPROVED_REPORT_DRAWING_GOLDEN
G-RPT-0090,report,report.section.CAL-P00800-CAL-SEC-3.5.6-001,ENT-LINE-ACL,APPROVED_REPORT_DRAWING_GOLDEN,,,reportSpecification,report_item,RPT-00090,,CONFIRMED,MAPPED,promotion APPROVED_REPORT_DRAWING_GOLDEN
G-RPT-0091,report,report.section.CAL-P00817-CAL-SEC-3.6-001,ENT-LINE-ACL,APPROVED_REPORT_DRAWING_GOLDEN,,,reportSpecification,report_item,RPT-00091,,CONFIRMED,MAPPED,promotion APPROVED_REPORT_DRAWING_GOLDEN
G-RPT-0092,report,report.section.CAL-P00818-CAL-SEC-3.6.1-001,ENT-LINE-ACL,APPROVED_REPORT_DRAWING_GOLDEN,,,reportSpecification,report_item,RPT-00092,,CONFIRMED,MAPPED,promotion APPROVED_REPORT_DRAWING_GOLDEN
G-RPT-0093,report,report.section.CAL-P00819-CAL-SEC-3.6.2-001,ENT-LINE-ACL,APPROVED_REPORT_DRAWING_GOLDEN,,,reportSpecification,report_item,RPT-00093,,CONFIRMED,MAPPED,promotion APPROVED_REPORT_DRAWING_GOLDEN
G-RPT-0094,report,report.section.CAL-P00820-CAL-SEC-3.6.2-001,ENT-LINE-ACL,APPROVED_REPORT_DRAWING_GOLDEN,,,reportSpecification,report_item,RPT-00094,,CONFIRMED,MAPPED,promotion APPROVED_REPORT_DRAWING_GOLDEN
G-RPT-0095,report,report.section.CAL-P00821-CAL-SEC-3.6.2-001,ENT-LINE-ACL,APPROVED_REPORT_DRAWING_GOLDEN,,,reportSpecification,report_item,RPT-00095,,CONFIRMED,MAPPED,promotion APPROVED_REPORT_DRAWING_GOLDEN
G-RPT-0096,report,report.section.CAL-P00822-CAL-SEC-3.6.3-001,ENT-LINE-ACL,APPROVED_REPORT_DRAWING_GOLDEN,,,reportSpecification,report_item,RPT-00096,,CONFIRMED,MAPPED,promotion APPROVED_REPORT_DRAWING_GOLDEN
G-RPT-0097,report,report.section.CAL-P00840-CAL-SEC-3.6.4-001,ENT-LINE-ACL,APPROVED_REPORT_DRAWING_GOLDEN,,,reportSpecification,report_item,RPT-00097,,CONFIRMED,MAPPED,promotion APPROVED_REPORT_DRAWING_GOLDEN
G-RPT-0098,report,report.section.CAL-P00842-CAL-SEC-3.7-001,ENT-LINE-ACL,APPROVED_REPORT_DRAWING_GOLDEN,,,reportSpecification,report_item,RPT-00098,,CONFIRMED,MAPPED,promotion APPROVED_REPORT_DRAWING_GOLDEN
G-RPT-0099,report,report.section.CAL-P00843-CAL-SEC-3.7.1-001,ENT-LINE-ACL,APPROVED_REPORT_DRAWING_GOLDEN,,,reportSpecification,report_item,RPT-00099,,CONFIRMED,MAPPED,promotion APPROVED_REPORT_DRAWING_GOLDEN
G-RPT-0100,report,report.section.CAL-P00845-CAL-SEC-3.7.1-001,ENT-LINE-ACL,APPROVED_REPORT_DRAWING_GOLDEN,,,reportSpecification,report_item,RPT-00100,,CONFIRMED,MAPPED,promotion APPROVED_REPORT_DRAWING_GOLDEN
G-RPT-0101,report,report.section.CAL-P00860-CAL-SEC-3.7.2-001,ENT-LINE-ACL,APPROVED_REPORT_DRAWING_GOLDEN,,,reportSpecification,report_item,RPT-00101,,CONFIRMED,MAPPED,promotion APPROVED_REPORT_DRAWING_GOLDEN
G-RPT-0102,report,report.section.CAL-P00872-CAL-SEC-4.1-001,ENT-LINE-ACL,APPROVED_REPORT_DRAWING_GOLDEN,,,reportSpecification,report_item,RPT-00102,,CONFIRMED,MAPPED,promotion APPROVED_REPORT_DRAWING_GOLDEN
G-RPT-0103,report,report.section.CAL-P00873-CAL-SEC-4.1.1-001,ENT-LINE-ACL,APPROVED_REPORT_DRAWING_GOLDEN,,,reportSpecification,report_item,RPT-00103,,CONFIRMED,MAPPED,promotion APPROVED_REPORT_DRAWING_GOLDEN
G-RPT-0104,report,report.section.CAL-P00874-CAL-SEC-4.1.2-001,ENT-LINE-ACL,APPROVED_REPORT_DRAWING_GOLDEN,,,reportSpecification,report_item,RPT-00104,,CONFIRMED,MAPPED,promotion APPROVED_REPORT_DRAWING_GOLDEN
G-RPT-0105,report,report.section.CAL-P00876-CAL-SEC-4.1.2-001,ENT-LINE-ACL,APPROVED_REPORT_DRAWING_GOLDEN,,,reportSpecification,report_item,RPT-00105,,CONFIRMED,MAPPED,promotion APPROVED_REPORT_DRAWING_GOLDEN
G-RPT-0106,report,report.section.CAL-P00881-CAL-SEC-4.1.2-001,ENT-LINE-ACL,APPROVED_REPORT_DRAWING_GOLDEN,,,reportSpecification,report_item,RPT-00106,,CONFIRMED,MAPPED,promotion APPROVED_REPORT_DRAWING_GOLDEN
G-RPT-0107,report,report.section.CAL-P00893-CAL-SEC-4.1.2-001,ENT-LINE-ACL,APPROVED_REPORT_DRAWING_GOLDEN,,,reportSpecification,report_item,RPT-00107,,CONFIRMED,MAPPED,promotion APPROVED_REPORT_DRAWING_GOLDEN
G-RPT-0108,report,report.section.CAL-P00893-CAL-SEC-4.1.2-003,ENT-LINE-ACL,APPROVED_REPORT_DRAWING_GOLDEN,,,reportSpecification,report_item,RPT-00108,,CONFIRMED,MAPPED,promotion APPROVED_REPORT_DRAWING_GOLDEN
G-RPT-0109,report,report.section.CAL-P00894-CAL-SEC-4.1.2-001,ENT-LINE-ACL,APPROVED_REPORT_DRAWING_GOLDEN,,,reportSpecification,report_item,RPT-00109,,CONFIRMED,MAPPED,promotion APPROVED_REPORT_DRAWING_GOLDEN
G-RPT-0110,report,report.section.CAL-P00900-CAL-SEC-4.1.3-001,ENT-LINE-ACL,APPROVED_REPORT_DRAWING_GOLDEN,,,reportSpecification,report_item,RPT-00110,,CONFIRMED,MAPPED,promotion APPROVED_REPORT_DRAWING_GOLDEN
G-RPT-0111,report,report.section.CAL-P00901-CAL-SEC-4.1.4-001,ENT-LINE-ACL,APPROVED_REPORT_DRAWING_GOLDEN,,,reportSpecification,report_item,RPT-00111,,CONFIRMED,MAPPED,promotion APPROVED_REPORT_DRAWING_GOLDEN
G-RPT-0112,report,report.section.CAL-P00904-CAL-SEC-4.1.5-001,ENT-LINE-ACL,APPROVED_REPORT_DRAWING_GOLDEN,,,reportSpecification,report_item,RPT-00112,,CONFIRMED,MAPPED,promotion APPROVED_REPORT_DRAWING_GOLDEN
G-RPT-0113,report,report.section.CAL-P00904-CAL-SEC-4.1.5-002,ENT-LINE-ACL,APPROVED_REPORT_DRAWING_GOLDEN,,,reportSpecification,report_item,RPT-00113,,CONFIRMED,MAPPED,promotion APPROVED_REPORT_DRAWING_GOLDEN
G-RPT-0114,report,report.section.CAL-P01026-CAL-SEC-4.1.5-001,ENT-LINE-ACL,APPROVED_REPORT_DRAWING_GOLDEN,,,reportSpecification,report_item,RPT-00114,,CONFIRMED,MAPPED,promotion APPROVED_REPORT_DRAWING_GOLDEN
G-RPT-0115,report,report.section.CAL-P01115-CAL-SEC-4.1.6-001,ENT-LINE-ACL,APPROVED_REPORT_DRAWING_GOLDEN,,,reportSpecification,report_item,RPT-00115,,CONFIRMED,MAPPED,promotion APPROVED_REPORT_DRAWING_GOLDEN
G-RPT-0116,report,report.section.CAL-P01115-CAL-SEC-4.1.6-002,ENT-LINE-ACL,APPROVED_REPORT_DRAWING_GOLDEN,,,reportSpecification,report_item,RPT-00116,,CONFIRMED,MAPPED,promotion APPROVED_REPORT_DRAWING_GOLDEN
G-RPT-0117,report,report.section.CAL-P01130-CAL-SEC-4.1.6-001,ENT-LINE-ACL,APPROVED_REPORT_DRAWING_GOLDEN,,,reportSpecification,report_item,RPT-00117,,CONFIRMED,MAPPED,promotion APPROVED_REPORT_DRAWING_GOLDEN
G-RPT-0118,report,report.section.CAL-P01266-CAL-SEC-4.1.7-001,ENT-LINE-ACL,APPROVED_REPORT_DRAWING_GOLDEN,,,reportSpecification,report_item,RPT-00118,,CONFIRMED,MAPPED,promotion APPROVED_REPORT_DRAWING_GOLDEN
G-RPT-0119,report,report.section.CAL-P01266-CAL-SEC-4.1.7-002,ENT-LINE-ACL,APPROVED_REPORT_DRAWING_GOLDEN,,,reportSpecification,report_item,RPT-00119,,CONFIRMED,MAPPED,promotion APPROVED_REPORT_DRAWING_GOLDEN
G-RPT-0120,report,report.section.CAL-P01275-CAL-SEC-4.1.7-001,ENT-LINE-ACL,APPROVED_REPORT_DRAWING_GOLDEN,,,reportSpecification,report_item,RPT-00120,,CONFIRMED,MAPPED,promotion APPROVED_REPORT_DRAWING_GOLDEN
G-RPT-0121,report,report.section.CAL-P01280-CAL-SEC-4.1.7-001,ENT-LINE-ACL,APPROVED_REPORT_DRAWING_GOLDEN,,,reportSpecification,report_item,RPT-00121,,CONFIRMED,MAPPED,promotion APPROVED_REPORT_DRAWING_GOLDEN
G-RPT-0122,report,report.section.CAL-P01282-CAL-SEC-4.1.7-001,ENT-LINE-ACL,APPROVED_REPORT_DRAWING_GOLDEN,,,reportSpecification,report_item,RPT-00122,,CONFIRMED,MAPPED,promotion APPROVED_REPORT_DRAWING_GOLDEN
G-RPT-0123,report,report.section.CAL-P01283-CAL-SEC-4.2-001,ENT-LINE-ACL,APPROVED_REPORT_DRAWING_GOLDEN,,,reportSpecification,report_item,RPT-00123,,CONFIRMED,MAPPED,promotion APPROVED_REPORT_DRAWING_GOLDEN
G-RPT-0124,report,report.section.CAL-P01284-CAL-SEC-4.2.1-001,ENT-LINE-ACL,APPROVED_REPORT_DRAWING_GOLDEN,,,reportSpecification,report_item,RPT-00124,,CONFIRMED,MAPPED,promotion APPROVED_REPORT_DRAWING_GOLDEN
G-RPT-0125,report,report.section.CAL-P01287-CAL-SEC-4.2.2-001,ENT-LINE-ACL,APPROVED_REPORT_DRAWING_GOLDEN,,,reportSpecification,report_item,RPT-00125,,CONFIRMED,MAPPED,promotion APPROVED_REPORT_DRAWING_GOLDEN
G-RPT-0126,report,report.section.CAL-P01299-CAL-SEC-4.2.3-001,ENT-LINE-ACL,APPROVED_REPORT_DRAWING_GOLDEN,,,reportSpecification,report_item,RPT-00126,,CONFIRMED,MAPPED,promotion APPROVED_REPORT_DRAWING_GOLDEN
G-RPT-0127,report,report.section.CAL-P01318-CAL-SEC-4.2.4-001,ENT-LINE-ACL,APPROVED_REPORT_DRAWING_GOLDEN,,,reportSpecification,report_item,RPT-00127,,CONFIRMED,MAPPED,promotion APPROVED_REPORT_DRAWING_GOLDEN
G-RPT-0128,report,report.section.CAL-P01319-CAL-SEC-4.2.4-001,ENT-LINE-ACL,APPROVED_REPORT_DRAWING_GOLDEN,,,reportSpecification,report_item,RPT-00128,,CONFIRMED,MAPPED,promotion APPROVED_REPORT_DRAWING_GOLDEN
G-RPT-0129,report,report.section.CAL-P01400-CAL-SEC-4.2.4-001,ENT-LINE-ACL,APPROVED_REPORT_DRAWING_GOLDEN,,,reportSpecification,report_item,RPT-00129,,CONFIRMED,MAPPED,promotion APPROVED_REPORT_DRAWING_GOLDEN
G-RPT-0130,report,report.section.CAL-P01451-CAL-SEC-4.2.4-001,ENT-LINE-ACL,APPROVED_REPORT_DRAWING_GOLDEN,,,reportSpecification,report_item,RPT-00130,,CONFIRMED,MAPPED,promotion APPROVED_REPORT_DRAWING_GOLDEN
G-RPT-0131,report,report.section.CAL-P01520-CAL-SEC-4.2.4-001,ENT-LINE-ACL,APPROVED_REPORT_DRAWING_GOLDEN,,,reportSpecification,report_item,RPT-00131,,CONFIRMED,MAPPED,promotion APPROVED_REPORT_DRAWING_GOLDEN
G-RPT-0132,report,report.section.CAL-P01598-CAL-SEC-4.2.4-001,ENT-LINE-ACL,APPROVED_REPORT_DRAWING_GOLDEN,,,reportSpecification,report_item,RPT-00132,,CONFIRMED,MAPPED,promotion APPROVED_REPORT_DRAWING_GOLDEN
G-RPT-0133,report,report.section.CAL-P01680-CAL-SEC-4.2.4-001,ENT-LINE-ACL,APPROVED_REPORT_DRAWING_GOLDEN,,,reportSpecification,report_item,RPT-00133,,CONFIRMED,MAPPED,promotion APPROVED_REPORT_DRAWING_GOLDEN
G-RPT-0134,report,report.section.CAL-P01776-CAL-SEC-4.2.5-001,ENT-LINE-ACL,APPROVED_REPORT_DRAWING_GOLDEN,,,reportSpecification,report_item,RPT-00134,,CONFIRMED,MAPPED,promotion APPROVED_REPORT_DRAWING_GOLDEN
G-RPT-0135,report,report.section.CAL-P01778-CAL-SEC-4.2.6-001,ENT-LINE-ACL,APPROVED_REPORT_DRAWING_GOLDEN,,,reportSpecification,report_item,RPT-00135,,CONFIRMED,MAPPED,promotion APPROVED_REPORT_DRAWING_GOLDEN
G-RPT-0136,report,report.section.CAL-P01947-CAL-SEC-4.2.7-001,ENT-LINE-ACL,APPROVED_REPORT_DRAWING_GOLDEN,,,reportSpecification,report_item,RPT-00136,,CONFIRMED,MAPPED,promotion APPROVED_REPORT_DRAWING_GOLDEN
G-RPT-0137,report,report.section.CAL-P01955-CAL-SEC-4.2.8-001,ENT-LINE-ACL,APPROVED_REPORT_DRAWING_GOLDEN,,,reportSpecification,report_item,RPT-00137,,CONFIRMED,MAPPED,promotion APPROVED_REPORT_DRAWING_GOLDEN
G-RPT-0138,report,report.section.CAL-P01955-CAL-SEC-4.2.8-002,ENT-LINE-ACL,APPROVED_REPORT_DRAWING_GOLDEN,,,reportSpecification,report_item,RPT-00138,,CONFIRMED,MAPPED,promotion APPROVED_REPORT_DRAWING_GOLDEN
G-RPT-0139,report,report.section.CAL-P01958-CAL-SEC-4.2.8-001,ENT-LINE-ACL,APPROVED_REPORT_DRAWING_GOLDEN,,,reportSpecification,report_item,RPT-00139,,CONFIRMED,MAPPED,promotion APPROVED_REPORT_DRAWING_GOLDEN
G-RPT-0140,report,report.section.CAL-P02003-CAL-SEC-4.2.8-001,ENT-LINE-ACL,APPROVED_REPORT_DRAWING_GOLDEN,,,reportSpecification,report_item,RPT-00140,,CONFIRMED,MAPPED,promotion APPROVED_REPORT_DRAWING_GOLDEN
G-RPT-0141,report,report.section.CAL-P02076-CAL-SEC-4.2.8-001,ENT-LINE-ACL,APPROVED_REPORT_DRAWING_GOLDEN,,,reportSpecification,report_item,RPT-00141,,CONFIRMED,MAPPED,promotion APPROVED_REPORT_DRAWING_GOLDEN
G-RPT-0142,report,report.section.CAL-P02098-CAL-SEC-4.2.8-001,ENT-LINE-ACL,APPROVED_REPORT_DRAWING_GOLDEN,,,reportSpecification,report_item,RPT-00142,,CONFIRMED,MAPPED,promotion APPROVED_REPORT_DRAWING_GOLDEN
G-RPT-0143,report,report.section.CAL-P02100-CAL-SEC-4.2.8-001,ENT-LINE-ACL,APPROVED_REPORT_DRAWING_GOLDEN,,,reportSpecification,report_item,RPT-00143,,CONFIRMED,MAPPED,promotion APPROVED_REPORT_DRAWING_GOLDEN
G-RPT-0144,report,report.section.CAL-P02114-CAL-SEC-4.2.8-001,ENT-LINE-ACL,APPROVED_REPORT_DRAWING_GOLDEN,,,reportSpecification,report_item,RPT-00144,,CONFIRMED,MAPPED,promotion APPROVED_REPORT_DRAWING_GOLDEN
G-RPT-0145,report,report.section.CAL-P02003-CAL-SEC-4.2.9-001,ENT-LINE-ACL,APPROVED_REPORT_DRAWING_GOLDEN,,,reportSpecification,report_item,RPT-00145,,CONFIRMED,MAPPED,promotion APPROVED_REPORT_DRAWING_GOLDEN
G-RPT-0146,report,report.section.CAL-P02003-CAL-SEC-4.2.9-002,ENT-LINE-ACL,APPROVED_REPORT_DRAWING_GOLDEN,,,reportSpecification,report_item,RPT-00146,,CONFIRMED,MAPPED,promotion APPROVED_REPORT_DRAWING_GOLDEN
G-RPT-0147,report,report.section.CAL-P02003-CAL-SEC-4.2.9-003,ENT-LINE-ACL,APPROVED_REPORT_DRAWING_GOLDEN,,,reportSpecification,report_item,RPT-00147,,CONFIRMED,MAPPED,promotion APPROVED_REPORT_DRAWING_GOLDEN
G-RPT-0148,report,report.section.CAL-P02003-CAL-SEC-4.2.9-004,ENT-LINE-ACL,APPROVED_REPORT_DRAWING_GOLDEN,,,reportSpecification,report_item,RPT-00148,,CONFIRMED,MAPPED,promotion APPROVED_REPORT_DRAWING_GOLDEN
G-RPT-0149,report,report.section.CAL-P02003-CAL-SEC-4.2.9-005,ENT-LINE-ACL,APPROVED_REPORT_DRAWING_GOLDEN,,,reportSpecification,report_item,RPT-00149,,CONFIRMED,MAPPED,promotion APPROVED_REPORT_DRAWING_GOLDEN
G-RPT-0150,report,report.section.CAL-P02023-CAL-SEC-4.2.10-001,ENT-LINE-ACL,APPROVED_REPORT_DRAWING_GOLDEN,,,reportSpecification,report_item,RPT-00150,,CONFIRMED,MAPPED,promotion APPROVED_REPORT_DRAWING_GOLDEN
G-RPT-0151,report,report.section.CH5-PE-002,ENT-LINE-ACL,APPROVED_REPORT_DRAWING_GOLDEN,,,reportSpecification,report_item,RPT-00151,,CONFIRMED,MAPPED,promotion APPROVED_REPORT_DRAWING_GOLDEN
G-RPT-0152,report,report.section.CH5-PE-003,ENT-LINE-ACL,APPROVED_REPORT_DRAWING_GOLDEN,,,reportSpecification,report_item,RPT-00152,,CONFIRMED,MAPPED,promotion APPROVED_REPORT_DRAWING_GOLDEN
G-RPT-0153,report,report.section.CH5-PE-004,ENT-LINE-ACL,APPROVED_REPORT_DRAWING_GOLDEN,,,reportSpecification,report_item,RPT-00153,,CONFIRMED,MAPPED,promotion APPROVED_REPORT_DRAWING_GOLDEN
G-RPT-0154,report,report.section.CH5-PE-007,ENT-LINE-ACL,APPROVED_REPORT_DRAWING_GOLDEN,,,reportSpecification,report_item,RPT-00154,,CONFIRMED,MAPPED,promotion APPROVED_REPORT_DRAWING_GOLDEN
G-RPT-0155,report,report.section.CH5-PE-008,ENT-LINE-ACL,APPROVED_REPORT_DRAWING_GOLDEN,,,reportSpecification,report_item,RPT-00155,,CONFIRMED,MAPPED,promotion APPROVED_REPORT_DRAWING_GOLDEN
G-RPT-0156,report,report.section.CH5-PE-009,ENT-LINE-ACL,APPROVED_REPORT_DRAWING_GOLDEN,,,reportSpecification,report_item,RPT-00156,,CONFIRMED,MAPPED,promotion APPROVED_REPORT_DRAWING_GOLDEN
G-RPT-0157,report,report.section.CH5-PE-010,ENT-LINE-ACL,APPROVED_REPORT_DRAWING_GOLDEN,,,reportSpecification,report_item,RPT-00157,,CONFIRMED,MAPPED,promotion APPROVED_REPORT_DRAWING_GOLDEN
G-RPT-0158,report,report.section.CH5-PE-011,ENT-LINE-ACL,APPROVED_REPORT_DRAWING_GOLDEN,,,reportSpecification,report_item,RPT-00158,,CONFIRMED,MAPPED,promotion APPROVED_REPORT_DRAWING_GOLDEN
G-RPT-0159,report,report.section.CH5-PE-012,ENT-LINE-ACL,APPROVED_REPORT_DRAWING_GOLDEN,,,reportSpecification,report_item,RPT-00159,,CONFIRMED,MAPPED,promotion APPROVED_REPORT_DRAWING_GOLDEN
G-RPT-0160,report,report.section.CH5-PE-013,ENT-LINE-ACL,APPROVED_REPORT_DRAWING_GOLDEN,,,reportSpecification,report_item,RPT-00160,,CONFIRMED,MAPPED,promotion APPROVED_REPORT_DRAWING_GOLDEN
G-RPT-0161,report,report.section.CH5-PE-014,ENT-LINE-ACL,APPROVED_REPORT_DRAWING_GOLDEN,,,reportSpecification,report_item,RPT-00161,,CONFIRMED,MAPPED,promotion APPROVED_REPORT_DRAWING_GOLDEN
G-RPT-0162,report,report.section.CH5-PE-015,ENT-LINE-ACL,APPROVED_REPORT_DRAWING_GOLDEN,,,reportSpecification,report_item,RPT-00162,,CONFIRMED,MAPPED,promotion APPROVED_REPORT_DRAWING_GOLDEN
G-RPT-0163,report,report.section.CH5-PE-016,ENT-LINE-ACL,APPROVED_REPORT_DRAWING_GOLDEN,,,reportSpecification,report_item,RPT-00163,,CONFIRMED,MAPPED,promotion APPROVED_REPORT_DRAWING_GOLDEN
G-RPT-0164,report,report.section.CH5-PE-017,ENT-LINE-ACL,APPROVED_REPORT_DRAWING_GOLDEN,,,reportSpecification,report_item,RPT-00164,,CONFIRMED,MAPPED,promotion APPROVED_REPORT_DRAWING_GOLDEN
G-RPT-0165,report,report.section.CH5-PE-018,ENT-LINE-ACL,APPROVED_REPORT_DRAWING_GOLDEN,,,reportSpecification,report_item,RPT-00165,,CONFIRMED,MAPPED,promotion APPROVED_REPORT_DRAWING_GOLDEN
G-RPT-0166,report,report.section.CH5-PE-019,ENT-LINE-ACL,APPROVED_REPORT_DRAWING_GOLDEN,,,reportSpecification,report_item,RPT-00166,,CONFIRMED,MAPPED,promotion APPROVED_REPORT_DRAWING_GOLDEN
G-RPT-0167,report,report.section.CH5-PE-020,ENT-LINE-ACL,APPROVED_REPORT_DRAWING_GOLDEN,,,reportSpecification,report_item,RPT-00167,,CONFIRMED,MAPPED,promotion APPROVED_REPORT_DRAWING_GOLDEN
G-RPT-0168,report,report.section.CH5-PE-021,ENT-LINE-ACL,APPROVED_REPORT_DRAWING_GOLDEN,,,reportSpecification,report_item,RPT-00168,,CONFIRMED,MAPPED,promotion APPROVED_REPORT_DRAWING_GOLDEN
G-RPT-0169,report,report.section.CH5-PE-022,ENT-LINE-ACL,APPROVED_REPORT_DRAWING_GOLDEN,,,reportSpecification,report_item,RPT-00169,,CONFIRMED,MAPPED,promotion APPROVED_REPORT_DRAWING_GOLDEN
G-RPT-0170,report,report.section.CH5-PE-023,ENT-LINE-ACL,APPROVED_REPORT_DRAWING_GOLDEN,,,reportSpecification,report_item,RPT-00170,,CONFIRMED,MAPPED,promotion APPROVED_REPORT_DRAWING_GOLDEN
G-RPT-0171,report,report.section.CH5-PE-024,ENT-LINE-ACL,APPROVED_REPORT_DRAWING_GOLDEN,,,reportSpecification,report_item,RPT-00171,,CONFIRMED,MAPPED,promotion APPROVED_REPORT_DRAWING_GOLDEN
G-RPT-0172,report,report.section.CH5-PE-025,ENT-LINE-ACL,APPROVED_REPORT_DRAWING_GOLDEN,,,reportSpecification,report_item,RPT-00172,,CONFIRMED,MAPPED,promotion APPROVED_REPORT_DRAWING_GOLDEN
G-RPT-0173,report,report.section.CH5-PE-026,ENT-LINE-ACL,APPROVED_REPORT_DRAWING_GOLDEN,,,reportSpecification,report_item,RPT-00173,,CONFIRMED,MAPPED,promotion APPROVED_REPORT_DRAWING_GOLDEN
G-RPT-0174,report,report.section.CH5-PE-027,ENT-LINE-ACL,APPROVED_REPORT_DRAWING_GOLDEN,,,reportSpecification,report_item,RPT-00174,,CONFIRMED,MAPPED,promotion APPROVED_REPORT_DRAWING_GOLDEN
G-RPT-0175,report,report.section.CH5-PE-028,ENT-LINE-ACL,APPROVED_REPORT_DRAWING_GOLDEN,,,reportSpecification,report_item,RPT-00175,,CONFIRMED,MAPPED,promotion APPROVED_REPORT_DRAWING_GOLDEN
G-RPT-0176,report,report.section.CH5-PE-029,ENT-LINE-ACL,APPROVED_REPORT_DRAWING_GOLDEN,,,reportSpecification,report_item,RPT-00176,,CONFIRMED,MAPPED,promotion APPROVED_REPORT_DRAWING_GOLDEN
G-RPT-0177,report,report.section.CH5-PE-030,ENT-LINE-ACL,APPROVED_REPORT_DRAWING_GOLDEN,,,reportSpecification,report_item,RPT-00177,,CONFIRMED,MAPPED,promotion APPROVED_REPORT_DRAWING_GOLDEN
G-RPT-0178,report,report.section.CH5-PE-031,ENT-LINE-ACL,APPROVED_REPORT_DRAWING_GOLDEN,,,reportSpecification,report_item,RPT-00178,,CONFIRMED,MAPPED,promotion APPROVED_REPORT_DRAWING_GOLDEN
G-RPT-0179,report,report.section.CH5-PE-032,ENT-LINE-ACL,APPROVED_REPORT_DRAWING_GOLDEN,,,reportSpecification,report_item,RPT-00179,,CONFIRMED,MAPPED,promotion APPROVED_REPORT_DRAWING_GOLDEN
G-RPT-0180,report,report.section.CH5-PE-033,ENT-LINE-ACL,APPROVED_REPORT_DRAWING_GOLDEN,,,reportSpecification,report_item,RPT-00180,,CONFIRMED,MAPPED,promotion APPROVED_REPORT_DRAWING_GOLDEN
G-RPT-0181,report,report.section.CH5-PE-034,ENT-LINE-ACL,APPROVED_REPORT_DRAWING_GOLDEN,,,reportSpecification,report_item,RPT-00181,,CONFIRMED,MAPPED,promotion APPROVED_REPORT_DRAWING_GOLDEN
G-RPT-0182,report,report.section.CH5-PE-035,ENT-LINE-ACL,APPROVED_REPORT_DRAWING_GOLDEN,,,reportSpecification,report_item,RPT-00182,,CONFIRMED,MAPPED,promotion APPROVED_REPORT_DRAWING_GOLDEN
G-RPT-0183,report,report.section.CH5-PE-036,ENT-LINE-ACL,APPROVED_REPORT_DRAWING_GOLDEN,,,reportSpecification,report_item,RPT-00183,,CONFIRMED,MAPPED,promotion APPROVED_REPORT_DRAWING_GOLDEN
G-RPT-0184,report,report.section.CH5-PE-037,ENT-LINE-ACL,APPROVED_REPORT_DRAWING_GOLDEN,,,reportSpecification,report_item,RPT-00184,,CONFIRMED,MAPPED,promotion APPROVED_REPORT_DRAWING_GOLDEN
G-RPT-0185,report,report.section.CH5-PE-038,ENT-LINE-ACL,APPROVED_REPORT_DRAWING_GOLDEN,,,reportSpecification,report_item,RPT-00185,,CONFIRMED,MAPPED,promotion APPROVED_REPORT_DRAWING_GOLDEN
G-RPT-0186,report,report.section.CH5-PE-039,ENT-LINE-ACL,APPROVED_REPORT_DRAWING_GOLDEN,,,reportSpecification,report_item,RPT-00186,,CONFIRMED,MAPPED,promotion APPROVED_REPORT_DRAWING_GOLDEN
G-RPT-0187,report,report.section.CH5-PE-040,ENT-LINE-ACL,APPROVED_REPORT_DRAWING_GOLDEN,,,reportSpecification,report_item,RPT-00187,,CONFIRMED,MAPPED,promotion APPROVED_REPORT_DRAWING_GOLDEN
G-RPT-0188,report,report.section.CH5-PE-041,ENT-LINE-ACL,APPROVED_REPORT_DRAWING_GOLDEN,,,reportSpecification,report_item,RPT-00188,,CONFIRMED,MAPPED,promotion APPROVED_REPORT_DRAWING_GOLDEN
G-RPT-0189,report,report.section.CH5-PE-042,ENT-LINE-ACL,APPROVED_REPORT_DRAWING_GOLDEN,,,reportSpecification,report_item,RPT-00189,,CONFIRMED,MAPPED,promotion APPROVED_REPORT_DRAWING_GOLDEN
G-RPT-0190,report,report.section.CH5-PE-043,ENT-LINE-ACL,APPROVED_REPORT_DRAWING_GOLDEN,,,reportSpecification,report_item,RPT-00190,,CONFIRMED,MAPPED,promotion APPROVED_REPORT_DRAWING_GOLDEN
G-RPT-0191,report,report.section.CH5-PE-044,ENT-LINE-ACL,APPROVED_REPORT_DRAWING_GOLDEN,,,reportSpecification,report_item,RPT-00191,,CONFIRMED,MAPPED,promotion APPROVED_REPORT_DRAWING_GOLDEN
G-RPT-0192,report,report.section.CH5-PE-045,ENT-LINE-ACL,APPROVED_REPORT_DRAWING_GOLDEN,,,reportSpecification,report_item,RPT-00192,,CONFIRMED,MAPPED,promotion APPROVED_REPORT_DRAWING_GOLDEN
G-RPT-0193,report,report.section.CH5-PE-046,ENT-LINE-ACL,APPROVED_REPORT_DRAWING_GOLDEN,,,reportSpecification,report_item,RPT-00193,,CONFIRMED,MAPPED,promotion APPROVED_REPORT_DRAWING_GOLDEN
G-RPT-0194,report,report.section.CH5-PE-047,ENT-LINE-ACL,APPROVED_REPORT_DRAWING_GOLDEN,,,reportSpecification,report_item,RPT-00194,,CONFIRMED,MAPPED,promotion APPROVED_REPORT_DRAWING_GOLDEN
G-RPT-0195,report,report.section.CH5-PE-048,ENT-LINE-ACL,APPROVED_REPORT_DRAWING_GOLDEN,,,reportSpecification,report_item,RPT-00195,,CONFIRMED,MAPPED,promotion APPROVED_REPORT_DRAWING_GOLDEN
G-RPT-0196,report,report.section.CH5-PE-049,ENT-LINE-ACL,APPROVED_REPORT_DRAWING_GOLDEN,,,reportSpecification,report_item,RPT-00196,,CONFIRMED,MAPPED,promotion APPROVED_REPORT_DRAWING_GOLDEN
G-RPT-0197,report,report.section.CH5-PE-051,ENT-LINE-ACL,APPROVED_REPORT_DRAWING_GOLDEN,,,reportSpecification,report_item,RPT-00197,,CONFIRMED,MAPPED,promotion APPROVED_REPORT_DRAWING_GOLDEN
G-RPT-0198,report,report.section.CH5-PE-052,ENT-LINE-ACL,APPROVED_REPORT_DRAWING_GOLDEN,,,reportSpecification,report_item,RPT-00198,,CONFIRMED,MAPPED,promotion APPROVED_REPORT_DRAWING_GOLDEN
G-RPT-0199,report,report.section.CH5-PE-053,ENT-LINE-ACL,APPROVED_REPORT_DRAWING_GOLDEN,,,reportSpecification,report_item,RPT-00199,,CONFIRMED,MAPPED,promotion APPROVED_REPORT_DRAWING_GOLDEN
G-RPT-0200,report,report.section.CH5-PE-054,ENT-LINE-ACL,APPROVED_REPORT_DRAWING_GOLDEN,,,reportSpecification,report_item,RPT-00200,,CONFIRMED,MAPPED,promotion APPROVED_REPORT_DRAWING_GOLDEN
G-RPT-0201,report,report.section.CH5-PE-055,ENT-LINE-ACL,APPROVED_REPORT_DRAWING_GOLDEN,,,reportSpecification,report_item,RPT-00201,,CONFIRMED,MAPPED,promotion APPROVED_REPORT_DRAWING_GOLDEN
G-RPT-0202,report,report.section.CH5-PE-056,ENT-LINE-ACL,APPROVED_REPORT_DRAWING_GOLDEN,,,reportSpecification,report_item,RPT-00202,,CONFIRMED,MAPPED,promotion APPROVED_REPORT_DRAWING_GOLDEN
G-RPT-0203,report,report.section.CH5-PE-057,ENT-LINE-ACL,APPROVED_REPORT_DRAWING_GOLDEN,,,reportSpecification,report_item,RPT-00203,,CONFIRMED,MAPPED,promotion APPROVED_REPORT_DRAWING_GOLDEN
G-RPT-0204,report,report.section.CH5-PE-058,ENT-LINE-ACL,APPROVED_REPORT_DRAWING_GOLDEN,,,reportSpecification,report_item,RPT-00204,,CONFIRMED,MAPPED,promotion APPROVED_REPORT_DRAWING_GOLDEN
G-RPT-0205,report,report.section.CH5-PE-059,ENT-LINE-ACL,APPROVED_REPORT_DRAWING_GOLDEN,,,reportSpecification,report_item,RPT-00205,,CONFIRMED,MAPPED,promotion APPROVED_REPORT_DRAWING_GOLDEN
G-RPT-0206,report,report.section.CH5-PE-060,ENT-LINE-ACL,APPROVED_REPORT_DRAWING_GOLDEN,,,reportSpecification,report_item,RPT-00206,,CONFIRMED,MAPPED,promotion APPROVED_REPORT_DRAWING_GOLDEN
G-RPT-0207,report,report.section.CH5-PE-061,ENT-LINE-ACL,APPROVED_REPORT_DRAWING_GOLDEN,,,reportSpecification,report_item,RPT-00207,,CONFIRMED,MAPPED,promotion APPROVED_REPORT_DRAWING_GOLDEN
G-RPT-0208,report,report.section.CH5-PE-062,ENT-LINE-ACL,APPROVED_REPORT_DRAWING_GOLDEN,,,reportSpecification,report_item,RPT-00208,,CONFIRMED,MAPPED,promotion APPROVED_REPORT_DRAWING_GOLDEN
G-RPT-0209,report,report.section.CH5-PE-063,ENT-LINE-ACL,APPROVED_REPORT_DRAWING_GOLDEN,,,reportSpecification,report_item,RPT-00209,,CONFIRMED,MAPPED,promotion APPROVED_REPORT_DRAWING_GOLDEN
G-RPT-0210,report,report.section.CH5-PE-064,ENT-LINE-ACL,APPROVED_REPORT_DRAWING_GOLDEN,,,reportSpecification,report_item,RPT-00210,,CONFIRMED,MAPPED,promotion APPROVED_REPORT_DRAWING_GOLDEN
G-RPT-0211,report,report.section.CH5-PE-065,ENT-LINE-ACL,APPROVED_REPORT_DRAWING_GOLDEN,,,reportSpecification,report_item,RPT-00211,,CONFIRMED,MAPPED,promotion APPROVED_REPORT_DRAWING_GOLDEN
G-RPT-0212,report,report.section.CH5-PE-066,ENT-LINE-ACL,APPROVED_REPORT_DRAWING_GOLDEN,,,reportSpecification,report_item,RPT-00212,,CONFIRMED,MAPPED,promotion APPROVED_REPORT_DRAWING_GOLDEN
G-RPT-0213,report,report.section.CH5-PE-067,ENT-LINE-ACL,APPROVED_REPORT_DRAWING_GOLDEN,,,reportSpecification,report_item,RPT-00213,,CONFIRMED,MAPPED,promotion APPROVED_REPORT_DRAWING_GOLDEN
G-RPT-0214,report,report.section.CH5-PE-068,ENT-LINE-ACL,APPROVED_REPORT_DRAWING_GOLDEN,,,reportSpecification,report_item,RPT-00214,,CONFIRMED,MAPPED,promotion APPROVED_REPORT_DRAWING_GOLDEN
G-RPT-0215,report,report.section.CH5-PE-069,ENT-LINE-ACL,APPROVED_REPORT_DRAWING_GOLDEN,,,reportSpecification,report_item,RPT-00215,,CONFIRMED,MAPPED,promotion APPROVED_REPORT_DRAWING_GOLDEN
G-RPT-0216,report,report.section.CH5-PE-070,ENT-LINE-ACL,APPROVED_REPORT_DRAWING_GOLDEN,,,reportSpecification,report_item,RPT-00216,,CONFIRMED,MAPPED,promotion APPROVED_REPORT_DRAWING_GOLDEN
G-RPT-0217,report,report.section.CH5-PE-071,ENT-LINE-ACL,APPROVED_REPORT_DRAWING_GOLDEN,,,reportSpecification,report_item,RPT-00217,,CONFIRMED,MAPPED,promotion APPROVED_REPORT_DRAWING_GOLDEN
G-RPT-0218,report,report.section.CH5-PE-072,ENT-LINE-ACL,APPROVED_REPORT_DRAWING_GOLDEN,,,reportSpecification,report_item,RPT-00218,,CONFIRMED,MAPPED,promotion APPROVED_REPORT_DRAWING_GOLDEN
G-RPT-0219,report,report.section.CH5-PE-073,ENT-LINE-ACL,APPROVED_REPORT_DRAWING_GOLDEN,,,reportSpecification,report_item,RPT-00219,,CONFIRMED,MAPPED,promotion APPROVED_REPORT_DRAWING_GOLDEN
G-RPT-0220,report,report.section.CH5-PE-074,ENT-LINE-ACL,APPROVED_REPORT_DRAWING_GOLDEN,,,reportSpecification,report_item,RPT-00220,,CONFIRMED,MAPPED,promotion APPROVED_REPORT_DRAWING_GOLDEN
G-RPT-0221,report,report.section.CH5-PE-075,ENT-LINE-ACL,APPROVED_REPORT_DRAWING_GOLDEN,,,reportSpecification,report_item,RPT-00221,,CONFIRMED,MAPPED,promotion APPROVED_REPORT_DRAWING_GOLDEN
G-RPT-0222,report,report.section.CH5-PE-076,ENT-LINE-ACL,APPROVED_REPORT_DRAWING_GOLDEN,,,reportSpecification,report_item,RPT-00222,,CONFIRMED,MAPPED,promotion APPROVED_REPORT_DRAWING_GOLDEN
G-RPT-0223,report,report.section.CH5-PE-077,ENT-LINE-ACL,APPROVED_REPORT_DRAWING_GOLDEN,,,reportSpecification,report_item,RPT-00223,,CONFIRMED,MAPPED,promotion APPROVED_REPORT_DRAWING_GOLDEN
G-RPT-0224,report,report.section.CH5-PE-078,ENT-LINE-ACL,APPROVED_REPORT_DRAWING_GOLDEN,,,reportSpecification,report_item,RPT-00224,,CONFIRMED,MAPPED,promotion APPROVED_REPORT_DRAWING_GOLDEN
G-RPT-0225,report,report.section.CH5-PE-079,ENT-LINE-ACL,APPROVED_REPORT_DRAWING_GOLDEN,,,reportSpecification,report_item,RPT-00225,,CONFIRMED,MAPPED,promotion APPROVED_REPORT_DRAWING_GOLDEN
G-RPT-0226,report,report.section.CH5-PE-080,ENT-LINE-ACL,APPROVED_REPORT_DRAWING_GOLDEN,,,reportSpecification,report_item,RPT-00226,,CONFIRMED,MAPPED,promotion APPROVED_REPORT_DRAWING_GOLDEN
G-RPT-0227,report,report.section.CH5-PE-081,ENT-LINE-ACL,APPROVED_REPORT_DRAWING_GOLDEN,,,reportSpecification,report_item,RPT-00227,,CONFIRMED,MAPPED,promotion APPROVED_REPORT_DRAWING_GOLDEN
G-RPT-0228,report,report.section.CH5-PE-082,ENT-LINE-ACL,APPROVED_REPORT_DRAWING_GOLDEN,,,reportSpecification,report_item,RPT-00228,,CONFIRMED,MAPPED,promotion APPROVED_REPORT_DRAWING_GOLDEN
G-RPT-0229,report,report.section.CH5-PE-083,ENT-LINE-ACL,APPROVED_REPORT_DRAWING_GOLDEN,,,reportSpecification,report_item,RPT-00229,,CONFIRMED,MAPPED,promotion APPROVED_REPORT_DRAWING_GOLDEN
G-RPT-0230,report,report.section.CH5-PE-084,ENT-LINE-ACL,APPROVED_REPORT_DRAWING_GOLDEN,,,reportSpecification,report_item,RPT-00230,,CONFIRMED,MAPPED,promotion APPROVED_REPORT_DRAWING_GOLDEN
G-RPT-0231,report,report.section.CH5-PE-085,ENT-LINE-ACL,APPROVED_REPORT_DRAWING_GOLDEN,,,reportSpecification,report_item,RPT-00231,,CONFIRMED,MAPPED,promotion APPROVED_REPORT_DRAWING_GOLDEN
G-RPT-0232,report,report.section.CH5-PE-086,ENT-LINE-ACL,APPROVED_REPORT_DRAWING_GOLDEN,,,reportSpecification,report_item,RPT-00232,,CONFIRMED,MAPPED,promotion APPROVED_REPORT_DRAWING_GOLDEN
G-RPT-0233,report,report.section.CH5-PE-087,ENT-LINE-ACL,APPROVED_REPORT_DRAWING_GOLDEN,,,reportSpecification,report_item,RPT-00233,,CONFIRMED,MAPPED,promotion APPROVED_REPORT_DRAWING_GOLDEN
G-RPT-0234,report,report.section.CH5-PE-088,ENT-LINE-ACL,APPROVED_REPORT_DRAWING_GOLDEN,,,reportSpecification,report_item,RPT-00234,,CONFIRMED,MAPPED,promotion APPROVED_REPORT_DRAWING_GOLDEN
G-RPT-0235,report,report.section.CH5-PE-089,ENT-LINE-ACL,APPROVED_REPORT_DRAWING_GOLDEN,,,reportSpecification,report_item,RPT-00235,,CONFIRMED,MAPPED,promotion APPROVED_REPORT_DRAWING_GOLDEN
G-RPT-0236,report,report.section.CH5-PE-090,ENT-LINE-ACL,APPROVED_REPORT_DRAWING_GOLDEN,,,reportSpecification,report_item,RPT-00236,,CONFIRMED,MAPPED,promotion APPROVED_REPORT_DRAWING_GOLDEN
G-RPT-0237,report,report.section.CH5-PE-091,ENT-LINE-ACL,APPROVED_REPORT_DRAWING_GOLDEN,,,reportSpecification,report_item,RPT-00237,,CONFIRMED,MAPPED,promotion APPROVED_REPORT_DRAWING_GOLDEN
G-RPT-0238,report,report.section.CH5-PE-092,ENT-LINE-ACL,APPROVED_REPORT_DRAWING_GOLDEN,,,reportSpecification,report_item,RPT-00238,,CONFIRMED,MAPPED,promotion APPROVED_REPORT_DRAWING_GOLDEN
G-RPT-0239,report,report.table.CH1-TBL-001,ENT-LINE-ACL,APPROVED_REPORT_DRAWING_GOLDEN,,,reportSpecification,report_item,RPT-00239,,CONFIRMED,MAPPED,promotion APPROVED_REPORT_DRAWING_GOLDEN
G-RPT-0240,report,report.table.CH1-TBL-002,ENT-LINE-ACL,APPROVED_REPORT_DRAWING_GOLDEN,,,reportSpecification,report_item,RPT-00240,,CONFIRMED,MAPPED,promotion APPROVED_REPORT_DRAWING_GOLDEN
G-RPT-0241,report,report.table.CH1-TBL-003,ENT-LINE-ACL,APPROVED_REPORT_DRAWING_GOLDEN,,,reportSpecification,report_item,RPT-00241,,CONFIRMED,MAPPED,promotion APPROVED_REPORT_DRAWING_GOLDEN
G-RPT-0242,report,report.table.CH1-TBL-004,ENT-LINE-ACL,APPROVED_REPORT_DRAWING_GOLDEN,,,reportSpecification,report_item,RPT-00242,,CONFIRMED,MAPPED,promotion APPROVED_REPORT_DRAWING_GOLDEN
G-RPT-0243,report,report.table.CH1-TBL-005,ENT-LINE-ACL,APPROVED_REPORT_DRAWING_GOLDEN,,,reportSpecification,report_item,RPT-00243,,CONFIRMED,MAPPED,promotion APPROVED_REPORT_DRAWING_GOLDEN
G-RPT-0244,report,report.table.CH1-TBL-006,ENT-LINE-ACL,APPROVED_REPORT_DRAWING_GOLDEN,,,reportSpecification,report_item,RPT-00244,,CONFIRMED,MAPPED,promotion APPROVED_REPORT_DRAWING_GOLDEN
G-RPT-0245,report,report.table.CH1-TBL-007,ENT-LINE-ACL,APPROVED_REPORT_DRAWING_GOLDEN,,,reportSpecification,report_item,RPT-00245,,CONFIRMED,MAPPED,promotion APPROVED_REPORT_DRAWING_GOLDEN
G-RPT-0246,report,report.table.CH1-TBL-008,ENT-LINE-ACL,APPROVED_REPORT_DRAWING_GOLDEN,,,reportSpecification,report_item,RPT-00246,,CONFIRMED,MAPPED,promotion APPROVED_REPORT_DRAWING_GOLDEN
G-RPT-0247,report,report.table.CH1-TBL-009,ENT-LINE-ACL,APPROVED_REPORT_DRAWING_GOLDEN,,,reportSpecification,report_item,RPT-00247,,CONFIRMED,MAPPED,promotion APPROVED_REPORT_DRAWING_GOLDEN
G-RPT-0248,report,report.table.CH1-TBL-010,ENT-LINE-ACL,APPROVED_REPORT_DRAWING_GOLDEN,,,reportSpecification,report_item,RPT-00248,,CONFIRMED,MAPPED,promotion APPROVED_REPORT_DRAWING_GOLDEN
G-RPT-0249,report,report.table.CH1-TBL-011,ENT-LINE-ACL,APPROVED_REPORT_DRAWING_GOLDEN,,,reportSpecification,report_item,RPT-00249,,CONFIRMED,MAPPED,promotion APPROVED_REPORT_DRAWING_GOLDEN
G-RPT-0250,report,report.table.CH1-TBL-012,ENT-LINE-ACL,APPROVED_REPORT_DRAWING_GOLDEN,,,reportSpecification,report_item,RPT-00250,,CONFIRMED,MAPPED,promotion APPROVED_REPORT_DRAWING_GOLDEN
G-RPT-0251,report,report.table.CH1-TBL-013,ENT-LINE-ACL,APPROVED_REPORT_DRAWING_GOLDEN,,,reportSpecification,report_item,RPT-00251,,CONFIRMED,MAPPED,promotion APPROVED_REPORT_DRAWING_GOLDEN
G-RPT-0252,report,report.table.CH1-TBL-014,ENT-LINE-ACL,APPROVED_REPORT_DRAWING_GOLDEN,,,reportSpecification,report_item,RPT-00252,,CONFIRMED,MAPPED,promotion APPROVED_REPORT_DRAWING_GOLDEN
G-RPT-0253,report,report.table.CH1-TBL-015,ENT-LINE-ACL,APPROVED_REPORT_DRAWING_GOLDEN,,,reportSpecification,report_item,RPT-00253,,CONFIRMED,MAPPED,promotion APPROVED_REPORT_DRAWING_GOLDEN
G-RPT-0254,report,report.table.CH1-TBL-016,ENT-LINE-ACL,APPROVED_REPORT_DRAWING_GOLDEN,,,reportSpecification,report_item,RPT-00254,,CONFIRMED,MAPPED,promotion APPROVED_REPORT_DRAWING_GOLDEN
G-RPT-0255,report,report.table.CH1-TBL-017,ENT-LINE-ACL,APPROVED_REPORT_DRAWING_GOLDEN,,,reportSpecification,report_item,RPT-00255,,CONFIRMED,MAPPED,promotion APPROVED_REPORT_DRAWING_GOLDEN
G-RPT-0256,report,report.table.CH1-TBL-018,ENT-LINE-ACL,APPROVED_REPORT_DRAWING_GOLDEN,,,reportSpecification,report_item,RPT-00256,,CONFIRMED,MAPPED,promotion APPROVED_REPORT_DRAWING_GOLDEN
G-RPT-0257,report,report.table.CH1-TBL-019,ENT-LINE-ACL,APPROVED_REPORT_DRAWING_GOLDEN,,,reportSpecification,report_item,RPT-00257,,CONFIRMED,MAPPED,promotion APPROVED_REPORT_DRAWING_GOLDEN
G-RPT-0258,report,report.table.CH1-TBL-020,ENT-LINE-ACL,APPROVED_REPORT_DRAWING_GOLDEN,,,reportSpecification,report_item,RPT-00258,,CONFIRMED,MAPPED,promotion APPROVED_REPORT_DRAWING_GOLDEN
G-RPT-0259,report,report.table.CH1-TBL-021,ENT-LINE-ACL,APPROVED_REPORT_DRAWING_GOLDEN,,,reportSpecification,report_item,RPT-00259,,CONFIRMED,MAPPED,promotion APPROVED_REPORT_DRAWING_GOLDEN
G-RPT-0260,report,report.table.CH1-TBL-022,ENT-LINE-ACL,APPROVED_REPORT_DRAWING_GOLDEN,,,reportSpecification,report_item,RPT-00260,,CONFIRMED,MAPPED,promotion APPROVED_REPORT_DRAWING_GOLDEN
G-RPT-0261,report,report.table.CH1-TBL-023,ENT-LINE-ACL,APPROVED_REPORT_DRAWING_GOLDEN,,,reportSpecification,report_item,RPT-00261,,CONFIRMED,MAPPED,promotion APPROVED_REPORT_DRAWING_GOLDEN
G-RPT-0262,report,report.table.CH1-TBL-024,ENT-LINE-ACL,APPROVED_REPORT_DRAWING_GOLDEN,,,reportSpecification,report_item,RPT-00262,,CONFIRMED,MAPPED,promotion APPROVED_REPORT_DRAWING_GOLDEN
G-RPT-0263,report,report.table.CH1-TBL-025,ENT-LINE-ACL,APPROVED_REPORT_DRAWING_GOLDEN,,,reportSpecification,report_item,RPT-00263,,CONFIRMED,MAPPED,promotion APPROVED_REPORT_DRAWING_GOLDEN
G-RPT-0264,report,report.table.CH1-TBL-026,ENT-LINE-ACL,APPROVED_REPORT_DRAWING_GOLDEN,,,reportSpecification,report_item,RPT-00264,,CONFIRMED,MAPPED,promotion APPROVED_REPORT_DRAWING_GOLDEN
G-RPT-0265,report,report.table.CH1-TBL-027,ENT-LINE-ACL,APPROVED_REPORT_DRAWING_GOLDEN,,,reportSpecification,report_item,RPT-00265,,CONFIRMED,MAPPED,promotion APPROVED_REPORT_DRAWING_GOLDEN
G-RPT-0266,report,report.table.CH1-TBL-028,ENT-LINE-ACL,APPROVED_REPORT_DRAWING_GOLDEN,,,reportSpecification,report_item,RPT-00266,,CONFIRMED,MAPPED,promotion APPROVED_REPORT_DRAWING_GOLDEN
G-RPT-0267,report,report.table.CH1-TBL-029,ENT-LINE-ACL,APPROVED_REPORT_DRAWING_GOLDEN,,,reportSpecification,report_item,RPT-00267,,CONFIRMED,MAPPED,promotion APPROVED_REPORT_DRAWING_GOLDEN
G-RPT-0268,report,report.table.CH1-TBL-030,ENT-LINE-ACL,APPROVED_REPORT_DRAWING_GOLDEN,,,reportSpecification,report_item,RPT-00268,,CONFIRMED,MAPPED,promotion APPROVED_REPORT_DRAWING_GOLDEN
G-RPT-0269,report,report.table.CH1-TBL-031,ENT-LINE-ACL,APPROVED_REPORT_DRAWING_GOLDEN,,,reportSpecification,report_item,RPT-00269,,CONFIRMED,MAPPED,promotion APPROVED_REPORT_DRAWING_GOLDEN
G-RPT-0270,report,report.table.CH1-TBL-032,ENT-LINE-ACL,APPROVED_REPORT_DRAWING_GOLDEN,,,reportSpecification,report_item,RPT-00270,,CONFIRMED,MAPPED,promotion APPROVED_REPORT_DRAWING_GOLDEN
G-RPT-0271,report,report.table.CH1-TBL-033,ENT-LINE-ACL,APPROVED_REPORT_DRAWING_GOLDEN,,,reportSpecification,report_item,RPT-00271,,CONFIRMED,MAPPED,promotion APPROVED_REPORT_DRAWING_GOLDEN
G-RPT-0272,report,report.table.CH1-TBL-034,ENT-LINE-ACL,APPROVED_REPORT_DRAWING_GOLDEN,,,reportSpecification,report_item,RPT-00272,,CONFIRMED,MAPPED,promotion APPROVED_REPORT_DRAWING_GOLDEN
G-RPT-0273,report,report.table.CH1-TBL-035,ENT-LINE-ACL,APPROVED_REPORT_DRAWING_GOLDEN,,,reportSpecification,report_item,RPT-00273,,CONFIRMED,MAPPED,promotion APPROVED_REPORT_DRAWING_GOLDEN
G-RPT-0274,report,report.table.CH1-TBL-036,ENT-LINE-ACL,APPROVED_REPORT_DRAWING_GOLDEN,,,reportSpecification,report_item,RPT-00274,,CONFIRMED,MAPPED,promotion APPROVED_REPORT_DRAWING_GOLDEN
G-RPT-0275,report,report.table.CH1-TBL-037,ENT-LINE-ACL,APPROVED_REPORT_DRAWING_GOLDEN,,,reportSpecification,report_item,RPT-00275,,CONFIRMED,MAPPED,promotion APPROVED_REPORT_DRAWING_GOLDEN
G-RPT-0276,report,report.table.CH1-TBL-038,ENT-LINE-ACL,APPROVED_REPORT_DRAWING_GOLDEN,,,reportSpecification,report_item,RPT-00276,,CONFIRMED,MAPPED,promotion APPROVED_REPORT_DRAWING_GOLDEN
G-RPT-0277,report,report.table.CH1-TBL-039,ENT-LINE-ACL,APPROVED_REPORT_DRAWING_GOLDEN,,,reportSpecification,report_item,RPT-00277,,CONFIRMED,MAPPED,promotion APPROVED_REPORT_DRAWING_GOLDEN
G-RPT-0278,report,report.table.CH1-TBL-040,ENT-LINE-ACL,APPROVED_REPORT_DRAWING_GOLDEN,,,reportSpecification,report_item,RPT-00278,,CONFIRMED,MAPPED,promotion APPROVED_REPORT_DRAWING_GOLDEN
G-RPT-0279,report,report.table.CH1-TBL-041,ENT-LINE-ACL,APPROVED_REPORT_DRAWING_GOLDEN,,,reportSpecification,report_item,RPT-00279,,CONFIRMED,MAPPED,promotion APPROVED_REPORT_DRAWING_GOLDEN
G-RPT-0280,report,report.table.CH1-TBL-042,ENT-LINE-ACL,APPROVED_REPORT_DRAWING_GOLDEN,,,reportSpecification,report_item,RPT-00280,,CONFIRMED,MAPPED,promotion APPROVED_REPORT_DRAWING_GOLDEN
G-RPT-0281,report,report.table.CH1-TBL-043,ENT-LINE-ACL,APPROVED_REPORT_DRAWING_GOLDEN,,,reportSpecification,report_item,RPT-00281,,CONFIRMED,MAPPED,promotion APPROVED_REPORT_DRAWING_GOLDEN
G-RPT-0282,report,report.table.CH1-TBL-044,ENT-LINE-ACL,APPROVED_REPORT_DRAWING_GOLDEN,,,reportSpecification,report_item,RPT-00282,,CONFIRMED,MAPPED,promotion APPROVED_REPORT_DRAWING_GOLDEN
G-RPT-0283,report,report.table.CH1-TBL-045,ENT-LINE-ACL,APPROVED_REPORT_DRAWING_GOLDEN,,,reportSpecification,report_item,RPT-00283,,CONFIRMED,MAPPED,promotion APPROVED_REPORT_DRAWING_GOLDEN
G-RPT-0284,report,report.table.CH1-TBL-046,ENT-LINE-ACL,APPROVED_REPORT_DRAWING_GOLDEN,,,reportSpecification,report_item,RPT-00284,,CONFIRMED,MAPPED,promotion APPROVED_REPORT_DRAWING_GOLDEN
G-RPT-0285,report,report.table.CH1-TBL-047,ENT-LINE-ACL,APPROVED_REPORT_DRAWING_GOLDEN,,,reportSpecification,report_item,RPT-00285,,CONFIRMED,MAPPED,promotion APPROVED_REPORT_DRAWING_GOLDEN
G-RPT-0286,report,report.table.CH1-TBL-048,ENT-LINE-ACL,APPROVED_REPORT_DRAWING_GOLDEN,,,reportSpecification,report_item,RPT-00286,,CONFIRMED,MAPPED,promotion APPROVED_REPORT_DRAWING_GOLDEN
G-RPT-0287,report,report.table.CH1-TBL-049,ENT-LINE-ACL,APPROVED_REPORT_DRAWING_GOLDEN,,,reportSpecification,report_item,RPT-00287,,CONFIRMED,MAPPED,promotion APPROVED_REPORT_DRAWING_GOLDEN
G-RPT-0288,report,report.table.CH1-TBL-050,ENT-LINE-ACL,APPROVED_REPORT_DRAWING_GOLDEN,,,reportSpecification,report_item,RPT-00288,,CONFIRMED,MAPPED,promotion APPROVED_REPORT_DRAWING_GOLDEN
G-RPT-0289,report,report.table.CH1-TBL-051,ENT-LINE-ACL,APPROVED_REPORT_DRAWING_GOLDEN,,,reportSpecification,report_item,RPT-00289,,CONFIRMED,MAPPED,promotion APPROVED_REPORT_DRAWING_GOLDEN
G-RPT-0290,report,report.table.CH1-TBL-052,ENT-LINE-ACL,APPROVED_REPORT_DRAWING_GOLDEN,,,reportSpecification,report_item,RPT-00290,,CONFIRMED,MAPPED,promotion APPROVED_REPORT_DRAWING_GOLDEN
G-RPT-0291,report,report.table.CH1-TBL-053,ENT-LINE-ACL,APPROVED_REPORT_DRAWING_GOLDEN,,,reportSpecification,report_item,RPT-00291,,CONFIRMED,MAPPED,promotion APPROVED_REPORT_DRAWING_GOLDEN
G-RPT-0292,report,report.table.CH1-TBL-054,ENT-LINE-ACL,APPROVED_REPORT_DRAWING_GOLDEN,,,reportSpecification,report_item,RPT-00292,,CONFIRMED,MAPPED,promotion APPROVED_REPORT_DRAWING_GOLDEN
G-RPT-0293,report,report.table.CH1-TBL-055,ENT-LINE-ACL,APPROVED_REPORT_DRAWING_GOLDEN,,,reportSpecification,report_item,RPT-00293,,CONFIRMED,MAPPED,promotion APPROVED_REPORT_DRAWING_GOLDEN
G-RPT-0294,report,report.table.CH1-TBL-056,ENT-LINE-ACL,APPROVED_REPORT_DRAWING_GOLDEN,,,reportSpecification,report_item,RPT-00294,,CONFIRMED,MAPPED,promotion APPROVED_REPORT_DRAWING_GOLDEN
G-RPT-0295,report,report.table.CH1-TBL-057,ENT-LINE-ACL,APPROVED_REPORT_DRAWING_GOLDEN,,,reportSpecification,report_item,RPT-00295,,CONFIRMED,MAPPED,promotion APPROVED_REPORT_DRAWING_GOLDEN
G-RPT-0296,report,report.table.CH1-TBL-058,ENT-LINE-ACL,APPROVED_REPORT_DRAWING_GOLDEN,,,reportSpecification,report_item,RPT-00296,,CONFIRMED,MAPPED,promotion APPROVED_REPORT_DRAWING_GOLDEN
G-RPT-0297,report,report.table.CH1-TBL-059,ENT-LINE-ACL,APPROVED_REPORT_DRAWING_GOLDEN,,,reportSpecification,report_item,RPT-00297,,CONFIRMED,MAPPED,promotion APPROVED_REPORT_DRAWING_GOLDEN
G-RPT-0298,report,report.table.CH1-TBL-060,ENT-LINE-ACL,APPROVED_REPORT_DRAWING_GOLDEN,,,reportSpecification,report_item,RPT-00298,,CONFIRMED,MAPPED,promotion APPROVED_REPORT_DRAWING_GOLDEN
G-RPT-0299,report,report.table.CH1-TBL-061,ENT-LINE-ACL,APPROVED_REPORT_DRAWING_GOLDEN,,,reportSpecification,report_item,RPT-00299,,CONFIRMED,MAPPED,promotion APPROVED_REPORT_DRAWING_GOLDEN
G-RPT-0300,report,report.table.CH1-TBL-062,ENT-LINE-ACL,APPROVED_REPORT_DRAWING_GOLDEN,,,reportSpecification,report_item,RPT-00300,,CONFIRMED,MAPPED,promotion APPROVED_REPORT_DRAWING_GOLDEN
G-RPT-0301,report,report.table.CH1-TBL-063,ENT-LINE-ACL,APPROVED_REPORT_DRAWING_GOLDEN,,,reportSpecification,report_item,RPT-00301,,CONFIRMED,MAPPED,promotion APPROVED_REPORT_DRAWING_GOLDEN
G-RPT-0302,report,report.table.CH1-TBL-064,ENT-LINE-ACL,APPROVED_REPORT_DRAWING_GOLDEN,,,reportSpecification,report_item,RPT-00302,,CONFIRMED,MAPPED,promotion APPROVED_REPORT_DRAWING_GOLDEN
G-RPT-0303,report,report.table.CH1-TBL-065,ENT-LINE-ACL,APPROVED_REPORT_DRAWING_GOLDEN,,,reportSpecification,report_item,RPT-00303,,CONFIRMED,MAPPED,promotion APPROVED_REPORT_DRAWING_GOLDEN
G-RPT-0304,report,report.table.CH1-TBL-066,ENT-LINE-ACL,APPROVED_REPORT_DRAWING_GOLDEN,,,reportSpecification,report_item,RPT-00304,,CONFIRMED,MAPPED,promotion APPROVED_REPORT_DRAWING_GOLDEN
G-RPT-0305,report,report.table.CH1-TBL-067,ENT-LINE-ACL,APPROVED_REPORT_DRAWING_GOLDEN,,,reportSpecification,report_item,RPT-00305,,CONFIRMED,MAPPED,promotion APPROVED_REPORT_DRAWING_GOLDEN
G-RPT-0306,report,report.table.CH1-TBL-068,ENT-LINE-ACL,APPROVED_REPORT_DRAWING_GOLDEN,,,reportSpecification,report_item,RPT-00306,,CONFIRMED,MAPPED,promotion APPROVED_REPORT_DRAWING_GOLDEN
G-RPT-0307,report,report.table.CH1-TBL-069,ENT-LINE-ACL,APPROVED_REPORT_DRAWING_GOLDEN,,,reportSpecification,report_item,RPT-00307,,CONFIRMED,MAPPED,promotion APPROVED_REPORT_DRAWING_GOLDEN
G-RPT-0308,report,report.table.CH1-TBL-070,ENT-LINE-ACL,APPROVED_REPORT_DRAWING_GOLDEN,,,reportSpecification,report_item,RPT-00308,,CONFIRMED,MAPPED,promotion APPROVED_REPORT_DRAWING_GOLDEN
G-RPT-0309,report,report.table.CH1-TBL-071,ENT-LINE-ACL,APPROVED_REPORT_DRAWING_GOLDEN,,,reportSpecification,report_item,RPT-00309,,CONFIRMED,MAPPED,promotion APPROVED_REPORT_DRAWING_GOLDEN
G-RPT-0310,report,report.table.CH1-TBL-072,ENT-LINE-ACL,APPROVED_REPORT_DRAWING_GOLDEN,,,reportSpecification,report_item,RPT-00310,,CONFIRMED,MAPPED,promotion APPROVED_REPORT_DRAWING_GOLDEN
G-RPT-0311,report,report.table.CH1-TBL-073,ENT-LINE-ACL,APPROVED_REPORT_DRAWING_GOLDEN,,,reportSpecification,report_item,RPT-00311,,CONFIRMED,MAPPED,promotion APPROVED_REPORT_DRAWING_GOLDEN
G-RPT-0312,report,report.table.CH1-TBL-074,ENT-LINE-ACL,APPROVED_REPORT_DRAWING_GOLDEN,,,reportSpecification,report_item,RPT-00312,,CONFIRMED,MAPPED,promotion APPROVED_REPORT_DRAWING_GOLDEN
G-RPT-0313,report,report.table.CH1-TBL-075,ENT-LINE-ACL,APPROVED_REPORT_DRAWING_GOLDEN,,,reportSpecification,report_item,RPT-00313,,CONFIRMED,MAPPED,promotion APPROVED_REPORT_DRAWING_GOLDEN
G-RPT-0314,report,report.table.CH1-TBL-076,ENT-LINE-ACL,APPROVED_REPORT_DRAWING_GOLDEN,,,reportSpecification,report_item,RPT-00314,,CONFIRMED,MAPPED,promotion APPROVED_REPORT_DRAWING_GOLDEN
G-RPT-0315,report,report.table.CH1-TBL-077,ENT-LINE-ACL,APPROVED_REPORT_DRAWING_GOLDEN,,,reportSpecification,report_item,RPT-00315,,CONFIRMED,MAPPED,promotion APPROVED_REPORT_DRAWING_GOLDEN
G-RPT-0316,report,report.table.CH1-TBL-078,ENT-LINE-ACL,APPROVED_REPORT_DRAWING_GOLDEN,,,reportSpecification,report_item,RPT-00316,,CONFIRMED,MAPPED,promotion APPROVED_REPORT_DRAWING_GOLDEN
G-RPT-0317,report,report.table.CH1-TBL-079,ENT-LINE-ACL,APPROVED_REPORT_DRAWING_GOLDEN,,,reportSpecification,report_item,RPT-00317,,CONFIRMED,MAPPED,promotion APPROVED_REPORT_DRAWING_GOLDEN
G-RPT-0318,report,report.table.CH1-TBL-080,ENT-LINE-ACL,APPROVED_REPORT_DRAWING_GOLDEN,,,reportSpecification,report_item,RPT-00318,,CONFIRMED,MAPPED,promotion APPROVED_REPORT_DRAWING_GOLDEN
G-RPT-0319,report,report.table.CH1-TBL-081,ENT-LINE-ACL,APPROVED_REPORT_DRAWING_GOLDEN,,,reportSpecification,report_item,RPT-00319,,CONFIRMED,MAPPED,promotion APPROVED_REPORT_DRAWING_GOLDEN
G-RPT-0320,report,report.table.CH1-TBL-082,ENT-LINE-ACL,APPROVED_REPORT_DRAWING_GOLDEN,,,reportSpecification,report_item,RPT-00320,,CONFIRMED,MAPPED,promotion APPROVED_REPORT_DRAWING_GOLDEN
G-RPT-0321,report,report.table.CH1-TBL-083,ENT-LINE-ACL,APPROVED_REPORT_DRAWING_GOLDEN,,,reportSpecification,report_item,RPT-00321,,CONFIRMED,MAPPED,promotion APPROVED_REPORT_DRAWING_GOLDEN
G-RPT-0322,report,report.table.CH2-TBL-001,ENT-LINE-ACL,APPROVED_REPORT_DRAWING_GOLDEN,,,reportSpecification,report_item,RPT-00322,,CONFIRMED,MAPPED,promotion APPROVED_REPORT_DRAWING_GOLDEN
G-RPT-0323,report,report.table.CH2-TBL-002,ENT-LINE-ACL,APPROVED_REPORT_DRAWING_GOLDEN,,,reportSpecification,report_item,RPT-00323,,CONFIRMED,MAPPED,promotion APPROVED_REPORT_DRAWING_GOLDEN
G-RPT-0324,report,report.table.CH2-TBL-003,ENT-LINE-ACL,APPROVED_REPORT_DRAWING_GOLDEN,,,reportSpecification,report_item,RPT-00324,,CONFIRMED,MAPPED,promotion APPROVED_REPORT_DRAWING_GOLDEN
G-RPT-0325,report,report.table.CH2-TBL-004,ENT-LINE-ACL,APPROVED_REPORT_DRAWING_GOLDEN,,,reportSpecification,report_item,RPT-00325,,CONFIRMED,MAPPED,promotion APPROVED_REPORT_DRAWING_GOLDEN
G-RPT-0326,report,report.table.CH2-TBL-005,ENT-LINE-ACL,APPROVED_REPORT_DRAWING_GOLDEN,,,reportSpecification,report_item,RPT-00326,,CONFIRMED,MAPPED,promotion APPROVED_REPORT_DRAWING_GOLDEN
G-RPT-0327,report,report.table.CH2-TBL-006,ENT-LINE-ACL,APPROVED_REPORT_DRAWING_GOLDEN,,,reportSpecification,report_item,RPT-00327,,CONFIRMED,MAPPED,promotion APPROVED_REPORT_DRAWING_GOLDEN
G-RPT-0328,report,report.table.CH2-TBL-007,ENT-LINE-ACL,APPROVED_REPORT_DRAWING_GOLDEN,,,reportSpecification,report_item,RPT-00328,,CONFIRMED,MAPPED,promotion APPROVED_REPORT_DRAWING_GOLDEN
G-RPT-0329,report,report.table.CH2-TBL-008,ENT-LINE-ACL,APPROVED_REPORT_DRAWING_GOLDEN,,,reportSpecification,report_item,RPT-00329,,CONFIRMED,MAPPED,promotion APPROVED_REPORT_DRAWING_GOLDEN
G-RPT-0330,report,report.table.CH2-TBL-009,ENT-LINE-ACL,APPROVED_REPORT_DRAWING_GOLDEN,,,reportSpecification,report_item,RPT-00330,,CONFIRMED,MAPPED,promotion APPROVED_REPORT_DRAWING_GOLDEN
G-RPT-0331,report,report.table.CH2-TBL-010,ENT-LINE-ACL,APPROVED_REPORT_DRAWING_GOLDEN,,,reportSpecification,report_item,RPT-00331,,CONFIRMED,MAPPED,promotion APPROVED_REPORT_DRAWING_GOLDEN
G-RPT-0332,report,report.table.CH2-TBL-011,ENT-LINE-ACL,APPROVED_REPORT_DRAWING_GOLDEN,,,reportSpecification,report_item,RPT-00332,,CONFIRMED,MAPPED,promotion APPROVED_REPORT_DRAWING_GOLDEN
G-RPT-0333,report,report.table.CH2-TBL-012,ENT-LINE-ACL,APPROVED_REPORT_DRAWING_GOLDEN,,,reportSpecification,report_item,RPT-00333,,CONFIRMED,MAPPED,promotion APPROVED_REPORT_DRAWING_GOLDEN
G-RPT-0334,report,report.table.CH2-TBL-013,ENT-LINE-ACL,APPROVED_REPORT_DRAWING_GOLDEN,,,reportSpecification,report_item,RPT-00334,,CONFIRMED,MAPPED,promotion APPROVED_REPORT_DRAWING_GOLDEN
G-RPT-0335,report,report.table.CH2-TBL-014,ENT-LINE-ACL,APPROVED_REPORT_DRAWING_GOLDEN,,,reportSpecification,report_item,RPT-00335,,CONFIRMED,MAPPED,promotion APPROVED_REPORT_DRAWING_GOLDEN
G-RPT-0336,report,report.table.CH2-TBL-015,ENT-LINE-ACL,APPROVED_REPORT_DRAWING_GOLDEN,,,reportSpecification,report_item,RPT-00336,,CONFIRMED,MAPPED,promotion APPROVED_REPORT_DRAWING_GOLDEN
G-RPT-0337,report,report.table.CH2-TBL-016,ENT-LINE-ACL,APPROVED_REPORT_DRAWING_GOLDEN,,,reportSpecification,report_item,RPT-00337,,CONFIRMED,MAPPED,promotion APPROVED_REPORT_DRAWING_GOLDEN
G-RPT-0338,report,report.table.CH2-TBL-017,ENT-LINE-ACL,APPROVED_REPORT_DRAWING_GOLDEN,,,reportSpecification,report_item,RPT-00338,,CONFIRMED,MAPPED,promotion APPROVED_REPORT_DRAWING_GOLDEN
G-RPT-0339,report,report.table.CH2-TBL-018,ENT-LINE-ACL,APPROVED_REPORT_DRAWING_GOLDEN,,,reportSpecification,report_item,RPT-00339,,CONFIRMED,MAPPED,promotion APPROVED_REPORT_DRAWING_GOLDEN
G-RPT-0340,report,report.table.CH2-TBL-019,ENT-LINE-ACL,APPROVED_REPORT_DRAWING_GOLDEN,,,reportSpecification,report_item,RPT-00340,,CONFIRMED,MAPPED,promotion APPROVED_REPORT_DRAWING_GOLDEN
G-RPT-0341,report,report.table.CH2-TBL-020,ENT-LINE-ACL,APPROVED_REPORT_DRAWING_GOLDEN,,,reportSpecification,report_item,RPT-00341,,CONFIRMED,MAPPED,promotion APPROVED_REPORT_DRAWING_GOLDEN
G-RPT-0342,report,report.table.CH2-TBL-021,ENT-LINE-ACL,APPROVED_REPORT_DRAWING_GOLDEN,,,reportSpecification,report_item,RPT-00342,,CONFIRMED,MAPPED,promotion APPROVED_REPORT_DRAWING_GOLDEN
G-RPT-0343,report,report.table.CH2-TBL-022,ENT-LINE-ACL,APPROVED_REPORT_DRAWING_GOLDEN,,,reportSpecification,report_item,RPT-00343,,CONFIRMED,MAPPED,promotion APPROVED_REPORT_DRAWING_GOLDEN
G-RPT-0344,report,report.table.CH2-TBL-023,ENT-LINE-ACL,APPROVED_REPORT_DRAWING_GOLDEN,,,reportSpecification,report_item,RPT-00344,,CONFIRMED,MAPPED,promotion APPROVED_REPORT_DRAWING_GOLDEN
G-RPT-0345,report,report.table.CH2-TBL-024,ENT-LINE-ACL,APPROVED_REPORT_DRAWING_GOLDEN,,,reportSpecification,report_item,RPT-00345,,CONFIRMED,MAPPED,promotion APPROVED_REPORT_DRAWING_GOLDEN
G-RPT-0346,report,report.table.CH2-TBL-025,ENT-LINE-ACL,APPROVED_REPORT_DRAWING_GOLDEN,,,reportSpecification,report_item,RPT-00346,,CONFIRMED,MAPPED,promotion APPROVED_REPORT_DRAWING_GOLDEN
G-RPT-0347,report,report.table.CH2-TBL-026,ENT-LINE-ACL,APPROVED_REPORT_DRAWING_GOLDEN,,,reportSpecification,report_item,RPT-00347,,CONFIRMED,MAPPED,promotion APPROVED_REPORT_DRAWING_GOLDEN
G-RPT-0348,report,report.table.CH2-TBL-027,ENT-LINE-ACL,APPROVED_REPORT_DRAWING_GOLDEN,,,reportSpecification,report_item,RPT-00348,,CONFIRMED,MAPPED,promotion APPROVED_REPORT_DRAWING_GOLDEN
G-RPT-0349,report,report.table.CH2-TBL-028,ENT-LINE-ACL,APPROVED_REPORT_DRAWING_GOLDEN,,,reportSpecification,report_item,RPT-00349,,CONFIRMED,MAPPED,promotion APPROVED_REPORT_DRAWING_GOLDEN
G-RPT-0350,report,report.table.CH2-TBL-029,ENT-LINE-ACL,APPROVED_REPORT_DRAWING_GOLDEN,,,reportSpecification,report_item,RPT-00350,,CONFIRMED,MAPPED,promotion APPROVED_REPORT_DRAWING_GOLDEN
G-RPT-0351,report,report.table.CH2-TBL-030,ENT-LINE-ACL,APPROVED_REPORT_DRAWING_GOLDEN,,,reportSpecification,report_item,RPT-00351,,CONFIRMED,MAPPED,promotion APPROVED_REPORT_DRAWING_GOLDEN
G-RPT-0352,report,report.table.CH2-TBL-031,ENT-LINE-ACL,APPROVED_REPORT_DRAWING_GOLDEN,,,reportSpecification,report_item,RPT-00352,,CONFIRMED,MAPPED,promotion APPROVED_REPORT_DRAWING_GOLDEN
G-RPT-0353,report,report.table.CH2-TBL-032,ENT-LINE-ACL,APPROVED_REPORT_DRAWING_GOLDEN,,,reportSpecification,report_item,RPT-00353,,CONFIRMED,MAPPED,promotion APPROVED_REPORT_DRAWING_GOLDEN
G-RPT-0354,report,report.table.CH2-TBL-033,ENT-LINE-ACL,APPROVED_REPORT_DRAWING_GOLDEN,,,reportSpecification,report_item,RPT-00354,,CONFIRMED,MAPPED,promotion APPROVED_REPORT_DRAWING_GOLDEN
G-RPT-0355,report,report.table.CH2-TBL-034,ENT-LINE-ACL,APPROVED_REPORT_DRAWING_GOLDEN,,,reportSpecification,report_item,RPT-00355,,CONFIRMED,MAPPED,promotion APPROVED_REPORT_DRAWING_GOLDEN
G-RPT-0356,report,report.table.CAL-TBL-P00119-001,ENT-LINE-ACL,APPROVED_REPORT_DRAWING_GOLDEN,,,reportSpecification,report_item,RPT-00356,,CONFIRMED,MAPPED,promotion APPROVED_REPORT_DRAWING_GOLDEN
G-RPT-0357,report,report.table.CAL-TBL-P00119-002,ENT-LINE-ACL,APPROVED_REPORT_DRAWING_GOLDEN,,,reportSpecification,report_item,RPT-00357,,CONFIRMED,MAPPED,promotion APPROVED_REPORT_DRAWING_GOLDEN
G-RPT-0358,report,report.table.CAL-TBL-P00119-003,ENT-LINE-ACL,APPROVED_REPORT_DRAWING_GOLDEN,,,reportSpecification,report_item,RPT-00358,,CONFIRMED,MAPPED,promotion APPROVED_REPORT_DRAWING_GOLDEN
G-RPT-0359,report,report.table.CAL-TBL-P00119-004,ENT-LINE-ACL,APPROVED_REPORT_DRAWING_GOLDEN,,,reportSpecification,report_item,RPT-00359,,CONFIRMED,MAPPED,promotion APPROVED_REPORT_DRAWING_GOLDEN
G-RPT-0360,report,report.table.CAL-TBL-P00119-005,ENT-LINE-ACL,APPROVED_REPORT_DRAWING_GOLDEN,,,reportSpecification,report_item,RPT-00360,,CONFIRMED,MAPPED,promotion APPROVED_REPORT_DRAWING_GOLDEN
G-RPT-0361,report,report.table.CAL-TBL-P00119-006,ENT-LINE-ACL,APPROVED_REPORT_DRAWING_GOLDEN,,,reportSpecification,report_item,RPT-00361,,CONFIRMED,MAPPED,promotion APPROVED_REPORT_DRAWING_GOLDEN
G-RPT-0362,report,report.table.CAL-TBL-P00119-007,ENT-LINE-ACL,APPROVED_REPORT_DRAWING_GOLDEN,,,reportSpecification,report_item,RPT-00362,,CONFIRMED,MAPPED,promotion APPROVED_REPORT_DRAWING_GOLDEN
G-RPT-0363,report,report.table.CAL-TBL-P00119-008,ENT-LINE-ACL,APPROVED_REPORT_DRAWING_GOLDEN,,,reportSpecification,report_item,RPT-00363,,CONFIRMED,MAPPED,promotion APPROVED_REPORT_DRAWING_GOLDEN
G-RPT-0364,report,report.table.CAL-TBL-P00119-009,ENT-LINE-ACL,APPROVED_REPORT_DRAWING_GOLDEN,,,reportSpecification,report_item,RPT-00364,,CONFIRMED,MAPPED,promotion APPROVED_REPORT_DRAWING_GOLDEN
G-RPT-0365,report,report.table.CAL-TBL-P00119-010,ENT-LINE-ACL,APPROVED_REPORT_DRAWING_GOLDEN,,,reportSpecification,report_item,RPT-00365,,CONFIRMED,MAPPED,promotion APPROVED_REPORT_DRAWING_GOLDEN
G-RPT-0366,report,report.table.CAL-TBL-P00119-011,ENT-LINE-ACL,APPROVED_REPORT_DRAWING_GOLDEN,,,reportSpecification,report_item,RPT-00366,,CONFIRMED,MAPPED,promotion APPROVED_REPORT_DRAWING_GOLDEN
G-RPT-0367,report,report.table.CAL-TBL-P00119-012,ENT-LINE-ACL,APPROVED_REPORT_DRAWING_GOLDEN,,,reportSpecification,report_item,RPT-00367,,CONFIRMED,MAPPED,promotion APPROVED_REPORT_DRAWING_GOLDEN
G-RPT-0368,report,report.table.CAL-TBL-P00119-013,ENT-LINE-ACL,APPROVED_REPORT_DRAWING_GOLDEN,,,reportSpecification,report_item,RPT-00368,,CONFIRMED,MAPPED,promotion APPROVED_REPORT_DRAWING_GOLDEN
G-RPT-0369,report,report.table.CAL-TBL-P00125-001,ENT-LINE-ACL,APPROVED_REPORT_DRAWING_GOLDEN,,,reportSpecification,report_item,RPT-00369,,CONFIRMED,MAPPED,promotion APPROVED_REPORT_DRAWING_GOLDEN
G-RPT-0370,report,report.table.CAL-TBL-P00125-002,ENT-LINE-ACL,APPROVED_REPORT_DRAWING_GOLDEN,,,reportSpecification,report_item,RPT-00370,,CONFIRMED,MAPPED,promotion APPROVED_REPORT_DRAWING_GOLDEN
G-RPT-0371,report,report.table.CAL-TBL-P00125-003,ENT-LINE-ACL,APPROVED_REPORT_DRAWING_GOLDEN,,,reportSpecification,report_item,RPT-00371,,CONFIRMED,MAPPED,promotion APPROVED_REPORT_DRAWING_GOLDEN
G-RPT-0372,report,report.table.CAL-TBL-P00125-004,ENT-LINE-ACL,APPROVED_REPORT_DRAWING_GOLDEN,,,reportSpecification,report_item,RPT-00372,,CONFIRMED,MAPPED,promotion APPROVED_REPORT_DRAWING_GOLDEN
G-RPT-0373,report,report.table.CAL-TBL-P00128-001,ENT-LINE-ACL,APPROVED_REPORT_DRAWING_GOLDEN,,,reportSpecification,report_item,RPT-00373,,CONFIRMED,MAPPED,promotion APPROVED_REPORT_DRAWING_GOLDEN
G-RPT-0374,report,report.table.CAL-TBL-P00128-002,ENT-LINE-ACL,APPROVED_REPORT_DRAWING_GOLDEN,,,reportSpecification,report_item,RPT-00374,,CONFIRMED,MAPPED,promotion APPROVED_REPORT_DRAWING_GOLDEN
G-RPT-0375,report,report.table.CAL-TBL-P00128-003,ENT-LINE-ACL,APPROVED_REPORT_DRAWING_GOLDEN,,,reportSpecification,report_item,RPT-00375,,CONFIRMED,MAPPED,promotion APPROVED_REPORT_DRAWING_GOLDEN
G-RPT-0376,report,report.table.CAL-TBL-P00131-001,ENT-LINE-ACL,APPROVED_REPORT_DRAWING_GOLDEN,,,reportSpecification,report_item,RPT-00376,,CONFIRMED,MAPPED,promotion APPROVED_REPORT_DRAWING_GOLDEN
G-RPT-0377,report,report.table.CAL-TBL-P00131-002,ENT-LINE-ACL,APPROVED_REPORT_DRAWING_GOLDEN,,,reportSpecification,report_item,RPT-00377,,CONFIRMED,MAPPED,promotion APPROVED_REPORT_DRAWING_GOLDEN
G-RPT-0378,report,report.table.CAL-TBL-P00131-003,ENT-LINE-ACL,APPROVED_REPORT_DRAWING_GOLDEN,,,reportSpecification,report_item,RPT-00378,,CONFIRMED,MAPPED,promotion APPROVED_REPORT_DRAWING_GOLDEN
G-RPT-0379,report,report.table.CAL-TBL-P00131-004,ENT-LINE-ACL,APPROVED_REPORT_DRAWING_GOLDEN,,,reportSpecification,report_item,RPT-00379,,CONFIRMED,MAPPED,promotion APPROVED_REPORT_DRAWING_GOLDEN
G-RPT-0380,report,report.table.CAL-TBL-P00131-005,ENT-LINE-ACL,APPROVED_REPORT_DRAWING_GOLDEN,,,reportSpecification,report_item,RPT-00380,,CONFIRMED,MAPPED,promotion APPROVED_REPORT_DRAWING_GOLDEN
G-RPT-0381,report,report.table.CAL-TBL-P00131-006,ENT-LINE-ACL,APPROVED_REPORT_DRAWING_GOLDEN,,,reportSpecification,report_item,RPT-00381,,CONFIRMED,MAPPED,promotion APPROVED_REPORT_DRAWING_GOLDEN
G-RPT-0382,report,report.table.CAL-TBL-P00131-007,ENT-LINE-ACL,APPROVED_REPORT_DRAWING_GOLDEN,,,reportSpecification,report_item,RPT-00382,,CONFIRMED,MAPPED,promotion APPROVED_REPORT_DRAWING_GOLDEN
G-RPT-0383,report,report.table.CAL-TBL-P00131-008,ENT-LINE-ACL,APPROVED_REPORT_DRAWING_GOLDEN,,,reportSpecification,report_item,RPT-00383,,CONFIRMED,MAPPED,promotion APPROVED_REPORT_DRAWING_GOLDEN
G-RPT-0384,report,report.table.CAL-TBL-P00132-001,ENT-LINE-ACL,APPROVED_REPORT_DRAWING_GOLDEN,,,reportSpecification,report_item,RPT-00384,,CONFIRMED,MAPPED,promotion APPROVED_REPORT_DRAWING_GOLDEN
G-RPT-0385,report,report.table.CAL-TBL-P00132-002,ENT-LINE-ACL,APPROVED_REPORT_DRAWING_GOLDEN,,,reportSpecification,report_item,RPT-00385,,CONFIRMED,MAPPED,promotion APPROVED_REPORT_DRAWING_GOLDEN
G-RPT-0386,report,report.table.CAL-TBL-P00132-003,ENT-LINE-ACL,APPROVED_REPORT_DRAWING_GOLDEN,,,reportSpecification,report_item,RPT-00386,,CONFIRMED,MAPPED,promotion APPROVED_REPORT_DRAWING_GOLDEN
G-RPT-0387,report,report.table.CAL-TBL-P00132-004,ENT-LINE-ACL,APPROVED_REPORT_DRAWING_GOLDEN,,,reportSpecification,report_item,RPT-00387,,CONFIRMED,MAPPED,promotion APPROVED_REPORT_DRAWING_GOLDEN
G-RPT-0388,report,report.table.CAL-TBL-P00133-001,ENT-LINE-ACL,APPROVED_REPORT_DRAWING_GOLDEN,,,reportSpecification,report_item,RPT-00388,,CONFIRMED,MAPPED,promotion APPROVED_REPORT_DRAWING_GOLDEN
G-RPT-0389,report,report.table.CAL-TBL-P00133-002,ENT-LINE-ACL,APPROVED_REPORT_DRAWING_GOLDEN,,,reportSpecification,report_item,RPT-00389,,CONFIRMED,MAPPED,promotion APPROVED_REPORT_DRAWING_GOLDEN
G-RPT-0390,report,report.table.CAL-TBL-P00133-003,ENT-LINE-ACL,APPROVED_REPORT_DRAWING_GOLDEN,,,reportSpecification,report_item,RPT-00390,,CONFIRMED,MAPPED,promotion APPROVED_REPORT_DRAWING_GOLDEN
G-RPT-0391,report,report.table.CAL-TBL-P00133-004,ENT-LINE-ACL,APPROVED_REPORT_DRAWING_GOLDEN,,,reportSpecification,report_item,RPT-00391,,CONFIRMED,MAPPED,promotion APPROVED_REPORT_DRAWING_GOLDEN
G-RPT-0392,report,report.table.CAL-TBL-P00133-005,ENT-LINE-ACL,APPROVED_REPORT_DRAWING_GOLDEN,,,reportSpecification,report_item,RPT-00392,,CONFIRMED,MAPPED,promotion APPROVED_REPORT_DRAWING_GOLDEN
G-RPT-0393,report,report.table.CAL-TBL-P00133-006,ENT-LINE-ACL,APPROVED_REPORT_DRAWING_GOLDEN,,,reportSpecification,report_item,RPT-00393,,CONFIRMED,MAPPED,promotion APPROVED_REPORT_DRAWING_GOLDEN
G-RPT-0394,report,report.table.CAL-TBL-P00133-007,ENT-LINE-ACL,APPROVED_REPORT_DRAWING_GOLDEN,,,reportSpecification,report_item,RPT-00394,,CONFIRMED,MAPPED,promotion APPROVED_REPORT_DRAWING_GOLDEN
G-RPT-0395,report,report.table.CAL-TBL-P00133-008,ENT-LINE-ACL,APPROVED_REPORT_DRAWING_GOLDEN,,,reportSpecification,report_item,RPT-00395,,CONFIRMED,MAPPED,promotion APPROVED_REPORT_DRAWING_GOLDEN
G-RPT-0396,report,report.table.CAL-TBL-P00133-009,ENT-LINE-ACL,APPROVED_REPORT_DRAWING_GOLDEN,,,reportSpecification,report_item,RPT-00396,,CONFIRMED,MAPPED,promotion APPROVED_REPORT_DRAWING_GOLDEN
G-RPT-0397,report,report.table.CAL-TBL-P00133-010,ENT-LINE-ACL,APPROVED_REPORT_DRAWING_GOLDEN,,,reportSpecification,report_item,RPT-00397,,CONFIRMED,MAPPED,promotion APPROVED_REPORT_DRAWING_GOLDEN
G-RPT-0398,report,report.table.CAL-TBL-P00133-011,ENT-LINE-ACL,APPROVED_REPORT_DRAWING_GOLDEN,,,reportSpecification,report_item,RPT-00398,,CONFIRMED,MAPPED,promotion APPROVED_REPORT_DRAWING_GOLDEN
G-RPT-0399,report,report.table.CAL-TBL-P00133-012,ENT-LINE-ACL,APPROVED_REPORT_DRAWING_GOLDEN,,,reportSpecification,report_item,RPT-00399,,CONFIRMED,MAPPED,promotion APPROVED_REPORT_DRAWING_GOLDEN
G-RPT-0400,report,report.table.CAL-TBL-P00134-001,ENT-LINE-ACL,APPROVED_REPORT_DRAWING_GOLDEN,,,reportSpecification,report_item,RPT-00400,,CONFIRMED,MAPPED,promotion APPROVED_REPORT_DRAWING_GOLDEN
G-RPT-0401,report,report.table.CAL-TBL-P00134-002,ENT-LINE-ACL,APPROVED_REPORT_DRAWING_GOLDEN,,,reportSpecification,report_item,RPT-00401,,CONFIRMED,MAPPED,promotion APPROVED_REPORT_DRAWING_GOLDEN
G-RPT-0402,report,report.table.CAL-TBL-P00134-003,ENT-LINE-ACL,APPROVED_REPORT_DRAWING_GOLDEN,,,reportSpecification,report_item,RPT-00402,,CONFIRMED,MAPPED,promotion APPROVED_REPORT_DRAWING_GOLDEN
G-RPT-0403,report,report.table.CAL-TBL-P00134-004,ENT-LINE-ACL,APPROVED_REPORT_DRAWING_GOLDEN,,,reportSpecification,report_item,RPT-00403,,CONFIRMED,MAPPED,promotion APPROVED_REPORT_DRAWING_GOLDEN
G-RPT-0404,report,report.table.CAL-TBL-P00134-005,ENT-LINE-ACL,APPROVED_REPORT_DRAWING_GOLDEN,,,reportSpecification,report_item,RPT-00404,,CONFIRMED,MAPPED,promotion APPROVED_REPORT_DRAWING_GOLDEN
G-RPT-0405,report,report.table.CAL-TBL-P00134-006,ENT-LINE-ACL,APPROVED_REPORT_DRAWING_GOLDEN,,,reportSpecification,report_item,RPT-00405,,CONFIRMED,MAPPED,promotion APPROVED_REPORT_DRAWING_GOLDEN
G-RPT-0406,report,report.table.CAL-TBL-P00135-001,ENT-LINE-ACL,APPROVED_REPORT_DRAWING_GOLDEN,,,reportSpecification,report_item,RPT-00406,,CONFIRMED,MAPPED,promotion APPROVED_REPORT_DRAWING_GOLDEN
G-RPT-0407,report,report.table.CAL-TBL-P00135-002,ENT-LINE-ACL,APPROVED_REPORT_DRAWING_GOLDEN,,,reportSpecification,report_item,RPT-00407,,CONFIRMED,MAPPED,promotion APPROVED_REPORT_DRAWING_GOLDEN
G-RPT-0408,report,report.table.CAL-TBL-P00135-003,ENT-LINE-ACL,APPROVED_REPORT_DRAWING_GOLDEN,,,reportSpecification,report_item,RPT-00408,,CONFIRMED,MAPPED,promotion APPROVED_REPORT_DRAWING_GOLDEN
G-RPT-0409,report,report.table.CAL-TBL-P00135-004,ENT-LINE-ACL,APPROVED_REPORT_DRAWING_GOLDEN,,,reportSpecification,report_item,RPT-00409,,CONFIRMED,MAPPED,promotion APPROVED_REPORT_DRAWING_GOLDEN
G-RPT-0410,report,report.table.CAL-TBL-P00135-005,ENT-LINE-ACL,APPROVED_REPORT_DRAWING_GOLDEN,,,reportSpecification,report_item,RPT-00410,,CONFIRMED,MAPPED,promotion APPROVED_REPORT_DRAWING_GOLDEN
G-RPT-0411,report,report.table.CAL-TBL-P00135-006,ENT-LINE-ACL,APPROVED_REPORT_DRAWING_GOLDEN,,,reportSpecification,report_item,RPT-00411,,CONFIRMED,MAPPED,promotion APPROVED_REPORT_DRAWING_GOLDEN
G-RPT-0412,report,report.table.CAL-TBL-P00135-007,ENT-LINE-ACL,APPROVED_REPORT_DRAWING_GOLDEN,,,reportSpecification,report_item,RPT-00412,,CONFIRMED,MAPPED,promotion APPROVED_REPORT_DRAWING_GOLDEN
G-RPT-0413,report,report.table.CAL-TBL-P00135-008,ENT-LINE-ACL,APPROVED_REPORT_DRAWING_GOLDEN,,,reportSpecification,report_item,RPT-00413,,CONFIRMED,MAPPED,promotion APPROVED_REPORT_DRAWING_GOLDEN
G-RPT-0414,report,report.table.CAL-TBL-P00135-009,ENT-LINE-ACL,APPROVED_REPORT_DRAWING_GOLDEN,,,reportSpecification,report_item,RPT-00414,,CONFIRMED,MAPPED,promotion APPROVED_REPORT_DRAWING_GOLDEN
G-RPT-0415,report,report.table.CAL-TBL-P00135-010,ENT-LINE-ACL,APPROVED_REPORT_DRAWING_GOLDEN,,,reportSpecification,report_item,RPT-00415,,CONFIRMED,MAPPED,promotion APPROVED_REPORT_DRAWING_GOLDEN
G-RPT-0416,report,report.table.CAL-TBL-P00141-001,ENT-LINE-ACL,APPROVED_REPORT_DRAWING_GOLDEN,,,reportSpecification,report_item,RPT-00416,,CONFIRMED,MAPPED,promotion APPROVED_REPORT_DRAWING_GOLDEN
G-RPT-0417,report,report.table.CAL-TBL-P00141-002,ENT-LINE-ACL,APPROVED_REPORT_DRAWING_GOLDEN,,,reportSpecification,report_item,RPT-00417,,CONFIRMED,MAPPED,promotion APPROVED_REPORT_DRAWING_GOLDEN
G-RPT-0418,report,report.table.CAL-TBL-P00141-003,ENT-LINE-ACL,APPROVED_REPORT_DRAWING_GOLDEN,,,reportSpecification,report_item,RPT-00418,,CONFIRMED,MAPPED,promotion APPROVED_REPORT_DRAWING_GOLDEN
G-RPT-0419,report,report.table.CAL-TBL-P00141-004,ENT-LINE-ACL,APPROVED_REPORT_DRAWING_GOLDEN,,,reportSpecification,report_item,RPT-00419,,CONFIRMED,MAPPED,promotion APPROVED_REPORT_DRAWING_GOLDEN
G-RPT-0420,report,report.table.CAL-TBL-P00141-005,ENT-LINE-ACL,APPROVED_REPORT_DRAWING_GOLDEN,,,reportSpecification,report_item,RPT-00420,,CONFIRMED,MAPPED,promotion APPROVED_REPORT_DRAWING_GOLDEN
G-RPT-0421,report,report.table.CAL-TBL-P00141-006,ENT-LINE-ACL,APPROVED_REPORT_DRAWING_GOLDEN,,,reportSpecification,report_item,RPT-00421,,CONFIRMED,MAPPED,promotion APPROVED_REPORT_DRAWING_GOLDEN
G-RPT-0422,report,report.table.CAL-TBL-P00141-007,ENT-LINE-ACL,APPROVED_REPORT_DRAWING_GOLDEN,,,reportSpecification,report_item,RPT-00422,,CONFIRMED,MAPPED,promotion APPROVED_REPORT_DRAWING_GOLDEN
G-RPT-0423,report,report.table.CAL-TBL-P00141-008,ENT-LINE-ACL,APPROVED_REPORT_DRAWING_GOLDEN,,,reportSpecification,report_item,RPT-00423,,CONFIRMED,MAPPED,promotion APPROVED_REPORT_DRAWING_GOLDEN
G-RPT-0424,report,report.table.CAL-TBL-P00143-001,ENT-LINE-ACL,APPROVED_REPORT_DRAWING_GOLDEN,,,reportSpecification,report_item,RPT-00424,,CONFIRMED,MAPPED,promotion APPROVED_REPORT_DRAWING_GOLDEN
G-RPT-0425,report,report.table.CAL-TBL-P00143-002,ENT-LINE-ACL,APPROVED_REPORT_DRAWING_GOLDEN,,,reportSpecification,report_item,RPT-00425,,CONFIRMED,MAPPED,promotion APPROVED_REPORT_DRAWING_GOLDEN
G-RPT-0426,report,report.table.CAL-TBL-P00143-003,ENT-LINE-ACL,APPROVED_REPORT_DRAWING_GOLDEN,,,reportSpecification,report_item,RPT-00426,,CONFIRMED,MAPPED,promotion APPROVED_REPORT_DRAWING_GOLDEN
G-RPT-0427,report,report.table.CAL-TBL-P00143-004,ENT-LINE-ACL,APPROVED_REPORT_DRAWING_GOLDEN,,,reportSpecification,report_item,RPT-00427,,CONFIRMED,MAPPED,promotion APPROVED_REPORT_DRAWING_GOLDEN
G-RPT-0428,report,report.table.CAL-TBL-P00143-005,ENT-LINE-ACL,APPROVED_REPORT_DRAWING_GOLDEN,,,reportSpecification,report_item,RPT-00428,,CONFIRMED,MAPPED,promotion APPROVED_REPORT_DRAWING_GOLDEN
G-RPT-0429,report,report.table.CAL-TBL-P00143-006,ENT-LINE-ACL,APPROVED_REPORT_DRAWING_GOLDEN,,,reportSpecification,report_item,RPT-00429,,CONFIRMED,MAPPED,promotion APPROVED_REPORT_DRAWING_GOLDEN
G-RPT-0430,report,report.table.CAL-TBL-P00143-007,ENT-LINE-ACL,APPROVED_REPORT_DRAWING_GOLDEN,,,reportSpecification,report_item,RPT-00430,,CONFIRMED,MAPPED,promotion APPROVED_REPORT_DRAWING_GOLDEN
G-RPT-0431,report,report.table.CAL-TBL-P00144-001,ENT-LINE-ACL,APPROVED_REPORT_DRAWING_GOLDEN,,,reportSpecification,report_item,RPT-00431,,CONFIRMED,MAPPED,promotion APPROVED_REPORT_DRAWING_GOLDEN
G-RPT-0432,report,report.table.CAL-TBL-P00144-002,ENT-LINE-ACL,APPROVED_REPORT_DRAWING_GOLDEN,,,reportSpecification,report_item,RPT-00432,,CONFIRMED,MAPPED,promotion APPROVED_REPORT_DRAWING_GOLDEN
G-RPT-0433,report,report.table.CAL-TBL-P00144-003,ENT-LINE-ACL,APPROVED_REPORT_DRAWING_GOLDEN,,,reportSpecification,report_item,RPT-00433,,CONFIRMED,MAPPED,promotion APPROVED_REPORT_DRAWING_GOLDEN
G-RPT-0434,report,report.table.CAL-TBL-P00144-004,ENT-LINE-ACL,APPROVED_REPORT_DRAWING_GOLDEN,,,reportSpecification,report_item,RPT-00434,,CONFIRMED,MAPPED,promotion APPROVED_REPORT_DRAWING_GOLDEN
G-RPT-0435,report,report.table.CAL-TBL-P00149-001,ENT-LINE-ACL,APPROVED_REPORT_DRAWING_GOLDEN,,,reportSpecification,report_item,RPT-00435,,CONFIRMED,MAPPED,promotion APPROVED_REPORT_DRAWING_GOLDEN
G-RPT-0436,report,report.table.CAL-TBL-P00149-002,ENT-LINE-ACL,APPROVED_REPORT_DRAWING_GOLDEN,,,reportSpecification,report_item,RPT-00436,,CONFIRMED,MAPPED,promotion APPROVED_REPORT_DRAWING_GOLDEN
G-RPT-0437,report,report.table.CAL-TBL-P00149-003,ENT-LINE-ACL,APPROVED_REPORT_DRAWING_GOLDEN,,,reportSpecification,report_item,RPT-00437,,CONFIRMED,MAPPED,promotion APPROVED_REPORT_DRAWING_GOLDEN
G-RPT-0438,report,report.table.CAL-TBL-P00149-004,ENT-LINE-ACL,APPROVED_REPORT_DRAWING_GOLDEN,,,reportSpecification,report_item,RPT-00438,,CONFIRMED,MAPPED,promotion APPROVED_REPORT_DRAWING_GOLDEN
G-RPT-0439,report,report.table.CAL-TBL-P00222-001,ENT-LINE-ACL,APPROVED_REPORT_DRAWING_GOLDEN,,,reportSpecification,report_item,RPT-00439,,CONFIRMED,MAPPED,promotion APPROVED_REPORT_DRAWING_GOLDEN
G-RPT-0440,report,report.table.CAL-TBL-P00222-002,ENT-LINE-ACL,APPROVED_REPORT_DRAWING_GOLDEN,,,reportSpecification,report_item,RPT-00440,,CONFIRMED,MAPPED,promotion APPROVED_REPORT_DRAWING_GOLDEN
G-RPT-0441,report,report.table.CAL-TBL-P00222-003,ENT-LINE-ACL,APPROVED_REPORT_DRAWING_GOLDEN,,,reportSpecification,report_item,RPT-00441,,CONFIRMED,MAPPED,promotion APPROVED_REPORT_DRAWING_GOLDEN
G-RPT-0442,report,report.table.CAL-TBL-P00222-004,ENT-LINE-ACL,APPROVED_REPORT_DRAWING_GOLDEN,,,reportSpecification,report_item,RPT-00442,,CONFIRMED,MAPPED,promotion APPROVED_REPORT_DRAWING_GOLDEN
G-RPT-0443,report,report.table.CAL-TBL-P00222-005,ENT-LINE-ACL,APPROVED_REPORT_DRAWING_GOLDEN,,,reportSpecification,report_item,RPT-00443,,CONFIRMED,MAPPED,promotion APPROVED_REPORT_DRAWING_GOLDEN
G-RPT-0444,report,report.table.CAL-TBL-P00222-006,ENT-LINE-ACL,APPROVED_REPORT_DRAWING_GOLDEN,,,reportSpecification,report_item,RPT-00444,,CONFIRMED,MAPPED,promotion APPROVED_REPORT_DRAWING_GOLDEN
G-RPT-0445,report,report.table.CAL-TBL-P00222-007,ENT-LINE-ACL,APPROVED_REPORT_DRAWING_GOLDEN,,,reportSpecification,report_item,RPT-00445,,CONFIRMED,MAPPED,promotion APPROVED_REPORT_DRAWING_GOLDEN
G-RPT-0446,report,report.table.CAL-TBL-P00222-008,ENT-LINE-ACL,APPROVED_REPORT_DRAWING_GOLDEN,,,reportSpecification,report_item,RPT-00446,,CONFIRMED,MAPPED,promotion APPROVED_REPORT_DRAWING_GOLDEN
G-RPT-0447,report,report.table.CAL-TBL-P00222-009,ENT-LINE-ACL,APPROVED_REPORT_DRAWING_GOLDEN,,,reportSpecification,report_item,RPT-00447,,CONFIRMED,MAPPED,promotion APPROVED_REPORT_DRAWING_GOLDEN
G-RPT-0448,report,report.table.CAL-TBL-P00222-010,ENT-LINE-ACL,APPROVED_REPORT_DRAWING_GOLDEN,,,reportSpecification,report_item,RPT-00448,,CONFIRMED,MAPPED,promotion APPROVED_REPORT_DRAWING_GOLDEN
G-RPT-0449,report,report.table.CAL-TBL-P00222-011,ENT-LINE-ACL,APPROVED_REPORT_DRAWING_GOLDEN,,,reportSpecification,report_item,RPT-00449,,CONFIRMED,MAPPED,promotion APPROVED_REPORT_DRAWING_GOLDEN
G-RPT-0450,report,report.table.CAL-TBL-P00222-012,ENT-LINE-ACL,APPROVED_REPORT_DRAWING_GOLDEN,,,reportSpecification,report_item,RPT-00450,,CONFIRMED,MAPPED,promotion APPROVED_REPORT_DRAWING_GOLDEN
G-RPT-0451,report,report.table.CAL-TBL-P00222-013,ENT-LINE-ACL,APPROVED_REPORT_DRAWING_GOLDEN,,,reportSpecification,report_item,RPT-00451,,CONFIRMED,MAPPED,promotion APPROVED_REPORT_DRAWING_GOLDEN
G-RPT-0452,report,report.table.CAL-TBL-P00222-014,ENT-LINE-ACL,APPROVED_REPORT_DRAWING_GOLDEN,,,reportSpecification,report_item,RPT-00452,,CONFIRMED,MAPPED,promotion APPROVED_REPORT_DRAWING_GOLDEN
G-RPT-0453,report,report.table.CAL-TBL-P00222-015,ENT-LINE-ACL,APPROVED_REPORT_DRAWING_GOLDEN,,,reportSpecification,report_item,RPT-00453,,CONFIRMED,MAPPED,promotion APPROVED_REPORT_DRAWING_GOLDEN
G-RPT-0454,report,report.table.CAL-TBL-P00222-016,ENT-LINE-ACL,APPROVED_REPORT_DRAWING_GOLDEN,,,reportSpecification,report_item,RPT-00454,,CONFIRMED,MAPPED,promotion APPROVED_REPORT_DRAWING_GOLDEN
G-RPT-0455,report,report.table.CAL-TBL-P00223-001,ENT-LINE-ACL,APPROVED_REPORT_DRAWING_GOLDEN,,,reportSpecification,report_item,RPT-00455,,CONFIRMED,MAPPED,promotion APPROVED_REPORT_DRAWING_GOLDEN
G-RPT-0456,report,report.table.CAL-TBL-P00223-002,ENT-LINE-ACL,APPROVED_REPORT_DRAWING_GOLDEN,,,reportSpecification,report_item,RPT-00456,,CONFIRMED,MAPPED,promotion APPROVED_REPORT_DRAWING_GOLDEN
G-RPT-0457,report,report.table.CAL-TBL-P00223-003,ENT-LINE-ACL,APPROVED_REPORT_DRAWING_GOLDEN,,,reportSpecification,report_item,RPT-00457,,CONFIRMED,MAPPED,promotion APPROVED_REPORT_DRAWING_GOLDEN
G-RPT-0458,report,report.table.CAL-TBL-P00223-004,ENT-LINE-ACL,APPROVED_REPORT_DRAWING_GOLDEN,,,reportSpecification,report_item,RPT-00458,,CONFIRMED,MAPPED,promotion APPROVED_REPORT_DRAWING_GOLDEN
G-RPT-0459,report,report.table.CAL-TBL-P00223-005,ENT-LINE-ACL,APPROVED_REPORT_DRAWING_GOLDEN,,,reportSpecification,report_item,RPT-00459,,CONFIRMED,MAPPED,promotion APPROVED_REPORT_DRAWING_GOLDEN
G-RPT-0460,report,report.table.CAL-TBL-P00223-006,ENT-LINE-ACL,APPROVED_REPORT_DRAWING_GOLDEN,,,reportSpecification,report_item,RPT-00460,,CONFIRMED,MAPPED,promotion APPROVED_REPORT_DRAWING_GOLDEN
G-RPT-0461,report,report.table.CAL-TBL-P00223-007,ENT-LINE-ACL,APPROVED_REPORT_DRAWING_GOLDEN,,,reportSpecification,report_item,RPT-00461,,CONFIRMED,MAPPED,promotion APPROVED_REPORT_DRAWING_GOLDEN
G-RPT-0462,report,report.table.CAL-TBL-P00223-008,ENT-LINE-ACL,APPROVED_REPORT_DRAWING_GOLDEN,,,reportSpecification,report_item,RPT-00462,,CONFIRMED,MAPPED,promotion APPROVED_REPORT_DRAWING_GOLDEN
G-RPT-0463,report,report.table.CAL-TBL-P00223-009,ENT-LINE-ACL,APPROVED_REPORT_DRAWING_GOLDEN,,,reportSpecification,report_item,RPT-00463,,CONFIRMED,MAPPED,promotion APPROVED_REPORT_DRAWING_GOLDEN
G-RPT-0464,report,report.table.CAL-TBL-P00223-010,ENT-LINE-ACL,APPROVED_REPORT_DRAWING_GOLDEN,,,reportSpecification,report_item,RPT-00464,,CONFIRMED,MAPPED,promotion APPROVED_REPORT_DRAWING_GOLDEN
G-RPT-0465,report,report.table.SRC-calculation_chapter_03_section_3_2_tables-001,ENT-LINE-ACL,APPROVED_REPORT_DRAWING_GOLDEN,,,reportSpecification,report_item,RPT-00465,,CONFIRMED,MAPPED,promotion APPROVED_REPORT_DRAWING_GOLDEN
G-RPT-0466,report,report.table.SRC-calculation_chapter_03_section_3_2_tables-002,ENT-LINE-ACL,APPROVED_REPORT_DRAWING_GOLDEN,,,reportSpecification,report_item,RPT-00466,,CONFIRMED,MAPPED,promotion APPROVED_REPORT_DRAWING_GOLDEN
G-RPT-0467,report,report.table.SRC-calculation_chapter_03_section_3_2_tables-003,ENT-LINE-ACL,APPROVED_REPORT_DRAWING_GOLDEN,,,reportSpecification,report_item,RPT-00467,,CONFIRMED,MAPPED,promotion APPROVED_REPORT_DRAWING_GOLDEN
G-RPT-0468,report,report.table.SRC-calculation_chapter_03_section_3_2_tables-004,ENT-LINE-ACL,APPROVED_REPORT_DRAWING_GOLDEN,,,reportSpecification,report_item,RPT-00468,,CONFIRMED,MAPPED,promotion APPROVED_REPORT_DRAWING_GOLDEN
G-RPT-0469,report,report.table.SRC-calculation_chapter_03_section_3_2_tables-005,ENT-LINE-ACL,APPROVED_REPORT_DRAWING_GOLDEN,,,reportSpecification,report_item,RPT-00469,,CONFIRMED,MAPPED,promotion APPROVED_REPORT_DRAWING_GOLDEN
G-RPT-0470,report,report.table.SRC-calculation_chapter_03_section_3_2_tables-006,ENT-LINE-ACL,APPROVED_REPORT_DRAWING_GOLDEN,,,reportSpecification,report_item,RPT-00470,,CONFIRMED,MAPPED,promotion APPROVED_REPORT_DRAWING_GOLDEN
G-RPT-0471,report,report.table.SRC-calculation_chapter_03_section_3_2_tables-007,ENT-LINE-ACL,APPROVED_REPORT_DRAWING_GOLDEN,,,reportSpecification,report_item,RPT-00471,,CONFIRMED,MAPPED,promotion APPROVED_REPORT_DRAWING_GOLDEN
G-RPT-0472,report,report.table.SRC-calculation_chapter_03_section_3_2_tables-008,ENT-LINE-ACL,APPROVED_REPORT_DRAWING_GOLDEN,,,reportSpecification,report_item,RPT-00472,,CONFIRMED,MAPPED,promotion APPROVED_REPORT_DRAWING_GOLDEN
G-RPT-0473,report,report.table.SRC-calculation_chapter_03_section_3_2_tables-009,ENT-LINE-ACL,APPROVED_REPORT_DRAWING_GOLDEN,,,reportSpecification,report_item,RPT-00473,,CONFIRMED,MAPPED,promotion APPROVED_REPORT_DRAWING_GOLDEN
G-RPT-0474,report,report.table.SRC-calculation_chapter_03_section_3_2_tables-010,ENT-LINE-ACL,APPROVED_REPORT_DRAWING_GOLDEN,,,reportSpecification,report_item,RPT-00474,,CONFIRMED,MAPPED,promotion APPROVED_REPORT_DRAWING_GOLDEN
G-RPT-0475,report,report.table.SRC-calculation_chapter_03_section_3_2_tables-011,ENT-LINE-ACL,APPROVED_REPORT_DRAWING_GOLDEN,,,reportSpecification,report_item,RPT-00475,,CONFIRMED,MAPPED,promotion APPROVED_REPORT_DRAWING_GOLDEN
G-RPT-0476,report,report.table.SRC-calculation_chapter_03_section_3_2_tables-012,ENT-LINE-ACL,APPROVED_REPORT_DRAWING_GOLDEN,,,reportSpecification,report_item,RPT-00476,,CONFIRMED,MAPPED,promotion APPROVED_REPORT_DRAWING_GOLDEN
G-RPT-0477,report,report.table.SRC-calculation_chapter_03_section_3_2_tables-013,ENT-LINE-ACL,APPROVED_REPORT_DRAWING_GOLDEN,,,reportSpecification,report_item,RPT-00477,,CONFIRMED,MAPPED,promotion APPROVED_REPORT_DRAWING_GOLDEN
G-RPT-0478,report,report.table.SRC-calculation_chapter_03_section_3_2_tables-014,ENT-LINE-ACL,APPROVED_REPORT_DRAWING_GOLDEN,,,reportSpecification,report_item,RPT-00478,,CONFIRMED,MAPPED,promotion APPROVED_REPORT_DRAWING_GOLDEN
G-RPT-0479,report,report.table.SRC-calculation_chapter_03_section_3_2_tables-015,ENT-LINE-ACL,APPROVED_REPORT_DRAWING_GOLDEN,,,reportSpecification,report_item,RPT-00479,,CONFIRMED,MAPPED,promotion APPROVED_REPORT_DRAWING_GOLDEN
G-RPT-0480,report,report.table.SRC-calculation_chapter_03_section_3_2_tables-016,ENT-LINE-ACL,APPROVED_REPORT_DRAWING_GOLDEN,,,reportSpecification,report_item,RPT-00480,,CONFIRMED,MAPPED,promotion APPROVED_REPORT_DRAWING_GOLDEN
G-RPT-0481,report,report.table.SRC-calculation_chapter_03_section_3_2_tables-017,ENT-LINE-ACL,APPROVED_REPORT_DRAWING_GOLDEN,,,reportSpecification,report_item,RPT-00481,,CONFIRMED,MAPPED,promotion APPROVED_REPORT_DRAWING_GOLDEN
G-RPT-0482,report,report.table.SRC-calculation_chapter_03_section_3_2_tables-018,ENT-LINE-ACL,APPROVED_REPORT_DRAWING_GOLDEN,,,reportSpecification,report_item,RPT-00482,,CONFIRMED,MAPPED,promotion APPROVED_REPORT_DRAWING_GOLDEN
G-RPT-0483,report,report.table.SRC-calculation_chapter_03_section_3_2_tables-019,ENT-LINE-ACL,APPROVED_REPORT_DRAWING_GOLDEN,,,reportSpecification,report_item,RPT-00483,,CONFIRMED,MAPPED,promotion APPROVED_REPORT_DRAWING_GOLDEN
G-RPT-0484,report,report.table.SRC-calculation_chapter_03_section_3_2_tables-020,ENT-LINE-ACL,APPROVED_REPORT_DRAWING_GOLDEN,,,reportSpecification,report_item,RPT-00484,,CONFIRMED,MAPPED,promotion APPROVED_REPORT_DRAWING_GOLDEN
G-RPT-0485,report,report.table.SRC-calculation_chapter_03_section_3_2_tables-021,ENT-LINE-ACL,APPROVED_REPORT_DRAWING_GOLDEN,,,reportSpecification,report_item,RPT-00485,,CONFIRMED,MAPPED,promotion APPROVED_REPORT_DRAWING_GOLDEN
G-RPT-0486,report,report.table.SRC-calculation_chapter_03_section_3_2_tables-022,ENT-LINE-ACL,APPROVED_REPORT_DRAWING_GOLDEN,,,reportSpecification,report_item,RPT-00486,,CONFIRMED,MAPPED,promotion APPROVED_REPORT_DRAWING_GOLDEN
G-RPT-0487,report,report.table.SRC-calculation_chapter_03_section_3_2_tables-023,ENT-LINE-ACL,APPROVED_REPORT_DRAWING_GOLDEN,,,reportSpecification,report_item,RPT-00487,,CONFIRMED,MAPPED,promotion APPROVED_REPORT_DRAWING_GOLDEN
G-RPT-0488,report,report.table.SRC-calculation_chapter_03_section_3_2_tables-024,ENT-LINE-ACL,APPROVED_REPORT_DRAWING_GOLDEN,,,reportSpecification,report_item,RPT-00488,,CONFIRMED,MAPPED,promotion APPROVED_REPORT_DRAWING_GOLDEN
G-RPT-0489,report,report.table.SRC-calculation_chapter_03_section_3_2_tables-025,ENT-LINE-ACL,APPROVED_REPORT_DRAWING_GOLDEN,,,reportSpecification,report_item,RPT-00489,,CONFIRMED,MAPPED,promotion APPROVED_REPORT_DRAWING_GOLDEN
G-RPT-0490,report,report.table.SRC-calculation_chapter_03_section_3_2_tables-026,ENT-LINE-ACL,APPROVED_REPORT_DRAWING_GOLDEN,,,reportSpecification,report_item,RPT-00490,,CONFIRMED,MAPPED,promotion APPROVED_REPORT_DRAWING_GOLDEN
G-RPT-0491,report,report.table.SRC-calculation_chapter_03_section_3_2_tables-027,ENT-LINE-ACL,APPROVED_REPORT_DRAWING_GOLDEN,,,reportSpecification,report_item,RPT-00491,,CONFIRMED,MAPPED,promotion APPROVED_REPORT_DRAWING_GOLDEN
G-RPT-0492,report,report.table.SRC-calculation_chapter_03_section_3_2_tables-028,ENT-LINE-ACL,APPROVED_REPORT_DRAWING_GOLDEN,,,reportSpecification,report_item,RPT-00492,,CONFIRMED,MAPPED,promotion APPROVED_REPORT_DRAWING_GOLDEN
G-RPT-0493,report,report.table.SRC-calculation_chapter_03_section_3_2_tables-029,ENT-LINE-ACL,APPROVED_REPORT_DRAWING_GOLDEN,,,reportSpecification,report_item,RPT-00493,,CONFIRMED,MAPPED,promotion APPROVED_REPORT_DRAWING_GOLDEN
G-RPT-0494,report,report.table.SRC-calculation_chapter_03_section_3_2_tables-030,ENT-LINE-ACL,APPROVED_REPORT_DRAWING_GOLDEN,,,reportSpecification,report_item,RPT-00494,,CONFIRMED,MAPPED,promotion APPROVED_REPORT_DRAWING_GOLDEN
G-RPT-0495,report,report.table.SRC-calculation_chapter_03_section_3_2_tables-031,ENT-LINE-ACL,APPROVED_REPORT_DRAWING_GOLDEN,,,reportSpecification,report_item,RPT-00495,,CONFIRMED,MAPPED,promotion APPROVED_REPORT_DRAWING_GOLDEN
G-RPT-0496,report,report.table.SRC-calculation_chapter_03_section_3_2_tables-032,ENT-LINE-ACL,APPROVED_REPORT_DRAWING_GOLDEN,,,reportSpecification,report_item,RPT-00496,,CONFIRMED,MAPPED,promotion APPROVED_REPORT_DRAWING_GOLDEN
G-RPT-0497,report,report.table.SRC-calculation_chapter_03_section_3_2_tables-033,ENT-LINE-ACL,APPROVED_REPORT_DRAWING_GOLDEN,,,reportSpecification,report_item,RPT-00497,,CONFIRMED,MAPPED,promotion APPROVED_REPORT_DRAWING_GOLDEN
G-RPT-0498,report,report.table.SRC-calculation_chapter_03_section_3_2_tables-034,ENT-LINE-ACL,APPROVED_REPORT_DRAWING_GOLDEN,,,reportSpecification,report_item,RPT-00498,,CONFIRMED,MAPPED,promotion APPROVED_REPORT_DRAWING_GOLDEN
G-RPT-0499,report,report.table.SRC-calculation_chapter_03_section_3_2_tables-035,ENT-LINE-ACL,APPROVED_REPORT_DRAWING_GOLDEN,,,reportSpecification,report_item,RPT-00499,,CONFIRMED,MAPPED,promotion APPROVED_REPORT_DRAWING_GOLDEN
G-RPT-0500,report,report.table.SRC-calculation_chapter_03_section_3_2_tables-036,ENT-LINE-ACL,APPROVED_REPORT_DRAWING_GOLDEN,,,reportSpecification,report_item,RPT-00500,,CONFIRMED,MAPPED,promotion APPROVED_REPORT_DRAWING_GOLDEN
G-RPT-0501,report,report.table.SRC-calculation_chapter_03_section_3_2_tables-037,ENT-LINE-ACL,APPROVED_REPORT_DRAWING_GOLDEN,,,reportSpecification,report_item,RPT-00501,,CONFIRMED,MAPPED,promotion APPROVED_REPORT_DRAWING_GOLDEN
G-RPT-0502,report,report.table.SRC-calculation_chapter_03_section_3_2_tables-038,ENT-LINE-ACL,APPROVED_REPORT_DRAWING_GOLDEN,,,reportSpecification,report_item,RPT-00502,,CONFIRMED,MAPPED,promotion APPROVED_REPORT_DRAWING_GOLDEN
G-RPT-0503,report,report.table.SRC-calculation_chapter_03_section_3_2_tables-039,ENT-LINE-ACL,APPROVED_REPORT_DRAWING_GOLDEN,,,reportSpecification,report_item,RPT-00503,,CONFIRMED,MAPPED,promotion APPROVED_REPORT_DRAWING_GOLDEN
G-RPT-0504,report,report.table.SRC-calculation_chapter_03_section_3_2_tables-040,ENT-LINE-ACL,APPROVED_REPORT_DRAWING_GOLDEN,,,reportSpecification,report_item,RPT-00504,,CONFIRMED,MAPPED,promotion APPROVED_REPORT_DRAWING_GOLDEN
G-RPT-0505,report,report.table.SRC-calculation_chapter_03_section_3_2_tables-041,ENT-LINE-ACL,APPROVED_REPORT_DRAWING_GOLDEN,,,reportSpecification,report_item,RPT-00505,,CONFIRMED,MAPPED,promotion APPROVED_REPORT_DRAWING_GOLDEN
G-RPT-0506,report,report.table.SRC-calculation_chapter_03_section_3_2_tables-042,ENT-LINE-ACL,APPROVED_REPORT_DRAWING_GOLDEN,,,reportSpecification,report_item,RPT-00506,,CONFIRMED,MAPPED,promotion APPROVED_REPORT_DRAWING_GOLDEN
G-RPT-0507,report,report.table.SRC-calculation_chapter_03_section_3_2_tables-043,ENT-LINE-ACL,APPROVED_REPORT_DRAWING_GOLDEN,,,reportSpecification,report_item,RPT-00507,,CONFIRMED,MAPPED,promotion APPROVED_REPORT_DRAWING_GOLDEN
G-RPT-0508,report,report.table.SRC-calculation_chapter_03_section_3_2_tables-044,ENT-LINE-ACL,APPROVED_REPORT_DRAWING_GOLDEN,,,reportSpecification,report_item,RPT-00508,,CONFIRMED,MAPPED,promotion APPROVED_REPORT_DRAWING_GOLDEN
G-RPT-0509,report,report.table.SRC-calculation_chapter_03_section_3_2_tables-045,ENT-LINE-ACL,APPROVED_REPORT_DRAWING_GOLDEN,,,reportSpecification,report_item,RPT-00509,,CONFIRMED,MAPPED,promotion APPROVED_REPORT_DRAWING_GOLDEN
G-RPT-0510,report,report.table.SRC-calculation_chapter_03_section_3_2_tables-046,ENT-LINE-ACL,APPROVED_REPORT_DRAWING_GOLDEN,,,reportSpecification,report_item,RPT-00510,,CONFIRMED,MAPPED,promotion APPROVED_REPORT_DRAWING_GOLDEN
G-RPT-0511,report,report.table.SRC-calculation_chapter_03_section_3_2_tables-047,ENT-LINE-ACL,APPROVED_REPORT_DRAWING_GOLDEN,,,reportSpecification,report_item,RPT-00511,,CONFIRMED,MAPPED,promotion APPROVED_REPORT_DRAWING_GOLDEN
G-RPT-0512,report,report.table.SRC-calculation_chapter_03_section_3_2_tables-048,ENT-LINE-ACL,APPROVED_REPORT_DRAWING_GOLDEN,,,reportSpecification,report_item,RPT-00512,,CONFIRMED,MAPPED,promotion APPROVED_REPORT_DRAWING_GOLDEN
G-RPT-0513,report,report.table.SRC-calculation_chapter_03_section_3_2_tables-049,ENT-LINE-ACL,APPROVED_REPORT_DRAWING_GOLDEN,,,reportSpecification,report_item,RPT-00513,,CONFIRMED,MAPPED,promotion APPROVED_REPORT_DRAWING_GOLDEN
G-RPT-0514,report,report.table.CAL-TBL-P00685-001,ENT-LINE-ACL,APPROVED_REPORT_DRAWING_GOLDEN,,,reportSpecification,report_item,RPT-00514,,CONFIRMED,MAPPED,promotion APPROVED_REPORT_DRAWING_GOLDEN
G-RPT-0515,report,report.table.CAL-TBL-P00685-002,ENT-LINE-ACL,APPROVED_REPORT_DRAWING_GOLDEN,,,reportSpecification,report_item,RPT-00515,,CONFIRMED,MAPPED,promotion APPROVED_REPORT_DRAWING_GOLDEN
G-RPT-0516,report,report.table.CAL-TBL-P00685-003,ENT-LINE-ACL,APPROVED_REPORT_DRAWING_GOLDEN,,,reportSpecification,report_item,RPT-00516,,CONFIRMED,MAPPED,promotion APPROVED_REPORT_DRAWING_GOLDEN
G-RPT-0517,report,report.table.CAL-TBL-P00685-004,ENT-LINE-ACL,APPROVED_REPORT_DRAWING_GOLDEN,,,reportSpecification,report_item,RPT-00517,,CONFIRMED,MAPPED,promotion APPROVED_REPORT_DRAWING_GOLDEN
G-RPT-0518,report,report.table.CAL-TBL-P00685-005,ENT-LINE-ACL,APPROVED_REPORT_DRAWING_GOLDEN,,,reportSpecification,report_item,RPT-00518,,CONFIRMED,MAPPED,promotion APPROVED_REPORT_DRAWING_GOLDEN
G-RPT-0519,report,report.table.CAL-TBL-P00686-001,ENT-LINE-ACL,APPROVED_REPORT_DRAWING_GOLDEN,,,reportSpecification,report_item,RPT-00519,,CONFIRMED,MAPPED,promotion APPROVED_REPORT_DRAWING_GOLDEN
G-RPT-0520,report,report.table.CAL-TBL-P00686-002,ENT-LINE-ACL,APPROVED_REPORT_DRAWING_GOLDEN,,,reportSpecification,report_item,RPT-00520,,CONFIRMED,MAPPED,promotion APPROVED_REPORT_DRAWING_GOLDEN
G-RPT-0521,report,report.table.CAL-TBL-P00686-003,ENT-LINE-ACL,APPROVED_REPORT_DRAWING_GOLDEN,,,reportSpecification,report_item,RPT-00521,,CONFIRMED,MAPPED,promotion APPROVED_REPORT_DRAWING_GOLDEN
G-RPT-0522,report,report.table.CAL-TBL-P00686-004,ENT-LINE-ACL,APPROVED_REPORT_DRAWING_GOLDEN,,,reportSpecification,report_item,RPT-00522,,CONFIRMED,MAPPED,promotion APPROVED_REPORT_DRAWING_GOLDEN
G-RPT-0523,report,report.table.CAL-TBL-P00686-005,ENT-LINE-ACL,APPROVED_REPORT_DRAWING_GOLDEN,,,reportSpecification,report_item,RPT-00523,,CONFIRMED,MAPPED,promotion APPROVED_REPORT_DRAWING_GOLDEN
G-RPT-0524,report,report.table.CAL-TBL-P00767-001,ENT-LINE-ACL,APPROVED_REPORT_DRAWING_GOLDEN,,,reportSpecification,report_item,RPT-00524,,CONFIRMED,MAPPED,promotion APPROVED_REPORT_DRAWING_GOLDEN
G-RPT-0525,report,report.table.CAL-TBL-P00767-002,ENT-LINE-ACL,APPROVED_REPORT_DRAWING_GOLDEN,,,reportSpecification,report_item,RPT-00525,,CONFIRMED,MAPPED,promotion APPROVED_REPORT_DRAWING_GOLDEN
G-RPT-0526,report,report.table.CAL-TBL-P00767-003,ENT-LINE-ACL,APPROVED_REPORT_DRAWING_GOLDEN,,,reportSpecification,report_item,RPT-00526,,CONFIRMED,MAPPED,promotion APPROVED_REPORT_DRAWING_GOLDEN
G-RPT-0527,report,report.table.CAL-TBL-P00767-004,ENT-LINE-ACL,APPROVED_REPORT_DRAWING_GOLDEN,,,reportSpecification,report_item,RPT-00527,,CONFIRMED,MAPPED,promotion APPROVED_REPORT_DRAWING_GOLDEN
G-RPT-0528,report,report.table.CAL-TBL-P00767-005,ENT-LINE-ACL,APPROVED_REPORT_DRAWING_GOLDEN,,,reportSpecification,report_item,RPT-00528,,CONFIRMED,MAPPED,promotion APPROVED_REPORT_DRAWING_GOLDEN
G-RPT-0529,report,report.table.CAL-TBL-P00767-006,ENT-LINE-ACL,APPROVED_REPORT_DRAWING_GOLDEN,,,reportSpecification,report_item,RPT-00529,,CONFIRMED,MAPPED,promotion APPROVED_REPORT_DRAWING_GOLDEN
G-RPT-0530,report,report.table.CAL-TBL-P00767-007,ENT-LINE-ACL,APPROVED_REPORT_DRAWING_GOLDEN,,,reportSpecification,report_item,RPT-00530,,CONFIRMED,MAPPED,promotion APPROVED_REPORT_DRAWING_GOLDEN
G-RPT-0531,report,report.table.CAL-TBL-P00767-008,ENT-LINE-ACL,APPROVED_REPORT_DRAWING_GOLDEN,,,reportSpecification,report_item,RPT-00531,,CONFIRMED,MAPPED,promotion APPROVED_REPORT_DRAWING_GOLDEN
G-RPT-0532,report,report.table.CAL-TBL-P00767-009,ENT-LINE-ACL,APPROVED_REPORT_DRAWING_GOLDEN,,,reportSpecification,report_item,RPT-00532,,CONFIRMED,MAPPED,promotion APPROVED_REPORT_DRAWING_GOLDEN
G-RPT-0533,report,report.table.CAL-TBL-P00769-001,ENT-LINE-ACL,APPROVED_REPORT_DRAWING_GOLDEN,,,reportSpecification,report_item,RPT-00533,,CONFIRMED,MAPPED,promotion APPROVED_REPORT_DRAWING_GOLDEN
G-RPT-0534,report,report.table.CAL-TBL-P00769-002,ENT-LINE-ACL,APPROVED_REPORT_DRAWING_GOLDEN,,,reportSpecification,report_item,RPT-00534,,CONFIRMED,MAPPED,promotion APPROVED_REPORT_DRAWING_GOLDEN
G-RPT-0535,report,report.table.CAL-TBL-P00770-001,ENT-LINE-ACL,APPROVED_REPORT_DRAWING_GOLDEN,,,reportSpecification,report_item,RPT-00535,,CONFIRMED,MAPPED,promotion APPROVED_REPORT_DRAWING_GOLDEN
G-RPT-0536,report,report.table.CAL-TBL-P00770-002,ENT-LINE-ACL,APPROVED_REPORT_DRAWING_GOLDEN,,,reportSpecification,report_item,RPT-00536,,CONFIRMED,MAPPED,promotion APPROVED_REPORT_DRAWING_GOLDEN
G-RPT-0537,report,report.table.CAL-TBL-P00770-003,ENT-LINE-ACL,APPROVED_REPORT_DRAWING_GOLDEN,,,reportSpecification,report_item,RPT-00537,,CONFIRMED,MAPPED,promotion APPROVED_REPORT_DRAWING_GOLDEN
G-RPT-0538,report,report.table.CAL-TBL-P00770-004,ENT-LINE-ACL,APPROVED_REPORT_DRAWING_GOLDEN,,,reportSpecification,report_item,RPT-00538,,CONFIRMED,MAPPED,promotion APPROVED_REPORT_DRAWING_GOLDEN
G-RPT-0539,report,report.table.CAL-TBL-P00771-001,ENT-LINE-ACL,APPROVED_REPORT_DRAWING_GOLDEN,,,reportSpecification,report_item,RPT-00539,,CONFIRMED,MAPPED,promotion APPROVED_REPORT_DRAWING_GOLDEN
G-RPT-0540,report,report.table.CAL-TBL-P00771-002,ENT-LINE-ACL,APPROVED_REPORT_DRAWING_GOLDEN,,,reportSpecification,report_item,RPT-00540,,CONFIRMED,MAPPED,promotion APPROVED_REPORT_DRAWING_GOLDEN
G-RPT-0541,report,report.table.CAL-TBL-P00772-001,ENT-LINE-ACL,APPROVED_REPORT_DRAWING_GOLDEN,,,reportSpecification,report_item,RPT-00541,,CONFIRMED,MAPPED,promotion APPROVED_REPORT_DRAWING_GOLDEN
G-RPT-0542,report,report.table.CAL-TBL-P00772-002,ENT-LINE-ACL,APPROVED_REPORT_DRAWING_GOLDEN,,,reportSpecification,report_item,RPT-00542,,CONFIRMED,MAPPED,promotion APPROVED_REPORT_DRAWING_GOLDEN
G-RPT-0543,report,report.table.CAL-TBL-P00790-001,ENT-LINE-ACL,APPROVED_REPORT_DRAWING_GOLDEN,,,reportSpecification,report_item,RPT-00543,,CONFIRMED,MAPPED,promotion APPROVED_REPORT_DRAWING_GOLDEN
G-RPT-0544,report,report.table.CAL-TBL-P00790-002,ENT-LINE-ACL,APPROVED_REPORT_DRAWING_GOLDEN,,,reportSpecification,report_item,RPT-00544,,CONFIRMED,MAPPED,promotion APPROVED_REPORT_DRAWING_GOLDEN
G-RPT-0545,report,report.table.CAL-TBL-P00790-003,ENT-LINE-ACL,APPROVED_REPORT_DRAWING_GOLDEN,,,reportSpecification,report_item,RPT-00545,,CONFIRMED,MAPPED,promotion APPROVED_REPORT_DRAWING_GOLDEN
G-RPT-0546,report,report.table.CAL-TBL-P00790-004,ENT-LINE-ACL,APPROVED_REPORT_DRAWING_GOLDEN,,,reportSpecification,report_item,RPT-00546,,CONFIRMED,MAPPED,promotion APPROVED_REPORT_DRAWING_GOLDEN
G-RPT-0547,report,report.table.CAL-TBL-P00791-001,ENT-LINE-ACL,APPROVED_REPORT_DRAWING_GOLDEN,,,reportSpecification,report_item,RPT-00547,,CONFIRMED,MAPPED,promotion APPROVED_REPORT_DRAWING_GOLDEN
G-RPT-0548,report,report.table.CAL-TBL-P00791-002,ENT-LINE-ACL,APPROVED_REPORT_DRAWING_GOLDEN,,,reportSpecification,report_item,RPT-00548,,CONFIRMED,MAPPED,promotion APPROVED_REPORT_DRAWING_GOLDEN
G-RPT-0549,report,report.table.CAL-TBL-P00792-001,ENT-LINE-ACL,APPROVED_REPORT_DRAWING_GOLDEN,,,reportSpecification,report_item,RPT-00549,,CONFIRMED,MAPPED,promotion APPROVED_REPORT_DRAWING_GOLDEN
G-RPT-0550,report,report.table.CAL-TBL-P00792-002,ENT-LINE-ACL,APPROVED_REPORT_DRAWING_GOLDEN,,,reportSpecification,report_item,RPT-00550,,CONFIRMED,MAPPED,promotion APPROVED_REPORT_DRAWING_GOLDEN
G-RPT-0551,report,report.table.CAL-TBL-P00792-003,ENT-LINE-ACL,APPROVED_REPORT_DRAWING_GOLDEN,,,reportSpecification,report_item,RPT-00551,,CONFIRMED,MAPPED,promotion APPROVED_REPORT_DRAWING_GOLDEN
G-RPT-0552,report,report.table.CAL-TBL-P00819-001,ENT-LINE-ACL,APPROVED_REPORT_DRAWING_GOLDEN,,,reportSpecification,report_item,RPT-00552,,CONFIRMED,MAPPED,promotion APPROVED_REPORT_DRAWING_GOLDEN
G-RPT-0553,report,report.table.CAL-TBL-P00819-002,ENT-LINE-ACL,APPROVED_REPORT_DRAWING_GOLDEN,,,reportSpecification,report_item,RPT-00553,,CONFIRMED,MAPPED,promotion APPROVED_REPORT_DRAWING_GOLDEN
G-RPT-0554,report,report.table.CAL-TBL-P00819-003,ENT-LINE-ACL,APPROVED_REPORT_DRAWING_GOLDEN,,,reportSpecification,report_item,RPT-00554,,CONFIRMED,MAPPED,promotion APPROVED_REPORT_DRAWING_GOLDEN
G-RPT-0555,report,report.table.CAL-TBL-P00820-001,ENT-LINE-ACL,APPROVED_REPORT_DRAWING_GOLDEN,,,reportSpecification,report_item,RPT-00555,,CONFIRMED,MAPPED,promotion APPROVED_REPORT_DRAWING_GOLDEN
G-RPT-0556,report,report.table.CAL-TBL-P00820-002,ENT-LINE-ACL,APPROVED_REPORT_DRAWING_GOLDEN,,,reportSpecification,report_item,RPT-00556,,CONFIRMED,MAPPED,promotion APPROVED_REPORT_DRAWING_GOLDEN
G-RPT-0557,report,report.table.CAL-TBL-P00820-003,ENT-LINE-ACL,APPROVED_REPORT_DRAWING_GOLDEN,,,reportSpecification,report_item,RPT-00557,,CONFIRMED,MAPPED,promotion APPROVED_REPORT_DRAWING_GOLDEN
G-RPT-0558,report,report.table.CAL-TBL-P00821-001,ENT-LINE-ACL,APPROVED_REPORT_DRAWING_GOLDEN,,,reportSpecification,report_item,RPT-00558,,CONFIRMED,MAPPED,promotion APPROVED_REPORT_DRAWING_GOLDEN
G-RPT-0559,report,report.table.CAL-TBL-P00821-002,ENT-LINE-ACL,APPROVED_REPORT_DRAWING_GOLDEN,,,reportSpecification,report_item,RPT-00559,,CONFIRMED,MAPPED,promotion APPROVED_REPORT_DRAWING_GOLDEN
G-RPT-0560,report,report.table.CAL-TBL-P00821-003,ENT-LINE-ACL,APPROVED_REPORT_DRAWING_GOLDEN,,,reportSpecification,report_item,RPT-00560,,CONFIRMED,MAPPED,promotion APPROVED_REPORT_DRAWING_GOLDEN
G-RPT-0561,report,report.table.CAL-TBL-P00845-001,ENT-LINE-ACL,APPROVED_REPORT_DRAWING_GOLDEN,,,reportSpecification,report_item,RPT-00561,,CONFIRMED,MAPPED,promotion APPROVED_REPORT_DRAWING_GOLDEN
G-RPT-0562,report,report.table.CAL-TBL-P00845-002,ENT-LINE-ACL,APPROVED_REPORT_DRAWING_GOLDEN,,,reportSpecification,report_item,RPT-00562,,CONFIRMED,MAPPED,promotion APPROVED_REPORT_DRAWING_GOLDEN
G-RPT-0563,report,report.table.CAL-TBL-P00845-003,ENT-LINE-ACL,APPROVED_REPORT_DRAWING_GOLDEN,,,reportSpecification,report_item,RPT-00563,,CONFIRMED,MAPPED,promotion APPROVED_REPORT_DRAWING_GOLDEN
G-RPT-0564,report,report.table.CAL-TBL-P00850-001,ENT-LINE-ACL,APPROVED_REPORT_DRAWING_GOLDEN,,,reportSpecification,report_item,RPT-00564,,CONFIRMED,MAPPED,promotion APPROVED_REPORT_DRAWING_GOLDEN
G-RPT-0565,report,report.table.CAL-TBL-P00850-002,ENT-LINE-ACL,APPROVED_REPORT_DRAWING_GOLDEN,,,reportSpecification,report_item,RPT-00565,,CONFIRMED,MAPPED,promotion APPROVED_REPORT_DRAWING_GOLDEN
G-RPT-0566,report,report.table.CAL-TBL-P00850-003,ENT-LINE-ACL,APPROVED_REPORT_DRAWING_GOLDEN,,,reportSpecification,report_item,RPT-00566,,CONFIRMED,MAPPED,promotion APPROVED_REPORT_DRAWING_GOLDEN
G-RPT-0567,report,report.table.CAL-TBL-P00851-001,ENT-LINE-ACL,APPROVED_REPORT_DRAWING_GOLDEN,,,reportSpecification,report_item,RPT-00567,,CONFIRMED,MAPPED,promotion APPROVED_REPORT_DRAWING_GOLDEN
G-RPT-0568,report,report.table.CAL-TBL-P00851-002,ENT-LINE-ACL,APPROVED_REPORT_DRAWING_GOLDEN,,,reportSpecification,report_item,RPT-00568,,CONFIRMED,MAPPED,promotion APPROVED_REPORT_DRAWING_GOLDEN
G-RPT-0569,report,report.table.CAL-TBL-P00851-003,ENT-LINE-ACL,APPROVED_REPORT_DRAWING_GOLDEN,,,reportSpecification,report_item,RPT-00569,,CONFIRMED,MAPPED,promotion APPROVED_REPORT_DRAWING_GOLDEN
G-RPT-0570,report,report.table.CAL-TBL-P00852-001,ENT-LINE-ACL,APPROVED_REPORT_DRAWING_GOLDEN,,,reportSpecification,report_item,RPT-00570,,CONFIRMED,MAPPED,promotion APPROVED_REPORT_DRAWING_GOLDEN
G-RPT-0571,report,report.table.CAL-TBL-P00852-002,ENT-LINE-ACL,APPROVED_REPORT_DRAWING_GOLDEN,,,reportSpecification,report_item,RPT-00571,,CONFIRMED,MAPPED,promotion APPROVED_REPORT_DRAWING_GOLDEN
G-RPT-0572,report,report.table.CAL-TBL-P00852-003,ENT-LINE-ACL,APPROVED_REPORT_DRAWING_GOLDEN,,,reportSpecification,report_item,RPT-00572,,CONFIRMED,MAPPED,promotion APPROVED_REPORT_DRAWING_GOLDEN
G-RPT-0573,report,report.table.CAL-TBL-P00853-001,ENT-LINE-ACL,APPROVED_REPORT_DRAWING_GOLDEN,,,reportSpecification,report_item,RPT-00573,,CONFIRMED,MAPPED,promotion APPROVED_REPORT_DRAWING_GOLDEN
G-RPT-0574,report,report.table.CAL-TBL-P00853-002,ENT-LINE-ACL,APPROVED_REPORT_DRAWING_GOLDEN,,,reportSpecification,report_item,RPT-00574,,CONFIRMED,MAPPED,promotion APPROVED_REPORT_DRAWING_GOLDEN
G-RPT-0575,report,report.table.CAL-TBL-P00854-001,ENT-LINE-ACL,APPROVED_REPORT_DRAWING_GOLDEN,,,reportSpecification,report_item,RPT-00575,,CONFIRMED,MAPPED,promotion APPROVED_REPORT_DRAWING_GOLDEN
G-RPT-0576,report,report.table.CAL-TBL-P00854-002,ENT-LINE-ACL,APPROVED_REPORT_DRAWING_GOLDEN,,,reportSpecification,report_item,RPT-00576,,CONFIRMED,MAPPED,promotion APPROVED_REPORT_DRAWING_GOLDEN
G-RPT-0577,report,report.table.CAL-TBL-P00876-001,ENT-LINE-ACL,APPROVED_REPORT_DRAWING_GOLDEN,,,reportSpecification,report_item,RPT-00577,,CONFIRMED,MAPPED,promotion APPROVED_REPORT_DRAWING_GOLDEN
G-RPT-0578,report,report.table.CAL-TBL-P00876-002,ENT-LINE-ACL,APPROVED_REPORT_DRAWING_GOLDEN,,,reportSpecification,report_item,RPT-00578,,CONFIRMED,MAPPED,promotion APPROVED_REPORT_DRAWING_GOLDEN
G-RPT-0579,report,report.table.CAL-TBL-P00876-003,ENT-LINE-ACL,APPROVED_REPORT_DRAWING_GOLDEN,,,reportSpecification,report_item,RPT-00579,,CONFIRMED,MAPPED,promotion APPROVED_REPORT_DRAWING_GOLDEN
G-RPT-0580,report,report.table.CAL-TBL-P00876-004,ENT-LINE-ACL,APPROVED_REPORT_DRAWING_GOLDEN,,,reportSpecification,report_item,RPT-00580,,CONFIRMED,MAPPED,promotion APPROVED_REPORT_DRAWING_GOLDEN
G-RPT-0581,report,report.table.CAL-TBL-P00876-005,ENT-LINE-ACL,APPROVED_REPORT_DRAWING_GOLDEN,,,reportSpecification,report_item,RPT-00581,,CONFIRMED,MAPPED,promotion APPROVED_REPORT_DRAWING_GOLDEN
G-RPT-0582,report,report.table.CAL-TBL-P00876-006,ENT-LINE-ACL,APPROVED_REPORT_DRAWING_GOLDEN,,,reportSpecification,report_item,RPT-00582,,CONFIRMED,MAPPED,promotion APPROVED_REPORT_DRAWING_GOLDEN
G-RPT-0583,report,report.table.CAL-TBL-P00882-001,ENT-LINE-ACL,APPROVED_REPORT_DRAWING_GOLDEN,,,reportSpecification,report_item,RPT-00583,,CONFIRMED,MAPPED,promotion APPROVED_REPORT_DRAWING_GOLDEN
G-RPT-0584,report,report.table.CAL-TBL-P00882-002,ENT-LINE-ACL,APPROVED_REPORT_DRAWING_GOLDEN,,,reportSpecification,report_item,RPT-00584,,CONFIRMED,MAPPED,promotion APPROVED_REPORT_DRAWING_GOLDEN
G-RPT-0585,report,report.table.CAL-TBL-P00882-003,ENT-LINE-ACL,APPROVED_REPORT_DRAWING_GOLDEN,,,reportSpecification,report_item,RPT-00585,,CONFIRMED,MAPPED,promotion APPROVED_REPORT_DRAWING_GOLDEN
G-RPT-0586,report,report.table.CAL-TBL-P00882-004,ENT-LINE-ACL,APPROVED_REPORT_DRAWING_GOLDEN,,,reportSpecification,report_item,RPT-00586,,CONFIRMED,MAPPED,promotion APPROVED_REPORT_DRAWING_GOLDEN
G-RPT-0587,report,report.table.CAL-TBL-P00882-005,ENT-LINE-ACL,APPROVED_REPORT_DRAWING_GOLDEN,,,reportSpecification,report_item,RPT-00587,,CONFIRMED,MAPPED,promotion APPROVED_REPORT_DRAWING_GOLDEN
G-RPT-0588,report,report.table.CAL-TBL-P00882-006,ENT-LINE-ACL,APPROVED_REPORT_DRAWING_GOLDEN,,,reportSpecification,report_item,RPT-00588,,CONFIRMED,MAPPED,promotion APPROVED_REPORT_DRAWING_GOLDEN
G-RPT-0589,report,report.table.CAL-TBL-P00882-007,ENT-LINE-ACL,APPROVED_REPORT_DRAWING_GOLDEN,,,reportSpecification,report_item,RPT-00589,,CONFIRMED,MAPPED,promotion APPROVED_REPORT_DRAWING_GOLDEN
G-RPT-0590,report,report.table.CAL-TBL-P00882-008,ENT-LINE-ACL,APPROVED_REPORT_DRAWING_GOLDEN,,,reportSpecification,report_item,RPT-00590,,CONFIRMED,MAPPED,promotion APPROVED_REPORT_DRAWING_GOLDEN
G-RPT-0591,report,report.table.CAL-TBL-P00893-001,ENT-LINE-ACL,APPROVED_REPORT_DRAWING_GOLDEN,,,reportSpecification,report_item,RPT-00591,,CONFIRMED,MAPPED,promotion APPROVED_REPORT_DRAWING_GOLDEN
G-RPT-0592,report,report.table.CAL-TBL-P00893-002,ENT-LINE-ACL,APPROVED_REPORT_DRAWING_GOLDEN,,,reportSpecification,report_item,RPT-00592,,CONFIRMED,MAPPED,promotion APPROVED_REPORT_DRAWING_GOLDEN
G-RPT-0593,report,report.table.CAL-TBL-P00893-003,ENT-LINE-ACL,APPROVED_REPORT_DRAWING_GOLDEN,,,reportSpecification,report_item,RPT-00593,,CONFIRMED,MAPPED,promotion APPROVED_REPORT_DRAWING_GOLDEN
G-RPT-0594,report,report.table.CAL-TBL-P00893-004,ENT-LINE-ACL,APPROVED_REPORT_DRAWING_GOLDEN,,,reportSpecification,report_item,RPT-00594,,CONFIRMED,MAPPED,promotion APPROVED_REPORT_DRAWING_GOLDEN
G-RPT-0595,report,report.table.CAL-TBL-P00893-005,ENT-LINE-ACL,APPROVED_REPORT_DRAWING_GOLDEN,,,reportSpecification,report_item,RPT-00595,,CONFIRMED,MAPPED,promotion APPROVED_REPORT_DRAWING_GOLDEN
G-RPT-0596,report,report.table.CAL-TBL-P00893-006,ENT-LINE-ACL,APPROVED_REPORT_DRAWING_GOLDEN,,,reportSpecification,report_item,RPT-00596,,CONFIRMED,MAPPED,promotion APPROVED_REPORT_DRAWING_GOLDEN
G-RPT-0597,report,report.table.CAL-TBL-P00893-007,ENT-LINE-ACL,APPROVED_REPORT_DRAWING_GOLDEN,,,reportSpecification,report_item,RPT-00597,,CONFIRMED,MAPPED,promotion APPROVED_REPORT_DRAWING_GOLDEN
G-RPT-0598,report,report.table.CAL-TBL-P00901-001,ENT-LINE-ACL,APPROVED_REPORT_DRAWING_GOLDEN,,,reportSpecification,report_item,RPT-00598,,CONFIRMED,MAPPED,promotion APPROVED_REPORT_DRAWING_GOLDEN
G-RPT-0599,report,report.table.CAL-TBL-P00901-002,ENT-LINE-ACL,APPROVED_REPORT_DRAWING_GOLDEN,,,reportSpecification,report_item,RPT-00599,,CONFIRMED,MAPPED,promotion APPROVED_REPORT_DRAWING_GOLDEN
G-RPT-0600,report,report.table.CAL-TBL-P01299-001,ENT-LINE-ACL,APPROVED_REPORT_DRAWING_GOLDEN,,,reportSpecification,report_item,RPT-00600,,CONFIRMED,MAPPED,promotion APPROVED_REPORT_DRAWING_GOLDEN
G-RPT-0601,report,report.table.CAL-TBL-P01299-002,ENT-LINE-ACL,APPROVED_REPORT_DRAWING_GOLDEN,,,reportSpecification,report_item,RPT-00601,,CONFIRMED,MAPPED,promotion APPROVED_REPORT_DRAWING_GOLDEN
G-RPT-0602,report,report.table.CAL-TBL-P01299-003,ENT-LINE-ACL,APPROVED_REPORT_DRAWING_GOLDEN,,,reportSpecification,report_item,RPT-00602,,CONFIRMED,MAPPED,promotion APPROVED_REPORT_DRAWING_GOLDEN
G-RPT-0603,report,report.table.CAL-TBL-P01299-004,ENT-LINE-ACL,APPROVED_REPORT_DRAWING_GOLDEN,,,reportSpecification,report_item,RPT-00603,,CONFIRMED,MAPPED,promotion APPROVED_REPORT_DRAWING_GOLDEN
G-RPT-0604,report,report.table.CAL-TBL-P01299-005,ENT-LINE-ACL,APPROVED_REPORT_DRAWING_GOLDEN,,,reportSpecification,report_item,RPT-00604,,CONFIRMED,MAPPED,promotion APPROVED_REPORT_DRAWING_GOLDEN
G-RPT-0605,report,report.table.CAL-TBL-P01299-006,ENT-LINE-ACL,APPROVED_REPORT_DRAWING_GOLDEN,,,reportSpecification,report_item,RPT-00605,,CONFIRMED,MAPPED,promotion APPROVED_REPORT_DRAWING_GOLDEN
G-RPT-0606,report,report.table.CAL-TBL-P01299-007,ENT-LINE-ACL,APPROVED_REPORT_DRAWING_GOLDEN,,,reportSpecification,report_item,RPT-00606,,CONFIRMED,MAPPED,promotion APPROVED_REPORT_DRAWING_GOLDEN
G-RPT-0607,report,report.table.CAL-TBL-P01299-008,ENT-LINE-ACL,APPROVED_REPORT_DRAWING_GOLDEN,,,reportSpecification,report_item,RPT-00607,,CONFIRMED,MAPPED,promotion APPROVED_REPORT_DRAWING_GOLDEN
G-RPT-0608,report,report.table.CAL-TBL-P01299-009,ENT-LINE-ACL,APPROVED_REPORT_DRAWING_GOLDEN,,,reportSpecification,report_item,RPT-00608,,CONFIRMED,MAPPED,promotion APPROVED_REPORT_DRAWING_GOLDEN
G-RPT-0609,report,report.table.CAL-TBL-P01299-010,ENT-LINE-ACL,APPROVED_REPORT_DRAWING_GOLDEN,,,reportSpecification,report_item,RPT-00609,,CONFIRMED,MAPPED,promotion APPROVED_REPORT_DRAWING_GOLDEN
G-RPT-0610,report,report.table.CAL-TBL-P01299-011,ENT-LINE-ACL,APPROVED_REPORT_DRAWING_GOLDEN,,,reportSpecification,report_item,RPT-00610,,CONFIRMED,MAPPED,promotion APPROVED_REPORT_DRAWING_GOLDEN
G-RPT-0611,report,report.table.CAL-TBL-P01299-012,ENT-LINE-ACL,APPROVED_REPORT_DRAWING_GOLDEN,,,reportSpecification,report_item,RPT-00611,,CONFIRMED,MAPPED,promotion APPROVED_REPORT_DRAWING_GOLDEN
G-RPT-0612,report,report.table.CAL-TBL-P01299-013,ENT-LINE-ACL,APPROVED_REPORT_DRAWING_GOLDEN,,,reportSpecification,report_item,RPT-00612,,CONFIRMED,MAPPED,promotion APPROVED_REPORT_DRAWING_GOLDEN
G-RPT-0613,report,report.table.CAL-TBL-P01299-014,ENT-LINE-ACL,APPROVED_REPORT_DRAWING_GOLDEN,,,reportSpecification,report_item,RPT-00613,,CONFIRMED,MAPPED,promotion APPROVED_REPORT_DRAWING_GOLDEN
G-RPT-0614,report,report.table.CAL-TBL-P01299-015,ENT-LINE-ACL,APPROVED_REPORT_DRAWING_GOLDEN,,,reportSpecification,report_item,RPT-00614,,CONFIRMED,MAPPED,promotion APPROVED_REPORT_DRAWING_GOLDEN
G-RPT-0615,report,report.table.CAL-TBL-P01299-016,ENT-LINE-ACL,APPROVED_REPORT_DRAWING_GOLDEN,,,reportSpecification,report_item,RPT-00615,,CONFIRMED,MAPPED,promotion APPROVED_REPORT_DRAWING_GOLDEN
G-RPT-0616,report,report.table.CAL-TBL-P01299-017,ENT-LINE-ACL,APPROVED_REPORT_DRAWING_GOLDEN,,,reportSpecification,report_item,RPT-00616,,CONFIRMED,MAPPED,promotion APPROVED_REPORT_DRAWING_GOLDEN
G-RPT-0617,report,report.table.CAL-TBL-P01299-018,ENT-LINE-ACL,APPROVED_REPORT_DRAWING_GOLDEN,,,reportSpecification,report_item,RPT-00617,,CONFIRMED,MAPPED,promotion APPROVED_REPORT_DRAWING_GOLDEN
G-RPT-0618,report,report.table.CAL-TBL-P01299-019,ENT-LINE-ACL,APPROVED_REPORT_DRAWING_GOLDEN,,,reportSpecification,report_item,RPT-00618,,CONFIRMED,MAPPED,promotion APPROVED_REPORT_DRAWING_GOLDEN
G-RPT-0619,report,report.table.CAL-TBL-P01299-020,ENT-LINE-ACL,APPROVED_REPORT_DRAWING_GOLDEN,,,reportSpecification,report_item,RPT-00619,,CONFIRMED,MAPPED,promotion APPROVED_REPORT_DRAWING_GOLDEN
G-RPT-0620,report,report.table.CAL-TBL-P01299-021,ENT-LINE-ACL,APPROVED_REPORT_DRAWING_GOLDEN,,,reportSpecification,report_item,RPT-00620,,CONFIRMED,MAPPED,promotion APPROVED_REPORT_DRAWING_GOLDEN
G-RPT-0621,report,report.table.CAL-TBL-P01319-001,ENT-LINE-ACL,APPROVED_REPORT_DRAWING_GOLDEN,,,reportSpecification,report_item,RPT-00621,,CONFIRMED,MAPPED,promotion APPROVED_REPORT_DRAWING_GOLDEN
G-RPT-0622,report,report.table.CAL-TBL-P01319-002,ENT-LINE-ACL,APPROVED_REPORT_DRAWING_GOLDEN,,,reportSpecification,report_item,RPT-00622,,CONFIRMED,MAPPED,promotion APPROVED_REPORT_DRAWING_GOLDEN
G-RPT-0623,report,report.table.CAL-TBL-P01319-003,ENT-LINE-ACL,APPROVED_REPORT_DRAWING_GOLDEN,,,reportSpecification,report_item,RPT-00623,,CONFIRMED,MAPPED,promotion APPROVED_REPORT_DRAWING_GOLDEN
G-RPT-0624,report,report.table.CAL-TBL-P01319-004,ENT-LINE-ACL,APPROVED_REPORT_DRAWING_GOLDEN,,,reportSpecification,report_item,RPT-00624,,CONFIRMED,MAPPED,promotion APPROVED_REPORT_DRAWING_GOLDEN
G-RPT-0625,report,report.table.CAL-TBL-P01319-005,ENT-LINE-ACL,APPROVED_REPORT_DRAWING_GOLDEN,,,reportSpecification,report_item,RPT-00625,,CONFIRMED,MAPPED,promotion APPROVED_REPORT_DRAWING_GOLDEN
G-RPT-0626,report,report.table.CAL-TBL-P01319-006,ENT-LINE-ACL,APPROVED_REPORT_DRAWING_GOLDEN,,,reportSpecification,report_item,RPT-00626,,CONFIRMED,MAPPED,promotion APPROVED_REPORT_DRAWING_GOLDEN
G-RPT-0627,report,report.table.CAL-TBL-P01319-007,ENT-LINE-ACL,APPROVED_REPORT_DRAWING_GOLDEN,,,reportSpecification,report_item,RPT-00627,,CONFIRMED,MAPPED,promotion APPROVED_REPORT_DRAWING_GOLDEN
G-RPT-0628,report,report.table.CAL-TBL-P01319-008,ENT-LINE-ACL,APPROVED_REPORT_DRAWING_GOLDEN,,,reportSpecification,report_item,RPT-00628,,CONFIRMED,MAPPED,promotion APPROVED_REPORT_DRAWING_GOLDEN
G-RPT-0629,report,report.table.CAL-TBL-P01319-009,ENT-LINE-ACL,APPROVED_REPORT_DRAWING_GOLDEN,,,reportSpecification,report_item,RPT-00629,,CONFIRMED,MAPPED,promotion APPROVED_REPORT_DRAWING_GOLDEN
G-RPT-0630,report,report.table.CAL-TBL-P01319-010,ENT-LINE-ACL,APPROVED_REPORT_DRAWING_GOLDEN,,,reportSpecification,report_item,RPT-00630,,CONFIRMED,MAPPED,promotion APPROVED_REPORT_DRAWING_GOLDEN
G-RPT-0631,report,report.table.CAL-TBL-P01319-011,ENT-LINE-ACL,APPROVED_REPORT_DRAWING_GOLDEN,,,reportSpecification,report_item,RPT-00631,,CONFIRMED,MAPPED,promotion APPROVED_REPORT_DRAWING_GOLDEN
G-RPT-0632,report,report.table.CAL-TBL-P01319-012,ENT-LINE-ACL,APPROVED_REPORT_DRAWING_GOLDEN,,,reportSpecification,report_item,RPT-00632,,CONFIRMED,MAPPED,promotion APPROVED_REPORT_DRAWING_GOLDEN
G-RPT-0633,report,report.table.CAL-TBL-P01319-013,ENT-LINE-ACL,APPROVED_REPORT_DRAWING_GOLDEN,,,reportSpecification,report_item,RPT-00633,,CONFIRMED,MAPPED,promotion APPROVED_REPORT_DRAWING_GOLDEN
G-RPT-0634,report,report.table.CAL-TBL-P01319-014,ENT-LINE-ACL,APPROVED_REPORT_DRAWING_GOLDEN,,,reportSpecification,report_item,RPT-00634,,CONFIRMED,MAPPED,promotion APPROVED_REPORT_DRAWING_GOLDEN
G-RPT-0635,report,report.table.CAL-TBL-P01319-015,ENT-LINE-ACL,APPROVED_REPORT_DRAWING_GOLDEN,,,reportSpecification,report_item,RPT-00635,,CONFIRMED,MAPPED,promotion APPROVED_REPORT_DRAWING_GOLDEN
G-RPT-0636,report,report.table.CAL-TBL-P01319-016,ENT-LINE-ACL,APPROVED_REPORT_DRAWING_GOLDEN,,,reportSpecification,report_item,RPT-00636,,CONFIRMED,MAPPED,promotion APPROVED_REPORT_DRAWING_GOLDEN
G-RPT-0637,report,report.table.CAL-TBL-P01319-017,ENT-LINE-ACL,APPROVED_REPORT_DRAWING_GOLDEN,,,reportSpecification,report_item,RPT-00637,,CONFIRMED,MAPPED,promotion APPROVED_REPORT_DRAWING_GOLDEN
G-RPT-0638,report,report.table.CAL-TBL-P01319-018,ENT-LINE-ACL,APPROVED_REPORT_DRAWING_GOLDEN,,,reportSpecification,report_item,RPT-00638,,CONFIRMED,MAPPED,promotion APPROVED_REPORT_DRAWING_GOLDEN
G-RPT-0639,report,report.table.CAL-TBL-P01319-019,ENT-LINE-ACL,APPROVED_REPORT_DRAWING_GOLDEN,,,reportSpecification,report_item,RPT-00639,,CONFIRMED,MAPPED,promotion APPROVED_REPORT_DRAWING_GOLDEN
G-RPT-0640,report,report.table.CAL-TBL-P01319-020,ENT-LINE-ACL,APPROVED_REPORT_DRAWING_GOLDEN,,,reportSpecification,report_item,RPT-00640,,CONFIRMED,MAPPED,promotion APPROVED_REPORT_DRAWING_GOLDEN
G-RPT-0641,report,report.table.CAL-TBL-P01319-021,ENT-LINE-ACL,APPROVED_REPORT_DRAWING_GOLDEN,,,reportSpecification,report_item,RPT-00641,,CONFIRMED,MAPPED,promotion APPROVED_REPORT_DRAWING_GOLDEN
G-RPT-0642,report,report.table.CAL-TBL-P01319-022,ENT-LINE-ACL,APPROVED_REPORT_DRAWING_GOLDEN,,,reportSpecification,report_item,RPT-00642,,CONFIRMED,MAPPED,promotion APPROVED_REPORT_DRAWING_GOLDEN
G-RPT-0643,report,report.table.CAL-TBL-P01319-023,ENT-LINE-ACL,APPROVED_REPORT_DRAWING_GOLDEN,,,reportSpecification,report_item,RPT-00643,,CONFIRMED,MAPPED,promotion APPROVED_REPORT_DRAWING_GOLDEN
G-RPT-0644,report,report.table.CAL-TBL-P01319-024,ENT-LINE-ACL,APPROVED_REPORT_DRAWING_GOLDEN,,,reportSpecification,report_item,RPT-00644,,CONFIRMED,MAPPED,promotion APPROVED_REPORT_DRAWING_GOLDEN
G-RPT-0645,report,report.table.CAL-TBL-P01319-025,ENT-LINE-ACL,APPROVED_REPORT_DRAWING_GOLDEN,,,reportSpecification,report_item,RPT-00645,,CONFIRMED,MAPPED,promotion APPROVED_REPORT_DRAWING_GOLDEN
G-RPT-0646,report,report.table.CAL-TBL-P01319-026,ENT-LINE-ACL,APPROVED_REPORT_DRAWING_GOLDEN,,,reportSpecification,report_item,RPT-00646,,CONFIRMED,MAPPED,promotion APPROVED_REPORT_DRAWING_GOLDEN
G-RPT-0647,report,report.table.CAL-TBL-P01319-027,ENT-LINE-ACL,APPROVED_REPORT_DRAWING_GOLDEN,,,reportSpecification,report_item,RPT-00647,,CONFIRMED,MAPPED,promotion APPROVED_REPORT_DRAWING_GOLDEN
G-RPT-0648,report,report.table.CAL-TBL-P01319-028,ENT-LINE-ACL,APPROVED_REPORT_DRAWING_GOLDEN,,,reportSpecification,report_item,RPT-00648,,CONFIRMED,MAPPED,promotion APPROVED_REPORT_DRAWING_GOLDEN
G-RPT-0649,report,report.table.CAL-TBL-P01319-029,ENT-LINE-ACL,APPROVED_REPORT_DRAWING_GOLDEN,,,reportSpecification,report_item,RPT-00649,,CONFIRMED,MAPPED,promotion APPROVED_REPORT_DRAWING_GOLDEN
G-RPT-0650,report,report.table.CAL-TBL-P01322-001,ENT-LINE-ACL,APPROVED_REPORT_DRAWING_GOLDEN,,,reportSpecification,report_item,RPT-00650,,CONFIRMED,MAPPED,promotion APPROVED_REPORT_DRAWING_GOLDEN
G-RPT-0651,report,report.table.CAL-TBL-P01322-002,ENT-LINE-ACL,APPROVED_REPORT_DRAWING_GOLDEN,,,reportSpecification,report_item,RPT-00651,,CONFIRMED,MAPPED,promotion APPROVED_REPORT_DRAWING_GOLDEN
G-RPT-0652,report,report.table.CAL-TBL-P01322-003,ENT-LINE-ACL,APPROVED_REPORT_DRAWING_GOLDEN,,,reportSpecification,report_item,RPT-00652,,CONFIRMED,MAPPED,promotion APPROVED_REPORT_DRAWING_GOLDEN
G-RPT-0653,report,report.table.CAL-TBL-P01322-004,ENT-LINE-ACL,APPROVED_REPORT_DRAWING_GOLDEN,,,reportSpecification,report_item,RPT-00653,,CONFIRMED,MAPPED,promotion APPROVED_REPORT_DRAWING_GOLDEN
G-RPT-0654,report,report.table.CAL-TBL-P01322-005,ENT-LINE-ACL,APPROVED_REPORT_DRAWING_GOLDEN,,,reportSpecification,report_item,RPT-00654,,CONFIRMED,MAPPED,promotion APPROVED_REPORT_DRAWING_GOLDEN
G-RPT-0655,report,report.table.CAL-TBL-P01322-006,ENT-LINE-ACL,APPROVED_REPORT_DRAWING_GOLDEN,,,reportSpecification,report_item,RPT-00655,,CONFIRMED,MAPPED,promotion APPROVED_REPORT_DRAWING_GOLDEN
G-RPT-0656,report,report.table.CAL-TBL-P01322-007,ENT-LINE-ACL,APPROVED_REPORT_DRAWING_GOLDEN,,,reportSpecification,report_item,RPT-00656,,CONFIRMED,MAPPED,promotion APPROVED_REPORT_DRAWING_GOLDEN
G-RPT-0657,report,report.table.CAL-TBL-P01322-008,ENT-LINE-ACL,APPROVED_REPORT_DRAWING_GOLDEN,,,reportSpecification,report_item,RPT-00657,,CONFIRMED,MAPPED,promotion APPROVED_REPORT_DRAWING_GOLDEN
G-RPT-0658,report,report.table.CAL-TBL-P01322-009,ENT-LINE-ACL,APPROVED_REPORT_DRAWING_GOLDEN,,,reportSpecification,report_item,RPT-00658,,CONFIRMED,MAPPED,promotion APPROVED_REPORT_DRAWING_GOLDEN
G-RPT-0659,report,report.table.CAL-TBL-P01322-010,ENT-LINE-ACL,APPROVED_REPORT_DRAWING_GOLDEN,,,reportSpecification,report_item,RPT-00659,,CONFIRMED,MAPPED,promotion APPROVED_REPORT_DRAWING_GOLDEN
G-RPT-0660,report,report.table.CAL-TBL-P01322-011,ENT-LINE-ACL,APPROVED_REPORT_DRAWING_GOLDEN,,,reportSpecification,report_item,RPT-00660,,CONFIRMED,MAPPED,promotion APPROVED_REPORT_DRAWING_GOLDEN
G-RPT-0661,report,report.table.CAL-TBL-P01322-012,ENT-LINE-ACL,APPROVED_REPORT_DRAWING_GOLDEN,,,reportSpecification,report_item,RPT-00661,,CONFIRMED,MAPPED,promotion APPROVED_REPORT_DRAWING_GOLDEN
G-RPT-0662,report,report.table.CAL-TBL-P01322-013,ENT-LINE-ACL,APPROVED_REPORT_DRAWING_GOLDEN,,,reportSpecification,report_item,RPT-00662,,CONFIRMED,MAPPED,promotion APPROVED_REPORT_DRAWING_GOLDEN
G-RPT-0663,report,report.table.CAL-TBL-P01322-014,ENT-LINE-ACL,APPROVED_REPORT_DRAWING_GOLDEN,,,reportSpecification,report_item,RPT-00663,,CONFIRMED,MAPPED,promotion APPROVED_REPORT_DRAWING_GOLDEN
G-RPT-0664,report,report.table.CAL-TBL-P01322-015,ENT-LINE-ACL,APPROVED_REPORT_DRAWING_GOLDEN,,,reportSpecification,report_item,RPT-00664,,CONFIRMED,MAPPED,promotion APPROVED_REPORT_DRAWING_GOLDEN
G-RPT-0665,report,report.table.CAL-TBL-P01322-016,ENT-LINE-ACL,APPROVED_REPORT_DRAWING_GOLDEN,,,reportSpecification,report_item,RPT-00665,,CONFIRMED,MAPPED,promotion APPROVED_REPORT_DRAWING_GOLDEN
G-RPT-0666,report,report.table.CAL-TBL-P01947-001,ENT-LINE-ACL,APPROVED_REPORT_DRAWING_GOLDEN,,,reportSpecification,report_item,RPT-00666,,CONFIRMED,MAPPED,promotion APPROVED_REPORT_DRAWING_GOLDEN
G-RPT-0667,report,report.table.CAL-TBL-P01947-002,ENT-LINE-ACL,APPROVED_REPORT_DRAWING_GOLDEN,,,reportSpecification,report_item,RPT-00667,,CONFIRMED,MAPPED,promotion APPROVED_REPORT_DRAWING_GOLDEN
G-RPT-0668,report,report.table.CAL-TBL-P01947-003,ENT-LINE-ACL,APPROVED_REPORT_DRAWING_GOLDEN,,,reportSpecification,report_item,RPT-00668,,CONFIRMED,MAPPED,promotion APPROVED_REPORT_DRAWING_GOLDEN
G-RPT-0669,report,report.table.CH5-TBL-001,ENT-LINE-ACL,APPROVED_REPORT_DRAWING_GOLDEN,,,reportSpecification,report_item,RPT-00669,,CONFIRMED,MAPPED,promotion APPROVED_REPORT_DRAWING_GOLDEN
G-RPT-0670,report,report.table.CH5-TBL-002,ENT-LINE-ACL,APPROVED_REPORT_DRAWING_GOLDEN,,,reportSpecification,report_item,RPT-00670,,CONFIRMED,MAPPED,promotion APPROVED_REPORT_DRAWING_GOLDEN
G-RPT-0671,report,report.table.CH5-TBL-003,ENT-LINE-ACL,APPROVED_REPORT_DRAWING_GOLDEN,,,reportSpecification,report_item,RPT-00671,,CONFIRMED,MAPPED,promotion APPROVED_REPORT_DRAWING_GOLDEN
G-RPT-0672,report,report.table.CH5-TBL-004,ENT-LINE-ACL,APPROVED_REPORT_DRAWING_GOLDEN,,,reportSpecification,report_item,RPT-00672,,CONFIRMED,MAPPED,promotion APPROVED_REPORT_DRAWING_GOLDEN
G-RPT-0673,report,report.table.CH5-TBL-005,ENT-LINE-ACL,APPROVED_REPORT_DRAWING_GOLDEN,,,reportSpecification,report_item,RPT-00673,,CONFIRMED,MAPPED,promotion APPROVED_REPORT_DRAWING_GOLDEN
G-RPT-0674,report,report.table.CH5-TBL-006,ENT-LINE-ACL,APPROVED_REPORT_DRAWING_GOLDEN,,,reportSpecification,report_item,RPT-00674,,CONFIRMED,MAPPED,promotion APPROVED_REPORT_DRAWING_GOLDEN
G-RPT-0675,report,report.table.CH5-TBL-007,ENT-LINE-ACL,APPROVED_REPORT_DRAWING_GOLDEN,,,reportSpecification,report_item,RPT-00675,,CONFIRMED,MAPPED,promotion APPROVED_REPORT_DRAWING_GOLDEN
G-RPT-0676,report,report.table.CH5-TBL-008,ENT-LINE-ACL,APPROVED_REPORT_DRAWING_GOLDEN,,,reportSpecification,report_item,RPT-00676,,CONFIRMED,MAPPED,promotion APPROVED_REPORT_DRAWING_GOLDEN
G-RPT-0677,report,report.table.CH5-TBL-009,ENT-LINE-ACL,APPROVED_REPORT_DRAWING_GOLDEN,,,reportSpecification,report_item,RPT-00677,,CONFIRMED,MAPPED,promotion APPROVED_REPORT_DRAWING_GOLDEN
G-RPT-0678,report,report.table.CH5-TBL-010,ENT-LINE-ACL,APPROVED_REPORT_DRAWING_GOLDEN,,,reportSpecification,report_item,RPT-00678,,CONFIRMED,MAPPED,promotion APPROVED_REPORT_DRAWING_GOLDEN
G-RPT-0679,report,report.table.CH5-TBL-011,ENT-LINE-ACL,APPROVED_REPORT_DRAWING_GOLDEN,,,reportSpecification,report_item,RPT-00679,,CONFIRMED,MAPPED,promotion APPROVED_REPORT_DRAWING_GOLDEN
G-RPT-0680,report,report.table.CH5-TBL-012,ENT-LINE-ACL,APPROVED_REPORT_DRAWING_GOLDEN,,,reportSpecification,report_item,RPT-00680,,CONFIRMED,MAPPED,promotion APPROVED_REPORT_DRAWING_GOLDEN
G-RPT-0681,report,report.table.CH5-TBL-013,ENT-LINE-ACL,APPROVED_REPORT_DRAWING_GOLDEN,,,reportSpecification,report_item,RPT-00681,,CONFIRMED,MAPPED,promotion APPROVED_REPORT_DRAWING_GOLDEN
G-RPT-0682,report,report.table.CH5-TBL-014,ENT-LINE-ACL,APPROVED_REPORT_DRAWING_GOLDEN,,,reportSpecification,report_item,RPT-00682,,CONFIRMED,MAPPED,promotion APPROVED_REPORT_DRAWING_GOLDEN
G-RPT-0683,report,report.table.CH5-TBL-015,ENT-LINE-ACL,APPROVED_REPORT_DRAWING_GOLDEN,,,reportSpecification,report_item,RPT-00683,,CONFIRMED,MAPPED,promotion APPROVED_REPORT_DRAWING_GOLDEN
G-RPT-0684,report,report.table.CH5-TBL-016,ENT-LINE-ACL,APPROVED_REPORT_DRAWING_GOLDEN,,,reportSpecification,report_item,RPT-00684,,CONFIRMED,MAPPED,promotion APPROVED_REPORT_DRAWING_GOLDEN
G-RPT-0685,report,report.table.CH5-TBL-017,ENT-LINE-ACL,APPROVED_REPORT_DRAWING_GOLDEN,,,reportSpecification,report_item,RPT-00685,,CONFIRMED,MAPPED,promotion APPROVED_REPORT_DRAWING_GOLDEN
G-RPT-0686,report,report.table.CH5-TBL-018,ENT-LINE-ACL,APPROVED_REPORT_DRAWING_GOLDEN,,,reportSpecification,report_item,RPT-00686,,CONFIRMED,MAPPED,promotion APPROVED_REPORT_DRAWING_GOLDEN
G-RPT-0687,report,report.table.CH5-TBL-019,ENT-LINE-ACL,APPROVED_REPORT_DRAWING_GOLDEN,,,reportSpecification,report_item,RPT-00687,,CONFIRMED,MAPPED,promotion APPROVED_REPORT_DRAWING_GOLDEN
G-RPT-0688,report,report.table.CH5-TBL-020,ENT-LINE-ACL,APPROVED_REPORT_DRAWING_GOLDEN,,,reportSpecification,report_item,RPT-00688,,CONFIRMED,MAPPED,promotion APPROVED_REPORT_DRAWING_GOLDEN
G-RPT-0689,report,report.table.CH5-TBL-021,ENT-LINE-ACL,APPROVED_REPORT_DRAWING_GOLDEN,,,reportSpecification,report_item,RPT-00689,,CONFIRMED,MAPPED,promotion APPROVED_REPORT_DRAWING_GOLDEN
G-RPT-0690,report,report.table.CH5-TBL-022,ENT-LINE-ACL,APPROVED_REPORT_DRAWING_GOLDEN,,,reportSpecification,report_item,RPT-00690,,CONFIRMED,MAPPED,promotion APPROVED_REPORT_DRAWING_GOLDEN
G-RPT-0691,report,report.table.CH5-TBL-023,ENT-LINE-ACL,APPROVED_REPORT_DRAWING_GOLDEN,,,reportSpecification,report_item,RPT-00691,,CONFIRMED,MAPPED,promotion APPROVED_REPORT_DRAWING_GOLDEN
G-RPT-0692,report,report.table.CH5-TBL-024,ENT-LINE-ACL,APPROVED_REPORT_DRAWING_GOLDEN,,,reportSpecification,report_item,RPT-00692,,CONFIRMED,MAPPED,promotion APPROVED_REPORT_DRAWING_GOLDEN
G-RPT-0693,report,report.table.CH5-TBL-025,ENT-LINE-ACL,APPROVED_REPORT_DRAWING_GOLDEN,,,reportSpecification,report_item,RPT-00693,,CONFIRMED,MAPPED,promotion APPROVED_REPORT_DRAWING_GOLDEN
G-RPT-0694,report,report.table.CH5-TBL-026,ENT-LINE-ACL,APPROVED_REPORT_DRAWING_GOLDEN,,,reportSpecification,report_item,RPT-00694,,CONFIRMED,MAPPED,promotion APPROVED_REPORT_DRAWING_GOLDEN
G-RPT-0695,report,report.table.CH5-TBL-027,ENT-LINE-ACL,APPROVED_REPORT_DRAWING_GOLDEN,,,reportSpecification,report_item,RPT-00695,,CONFIRMED,MAPPED,promotion APPROVED_REPORT_DRAWING_GOLDEN
G-RPT-0696,report,report.table.CH5-TBL-028,ENT-LINE-ACL,APPROVED_REPORT_DRAWING_GOLDEN,,,reportSpecification,report_item,RPT-00696,,CONFIRMED,MAPPED,promotion APPROVED_REPORT_DRAWING_GOLDEN
G-RPT-0697,report,report.table.CH5-TBL-029,ENT-LINE-ACL,APPROVED_REPORT_DRAWING_GOLDEN,,,reportSpecification,report_item,RPT-00697,,CONFIRMED,MAPPED,promotion APPROVED_REPORT_DRAWING_GOLDEN
G-RPT-0698,report,report.table.CH5-TBL-030,ENT-LINE-ACL,APPROVED_REPORT_DRAWING_GOLDEN,,,reportSpecification,report_item,RPT-00698,,CONFIRMED,MAPPED,promotion APPROVED_REPORT_DRAWING_GOLDEN
G-RPT-0699,report,report.table.CH5-TBL-031,ENT-LINE-ACL,APPROVED_REPORT_DRAWING_GOLDEN,,,reportSpecification,report_item,RPT-00699,,CONFIRMED,MAPPED,promotion APPROVED_REPORT_DRAWING_GOLDEN
G-RPT-0700,report,report.table.CH5-TBL-032,ENT-LINE-ACL,APPROVED_REPORT_DRAWING_GOLDEN,,,reportSpecification,report_item,RPT-00700,,CONFIRMED,MAPPED,promotion APPROVED_REPORT_DRAWING_GOLDEN
G-RPT-0701,report,report.table.CH5-TBL-033,ENT-LINE-ACL,APPROVED_REPORT_DRAWING_GOLDEN,,,reportSpecification,report_item,RPT-00701,,CONFIRMED,MAPPED,promotion APPROVED_REPORT_DRAWING_GOLDEN
G-RPT-0702,report,report.table.CH5-TBL-034,ENT-LINE-ACL,APPROVED_REPORT_DRAWING_GOLDEN,,,reportSpecification,report_item,RPT-00702,,CONFIRMED,MAPPED,promotion APPROVED_REPORT_DRAWING_GOLDEN
G-RPT-0703,report,report.table.CH5-TBL-035,ENT-LINE-ACL,APPROVED_REPORT_DRAWING_GOLDEN,,,reportSpecification,report_item,RPT-00703,,CONFIRMED,MAPPED,promotion APPROVED_REPORT_DRAWING_GOLDEN
G-RPT-0704,report,report.table.CH5-TBL-036,ENT-LINE-ACL,APPROVED_REPORT_DRAWING_GOLDEN,,,reportSpecification,report_item,RPT-00704,,CONFIRMED,MAPPED,promotion APPROVED_REPORT_DRAWING_GOLDEN
G-RPT-0705,report,report.table.CH5-TBL-037,ENT-LINE-ACL,APPROVED_REPORT_DRAWING_GOLDEN,,,reportSpecification,report_item,RPT-00705,,CONFIRMED,MAPPED,promotion APPROVED_REPORT_DRAWING_GOLDEN
G-RPT-0706,report,report.table.CH5-TBL-038,ENT-LINE-ACL,APPROVED_REPORT_DRAWING_GOLDEN,,,reportSpecification,report_item,RPT-00706,,CONFIRMED,MAPPED,promotion APPROVED_REPORT_DRAWING_GOLDEN
G-RPT-0707,report,report.table.CH5-TBL-039,ENT-LINE-ACL,APPROVED_REPORT_DRAWING_GOLDEN,,,reportSpecification,report_item,RPT-00707,,CONFIRMED,MAPPED,promotion APPROVED_REPORT_DRAWING_GOLDEN
G-RPT-0708,report,report.table.CH5-TBL-040,ENT-LINE-ACL,APPROVED_REPORT_DRAWING_GOLDEN,,,reportSpecification,report_item,RPT-00708,,CONFIRMED,MAPPED,promotion APPROVED_REPORT_DRAWING_GOLDEN
G-RPT-0709,report,report.table.CH5-TBL-041,ENT-LINE-ACL,APPROVED_REPORT_DRAWING_GOLDEN,,,reportSpecification,report_item,RPT-00709,,CONFIRMED,MAPPED,promotion APPROVED_REPORT_DRAWING_GOLDEN
G-RPT-0710,report,report.table.CH5-TBL-042,ENT-LINE-ACL,APPROVED_REPORT_DRAWING_GOLDEN,,,reportSpecification,report_item,RPT-00710,,CONFIRMED,MAPPED,promotion APPROVED_REPORT_DRAWING_GOLDEN
G-RPT-0711,report,report.table.CH5-TBL-043,ENT-LINE-ACL,APPROVED_REPORT_DRAWING_GOLDEN,,,reportSpecification,report_item,RPT-00711,,CONFIRMED,MAPPED,promotion APPROVED_REPORT_DRAWING_GOLDEN
G-RPT-0712,report,report.table.CH5-TBL-044,ENT-LINE-ACL,APPROVED_REPORT_DRAWING_GOLDEN,,,reportSpecification,report_item,RPT-00712,,CONFIRMED,MAPPED,promotion APPROVED_REPORT_DRAWING_GOLDEN
G-RPT-0713,report,report.table.CH5-TBL-045,ENT-LINE-ACL,APPROVED_REPORT_DRAWING_GOLDEN,,,reportSpecification,report_item,RPT-00713,,CONFIRMED,MAPPED,promotion APPROVED_REPORT_DRAWING_GOLDEN
G-RPT-0714,report,report.table.CH5-TBL-046,ENT-LINE-ACL,APPROVED_REPORT_DRAWING_GOLDEN,,,reportSpecification,report_item,RPT-00714,,CONFIRMED,MAPPED,promotion APPROVED_REPORT_DRAWING_GOLDEN
G-RPT-0715,report,report.table.CH5-TBL-047,ENT-LINE-ACL,APPROVED_REPORT_DRAWING_GOLDEN,,,reportSpecification,report_item,RPT-00715,,CONFIRMED,MAPPED,promotion APPROVED_REPORT_DRAWING_GOLDEN
G-RPT-0716,report,report.table.CH5-TBL-048,ENT-LINE-ACL,APPROVED_REPORT_DRAWING_GOLDEN,,,reportSpecification,report_item,RPT-00716,,CONFIRMED,MAPPED,promotion APPROVED_REPORT_DRAWING_GOLDEN
G-RPT-0717,report,report.table.CH5-TBL-049,ENT-LINE-ACL,APPROVED_REPORT_DRAWING_GOLDEN,,,reportSpecification,report_item,RPT-00717,,CONFIRMED,MAPPED,promotion APPROVED_REPORT_DRAWING_GOLDEN
G-RPT-0718,report,report.table.CH5-TBL-050,ENT-LINE-ACL,APPROVED_REPORT_DRAWING_GOLDEN,,,reportSpecification,report_item,RPT-00718,,CONFIRMED,MAPPED,promotion APPROVED_REPORT_DRAWING_GOLDEN
G-RPT-0719,report,report.table.CH5-TBL-051,ENT-LINE-ACL,APPROVED_REPORT_DRAWING_GOLDEN,,,reportSpecification,report_item,RPT-00719,,CONFIRMED,MAPPED,promotion APPROVED_REPORT_DRAWING_GOLDEN
G-RPT-0720,report,report.table.CH5-TBL-052,ENT-LINE-ACL,APPROVED_REPORT_DRAWING_GOLDEN,,,reportSpecification,report_item,RPT-00720,,CONFIRMED,MAPPED,promotion APPROVED_REPORT_DRAWING_GOLDEN
G-RPT-0721,report,report.table.CH5-TBL-053,ENT-LINE-ACL,APPROVED_REPORT_DRAWING_GOLDEN,,,reportSpecification,report_item,RPT-00721,,CONFIRMED,MAPPED,promotion APPROVED_REPORT_DRAWING_GOLDEN
G-RPT-0722,report,report.table.CH5-TBL-054,ENT-LINE-ACL,APPROVED_REPORT_DRAWING_GOLDEN,,,reportSpecification,report_item,RPT-00722,,CONFIRMED,MAPPED,promotion APPROVED_REPORT_DRAWING_GOLDEN
G-RPT-0723,report,report.table.CH5-TBL-055,ENT-LINE-ACL,APPROVED_REPORT_DRAWING_GOLDEN,,,reportSpecification,report_item,RPT-00723,,CONFIRMED,MAPPED,promotion APPROVED_REPORT_DRAWING_GOLDEN
G-RPT-0724,report,report.table.CH5-TBL-056,ENT-LINE-ACL,APPROVED_REPORT_DRAWING_GOLDEN,,,reportSpecification,report_item,RPT-00724,,CONFIRMED,MAPPED,promotion APPROVED_REPORT_DRAWING_GOLDEN
G-RPT-0725,report,report.figure.CAL-FIG-P00118-001,ENT-LINE-ACL,APPROVED_REPORT_DRAWING_GOLDEN,,,reportSpecification,report_item,RPT-00725,,CONFIRMED,MAPPED,promotion APPROVED_REPORT_DRAWING_GOLDEN
G-RPT-0726,report,report.figure.CAL-FIG-P00121-001,ENT-LINE-ACL,APPROVED_REPORT_DRAWING_GOLDEN,,,reportSpecification,report_item,RPT-00726,,CONFIRMED,MAPPED,promotion APPROVED_REPORT_DRAWING_GOLDEN
G-RPT-0727,report,report.figure.CAL-FIG-P00121-002,ENT-LINE-ACL,APPROVED_REPORT_DRAWING_GOLDEN,,,reportSpecification,report_item,RPT-00727,,CONFIRMED,MAPPED,promotion APPROVED_REPORT_DRAWING_GOLDEN
G-RPT-0728,report,report.figure.CAL-FIG-P00122-001,ENT-LINE-ACL,APPROVED_REPORT_DRAWING_GOLDEN,,,reportSpecification,report_item,RPT-00728,,CONFIRMED,MAPPED,promotion APPROVED_REPORT_DRAWING_GOLDEN
G-RPT-0729,report,report.figure.CAL-FIG-P00123-001,ENT-LINE-ACL,APPROVED_REPORT_DRAWING_GOLDEN,,,reportSpecification,report_item,RPT-00729,,CONFIRMED,MAPPED,promotion APPROVED_REPORT_DRAWING_GOLDEN
G-RPT-0730,report,report.figure.CAL-FIG-P00126-001,ENT-LINE-ACL,APPROVED_REPORT_DRAWING_GOLDEN,,,reportSpecification,report_item,RPT-00730,,CONFIRMED,MAPPED,promotion APPROVED_REPORT_DRAWING_GOLDEN
G-RPT-0731,report,report.figure.CAL-FIG-P00129-001,ENT-LINE-ACL,APPROVED_REPORT_DRAWING_GOLDEN,,,reportSpecification,report_item,RPT-00731,,CONFIRMED,MAPPED,promotion APPROVED_REPORT_DRAWING_GOLDEN
G-RPT-0732,report,report.figure.CAL-FIG-P00130-001,ENT-LINE-ACL,APPROVED_REPORT_DRAWING_GOLDEN,,,reportSpecification,report_item,RPT-00732,,CONFIRMED,MAPPED,promotion APPROVED_REPORT_DRAWING_GOLDEN
G-RPT-0733,report,report.figure.CAL-FIG-P00131-001,ENT-LINE-ACL,APPROVED_REPORT_DRAWING_GOLDEN,,,reportSpecification,report_item,RPT-00733,,CONFIRMED,MAPPED,promotion APPROVED_REPORT_DRAWING_GOLDEN
G-RPT-0734,report,report.figure.CAL-FIG-P00133-001,ENT-LINE-ACL,APPROVED_REPORT_DRAWING_GOLDEN,,,reportSpecification,report_item,RPT-00734,,CONFIRMED,MAPPED,promotion APPROVED_REPORT_DRAWING_GOLDEN
G-RPT-0735,report,report.figure.CAL-FIG-P00137-001,ENT-LINE-ACL,APPROVED_REPORT_DRAWING_GOLDEN,,,reportSpecification,report_item,RPT-00735,,CONFIRMED,MAPPED,promotion APPROVED_REPORT_DRAWING_GOLDEN
G-RPT-0736,report,report.figure.CAL-FIG-P00138-001,ENT-LINE-ACL,APPROVED_REPORT_DRAWING_GOLDEN,,,reportSpecification,report_item,RPT-00736,,CONFIRMED,MAPPED,promotion APPROVED_REPORT_DRAWING_GOLDEN
G-RPT-0737,report,report.figure.CAL-FIG-P00142-001,ENT-LINE-ACL,APPROVED_REPORT_DRAWING_GOLDEN,,,reportSpecification,report_item,RPT-00737,,CONFIRMED,MAPPED,promotion APPROVED_REPORT_DRAWING_GOLDEN
G-RPT-0738,report,report.figure.SRC-calculation_chapter_03_section_3_2_figures-001,ENT-LINE-ACL,APPROVED_REPORT_DRAWING_GOLDEN,,,reportSpecification,report_item,RPT-00738,,CONFIRMED,MAPPED,promotion APPROVED_REPORT_DRAWING_GOLDEN
G-RPT-0739,report,report.figure.SRC-calculation_chapter_03_section_3_2_figures-002,ENT-LINE-ACL,APPROVED_REPORT_DRAWING_GOLDEN,,,reportSpecification,report_item,RPT-00739,,CONFIRMED,MAPPED,promotion APPROVED_REPORT_DRAWING_GOLDEN
G-RPT-0740,report,report.figure.SRC-calculation_chapter_03_section_3_2_figures-003,ENT-LINE-ACL,APPROVED_REPORT_DRAWING_GOLDEN,,,reportSpecification,report_item,RPT-00740,,CONFIRMED,MAPPED,promotion APPROVED_REPORT_DRAWING_GOLDEN
G-RPT-0741,report,report.figure.SRC-calculation_chapter_03_section_3_2_figures-004,ENT-LINE-ACL,APPROVED_REPORT_DRAWING_GOLDEN,,,reportSpecification,report_item,RPT-00741,,CONFIRMED,MAPPED,promotion APPROVED_REPORT_DRAWING_GOLDEN
G-RPT-0742,report,report.figure.SRC-calculation_chapter_03_section_3_2_figures-005,ENT-LINE-ACL,APPROVED_REPORT_DRAWING_GOLDEN,,,reportSpecification,report_item,RPT-00742,,CONFIRMED,MAPPED,promotion APPROVED_REPORT_DRAWING_GOLDEN
G-RPT-0743,report,report.figure.SRC-calculation_chapter_03_section_3_2_figures-006,ENT-LINE-ACL,APPROVED_REPORT_DRAWING_GOLDEN,,,reportSpecification,report_item,RPT-00743,,CONFIRMED,MAPPED,promotion APPROVED_REPORT_DRAWING_GOLDEN
G-RPT-0744,report,report.figure.SRC-calculation_chapter_03_section_3_2_figures-007,ENT-LINE-ACL,APPROVED_REPORT_DRAWING_GOLDEN,,,reportSpecification,report_item,RPT-00744,,CONFIRMED,MAPPED,promotion APPROVED_REPORT_DRAWING_GOLDEN
G-RPT-0745,report,report.figure.SRC-calculation_chapter_03_section_3_2_figures-008,ENT-LINE-ACL,APPROVED_REPORT_DRAWING_GOLDEN,,,reportSpecification,report_item,RPT-00745,,CONFIRMED,MAPPED,promotion APPROVED_REPORT_DRAWING_GOLDEN
G-RPT-0746,report,report.figure.SRC-calculation_chapter_03_section_3_2_figures-009,ENT-LINE-ACL,APPROVED_REPORT_DRAWING_GOLDEN,,,reportSpecification,report_item,RPT-00746,,CONFIRMED,MAPPED,promotion APPROVED_REPORT_DRAWING_GOLDEN
G-RPT-0747,report,report.figure.SRC-calculation_chapter_03_section_3_2_figures-010,ENT-LINE-ACL,APPROVED_REPORT_DRAWING_GOLDEN,,,reportSpecification,report_item,RPT-00747,,CONFIRMED,MAPPED,promotion APPROVED_REPORT_DRAWING_GOLDEN
G-RPT-0748,report,report.figure.CAL-FIG-P00678-001,ENT-LINE-ACL,APPROVED_REPORT_DRAWING_GOLDEN,,,reportSpecification,report_item,RPT-00748,,CONFIRMED,MAPPED,promotion APPROVED_REPORT_DRAWING_GOLDEN
G-RPT-0749,report,report.figure.CAL-FIG-P00687-001,ENT-LINE-ACL,APPROVED_REPORT_DRAWING_GOLDEN,,,reportSpecification,report_item,RPT-00749,,CONFIRMED,MAPPED,promotion APPROVED_REPORT_DRAWING_GOLDEN
G-RPT-0750,report,report.figure.CAL-FIG-P00704-001,ENT-LINE-ACL,APPROVED_REPORT_DRAWING_GOLDEN,,,reportSpecification,report_item,RPT-00750,,CONFIRMED,MAPPED,promotion APPROVED_REPORT_DRAWING_GOLDEN
G-RPT-0751,report,report.figure.CAL-FIG-P00735-001,ENT-LINE-ACL,APPROVED_REPORT_DRAWING_GOLDEN,,,reportSpecification,report_item,RPT-00751,,CONFIRMED,MAPPED,promotion APPROVED_REPORT_DRAWING_GOLDEN
G-RPT-0752,report,report.figure.CAL-FIG-P00766-001,ENT-LINE-ACL,APPROVED_REPORT_DRAWING_GOLDEN,,,reportSpecification,report_item,RPT-00752,,CONFIRMED,MAPPED,promotion APPROVED_REPORT_DRAWING_GOLDEN
G-RPT-0753,report,report.figure.CAL-FIG-P00777-001,ENT-LINE-ACL,APPROVED_REPORT_DRAWING_GOLDEN,,,reportSpecification,report_item,RPT-00753,,CONFIRMED,MAPPED,promotion APPROVED_REPORT_DRAWING_GOLDEN
G-RPT-0754,report,report.figure.CAL-FIG-P00790-001,ENT-LINE-ACL,APPROVED_REPORT_DRAWING_GOLDEN,,,reportSpecification,report_item,RPT-00754,,CONFIRMED,MAPPED,promotion APPROVED_REPORT_DRAWING_GOLDEN
G-RPT-0755,report,report.figure.CAL-FIG-P00818-001,ENT-LINE-ACL,APPROVED_REPORT_DRAWING_GOLDEN,,,reportSpecification,report_item,RPT-00755,,CONFIRMED,MAPPED,promotion APPROVED_REPORT_DRAWING_GOLDEN
G-RPT-0756,report,report.figure.CAL-FIG-P00843-001,ENT-LINE-ACL,APPROVED_REPORT_DRAWING_GOLDEN,,,reportSpecification,report_item,RPT-00756,,CONFIRMED,MAPPED,promotion APPROVED_REPORT_DRAWING_GOLDEN
G-RPT-0757,report,report.figure.CAL-FIG-P00844-001,ENT-LINE-ACL,APPROVED_REPORT_DRAWING_GOLDEN,,,reportSpecification,report_item,RPT-00757,,CONFIRMED,MAPPED,promotion APPROVED_REPORT_DRAWING_GOLDEN
G-RPT-0758,report,report.figure.CAL-FIG-P00874-001,ENT-LINE-ACL,APPROVED_REPORT_DRAWING_GOLDEN,,,reportSpecification,report_item,RPT-00758,,CONFIRMED,MAPPED,promotion APPROVED_REPORT_DRAWING_GOLDEN
G-RPT-0759,report,report.figure.CAL-FIG-P00900-001,ENT-LINE-ACL,APPROVED_REPORT_DRAWING_GOLDEN,,,reportSpecification,report_item,RPT-00759,,CONFIRMED,MAPPED,promotion APPROVED_REPORT_DRAWING_GOLDEN
G-RPT-0760,report,report.figure.CAL-FIG-P01776-001,ENT-LINE-ACL,APPROVED_REPORT_DRAWING_GOLDEN,,,reportSpecification,report_item,RPT-00760,,CONFIRMED,MAPPED,promotion APPROVED_REPORT_DRAWING_GOLDEN
G-RPT-0761,report,report.figure.CAL-FIG-P01776-002,ENT-LINE-ACL,APPROVED_REPORT_DRAWING_GOLDEN,,,reportSpecification,report_item,RPT-00761,,CONFIRMED,MAPPED,promotion APPROVED_REPORT_DRAWING_GOLDEN
G-RPT-0762,report,report.figure.CH5-FIG-001,ENT-LINE-ACL,APPROVED_REPORT_DRAWING_GOLDEN,,,reportSpecification,report_item,RPT-00762,,CONFIRMED,MAPPED,promotion APPROVED_REPORT_DRAWING_GOLDEN
G-RPT-0763,report,report.figure.CH5-FIG-002,ENT-LINE-ACL,APPROVED_REPORT_DRAWING_GOLDEN,,,reportSpecification,report_item,RPT-00763,,CONFIRMED,MAPPED,promotion APPROVED_REPORT_DRAWING_GOLDEN
G-RPT-0764,report,report.figure.CH5-FIG-003,ENT-LINE-ACL,APPROVED_REPORT_DRAWING_GOLDEN,,,reportSpecification,report_item,RPT-00764,,CONFIRMED,MAPPED,promotion APPROVED_REPORT_DRAWING_GOLDEN
G-RPT-0765,report,report.figure.CH5-FIG-004,ENT-LINE-ACL,APPROVED_REPORT_DRAWING_GOLDEN,,,reportSpecification,report_item,RPT-00765,,CONFIRMED,MAPPED,promotion APPROVED_REPORT_DRAWING_GOLDEN
G-RPT-0766,report,report.figure.CH5-FIG-005,ENT-LINE-ACL,APPROVED_REPORT_DRAWING_GOLDEN,,,reportSpecification,report_item,RPT-00766,,CONFIRMED,MAPPED,promotion APPROVED_REPORT_DRAWING_GOLDEN
G-RPT-0767,report,report.figure.CH5-FIG-006,ENT-LINE-ACL,APPROVED_REPORT_DRAWING_GOLDEN,,,reportSpecification,report_item,RPT-00767,,CONFIRMED,MAPPED,promotion APPROVED_REPORT_DRAWING_GOLDEN
G-RPT-0768,report,report.figure.CH5-FIG-007,ENT-LINE-ACL,APPROVED_REPORT_DRAWING_GOLDEN,,,reportSpecification,report_item,RPT-00768,,CONFIRMED,MAPPED,promotion APPROVED_REPORT_DRAWING_GOLDEN
G-RPT-0769,report,report.figure.CH5-FIG-008,ENT-LINE-ACL,APPROVED_REPORT_DRAWING_GOLDEN,,,reportSpecification,report_item,RPT-00769,,CONFIRMED,MAPPED,promotion APPROVED_REPORT_DRAWING_GOLDEN
G-RPT-0770,report,report.figure.CH5-FIG-009,ENT-LINE-ACL,APPROVED_REPORT_DRAWING_GOLDEN,,,reportSpecification,report_item,RPT-00770,,CONFIRMED,MAPPED,promotion APPROVED_REPORT_DRAWING_GOLDEN
G-RPT-0771,report,report.figure.CH5-FIG-010,ENT-LINE-ACL,APPROVED_REPORT_DRAWING_GOLDEN,,,reportSpecification,report_item,RPT-00771,,CONFIRMED,MAPPED,promotion APPROVED_REPORT_DRAWING_GOLDEN
G-RPT-0772,report,report.figure.CH5-FIG-011,ENT-LINE-ACL,APPROVED_REPORT_DRAWING_GOLDEN,,,reportSpecification,report_item,RPT-00772,,CONFIRMED,MAPPED,promotion APPROVED_REPORT_DRAWING_GOLDEN
G-RPT-0773,report,report.figure.CH5-FIG-012,ENT-LINE-ACL,APPROVED_REPORT_DRAWING_GOLDEN,,,reportSpecification,report_item,RPT-00773,,CONFIRMED,MAPPED,promotion APPROVED_REPORT_DRAWING_GOLDEN
G-RPT-0774,report,report.figure.CH5-FIG-013,ENT-LINE-ACL,APPROVED_REPORT_DRAWING_GOLDEN,,,reportSpecification,report_item,RPT-00774,,CONFIRMED,MAPPED,promotion APPROVED_REPORT_DRAWING_GOLDEN
G-RPT-0775,report,report.figure.CH5-FIG-014,ENT-LINE-ACL,APPROVED_REPORT_DRAWING_GOLDEN,,,reportSpecification,report_item,RPT-00775,,CONFIRMED,MAPPED,promotion APPROVED_REPORT_DRAWING_GOLDEN
G-RPT-0776,report,report.figure.CH5-FIG-015,ENT-LINE-ACL,APPROVED_REPORT_DRAWING_GOLDEN,,,reportSpecification,report_item,RPT-00776,,CONFIRMED,MAPPED,promotion APPROVED_REPORT_DRAWING_GOLDEN
G-RPT-0777,report,report.figure.CH5-FIG-016,ENT-LINE-ACL,APPROVED_REPORT_DRAWING_GOLDEN,,,reportSpecification,report_item,RPT-00777,,CONFIRMED,MAPPED,promotion APPROVED_REPORT_DRAWING_GOLDEN
G-RPT-0778,report,report.figure.FM-FIG-001,ENT-LINE-ACL,APPROVED_REPORT_DRAWING_GOLDEN,,,reportSpecification,report_item,RPT-00778,,CONFIRMED,MAPPED,promotion APPROVED_REPORT_DRAWING_GOLDEN
G-RPT-0779,report,report.figure.FM-FIG-002,ENT-LINE-ACL,APPROVED_REPORT_DRAWING_GOLDEN,,,reportSpecification,report_item,RPT-00779,,CONFIRMED,MAPPED,promotion APPROVED_REPORT_DRAWING_GOLDEN
G-RPT-0780,report,report.note.CH1-NOTE-001,ENT-LINE-ACL,APPROVED_REPORT_DRAWING_GOLDEN,,,reportSpecification,report_item,RPT-00780,,CONFIRMED,MAPPED,promotion APPROVED_REPORT_DRAWING_GOLDEN
G-RPT-0781,report,report.note.CH1-NOTE-002,ENT-LINE-ACL,APPROVED_REPORT_DRAWING_GOLDEN,,,reportSpecification,report_item,RPT-00781,,CONFIRMED,MAPPED,promotion APPROVED_REPORT_DRAWING_GOLDEN
G-RPT-0782,report,report.note.CH2-NOTE-001,ENT-LINE-ACL,APPROVED_REPORT_DRAWING_GOLDEN,,,reportSpecification,report_item,RPT-00782,,CONFIRMED,MAPPED,promotion APPROVED_REPORT_DRAWING_GOLDEN
G-RPT-0783,report,report.note.CH2-NOTE-002,ENT-LINE-ACL,APPROVED_REPORT_DRAWING_GOLDEN,,,reportSpecification,report_item,RPT-00783,,CONFIRMED,MAPPED,promotion APPROVED_REPORT_DRAWING_GOLDEN
G-RPT-0784,report,report.note.CH2-NOTE-003,ENT-LINE-ACL,APPROVED_REPORT_DRAWING_GOLDEN,,,reportSpecification,report_item,RPT-00784,,CONFIRMED,MAPPED,promotion APPROVED_REPORT_DRAWING_GOLDEN
G-RPT-0785,report,report.note.CH2-NOTE-004,ENT-LINE-ACL,APPROVED_REPORT_DRAWING_GOLDEN,,,reportSpecification,report_item,RPT-00785,,CONFIRMED,MAPPED,promotion APPROVED_REPORT_DRAWING_GOLDEN
G-RPT-0786,report,report.note.CH2-NOTE-005,ENT-LINE-ACL,APPROVED_REPORT_DRAWING_GOLDEN,,,reportSpecification,report_item,RPT-00786,,CONFIRMED,MAPPED,promotion APPROVED_REPORT_DRAWING_GOLDEN
G-RPT-0787,report,report.note.CH2-NOTE-006,ENT-LINE-ACL,APPROVED_REPORT_DRAWING_GOLDEN,,,reportSpecification,report_item,RPT-00787,,CONFIRMED,MAPPED,promotion APPROVED_REPORT_DRAWING_GOLDEN
G-RPT-0788,report,report.note.CH2-NOTE-007,ENT-LINE-ACL,APPROVED_REPORT_DRAWING_GOLDEN,,,reportSpecification,report_item,RPT-00788,,CONFIRMED,MAPPED,promotion APPROVED_REPORT_DRAWING_GOLDEN
G-RPT-0789,report,report.note.CH2-NOTE-008,ENT-LINE-ACL,APPROVED_REPORT_DRAWING_GOLDEN,,,reportSpecification,report_item,RPT-00789,,CONFIRMED,MAPPED,promotion APPROVED_REPORT_DRAWING_GOLDEN
G-RPT-0790,report,report.note.CH2-NOTE-009,ENT-LINE-ACL,APPROVED_REPORT_DRAWING_GOLDEN,,,reportSpecification,report_item,RPT-00790,,CONFIRMED,MAPPED,promotion APPROVED_REPORT_DRAWING_GOLDEN
G-RPT-0791,report,report.note.CAL-NOT-P00117-001,ENT-LINE-ACL,APPROVED_REPORT_DRAWING_GOLDEN,,,reportSpecification,report_item,RPT-00791,,CONFIRMED,MAPPED,promotion APPROVED_REPORT_DRAWING_GOLDEN
G-RPT-0792,report,report.note.CAL-NOT-P00117-002,ENT-LINE-ACL,APPROVED_REPORT_DRAWING_GOLDEN,,,reportSpecification,report_item,RPT-00792,,CONFIRMED,MAPPED,promotion APPROVED_REPORT_DRAWING_GOLDEN
G-RPT-0793,report,report.note.CAL-NOT-P00117-003,ENT-LINE-ACL,APPROVED_REPORT_DRAWING_GOLDEN,,,reportSpecification,report_item,RPT-00793,,CONFIRMED,MAPPED,promotion APPROVED_REPORT_DRAWING_GOLDEN
G-RPT-0794,report,report.note.CAL-NOT-P00118-001,ENT-LINE-ACL,APPROVED_REPORT_DRAWING_GOLDEN,,,reportSpecification,report_item,RPT-00794,,CONFIRMED,MAPPED,promotion APPROVED_REPORT_DRAWING_GOLDEN
G-RPT-0795,report,report.note.CAL-NOT-P00118-002,ENT-LINE-ACL,APPROVED_REPORT_DRAWING_GOLDEN,,,reportSpecification,report_item,RPT-00795,,CONFIRMED,MAPPED,promotion APPROVED_REPORT_DRAWING_GOLDEN
G-RPT-0796,report,report.note.CAL-NOT-P00119-001,ENT-LINE-ACL,APPROVED_REPORT_DRAWING_GOLDEN,,,reportSpecification,report_item,RPT-00796,,CONFIRMED,MAPPED,promotion APPROVED_REPORT_DRAWING_GOLDEN
G-RPT-0797,report,report.note.CAL-NOT-P00119-002,ENT-LINE-ACL,APPROVED_REPORT_DRAWING_GOLDEN,,,reportSpecification,report_item,RPT-00797,,CONFIRMED,MAPPED,promotion APPROVED_REPORT_DRAWING_GOLDEN
G-RPT-0798,report,report.note.CAL-NOT-P00119-003,ENT-LINE-ACL,APPROVED_REPORT_DRAWING_GOLDEN,,,reportSpecification,report_item,RPT-00798,,CONFIRMED,MAPPED,promotion APPROVED_REPORT_DRAWING_GOLDEN
G-RPT-0799,report,report.note.CAL-NOT-P00122-001,ENT-LINE-ACL,APPROVED_REPORT_DRAWING_GOLDEN,,,reportSpecification,report_item,RPT-00799,,CONFIRMED,MAPPED,promotion APPROVED_REPORT_DRAWING_GOLDEN
G-RPT-0800,report,report.note.CAL-NOT-P00122-002,ENT-LINE-ACL,APPROVED_REPORT_DRAWING_GOLDEN,,,reportSpecification,report_item,RPT-00800,,CONFIRMED,MAPPED,promotion APPROVED_REPORT_DRAWING_GOLDEN
G-RPT-0801,report,report.note.CAL-NOT-P00124-001,ENT-LINE-ACL,APPROVED_REPORT_DRAWING_GOLDEN,,,reportSpecification,report_item,RPT-00801,,CONFIRMED,MAPPED,promotion APPROVED_REPORT_DRAWING_GOLDEN
G-RPT-0802,report,report.note.CAL-NOT-P00125-001,ENT-LINE-ACL,APPROVED_REPORT_DRAWING_GOLDEN,,,reportSpecification,report_item,RPT-00802,,CONFIRMED,MAPPED,promotion APPROVED_REPORT_DRAWING_GOLDEN
G-RPT-0803,report,report.note.CAL-NOT-P00128-001,ENT-LINE-ACL,APPROVED_REPORT_DRAWING_GOLDEN,,,reportSpecification,report_item,RPT-00803,,CONFIRMED,MAPPED,promotion APPROVED_REPORT_DRAWING_GOLDEN
G-RPT-0804,report,report.note.CAL-NOT-P00129-001,ENT-LINE-ACL,APPROVED_REPORT_DRAWING_GOLDEN,,,reportSpecification,report_item,RPT-00804,,CONFIRMED,MAPPED,promotion APPROVED_REPORT_DRAWING_GOLDEN
G-RPT-0805,report,report.note.CAL-NOT-P00129-002,ENT-LINE-ACL,APPROVED_REPORT_DRAWING_GOLDEN,,,reportSpecification,report_item,RPT-00805,,CONFIRMED,MAPPED,promotion APPROVED_REPORT_DRAWING_GOLDEN
G-RPT-0806,report,report.note.CAL-NOT-P00129-003,ENT-LINE-ACL,APPROVED_REPORT_DRAWING_GOLDEN,,,reportSpecification,report_item,RPT-00806,,CONFIRMED,MAPPED,promotion APPROVED_REPORT_DRAWING_GOLDEN
G-RPT-0807,report,report.note.CAL-NOT-P00131-001,ENT-LINE-ACL,APPROVED_REPORT_DRAWING_GOLDEN,,,reportSpecification,report_item,RPT-00807,,CONFIRMED,MAPPED,promotion APPROVED_REPORT_DRAWING_GOLDEN
G-RPT-0808,report,report.note.CAL-NOT-P00133-001,ENT-LINE-ACL,APPROVED_REPORT_DRAWING_GOLDEN,,,reportSpecification,report_item,RPT-00808,,CONFIRMED,MAPPED,promotion APPROVED_REPORT_DRAWING_GOLDEN
G-RPT-0809,report,report.note.CAL-NOT-P00133-002,ENT-LINE-ACL,APPROVED_REPORT_DRAWING_GOLDEN,,,reportSpecification,report_item,RPT-00809,,CONFIRMED,MAPPED,promotion APPROVED_REPORT_DRAWING_GOLDEN
G-RPT-0810,report,report.note.CAL-NOT-P00133-003,ENT-LINE-ACL,APPROVED_REPORT_DRAWING_GOLDEN,,,reportSpecification,report_item,RPT-00810,,CONFIRMED,MAPPED,promotion APPROVED_REPORT_DRAWING_GOLDEN
G-RPT-0811,report,report.note.CAL-NOT-P00135-001,ENT-LINE-ACL,APPROVED_REPORT_DRAWING_GOLDEN,,,reportSpecification,report_item,RPT-00811,,CONFIRMED,MAPPED,promotion APPROVED_REPORT_DRAWING_GOLDEN
G-RPT-0812,report,report.note.CAL-NOT-P00136-001,ENT-LINE-ACL,APPROVED_REPORT_DRAWING_GOLDEN,,,reportSpecification,report_item,RPT-00812,,CONFIRMED,MAPPED,promotion APPROVED_REPORT_DRAWING_GOLDEN
G-RPT-0813,report,report.note.CAL-NOT-P00140-001,ENT-LINE-ACL,APPROVED_REPORT_DRAWING_GOLDEN,,,reportSpecification,report_item,RPT-00813,,CONFIRMED,MAPPED,promotion APPROVED_REPORT_DRAWING_GOLDEN
G-RPT-0814,report,report.note.CAL-NOT-P00145-001,ENT-LINE-ACL,APPROVED_REPORT_DRAWING_GOLDEN,,,reportSpecification,report_item,RPT-00814,,CONFIRMED,MAPPED,promotion APPROVED_REPORT_DRAWING_GOLDEN
G-RPT-0815,report,report.note.CAL-NOT-P00149-001,ENT-LINE-ACL,APPROVED_REPORT_DRAWING_GOLDEN,,,reportSpecification,report_item,RPT-00815,,CONFIRMED,MAPPED,promotion APPROVED_REPORT_DRAWING_GOLDEN
G-RPT-0816,report,report.note.CAL-NOT-P00222-001,ENT-LINE-ACL,APPROVED_REPORT_DRAWING_GOLDEN,,,reportSpecification,report_item,RPT-00816,,CONFIRMED,MAPPED,promotion APPROVED_REPORT_DRAWING_GOLDEN
G-RPT-0817,report,report.note.CAL-NOT-P00223-001,ENT-LINE-ACL,APPROVED_REPORT_DRAWING_GOLDEN,,,reportSpecification,report_item,RPT-00817,,CONFIRMED,MAPPED,promotion APPROVED_REPORT_DRAWING_GOLDEN
G-RPT-0818,report,report.note.CAL-NOT-P00223-002,ENT-LINE-ACL,APPROVED_REPORT_DRAWING_GOLDEN,,,reportSpecification,report_item,RPT-00818,,CONFIRMED,MAPPED,promotion APPROVED_REPORT_DRAWING_GOLDEN
G-RPT-0819,report,report.note.SRC-calculation_chapter_03_section_3_2_notes-001,ENT-LINE-ACL,APPROVED_REPORT_DRAWING_GOLDEN,,,reportSpecification,report_item,RPT-00819,,CONFIRMED,MAPPED,promotion APPROVED_REPORT_DRAWING_GOLDEN
G-RPT-0820,report,report.note.SRC-calculation_chapter_03_section_3_2_notes-002,ENT-LINE-ACL,APPROVED_REPORT_DRAWING_GOLDEN,,,reportSpecification,report_item,RPT-00820,,CONFIRMED,MAPPED,promotion APPROVED_REPORT_DRAWING_GOLDEN
G-RPT-0821,report,report.note.SRC-calculation_chapter_03_section_3_2_notes-003,ENT-LINE-ACL,APPROVED_REPORT_DRAWING_GOLDEN,,,reportSpecification,report_item,RPT-00821,,CONFIRMED,MAPPED,promotion APPROVED_REPORT_DRAWING_GOLDEN
G-RPT-0822,report,report.note.SRC-calculation_chapter_03_section_3_2_notes-004,ENT-LINE-ACL,APPROVED_REPORT_DRAWING_GOLDEN,,,reportSpecification,report_item,RPT-00822,,CONFIRMED,MAPPED,promotion APPROVED_REPORT_DRAWING_GOLDEN
G-RPT-0823,report,report.note.SRC-calculation_chapter_03_section_3_2_notes-005,ENT-LINE-ACL,APPROVED_REPORT_DRAWING_GOLDEN,,,reportSpecification,report_item,RPT-00823,,CONFIRMED,MAPPED,promotion APPROVED_REPORT_DRAWING_GOLDEN
G-RPT-0824,report,report.note.SRC-calculation_chapter_03_section_3_2_notes-006,ENT-LINE-ACL,APPROVED_REPORT_DRAWING_GOLDEN,,,reportSpecification,report_item,RPT-00824,,CONFIRMED,MAPPED,promotion APPROVED_REPORT_DRAWING_GOLDEN
G-RPT-0825,report,report.note.SRC-calculation_chapter_03_section_3_2_notes-007,ENT-LINE-ACL,APPROVED_REPORT_DRAWING_GOLDEN,,,reportSpecification,report_item,RPT-00825,,CONFIRMED,MAPPED,promotion APPROVED_REPORT_DRAWING_GOLDEN
G-RPT-0826,report,report.note.SRC-calculation_chapter_03_section_3_2_notes-008,ENT-LINE-ACL,APPROVED_REPORT_DRAWING_GOLDEN,,,reportSpecification,report_item,RPT-00826,,CONFIRMED,MAPPED,promotion APPROVED_REPORT_DRAWING_GOLDEN
G-RPT-0827,report,report.note.SRC-calculation_chapter_03_section_3_2_notes-009,ENT-LINE-ACL,APPROVED_REPORT_DRAWING_GOLDEN,,,reportSpecification,report_item,RPT-00827,,CONFIRMED,MAPPED,promotion APPROVED_REPORT_DRAWING_GOLDEN
G-RPT-0828,report,report.note.SRC-calculation_chapter_03_section_3_2_notes-010,ENT-LINE-ACL,APPROVED_REPORT_DRAWING_GOLDEN,,,reportSpecification,report_item,RPT-00828,,CONFIRMED,MAPPED,promotion APPROVED_REPORT_DRAWING_GOLDEN
G-RPT-0829,report,report.note.SRC-calculation_chapter_03_section_3_2_notes-011,ENT-LINE-ACL,APPROVED_REPORT_DRAWING_GOLDEN,,,reportSpecification,report_item,RPT-00829,,CONFIRMED,MAPPED,promotion APPROVED_REPORT_DRAWING_GOLDEN
G-RPT-0830,report,report.note.SRC-calculation_chapter_03_section_3_2_notes-012,ENT-LINE-ACL,APPROVED_REPORT_DRAWING_GOLDEN,,,reportSpecification,report_item,RPT-00830,,CONFIRMED,MAPPED,promotion APPROVED_REPORT_DRAWING_GOLDEN
G-RPT-0831,report,report.note.SRC-calculation_chapter_03_section_3_2_notes-013,ENT-LINE-ACL,APPROVED_REPORT_DRAWING_GOLDEN,,,reportSpecification,report_item,RPT-00831,,CONFIRMED,MAPPED,promotion APPROVED_REPORT_DRAWING_GOLDEN
G-RPT-0832,report,report.note.SRC-calculation_chapter_03_section_3_2_notes-014,ENT-LINE-ACL,APPROVED_REPORT_DRAWING_GOLDEN,,,reportSpecification,report_item,RPT-00832,,CONFIRMED,MAPPED,promotion APPROVED_REPORT_DRAWING_GOLDEN
G-RPT-0833,report,report.note.SRC-calculation_chapter_03_section_3_2_notes-015,ENT-LINE-ACL,APPROVED_REPORT_DRAWING_GOLDEN,,,reportSpecification,report_item,RPT-00833,,CONFIRMED,MAPPED,promotion APPROVED_REPORT_DRAWING_GOLDEN
G-RPT-0834,report,report.note.SRC-calculation_chapter_03_section_3_2_notes-016,ENT-LINE-ACL,APPROVED_REPORT_DRAWING_GOLDEN,,,reportSpecification,report_item,RPT-00834,,CONFIRMED,MAPPED,promotion APPROVED_REPORT_DRAWING_GOLDEN
G-RPT-0835,report,report.note.SRC-calculation_chapter_03_section_3_2_notes-017,ENT-LINE-ACL,APPROVED_REPORT_DRAWING_GOLDEN,,,reportSpecification,report_item,RPT-00835,,CONFIRMED,MAPPED,promotion APPROVED_REPORT_DRAWING_GOLDEN
G-RPT-0836,report,report.note.SRC-calculation_chapter_03_section_3_2_notes-018,ENT-LINE-ACL,APPROVED_REPORT_DRAWING_GOLDEN,,,reportSpecification,report_item,RPT-00836,,CONFIRMED,MAPPED,promotion APPROVED_REPORT_DRAWING_GOLDEN
G-RPT-0837,report,report.note.SRC-calculation_chapter_03_section_3_2_notes-019,ENT-LINE-ACL,APPROVED_REPORT_DRAWING_GOLDEN,,,reportSpecification,report_item,RPT-00837,,CONFIRMED,MAPPED,promotion APPROVED_REPORT_DRAWING_GOLDEN
G-RPT-0838,report,report.note.SRC-calculation_chapter_03_section_3_2_notes-020,ENT-LINE-ACL,APPROVED_REPORT_DRAWING_GOLDEN,,,reportSpecification,report_item,RPT-00838,,CONFIRMED,MAPPED,promotion APPROVED_REPORT_DRAWING_GOLDEN
G-RPT-0839,report,report.note.SRC-calculation_chapter_03_section_3_2_notes-021,ENT-LINE-ACL,APPROVED_REPORT_DRAWING_GOLDEN,,,reportSpecification,report_item,RPT-00839,,CONFIRMED,MAPPED,promotion APPROVED_REPORT_DRAWING_GOLDEN
G-RPT-0840,report,report.note.SRC-calculation_chapter_03_section_3_2_notes-022,ENT-LINE-ACL,APPROVED_REPORT_DRAWING_GOLDEN,,,reportSpecification,report_item,RPT-00840,,CONFIRMED,MAPPED,promotion APPROVED_REPORT_DRAWING_GOLDEN
G-RPT-0841,report,report.note.SRC-calculation_chapter_03_section_3_2_notes-023,ENT-LINE-ACL,APPROVED_REPORT_DRAWING_GOLDEN,,,reportSpecification,report_item,RPT-00841,,CONFIRMED,MAPPED,promotion APPROVED_REPORT_DRAWING_GOLDEN
G-RPT-0842,report,report.note.SRC-calculation_chapter_03_section_3_2_notes-024,ENT-LINE-ACL,APPROVED_REPORT_DRAWING_GOLDEN,,,reportSpecification,report_item,RPT-00842,,CONFIRMED,MAPPED,promotion APPROVED_REPORT_DRAWING_GOLDEN
G-RPT-0843,report,report.note.SRC-calculation_chapter_03_section_3_2_notes-025,ENT-LINE-ACL,APPROVED_REPORT_DRAWING_GOLDEN,,,reportSpecification,report_item,RPT-00843,,CONFIRMED,MAPPED,promotion APPROVED_REPORT_DRAWING_GOLDEN
G-RPT-0844,report,report.note.SRC-calculation_chapter_03_section_3_2_notes-026,ENT-LINE-ACL,APPROVED_REPORT_DRAWING_GOLDEN,,,reportSpecification,report_item,RPT-00844,,CONFIRMED,MAPPED,promotion APPROVED_REPORT_DRAWING_GOLDEN
G-RPT-0845,report,report.note.SRC-calculation_chapter_03_section_3_2_notes-027,ENT-LINE-ACL,APPROVED_REPORT_DRAWING_GOLDEN,,,reportSpecification,report_item,RPT-00845,,CONFIRMED,MAPPED,promotion APPROVED_REPORT_DRAWING_GOLDEN
G-RPT-0846,report,report.note.SRC-calculation_chapter_03_section_3_2_notes-028,ENT-LINE-ACL,APPROVED_REPORT_DRAWING_GOLDEN,,,reportSpecification,report_item,RPT-00846,,CONFIRMED,MAPPED,promotion APPROVED_REPORT_DRAWING_GOLDEN
G-RPT-0847,report,report.note.SRC-calculation_chapter_03_section_3_2_notes-029,ENT-LINE-ACL,APPROVED_REPORT_DRAWING_GOLDEN,,,reportSpecification,report_item,RPT-00847,,CONFIRMED,MAPPED,promotion APPROVED_REPORT_DRAWING_GOLDEN
G-RPT-0848,report,report.note.SRC-calculation_chapter_03_section_3_2_notes-030,ENT-LINE-ACL,APPROVED_REPORT_DRAWING_GOLDEN,,,reportSpecification,report_item,RPT-00848,,CONFIRMED,MAPPED,promotion APPROVED_REPORT_DRAWING_GOLDEN
G-RPT-0849,report,report.note.SRC-calculation_chapter_03_section_3_2_notes-031,ENT-LINE-ACL,APPROVED_REPORT_DRAWING_GOLDEN,,,reportSpecification,report_item,RPT-00849,,CONFIRMED,MAPPED,promotion APPROVED_REPORT_DRAWING_GOLDEN
G-RPT-0850,report,report.note.SRC-calculation_chapter_03_section_3_2_notes-032,ENT-LINE-ACL,APPROVED_REPORT_DRAWING_GOLDEN,,,reportSpecification,report_item,RPT-00850,,CONFIRMED,MAPPED,promotion APPROVED_REPORT_DRAWING_GOLDEN
G-RPT-0851,report,report.note.SRC-calculation_chapter_03_section_3_2_notes-033,ENT-LINE-ACL,APPROVED_REPORT_DRAWING_GOLDEN,,,reportSpecification,report_item,RPT-00851,,CONFIRMED,MAPPED,promotion APPROVED_REPORT_DRAWING_GOLDEN
G-RPT-0852,report,report.note.SRC-calculation_chapter_03_section_3_2_notes-034,ENT-LINE-ACL,APPROVED_REPORT_DRAWING_GOLDEN,,,reportSpecification,report_item,RPT-00852,,CONFIRMED,MAPPED,promotion APPROVED_REPORT_DRAWING_GOLDEN
G-RPT-0853,report,report.note.SRC-calculation_chapter_03_section_3_2_notes-035,ENT-LINE-ACL,APPROVED_REPORT_DRAWING_GOLDEN,,,reportSpecification,report_item,RPT-00853,,CONFIRMED,MAPPED,promotion APPROVED_REPORT_DRAWING_GOLDEN
G-RPT-0854,report,report.note.SRC-calculation_chapter_03_section_3_2_notes-036,ENT-LINE-ACL,APPROVED_REPORT_DRAWING_GOLDEN,,,reportSpecification,report_item,RPT-00854,,CONFIRMED,MAPPED,promotion APPROVED_REPORT_DRAWING_GOLDEN
G-RPT-0855,report,report.note.CAL-NOT-P00676-001,ENT-LINE-ACL,APPROVED_REPORT_DRAWING_GOLDEN,,,reportSpecification,report_item,RPT-00855,,CONFIRMED,MAPPED,promotion APPROVED_REPORT_DRAWING_GOLDEN
G-RPT-0856,report,report.note.CAL-NOT-P00676-002,ENT-LINE-ACL,APPROVED_REPORT_DRAWING_GOLDEN,,,reportSpecification,report_item,RPT-00856,,CONFIRMED,MAPPED,promotion APPROVED_REPORT_DRAWING_GOLDEN
G-RPT-0857,report,report.note.CAL-NOT-P00676-003,ENT-LINE-ACL,APPROVED_REPORT_DRAWING_GOLDEN,,,reportSpecification,report_item,RPT-00857,,CONFIRMED,MAPPED,promotion APPROVED_REPORT_DRAWING_GOLDEN
G-RPT-0858,report,report.note.CAL-NOT-P00677-001,ENT-LINE-ACL,APPROVED_REPORT_DRAWING_GOLDEN,,,reportSpecification,report_item,RPT-00858,,CONFIRMED,MAPPED,promotion APPROVED_REPORT_DRAWING_GOLDEN
G-RPT-0859,report,report.note.CAL-NOT-P00677-002,ENT-LINE-ACL,APPROVED_REPORT_DRAWING_GOLDEN,,,reportSpecification,report_item,RPT-00859,,CONFIRMED,MAPPED,promotion APPROVED_REPORT_DRAWING_GOLDEN
G-RPT-0860,report,report.note.CAL-NOT-P00679-001,ENT-LINE-ACL,APPROVED_REPORT_DRAWING_GOLDEN,,,reportSpecification,report_item,RPT-00860,,CONFIRMED,MAPPED,promotion APPROVED_REPORT_DRAWING_GOLDEN
G-RPT-0861,report,report.note.CAL-NOT-P00685-001,ENT-LINE-ACL,APPROVED_REPORT_DRAWING_GOLDEN,,,reportSpecification,report_item,RPT-00861,,CONFIRMED,MAPPED,promotion APPROVED_REPORT_DRAWING_GOLDEN
G-RPT-0862,report,report.note.CAL-NOT-P00686-001,ENT-LINE-ACL,APPROVED_REPORT_DRAWING_GOLDEN,,,reportSpecification,report_item,RPT-00862,,CONFIRMED,MAPPED,promotion APPROVED_REPORT_DRAWING_GOLDEN
G-RPT-0863,report,report.note.CAL-NOT-P00689-001,ENT-LINE-ACL,APPROVED_REPORT_DRAWING_GOLDEN,,,reportSpecification,report_item,RPT-00863,,CONFIRMED,MAPPED,promotion APPROVED_REPORT_DRAWING_GOLDEN
G-RPT-0864,report,report.note.CAL-NOT-P00766-001,ENT-LINE-ACL,APPROVED_REPORT_DRAWING_GOLDEN,,,reportSpecification,report_item,RPT-00864,,CONFIRMED,MAPPED,promotion APPROVED_REPORT_DRAWING_GOLDEN
G-RPT-0865,report,report.note.CAL-NOT-P00768-001,ENT-LINE-ACL,APPROVED_REPORT_DRAWING_GOLDEN,,,reportSpecification,report_item,RPT-00865,,CONFIRMED,MAPPED,promotion APPROVED_REPORT_DRAWING_GOLDEN
G-RPT-0866,report,report.note.CAL-NOT-P00769-001,ENT-LINE-ACL,APPROVED_REPORT_DRAWING_GOLDEN,,,reportSpecification,report_item,RPT-00866,,CONFIRMED,MAPPED,promotion APPROVED_REPORT_DRAWING_GOLDEN
G-RPT-0867,report,report.note.CAL-NOT-P00770-001,ENT-LINE-ACL,APPROVED_REPORT_DRAWING_GOLDEN,,,reportSpecification,report_item,RPT-00867,,CONFIRMED,MAPPED,promotion APPROVED_REPORT_DRAWING_GOLDEN
G-RPT-0868,report,report.note.CAL-NOT-P00773-001,ENT-LINE-ACL,APPROVED_REPORT_DRAWING_GOLDEN,,,reportSpecification,report_item,RPT-00868,,CONFIRMED,MAPPED,promotion APPROVED_REPORT_DRAWING_GOLDEN
G-RPT-0869,report,report.note.CAL-NOT-P00789-001,ENT-LINE-ACL,APPROVED_REPORT_DRAWING_GOLDEN,,,reportSpecification,report_item,RPT-00869,,CONFIRMED,MAPPED,promotion APPROVED_REPORT_DRAWING_GOLDEN
G-RPT-0870,report,report.note.CAL-NOT-P00789-002,ENT-LINE-ACL,APPROVED_REPORT_DRAWING_GOLDEN,,,reportSpecification,report_item,RPT-00870,,CONFIRMED,MAPPED,promotion APPROVED_REPORT_DRAWING_GOLDEN
G-RPT-0871,report,report.note.CAL-NOT-P00789-003,ENT-LINE-ACL,APPROVED_REPORT_DRAWING_GOLDEN,,,reportSpecification,report_item,RPT-00871,,CONFIRMED,MAPPED,promotion APPROVED_REPORT_DRAWING_GOLDEN
G-RPT-0872,report,report.note.CAL-NOT-P00791-001,ENT-LINE-ACL,APPROVED_REPORT_DRAWING_GOLDEN,,,reportSpecification,report_item,RPT-00872,,CONFIRMED,MAPPED,promotion APPROVED_REPORT_DRAWING_GOLDEN
G-RPT-0873,report,report.note.CAL-NOT-P00792-001,ENT-LINE-ACL,APPROVED_REPORT_DRAWING_GOLDEN,,,reportSpecification,report_item,RPT-00873,,CONFIRMED,MAPPED,promotion APPROVED_REPORT_DRAWING_GOLDEN
G-RPT-0874,report,report.note.CAL-NOT-P00818-001,ENT-LINE-ACL,APPROVED_REPORT_DRAWING_GOLDEN,,,reportSpecification,report_item,RPT-00874,,CONFIRMED,MAPPED,promotion APPROVED_REPORT_DRAWING_GOLDEN
G-RPT-0875,report,report.note.CAL-NOT-P00818-002,ENT-LINE-ACL,APPROVED_REPORT_DRAWING_GOLDEN,,,reportSpecification,report_item,RPT-00875,,CONFIRMED,MAPPED,promotion APPROVED_REPORT_DRAWING_GOLDEN
G-RPT-0876,report,report.note.CAL-NOT-P00818-003,ENT-LINE-ACL,APPROVED_REPORT_DRAWING_GOLDEN,,,reportSpecification,report_item,RPT-00876,,CONFIRMED,MAPPED,promotion APPROVED_REPORT_DRAWING_GOLDEN
G-RPT-0877,report,report.note.CAL-NOT-P00818-004,ENT-LINE-ACL,APPROVED_REPORT_DRAWING_GOLDEN,,,reportSpecification,report_item,RPT-00877,,CONFIRMED,MAPPED,promotion APPROVED_REPORT_DRAWING_GOLDEN
G-RPT-0878,report,report.note.CAL-NOT-P00819-001,ENT-LINE-ACL,APPROVED_REPORT_DRAWING_GOLDEN,,,reportSpecification,report_item,RPT-00878,,CONFIRMED,MAPPED,promotion APPROVED_REPORT_DRAWING_GOLDEN
G-RPT-0879,report,report.note.CAL-NOT-P00820-001,ENT-LINE-ACL,APPROVED_REPORT_DRAWING_GOLDEN,,,reportSpecification,report_item,RPT-00879,,CONFIRMED,MAPPED,promotion APPROVED_REPORT_DRAWING_GOLDEN
G-RPT-0880,report,report.note.CAL-NOT-P00821-001,ENT-LINE-ACL,APPROVED_REPORT_DRAWING_GOLDEN,,,reportSpecification,report_item,RPT-00880,,CONFIRMED,MAPPED,promotion APPROVED_REPORT_DRAWING_GOLDEN
G-RPT-0881,report,report.note.CAL-NOT-P00843-001,ENT-LINE-ACL,APPROVED_REPORT_DRAWING_GOLDEN,,,reportSpecification,report_item,RPT-00881,,CONFIRMED,MAPPED,promotion APPROVED_REPORT_DRAWING_GOLDEN
G-RPT-0882,report,report.note.CAL-NOT-P00845-001,ENT-LINE-ACL,APPROVED_REPORT_DRAWING_GOLDEN,,,reportSpecification,report_item,RPT-00882,,CONFIRMED,MAPPED,promotion APPROVED_REPORT_DRAWING_GOLDEN
G-RPT-0883,report,report.note.CAL-NOT-P00846-001,ENT-LINE-ACL,APPROVED_REPORT_DRAWING_GOLDEN,,,reportSpecification,report_item,RPT-00883,,CONFIRMED,MAPPED,promotion APPROVED_REPORT_DRAWING_GOLDEN
G-RPT-0884,report,report.note.CAL-NOT-P00848-001,ENT-LINE-ACL,APPROVED_REPORT_DRAWING_GOLDEN,,,reportSpecification,report_item,RPT-00884,,CONFIRMED,MAPPED,promotion APPROVED_REPORT_DRAWING_GOLDEN
G-RPT-0885,report,report.note.CAL-NOT-P00851-001,ENT-LINE-ACL,APPROVED_REPORT_DRAWING_GOLDEN,,,reportSpecification,report_item,RPT-00885,,CONFIRMED,MAPPED,promotion APPROVED_REPORT_DRAWING_GOLDEN
G-RPT-0886,report,report.note.CAL-NOT-P00854-001,ENT-LINE-ACL,APPROVED_REPORT_DRAWING_GOLDEN,,,reportSpecification,report_item,RPT-00886,,CONFIRMED,MAPPED,promotion APPROVED_REPORT_DRAWING_GOLDEN
G-RPT-0887,report,report.note.CAL-NOT-P00860-001,ENT-LINE-ACL,APPROVED_REPORT_DRAWING_GOLDEN,,,reportSpecification,report_item,RPT-00887,,CONFIRMED,MAPPED,promotion APPROVED_REPORT_DRAWING_GOLDEN
G-RPT-0888,report,report.note.CAL-NOT-P00873-001,ENT-LINE-ACL,APPROVED_REPORT_DRAWING_GOLDEN,,,reportSpecification,report_item,RPT-00888,,CONFIRMED,MAPPED,promotion APPROVED_REPORT_DRAWING_GOLDEN
G-RPT-0889,report,report.note.CAL-NOT-P00873-002,ENT-LINE-ACL,APPROVED_REPORT_DRAWING_GOLDEN,,,reportSpecification,report_item,RPT-00889,,CONFIRMED,MAPPED,promotion APPROVED_REPORT_DRAWING_GOLDEN
G-RPT-0890,report,report.note.CAL-NOT-P00873-003,ENT-LINE-ACL,APPROVED_REPORT_DRAWING_GOLDEN,,,reportSpecification,report_item,RPT-00890,,CONFIRMED,MAPPED,promotion APPROVED_REPORT_DRAWING_GOLDEN
G-RPT-0891,report,report.note.CAL-NOT-P00873-004,ENT-LINE-ACL,APPROVED_REPORT_DRAWING_GOLDEN,,,reportSpecification,report_item,RPT-00891,,CONFIRMED,MAPPED,promotion APPROVED_REPORT_DRAWING_GOLDEN
G-RPT-0892,report,report.note.CAL-NOT-P00873-005,ENT-LINE-ACL,APPROVED_REPORT_DRAWING_GOLDEN,,,reportSpecification,report_item,RPT-00892,,CONFIRMED,MAPPED,promotion APPROVED_REPORT_DRAWING_GOLDEN
G-RPT-0893,report,report.note.CAL-NOT-P00873-006,ENT-LINE-ACL,APPROVED_REPORT_DRAWING_GOLDEN,,,reportSpecification,report_item,RPT-00893,,CONFIRMED,MAPPED,promotion APPROVED_REPORT_DRAWING_GOLDEN
G-RPT-0894,report,report.note.CAL-NOT-P00873-007,ENT-LINE-ACL,APPROVED_REPORT_DRAWING_GOLDEN,,,reportSpecification,report_item,RPT-00894,,CONFIRMED,MAPPED,promotion APPROVED_REPORT_DRAWING_GOLDEN
G-RPT-0895,report,report.note.CAL-NOT-P00873-008,ENT-LINE-ACL,APPROVED_REPORT_DRAWING_GOLDEN,,,reportSpecification,report_item,RPT-00895,,CONFIRMED,MAPPED,promotion APPROVED_REPORT_DRAWING_GOLDEN
G-RPT-0896,report,report.note.CAL-NOT-P00873-009,ENT-LINE-ACL,APPROVED_REPORT_DRAWING_GOLDEN,,,reportSpecification,report_item,RPT-00896,,CONFIRMED,MAPPED,promotion APPROVED_REPORT_DRAWING_GOLDEN
G-RPT-0897,report,report.note.CAL-NOT-P00873-010,ENT-LINE-ACL,APPROVED_REPORT_DRAWING_GOLDEN,,,reportSpecification,report_item,RPT-00897,,CONFIRMED,MAPPED,promotion APPROVED_REPORT_DRAWING_GOLDEN
G-RPT-0898,report,report.note.CAL-NOT-P00873-011,ENT-LINE-ACL,APPROVED_REPORT_DRAWING_GOLDEN,,,reportSpecification,report_item,RPT-00898,,CONFIRMED,MAPPED,promotion APPROVED_REPORT_DRAWING_GOLDEN
G-RPT-0899,report,report.note.CAL-NOT-P00873-012,ENT-LINE-ACL,APPROVED_REPORT_DRAWING_GOLDEN,,,reportSpecification,report_item,RPT-00899,,CONFIRMED,MAPPED,promotion APPROVED_REPORT_DRAWING_GOLDEN
G-RPT-0900,report,report.note.CAL-NOT-P00874-001,ENT-LINE-ACL,APPROVED_REPORT_DRAWING_GOLDEN,,,reportSpecification,report_item,RPT-00900,,CONFIRMED,MAPPED,promotion APPROVED_REPORT_DRAWING_GOLDEN
G-RPT-0901,report,report.note.CAL-NOT-P00874-002,ENT-LINE-ACL,APPROVED_REPORT_DRAWING_GOLDEN,,,reportSpecification,report_item,RPT-00901,,CONFIRMED,MAPPED,promotion APPROVED_REPORT_DRAWING_GOLDEN
G-RPT-0902,report,report.note.CAL-NOT-P00894-001,ENT-LINE-ACL,APPROVED_REPORT_DRAWING_GOLDEN,,,reportSpecification,report_item,RPT-00902,,CONFIRMED,MAPPED,promotion APPROVED_REPORT_DRAWING_GOLDEN
G-RPT-0903,report,report.note.CAL-NOT-P00904-001,ENT-LINE-ACL,APPROVED_REPORT_DRAWING_GOLDEN,,,reportSpecification,report_item,RPT-00903,,CONFIRMED,MAPPED,promotion APPROVED_REPORT_DRAWING_GOLDEN
G-RPT-0904,report,report.note.CAL-NOT-P01284-001,ENT-LINE-ACL,APPROVED_REPORT_DRAWING_GOLDEN,,,reportSpecification,report_item,RPT-00904,,CONFIRMED,MAPPED,promotion APPROVED_REPORT_DRAWING_GOLDEN
G-RPT-0905,report,report.note.CAL-NOT-P01284-002,ENT-LINE-ACL,APPROVED_REPORT_DRAWING_GOLDEN,,,reportSpecification,report_item,RPT-00905,,CONFIRMED,MAPPED,promotion APPROVED_REPORT_DRAWING_GOLDEN
G-RPT-0906,report,report.note.CAL-NOT-P01284-003,ENT-LINE-ACL,APPROVED_REPORT_DRAWING_GOLDEN,,,reportSpecification,report_item,RPT-00906,,CONFIRMED,MAPPED,promotion APPROVED_REPORT_DRAWING_GOLDEN
G-RPT-0907,report,report.note.CAL-NOT-P01284-004,ENT-LINE-ACL,APPROVED_REPORT_DRAWING_GOLDEN,,,reportSpecification,report_item,RPT-00907,,CONFIRMED,MAPPED,promotion APPROVED_REPORT_DRAWING_GOLDEN
G-RPT-0908,report,report.note.CAL-NOT-P01285-001,ENT-LINE-ACL,APPROVED_REPORT_DRAWING_GOLDEN,,,reportSpecification,report_item,RPT-00908,,CONFIRMED,MAPPED,promotion APPROVED_REPORT_DRAWING_GOLDEN
G-RPT-0909,report,report.note.CAL-NOT-P01286-001,ENT-LINE-ACL,APPROVED_REPORT_DRAWING_GOLDEN,,,reportSpecification,report_item,RPT-00909,,CONFIRMED,MAPPED,promotion APPROVED_REPORT_DRAWING_GOLDEN
G-RPT-0910,report,report.note.CAL-NOT-P01286-002,ENT-LINE-ACL,APPROVED_REPORT_DRAWING_GOLDEN,,,reportSpecification,report_item,RPT-00910,,CONFIRMED,MAPPED,promotion APPROVED_REPORT_DRAWING_GOLDEN
G-RPT-0911,report,report.note.CAL-NOT-P01318-001,ENT-LINE-ACL,APPROVED_REPORT_DRAWING_GOLDEN,,,reportSpecification,report_item,RPT-00911,,CONFIRMED,MAPPED,promotion APPROVED_REPORT_DRAWING_GOLDEN
G-RPT-0912,report,report.note.CAL-NOT-P01318-002,ENT-LINE-ACL,APPROVED_REPORT_DRAWING_GOLDEN,,,reportSpecification,report_item,RPT-00912,,CONFIRMED,MAPPED,promotion APPROVED_REPORT_DRAWING_GOLDEN
G-RPT-0913,report,report.note.CAL-NOT-P01319-001,ENT-LINE-ACL,APPROVED_REPORT_DRAWING_GOLDEN,,,reportSpecification,report_item,RPT-00913,,CONFIRMED,MAPPED,promotion APPROVED_REPORT_DRAWING_GOLDEN
G-RPT-0914,report,report.note.CAL-NOT-P01319-002,ENT-LINE-ACL,APPROVED_REPORT_DRAWING_GOLDEN,,,reportSpecification,report_item,RPT-00914,,CONFIRMED,MAPPED,promotion APPROVED_REPORT_DRAWING_GOLDEN
G-RPT-0915,report,report.note.CAL-NOT-P01319-003,ENT-LINE-ACL,APPROVED_REPORT_DRAWING_GOLDEN,,,reportSpecification,report_item,RPT-00915,,CONFIRMED,MAPPED,promotion APPROVED_REPORT_DRAWING_GOLDEN
G-RPT-0916,report,report.note.CAL-NOT-P01319-004,ENT-LINE-ACL,APPROVED_REPORT_DRAWING_GOLDEN,,,reportSpecification,report_item,RPT-00916,,CONFIRMED,MAPPED,promotion APPROVED_REPORT_DRAWING_GOLDEN
G-RPT-0917,report,report.note.CAL-NOT-P01322-001,ENT-LINE-ACL,APPROVED_REPORT_DRAWING_GOLDEN,,,reportSpecification,report_item,RPT-00917,,CONFIRMED,MAPPED,promotion APPROVED_REPORT_DRAWING_GOLDEN
G-RPT-0918,report,report.note.CAL-NOT-P01778-001,ENT-LINE-ACL,APPROVED_REPORT_DRAWING_GOLDEN,,,reportSpecification,report_item,RPT-00918,,CONFIRMED,MAPPED,promotion APPROVED_REPORT_DRAWING_GOLDEN
G-RPT-0919,report,report.note.CAL-NOT-P01947-001,ENT-LINE-ACL,APPROVED_REPORT_DRAWING_GOLDEN,,,reportSpecification,report_item,RPT-00919,,CONFIRMED,MAPPED,promotion APPROVED_REPORT_DRAWING_GOLDEN
G-RPT-0920,report,report.note.CH5-NOTE-001,ENT-LINE-ACL,APPROVED_REPORT_DRAWING_GOLDEN,,,reportSpecification,report_item,RPT-00920,,CONFIRMED,MAPPED,promotion APPROVED_REPORT_DRAWING_GOLDEN
G-RPT-0921,report,report.note.CH5-NOTE-002,ENT-LINE-ACL,APPROVED_REPORT_DRAWING_GOLDEN,,,reportSpecification,report_item,RPT-00921,,CONFIRMED,MAPPED,promotion APPROVED_REPORT_DRAWING_GOLDEN
G-RPT-0922,report,report.note.CH5-NOTE-003,ENT-LINE-ACL,APPROVED_REPORT_DRAWING_GOLDEN,,,reportSpecification,report_item,RPT-00922,,CONFIRMED,MAPPED,promotion APPROVED_REPORT_DRAWING_GOLDEN
G-RPT-0923,report,report.note.CH5-NOTE-004,ENT-LINE-ACL,APPROVED_REPORT_DRAWING_GOLDEN,,,reportSpecification,report_item,RPT-00923,,CONFIRMED,MAPPED,promotion APPROVED_REPORT_DRAWING_GOLDEN
G-RPT-0924,report,report.note.CH5-NOTE-005,ENT-LINE-ACL,APPROVED_REPORT_DRAWING_GOLDEN,,,reportSpecification,report_item,RPT-00924,,CONFIRMED,MAPPED,promotion APPROVED_REPORT_DRAWING_GOLDEN
G-RPT-0925,report,report.note.CH5-NOTE-006,ENT-LINE-ACL,APPROVED_REPORT_DRAWING_GOLDEN,,,reportSpecification,report_item,RPT-00925,,CONFIRMED,MAPPED,promotion APPROVED_REPORT_DRAWING_GOLDEN
G-RPT-0926,report,report.note.CH5-NOTE-007,ENT-LINE-ACL,APPROVED_REPORT_DRAWING_GOLDEN,,,reportSpecification,report_item,RPT-00926,,CONFIRMED,MAPPED,promotion APPROVED_REPORT_DRAWING_GOLDEN
G-RPT-0927,report,report.note.CH5-NOTE-008,ENT-LINE-ACL,APPROVED_REPORT_DRAWING_GOLDEN,,,reportSpecification,report_item,RPT-00927,,CONFIRMED,MAPPED,promotion APPROVED_REPORT_DRAWING_GOLDEN
G-RPT-0928,report,report.note.CH5-NOTE-009,ENT-LINE-ACL,APPROVED_REPORT_DRAWING_GOLDEN,,,reportSpecification,report_item,RPT-00928,,CONFIRMED,MAPPED,promotion APPROVED_REPORT_DRAWING_GOLDEN
G-RPT-0929,report,report.note.CH5-NOTE-010,ENT-LINE-ACL,APPROVED_REPORT_DRAWING_GOLDEN,,,reportSpecification,report_item,RPT-00929,,CONFIRMED,MAPPED,promotion APPROVED_REPORT_DRAWING_GOLDEN
G-RPT-0930,report,report.note.CH5-NOTE-011,ENT-LINE-ACL,APPROVED_REPORT_DRAWING_GOLDEN,,,reportSpecification,report_item,RPT-00930,,CONFIRMED,MAPPED,promotion APPROVED_REPORT_DRAWING_GOLDEN
G-RPT-0931,report,report.note.CH5-NOTE-012,ENT-LINE-ACL,APPROVED_REPORT_DRAWING_GOLDEN,,,reportSpecification,report_item,RPT-00931,,CONFIRMED,MAPPED,promotion APPROVED_REPORT_DRAWING_GOLDEN
G-RPT-0932,report,report.note.CH5-NOTE-013,ENT-LINE-ACL,APPROVED_REPORT_DRAWING_GOLDEN,,,reportSpecification,report_item,RPT-00932,,CONFIRMED,MAPPED,promotion APPROVED_REPORT_DRAWING_GOLDEN
G-RPT-0933,report,report.note.CH5-NOTE-014,ENT-LINE-ACL,APPROVED_REPORT_DRAWING_GOLDEN,,,reportSpecification,report_item,RPT-00933,,CONFIRMED,MAPPED,promotion APPROVED_REPORT_DRAWING_GOLDEN
G-RPT-0934,report,report.note.CH5-NOTE-015,ENT-LINE-ACL,APPROVED_REPORT_DRAWING_GOLDEN,,,reportSpecification,report_item,RPT-00934,,CONFIRMED,MAPPED,promotion APPROVED_REPORT_DRAWING_GOLDEN
G-RPT-0935,report,report.note.CH5-NOTE-016,ENT-LINE-ACL,APPROVED_REPORT_DRAWING_GOLDEN,,,reportSpecification,report_item,RPT-00935,,CONFIRMED,MAPPED,promotion APPROVED_REPORT_DRAWING_GOLDEN
G-RPT-0936,report,report.note.CH5-NOTE-017,ENT-LINE-ACL,APPROVED_REPORT_DRAWING_GOLDEN,,,reportSpecification,report_item,RPT-00936,,CONFIRMED,MAPPED,promotion APPROVED_REPORT_DRAWING_GOLDEN
G-RPT-0937,report,report.note.CH5-NOTE-018,ENT-LINE-ACL,APPROVED_REPORT_DRAWING_GOLDEN,,,reportSpecification,report_item,RPT-00937,,CONFIRMED,MAPPED,promotion APPROVED_REPORT_DRAWING_GOLDEN
G-RPT-0938,report,report.note.CH5-NOTE-019,ENT-LINE-ACL,APPROVED_REPORT_DRAWING_GOLDEN,,,reportSpecification,report_item,RPT-00938,,CONFIRMED,MAPPED,promotion APPROVED_REPORT_DRAWING_GOLDEN
G-RPT-0939,report,report.note.CH5-NOTE-020,ENT-LINE-ACL,APPROVED_REPORT_DRAWING_GOLDEN,,,reportSpecification,report_item,RPT-00939,,CONFIRMED,MAPPED,promotion APPROVED_REPORT_DRAWING_GOLDEN
G-RPT-0940,report,report.note.CH5-NOTE-021,ENT-LINE-ACL,APPROVED_REPORT_DRAWING_GOLDEN,,,reportSpecification,report_item,RPT-00940,,CONFIRMED,MAPPED,promotion APPROVED_REPORT_DRAWING_GOLDEN
G-RPT-0941,report,report.note.CH5-NOTE-022,ENT-LINE-ACL,APPROVED_REPORT_DRAWING_GOLDEN,,,reportSpecification,report_item,RPT-00941,,CONFIRMED,MAPPED,promotion APPROVED_REPORT_DRAWING_GOLDEN
G-RPT-0942,report,report.formula.CH2-FML-001,ENT-LINE-ACL,APPROVED_REPORT_DRAWING_GOLDEN,,,reportSpecification,report_item,RPT-00942,,CONFIRMED,MAPPED,promotion APPROVED_REPORT_DRAWING_GOLDEN
G-RPT-0943,report,report.formula.CH2-FML-004,ENT-LINE-ACL,APPROVED_REPORT_DRAWING_GOLDEN,,,reportSpecification,report_item,RPT-00943,,CONFIRMED,MAPPED,promotion APPROVED_REPORT_DRAWING_GOLDEN
G-RPT-0944,report,report.formula.CAL-FML-P00135-001,ENT-LINE-ACL,APPROVED_REPORT_DRAWING_GOLDEN,,,reportSpecification,report_item,RPT-00944,,CONFIRMED,MAPPED,promotion APPROVED_REPORT_DRAWING_GOLDEN
G-RPT-0945,report,report.formula.SRC-calculation_chapter_03_section_3_2_formulas-001,ENT-LINE-ACL,APPROVED_REPORT_DRAWING_GOLDEN,,,reportSpecification,report_item,RPT-00945,,CONFIRMED,MAPPED,promotion APPROVED_REPORT_DRAWING_GOLDEN
G-RPT-0946,report,report.formula.SRC-calculation_chapter_03_section_3_2_formulas-002,ENT-LINE-ACL,APPROVED_REPORT_DRAWING_GOLDEN,,,reportSpecification,report_item,RPT-00946,,CONFIRMED,MAPPED,promotion APPROVED_REPORT_DRAWING_GOLDEN
G-RPT-0947,report,report.formula.SRC-calculation_chapter_03_section_3_2_formulas-003,ENT-LINE-ACL,APPROVED_REPORT_DRAWING_GOLDEN,,,reportSpecification,report_item,RPT-00947,,CONFIRMED,MAPPED,promotion APPROVED_REPORT_DRAWING_GOLDEN
G-RPT-0948,report,report.formula.SRC-calculation_chapter_03_section_3_2_formulas-004,ENT-LINE-ACL,APPROVED_REPORT_DRAWING_GOLDEN,,,reportSpecification,report_item,RPT-00948,,CONFIRMED,MAPPED,promotion APPROVED_REPORT_DRAWING_GOLDEN
G-RPT-0949,report,report.formula.SRC-calculation_chapter_03_section_3_2_formulas-005,ENT-LINE-ACL,APPROVED_REPORT_DRAWING_GOLDEN,,,reportSpecification,report_item,RPT-00949,,CONFIRMED,MAPPED,promotion APPROVED_REPORT_DRAWING_GOLDEN
G-RPT-0950,report,report.formula.SRC-calculation_chapter_03_section_3_2_formulas-006,ENT-LINE-ACL,APPROVED_REPORT_DRAWING_GOLDEN,,,reportSpecification,report_item,RPT-00950,,CONFIRMED,MAPPED,promotion APPROVED_REPORT_DRAWING_GOLDEN
G-RPT-0951,report,report.formula.SRC-calculation_chapter_03_section_3_2_formulas-007,ENT-LINE-ACL,APPROVED_REPORT_DRAWING_GOLDEN,,,reportSpecification,report_item,RPT-00951,,CONFIRMED,MAPPED,promotion APPROVED_REPORT_DRAWING_GOLDEN
G-RPT-0952,report,report.formula.SRC-calculation_chapter_03_section_3_2_formulas-008,ENT-LINE-ACL,APPROVED_REPORT_DRAWING_GOLDEN,,,reportSpecification,report_item,RPT-00952,,CONFIRMED,MAPPED,promotion APPROVED_REPORT_DRAWING_GOLDEN
G-RPT-0953,report,report.formula.SRC-calculation_chapter_03_section_3_2_formulas-009,ENT-LINE-ACL,APPROVED_REPORT_DRAWING_GOLDEN,,,reportSpecification,report_item,RPT-00953,,CONFIRMED,MAPPED,promotion APPROVED_REPORT_DRAWING_GOLDEN
G-RPT-0954,report,report.formula.SRC-calculation_chapter_03_section_3_2_formulas-010,ENT-LINE-ACL,APPROVED_REPORT_DRAWING_GOLDEN,,,reportSpecification,report_item,RPT-00954,,CONFIRMED,MAPPED,promotion APPROVED_REPORT_DRAWING_GOLDEN
G-RPT-0955,report,report.formula.SRC-calculation_chapter_03_section_3_2_formulas-011,ENT-LINE-ACL,APPROVED_REPORT_DRAWING_GOLDEN,,,reportSpecification,report_item,RPT-00955,,CONFIRMED,MAPPED,promotion APPROVED_REPORT_DRAWING_GOLDEN
G-RPT-0956,report,report.formula.SRC-calculation_chapter_03_section_3_2_formulas-012,ENT-LINE-ACL,APPROVED_REPORT_DRAWING_GOLDEN,,,reportSpecification,report_item,RPT-00956,,CONFIRMED,MAPPED,promotion APPROVED_REPORT_DRAWING_GOLDEN
G-RPT-0957,report,report.formula.SRC-calculation_chapter_03_section_3_2_formulas-013,ENT-LINE-ACL,APPROVED_REPORT_DRAWING_GOLDEN,,,reportSpecification,report_item,RPT-00957,,CONFIRMED,MAPPED,promotion APPROVED_REPORT_DRAWING_GOLDEN
G-RPT-0958,report,report.formula.SRC-calculation_chapter_03_section_3_2_formulas-014,ENT-LINE-ACL,APPROVED_REPORT_DRAWING_GOLDEN,,,reportSpecification,report_item,RPT-00958,,CONFIRMED,MAPPED,promotion APPROVED_REPORT_DRAWING_GOLDEN
G-RPT-0959,report,report.formula.SRC-calculation_chapter_03_section_3_2_formulas-015,ENT-LINE-ACL,APPROVED_REPORT_DRAWING_GOLDEN,,,reportSpecification,report_item,RPT-00959,,CONFIRMED,MAPPED,promotion APPROVED_REPORT_DRAWING_GOLDEN
G-RPT-0960,report,report.formula.SRC-calculation_chapter_03_section_3_2_formulas-016,ENT-LINE-ACL,APPROVED_REPORT_DRAWING_GOLDEN,,,reportSpecification,report_item,RPT-00960,,CONFIRMED,MAPPED,promotion APPROVED_REPORT_DRAWING_GOLDEN
G-RPT-0961,report,report.formula.SRC-calculation_chapter_03_section_3_2_formulas-017,ENT-LINE-ACL,APPROVED_REPORT_DRAWING_GOLDEN,,,reportSpecification,report_item,RPT-00961,,CONFIRMED,MAPPED,promotion APPROVED_REPORT_DRAWING_GOLDEN
G-RPT-0962,report,report.formula.SRC-calculation_chapter_03_section_3_2_formulas-018,ENT-LINE-ACL,APPROVED_REPORT_DRAWING_GOLDEN,,,reportSpecification,report_item,RPT-00962,,CONFIRMED,MAPPED,promotion APPROVED_REPORT_DRAWING_GOLDEN
G-RPT-0963,report,report.formula.SRC-calculation_chapter_03_section_3_2_formulas-019,ENT-LINE-ACL,APPROVED_REPORT_DRAWING_GOLDEN,,,reportSpecification,report_item,RPT-00963,,CONFIRMED,MAPPED,promotion APPROVED_REPORT_DRAWING_GOLDEN
G-RPT-0964,report,report.formula.SRC-calculation_chapter_03_section_3_2_formulas-020,ENT-LINE-ACL,APPROVED_REPORT_DRAWING_GOLDEN,,,reportSpecification,report_item,RPT-00964,,CONFIRMED,MAPPED,promotion APPROVED_REPORT_DRAWING_GOLDEN
G-RPT-0965,report,report.formula.SRC-calculation_chapter_03_section_3_2_formulas-021,ENT-LINE-ACL,APPROVED_REPORT_DRAWING_GOLDEN,,,reportSpecification,report_item,RPT-00965,,CONFIRMED,MAPPED,promotion APPROVED_REPORT_DRAWING_GOLDEN
G-RPT-0966,report,report.formula.SRC-calculation_chapter_03_section_3_2_formulas-022,ENT-LINE-ACL,APPROVED_REPORT_DRAWING_GOLDEN,,,reportSpecification,report_item,RPT-00966,,CONFIRMED,MAPPED,promotion APPROVED_REPORT_DRAWING_GOLDEN
G-RPT-0967,report,report.formula.SRC-calculation_chapter_03_section_3_2_formulas-023,ENT-LINE-ACL,APPROVED_REPORT_DRAWING_GOLDEN,,,reportSpecification,report_item,RPT-00967,,CONFIRMED,MAPPED,promotion APPROVED_REPORT_DRAWING_GOLDEN
G-RPT-0968,report,report.formula.SRC-calculation_chapter_03_section_3_2_formulas-024,ENT-LINE-ACL,APPROVED_REPORT_DRAWING_GOLDEN,,,reportSpecification,report_item,RPT-00968,,CONFIRMED,MAPPED,promotion APPROVED_REPORT_DRAWING_GOLDEN
G-RPT-0969,report,report.formula.SRC-calculation_chapter_03_section_3_2_formulas-025,ENT-LINE-ACL,APPROVED_REPORT_DRAWING_GOLDEN,,,reportSpecification,report_item,RPT-00969,,CONFIRMED,MAPPED,promotion APPROVED_REPORT_DRAWING_GOLDEN
G-RPT-0970,report,report.formula.SRC-calculation_chapter_03_section_3_2_formulas-026,ENT-LINE-ACL,APPROVED_REPORT_DRAWING_GOLDEN,,,reportSpecification,report_item,RPT-00970,,CONFIRMED,MAPPED,promotion APPROVED_REPORT_DRAWING_GOLDEN
G-RPT-0971,report,report.formula.CAL-FML-P00677-001,ENT-LINE-ACL,APPROVED_REPORT_DRAWING_GOLDEN,,,reportSpecification,report_item,RPT-00971,,CONFIRMED,MAPPED,promotion APPROVED_REPORT_DRAWING_GOLDEN
G-RPT-0972,report,report.formula.CAL-FML-P00685-001,ENT-LINE-ACL,APPROVED_REPORT_DRAWING_GOLDEN,,,reportSpecification,report_item,RPT-00972,,CONFIRMED,MAPPED,promotion APPROVED_REPORT_DRAWING_GOLDEN
G-RPT-0973,report,report.formula.CAL-FML-P00689-001,ENT-LINE-ACL,APPROVED_REPORT_DRAWING_GOLDEN,,,reportSpecification,report_item,RPT-00973,,CONFIRMED,MAPPED,promotion APPROVED_REPORT_DRAWING_GOLDEN
G-RPT-0974,report,report.formula.CAL-FML-P00689-002,ENT-LINE-ACL,APPROVED_REPORT_DRAWING_GOLDEN,,,reportSpecification,report_item,RPT-00974,,CONFIRMED,MAPPED,promotion APPROVED_REPORT_DRAWING_GOLDEN
G-RPT-0975,report,report.formula.CAL-FML-P00769-001,ENT-LINE-ACL,APPROVED_REPORT_DRAWING_GOLDEN,,,reportSpecification,report_item,RPT-00975,,CONFIRMED,MAPPED,promotion APPROVED_REPORT_DRAWING_GOLDEN
G-RPT-0976,report,report.formula.CAL-FML-P00791-007,ENT-LINE-ACL,APPROVED_REPORT_DRAWING_GOLDEN,,,reportSpecification,report_item,RPT-00976,,CONFIRMED,MAPPED,promotion APPROVED_REPORT_DRAWING_GOLDEN
G-RPT-0977,report,report.formula.CAL-FML-P00845-001,ENT-LINE-ACL,APPROVED_REPORT_DRAWING_GOLDEN,,,reportSpecification,report_item,RPT-00977,,CONFIRMED,MAPPED,promotion APPROVED_REPORT_DRAWING_GOLDEN
G-RPT-0978,report,report.formula.CAL-FML-P00846-001,ENT-LINE-ACL,APPROVED_REPORT_DRAWING_GOLDEN,,,reportSpecification,report_item,RPT-00978,,CONFIRMED,MAPPED,promotion APPROVED_REPORT_DRAWING_GOLDEN
G-RPT-0979,report,report.formula.CAL-FML-P00850-001,ENT-LINE-ACL,APPROVED_REPORT_DRAWING_GOLDEN,,,reportSpecification,report_item,RPT-00979,,CONFIRMED,MAPPED,promotion APPROVED_REPORT_DRAWING_GOLDEN
G-RPT-0980,report,report.formula.CAL-FML-P00873-001,ENT-LINE-ACL,APPROVED_REPORT_DRAWING_GOLDEN,,,reportSpecification,report_item,RPT-00980,,CONFIRMED,MAPPED,promotion APPROVED_REPORT_DRAWING_GOLDEN
G-RPT-0981,report,report.formula.CAL-FML-P00873-002,ENT-LINE-ACL,APPROVED_REPORT_DRAWING_GOLDEN,,,reportSpecification,report_item,RPT-00981,,CONFIRMED,MAPPED,promotion APPROVED_REPORT_DRAWING_GOLDEN
G-RPT-0982,report,report.formula.CAL-FML-P00873-003,ENT-LINE-ACL,APPROVED_REPORT_DRAWING_GOLDEN,,,reportSpecification,report_item,RPT-00982,,CONFIRMED,MAPPED,promotion APPROVED_REPORT_DRAWING_GOLDEN
G-RPT-0983,report,report.formula.CAL-FML-P00873-004,ENT-LINE-ACL,APPROVED_REPORT_DRAWING_GOLDEN,,,reportSpecification,report_item,RPT-00983,,CONFIRMED,MAPPED,promotion APPROVED_REPORT_DRAWING_GOLDEN
G-RPT-0984,report,report.formula.CAL-FML-P00873-005,ENT-LINE-ACL,APPROVED_REPORT_DRAWING_GOLDEN,,,reportSpecification,report_item,RPT-00984,,CONFIRMED,MAPPED,promotion APPROVED_REPORT_DRAWING_GOLDEN
G-RPT-0985,report,report.formula.CAL-FML-P00873-006,ENT-LINE-ACL,APPROVED_REPORT_DRAWING_GOLDEN,,,reportSpecification,report_item,RPT-00985,,CONFIRMED,MAPPED,promotion APPROVED_REPORT_DRAWING_GOLDEN
G-RPT-0986,report,report.formula.CAL-FML-P00893-001,ENT-LINE-ACL,APPROVED_REPORT_DRAWING_GOLDEN,,,reportSpecification,report_item,RPT-00986,,CONFIRMED,MAPPED,promotion APPROVED_REPORT_DRAWING_GOLDEN
G-RPT-0987,report,report.formula.CAL-FML-P01284-001,ENT-LINE-ACL,APPROVED_REPORT_DRAWING_GOLDEN,,,reportSpecification,report_item,RPT-00987,,CONFIRMED,MAPPED,promotion APPROVED_REPORT_DRAWING_GOLDEN
G-RPT-0988,report,report.formula.CAL-FML-P01284-002,ENT-LINE-ACL,APPROVED_REPORT_DRAWING_GOLDEN,,,reportSpecification,report_item,RPT-00988,,CONFIRMED,MAPPED,promotion APPROVED_REPORT_DRAWING_GOLDEN
G-RPT-0989,report,report.formula.CAL-FML-P01321-001,ENT-LINE-ACL,APPROVED_REPORT_DRAWING_GOLDEN,,,reportSpecification,report_item,RPT-00989,,CONFIRMED,MAPPED,promotion APPROVED_REPORT_DRAWING_GOLDEN
G-RPT-0990,report,report.formula.CAL-FML-P01321-002,ENT-LINE-ACL,APPROVED_REPORT_DRAWING_GOLDEN,,,reportSpecification,report_item,RPT-00990,,CONFIRMED,MAPPED,promotion APPROVED_REPORT_DRAWING_GOLDEN
G-RPT-0991,report,report.formula.CAL-FML-P01321-009,ENT-LINE-ACL,APPROVED_REPORT_DRAWING_GOLDEN,,,reportSpecification,report_item,RPT-00991,,CONFIRMED,MAPPED,promotion APPROVED_REPORT_DRAWING_GOLDEN
G-RPT-0992,report,report.formula.CAL-FML-P01321-010,ENT-LINE-ACL,APPROVED_REPORT_DRAWING_GOLDEN,,,reportSpecification,report_item,RPT-00992,,CONFIRMED,MAPPED,promotion APPROVED_REPORT_DRAWING_GOLDEN
G-RPT-0993,report,report.formula.CH5-FORM-001,ENT-LINE-ACL,APPROVED_REPORT_DRAWING_GOLDEN,,,reportSpecification,report_item,RPT-00993,,CONFIRMED,MAPPED,promotion APPROVED_REPORT_DRAWING_GOLDEN
G-RPT-0994,report,report.formula.CH5-FORM-002,ENT-LINE-ACL,APPROVED_REPORT_DRAWING_GOLDEN,,,reportSpecification,report_item,RPT-00994,,CONFIRMED,MAPPED,promotion APPROVED_REPORT_DRAWING_GOLDEN
G-RPT-0995,report,report.formula.CH5-FORM-003,ENT-LINE-ACL,APPROVED_REPORT_DRAWING_GOLDEN,,,reportSpecification,report_item,RPT-00995,,CONFIRMED,MAPPED,promotion APPROVED_REPORT_DRAWING_GOLDEN
G-RPT-0996,report,report.formula.CH5-FORM-004,ENT-LINE-ACL,APPROVED_REPORT_DRAWING_GOLDEN,,,reportSpecification,report_item,RPT-00996,,CONFIRMED,MAPPED,promotion APPROVED_REPORT_DRAWING_GOLDEN
G-RPT-0997,report,report.formula.CH5-FORM-005,ENT-LINE-ACL,APPROVED_REPORT_DRAWING_GOLDEN,,,reportSpecification,report_item,RPT-00997,,CONFIRMED,MAPPED,promotion APPROVED_REPORT_DRAWING_GOLDEN
G-RPT-0998,report,report.formula.CH5-FORM-006,ENT-LINE-ACL,APPROVED_REPORT_DRAWING_GOLDEN,,,reportSpecification,report_item,RPT-00998,,CONFIRMED,MAPPED,promotion APPROVED_REPORT_DRAWING_GOLDEN
G-RPT-0999,report,report.formula.CH5-FORM-007,ENT-LINE-ACL,APPROVED_REPORT_DRAWING_GOLDEN,,,reportSpecification,report_item,RPT-00999,,CONFIRMED,MAPPED,promotion APPROVED_REPORT_DRAWING_GOLDEN
G-RPT-1000,report,report.formula.CH5-FORM-008,ENT-LINE-ACL,APPROVED_REPORT_DRAWING_GOLDEN,,,reportSpecification,report_item,RPT-01000,,CONFIRMED,MAPPED,promotion APPROVED_REPORT_DRAWING_GOLDEN
G-RPT-1001,report,report.formula.CH5-FORM-009,ENT-LINE-ACL,APPROVED_REPORT_DRAWING_GOLDEN,,,reportSpecification,report_item,RPT-01001,,CONFIRMED,MAPPED,promotion APPROVED_REPORT_DRAWING_GOLDEN
G-RPT-1002,report,report.formula.CH5-FORM-017,ENT-LINE-ACL,APPROVED_REPORT_DRAWING_GOLDEN,,,reportSpecification,report_item,RPT-01002,,CONFIRMED,MAPPED,promotion APPROVED_REPORT_DRAWING_GOLDEN
G-RPT-1003,report,report.formula.CH5-FORM-018,ENT-LINE-ACL,APPROVED_REPORT_DRAWING_GOLDEN,,,reportSpecification,report_item,RPT-01003,,CONFIRMED,MAPPED,promotion APPROVED_REPORT_DRAWING_GOLDEN
G-RPT-1004,report,report.formula.CH5-FORM-019,ENT-LINE-ACL,APPROVED_REPORT_DRAWING_GOLDEN,,,reportSpecification,report_item,RPT-01004,,CONFIRMED,MAPPED,promotion APPROVED_REPORT_DRAWING_GOLDEN
G-RPT-1005,report,report.formula.CH5-FORM-021,ENT-LINE-ACL,APPROVED_REPORT_DRAWING_GOLDEN,,,reportSpecification,report_item,RPT-01005,,CONFIRMED,MAPPED,promotion APPROVED_REPORT_DRAWING_GOLDEN
G-RPT-1006,report,report.formula.CH5-FORM-022,ENT-LINE-ACL,APPROVED_REPORT_DRAWING_GOLDEN,,,reportSpecification,report_item,RPT-01006,,CONFIRMED,MAPPED,promotion APPROVED_REPORT_DRAWING_GOLDEN
G-RPT-1007,report,report.formula.CH5-FORM-023,ENT-LINE-ACL,APPROVED_REPORT_DRAWING_GOLDEN,,,reportSpecification,report_item,RPT-01007,,CONFIRMED,MAPPED,promotion APPROVED_REPORT_DRAWING_GOLDEN
G-RPT-1008,report,report.formula.CH5-FORM-024,ENT-LINE-ACL,APPROVED_REPORT_DRAWING_GOLDEN,,,reportSpecification,report_item,RPT-01008,,CONFIRMED,MAPPED,promotion APPROVED_REPORT_DRAWING_GOLDEN
G-RPT-1009,report,report.formula.CH5-FORM-027,ENT-LINE-ACL,APPROVED_REPORT_DRAWING_GOLDEN,,,reportSpecification,report_item,RPT-01009,,CONFIRMED,MAPPED,promotion APPROVED_REPORT_DRAWING_GOLDEN
G-RPT-1010,report,report.formula.CH5-FORM-028,ENT-LINE-ACL,APPROVED_REPORT_DRAWING_GOLDEN,,,reportSpecification,report_item,RPT-01010,,CONFIRMED,MAPPED,promotion APPROVED_REPORT_DRAWING_GOLDEN
G-RPT-1011,report,report.formula.CH5-FORM-029,ENT-LINE-ACL,APPROVED_REPORT_DRAWING_GOLDEN,,,reportSpecification,report_item,RPT-01011,,CONFIRMED,MAPPED,promotion APPROVED_REPORT_DRAWING_GOLDEN
G-RPT-1012,report,report.formula.CH5-FORM-031,ENT-LINE-ACL,APPROVED_REPORT_DRAWING_GOLDEN,,,reportSpecification,report_item,RPT-01012,,CONFIRMED,MAPPED,promotion APPROVED_REPORT_DRAWING_GOLDEN
G-RPT-1013,report,report.layout.CH1-PE-001,ENT-LINE-ACL,APPROVED_REPORT_DRAWING_GOLDEN,,,reportSpecification,report_item,RPT-01013,,CONFIRMED,MAPPED,promotion APPROVED_REPORT_DRAWING_GOLDEN
G-RPT-1014,report,report.layout.CH1-PE-002,ENT-LINE-ACL,APPROVED_REPORT_DRAWING_GOLDEN,,,reportSpecification,report_item,RPT-01014,,CONFIRMED,MAPPED,promotion APPROVED_REPORT_DRAWING_GOLDEN
G-RPT-1015,report,report.layout.CH1-PE-003,ENT-LINE-ACL,APPROVED_REPORT_DRAWING_GOLDEN,,,reportSpecification,report_item,RPT-01015,,CONFIRMED,MAPPED,promotion APPROVED_REPORT_DRAWING_GOLDEN
G-RPT-1016,report,report.layout.CH1-PE-004,ENT-LINE-ACL,APPROVED_REPORT_DRAWING_GOLDEN,,,reportSpecification,report_item,RPT-01016,,CONFIRMED,MAPPED,promotion APPROVED_REPORT_DRAWING_GOLDEN
G-RPT-1017,report,report.layout.CH1-PE-005,ENT-LINE-ACL,APPROVED_REPORT_DRAWING_GOLDEN,,,reportSpecification,report_item,RPT-01017,,CONFIRMED,MAPPED,promotion APPROVED_REPORT_DRAWING_GOLDEN
G-RPT-1018,report,report.layout.CH1-PE-006,ENT-LINE-ACL,APPROVED_REPORT_DRAWING_GOLDEN,,,reportSpecification,report_item,RPT-01018,,CONFIRMED,MAPPED,promotion APPROVED_REPORT_DRAWING_GOLDEN
G-RPT-1019,report,report.layout.CH1-PE-007,ENT-LINE-ACL,APPROVED_REPORT_DRAWING_GOLDEN,,,reportSpecification,report_item,RPT-01019,,CONFIRMED,MAPPED,promotion APPROVED_REPORT_DRAWING_GOLDEN
G-RPT-1020,report,report.layout.CH1-PE-008,ENT-LINE-ACL,APPROVED_REPORT_DRAWING_GOLDEN,,,reportSpecification,report_item,RPT-01020,,CONFIRMED,MAPPED,promotion APPROVED_REPORT_DRAWING_GOLDEN
G-RPT-1021,report,report.layout.CH1-PE-009,ENT-LINE-ACL,APPROVED_REPORT_DRAWING_GOLDEN,,,reportSpecification,report_item,RPT-01021,,CONFIRMED,MAPPED,promotion APPROVED_REPORT_DRAWING_GOLDEN
G-RPT-1022,report,report.layout.CH1-PE-010,ENT-LINE-ACL,APPROVED_REPORT_DRAWING_GOLDEN,,,reportSpecification,report_item,RPT-01022,,CONFIRMED,MAPPED,promotion APPROVED_REPORT_DRAWING_GOLDEN
G-RPT-1023,report,report.layout.CH1-PE-011,ENT-LINE-ACL,APPROVED_REPORT_DRAWING_GOLDEN,,,reportSpecification,report_item,RPT-01023,,CONFIRMED,MAPPED,promotion APPROVED_REPORT_DRAWING_GOLDEN
G-RPT-1024,report,report.layout.CH1-PE-012,ENT-LINE-ACL,APPROVED_REPORT_DRAWING_GOLDEN,,,reportSpecification,report_item,RPT-01024,,CONFIRMED,MAPPED,promotion APPROVED_REPORT_DRAWING_GOLDEN
G-RPT-1025,report,report.layout.CH1-PE-013,ENT-LINE-ACL,APPROVED_REPORT_DRAWING_GOLDEN,,,reportSpecification,report_item,RPT-01025,,CONFIRMED,MAPPED,promotion APPROVED_REPORT_DRAWING_GOLDEN
G-RPT-1026,report,report.layout.CH1-PE-014,ENT-LINE-ACL,APPROVED_REPORT_DRAWING_GOLDEN,,,reportSpecification,report_item,RPT-01026,,CONFIRMED,MAPPED,promotion APPROVED_REPORT_DRAWING_GOLDEN
G-RPT-1027,report,report.layout.CH1-PE-015,ENT-LINE-ACL,APPROVED_REPORT_DRAWING_GOLDEN,,,reportSpecification,report_item,RPT-01027,,CONFIRMED,MAPPED,promotion APPROVED_REPORT_DRAWING_GOLDEN
G-RPT-1028,report,report.layout.CH1-PE-016,ENT-LINE-ACL,APPROVED_REPORT_DRAWING_GOLDEN,,,reportSpecification,report_item,RPT-01028,,CONFIRMED,MAPPED,promotion APPROVED_REPORT_DRAWING_GOLDEN
G-RPT-1029,report,report.layout.CH1-PE-017,ENT-LINE-ACL,APPROVED_REPORT_DRAWING_GOLDEN,,,reportSpecification,report_item,RPT-01029,,CONFIRMED,MAPPED,promotion APPROVED_REPORT_DRAWING_GOLDEN
G-RPT-1030,report,report.layout.CH1-PE-018,ENT-LINE-ACL,APPROVED_REPORT_DRAWING_GOLDEN,,,reportSpecification,report_item,RPT-01030,,CONFIRMED,MAPPED,promotion APPROVED_REPORT_DRAWING_GOLDEN
G-RPT-1031,report,report.layout.CH1-PE-019,ENT-LINE-ACL,APPROVED_REPORT_DRAWING_GOLDEN,,,reportSpecification,report_item,RPT-01031,,CONFIRMED,MAPPED,promotion APPROVED_REPORT_DRAWING_GOLDEN
G-RPT-1032,report,report.layout.CH1-PE-020,ENT-LINE-ACL,APPROVED_REPORT_DRAWING_GOLDEN,,,reportSpecification,report_item,RPT-01032,,CONFIRMED,MAPPED,promotion APPROVED_REPORT_DRAWING_GOLDEN
G-RPT-1033,report,report.layout.CH1-PE-021,ENT-LINE-ACL,APPROVED_REPORT_DRAWING_GOLDEN,,,reportSpecification,report_item,RPT-01033,,CONFIRMED,MAPPED,promotion APPROVED_REPORT_DRAWING_GOLDEN
G-RPT-1034,report,report.layout.CH1-PE-022,ENT-LINE-ACL,APPROVED_REPORT_DRAWING_GOLDEN,,,reportSpecification,report_item,RPT-01034,,CONFIRMED,MAPPED,promotion APPROVED_REPORT_DRAWING_GOLDEN
G-RPT-1035,report,report.layout.CH1-PE-023,ENT-LINE-ACL,APPROVED_REPORT_DRAWING_GOLDEN,,,reportSpecification,report_item,RPT-01035,,CONFIRMED,MAPPED,promotion APPROVED_REPORT_DRAWING_GOLDEN
G-RPT-1036,report,report.layout.CH1-PE-024,ENT-LINE-ACL,APPROVED_REPORT_DRAWING_GOLDEN,,,reportSpecification,report_item,RPT-01036,,CONFIRMED,MAPPED,promotion APPROVED_REPORT_DRAWING_GOLDEN
G-RPT-1037,report,report.layout.CH1-PE-025,ENT-LINE-ACL,APPROVED_REPORT_DRAWING_GOLDEN,,,reportSpecification,report_item,RPT-01037,,CONFIRMED,MAPPED,promotion APPROVED_REPORT_DRAWING_GOLDEN
G-RPT-1038,report,report.layout.CH1-PE-026,ENT-LINE-ACL,APPROVED_REPORT_DRAWING_GOLDEN,,,reportSpecification,report_item,RPT-01038,,CONFIRMED,MAPPED,promotion APPROVED_REPORT_DRAWING_GOLDEN
G-RPT-1039,report,report.layout.CH1-PE-027,ENT-LINE-ACL,APPROVED_REPORT_DRAWING_GOLDEN,,,reportSpecification,report_item,RPT-01039,,CONFIRMED,MAPPED,promotion APPROVED_REPORT_DRAWING_GOLDEN
G-RPT-1040,report,report.layout.CH1-PE-028,ENT-LINE-ACL,APPROVED_REPORT_DRAWING_GOLDEN,,,reportSpecification,report_item,RPT-01040,,CONFIRMED,MAPPED,promotion APPROVED_REPORT_DRAWING_GOLDEN
G-RPT-1041,report,report.layout.CH1-PE-029,ENT-LINE-ACL,APPROVED_REPORT_DRAWING_GOLDEN,,,reportSpecification,report_item,RPT-01041,,CONFIRMED,MAPPED,promotion APPROVED_REPORT_DRAWING_GOLDEN
G-RPT-1042,report,report.layout.CH1-PE-030,ENT-LINE-ACL,APPROVED_REPORT_DRAWING_GOLDEN,,,reportSpecification,report_item,RPT-01042,,CONFIRMED,MAPPED,promotion APPROVED_REPORT_DRAWING_GOLDEN
G-RPT-1043,report,report.layout.CH1-PE-031,ENT-LINE-ACL,APPROVED_REPORT_DRAWING_GOLDEN,,,reportSpecification,report_item,RPT-01043,,CONFIRMED,MAPPED,promotion APPROVED_REPORT_DRAWING_GOLDEN
G-RPT-1044,report,report.layout.CH1-PE-032,ENT-LINE-ACL,APPROVED_REPORT_DRAWING_GOLDEN,,,reportSpecification,report_item,RPT-01044,,CONFIRMED,MAPPED,promotion APPROVED_REPORT_DRAWING_GOLDEN
G-RPT-1045,report,report.layout.CH1-PE-033,ENT-LINE-ACL,APPROVED_REPORT_DRAWING_GOLDEN,,,reportSpecification,report_item,RPT-01045,,CONFIRMED,MAPPED,promotion APPROVED_REPORT_DRAWING_GOLDEN
G-RPT-1046,report,report.layout.CH1-PE-034,ENT-LINE-ACL,APPROVED_REPORT_DRAWING_GOLDEN,,,reportSpecification,report_item,RPT-01046,,CONFIRMED,MAPPED,promotion APPROVED_REPORT_DRAWING_GOLDEN
G-RPT-1047,report,report.layout.CH1-PE-035,ENT-LINE-ACL,APPROVED_REPORT_DRAWING_GOLDEN,,,reportSpecification,report_item,RPT-01047,,CONFIRMED,MAPPED,promotion APPROVED_REPORT_DRAWING_GOLDEN
G-RPT-1048,report,report.layout.CH1-PE-036,ENT-LINE-ACL,APPROVED_REPORT_DRAWING_GOLDEN,,,reportSpecification,report_item,RPT-01048,,CONFIRMED,MAPPED,promotion APPROVED_REPORT_DRAWING_GOLDEN
G-RPT-1049,report,report.layout.CH1-PE-037,ENT-LINE-ACL,APPROVED_REPORT_DRAWING_GOLDEN,,,reportSpecification,report_item,RPT-01049,,CONFIRMED,MAPPED,promotion APPROVED_REPORT_DRAWING_GOLDEN
G-RPT-1050,report,report.layout.CH1-PE-038,ENT-LINE-ACL,APPROVED_REPORT_DRAWING_GOLDEN,,,reportSpecification,report_item,RPT-01050,,CONFIRMED,MAPPED,promotion APPROVED_REPORT_DRAWING_GOLDEN
G-RPT-1051,report,report.layout.CH1-PE-039,ENT-LINE-ACL,APPROVED_REPORT_DRAWING_GOLDEN,,,reportSpecification,report_item,RPT-01051,,CONFIRMED,MAPPED,promotion APPROVED_REPORT_DRAWING_GOLDEN
G-RPT-1052,report,report.layout.CH2-PE-001,ENT-LINE-ACL,APPROVED_REPORT_DRAWING_GOLDEN,,,reportSpecification,report_item,RPT-01052,,CONFIRMED,MAPPED,promotion APPROVED_REPORT_DRAWING_GOLDEN
G-RPT-1053,report,report.layout.CH2-PE-002,ENT-LINE-ACL,APPROVED_REPORT_DRAWING_GOLDEN,,,reportSpecification,report_item,RPT-01053,,CONFIRMED,MAPPED,promotion APPROVED_REPORT_DRAWING_GOLDEN
G-RPT-1054,report,report.layout.CH2-PE-003,ENT-LINE-ACL,APPROVED_REPORT_DRAWING_GOLDEN,,,reportSpecification,report_item,RPT-01054,,CONFIRMED,MAPPED,promotion APPROVED_REPORT_DRAWING_GOLDEN
G-RPT-1055,report,report.layout.CH2-PE-004,ENT-LINE-ACL,APPROVED_REPORT_DRAWING_GOLDEN,,,reportSpecification,report_item,RPT-01055,,CONFIRMED,MAPPED,promotion APPROVED_REPORT_DRAWING_GOLDEN
G-RPT-1056,report,report.layout.CH2-PE-005,ENT-LINE-ACL,APPROVED_REPORT_DRAWING_GOLDEN,,,reportSpecification,report_item,RPT-01056,,CONFIRMED,MAPPED,promotion APPROVED_REPORT_DRAWING_GOLDEN
G-RPT-1057,report,report.layout.CH2-PE-006,ENT-LINE-ACL,APPROVED_REPORT_DRAWING_GOLDEN,,,reportSpecification,report_item,RPT-01057,,CONFIRMED,MAPPED,promotion APPROVED_REPORT_DRAWING_GOLDEN
G-RPT-1058,report,report.layout.CH2-PE-007,ENT-LINE-ACL,APPROVED_REPORT_DRAWING_GOLDEN,,,reportSpecification,report_item,RPT-01058,,CONFIRMED,MAPPED,promotion APPROVED_REPORT_DRAWING_GOLDEN
G-RPT-1059,report,report.layout.CH2-PE-008,ENT-LINE-ACL,APPROVED_REPORT_DRAWING_GOLDEN,,,reportSpecification,report_item,RPT-01059,,CONFIRMED,MAPPED,promotion APPROVED_REPORT_DRAWING_GOLDEN
G-RPT-1060,report,report.layout.CH2-PE-009,ENT-LINE-ACL,APPROVED_REPORT_DRAWING_GOLDEN,,,reportSpecification,report_item,RPT-01060,,CONFIRMED,MAPPED,promotion APPROVED_REPORT_DRAWING_GOLDEN
G-RPT-1061,report,report.layout.CH2-PE-010,ENT-LINE-ACL,APPROVED_REPORT_DRAWING_GOLDEN,,,reportSpecification,report_item,RPT-01061,,CONFIRMED,MAPPED,promotion APPROVED_REPORT_DRAWING_GOLDEN
G-RPT-1062,report,report.layout.CH2-PE-011,ENT-LINE-ACL,APPROVED_REPORT_DRAWING_GOLDEN,,,reportSpecification,report_item,RPT-01062,,CONFIRMED,MAPPED,promotion APPROVED_REPORT_DRAWING_GOLDEN
G-RPT-1063,report,report.layout.CH2-PE-012,ENT-LINE-ACL,APPROVED_REPORT_DRAWING_GOLDEN,,,reportSpecification,report_item,RPT-01063,,CONFIRMED,MAPPED,promotion APPROVED_REPORT_DRAWING_GOLDEN
G-RPT-1064,report,report.layout.CH2-PE-013,ENT-LINE-ACL,APPROVED_REPORT_DRAWING_GOLDEN,,,reportSpecification,report_item,RPT-01064,,CONFIRMED,MAPPED,promotion APPROVED_REPORT_DRAWING_GOLDEN
G-RPT-1065,report,report.layout.CH2-PE-014,ENT-LINE-ACL,APPROVED_REPORT_DRAWING_GOLDEN,,,reportSpecification,report_item,RPT-01065,,CONFIRMED,MAPPED,promotion APPROVED_REPORT_DRAWING_GOLDEN
G-RPT-1066,report,report.layout.CH2-PE-015,ENT-LINE-ACL,APPROVED_REPORT_DRAWING_GOLDEN,,,reportSpecification,report_item,RPT-01066,,CONFIRMED,MAPPED,promotion APPROVED_REPORT_DRAWING_GOLDEN
G-RPT-1067,report,report.layout.CH2-PE-016,ENT-LINE-ACL,APPROVED_REPORT_DRAWING_GOLDEN,,,reportSpecification,report_item,RPT-01067,,CONFIRMED,MAPPED,promotion APPROVED_REPORT_DRAWING_GOLDEN
G-RPT-1068,report,report.layout.CH2-PE-017,ENT-LINE-ACL,APPROVED_REPORT_DRAWING_GOLDEN,,,reportSpecification,report_item,RPT-01068,,CONFIRMED,MAPPED,promotion APPROVED_REPORT_DRAWING_GOLDEN
G-RPT-1069,report,report.layout.CH2-PE-018,ENT-LINE-ACL,APPROVED_REPORT_DRAWING_GOLDEN,,,reportSpecification,report_item,RPT-01069,,CONFIRMED,MAPPED,promotion APPROVED_REPORT_DRAWING_GOLDEN
G-RPT-1070,report,report.layout.CH2-PE-019,ENT-LINE-ACL,APPROVED_REPORT_DRAWING_GOLDEN,,,reportSpecification,report_item,RPT-01070,,CONFIRMED,MAPPED,promotion APPROVED_REPORT_DRAWING_GOLDEN
G-RPT-1071,report,report.layout.CH2-PE-020,ENT-LINE-ACL,APPROVED_REPORT_DRAWING_GOLDEN,,,reportSpecification,report_item,RPT-01071,,CONFIRMED,MAPPED,promotion APPROVED_REPORT_DRAWING_GOLDEN
G-RPT-1072,report,report.layout.CH2-PE-021,ENT-LINE-ACL,APPROVED_REPORT_DRAWING_GOLDEN,,,reportSpecification,report_item,RPT-01072,,CONFIRMED,MAPPED,promotion APPROVED_REPORT_DRAWING_GOLDEN
G-RPT-1073,report,report.layout.CH2-PE-022,ENT-LINE-ACL,APPROVED_REPORT_DRAWING_GOLDEN,,,reportSpecification,report_item,RPT-01073,,CONFIRMED,MAPPED,promotion APPROVED_REPORT_DRAWING_GOLDEN
G-RPT-1074,report,report.layout.CH2-PE-023,ENT-LINE-ACL,APPROVED_REPORT_DRAWING_GOLDEN,,,reportSpecification,report_item,RPT-01074,,CONFIRMED,MAPPED,promotion APPROVED_REPORT_DRAWING_GOLDEN
G-RPT-1075,report,report.layout.CH2-PE-024,ENT-LINE-ACL,APPROVED_REPORT_DRAWING_GOLDEN,,,reportSpecification,report_item,RPT-01075,,CONFIRMED,MAPPED,promotion APPROVED_REPORT_DRAWING_GOLDEN
G-RPT-1076,report,report.layout.CH2-PE-025,ENT-LINE-ACL,APPROVED_REPORT_DRAWING_GOLDEN,,,reportSpecification,report_item,RPT-01076,,CONFIRMED,MAPPED,promotion APPROVED_REPORT_DRAWING_GOLDEN
G-RPT-1077,report,report.layout.CAL-P00115-CAL-SEC-3.1-001,ENT-LINE-ACL,APPROVED_REPORT_DRAWING_GOLDEN,,,reportSpecification,report_item,RPT-01077,,CONFIRMED,MAPPED,promotion APPROVED_REPORT_DRAWING_GOLDEN
G-RPT-1078,report,report.layout.CAL-P00116-CAL-SEC-3.1-001,ENT-LINE-ACL,APPROVED_REPORT_DRAWING_GOLDEN,,,reportSpecification,report_item,RPT-01078,,CONFIRMED,MAPPED,promotion APPROVED_REPORT_DRAWING_GOLDEN
G-RPT-1079,report,report.layout.CAL-P00117-CAL-SEC-3.1.1-001,ENT-LINE-ACL,APPROVED_REPORT_DRAWING_GOLDEN,,,reportSpecification,report_item,RPT-01079,,CONFIRMED,MAPPED,promotion APPROVED_REPORT_DRAWING_GOLDEN
G-RPT-1080,report,report.layout.CAL-P00117-CAL-SEC-3.1.1-002,ENT-LINE-ACL,APPROVED_REPORT_DRAWING_GOLDEN,,,reportSpecification,report_item,RPT-01080,,CONFIRMED,MAPPED,promotion APPROVED_REPORT_DRAWING_GOLDEN
G-RPT-1081,report,report.layout.CAL-P00117-CAL-SEC-3.1.1-003,ENT-LINE-ACL,APPROVED_REPORT_DRAWING_GOLDEN,,,reportSpecification,report_item,RPT-01081,,CONFIRMED,MAPPED,promotion APPROVED_REPORT_DRAWING_GOLDEN
G-RPT-1082,report,report.layout.CAL-P00118-CAL-SEC-3.1.2-001,ENT-LINE-ACL,APPROVED_REPORT_DRAWING_GOLDEN,,,reportSpecification,report_item,RPT-01082,,CONFIRMED,MAPPED,promotion APPROVED_REPORT_DRAWING_GOLDEN
G-RPT-1083,report,report.layout.CAL-P00118-CAL-SEC-3.1.2-002,ENT-LINE-ACL,APPROVED_REPORT_DRAWING_GOLDEN,,,reportSpecification,report_item,RPT-01083,,CONFIRMED,MAPPED,promotion APPROVED_REPORT_DRAWING_GOLDEN
G-RPT-1084,report,report.layout.CAL-P00119-CAL-SEC-3.1.2-001,ENT-LINE-ACL,APPROVED_REPORT_DRAWING_GOLDEN,,,reportSpecification,report_item,RPT-01084,,CONFIRMED,MAPPED,promotion APPROVED_REPORT_DRAWING_GOLDEN
G-RPT-1085,report,report.layout.CAL-P00119-CAL-SEC-3.1.2-002,ENT-LINE-ACL,APPROVED_REPORT_DRAWING_GOLDEN,,,reportSpecification,report_item,RPT-01085,,CONFIRMED,MAPPED,promotion APPROVED_REPORT_DRAWING_GOLDEN
G-RPT-1086,report,report.layout.CAL-P00121-CAL-SEC-3.1.2-001,ENT-LINE-ACL,APPROVED_REPORT_DRAWING_GOLDEN,,,reportSpecification,report_item,RPT-01086,,CONFIRMED,MAPPED,promotion APPROVED_REPORT_DRAWING_GOLDEN
G-RPT-1087,report,report.layout.CAL-P00121-CAL-SEC-3.1.2-002,ENT-LINE-ACL,APPROVED_REPORT_DRAWING_GOLDEN,,,reportSpecification,report_item,RPT-01087,,CONFIRMED,MAPPED,promotion APPROVED_REPORT_DRAWING_GOLDEN
G-RPT-1088,report,report.layout.CAL-P00122-CAL-SEC-3.1.2-001,ENT-LINE-ACL,APPROVED_REPORT_DRAWING_GOLDEN,,,reportSpecification,report_item,RPT-01088,,CONFIRMED,MAPPED,promotion APPROVED_REPORT_DRAWING_GOLDEN
G-RPT-1089,report,report.layout.CAL-P00122-CAL-SEC-3.1.2-002,ENT-LINE-ACL,APPROVED_REPORT_DRAWING_GOLDEN,,,reportSpecification,report_item,RPT-01089,,CONFIRMED,MAPPED,promotion APPROVED_REPORT_DRAWING_GOLDEN
G-RPT-1090,report,report.layout.CAL-P00123-CAL-SEC-3.1.2-001,ENT-LINE-ACL,APPROVED_REPORT_DRAWING_GOLDEN,,,reportSpecification,report_item,RPT-01090,,CONFIRMED,MAPPED,promotion APPROVED_REPORT_DRAWING_GOLDEN
G-RPT-1091,report,report.layout.CAL-P00123-CAL-SEC-3.1.2-002,ENT-LINE-ACL,APPROVED_REPORT_DRAWING_GOLDEN,,,reportSpecification,report_item,RPT-01091,,CONFIRMED,MAPPED,promotion APPROVED_REPORT_DRAWING_GOLDEN
G-RPT-1092,report,report.layout.CAL-P00124-CAL-SEC-3.1.2-001,ENT-LINE-ACL,APPROVED_REPORT_DRAWING_GOLDEN,,,reportSpecification,report_item,RPT-01092,,CONFIRMED,MAPPED,promotion APPROVED_REPORT_DRAWING_GOLDEN
G-RPT-1093,report,report.layout.CAL-P00125-CAL-SEC-3.1.2-001,ENT-LINE-ACL,APPROVED_REPORT_DRAWING_GOLDEN,,,reportSpecification,report_item,RPT-01093,,CONFIRMED,MAPPED,promotion APPROVED_REPORT_DRAWING_GOLDEN
G-RPT-1094,report,report.layout.CAL-P00125-CAL-SEC-3.1.2-002,ENT-LINE-ACL,APPROVED_REPORT_DRAWING_GOLDEN,,,reportSpecification,report_item,RPT-01094,,CONFIRMED,MAPPED,promotion APPROVED_REPORT_DRAWING_GOLDEN
G-RPT-1095,report,report.layout.CAL-P00126-CAL-SEC-3.1.2-001,ENT-LINE-ACL,APPROVED_REPORT_DRAWING_GOLDEN,,,reportSpecification,report_item,RPT-01095,,CONFIRMED,MAPPED,promotion APPROVED_REPORT_DRAWING_GOLDEN
G-RPT-1096,report,report.layout.CAL-P00126-CAL-SEC-3.1.2-002,ENT-LINE-ACL,APPROVED_REPORT_DRAWING_GOLDEN,,,reportSpecification,report_item,RPT-01096,,CONFIRMED,MAPPED,promotion APPROVED_REPORT_DRAWING_GOLDEN
G-RPT-1097,report,report.layout.CAL-P00127-CAL-SEC-3.1.2-001,ENT-LINE-ACL,APPROVED_REPORT_DRAWING_GOLDEN,,,reportSpecification,report_item,RPT-01097,,CONFIRMED,MAPPED,promotion APPROVED_REPORT_DRAWING_GOLDEN
G-RPT-1098,report,report.layout.CAL-P00128-CAL-SEC-3.1.2-001,ENT-LINE-ACL,APPROVED_REPORT_DRAWING_GOLDEN,,,reportSpecification,report_item,RPT-01098,,CONFIRMED,MAPPED,promotion APPROVED_REPORT_DRAWING_GOLDEN
G-RPT-1099,report,report.layout.CAL-P00128-CAL-SEC-3.1.2-002,ENT-LINE-ACL,APPROVED_REPORT_DRAWING_GOLDEN,,,reportSpecification,report_item,RPT-01099,,CONFIRMED,MAPPED,promotion APPROVED_REPORT_DRAWING_GOLDEN
G-RPT-1100,report,report.layout.CAL-P00129-CAL-SEC-3.1.2-001,ENT-LINE-ACL,APPROVED_REPORT_DRAWING_GOLDEN,,,reportSpecification,report_item,RPT-01100,,CONFIRMED,MAPPED,promotion APPROVED_REPORT_DRAWING_GOLDEN
G-RPT-1101,report,report.layout.CAL-P00130-CAL-SEC-3.1.2-001,ENT-LINE-ACL,APPROVED_REPORT_DRAWING_GOLDEN,,,reportSpecification,report_item,RPT-01101,,CONFIRMED,MAPPED,promotion APPROVED_REPORT_DRAWING_GOLDEN
G-RPT-1102,report,report.layout.CAL-P00131-CAL-SEC-3.1.2-001,ENT-LINE-ACL,APPROVED_REPORT_DRAWING_GOLDEN,,,reportSpecification,report_item,RPT-01102,,CONFIRMED,MAPPED,promotion APPROVED_REPORT_DRAWING_GOLDEN
G-RPT-1103,report,report.layout.CAL-P00131-CAL-SEC-3.1.2-002,ENT-LINE-ACL,APPROVED_REPORT_DRAWING_GOLDEN,,,reportSpecification,report_item,RPT-01103,,CONFIRMED,MAPPED,promotion APPROVED_REPORT_DRAWING_GOLDEN
G-RPT-1104,report,report.layout.CAL-P00132-CAL-SEC-3.1.2-001,ENT-LINE-ACL,APPROVED_REPORT_DRAWING_GOLDEN,,,reportSpecification,report_item,RPT-01104,,CONFIRMED,MAPPED,promotion APPROVED_REPORT_DRAWING_GOLDEN
G-RPT-1105,report,report.layout.CAL-P00132-CAL-SEC-3.1.2-002,ENT-LINE-ACL,APPROVED_REPORT_DRAWING_GOLDEN,,,reportSpecification,report_item,RPT-01105,,CONFIRMED,MAPPED,promotion APPROVED_REPORT_DRAWING_GOLDEN
G-RPT-1106,report,report.layout.CAL-P00133-CAL-SEC-3.1.2-001,ENT-LINE-ACL,APPROVED_REPORT_DRAWING_GOLDEN,,,reportSpecification,report_item,RPT-01106,,CONFIRMED,MAPPED,promotion APPROVED_REPORT_DRAWING_GOLDEN
G-RPT-1107,report,report.layout.CAL-P00133-CAL-SEC-3.1.2-002,ENT-LINE-ACL,APPROVED_REPORT_DRAWING_GOLDEN,,,reportSpecification,report_item,RPT-01107,,CONFIRMED,MAPPED,promotion APPROVED_REPORT_DRAWING_GOLDEN
G-RPT-1108,report,report.layout.CAL-P00134-CAL-SEC-3.1.2-001,ENT-LINE-ACL,APPROVED_REPORT_DRAWING_GOLDEN,,,reportSpecification,report_item,RPT-01108,,CONFIRMED,MAPPED,promotion APPROVED_REPORT_DRAWING_GOLDEN
G-RPT-1109,report,report.layout.CAL-P00135-CAL-SEC-3.1.2-001,ENT-LINE-ACL,APPROVED_REPORT_DRAWING_GOLDEN,,,reportSpecification,report_item,RPT-01109,,CONFIRMED,MAPPED,promotion APPROVED_REPORT_DRAWING_GOLDEN
G-RPT-1110,report,report.layout.CAL-P00135-CAL-SEC-3.1.2-002,ENT-LINE-ACL,APPROVED_REPORT_DRAWING_GOLDEN,,,reportSpecification,report_item,RPT-01110,,CONFIRMED,MAPPED,promotion APPROVED_REPORT_DRAWING_GOLDEN
G-RPT-1111,report,report.layout.CAL-P00135-CAL-SEC-3.1.2-003,ENT-LINE-ACL,APPROVED_REPORT_DRAWING_GOLDEN,,,reportSpecification,report_item,RPT-01111,,CONFIRMED,MAPPED,promotion APPROVED_REPORT_DRAWING_GOLDEN
G-RPT-1112,report,report.layout.CAL-P00135-CAL-SEC-3.1.2-004,ENT-LINE-ACL,APPROVED_REPORT_DRAWING_GOLDEN,,,reportSpecification,report_item,RPT-01112,,CONFIRMED,MAPPED,promotion APPROVED_REPORT_DRAWING_GOLDEN
G-RPT-1113,report,report.layout.CAL-P00136-CAL-SEC-3.1.2-001,ENT-LINE-ACL,APPROVED_REPORT_DRAWING_GOLDEN,,,reportSpecification,report_item,RPT-01113,,CONFIRMED,MAPPED,promotion APPROVED_REPORT_DRAWING_GOLDEN
G-RPT-1114,report,report.layout.CAL-P00137-CAL-SEC-3.1.2-001,ENT-LINE-ACL,APPROVED_REPORT_DRAWING_GOLDEN,,,reportSpecification,report_item,RPT-01114,,CONFIRMED,MAPPED,promotion APPROVED_REPORT_DRAWING_GOLDEN
G-RPT-1115,report,report.layout.CAL-P00138-CAL-SEC-3.1.2-001,ENT-LINE-ACL,APPROVED_REPORT_DRAWING_GOLDEN,,,reportSpecification,report_item,RPT-01115,,CONFIRMED,MAPPED,promotion APPROVED_REPORT_DRAWING_GOLDEN
G-RPT-1116,report,report.layout.CAL-P00138-CAL-SEC-3.1.2-002,ENT-LINE-ACL,APPROVED_REPORT_DRAWING_GOLDEN,,,reportSpecification,report_item,RPT-01116,,CONFIRMED,MAPPED,promotion APPROVED_REPORT_DRAWING_GOLDEN
G-RPT-1117,report,report.layout.CAL-P00139-CAL-SEC-3.1.2-001,ENT-LINE-ACL,APPROVED_REPORT_DRAWING_GOLDEN,,,reportSpecification,report_item,RPT-01117,,CONFIRMED,MAPPED,promotion APPROVED_REPORT_DRAWING_GOLDEN
G-RPT-1118,report,report.layout.CAL-P00139-CAL-SEC-3.1.2-002,ENT-LINE-ACL,APPROVED_REPORT_DRAWING_GOLDEN,,,reportSpecification,report_item,RPT-01118,,CONFIRMED,MAPPED,promotion APPROVED_REPORT_DRAWING_GOLDEN
G-RPT-1119,report,report.layout.CAL-P00140-CAL-SEC-3.1.2-001,ENT-LINE-ACL,APPROVED_REPORT_DRAWING_GOLDEN,,,reportSpecification,report_item,RPT-01119,,CONFIRMED,MAPPED,promotion APPROVED_REPORT_DRAWING_GOLDEN
G-RPT-1120,report,report.layout.CAL-P00140-CAL-SEC-3.1.2-002,ENT-LINE-ACL,APPROVED_REPORT_DRAWING_GOLDEN,,,reportSpecification,report_item,RPT-01120,,CONFIRMED,MAPPED,promotion APPROVED_REPORT_DRAWING_GOLDEN
G-RPT-1121,report,report.layout.CAL-P00141-CAL-SEC-3.1.3-001,ENT-LINE-ACL,APPROVED_REPORT_DRAWING_GOLDEN,,,reportSpecification,report_item,RPT-01121,,CONFIRMED,MAPPED,promotion APPROVED_REPORT_DRAWING_GOLDEN
G-RPT-1122,report,report.layout.CAL-P00141-CAL-SEC-3.1.3-002,ENT-LINE-ACL,APPROVED_REPORT_DRAWING_GOLDEN,,,reportSpecification,report_item,RPT-01122,,CONFIRMED,MAPPED,promotion APPROVED_REPORT_DRAWING_GOLDEN
G-RPT-1123,report,report.layout.CAL-P00141-CAL-SEC-3.1.3-003,ENT-LINE-ACL,APPROVED_REPORT_DRAWING_GOLDEN,,,reportSpecification,report_item,RPT-01123,,CONFIRMED,MAPPED,promotion APPROVED_REPORT_DRAWING_GOLDEN
G-RPT-1124,report,report.layout.CAL-P00142-CAL-SEC-3.1.4-001,ENT-LINE-ACL,APPROVED_REPORT_DRAWING_GOLDEN,,,reportSpecification,report_item,RPT-01124,,CONFIRMED,MAPPED,promotion APPROVED_REPORT_DRAWING_GOLDEN
G-RPT-1125,report,report.layout.CAL-P00142-CAL-SEC-3.1.4-002,ENT-LINE-ACL,APPROVED_REPORT_DRAWING_GOLDEN,,,reportSpecification,report_item,RPT-01125,,CONFIRMED,MAPPED,promotion APPROVED_REPORT_DRAWING_GOLDEN
G-RPT-1126,report,report.layout.CAL-P00143-CAL-SEC-3.1.5-001,ENT-LINE-ACL,APPROVED_REPORT_DRAWING_GOLDEN,,,reportSpecification,report_item,RPT-01126,,CONFIRMED,MAPPED,promotion APPROVED_REPORT_DRAWING_GOLDEN
G-RPT-1127,report,report.layout.CAL-P00143-CAL-SEC-3.1.5-002,ENT-LINE-ACL,APPROVED_REPORT_DRAWING_GOLDEN,,,reportSpecification,report_item,RPT-01127,,CONFIRMED,MAPPED,promotion APPROVED_REPORT_DRAWING_GOLDEN
G-RPT-1128,report,report.layout.CAL-P00144-CAL-SEC-3.1.5-001,ENT-LINE-ACL,APPROVED_REPORT_DRAWING_GOLDEN,,,reportSpecification,report_item,RPT-01128,,CONFIRMED,MAPPED,promotion APPROVED_REPORT_DRAWING_GOLDEN
G-RPT-1129,report,report.layout.CAL-P00145-CAL-SEC-3.1.6-001,ENT-LINE-ACL,APPROVED_REPORT_DRAWING_GOLDEN,,,reportSpecification,report_item,RPT-01129,,CONFIRMED,MAPPED,promotion APPROVED_REPORT_DRAWING_GOLDEN
G-RPT-1130,report,report.layout.CAL-P00145-CAL-SEC-3.1.6-002,ENT-LINE-ACL,APPROVED_REPORT_DRAWING_GOLDEN,,,reportSpecification,report_item,RPT-01130,,CONFIRMED,MAPPED,promotion APPROVED_REPORT_DRAWING_GOLDEN
G-RPT-1131,report,report.layout.CAL-P00146-CAL-SEC-3.1.6-001,ENT-LINE-ACL,APPROVED_REPORT_DRAWING_GOLDEN,,,reportSpecification,report_item,RPT-01131,,CONFIRMED,MAPPED,promotion APPROVED_REPORT_DRAWING_GOLDEN
G-RPT-1132,report,report.layout.CAL-P00147-CAL-SEC-3.1.6-001,ENT-LINE-ACL,APPROVED_REPORT_DRAWING_GOLDEN,,,reportSpecification,report_item,RPT-01132,,CONFIRMED,MAPPED,promotion APPROVED_REPORT_DRAWING_GOLDEN
G-RPT-1133,report,report.layout.CAL-P00148-CAL-SEC-3.1.6-001,ENT-LINE-ACL,APPROVED_REPORT_DRAWING_GOLDEN,,,reportSpecification,report_item,RPT-01133,,CONFIRMED,MAPPED,promotion APPROVED_REPORT_DRAWING_GOLDEN
G-RPT-1134,report,report.layout.CAL-P00149-CAL-SEC-3.1.6-001,ENT-LINE-ACL,APPROVED_REPORT_DRAWING_GOLDEN,,,reportSpecification,report_item,RPT-01134,,CONFIRMED,MAPPED,promotion APPROVED_REPORT_DRAWING_GOLDEN
G-RPT-1135,report,report.layout.CAL-P00150-CAL-SEC-3.1.6-001,ENT-LINE-ACL,APPROVED_REPORT_DRAWING_GOLDEN,,,reportSpecification,report_item,RPT-01135,,CONFIRMED,MAPPED,promotion APPROVED_REPORT_DRAWING_GOLDEN
G-RPT-1136,report,report.layout.CAL-P00151-CAL-SEC-3.1.6-001,ENT-LINE-ACL,APPROVED_REPORT_DRAWING_GOLDEN,,,reportSpecification,report_item,RPT-01136,,CONFIRMED,MAPPED,promotion APPROVED_REPORT_DRAWING_GOLDEN
G-RPT-1137,report,report.layout.CAL-P00178-CAL-SEC-3.1.6-001,ENT-LINE-ACL,APPROVED_REPORT_DRAWING_GOLDEN,,,reportSpecification,report_item,RPT-01137,,CONFIRMED,MAPPED,promotion APPROVED_REPORT_DRAWING_GOLDEN
G-RPT-1138,report,report.layout.CAL-P00179-CAL-SEC-3.1.6-001,ENT-LINE-ACL,APPROVED_REPORT_DRAWING_GOLDEN,,,reportSpecification,report_item,RPT-01138,,CONFIRMED,MAPPED,promotion APPROVED_REPORT_DRAWING_GOLDEN
G-RPT-1139,report,report.layout.CAL-P00180-CAL-SEC-3.1.7-001,ENT-LINE-ACL,APPROVED_REPORT_DRAWING_GOLDEN,,,reportSpecification,report_item,RPT-01139,,CONFIRMED,MAPPED,promotion APPROVED_REPORT_DRAWING_GOLDEN
G-RPT-1140,report,report.layout.CAL-P00180-CAL-SEC-3.1.7-002,ENT-LINE-ACL,APPROVED_REPORT_DRAWING_GOLDEN,,,reportSpecification,report_item,RPT-01140,,CONFIRMED,MAPPED,promotion APPROVED_REPORT_DRAWING_GOLDEN
G-RPT-1141,report,report.layout.CAL-P00182-CAL-SEC-3.1.7-001,ENT-LINE-ACL,APPROVED_REPORT_DRAWING_GOLDEN,,,reportSpecification,report_item,RPT-01141,,CONFIRMED,MAPPED,promotion APPROVED_REPORT_DRAWING_GOLDEN
G-RPT-1142,report,report.layout.CAL-P00221-CAL-SEC-3.1.7-001,ENT-LINE-ACL,APPROVED_REPORT_DRAWING_GOLDEN,,,reportSpecification,report_item,RPT-01142,,CONFIRMED,MAPPED,promotion APPROVED_REPORT_DRAWING_GOLDEN
G-RPT-1143,report,report.layout.CAL-P00222-CAL-SEC-3.1.8-001,ENT-LINE-ACL,APPROVED_REPORT_DRAWING_GOLDEN,,,reportSpecification,report_item,RPT-01143,,CONFIRMED,MAPPED,promotion APPROVED_REPORT_DRAWING_GOLDEN
G-RPT-1144,report,report.layout.CAL-P00222-CAL-SEC-3.1.8-002,ENT-LINE-ACL,APPROVED_REPORT_DRAWING_GOLDEN,,,reportSpecification,report_item,RPT-01144,,CONFIRMED,MAPPED,promotion APPROVED_REPORT_DRAWING_GOLDEN
G-RPT-1145,report,report.layout.CAL-P00223-CAL-SEC-3.1.8-001,ENT-LINE-ACL,APPROVED_REPORT_DRAWING_GOLDEN,,,reportSpecification,report_item,RPT-01145,,CONFIRMED,MAPPED,promotion APPROVED_REPORT_DRAWING_GOLDEN
G-RPT-1146,report,report.layout.CAL-P00276-CAL-SEC-3.1.8-001,ENT-LINE-ACL,APPROVED_REPORT_DRAWING_GOLDEN,,,reportSpecification,report_item,RPT-01146,,CONFIRMED,MAPPED,promotion APPROVED_REPORT_DRAWING_GOLDEN
G-RPT-1147,report,report.layout.CAL-P00277-CAL-SEC-3.1.9-001,ENT-LINE-ACL,APPROVED_REPORT_DRAWING_GOLDEN,,,reportSpecification,report_item,RPT-01147,,CONFIRMED,MAPPED,promotion APPROVED_REPORT_DRAWING_GOLDEN
G-RPT-1148,report,report.layout.CAL-P00290-CAL-SEC-3.1.9-001,ENT-LINE-ACL,APPROVED_REPORT_DRAWING_GOLDEN,,,reportSpecification,report_item,RPT-01148,,CONFIRMED,MAPPED,promotion APPROVED_REPORT_DRAWING_GOLDEN
G-RPT-1149,report,report.layout.SRC-calculation_chapter_03_section_3_2_page_elements-001,ENT-LINE-ACL,APPROVED_REPORT_DRAWING_GOLDEN,,,reportSpecification,report_item,RPT-01149,,CONFIRMED,MAPPED,promotion APPROVED_REPORT_DRAWING_GOLDEN
G-RPT-1150,report,report.layout.SRC-calculation_chapter_03_section_3_2_page_elements-002,ENT-LINE-ACL,APPROVED_REPORT_DRAWING_GOLDEN,,,reportSpecification,report_item,RPT-01150,,CONFIRMED,MAPPED,promotion APPROVED_REPORT_DRAWING_GOLDEN
G-RPT-1151,report,report.layout.SRC-calculation_chapter_03_section_3_2_page_elements-003,ENT-LINE-ACL,APPROVED_REPORT_DRAWING_GOLDEN,,,reportSpecification,report_item,RPT-01151,,CONFIRMED,MAPPED,promotion APPROVED_REPORT_DRAWING_GOLDEN
G-RPT-1152,report,report.layout.SRC-calculation_chapter_03_section_3_2_page_elements-004,ENT-LINE-ACL,APPROVED_REPORT_DRAWING_GOLDEN,,,reportSpecification,report_item,RPT-01152,,CONFIRMED,MAPPED,promotion APPROVED_REPORT_DRAWING_GOLDEN
G-RPT-1153,report,report.layout.SRC-calculation_chapter_03_section_3_2_page_elements-005,ENT-LINE-ACL,APPROVED_REPORT_DRAWING_GOLDEN,,,reportSpecification,report_item,RPT-01153,,CONFIRMED,MAPPED,promotion APPROVED_REPORT_DRAWING_GOLDEN
G-RPT-1154,report,report.layout.SRC-calculation_chapter_03_section_3_2_page_elements-006,ENT-LINE-ACL,APPROVED_REPORT_DRAWING_GOLDEN,,,reportSpecification,report_item,RPT-01154,,CONFIRMED,MAPPED,promotion APPROVED_REPORT_DRAWING_GOLDEN
G-RPT-1155,report,report.layout.SRC-calculation_chapter_03_section_3_2_page_elements-007,ENT-LINE-ACL,APPROVED_REPORT_DRAWING_GOLDEN,,,reportSpecification,report_item,RPT-01155,,CONFIRMED,MAPPED,promotion APPROVED_REPORT_DRAWING_GOLDEN
G-RPT-1156,report,report.layout.SRC-calculation_chapter_03_section_3_2_page_elements-008,ENT-LINE-ACL,APPROVED_REPORT_DRAWING_GOLDEN,,,reportSpecification,report_item,RPT-01156,,CONFIRMED,MAPPED,promotion APPROVED_REPORT_DRAWING_GOLDEN
G-RPT-1157,report,report.layout.SRC-calculation_chapter_03_section_3_2_page_elements-009,ENT-LINE-ACL,APPROVED_REPORT_DRAWING_GOLDEN,,,reportSpecification,report_item,RPT-01157,,CONFIRMED,MAPPED,promotion APPROVED_REPORT_DRAWING_GOLDEN
G-RPT-1158,report,report.layout.SRC-calculation_chapter_03_section_3_2_page_elements-010,ENT-LINE-ACL,APPROVED_REPORT_DRAWING_GOLDEN,,,reportSpecification,report_item,RPT-01158,,CONFIRMED,MAPPED,promotion APPROVED_REPORT_DRAWING_GOLDEN
G-RPT-1159,report,report.layout.SRC-calculation_chapter_03_section_3_2_page_elements-011,ENT-LINE-ACL,APPROVED_REPORT_DRAWING_GOLDEN,,,reportSpecification,report_item,RPT-01159,,CONFIRMED,MAPPED,promotion APPROVED_REPORT_DRAWING_GOLDEN
G-RPT-1160,report,report.layout.SRC-calculation_chapter_03_section_3_2_page_elements-012,ENT-LINE-ACL,APPROVED_REPORT_DRAWING_GOLDEN,,,reportSpecification,report_item,RPT-01160,,CONFIRMED,MAPPED,promotion APPROVED_REPORT_DRAWING_GOLDEN
G-RPT-1161,report,report.layout.SRC-calculation_chapter_03_section_3_2_page_elements-013,ENT-LINE-ACL,APPROVED_REPORT_DRAWING_GOLDEN,,,reportSpecification,report_item,RPT-01161,,CONFIRMED,MAPPED,promotion APPROVED_REPORT_DRAWING_GOLDEN
G-RPT-1162,report,report.layout.SRC-calculation_chapter_03_section_3_2_page_elements-014,ENT-LINE-ACL,APPROVED_REPORT_DRAWING_GOLDEN,,,reportSpecification,report_item,RPT-01162,,CONFIRMED,MAPPED,promotion APPROVED_REPORT_DRAWING_GOLDEN
G-RPT-1163,report,report.layout.SRC-calculation_chapter_03_section_3_2_page_elements-015,ENT-LINE-ACL,APPROVED_REPORT_DRAWING_GOLDEN,,,reportSpecification,report_item,RPT-01163,,CONFIRMED,MAPPED,promotion APPROVED_REPORT_DRAWING_GOLDEN
G-RPT-1164,report,report.layout.SRC-calculation_chapter_03_section_3_2_page_elements-016,ENT-LINE-ACL,APPROVED_REPORT_DRAWING_GOLDEN,,,reportSpecification,report_item,RPT-01164,,CONFIRMED,MAPPED,promotion APPROVED_REPORT_DRAWING_GOLDEN
G-RPT-1165,report,report.layout.SRC-calculation_chapter_03_section_3_2_page_elements-017,ENT-LINE-ACL,APPROVED_REPORT_DRAWING_GOLDEN,,,reportSpecification,report_item,RPT-01165,,CONFIRMED,MAPPED,promotion APPROVED_REPORT_DRAWING_GOLDEN
G-RPT-1166,report,report.layout.SRC-calculation_chapter_03_section_3_2_page_elements-018,ENT-LINE-ACL,APPROVED_REPORT_DRAWING_GOLDEN,,,reportSpecification,report_item,RPT-01166,,CONFIRMED,MAPPED,promotion APPROVED_REPORT_DRAWING_GOLDEN
G-RPT-1167,report,report.layout.SRC-calculation_chapter_03_section_3_2_page_elements-019,ENT-LINE-ACL,APPROVED_REPORT_DRAWING_GOLDEN,,,reportSpecification,report_item,RPT-01167,,CONFIRMED,MAPPED,promotion APPROVED_REPORT_DRAWING_GOLDEN
G-RPT-1168,report,report.layout.SRC-calculation_chapter_03_section_3_2_page_elements-020,ENT-LINE-ACL,APPROVED_REPORT_DRAWING_GOLDEN,,,reportSpecification,report_item,RPT-01168,,CONFIRMED,MAPPED,promotion APPROVED_REPORT_DRAWING_GOLDEN
G-RPT-1169,report,report.layout.SRC-calculation_chapter_03_section_3_2_page_elements-021,ENT-LINE-ACL,APPROVED_REPORT_DRAWING_GOLDEN,,,reportSpecification,report_item,RPT-01169,,CONFIRMED,MAPPED,promotion APPROVED_REPORT_DRAWING_GOLDEN
G-RPT-1170,report,report.layout.SRC-calculation_chapter_03_section_3_2_page_elements-022,ENT-LINE-ACL,APPROVED_REPORT_DRAWING_GOLDEN,,,reportSpecification,report_item,RPT-01170,,CONFIRMED,MAPPED,promotion APPROVED_REPORT_DRAWING_GOLDEN
G-RPT-1171,report,report.layout.SRC-calculation_chapter_03_section_3_2_page_elements-023,ENT-LINE-ACL,APPROVED_REPORT_DRAWING_GOLDEN,,,reportSpecification,report_item,RPT-01171,,CONFIRMED,MAPPED,promotion APPROVED_REPORT_DRAWING_GOLDEN
G-RPT-1172,report,report.layout.SRC-calculation_chapter_03_section_3_2_page_elements-024,ENT-LINE-ACL,APPROVED_REPORT_DRAWING_GOLDEN,,,reportSpecification,report_item,RPT-01172,,CONFIRMED,MAPPED,promotion APPROVED_REPORT_DRAWING_GOLDEN
G-RPT-1173,report,report.layout.SRC-calculation_chapter_03_section_3_2_page_elements-025,ENT-LINE-ACL,APPROVED_REPORT_DRAWING_GOLDEN,,,reportSpecification,report_item,RPT-01173,,CONFIRMED,MAPPED,promotion APPROVED_REPORT_DRAWING_GOLDEN
G-RPT-1174,report,report.layout.SRC-calculation_chapter_03_section_3_2_page_elements-026,ENT-LINE-ACL,APPROVED_REPORT_DRAWING_GOLDEN,,,reportSpecification,report_item,RPT-01174,,CONFIRMED,MAPPED,promotion APPROVED_REPORT_DRAWING_GOLDEN
G-RPT-1175,report,report.layout.SRC-calculation_chapter_03_section_3_2_page_elements-027,ENT-LINE-ACL,APPROVED_REPORT_DRAWING_GOLDEN,,,reportSpecification,report_item,RPT-01175,,CONFIRMED,MAPPED,promotion APPROVED_REPORT_DRAWING_GOLDEN
G-RPT-1176,report,report.layout.SRC-calculation_chapter_03_section_3_2_page_elements-028,ENT-LINE-ACL,APPROVED_REPORT_DRAWING_GOLDEN,,,reportSpecification,report_item,RPT-01176,,CONFIRMED,MAPPED,promotion APPROVED_REPORT_DRAWING_GOLDEN
G-RPT-1177,report,report.layout.SRC-calculation_chapter_03_section_3_2_page_elements-029,ENT-LINE-ACL,APPROVED_REPORT_DRAWING_GOLDEN,,,reportSpecification,report_item,RPT-01177,,CONFIRMED,MAPPED,promotion APPROVED_REPORT_DRAWING_GOLDEN
G-RPT-1178,report,report.layout.SRC-calculation_chapter_03_section_3_2_page_elements-030,ENT-LINE-ACL,APPROVED_REPORT_DRAWING_GOLDEN,,,reportSpecification,report_item,RPT-01178,,CONFIRMED,MAPPED,promotion APPROVED_REPORT_DRAWING_GOLDEN
G-RPT-1179,report,report.layout.SRC-calculation_chapter_03_section_3_2_page_elements-031,ENT-LINE-ACL,APPROVED_REPORT_DRAWING_GOLDEN,,,reportSpecification,report_item,RPT-01179,,CONFIRMED,MAPPED,promotion APPROVED_REPORT_DRAWING_GOLDEN
G-RPT-1180,report,report.layout.SRC-calculation_chapter_03_section_3_2_page_elements-032,ENT-LINE-ACL,APPROVED_REPORT_DRAWING_GOLDEN,,,reportSpecification,report_item,RPT-01180,,CONFIRMED,MAPPED,promotion APPROVED_REPORT_DRAWING_GOLDEN
G-RPT-1181,report,report.layout.SRC-calculation_chapter_03_section_3_2_page_elements-033,ENT-LINE-ACL,APPROVED_REPORT_DRAWING_GOLDEN,,,reportSpecification,report_item,RPT-01181,,CONFIRMED,MAPPED,promotion APPROVED_REPORT_DRAWING_GOLDEN
G-RPT-1182,report,report.layout.SRC-calculation_chapter_03_section_3_2_page_elements-034,ENT-LINE-ACL,APPROVED_REPORT_DRAWING_GOLDEN,,,reportSpecification,report_item,RPT-01182,,CONFIRMED,MAPPED,promotion APPROVED_REPORT_DRAWING_GOLDEN
G-RPT-1183,report,report.layout.SRC-calculation_chapter_03_section_3_2_page_elements-035,ENT-LINE-ACL,APPROVED_REPORT_DRAWING_GOLDEN,,,reportSpecification,report_item,RPT-01183,,CONFIRMED,MAPPED,promotion APPROVED_REPORT_DRAWING_GOLDEN
G-RPT-1184,report,report.layout.SRC-calculation_chapter_03_section_3_2_page_elements-036,ENT-LINE-ACL,APPROVED_REPORT_DRAWING_GOLDEN,,,reportSpecification,report_item,RPT-01184,,CONFIRMED,MAPPED,promotion APPROVED_REPORT_DRAWING_GOLDEN
G-RPT-1185,report,report.layout.SRC-calculation_chapter_03_section_3_2_page_elements-037,ENT-LINE-ACL,APPROVED_REPORT_DRAWING_GOLDEN,,,reportSpecification,report_item,RPT-01185,,CONFIRMED,MAPPED,promotion APPROVED_REPORT_DRAWING_GOLDEN
G-RPT-1186,report,report.layout.SRC-calculation_chapter_03_section_3_2_page_elements-038,ENT-LINE-ACL,APPROVED_REPORT_DRAWING_GOLDEN,,,reportSpecification,report_item,RPT-01186,,CONFIRMED,MAPPED,promotion APPROVED_REPORT_DRAWING_GOLDEN
G-RPT-1187,report,report.layout.SRC-calculation_chapter_03_section_3_2_page_elements-039,ENT-LINE-ACL,APPROVED_REPORT_DRAWING_GOLDEN,,,reportSpecification,report_item,RPT-01187,,CONFIRMED,MAPPED,promotion APPROVED_REPORT_DRAWING_GOLDEN
G-RPT-1188,report,report.layout.SRC-calculation_chapter_03_section_3_2_page_elements-040,ENT-LINE-ACL,APPROVED_REPORT_DRAWING_GOLDEN,,,reportSpecification,report_item,RPT-01188,,CONFIRMED,MAPPED,promotion APPROVED_REPORT_DRAWING_GOLDEN
G-RPT-1189,report,report.layout.SRC-calculation_chapter_03_section_3_2_page_elements-041,ENT-LINE-ACL,APPROVED_REPORT_DRAWING_GOLDEN,,,reportSpecification,report_item,RPT-01189,,CONFIRMED,MAPPED,promotion APPROVED_REPORT_DRAWING_GOLDEN
G-RPT-1190,report,report.layout.SRC-calculation_chapter_03_section_3_2_page_elements-042,ENT-LINE-ACL,APPROVED_REPORT_DRAWING_GOLDEN,,,reportSpecification,report_item,RPT-01190,,CONFIRMED,MAPPED,promotion APPROVED_REPORT_DRAWING_GOLDEN
G-RPT-1191,report,report.layout.SRC-calculation_chapter_03_section_3_2_page_elements-043,ENT-LINE-ACL,APPROVED_REPORT_DRAWING_GOLDEN,,,reportSpecification,report_item,RPT-01191,,CONFIRMED,MAPPED,promotion APPROVED_REPORT_DRAWING_GOLDEN
G-RPT-1192,report,report.layout.SRC-calculation_chapter_03_section_3_2_page_elements-044,ENT-LINE-ACL,APPROVED_REPORT_DRAWING_GOLDEN,,,reportSpecification,report_item,RPT-01192,,CONFIRMED,MAPPED,promotion APPROVED_REPORT_DRAWING_GOLDEN
G-RPT-1193,report,report.layout.SRC-calculation_chapter_03_section_3_2_page_elements-045,ENT-LINE-ACL,APPROVED_REPORT_DRAWING_GOLDEN,,,reportSpecification,report_item,RPT-01193,,CONFIRMED,MAPPED,promotion APPROVED_REPORT_DRAWING_GOLDEN
G-RPT-1194,report,report.layout.SRC-calculation_chapter_03_section_3_2_page_elements-046,ENT-LINE-ACL,APPROVED_REPORT_DRAWING_GOLDEN,,,reportSpecification,report_item,RPT-01194,,CONFIRMED,MAPPED,promotion APPROVED_REPORT_DRAWING_GOLDEN
G-RPT-1195,report,report.layout.SRC-calculation_chapter_03_section_3_2_page_elements-047,ENT-LINE-ACL,APPROVED_REPORT_DRAWING_GOLDEN,,,reportSpecification,report_item,RPT-01195,,CONFIRMED,MAPPED,promotion APPROVED_REPORT_DRAWING_GOLDEN
G-RPT-1196,report,report.layout.SRC-calculation_chapter_03_section_3_2_page_elements-048,ENT-LINE-ACL,APPROVED_REPORT_DRAWING_GOLDEN,,,reportSpecification,report_item,RPT-01196,,CONFIRMED,MAPPED,promotion APPROVED_REPORT_DRAWING_GOLDEN
G-RPT-1197,report,report.layout.SRC-calculation_chapter_03_section_3_2_page_elements-049,ENT-LINE-ACL,APPROVED_REPORT_DRAWING_GOLDEN,,,reportSpecification,report_item,RPT-01197,,CONFIRMED,MAPPED,promotion APPROVED_REPORT_DRAWING_GOLDEN
G-RPT-1198,report,report.layout.SRC-calculation_chapter_03_section_3_2_page_elements-050,ENT-LINE-ACL,APPROVED_REPORT_DRAWING_GOLDEN,,,reportSpecification,report_item,RPT-01198,,CONFIRMED,MAPPED,promotion APPROVED_REPORT_DRAWING_GOLDEN
G-RPT-1199,report,report.layout.SRC-calculation_chapter_03_section_3_2_page_elements-051,ENT-LINE-ACL,APPROVED_REPORT_DRAWING_GOLDEN,,,reportSpecification,report_item,RPT-01199,,CONFIRMED,MAPPED,promotion APPROVED_REPORT_DRAWING_GOLDEN
G-RPT-1200,report,report.layout.SRC-calculation_chapter_03_section_3_2_page_elements-052,ENT-LINE-ACL,APPROVED_REPORT_DRAWING_GOLDEN,,,reportSpecification,report_item,RPT-01200,,CONFIRMED,MAPPED,promotion APPROVED_REPORT_DRAWING_GOLDEN
G-RPT-1201,report,report.layout.SRC-calculation_chapter_03_section_3_2_page_elements-053,ENT-LINE-ACL,APPROVED_REPORT_DRAWING_GOLDEN,,,reportSpecification,report_item,RPT-01201,,CONFIRMED,MAPPED,promotion APPROVED_REPORT_DRAWING_GOLDEN
G-RPT-1202,report,report.layout.SRC-calculation_chapter_03_section_3_2_page_elements-054,ENT-LINE-ACL,APPROVED_REPORT_DRAWING_GOLDEN,,,reportSpecification,report_item,RPT-01202,,CONFIRMED,MAPPED,promotion APPROVED_REPORT_DRAWING_GOLDEN
G-RPT-1203,report,report.layout.SRC-calculation_chapter_03_section_3_2_page_elements-055,ENT-LINE-ACL,APPROVED_REPORT_DRAWING_GOLDEN,,,reportSpecification,report_item,RPT-01203,,CONFIRMED,MAPPED,promotion APPROVED_REPORT_DRAWING_GOLDEN
G-RPT-1204,report,report.layout.SRC-calculation_chapter_03_section_3_2_page_elements-056,ENT-LINE-ACL,APPROVED_REPORT_DRAWING_GOLDEN,,,reportSpecification,report_item,RPT-01204,,CONFIRMED,MAPPED,promotion APPROVED_REPORT_DRAWING_GOLDEN
G-RPT-1205,report,report.layout.SRC-calculation_chapter_03_section_3_2_page_elements-057,ENT-LINE-ACL,APPROVED_REPORT_DRAWING_GOLDEN,,,reportSpecification,report_item,RPT-01205,,CONFIRMED,MAPPED,promotion APPROVED_REPORT_DRAWING_GOLDEN
G-RPT-1206,report,report.layout.SRC-calculation_chapter_03_section_3_2_page_elements-058,ENT-LINE-ACL,APPROVED_REPORT_DRAWING_GOLDEN,,,reportSpecification,report_item,RPT-01206,,CONFIRMED,MAPPED,promotion APPROVED_REPORT_DRAWING_GOLDEN
G-RPT-1207,report,report.layout.SRC-calculation_chapter_03_section_3_2_page_elements-059,ENT-LINE-ACL,APPROVED_REPORT_DRAWING_GOLDEN,,,reportSpecification,report_item,RPT-01207,,CONFIRMED,MAPPED,promotion APPROVED_REPORT_DRAWING_GOLDEN
G-RPT-1208,report,report.layout.SRC-calculation_chapter_03_section_3_2_page_elements-060,ENT-LINE-ACL,APPROVED_REPORT_DRAWING_GOLDEN,,,reportSpecification,report_item,RPT-01208,,CONFIRMED,MAPPED,promotion APPROVED_REPORT_DRAWING_GOLDEN
G-RPT-1209,report,report.layout.SRC-calculation_chapter_03_section_3_2_page_elements-061,ENT-LINE-ACL,APPROVED_REPORT_DRAWING_GOLDEN,,,reportSpecification,report_item,RPT-01209,,CONFIRMED,MAPPED,promotion APPROVED_REPORT_DRAWING_GOLDEN
G-RPT-1210,report,report.layout.SRC-calculation_chapter_03_section_3_2_page_elements-062,ENT-LINE-ACL,APPROVED_REPORT_DRAWING_GOLDEN,,,reportSpecification,report_item,RPT-01210,,CONFIRMED,MAPPED,promotion APPROVED_REPORT_DRAWING_GOLDEN
G-RPT-1211,report,report.layout.SRC-calculation_chapter_03_section_3_2_page_elements-063,ENT-LINE-ACL,APPROVED_REPORT_DRAWING_GOLDEN,,,reportSpecification,report_item,RPT-01211,,CONFIRMED,MAPPED,promotion APPROVED_REPORT_DRAWING_GOLDEN
G-RPT-1212,report,report.layout.SRC-calculation_chapter_03_section_3_2_page_elements-064,ENT-LINE-ACL,APPROVED_REPORT_DRAWING_GOLDEN,,,reportSpecification,report_item,RPT-01212,,CONFIRMED,MAPPED,promotion APPROVED_REPORT_DRAWING_GOLDEN
G-RPT-1213,report,report.layout.SRC-calculation_chapter_03_section_3_2_page_elements-065,ENT-LINE-ACL,APPROVED_REPORT_DRAWING_GOLDEN,,,reportSpecification,report_item,RPT-01213,,CONFIRMED,MAPPED,promotion APPROVED_REPORT_DRAWING_GOLDEN
G-RPT-1214,report,report.layout.SRC-calculation_chapter_03_section_3_2_page_elements-066,ENT-LINE-ACL,APPROVED_REPORT_DRAWING_GOLDEN,,,reportSpecification,report_item,RPT-01214,,CONFIRMED,MAPPED,promotion APPROVED_REPORT_DRAWING_GOLDEN
G-RPT-1215,report,report.layout.SRC-calculation_chapter_03_section_3_2_page_elements-067,ENT-LINE-ACL,APPROVED_REPORT_DRAWING_GOLDEN,,,reportSpecification,report_item,RPT-01215,,CONFIRMED,MAPPED,promotion APPROVED_REPORT_DRAWING_GOLDEN
G-RPT-1216,report,report.layout.SRC-calculation_chapter_03_section_3_2_page_elements-068,ENT-LINE-ACL,APPROVED_REPORT_DRAWING_GOLDEN,,,reportSpecification,report_item,RPT-01216,,CONFIRMED,MAPPED,promotion APPROVED_REPORT_DRAWING_GOLDEN
G-RPT-1217,report,report.layout.SRC-calculation_chapter_03_section_3_2_page_elements-069,ENT-LINE-ACL,APPROVED_REPORT_DRAWING_GOLDEN,,,reportSpecification,report_item,RPT-01217,,CONFIRMED,MAPPED,promotion APPROVED_REPORT_DRAWING_GOLDEN
G-RPT-1218,report,report.layout.SRC-calculation_chapter_03_section_3_2_page_elements-070,ENT-LINE-ACL,APPROVED_REPORT_DRAWING_GOLDEN,,,reportSpecification,report_item,RPT-01218,,CONFIRMED,MAPPED,promotion APPROVED_REPORT_DRAWING_GOLDEN
G-RPT-1219,report,report.layout.SRC-calculation_chapter_03_section_3_2_page_elements-071,ENT-LINE-ACL,APPROVED_REPORT_DRAWING_GOLDEN,,,reportSpecification,report_item,RPT-01219,,CONFIRMED,MAPPED,promotion APPROVED_REPORT_DRAWING_GOLDEN
G-RPT-1220,report,report.layout.SRC-calculation_chapter_03_section_3_2_page_elements-072,ENT-LINE-ACL,APPROVED_REPORT_DRAWING_GOLDEN,,,reportSpecification,report_item,RPT-01220,,CONFIRMED,MAPPED,promotion APPROVED_REPORT_DRAWING_GOLDEN
G-RPT-1221,report,report.layout.SRC-calculation_chapter_03_section_3_2_page_elements-073,ENT-LINE-ACL,APPROVED_REPORT_DRAWING_GOLDEN,,,reportSpecification,report_item,RPT-01221,,CONFIRMED,MAPPED,promotion APPROVED_REPORT_DRAWING_GOLDEN
G-RPT-1222,report,report.layout.SRC-calculation_chapter_03_section_3_2_page_elements-074,ENT-LINE-ACL,APPROVED_REPORT_DRAWING_GOLDEN,,,reportSpecification,report_item,RPT-01222,,CONFIRMED,MAPPED,promotion APPROVED_REPORT_DRAWING_GOLDEN
G-RPT-1223,report,report.layout.SRC-calculation_chapter_03_section_3_2_page_elements-075,ENT-LINE-ACL,APPROVED_REPORT_DRAWING_GOLDEN,,,reportSpecification,report_item,RPT-01223,,CONFIRMED,MAPPED,promotion APPROVED_REPORT_DRAWING_GOLDEN
G-RPT-1224,report,report.layout.SRC-calculation_chapter_03_section_3_2_page_elements-076,ENT-LINE-ACL,APPROVED_REPORT_DRAWING_GOLDEN,,,reportSpecification,report_item,RPT-01224,,CONFIRMED,MAPPED,promotion APPROVED_REPORT_DRAWING_GOLDEN
G-RPT-1225,report,report.layout.SRC-calculation_chapter_03_section_3_2_page_elements-077,ENT-LINE-ACL,APPROVED_REPORT_DRAWING_GOLDEN,,,reportSpecification,report_item,RPT-01225,,CONFIRMED,MAPPED,promotion APPROVED_REPORT_DRAWING_GOLDEN
G-RPT-1226,report,report.layout.CAL-P00675-CAL-SEC-3.3-001,ENT-LINE-ACL,APPROVED_REPORT_DRAWING_GOLDEN,,,reportSpecification,report_item,RPT-01226,,CONFIRMED,MAPPED,promotion APPROVED_REPORT_DRAWING_GOLDEN
G-RPT-1227,report,report.layout.CAL-P00676-CAL-SEC-3.3.1-001,ENT-LINE-ACL,APPROVED_REPORT_DRAWING_GOLDEN,,,reportSpecification,report_item,RPT-01227,,CONFIRMED,MAPPED,promotion APPROVED_REPORT_DRAWING_GOLDEN
G-RPT-1228,report,report.layout.CAL-P00676-CAL-SEC-3.3.1-002,ENT-LINE-ACL,APPROVED_REPORT_DRAWING_GOLDEN,,,reportSpecification,report_item,RPT-01228,,CONFIRMED,MAPPED,promotion APPROVED_REPORT_DRAWING_GOLDEN
G-RPT-1229,report,report.layout.CAL-P00676-CAL-SEC-3.3.1-003,ENT-LINE-ACL,APPROVED_REPORT_DRAWING_GOLDEN,,,reportSpecification,report_item,RPT-01229,,CONFIRMED,MAPPED,promotion APPROVED_REPORT_DRAWING_GOLDEN
G-RPT-1230,report,report.layout.CAL-P00676-CAL-SEC-3.3.1-004,ENT-LINE-ACL,APPROVED_REPORT_DRAWING_GOLDEN,,,reportSpecification,report_item,RPT-01230,,CONFIRMED,MAPPED,promotion APPROVED_REPORT_DRAWING_GOLDEN
G-RPT-1231,report,report.layout.CAL-P00677-CAL-SEC-3.3.1-001,ENT-LINE-ACL,APPROVED_REPORT_DRAWING_GOLDEN,,,reportSpecification,report_item,RPT-01231,,CONFIRMED,MAPPED,promotion APPROVED_REPORT_DRAWING_GOLDEN
G-RPT-1232,report,report.layout.CAL-P00677-CAL-SEC-3.3.1-002,ENT-LINE-ACL,APPROVED_REPORT_DRAWING_GOLDEN,,,reportSpecification,report_item,RPT-01232,,CONFIRMED,MAPPED,promotion APPROVED_REPORT_DRAWING_GOLDEN
G-RPT-1233,report,report.layout.CAL-P00678-CAL-SEC-3.3.1-001,ENT-LINE-ACL,APPROVED_REPORT_DRAWING_GOLDEN,,,reportSpecification,report_item,RPT-01233,,CONFIRMED,MAPPED,promotion APPROVED_REPORT_DRAWING_GOLDEN
G-RPT-1234,report,report.layout.CAL-P00679-CAL-SEC-3.3.2-001,ENT-LINE-ACL,APPROVED_REPORT_DRAWING_GOLDEN,,,reportSpecification,report_item,RPT-01234,,CONFIRMED,MAPPED,promotion APPROVED_REPORT_DRAWING_GOLDEN
G-RPT-1235,report,report.layout.CAL-P00679-CAL-SEC-3.3.2-002,ENT-LINE-ACL,APPROVED_REPORT_DRAWING_GOLDEN,,,reportSpecification,report_item,RPT-01235,,CONFIRMED,MAPPED,promotion APPROVED_REPORT_DRAWING_GOLDEN
G-RPT-1236,report,report.layout.CAL-P00679-CAL-SEC-3.3.2-003,ENT-LINE-ACL,APPROVED_REPORT_DRAWING_GOLDEN,,,reportSpecification,report_item,RPT-01236,,CONFIRMED,MAPPED,promotion APPROVED_REPORT_DRAWING_GOLDEN
G-RPT-1237,report,report.layout.CAL-P00685-CAL-SEC-3.3.3-001,ENT-LINE-ACL,APPROVED_REPORT_DRAWING_GOLDEN,,,reportSpecification,report_item,RPT-01237,,CONFIRMED,MAPPED,promotion APPROVED_REPORT_DRAWING_GOLDEN
G-RPT-1238,report,report.layout.CAL-P00685-CAL-SEC-3.3.3-002,ENT-LINE-ACL,APPROVED_REPORT_DRAWING_GOLDEN,,,reportSpecification,report_item,RPT-01238,,CONFIRMED,MAPPED,promotion APPROVED_REPORT_DRAWING_GOLDEN
G-RPT-1239,report,report.layout.CAL-P00686-CAL-SEC-3.3.3-001,ENT-LINE-ACL,APPROVED_REPORT_DRAWING_GOLDEN,,,reportSpecification,report_item,RPT-01239,,CONFIRMED,MAPPED,promotion APPROVED_REPORT_DRAWING_GOLDEN
G-RPT-1240,report,report.layout.CAL-P00686-CAL-SEC-3.3.3-002,ENT-LINE-ACL,APPROVED_REPORT_DRAWING_GOLDEN,,,reportSpecification,report_item,RPT-01240,,CONFIRMED,MAPPED,promotion APPROVED_REPORT_DRAWING_GOLDEN
G-RPT-1241,report,report.layout.CAL-P00687-CAL-SEC-3.3.4-001,ENT-LINE-ACL,APPROVED_REPORT_DRAWING_GOLDEN,,,reportSpecification,report_item,RPT-01241,,CONFIRMED,MAPPED,promotion APPROVED_REPORT_DRAWING_GOLDEN
G-RPT-1242,report,report.layout.CAL-P00687-CAL-SEC-3.3.4-002,ENT-LINE-ACL,APPROVED_REPORT_DRAWING_GOLDEN,,,reportSpecification,report_item,RPT-01242,,CONFIRMED,MAPPED,promotion APPROVED_REPORT_DRAWING_GOLDEN
G-RPT-1243,report,report.layout.CAL-P00688-CAL-SEC-3.3.4-001,ENT-LINE-ACL,APPROVED_REPORT_DRAWING_GOLDEN,,,reportSpecification,report_item,RPT-01243,,CONFIRMED,MAPPED,promotion APPROVED_REPORT_DRAWING_GOLDEN
G-RPT-1244,report,report.layout.CAL-P00689-CAL-SEC-3.3.4-001,ENT-LINE-ACL,APPROVED_REPORT_DRAWING_GOLDEN,,,reportSpecification,report_item,RPT-01244,,CONFIRMED,MAPPED,promotion APPROVED_REPORT_DRAWING_GOLDEN
G-RPT-1245,report,report.layout.CAL-P00689-CAL-SEC-3.3.4-002,ENT-LINE-ACL,APPROVED_REPORT_DRAWING_GOLDEN,,,reportSpecification,report_item,RPT-01245,,CONFIRMED,MAPPED,promotion APPROVED_REPORT_DRAWING_GOLDEN
G-RPT-1246,report,report.layout.CAL-P00691-CAL-SEC-3.3.4-001,ENT-LINE-ACL,APPROVED_REPORT_DRAWING_GOLDEN,,,reportSpecification,report_item,RPT-01246,,CONFIRMED,MAPPED,promotion APPROVED_REPORT_DRAWING_GOLDEN
G-RPT-1247,report,report.layout.CAL-P00696-CAL-SEC-3.3.4-001,ENT-LINE-ACL,APPROVED_REPORT_DRAWING_GOLDEN,,,reportSpecification,report_item,RPT-01247,,CONFIRMED,MAPPED,promotion APPROVED_REPORT_DRAWING_GOLDEN
G-RPT-1248,report,report.layout.CAL-P00696-CAL-SEC-3.3.4-002,ENT-LINE-ACL,APPROVED_REPORT_DRAWING_GOLDEN,,,reportSpecification,report_item,RPT-01248,,CONFIRMED,MAPPED,promotion APPROVED_REPORT_DRAWING_GOLDEN
G-RPT-1249,report,report.layout.CAL-P00698-CAL-SEC-3.3.4-001,ENT-LINE-ACL,APPROVED_REPORT_DRAWING_GOLDEN,,,reportSpecification,report_item,RPT-01249,,CONFIRMED,MAPPED,promotion APPROVED_REPORT_DRAWING_GOLDEN
G-RPT-1250,report,report.layout.CAL-P00704-CAL-SEC-3.3.5-001,ENT-LINE-ACL,APPROVED_REPORT_DRAWING_GOLDEN,,,reportSpecification,report_item,RPT-01250,,CONFIRMED,MAPPED,promotion APPROVED_REPORT_DRAWING_GOLDEN
G-RPT-1251,report,report.layout.CAL-P00704-CAL-SEC-3.3.5-002,ENT-LINE-ACL,APPROVED_REPORT_DRAWING_GOLDEN,,,reportSpecification,report_item,RPT-01251,,CONFIRMED,MAPPED,promotion APPROVED_REPORT_DRAWING_GOLDEN
G-RPT-1252,report,report.layout.CAL-P00705-CAL-SEC-3.3.5-001,ENT-LINE-ACL,APPROVED_REPORT_DRAWING_GOLDEN,,,reportSpecification,report_item,RPT-01252,,CONFIRMED,MAPPED,promotion APPROVED_REPORT_DRAWING_GOLDEN
G-RPT-1253,report,report.layout.CAL-P00707-CAL-SEC-3.3.5-001,ENT-LINE-ACL,APPROVED_REPORT_DRAWING_GOLDEN,,,reportSpecification,report_item,RPT-01253,,CONFIRMED,MAPPED,promotion APPROVED_REPORT_DRAWING_GOLDEN
G-RPT-1254,report,report.layout.CAL-P00710-CAL-SEC-3.3.5-001,ENT-LINE-ACL,APPROVED_REPORT_DRAWING_GOLDEN,,,reportSpecification,report_item,RPT-01254,,CONFIRMED,MAPPED,promotion APPROVED_REPORT_DRAWING_GOLDEN
G-RPT-1255,report,report.layout.CAL-P00711-CAL-SEC-3.3.5-001,ENT-LINE-ACL,APPROVED_REPORT_DRAWING_GOLDEN,,,reportSpecification,report_item,RPT-01255,,CONFIRMED,MAPPED,promotion APPROVED_REPORT_DRAWING_GOLDEN
G-RPT-1256,report,report.layout.CAL-P00714-CAL-SEC-3.3.5-001,ENT-LINE-ACL,APPROVED_REPORT_DRAWING_GOLDEN,,,reportSpecification,report_item,RPT-01256,,CONFIRMED,MAPPED,promotion APPROVED_REPORT_DRAWING_GOLDEN
G-RPT-1257,report,report.layout.CAL-P00720-CAL-SEC-3.3.5-001,ENT-LINE-ACL,APPROVED_REPORT_DRAWING_GOLDEN,,,reportSpecification,report_item,RPT-01257,,CONFIRMED,MAPPED,promotion APPROVED_REPORT_DRAWING_GOLDEN
G-RPT-1258,report,report.layout.CAL-P00735-CAL-SEC-3.3.6-001,ENT-LINE-ACL,APPROVED_REPORT_DRAWING_GOLDEN,,,reportSpecification,report_item,RPT-01258,,CONFIRMED,MAPPED,promotion APPROVED_REPORT_DRAWING_GOLDEN
G-RPT-1259,report,report.layout.CAL-P00735-CAL-SEC-3.3.6-002,ENT-LINE-ACL,APPROVED_REPORT_DRAWING_GOLDEN,,,reportSpecification,report_item,RPT-01259,,CONFIRMED,MAPPED,promotion APPROVED_REPORT_DRAWING_GOLDEN
G-RPT-1260,report,report.layout.CAL-P00736-CAL-SEC-3.3.6-001,ENT-LINE-ACL,APPROVED_REPORT_DRAWING_GOLDEN,,,reportSpecification,report_item,RPT-01260,,CONFIRMED,MAPPED,promotion APPROVED_REPORT_DRAWING_GOLDEN
G-RPT-1261,report,report.layout.CAL-P00738-CAL-SEC-3.3.6-001,ENT-LINE-ACL,APPROVED_REPORT_DRAWING_GOLDEN,,,reportSpecification,report_item,RPT-01261,,CONFIRMED,MAPPED,promotion APPROVED_REPORT_DRAWING_GOLDEN
G-RPT-1262,report,report.layout.CAL-P00741-CAL-SEC-3.3.6-001,ENT-LINE-ACL,APPROVED_REPORT_DRAWING_GOLDEN,,,reportSpecification,report_item,RPT-01262,,CONFIRMED,MAPPED,promotion APPROVED_REPORT_DRAWING_GOLDEN
G-RPT-1263,report,report.layout.CAL-P00744-CAL-SEC-3.3.6-001,ENT-LINE-ACL,APPROVED_REPORT_DRAWING_GOLDEN,,,reportSpecification,report_item,RPT-01263,,CONFIRMED,MAPPED,promotion APPROVED_REPORT_DRAWING_GOLDEN
G-RPT-1264,report,report.layout.CAL-P00757-CAL-SEC-3.3.6-001,ENT-LINE-ACL,APPROVED_REPORT_DRAWING_GOLDEN,,,reportSpecification,report_item,RPT-01264,,CONFIRMED,MAPPED,promotion APPROVED_REPORT_DRAWING_GOLDEN
G-RPT-1265,report,report.layout.CAL-P00762-CAL-SEC-3.3.7-001,ENT-LINE-ACL,APPROVED_REPORT_DRAWING_GOLDEN,,,reportSpecification,report_item,RPT-01265,,CONFIRMED,MAPPED,promotion APPROVED_REPORT_DRAWING_GOLDEN
G-RPT-1266,report,report.layout.CAL-P00763-CAL-SEC-3.3.7-001,ENT-LINE-ACL,APPROVED_REPORT_DRAWING_GOLDEN,,,reportSpecification,report_item,RPT-01266,,CONFIRMED,MAPPED,promotion APPROVED_REPORT_DRAWING_GOLDEN
G-RPT-1267,report,report.layout.CAL-P00764-CAL-SEC-3.3.7-001,ENT-LINE-ACL,APPROVED_REPORT_DRAWING_GOLDEN,,,reportSpecification,report_item,RPT-01267,,CONFIRMED,MAPPED,promotion APPROVED_REPORT_DRAWING_GOLDEN
G-RPT-1268,report,report.layout.CAL-P00765-CAL-SEC-3.4-001,ENT-LINE-ACL,APPROVED_REPORT_DRAWING_GOLDEN,,,reportSpecification,report_item,RPT-01268,,CONFIRMED,MAPPED,promotion APPROVED_REPORT_DRAWING_GOLDEN
G-RPT-1269,report,report.layout.CAL-P00766-CAL-SEC-3.4.1-001,ENT-LINE-ACL,APPROVED_REPORT_DRAWING_GOLDEN,,,reportSpecification,report_item,RPT-01269,,CONFIRMED,MAPPED,promotion APPROVED_REPORT_DRAWING_GOLDEN
G-RPT-1270,report,report.layout.CAL-P00766-CAL-SEC-3.4.1-002,ENT-LINE-ACL,APPROVED_REPORT_DRAWING_GOLDEN,,,reportSpecification,report_item,RPT-01270,,CONFIRMED,MAPPED,promotion APPROVED_REPORT_DRAWING_GOLDEN
G-RPT-1271,report,report.layout.CAL-P00766-CAL-SEC-3.4.1-003,ENT-LINE-ACL,APPROVED_REPORT_DRAWING_GOLDEN,,,reportSpecification,report_item,RPT-01271,,CONFIRMED,MAPPED,promotion APPROVED_REPORT_DRAWING_GOLDEN
G-RPT-1272,report,report.layout.CAL-P00767-CAL-SEC-3.4.1-001,ENT-LINE-ACL,APPROVED_REPORT_DRAWING_GOLDEN,,,reportSpecification,report_item,RPT-01272,,CONFIRMED,MAPPED,promotion APPROVED_REPORT_DRAWING_GOLDEN
G-RPT-1273,report,report.layout.CAL-P00767-CAL-SEC-3.4.1-002,ENT-LINE-ACL,APPROVED_REPORT_DRAWING_GOLDEN,,,reportSpecification,report_item,RPT-01273,,CONFIRMED,MAPPED,promotion APPROVED_REPORT_DRAWING_GOLDEN
G-RPT-1274,report,report.layout.CAL-P00767-CAL-SEC-3.4.1-003,ENT-LINE-ACL,APPROVED_REPORT_DRAWING_GOLDEN,,,reportSpecification,report_item,RPT-01274,,CONFIRMED,MAPPED,promotion APPROVED_REPORT_DRAWING_GOLDEN
G-RPT-1275,report,report.layout.CAL-P00768-CAL-SEC-3.4.1-001,ENT-LINE-ACL,APPROVED_REPORT_DRAWING_GOLDEN,,,reportSpecification,report_item,RPT-01275,,CONFIRMED,MAPPED,promotion APPROVED_REPORT_DRAWING_GOLDEN
G-RPT-1276,report,report.layout.CAL-P00768-CAL-SEC-3.4.1-002,ENT-LINE-ACL,APPROVED_REPORT_DRAWING_GOLDEN,,,reportSpecification,report_item,RPT-01276,,CONFIRMED,MAPPED,promotion APPROVED_REPORT_DRAWING_GOLDEN
G-RPT-1277,report,report.layout.CAL-P00769-CAL-SEC-3.4.1-001,ENT-LINE-ACL,APPROVED_REPORT_DRAWING_GOLDEN,,,reportSpecification,report_item,RPT-01277,,CONFIRMED,MAPPED,promotion APPROVED_REPORT_DRAWING_GOLDEN
G-RPT-1278,report,report.layout.CAL-P00770-CAL-SEC-3.4.1-001,ENT-LINE-ACL,APPROVED_REPORT_DRAWING_GOLDEN,,,reportSpecification,report_item,RPT-01278,,CONFIRMED,MAPPED,promotion APPROVED_REPORT_DRAWING_GOLDEN
G-RPT-1279,report,report.layout.CAL-P00770-CAL-SEC-3.4.1-002,ENT-LINE-ACL,APPROVED_REPORT_DRAWING_GOLDEN,,,reportSpecification,report_item,RPT-01279,,CONFIRMED,MAPPED,promotion APPROVED_REPORT_DRAWING_GOLDEN
G-RPT-1280,report,report.layout.CAL-P00771-CAL-SEC-3.4.1-001,ENT-LINE-ACL,APPROVED_REPORT_DRAWING_GOLDEN,,,reportSpecification,report_item,RPT-01280,,CONFIRMED,MAPPED,promotion APPROVED_REPORT_DRAWING_GOLDEN
G-RPT-1281,report,report.layout.CAL-P00772-CAL-SEC-3.4.1-001,ENT-LINE-ACL,APPROVED_REPORT_DRAWING_GOLDEN,,,reportSpecification,report_item,RPT-01281,,CONFIRMED,MAPPED,promotion APPROVED_REPORT_DRAWING_GOLDEN
G-RPT-1282,report,report.layout.CAL-P00773-CAL-SEC-3.4.1-001,ENT-LINE-ACL,APPROVED_REPORT_DRAWING_GOLDEN,,,reportSpecification,report_item,RPT-01282,,CONFIRMED,MAPPED,promotion APPROVED_REPORT_DRAWING_GOLDEN
G-RPT-1283,report,report.layout.CAL-P00773-CAL-SEC-3.4.1-002,ENT-LINE-ACL,APPROVED_REPORT_DRAWING_GOLDEN,,,reportSpecification,report_item,RPT-01283,,CONFIRMED,MAPPED,promotion APPROVED_REPORT_DRAWING_GOLDEN
G-RPT-1284,report,report.layout.CAL-P00774-CAL-SEC-3.4.1-001,ENT-LINE-ACL,APPROVED_REPORT_DRAWING_GOLDEN,,,reportSpecification,report_item,RPT-01284,,CONFIRMED,MAPPED,promotion APPROVED_REPORT_DRAWING_GOLDEN
G-RPT-1285,report,report.layout.CAL-P00774-CAL-SEC-3.4.1-002,ENT-LINE-ACL,APPROVED_REPORT_DRAWING_GOLDEN,,,reportSpecification,report_item,RPT-01285,,CONFIRMED,MAPPED,promotion APPROVED_REPORT_DRAWING_GOLDEN
G-RPT-1286,report,report.layout.CAL-P00775-CAL-SEC-3.4.1-001,ENT-LINE-ACL,APPROVED_REPORT_DRAWING_GOLDEN,,,reportSpecification,report_item,RPT-01286,,CONFIRMED,MAPPED,promotion APPROVED_REPORT_DRAWING_GOLDEN
G-RPT-1287,report,report.layout.CAL-P00776-CAL-SEC-3.4.1-001,ENT-LINE-ACL,APPROVED_REPORT_DRAWING_GOLDEN,,,reportSpecification,report_item,RPT-01287,,CONFIRMED,MAPPED,promotion APPROVED_REPORT_DRAWING_GOLDEN
G-RPT-1288,report,report.layout.CAL-P00777-CAL-SEC-3.4.2-001,ENT-LINE-ACL,APPROVED_REPORT_DRAWING_GOLDEN,,,reportSpecification,report_item,RPT-01288,,CONFIRMED,MAPPED,promotion APPROVED_REPORT_DRAWING_GOLDEN
G-RPT-1289,report,report.layout.CAL-P00777-CAL-SEC-3.4.2-002,ENT-LINE-ACL,APPROVED_REPORT_DRAWING_GOLDEN,,,reportSpecification,report_item,RPT-01289,,CONFIRMED,MAPPED,promotion APPROVED_REPORT_DRAWING_GOLDEN
G-RPT-1290,report,report.layout.CAL-P00778-CAL-SEC-3.4.2-001,ENT-LINE-ACL,APPROVED_REPORT_DRAWING_GOLDEN,,,reportSpecification,report_item,RPT-01290,,CONFIRMED,MAPPED,promotion APPROVED_REPORT_DRAWING_GOLDEN
G-RPT-1291,report,report.layout.CAL-P00779-CAL-SEC-3.4.2-001,ENT-LINE-ACL,APPROVED_REPORT_DRAWING_GOLDEN,,,reportSpecification,report_item,RPT-01291,,CONFIRMED,MAPPED,promotion APPROVED_REPORT_DRAWING_GOLDEN
G-RPT-1292,report,report.layout.CAL-P00780-CAL-SEC-3.4.2-001,ENT-LINE-ACL,APPROVED_REPORT_DRAWING_GOLDEN,,,reportSpecification,report_item,RPT-01292,,CONFIRMED,MAPPED,promotion APPROVED_REPORT_DRAWING_GOLDEN
G-RPT-1293,report,report.layout.CAL-P00781-CAL-SEC-3.4.2-001,ENT-LINE-ACL,APPROVED_REPORT_DRAWING_GOLDEN,,,reportSpecification,report_item,RPT-01293,,CONFIRMED,MAPPED,promotion APPROVED_REPORT_DRAWING_GOLDEN
G-RPT-1294,report,report.layout.CAL-P00782-CAL-SEC-3.4.2-001,ENT-LINE-ACL,APPROVED_REPORT_DRAWING_GOLDEN,,,reportSpecification,report_item,RPT-01294,,CONFIRMED,MAPPED,promotion APPROVED_REPORT_DRAWING_GOLDEN
G-RPT-1295,report,report.layout.CAL-P00788-CAL-SEC-3.5-001,ENT-LINE-ACL,APPROVED_REPORT_DRAWING_GOLDEN,,,reportSpecification,report_item,RPT-01295,,CONFIRMED,MAPPED,promotion APPROVED_REPORT_DRAWING_GOLDEN
G-RPT-1296,report,report.layout.CAL-P00789-CAL-SEC-3.5.1-001,ENT-LINE-ACL,APPROVED_REPORT_DRAWING_GOLDEN,,,reportSpecification,report_item,RPT-01296,,CONFIRMED,MAPPED,promotion APPROVED_REPORT_DRAWING_GOLDEN
G-RPT-1297,report,report.layout.CAL-P00789-CAL-SEC-3.5.1-002,ENT-LINE-ACL,APPROVED_REPORT_DRAWING_GOLDEN,,,reportSpecification,report_item,RPT-01297,,CONFIRMED,MAPPED,promotion APPROVED_REPORT_DRAWING_GOLDEN
G-RPT-1298,report,report.layout.CAL-P00789-CAL-SEC-3.5.1-003,ENT-LINE-ACL,APPROVED_REPORT_DRAWING_GOLDEN,,,reportSpecification,report_item,RPT-01298,,CONFIRMED,MAPPED,promotion APPROVED_REPORT_DRAWING_GOLDEN
G-RPT-1299,report,report.layout.CAL-P00790-CAL-SEC-3.5.1-001,ENT-LINE-ACL,APPROVED_REPORT_DRAWING_GOLDEN,,,reportSpecification,report_item,RPT-01299,,CONFIRMED,MAPPED,promotion APPROVED_REPORT_DRAWING_GOLDEN
G-RPT-1300,report,report.layout.CAL-P00790-CAL-SEC-3.5.1-002,ENT-LINE-ACL,APPROVED_REPORT_DRAWING_GOLDEN,,,reportSpecification,report_item,RPT-01300,,CONFIRMED,MAPPED,promotion APPROVED_REPORT_DRAWING_GOLDEN
G-RPT-1301,report,report.layout.CAL-P00791-CAL-SEC-3.5.2-001,ENT-LINE-ACL,APPROVED_REPORT_DRAWING_GOLDEN,,,reportSpecification,report_item,RPT-01301,,CONFIRMED,MAPPED,promotion APPROVED_REPORT_DRAWING_GOLDEN
G-RPT-1302,report,report.layout.CAL-P00791-CAL-SEC-3.5.2-002,ENT-LINE-ACL,APPROVED_REPORT_DRAWING_GOLDEN,,,reportSpecification,report_item,RPT-01302,,CONFIRMED,MAPPED,promotion APPROVED_REPORT_DRAWING_GOLDEN
G-RPT-1303,report,report.layout.CAL-P00791-CAL-SEC-3.5.2-003,ENT-LINE-ACL,APPROVED_REPORT_DRAWING_GOLDEN,,,reportSpecification,report_item,RPT-01303,,CONFIRMED,MAPPED,promotion APPROVED_REPORT_DRAWING_GOLDEN
G-RPT-1304,report,report.layout.CAL-P00792-CAL-SEC-3.5.3-001,ENT-LINE-ACL,APPROVED_REPORT_DRAWING_GOLDEN,,,reportSpecification,report_item,RPT-01304,,CONFIRMED,MAPPED,promotion APPROVED_REPORT_DRAWING_GOLDEN
G-RPT-1305,report,report.layout.CAL-P00792-CAL-SEC-3.5.3-002,ENT-LINE-ACL,APPROVED_REPORT_DRAWING_GOLDEN,,,reportSpecification,report_item,RPT-01305,,CONFIRMED,MAPPED,promotion APPROVED_REPORT_DRAWING_GOLDEN
G-RPT-1306,report,report.layout.CAL-P00793-CAL-SEC-3.5.4-001,ENT-LINE-ACL,APPROVED_REPORT_DRAWING_GOLDEN,,,reportSpecification,report_item,RPT-01306,,CONFIRMED,MAPPED,promotion APPROVED_REPORT_DRAWING_GOLDEN
G-RPT-1307,report,report.layout.CAL-P00793-CAL-SEC-3.5.4-002,ENT-LINE-ACL,APPROVED_REPORT_DRAWING_GOLDEN,,,reportSpecification,report_item,RPT-01307,,CONFIRMED,MAPPED,promotion APPROVED_REPORT_DRAWING_GOLDEN
G-RPT-1308,report,report.layout.CAL-P00797-CAL-SEC-3.5.5-001,ENT-LINE-ACL,APPROVED_REPORT_DRAWING_GOLDEN,,,reportSpecification,report_item,RPT-01308,,CONFIRMED,MAPPED,promotion APPROVED_REPORT_DRAWING_GOLDEN
G-RPT-1309,report,report.layout.CAL-P00797-CAL-SEC-3.5.5-002,ENT-LINE-ACL,APPROVED_REPORT_DRAWING_GOLDEN,,,reportSpecification,report_item,RPT-01309,,CONFIRMED,MAPPED,promotion APPROVED_REPORT_DRAWING_GOLDEN
G-RPT-1310,report,report.layout.CAL-P00800-CAL-SEC-3.5.6-001,ENT-LINE-ACL,APPROVED_REPORT_DRAWING_GOLDEN,,,reportSpecification,report_item,RPT-01310,,CONFIRMED,MAPPED,promotion APPROVED_REPORT_DRAWING_GOLDEN
G-RPT-1311,report,report.layout.CAL-P00800-CAL-SEC-3.5.6-002,ENT-LINE-ACL,APPROVED_REPORT_DRAWING_GOLDEN,,,reportSpecification,report_item,RPT-01311,,CONFIRMED,MAPPED,promotion APPROVED_REPORT_DRAWING_GOLDEN
G-RPT-1312,report,report.layout.CAL-P00816-CAL-SEC-3.5.6-001,ENT-LINE-ACL,APPROVED_REPORT_DRAWING_GOLDEN,,,reportSpecification,report_item,RPT-01312,,CONFIRMED,MAPPED,promotion APPROVED_REPORT_DRAWING_GOLDEN
G-RPT-1313,report,report.layout.CAL-P00817-CAL-SEC-3.6-001,ENT-LINE-ACL,APPROVED_REPORT_DRAWING_GOLDEN,,,reportSpecification,report_item,RPT-01313,,CONFIRMED,MAPPED,promotion APPROVED_REPORT_DRAWING_GOLDEN
G-RPT-1314,report,report.layout.CAL-P00818-CAL-SEC-3.6.1-001,ENT-LINE-ACL,APPROVED_REPORT_DRAWING_GOLDEN,,,reportSpecification,report_item,RPT-01314,,CONFIRMED,MAPPED,promotion APPROVED_REPORT_DRAWING_GOLDEN
G-RPT-1315,report,report.layout.CAL-P00818-CAL-SEC-3.6.1-002,ENT-LINE-ACL,APPROVED_REPORT_DRAWING_GOLDEN,,,reportSpecification,report_item,RPT-01315,,CONFIRMED,MAPPED,promotion APPROVED_REPORT_DRAWING_GOLDEN
G-RPT-1316,report,report.layout.CAL-P00818-CAL-SEC-3.6.1-003,ENT-LINE-ACL,APPROVED_REPORT_DRAWING_GOLDEN,,,reportSpecification,report_item,RPT-01316,,CONFIRMED,MAPPED,promotion APPROVED_REPORT_DRAWING_GOLDEN
G-RPT-1317,report,report.layout.CAL-P00818-CAL-SEC-3.6.1-004,ENT-LINE-ACL,APPROVED_REPORT_DRAWING_GOLDEN,,,reportSpecification,report_item,RPT-01317,,CONFIRMED,MAPPED,promotion APPROVED_REPORT_DRAWING_GOLDEN
G-RPT-1318,report,report.layout.CAL-P00819-CAL-SEC-3.6.2-001,ENT-LINE-ACL,APPROVED_REPORT_DRAWING_GOLDEN,,,reportSpecification,report_item,RPT-01318,,CONFIRMED,MAPPED,promotion APPROVED_REPORT_DRAWING_GOLDEN
G-RPT-1319,report,report.layout.CAL-P00819-CAL-SEC-3.6.2-002,ENT-LINE-ACL,APPROVED_REPORT_DRAWING_GOLDEN,,,reportSpecification,report_item,RPT-01319,,CONFIRMED,MAPPED,promotion APPROVED_REPORT_DRAWING_GOLDEN
G-RPT-1320,report,report.layout.CAL-P00819-CAL-SEC-3.6.2-003,ENT-LINE-ACL,APPROVED_REPORT_DRAWING_GOLDEN,,,reportSpecification,report_item,RPT-01320,,CONFIRMED,MAPPED,promotion APPROVED_REPORT_DRAWING_GOLDEN
G-RPT-1321,report,report.layout.CAL-P00820-CAL-SEC-3.6.2-001,ENT-LINE-ACL,APPROVED_REPORT_DRAWING_GOLDEN,,,reportSpecification,report_item,RPT-01321,,CONFIRMED,MAPPED,promotion APPROVED_REPORT_DRAWING_GOLDEN
G-RPT-1322,report,report.layout.CAL-P00820-CAL-SEC-3.6.2-002,ENT-LINE-ACL,APPROVED_REPORT_DRAWING_GOLDEN,,,reportSpecification,report_item,RPT-01322,,CONFIRMED,MAPPED,promotion APPROVED_REPORT_DRAWING_GOLDEN
G-RPT-1323,report,report.layout.CAL-P00820-CAL-SEC-3.6.2-003,ENT-LINE-ACL,APPROVED_REPORT_DRAWING_GOLDEN,,,reportSpecification,report_item,RPT-01323,,CONFIRMED,MAPPED,promotion APPROVED_REPORT_DRAWING_GOLDEN
G-RPT-1324,report,report.layout.CAL-P00821-CAL-SEC-3.6.2-001,ENT-LINE-ACL,APPROVED_REPORT_DRAWING_GOLDEN,,,reportSpecification,report_item,RPT-01324,,CONFIRMED,MAPPED,promotion APPROVED_REPORT_DRAWING_GOLDEN
G-RPT-1325,report,report.layout.CAL-P00821-CAL-SEC-3.6.2-002,ENT-LINE-ACL,APPROVED_REPORT_DRAWING_GOLDEN,,,reportSpecification,report_item,RPT-01325,,CONFIRMED,MAPPED,promotion APPROVED_REPORT_DRAWING_GOLDEN
G-RPT-1326,report,report.layout.CAL-P00821-CAL-SEC-3.6.2-003,ENT-LINE-ACL,APPROVED_REPORT_DRAWING_GOLDEN,,,reportSpecification,report_item,RPT-01326,,CONFIRMED,MAPPED,promotion APPROVED_REPORT_DRAWING_GOLDEN
G-RPT-1327,report,report.layout.CAL-P00822-CAL-SEC-3.6.3-001,ENT-LINE-ACL,APPROVED_REPORT_DRAWING_GOLDEN,,,reportSpecification,report_item,RPT-01327,,CONFIRMED,MAPPED,promotion APPROVED_REPORT_DRAWING_GOLDEN
G-RPT-1328,report,report.layout.CAL-P00822-CAL-SEC-3.6.3-002,ENT-LINE-ACL,APPROVED_REPORT_DRAWING_GOLDEN,,,reportSpecification,report_item,RPT-01328,,CONFIRMED,MAPPED,promotion APPROVED_REPORT_DRAWING_GOLDEN
G-RPT-1329,report,report.layout.CAL-P00823-CAL-SEC-3.6.3-001,ENT-LINE-ACL,APPROVED_REPORT_DRAWING_GOLDEN,,,reportSpecification,report_item,RPT-01329,,CONFIRMED,MAPPED,promotion APPROVED_REPORT_DRAWING_GOLDEN
G-RPT-1330,report,report.layout.CAL-P00824-CAL-SEC-3.6.3-001,ENT-LINE-ACL,APPROVED_REPORT_DRAWING_GOLDEN,,,reportSpecification,report_item,RPT-01330,,CONFIRMED,MAPPED,promotion APPROVED_REPORT_DRAWING_GOLDEN
G-RPT-1331,report,report.layout.CAL-P00832-CAL-SEC-3.6.3-001,ENT-LINE-ACL,APPROVED_REPORT_DRAWING_GOLDEN,,,reportSpecification,report_item,RPT-01331,,CONFIRMED,MAPPED,promotion APPROVED_REPORT_DRAWING_GOLDEN
G-RPT-1332,report,report.layout.CAL-P00833-CAL-SEC-3.6.3-001,ENT-LINE-ACL,APPROVED_REPORT_DRAWING_GOLDEN,,,reportSpecification,report_item,RPT-01332,,CONFIRMED,MAPPED,promotion APPROVED_REPORT_DRAWING_GOLDEN
G-RPT-1333,report,report.layout.CAL-P00839-CAL-SEC-3.6.3-001,ENT-LINE-ACL,APPROVED_REPORT_DRAWING_GOLDEN,,,reportSpecification,report_item,RPT-01333,,CONFIRMED,MAPPED,promotion APPROVED_REPORT_DRAWING_GOLDEN
G-RPT-1334,report,report.layout.CAL-P00840-CAL-SEC-3.6.4-001,ENT-LINE-ACL,APPROVED_REPORT_DRAWING_GOLDEN,,,reportSpecification,report_item,RPT-01334,,CONFIRMED,MAPPED,promotion APPROVED_REPORT_DRAWING_GOLDEN
G-RPT-1335,report,report.layout.CAL-P00840-CAL-SEC-3.6.4-002,ENT-LINE-ACL,APPROVED_REPORT_DRAWING_GOLDEN,,,reportSpecification,report_item,RPT-01335,,CONFIRMED,MAPPED,promotion APPROVED_REPORT_DRAWING_GOLDEN
G-RPT-1336,report,report.layout.CAL-P00842-CAL-SEC-3.7-001,ENT-LINE-ACL,APPROVED_REPORT_DRAWING_GOLDEN,,,reportSpecification,report_item,RPT-01336,,CONFIRMED,MAPPED,promotion APPROVED_REPORT_DRAWING_GOLDEN
G-RPT-1337,report,report.layout.CAL-P00843-CAL-SEC-3.7.1-001,ENT-LINE-ACL,APPROVED_REPORT_DRAWING_GOLDEN,,,reportSpecification,report_item,RPT-01337,,CONFIRMED,MAPPED,promotion APPROVED_REPORT_DRAWING_GOLDEN
G-RPT-1338,report,report.layout.CAL-P00843-CAL-SEC-3.7.1-002,ENT-LINE-ACL,APPROVED_REPORT_DRAWING_GOLDEN,,,reportSpecification,report_item,RPT-01338,,CONFIRMED,MAPPED,promotion APPROVED_REPORT_DRAWING_GOLDEN
G-RPT-1339,report,report.layout.CAL-P00844-CAL-SEC-3.7.1-001,ENT-LINE-ACL,APPROVED_REPORT_DRAWING_GOLDEN,,,reportSpecification,report_item,RPT-01339,,CONFIRMED,MAPPED,promotion APPROVED_REPORT_DRAWING_GOLDEN
G-RPT-1340,report,report.layout.CAL-P00845-CAL-SEC-3.7.1-001,ENT-LINE-ACL,APPROVED_REPORT_DRAWING_GOLDEN,,,reportSpecification,report_item,RPT-01340,,CONFIRMED,MAPPED,promotion APPROVED_REPORT_DRAWING_GOLDEN
G-RPT-1341,report,report.layout.CAL-P00845-CAL-SEC-3.7.1-002,ENT-LINE-ACL,APPROVED_REPORT_DRAWING_GOLDEN,,,reportSpecification,report_item,RPT-01341,,CONFIRMED,MAPPED,promotion APPROVED_REPORT_DRAWING_GOLDEN
G-RPT-1342,report,report.layout.CAL-P00845-CAL-SEC-3.7.1-003,ENT-LINE-ACL,APPROVED_REPORT_DRAWING_GOLDEN,,,reportSpecification,report_item,RPT-01342,,CONFIRMED,MAPPED,promotion APPROVED_REPORT_DRAWING_GOLDEN
G-RPT-1343,report,report.layout.CAL-P00846-CAL-SEC-3.7.1-001,ENT-LINE-ACL,APPROVED_REPORT_DRAWING_GOLDEN,,,reportSpecification,report_item,RPT-01343,,CONFIRMED,MAPPED,promotion APPROVED_REPORT_DRAWING_GOLDEN
G-RPT-1344,report,report.layout.CAL-P00847-CAL-SEC-3.7.1-001,ENT-LINE-ACL,APPROVED_REPORT_DRAWING_GOLDEN,,,reportSpecification,report_item,RPT-01344,,CONFIRMED,MAPPED,promotion APPROVED_REPORT_DRAWING_GOLDEN
G-RPT-1345,report,report.layout.CAL-P00848-CAL-SEC-3.7.1-001,ENT-LINE-ACL,APPROVED_REPORT_DRAWING_GOLDEN,,,reportSpecification,report_item,RPT-01345,,CONFIRMED,MAPPED,promotion APPROVED_REPORT_DRAWING_GOLDEN
G-RPT-1346,report,report.layout.CAL-P00849-CAL-SEC-3.7.1-001,ENT-LINE-ACL,APPROVED_REPORT_DRAWING_GOLDEN,,,reportSpecification,report_item,RPT-01346,,CONFIRMED,MAPPED,promotion APPROVED_REPORT_DRAWING_GOLDEN
G-RPT-1347,report,report.layout.CAL-P00850-CAL-SEC-3.7.1-001,ENT-LINE-ACL,APPROVED_REPORT_DRAWING_GOLDEN,,,reportSpecification,report_item,RPT-01347,,CONFIRMED,MAPPED,promotion APPROVED_REPORT_DRAWING_GOLDEN
G-RPT-1348,report,report.layout.CAL-P00851-CAL-SEC-3.7.1-001,ENT-LINE-ACL,APPROVED_REPORT_DRAWING_GOLDEN,,,reportSpecification,report_item,RPT-01348,,CONFIRMED,MAPPED,promotion APPROVED_REPORT_DRAWING_GOLDEN
G-RPT-1349,report,report.layout.CAL-P00852-CAL-SEC-3.7.1-001,ENT-LINE-ACL,APPROVED_REPORT_DRAWING_GOLDEN,,,reportSpecification,report_item,RPT-01349,,CONFIRMED,MAPPED,promotion APPROVED_REPORT_DRAWING_GOLDEN
G-RPT-1350,report,report.layout.CAL-P00853-CAL-SEC-3.7.1-001,ENT-LINE-ACL,APPROVED_REPORT_DRAWING_GOLDEN,,,reportSpecification,report_item,RPT-01350,,CONFIRMED,MAPPED,promotion APPROVED_REPORT_DRAWING_GOLDEN
G-RPT-1351,report,report.layout.CAL-P00854-CAL-SEC-3.7.1-001,ENT-LINE-ACL,APPROVED_REPORT_DRAWING_GOLDEN,,,reportSpecification,report_item,RPT-01351,,CONFIRMED,MAPPED,promotion APPROVED_REPORT_DRAWING_GOLDEN
G-RPT-1352,report,report.layout.CAL-P00855-CAL-SEC-3.7.1-001,ENT-LINE-ACL,APPROVED_REPORT_DRAWING_GOLDEN,,,reportSpecification,report_item,RPT-01352,,CONFIRMED,MAPPED,promotion APPROVED_REPORT_DRAWING_GOLDEN
G-RPT-1353,report,report.layout.CAL-P00856-CAL-SEC-3.7.1-001,ENT-LINE-ACL,APPROVED_REPORT_DRAWING_GOLDEN,,,reportSpecification,report_item,RPT-01353,,CONFIRMED,MAPPED,promotion APPROVED_REPORT_DRAWING_GOLDEN
G-RPT-1354,report,report.layout.CAL-P00859-CAL-SEC-3.7.1-001,ENT-LINE-ACL,APPROVED_REPORT_DRAWING_GOLDEN,,,reportSpecification,report_item,RPT-01354,,CONFIRMED,MAPPED,promotion APPROVED_REPORT_DRAWING_GOLDEN
G-RPT-1355,report,report.layout.CAL-P00860-CAL-SEC-3.7.2-001,ENT-LINE-ACL,APPROVED_REPORT_DRAWING_GOLDEN,,,reportSpecification,report_item,RPT-01355,,CONFIRMED,MAPPED,promotion APPROVED_REPORT_DRAWING_GOLDEN
G-RPT-1356,report,report.layout.CAL-P00860-CAL-SEC-3.7.2-002,ENT-LINE-ACL,APPROVED_REPORT_DRAWING_GOLDEN,,,reportSpecification,report_item,RPT-01356,,CONFIRMED,MAPPED,promotion APPROVED_REPORT_DRAWING_GOLDEN
G-RPT-1357,report,report.layout.CAL-P00870-CAL-SEC-3.7.2-001,ENT-LINE-ACL,APPROVED_REPORT_DRAWING_GOLDEN,,,reportSpecification,report_item,RPT-01357,,CONFIRMED,MAPPED,promotion APPROVED_REPORT_DRAWING_GOLDEN
G-RPT-1358,report,report.layout.CAL-P00871-CAL-SEC-ch4-001,ENT-LINE-ACL,APPROVED_REPORT_DRAWING_GOLDEN,,,reportSpecification,report_item,RPT-01358,,CONFIRMED,MAPPED,promotion APPROVED_REPORT_DRAWING_GOLDEN
G-RPT-1359,report,report.layout.CAL-P00872-CAL-SEC-4.1-001,ENT-LINE-ACL,APPROVED_REPORT_DRAWING_GOLDEN,,,reportSpecification,report_item,RPT-01359,,CONFIRMED,MAPPED,promotion APPROVED_REPORT_DRAWING_GOLDEN
G-RPT-1360,report,report.layout.CAL-P00873-CAL-SEC-4.1.1-001,ENT-LINE-ACL,APPROVED_REPORT_DRAWING_GOLDEN,,,reportSpecification,report_item,RPT-01360,,CONFIRMED,MAPPED,promotion APPROVED_REPORT_DRAWING_GOLDEN
G-RPT-1361,report,report.layout.CAL-P00873-CAL-SEC-4.1.1-002,ENT-LINE-ACL,APPROVED_REPORT_DRAWING_GOLDEN,,,reportSpecification,report_item,RPT-01361,,CONFIRMED,MAPPED,promotion APPROVED_REPORT_DRAWING_GOLDEN
G-RPT-1362,report,report.layout.CAL-P00873-CAL-SEC-4.1.1-003,ENT-LINE-ACL,APPROVED_REPORT_DRAWING_GOLDEN,,,reportSpecification,report_item,RPT-01362,,CONFIRMED,MAPPED,promotion APPROVED_REPORT_DRAWING_GOLDEN
G-RPT-1363,report,report.layout.CAL-P00873-CAL-SEC-4.1.1-004,ENT-LINE-ACL,APPROVED_REPORT_DRAWING_GOLDEN,,,reportSpecification,report_item,RPT-01363,,CONFIRMED,MAPPED,promotion APPROVED_REPORT_DRAWING_GOLDEN
G-RPT-1364,report,report.layout.CAL-P00873-CAL-SEC-4.1.1-005,ENT-LINE-ACL,APPROVED_REPORT_DRAWING_GOLDEN,,,reportSpecification,report_item,RPT-01364,,CONFIRMED,MAPPED,promotion APPROVED_REPORT_DRAWING_GOLDEN
G-RPT-1365,report,report.layout.CAL-P00873-CAL-SEC-4.1.1-006,ENT-LINE-ACL,APPROVED_REPORT_DRAWING_GOLDEN,,,reportSpecification,report_item,RPT-01365,,CONFIRMED,MAPPED,promotion APPROVED_REPORT_DRAWING_GOLDEN
G-RPT-1366,report,report.layout.CAL-P00873-CAL-SEC-4.1.1-007,ENT-LINE-ACL,APPROVED_REPORT_DRAWING_GOLDEN,,,reportSpecification,report_item,RPT-01366,,CONFIRMED,MAPPED,promotion APPROVED_REPORT_DRAWING_GOLDEN
G-RPT-1367,report,report.layout.CAL-P00874-CAL-SEC-4.1.2-001,ENT-LINE-ACL,APPROVED_REPORT_DRAWING_GOLDEN,,,reportSpecification,report_item,RPT-01367,,CONFIRMED,MAPPED,promotion APPROVED_REPORT_DRAWING_GOLDEN
G-RPT-1368,report,report.layout.CAL-P00874-CAL-SEC-4.1.2-002,ENT-LINE-ACL,APPROVED_REPORT_DRAWING_GOLDEN,,,reportSpecification,report_item,RPT-01368,,CONFIRMED,MAPPED,promotion APPROVED_REPORT_DRAWING_GOLDEN
G-RPT-1369,report,report.layout.CAL-P00874-CAL-SEC-4.1.2-003,ENT-LINE-ACL,APPROVED_REPORT_DRAWING_GOLDEN,,,reportSpecification,report_item,RPT-01369,,CONFIRMED,MAPPED,promotion APPROVED_REPORT_DRAWING_GOLDEN
G-RPT-1370,report,report.layout.CAL-P00876-CAL-SEC-4.1.2-001,ENT-LINE-ACL,APPROVED_REPORT_DRAWING_GOLDEN,,,reportSpecification,report_item,RPT-01370,,CONFIRMED,MAPPED,promotion APPROVED_REPORT_DRAWING_GOLDEN
G-RPT-1371,report,report.layout.CAL-P00876-CAL-SEC-4.1.2-002,ENT-LINE-ACL,APPROVED_REPORT_DRAWING_GOLDEN,,,reportSpecification,report_item,RPT-01371,,CONFIRMED,MAPPED,promotion APPROVED_REPORT_DRAWING_GOLDEN
G-RPT-1372,report,report.layout.CAL-P00881-CAL-SEC-4.1.2-001,ENT-LINE-ACL,APPROVED_REPORT_DRAWING_GOLDEN,,,reportSpecification,report_item,RPT-01372,,CONFIRMED,MAPPED,promotion APPROVED_REPORT_DRAWING_GOLDEN
G-RPT-1373,report,report.layout.CAL-P00882-CAL-SEC-4.1.2-001,ENT-LINE-ACL,APPROVED_REPORT_DRAWING_GOLDEN,,,reportSpecification,report_item,RPT-01373,,CONFIRMED,MAPPED,promotion APPROVED_REPORT_DRAWING_GOLDEN
G-RPT-1374,report,report.layout.CAL-P00893-CAL-SEC-4.1.2-001,ENT-LINE-ACL,APPROVED_REPORT_DRAWING_GOLDEN,,,reportSpecification,report_item,RPT-01374,,CONFIRMED,MAPPED,promotion APPROVED_REPORT_DRAWING_GOLDEN
G-RPT-1375,report,report.layout.CAL-P00893-CAL-SEC-4.1.2-002,ENT-LINE-ACL,APPROVED_REPORT_DRAWING_GOLDEN,,,reportSpecification,report_item,RPT-01375,,CONFIRMED,MAPPED,promotion APPROVED_REPORT_DRAWING_GOLDEN
G-RPT-1376,report,report.layout.CAL-P00893-CAL-SEC-4.1.2-003,ENT-LINE-ACL,APPROVED_REPORT_DRAWING_GOLDEN,,,reportSpecification,report_item,RPT-01376,,CONFIRMED,MAPPED,promotion APPROVED_REPORT_DRAWING_GOLDEN
G-RPT-1377,report,report.layout.CAL-P00893-CAL-SEC-4.1.2-004,ENT-LINE-ACL,APPROVED_REPORT_DRAWING_GOLDEN,,,reportSpecification,report_item,RPT-01377,,CONFIRMED,MAPPED,promotion APPROVED_REPORT_DRAWING_GOLDEN
G-RPT-1378,report,report.layout.CAL-P00894-CAL-SEC-4.1.2-001,ENT-LINE-ACL,APPROVED_REPORT_DRAWING_GOLDEN,,,reportSpecification,report_item,RPT-01378,,CONFIRMED,MAPPED,promotion APPROVED_REPORT_DRAWING_GOLDEN
G-RPT-1379,report,report.layout.CAL-P00894-CAL-SEC-4.1.2-002,ENT-LINE-ACL,APPROVED_REPORT_DRAWING_GOLDEN,,,reportSpecification,report_item,RPT-01379,,CONFIRMED,MAPPED,promotion APPROVED_REPORT_DRAWING_GOLDEN
G-RPT-1380,report,report.layout.CAL-P00894-CAL-SEC-4.1.2-003,ENT-LINE-ACL,APPROVED_REPORT_DRAWING_GOLDEN,,,reportSpecification,report_item,RPT-01380,,CONFIRMED,MAPPED,promotion APPROVED_REPORT_DRAWING_GOLDEN
G-RPT-1381,report,report.layout.CAL-P00900-CAL-SEC-4.1.3-001,ENT-LINE-ACL,APPROVED_REPORT_DRAWING_GOLDEN,,,reportSpecification,report_item,RPT-01381,,CONFIRMED,MAPPED,promotion APPROVED_REPORT_DRAWING_GOLDEN
G-RPT-1382,report,report.layout.CAL-P00900-CAL-SEC-4.1.3-002,ENT-LINE-ACL,APPROVED_REPORT_DRAWING_GOLDEN,,,reportSpecification,report_item,RPT-01382,,CONFIRMED,MAPPED,promotion APPROVED_REPORT_DRAWING_GOLDEN
G-RPT-1383,report,report.layout.CAL-P00901-CAL-SEC-4.1.4-001,ENT-LINE-ACL,APPROVED_REPORT_DRAWING_GOLDEN,,,reportSpecification,report_item,RPT-01383,,CONFIRMED,MAPPED,promotion APPROVED_REPORT_DRAWING_GOLDEN
G-RPT-1384,report,report.layout.CAL-P00901-CAL-SEC-4.1.4-002,ENT-LINE-ACL,APPROVED_REPORT_DRAWING_GOLDEN,,,reportSpecification,report_item,RPT-01384,,CONFIRMED,MAPPED,promotion APPROVED_REPORT_DRAWING_GOLDEN
G-RPT-1385,report,report.layout.CAL-P00901-CAL-SEC-4.1.4-003,ENT-LINE-ACL,APPROVED_REPORT_DRAWING_GOLDEN,,,reportSpecification,report_item,RPT-01385,,CONFIRMED,MAPPED,promotion APPROVED_REPORT_DRAWING_GOLDEN
G-RPT-1386,report,report.layout.CAL-P00902-CAL-SEC-4.1.4-001,ENT-LINE-ACL,APPROVED_REPORT_DRAWING_GOLDEN,,,reportSpecification,report_item,RPT-01386,,CONFIRMED,MAPPED,promotion APPROVED_REPORT_DRAWING_GOLDEN
G-RPT-1387,report,report.layout.CAL-P00904-CAL-SEC-4.1.5-001,ENT-LINE-ACL,APPROVED_REPORT_DRAWING_GOLDEN,,,reportSpecification,report_item,RPT-01387,,CONFIRMED,MAPPED,promotion APPROVED_REPORT_DRAWING_GOLDEN
G-RPT-1388,report,report.layout.CAL-P00904-CAL-SEC-4.1.5-002,ENT-LINE-ACL,APPROVED_REPORT_DRAWING_GOLDEN,,,reportSpecification,report_item,RPT-01388,,CONFIRMED,MAPPED,promotion APPROVED_REPORT_DRAWING_GOLDEN
G-RPT-1389,report,report.layout.CAL-P00904-CAL-SEC-4.1.5-003,ENT-LINE-ACL,APPROVED_REPORT_DRAWING_GOLDEN,,,reportSpecification,report_item,RPT-01389,,CONFIRMED,MAPPED,promotion APPROVED_REPORT_DRAWING_GOLDEN
G-RPT-1390,report,report.layout.CAL-P01026-CAL-SEC-4.1.5-001,ENT-LINE-ACL,APPROVED_REPORT_DRAWING_GOLDEN,,,reportSpecification,report_item,RPT-01390,,CONFIRMED,MAPPED,promotion APPROVED_REPORT_DRAWING_GOLDEN
G-RPT-1391,report,report.layout.CAL-P01026-CAL-SEC-4.1.5-002,ENT-LINE-ACL,APPROVED_REPORT_DRAWING_GOLDEN,,,reportSpecification,report_item,RPT-01391,,CONFIRMED,MAPPED,promotion APPROVED_REPORT_DRAWING_GOLDEN
G-RPT-1392,report,report.layout.CAL-P01115-CAL-SEC-4.1.6-001,ENT-LINE-ACL,APPROVED_REPORT_DRAWING_GOLDEN,,,reportSpecification,report_item,RPT-01392,,CONFIRMED,MAPPED,promotion APPROVED_REPORT_DRAWING_GOLDEN
G-RPT-1393,report,report.layout.CAL-P01115-CAL-SEC-4.1.6-002,ENT-LINE-ACL,APPROVED_REPORT_DRAWING_GOLDEN,,,reportSpecification,report_item,RPT-01393,,CONFIRMED,MAPPED,promotion APPROVED_REPORT_DRAWING_GOLDEN
G-RPT-1394,report,report.layout.CAL-P01115-CAL-SEC-4.1.6-003,ENT-LINE-ACL,APPROVED_REPORT_DRAWING_GOLDEN,,,reportSpecification,report_item,RPT-01394,,CONFIRMED,MAPPED,promotion APPROVED_REPORT_DRAWING_GOLDEN
G-RPT-1395,report,report.layout.CAL-P01130-CAL-SEC-4.1.6-001,ENT-LINE-ACL,APPROVED_REPORT_DRAWING_GOLDEN,,,reportSpecification,report_item,RPT-01395,,CONFIRMED,MAPPED,promotion APPROVED_REPORT_DRAWING_GOLDEN
G-RPT-1396,report,report.layout.CAL-P01130-CAL-SEC-4.1.6-002,ENT-LINE-ACL,APPROVED_REPORT_DRAWING_GOLDEN,,,reportSpecification,report_item,RPT-01396,,CONFIRMED,MAPPED,promotion APPROVED_REPORT_DRAWING_GOLDEN
G-RPT-1397,report,report.layout.CAL-P01266-CAL-SEC-4.1.7-001,ENT-LINE-ACL,APPROVED_REPORT_DRAWING_GOLDEN,,,reportSpecification,report_item,RPT-01397,,CONFIRMED,MAPPED,promotion APPROVED_REPORT_DRAWING_GOLDEN
G-RPT-1398,report,report.layout.CAL-P01266-CAL-SEC-4.1.7-002,ENT-LINE-ACL,APPROVED_REPORT_DRAWING_GOLDEN,,,reportSpecification,report_item,RPT-01398,,CONFIRMED,MAPPED,promotion APPROVED_REPORT_DRAWING_GOLDEN
G-RPT-1399,report,report.layout.CAL-P01266-CAL-SEC-4.1.7-003,ENT-LINE-ACL,APPROVED_REPORT_DRAWING_GOLDEN,,,reportSpecification,report_item,RPT-01399,,CONFIRMED,MAPPED,promotion APPROVED_REPORT_DRAWING_GOLDEN
G-RPT-1400,report,report.layout.CAL-P01275-CAL-SEC-4.1.7-001,ENT-LINE-ACL,APPROVED_REPORT_DRAWING_GOLDEN,,,reportSpecification,report_item,RPT-01400,,CONFIRMED,MAPPED,promotion APPROVED_REPORT_DRAWING_GOLDEN
G-RPT-1401,report,report.layout.CAL-P01275-CAL-SEC-4.1.7-002,ENT-LINE-ACL,APPROVED_REPORT_DRAWING_GOLDEN,,,reportSpecification,report_item,RPT-01401,,CONFIRMED,MAPPED,promotion APPROVED_REPORT_DRAWING_GOLDEN
G-RPT-1402,report,report.layout.CAL-P01280-CAL-SEC-4.1.7-001,ENT-LINE-ACL,APPROVED_REPORT_DRAWING_GOLDEN,,,reportSpecification,report_item,RPT-01402,,CONFIRMED,MAPPED,promotion APPROVED_REPORT_DRAWING_GOLDEN
G-RPT-1403,report,report.layout.CAL-P01280-CAL-SEC-4.1.7-002,ENT-LINE-ACL,APPROVED_REPORT_DRAWING_GOLDEN,,,reportSpecification,report_item,RPT-01403,,CONFIRMED,MAPPED,promotion APPROVED_REPORT_DRAWING_GOLDEN
G-RPT-1404,report,report.layout.CAL-P01280-CAL-SEC-4.1.7-003,ENT-LINE-ACL,APPROVED_REPORT_DRAWING_GOLDEN,,,reportSpecification,report_item,RPT-01404,,CONFIRMED,MAPPED,promotion APPROVED_REPORT_DRAWING_GOLDEN
G-RPT-1405,report,report.layout.CAL-P01280-CAL-SEC-4.1.7-004,ENT-LINE-ACL,APPROVED_REPORT_DRAWING_GOLDEN,,,reportSpecification,report_item,RPT-01405,,CONFIRMED,MAPPED,promotion APPROVED_REPORT_DRAWING_GOLDEN
G-RPT-1406,report,report.layout.CAL-P01282-CAL-SEC-4.1.7-001,ENT-LINE-ACL,APPROVED_REPORT_DRAWING_GOLDEN,,,reportSpecification,report_item,RPT-01406,,CONFIRMED,MAPPED,promotion APPROVED_REPORT_DRAWING_GOLDEN
G-RPT-1407,report,report.layout.CAL-P01282-CAL-SEC-4.1.7-002,ENT-LINE-ACL,APPROVED_REPORT_DRAWING_GOLDEN,,,reportSpecification,report_item,RPT-01407,,CONFIRMED,MAPPED,promotion APPROVED_REPORT_DRAWING_GOLDEN
G-RPT-1408,report,report.layout.CAL-P01283-CAL-SEC-4.2-001,ENT-LINE-ACL,APPROVED_REPORT_DRAWING_GOLDEN,,,reportSpecification,report_item,RPT-01408,,CONFIRMED,MAPPED,promotion APPROVED_REPORT_DRAWING_GOLDEN
G-RPT-1409,report,report.layout.CAL-P01284-CAL-SEC-4.2.1-001,ENT-LINE-ACL,APPROVED_REPORT_DRAWING_GOLDEN,,,reportSpecification,report_item,RPT-01409,,CONFIRMED,MAPPED,promotion APPROVED_REPORT_DRAWING_GOLDEN
G-RPT-1410,report,report.layout.CAL-P01284-CAL-SEC-4.2.1-002,ENT-LINE-ACL,APPROVED_REPORT_DRAWING_GOLDEN,,,reportSpecification,report_item,RPT-01410,,CONFIRMED,MAPPED,promotion APPROVED_REPORT_DRAWING_GOLDEN
G-RPT-1411,report,report.layout.CAL-P01284-CAL-SEC-4.2.1-003,ENT-LINE-ACL,APPROVED_REPORT_DRAWING_GOLDEN,,,reportSpecification,report_item,RPT-01411,,CONFIRMED,MAPPED,promotion APPROVED_REPORT_DRAWING_GOLDEN
G-RPT-1412,report,report.layout.CAL-P01284-CAL-SEC-4.2.1-004,ENT-LINE-ACL,APPROVED_REPORT_DRAWING_GOLDEN,,,reportSpecification,report_item,RPT-01412,,CONFIRMED,MAPPED,promotion APPROVED_REPORT_DRAWING_GOLDEN
G-RPT-1413,report,report.layout.CAL-P01284-CAL-SEC-4.2.1-005,ENT-LINE-ACL,APPROVED_REPORT_DRAWING_GOLDEN,,,reportSpecification,report_item,RPT-01413,,CONFIRMED,MAPPED,promotion APPROVED_REPORT_DRAWING_GOLDEN
G-RPT-1414,report,report.layout.CAL-P01285-CAL-SEC-4.2.1-001,ENT-LINE-ACL,APPROVED_REPORT_DRAWING_GOLDEN,,,reportSpecification,report_item,RPT-01414,,CONFIRMED,MAPPED,promotion APPROVED_REPORT_DRAWING_GOLDEN
G-RPT-1415,report,report.layout.CAL-P01285-CAL-SEC-4.2.1-002,ENT-LINE-ACL,APPROVED_REPORT_DRAWING_GOLDEN,,,reportSpecification,report_item,RPT-01415,,CONFIRMED,MAPPED,promotion APPROVED_REPORT_DRAWING_GOLDEN
G-RPT-1416,report,report.layout.CAL-P01285-CAL-SEC-4.2.1-003,ENT-LINE-ACL,APPROVED_REPORT_DRAWING_GOLDEN,,,reportSpecification,report_item,RPT-01416,,CONFIRMED,MAPPED,promotion APPROVED_REPORT_DRAWING_GOLDEN
G-RPT-1417,report,report.layout.CAL-P01286-CAL-SEC-4.2.1-001,ENT-LINE-ACL,APPROVED_REPORT_DRAWING_GOLDEN,,,reportSpecification,report_item,RPT-01417,,CONFIRMED,MAPPED,promotion APPROVED_REPORT_DRAWING_GOLDEN
G-RPT-1418,report,report.layout.CAL-P01286-CAL-SEC-4.2.1-002,ENT-LINE-ACL,APPROVED_REPORT_DRAWING_GOLDEN,,,reportSpecification,report_item,RPT-01418,,CONFIRMED,MAPPED,promotion APPROVED_REPORT_DRAWING_GOLDEN
G-RPT-1419,report,report.layout.CAL-P01287-CAL-SEC-4.2.2-001,ENT-LINE-ACL,APPROVED_REPORT_DRAWING_GOLDEN,,,reportSpecification,report_item,RPT-01419,,CONFIRMED,MAPPED,promotion APPROVED_REPORT_DRAWING_GOLDEN
G-RPT-1420,report,report.layout.CAL-P01287-CAL-SEC-4.2.2-002,ENT-LINE-ACL,APPROVED_REPORT_DRAWING_GOLDEN,,,reportSpecification,report_item,RPT-01420,,CONFIRMED,MAPPED,promotion APPROVED_REPORT_DRAWING_GOLDEN
G-RPT-1421,report,report.layout.CAL-P01299-CAL-SEC-4.2.3-001,ENT-LINE-ACL,APPROVED_REPORT_DRAWING_GOLDEN,,,reportSpecification,report_item,RPT-01421,,CONFIRMED,MAPPED,promotion APPROVED_REPORT_DRAWING_GOLDEN
G-RPT-1422,report,report.layout.CAL-P01299-CAL-SEC-4.2.3-002,ENT-LINE-ACL,APPROVED_REPORT_DRAWING_GOLDEN,,,reportSpecification,report_item,RPT-01422,,CONFIRMED,MAPPED,promotion APPROVED_REPORT_DRAWING_GOLDEN
G-RPT-1423,report,report.layout.CAL-P01299-CAL-SEC-4.2.3-003,ENT-LINE-ACL,APPROVED_REPORT_DRAWING_GOLDEN,,,reportSpecification,report_item,RPT-01423,,CONFIRMED,MAPPED,promotion APPROVED_REPORT_DRAWING_GOLDEN
G-RPT-1424,report,report.layout.CAL-P01299-CAL-SEC-4.2.3-004,ENT-LINE-ACL,APPROVED_REPORT_DRAWING_GOLDEN,,,reportSpecification,report_item,RPT-01424,,CONFIRMED,MAPPED,promotion APPROVED_REPORT_DRAWING_GOLDEN
G-RPT-1425,report,report.layout.CAL-P01299-CAL-SEC-4.2.3-005,ENT-LINE-ACL,APPROVED_REPORT_DRAWING_GOLDEN,,,reportSpecification,report_item,RPT-01425,,CONFIRMED,MAPPED,promotion APPROVED_REPORT_DRAWING_GOLDEN
G-RPT-1426,report,report.layout.CAL-P01299-CAL-SEC-4.2.3-006,ENT-LINE-ACL,APPROVED_REPORT_DRAWING_GOLDEN,,,reportSpecification,report_item,RPT-01426,,CONFIRMED,MAPPED,promotion APPROVED_REPORT_DRAWING_GOLDEN
G-RPT-1427,report,report.layout.CAL-P01318-CAL-SEC-4.2.4-001,ENT-LINE-ACL,APPROVED_REPORT_DRAWING_GOLDEN,,,reportSpecification,report_item,RPT-01427,,CONFIRMED,MAPPED,promotion APPROVED_REPORT_DRAWING_GOLDEN
G-RPT-1428,report,report.layout.CAL-P01318-CAL-SEC-4.2.4-002,ENT-LINE-ACL,APPROVED_REPORT_DRAWING_GOLDEN,,,reportSpecification,report_item,RPT-01428,,CONFIRMED,MAPPED,promotion APPROVED_REPORT_DRAWING_GOLDEN
G-RPT-1429,report,report.layout.CAL-P01319-CAL-SEC-4.2.4-001,ENT-LINE-ACL,APPROVED_REPORT_DRAWING_GOLDEN,,,reportSpecification,report_item,RPT-01429,,CONFIRMED,MAPPED,promotion APPROVED_REPORT_DRAWING_GOLDEN
G-RPT-1430,report,report.layout.CAL-P01319-CAL-SEC-4.2.4-002,ENT-LINE-ACL,APPROVED_REPORT_DRAWING_GOLDEN,,,reportSpecification,report_item,RPT-01430,,CONFIRMED,MAPPED,promotion APPROVED_REPORT_DRAWING_GOLDEN
G-RPT-1431,report,report.layout.CAL-P01319-CAL-SEC-4.2.4-003,ENT-LINE-ACL,APPROVED_REPORT_DRAWING_GOLDEN,,,reportSpecification,report_item,RPT-01431,,CONFIRMED,MAPPED,promotion APPROVED_REPORT_DRAWING_GOLDEN
G-RPT-1432,report,report.layout.CAL-P01319-CAL-SEC-4.2.4-004,ENT-LINE-ACL,APPROVED_REPORT_DRAWING_GOLDEN,,,reportSpecification,report_item,RPT-01432,,CONFIRMED,MAPPED,promotion APPROVED_REPORT_DRAWING_GOLDEN
G-RPT-1433,report,report.layout.CAL-P01319-CAL-SEC-4.2.4-005,ENT-LINE-ACL,APPROVED_REPORT_DRAWING_GOLDEN,,,reportSpecification,report_item,RPT-01433,,CONFIRMED,MAPPED,promotion APPROVED_REPORT_DRAWING_GOLDEN
G-RPT-1434,report,report.layout.CAL-P01320-CAL-SEC-4.2.4-001,ENT-LINE-ACL,APPROVED_REPORT_DRAWING_GOLDEN,,,reportSpecification,report_item,RPT-01434,,CONFIRMED,MAPPED,promotion APPROVED_REPORT_DRAWING_GOLDEN
G-RPT-1435,report,report.layout.CAL-P01321-CAL-SEC-4.2.4-001,ENT-LINE-ACL,APPROVED_REPORT_DRAWING_GOLDEN,,,reportSpecification,report_item,RPT-01435,,CONFIRMED,MAPPED,promotion APPROVED_REPORT_DRAWING_GOLDEN
G-RPT-1436,report,report.layout.CAL-P01321-CAL-SEC-4.2.4-002,ENT-LINE-ACL,APPROVED_REPORT_DRAWING_GOLDEN,,,reportSpecification,report_item,RPT-01436,,CONFIRMED,MAPPED,promotion APPROVED_REPORT_DRAWING_GOLDEN
G-RPT-1437,report,report.layout.CAL-P01321-CAL-SEC-4.2.4-003,ENT-LINE-ACL,APPROVED_REPORT_DRAWING_GOLDEN,,,reportSpecification,report_item,RPT-01437,,CONFIRMED,MAPPED,promotion APPROVED_REPORT_DRAWING_GOLDEN
G-RPT-1438,report,report.layout.CAL-P01322-CAL-SEC-4.2.4-001,ENT-LINE-ACL,APPROVED_REPORT_DRAWING_GOLDEN,,,reportSpecification,report_item,RPT-01438,,CONFIRMED,MAPPED,promotion APPROVED_REPORT_DRAWING_GOLDEN
G-RPT-1439,report,report.layout.CAL-P01322-CAL-SEC-4.2.4-002,ENT-LINE-ACL,APPROVED_REPORT_DRAWING_GOLDEN,,,reportSpecification,report_item,RPT-01439,,CONFIRMED,MAPPED,promotion APPROVED_REPORT_DRAWING_GOLDEN
G-RPT-1440,report,report.layout.CAL-P01400-CAL-SEC-4.2.4-001,ENT-LINE-ACL,APPROVED_REPORT_DRAWING_GOLDEN,,,reportSpecification,report_item,RPT-01440,,CONFIRMED,MAPPED,promotion APPROVED_REPORT_DRAWING_GOLDEN
G-RPT-1441,report,report.layout.CAL-P01451-CAL-SEC-4.2.4-001,ENT-LINE-ACL,APPROVED_REPORT_DRAWING_GOLDEN,,,reportSpecification,report_item,RPT-01441,,CONFIRMED,MAPPED,promotion APPROVED_REPORT_DRAWING_GOLDEN
G-RPT-1442,report,report.layout.CAL-P01520-CAL-SEC-4.2.4-001,ENT-LINE-ACL,APPROVED_REPORT_DRAWING_GOLDEN,,,reportSpecification,report_item,RPT-01442,,CONFIRMED,MAPPED,promotion APPROVED_REPORT_DRAWING_GOLDEN
G-RPT-1443,report,report.layout.CAL-P01598-CAL-SEC-4.2.4-001,ENT-LINE-ACL,APPROVED_REPORT_DRAWING_GOLDEN,,,reportSpecification,report_item,RPT-01443,,CONFIRMED,MAPPED,promotion APPROVED_REPORT_DRAWING_GOLDEN
G-RPT-1444,report,report.layout.CAL-P01680-CAL-SEC-4.2.4-001,ENT-LINE-ACL,APPROVED_REPORT_DRAWING_GOLDEN,,,reportSpecification,report_item,RPT-01444,,CONFIRMED,MAPPED,promotion APPROVED_REPORT_DRAWING_GOLDEN
G-RPT-1445,report,report.layout.CAL-P01776-CAL-SEC-4.2.5-001,ENT-LINE-ACL,APPROVED_REPORT_DRAWING_GOLDEN,,,reportSpecification,report_item,RPT-01445,,CONFIRMED,MAPPED,promotion APPROVED_REPORT_DRAWING_GOLDEN
G-RPT-1446,report,report.layout.CAL-P01776-CAL-SEC-4.2.5-002,ENT-LINE-ACL,APPROVED_REPORT_DRAWING_GOLDEN,,,reportSpecification,report_item,RPT-01446,,CONFIRMED,MAPPED,promotion APPROVED_REPORT_DRAWING_GOLDEN
G-RPT-1447,report,report.layout.CAL-P01776-CAL-SEC-4.2.5-003,ENT-LINE-ACL,APPROVED_REPORT_DRAWING_GOLDEN,,,reportSpecification,report_item,RPT-01447,,CONFIRMED,MAPPED,promotion APPROVED_REPORT_DRAWING_GOLDEN
G-RPT-1448,report,report.layout.CAL-P01778-CAL-SEC-4.2.6-001,ENT-LINE-ACL,APPROVED_REPORT_DRAWING_GOLDEN,,,reportSpecification,report_item,RPT-01448,,CONFIRMED,MAPPED,promotion APPROVED_REPORT_DRAWING_GOLDEN
G-RPT-1449,report,report.layout.CAL-P01778-CAL-SEC-4.2.6-002,ENT-LINE-ACL,APPROVED_REPORT_DRAWING_GOLDEN,,,reportSpecification,report_item,RPT-01449,,CONFIRMED,MAPPED,promotion APPROVED_REPORT_DRAWING_GOLDEN
G-RPT-1450,report,report.layout.CAL-P01947-CAL-SEC-4.2.7-001,ENT-LINE-ACL,APPROVED_REPORT_DRAWING_GOLDEN,,,reportSpecification,report_item,RPT-01450,,CONFIRMED,MAPPED,promotion APPROVED_REPORT_DRAWING_GOLDEN
G-RPT-1451,report,report.layout.CAL-P01947-CAL-SEC-4.2.7-002,ENT-LINE-ACL,APPROVED_REPORT_DRAWING_GOLDEN,,,reportSpecification,report_item,RPT-01451,,CONFIRMED,MAPPED,promotion APPROVED_REPORT_DRAWING_GOLDEN
G-RPT-1452,report,report.layout.CAL-P01955-CAL-SEC-4.2.8-001,ENT-LINE-ACL,APPROVED_REPORT_DRAWING_GOLDEN,,,reportSpecification,report_item,RPT-01452,,CONFIRMED,MAPPED,promotion APPROVED_REPORT_DRAWING_GOLDEN
G-RPT-1453,report,report.layout.CAL-P01955-CAL-SEC-4.2.8-002,ENT-LINE-ACL,APPROVED_REPORT_DRAWING_GOLDEN,,,reportSpecification,report_item,RPT-01453,,CONFIRMED,MAPPED,promotion APPROVED_REPORT_DRAWING_GOLDEN
G-RPT-1454,report,report.layout.CAL-P01955-CAL-SEC-4.2.8-003,ENT-LINE-ACL,APPROVED_REPORT_DRAWING_GOLDEN,,,reportSpecification,report_item,RPT-01454,,CONFIRMED,MAPPED,promotion APPROVED_REPORT_DRAWING_GOLDEN
G-RPT-1455,report,report.layout.CAL-P01958-CAL-SEC-4.2.8-001,ENT-LINE-ACL,APPROVED_REPORT_DRAWING_GOLDEN,,,reportSpecification,report_item,RPT-01455,,CONFIRMED,MAPPED,promotion APPROVED_REPORT_DRAWING_GOLDEN
G-RPT-1456,report,report.layout.CAL-P02003-CAL-SEC-4.2.8-001,ENT-LINE-ACL,APPROVED_REPORT_DRAWING_GOLDEN,,,reportSpecification,report_item,RPT-01456,,CONFIRMED,MAPPED,promotion APPROVED_REPORT_DRAWING_GOLDEN
G-RPT-1457,report,report.layout.CAL-P02003-CAL-SEC-4.2.8-002,ENT-LINE-ACL,APPROVED_REPORT_DRAWING_GOLDEN,,,reportSpecification,report_item,RPT-01457,,CONFIRMED,MAPPED,promotion APPROVED_REPORT_DRAWING_GOLDEN
G-RPT-1458,report,report.layout.CAL-P02076-CAL-SEC-4.2.8-001,ENT-LINE-ACL,APPROVED_REPORT_DRAWING_GOLDEN,,,reportSpecification,report_item,RPT-01458,,CONFIRMED,MAPPED,promotion APPROVED_REPORT_DRAWING_GOLDEN
G-RPT-1459,report,report.layout.CAL-P02076-CAL-SEC-4.2.8-002,ENT-LINE-ACL,APPROVED_REPORT_DRAWING_GOLDEN,,,reportSpecification,report_item,RPT-01459,,CONFIRMED,MAPPED,promotion APPROVED_REPORT_DRAWING_GOLDEN
G-RPT-1460,report,report.layout.CAL-P02098-CAL-SEC-4.2.8-001,ENT-LINE-ACL,APPROVED_REPORT_DRAWING_GOLDEN,,,reportSpecification,report_item,RPT-01460,,CONFIRMED,MAPPED,promotion APPROVED_REPORT_DRAWING_GOLDEN
G-RPT-1461,report,report.layout.CAL-P02098-CAL-SEC-4.2.8-002,ENT-LINE-ACL,APPROVED_REPORT_DRAWING_GOLDEN,,,reportSpecification,report_item,RPT-01461,,CONFIRMED,MAPPED,promotion APPROVED_REPORT_DRAWING_GOLDEN
G-RPT-1462,report,report.layout.CAL-P02100-CAL-SEC-4.2.8-001,ENT-LINE-ACL,APPROVED_REPORT_DRAWING_GOLDEN,,,reportSpecification,report_item,RPT-01462,,CONFIRMED,MAPPED,promotion APPROVED_REPORT_DRAWING_GOLDEN
G-RPT-1463,report,report.layout.CAL-P02100-CAL-SEC-4.2.8-002,ENT-LINE-ACL,APPROVED_REPORT_DRAWING_GOLDEN,,,reportSpecification,report_item,RPT-01463,,CONFIRMED,MAPPED,promotion APPROVED_REPORT_DRAWING_GOLDEN
G-RPT-1464,report,report.layout.CAL-P02114-CAL-SEC-4.2.8-001,ENT-LINE-ACL,APPROVED_REPORT_DRAWING_GOLDEN,,,reportSpecification,report_item,RPT-01464,,CONFIRMED,MAPPED,promotion APPROVED_REPORT_DRAWING_GOLDEN
G-RPT-1465,report,report.layout.CAL-P02114-CAL-SEC-4.2.8-002,ENT-LINE-ACL,APPROVED_REPORT_DRAWING_GOLDEN,,,reportSpecification,report_item,RPT-01465,,CONFIRMED,MAPPED,promotion APPROVED_REPORT_DRAWING_GOLDEN
G-RPT-1466,report,report.layout.CAL-P02003-CAL-SEC-4.2.9-001,ENT-LINE-ACL,APPROVED_REPORT_DRAWING_GOLDEN,,,reportSpecification,report_item,RPT-01466,,CONFIRMED,MAPPED,promotion APPROVED_REPORT_DRAWING_GOLDEN
G-RPT-1467,report,report.layout.CAL-P02003-CAL-SEC-4.2.9-002,ENT-LINE-ACL,APPROVED_REPORT_DRAWING_GOLDEN,,,reportSpecification,report_item,RPT-01467,,CONFIRMED,MAPPED,promotion APPROVED_REPORT_DRAWING_GOLDEN
G-RPT-1468,report,report.layout.CAL-P02003-CAL-SEC-4.2.9-003,ENT-LINE-ACL,APPROVED_REPORT_DRAWING_GOLDEN,,,reportSpecification,report_item,RPT-01468,,CONFIRMED,MAPPED,promotion APPROVED_REPORT_DRAWING_GOLDEN
G-RPT-1469,report,report.layout.CAL-P02003-CAL-SEC-4.2.9-004,ENT-LINE-ACL,APPROVED_REPORT_DRAWING_GOLDEN,,,reportSpecification,report_item,RPT-01469,,CONFIRMED,MAPPED,promotion APPROVED_REPORT_DRAWING_GOLDEN
G-RPT-1470,report,report.layout.CAL-P02003-CAL-SEC-4.2.9-005,ENT-LINE-ACL,APPROVED_REPORT_DRAWING_GOLDEN,,,reportSpecification,report_item,RPT-01470,,CONFIRMED,MAPPED,promotion APPROVED_REPORT_DRAWING_GOLDEN
G-RPT-1471,report,report.layout.CAL-P02023-CAL-SEC-4.2.10-001,ENT-LINE-ACL,APPROVED_REPORT_DRAWING_GOLDEN,,,reportSpecification,report_item,RPT-01471,,CONFIRMED,MAPPED,promotion APPROVED_REPORT_DRAWING_GOLDEN
G-RPT-1472,report,report.layout.CAL-P02023-CAL-SEC-4.2.10-002,ENT-LINE-ACL,APPROVED_REPORT_DRAWING_GOLDEN,,,reportSpecification,report_item,RPT-01472,,CONFIRMED,MAPPED,promotion APPROVED_REPORT_DRAWING_GOLDEN
G-RPT-1473,report,report.layout.CH5-PE-001,ENT-LINE-ACL,APPROVED_REPORT_DRAWING_GOLDEN,,,reportSpecification,report_item,RPT-01473,,CONFIRMED,MAPPED,promotion APPROVED_REPORT_DRAWING_GOLDEN
G-RPT-1474,report,report.layout.CH5-PE-002,ENT-LINE-ACL,APPROVED_REPORT_DRAWING_GOLDEN,,,reportSpecification,report_item,RPT-01474,,CONFIRMED,MAPPED,promotion APPROVED_REPORT_DRAWING_GOLDEN
G-RPT-1475,report,report.layout.CH5-PE-003,ENT-LINE-ACL,APPROVED_REPORT_DRAWING_GOLDEN,,,reportSpecification,report_item,RPT-01475,,CONFIRMED,MAPPED,promotion APPROVED_REPORT_DRAWING_GOLDEN
G-RPT-1476,report,report.layout.CH5-PE-004,ENT-LINE-ACL,APPROVED_REPORT_DRAWING_GOLDEN,,,reportSpecification,report_item,RPT-01476,,CONFIRMED,MAPPED,promotion APPROVED_REPORT_DRAWING_GOLDEN
G-RPT-1477,report,report.layout.CH5-PE-005,ENT-LINE-ACL,APPROVED_REPORT_DRAWING_GOLDEN,,,reportSpecification,report_item,RPT-01477,,CONFIRMED,MAPPED,promotion APPROVED_REPORT_DRAWING_GOLDEN
G-RPT-1478,report,report.layout.CH5-PE-006,ENT-LINE-ACL,APPROVED_REPORT_DRAWING_GOLDEN,,,reportSpecification,report_item,RPT-01478,,CONFIRMED,MAPPED,promotion APPROVED_REPORT_DRAWING_GOLDEN
G-RPT-1479,report,report.layout.CH5-PE-007,ENT-LINE-ACL,APPROVED_REPORT_DRAWING_GOLDEN,,,reportSpecification,report_item,RPT-01479,,CONFIRMED,MAPPED,promotion APPROVED_REPORT_DRAWING_GOLDEN
G-RPT-1480,report,report.layout.CH5-PE-008,ENT-LINE-ACL,APPROVED_REPORT_DRAWING_GOLDEN,,,reportSpecification,report_item,RPT-01480,,CONFIRMED,MAPPED,promotion APPROVED_REPORT_DRAWING_GOLDEN
G-RPT-1481,report,report.layout.CH5-PE-009,ENT-LINE-ACL,APPROVED_REPORT_DRAWING_GOLDEN,,,reportSpecification,report_item,RPT-01481,,CONFIRMED,MAPPED,promotion APPROVED_REPORT_DRAWING_GOLDEN
G-RPT-1482,report,report.layout.CH5-PE-010,ENT-LINE-ACL,APPROVED_REPORT_DRAWING_GOLDEN,,,reportSpecification,report_item,RPT-01482,,CONFIRMED,MAPPED,promotion APPROVED_REPORT_DRAWING_GOLDEN
G-RPT-1483,report,report.layout.CH5-PE-011,ENT-LINE-ACL,APPROVED_REPORT_DRAWING_GOLDEN,,,reportSpecification,report_item,RPT-01483,,CONFIRMED,MAPPED,promotion APPROVED_REPORT_DRAWING_GOLDEN
G-RPT-1484,report,report.layout.CH5-PE-012,ENT-LINE-ACL,APPROVED_REPORT_DRAWING_GOLDEN,,,reportSpecification,report_item,RPT-01484,,CONFIRMED,MAPPED,promotion APPROVED_REPORT_DRAWING_GOLDEN
G-RPT-1485,report,report.layout.CH5-PE-013,ENT-LINE-ACL,APPROVED_REPORT_DRAWING_GOLDEN,,,reportSpecification,report_item,RPT-01485,,CONFIRMED,MAPPED,promotion APPROVED_REPORT_DRAWING_GOLDEN
G-RPT-1486,report,report.layout.CH5-PE-014,ENT-LINE-ACL,APPROVED_REPORT_DRAWING_GOLDEN,,,reportSpecification,report_item,RPT-01486,,CONFIRMED,MAPPED,promotion APPROVED_REPORT_DRAWING_GOLDEN
G-RPT-1487,report,report.layout.CH5-PE-015,ENT-LINE-ACL,APPROVED_REPORT_DRAWING_GOLDEN,,,reportSpecification,report_item,RPT-01487,,CONFIRMED,MAPPED,promotion APPROVED_REPORT_DRAWING_GOLDEN
G-RPT-1488,report,report.layout.CH5-PE-016,ENT-LINE-ACL,APPROVED_REPORT_DRAWING_GOLDEN,,,reportSpecification,report_item,RPT-01488,,CONFIRMED,MAPPED,promotion APPROVED_REPORT_DRAWING_GOLDEN
G-RPT-1489,report,report.layout.CH5-PE-017,ENT-LINE-ACL,APPROVED_REPORT_DRAWING_GOLDEN,,,reportSpecification,report_item,RPT-01489,,CONFIRMED,MAPPED,promotion APPROVED_REPORT_DRAWING_GOLDEN
G-RPT-1490,report,report.layout.CH5-PE-018,ENT-LINE-ACL,APPROVED_REPORT_DRAWING_GOLDEN,,,reportSpecification,report_item,RPT-01490,,CONFIRMED,MAPPED,promotion APPROVED_REPORT_DRAWING_GOLDEN
G-RPT-1491,report,report.layout.CH5-PE-019,ENT-LINE-ACL,APPROVED_REPORT_DRAWING_GOLDEN,,,reportSpecification,report_item,RPT-01491,,CONFIRMED,MAPPED,promotion APPROVED_REPORT_DRAWING_GOLDEN
G-RPT-1492,report,report.layout.CH5-PE-020,ENT-LINE-ACL,APPROVED_REPORT_DRAWING_GOLDEN,,,reportSpecification,report_item,RPT-01492,,CONFIRMED,MAPPED,promotion APPROVED_REPORT_DRAWING_GOLDEN
G-RPT-1493,report,report.layout.CH5-PE-021,ENT-LINE-ACL,APPROVED_REPORT_DRAWING_GOLDEN,,,reportSpecification,report_item,RPT-01493,,CONFIRMED,MAPPED,promotion APPROVED_REPORT_DRAWING_GOLDEN
G-RPT-1494,report,report.layout.CH5-PE-022,ENT-LINE-ACL,APPROVED_REPORT_DRAWING_GOLDEN,,,reportSpecification,report_item,RPT-01494,,CONFIRMED,MAPPED,promotion APPROVED_REPORT_DRAWING_GOLDEN
G-RPT-1495,report,report.layout.CH5-PE-023,ENT-LINE-ACL,APPROVED_REPORT_DRAWING_GOLDEN,,,reportSpecification,report_item,RPT-01495,,CONFIRMED,MAPPED,promotion APPROVED_REPORT_DRAWING_GOLDEN
G-RPT-1496,report,report.layout.CH5-PE-024,ENT-LINE-ACL,APPROVED_REPORT_DRAWING_GOLDEN,,,reportSpecification,report_item,RPT-01496,,CONFIRMED,MAPPED,promotion APPROVED_REPORT_DRAWING_GOLDEN
G-RPT-1497,report,report.layout.CH5-PE-025,ENT-LINE-ACL,APPROVED_REPORT_DRAWING_GOLDEN,,,reportSpecification,report_item,RPT-01497,,CONFIRMED,MAPPED,promotion APPROVED_REPORT_DRAWING_GOLDEN
G-RPT-1498,report,report.layout.CH5-PE-026,ENT-LINE-ACL,APPROVED_REPORT_DRAWING_GOLDEN,,,reportSpecification,report_item,RPT-01498,,CONFIRMED,MAPPED,promotion APPROVED_REPORT_DRAWING_GOLDEN
G-RPT-1499,report,report.layout.CH5-PE-027,ENT-LINE-ACL,APPROVED_REPORT_DRAWING_GOLDEN,,,reportSpecification,report_item,RPT-01499,,CONFIRMED,MAPPED,promotion APPROVED_REPORT_DRAWING_GOLDEN
G-RPT-1500,report,report.layout.CH5-PE-028,ENT-LINE-ACL,APPROVED_REPORT_DRAWING_GOLDEN,,,reportSpecification,report_item,RPT-01500,,CONFIRMED,MAPPED,promotion APPROVED_REPORT_DRAWING_GOLDEN
G-RPT-1501,report,report.layout.CH5-PE-029,ENT-LINE-ACL,APPROVED_REPORT_DRAWING_GOLDEN,,,reportSpecification,report_item,RPT-01501,,CONFIRMED,MAPPED,promotion APPROVED_REPORT_DRAWING_GOLDEN
G-RPT-1502,report,report.layout.CH5-PE-030,ENT-LINE-ACL,APPROVED_REPORT_DRAWING_GOLDEN,,,reportSpecification,report_item,RPT-01502,,CONFIRMED,MAPPED,promotion APPROVED_REPORT_DRAWING_GOLDEN
G-RPT-1503,report,report.layout.CH5-PE-031,ENT-LINE-ACL,APPROVED_REPORT_DRAWING_GOLDEN,,,reportSpecification,report_item,RPT-01503,,CONFIRMED,MAPPED,promotion APPROVED_REPORT_DRAWING_GOLDEN
G-RPT-1504,report,report.layout.CH5-PE-032,ENT-LINE-ACL,APPROVED_REPORT_DRAWING_GOLDEN,,,reportSpecification,report_item,RPT-01504,,CONFIRMED,MAPPED,promotion APPROVED_REPORT_DRAWING_GOLDEN
G-RPT-1505,report,report.layout.CH5-PE-033,ENT-LINE-ACL,APPROVED_REPORT_DRAWING_GOLDEN,,,reportSpecification,report_item,RPT-01505,,CONFIRMED,MAPPED,promotion APPROVED_REPORT_DRAWING_GOLDEN
G-RPT-1506,report,report.layout.CH5-PE-034,ENT-LINE-ACL,APPROVED_REPORT_DRAWING_GOLDEN,,,reportSpecification,report_item,RPT-01506,,CONFIRMED,MAPPED,promotion APPROVED_REPORT_DRAWING_GOLDEN
G-RPT-1507,report,report.layout.CH5-PE-035,ENT-LINE-ACL,APPROVED_REPORT_DRAWING_GOLDEN,,,reportSpecification,report_item,RPT-01507,,CONFIRMED,MAPPED,promotion APPROVED_REPORT_DRAWING_GOLDEN
G-RPT-1508,report,report.layout.CH5-PE-036,ENT-LINE-ACL,APPROVED_REPORT_DRAWING_GOLDEN,,,reportSpecification,report_item,RPT-01508,,CONFIRMED,MAPPED,promotion APPROVED_REPORT_DRAWING_GOLDEN
G-RPT-1509,report,report.layout.CH5-PE-037,ENT-LINE-ACL,APPROVED_REPORT_DRAWING_GOLDEN,,,reportSpecification,report_item,RPT-01509,,CONFIRMED,MAPPED,promotion APPROVED_REPORT_DRAWING_GOLDEN
G-RPT-1510,report,report.layout.CH5-PE-038,ENT-LINE-ACL,APPROVED_REPORT_DRAWING_GOLDEN,,,reportSpecification,report_item,RPT-01510,,CONFIRMED,MAPPED,promotion APPROVED_REPORT_DRAWING_GOLDEN
G-RPT-1511,report,report.layout.CH5-PE-039,ENT-LINE-ACL,APPROVED_REPORT_DRAWING_GOLDEN,,,reportSpecification,report_item,RPT-01511,,CONFIRMED,MAPPED,promotion APPROVED_REPORT_DRAWING_GOLDEN
G-RPT-1512,report,report.layout.CH5-PE-040,ENT-LINE-ACL,APPROVED_REPORT_DRAWING_GOLDEN,,,reportSpecification,report_item,RPT-01512,,CONFIRMED,MAPPED,promotion APPROVED_REPORT_DRAWING_GOLDEN
G-RPT-1513,report,report.layout.CH5-PE-041,ENT-LINE-ACL,APPROVED_REPORT_DRAWING_GOLDEN,,,reportSpecification,report_item,RPT-01513,,CONFIRMED,MAPPED,promotion APPROVED_REPORT_DRAWING_GOLDEN
G-RPT-1514,report,report.layout.CH5-PE-042,ENT-LINE-ACL,APPROVED_REPORT_DRAWING_GOLDEN,,,reportSpecification,report_item,RPT-01514,,CONFIRMED,MAPPED,promotion APPROVED_REPORT_DRAWING_GOLDEN
G-RPT-1515,report,report.layout.CH5-PE-043,ENT-LINE-ACL,APPROVED_REPORT_DRAWING_GOLDEN,,,reportSpecification,report_item,RPT-01515,,CONFIRMED,MAPPED,promotion APPROVED_REPORT_DRAWING_GOLDEN
G-RPT-1516,report,report.layout.CH5-PE-044,ENT-LINE-ACL,APPROVED_REPORT_DRAWING_GOLDEN,,,reportSpecification,report_item,RPT-01516,,CONFIRMED,MAPPED,promotion APPROVED_REPORT_DRAWING_GOLDEN
G-RPT-1517,report,report.layout.CH5-PE-045,ENT-LINE-ACL,APPROVED_REPORT_DRAWING_GOLDEN,,,reportSpecification,report_item,RPT-01517,,CONFIRMED,MAPPED,promotion APPROVED_REPORT_DRAWING_GOLDEN
G-RPT-1518,report,report.layout.CH5-PE-046,ENT-LINE-ACL,APPROVED_REPORT_DRAWING_GOLDEN,,,reportSpecification,report_item,RPT-01518,,CONFIRMED,MAPPED,promotion APPROVED_REPORT_DRAWING_GOLDEN
G-RPT-1519,report,report.layout.CH5-PE-047,ENT-LINE-ACL,APPROVED_REPORT_DRAWING_GOLDEN,,,reportSpecification,report_item,RPT-01519,,CONFIRMED,MAPPED,promotion APPROVED_REPORT_DRAWING_GOLDEN
G-RPT-1520,report,report.layout.CH5-PE-048,ENT-LINE-ACL,APPROVED_REPORT_DRAWING_GOLDEN,,,reportSpecification,report_item,RPT-01520,,CONFIRMED,MAPPED,promotion APPROVED_REPORT_DRAWING_GOLDEN
G-RPT-1521,report,report.layout.CH5-PE-049,ENT-LINE-ACL,APPROVED_REPORT_DRAWING_GOLDEN,,,reportSpecification,report_item,RPT-01521,,CONFIRMED,MAPPED,promotion APPROVED_REPORT_DRAWING_GOLDEN
G-RPT-1522,report,report.layout.CH5-PE-050,ENT-LINE-ACL,APPROVED_REPORT_DRAWING_GOLDEN,,,reportSpecification,report_item,RPT-01522,,CONFIRMED,MAPPED,promotion APPROVED_REPORT_DRAWING_GOLDEN
G-RPT-1523,report,report.layout.CH5-PE-051,ENT-LINE-ACL,APPROVED_REPORT_DRAWING_GOLDEN,,,reportSpecification,report_item,RPT-01523,,CONFIRMED,MAPPED,promotion APPROVED_REPORT_DRAWING_GOLDEN
G-RPT-1524,report,report.layout.CH5-PE-052,ENT-LINE-ACL,APPROVED_REPORT_DRAWING_GOLDEN,,,reportSpecification,report_item,RPT-01524,,CONFIRMED,MAPPED,promotion APPROVED_REPORT_DRAWING_GOLDEN
G-RPT-1525,report,report.layout.CH5-PE-053,ENT-LINE-ACL,APPROVED_REPORT_DRAWING_GOLDEN,,,reportSpecification,report_item,RPT-01525,,CONFIRMED,MAPPED,promotion APPROVED_REPORT_DRAWING_GOLDEN
G-RPT-1526,report,report.layout.CH5-PE-054,ENT-LINE-ACL,APPROVED_REPORT_DRAWING_GOLDEN,,,reportSpecification,report_item,RPT-01526,,CONFIRMED,MAPPED,promotion APPROVED_REPORT_DRAWING_GOLDEN
G-RPT-1527,report,report.layout.CH5-PE-055,ENT-LINE-ACL,APPROVED_REPORT_DRAWING_GOLDEN,,,reportSpecification,report_item,RPT-01527,,CONFIRMED,MAPPED,promotion APPROVED_REPORT_DRAWING_GOLDEN
G-RPT-1528,report,report.layout.CH5-PE-056,ENT-LINE-ACL,APPROVED_REPORT_DRAWING_GOLDEN,,,reportSpecification,report_item,RPT-01528,,CONFIRMED,MAPPED,promotion APPROVED_REPORT_DRAWING_GOLDEN
G-RPT-1529,report,report.layout.CH5-PE-057,ENT-LINE-ACL,APPROVED_REPORT_DRAWING_GOLDEN,,,reportSpecification,report_item,RPT-01529,,CONFIRMED,MAPPED,promotion APPROVED_REPORT_DRAWING_GOLDEN
G-RPT-1530,report,report.layout.CH5-PE-058,ENT-LINE-ACL,APPROVED_REPORT_DRAWING_GOLDEN,,,reportSpecification,report_item,RPT-01530,,CONFIRMED,MAPPED,promotion APPROVED_REPORT_DRAWING_GOLDEN
G-RPT-1531,report,report.layout.CH5-PE-059,ENT-LINE-ACL,APPROVED_REPORT_DRAWING_GOLDEN,,,reportSpecification,report_item,RPT-01531,,CONFIRMED,MAPPED,promotion APPROVED_REPORT_DRAWING_GOLDEN
G-RPT-1532,report,report.layout.CH5-PE-060,ENT-LINE-ACL,APPROVED_REPORT_DRAWING_GOLDEN,,,reportSpecification,report_item,RPT-01532,,CONFIRMED,MAPPED,promotion APPROVED_REPORT_DRAWING_GOLDEN
G-RPT-1533,report,report.layout.CH5-PE-061,ENT-LINE-ACL,APPROVED_REPORT_DRAWING_GOLDEN,,,reportSpecification,report_item,RPT-01533,,CONFIRMED,MAPPED,promotion APPROVED_REPORT_DRAWING_GOLDEN
G-RPT-1534,report,report.layout.CH5-PE-062,ENT-LINE-ACL,APPROVED_REPORT_DRAWING_GOLDEN,,,reportSpecification,report_item,RPT-01534,,CONFIRMED,MAPPED,promotion APPROVED_REPORT_DRAWING_GOLDEN
G-RPT-1535,report,report.layout.CH5-PE-063,ENT-LINE-ACL,APPROVED_REPORT_DRAWING_GOLDEN,,,reportSpecification,report_item,RPT-01535,,CONFIRMED,MAPPED,promotion APPROVED_REPORT_DRAWING_GOLDEN
G-RPT-1536,report,report.layout.CH5-PE-064,ENT-LINE-ACL,APPROVED_REPORT_DRAWING_GOLDEN,,,reportSpecification,report_item,RPT-01536,,CONFIRMED,MAPPED,promotion APPROVED_REPORT_DRAWING_GOLDEN
G-RPT-1537,report,report.layout.CH5-PE-065,ENT-LINE-ACL,APPROVED_REPORT_DRAWING_GOLDEN,,,reportSpecification,report_item,RPT-01537,,CONFIRMED,MAPPED,promotion APPROVED_REPORT_DRAWING_GOLDEN
G-RPT-1538,report,report.layout.CH5-PE-066,ENT-LINE-ACL,APPROVED_REPORT_DRAWING_GOLDEN,,,reportSpecification,report_item,RPT-01538,,CONFIRMED,MAPPED,promotion APPROVED_REPORT_DRAWING_GOLDEN
G-RPT-1539,report,report.layout.CH5-PE-067,ENT-LINE-ACL,APPROVED_REPORT_DRAWING_GOLDEN,,,reportSpecification,report_item,RPT-01539,,CONFIRMED,MAPPED,promotion APPROVED_REPORT_DRAWING_GOLDEN
G-RPT-1540,report,report.layout.CH5-PE-068,ENT-LINE-ACL,APPROVED_REPORT_DRAWING_GOLDEN,,,reportSpecification,report_item,RPT-01540,,CONFIRMED,MAPPED,promotion APPROVED_REPORT_DRAWING_GOLDEN
G-RPT-1541,report,report.layout.CH5-PE-069,ENT-LINE-ACL,APPROVED_REPORT_DRAWING_GOLDEN,,,reportSpecification,report_item,RPT-01541,,CONFIRMED,MAPPED,promotion APPROVED_REPORT_DRAWING_GOLDEN
G-RPT-1542,report,report.layout.CH5-PE-070,ENT-LINE-ACL,APPROVED_REPORT_DRAWING_GOLDEN,,,reportSpecification,report_item,RPT-01542,,CONFIRMED,MAPPED,promotion APPROVED_REPORT_DRAWING_GOLDEN
G-RPT-1543,report,report.layout.CH5-PE-071,ENT-LINE-ACL,APPROVED_REPORT_DRAWING_GOLDEN,,,reportSpecification,report_item,RPT-01543,,CONFIRMED,MAPPED,promotion APPROVED_REPORT_DRAWING_GOLDEN
G-RPT-1544,report,report.layout.CH5-PE-072,ENT-LINE-ACL,APPROVED_REPORT_DRAWING_GOLDEN,,,reportSpecification,report_item,RPT-01544,,CONFIRMED,MAPPED,promotion APPROVED_REPORT_DRAWING_GOLDEN
G-RPT-1545,report,report.layout.CH5-PE-073,ENT-LINE-ACL,APPROVED_REPORT_DRAWING_GOLDEN,,,reportSpecification,report_item,RPT-01545,,CONFIRMED,MAPPED,promotion APPROVED_REPORT_DRAWING_GOLDEN
G-RPT-1546,report,report.layout.CH5-PE-074,ENT-LINE-ACL,APPROVED_REPORT_DRAWING_GOLDEN,,,reportSpecification,report_item,RPT-01546,,CONFIRMED,MAPPED,promotion APPROVED_REPORT_DRAWING_GOLDEN
G-RPT-1547,report,report.layout.CH5-PE-075,ENT-LINE-ACL,APPROVED_REPORT_DRAWING_GOLDEN,,,reportSpecification,report_item,RPT-01547,,CONFIRMED,MAPPED,promotion APPROVED_REPORT_DRAWING_GOLDEN
G-RPT-1548,report,report.layout.CH5-PE-076,ENT-LINE-ACL,APPROVED_REPORT_DRAWING_GOLDEN,,,reportSpecification,report_item,RPT-01548,,CONFIRMED,MAPPED,promotion APPROVED_REPORT_DRAWING_GOLDEN
G-RPT-1549,report,report.layout.CH5-PE-077,ENT-LINE-ACL,APPROVED_REPORT_DRAWING_GOLDEN,,,reportSpecification,report_item,RPT-01549,,CONFIRMED,MAPPED,promotion APPROVED_REPORT_DRAWING_GOLDEN
G-RPT-1550,report,report.layout.CH5-PE-078,ENT-LINE-ACL,APPROVED_REPORT_DRAWING_GOLDEN,,,reportSpecification,report_item,RPT-01550,,CONFIRMED,MAPPED,promotion APPROVED_REPORT_DRAWING_GOLDEN
G-RPT-1551,report,report.layout.CH5-PE-079,ENT-LINE-ACL,APPROVED_REPORT_DRAWING_GOLDEN,,,reportSpecification,report_item,RPT-01551,,CONFIRMED,MAPPED,promotion APPROVED_REPORT_DRAWING_GOLDEN
G-RPT-1552,report,report.layout.CH5-PE-080,ENT-LINE-ACL,APPROVED_REPORT_DRAWING_GOLDEN,,,reportSpecification,report_item,RPT-01552,,CONFIRMED,MAPPED,promotion APPROVED_REPORT_DRAWING_GOLDEN
G-RPT-1553,report,report.layout.CH5-PE-081,ENT-LINE-ACL,APPROVED_REPORT_DRAWING_GOLDEN,,,reportSpecification,report_item,RPT-01553,,CONFIRMED,MAPPED,promotion APPROVED_REPORT_DRAWING_GOLDEN
G-RPT-1554,report,report.layout.CH5-PE-082,ENT-LINE-ACL,APPROVED_REPORT_DRAWING_GOLDEN,,,reportSpecification,report_item,RPT-01554,,CONFIRMED,MAPPED,promotion APPROVED_REPORT_DRAWING_GOLDEN
G-RPT-1555,report,report.layout.CH5-PE-083,ENT-LINE-ACL,APPROVED_REPORT_DRAWING_GOLDEN,,,reportSpecification,report_item,RPT-01555,,CONFIRMED,MAPPED,promotion APPROVED_REPORT_DRAWING_GOLDEN
G-RPT-1556,report,report.layout.CH5-PE-084,ENT-LINE-ACL,APPROVED_REPORT_DRAWING_GOLDEN,,,reportSpecification,report_item,RPT-01556,,CONFIRMED,MAPPED,promotion APPROVED_REPORT_DRAWING_GOLDEN
G-RPT-1557,report,report.layout.CH5-PE-085,ENT-LINE-ACL,APPROVED_REPORT_DRAWING_GOLDEN,,,reportSpecification,report_item,RPT-01557,,CONFIRMED,MAPPED,promotion APPROVED_REPORT_DRAWING_GOLDEN
G-RPT-1558,report,report.layout.CH5-PE-086,ENT-LINE-ACL,APPROVED_REPORT_DRAWING_GOLDEN,,,reportSpecification,report_item,RPT-01558,,CONFIRMED,MAPPED,promotion APPROVED_REPORT_DRAWING_GOLDEN
G-RPT-1559,report,report.layout.CH5-PE-087,ENT-LINE-ACL,APPROVED_REPORT_DRAWING_GOLDEN,,,reportSpecification,report_item,RPT-01559,,CONFIRMED,MAPPED,promotion APPROVED_REPORT_DRAWING_GOLDEN
G-RPT-1560,report,report.layout.CH5-PE-088,ENT-LINE-ACL,APPROVED_REPORT_DRAWING_GOLDEN,,,reportSpecification,report_item,RPT-01560,,CONFIRMED,MAPPED,promotion APPROVED_REPORT_DRAWING_GOLDEN
G-RPT-1561,report,report.layout.CH5-PE-089,ENT-LINE-ACL,APPROVED_REPORT_DRAWING_GOLDEN,,,reportSpecification,report_item,RPT-01561,,CONFIRMED,MAPPED,promotion APPROVED_REPORT_DRAWING_GOLDEN
G-RPT-1562,report,report.layout.CH5-PE-090,ENT-LINE-ACL,APPROVED_REPORT_DRAWING_GOLDEN,,,reportSpecification,report_item,RPT-01562,,CONFIRMED,MAPPED,promotion APPROVED_REPORT_DRAWING_GOLDEN
G-RPT-1563,report,report.layout.CH5-PE-091,ENT-LINE-ACL,APPROVED_REPORT_DRAWING_GOLDEN,,,reportSpecification,report_item,RPT-01563,,CONFIRMED,MAPPED,promotion APPROVED_REPORT_DRAWING_GOLDEN
G-RPT-1564,report,report.layout.CH5-PE-092,ENT-LINE-ACL,APPROVED_REPORT_DRAWING_GOLDEN,,,reportSpecification,report_item,RPT-01564,,CONFIRMED,MAPPED,promotion APPROVED_REPORT_DRAWING_GOLDEN
G-RPT-1565,report,report.layout.CH5-PE-093,ENT-LINE-ACL,APPROVED_REPORT_DRAWING_GOLDEN,,,reportSpecification,report_item,RPT-01565,,CONFIRMED,MAPPED,promotion APPROVED_REPORT_DRAWING_GOLDEN
G-RPT-1566,report,report.layout.FM-PE-001,ENT-LINE-ACL,APPROVED_REPORT_DRAWING_GOLDEN,,,reportSpecification,report_item,RPT-01566,,CONFIRMED,MAPPED,promotion APPROVED_REPORT_DRAWING_GOLDEN
G-RPT-1567,report,report.layout.FM-PE-002,ENT-LINE-ACL,APPROVED_REPORT_DRAWING_GOLDEN,,,reportSpecification,report_item,RPT-01567,,CONFIRMED,MAPPED,promotion APPROVED_REPORT_DRAWING_GOLDEN
G-RPT-1568,report,report.layout.FM-PE-003,ENT-LINE-ACL,APPROVED_REPORT_DRAWING_GOLDEN,,,reportSpecification,report_item,RPT-01568,,CONFIRMED,MAPPED,promotion APPROVED_REPORT_DRAWING_GOLDEN
G-RPT-1569,report,report.layout.FM-PE-004,ENT-LINE-ACL,APPROVED_REPORT_DRAWING_GOLDEN,,,reportSpecification,report_item,RPT-01569,,CONFIRMED,MAPPED,promotion APPROVED_REPORT_DRAWING_GOLDEN
G-RPT-1570,report,report.layout.FM-PE-005,ENT-LINE-ACL,APPROVED_REPORT_DRAWING_GOLDEN,,,reportSpecification,report_item,RPT-01570,,CONFIRMED,MAPPED,promotion APPROVED_REPORT_DRAWING_GOLDEN
G-RPT-1571,report,report.layout.FM-PE-006,ENT-LINE-ACL,APPROVED_REPORT_DRAWING_GOLDEN,,,reportSpecification,report_item,RPT-01571,,CONFIRMED,MAPPED,promotion APPROVED_REPORT_DRAWING_GOLDEN
G-RPT-1572,report,report.layout.FM-PE-007,ENT-LINE-ACL,APPROVED_REPORT_DRAWING_GOLDEN,,,reportSpecification,report_item,RPT-01572,,CONFIRMED,MAPPED,promotion APPROVED_REPORT_DRAWING_GOLDEN
G-RPT-1573,report,report.layout.FM-PE-008,ENT-LINE-ACL,APPROVED_REPORT_DRAWING_GOLDEN,,,reportSpecification,report_item,RPT-01573,,CONFIRMED,MAPPED,promotion APPROVED_REPORT_DRAWING_GOLDEN
G-RPT-1574,report,report.layout.FM-PE-009,ENT-LINE-ACL,APPROVED_REPORT_DRAWING_GOLDEN,,,reportSpecification,report_item,RPT-01574,,CONFIRMED,MAPPED,promotion APPROVED_REPORT_DRAWING_GOLDEN
G-RPT-1575,report,report.layout.FM-PE-010,ENT-LINE-ACL,APPROVED_REPORT_DRAWING_GOLDEN,,,reportSpecification,report_item,RPT-01575,,CONFIRMED,MAPPED,promotion APPROVED_REPORT_DRAWING_GOLDEN
G-RPT-1576,report,report.layout.FM-PE-011,ENT-LINE-ACL,APPROVED_REPORT_DRAWING_GOLDEN,,,reportSpecification,report_item,RPT-01576,,CONFIRMED,MAPPED,promotion APPROVED_REPORT_DRAWING_GOLDEN
G-RPT-1577,report,report.layout.FM-PE-012,ENT-LINE-ACL,APPROVED_REPORT_DRAWING_GOLDEN,,,reportSpecification,report_item,RPT-01577,,CONFIRMED,MAPPED,promotion APPROVED_REPORT_DRAWING_GOLDEN
G-RPT-1578,report,report.layout.FM-PE-013,ENT-LINE-ACL,APPROVED_REPORT_DRAWING_GOLDEN,,,reportSpecification,report_item,RPT-01578,,CONFIRMED,MAPPED,promotion APPROVED_REPORT_DRAWING_GOLDEN
G-RPT-1579,report,report.layout.FM-PE-014,ENT-LINE-ACL,APPROVED_REPORT_DRAWING_GOLDEN,,,reportSpecification,report_item,RPT-01579,,CONFIRMED,MAPPED,promotion APPROVED_REPORT_DRAWING_GOLDEN
G-RPT-1580,report,report.layout.FM-PE-015,ENT-LINE-ACL,APPROVED_REPORT_DRAWING_GOLDEN,,,reportSpecification,report_item,RPT-01580,,CONFIRMED,MAPPED,promotion APPROVED_REPORT_DRAWING_GOLDEN
G-RPT-1581,report,report.layout.FM-PE-016,ENT-LINE-ACL,APPROVED_REPORT_DRAWING_GOLDEN,,,reportSpecification,report_item,RPT-01581,,CONFIRMED,MAPPED,promotion APPROVED_REPORT_DRAWING_GOLDEN
G-RPT-1582,report,report.layout.FM-PE-017,ENT-LINE-ACL,APPROVED_REPORT_DRAWING_GOLDEN,,,reportSpecification,report_item,RPT-01582,,CONFIRMED,MAPPED,promotion APPROVED_REPORT_DRAWING_GOLDEN
G-RPT-1583,report,report.layout.FM-PE-018,ENT-LINE-ACL,APPROVED_REPORT_DRAWING_GOLDEN,,,reportSpecification,report_item,RPT-01583,,CONFIRMED,MAPPED,promotion APPROVED_REPORT_DRAWING_GOLDEN
G-RPT-1584,report,report.layout.FM-PE-019,ENT-LINE-ACL,APPROVED_REPORT_DRAWING_GOLDEN,,,reportSpecification,report_item,RPT-01584,,CONFIRMED,MAPPED,promotion APPROVED_REPORT_DRAWING_GOLDEN
G-RPT-1585,report,report.layout.FM-PE-020,ENT-LINE-ACL,APPROVED_REPORT_DRAWING_GOLDEN,,,reportSpecification,report_item,RPT-01585,,CONFIRMED,MAPPED,promotion APPROVED_REPORT_DRAWING_GOLDEN
G-RPT-1586,report,report.layout.FM-PE-021,ENT-LINE-ACL,APPROVED_REPORT_DRAWING_GOLDEN,,,reportSpecification,report_item,RPT-01586,,CONFIRMED,MAPPED,promotion APPROVED_REPORT_DRAWING_GOLDEN
G-RPT-1587,report,report.layout.FM-PE-022,ENT-LINE-ACL,APPROVED_REPORT_DRAWING_GOLDEN,,,reportSpecification,report_item,RPT-01587,,CONFIRMED,MAPPED,promotion APPROVED_REPORT_DRAWING_GOLDEN
G-RPT-1588,report,report.layout.FM-PE-023,ENT-LINE-ACL,APPROVED_REPORT_DRAWING_GOLDEN,,,reportSpecification,report_item,RPT-01588,,CONFIRMED,MAPPED,promotion APPROVED_REPORT_DRAWING_GOLDEN
G-RPT-1589,report,report.layout.FM-PE-024,ENT-LINE-ACL,APPROVED_REPORT_DRAWING_GOLDEN,,,reportSpecification,report_item,RPT-01589,,CONFIRMED,MAPPED,promotion APPROVED_REPORT_DRAWING_GOLDEN
G-RPT-1590,report,report.layout.FM-PE-025,ENT-LINE-ACL,APPROVED_REPORT_DRAWING_GOLDEN,,,reportSpecification,report_item,RPT-01590,,CONFIRMED,MAPPED,promotion APPROVED_REPORT_DRAWING_GOLDEN
G-RPT-1591,report,report.layout.FM-PE-026,ENT-LINE-ACL,APPROVED_REPORT_DRAWING_GOLDEN,,,reportSpecification,report_item,RPT-01591,,CONFIRMED,MAPPED,promotion APPROVED_REPORT_DRAWING_GOLDEN
G-DWG-0001,drawing,drawing.sheet.1,ENT-LINE-ACL,APPROVED_REPORT_DRAWING_GOLDEN,,,drawingSpecification,drawing_item,DWG-00001,DWG-S001,CONFIRMED,MAPPED,promotion APPROVED_REPORT_DRAWING_GOLDEN
G-DWG-0002,drawing,drawing.sheet.2,ENT-LINE-ACL,APPROVED_REPORT_DRAWING_GOLDEN,,,drawingSpecification,drawing_item,DWG-00002,DWG-S002,CONFIRMED,MAPPED,promotion APPROVED_REPORT_DRAWING_GOLDEN
G-DWG-0003,drawing,drawing.sheet.3,ENT-LINE-ACL,APPROVED_REPORT_DRAWING_GOLDEN,,,drawingSpecification,drawing_item,DWG-00003,DWG-S003,CONFIRMED,MAPPED,promotion APPROVED_REPORT_DRAWING_GOLDEN
G-DWG-0004,drawing,drawing.sheet.4,ENT-LINE-ACL,APPROVED_REPORT_DRAWING_GOLDEN,,,drawingSpecification,drawing_item,DWG-00004,DWG-S004,CONFIRMED,MAPPED,promotion APPROVED_REPORT_DRAWING_GOLDEN
G-DWG-0005,drawing,drawing.sheet.5,ENT-LINE-ACL,APPROVED_REPORT_DRAWING_GOLDEN,,,drawingSpecification,drawing_item,DWG-00005,DWG-S005,CONFIRMED,MAPPED,promotion APPROVED_REPORT_DRAWING_GOLDEN
G-DWG-0006,drawing,drawing.sheet.6,ENT-LINE-ACL,APPROVED_REPORT_DRAWING_GOLDEN,,,drawingSpecification,drawing_item,DWG-00006,DWG-S006,CONFIRMED,MAPPED,promotion APPROVED_REPORT_DRAWING_GOLDEN
G-DWG-0007,drawing,drawing.sheet.7,ENT-LINE-ACL,APPROVED_REPORT_DRAWING_GOLDEN,,,drawingSpecification,drawing_item,DWG-00007,DWG-S007,CONFIRMED,MAPPED,promotion APPROVED_REPORT_DRAWING_GOLDEN
G-DWG-0008,drawing,drawing.sheet.8,ENT-LINE-ACL,APPROVED_REPORT_DRAWING_GOLDEN,,,drawingSpecification,drawing_item,DWG-00008,DWG-S008,CONFIRMED,MAPPED,promotion APPROVED_REPORT_DRAWING_GOLDEN
G-DWG-0009,drawing,drawing.sheet.9,ENT-LINE-ACL,APPROVED_REPORT_DRAWING_GOLDEN,,,drawingSpecification,drawing_item,DWG-00009,DWG-S009,CONFIRMED,MAPPED,promotion APPROVED_REPORT_DRAWING_GOLDEN
G-DWG-0010,drawing,drawing.sheet.10,ENT-LINE-ACL,APPROVED_REPORT_DRAWING_GOLDEN,,,drawingSpecification,drawing_item,DWG-00010,DWG-S010,CONFIRMED,MAPPED,promotion APPROVED_REPORT_DRAWING_GOLDEN
G-DWG-0011,drawing,drawing.sheet.11,ENT-LINE-ACL,APPROVED_REPORT_DRAWING_GOLDEN,,,drawingSpecification,drawing_item,DWG-00011,DWG-S011,CONFIRMED,MAPPED,promotion APPROVED_REPORT_DRAWING_GOLDEN
G-DWG-0012,drawing,drawing.sheet.12,ENT-LINE-ACL,APPROVED_REPORT_DRAWING_GOLDEN,,,drawingSpecification,drawing_item,DWG-00012,DWG-S012,CONFIRMED,MAPPED,promotion APPROVED_REPORT_DRAWING_GOLDEN
G-DWG-0013,drawing,drawing.sheet.13,ENT-LINE-ACL,APPROVED_REPORT_DRAWING_GOLDEN,,,drawingSpecification,drawing_item,DWG-00013,DWG-S013,CONFIRMED,MAPPED,promotion APPROVED_REPORT_DRAWING_GOLDEN
G-DWG-0014,drawing,drawing.sheet.14,ENT-LINE-ACL,APPROVED_REPORT_DRAWING_GOLDEN,,,drawingSpecification,drawing_item,DWG-00014,DWG-S014,CONFIRMED,MAPPED,promotion APPROVED_REPORT_DRAWING_GOLDEN
G-DWG-0015,drawing,drawing.sheet.15,ENT-LINE-ACL,APPROVED_REPORT_DRAWING_GOLDEN,,,drawingSpecification,drawing_item,DWG-00015,DWG-S015,CONFIRMED,MAPPED,promotion APPROVED_REPORT_DRAWING_GOLDEN
G-DWG-0016,drawing,drawing.sheet.16,ENT-LINE-ACL,APPROVED_REPORT_DRAWING_GOLDEN,,,drawingSpecification,drawing_item,DWG-00016,DWG-S016,CONFIRMED,MAPPED,promotion APPROVED_REPORT_DRAWING_GOLDEN
G-DWG-0017,drawing,drawing.sheet.17,ENT-LINE-ACL,APPROVED_REPORT_DRAWING_GOLDEN,,,drawingSpecification,drawing_item,DWG-00017,DWG-S017,CONFIRMED,MAPPED,promotion APPROVED_REPORT_DRAWING_GOLDEN
G-DWG-0018,drawing,drawing.sheet.18,ENT-LINE-ACL,APPROVED_REPORT_DRAWING_GOLDEN,,,drawingSpecification,drawing_item,DWG-00018,DWG-S018,CONFIRMED,MAPPED,promotion APPROVED_REPORT_DRAWING_GOLDEN
G-DWG-0019,drawing,drawing.sheet.19,ENT-LINE-ACL,APPROVED_REPORT_DRAWING_GOLDEN,,,drawingSpecification,drawing_item,DWG-00019,DWG-S019,CONFIRMED,MAPPED,promotion APPROVED_REPORT_DRAWING_GOLDEN
G-DWG-0020,drawing,drawing.sheet.20,ENT-LINE-ACL,APPROVED_REPORT_DRAWING_GOLDEN,,,drawingSpecification,drawing_item,DWG-00020,DWG-S020,CONFIRMED,MAPPED,promotion APPROVED_REPORT_DRAWING_GOLDEN
G-DWG-0021,drawing,drawing.sheet.21,ENT-LINE-ACL,APPROVED_REPORT_DRAWING_GOLDEN,,,drawingSpecification,drawing_item,DWG-00021,DWG-S021,CONFIRMED,MAPPED,promotion APPROVED_REPORT_DRAWING_GOLDEN
G-DWG-0022,drawing,drawing.sheet.22,ENT-LINE-ACL,APPROVED_REPORT_DRAWING_GOLDEN,,,drawingSpecification,drawing_item,DWG-00022,DWG-S022,CONFIRMED,MAPPED,promotion APPROVED_REPORT_DRAWING_GOLDEN
G-DWG-0023,drawing,drawing.sheet.23,ENT-LINE-ACL,APPROVED_REPORT_DRAWING_GOLDEN,,,drawingSpecification,drawing_item,DWG-00023,DWG-S023,CONFIRMED,MAPPED,promotion APPROVED_REPORT_DRAWING_GOLDEN
G-DWG-0024,drawing,drawing.sheet.24,ENT-LINE-ACL,APPROVED_REPORT_DRAWING_GOLDEN,,,drawingSpecification,drawing_item,DWG-00024,DWG-S024,CONFIRMED,MAPPED,promotion APPROVED_REPORT_DRAWING_GOLDEN
G-DWG-0025,drawing,drawing.sheet.25,ENT-LINE-ACL,APPROVED_REPORT_DRAWING_GOLDEN,,,drawingSpecification,drawing_item,DWG-00025,DWG-S025,CONFIRMED,MAPPED,promotion APPROVED_REPORT_DRAWING_GOLDEN
G-DWG-0026,drawing,drawing.sheet.26,ENT-LINE-ACL,APPROVED_REPORT_DRAWING_GOLDEN,,,drawingSpecification,drawing_item,DWG-00026,DWG-S026,CONFIRMED,MAPPED,promotion APPROVED_REPORT_DRAWING_GOLDEN
G-DWG-0027,drawing,drawing.sheet.27,ENT-LINE-ACL,APPROVED_REPORT_DRAWING_GOLDEN,,,drawingSpecification,drawing_item,DWG-00027,DWG-S027,CONFIRMED,MAPPED,promotion APPROVED_REPORT_DRAWING_GOLDEN
G-DWG-0028,drawing,drawing.sheet.28,ENT-LINE-ACL,APPROVED_REPORT_DRAWING_GOLDEN,,,drawingSpecification,drawing_item,DWG-00028,DWG-S028,CONFIRMED,MAPPED,promotion APPROVED_REPORT_DRAWING_GOLDEN
G-DWG-0029,drawing,drawing.sheet.29,ENT-LINE-ACL,APPROVED_REPORT_DRAWING_GOLDEN,,,drawingSpecification,drawing_item,DWG-00029,DWG-S029,CONFIRMED,MAPPED,promotion APPROVED_REPORT_DRAWING_GOLDEN
G-DWG-0030,drawing,drawing.sheet.30,ENT-LINE-ACL,APPROVED_REPORT_DRAWING_GOLDEN,,,drawingSpecification,drawing_item,DWG-00030,DWG-S030,CONFIRMED,MAPPED,promotion APPROVED_REPORT_DRAWING_GOLDEN
G-DWG-0031,drawing,drawing.sheet.31,ENT-LINE-ACL,APPROVED_REPORT_DRAWING_GOLDEN,,,drawingSpecification,drawing_item,DWG-00031,DWG-S031,CONFIRMED,MAPPED,promotion APPROVED_REPORT_DRAWING_GOLDEN
G-DWG-0032,drawing,drawing.sheet.32,ENT-LINE-ACL,APPROVED_REPORT_DRAWING_GOLDEN,,,drawingSpecification,drawing_item,DWG-00032,DWG-S032,CONFIRMED,MAPPED,promotion APPROVED_REPORT_DRAWING_GOLDEN
G-DWG-0033,drawing,drawing.sheet.33,ENT-LINE-ACL,APPROVED_REPORT_DRAWING_GOLDEN,,,drawingSpecification,drawing_item,DWG-00033,DWG-S033,CONFIRMED,MAPPED,promotion APPROVED_REPORT_DRAWING_GOLDEN
G-DWG-0034,drawing,drawing.sheet.34,ENT-LINE-ACL,APPROVED_REPORT_DRAWING_GOLDEN,,,drawingSpecification,drawing_item,DWG-00034,DWG-S034,CONFIRMED,MAPPED,promotion APPROVED_REPORT_DRAWING_GOLDEN
G-DWG-0035,drawing,drawing.sheet.35,ENT-LINE-ACL,APPROVED_REPORT_DRAWING_GOLDEN,,,drawingSpecification,drawing_item,DWG-00035,DWG-S035,CONFIRMED,MAPPED,promotion APPROVED_REPORT_DRAWING_GOLDEN
G-DWG-0036,drawing,drawing.sheet.36,ENT-LINE-ACL,APPROVED_REPORT_DRAWING_GOLDEN,,,drawingSpecification,drawing_item,DWG-00036,DWG-S036,CONFIRMED,MAPPED,promotion APPROVED_REPORT_DRAWING_GOLDEN
G-DWG-0037,drawing,drawing.sheet.37,ENT-LINE-ACL,APPROVED_REPORT_DRAWING_GOLDEN,,,drawingSpecification,drawing_item,DWG-00037,DWG-S037,CONFIRMED,MAPPED,promotion APPROVED_REPORT_DRAWING_GOLDEN
G-DWG-0038,drawing,drawing.sheet.38,ENT-LINE-ACL,APPROVED_REPORT_DRAWING_GOLDEN,,,drawingSpecification,drawing_item,DWG-00038,DWG-S038,CONFIRMED,MAPPED,promotion APPROVED_REPORT_DRAWING_GOLDEN
G-DWG-0039,drawing,drawing.sheet.39,ENT-LINE-ACL,APPROVED_REPORT_DRAWING_GOLDEN,,,drawingSpecification,drawing_item,DWG-00039,DWG-S039,CONFIRMED,MAPPED,promotion APPROVED_REPORT_DRAWING_GOLDEN
G-DWG-0040,drawing,drawing.sheet.40,ENT-LINE-ACL,APPROVED_REPORT_DRAWING_GOLDEN,,,drawingSpecification,drawing_item,DWG-00040,DWG-S040,CONFIRMED,MAPPED,promotion APPROVED_REPORT_DRAWING_GOLDEN
G-DWG-0041,drawing,drawing.sheet.41,ENT-LINE-ACL,APPROVED_REPORT_DRAWING_GOLDEN,,,drawingSpecification,drawing_item,DWG-00041,DWG-S041,CONFIRMED,MAPPED,promotion APPROVED_REPORT_DRAWING_GOLDEN
G-DWG-0042,drawing,drawing.sheet.42,ENT-LINE-ACL,APPROVED_REPORT_DRAWING_GOLDEN,,,drawingSpecification,drawing_item,DWG-00042,DWG-S042,CONFIRMED,MAPPED,promotion APPROVED_REPORT_DRAWING_GOLDEN
G-DWG-0043,drawing,drawing.sheet.43,ENT-LINE-ACL,APPROVED_REPORT_DRAWING_GOLDEN,,,drawingSpecification,drawing_item,DWG-00043,DWG-S043,CONFIRMED,MAPPED,promotion APPROVED_REPORT_DRAWING_GOLDEN
G-DWG-0044,drawing,drawing.sheet.44,ENT-LINE-ACL,APPROVED_REPORT_DRAWING_GOLDEN,,,drawingSpecification,drawing_item,DWG-00044,DWG-S044,CONFIRMED,MAPPED,promotion APPROVED_REPORT_DRAWING_GOLDEN
G-DWG-0045,drawing,drawing.sheet.45,ENT-LINE-ACL,APPROVED_REPORT_DRAWING_GOLDEN,,,drawingSpecification,drawing_item,DWG-00045,DWG-S045,CONFIRMED,MAPPED,promotion APPROVED_REPORT_DRAWING_GOLDEN
G-DWG-0046,drawing,drawing.sheet.46,ENT-LINE-ACL,APPROVED_REPORT_DRAWING_GOLDEN,,,drawingSpecification,drawing_item,DWG-00046,DWG-S046,CONFIRMED,MAPPED,promotion APPROVED_REPORT_DRAWING_GOLDEN
G-DWG-0047,drawing,drawing.sheet.47,ENT-LINE-ACL,APPROVED_REPORT_DRAWING_GOLDEN,,,drawingSpecification,drawing_item,DWG-00047,DWG-S047,CONFIRMED,MAPPED,promotion APPROVED_REPORT_DRAWING_GOLDEN
G-DWG-0048,drawing,drawing.sheet.48,ENT-LINE-ACL,APPROVED_REPORT_DRAWING_GOLDEN,,,drawingSpecification,drawing_item,DWG-00048,DWG-S048,CONFIRMED,MAPPED,promotion APPROVED_REPORT_DRAWING_GOLDEN
G-DWG-0049,drawing,drawing.sheet.49,ENT-LINE-ACL,APPROVED_REPORT_DRAWING_GOLDEN,,,drawingSpecification,drawing_item,DWG-00049,DWG-S049,CONFIRMED,MAPPED,promotion APPROVED_REPORT_DRAWING_GOLDEN
G-DWG-0050,drawing,drawing.sheet.50,ENT-LINE-ACL,APPROVED_REPORT_DRAWING_GOLDEN,,,drawingSpecification,drawing_item,DWG-00050,DWG-S050,CONFIRMED,MAPPED,promotion APPROVED_REPORT_DRAWING_GOLDEN
G-DWG-0051,drawing,drawing.sheet.51,ENT-LINE-ACL,APPROVED_REPORT_DRAWING_GOLDEN,,,drawingSpecification,drawing_item,DWG-00051,DWG-S051,CONFIRMED,MAPPED,promotion APPROVED_REPORT_DRAWING_GOLDEN
G-DWG-0052,drawing,drawing.sheet.52,ENT-LINE-ACL,APPROVED_REPORT_DRAWING_GOLDEN,,,drawingSpecification,drawing_item,DWG-00052,DWG-S052,CONFIRMED,MAPPED,promotion APPROVED_REPORT_DRAWING_GOLDEN
G-DWG-0053,drawing,drawing.sheet.53,ENT-LINE-ACL,APPROVED_REPORT_DRAWING_GOLDEN,,,drawingSpecification,drawing_item,DWG-00053,DWG-S053,CONFIRMED,MAPPED,promotion APPROVED_REPORT_DRAWING_GOLDEN
G-DWG-0054,drawing,drawing.sheet.54,ENT-LINE-ACL,APPROVED_REPORT_DRAWING_GOLDEN,,,drawingSpecification,drawing_item,DWG-00054,DWG-S054,CONFIRMED,MAPPED,promotion APPROVED_REPORT_DRAWING_GOLDEN
G-DWG-0055,drawing,drawing.sheet.55,ENT-LINE-ACL,APPROVED_REPORT_DRAWING_GOLDEN,,,drawingSpecification,drawing_item,DWG-00055,DWG-S055,CONFIRMED,MAPPED,promotion APPROVED_REPORT_DRAWING_GOLDEN
G-DWG-0056,drawing,drawing.sheet.56,ENT-LINE-ACL,APPROVED_REPORT_DRAWING_GOLDEN,,,drawingSpecification,drawing_item,DWG-00056,DWG-S056,CONFIRMED,MAPPED,promotion APPROVED_REPORT_DRAWING_GOLDEN
G-DWG-0057,drawing,drawing.sheet.57,ENT-LINE-ACL,APPROVED_REPORT_DRAWING_GOLDEN,,,drawingSpecification,drawing_item,DWG-00057,DWG-S057,CONFIRMED,MAPPED,promotion APPROVED_REPORT_DRAWING_GOLDEN
G-DWG-0058,drawing,drawing.sheet.58,ENT-LINE-ACL,APPROVED_REPORT_DRAWING_GOLDEN,,,drawingSpecification,drawing_item,DWG-00058,DWG-S058,CONFIRMED,MAPPED,promotion APPROVED_REPORT_DRAWING_GOLDEN
G-DWG-0059,drawing,drawing.sheet.59,ENT-LINE-ACL,APPROVED_REPORT_DRAWING_GOLDEN,,,drawingSpecification,drawing_item,DWG-00059,DWG-S059,CONFIRMED,MAPPED,promotion APPROVED_REPORT_DRAWING_GOLDEN
G-DWG-0060,drawing,drawing.sheet.60,ENT-LINE-ACL,APPROVED_REPORT_DRAWING_GOLDEN,,,drawingSpecification,drawing_item,DWG-00060,DWG-S060,CONFIRMED,MAPPED,promotion APPROVED_REPORT_DRAWING_GOLDEN
G-DWG-0061,drawing,drawing.sheet.61,ENT-LINE-ACL,APPROVED_REPORT_DRAWING_GOLDEN,,,drawingSpecification,drawing_item,DWG-00061,DWG-S061,CONFIRMED,MAPPED,promotion APPROVED_REPORT_DRAWING_GOLDEN
G-DWG-0062,drawing,drawing.sheet.62,ENT-LINE-ACL,APPROVED_REPORT_DRAWING_GOLDEN,,,drawingSpecification,drawing_item,DWG-00062,DWG-S062,CONFIRMED,MAPPED,promotion APPROVED_REPORT_DRAWING_GOLDEN
G-DWG-0063,drawing,drawing.sheet.63,ENT-LINE-ACL,APPROVED_REPORT_DRAWING_GOLDEN,,,drawingSpecification,drawing_item,DWG-00063,DWG-S063,CONFIRMED,MAPPED,promotion APPROVED_REPORT_DRAWING_GOLDEN
G-DWG-0064,drawing,drawing.sheet.64,ENT-LINE-ACL,APPROVED_REPORT_DRAWING_GOLDEN,,,drawingSpecification,drawing_item,DWG-00064,DWG-S064,CONFIRMED,MAPPED,promotion APPROVED_REPORT_DRAWING_GOLDEN
G-DWG-0065,drawing,drawing.sheet.65,ENT-LINE-ACL,APPROVED_REPORT_DRAWING_GOLDEN,,,drawingSpecification,drawing_item,DWG-00065,DWG-S065,CONFIRMED,MAPPED,promotion APPROVED_REPORT_DRAWING_GOLDEN
G-DWG-0066,drawing,drawing.sheet.66,ENT-LINE-ACL,APPROVED_REPORT_DRAWING_GOLDEN,,,drawingSpecification,drawing_item,DWG-00066,DWG-S066,CONFIRMED,MAPPED,promotion APPROVED_REPORT_DRAWING_GOLDEN
G-DWG-0067,drawing,drawing.sheet.67,ENT-LINE-ACL,APPROVED_REPORT_DRAWING_GOLDEN,,,drawingSpecification,drawing_item,DWG-00067,DWG-S067,CONFIRMED,MAPPED,promotion APPROVED_REPORT_DRAWING_GOLDEN
G-DWG-0068,drawing,drawing.sheet.68,ENT-LINE-ACL,APPROVED_REPORT_DRAWING_GOLDEN,,,drawingSpecification,drawing_item,DWG-00068,DWG-S068,CONFIRMED,MAPPED,promotion APPROVED_REPORT_DRAWING_GOLDEN
G-DWG-0069,drawing,drawing.sheet.69,ENT-LINE-ACL,APPROVED_REPORT_DRAWING_GOLDEN,,,drawingSpecification,drawing_item,DWG-00069,DWG-S069,CONFIRMED,MAPPED,promotion APPROVED_REPORT_DRAWING_GOLDEN
G-DWG-0070,drawing,drawing.sheet.70,ENT-LINE-ACL,APPROVED_REPORT_DRAWING_GOLDEN,,,drawingSpecification,drawing_item,DWG-00070,DWG-S070,CONFIRMED,MAPPED,promotion APPROVED_REPORT_DRAWING_GOLDEN
G-DWG-0071,drawing,drawing.sheet.71,ENT-LINE-ACL,APPROVED_REPORT_DRAWING_GOLDEN,,,drawingSpecification,drawing_item,DWG-00071,DWG-S071,CONFIRMED,MAPPED,promotion APPROVED_REPORT_DRAWING_GOLDEN
G-DWG-0072,drawing,drawing.sheet.72,ENT-LINE-ACL,APPROVED_REPORT_DRAWING_GOLDEN,,,drawingSpecification,drawing_item,DWG-00072,DWG-S072,CONFIRMED,MAPPED,promotion APPROVED_REPORT_DRAWING_GOLDEN
G-DWG-0073,drawing,drawing.sheet.73,ENT-LINE-ACL,APPROVED_REPORT_DRAWING_GOLDEN,,,drawingSpecification,drawing_item,DWG-00073,DWG-S073,CONFIRMED,MAPPED,promotion APPROVED_REPORT_DRAWING_GOLDEN
G-DWG-0074,drawing,drawing.sheet.74,ENT-LINE-ACL,APPROVED_REPORT_DRAWING_GOLDEN,,,drawingSpecification,drawing_item,DWG-00074,DWG-S074,CONFIRMED,MAPPED,promotion APPROVED_REPORT_DRAWING_GOLDEN
G-DWG-0075,drawing,drawing.sheet.75,ENT-LINE-ACL,APPROVED_REPORT_DRAWING_GOLDEN,,,drawingSpecification,drawing_item,DWG-00075,DWG-S075,CONFIRMED,MAPPED,promotion APPROVED_REPORT_DRAWING_GOLDEN
G-DWG-0076,drawing,drawing.sheet.76,ENT-LINE-ACL,APPROVED_REPORT_DRAWING_GOLDEN,,,drawingSpecification,drawing_item,DWG-00076,DWG-S076,CONFIRMED,MAPPED,promotion APPROVED_REPORT_DRAWING_GOLDEN
G-DWG-0077,drawing,drawing.sheet.77,ENT-LINE-ACL,APPROVED_REPORT_DRAWING_GOLDEN,,,drawingSpecification,drawing_item,DWG-00077,DWG-S077,CONFIRMED,MAPPED,promotion APPROVED_REPORT_DRAWING_GOLDEN
G-DWG-0078,drawing,drawing.sheet.78,ENT-LINE-ACL,APPROVED_REPORT_DRAWING_GOLDEN,,,drawingSpecification,drawing_item,DWG-00078,DWG-S078,CONFIRMED,MAPPED,promotion APPROVED_REPORT_DRAWING_GOLDEN
G-DWG-0079,drawing,drawing.sheet.79,ENT-LINE-ACL,APPROVED_REPORT_DRAWING_GOLDEN,,,drawingSpecification,drawing_item,DWG-00079,DWG-S079,CONFIRMED,MAPPED,promotion APPROVED_REPORT_DRAWING_GOLDEN
G-DWG-0080,drawing,drawing.sheet.80,ENT-LINE-ACL,APPROVED_REPORT_DRAWING_GOLDEN,,,drawingSpecification,drawing_item,DWG-00080,DWG-S080,CONFIRMED,MAPPED,promotion APPROVED_REPORT_DRAWING_GOLDEN
G-DWG-0081,drawing,drawing.sheet.81,ENT-LINE-ACL,APPROVED_REPORT_DRAWING_GOLDEN,,,drawingSpecification,drawing_item,DWG-00081,DWG-S081,CONFIRMED,MAPPED,promotion APPROVED_REPORT_DRAWING_GOLDEN
G-DWG-0082,drawing,drawing.sheet.82,ENT-LINE-ACL,APPROVED_REPORT_DRAWING_GOLDEN,,,drawingSpecification,drawing_item,DWG-00082,DWG-S082,CONFIRMED,MAPPED,promotion APPROVED_REPORT_DRAWING_GOLDEN
G-DWG-0083,drawing,drawing.sheet.83,ENT-LINE-ACL,APPROVED_REPORT_DRAWING_GOLDEN,,,drawingSpecification,drawing_item,DWG-00083,DWG-S083,CONFIRMED,MAPPED,promotion APPROVED_REPORT_DRAWING_GOLDEN
G-DWG-0084,drawing,drawing.sheet.84,ENT-LINE-ACL,APPROVED_REPORT_DRAWING_GOLDEN,,,drawingSpecification,drawing_item,DWG-00084,DWG-S084,CONFIRMED,MAPPED,promotion APPROVED_REPORT_DRAWING_GOLDEN
G-DWG-0085,drawing,drawing.sheet.85,ENT-LINE-ACL,APPROVED_REPORT_DRAWING_GOLDEN,,,drawingSpecification,drawing_item,DWG-00085,DWG-S085,CONFIRMED,MAPPED,promotion APPROVED_REPORT_DRAWING_GOLDEN
G-DWG-0086,drawing,drawing.sheet.86,ENT-LINE-ACL,APPROVED_REPORT_DRAWING_GOLDEN,,,drawingSpecification,drawing_item,DWG-00086,DWG-S086,CONFIRMED,MAPPED,promotion APPROVED_REPORT_DRAWING_GOLDEN
G-DWG-0087,drawing,drawing.sheet.87,ENT-LINE-ACL,APPROVED_REPORT_DRAWING_GOLDEN,,,drawingSpecification,drawing_item,DWG-00087,DWG-S087,CONFIRMED,MAPPED,promotion APPROVED_REPORT_DRAWING_GOLDEN
G-DWG-0088,drawing,drawing.sheet.88,ENT-LINE-ACL,APPROVED_REPORT_DRAWING_GOLDEN,,,drawingSpecification,drawing_item,DWG-00088,DWG-S088,CONFIRMED,MAPPED,promotion APPROVED_REPORT_DRAWING_GOLDEN
G-DWG-0089,drawing,drawing.sheet.89,ENT-LINE-ACL,APPROVED_REPORT_DRAWING_GOLDEN,,,drawingSpecification,drawing_item,DWG-00089,DWG-S089,CONFIRMED,MAPPED,promotion APPROVED_REPORT_DRAWING_GOLDEN
G-DWG-0090,drawing,drawing.sheet.90,ENT-LINE-ACL,APPROVED_REPORT_DRAWING_GOLDEN,,,drawingSpecification,drawing_item,DWG-00090,DWG-S090,CONFIRMED,MAPPED,promotion APPROVED_REPORT_DRAWING_GOLDEN
G-DWG-0091,drawing,drawing.sheet.91,ENT-LINE-ACL,APPROVED_REPORT_DRAWING_GOLDEN,,,drawingSpecification,drawing_item,DWG-00091,DWG-S091,CONFIRMED,MAPPED,promotion APPROVED_REPORT_DRAWING_GOLDEN
G-DWG-0092,drawing,drawing.sheet.92,ENT-LINE-ACL,APPROVED_REPORT_DRAWING_GOLDEN,,,drawingSpecification,drawing_item,DWG-00092,DWG-S092,CONFIRMED,MAPPED,promotion APPROVED_REPORT_DRAWING_GOLDEN
G-DWG-0093,drawing,drawing.sheet.93,ENT-LINE-ACL,APPROVED_REPORT_DRAWING_GOLDEN,,,drawingSpecification,drawing_item,DWG-00093,DWG-S093,CONFIRMED,MAPPED,promotion APPROVED_REPORT_DRAWING_GOLDEN
G-DWG-0094,drawing,drawing.sheet.94,ENT-LINE-ACL,APPROVED_REPORT_DRAWING_GOLDEN,,,drawingSpecification,drawing_item,DWG-00094,DWG-S094,CONFIRMED,MAPPED,promotion APPROVED_REPORT_DRAWING_GOLDEN
G-DWG-0095,drawing,drawing.sheet.95,ENT-LINE-ACL,APPROVED_REPORT_DRAWING_GOLDEN,,,drawingSpecification,drawing_item,DWG-00095,DWG-S095,CONFIRMED,MAPPED,promotion APPROVED_REPORT_DRAWING_GOLDEN
G-DWG-0096,drawing,drawing.sheet.96,ENT-LINE-ACL,APPROVED_REPORT_DRAWING_GOLDEN,,,drawingSpecification,drawing_item,DWG-00096,DWG-S096,CONFIRMED,MAPPED,promotion APPROVED_REPORT_DRAWING_GOLDEN
G-DWG-0097,drawing,drawing.sheet.97,ENT-LINE-ACL,APPROVED_REPORT_DRAWING_GOLDEN,,,drawingSpecification,drawing_item,DWG-00097,DWG-S097,CONFIRMED,MAPPED,promotion APPROVED_REPORT_DRAWING_GOLDEN
G-DWG-0098,drawing,drawing.sheet.98,ENT-LINE-ACL,APPROVED_REPORT_DRAWING_GOLDEN,,,drawingSpecification,drawing_item,DWG-00098,DWG-S098,CONFIRMED,MAPPED,promotion APPROVED_REPORT_DRAWING_GOLDEN
G-DWG-0099,drawing,drawing.sheet.99,ENT-LINE-ACL,APPROVED_REPORT_DRAWING_GOLDEN,,,drawingSpecification,drawing_item,DWG-00099,DWG-S099,CONFIRMED,MAPPED,promotion APPROVED_REPORT_DRAWING_GOLDEN
G-DWG-0100,drawing,drawing.sheet.100,ENT-LINE-ACL,APPROVED_REPORT_DRAWING_GOLDEN,,,drawingSpecification,drawing_item,DWG-00100,DWG-S100,CONFIRMED,MAPPED,promotion APPROVED_REPORT_DRAWING_GOLDEN
G-DWG-0101,drawing,drawing.sheet.101,ENT-LINE-ACL,APPROVED_REPORT_DRAWING_GOLDEN,,,drawingSpecification,drawing_item,DWG-00101,DWG-S101,CONFIRMED,MAPPED,promotion APPROVED_REPORT_DRAWING_GOLDEN
G-DWG-0102,drawing,drawing.sheet.102,ENT-LINE-ACL,APPROVED_REPORT_DRAWING_GOLDEN,,,drawingSpecification,drawing_item,DWG-00102,DWG-S102,CONFIRMED,MAPPED,promotion APPROVED_REPORT_DRAWING_GOLDEN
G-DWG-0103,drawing,drawing.sheet.103,ENT-LINE-ACL,APPROVED_REPORT_DRAWING_GOLDEN,,,drawingSpecification,drawing_item,DWG-00103,DWG-S103,CONFIRMED,MAPPED,promotion APPROVED_REPORT_DRAWING_GOLDEN
G-DWG-0104,drawing,drawing.sheet.104,ENT-LINE-ACL,APPROVED_REPORT_DRAWING_GOLDEN,,,drawingSpecification,drawing_item,DWG-00104,DWG-S104,CONFIRMED,MAPPED,promotion APPROVED_REPORT_DRAWING_GOLDEN
G-DWG-0105,drawing,drawing.sheet.105,ENT-LINE-ACL,APPROVED_REPORT_DRAWING_GOLDEN,,,drawingSpecification,drawing_item,DWG-00105,DWG-S105,CONFIRMED,MAPPED,promotion APPROVED_REPORT_DRAWING_GOLDEN
G-DWG-0106,drawing,drawing.sheet.106,ENT-LINE-ACL,APPROVED_REPORT_DRAWING_GOLDEN,,,drawingSpecification,drawing_item,DWG-00106,DWG-S106,CONFIRMED,MAPPED,promotion APPROVED_REPORT_DRAWING_GOLDEN
G-DWG-0107,drawing,drawing.sheet.107,ENT-LINE-ACL,APPROVED_REPORT_DRAWING_GOLDEN,,,drawingSpecification,drawing_item,DWG-00107,DWG-S107,CONFIRMED,MAPPED,promotion APPROVED_REPORT_DRAWING_GOLDEN
G-DWG-0108,drawing,drawing.sheet.108,ENT-LINE-ACL,APPROVED_REPORT_DRAWING_GOLDEN,,,drawingSpecification,drawing_item,DWG-00108,DWG-S108,CONFIRMED,MAPPED,promotion APPROVED_REPORT_DRAWING_GOLDEN
G-DWG-0109,drawing,drawing.sheet.109,ENT-LINE-ACL,APPROVED_REPORT_DRAWING_GOLDEN,,,drawingSpecification,drawing_item,DWG-00109,DWG-S109,CONFIRMED,MAPPED,promotion APPROVED_REPORT_DRAWING_GOLDEN
G-DWG-0110,drawing,drawing.sheet.110,ENT-LINE-ACL,APPROVED_REPORT_DRAWING_GOLDEN,,,drawingSpecification,drawing_item,DWG-00110,DWG-S110,CONFIRMED,MAPPED,promotion APPROVED_REPORT_DRAWING_GOLDEN
G-DWG-0111,drawing,drawing.sheet.111,ENT-LINE-ACL,APPROVED_REPORT_DRAWING_GOLDEN,,,drawingSpecification,drawing_item,DWG-00111,DWG-S111,CONFIRMED,MAPPED,promotion APPROVED_REPORT_DRAWING_GOLDEN
G-DWG-0112,drawing,drawing.sheet.112,ENT-LINE-ACL,APPROVED_REPORT_DRAWING_GOLDEN,,,drawingSpecification,drawing_item,DWG-00112,DWG-S112,CONFIRMED,MAPPED,promotion APPROVED_REPORT_DRAWING_GOLDEN
G-DWG-0113,drawing,drawing.sheet.113,ENT-LINE-ACL,APPROVED_REPORT_DRAWING_GOLDEN,,,drawingSpecification,drawing_item,DWG-00113,DWG-S113,CONFIRMED,MAPPED,promotion APPROVED_REPORT_DRAWING_GOLDEN
G-DWG-0114,drawing,drawing.sheet.114,ENT-LINE-ACL,APPROVED_REPORT_DRAWING_GOLDEN,,,drawingSpecification,drawing_item,DWG-00114,DWG-S114,CONFIRMED,MAPPED,promotion APPROVED_REPORT_DRAWING_GOLDEN
G-DWG-0115,drawing,drawing.sheet.115,ENT-LINE-ACL,APPROVED_REPORT_DRAWING_GOLDEN,,,drawingSpecification,drawing_item,DWG-00115,DWG-S115,CONFIRMED,MAPPED,promotion APPROVED_REPORT_DRAWING_GOLDEN
G-DWG-0116,drawing,drawing.sheet.116,ENT-LINE-ACL,APPROVED_REPORT_DRAWING_GOLDEN,,,drawingSpecification,drawing_item,DWG-00116,DWG-S116,CONFIRMED,MAPPED,promotion APPROVED_REPORT_DRAWING_GOLDEN
G-DWG-0117,drawing,drawing.sheet.117,ENT-LINE-ACL,APPROVED_REPORT_DRAWING_GOLDEN,,,drawingSpecification,drawing_item,DWG-00117,DWG-S117,CONFIRMED,MAPPED,promotion APPROVED_REPORT_DRAWING_GOLDEN
G-DWG-0118,drawing,drawing.sheet.118,ENT-LINE-ACL,APPROVED_REPORT_DRAWING_GOLDEN,,,drawingSpecification,drawing_item,DWG-00118,DWG-S118,CONFIRMED,MAPPED,promotion APPROVED_REPORT_DRAWING_GOLDEN
G-DWG-0119,drawing,drawing.sheet.119,ENT-LINE-ACL,APPROVED_REPORT_DRAWING_GOLDEN,,,drawingSpecification,drawing_item,DWG-00119,DWG-S119,CONFIRMED,MAPPED,promotion APPROVED_REPORT_DRAWING_GOLDEN
G-DWG-0120,drawing,drawing.sheet.120,ENT-LINE-ACL,APPROVED_REPORT_DRAWING_GOLDEN,,,drawingSpecification,drawing_item,DWG-00120,DWG-S120,CONFIRMED,MAPPED,promotion APPROVED_REPORT_DRAWING_GOLDEN
G-DWG-0121,drawing,drawing.sheet.121,ENT-LINE-ACL,APPROVED_REPORT_DRAWING_GOLDEN,,,drawingSpecification,drawing_item,DWG-00121,DWG-S121,CONFIRMED,MAPPED,promotion APPROVED_REPORT_DRAWING_GOLDEN
G-DWG-0122,drawing,drawing.sheet.122,ENT-LINE-ACL,APPROVED_REPORT_DRAWING_GOLDEN,,,drawingSpecification,drawing_item,DWG-00122,DWG-S122,CONFIRMED,MAPPED,promotion APPROVED_REPORT_DRAWING_GOLDEN
G-DWG-0123,drawing,drawing.sheet.123,ENT-LINE-ACL,APPROVED_REPORT_DRAWING_GOLDEN,,,drawingSpecification,drawing_item,DWG-00123,DWG-S123,CONFIRMED,MAPPED,promotion APPROVED_REPORT_DRAWING_GOLDEN
G-DWG-0124,drawing,drawing.sheet.124,ENT-LINE-ACL,APPROVED_REPORT_DRAWING_GOLDEN,,,drawingSpecification,drawing_item,DWG-00124,DWG-S124,CONFIRMED,MAPPED,promotion APPROVED_REPORT_DRAWING_GOLDEN
G-DWG-0125,drawing,drawing.sheet.125,ENT-LINE-ACL,APPROVED_REPORT_DRAWING_GOLDEN,,,drawingSpecification,drawing_item,DWG-00125,DWG-S125,CONFIRMED,MAPPED,promotion APPROVED_REPORT_DRAWING_GOLDEN
G-DWG-0126,drawing,drawing.sheet.126,ENT-LINE-ACL,APPROVED_REPORT_DRAWING_GOLDEN,,,drawingSpecification,drawing_item,DWG-00126,DWG-S126,CONFIRMED,MAPPED,promotion APPROVED_REPORT_DRAWING_GOLDEN
G-DWG-0127,drawing,drawing.sheet.127,ENT-LINE-ACL,APPROVED_REPORT_DRAWING_GOLDEN,,,drawingSpecification,drawing_item,DWG-00127,DWG-S127,CONFIRMED,MAPPED,promotion APPROVED_REPORT_DRAWING_GOLDEN
G-DWG-0128,drawing,drawing.sheet.128,ENT-LINE-ACL,APPROVED_REPORT_DRAWING_GOLDEN,,,drawingSpecification,drawing_item,DWG-00128,DWG-S128,CONFIRMED,MAPPED,promotion APPROVED_REPORT_DRAWING_GOLDEN
G-DWG-0129,drawing,drawing.sheet.129,ENT-LINE-ACL,APPROVED_REPORT_DRAWING_GOLDEN,,,drawingSpecification,drawing_item,DWG-00129,DWG-S129,CONFIRMED,MAPPED,promotion APPROVED_REPORT_DRAWING_GOLDEN
G-DWG-0130,drawing,drawing.sheet.130,ENT-LINE-ACL,APPROVED_REPORT_DRAWING_GOLDEN,,,drawingSpecification,drawing_item,DWG-00130,DWG-S130,CONFIRMED,MAPPED,promotion APPROVED_REPORT_DRAWING_GOLDEN
G-DWG-0131,drawing,drawing.sheet.131,ENT-LINE-ACL,APPROVED_REPORT_DRAWING_GOLDEN,,,drawingSpecification,drawing_item,DWG-00131,DWG-S131,CONFIRMED,MAPPED,promotion APPROVED_REPORT_DRAWING_GOLDEN
G-DWG-0132,drawing,drawing.sheet.132,ENT-LINE-ACL,APPROVED_REPORT_DRAWING_GOLDEN,,,drawingSpecification,drawing_item,DWG-00132,DWG-S132,CONFIRMED,MAPPED,promotion APPROVED_REPORT_DRAWING_GOLDEN
G-DWG-0133,drawing,drawing.sheet.133,ENT-LINE-ACL,APPROVED_REPORT_DRAWING_GOLDEN,,,drawingSpecification,drawing_item,DWG-00133,DWG-S133,CONFIRMED,MAPPED,promotion APPROVED_REPORT_DRAWING_GOLDEN
G-DWG-0134,drawing,drawing.sheet.134,ENT-LINE-ACL,APPROVED_REPORT_DRAWING_GOLDEN,,,drawingSpecification,drawing_item,DWG-00134,DWG-S134,CONFIRMED,MAPPED,promotion APPROVED_REPORT_DRAWING_GOLDEN
G-DWG-0135,drawing,drawing.sheet.135,ENT-LINE-ACL,APPROVED_REPORT_DRAWING_GOLDEN,,,drawingSpecification,drawing_item,DWG-00135,DWG-S135,CONFIRMED,MAPPED,promotion APPROVED_REPORT_DRAWING_GOLDEN
G-DWG-0136,drawing,drawing.sheet.136,ENT-LINE-ACL,APPROVED_REPORT_DRAWING_GOLDEN,,,drawingSpecification,drawing_item,DWG-00136,DWG-S136,CONFIRMED,MAPPED,promotion APPROVED_REPORT_DRAWING_GOLDEN
G-DWG-0137,drawing,drawing.sheet.137,ENT-LINE-ACL,APPROVED_REPORT_DRAWING_GOLDEN,,,drawingSpecification,drawing_item,DWG-00137,DWG-S137,CONFIRMED,MAPPED,promotion APPROVED_REPORT_DRAWING_GOLDEN
G-DWG-0138,drawing,drawing.sheet.138,ENT-LINE-ACL,APPROVED_REPORT_DRAWING_GOLDEN,,,drawingSpecification,drawing_item,DWG-00138,DWG-S138,CONFIRMED,MAPPED,promotion APPROVED_REPORT_DRAWING_GOLDEN
G-DWG-0139,drawing,drawing.sheet.139,ENT-LINE-ACL,APPROVED_REPORT_DRAWING_GOLDEN,,,drawingSpecification,drawing_item,DWG-00139,DWG-S139,CONFIRMED,MAPPED,promotion APPROVED_REPORT_DRAWING_GOLDEN
G-DWG-0140,drawing,drawing.sheet.140,ENT-LINE-ACL,APPROVED_REPORT_DRAWING_GOLDEN,,,drawingSpecification,drawing_item,DWG-00140,DWG-S140,CONFIRMED,MAPPED,promotion APPROVED_REPORT_DRAWING_GOLDEN
G-DWG-0141,drawing,drawing.sheet.141,ENT-LINE-ACL,APPROVED_WITH_HUMAN_CONFIRMATION_TRACK,HCR-001,,drawingSpecification,drawing_item,DWG-00141,DWG-S141,HUMAN_CONFIRMATION_REQUIRED,MAPPED_WITH_HUMAN_TRACK,"human confirmation HCR-001 preserved; value present, confirmation pending"
G-DWG-0142,drawing,drawing.title_block.DWG-TB-S001-001,ENT-LINE-ACL,APPROVED_REPORT_DRAWING_GOLDEN,,,drawingSpecification,drawing_item,DWG-00142,,CONFIRMED,MAPPED,promotion APPROVED_REPORT_DRAWING_GOLDEN
G-DWG-0143,drawing,drawing.title_block.DWG-TB-S002-001,ENT-LINE-ACL,APPROVED_REPORT_DRAWING_GOLDEN,,,drawingSpecification,drawing_item,DWG-00143,,CONFIRMED,MAPPED,promotion APPROVED_REPORT_DRAWING_GOLDEN
G-DWG-0144,drawing,drawing.title_block.DWG-TB-S003-001,ENT-LINE-ACL,APPROVED_REPORT_DRAWING_GOLDEN,,,drawingSpecification,drawing_item,DWG-00144,,CONFIRMED,MAPPED,promotion APPROVED_REPORT_DRAWING_GOLDEN
G-DWG-0145,drawing,drawing.title_block.DWG-TB-S004-001,ENT-LINE-ACL,APPROVED_REPORT_DRAWING_GOLDEN,,,drawingSpecification,drawing_item,DWG-00145,,CONFIRMED,MAPPED,promotion APPROVED_REPORT_DRAWING_GOLDEN
G-DWG-0146,drawing,drawing.title_block.DWG-TB-S005-001,ENT-LINE-ACL,APPROVED_REPORT_DRAWING_GOLDEN,,,drawingSpecification,drawing_item,DWG-00146,,CONFIRMED,MAPPED,promotion APPROVED_REPORT_DRAWING_GOLDEN
G-DWG-0147,drawing,drawing.title_block.DWG-TB-S006-001,ENT-LINE-ACL,APPROVED_REPORT_DRAWING_GOLDEN,,,drawingSpecification,drawing_item,DWG-00147,,CONFIRMED,MAPPED,promotion APPROVED_REPORT_DRAWING_GOLDEN
G-DWG-0148,drawing,drawing.title_block.DWG-TB-S007-001,ENT-LINE-ACL,APPROVED_REPORT_DRAWING_GOLDEN,,,drawingSpecification,drawing_item,DWG-00148,,CONFIRMED,MAPPED,promotion APPROVED_REPORT_DRAWING_GOLDEN
G-DWG-0149,drawing,drawing.title_block.DWG-TB-S008-001,ENT-LINE-ACL,APPROVED_REPORT_DRAWING_GOLDEN,,,drawingSpecification,drawing_item,DWG-00149,,CONFIRMED,MAPPED,promotion APPROVED_REPORT_DRAWING_GOLDEN
G-DWG-0150,drawing,drawing.title_block.DWG-TB-S009-001,ENT-DECK,APPROVED_REPORT_DRAWING_GOLDEN,,,drawingSpecification,drawing_item,DWG-00150,,CONFIRMED,MAPPED,promotion APPROVED_REPORT_DRAWING_GOLDEN
G-DWG-0151,drawing,drawing.title_block.DWG-TB-S010-001,ENT-LINE-ACL,APPROVED_REPORT_DRAWING_GOLDEN,,,drawingSpecification,drawing_item,DWG-00151,,CONFIRMED,MAPPED,promotion APPROVED_REPORT_DRAWING_GOLDEN
G-DWG-0152,drawing,drawing.title_block.DWG-TB-S011-001,ENT-LINE-ACL,APPROVED_REPORT_DRAWING_GOLDEN,,,drawingSpecification,drawing_item,DWG-00152,,CONFIRMED,MAPPED,promotion APPROVED_REPORT_DRAWING_GOLDEN
G-DWG-0153,drawing,drawing.title_block.DWG-TB-S012-001,ENT-LINE-ACL,APPROVED_REPORT_DRAWING_GOLDEN,,,drawingSpecification,drawing_item,DWG-00153,,CONFIRMED,MAPPED,promotion APPROVED_REPORT_DRAWING_GOLDEN
G-DWG-0154,drawing,drawing.title_block.DWG-TB-S013-001,ENT-GIRDER-AG1,APPROVED_REPORT_DRAWING_GOLDEN,,,drawingSpecification,drawing_item,DWG-00154,,CONFIRMED,MAPPED,promotion APPROVED_REPORT_DRAWING_GOLDEN
G-DWG-0155,drawing,drawing.title_block.DWG-TB-S014-001,ENT-GIRDER-AG2,APPROVED_REPORT_DRAWING_GOLDEN,,,drawingSpecification,drawing_item,DWG-00155,,CONFIRMED,MAPPED,promotion APPROVED_REPORT_DRAWING_GOLDEN
G-DWG-0156,drawing,drawing.title_block.DWG-TB-S015-001,ENT-DECK,APPROVED_REPORT_DRAWING_GOLDEN,,,drawingSpecification,drawing_item,DWG-00156,,CONFIRMED,MAPPED,promotion APPROVED_REPORT_DRAWING_GOLDEN
G-DWG-0157,drawing,drawing.title_block.DWG-TB-S016-001,ENT-DECK,APPROVED_REPORT_DRAWING_GOLDEN,,,drawingSpecification,drawing_item,DWG-00157,,CONFIRMED,MAPPED,promotion APPROVED_REPORT_DRAWING_GOLDEN
G-DWG-0158,drawing,drawing.title_block.DWG-TB-S017-001,ENT-LINE-ACL,APPROVED_REPORT_DRAWING_GOLDEN,,,drawingSpecification,drawing_item,DWG-00158,,CONFIRMED,MAPPED,promotion APPROVED_REPORT_DRAWING_GOLDEN
G-DWG-0159,drawing,drawing.title_block.DWG-TB-S018-001,ENT-LINE-ACL,APPROVED_REPORT_DRAWING_GOLDEN,,,drawingSpecification,drawing_item,DWG-00159,,CONFIRMED,MAPPED,promotion APPROVED_REPORT_DRAWING_GOLDEN
G-DWG-0160,drawing,drawing.title_block.DWG-TB-S019-001,ENT-LINE-ACL,APPROVED_REPORT_DRAWING_GOLDEN,,,drawingSpecification,drawing_item,DWG-00160,,CONFIRMED,MAPPED,promotion APPROVED_REPORT_DRAWING_GOLDEN
G-DWG-0161,drawing,drawing.title_block.DWG-TB-S020-001,ENT-LINE-ACL,APPROVED_REPORT_DRAWING_GOLDEN,,,drawingSpecification,drawing_item,DWG-00161,,CONFIRMED,MAPPED,promotion APPROVED_REPORT_DRAWING_GOLDEN
G-DWG-0162,drawing,drawing.title_block.DWG-TB-S021-001,ENT-GIRDER-AG1,APPROVED_REPORT_DRAWING_GOLDEN,,,drawingSpecification,drawing_item,DWG-00162,,CONFIRMED,MAPPED,promotion APPROVED_REPORT_DRAWING_GOLDEN
G-DWG-0163,drawing,drawing.title_block.DWG-TB-S022-001,ENT-GIRDER-AG1,APPROVED_REPORT_DRAWING_GOLDEN,,,drawingSpecification,drawing_item,DWG-00163,,CONFIRMED,MAPPED,promotion APPROVED_REPORT_DRAWING_GOLDEN
G-DWG-0164,drawing,drawing.title_block.DWG-TB-S023-001,ENT-GIRDER-AG1,APPROVED_REPORT_DRAWING_GOLDEN,,,drawingSpecification,drawing_item,DWG-00164,,CONFIRMED,MAPPED,promotion APPROVED_REPORT_DRAWING_GOLDEN
G-DWG-0165,drawing,drawing.title_block.DWG-TB-S024-001,ENT-GIRDER-AG1,APPROVED_REPORT_DRAWING_GOLDEN,,,drawingSpecification,drawing_item,DWG-00165,,CONFIRMED,MAPPED,promotion APPROVED_REPORT_DRAWING_GOLDEN
G-DWG-0166,drawing,drawing.title_block.DWG-TB-S025-001,ENT-GIRDER-AG1,APPROVED_REPORT_DRAWING_GOLDEN,,,drawingSpecification,drawing_item,DWG-00166,,CONFIRMED,MAPPED,promotion APPROVED_REPORT_DRAWING_GOLDEN
G-DWG-0167,drawing,drawing.title_block.DWG-TB-S026-001,ENT-GIRDER-AG1,APPROVED_REPORT_DRAWING_GOLDEN,,,drawingSpecification,drawing_item,DWG-00167,,CONFIRMED,MAPPED,promotion APPROVED_REPORT_DRAWING_GOLDEN
G-DWG-0168,drawing,drawing.title_block.DWG-TB-S027-001,ENT-GIRDER-AG1,APPROVED_REPORT_DRAWING_GOLDEN,,,drawingSpecification,drawing_item,DWG-00168,,CONFIRMED,MAPPED,promotion APPROVED_REPORT_DRAWING_GOLDEN
G-DWG-0169,drawing,drawing.title_block.DWG-TB-S028-001,ENT-GIRDER-AG1,APPROVED_REPORT_DRAWING_GOLDEN,,,drawingSpecification,drawing_item,DWG-00169,,CONFIRMED,MAPPED,promotion APPROVED_REPORT_DRAWING_GOLDEN
G-DWG-0170,drawing,drawing.title_block.DWG-TB-S029-001,ENT-GIRDER-AG1,APPROVED_REPORT_DRAWING_GOLDEN,,,drawingSpecification,drawing_item,DWG-00170,,CONFIRMED,MAPPED,promotion APPROVED_REPORT_DRAWING_GOLDEN
G-DWG-0171,drawing,drawing.title_block.DWG-TB-S030-001,ENT-GIRDER-AG2,APPROVED_REPORT_DRAWING_GOLDEN,,,drawingSpecification,drawing_item,DWG-00171,,CONFIRMED,MAPPED,promotion APPROVED_REPORT_DRAWING_GOLDEN
G-DWG-0172,drawing,drawing.title_block.DWG-TB-S031-001,ENT-GIRDER-AG2,APPROVED_REPORT_DRAWING_GOLDEN,,,drawingSpecification,drawing_item,DWG-00172,,CONFIRMED,MAPPED,promotion APPROVED_REPORT_DRAWING_GOLDEN
G-DWG-0173,drawing,drawing.title_block.DWG-TB-S032-001,ENT-GIRDER-AG2,APPROVED_REPORT_DRAWING_GOLDEN,,,drawingSpecification,drawing_item,DWG-00173,,CONFIRMED,MAPPED,promotion APPROVED_REPORT_DRAWING_GOLDEN
G-DWG-0174,drawing,drawing.title_block.DWG-TB-S033-001,ENT-GIRDER-AG2,APPROVED_REPORT_DRAWING_GOLDEN,,,drawingSpecification,drawing_item,DWG-00174,,CONFIRMED,MAPPED,promotion APPROVED_REPORT_DRAWING_GOLDEN
G-DWG-0175,drawing,drawing.title_block.DWG-TB-S034-001,ENT-GIRDER-AG2,APPROVED_REPORT_DRAWING_GOLDEN,,,drawingSpecification,drawing_item,DWG-00175,,CONFIRMED,MAPPED,promotion APPROVED_REPORT_DRAWING_GOLDEN
G-DWG-0176,drawing,drawing.title_block.DWG-TB-S035-001,ENT-GIRDER-AG2,APPROVED_REPORT_DRAWING_GOLDEN,,,drawingSpecification,drawing_item,DWG-00176,,CONFIRMED,MAPPED,promotion APPROVED_REPORT_DRAWING_GOLDEN
G-DWG-0177,drawing,drawing.title_block.DWG-TB-S036-001,ENT-GIRDER-AG2,APPROVED_REPORT_DRAWING_GOLDEN,,,drawingSpecification,drawing_item,DWG-00177,,CONFIRMED,MAPPED,promotion APPROVED_REPORT_DRAWING_GOLDEN
G-DWG-0178,drawing,drawing.title_block.DWG-TB-S037-001,ENT-GIRDER-AG2,APPROVED_REPORT_DRAWING_GOLDEN,,,drawingSpecification,drawing_item,DWG-00178,,CONFIRMED,MAPPED,promotion APPROVED_REPORT_DRAWING_GOLDEN
G-DWG-0179,drawing,drawing.title_block.DWG-TB-S038-001,ENT-GIRDER-AG2,APPROVED_REPORT_DRAWING_GOLDEN,,,drawingSpecification,drawing_item,DWG-00179,,CONFIRMED,MAPPED,promotion APPROVED_REPORT_DRAWING_GOLDEN
G-DWG-0180,drawing,drawing.title_block.DWG-TB-S039-001,ENT-STUD,APPROVED_REPORT_DRAWING_GOLDEN,,,drawingSpecification,drawing_item,DWG-00180,,CONFIRMED,MAPPED,promotion APPROVED_REPORT_DRAWING_GOLDEN
G-DWG-0181,drawing,drawing.title_block.DWG-TB-S040-001,ENT-STUD,APPROVED_REPORT_DRAWING_GOLDEN,,,drawingSpecification,drawing_item,DWG-00181,,CONFIRMED,MAPPED,promotion APPROVED_REPORT_DRAWING_GOLDEN
G-DWG-0182,drawing,drawing.title_block.DWG-TB-S041-001,ENT-STUD,APPROVED_REPORT_DRAWING_GOLDEN,,,drawingSpecification,drawing_item,DWG-00182,,CONFIRMED,MAPPED,promotion APPROVED_REPORT_DRAWING_GOLDEN
G-DWG-0183,drawing,drawing.title_block.DWG-TB-S042-001,ENT-STUD,APPROVED_REPORT_DRAWING_GOLDEN,,,drawingSpecification,drawing_item,DWG-00183,,CONFIRMED,MAPPED,promotion APPROVED_REPORT_DRAWING_GOLDEN
G-DWG-0184,drawing,drawing.title_block.DWG-TB-S043-001,ENT-STUD,APPROVED_REPORT_DRAWING_GOLDEN,,,drawingSpecification,drawing_item,DWG-00184,,CONFIRMED,MAPPED,promotion APPROVED_REPORT_DRAWING_GOLDEN
G-DWG-0185,drawing,drawing.title_block.DWG-TB-S044-001,ENT-STUD,APPROVED_REPORT_DRAWING_GOLDEN,,,drawingSpecification,drawing_item,DWG-00185,,CONFIRMED,MAPPED,promotion APPROVED_REPORT_DRAWING_GOLDEN
G-DWG-0186,drawing,drawing.title_block.DWG-TB-S045-001,ENT-XBEAM-GE1,APPROVED_REPORT_DRAWING_GOLDEN,,,drawingSpecification,drawing_item,DWG-00186,,CONFIRMED,MAPPED,promotion APPROVED_REPORT_DRAWING_GOLDEN
G-DWG-0187,drawing,drawing.title_block.DWG-TB-S045-002,ENT-XBEAM-GE1,APPROVED_REPORT_DRAWING_GOLDEN,,,drawingSpecification,drawing_item,DWG-00187,,CONFIRMED,MAPPED,promotion APPROVED_REPORT_DRAWING_GOLDEN
G-DWG-0188,drawing,drawing.title_block.DWG-TB-S045-003,ENT-XBEAM-GE1,APPROVED_REPORT_DRAWING_GOLDEN,,,drawingSpecification,drawing_item,DWG-00188,,CONFIRMED,MAPPED,promotion APPROVED_REPORT_DRAWING_GOLDEN
G-DWG-0189,drawing,drawing.title_block.DWG-TB-S045-004,ENT-XBEAM-GE1,APPROVED_REPORT_DRAWING_GOLDEN,,,drawingSpecification,drawing_item,DWG-00189,,CONFIRMED,MAPPED,promotion APPROVED_REPORT_DRAWING_GOLDEN
G-DWG-0190,drawing,drawing.title_block.DWG-TB-S045-005,ENT-XBEAM-GE1,APPROVED_REPORT_DRAWING_GOLDEN,,,drawingSpecification,drawing_item,DWG-00190,,CONFIRMED,MAPPED,promotion APPROVED_REPORT_DRAWING_GOLDEN
G-DWG-0191,drawing,drawing.title_block.DWG-TB-S045-006,ENT-XBEAM-GE1,APPROVED_REPORT_DRAWING_GOLDEN,,,drawingSpecification,drawing_item,DWG-00191,,CONFIRMED,MAPPED,promotion APPROVED_REPORT_DRAWING_GOLDEN
G-DWG-0192,drawing,drawing.title_block.DWG-TB-S046-001,ENT-XBEAM-GE1,APPROVED_REPORT_DRAWING_GOLDEN,,,drawingSpecification,drawing_item,DWG-00192,,CONFIRMED,MAPPED,promotion APPROVED_REPORT_DRAWING_GOLDEN
G-DWG-0193,drawing,drawing.title_block.DWG-TB-S046-002,ENT-XBEAM-GE1,APPROVED_REPORT_DRAWING_GOLDEN,,,drawingSpecification,drawing_item,DWG-00193,,CONFIRMED,MAPPED,promotion APPROVED_REPORT_DRAWING_GOLDEN
G-DWG-0194,drawing,drawing.title_block.DWG-TB-S046-003,ENT-XBEAM-GE1,APPROVED_REPORT_DRAWING_GOLDEN,,,drawingSpecification,drawing_item,DWG-00194,,CONFIRMED,MAPPED,promotion APPROVED_REPORT_DRAWING_GOLDEN
G-DWG-0195,drawing,drawing.title_block.DWG-TB-S046-004,ENT-XBEAM-GE1,APPROVED_REPORT_DRAWING_GOLDEN,,,drawingSpecification,drawing_item,DWG-00195,,CONFIRMED,MAPPED,promotion APPROVED_REPORT_DRAWING_GOLDEN
G-DWG-0196,drawing,drawing.title_block.DWG-TB-S046-005,ENT-XBEAM-GE1,APPROVED_REPORT_DRAWING_GOLDEN,,,drawingSpecification,drawing_item,DWG-00196,,CONFIRMED,MAPPED,promotion APPROVED_REPORT_DRAWING_GOLDEN
G-DWG-0197,drawing,drawing.title_block.DWG-TB-S046-006,ENT-XBEAM-GE1,APPROVED_REPORT_DRAWING_GOLDEN,,,drawingSpecification,drawing_item,DWG-00197,,CONFIRMED,MAPPED,promotion APPROVED_REPORT_DRAWING_GOLDEN
G-DWG-0198,drawing,drawing.title_block.DWG-TB-S047-001,ENT-XBEAM-GE1,APPROVED_REPORT_DRAWING_GOLDEN,,,drawingSpecification,drawing_item,DWG-00198,,CONFIRMED,MAPPED,promotion APPROVED_REPORT_DRAWING_GOLDEN
G-DWG-0199,drawing,drawing.title_block.DWG-TB-S047-002,ENT-XBEAM-GE1,APPROVED_REPORT_DRAWING_GOLDEN,,,drawingSpecification,drawing_item,DWG-00199,,CONFIRMED,MAPPED,promotion APPROVED_REPORT_DRAWING_GOLDEN
G-DWG-0200,drawing,drawing.title_block.DWG-TB-S047-003,ENT-XBEAM-GE1,APPROVED_REPORT_DRAWING_GOLDEN,,,drawingSpecification,drawing_item,DWG-00200,,CONFIRMED,MAPPED,promotion APPROVED_REPORT_DRAWING_GOLDEN
G-DWG-0201,drawing,drawing.title_block.DWG-TB-S047-004,ENT-XBEAM-GE1,APPROVED_REPORT_DRAWING_GOLDEN,,,drawingSpecification,drawing_item,DWG-00201,,CONFIRMED,MAPPED,promotion APPROVED_REPORT_DRAWING_GOLDEN
G-DWG-0202,drawing,drawing.title_block.DWG-TB-S047-005,ENT-XBEAM-GE1,APPROVED_REPORT_DRAWING_GOLDEN,,,drawingSpecification,drawing_item,DWG-00202,,CONFIRMED,MAPPED,promotion APPROVED_REPORT_DRAWING_GOLDEN
G-DWG-0203,drawing,drawing.title_block.DWG-TB-S047-006,ENT-XBEAM-GE1,APPROVED_REPORT_DRAWING_GOLDEN,,,drawingSpecification,drawing_item,DWG-00203,,CONFIRMED,MAPPED,promotion APPROVED_REPORT_DRAWING_GOLDEN
G-DWG-0204,drawing,drawing.title_block.DWG-TB-S048-001,ENT-XBEAM-GE1,APPROVED_REPORT_DRAWING_GOLDEN,,,drawingSpecification,drawing_item,DWG-00204,,CONFIRMED,MAPPED,promotion APPROVED_REPORT_DRAWING_GOLDEN
G-DWG-0205,drawing,drawing.title_block.DWG-TB-S048-002,ENT-XBEAM-GE1,APPROVED_REPORT_DRAWING_GOLDEN,,,drawingSpecification,drawing_item,DWG-00205,,CONFIRMED,MAPPED,promotion APPROVED_REPORT_DRAWING_GOLDEN
G-DWG-0206,drawing,drawing.title_block.DWG-TB-S048-003,ENT-XBEAM-GE1,APPROVED_REPORT_DRAWING_GOLDEN,,,drawingSpecification,drawing_item,DWG-00206,,CONFIRMED,MAPPED,promotion APPROVED_REPORT_DRAWING_GOLDEN
G-DWG-0207,drawing,drawing.title_block.DWG-TB-S048-004,ENT-XBEAM-GE1,APPROVED_REPORT_DRAWING_GOLDEN,,,drawingSpecification,drawing_item,DWG-00207,,CONFIRMED,MAPPED,promotion APPROVED_REPORT_DRAWING_GOLDEN
G-DWG-0208,drawing,drawing.title_block.DWG-TB-S048-005,ENT-XBEAM-GE1,APPROVED_REPORT_DRAWING_GOLDEN,,,drawingSpecification,drawing_item,DWG-00208,,CONFIRMED,MAPPED,promotion APPROVED_REPORT_DRAWING_GOLDEN
G-DWG-0209,drawing,drawing.title_block.DWG-TB-S048-006,ENT-XBEAM-GE1,APPROVED_REPORT_DRAWING_GOLDEN,,,drawingSpecification,drawing_item,DWG-00209,,CONFIRMED,MAPPED,promotion APPROVED_REPORT_DRAWING_GOLDEN
G-DWG-0210,drawing,drawing.title_block.DWG-TB-S049-001,ENT-XBEAM-C1C7,APPROVED_REPORT_DRAWING_GOLDEN,,,drawingSpecification,drawing_item,DWG-00210,,CONFIRMED,MAPPED,promotion APPROVED_REPORT_DRAWING_GOLDEN
G-DWG-0211,drawing,drawing.title_block.DWG-TB-S049-002,ENT-XBEAM-C1C7,APPROVED_REPORT_DRAWING_GOLDEN,,,drawingSpecification,drawing_item,DWG-00211,,CONFIRMED,MAPPED,promotion APPROVED_REPORT_DRAWING_GOLDEN
G-DWG-0212,drawing,drawing.title_block.DWG-TB-S049-003,ENT-XBEAM-C1C7,APPROVED_REPORT_DRAWING_GOLDEN,,,drawingSpecification,drawing_item,DWG-00212,,CONFIRMED,MAPPED,promotion APPROVED_REPORT_DRAWING_GOLDEN
G-DWG-0213,drawing,drawing.title_block.DWG-TB-S049-004,ENT-XBEAM-C1C7,APPROVED_REPORT_DRAWING_GOLDEN,,,drawingSpecification,drawing_item,DWG-00213,,CONFIRMED,MAPPED,promotion APPROVED_REPORT_DRAWING_GOLDEN
G-DWG-0214,drawing,drawing.title_block.DWG-TB-S049-005,ENT-XBEAM-C1C7,APPROVED_REPORT_DRAWING_GOLDEN,,,drawingSpecification,drawing_item,DWG-00214,,CONFIRMED,MAPPED,promotion APPROVED_REPORT_DRAWING_GOLDEN
G-DWG-0215,drawing,drawing.title_block.DWG-TB-S049-006,ENT-XBEAM-C1C7,APPROVED_REPORT_DRAWING_GOLDEN,,,drawingSpecification,drawing_item,DWG-00215,,CONFIRMED,MAPPED,promotion APPROVED_REPORT_DRAWING_GOLDEN
G-DWG-0216,drawing,drawing.title_block.DWG-TB-S050-001,ENT-XBEAM-C1C7,APPROVED_REPORT_DRAWING_GOLDEN,,,drawingSpecification,drawing_item,DWG-00216,,CONFIRMED,MAPPED,promotion APPROVED_REPORT_DRAWING_GOLDEN
G-DWG-0217,drawing,drawing.title_block.DWG-TB-S050-002,ENT-XBEAM-C1C7,APPROVED_REPORT_DRAWING_GOLDEN,,,drawingSpecification,drawing_item,DWG-00217,,CONFIRMED,MAPPED,promotion APPROVED_REPORT_DRAWING_GOLDEN
G-DWG-0218,drawing,drawing.title_block.DWG-TB-S050-003,ENT-XBEAM-C1C7,APPROVED_REPORT_DRAWING_GOLDEN,,,drawingSpecification,drawing_item,DWG-00218,,CONFIRMED,MAPPED,promotion APPROVED_REPORT_DRAWING_GOLDEN
G-DWG-0219,drawing,drawing.title_block.DWG-TB-S050-004,ENT-XBEAM-C1C7,APPROVED_REPORT_DRAWING_GOLDEN,,,drawingSpecification,drawing_item,DWG-00219,,CONFIRMED,MAPPED,promotion APPROVED_REPORT_DRAWING_GOLDEN
G-DWG-0220,drawing,drawing.title_block.DWG-TB-S050-005,ENT-XBEAM-C1C7,APPROVED_REPORT_DRAWING_GOLDEN,,,drawingSpecification,drawing_item,DWG-00220,,CONFIRMED,MAPPED,promotion APPROVED_REPORT_DRAWING_GOLDEN
G-DWG-0221,drawing,drawing.title_block.DWG-TB-S050-006,ENT-XBEAM-C1C7,APPROVED_REPORT_DRAWING_GOLDEN,,,drawingSpecification,drawing_item,DWG-00221,,CONFIRMED,MAPPED,promotion APPROVED_REPORT_DRAWING_GOLDEN
G-DWG-0222,drawing,drawing.title_block.DWG-TB-S051-001,ENT-XBEAM-C1C7,APPROVED_REPORT_DRAWING_GOLDEN,,,drawingSpecification,drawing_item,DWG-00222,,CONFIRMED,MAPPED,promotion APPROVED_REPORT_DRAWING_GOLDEN
G-DWG-0223,drawing,drawing.title_block.DWG-TB-S051-002,ENT-XBEAM-C1C7,APPROVED_REPORT_DRAWING_GOLDEN,,,drawingSpecification,drawing_item,DWG-00223,,CONFIRMED,MAPPED,promotion APPROVED_REPORT_DRAWING_GOLDEN
G-DWG-0224,drawing,drawing.title_block.DWG-TB-S051-003,ENT-XBEAM-C1C7,APPROVED_REPORT_DRAWING_GOLDEN,,,drawingSpecification,drawing_item,DWG-00224,,CONFIRMED,MAPPED,promotion APPROVED_REPORT_DRAWING_GOLDEN
G-DWG-0225,drawing,drawing.title_block.DWG-TB-S051-004,ENT-XBEAM-C1C7,APPROVED_REPORT_DRAWING_GOLDEN,,,drawingSpecification,drawing_item,DWG-00225,,CONFIRMED,MAPPED,promotion APPROVED_REPORT_DRAWING_GOLDEN
G-DWG-0226,drawing,drawing.title_block.DWG-TB-S051-005,ENT-XBEAM-C1C7,APPROVED_REPORT_DRAWING_GOLDEN,,,drawingSpecification,drawing_item,DWG-00226,,CONFIRMED,MAPPED,promotion APPROVED_REPORT_DRAWING_GOLDEN
G-DWG-0227,drawing,drawing.title_block.DWG-TB-S051-006,ENT-XBEAM-C1C7,APPROVED_REPORT_DRAWING_GOLDEN,,,drawingSpecification,drawing_item,DWG-00227,,CONFIRMED,MAPPED,promotion APPROVED_REPORT_DRAWING_GOLDEN
G-DWG-0228,drawing,drawing.title_block.DWG-TB-S052-001,ENT-XBEAM-C1C7,APPROVED_REPORT_DRAWING_GOLDEN,,,drawingSpecification,drawing_item,DWG-00228,,CONFIRMED,MAPPED,promotion APPROVED_REPORT_DRAWING_GOLDEN
G-DWG-0229,drawing,drawing.title_block.DWG-TB-S052-002,ENT-XBEAM-C1C7,APPROVED_REPORT_DRAWING_GOLDEN,,,drawingSpecification,drawing_item,DWG-00229,,CONFIRMED,MAPPED,promotion APPROVED_REPORT_DRAWING_GOLDEN
G-DWG-0230,drawing,drawing.title_block.DWG-TB-S052-003,ENT-XBEAM-C1C7,APPROVED_REPORT_DRAWING_GOLDEN,,,drawingSpecification,drawing_item,DWG-00230,,CONFIRMED,MAPPED,promotion APPROVED_REPORT_DRAWING_GOLDEN
G-DWG-0231,drawing,drawing.title_block.DWG-TB-S052-004,ENT-XBEAM-C1C7,APPROVED_REPORT_DRAWING_GOLDEN,,,drawingSpecification,drawing_item,DWG-00231,,CONFIRMED,MAPPED,promotion APPROVED_REPORT_DRAWING_GOLDEN
G-DWG-0232,drawing,drawing.title_block.DWG-TB-S052-005,ENT-XBEAM-C1C7,APPROVED_REPORT_DRAWING_GOLDEN,,,drawingSpecification,drawing_item,DWG-00232,,CONFIRMED,MAPPED,promotion APPROVED_REPORT_DRAWING_GOLDEN
G-DWG-0233,drawing,drawing.title_block.DWG-TB-S052-006,ENT-XBEAM-C1C7,APPROVED_REPORT_DRAWING_GOLDEN,,,drawingSpecification,drawing_item,DWG-00233,,CONFIRMED,MAPPED,promotion APPROVED_REPORT_DRAWING_GOLDEN
G-DWG-0234,drawing,drawing.title_block.DWG-TB-S053-001,ENT-XBEAM-C1C7,APPROVED_REPORT_DRAWING_GOLDEN,,,drawingSpecification,drawing_item,DWG-00234,,CONFIRMED,MAPPED,promotion APPROVED_REPORT_DRAWING_GOLDEN
G-DWG-0235,drawing,drawing.title_block.DWG-TB-S053-002,ENT-XBEAM-C1C7,APPROVED_REPORT_DRAWING_GOLDEN,,,drawingSpecification,drawing_item,DWG-00235,,CONFIRMED,MAPPED,promotion APPROVED_REPORT_DRAWING_GOLDEN
G-DWG-0236,drawing,drawing.title_block.DWG-TB-S053-003,ENT-XBEAM-C1C7,APPROVED_REPORT_DRAWING_GOLDEN,,,drawingSpecification,drawing_item,DWG-00236,,CONFIRMED,MAPPED,promotion APPROVED_REPORT_DRAWING_GOLDEN
G-DWG-0237,drawing,drawing.title_block.DWG-TB-S053-004,ENT-XBEAM-C1C7,APPROVED_REPORT_DRAWING_GOLDEN,,,drawingSpecification,drawing_item,DWG-00237,,CONFIRMED,MAPPED,promotion APPROVED_REPORT_DRAWING_GOLDEN
G-DWG-0238,drawing,drawing.title_block.DWG-TB-S053-005,ENT-XBEAM-C1C7,APPROVED_REPORT_DRAWING_GOLDEN,,,drawingSpecification,drawing_item,DWG-00238,,CONFIRMED,MAPPED,promotion APPROVED_REPORT_DRAWING_GOLDEN
G-DWG-0239,drawing,drawing.title_block.DWG-TB-S053-006,ENT-XBEAM-C1C7,APPROVED_REPORT_DRAWING_GOLDEN,,,drawingSpecification,drawing_item,DWG-00239,,CONFIRMED,MAPPED,promotion APPROVED_REPORT_DRAWING_GOLDEN
G-DWG-0240,drawing,drawing.title_block.DWG-TB-S054-001,ENT-XBEAM-C1C7,APPROVED_REPORT_DRAWING_GOLDEN,,,drawingSpecification,drawing_item,DWG-00240,,CONFIRMED,MAPPED,promotion APPROVED_REPORT_DRAWING_GOLDEN
G-DWG-0241,drawing,drawing.title_block.DWG-TB-S054-002,ENT-XBEAM-C1C7,APPROVED_REPORT_DRAWING_GOLDEN,,,drawingSpecification,drawing_item,DWG-00241,,CONFIRMED,MAPPED,promotion APPROVED_REPORT_DRAWING_GOLDEN
G-DWG-0242,drawing,drawing.title_block.DWG-TB-S054-003,ENT-XBEAM-C1C7,APPROVED_REPORT_DRAWING_GOLDEN,,,drawingSpecification,drawing_item,DWG-00242,,CONFIRMED,MAPPED,promotion APPROVED_REPORT_DRAWING_GOLDEN
G-DWG-0243,drawing,drawing.title_block.DWG-TB-S054-004,ENT-XBEAM-C1C7,APPROVED_REPORT_DRAWING_GOLDEN,,,drawingSpecification,drawing_item,DWG-00243,,CONFIRMED,MAPPED,promotion APPROVED_REPORT_DRAWING_GOLDEN
G-DWG-0244,drawing,drawing.title_block.DWG-TB-S054-005,ENT-XBEAM-C1C7,APPROVED_REPORT_DRAWING_GOLDEN,,,drawingSpecification,drawing_item,DWG-00244,,CONFIRMED,MAPPED,promotion APPROVED_REPORT_DRAWING_GOLDEN
G-DWG-0245,drawing,drawing.title_block.DWG-TB-S054-006,ENT-XBEAM-C1C7,APPROVED_REPORT_DRAWING_GOLDEN,,,drawingSpecification,drawing_item,DWG-00245,,CONFIRMED,MAPPED,promotion APPROVED_REPORT_DRAWING_GOLDEN
G-DWG-0246,drawing,drawing.title_block.DWG-TB-S055-001,ENT-XBEAM-C1C7,APPROVED_REPORT_DRAWING_GOLDEN,,,drawingSpecification,drawing_item,DWG-00246,,CONFIRMED,MAPPED,promotion APPROVED_REPORT_DRAWING_GOLDEN
G-DWG-0247,drawing,drawing.title_block.DWG-TB-S055-002,ENT-XBEAM-C1C7,APPROVED_REPORT_DRAWING_GOLDEN,,,drawingSpecification,drawing_item,DWG-00247,,CONFIRMED,MAPPED,promotion APPROVED_REPORT_DRAWING_GOLDEN
G-DWG-0248,drawing,drawing.title_block.DWG-TB-S055-003,ENT-XBEAM-C1C7,APPROVED_REPORT_DRAWING_GOLDEN,,,drawingSpecification,drawing_item,DWG-00248,,CONFIRMED,MAPPED,promotion APPROVED_REPORT_DRAWING_GOLDEN
G-DWG-0249,drawing,drawing.title_block.DWG-TB-S055-004,ENT-XBEAM-C1C7,APPROVED_REPORT_DRAWING_GOLDEN,,,drawingSpecification,drawing_item,DWG-00249,,CONFIRMED,MAPPED,promotion APPROVED_REPORT_DRAWING_GOLDEN
G-DWG-0250,drawing,drawing.title_block.DWG-TB-S055-005,ENT-XBEAM-C1C7,APPROVED_REPORT_DRAWING_GOLDEN,,,drawingSpecification,drawing_item,DWG-00250,,CONFIRMED,MAPPED,promotion APPROVED_REPORT_DRAWING_GOLDEN
G-DWG-0251,drawing,drawing.title_block.DWG-TB-S055-006,ENT-XBEAM-C1C7,APPROVED_REPORT_DRAWING_GOLDEN,,,drawingSpecification,drawing_item,DWG-00251,,CONFIRMED,MAPPED,promotion APPROVED_REPORT_DRAWING_GOLDEN
G-DWG-0252,drawing,drawing.title_block.DWG-TB-S056-001,ENT-XBEAM-C1C7,APPROVED_REPORT_DRAWING_GOLDEN,,,drawingSpecification,drawing_item,DWG-00252,,CONFIRMED,MAPPED,promotion APPROVED_REPORT_DRAWING_GOLDEN
G-DWG-0253,drawing,drawing.title_block.DWG-TB-S056-002,ENT-XBEAM-C1C7,APPROVED_REPORT_DRAWING_GOLDEN,,,drawingSpecification,drawing_item,DWG-00253,,CONFIRMED,MAPPED,promotion APPROVED_REPORT_DRAWING_GOLDEN
G-DWG-0254,drawing,drawing.title_block.DWG-TB-S056-003,ENT-XBEAM-C1C7,APPROVED_REPORT_DRAWING_GOLDEN,,,drawingSpecification,drawing_item,DWG-00254,,CONFIRMED,MAPPED,promotion APPROVED_REPORT_DRAWING_GOLDEN
G-DWG-0255,drawing,drawing.title_block.DWG-TB-S056-004,ENT-XBEAM-C1C7,APPROVED_REPORT_DRAWING_GOLDEN,,,drawingSpecification,drawing_item,DWG-00255,,CONFIRMED,MAPPED,promotion APPROVED_REPORT_DRAWING_GOLDEN
G-DWG-0256,drawing,drawing.title_block.DWG-TB-S056-005,ENT-XBEAM-C1C7,APPROVED_REPORT_DRAWING_GOLDEN,,,drawingSpecification,drawing_item,DWG-00256,,CONFIRMED,MAPPED,promotion APPROVED_REPORT_DRAWING_GOLDEN
G-DWG-0257,drawing,drawing.title_block.DWG-TB-S056-006,ENT-XBEAM-C1C7,APPROVED_REPORT_DRAWING_GOLDEN,,,drawingSpecification,drawing_item,DWG-00257,,CONFIRMED,MAPPED,promotion APPROVED_REPORT_DRAWING_GOLDEN
G-DWG-0258,drawing,drawing.title_block.DWG-TB-S057-001,ENT-XBEAM-C1C7,APPROVED_REPORT_DRAWING_GOLDEN,,,drawingSpecification,drawing_item,DWG-00258,,CONFIRMED,MAPPED,promotion APPROVED_REPORT_DRAWING_GOLDEN
G-DWG-0259,drawing,drawing.title_block.DWG-TB-S057-002,ENT-XBEAM-C1C7,APPROVED_REPORT_DRAWING_GOLDEN,,,drawingSpecification,drawing_item,DWG-00259,,CONFIRMED,MAPPED,promotion APPROVED_REPORT_DRAWING_GOLDEN
G-DWG-0260,drawing,drawing.title_block.DWG-TB-S057-003,ENT-XBEAM-C1C7,APPROVED_REPORT_DRAWING_GOLDEN,,,drawingSpecification,drawing_item,DWG-00260,,CONFIRMED,MAPPED,promotion APPROVED_REPORT_DRAWING_GOLDEN
G-DWG-0261,drawing,drawing.title_block.DWG-TB-S057-004,ENT-XBEAM-C1C7,APPROVED_REPORT_DRAWING_GOLDEN,,,drawingSpecification,drawing_item,DWG-00261,,CONFIRMED,MAPPED,promotion APPROVED_REPORT_DRAWING_GOLDEN
G-DWG-0262,drawing,drawing.title_block.DWG-TB-S057-005,ENT-XBEAM-C1C7,APPROVED_REPORT_DRAWING_GOLDEN,,,drawingSpecification,drawing_item,DWG-00262,,CONFIRMED,MAPPED,promotion APPROVED_REPORT_DRAWING_GOLDEN
G-DWG-0263,drawing,drawing.title_block.DWG-TB-S057-006,ENT-XBEAM-C1C7,APPROVED_REPORT_DRAWING_GOLDEN,,,drawingSpecification,drawing_item,DWG-00263,,CONFIRMED,MAPPED,promotion APPROVED_REPORT_DRAWING_GOLDEN
G-DWG-0264,drawing,drawing.title_block.DWG-TB-S058-001,ENT-XBEAM-C1C7,APPROVED_REPORT_DRAWING_GOLDEN,,,drawingSpecification,drawing_item,DWG-00264,,CONFIRMED,MAPPED,promotion APPROVED_REPORT_DRAWING_GOLDEN
G-DWG-0265,drawing,drawing.title_block.DWG-TB-S058-002,ENT-XBEAM-C1C7,APPROVED_REPORT_DRAWING_GOLDEN,,,drawingSpecification,drawing_item,DWG-00265,,CONFIRMED,MAPPED,promotion APPROVED_REPORT_DRAWING_GOLDEN
G-DWG-0266,drawing,drawing.title_block.DWG-TB-S058-003,ENT-XBEAM-C1C7,APPROVED_REPORT_DRAWING_GOLDEN,,,drawingSpecification,drawing_item,DWG-00266,,CONFIRMED,MAPPED,promotion APPROVED_REPORT_DRAWING_GOLDEN
G-DWG-0267,drawing,drawing.title_block.DWG-TB-S058-004,ENT-XBEAM-C1C7,APPROVED_REPORT_DRAWING_GOLDEN,,,drawingSpecification,drawing_item,DWG-00267,,CONFIRMED,MAPPED,promotion APPROVED_REPORT_DRAWING_GOLDEN
G-DWG-0268,drawing,drawing.title_block.DWG-TB-S058-005,ENT-XBEAM-C1C7,APPROVED_REPORT_DRAWING_GOLDEN,,,drawingSpecification,drawing_item,DWG-00268,,CONFIRMED,MAPPED,promotion APPROVED_REPORT_DRAWING_GOLDEN
G-DWG-0269,drawing,drawing.title_block.DWG-TB-S058-006,ENT-XBEAM-C1C7,APPROVED_REPORT_DRAWING_GOLDEN,,,drawingSpecification,drawing_item,DWG-00269,,CONFIRMED,MAPPED,promotion APPROVED_REPORT_DRAWING_GOLDEN
G-DWG-0270,drawing,drawing.title_block.DWG-TB-S059-001,ENT-XBEAM-C1C7,APPROVED_REPORT_DRAWING_GOLDEN,,,drawingSpecification,drawing_item,DWG-00270,,CONFIRMED,MAPPED,promotion APPROVED_REPORT_DRAWING_GOLDEN
G-DWG-0271,drawing,drawing.title_block.DWG-TB-S059-002,ENT-XBEAM-C1C7,APPROVED_REPORT_DRAWING_GOLDEN,,,drawingSpecification,drawing_item,DWG-00271,,CONFIRMED,MAPPED,promotion APPROVED_REPORT_DRAWING_GOLDEN
G-DWG-0272,drawing,drawing.title_block.DWG-TB-S059-003,ENT-XBEAM-C1C7,APPROVED_REPORT_DRAWING_GOLDEN,,,drawingSpecification,drawing_item,DWG-00272,,CONFIRMED,MAPPED,promotion APPROVED_REPORT_DRAWING_GOLDEN
G-DWG-0273,drawing,drawing.title_block.DWG-TB-S059-004,ENT-XBEAM-C1C7,APPROVED_REPORT_DRAWING_GOLDEN,,,drawingSpecification,drawing_item,DWG-00273,,CONFIRMED,MAPPED,promotion APPROVED_REPORT_DRAWING_GOLDEN
G-DWG-0274,drawing,drawing.title_block.DWG-TB-S059-005,ENT-XBEAM-C1C7,APPROVED_REPORT_DRAWING_GOLDEN,,,drawingSpecification,drawing_item,DWG-00274,,CONFIRMED,MAPPED,promotion APPROVED_REPORT_DRAWING_GOLDEN
G-DWG-0275,drawing,drawing.title_block.DWG-TB-S059-006,ENT-XBEAM-C1C7,APPROVED_REPORT_DRAWING_GOLDEN,,,drawingSpecification,drawing_item,DWG-00275,,CONFIRMED,MAPPED,promotion APPROVED_REPORT_DRAWING_GOLDEN
G-DWG-0276,drawing,drawing.title_block.DWG-TB-S060-001,ENT-XBEAM-C1C7,APPROVED_REPORT_DRAWING_GOLDEN,,,drawingSpecification,drawing_item,DWG-00276,,CONFIRMED,MAPPED,promotion APPROVED_REPORT_DRAWING_GOLDEN
G-DWG-0277,drawing,drawing.title_block.DWG-TB-S060-002,ENT-XBEAM-C1C7,APPROVED_REPORT_DRAWING_GOLDEN,,,drawingSpecification,drawing_item,DWG-00277,,CONFIRMED,MAPPED,promotion APPROVED_REPORT_DRAWING_GOLDEN
G-DWG-0278,drawing,drawing.title_block.DWG-TB-S060-003,ENT-XBEAM-C1C7,APPROVED_REPORT_DRAWING_GOLDEN,,,drawingSpecification,drawing_item,DWG-00278,,CONFIRMED,MAPPED,promotion APPROVED_REPORT_DRAWING_GOLDEN
G-DWG-0279,drawing,drawing.title_block.DWG-TB-S060-004,ENT-XBEAM-C1C7,APPROVED_REPORT_DRAWING_GOLDEN,,,drawingSpecification,drawing_item,DWG-00279,,CONFIRMED,MAPPED,promotion APPROVED_REPORT_DRAWING_GOLDEN
G-DWG-0280,drawing,drawing.title_block.DWG-TB-S060-005,ENT-XBEAM-C1C7,APPROVED_REPORT_DRAWING_GOLDEN,,,drawingSpecification,drawing_item,DWG-00280,,CONFIRMED,MAPPED,promotion APPROVED_REPORT_DRAWING_GOLDEN
G-DWG-0281,drawing,drawing.title_block.DWG-TB-S060-006,ENT-XBEAM-C1C7,APPROVED_REPORT_DRAWING_GOLDEN,,,drawingSpecification,drawing_item,DWG-00281,,CONFIRMED,MAPPED,promotion APPROVED_REPORT_DRAWING_GOLDEN
G-DWG-0282,drawing,drawing.title_block.DWG-TB-S061-001,ENT-BRACE-AL1,APPROVED_REPORT_DRAWING_GOLDEN,,,drawingSpecification,drawing_item,DWG-00282,,CONFIRMED,MAPPED,promotion APPROVED_REPORT_DRAWING_GOLDEN
G-DWG-0283,drawing,drawing.title_block.DWG-TB-S061-002,ENT-BRACE-AL1,APPROVED_REPORT_DRAWING_GOLDEN,,,drawingSpecification,drawing_item,DWG-00283,,CONFIRMED,MAPPED,promotion APPROVED_REPORT_DRAWING_GOLDEN
G-DWG-0284,drawing,drawing.title_block.DWG-TB-S061-003,ENT-BRACE-AL1,APPROVED_REPORT_DRAWING_GOLDEN,,,drawingSpecification,drawing_item,DWG-00284,,CONFIRMED,MAPPED,promotion APPROVED_REPORT_DRAWING_GOLDEN
G-DWG-0285,drawing,drawing.title_block.DWG-TB-S061-004,ENT-BRACE-AL1,APPROVED_REPORT_DRAWING_GOLDEN,,,drawingSpecification,drawing_item,DWG-00285,,CONFIRMED,MAPPED,promotion APPROVED_REPORT_DRAWING_GOLDEN
G-DWG-0286,drawing,drawing.title_block.DWG-TB-S061-005,ENT-BRACE-AL1,APPROVED_REPORT_DRAWING_GOLDEN,,,drawingSpecification,drawing_item,DWG-00286,,CONFIRMED,MAPPED,promotion APPROVED_REPORT_DRAWING_GOLDEN
G-DWG-0287,drawing,drawing.title_block.DWG-TB-S061-006,ENT-BRACE-AL1,APPROVED_REPORT_DRAWING_GOLDEN,,,drawingSpecification,drawing_item,DWG-00287,,CONFIRMED,MAPPED,promotion APPROVED_REPORT_DRAWING_GOLDEN
G-DWG-0288,drawing,drawing.title_block.DWG-TB-S062-001,ENT-BRACE-AL1,APPROVED_REPORT_DRAWING_GOLDEN,,,drawingSpecification,drawing_item,DWG-00288,,CONFIRMED,MAPPED,promotion APPROVED_REPORT_DRAWING_GOLDEN
G-DWG-0289,drawing,drawing.title_block.DWG-TB-S062-002,ENT-BRACE-AL1,APPROVED_REPORT_DRAWING_GOLDEN,,,drawingSpecification,drawing_item,DWG-00289,,CONFIRMED,MAPPED,promotion APPROVED_REPORT_DRAWING_GOLDEN
G-DWG-0290,drawing,drawing.title_block.DWG-TB-S062-003,ENT-BRACE-AL1,APPROVED_REPORT_DRAWING_GOLDEN,,,drawingSpecification,drawing_item,DWG-00290,,CONFIRMED,MAPPED,promotion APPROVED_REPORT_DRAWING_GOLDEN
G-DWG-0291,drawing,drawing.title_block.DWG-TB-S062-004,ENT-BRACE-AL1,APPROVED_REPORT_DRAWING_GOLDEN,,,drawingSpecification,drawing_item,DWG-00291,,CONFIRMED,MAPPED,promotion APPROVED_REPORT_DRAWING_GOLDEN
G-DWG-0292,drawing,drawing.title_block.DWG-TB-S062-005,ENT-BRACE-AL1,APPROVED_REPORT_DRAWING_GOLDEN,,,drawingSpecification,drawing_item,DWG-00292,,CONFIRMED,MAPPED,promotion APPROVED_REPORT_DRAWING_GOLDEN
G-DWG-0293,drawing,drawing.title_block.DWG-TB-S062-006,ENT-BRACE-AL1,APPROVED_REPORT_DRAWING_GOLDEN,,,drawingSpecification,drawing_item,DWG-00293,,CONFIRMED,MAPPED,promotion APPROVED_REPORT_DRAWING_GOLDEN
G-DWG-0294,drawing,drawing.title_block.DWG-TB-S063-001,ENT-BRACE-AL1,APPROVED_REPORT_DRAWING_GOLDEN,,,drawingSpecification,drawing_item,DWG-00294,,CONFIRMED,MAPPED,promotion APPROVED_REPORT_DRAWING_GOLDEN
G-DWG-0295,drawing,drawing.title_block.DWG-TB-S063-002,ENT-BRACE-AL1,APPROVED_REPORT_DRAWING_GOLDEN,,,drawingSpecification,drawing_item,DWG-00295,,CONFIRMED,MAPPED,promotion APPROVED_REPORT_DRAWING_GOLDEN
G-DWG-0296,drawing,drawing.title_block.DWG-TB-S063-003,ENT-BRACE-AL1,APPROVED_REPORT_DRAWING_GOLDEN,,,drawingSpecification,drawing_item,DWG-00296,,CONFIRMED,MAPPED,promotion APPROVED_REPORT_DRAWING_GOLDEN
G-DWG-0297,drawing,drawing.title_block.DWG-TB-S063-004,ENT-BRACE-AL1,APPROVED_REPORT_DRAWING_GOLDEN,,,drawingSpecification,drawing_item,DWG-00297,,CONFIRMED,MAPPED,promotion APPROVED_REPORT_DRAWING_GOLDEN
G-DWG-0298,drawing,drawing.title_block.DWG-TB-S063-005,ENT-BRACE-AL1,APPROVED_REPORT_DRAWING_GOLDEN,,,drawingSpecification,drawing_item,DWG-00298,,CONFIRMED,MAPPED,promotion APPROVED_REPORT_DRAWING_GOLDEN
G-DWG-0299,drawing,drawing.title_block.DWG-TB-S063-006,ENT-BRACE-AL1,APPROVED_REPORT_DRAWING_GOLDEN,,,drawingSpecification,drawing_item,DWG-00299,,CONFIRMED,MAPPED,promotion APPROVED_REPORT_DRAWING_GOLDEN
G-DWG-0300,drawing,drawing.title_block.DWG-TB-S064-001,ENT-BRACE-AL1,APPROVED_REPORT_DRAWING_GOLDEN,,,drawingSpecification,drawing_item,DWG-00300,,CONFIRMED,MAPPED,promotion APPROVED_REPORT_DRAWING_GOLDEN
G-DWG-0301,drawing,drawing.title_block.DWG-TB-S064-002,ENT-BRACE-AL1,APPROVED_REPORT_DRAWING_GOLDEN,,,drawingSpecification,drawing_item,DWG-00301,,CONFIRMED,MAPPED,promotion APPROVED_REPORT_DRAWING_GOLDEN
G-DWG-0302,drawing,drawing.title_block.DWG-TB-S064-003,ENT-BRACE-AL1,APPROVED_REPORT_DRAWING_GOLDEN,,,drawingSpecification,drawing_item,DWG-00302,,CONFIRMED,MAPPED,promotion APPROVED_REPORT_DRAWING_GOLDEN
G-DWG-0303,drawing,drawing.title_block.DWG-TB-S064-004,ENT-BRACE-AL1,APPROVED_REPORT_DRAWING_GOLDEN,,,drawingSpecification,drawing_item,DWG-00303,,CONFIRMED,MAPPED,promotion APPROVED_REPORT_DRAWING_GOLDEN
G-DWG-0304,drawing,drawing.title_block.DWG-TB-S064-005,ENT-BRACE-AL1,APPROVED_REPORT_DRAWING_GOLDEN,,,drawingSpecification,drawing_item,DWG-00304,,CONFIRMED,MAPPED,promotion APPROVED_REPORT_DRAWING_GOLDEN
G-DWG-0305,drawing,drawing.title_block.DWG-TB-S064-006,ENT-BRACE-AL1,APPROVED_REPORT_DRAWING_GOLDEN,,,drawingSpecification,drawing_item,DWG-00305,,CONFIRMED,MAPPED,promotion APPROVED_REPORT_DRAWING_GOLDEN
G-DWG-0306,drawing,drawing.title_block.DWG-TB-S065-001,ENT-BRACE-AL1,APPROVED_REPORT_DRAWING_GOLDEN,,,drawingSpecification,drawing_item,DWG-00306,,CONFIRMED,MAPPED,promotion APPROVED_REPORT_DRAWING_GOLDEN
G-DWG-0307,drawing,drawing.title_block.DWG-TB-S065-002,ENT-BRACE-AL1,APPROVED_REPORT_DRAWING_GOLDEN,,,drawingSpecification,drawing_item,DWG-00307,,CONFIRMED,MAPPED,promotion APPROVED_REPORT_DRAWING_GOLDEN
G-DWG-0308,drawing,drawing.title_block.DWG-TB-S065-003,ENT-BRACE-AL1,APPROVED_REPORT_DRAWING_GOLDEN,,,drawingSpecification,drawing_item,DWG-00308,,CONFIRMED,MAPPED,promotion APPROVED_REPORT_DRAWING_GOLDEN
G-DWG-0309,drawing,drawing.title_block.DWG-TB-S065-004,ENT-BRACE-AL1,APPROVED_REPORT_DRAWING_GOLDEN,,,drawingSpecification,drawing_item,DWG-00309,,CONFIRMED,MAPPED,promotion APPROVED_REPORT_DRAWING_GOLDEN
G-DWG-0310,drawing,drawing.title_block.DWG-TB-S065-005,ENT-BRACE-AL1,APPROVED_REPORT_DRAWING_GOLDEN,,,drawingSpecification,drawing_item,DWG-00310,,CONFIRMED,MAPPED,promotion APPROVED_REPORT_DRAWING_GOLDEN
G-DWG-0311,drawing,drawing.title_block.DWG-TB-S065-006,ENT-BRACE-AL1,APPROVED_REPORT_DRAWING_GOLDEN,,,drawingSpecification,drawing_item,DWG-00311,,CONFIRMED,MAPPED,promotion APPROVED_REPORT_DRAWING_GOLDEN
G-DWG-0312,drawing,drawing.title_block.DWG-TB-S066-001,ENT-BRACE-AL1,APPROVED_REPORT_DRAWING_GOLDEN,,,drawingSpecification,drawing_item,DWG-00312,,CONFIRMED,MAPPED,promotion APPROVED_REPORT_DRAWING_GOLDEN
G-DWG-0313,drawing,drawing.title_block.DWG-TB-S066-002,ENT-BRACE-AL1,APPROVED_REPORT_DRAWING_GOLDEN,,,drawingSpecification,drawing_item,DWG-00313,,CONFIRMED,MAPPED,promotion APPROVED_REPORT_DRAWING_GOLDEN
G-DWG-0314,drawing,drawing.title_block.DWG-TB-S066-003,ENT-BRACE-AL1,APPROVED_REPORT_DRAWING_GOLDEN,,,drawingSpecification,drawing_item,DWG-00314,,CONFIRMED,MAPPED,promotion APPROVED_REPORT_DRAWING_GOLDEN
G-DWG-0315,drawing,drawing.title_block.DWG-TB-S066-004,ENT-BRACE-AL1,APPROVED_REPORT_DRAWING_GOLDEN,,,drawingSpecification,drawing_item,DWG-00315,,CONFIRMED,MAPPED,promotion APPROVED_REPORT_DRAWING_GOLDEN
G-DWG-0316,drawing,drawing.title_block.DWG-TB-S066-005,ENT-BRACE-AL1,APPROVED_REPORT_DRAWING_GOLDEN,,,drawingSpecification,drawing_item,DWG-00316,,CONFIRMED,MAPPED,promotion APPROVED_REPORT_DRAWING_GOLDEN
G-DWG-0317,drawing,drawing.title_block.DWG-TB-S066-006,ENT-BRACE-AL1,APPROVED_REPORT_DRAWING_GOLDEN,,,drawingSpecification,drawing_item,DWG-00317,,CONFIRMED,MAPPED,promotion APPROVED_REPORT_DRAWING_GOLDEN
G-DWG-0318,drawing,drawing.title_block.DWG-TB-S067-001,ENT-BRACE-AL1,APPROVED_REPORT_DRAWING_GOLDEN,,,drawingSpecification,drawing_item,DWG-00318,,CONFIRMED,MAPPED,promotion APPROVED_REPORT_DRAWING_GOLDEN
G-DWG-0319,drawing,drawing.title_block.DWG-TB-S067-002,ENT-BRACE-AL1,APPROVED_REPORT_DRAWING_GOLDEN,,,drawingSpecification,drawing_item,DWG-00319,,CONFIRMED,MAPPED,promotion APPROVED_REPORT_DRAWING_GOLDEN
G-DWG-0320,drawing,drawing.title_block.DWG-TB-S067-003,ENT-BRACE-AL1,APPROVED_REPORT_DRAWING_GOLDEN,,,drawingSpecification,drawing_item,DWG-00320,,CONFIRMED,MAPPED,promotion APPROVED_REPORT_DRAWING_GOLDEN
G-DWG-0321,drawing,drawing.title_block.DWG-TB-S067-004,ENT-BRACE-AL1,APPROVED_REPORT_DRAWING_GOLDEN,,,drawingSpecification,drawing_item,DWG-00321,,CONFIRMED,MAPPED,promotion APPROVED_REPORT_DRAWING_GOLDEN
G-DWG-0322,drawing,drawing.title_block.DWG-TB-S067-005,ENT-BRACE-AL1,APPROVED_REPORT_DRAWING_GOLDEN,,,drawingSpecification,drawing_item,DWG-00322,,CONFIRMED,MAPPED,promotion APPROVED_REPORT_DRAWING_GOLDEN
G-DWG-0323,drawing,drawing.title_block.DWG-TB-S067-006,ENT-BRACE-AL1,APPROVED_REPORT_DRAWING_GOLDEN,,,drawingSpecification,drawing_item,DWG-00323,,CONFIRMED,MAPPED,promotion APPROVED_REPORT_DRAWING_GOLDEN
G-DWG-0324,drawing,drawing.title_block.DWG-TB-S068-001,ENT-BRACE-AL1,APPROVED_REPORT_DRAWING_GOLDEN,,,drawingSpecification,drawing_item,DWG-00324,,CONFIRMED,MAPPED,promotion APPROVED_REPORT_DRAWING_GOLDEN
G-DWG-0325,drawing,drawing.title_block.DWG-TB-S068-002,ENT-BRACE-AL1,APPROVED_REPORT_DRAWING_GOLDEN,,,drawingSpecification,drawing_item,DWG-00325,,CONFIRMED,MAPPED,promotion APPROVED_REPORT_DRAWING_GOLDEN
G-DWG-0326,drawing,drawing.title_block.DWG-TB-S068-003,ENT-BRACE-AL1,APPROVED_REPORT_DRAWING_GOLDEN,,,drawingSpecification,drawing_item,DWG-00326,,CONFIRMED,MAPPED,promotion APPROVED_REPORT_DRAWING_GOLDEN
G-DWG-0327,drawing,drawing.title_block.DWG-TB-S068-004,ENT-BRACE-AL1,APPROVED_REPORT_DRAWING_GOLDEN,,,drawingSpecification,drawing_item,DWG-00327,,CONFIRMED,MAPPED,promotion APPROVED_REPORT_DRAWING_GOLDEN
G-DWG-0328,drawing,drawing.title_block.DWG-TB-S068-005,ENT-BRACE-AL1,APPROVED_REPORT_DRAWING_GOLDEN,,,drawingSpecification,drawing_item,DWG-00328,,CONFIRMED,MAPPED,promotion APPROVED_REPORT_DRAWING_GOLDEN
G-DWG-0329,drawing,drawing.title_block.DWG-TB-S068-006,ENT-BRACE-AL1,APPROVED_REPORT_DRAWING_GOLDEN,,,drawingSpecification,drawing_item,DWG-00329,,CONFIRMED,MAPPED,promotion APPROVED_REPORT_DRAWING_GOLDEN
G-DWG-0330,drawing,drawing.title_block.DWG-TB-S069-001,ENT-BRACE-AL1,APPROVED_REPORT_DRAWING_GOLDEN,,,drawingSpecification,drawing_item,DWG-00330,,CONFIRMED,MAPPED,promotion APPROVED_REPORT_DRAWING_GOLDEN
G-DWG-0331,drawing,drawing.title_block.DWG-TB-S069-002,ENT-BRACE-AL1,APPROVED_REPORT_DRAWING_GOLDEN,,,drawingSpecification,drawing_item,DWG-00331,,CONFIRMED,MAPPED,promotion APPROVED_REPORT_DRAWING_GOLDEN
G-DWG-0332,drawing,drawing.title_block.DWG-TB-S069-003,ENT-BRACE-AL1,APPROVED_REPORT_DRAWING_GOLDEN,,,drawingSpecification,drawing_item,DWG-00332,,CONFIRMED,MAPPED,promotion APPROVED_REPORT_DRAWING_GOLDEN
G-DWG-0333,drawing,drawing.title_block.DWG-TB-S069-004,ENT-BRACE-AL1,APPROVED_REPORT_DRAWING_GOLDEN,,,drawingSpecification,drawing_item,DWG-00333,,CONFIRMED,MAPPED,promotion APPROVED_REPORT_DRAWING_GOLDEN
G-DWG-0334,drawing,drawing.title_block.DWG-TB-S069-005,ENT-BRACE-AL1,APPROVED_REPORT_DRAWING_GOLDEN,,,drawingSpecification,drawing_item,DWG-00334,,CONFIRMED,MAPPED,promotion APPROVED_REPORT_DRAWING_GOLDEN
G-DWG-0335,drawing,drawing.title_block.DWG-TB-S069-006,ENT-BRACE-AL1,APPROVED_REPORT_DRAWING_GOLDEN,,,drawingSpecification,drawing_item,DWG-00335,,CONFIRMED,MAPPED,promotion APPROVED_REPORT_DRAWING_GOLDEN
G-DWG-0336,drawing,drawing.title_block.DWG-TB-S070-001,ENT-BRACE-AL1,APPROVED_REPORT_DRAWING_GOLDEN,,,drawingSpecification,drawing_item,DWG-00336,,CONFIRMED,MAPPED,promotion APPROVED_REPORT_DRAWING_GOLDEN
G-DWG-0337,drawing,drawing.title_block.DWG-TB-S070-002,ENT-BRACE-AL1,APPROVED_REPORT_DRAWING_GOLDEN,,,drawingSpecification,drawing_item,DWG-00337,,CONFIRMED,MAPPED,promotion APPROVED_REPORT_DRAWING_GOLDEN
G-DWG-0338,drawing,drawing.title_block.DWG-TB-S070-003,ENT-BRACE-AL1,APPROVED_REPORT_DRAWING_GOLDEN,,,drawingSpecification,drawing_item,DWG-00338,,CONFIRMED,MAPPED,promotion APPROVED_REPORT_DRAWING_GOLDEN
G-DWG-0339,drawing,drawing.title_block.DWG-TB-S070-004,ENT-BRACE-AL1,APPROVED_REPORT_DRAWING_GOLDEN,,,drawingSpecification,drawing_item,DWG-00339,,CONFIRMED,MAPPED,promotion APPROVED_REPORT_DRAWING_GOLDEN
G-DWG-0340,drawing,drawing.title_block.DWG-TB-S070-005,ENT-BRACE-AL1,APPROVED_REPORT_DRAWING_GOLDEN,,,drawingSpecification,drawing_item,DWG-00340,,CONFIRMED,MAPPED,promotion APPROVED_REPORT_DRAWING_GOLDEN
G-DWG-0341,drawing,drawing.title_block.DWG-TB-S070-006,ENT-BRACE-AL1,APPROVED_REPORT_DRAWING_GOLDEN,,,drawingSpecification,drawing_item,DWG-00341,,CONFIRMED,MAPPED,promotion APPROVED_REPORT_DRAWING_GOLDEN
G-DWG-0342,drawing,drawing.title_block.DWG-TB-S071-001,ENT-BRACE-AL1,APPROVED_REPORT_DRAWING_GOLDEN,,,drawingSpecification,drawing_item,DWG-00342,,CONFIRMED,MAPPED,promotion APPROVED_REPORT_DRAWING_GOLDEN
G-DWG-0343,drawing,drawing.title_block.DWG-TB-S071-002,ENT-BRACE-AL1,APPROVED_REPORT_DRAWING_GOLDEN,,,drawingSpecification,drawing_item,DWG-00343,,CONFIRMED,MAPPED,promotion APPROVED_REPORT_DRAWING_GOLDEN
G-DWG-0344,drawing,drawing.title_block.DWG-TB-S071-003,ENT-BRACE-AL1,APPROVED_REPORT_DRAWING_GOLDEN,,,drawingSpecification,drawing_item,DWG-00344,,CONFIRMED,MAPPED,promotion APPROVED_REPORT_DRAWING_GOLDEN
G-DWG-0345,drawing,drawing.title_block.DWG-TB-S071-004,ENT-BRACE-AL1,APPROVED_REPORT_DRAWING_GOLDEN,,,drawingSpecification,drawing_item,DWG-00345,,CONFIRMED,MAPPED,promotion APPROVED_REPORT_DRAWING_GOLDEN
G-DWG-0346,drawing,drawing.title_block.DWG-TB-S071-005,ENT-BRACE-AL1,APPROVED_REPORT_DRAWING_GOLDEN,,,drawingSpecification,drawing_item,DWG-00346,,CONFIRMED,MAPPED,promotion APPROVED_REPORT_DRAWING_GOLDEN
G-DWG-0347,drawing,drawing.title_block.DWG-TB-S071-006,ENT-BRACE-AL1,APPROVED_REPORT_DRAWING_GOLDEN,,,drawingSpecification,drawing_item,DWG-00347,,CONFIRMED,MAPPED,promotion APPROVED_REPORT_DRAWING_GOLDEN
G-DWG-0348,drawing,drawing.title_block.DWG-TB-S072-001,ENT-SUPPORT-PR1,APPROVED_REPORT_DRAWING_GOLDEN,,,drawingSpecification,drawing_item,DWG-00348,,CONFIRMED,MAPPED,promotion APPROVED_REPORT_DRAWING_GOLDEN
G-DWG-0349,drawing,drawing.title_block.DWG-TB-S072-002,ENT-SUPPORT-PR1,APPROVED_REPORT_DRAWING_GOLDEN,,,drawingSpecification,drawing_item,DWG-00349,,CONFIRMED,MAPPED,promotion APPROVED_REPORT_DRAWING_GOLDEN
G-DWG-0350,drawing,drawing.title_block.DWG-TB-S072-003,ENT-SUPPORT-PR1,APPROVED_REPORT_DRAWING_GOLDEN,,,drawingSpecification,drawing_item,DWG-00350,,CONFIRMED,MAPPED,promotion APPROVED_REPORT_DRAWING_GOLDEN
G-DWG-0351,drawing,drawing.title_block.DWG-TB-S072-004,ENT-SUPPORT-PR1,APPROVED_REPORT_DRAWING_GOLDEN,,,drawingSpecification,drawing_item,DWG-00351,,CONFIRMED,MAPPED,promotion APPROVED_REPORT_DRAWING_GOLDEN
G-DWG-0352,drawing,drawing.title_block.DWG-TB-S072-005,ENT-SUPPORT-PR1,APPROVED_REPORT_DRAWING_GOLDEN,,,drawingSpecification,drawing_item,DWG-00352,,CONFIRMED,MAPPED,promotion APPROVED_REPORT_DRAWING_GOLDEN
G-DWG-0353,drawing,drawing.title_block.DWG-TB-S072-006,ENT-SUPPORT-PR1,APPROVED_REPORT_DRAWING_GOLDEN,,,drawingSpecification,drawing_item,DWG-00353,,CONFIRMED,MAPPED,promotion APPROVED_REPORT_DRAWING_GOLDEN
G-DWG-0354,drawing,drawing.title_block.DWG-TB-S073-001,ENT-SUPPORT-PR1,APPROVED_REPORT_DRAWING_GOLDEN,,,drawingSpecification,drawing_item,DWG-00354,,CONFIRMED,MAPPED,promotion APPROVED_REPORT_DRAWING_GOLDEN
G-DWG-0355,drawing,drawing.title_block.DWG-TB-S073-002,ENT-SUPPORT-PR1,APPROVED_REPORT_DRAWING_GOLDEN,,,drawingSpecification,drawing_item,DWG-00355,,CONFIRMED,MAPPED,promotion APPROVED_REPORT_DRAWING_GOLDEN
G-DWG-0356,drawing,drawing.title_block.DWG-TB-S073-003,ENT-SUPPORT-PR1,APPROVED_REPORT_DRAWING_GOLDEN,,,drawingSpecification,drawing_item,DWG-00356,,CONFIRMED,MAPPED,promotion APPROVED_REPORT_DRAWING_GOLDEN
G-DWG-0357,drawing,drawing.title_block.DWG-TB-S073-004,ENT-SUPPORT-PR1,APPROVED_REPORT_DRAWING_GOLDEN,,,drawingSpecification,drawing_item,DWG-00357,,CONFIRMED,MAPPED,promotion APPROVED_REPORT_DRAWING_GOLDEN
G-DWG-0358,drawing,drawing.title_block.DWG-TB-S073-005,ENT-SUPPORT-PR1,APPROVED_REPORT_DRAWING_GOLDEN,,,drawingSpecification,drawing_item,DWG-00358,,CONFIRMED,MAPPED,promotion APPROVED_REPORT_DRAWING_GOLDEN
G-DWG-0359,drawing,drawing.title_block.DWG-TB-S073-006,ENT-SUPPORT-PR1,APPROVED_REPORT_DRAWING_GOLDEN,,,drawingSpecification,drawing_item,DWG-00359,,CONFIRMED,MAPPED,promotion APPROVED_REPORT_DRAWING_GOLDEN
G-DWG-0360,drawing,drawing.title_block.DWG-TB-S074-001,ENT-SUPPORT-PR1,APPROVED_REPORT_DRAWING_GOLDEN,,,drawingSpecification,drawing_item,DWG-00360,,CONFIRMED,MAPPED,promotion APPROVED_REPORT_DRAWING_GOLDEN
G-DWG-0361,drawing,drawing.title_block.DWG-TB-S074-002,ENT-SUPPORT-PR1,APPROVED_REPORT_DRAWING_GOLDEN,,,drawingSpecification,drawing_item,DWG-00361,,CONFIRMED,MAPPED,promotion APPROVED_REPORT_DRAWING_GOLDEN
G-DWG-0362,drawing,drawing.title_block.DWG-TB-S074-003,ENT-SUPPORT-PR1,APPROVED_REPORT_DRAWING_GOLDEN,,,drawingSpecification,drawing_item,DWG-00362,,CONFIRMED,MAPPED,promotion APPROVED_REPORT_DRAWING_GOLDEN
G-DWG-0363,drawing,drawing.title_block.DWG-TB-S074-004,ENT-SUPPORT-PR1,APPROVED_REPORT_DRAWING_GOLDEN,,,drawingSpecification,drawing_item,DWG-00363,,CONFIRMED,MAPPED,promotion APPROVED_REPORT_DRAWING_GOLDEN
G-DWG-0364,drawing,drawing.title_block.DWG-TB-S074-005,ENT-SUPPORT-PR1,APPROVED_REPORT_DRAWING_GOLDEN,,,drawingSpecification,drawing_item,DWG-00364,,CONFIRMED,MAPPED,promotion APPROVED_REPORT_DRAWING_GOLDEN
G-DWG-0365,drawing,drawing.title_block.DWG-TB-S074-006,ENT-SUPPORT-PR1,APPROVED_REPORT_DRAWING_GOLDEN,,,drawingSpecification,drawing_item,DWG-00365,,CONFIRMED,MAPPED,promotion APPROVED_REPORT_DRAWING_GOLDEN
G-DWG-0366,drawing,drawing.title_block.DWG-TB-S075-001,ENT-SUPPORT-PR1,APPROVED_REPORT_DRAWING_GOLDEN,,,drawingSpecification,drawing_item,DWG-00366,,CONFIRMED,MAPPED,promotion APPROVED_REPORT_DRAWING_GOLDEN
G-DWG-0367,drawing,drawing.title_block.DWG-TB-S075-002,ENT-SUPPORT-PR1,APPROVED_REPORT_DRAWING_GOLDEN,,,drawingSpecification,drawing_item,DWG-00367,,CONFIRMED,MAPPED,promotion APPROVED_REPORT_DRAWING_GOLDEN
G-DWG-0368,drawing,drawing.title_block.DWG-TB-S075-003,ENT-SUPPORT-PR1,APPROVED_REPORT_DRAWING_GOLDEN,,,drawingSpecification,drawing_item,DWG-00368,,CONFIRMED,MAPPED,promotion APPROVED_REPORT_DRAWING_GOLDEN
G-DWG-0369,drawing,drawing.title_block.DWG-TB-S075-004,ENT-SUPPORT-PR1,APPROVED_REPORT_DRAWING_GOLDEN,,,drawingSpecification,drawing_item,DWG-00369,,CONFIRMED,MAPPED,promotion APPROVED_REPORT_DRAWING_GOLDEN
G-DWG-0370,drawing,drawing.title_block.DWG-TB-S075-005,ENT-SUPPORT-PR1,APPROVED_REPORT_DRAWING_GOLDEN,,,drawingSpecification,drawing_item,DWG-00370,,CONFIRMED,MAPPED,promotion APPROVED_REPORT_DRAWING_GOLDEN
G-DWG-0371,drawing,drawing.title_block.DWG-TB-S075-006,ENT-SUPPORT-PR1,APPROVED_REPORT_DRAWING_GOLDEN,,,drawingSpecification,drawing_item,DWG-00371,,CONFIRMED,MAPPED,promotion APPROVED_REPORT_DRAWING_GOLDEN
G-DWG-0372,drawing,drawing.title_block.DWG-TB-S076-001,ENT-SUPPORT-PR1,APPROVED_REPORT_DRAWING_GOLDEN,,,drawingSpecification,drawing_item,DWG-00372,,CONFIRMED,MAPPED,promotion APPROVED_REPORT_DRAWING_GOLDEN
G-DWG-0373,drawing,drawing.title_block.DWG-TB-S076-002,ENT-SUPPORT-PR1,APPROVED_REPORT_DRAWING_GOLDEN,,,drawingSpecification,drawing_item,DWG-00373,,CONFIRMED,MAPPED,promotion APPROVED_REPORT_DRAWING_GOLDEN
G-DWG-0374,drawing,drawing.title_block.DWG-TB-S076-003,ENT-SUPPORT-PR1,APPROVED_REPORT_DRAWING_GOLDEN,,,drawingSpecification,drawing_item,DWG-00374,,CONFIRMED,MAPPED,promotion APPROVED_REPORT_DRAWING_GOLDEN
G-DWG-0375,drawing,drawing.title_block.DWG-TB-S076-004,ENT-SUPPORT-PR1,APPROVED_REPORT_DRAWING_GOLDEN,,,drawingSpecification,drawing_item,DWG-00375,,CONFIRMED,MAPPED,promotion APPROVED_REPORT_DRAWING_GOLDEN
G-DWG-0376,drawing,drawing.title_block.DWG-TB-S076-005,ENT-SUPPORT-PR1,APPROVED_REPORT_DRAWING_GOLDEN,,,drawingSpecification,drawing_item,DWG-00376,,CONFIRMED,MAPPED,promotion APPROVED_REPORT_DRAWING_GOLDEN
G-DWG-0377,drawing,drawing.title_block.DWG-TB-S076-006,ENT-SUPPORT-PR1,APPROVED_REPORT_DRAWING_GOLDEN,,,drawingSpecification,drawing_item,DWG-00377,,CONFIRMED,MAPPED,promotion APPROVED_REPORT_DRAWING_GOLDEN
G-DWG-0378,drawing,drawing.title_block.DWG-TB-S077-001,ENT-SUPPORT-PR1,APPROVED_REPORT_DRAWING_GOLDEN,,,drawingSpecification,drawing_item,DWG-00378,,CONFIRMED,MAPPED,promotion APPROVED_REPORT_DRAWING_GOLDEN
G-DWG-0379,drawing,drawing.title_block.DWG-TB-S077-002,ENT-SUPPORT-PR1,APPROVED_REPORT_DRAWING_GOLDEN,,,drawingSpecification,drawing_item,DWG-00379,,CONFIRMED,MAPPED,promotion APPROVED_REPORT_DRAWING_GOLDEN
G-DWG-0380,drawing,drawing.title_block.DWG-TB-S077-003,ENT-SUPPORT-PR1,APPROVED_REPORT_DRAWING_GOLDEN,,,drawingSpecification,drawing_item,DWG-00380,,CONFIRMED,MAPPED,promotion APPROVED_REPORT_DRAWING_GOLDEN
G-DWG-0381,drawing,drawing.title_block.DWG-TB-S077-004,ENT-SUPPORT-PR1,APPROVED_REPORT_DRAWING_GOLDEN,,,drawingSpecification,drawing_item,DWG-00381,,CONFIRMED,MAPPED,promotion APPROVED_REPORT_DRAWING_GOLDEN
G-DWG-0382,drawing,drawing.title_block.DWG-TB-S077-005,ENT-SUPPORT-PR1,APPROVED_REPORT_DRAWING_GOLDEN,,,drawingSpecification,drawing_item,DWG-00382,,CONFIRMED,MAPPED,promotion APPROVED_REPORT_DRAWING_GOLDEN
G-DWG-0383,drawing,drawing.title_block.DWG-TB-S077-006,ENT-SUPPORT-PR1,APPROVED_REPORT_DRAWING_GOLDEN,,,drawingSpecification,drawing_item,DWG-00383,,CONFIRMED,MAPPED,promotion APPROVED_REPORT_DRAWING_GOLDEN
G-DWG-0384,drawing,drawing.title_block.DWG-TB-S078-001,ENT-SUPPORT-PR1,APPROVED_REPORT_DRAWING_GOLDEN,,,drawingSpecification,drawing_item,DWG-00384,,CONFIRMED,MAPPED,promotion APPROVED_REPORT_DRAWING_GOLDEN
G-DWG-0385,drawing,drawing.title_block.DWG-TB-S078-002,ENT-SUPPORT-PR1,APPROVED_REPORT_DRAWING_GOLDEN,,,drawingSpecification,drawing_item,DWG-00385,,CONFIRMED,MAPPED,promotion APPROVED_REPORT_DRAWING_GOLDEN
G-DWG-0386,drawing,drawing.title_block.DWG-TB-S078-003,ENT-SUPPORT-PR1,APPROVED_REPORT_DRAWING_GOLDEN,,,drawingSpecification,drawing_item,DWG-00386,,CONFIRMED,MAPPED,promotion APPROVED_REPORT_DRAWING_GOLDEN
G-DWG-0387,drawing,drawing.title_block.DWG-TB-S078-004,ENT-SUPPORT-PR1,APPROVED_REPORT_DRAWING_GOLDEN,,,drawingSpecification,drawing_item,DWG-00387,,CONFIRMED,MAPPED,promotion APPROVED_REPORT_DRAWING_GOLDEN
G-DWG-0388,drawing,drawing.title_block.DWG-TB-S078-005,ENT-SUPPORT-PR1,APPROVED_REPORT_DRAWING_GOLDEN,,,drawingSpecification,drawing_item,DWG-00388,,CONFIRMED,MAPPED,promotion APPROVED_REPORT_DRAWING_GOLDEN
G-DWG-0389,drawing,drawing.title_block.DWG-TB-S078-006,ENT-SUPPORT-PR1,APPROVED_REPORT_DRAWING_GOLDEN,,,drawingSpecification,drawing_item,DWG-00389,,CONFIRMED,MAPPED,promotion APPROVED_REPORT_DRAWING_GOLDEN
G-DWG-0390,drawing,drawing.title_block.DWG-TB-S079-001,ENT-SUPPORT-PR1,APPROVED_REPORT_DRAWING_GOLDEN,,,drawingSpecification,drawing_item,DWG-00390,,CONFIRMED,MAPPED,promotion APPROVED_REPORT_DRAWING_GOLDEN
G-DWG-0391,drawing,drawing.title_block.DWG-TB-S079-002,ENT-SUPPORT-PR1,APPROVED_REPORT_DRAWING_GOLDEN,,,drawingSpecification,drawing_item,DWG-00391,,CONFIRMED,MAPPED,promotion APPROVED_REPORT_DRAWING_GOLDEN
G-DWG-0392,drawing,drawing.title_block.DWG-TB-S079-003,ENT-SUPPORT-PR1,APPROVED_REPORT_DRAWING_GOLDEN,,,drawingSpecification,drawing_item,DWG-00392,,CONFIRMED,MAPPED,promotion APPROVED_REPORT_DRAWING_GOLDEN
G-DWG-0393,drawing,drawing.title_block.DWG-TB-S079-004,ENT-SUPPORT-PR1,APPROVED_REPORT_DRAWING_GOLDEN,,,drawingSpecification,drawing_item,DWG-00393,,CONFIRMED,MAPPED,promotion APPROVED_REPORT_DRAWING_GOLDEN
G-DWG-0394,drawing,drawing.title_block.DWG-TB-S079-005,ENT-SUPPORT-PR1,APPROVED_REPORT_DRAWING_GOLDEN,,,drawingSpecification,drawing_item,DWG-00394,,CONFIRMED,MAPPED,promotion APPROVED_REPORT_DRAWING_GOLDEN
G-DWG-0395,drawing,drawing.title_block.DWG-TB-S079-006,ENT-SUPPORT-PR1,APPROVED_REPORT_DRAWING_GOLDEN,,,drawingSpecification,drawing_item,DWG-00395,,CONFIRMED,MAPPED,promotion APPROVED_REPORT_DRAWING_GOLDEN
G-DWG-0396,drawing,drawing.title_block.DWG-TB-S080-001,ENT-SUPPORT-PR1,APPROVED_REPORT_DRAWING_GOLDEN,,,drawingSpecification,drawing_item,DWG-00396,,CONFIRMED,MAPPED,promotion APPROVED_REPORT_DRAWING_GOLDEN
G-DWG-0397,drawing,drawing.title_block.DWG-TB-S080-002,ENT-SUPPORT-PR1,APPROVED_REPORT_DRAWING_GOLDEN,,,drawingSpecification,drawing_item,DWG-00397,,CONFIRMED,MAPPED,promotion APPROVED_REPORT_DRAWING_GOLDEN
G-DWG-0398,drawing,drawing.title_block.DWG-TB-S080-003,ENT-SUPPORT-PR1,APPROVED_REPORT_DRAWING_GOLDEN,,,drawingSpecification,drawing_item,DWG-00398,,CONFIRMED,MAPPED,promotion APPROVED_REPORT_DRAWING_GOLDEN
G-DWG-0399,drawing,drawing.title_block.DWG-TB-S080-004,ENT-SUPPORT-PR1,APPROVED_REPORT_DRAWING_GOLDEN,,,drawingSpecification,drawing_item,DWG-00399,,CONFIRMED,MAPPED,promotion APPROVED_REPORT_DRAWING_GOLDEN
G-DWG-0400,drawing,drawing.title_block.DWG-TB-S080-005,ENT-SUPPORT-PR1,APPROVED_REPORT_DRAWING_GOLDEN,,,drawingSpecification,drawing_item,DWG-00400,,CONFIRMED,MAPPED,promotion APPROVED_REPORT_DRAWING_GOLDEN
G-DWG-0401,drawing,drawing.title_block.DWG-TB-S080-006,ENT-SUPPORT-PR1,APPROVED_REPORT_DRAWING_GOLDEN,,,drawingSpecification,drawing_item,DWG-00401,,CONFIRMED,MAPPED,promotion APPROVED_REPORT_DRAWING_GOLDEN
G-DWG-0402,drawing,drawing.title_block.DWG-TB-S081-001,ENT-SUPPORT-PR1,APPROVED_REPORT_DRAWING_GOLDEN,,,drawingSpecification,drawing_item,DWG-00402,,CONFIRMED,MAPPED,promotion APPROVED_REPORT_DRAWING_GOLDEN
G-DWG-0403,drawing,drawing.title_block.DWG-TB-S081-002,ENT-SUPPORT-PR1,APPROVED_REPORT_DRAWING_GOLDEN,,,drawingSpecification,drawing_item,DWG-00403,,CONFIRMED,MAPPED,promotion APPROVED_REPORT_DRAWING_GOLDEN
G-DWG-0404,drawing,drawing.title_block.DWG-TB-S081-003,ENT-SUPPORT-PR1,APPROVED_REPORT_DRAWING_GOLDEN,,,drawingSpecification,drawing_item,DWG-00404,,CONFIRMED,MAPPED,promotion APPROVED_REPORT_DRAWING_GOLDEN
G-DWG-0405,drawing,drawing.title_block.DWG-TB-S081-004,ENT-SUPPORT-PR1,APPROVED_REPORT_DRAWING_GOLDEN,,,drawingSpecification,drawing_item,DWG-00405,,CONFIRMED,MAPPED,promotion APPROVED_REPORT_DRAWING_GOLDEN
G-DWG-0406,drawing,drawing.title_block.DWG-TB-S081-005,ENT-SUPPORT-PR1,APPROVED_REPORT_DRAWING_GOLDEN,,,drawingSpecification,drawing_item,DWG-00406,,CONFIRMED,MAPPED,promotion APPROVED_REPORT_DRAWING_GOLDEN
G-DWG-0407,drawing,drawing.title_block.DWG-TB-S081-006,ENT-SUPPORT-PR1,APPROVED_REPORT_DRAWING_GOLDEN,,,drawingSpecification,drawing_item,DWG-00407,,CONFIRMED,MAPPED,promotion APPROVED_REPORT_DRAWING_GOLDEN
G-DWG-0408,drawing,drawing.title_block.DWG-TB-S082-001,ENT-SUPPORT-PR1,APPROVED_REPORT_DRAWING_GOLDEN,,,drawingSpecification,drawing_item,DWG-00408,,CONFIRMED,MAPPED,promotion APPROVED_REPORT_DRAWING_GOLDEN
G-DWG-0409,drawing,drawing.title_block.DWG-TB-S082-002,ENT-SUPPORT-PR1,APPROVED_REPORT_DRAWING_GOLDEN,,,drawingSpecification,drawing_item,DWG-00409,,CONFIRMED,MAPPED,promotion APPROVED_REPORT_DRAWING_GOLDEN
G-DWG-0410,drawing,drawing.title_block.DWG-TB-S082-003,ENT-SUPPORT-PR1,APPROVED_REPORT_DRAWING_GOLDEN,,,drawingSpecification,drawing_item,DWG-00410,,CONFIRMED,MAPPED,promotion APPROVED_REPORT_DRAWING_GOLDEN
G-DWG-0411,drawing,drawing.title_block.DWG-TB-S082-004,ENT-SUPPORT-PR1,APPROVED_REPORT_DRAWING_GOLDEN,,,drawingSpecification,drawing_item,DWG-00411,,CONFIRMED,MAPPED,promotion APPROVED_REPORT_DRAWING_GOLDEN
G-DWG-0412,drawing,drawing.title_block.DWG-TB-S082-005,ENT-SUPPORT-PR1,APPROVED_REPORT_DRAWING_GOLDEN,,,drawingSpecification,drawing_item,DWG-00412,,CONFIRMED,MAPPED,promotion APPROVED_REPORT_DRAWING_GOLDEN
G-DWG-0413,drawing,drawing.title_block.DWG-TB-S082-006,ENT-SUPPORT-PR1,APPROVED_REPORT_DRAWING_GOLDEN,,,drawingSpecification,drawing_item,DWG-00413,,CONFIRMED,MAPPED,promotion APPROVED_REPORT_DRAWING_GOLDEN
G-DWG-0414,drawing,drawing.title_block.DWG-TB-S083-001,ENT-SUPPORT-PR1,APPROVED_REPORT_DRAWING_GOLDEN,,,drawingSpecification,drawing_item,DWG-00414,,CONFIRMED,MAPPED,promotion APPROVED_REPORT_DRAWING_GOLDEN
G-DWG-0415,drawing,drawing.title_block.DWG-TB-S083-002,ENT-SUPPORT-PR1,APPROVED_REPORT_DRAWING_GOLDEN,,,drawingSpecification,drawing_item,DWG-00415,,CONFIRMED,MAPPED,promotion APPROVED_REPORT_DRAWING_GOLDEN
G-DWG-0416,drawing,drawing.title_block.DWG-TB-S083-003,ENT-SUPPORT-PR1,APPROVED_REPORT_DRAWING_GOLDEN,,,drawingSpecification,drawing_item,DWG-00416,,CONFIRMED,MAPPED,promotion APPROVED_REPORT_DRAWING_GOLDEN
G-DWG-0417,drawing,drawing.title_block.DWG-TB-S083-004,ENT-SUPPORT-PR1,APPROVED_REPORT_DRAWING_GOLDEN,,,drawingSpecification,drawing_item,DWG-00417,,CONFIRMED,MAPPED,promotion APPROVED_REPORT_DRAWING_GOLDEN
G-DWG-0418,drawing,drawing.title_block.DWG-TB-S083-005,ENT-SUPPORT-PR1,APPROVED_REPORT_DRAWING_GOLDEN,,,drawingSpecification,drawing_item,DWG-00418,,CONFIRMED,MAPPED,promotion APPROVED_REPORT_DRAWING_GOLDEN
G-DWG-0419,drawing,drawing.title_block.DWG-TB-S083-006,ENT-SUPPORT-PR1,APPROVED_REPORT_DRAWING_GOLDEN,,,drawingSpecification,drawing_item,DWG-00419,,CONFIRMED,MAPPED,promotion APPROVED_REPORT_DRAWING_GOLDEN
G-DWG-0420,drawing,drawing.title_block.DWG-TB-S084-001,ENT-DECK,APPROVED_REPORT_DRAWING_GOLDEN,,,drawingSpecification,drawing_item,DWG-00420,,CONFIRMED,MAPPED,promotion APPROVED_REPORT_DRAWING_GOLDEN
G-DWG-0421,drawing,drawing.title_block.DWG-TB-S084-002,ENT-DECK,APPROVED_REPORT_DRAWING_GOLDEN,,,drawingSpecification,drawing_item,DWG-00421,,CONFIRMED,MAPPED,promotion APPROVED_REPORT_DRAWING_GOLDEN
G-DWG-0422,drawing,drawing.title_block.DWG-TB-S084-003,ENT-DECK,APPROVED_REPORT_DRAWING_GOLDEN,,,drawingSpecification,drawing_item,DWG-00422,,CONFIRMED,MAPPED,promotion APPROVED_REPORT_DRAWING_GOLDEN
G-DWG-0423,drawing,drawing.title_block.DWG-TB-S084-004,ENT-DECK,APPROVED_REPORT_DRAWING_GOLDEN,,,drawingSpecification,drawing_item,DWG-00423,,CONFIRMED,MAPPED,promotion APPROVED_REPORT_DRAWING_GOLDEN
G-DWG-0424,drawing,drawing.title_block.DWG-TB-S084-005,ENT-DECK,APPROVED_REPORT_DRAWING_GOLDEN,,,drawingSpecification,drawing_item,DWG-00424,,CONFIRMED,MAPPED,promotion APPROVED_REPORT_DRAWING_GOLDEN
G-DWG-0425,drawing,drawing.title_block.DWG-TB-S085-001,ENT-SUPPORT-PU15,APPROVED_REPORT_DRAWING_GOLDEN,,,drawingSpecification,drawing_item,DWG-00425,,CONFIRMED,MAPPED,promotion APPROVED_REPORT_DRAWING_GOLDEN
G-DWG-0426,drawing,drawing.title_block.DWG-TB-S085-002,ENT-SUPPORT-PU15,APPROVED_REPORT_DRAWING_GOLDEN,,,drawingSpecification,drawing_item,DWG-00426,,CONFIRMED,MAPPED,promotion APPROVED_REPORT_DRAWING_GOLDEN
G-DWG-0427,drawing,drawing.title_block.DWG-TB-S085-003,ENT-SUPPORT-PU15,APPROVED_REPORT_DRAWING_GOLDEN,,,drawingSpecification,drawing_item,DWG-00427,,CONFIRMED,MAPPED,promotion APPROVED_REPORT_DRAWING_GOLDEN
G-DWG-0428,drawing,drawing.title_block.DWG-TB-S085-004,ENT-SUPPORT-PU15,APPROVED_REPORT_DRAWING_GOLDEN,,,drawingSpecification,drawing_item,DWG-00428,,CONFIRMED,MAPPED,promotion APPROVED_REPORT_DRAWING_GOLDEN
G-DWG-0429,drawing,drawing.title_block.DWG-TB-S085-005,ENT-SUPPORT-PU15,APPROVED_REPORT_DRAWING_GOLDEN,,,drawingSpecification,drawing_item,DWG-00429,,CONFIRMED,MAPPED,promotion APPROVED_REPORT_DRAWING_GOLDEN
G-DWG-0430,drawing,drawing.title_block.DWG-TB-S085-006,ENT-SUPPORT-PU15,APPROVED_REPORT_DRAWING_GOLDEN,,,drawingSpecification,drawing_item,DWG-00430,,CONFIRMED,MAPPED,promotion APPROVED_REPORT_DRAWING_GOLDEN
G-DWG-0431,drawing,drawing.title_block.DWG-TB-S086-001,ENT-SUPPORT-PU15,APPROVED_REPORT_DRAWING_GOLDEN,,,drawingSpecification,drawing_item,DWG-00431,,CONFIRMED,MAPPED,promotion APPROVED_REPORT_DRAWING_GOLDEN
G-DWG-0432,drawing,drawing.title_block.DWG-TB-S086-002,ENT-SUPPORT-PU15,APPROVED_REPORT_DRAWING_GOLDEN,,,drawingSpecification,drawing_item,DWG-00432,,CONFIRMED,MAPPED,promotion APPROVED_REPORT_DRAWING_GOLDEN
G-DWG-0433,drawing,drawing.title_block.DWG-TB-S086-003,ENT-SUPPORT-PU15,APPROVED_REPORT_DRAWING_GOLDEN,,,drawingSpecification,drawing_item,DWG-00433,,CONFIRMED,MAPPED,promotion APPROVED_REPORT_DRAWING_GOLDEN
G-DWG-0434,drawing,drawing.title_block.DWG-TB-S086-004,ENT-SUPPORT-PU15,APPROVED_REPORT_DRAWING_GOLDEN,,,drawingSpecification,drawing_item,DWG-00434,,CONFIRMED,MAPPED,promotion APPROVED_REPORT_DRAWING_GOLDEN
G-DWG-0435,drawing,drawing.title_block.DWG-TB-S086-005,ENT-SUPPORT-PU15,APPROVED_REPORT_DRAWING_GOLDEN,,,drawingSpecification,drawing_item,DWG-00435,,CONFIRMED,MAPPED,promotion APPROVED_REPORT_DRAWING_GOLDEN
G-DWG-0436,drawing,drawing.title_block.DWG-TB-S086-006,ENT-SUPPORT-PU15,APPROVED_REPORT_DRAWING_GOLDEN,,,drawingSpecification,drawing_item,DWG-00436,,CONFIRMED,MAPPED,promotion APPROVED_REPORT_DRAWING_GOLDEN
G-DWG-0437,drawing,drawing.title_block.DWG-TB-S087-001,ENT-SUPPORT-PU15,APPROVED_REPORT_DRAWING_GOLDEN,,,drawingSpecification,drawing_item,DWG-00437,,CONFIRMED,MAPPED,promotion APPROVED_REPORT_DRAWING_GOLDEN
G-DWG-0438,drawing,drawing.title_block.DWG-TB-S087-002,ENT-SUPPORT-PU15,APPROVED_REPORT_DRAWING_GOLDEN,,,drawingSpecification,drawing_item,DWG-00438,,CONFIRMED,MAPPED,promotion APPROVED_REPORT_DRAWING_GOLDEN
G-DWG-0439,drawing,drawing.title_block.DWG-TB-S087-003,ENT-SUPPORT-PU15,APPROVED_REPORT_DRAWING_GOLDEN,,,drawingSpecification,drawing_item,DWG-00439,,CONFIRMED,MAPPED,promotion APPROVED_REPORT_DRAWING_GOLDEN
G-DWG-0440,drawing,drawing.title_block.DWG-TB-S087-004,ENT-SUPPORT-PU15,APPROVED_REPORT_DRAWING_GOLDEN,,,drawingSpecification,drawing_item,DWG-00440,,CONFIRMED,MAPPED,promotion APPROVED_REPORT_DRAWING_GOLDEN
G-DWG-0441,drawing,drawing.title_block.DWG-TB-S087-005,ENT-SUPPORT-PU15,APPROVED_REPORT_DRAWING_GOLDEN,,,drawingSpecification,drawing_item,DWG-00441,,CONFIRMED,MAPPED,promotion APPROVED_REPORT_DRAWING_GOLDEN
G-DWG-0442,drawing,drawing.title_block.DWG-TB-S087-006,ENT-SUPPORT-PU15,APPROVED_REPORT_DRAWING_GOLDEN,,,drawingSpecification,drawing_item,DWG-00442,,CONFIRMED,MAPPED,promotion APPROVED_REPORT_DRAWING_GOLDEN
G-DWG-0443,drawing,drawing.title_block.DWG-TB-S088-001,ENT-SUPPORT-PU15,APPROVED_REPORT_DRAWING_GOLDEN,,,drawingSpecification,drawing_item,DWG-00443,,CONFIRMED,MAPPED,promotion APPROVED_REPORT_DRAWING_GOLDEN
G-DWG-0444,drawing,drawing.title_block.DWG-TB-S088-002,ENT-SUPPORT-PU15,APPROVED_REPORT_DRAWING_GOLDEN,,,drawingSpecification,drawing_item,DWG-00444,,CONFIRMED,MAPPED,promotion APPROVED_REPORT_DRAWING_GOLDEN
G-DWG-0445,drawing,drawing.title_block.DWG-TB-S088-003,ENT-SUPPORT-PU15,APPROVED_REPORT_DRAWING_GOLDEN,,,drawingSpecification,drawing_item,DWG-00445,,CONFIRMED,MAPPED,promotion APPROVED_REPORT_DRAWING_GOLDEN
G-DWG-0446,drawing,drawing.title_block.DWG-TB-S088-004,ENT-SUPPORT-PU15,APPROVED_REPORT_DRAWING_GOLDEN,,,drawingSpecification,drawing_item,DWG-00446,,CONFIRMED,MAPPED,promotion APPROVED_REPORT_DRAWING_GOLDEN
G-DWG-0447,drawing,drawing.title_block.DWG-TB-S088-005,ENT-SUPPORT-PU15,APPROVED_REPORT_DRAWING_GOLDEN,,,drawingSpecification,drawing_item,DWG-00447,,CONFIRMED,MAPPED,promotion APPROVED_REPORT_DRAWING_GOLDEN
G-DWG-0448,drawing,drawing.title_block.DWG-TB-S088-006,ENT-SUPPORT-PU15,APPROVED_REPORT_DRAWING_GOLDEN,,,drawingSpecification,drawing_item,DWG-00448,,CONFIRMED,MAPPED,promotion APPROVED_REPORT_DRAWING_GOLDEN
G-DWG-0449,drawing,drawing.title_block.DWG-TB-S089-001,ENT-LINE-ACL,APPROVED_REPORT_DRAWING_GOLDEN,,,drawingSpecification,drawing_item,DWG-00449,,CONFIRMED,MAPPED,promotion APPROVED_REPORT_DRAWING_GOLDEN
G-DWG-0450,drawing,drawing.title_block.DWG-TB-S089-002,ENT-LINE-ACL,APPROVED_REPORT_DRAWING_GOLDEN,,,drawingSpecification,drawing_item,DWG-00450,,CONFIRMED,MAPPED,promotion APPROVED_REPORT_DRAWING_GOLDEN
G-DWG-0451,drawing,drawing.title_block.DWG-TB-S089-003,ENT-LINE-ACL,APPROVED_REPORT_DRAWING_GOLDEN,,,drawingSpecification,drawing_item,DWG-00451,,CONFIRMED,MAPPED,promotion APPROVED_REPORT_DRAWING_GOLDEN
G-DWG-0452,drawing,drawing.title_block.DWG-TB-S089-004,ENT-LINE-ACL,APPROVED_REPORT_DRAWING_GOLDEN,,,drawingSpecification,drawing_item,DWG-00452,,CONFIRMED,MAPPED,promotion APPROVED_REPORT_DRAWING_GOLDEN
G-DWG-0453,drawing,drawing.title_block.DWG-TB-S090-001,ENT-LINE-ACL,APPROVED_REPORT_DRAWING_GOLDEN,,,drawingSpecification,drawing_item,DWG-00453,,CONFIRMED,MAPPED,promotion APPROVED_REPORT_DRAWING_GOLDEN
G-DWG-0454,drawing,drawing.title_block.DWG-TB-S090-002,ENT-LINE-ACL,APPROVED_REPORT_DRAWING_GOLDEN,,,drawingSpecification,drawing_item,DWG-00454,,CONFIRMED,MAPPED,promotion APPROVED_REPORT_DRAWING_GOLDEN
G-DWG-0455,drawing,drawing.title_block.DWG-TB-S090-003,ENT-LINE-ACL,APPROVED_REPORT_DRAWING_GOLDEN,,,drawingSpecification,drawing_item,DWG-00455,,CONFIRMED,MAPPED,promotion APPROVED_REPORT_DRAWING_GOLDEN
G-DWG-0456,drawing,drawing.title_block.DWG-TB-S090-004,ENT-LINE-ACL,APPROVED_REPORT_DRAWING_GOLDEN,,,drawingSpecification,drawing_item,DWG-00456,,CONFIRMED,MAPPED,promotion APPROVED_REPORT_DRAWING_GOLDEN
G-DWG-0457,drawing,drawing.title_block.DWG-TB-S091-001,ENT-LINE-ACL,APPROVED_REPORT_DRAWING_GOLDEN,,,drawingSpecification,drawing_item,DWG-00457,,CONFIRMED,MAPPED,promotion APPROVED_REPORT_DRAWING_GOLDEN
G-DWG-0458,drawing,drawing.title_block.DWG-TB-S091-002,ENT-LINE-ACL,APPROVED_REPORT_DRAWING_GOLDEN,,,drawingSpecification,drawing_item,DWG-00458,,CONFIRMED,MAPPED,promotion APPROVED_REPORT_DRAWING_GOLDEN
G-DWG-0459,drawing,drawing.title_block.DWG-TB-S091-003,ENT-LINE-ACL,APPROVED_REPORT_DRAWING_GOLDEN,,,drawingSpecification,drawing_item,DWG-00459,,CONFIRMED,MAPPED,promotion APPROVED_REPORT_DRAWING_GOLDEN
G-DWG-0460,drawing,drawing.title_block.DWG-TB-S091-004,ENT-LINE-ACL,APPROVED_REPORT_DRAWING_GOLDEN,,,drawingSpecification,drawing_item,DWG-00460,,CONFIRMED,MAPPED,promotion APPROVED_REPORT_DRAWING_GOLDEN
G-DWG-0461,drawing,drawing.title_block.DWG-TB-S092-001,ENT-LINE-ACL,APPROVED_REPORT_DRAWING_GOLDEN,,,drawingSpecification,drawing_item,DWG-00461,,CONFIRMED,MAPPED,promotion APPROVED_REPORT_DRAWING_GOLDEN
G-DWG-0462,drawing,drawing.title_block.DWG-TB-S092-002,ENT-LINE-ACL,APPROVED_REPORT_DRAWING_GOLDEN,,,drawingSpecification,drawing_item,DWG-00462,,CONFIRMED,MAPPED,promotion APPROVED_REPORT_DRAWING_GOLDEN
G-DWG-0463,drawing,drawing.title_block.DWG-TB-S092-003,ENT-LINE-ACL,APPROVED_REPORT_DRAWING_GOLDEN,,,drawingSpecification,drawing_item,DWG-00463,,CONFIRMED,MAPPED,promotion APPROVED_REPORT_DRAWING_GOLDEN
G-DWG-0464,drawing,drawing.title_block.DWG-TB-S092-004,ENT-LINE-ACL,APPROVED_REPORT_DRAWING_GOLDEN,,,drawingSpecification,drawing_item,DWG-00464,,CONFIRMED,MAPPED,promotion APPROVED_REPORT_DRAWING_GOLDEN
G-DWG-0465,drawing,drawing.title_block.DWG-TB-S093-001,ENT-DECK,APPROVED_REPORT_DRAWING_GOLDEN,,,drawingSpecification,drawing_item,DWG-00465,,CONFIRMED,MAPPED,promotion APPROVED_REPORT_DRAWING_GOLDEN
G-DWG-0466,drawing,drawing.title_block.DWG-TB-S093-002,ENT-DECK,APPROVED_REPORT_DRAWING_GOLDEN,,,drawingSpecification,drawing_item,DWG-00466,,CONFIRMED,MAPPED,promotion APPROVED_REPORT_DRAWING_GOLDEN
G-DWG-0467,drawing,drawing.title_block.DWG-TB-S093-003,ENT-DECK,APPROVED_REPORT_DRAWING_GOLDEN,,,drawingSpecification,drawing_item,DWG-00467,,CONFIRMED,MAPPED,promotion APPROVED_REPORT_DRAWING_GOLDEN
G-DWG-0468,drawing,drawing.title_block.DWG-TB-S093-004,ENT-DECK,APPROVED_REPORT_DRAWING_GOLDEN,,,drawingSpecification,drawing_item,DWG-00468,,CONFIRMED,MAPPED,promotion APPROVED_REPORT_DRAWING_GOLDEN
G-DWG-0469,drawing,drawing.title_block.DWG-TB-S094-001,ENT-DECK,APPROVED_REPORT_DRAWING_GOLDEN,,,drawingSpecification,drawing_item,DWG-00469,,CONFIRMED,MAPPED,promotion APPROVED_REPORT_DRAWING_GOLDEN
G-DWG-0470,drawing,drawing.title_block.DWG-TB-S094-002,ENT-DECK,APPROVED_REPORT_DRAWING_GOLDEN,,,drawingSpecification,drawing_item,DWG-00470,,CONFIRMED,MAPPED,promotion APPROVED_REPORT_DRAWING_GOLDEN
G-DWG-0471,drawing,drawing.title_block.DWG-TB-S094-003,ENT-DECK,APPROVED_REPORT_DRAWING_GOLDEN,,,drawingSpecification,drawing_item,DWG-00471,,CONFIRMED,MAPPED,promotion APPROVED_REPORT_DRAWING_GOLDEN
G-DWG-0472,drawing,drawing.title_block.DWG-TB-S094-004,ENT-DECK,APPROVED_REPORT_DRAWING_GOLDEN,,,drawingSpecification,drawing_item,DWG-00472,,CONFIRMED,MAPPED,promotion APPROVED_REPORT_DRAWING_GOLDEN
G-DWG-0473,drawing,drawing.title_block.DWG-TB-S095-001,ENT-DECK,APPROVED_REPORT_DRAWING_GOLDEN,,,drawingSpecification,drawing_item,DWG-00473,,CONFIRMED,MAPPED,promotion APPROVED_REPORT_DRAWING_GOLDEN
G-DWG-0474,drawing,drawing.title_block.DWG-TB-S095-002,ENT-DECK,APPROVED_REPORT_DRAWING_GOLDEN,,,drawingSpecification,drawing_item,DWG-00474,,CONFIRMED,MAPPED,promotion APPROVED_REPORT_DRAWING_GOLDEN
G-DWG-0475,drawing,drawing.title_block.DWG-TB-S095-003,ENT-DECK,APPROVED_REPORT_DRAWING_GOLDEN,,,drawingSpecification,drawing_item,DWG-00475,,CONFIRMED,MAPPED,promotion APPROVED_REPORT_DRAWING_GOLDEN
G-DWG-0476,drawing,drawing.title_block.DWG-TB-S095-004,ENT-DECK,APPROVED_REPORT_DRAWING_GOLDEN,,,drawingSpecification,drawing_item,DWG-00476,,CONFIRMED,MAPPED,promotion APPROVED_REPORT_DRAWING_GOLDEN
G-DWG-0477,drawing,drawing.title_block.DWG-TB-S096-001,ENT-DECK,APPROVED_REPORT_DRAWING_GOLDEN,,,drawingSpecification,drawing_item,DWG-00477,,CONFIRMED,MAPPED,promotion APPROVED_REPORT_DRAWING_GOLDEN
G-DWG-0478,drawing,drawing.title_block.DWG-TB-S096-002,ENT-DECK,APPROVED_REPORT_DRAWING_GOLDEN,,,drawingSpecification,drawing_item,DWG-00478,,CONFIRMED,MAPPED,promotion APPROVED_REPORT_DRAWING_GOLDEN
G-DWG-0479,drawing,drawing.title_block.DWG-TB-S096-003,ENT-DECK,APPROVED_REPORT_DRAWING_GOLDEN,,,drawingSpecification,drawing_item,DWG-00479,,CONFIRMED,MAPPED,promotion APPROVED_REPORT_DRAWING_GOLDEN
G-DWG-0480,drawing,drawing.title_block.DWG-TB-S096-004,ENT-DECK,APPROVED_REPORT_DRAWING_GOLDEN,,,drawingSpecification,drawing_item,DWG-00480,,CONFIRMED,MAPPED,promotion APPROVED_REPORT_DRAWING_GOLDEN
G-DWG-0481,drawing,drawing.title_block.DWG-TB-S097-001,ENT-DECK,APPROVED_REPORT_DRAWING_GOLDEN,,,drawingSpecification,drawing_item,DWG-00481,,CONFIRMED,MAPPED,promotion APPROVED_REPORT_DRAWING_GOLDEN
G-DWG-0482,drawing,drawing.title_block.DWG-TB-S097-002,ENT-DECK,APPROVED_REPORT_DRAWING_GOLDEN,,,drawingSpecification,drawing_item,DWG-00482,,CONFIRMED,MAPPED,promotion APPROVED_REPORT_DRAWING_GOLDEN
G-DWG-0483,drawing,drawing.title_block.DWG-TB-S097-003,ENT-DECK,APPROVED_REPORT_DRAWING_GOLDEN,,,drawingSpecification,drawing_item,DWG-00483,,CONFIRMED,MAPPED,promotion APPROVED_REPORT_DRAWING_GOLDEN
G-DWG-0484,drawing,drawing.title_block.DWG-TB-S097-004,ENT-DECK,APPROVED_REPORT_DRAWING_GOLDEN,,,drawingSpecification,drawing_item,DWG-00484,,CONFIRMED,MAPPED,promotion APPROVED_REPORT_DRAWING_GOLDEN
G-DWG-0485,drawing,drawing.title_block.DWG-TB-S098-001,ENT-DECK,APPROVED_REPORT_DRAWING_GOLDEN,,,drawingSpecification,drawing_item,DWG-00485,,CONFIRMED,MAPPED,promotion APPROVED_REPORT_DRAWING_GOLDEN
G-DWG-0486,drawing,drawing.title_block.DWG-TB-S098-002,ENT-DECK,APPROVED_REPORT_DRAWING_GOLDEN,,,drawingSpecification,drawing_item,DWG-00486,,CONFIRMED,MAPPED,promotion APPROVED_REPORT_DRAWING_GOLDEN
G-DWG-0487,drawing,drawing.title_block.DWG-TB-S098-003,ENT-DECK,APPROVED_REPORT_DRAWING_GOLDEN,,,drawingSpecification,drawing_item,DWG-00487,,CONFIRMED,MAPPED,promotion APPROVED_REPORT_DRAWING_GOLDEN
G-DWG-0488,drawing,drawing.title_block.DWG-TB-S098-004,ENT-DECK,APPROVED_REPORT_DRAWING_GOLDEN,,,drawingSpecification,drawing_item,DWG-00488,,CONFIRMED,MAPPED,promotion APPROVED_REPORT_DRAWING_GOLDEN
G-DWG-0489,drawing,drawing.title_block.DWG-TB-S099-001,ENT-DECK,APPROVED_REPORT_DRAWING_GOLDEN,,,drawingSpecification,drawing_item,DWG-00489,,CONFIRMED,MAPPED,promotion APPROVED_REPORT_DRAWING_GOLDEN
G-DWG-0490,drawing,drawing.title_block.DWG-TB-S099-002,ENT-DECK,APPROVED_REPORT_DRAWING_GOLDEN,,,drawingSpecification,drawing_item,DWG-00490,,CONFIRMED,MAPPED,promotion APPROVED_REPORT_DRAWING_GOLDEN
G-DWG-0491,drawing,drawing.title_block.DWG-TB-S099-003,ENT-DECK,APPROVED_REPORT_DRAWING_GOLDEN,,,drawingSpecification,drawing_item,DWG-00491,,CONFIRMED,MAPPED,promotion APPROVED_REPORT_DRAWING_GOLDEN
G-DWG-0492,drawing,drawing.title_block.DWG-TB-S099-004,ENT-DECK,APPROVED_REPORT_DRAWING_GOLDEN,,,drawingSpecification,drawing_item,DWG-00492,,CONFIRMED,MAPPED,promotion APPROVED_REPORT_DRAWING_GOLDEN
G-DWG-0493,drawing,drawing.title_block.DWG-TB-S100-001,ENT-DECK,APPROVED_REPORT_DRAWING_GOLDEN,,,drawingSpecification,drawing_item,DWG-00493,,CONFIRMED,MAPPED,promotion APPROVED_REPORT_DRAWING_GOLDEN
G-DWG-0494,drawing,drawing.title_block.DWG-TB-S100-002,ENT-DECK,APPROVED_REPORT_DRAWING_GOLDEN,,,drawingSpecification,drawing_item,DWG-00494,,CONFIRMED,MAPPED,promotion APPROVED_REPORT_DRAWING_GOLDEN
G-DWG-0495,drawing,drawing.title_block.DWG-TB-S100-003,ENT-DECK,APPROVED_REPORT_DRAWING_GOLDEN,,,drawingSpecification,drawing_item,DWG-00495,,CONFIRMED,MAPPED,promotion APPROVED_REPORT_DRAWING_GOLDEN
G-DWG-0496,drawing,drawing.title_block.DWG-TB-S100-004,ENT-DECK,APPROVED_REPORT_DRAWING_GOLDEN,,,drawingSpecification,drawing_item,DWG-00496,,CONFIRMED,MAPPED,promotion APPROVED_REPORT_DRAWING_GOLDEN
G-DWG-0497,drawing,drawing.title_block.DWG-TB-S101-001,ENT-LINE-ACL,APPROVED_REPORT_DRAWING_GOLDEN,,,drawingSpecification,drawing_item,DWG-00497,,CONFIRMED,MAPPED,promotion APPROVED_REPORT_DRAWING_GOLDEN
G-DWG-0498,drawing,drawing.title_block.DWG-TB-S101-002,ENT-LINE-ACL,APPROVED_REPORT_DRAWING_GOLDEN,,,drawingSpecification,drawing_item,DWG-00498,,CONFIRMED,MAPPED,promotion APPROVED_REPORT_DRAWING_GOLDEN
G-DWG-0499,drawing,drawing.title_block.DWG-TB-S101-003,ENT-LINE-ACL,APPROVED_REPORT_DRAWING_GOLDEN,,,drawingSpecification,drawing_item,DWG-00499,,CONFIRMED,MAPPED,promotion APPROVED_REPORT_DRAWING_GOLDEN
G-DWG-0500,drawing,drawing.title_block.DWG-TB-S101-004,ENT-LINE-ACL,APPROVED_REPORT_DRAWING_GOLDEN,,,drawingSpecification,drawing_item,DWG-00500,,CONFIRMED,MAPPED,promotion APPROVED_REPORT_DRAWING_GOLDEN
G-DWG-0501,drawing,drawing.title_block.DWG-TB-S102-001,ENT-LINE-ACL,APPROVED_REPORT_DRAWING_GOLDEN,,,drawingSpecification,drawing_item,DWG-00501,,CONFIRMED,MAPPED,promotion APPROVED_REPORT_DRAWING_GOLDEN
G-DWG-0502,drawing,drawing.title_block.DWG-TB-S102-002,ENT-LINE-ACL,APPROVED_REPORT_DRAWING_GOLDEN,,,drawingSpecification,drawing_item,DWG-00502,,CONFIRMED,MAPPED,promotion APPROVED_REPORT_DRAWING_GOLDEN
G-DWG-0503,drawing,drawing.title_block.DWG-TB-S102-003,ENT-LINE-ACL,APPROVED_REPORT_DRAWING_GOLDEN,,,drawingSpecification,drawing_item,DWG-00503,,CONFIRMED,MAPPED,promotion APPROVED_REPORT_DRAWING_GOLDEN
G-DWG-0504,drawing,drawing.title_block.DWG-TB-S102-004,ENT-LINE-ACL,APPROVED_REPORT_DRAWING_GOLDEN,,,drawingSpecification,drawing_item,DWG-00504,,CONFIRMED,MAPPED,promotion APPROVED_REPORT_DRAWING_GOLDEN
G-DWG-0505,drawing,drawing.title_block.DWG-TB-S103-001,ENT-LINE-ACL,APPROVED_REPORT_DRAWING_GOLDEN,,,drawingSpecification,drawing_item,DWG-00505,,CONFIRMED,MAPPED,promotion APPROVED_REPORT_DRAWING_GOLDEN
G-DWG-0506,drawing,drawing.title_block.DWG-TB-S103-002,ENT-LINE-ACL,APPROVED_REPORT_DRAWING_GOLDEN,,,drawingSpecification,drawing_item,DWG-00506,,CONFIRMED,MAPPED,promotion APPROVED_REPORT_DRAWING_GOLDEN
G-DWG-0507,drawing,drawing.title_block.DWG-TB-S103-003,ENT-LINE-ACL,APPROVED_REPORT_DRAWING_GOLDEN,,,drawingSpecification,drawing_item,DWG-00507,,CONFIRMED,MAPPED,promotion APPROVED_REPORT_DRAWING_GOLDEN
G-DWG-0508,drawing,drawing.title_block.DWG-TB-S103-004,ENT-LINE-ACL,APPROVED_REPORT_DRAWING_GOLDEN,,,drawingSpecification,drawing_item,DWG-00508,,CONFIRMED,MAPPED,promotion APPROVED_REPORT_DRAWING_GOLDEN
G-DWG-0509,drawing,drawing.title_block.DWG-TB-S104-001,ENT-LINE-ACL,APPROVED_REPORT_DRAWING_GOLDEN,,,drawingSpecification,drawing_item,DWG-00509,,CONFIRMED,MAPPED,promotion APPROVED_REPORT_DRAWING_GOLDEN
G-DWG-0510,drawing,drawing.title_block.DWG-TB-S104-002,ENT-LINE-ACL,APPROVED_REPORT_DRAWING_GOLDEN,,,drawingSpecification,drawing_item,DWG-00510,,CONFIRMED,MAPPED,promotion APPROVED_REPORT_DRAWING_GOLDEN
G-DWG-0511,drawing,drawing.title_block.DWG-TB-S104-003,ENT-LINE-ACL,APPROVED_REPORT_DRAWING_GOLDEN,,,drawingSpecification,drawing_item,DWG-00511,,CONFIRMED,MAPPED,promotion APPROVED_REPORT_DRAWING_GOLDEN
G-DWG-0512,drawing,drawing.title_block.DWG-TB-S104-004,ENT-LINE-ACL,APPROVED_REPORT_DRAWING_GOLDEN,,,drawingSpecification,drawing_item,DWG-00512,,CONFIRMED,MAPPED,promotion APPROVED_REPORT_DRAWING_GOLDEN
G-DWG-0513,drawing,drawing.title_block.DWG-TB-S105-001,ENT-LINE-ACL,APPROVED_REPORT_DRAWING_GOLDEN,,,drawingSpecification,drawing_item,DWG-00513,,CONFIRMED,MAPPED,promotion APPROVED_REPORT_DRAWING_GOLDEN
G-DWG-0514,drawing,drawing.title_block.DWG-TB-S105-002,ENT-LINE-ACL,APPROVED_REPORT_DRAWING_GOLDEN,,,drawingSpecification,drawing_item,DWG-00514,,CONFIRMED,MAPPED,promotion APPROVED_REPORT_DRAWING_GOLDEN
G-DWG-0515,drawing,drawing.title_block.DWG-TB-S105-003,ENT-LINE-ACL,APPROVED_REPORT_DRAWING_GOLDEN,,,drawingSpecification,drawing_item,DWG-00515,,CONFIRMED,MAPPED,promotion APPROVED_REPORT_DRAWING_GOLDEN
G-DWG-0516,drawing,drawing.title_block.DWG-TB-S105-004,ENT-LINE-ACL,APPROVED_REPORT_DRAWING_GOLDEN,,,drawingSpecification,drawing_item,DWG-00516,,CONFIRMED,MAPPED,promotion APPROVED_REPORT_DRAWING_GOLDEN
G-DWG-0517,drawing,drawing.title_block.DWG-TB-S106-001,ENT-LINE-ACL,APPROVED_REPORT_DRAWING_GOLDEN,,,drawingSpecification,drawing_item,DWG-00517,,CONFIRMED,MAPPED,promotion APPROVED_REPORT_DRAWING_GOLDEN
G-DWG-0518,drawing,drawing.title_block.DWG-TB-S106-002,ENT-LINE-ACL,APPROVED_REPORT_DRAWING_GOLDEN,,,drawingSpecification,drawing_item,DWG-00518,,CONFIRMED,MAPPED,promotion APPROVED_REPORT_DRAWING_GOLDEN
G-DWG-0519,drawing,drawing.title_block.DWG-TB-S106-003,ENT-LINE-ACL,APPROVED_REPORT_DRAWING_GOLDEN,,,drawingSpecification,drawing_item,DWG-00519,,CONFIRMED,MAPPED,promotion APPROVED_REPORT_DRAWING_GOLDEN
G-DWG-0520,drawing,drawing.title_block.DWG-TB-S106-004,ENT-LINE-ACL,APPROVED_REPORT_DRAWING_GOLDEN,,,drawingSpecification,drawing_item,DWG-00520,,CONFIRMED,MAPPED,promotion APPROVED_REPORT_DRAWING_GOLDEN
G-DWG-0521,drawing,drawing.title_block.DWG-TB-S107-001,ENT-LINE-ACL,APPROVED_REPORT_DRAWING_GOLDEN,,,drawingSpecification,drawing_item,DWG-00521,,CONFIRMED,MAPPED,promotion APPROVED_REPORT_DRAWING_GOLDEN
G-DWG-0522,drawing,drawing.title_block.DWG-TB-S107-002,ENT-LINE-ACL,APPROVED_REPORT_DRAWING_GOLDEN,,,drawingSpecification,drawing_item,DWG-00522,,CONFIRMED,MAPPED,promotion APPROVED_REPORT_DRAWING_GOLDEN
G-DWG-0523,drawing,drawing.title_block.DWG-TB-S107-003,ENT-LINE-ACL,APPROVED_REPORT_DRAWING_GOLDEN,,,drawingSpecification,drawing_item,DWG-00523,,CONFIRMED,MAPPED,promotion APPROVED_REPORT_DRAWING_GOLDEN
G-DWG-0524,drawing,drawing.title_block.DWG-TB-S107-004,ENT-LINE-ACL,APPROVED_REPORT_DRAWING_GOLDEN,,,drawingSpecification,drawing_item,DWG-00524,,CONFIRMED,MAPPED,promotion APPROVED_REPORT_DRAWING_GOLDEN
G-DWG-0525,drawing,drawing.title_block.DWG-TB-S108-001,ENT-LINE-ACL,APPROVED_REPORT_DRAWING_GOLDEN,,,drawingSpecification,drawing_item,DWG-00525,,CONFIRMED,MAPPED,promotion APPROVED_REPORT_DRAWING_GOLDEN
G-DWG-0526,drawing,drawing.title_block.DWG-TB-S108-002,ENT-LINE-ACL,APPROVED_REPORT_DRAWING_GOLDEN,,,drawingSpecification,drawing_item,DWG-00526,,CONFIRMED,MAPPED,promotion APPROVED_REPORT_DRAWING_GOLDEN
G-DWG-0527,drawing,drawing.title_block.DWG-TB-S108-003,ENT-LINE-ACL,APPROVED_REPORT_DRAWING_GOLDEN,,,drawingSpecification,drawing_item,DWG-00527,,CONFIRMED,MAPPED,promotion APPROVED_REPORT_DRAWING_GOLDEN
G-DWG-0528,drawing,drawing.title_block.DWG-TB-S108-004,ENT-LINE-ACL,APPROVED_REPORT_DRAWING_GOLDEN,,,drawingSpecification,drawing_item,DWG-00528,,CONFIRMED,MAPPED,promotion APPROVED_REPORT_DRAWING_GOLDEN
G-DWG-0529,drawing,drawing.title_block.DWG-TB-S109-001,ENT-LINE-ACL,APPROVED_REPORT_DRAWING_GOLDEN,,,drawingSpecification,drawing_item,DWG-00529,,CONFIRMED,MAPPED,promotion APPROVED_REPORT_DRAWING_GOLDEN
G-DWG-0530,drawing,drawing.title_block.DWG-TB-S109-002,ENT-LINE-ACL,APPROVED_REPORT_DRAWING_GOLDEN,,,drawingSpecification,drawing_item,DWG-00530,,CONFIRMED,MAPPED,promotion APPROVED_REPORT_DRAWING_GOLDEN
G-DWG-0531,drawing,drawing.title_block.DWG-TB-S109-003,ENT-LINE-ACL,APPROVED_REPORT_DRAWING_GOLDEN,,,drawingSpecification,drawing_item,DWG-00531,,CONFIRMED,MAPPED,promotion APPROVED_REPORT_DRAWING_GOLDEN
G-DWG-0532,drawing,drawing.title_block.DWG-TB-S109-004,ENT-LINE-ACL,APPROVED_REPORT_DRAWING_GOLDEN,,,drawingSpecification,drawing_item,DWG-00532,,CONFIRMED,MAPPED,promotion APPROVED_REPORT_DRAWING_GOLDEN
G-DWG-0533,drawing,drawing.title_block.DWG-TB-S110-001,ENT-LINE-ACL,APPROVED_REPORT_DRAWING_GOLDEN,,,drawingSpecification,drawing_item,DWG-00533,,CONFIRMED,MAPPED,promotion APPROVED_REPORT_DRAWING_GOLDEN
G-DWG-0534,drawing,drawing.title_block.DWG-TB-S110-002,ENT-LINE-ACL,APPROVED_REPORT_DRAWING_GOLDEN,,,drawingSpecification,drawing_item,DWG-00534,,CONFIRMED,MAPPED,promotion APPROVED_REPORT_DRAWING_GOLDEN
G-DWG-0535,drawing,drawing.title_block.DWG-TB-S110-003,ENT-LINE-ACL,APPROVED_REPORT_DRAWING_GOLDEN,,,drawingSpecification,drawing_item,DWG-00535,,CONFIRMED,MAPPED,promotion APPROVED_REPORT_DRAWING_GOLDEN
G-DWG-0536,drawing,drawing.title_block.DWG-TB-S110-004,ENT-LINE-ACL,APPROVED_REPORT_DRAWING_GOLDEN,,,drawingSpecification,drawing_item,DWG-00536,,CONFIRMED,MAPPED,promotion APPROVED_REPORT_DRAWING_GOLDEN
G-DWG-0537,drawing,drawing.title_block.DWG-TB-S111-001,ENT-LINE-ACL,APPROVED_REPORT_DRAWING_GOLDEN,,,drawingSpecification,drawing_item,DWG-00537,,CONFIRMED,MAPPED,promotion APPROVED_REPORT_DRAWING_GOLDEN
G-DWG-0538,drawing,drawing.title_block.DWG-TB-S111-002,ENT-LINE-ACL,APPROVED_REPORT_DRAWING_GOLDEN,,,drawingSpecification,drawing_item,DWG-00538,,CONFIRMED,MAPPED,promotion APPROVED_REPORT_DRAWING_GOLDEN
G-DWG-0539,drawing,drawing.title_block.DWG-TB-S111-003,ENT-LINE-ACL,APPROVED_REPORT_DRAWING_GOLDEN,,,drawingSpecification,drawing_item,DWG-00539,,CONFIRMED,MAPPED,promotion APPROVED_REPORT_DRAWING_GOLDEN
G-DWG-0540,drawing,drawing.title_block.DWG-TB-S111-004,ENT-LINE-ACL,APPROVED_REPORT_DRAWING_GOLDEN,,,drawingSpecification,drawing_item,DWG-00540,,CONFIRMED,MAPPED,promotion APPROVED_REPORT_DRAWING_GOLDEN
G-DWG-0541,drawing,drawing.title_block.DWG-TB-S112-001,ENT-LINE-ACL,APPROVED_REPORT_DRAWING_GOLDEN,,,drawingSpecification,drawing_item,DWG-00541,,CONFIRMED,MAPPED,promotion APPROVED_REPORT_DRAWING_GOLDEN
G-DWG-0542,drawing,drawing.title_block.DWG-TB-S112-002,ENT-LINE-ACL,APPROVED_REPORT_DRAWING_GOLDEN,,,drawingSpecification,drawing_item,DWG-00542,,CONFIRMED,MAPPED,promotion APPROVED_REPORT_DRAWING_GOLDEN
G-DWG-0543,drawing,drawing.title_block.DWG-TB-S112-003,ENT-LINE-ACL,APPROVED_REPORT_DRAWING_GOLDEN,,,drawingSpecification,drawing_item,DWG-00543,,CONFIRMED,MAPPED,promotion APPROVED_REPORT_DRAWING_GOLDEN
G-DWG-0544,drawing,drawing.title_block.DWG-TB-S112-004,ENT-LINE-ACL,APPROVED_REPORT_DRAWING_GOLDEN,,,drawingSpecification,drawing_item,DWG-00544,,CONFIRMED,MAPPED,promotion APPROVED_REPORT_DRAWING_GOLDEN
G-DWG-0545,drawing,drawing.title_block.DWG-TB-S113-001,ENT-LINE-ACL,APPROVED_REPORT_DRAWING_GOLDEN,,,drawingSpecification,drawing_item,DWG-00545,,CONFIRMED,MAPPED,promotion APPROVED_REPORT_DRAWING_GOLDEN
G-DWG-0546,drawing,drawing.title_block.DWG-TB-S113-002,ENT-LINE-ACL,APPROVED_REPORT_DRAWING_GOLDEN,,,drawingSpecification,drawing_item,DWG-00546,,CONFIRMED,MAPPED,promotion APPROVED_REPORT_DRAWING_GOLDEN
G-DWG-0547,drawing,drawing.title_block.DWG-TB-S113-003,ENT-LINE-ACL,APPROVED_REPORT_DRAWING_GOLDEN,,,drawingSpecification,drawing_item,DWG-00547,,CONFIRMED,MAPPED,promotion APPROVED_REPORT_DRAWING_GOLDEN
G-DWG-0548,drawing,drawing.title_block.DWG-TB-S113-004,ENT-LINE-ACL,APPROVED_REPORT_DRAWING_GOLDEN,,,drawingSpecification,drawing_item,DWG-00548,,CONFIRMED,MAPPED,promotion APPROVED_REPORT_DRAWING_GOLDEN
G-DWG-0549,drawing,drawing.title_block.DWG-TB-S114-001,ENT-LINE-ACL,APPROVED_REPORT_DRAWING_GOLDEN,,,drawingSpecification,drawing_item,DWG-00549,,CONFIRMED,MAPPED,promotion APPROVED_REPORT_DRAWING_GOLDEN
G-DWG-0550,drawing,drawing.title_block.DWG-TB-S114-002,ENT-LINE-ACL,APPROVED_REPORT_DRAWING_GOLDEN,,,drawingSpecification,drawing_item,DWG-00550,,CONFIRMED,MAPPED,promotion APPROVED_REPORT_DRAWING_GOLDEN
G-DWG-0551,drawing,drawing.title_block.DWG-TB-S114-003,ENT-LINE-ACL,APPROVED_REPORT_DRAWING_GOLDEN,,,drawingSpecification,drawing_item,DWG-00551,,CONFIRMED,MAPPED,promotion APPROVED_REPORT_DRAWING_GOLDEN
G-DWG-0552,drawing,drawing.title_block.DWG-TB-S114-004,ENT-LINE-ACL,APPROVED_REPORT_DRAWING_GOLDEN,,,drawingSpecification,drawing_item,DWG-00552,,CONFIRMED,MAPPED,promotion APPROVED_REPORT_DRAWING_GOLDEN
G-DWG-0553,drawing,drawing.title_block.DWG-TB-S115-001,ENT-LINE-ACL,APPROVED_REPORT_DRAWING_GOLDEN,,,drawingSpecification,drawing_item,DWG-00553,,CONFIRMED,MAPPED,promotion APPROVED_REPORT_DRAWING_GOLDEN
G-DWG-0554,drawing,drawing.title_block.DWG-TB-S115-002,ENT-LINE-ACL,APPROVED_REPORT_DRAWING_GOLDEN,,,drawingSpecification,drawing_item,DWG-00554,,CONFIRMED,MAPPED,promotion APPROVED_REPORT_DRAWING_GOLDEN
G-DWG-0555,drawing,drawing.title_block.DWG-TB-S115-003,ENT-LINE-ACL,APPROVED_REPORT_DRAWING_GOLDEN,,,drawingSpecification,drawing_item,DWG-00555,,CONFIRMED,MAPPED,promotion APPROVED_REPORT_DRAWING_GOLDEN
G-DWG-0556,drawing,drawing.title_block.DWG-TB-S115-004,ENT-LINE-ACL,APPROVED_REPORT_DRAWING_GOLDEN,,,drawingSpecification,drawing_item,DWG-00556,,CONFIRMED,MAPPED,promotion APPROVED_REPORT_DRAWING_GOLDEN
G-DWG-0557,drawing,drawing.title_block.DWG-TB-S116-001,ENT-LINE-ACL,APPROVED_REPORT_DRAWING_GOLDEN,,,drawingSpecification,drawing_item,DWG-00557,,CONFIRMED,MAPPED,promotion APPROVED_REPORT_DRAWING_GOLDEN
G-DWG-0558,drawing,drawing.title_block.DWG-TB-S116-002,ENT-LINE-ACL,APPROVED_REPORT_DRAWING_GOLDEN,,,drawingSpecification,drawing_item,DWG-00558,,CONFIRMED,MAPPED,promotion APPROVED_REPORT_DRAWING_GOLDEN
G-DWG-0559,drawing,drawing.title_block.DWG-TB-S116-003,ENT-LINE-ACL,APPROVED_REPORT_DRAWING_GOLDEN,,,drawingSpecification,drawing_item,DWG-00559,,CONFIRMED,MAPPED,promotion APPROVED_REPORT_DRAWING_GOLDEN
G-DWG-0560,drawing,drawing.title_block.DWG-TB-S116-004,ENT-LINE-ACL,APPROVED_REPORT_DRAWING_GOLDEN,,,drawingSpecification,drawing_item,DWG-00560,,CONFIRMED,MAPPED,promotion APPROVED_REPORT_DRAWING_GOLDEN
G-DWG-0561,drawing,drawing.title_block.DWG-TB-S117-001,ENT-LINE-ACL,APPROVED_REPORT_DRAWING_GOLDEN,,,drawingSpecification,drawing_item,DWG-00561,,CONFIRMED,MAPPED,promotion APPROVED_REPORT_DRAWING_GOLDEN
G-DWG-0562,drawing,drawing.title_block.DWG-TB-S117-002,ENT-LINE-ACL,APPROVED_REPORT_DRAWING_GOLDEN,,,drawingSpecification,drawing_item,DWG-00562,,CONFIRMED,MAPPED,promotion APPROVED_REPORT_DRAWING_GOLDEN
G-DWG-0563,drawing,drawing.title_block.DWG-TB-S117-003,ENT-LINE-ACL,APPROVED_REPORT_DRAWING_GOLDEN,,,drawingSpecification,drawing_item,DWG-00563,,CONFIRMED,MAPPED,promotion APPROVED_REPORT_DRAWING_GOLDEN
G-DWG-0564,drawing,drawing.title_block.DWG-TB-S117-004,ENT-LINE-ACL,APPROVED_REPORT_DRAWING_GOLDEN,,,drawingSpecification,drawing_item,DWG-00564,,CONFIRMED,MAPPED,promotion APPROVED_REPORT_DRAWING_GOLDEN
G-DWG-0565,drawing,drawing.title_block.DWG-TB-S118-001,ENT-LINE-ACL,APPROVED_REPORT_DRAWING_GOLDEN,,,drawingSpecification,drawing_item,DWG-00565,,CONFIRMED,MAPPED,promotion APPROVED_REPORT_DRAWING_GOLDEN
G-DWG-0566,drawing,drawing.title_block.DWG-TB-S118-002,ENT-LINE-ACL,APPROVED_REPORT_DRAWING_GOLDEN,,,drawingSpecification,drawing_item,DWG-00566,,CONFIRMED,MAPPED,promotion APPROVED_REPORT_DRAWING_GOLDEN
G-DWG-0567,drawing,drawing.title_block.DWG-TB-S118-003,ENT-LINE-ACL,APPROVED_REPORT_DRAWING_GOLDEN,,,drawingSpecification,drawing_item,DWG-00567,,CONFIRMED,MAPPED,promotion APPROVED_REPORT_DRAWING_GOLDEN
G-DWG-0568,drawing,drawing.title_block.DWG-TB-S118-004,ENT-LINE-ACL,APPROVED_REPORT_DRAWING_GOLDEN,,,drawingSpecification,drawing_item,DWG-00568,,CONFIRMED,MAPPED,promotion APPROVED_REPORT_DRAWING_GOLDEN
G-DWG-0569,drawing,drawing.title_block.DWG-TB-S119-001,ENT-LINE-ACL,APPROVED_REPORT_DRAWING_GOLDEN,,,drawingSpecification,drawing_item,DWG-00569,,CONFIRMED,MAPPED,promotion APPROVED_REPORT_DRAWING_GOLDEN
G-DWG-0570,drawing,drawing.title_block.DWG-TB-S119-002,ENT-LINE-ACL,APPROVED_REPORT_DRAWING_GOLDEN,,,drawingSpecification,drawing_item,DWG-00570,,CONFIRMED,MAPPED,promotion APPROVED_REPORT_DRAWING_GOLDEN
G-DWG-0571,drawing,drawing.title_block.DWG-TB-S119-003,ENT-LINE-ACL,APPROVED_REPORT_DRAWING_GOLDEN,,,drawingSpecification,drawing_item,DWG-00571,,CONFIRMED,MAPPED,promotion APPROVED_REPORT_DRAWING_GOLDEN
G-DWG-0572,drawing,drawing.title_block.DWG-TB-S119-004,ENT-LINE-ACL,APPROVED_REPORT_DRAWING_GOLDEN,,,drawingSpecification,drawing_item,DWG-00572,,CONFIRMED,MAPPED,promotion APPROVED_REPORT_DRAWING_GOLDEN
G-DWG-0573,drawing,drawing.title_block.DWG-TB-S120-001,ENT-LINE-ACL,APPROVED_REPORT_DRAWING_GOLDEN,,,drawingSpecification,drawing_item,DWG-00573,,CONFIRMED,MAPPED,promotion APPROVED_REPORT_DRAWING_GOLDEN
G-DWG-0574,drawing,drawing.title_block.DWG-TB-S120-002,ENT-LINE-ACL,APPROVED_REPORT_DRAWING_GOLDEN,,,drawingSpecification,drawing_item,DWG-00574,,CONFIRMED,MAPPED,promotion APPROVED_REPORT_DRAWING_GOLDEN
G-DWG-0575,drawing,drawing.title_block.DWG-TB-S120-003,ENT-LINE-ACL,APPROVED_REPORT_DRAWING_GOLDEN,,,drawingSpecification,drawing_item,DWG-00575,,CONFIRMED,MAPPED,promotion APPROVED_REPORT_DRAWING_GOLDEN
G-DWG-0576,drawing,drawing.title_block.DWG-TB-S120-004,ENT-LINE-ACL,APPROVED_REPORT_DRAWING_GOLDEN,,,drawingSpecification,drawing_item,DWG-00576,,CONFIRMED,MAPPED,promotion APPROVED_REPORT_DRAWING_GOLDEN
G-DWG-0577,drawing,drawing.title_block.DWG-TB-S121-001,ENT-LINE-ACL,APPROVED_REPORT_DRAWING_GOLDEN,,,drawingSpecification,drawing_item,DWG-00577,,CONFIRMED,MAPPED,promotion APPROVED_REPORT_DRAWING_GOLDEN
G-DWG-0578,drawing,drawing.title_block.DWG-TB-S121-002,ENT-LINE-ACL,APPROVED_REPORT_DRAWING_GOLDEN,,,drawingSpecification,drawing_item,DWG-00578,,CONFIRMED,MAPPED,promotion APPROVED_REPORT_DRAWING_GOLDEN
G-DWG-0579,drawing,drawing.title_block.DWG-TB-S121-003,ENT-LINE-ACL,APPROVED_REPORT_DRAWING_GOLDEN,,,drawingSpecification,drawing_item,DWG-00579,,CONFIRMED,MAPPED,promotion APPROVED_REPORT_DRAWING_GOLDEN
G-DWG-0580,drawing,drawing.title_block.DWG-TB-S121-004,ENT-LINE-ACL,APPROVED_REPORT_DRAWING_GOLDEN,,,drawingSpecification,drawing_item,DWG-00580,,CONFIRMED,MAPPED,promotion APPROVED_REPORT_DRAWING_GOLDEN
G-DWG-0581,drawing,drawing.title_block.DWG-TB-S122-001,ENT-LINE-ACL,APPROVED_REPORT_DRAWING_GOLDEN,,,drawingSpecification,drawing_item,DWG-00581,,CONFIRMED,MAPPED,promotion APPROVED_REPORT_DRAWING_GOLDEN
G-DWG-0582,drawing,drawing.title_block.DWG-TB-S122-002,ENT-LINE-ACL,APPROVED_REPORT_DRAWING_GOLDEN,,,drawingSpecification,drawing_item,DWG-00582,,CONFIRMED,MAPPED,promotion APPROVED_REPORT_DRAWING_GOLDEN
G-DWG-0583,drawing,drawing.title_block.DWG-TB-S122-003,ENT-LINE-ACL,APPROVED_REPORT_DRAWING_GOLDEN,,,drawingSpecification,drawing_item,DWG-00583,,CONFIRMED,MAPPED,promotion APPROVED_REPORT_DRAWING_GOLDEN
G-DWG-0584,drawing,drawing.title_block.DWG-TB-S122-004,ENT-LINE-ACL,APPROVED_REPORT_DRAWING_GOLDEN,,,drawingSpecification,drawing_item,DWG-00584,,CONFIRMED,MAPPED,promotion APPROVED_REPORT_DRAWING_GOLDEN
G-DWG-0585,drawing,drawing.title_block.DWG-TB-S123-001,ENT-LINE-ACL,APPROVED_REPORT_DRAWING_GOLDEN,,,drawingSpecification,drawing_item,DWG-00585,,CONFIRMED,MAPPED,promotion APPROVED_REPORT_DRAWING_GOLDEN
G-DWG-0586,drawing,drawing.title_block.DWG-TB-S123-002,ENT-LINE-ACL,APPROVED_REPORT_DRAWING_GOLDEN,,,drawingSpecification,drawing_item,DWG-00586,,CONFIRMED,MAPPED,promotion APPROVED_REPORT_DRAWING_GOLDEN
G-DWG-0587,drawing,drawing.title_block.DWG-TB-S123-003,ENT-LINE-ACL,APPROVED_REPORT_DRAWING_GOLDEN,,,drawingSpecification,drawing_item,DWG-00587,,CONFIRMED,MAPPED,promotion APPROVED_REPORT_DRAWING_GOLDEN
G-DWG-0588,drawing,drawing.title_block.DWG-TB-S123-004,ENT-LINE-ACL,APPROVED_REPORT_DRAWING_GOLDEN,,,drawingSpecification,drawing_item,DWG-00588,,CONFIRMED,MAPPED,promotion APPROVED_REPORT_DRAWING_GOLDEN
G-DWG-0589,drawing,drawing.title_block.DWG-TB-S124-001,ENT-LINE-ACL,APPROVED_REPORT_DRAWING_GOLDEN,,,drawingSpecification,drawing_item,DWG-00589,,CONFIRMED,MAPPED,promotion APPROVED_REPORT_DRAWING_GOLDEN
G-DWG-0590,drawing,drawing.title_block.DWG-TB-S124-002,ENT-LINE-ACL,APPROVED_REPORT_DRAWING_GOLDEN,,,drawingSpecification,drawing_item,DWG-00590,,CONFIRMED,MAPPED,promotion APPROVED_REPORT_DRAWING_GOLDEN
G-DWG-0591,drawing,drawing.title_block.DWG-TB-S124-003,ENT-LINE-ACL,APPROVED_REPORT_DRAWING_GOLDEN,,,drawingSpecification,drawing_item,DWG-00591,,CONFIRMED,MAPPED,promotion APPROVED_REPORT_DRAWING_GOLDEN
G-DWG-0592,drawing,drawing.title_block.DWG-TB-S124-004,ENT-LINE-ACL,APPROVED_REPORT_DRAWING_GOLDEN,,,drawingSpecification,drawing_item,DWG-00592,,CONFIRMED,MAPPED,promotion APPROVED_REPORT_DRAWING_GOLDEN
G-DWG-0593,drawing,drawing.title_block.DWG-TB-S125-001,ENT-LINE-ACL,APPROVED_REPORT_DRAWING_GOLDEN,,,drawingSpecification,drawing_item,DWG-00593,,CONFIRMED,MAPPED,promotion APPROVED_REPORT_DRAWING_GOLDEN
G-DWG-0594,drawing,drawing.title_block.DWG-TB-S125-002,ENT-LINE-ACL,APPROVED_REPORT_DRAWING_GOLDEN,,,drawingSpecification,drawing_item,DWG-00594,,CONFIRMED,MAPPED,promotion APPROVED_REPORT_DRAWING_GOLDEN
G-DWG-0595,drawing,drawing.title_block.DWG-TB-S125-003,ENT-LINE-ACL,APPROVED_REPORT_DRAWING_GOLDEN,,,drawingSpecification,drawing_item,DWG-00595,,CONFIRMED,MAPPED,promotion APPROVED_REPORT_DRAWING_GOLDEN
G-DWG-0596,drawing,drawing.title_block.DWG-TB-S125-004,ENT-LINE-ACL,APPROVED_REPORT_DRAWING_GOLDEN,,,drawingSpecification,drawing_item,DWG-00596,,CONFIRMED,MAPPED,promotion APPROVED_REPORT_DRAWING_GOLDEN
G-DWG-0597,drawing,drawing.title_block.DWG-TB-S126-001,ENT-LINE-ACL,APPROVED_REPORT_DRAWING_GOLDEN,,,drawingSpecification,drawing_item,DWG-00597,,CONFIRMED,MAPPED,promotion APPROVED_REPORT_DRAWING_GOLDEN
G-DWG-0598,drawing,drawing.title_block.DWG-TB-S126-002,ENT-LINE-ACL,APPROVED_REPORT_DRAWING_GOLDEN,,,drawingSpecification,drawing_item,DWG-00598,,CONFIRMED,MAPPED,promotion APPROVED_REPORT_DRAWING_GOLDEN
G-DWG-0599,drawing,drawing.title_block.DWG-TB-S126-003,ENT-LINE-ACL,APPROVED_REPORT_DRAWING_GOLDEN,,,drawingSpecification,drawing_item,DWG-00599,,CONFIRMED,MAPPED,promotion APPROVED_REPORT_DRAWING_GOLDEN
G-DWG-0600,drawing,drawing.title_block.DWG-TB-S126-004,ENT-LINE-ACL,APPROVED_REPORT_DRAWING_GOLDEN,,,drawingSpecification,drawing_item,DWG-00600,,CONFIRMED,MAPPED,promotion APPROVED_REPORT_DRAWING_GOLDEN
G-DWG-0601,drawing,drawing.title_block.DWG-TB-S127-001,ENT-LINE-ACL,APPROVED_REPORT_DRAWING_GOLDEN,,,drawingSpecification,drawing_item,DWG-00601,,CONFIRMED,MAPPED,promotion APPROVED_REPORT_DRAWING_GOLDEN
G-DWG-0602,drawing,drawing.title_block.DWG-TB-S127-002,ENT-LINE-ACL,APPROVED_REPORT_DRAWING_GOLDEN,,,drawingSpecification,drawing_item,DWG-00602,,CONFIRMED,MAPPED,promotion APPROVED_REPORT_DRAWING_GOLDEN
G-DWG-0603,drawing,drawing.title_block.DWG-TB-S127-003,ENT-LINE-ACL,APPROVED_REPORT_DRAWING_GOLDEN,,,drawingSpecification,drawing_item,DWG-00603,,CONFIRMED,MAPPED,promotion APPROVED_REPORT_DRAWING_GOLDEN
G-DWG-0604,drawing,drawing.title_block.DWG-TB-S127-004,ENT-LINE-ACL,APPROVED_REPORT_DRAWING_GOLDEN,,,drawingSpecification,drawing_item,DWG-00604,,CONFIRMED,MAPPED,promotion APPROVED_REPORT_DRAWING_GOLDEN
G-DWG-0605,drawing,drawing.title_block.DWG-TB-S128-001,ENT-LINE-ACL,APPROVED_REPORT_DRAWING_GOLDEN,,,drawingSpecification,drawing_item,DWG-00605,,CONFIRMED,MAPPED,promotion APPROVED_REPORT_DRAWING_GOLDEN
G-DWG-0606,drawing,drawing.title_block.DWG-TB-S128-002,ENT-LINE-ACL,APPROVED_REPORT_DRAWING_GOLDEN,,,drawingSpecification,drawing_item,DWG-00606,,CONFIRMED,MAPPED,promotion APPROVED_REPORT_DRAWING_GOLDEN
G-DWG-0607,drawing,drawing.title_block.DWG-TB-S128-003,ENT-LINE-ACL,APPROVED_REPORT_DRAWING_GOLDEN,,,drawingSpecification,drawing_item,DWG-00607,,CONFIRMED,MAPPED,promotion APPROVED_REPORT_DRAWING_GOLDEN
G-DWG-0608,drawing,drawing.title_block.DWG-TB-S128-004,ENT-LINE-ACL,APPROVED_REPORT_DRAWING_GOLDEN,,,drawingSpecification,drawing_item,DWG-00608,,CONFIRMED,MAPPED,promotion APPROVED_REPORT_DRAWING_GOLDEN
G-DWG-0609,drawing,drawing.title_block.DWG-TB-S129-001,ENT-LINE-ACL,APPROVED_REPORT_DRAWING_GOLDEN,,,drawingSpecification,drawing_item,DWG-00609,,CONFIRMED,MAPPED,promotion APPROVED_REPORT_DRAWING_GOLDEN
G-DWG-0610,drawing,drawing.title_block.DWG-TB-S129-002,ENT-LINE-ACL,APPROVED_REPORT_DRAWING_GOLDEN,,,drawingSpecification,drawing_item,DWG-00610,,CONFIRMED,MAPPED,promotion APPROVED_REPORT_DRAWING_GOLDEN
G-DWG-0611,drawing,drawing.title_block.DWG-TB-S129-003,ENT-LINE-ACL,APPROVED_REPORT_DRAWING_GOLDEN,,,drawingSpecification,drawing_item,DWG-00611,,CONFIRMED,MAPPED,promotion APPROVED_REPORT_DRAWING_GOLDEN
G-DWG-0612,drawing,drawing.title_block.DWG-TB-S129-004,ENT-LINE-ACL,APPROVED_REPORT_DRAWING_GOLDEN,,,drawingSpecification,drawing_item,DWG-00612,,CONFIRMED,MAPPED,promotion APPROVED_REPORT_DRAWING_GOLDEN
G-DWG-0613,drawing,drawing.title_block.DWG-TB-S130-001,ENT-LINE-ACL,APPROVED_REPORT_DRAWING_GOLDEN,,,drawingSpecification,drawing_item,DWG-00613,,CONFIRMED,MAPPED,promotion APPROVED_REPORT_DRAWING_GOLDEN
G-DWG-0614,drawing,drawing.title_block.DWG-TB-S130-002,ENT-LINE-ACL,APPROVED_REPORT_DRAWING_GOLDEN,,,drawingSpecification,drawing_item,DWG-00614,,CONFIRMED,MAPPED,promotion APPROVED_REPORT_DRAWING_GOLDEN
G-DWG-0615,drawing,drawing.title_block.DWG-TB-S130-003,ENT-LINE-ACL,APPROVED_REPORT_DRAWING_GOLDEN,,,drawingSpecification,drawing_item,DWG-00615,,CONFIRMED,MAPPED,promotion APPROVED_REPORT_DRAWING_GOLDEN
G-DWG-0616,drawing,drawing.title_block.DWG-TB-S130-004,ENT-LINE-ACL,APPROVED_REPORT_DRAWING_GOLDEN,,,drawingSpecification,drawing_item,DWG-00616,,CONFIRMED,MAPPED,promotion APPROVED_REPORT_DRAWING_GOLDEN
G-DWG-0617,drawing,drawing.title_block.DWG-TB-S131-001,ENT-LINE-ACL,APPROVED_REPORT_DRAWING_GOLDEN,,,drawingSpecification,drawing_item,DWG-00617,,CONFIRMED,MAPPED,promotion APPROVED_REPORT_DRAWING_GOLDEN
G-DWG-0618,drawing,drawing.title_block.DWG-TB-S131-002,ENT-LINE-ACL,APPROVED_REPORT_DRAWING_GOLDEN,,,drawingSpecification,drawing_item,DWG-00618,,CONFIRMED,MAPPED,promotion APPROVED_REPORT_DRAWING_GOLDEN
G-DWG-0619,drawing,drawing.title_block.DWG-TB-S131-003,ENT-LINE-ACL,APPROVED_REPORT_DRAWING_GOLDEN,,,drawingSpecification,drawing_item,DWG-00619,,CONFIRMED,MAPPED,promotion APPROVED_REPORT_DRAWING_GOLDEN
G-DWG-0620,drawing,drawing.title_block.DWG-TB-S131-004,ENT-LINE-ACL,APPROVED_REPORT_DRAWING_GOLDEN,,,drawingSpecification,drawing_item,DWG-00620,,CONFIRMED,MAPPED,promotion APPROVED_REPORT_DRAWING_GOLDEN
G-DWG-0621,drawing,drawing.title_block.DWG-TB-S132-001,ENT-LINE-ACL,APPROVED_REPORT_DRAWING_GOLDEN,,,drawingSpecification,drawing_item,DWG-00621,,CONFIRMED,MAPPED,promotion APPROVED_REPORT_DRAWING_GOLDEN
G-DWG-0622,drawing,drawing.title_block.DWG-TB-S132-002,ENT-LINE-ACL,APPROVED_REPORT_DRAWING_GOLDEN,,,drawingSpecification,drawing_item,DWG-00622,,CONFIRMED,MAPPED,promotion APPROVED_REPORT_DRAWING_GOLDEN
G-DWG-0623,drawing,drawing.title_block.DWG-TB-S132-003,ENT-LINE-ACL,APPROVED_REPORT_DRAWING_GOLDEN,,,drawingSpecification,drawing_item,DWG-00623,,CONFIRMED,MAPPED,promotion APPROVED_REPORT_DRAWING_GOLDEN
G-DWG-0624,drawing,drawing.title_block.DWG-TB-S132-004,ENT-LINE-ACL,APPROVED_REPORT_DRAWING_GOLDEN,,,drawingSpecification,drawing_item,DWG-00624,,CONFIRMED,MAPPED,promotion APPROVED_REPORT_DRAWING_GOLDEN
G-DWG-0625,drawing,drawing.title_block.DWG-TB-S133-001,ENT-LINE-ACL,APPROVED_REPORT_DRAWING_GOLDEN,,,drawingSpecification,drawing_item,DWG-00625,,CONFIRMED,MAPPED,promotion APPROVED_REPORT_DRAWING_GOLDEN
G-DWG-0626,drawing,drawing.title_block.DWG-TB-S133-002,ENT-LINE-ACL,APPROVED_REPORT_DRAWING_GOLDEN,,,drawingSpecification,drawing_item,DWG-00626,,CONFIRMED,MAPPED,promotion APPROVED_REPORT_DRAWING_GOLDEN
G-DWG-0627,drawing,drawing.title_block.DWG-TB-S133-003,ENT-LINE-ACL,APPROVED_REPORT_DRAWING_GOLDEN,,,drawingSpecification,drawing_item,DWG-00627,,CONFIRMED,MAPPED,promotion APPROVED_REPORT_DRAWING_GOLDEN
G-DWG-0628,drawing,drawing.title_block.DWG-TB-S133-004,ENT-LINE-ACL,APPROVED_REPORT_DRAWING_GOLDEN,,,drawingSpecification,drawing_item,DWG-00628,,CONFIRMED,MAPPED,promotion APPROVED_REPORT_DRAWING_GOLDEN
G-DWG-0629,drawing,drawing.title_block.DWG-TB-S134-001,ENT-LINE-ACL,APPROVED_REPORT_DRAWING_GOLDEN,,,drawingSpecification,drawing_item,DWG-00629,,CONFIRMED,MAPPED,promotion APPROVED_REPORT_DRAWING_GOLDEN
G-DWG-0630,drawing,drawing.title_block.DWG-TB-S134-002,ENT-LINE-ACL,APPROVED_REPORT_DRAWING_GOLDEN,,,drawingSpecification,drawing_item,DWG-00630,,CONFIRMED,MAPPED,promotion APPROVED_REPORT_DRAWING_GOLDEN
G-DWG-0631,drawing,drawing.title_block.DWG-TB-S134-003,ENT-LINE-ACL,APPROVED_REPORT_DRAWING_GOLDEN,,,drawingSpecification,drawing_item,DWG-00631,,CONFIRMED,MAPPED,promotion APPROVED_REPORT_DRAWING_GOLDEN
G-DWG-0632,drawing,drawing.title_block.DWG-TB-S134-004,ENT-LINE-ACL,APPROVED_REPORT_DRAWING_GOLDEN,,,drawingSpecification,drawing_item,DWG-00632,,CONFIRMED,MAPPED,promotion APPROVED_REPORT_DRAWING_GOLDEN
G-DWG-0633,drawing,drawing.title_block.DWG-TB-S135-001,ENT-LINE-ACL,APPROVED_REPORT_DRAWING_GOLDEN,,,drawingSpecification,drawing_item,DWG-00633,,CONFIRMED,MAPPED,promotion APPROVED_REPORT_DRAWING_GOLDEN
G-DWG-0634,drawing,drawing.title_block.DWG-TB-S135-002,ENT-LINE-ACL,APPROVED_REPORT_DRAWING_GOLDEN,,,drawingSpecification,drawing_item,DWG-00634,,CONFIRMED,MAPPED,promotion APPROVED_REPORT_DRAWING_GOLDEN
G-DWG-0635,drawing,drawing.title_block.DWG-TB-S135-003,ENT-LINE-ACL,APPROVED_REPORT_DRAWING_GOLDEN,,,drawingSpecification,drawing_item,DWG-00635,,CONFIRMED,MAPPED,promotion APPROVED_REPORT_DRAWING_GOLDEN
G-DWG-0636,drawing,drawing.title_block.DWG-TB-S135-004,ENT-LINE-ACL,APPROVED_REPORT_DRAWING_GOLDEN,,,drawingSpecification,drawing_item,DWG-00636,,CONFIRMED,MAPPED,promotion APPROVED_REPORT_DRAWING_GOLDEN
G-DWG-0637,drawing,drawing.title_block.DWG-TB-S136-001,ENT-LINE-ACL,APPROVED_REPORT_DRAWING_GOLDEN,,,drawingSpecification,drawing_item,DWG-00637,,CONFIRMED,MAPPED,promotion APPROVED_REPORT_DRAWING_GOLDEN
G-DWG-0638,drawing,drawing.title_block.DWG-TB-S136-002,ENT-LINE-ACL,APPROVED_REPORT_DRAWING_GOLDEN,,,drawingSpecification,drawing_item,DWG-00638,,CONFIRMED,MAPPED,promotion APPROVED_REPORT_DRAWING_GOLDEN
G-DWG-0639,drawing,drawing.title_block.DWG-TB-S136-003,ENT-LINE-ACL,APPROVED_REPORT_DRAWING_GOLDEN,,,drawingSpecification,drawing_item,DWG-00639,,CONFIRMED,MAPPED,promotion APPROVED_REPORT_DRAWING_GOLDEN
G-DWG-0640,drawing,drawing.title_block.DWG-TB-S136-004,ENT-LINE-ACL,APPROVED_REPORT_DRAWING_GOLDEN,,,drawingSpecification,drawing_item,DWG-00640,,CONFIRMED,MAPPED,promotion APPROVED_REPORT_DRAWING_GOLDEN
G-DWG-0641,drawing,drawing.title_block.DWG-TB-S137-001,ENT-LINE-ACL,APPROVED_REPORT_DRAWING_GOLDEN,,,drawingSpecification,drawing_item,DWG-00641,,CONFIRMED,MAPPED,promotion APPROVED_REPORT_DRAWING_GOLDEN
G-DWG-0642,drawing,drawing.title_block.DWG-TB-S137-002,ENT-LINE-ACL,APPROVED_REPORT_DRAWING_GOLDEN,,,drawingSpecification,drawing_item,DWG-00642,,CONFIRMED,MAPPED,promotion APPROVED_REPORT_DRAWING_GOLDEN
G-DWG-0643,drawing,drawing.title_block.DWG-TB-S137-003,ENT-LINE-ACL,APPROVED_REPORT_DRAWING_GOLDEN,,,drawingSpecification,drawing_item,DWG-00643,,CONFIRMED,MAPPED,promotion APPROVED_REPORT_DRAWING_GOLDEN
G-DWG-0644,drawing,drawing.title_block.DWG-TB-S137-004,ENT-LINE-ACL,APPROVED_REPORT_DRAWING_GOLDEN,,,drawingSpecification,drawing_item,DWG-00644,,CONFIRMED,MAPPED,promotion APPROVED_REPORT_DRAWING_GOLDEN
G-DWG-0645,drawing,drawing.title_block.DWG-TB-S138-001,ENT-LINE-ACL,APPROVED_REPORT_DRAWING_GOLDEN,,,drawingSpecification,drawing_item,DWG-00645,,CONFIRMED,MAPPED,promotion APPROVED_REPORT_DRAWING_GOLDEN
G-DWG-0646,drawing,drawing.title_block.DWG-TB-S138-002,ENT-LINE-ACL,APPROVED_REPORT_DRAWING_GOLDEN,,,drawingSpecification,drawing_item,DWG-00646,,CONFIRMED,MAPPED,promotion APPROVED_REPORT_DRAWING_GOLDEN
G-DWG-0647,drawing,drawing.title_block.DWG-TB-S138-003,ENT-LINE-ACL,APPROVED_REPORT_DRAWING_GOLDEN,,,drawingSpecification,drawing_item,DWG-00647,,CONFIRMED,MAPPED,promotion APPROVED_REPORT_DRAWING_GOLDEN
G-DWG-0648,drawing,drawing.title_block.DWG-TB-S138-004,ENT-LINE-ACL,APPROVED_REPORT_DRAWING_GOLDEN,,,drawingSpecification,drawing_item,DWG-00648,,CONFIRMED,MAPPED,promotion APPROVED_REPORT_DRAWING_GOLDEN
G-DWG-0649,drawing,drawing.title_block.DWG-TB-S139-001,ENT-LINE-ACL,APPROVED_REPORT_DRAWING_GOLDEN,,,drawingSpecification,drawing_item,DWG-00649,,CONFIRMED,MAPPED,promotion APPROVED_REPORT_DRAWING_GOLDEN
G-DWG-0650,drawing,drawing.title_block.DWG-TB-S139-002,ENT-LINE-ACL,APPROVED_REPORT_DRAWING_GOLDEN,,,drawingSpecification,drawing_item,DWG-00650,,CONFIRMED,MAPPED,promotion APPROVED_REPORT_DRAWING_GOLDEN
G-DWG-0651,drawing,drawing.title_block.DWG-TB-S139-003,ENT-LINE-ACL,APPROVED_REPORT_DRAWING_GOLDEN,,,drawingSpecification,drawing_item,DWG-00651,,CONFIRMED,MAPPED,promotion APPROVED_REPORT_DRAWING_GOLDEN
G-DWG-0652,drawing,drawing.title_block.DWG-TB-S139-004,ENT-LINE-ACL,APPROVED_REPORT_DRAWING_GOLDEN,,,drawingSpecification,drawing_item,DWG-00652,,CONFIRMED,MAPPED,promotion APPROVED_REPORT_DRAWING_GOLDEN
G-DWG-0653,drawing,drawing.title_block.DWG-TB-S140-001,ENT-LINE-ACL,APPROVED_REPORT_DRAWING_GOLDEN,,,drawingSpecification,drawing_item,DWG-00653,,CONFIRMED,MAPPED,promotion APPROVED_REPORT_DRAWING_GOLDEN
G-DWG-0654,drawing,drawing.title_block.DWG-TB-S140-002,ENT-LINE-ACL,APPROVED_REPORT_DRAWING_GOLDEN,,,drawingSpecification,drawing_item,DWG-00654,,CONFIRMED,MAPPED,promotion APPROVED_REPORT_DRAWING_GOLDEN
G-DWG-0655,drawing,drawing.title_block.DWG-TB-S140-003,ENT-LINE-ACL,APPROVED_REPORT_DRAWING_GOLDEN,,,drawingSpecification,drawing_item,DWG-00655,,CONFIRMED,MAPPED,promotion APPROVED_REPORT_DRAWING_GOLDEN
G-DWG-0656,drawing,drawing.title_block.DWG-TB-S140-004,ENT-LINE-ACL,APPROVED_REPORT_DRAWING_GOLDEN,,,drawingSpecification,drawing_item,DWG-00656,,CONFIRMED,MAPPED,promotion APPROVED_REPORT_DRAWING_GOLDEN
G-DWG-0657,drawing,drawing.title_block.DWG-TB-S089-005,ENT-LINE-ACL,APPROVED_REPORT_DRAWING_GOLDEN,,,drawingSpecification,drawing_item,DWG-00657,,CONFIRMED,MAPPED,promotion APPROVED_REPORT_DRAWING_GOLDEN
G-DWG-0658,drawing,drawing.title_block.DWG-TB-S090-005,ENT-LINE-ACL,APPROVED_REPORT_DRAWING_GOLDEN,,,drawingSpecification,drawing_item,DWG-00658,,CONFIRMED,MAPPED,promotion APPROVED_REPORT_DRAWING_GOLDEN
G-DWG-0659,drawing,drawing.title_block.DWG-TB-S091-005,ENT-LINE-ACL,APPROVED_REPORT_DRAWING_GOLDEN,,,drawingSpecification,drawing_item,DWG-00659,,CONFIRMED,MAPPED,promotion APPROVED_REPORT_DRAWING_GOLDEN
G-DWG-0660,drawing,drawing.title_block.DWG-TB-S092-005,ENT-LINE-ACL,APPROVED_REPORT_DRAWING_GOLDEN,,,drawingSpecification,drawing_item,DWG-00660,,CONFIRMED,MAPPED,promotion APPROVED_REPORT_DRAWING_GOLDEN
G-DWG-0661,drawing,drawing.title_block.DWG-TB-S093-005,ENT-DECK,APPROVED_REPORT_DRAWING_GOLDEN,,,drawingSpecification,drawing_item,DWG-00661,,CONFIRMED,MAPPED,promotion APPROVED_REPORT_DRAWING_GOLDEN
G-DWG-0662,drawing,drawing.title_block.DWG-TB-S094-005,ENT-DECK,APPROVED_REPORT_DRAWING_GOLDEN,,,drawingSpecification,drawing_item,DWG-00662,,CONFIRMED,MAPPED,promotion APPROVED_REPORT_DRAWING_GOLDEN
G-DWG-0663,drawing,drawing.title_block.DWG-TB-S095-005,ENT-DECK,APPROVED_REPORT_DRAWING_GOLDEN,,,drawingSpecification,drawing_item,DWG-00663,,CONFIRMED,MAPPED,promotion APPROVED_REPORT_DRAWING_GOLDEN
G-DWG-0664,drawing,drawing.title_block.DWG-TB-S096-005,ENT-DECK,APPROVED_REPORT_DRAWING_GOLDEN,,,drawingSpecification,drawing_item,DWG-00664,,CONFIRMED,MAPPED,promotion APPROVED_REPORT_DRAWING_GOLDEN
G-DWG-0665,drawing,drawing.title_block.DWG-TB-S097-005,ENT-DECK,APPROVED_REPORT_DRAWING_GOLDEN,,,drawingSpecification,drawing_item,DWG-00665,,CONFIRMED,MAPPED,promotion APPROVED_REPORT_DRAWING_GOLDEN
G-DWG-0666,drawing,drawing.title_block.DWG-TB-S098-005,ENT-DECK,APPROVED_REPORT_DRAWING_GOLDEN,,,drawingSpecification,drawing_item,DWG-00666,,CONFIRMED,MAPPED,promotion APPROVED_REPORT_DRAWING_GOLDEN
G-DWG-0667,drawing,drawing.title_block.DWG-TB-S099-005,ENT-DECK,APPROVED_REPORT_DRAWING_GOLDEN,,,drawingSpecification,drawing_item,DWG-00667,,CONFIRMED,MAPPED,promotion APPROVED_REPORT_DRAWING_GOLDEN
G-DWG-0668,drawing,drawing.title_block.DWG-TB-S100-005,ENT-DECK,APPROVED_REPORT_DRAWING_GOLDEN,,,drawingSpecification,drawing_item,DWG-00668,,CONFIRMED,MAPPED,promotion APPROVED_REPORT_DRAWING_GOLDEN
G-DWG-0669,drawing,drawing.title_block.DWG-TB-S101-005,ENT-LINE-ACL,APPROVED_REPORT_DRAWING_GOLDEN,,,drawingSpecification,drawing_item,DWG-00669,,CONFIRMED,MAPPED,promotion APPROVED_REPORT_DRAWING_GOLDEN
G-DWG-0670,drawing,drawing.title_block.DWG-TB-S102-005,ENT-LINE-ACL,APPROVED_REPORT_DRAWING_GOLDEN,,,drawingSpecification,drawing_item,DWG-00670,,CONFIRMED,MAPPED,promotion APPROVED_REPORT_DRAWING_GOLDEN
G-DWG-0671,drawing,drawing.title_block.DWG-TB-S103-005,ENT-LINE-ACL,APPROVED_REPORT_DRAWING_GOLDEN,,,drawingSpecification,drawing_item,DWG-00671,,CONFIRMED,MAPPED,promotion APPROVED_REPORT_DRAWING_GOLDEN
G-DWG-0672,drawing,drawing.title_block.DWG-TB-S104-005,ENT-LINE-ACL,APPROVED_REPORT_DRAWING_GOLDEN,,,drawingSpecification,drawing_item,DWG-00672,,CONFIRMED,MAPPED,promotion APPROVED_REPORT_DRAWING_GOLDEN
G-DWG-0673,drawing,drawing.title_block.DWG-TB-S105-005,ENT-LINE-ACL,APPROVED_REPORT_DRAWING_GOLDEN,,,drawingSpecification,drawing_item,DWG-00673,,CONFIRMED,MAPPED,promotion APPROVED_REPORT_DRAWING_GOLDEN
G-DWG-0674,drawing,drawing.title_block.DWG-TB-S106-005,ENT-LINE-ACL,APPROVED_REPORT_DRAWING_GOLDEN,,,drawingSpecification,drawing_item,DWG-00674,,CONFIRMED,MAPPED,promotion APPROVED_REPORT_DRAWING_GOLDEN
G-DWG-0675,drawing,drawing.title_block.DWG-TB-S107-005,ENT-LINE-ACL,APPROVED_REPORT_DRAWING_GOLDEN,,,drawingSpecification,drawing_item,DWG-00675,,CONFIRMED,MAPPED,promotion APPROVED_REPORT_DRAWING_GOLDEN
G-DWG-0676,drawing,drawing.title_block.DWG-TB-S108-005,ENT-LINE-ACL,APPROVED_REPORT_DRAWING_GOLDEN,,,drawingSpecification,drawing_item,DWG-00676,,CONFIRMED,MAPPED,promotion APPROVED_REPORT_DRAWING_GOLDEN
G-DWG-0677,drawing,drawing.title_block.DWG-TB-S109-005,ENT-LINE-ACL,APPROVED_REPORT_DRAWING_GOLDEN,,,drawingSpecification,drawing_item,DWG-00677,,CONFIRMED,MAPPED,promotion APPROVED_REPORT_DRAWING_GOLDEN
G-DWG-0678,drawing,drawing.title_block.DWG-TB-S110-005,ENT-LINE-ACL,APPROVED_REPORT_DRAWING_GOLDEN,,,drawingSpecification,drawing_item,DWG-00678,,CONFIRMED,MAPPED,promotion APPROVED_REPORT_DRAWING_GOLDEN
G-DWG-0679,drawing,drawing.title_block.DWG-TB-S111-005,ENT-LINE-ACL,APPROVED_REPORT_DRAWING_GOLDEN,,,drawingSpecification,drawing_item,DWG-00679,,CONFIRMED,MAPPED,promotion APPROVED_REPORT_DRAWING_GOLDEN
G-DWG-0680,drawing,drawing.title_block.DWG-TB-S112-005,ENT-LINE-ACL,APPROVED_REPORT_DRAWING_GOLDEN,,,drawingSpecification,drawing_item,DWG-00680,,CONFIRMED,MAPPED,promotion APPROVED_REPORT_DRAWING_GOLDEN
G-DWG-0681,drawing,drawing.title_block.DWG-TB-S113-005,ENT-LINE-ACL,APPROVED_REPORT_DRAWING_GOLDEN,,,drawingSpecification,drawing_item,DWG-00681,,CONFIRMED,MAPPED,promotion APPROVED_REPORT_DRAWING_GOLDEN
G-DWG-0682,drawing,drawing.title_block.DWG-TB-S114-005,ENT-LINE-ACL,APPROVED_REPORT_DRAWING_GOLDEN,,,drawingSpecification,drawing_item,DWG-00682,,CONFIRMED,MAPPED,promotion APPROVED_REPORT_DRAWING_GOLDEN
G-DWG-0683,drawing,drawing.title_block.DWG-TB-S115-005,ENT-LINE-ACL,APPROVED_REPORT_DRAWING_GOLDEN,,,drawingSpecification,drawing_item,DWG-00683,,CONFIRMED,MAPPED,promotion APPROVED_REPORT_DRAWING_GOLDEN
G-DWG-0684,drawing,drawing.title_block.DWG-TB-S116-005,ENT-LINE-ACL,APPROVED_REPORT_DRAWING_GOLDEN,,,drawingSpecification,drawing_item,DWG-00684,,CONFIRMED,MAPPED,promotion APPROVED_REPORT_DRAWING_GOLDEN
G-DWG-0685,drawing,drawing.title_block.DWG-TB-S117-005,ENT-LINE-ACL,APPROVED_REPORT_DRAWING_GOLDEN,,,drawingSpecification,drawing_item,DWG-00685,,CONFIRMED,MAPPED,promotion APPROVED_REPORT_DRAWING_GOLDEN
G-DWG-0686,drawing,drawing.title_block.DWG-TB-S118-005,ENT-LINE-ACL,APPROVED_REPORT_DRAWING_GOLDEN,,,drawingSpecification,drawing_item,DWG-00686,,CONFIRMED,MAPPED,promotion APPROVED_REPORT_DRAWING_GOLDEN
G-DWG-0687,drawing,drawing.title_block.DWG-TB-S119-005,ENT-LINE-ACL,APPROVED_REPORT_DRAWING_GOLDEN,,,drawingSpecification,drawing_item,DWG-00687,,CONFIRMED,MAPPED,promotion APPROVED_REPORT_DRAWING_GOLDEN
G-DWG-0688,drawing,drawing.title_block.DWG-TB-S120-005,ENT-LINE-ACL,APPROVED_REPORT_DRAWING_GOLDEN,,,drawingSpecification,drawing_item,DWG-00688,,CONFIRMED,MAPPED,promotion APPROVED_REPORT_DRAWING_GOLDEN
G-DWG-0689,drawing,drawing.title_block.DWG-TB-S121-005,ENT-LINE-ACL,APPROVED_REPORT_DRAWING_GOLDEN,,,drawingSpecification,drawing_item,DWG-00689,,CONFIRMED,MAPPED,promotion APPROVED_REPORT_DRAWING_GOLDEN
G-DWG-0690,drawing,drawing.title_block.DWG-TB-S122-005,ENT-LINE-ACL,APPROVED_REPORT_DRAWING_GOLDEN,,,drawingSpecification,drawing_item,DWG-00690,,CONFIRMED,MAPPED,promotion APPROVED_REPORT_DRAWING_GOLDEN
G-DWG-0691,drawing,drawing.title_block.DWG-TB-S123-005,ENT-LINE-ACL,APPROVED_REPORT_DRAWING_GOLDEN,,,drawingSpecification,drawing_item,DWG-00691,,CONFIRMED,MAPPED,promotion APPROVED_REPORT_DRAWING_GOLDEN
G-DWG-0692,drawing,drawing.title_block.DWG-TB-S124-005,ENT-LINE-ACL,APPROVED_REPORT_DRAWING_GOLDEN,,,drawingSpecification,drawing_item,DWG-00692,,CONFIRMED,MAPPED,promotion APPROVED_REPORT_DRAWING_GOLDEN
G-DWG-0693,drawing,drawing.title_block.DWG-TB-S125-005,ENT-LINE-ACL,APPROVED_REPORT_DRAWING_GOLDEN,,,drawingSpecification,drawing_item,DWG-00693,,CONFIRMED,MAPPED,promotion APPROVED_REPORT_DRAWING_GOLDEN
G-DWG-0694,drawing,drawing.title_block.DWG-TB-S126-005,ENT-LINE-ACL,APPROVED_REPORT_DRAWING_GOLDEN,,,drawingSpecification,drawing_item,DWG-00694,,CONFIRMED,MAPPED,promotion APPROVED_REPORT_DRAWING_GOLDEN
G-DWG-0695,drawing,drawing.title_block.DWG-TB-S127-005,ENT-LINE-ACL,APPROVED_REPORT_DRAWING_GOLDEN,,,drawingSpecification,drawing_item,DWG-00695,,CONFIRMED,MAPPED,promotion APPROVED_REPORT_DRAWING_GOLDEN
G-DWG-0696,drawing,drawing.title_block.DWG-TB-S128-005,ENT-LINE-ACL,APPROVED_REPORT_DRAWING_GOLDEN,,,drawingSpecification,drawing_item,DWG-00696,,CONFIRMED,MAPPED,promotion APPROVED_REPORT_DRAWING_GOLDEN
G-DWG-0697,drawing,drawing.title_block.DWG-TB-S129-005,ENT-LINE-ACL,APPROVED_REPORT_DRAWING_GOLDEN,,,drawingSpecification,drawing_item,DWG-00697,,CONFIRMED,MAPPED,promotion APPROVED_REPORT_DRAWING_GOLDEN
G-DWG-0698,drawing,drawing.title_block.DWG-TB-S130-005,ENT-LINE-ACL,APPROVED_REPORT_DRAWING_GOLDEN,,,drawingSpecification,drawing_item,DWG-00698,,CONFIRMED,MAPPED,promotion APPROVED_REPORT_DRAWING_GOLDEN
G-DWG-0699,drawing,drawing.title_block.DWG-TB-S131-005,ENT-LINE-ACL,APPROVED_REPORT_DRAWING_GOLDEN,,,drawingSpecification,drawing_item,DWG-00699,,CONFIRMED,MAPPED,promotion APPROVED_REPORT_DRAWING_GOLDEN
G-DWG-0700,drawing,drawing.title_block.DWG-TB-S132-005,ENT-LINE-ACL,APPROVED_REPORT_DRAWING_GOLDEN,,,drawingSpecification,drawing_item,DWG-00700,,CONFIRMED,MAPPED,promotion APPROVED_REPORT_DRAWING_GOLDEN
G-DWG-0701,drawing,drawing.title_block.DWG-TB-S133-005,ENT-LINE-ACL,APPROVED_REPORT_DRAWING_GOLDEN,,,drawingSpecification,drawing_item,DWG-00701,,CONFIRMED,MAPPED,promotion APPROVED_REPORT_DRAWING_GOLDEN
G-DWG-0702,drawing,drawing.title_block.DWG-TB-S134-005,ENT-LINE-ACL,APPROVED_REPORT_DRAWING_GOLDEN,,,drawingSpecification,drawing_item,DWG-00702,,CONFIRMED,MAPPED,promotion APPROVED_REPORT_DRAWING_GOLDEN
G-DWG-0703,drawing,drawing.title_block.DWG-TB-S135-005,ENT-LINE-ACL,APPROVED_REPORT_DRAWING_GOLDEN,,,drawingSpecification,drawing_item,DWG-00703,,CONFIRMED,MAPPED,promotion APPROVED_REPORT_DRAWING_GOLDEN
G-DWG-0704,drawing,drawing.title_block.DWG-TB-S136-005,ENT-LINE-ACL,APPROVED_REPORT_DRAWING_GOLDEN,,,drawingSpecification,drawing_item,DWG-00704,,CONFIRMED,MAPPED,promotion APPROVED_REPORT_DRAWING_GOLDEN
G-DWG-0705,drawing,drawing.title_block.DWG-TB-S137-005,ENT-LINE-ACL,APPROVED_REPORT_DRAWING_GOLDEN,,,drawingSpecification,drawing_item,DWG-00705,,CONFIRMED,MAPPED,promotion APPROVED_REPORT_DRAWING_GOLDEN
G-DWG-0706,drawing,drawing.title_block.DWG-TB-S138-005,ENT-LINE-ACL,APPROVED_REPORT_DRAWING_GOLDEN,,,drawingSpecification,drawing_item,DWG-00706,,CONFIRMED,MAPPED,promotion APPROVED_REPORT_DRAWING_GOLDEN
G-DWG-0707,drawing,drawing.title_block.DWG-TB-S139-005,ENT-LINE-ACL,APPROVED_REPORT_DRAWING_GOLDEN,,,drawingSpecification,drawing_item,DWG-00707,,CONFIRMED,MAPPED,promotion APPROVED_REPORT_DRAWING_GOLDEN
G-DWG-0708,drawing,drawing.title_block.DWG-TB-S140-005,ENT-LINE-ACL,APPROVED_REPORT_DRAWING_GOLDEN,,,drawingSpecification,drawing_item,DWG-00708,,CONFIRMED,MAPPED,promotion APPROVED_REPORT_DRAWING_GOLDEN
G-DWG-0709,drawing,drawing.title_block.DWG-TB-S141-001,ENT-LINE-ACL,APPROVED_WITH_HUMAN_CONFIRMATION_TRACK,HCR-001,,drawingSpecification,drawing_item,DWG-00709,,HUMAN_CONFIRMATION_REQUIRED,MAPPED_WITH_HUMAN_TRACK,"human confirmation HCR-001 preserved; value present, confirmation pending"
G-DWG-0710,drawing,drawing.title_block.DWG-TB-S141-002,ENT-LINE-ACL,APPROVED_WITH_HUMAN_CONFIRMATION_TRACK,HCR-001,,drawingSpecification,drawing_item,DWG-00710,,HUMAN_CONFIRMATION_REQUIRED,MAPPED_WITH_HUMAN_TRACK,"human confirmation HCR-001 preserved; value present, confirmation pending"
G-DWG-0711,drawing,drawing.title_block.TB01,ENT-LINE-ACL,APPROVED_WITH_HUMAN_CONFIRMATION_TRACK,HCR-001,,drawingSpecification,drawing_item,DWG-00711,,HUMAN_CONFIRMATION_REQUIRED,MAPPED_WITH_HUMAN_TRACK,"human confirmation HCR-001 preserved; value present, confirmation pending"
G-DWG-0712,drawing,drawing.title_block.TB02,ENT-LINE-ACL,APPROVED_WITH_HUMAN_CONFIRMATION_TRACK,HCR-001,,drawingSpecification,drawing_item,DWG-00712,,HUMAN_CONFIRMATION_REQUIRED,MAPPED_WITH_HUMAN_TRACK,"human confirmation HCR-001 preserved; value present, confirmation pending"
G-DWG-0713,drawing,drawing.title_block.TB03,ENT-LINE-ACL,APPROVED_WITH_HUMAN_CONFIRMATION_TRACK,HCR-001,,drawingSpecification,drawing_item,DWG-00713,,HUMAN_CONFIRMATION_REQUIRED,MAPPED_WITH_HUMAN_TRACK,"human confirmation HCR-001 preserved; value present, confirmation pending"
G-DWG-0714,drawing,drawing.title_block.TB04,ENT-LINE-ACL,APPROVED_WITH_HUMAN_CONFIRMATION_TRACK,HCR-001,,drawingSpecification,drawing_item,DWG-00714,,HUMAN_CONFIRMATION_REQUIRED,MAPPED_WITH_HUMAN_TRACK,"human confirmation HCR-001 preserved; value present, confirmation pending"
G-DWG-0715,drawing,drawing.title_block.TB05,ENT-LINE-ACL,APPROVED_WITH_HUMAN_CONFIRMATION_TRACK,HCR-001,,drawingSpecification,drawing_item,DWG-00715,,HUMAN_CONFIRMATION_REQUIRED,MAPPED_WITH_HUMAN_TRACK,"human confirmation HCR-001 preserved; value present, confirmation pending"
G-DWG-0716,drawing,drawing.title_block.TB06,ENT-LINE-ACL,APPROVED_WITH_HUMAN_CONFIRMATION_TRACK,HCR-001,,drawingSpecification,drawing_item,DWG-00716,,HUMAN_CONFIRMATION_REQUIRED,MAPPED_WITH_HUMAN_TRACK,"human confirmation HCR-001 preserved; value present, confirmation pending"
G-DWG-0717,drawing,drawing.title_block.TB07,ENT-LINE-ACL,APPROVED_WITH_HUMAN_CONFIRMATION_TRACK,HCR-001,,drawingSpecification,drawing_item,DWG-00717,,HUMAN_CONFIRMATION_REQUIRED,MAPPED_WITH_HUMAN_TRACK,"human confirmation HCR-001 preserved; value present, confirmation pending"
G-DWG-0718,drawing,drawing.title_block.TB08,ENT-LINE-ACL,APPROVED_WITH_HUMAN_CONFIRMATION_TRACK,HCR-001,,drawingSpecification,drawing_item,DWG-00718,,HUMAN_CONFIRMATION_REQUIRED,MAPPED_WITH_HUMAN_TRACK,"human confirmation HCR-001 preserved; value present, confirmation pending"
G-DWG-0719,drawing,drawing.view.DWG-VW-S001-001,ENT-LINE-ACL,APPROVED_REPORT_DRAWING_GOLDEN,,,drawingSpecification,drawing_item,DWG-00719,,CONFIRMED,MAPPED,promotion APPROVED_REPORT_DRAWING_GOLDEN
G-DWG-0720,drawing,drawing.view.DWG-VW-S002-001,ENT-LINE-ACL,APPROVED_REPORT_DRAWING_GOLDEN,,,drawingSpecification,drawing_item,DWG-00720,,CONFIRMED,MAPPED,promotion APPROVED_REPORT_DRAWING_GOLDEN
G-DWG-0721,drawing,drawing.view.DWG-VW-S002-002,ENT-LINE-ACL,APPROVED_REPORT_DRAWING_GOLDEN,,,drawingSpecification,drawing_item,DWG-00721,,CONFIRMED,MAPPED,promotion APPROVED_REPORT_DRAWING_GOLDEN
G-DWG-0722,drawing,drawing.view.DWG-VW-S003-001,ENT-LINE-ACL,APPROVED_REPORT_DRAWING_GOLDEN,,,drawingSpecification,drawing_item,DWG-00722,,CONFIRMED,MAPPED,promotion APPROVED_REPORT_DRAWING_GOLDEN
G-DWG-0723,drawing,drawing.view.DWG-VW-S003-002,ENT-LINE-ACL,APPROVED_REPORT_DRAWING_GOLDEN,,,drawingSpecification,drawing_item,DWG-00723,,CONFIRMED,MAPPED,promotion APPROVED_REPORT_DRAWING_GOLDEN
G-DWG-0724,drawing,drawing.view.DWG-VW-S004-001,ENT-LINE-ACL,APPROVED_REPORT_DRAWING_GOLDEN,,,drawingSpecification,drawing_item,DWG-00724,,CONFIRMED,MAPPED,promotion APPROVED_REPORT_DRAWING_GOLDEN
G-DWG-0725,drawing,drawing.view.DWG-VW-S004-002,ENT-LINE-ACL,APPROVED_REPORT_DRAWING_GOLDEN,,,drawingSpecification,drawing_item,DWG-00725,,CONFIRMED,MAPPED,promotion APPROVED_REPORT_DRAWING_GOLDEN
G-DWG-0726,drawing,drawing.view.DWG-VW-S005-001,ENT-LINE-ACL,APPROVED_REPORT_DRAWING_GOLDEN,,,drawingSpecification,drawing_item,DWG-00726,,CONFIRMED,MAPPED,promotion APPROVED_REPORT_DRAWING_GOLDEN
G-DWG-0727,drawing,drawing.view.DWG-VW-S006-001,ENT-LINE-ACL,APPROVED_REPORT_DRAWING_GOLDEN,,,drawingSpecification,drawing_item,DWG-00727,,CONFIRMED,MAPPED,promotion APPROVED_REPORT_DRAWING_GOLDEN
G-DWG-0728,drawing,drawing.view.DWG-VW-S006-002,ENT-LINE-ACL,APPROVED_REPORT_DRAWING_GOLDEN,,,drawingSpecification,drawing_item,DWG-00728,,CONFIRMED,MAPPED,promotion APPROVED_REPORT_DRAWING_GOLDEN
G-DWG-0729,drawing,drawing.view.DWG-VW-S006-003,ENT-LINE-ACL,APPROVED_REPORT_DRAWING_GOLDEN,,,drawingSpecification,drawing_item,DWG-00729,,CONFIRMED,MAPPED,promotion APPROVED_REPORT_DRAWING_GOLDEN
G-DWG-0730,drawing,drawing.view.DWG-VW-S007-001,ENT-LINE-ACL,APPROVED_REPORT_DRAWING_GOLDEN,,,drawingSpecification,drawing_item,DWG-00730,,CONFIRMED,MAPPED,promotion APPROVED_REPORT_DRAWING_GOLDEN
G-DWG-0731,drawing,drawing.view.DWG-VW-S007-002,ENT-LINE-ACL,APPROVED_REPORT_DRAWING_GOLDEN,,,drawingSpecification,drawing_item,DWG-00731,,CONFIRMED,MAPPED,promotion APPROVED_REPORT_DRAWING_GOLDEN
G-DWG-0732,drawing,drawing.view.DWG-VW-S007-003,ENT-LINE-ACL,APPROVED_REPORT_DRAWING_GOLDEN,,,drawingSpecification,drawing_item,DWG-00732,,CONFIRMED,MAPPED,promotion APPROVED_REPORT_DRAWING_GOLDEN
G-DWG-0733,drawing,drawing.view.DWG-VW-S008-001,ENT-LINE-ACL,APPROVED_REPORT_DRAWING_GOLDEN,,,drawingSpecification,drawing_item,DWG-00733,,CONFIRMED,MAPPED,promotion APPROVED_REPORT_DRAWING_GOLDEN
G-DWG-0734,drawing,drawing.view.DWG-VW-S008-002,ENT-LINE-ACL,APPROVED_REPORT_DRAWING_GOLDEN,,,drawingSpecification,drawing_item,DWG-00734,,CONFIRMED,MAPPED,promotion APPROVED_REPORT_DRAWING_GOLDEN
G-DWG-0735,drawing,drawing.view.DWG-VW-S009-001,ENT-DECK,APPROVED_REPORT_DRAWING_GOLDEN,,,drawingSpecification,drawing_item,DWG-00735,,CONFIRMED,MAPPED,promotion APPROVED_REPORT_DRAWING_GOLDEN
G-DWG-0736,drawing,drawing.view.DWG-VW-S010-001,ENT-LINE-ACL,APPROVED_REPORT_DRAWING_GOLDEN,,,drawingSpecification,drawing_item,DWG-00736,,CONFIRMED,MAPPED,promotion APPROVED_REPORT_DRAWING_GOLDEN
G-DWG-0737,drawing,drawing.view.DWG-VW-S010-002,ENT-LINE-ACL,APPROVED_REPORT_DRAWING_GOLDEN,,,drawingSpecification,drawing_item,DWG-00737,,CONFIRMED,MAPPED,promotion APPROVED_REPORT_DRAWING_GOLDEN
G-DWG-0738,drawing,drawing.view.DWG-VW-S011-001,ENT-LINE-ACL,APPROVED_REPORT_DRAWING_GOLDEN,,,drawingSpecification,drawing_item,DWG-00738,,CONFIRMED,MAPPED,promotion APPROVED_REPORT_DRAWING_GOLDEN
G-DWG-0739,drawing,drawing.view.DWG-VW-S011-002,ENT-LINE-ACL,APPROVED_REPORT_DRAWING_GOLDEN,,,drawingSpecification,drawing_item,DWG-00739,,CONFIRMED,MAPPED,promotion APPROVED_REPORT_DRAWING_GOLDEN
G-DWG-0740,drawing,drawing.view.DWG-VW-S012-001,ENT-LINE-ACL,APPROVED_REPORT_DRAWING_GOLDEN,,,drawingSpecification,drawing_item,DWG-00740,,CONFIRMED,MAPPED,promotion APPROVED_REPORT_DRAWING_GOLDEN
G-DWG-0741,drawing,drawing.view.DWG-VW-S012-002,ENT-LINE-ACL,APPROVED_REPORT_DRAWING_GOLDEN,,,drawingSpecification,drawing_item,DWG-00741,,CONFIRMED,MAPPED,promotion APPROVED_REPORT_DRAWING_GOLDEN
G-DWG-0742,drawing,drawing.view.DWG-VW-S013-001,ENT-GIRDER-AG1,APPROVED_REPORT_DRAWING_GOLDEN,,,drawingSpecification,drawing_item,DWG-00742,,CONFIRMED,MAPPED,promotion APPROVED_REPORT_DRAWING_GOLDEN
G-DWG-0743,drawing,drawing.view.DWG-VW-S013-002,ENT-GIRDER-AG1,APPROVED_REPORT_DRAWING_GOLDEN,,,drawingSpecification,drawing_item,DWG-00743,,CONFIRMED,MAPPED,promotion APPROVED_REPORT_DRAWING_GOLDEN
G-DWG-0744,drawing,drawing.view.DWG-VW-S014-001,ENT-GIRDER-AG2,APPROVED_REPORT_DRAWING_GOLDEN,,,drawingSpecification,drawing_item,DWG-00744,,CONFIRMED,MAPPED,promotion APPROVED_REPORT_DRAWING_GOLDEN
G-DWG-0745,drawing,drawing.view.DWG-VW-S014-002,ENT-GIRDER-AG2,APPROVED_REPORT_DRAWING_GOLDEN,,,drawingSpecification,drawing_item,DWG-00745,,CONFIRMED,MAPPED,promotion APPROVED_REPORT_DRAWING_GOLDEN
G-DWG-0746,drawing,drawing.view.DWG-VW-S015-001,ENT-DECK,APPROVED_REPORT_DRAWING_GOLDEN,,,drawingSpecification,drawing_item,DWG-00746,,CONFIRMED,MAPPED,promotion APPROVED_REPORT_DRAWING_GOLDEN
G-DWG-0747,drawing,drawing.view.DWG-VW-S015-002,ENT-DECK,APPROVED_REPORT_DRAWING_GOLDEN,,,drawingSpecification,drawing_item,DWG-00747,,CONFIRMED,MAPPED,promotion APPROVED_REPORT_DRAWING_GOLDEN
G-DWG-0748,drawing,drawing.view.DWG-VW-S016-001,ENT-DECK,APPROVED_REPORT_DRAWING_GOLDEN,,,drawingSpecification,drawing_item,DWG-00748,,CONFIRMED,MAPPED,promotion APPROVED_REPORT_DRAWING_GOLDEN
G-DWG-0749,drawing,drawing.view.DWG-VW-S016-002,ENT-DECK,APPROVED_REPORT_DRAWING_GOLDEN,,,drawingSpecification,drawing_item,DWG-00749,,CONFIRMED,MAPPED,promotion APPROVED_REPORT_DRAWING_GOLDEN
G-DWG-0750,drawing,drawing.view.DWG-VW-S017-001,ENT-LINE-ACL,APPROVED_REPORT_DRAWING_GOLDEN,,,drawingSpecification,drawing_item,DWG-00750,,CONFIRMED,MAPPED,promotion APPROVED_REPORT_DRAWING_GOLDEN
G-DWG-0751,drawing,drawing.view.DWG-VW-S017-002,ENT-LINE-ACL,APPROVED_REPORT_DRAWING_GOLDEN,,,drawingSpecification,drawing_item,DWG-00751,,CONFIRMED,MAPPED,promotion APPROVED_REPORT_DRAWING_GOLDEN
G-DWG-0752,drawing,drawing.view.DWG-VW-S018-001,ENT-LINE-ACL,APPROVED_REPORT_DRAWING_GOLDEN,,,drawingSpecification,drawing_item,DWG-00752,,CONFIRMED,MAPPED,promotion APPROVED_REPORT_DRAWING_GOLDEN
G-DWG-0753,drawing,drawing.view.DWG-VW-S018-002,ENT-LINE-ACL,APPROVED_REPORT_DRAWING_GOLDEN,,,drawingSpecification,drawing_item,DWG-00753,,CONFIRMED,MAPPED,promotion APPROVED_REPORT_DRAWING_GOLDEN
G-DWG-0754,drawing,drawing.view.DWG-VW-S019-001,ENT-LINE-ACL,APPROVED_REPORT_DRAWING_GOLDEN,,,drawingSpecification,drawing_item,DWG-00754,,CONFIRMED,MAPPED,promotion APPROVED_REPORT_DRAWING_GOLDEN
G-DWG-0755,drawing,drawing.view.DWG-VW-S020-001,ENT-LINE-ACL,APPROVED_REPORT_DRAWING_GOLDEN,,,drawingSpecification,drawing_item,DWG-00755,,CONFIRMED,MAPPED,promotion APPROVED_REPORT_DRAWING_GOLDEN
G-DWG-0756,drawing,drawing.view.DWG-VW-S020-002,ENT-LINE-ACL,APPROVED_REPORT_DRAWING_GOLDEN,,,drawingSpecification,drawing_item,DWG-00756,,CONFIRMED,MAPPED,promotion APPROVED_REPORT_DRAWING_GOLDEN
G-DWG-0757,drawing,drawing.view.DWG-VW-S021-001,ENT-GIRDER-AG1,APPROVED_REPORT_DRAWING_GOLDEN,,,drawingSpecification,drawing_item,DWG-00757,,CONFIRMED,MAPPED,promotion APPROVED_REPORT_DRAWING_GOLDEN
G-DWG-0758,drawing,drawing.view.DWG-VW-S021-002,ENT-GIRDER-AG1,APPROVED_REPORT_DRAWING_GOLDEN,,,drawingSpecification,drawing_item,DWG-00758,,CONFIRMED,MAPPED,promotion APPROVED_REPORT_DRAWING_GOLDEN
G-DWG-0759,drawing,drawing.view.DWG-VW-S022-001,ENT-GIRDER-AG1,APPROVED_REPORT_DRAWING_GOLDEN,,,drawingSpecification,drawing_item,DWG-00759,,CONFIRMED,MAPPED,promotion APPROVED_REPORT_DRAWING_GOLDEN
G-DWG-0760,drawing,drawing.view.DWG-VW-S023-001,ENT-GIRDER-AG1,APPROVED_REPORT_DRAWING_GOLDEN,,,drawingSpecification,drawing_item,DWG-00760,,CONFIRMED,MAPPED,promotion APPROVED_REPORT_DRAWING_GOLDEN
G-DWG-0761,drawing,drawing.view.DWG-VW-S024-001,ENT-GIRDER-AG1,APPROVED_REPORT_DRAWING_GOLDEN,,,drawingSpecification,drawing_item,DWG-00761,,CONFIRMED,MAPPED,promotion APPROVED_REPORT_DRAWING_GOLDEN
G-DWG-0762,drawing,drawing.view.DWG-VW-S025-001,ENT-GIRDER-AG1,APPROVED_REPORT_DRAWING_GOLDEN,,,drawingSpecification,drawing_item,DWG-00762,,CONFIRMED,MAPPED,promotion APPROVED_REPORT_DRAWING_GOLDEN
G-DWG-0763,drawing,drawing.view.DWG-VW-S026-001,ENT-GIRDER-AG1,APPROVED_REPORT_DRAWING_GOLDEN,,,drawingSpecification,drawing_item,DWG-00763,,CONFIRMED,MAPPED,promotion APPROVED_REPORT_DRAWING_GOLDEN
G-DWG-0764,drawing,drawing.view.DWG-VW-S027-001,ENT-GIRDER-AG1,APPROVED_REPORT_DRAWING_GOLDEN,,,drawingSpecification,drawing_item,DWG-00764,,CONFIRMED,MAPPED,promotion APPROVED_REPORT_DRAWING_GOLDEN
G-DWG-0765,drawing,drawing.view.DWG-VW-S028-001,ENT-GIRDER-AG1,APPROVED_REPORT_DRAWING_GOLDEN,,,drawingSpecification,drawing_item,DWG-00765,,CONFIRMED,MAPPED,promotion APPROVED_REPORT_DRAWING_GOLDEN
G-DWG-0766,drawing,drawing.view.DWG-VW-S029-001,ENT-GIRDER-AG1,APPROVED_REPORT_DRAWING_GOLDEN,,,drawingSpecification,drawing_item,DWG-00766,,CONFIRMED,MAPPED,promotion APPROVED_REPORT_DRAWING_GOLDEN
G-DWG-0767,drawing,drawing.view.DWG-VW-S030-001,ENT-GIRDER-AG2,APPROVED_REPORT_DRAWING_GOLDEN,,,drawingSpecification,drawing_item,DWG-00767,,CONFIRMED,MAPPED,promotion APPROVED_REPORT_DRAWING_GOLDEN
G-DWG-0768,drawing,drawing.view.DWG-VW-S030-002,ENT-GIRDER-AG2,APPROVED_REPORT_DRAWING_GOLDEN,,,drawingSpecification,drawing_item,DWG-00768,,CONFIRMED,MAPPED,promotion APPROVED_REPORT_DRAWING_GOLDEN
G-DWG-0769,drawing,drawing.view.DWG-VW-S031-001,ENT-GIRDER-AG2,APPROVED_REPORT_DRAWING_GOLDEN,,,drawingSpecification,drawing_item,DWG-00769,,CONFIRMED,MAPPED,promotion APPROVED_REPORT_DRAWING_GOLDEN
G-DWG-0770,drawing,drawing.view.DWG-VW-S032-001,ENT-GIRDER-AG2,APPROVED_REPORT_DRAWING_GOLDEN,,,drawingSpecification,drawing_item,DWG-00770,,CONFIRMED,MAPPED,promotion APPROVED_REPORT_DRAWING_GOLDEN
G-DWG-0771,drawing,drawing.view.DWG-VW-S033-001,ENT-GIRDER-AG2,APPROVED_REPORT_DRAWING_GOLDEN,,,drawingSpecification,drawing_item,DWG-00771,,CONFIRMED,MAPPED,promotion APPROVED_REPORT_DRAWING_GOLDEN
G-DWG-0772,drawing,drawing.view.DWG-VW-S034-001,ENT-GIRDER-AG2,APPROVED_REPORT_DRAWING_GOLDEN,,,drawingSpecification,drawing_item,DWG-00772,,CONFIRMED,MAPPED,promotion APPROVED_REPORT_DRAWING_GOLDEN
G-DWG-0773,drawing,drawing.view.DWG-VW-S035-001,ENT-GIRDER-AG2,APPROVED_REPORT_DRAWING_GOLDEN,,,drawingSpecification,drawing_item,DWG-00773,,CONFIRMED,MAPPED,promotion APPROVED_REPORT_DRAWING_GOLDEN
G-DWG-0774,drawing,drawing.view.DWG-VW-S036-001,ENT-GIRDER-AG2,APPROVED_REPORT_DRAWING_GOLDEN,,,drawingSpecification,drawing_item,DWG-00774,,CONFIRMED,MAPPED,promotion APPROVED_REPORT_DRAWING_GOLDEN
G-DWG-0775,drawing,drawing.view.DWG-VW-S037-001,ENT-GIRDER-AG2,APPROVED_REPORT_DRAWING_GOLDEN,,,drawingSpecification,drawing_item,DWG-00775,,CONFIRMED,MAPPED,promotion APPROVED_REPORT_DRAWING_GOLDEN
G-DWG-0776,drawing,drawing.view.DWG-VW-S038-001,ENT-GIRDER-AG2,APPROVED_REPORT_DRAWING_GOLDEN,,,drawingSpecification,drawing_item,DWG-00776,,CONFIRMED,MAPPED,promotion APPROVED_REPORT_DRAWING_GOLDEN
G-DWG-0777,drawing,drawing.view.DWG-VW-S039-001,ENT-STUD,APPROVED_REPORT_DRAWING_GOLDEN,,,drawingSpecification,drawing_item,DWG-00777,,CONFIRMED,MAPPED,promotion APPROVED_REPORT_DRAWING_GOLDEN
G-DWG-0778,drawing,drawing.view.DWG-VW-S040-001,ENT-STUD,APPROVED_REPORT_DRAWING_GOLDEN,,,drawingSpecification,drawing_item,DWG-00778,,CONFIRMED,MAPPED,promotion APPROVED_REPORT_DRAWING_GOLDEN
G-DWG-0779,drawing,drawing.view.DWG-VW-S041-001,ENT-STUD,APPROVED_REPORT_DRAWING_GOLDEN,,,drawingSpecification,drawing_item,DWG-00779,,CONFIRMED,MAPPED,promotion APPROVED_REPORT_DRAWING_GOLDEN
G-DWG-0780,drawing,drawing.view.DWG-VW-S042-001,ENT-STUD,APPROVED_REPORT_DRAWING_GOLDEN,,,drawingSpecification,drawing_item,DWG-00780,,CONFIRMED,MAPPED,promotion APPROVED_REPORT_DRAWING_GOLDEN
G-DWG-0781,drawing,drawing.view.DWG-VW-S043-001,ENT-STUD,APPROVED_REPORT_DRAWING_GOLDEN,,,drawingSpecification,drawing_item,DWG-00781,,CONFIRMED,MAPPED,promotion APPROVED_REPORT_DRAWING_GOLDEN
G-DWG-0782,drawing,drawing.view.DWG-VW-S044-001,ENT-STUD,APPROVED_REPORT_DRAWING_GOLDEN,,,drawingSpecification,drawing_item,DWG-00782,,CONFIRMED,MAPPED,promotion APPROVED_REPORT_DRAWING_GOLDEN
G-DWG-0783,drawing,drawing.view.DWG-VW-S044-002,ENT-STUD,APPROVED_REPORT_DRAWING_GOLDEN,,,drawingSpecification,drawing_item,DWG-00783,,CONFIRMED,MAPPED,promotion APPROVED_REPORT_DRAWING_GOLDEN
G-DWG-0784,drawing,drawing.view.DWG-VW-S045-001,ENT-XBEAM-GE1,APPROVED_REPORT_DRAWING_GOLDEN,,,drawingSpecification,drawing_item,DWG-00784,,CONFIRMED,MAPPED,promotion APPROVED_REPORT_DRAWING_GOLDEN
G-DWG-0785,drawing,drawing.view.DWG-VW-S045-002,ENT-XBEAM-GE1,APPROVED_REPORT_DRAWING_GOLDEN,,,drawingSpecification,drawing_item,DWG-00785,,CONFIRMED,MAPPED,promotion APPROVED_REPORT_DRAWING_GOLDEN
G-DWG-0786,drawing,drawing.view.DWG-VW-S045-003,ENT-XBEAM-GE1,APPROVED_REPORT_DRAWING_GOLDEN,,,drawingSpecification,drawing_item,DWG-00786,,CONFIRMED,MAPPED,promotion APPROVED_REPORT_DRAWING_GOLDEN
G-DWG-0787,drawing,drawing.view.DWG-VW-S045-004,ENT-XBEAM-GE1,APPROVED_REPORT_DRAWING_GOLDEN,,,drawingSpecification,drawing_item,DWG-00787,,CONFIRMED,MAPPED,promotion APPROVED_REPORT_DRAWING_GOLDEN
G-DWG-0788,drawing,drawing.view.DWG-VW-S045-005,ENT-XBEAM-GE1,APPROVED_REPORT_DRAWING_GOLDEN,,,drawingSpecification,drawing_item,DWG-00788,,CONFIRMED,MAPPED,promotion APPROVED_REPORT_DRAWING_GOLDEN
G-DWG-0789,drawing,drawing.view.DWG-VW-S045-006,ENT-XBEAM-GE1,APPROVED_REPORT_DRAWING_GOLDEN,,,drawingSpecification,drawing_item,DWG-00789,,CONFIRMED,MAPPED,promotion APPROVED_REPORT_DRAWING_GOLDEN
G-DWG-0790,drawing,drawing.view.DWG-VW-S045-007,ENT-XBEAM-GE1,APPROVED_REPORT_DRAWING_GOLDEN,,,drawingSpecification,drawing_item,DWG-00790,,CONFIRMED,MAPPED,promotion APPROVED_REPORT_DRAWING_GOLDEN
G-DWG-0791,drawing,drawing.view.DWG-VW-S045-008,ENT-XBEAM-GE1,APPROVED_REPORT_DRAWING_GOLDEN,,,drawingSpecification,drawing_item,DWG-00791,,CONFIRMED,MAPPED,promotion APPROVED_REPORT_DRAWING_GOLDEN
G-DWG-0792,drawing,drawing.view.DWG-VW-S045-009,ENT-XBEAM-GE1,APPROVED_REPORT_DRAWING_GOLDEN,,,drawingSpecification,drawing_item,DWG-00792,,CONFIRMED,MAPPED,promotion APPROVED_REPORT_DRAWING_GOLDEN
G-DWG-0793,drawing,drawing.view.DWG-VW-S045-010,ENT-XBEAM-GE1,APPROVED_REPORT_DRAWING_GOLDEN,,,drawingSpecification,drawing_item,DWG-00793,,CONFIRMED,MAPPED,promotion APPROVED_REPORT_DRAWING_GOLDEN
G-DWG-0794,drawing,drawing.view.DWG-VW-S046-001,ENT-XBEAM-GE1,APPROVED_REPORT_DRAWING_GOLDEN,,,drawingSpecification,drawing_item,DWG-00794,,CONFIRMED,MAPPED,promotion APPROVED_REPORT_DRAWING_GOLDEN
G-DWG-0795,drawing,drawing.view.DWG-VW-S046-002,ENT-XBEAM-GE1,APPROVED_REPORT_DRAWING_GOLDEN,,,drawingSpecification,drawing_item,DWG-00795,,CONFIRMED,MAPPED,promotion APPROVED_REPORT_DRAWING_GOLDEN
G-DWG-0796,drawing,drawing.view.DWG-VW-S046-003,ENT-XBEAM-GE1,APPROVED_REPORT_DRAWING_GOLDEN,,,drawingSpecification,drawing_item,DWG-00796,,CONFIRMED,MAPPED,promotion APPROVED_REPORT_DRAWING_GOLDEN
G-DWG-0797,drawing,drawing.view.DWG-VW-S046-004,ENT-XBEAM-GE1,APPROVED_REPORT_DRAWING_GOLDEN,,,drawingSpecification,drawing_item,DWG-00797,,CONFIRMED,MAPPED,promotion APPROVED_REPORT_DRAWING_GOLDEN
G-DWG-0798,drawing,drawing.view.DWG-VW-S047-001,ENT-XBEAM-GE1,APPROVED_REPORT_DRAWING_GOLDEN,,,drawingSpecification,drawing_item,DWG-00798,,CONFIRMED,MAPPED,promotion APPROVED_REPORT_DRAWING_GOLDEN
G-DWG-0799,drawing,drawing.view.DWG-VW-S047-002,ENT-XBEAM-GE1,APPROVED_REPORT_DRAWING_GOLDEN,,,drawingSpecification,drawing_item,DWG-00799,,CONFIRMED,MAPPED,promotion APPROVED_REPORT_DRAWING_GOLDEN
G-DWG-0800,drawing,drawing.view.DWG-VW-S048-001,ENT-XBEAM-GE1,APPROVED_REPORT_DRAWING_GOLDEN,,,drawingSpecification,drawing_item,DWG-00800,,CONFIRMED,MAPPED,promotion APPROVED_REPORT_DRAWING_GOLDEN
G-DWG-0801,drawing,drawing.view.DWG-VW-S048-002,ENT-XBEAM-GE1,APPROVED_REPORT_DRAWING_GOLDEN,,,drawingSpecification,drawing_item,DWG-00801,,CONFIRMED,MAPPED,promotion APPROVED_REPORT_DRAWING_GOLDEN
G-DWG-0802,drawing,drawing.view.DWG-VW-S048-003,ENT-XBEAM-GE1,APPROVED_REPORT_DRAWING_GOLDEN,,,drawingSpecification,drawing_item,DWG-00802,,CONFIRMED,MAPPED,promotion APPROVED_REPORT_DRAWING_GOLDEN
G-DWG-0803,drawing,drawing.view.DWG-VW-S048-004,ENT-XBEAM-GE1,APPROVED_REPORT_DRAWING_GOLDEN,,,drawingSpecification,drawing_item,DWG-00803,,CONFIRMED,MAPPED,promotion APPROVED_REPORT_DRAWING_GOLDEN
G-DWG-0804,drawing,drawing.view.DWG-VW-S048-005,ENT-XBEAM-GE1,APPROVED_REPORT_DRAWING_GOLDEN,,,drawingSpecification,drawing_item,DWG-00804,,CONFIRMED,MAPPED,promotion APPROVED_REPORT_DRAWING_GOLDEN
G-DWG-0805,drawing,drawing.view.DWG-VW-S049-001,ENT-XBEAM-C1C7,APPROVED_REPORT_DRAWING_GOLDEN,,,drawingSpecification,drawing_item,DWG-00805,,CONFIRMED,MAPPED,promotion APPROVED_REPORT_DRAWING_GOLDEN
G-DWG-0806,drawing,drawing.view.DWG-VW-S050-001,ENT-XBEAM-C1C7,APPROVED_REPORT_DRAWING_GOLDEN,,,drawingSpecification,drawing_item,DWG-00806,,CONFIRMED,MAPPED,promotion APPROVED_REPORT_DRAWING_GOLDEN
G-DWG-0807,drawing,drawing.view.DWG-VW-S051-001,ENT-XBEAM-C1C7,APPROVED_REPORT_DRAWING_GOLDEN,,,drawingSpecification,drawing_item,DWG-00807,,CONFIRMED,MAPPED,promotion APPROVED_REPORT_DRAWING_GOLDEN
G-DWG-0808,drawing,drawing.view.DWG-VW-S052-001,ENT-XBEAM-C1C7,APPROVED_REPORT_DRAWING_GOLDEN,,,drawingSpecification,drawing_item,DWG-00808,,CONFIRMED,MAPPED,promotion APPROVED_REPORT_DRAWING_GOLDEN
G-DWG-0809,drawing,drawing.view.DWG-VW-S053-001,ENT-XBEAM-C1C7,APPROVED_REPORT_DRAWING_GOLDEN,,,drawingSpecification,drawing_item,DWG-00809,,CONFIRMED,MAPPED,promotion APPROVED_REPORT_DRAWING_GOLDEN
G-DWG-0810,drawing,drawing.view.DWG-VW-S054-001,ENT-XBEAM-C1C7,APPROVED_REPORT_DRAWING_GOLDEN,,,drawingSpecification,drawing_item,DWG-00810,,CONFIRMED,MAPPED,promotion APPROVED_REPORT_DRAWING_GOLDEN
G-DWG-0811,drawing,drawing.view.DWG-VW-S055-001,ENT-XBEAM-C1C7,APPROVED_REPORT_DRAWING_GOLDEN,,,drawingSpecification,drawing_item,DWG-00811,,CONFIRMED,MAPPED,promotion APPROVED_REPORT_DRAWING_GOLDEN
G-DWG-0812,drawing,drawing.view.DWG-VW-S056-001,ENT-XBEAM-C1C7,APPROVED_REPORT_DRAWING_GOLDEN,,,drawingSpecification,drawing_item,DWG-00812,,CONFIRMED,MAPPED,promotion APPROVED_REPORT_DRAWING_GOLDEN
G-DWG-0813,drawing,drawing.view.DWG-VW-S057-001,ENT-XBEAM-C1C7,APPROVED_REPORT_DRAWING_GOLDEN,,,drawingSpecification,drawing_item,DWG-00813,,CONFIRMED,MAPPED,promotion APPROVED_REPORT_DRAWING_GOLDEN
G-DWG-0814,drawing,drawing.view.DWG-VW-S058-001,ENT-XBEAM-C1C7,APPROVED_REPORT_DRAWING_GOLDEN,,,drawingSpecification,drawing_item,DWG-00814,,CONFIRMED,MAPPED,promotion APPROVED_REPORT_DRAWING_GOLDEN
G-DWG-0815,drawing,drawing.view.DWG-VW-S059-001,ENT-XBEAM-C1C7,APPROVED_REPORT_DRAWING_GOLDEN,,,drawingSpecification,drawing_item,DWG-00815,,CONFIRMED,MAPPED,promotion APPROVED_REPORT_DRAWING_GOLDEN
G-DWG-0816,drawing,drawing.view.DWG-VW-S060-001,ENT-XBEAM-C1C7,APPROVED_REPORT_DRAWING_GOLDEN,,,drawingSpecification,drawing_item,DWG-00816,,CONFIRMED,MAPPED,promotion APPROVED_REPORT_DRAWING_GOLDEN
G-DWG-0817,drawing,drawing.view.DWG-VW-S061-001,ENT-BRACE-AL1,APPROVED_REPORT_DRAWING_GOLDEN,,,drawingSpecification,drawing_item,DWG-00817,,CONFIRMED,MAPPED,promotion APPROVED_REPORT_DRAWING_GOLDEN
G-DWG-0818,drawing,drawing.view.DWG-VW-S061-002,ENT-BRACE-AL1,APPROVED_REPORT_DRAWING_GOLDEN,,,drawingSpecification,drawing_item,DWG-00818,,CONFIRMED,MAPPED,promotion APPROVED_REPORT_DRAWING_GOLDEN
G-DWG-0819,drawing,drawing.view.DWG-VW-S061-003,ENT-BRACE-AL1,APPROVED_REPORT_DRAWING_GOLDEN,,,drawingSpecification,drawing_item,DWG-00819,,CONFIRMED,MAPPED,promotion APPROVED_REPORT_DRAWING_GOLDEN
G-DWG-0820,drawing,drawing.view.DWG-VW-S061-004,ENT-BRACE-AL1,APPROVED_REPORT_DRAWING_GOLDEN,,,drawingSpecification,drawing_item,DWG-00820,,CONFIRMED,MAPPED,promotion APPROVED_REPORT_DRAWING_GOLDEN
G-DWG-0821,drawing,drawing.view.DWG-VW-S061-005,ENT-BRACE-AL1,APPROVED_REPORT_DRAWING_GOLDEN,,,drawingSpecification,drawing_item,DWG-00821,,CONFIRMED,MAPPED,promotion APPROVED_REPORT_DRAWING_GOLDEN
G-DWG-0822,drawing,drawing.view.DWG-VW-S062-001,ENT-BRACE-AL1,APPROVED_REPORT_DRAWING_GOLDEN,,,drawingSpecification,drawing_item,DWG-00822,,CONFIRMED,MAPPED,promotion APPROVED_REPORT_DRAWING_GOLDEN
G-DWG-0823,drawing,drawing.view.DWG-VW-S063-001,ENT-BRACE-AL1,APPROVED_REPORT_DRAWING_GOLDEN,,,drawingSpecification,drawing_item,DWG-00823,,CONFIRMED,MAPPED,promotion APPROVED_REPORT_DRAWING_GOLDEN
G-DWG-0824,drawing,drawing.view.DWG-VW-S064-001,ENT-BRACE-AL1,APPROVED_REPORT_DRAWING_GOLDEN,,,drawingSpecification,drawing_item,DWG-00824,,CONFIRMED,MAPPED,promotion APPROVED_REPORT_DRAWING_GOLDEN
G-DWG-0825,drawing,drawing.view.DWG-VW-S065-001,ENT-BRACE-AL1,APPROVED_REPORT_DRAWING_GOLDEN,,,drawingSpecification,drawing_item,DWG-00825,,CONFIRMED,MAPPED,promotion APPROVED_REPORT_DRAWING_GOLDEN
G-DWG-0826,drawing,drawing.view.DWG-VW-S066-001,ENT-BRACE-AL1,APPROVED_REPORT_DRAWING_GOLDEN,,,drawingSpecification,drawing_item,DWG-00826,,CONFIRMED,MAPPED,promotion APPROVED_REPORT_DRAWING_GOLDEN
G-DWG-0827,drawing,drawing.view.DWG-VW-S067-001,ENT-BRACE-AL1,APPROVED_REPORT_DRAWING_GOLDEN,,,drawingSpecification,drawing_item,DWG-00827,,CONFIRMED,MAPPED,promotion APPROVED_REPORT_DRAWING_GOLDEN
G-DWG-0828,drawing,drawing.view.DWG-VW-S068-001,ENT-BRACE-AL1,APPROVED_REPORT_DRAWING_GOLDEN,,,drawingSpecification,drawing_item,DWG-00828,,CONFIRMED,MAPPED,promotion APPROVED_REPORT_DRAWING_GOLDEN
G-DWG-0829,drawing,drawing.view.DWG-VW-S068-002,ENT-BRACE-AL1,APPROVED_REPORT_DRAWING_GOLDEN,,,drawingSpecification,drawing_item,DWG-00829,,CONFIRMED,MAPPED,promotion APPROVED_REPORT_DRAWING_GOLDEN
G-DWG-0830,drawing,drawing.view.DWG-VW-S068-003,ENT-BRACE-AL1,APPROVED_REPORT_DRAWING_GOLDEN,,,drawingSpecification,drawing_item,DWG-00830,,CONFIRMED,MAPPED,promotion APPROVED_REPORT_DRAWING_GOLDEN
G-DWG-0831,drawing,drawing.view.DWG-VW-S069-001,ENT-BRACE-AL1,APPROVED_REPORT_DRAWING_GOLDEN,,,drawingSpecification,drawing_item,DWG-00831,,CONFIRMED,MAPPED,promotion APPROVED_REPORT_DRAWING_GOLDEN
G-DWG-0832,drawing,drawing.view.DWG-VW-S070-001,ENT-BRACE-AL1,APPROVED_REPORT_DRAWING_GOLDEN,,,drawingSpecification,drawing_item,DWG-00832,,CONFIRMED,MAPPED,promotion APPROVED_REPORT_DRAWING_GOLDEN
G-DWG-0833,drawing,drawing.view.DWG-VW-S071-001,ENT-BRACE-AL1,APPROVED_REPORT_DRAWING_GOLDEN,,,drawingSpecification,drawing_item,DWG-00833,,CONFIRMED,MAPPED,promotion APPROVED_REPORT_DRAWING_GOLDEN
G-DWG-0834,drawing,drawing.view.DWG-VW-S072-001,ENT-SUPPORT-PR1,APPROVED_REPORT_DRAWING_GOLDEN,,,drawingSpecification,drawing_item,DWG-00834,,CONFIRMED,MAPPED,promotion APPROVED_REPORT_DRAWING_GOLDEN
G-DWG-0835,drawing,drawing.view.DWG-VW-S072-002,ENT-SUPPORT-PR1,APPROVED_REPORT_DRAWING_GOLDEN,,,drawingSpecification,drawing_item,DWG-00835,,CONFIRMED,MAPPED,promotion APPROVED_REPORT_DRAWING_GOLDEN
G-DWG-0836,drawing,drawing.view.DWG-VW-S072-003,ENT-SUPPORT-PR1,APPROVED_REPORT_DRAWING_GOLDEN,,,drawingSpecification,drawing_item,DWG-00836,,CONFIRMED,MAPPED,promotion APPROVED_REPORT_DRAWING_GOLDEN
G-DWG-0837,drawing,drawing.view.DWG-VW-S072-004,ENT-SUPPORT-PR1,APPROVED_REPORT_DRAWING_GOLDEN,,,drawingSpecification,drawing_item,DWG-00837,,CONFIRMED,MAPPED,promotion APPROVED_REPORT_DRAWING_GOLDEN
G-DWG-0838,drawing,drawing.view.DWG-VW-S073-001,ENT-SUPPORT-PR1,APPROVED_REPORT_DRAWING_GOLDEN,,,drawingSpecification,drawing_item,DWG-00838,,CONFIRMED,MAPPED,promotion APPROVED_REPORT_DRAWING_GOLDEN
G-DWG-0839,drawing,drawing.view.DWG-VW-S073-002,ENT-SUPPORT-PR1,APPROVED_REPORT_DRAWING_GOLDEN,,,drawingSpecification,drawing_item,DWG-00839,,CONFIRMED,MAPPED,promotion APPROVED_REPORT_DRAWING_GOLDEN
G-DWG-0840,drawing,drawing.view.DWG-VW-S073-003,ENT-SUPPORT-PR1,APPROVED_REPORT_DRAWING_GOLDEN,,,drawingSpecification,drawing_item,DWG-00840,,CONFIRMED,MAPPED,promotion APPROVED_REPORT_DRAWING_GOLDEN
G-DWG-0841,drawing,drawing.view.DWG-VW-S073-004,ENT-SUPPORT-PR1,APPROVED_REPORT_DRAWING_GOLDEN,,,drawingSpecification,drawing_item,DWG-00841,,CONFIRMED,MAPPED,promotion APPROVED_REPORT_DRAWING_GOLDEN
G-DWG-0842,drawing,drawing.view.DWG-VW-S073-005,ENT-SUPPORT-PR1,APPROVED_REPORT_DRAWING_GOLDEN,,,drawingSpecification,drawing_item,DWG-00842,,CONFIRMED,MAPPED,promotion APPROVED_REPORT_DRAWING_GOLDEN
G-DWG-0843,drawing,drawing.view.DWG-VW-S074-001,ENT-SUPPORT-PR1,APPROVED_REPORT_DRAWING_GOLDEN,,,drawingSpecification,drawing_item,DWG-00843,,CONFIRMED,MAPPED,promotion APPROVED_REPORT_DRAWING_GOLDEN
G-DWG-0844,drawing,drawing.view.DWG-VW-S074-002,ENT-SUPPORT-PR1,APPROVED_REPORT_DRAWING_GOLDEN,,,drawingSpecification,drawing_item,DWG-00844,,CONFIRMED,MAPPED,promotion APPROVED_REPORT_DRAWING_GOLDEN
G-DWG-0845,drawing,drawing.view.DWG-VW-S074-003,ENT-SUPPORT-PR1,APPROVED_REPORT_DRAWING_GOLDEN,,,drawingSpecification,drawing_item,DWG-00845,,CONFIRMED,MAPPED,promotion APPROVED_REPORT_DRAWING_GOLDEN
G-DWG-0846,drawing,drawing.view.DWG-VW-S075-001,ENT-SUPPORT-PR1,APPROVED_REPORT_DRAWING_GOLDEN,,,drawingSpecification,drawing_item,DWG-00846,,CONFIRMED,MAPPED,promotion APPROVED_REPORT_DRAWING_GOLDEN
G-DWG-0847,drawing,drawing.view.DWG-VW-S078-001,ENT-SUPPORT-PR1,APPROVED_REPORT_DRAWING_GOLDEN,,,drawingSpecification,drawing_item,DWG-00847,,CONFIRMED,MAPPED,promotion APPROVED_REPORT_DRAWING_GOLDEN
G-DWG-0848,drawing,drawing.view.DWG-VW-S079-001,ENT-SUPPORT-PR1,APPROVED_REPORT_DRAWING_GOLDEN,,,drawingSpecification,drawing_item,DWG-00848,,CONFIRMED,MAPPED,promotion APPROVED_REPORT_DRAWING_GOLDEN
G-DWG-0849,drawing,drawing.view.DWG-VW-S080-001,ENT-SUPPORT-PR1,APPROVED_REPORT_DRAWING_GOLDEN,,,drawingSpecification,drawing_item,DWG-00849,,CONFIRMED,MAPPED,promotion APPROVED_REPORT_DRAWING_GOLDEN
G-DWG-0850,drawing,drawing.view.DWG-VW-S081-001,ENT-SUPPORT-PR1,APPROVED_REPORT_DRAWING_GOLDEN,,,drawingSpecification,drawing_item,DWG-00850,,CONFIRMED,MAPPED,promotion APPROVED_REPORT_DRAWING_GOLDEN
G-DWG-0851,drawing,drawing.view.DWG-VW-S082-001,ENT-SUPPORT-PR1,APPROVED_REPORT_DRAWING_GOLDEN,,,drawingSpecification,drawing_item,DWG-00851,,CONFIRMED,MAPPED,promotion APPROVED_REPORT_DRAWING_GOLDEN
G-DWG-0852,drawing,drawing.view.DWG-VW-S082-002,ENT-SUPPORT-PR1,APPROVED_REPORT_DRAWING_GOLDEN,,,drawingSpecification,drawing_item,DWG-00852,,CONFIRMED,MAPPED,promotion APPROVED_REPORT_DRAWING_GOLDEN
G-DWG-0853,drawing,drawing.view.DWG-VW-S085-001,ENT-SUPPORT-PU15,APPROVED_REPORT_DRAWING_GOLDEN,,,drawingSpecification,drawing_item,DWG-00853,,CONFIRMED,MAPPED,promotion APPROVED_REPORT_DRAWING_GOLDEN
G-DWG-0854,drawing,drawing.view.DWG-VW-S085-002,ENT-SUPPORT-PU15,APPROVED_REPORT_DRAWING_GOLDEN,,,drawingSpecification,drawing_item,DWG-00854,,CONFIRMED,MAPPED,promotion APPROVED_REPORT_DRAWING_GOLDEN
G-DWG-0855,drawing,drawing.view.DWG-VW-S085-003,ENT-SUPPORT-PU15,APPROVED_REPORT_DRAWING_GOLDEN,,,drawingSpecification,drawing_item,DWG-00855,,CONFIRMED,MAPPED,promotion APPROVED_REPORT_DRAWING_GOLDEN
G-DWG-0856,drawing,drawing.view.DWG-VW-S086-001,ENT-SUPPORT-PU15,APPROVED_REPORT_DRAWING_GOLDEN,,,drawingSpecification,drawing_item,DWG-00856,,CONFIRMED,MAPPED,promotion APPROVED_REPORT_DRAWING_GOLDEN
G-DWG-0857,drawing,drawing.view.DWG-VW-S086-002,ENT-SUPPORT-PU15,APPROVED_REPORT_DRAWING_GOLDEN,,,drawingSpecification,drawing_item,DWG-00857,,CONFIRMED,MAPPED,promotion APPROVED_REPORT_DRAWING_GOLDEN
G-DWG-0858,drawing,drawing.view.DWG-VW-S086-003,ENT-SUPPORT-PU15,APPROVED_REPORT_DRAWING_GOLDEN,,,drawingSpecification,drawing_item,DWG-00858,,CONFIRMED,MAPPED,promotion APPROVED_REPORT_DRAWING_GOLDEN
G-DWG-0859,drawing,drawing.view.DWG-VW-S087-001,ENT-SUPPORT-PU15,APPROVED_REPORT_DRAWING_GOLDEN,,,drawingSpecification,drawing_item,DWG-00859,,CONFIRMED,MAPPED,promotion APPROVED_REPORT_DRAWING_GOLDEN
G-DWG-0860,drawing,drawing.view.DWG-VW-S087-002,ENT-SUPPORT-PU15,APPROVED_REPORT_DRAWING_GOLDEN,,,drawingSpecification,drawing_item,DWG-00860,,CONFIRMED,MAPPED,promotion APPROVED_REPORT_DRAWING_GOLDEN
G-DWG-0861,drawing,drawing.view.DWG-VW-S087-003,ENT-SUPPORT-PU15,APPROVED_REPORT_DRAWING_GOLDEN,,,drawingSpecification,drawing_item,DWG-00861,,CONFIRMED,MAPPED,promotion APPROVED_REPORT_DRAWING_GOLDEN
G-DWG-0862,drawing,drawing.view.DWG-VW-S088-001,ENT-SUPPORT-PU15,APPROVED_REPORT_DRAWING_GOLDEN,,,drawingSpecification,drawing_item,DWG-00862,,CONFIRMED,MAPPED,promotion APPROVED_REPORT_DRAWING_GOLDEN
G-DWG-0863,drawing,drawing.view.DWG-VW-S088-002,ENT-SUPPORT-PU15,APPROVED_REPORT_DRAWING_GOLDEN,,,drawingSpecification,drawing_item,DWG-00863,,CONFIRMED,MAPPED,promotion APPROVED_REPORT_DRAWING_GOLDEN
G-DWG-0864,drawing,drawing.view.DWG-VW-S088-003,ENT-SUPPORT-PU15,APPROVED_REPORT_DRAWING_GOLDEN,,,drawingSpecification,drawing_item,DWG-00864,,CONFIRMED,MAPPED,promotion APPROVED_REPORT_DRAWING_GOLDEN
G-DWG-0865,drawing,drawing.view.DWG-VW-S089-001,ENT-LINE-ACL,APPROVED_REPORT_DRAWING_GOLDEN,,,drawingSpecification,drawing_item,DWG-00865,,CONFIRMED,MAPPED,promotion APPROVED_REPORT_DRAWING_GOLDEN
G-DWG-0866,drawing,drawing.view.DWG-VW-S089-002,ENT-LINE-ACL,APPROVED_REPORT_DRAWING_GOLDEN,,,drawingSpecification,drawing_item,DWG-00866,,CONFIRMED,MAPPED,promotion APPROVED_REPORT_DRAWING_GOLDEN
G-DWG-0867,drawing,drawing.view.DWG-VW-S089-003,ENT-LINE-ACL,APPROVED_REPORT_DRAWING_GOLDEN,,,drawingSpecification,drawing_item,DWG-00867,,CONFIRMED,MAPPED,promotion APPROVED_REPORT_DRAWING_GOLDEN
G-DWG-0868,drawing,drawing.view.DWG-VW-S089-004,ENT-LINE-ACL,APPROVED_REPORT_DRAWING_GOLDEN,,,drawingSpecification,drawing_item,DWG-00868,,CONFIRMED,MAPPED,promotion APPROVED_REPORT_DRAWING_GOLDEN
G-DWG-0869,drawing,drawing.view.DWG-VW-S090-001,ENT-LINE-ACL,APPROVED_REPORT_DRAWING_GOLDEN,,,drawingSpecification,drawing_item,DWG-00869,,CONFIRMED,MAPPED,promotion APPROVED_REPORT_DRAWING_GOLDEN
G-DWG-0870,drawing,drawing.view.DWG-VW-S090-002,ENT-LINE-ACL,APPROVED_REPORT_DRAWING_GOLDEN,,,drawingSpecification,drawing_item,DWG-00870,,CONFIRMED,MAPPED,promotion APPROVED_REPORT_DRAWING_GOLDEN
G-DWG-0871,drawing,drawing.view.DWG-VW-S090-003,ENT-LINE-ACL,APPROVED_REPORT_DRAWING_GOLDEN,,,drawingSpecification,drawing_item,DWG-00871,,CONFIRMED,MAPPED,promotion APPROVED_REPORT_DRAWING_GOLDEN
G-DWG-0872,drawing,drawing.view.DWG-VW-S090-004,ENT-LINE-ACL,APPROVED_REPORT_DRAWING_GOLDEN,,,drawingSpecification,drawing_item,DWG-00872,,CONFIRMED,MAPPED,promotion APPROVED_REPORT_DRAWING_GOLDEN
G-DWG-0873,drawing,drawing.view.DWG-VW-S090-005,ENT-LINE-ACL,APPROVED_REPORT_DRAWING_GOLDEN,,,drawingSpecification,drawing_item,DWG-00873,,CONFIRMED,MAPPED,promotion APPROVED_REPORT_DRAWING_GOLDEN
G-DWG-0874,drawing,drawing.view.DWG-VW-S090-006,ENT-LINE-ACL,APPROVED_REPORT_DRAWING_GOLDEN,,,drawingSpecification,drawing_item,DWG-00874,,CONFIRMED,MAPPED,promotion APPROVED_REPORT_DRAWING_GOLDEN
G-DWG-0875,drawing,drawing.view.DWG-VW-S090-007,ENT-LINE-ACL,APPROVED_REPORT_DRAWING_GOLDEN,,,drawingSpecification,drawing_item,DWG-00875,,CONFIRMED,MAPPED,promotion APPROVED_REPORT_DRAWING_GOLDEN
G-DWG-0876,drawing,drawing.view.DWG-VW-S090-008,ENT-LINE-ACL,APPROVED_REPORT_DRAWING_GOLDEN,,,drawingSpecification,drawing_item,DWG-00876,,CONFIRMED,MAPPED,promotion APPROVED_REPORT_DRAWING_GOLDEN
G-DWG-0877,drawing,drawing.view.DWG-VW-S090-009,ENT-LINE-ACL,APPROVED_REPORT_DRAWING_GOLDEN,,,drawingSpecification,drawing_item,DWG-00877,,CONFIRMED,MAPPED,promotion APPROVED_REPORT_DRAWING_GOLDEN
G-DWG-0878,drawing,drawing.view.DWG-VW-S091-001,ENT-LINE-ACL,APPROVED_REPORT_DRAWING_GOLDEN,,,drawingSpecification,drawing_item,DWG-00878,,CONFIRMED,MAPPED,promotion APPROVED_REPORT_DRAWING_GOLDEN
G-DWG-0879,drawing,drawing.view.DWG-VW-S091-002,ENT-LINE-ACL,APPROVED_REPORT_DRAWING_GOLDEN,,,drawingSpecification,drawing_item,DWG-00879,,CONFIRMED,MAPPED,promotion APPROVED_REPORT_DRAWING_GOLDEN
G-DWG-0880,drawing,drawing.view.DWG-VW-S091-003,ENT-LINE-ACL,APPROVED_REPORT_DRAWING_GOLDEN,,,drawingSpecification,drawing_item,DWG-00880,,CONFIRMED,MAPPED,promotion APPROVED_REPORT_DRAWING_GOLDEN
G-DWG-0881,drawing,drawing.view.DWG-VW-S092-001,ENT-LINE-ACL,APPROVED_REPORT_DRAWING_GOLDEN,,,drawingSpecification,drawing_item,DWG-00881,,CONFIRMED,MAPPED,promotion APPROVED_REPORT_DRAWING_GOLDEN
G-DWG-0882,drawing,drawing.view.DWG-VW-S092-002,ENT-LINE-ACL,APPROVED_REPORT_DRAWING_GOLDEN,,,drawingSpecification,drawing_item,DWG-00882,,CONFIRMED,MAPPED,promotion APPROVED_REPORT_DRAWING_GOLDEN
G-DWG-0883,drawing,drawing.view.DWG-VW-S092-003,ENT-LINE-ACL,APPROVED_REPORT_DRAWING_GOLDEN,,,drawingSpecification,drawing_item,DWG-00883,,CONFIRMED,MAPPED,promotion APPROVED_REPORT_DRAWING_GOLDEN
G-DWG-0884,drawing,drawing.view.DWG-VW-S092-004,ENT-LINE-ACL,APPROVED_REPORT_DRAWING_GOLDEN,,,drawingSpecification,drawing_item,DWG-00884,,CONFIRMED,MAPPED,promotion APPROVED_REPORT_DRAWING_GOLDEN
G-DWG-0885,drawing,drawing.view.DWG-VW-S099-001,ENT-DECK,APPROVED_REPORT_DRAWING_GOLDEN,,,drawingSpecification,drawing_item,DWG-00885,,CONFIRMED,MAPPED,promotion APPROVED_REPORT_DRAWING_GOLDEN
G-DWG-0886,drawing,drawing.view.DWG-VW-S100-001,ENT-DECK,APPROVED_REPORT_DRAWING_GOLDEN,,,drawingSpecification,drawing_item,DWG-00886,,CONFIRMED,MAPPED,promotion APPROVED_REPORT_DRAWING_GOLDEN
G-DWG-0887,drawing,drawing.view.DWG-VW-S101-001,ENT-LINE-ACL,APPROVED_REPORT_DRAWING_GOLDEN,,,drawingSpecification,drawing_item,DWG-00887,,CONFIRMED,MAPPED,promotion APPROVED_REPORT_DRAWING_GOLDEN
G-DWG-0888,drawing,drawing.view.DWG-VW-S102-001,ENT-LINE-ACL,APPROVED_REPORT_DRAWING_GOLDEN,,,drawingSpecification,drawing_item,DWG-00888,,CONFIRMED,MAPPED,promotion APPROVED_REPORT_DRAWING_GOLDEN
G-DWG-0889,drawing,drawing.view.DWG-VW-S111-001,ENT-LINE-ACL,APPROVED_REPORT_DRAWING_GOLDEN,,,drawingSpecification,drawing_item,DWG-00889,,CONFIRMED,MAPPED,promotion APPROVED_REPORT_DRAWING_GOLDEN
G-DWG-0890,drawing,drawing.view.DWG-VW-S131-001,ENT-LINE-ACL,APPROVED_REPORT_DRAWING_GOLDEN,,,drawingSpecification,drawing_item,DWG-00890,,CONFIRMED,MAPPED,promotion APPROVED_REPORT_DRAWING_GOLDEN
G-DWG-0891,drawing,drawing.view.DWG-VW-S132-001,ENT-LINE-ACL,APPROVED_REPORT_DRAWING_GOLDEN,,,drawingSpecification,drawing_item,DWG-00891,,CONFIRMED,MAPPED,promotion APPROVED_REPORT_DRAWING_GOLDEN
G-DWG-0892,drawing,drawing.view.DWG-VW-S141-001,ENT-LINE-ACL,APPROVED_WITH_HUMAN_CONFIRMATION_TRACK,HCR-001,,drawingSpecification,drawing_item,DWG-00892,,HUMAN_CONFIRMATION_REQUIRED,MAPPED_WITH_HUMAN_TRACK,"human confirmation HCR-001 preserved; value present, confirmation pending"
G-DWG-0893,drawing,drawing.view.S141-V01,ENT-LINE-ACL,APPROVED_WITH_HUMAN_CONFIRMATION_TRACK,HCR-001,,drawingSpecification,drawing_item,DWG-00893,,HUMAN_CONFIRMATION_REQUIRED,MAPPED_WITH_HUMAN_TRACK,"human confirmation HCR-001 preserved; value present, confirmation pending"
G-DWG-0894,drawing,drawing.view.S141-V02,ENT-LINE-ACL,APPROVED_WITH_HUMAN_CONFIRMATION_TRACK,HCR-001,,drawingSpecification,drawing_item,DWG-00894,,HUMAN_CONFIRMATION_REQUIRED,MAPPED_WITH_HUMAN_TRACK,"human confirmation HCR-001 preserved; value present, confirmation pending"
G-DWG-0895,drawing,drawing.view.S141-V03,ENT-LINE-ACL,APPROVED_WITH_HUMAN_CONFIRMATION_TRACK,HCR-001,,drawingSpecification,drawing_item,DWG-00895,,HUMAN_CONFIRMATION_REQUIRED,MAPPED_WITH_HUMAN_TRACK,"human confirmation HCR-001 preserved; value present, confirmation pending"
G-DWG-0896,drawing,drawing.view.S141-V04,ENT-LINE-ACL,APPROVED_WITH_HUMAN_CONFIRMATION_TRACK,HCR-001,,drawingSpecification,drawing_item,DWG-00896,,HUMAN_CONFIRMATION_REQUIRED,MAPPED_WITH_HUMAN_TRACK,"human confirmation HCR-001 preserved; value present, confirmation pending"
G-DWG-0897,drawing,drawing.member.DWG-MEM-AG1,ENT-LINE-ACL,APPROVED_REPORT_DRAWING_GOLDEN,,,drawingSpecification,drawing_item,DWG-00897,,CONFIRMED,MAPPED,promotion APPROVED_REPORT_DRAWING_GOLDEN
G-DWG-0898,drawing,drawing.member.DWG-MEM-AG2,ENT-LINE-ACL,APPROVED_REPORT_DRAWING_GOLDEN,,,drawingSpecification,drawing_item,DWG-00898,,CONFIRMED,MAPPED,promotion APPROVED_REPORT_DRAWING_GOLDEN
G-DWG-0899,drawing,drawing.member.DWG-MEM-GE1,ENT-LINE-ACL,APPROVED_REPORT_DRAWING_GOLDEN,,,drawingSpecification,drawing_item,DWG-00899,,CONFIRMED,MAPPED,promotion APPROVED_REPORT_DRAWING_GOLDEN
G-DWG-0900,drawing,drawing.member.DWG-MEM-GE2,ENT-LINE-ACL,APPROVED_REPORT_DRAWING_GOLDEN,,,drawingSpecification,drawing_item,DWG-00900,,CONFIRMED,MAPPED,promotion APPROVED_REPORT_DRAWING_GOLDEN
G-DWG-0901,drawing,drawing.member.DWG-MEM-S1,ENT-LINE-ACL,APPROVED_REPORT_DRAWING_GOLDEN,,,drawingSpecification,drawing_item,DWG-00901,,CONFIRMED,MAPPED,promotion APPROVED_REPORT_DRAWING_GOLDEN
G-DWG-0902,drawing,drawing.member.DWG-MEM-S2,ENT-LINE-ACL,APPROVED_REPORT_DRAWING_GOLDEN,,,drawingSpecification,drawing_item,DWG-00902,,CONFIRMED,MAPPED,promotion APPROVED_REPORT_DRAWING_GOLDEN
G-DWG-0903,drawing,drawing.member.DWG-MEM-PR1,ENT-LINE-ACL,APPROVED_REPORT_DRAWING_GOLDEN,,,drawingSpecification,drawing_item,DWG-00903,,CONFIRMED,MAPPED,promotion APPROVED_REPORT_DRAWING_GOLDEN
G-DWG-0904,drawing,drawing.member.DWG-MEM-PR2,ENT-LINE-ACL,APPROVED_REPORT_DRAWING_GOLDEN,,,drawingSpecification,drawing_item,DWG-00904,,CONFIRMED,MAPPED,promotion APPROVED_REPORT_DRAWING_GOLDEN
G-DWG-0905,drawing,drawing.member.DWG-MEM-C1C7,ENT-LINE-ACL,APPROVED_REPORT_DRAWING_GOLDEN,,,drawingSpecification,drawing_item,DWG-00905,,CONFIRMED,MAPPED,promotion APPROVED_REPORT_DRAWING_GOLDEN
G-DWG-0906,drawing,drawing.member.DWG-MEM-C8C13,ENT-LINE-ACL,APPROVED_REPORT_DRAWING_GOLDEN,,,drawingSpecification,drawing_item,DWG-00906,,CONFIRMED,MAPPED,promotion APPROVED_REPORT_DRAWING_GOLDEN
G-DWG-0907,drawing,drawing.member.DWG-MEM-C14C20,ENT-LINE-ACL,APPROVED_REPORT_DRAWING_GOLDEN,,,drawingSpecification,drawing_item,DWG-00907,,CONFIRMED,MAPPED,promotion APPROVED_REPORT_DRAWING_GOLDEN
G-DWG-0908,drawing,drawing.member.DWG-MEM-C21C23,ENT-LINE-ACL,APPROVED_REPORT_DRAWING_GOLDEN,,,drawingSpecification,drawing_item,DWG-00908,,CONFIRMED,MAPPED,promotion APPROVED_REPORT_DRAWING_GOLDEN
G-DWG-0909,drawing,drawing.member.DWG-MEM-AL1,ENT-LINE-ACL,APPROVED_REPORT_DRAWING_GOLDEN,,,drawingSpecification,drawing_item,DWG-00909,,CONFIRMED,MAPPED,promotion APPROVED_REPORT_DRAWING_GOLDEN
G-DWG-0910,drawing,drawing.member.DWG-MEM-AL2,ENT-LINE-ACL,APPROVED_REPORT_DRAWING_GOLDEN,,,drawingSpecification,drawing_item,DWG-00910,,CONFIRMED,MAPPED,promotion APPROVED_REPORT_DRAWING_GOLDEN
G-DWG-0911,drawing,drawing.member.DWG-MEM-STUD,ENT-LINE-ACL,APPROVED_REPORT_DRAWING_GOLDEN,,,drawingSpecification,drawing_item,DWG-00911,,CONFIRMED,MAPPED,promotion APPROVED_REPORT_DRAWING_GOLDEN
G-DWG-0912,drawing,drawing.member.DWG-MEM-SPLJ1,ENT-LINE-ACL,APPROVED_REPORT_DRAWING_GOLDEN,,,drawingSpecification,drawing_item,DWG-00912,,CONFIRMED,MAPPED,promotion APPROVED_REPORT_DRAWING_GOLDEN
G-DWG-0913,drawing,drawing.member.DWG-MEM-SPLJ2,ENT-LINE-ACL,APPROVED_REPORT_DRAWING_GOLDEN,,,drawingSpecification,drawing_item,DWG-00913,,CONFIRMED,MAPPED,promotion APPROVED_REPORT_DRAWING_GOLDEN
G-DWG-0914,drawing,drawing.member.DWG-MEM-SPLJ3,ENT-LINE-ACL,APPROVED_REPORT_DRAWING_GOLDEN,,,drawingSpecification,drawing_item,DWG-00914,,CONFIRMED,MAPPED,promotion APPROVED_REPORT_DRAWING_GOLDEN
G-DWG-0915,drawing,drawing.member.DWG-MEM-SPLJ4,ENT-LINE-ACL,APPROVED_REPORT_DRAWING_GOLDEN,,,drawingSpecification,drawing_item,DWG-00915,,CONFIRMED,MAPPED,promotion APPROVED_REPORT_DRAWING_GOLDEN
G-DWG-0916,drawing,drawing.member.DWG-MEM-SPLJ5,ENT-LINE-ACL,APPROVED_REPORT_DRAWING_GOLDEN,,,drawingSpecification,drawing_item,DWG-00916,,CONFIRMED,MAPPED,promotion APPROVED_REPORT_DRAWING_GOLDEN
G-DWG-0917,drawing,drawing.member.DWG-MEM-SPLJ6,ENT-LINE-ACL,APPROVED_REPORT_DRAWING_GOLDEN,,,drawingSpecification,drawing_item,DWG-00917,,CONFIRMED,MAPPED,promotion APPROVED_REPORT_DRAWING_GOLDEN
G-DWG-0918,drawing,drawing.member.DWG-MEM-SPLJ7,ENT-LINE-ACL,APPROVED_REPORT_DRAWING_GOLDEN,,,drawingSpecification,drawing_item,DWG-00918,,CONFIRMED,MAPPED,promotion APPROVED_REPORT_DRAWING_GOLDEN
G-DWG-0919,drawing,drawing.member.DWG-MEM-SPLJ8,ENT-LINE-ACL,APPROVED_REPORT_DRAWING_GOLDEN,,,drawingSpecification,drawing_item,DWG-00919,,CONFIRMED,MAPPED,promotion APPROVED_REPORT_DRAWING_GOLDEN
G-DWG-0920,drawing,drawing.member.DWG-MEM-SPLJ9,ENT-LINE-ACL,APPROVED_REPORT_DRAWING_GOLDEN,,,drawingSpecification,drawing_item,DWG-00920,,CONFIRMED,MAPPED,promotion APPROVED_REPORT_DRAWING_GOLDEN
G-DWG-0921,drawing,drawing.member.DWG-MEM-SPLJ10,ENT-LINE-ACL,APPROVED_REPORT_DRAWING_GOLDEN,,,drawingSpecification,drawing_item,DWG-00921,,CONFIRMED,MAPPED,promotion APPROVED_REPORT_DRAWING_GOLDEN
G-DWG-0922,drawing,drawing.member.DWG-MEM-SPLJ11,ENT-LINE-ACL,APPROVED_REPORT_DRAWING_GOLDEN,,,drawingSpecification,drawing_item,DWG-00922,,CONFIRMED,MAPPED,promotion APPROVED_REPORT_DRAWING_GOLDEN
G-DWG-0923,drawing,drawing.member.DWG-MEM-SPLJ12,ENT-LINE-ACL,APPROVED_REPORT_DRAWING_GOLDEN,,,drawingSpecification,drawing_item,DWG-00923,,CONFIRMED,MAPPED,promotion APPROVED_REPORT_DRAWING_GOLDEN
G-DWG-0924,drawing,drawing.member.DWG-MEM-SPLJ13,ENT-LINE-ACL,APPROVED_REPORT_DRAWING_GOLDEN,,,drawingSpecification,drawing_item,DWG-00924,,CONFIRMED,MAPPED,promotion APPROVED_REPORT_DRAWING_GOLDEN
G-DWG-0925,drawing,drawing.member.DWG-MEM-SPLJ14,ENT-LINE-ACL,APPROVED_REPORT_DRAWING_GOLDEN,,,drawingSpecification,drawing_item,DWG-00925,,CONFIRMED,MAPPED,promotion APPROVED_REPORT_DRAWING_GOLDEN
G-DWG-0926,drawing,drawing.member.DWG-MEM-SPLJ15,ENT-LINE-ACL,APPROVED_REPORT_DRAWING_GOLDEN,,,drawingSpecification,drawing_item,DWG-00926,,CONFIRMED,MAPPED,promotion APPROVED_REPORT_DRAWING_GOLDEN
G-DWG-0927,drawing,drawing.member.DWG-MEM-SPLJ16,ENT-LINE-ACL,APPROVED_REPORT_DRAWING_GOLDEN,,,drawingSpecification,drawing_item,DWG-00927,,CONFIRMED,MAPPED,promotion APPROVED_REPORT_DRAWING_GOLDEN
G-DWG-0928,drawing,drawing.member.DWG-MEM-SPLAG2J1,ENT-LINE-ACL,APPROVED_REPORT_DRAWING_GOLDEN,,,drawingSpecification,drawing_item,DWG-00928,,CONFIRMED,MAPPED,promotion APPROVED_REPORT_DRAWING_GOLDEN
G-DWG-0929,drawing,drawing.member.DWG-MEM-SPLAG2J2,ENT-LINE-ACL,APPROVED_REPORT_DRAWING_GOLDEN,,,drawingSpecification,drawing_item,DWG-00929,,CONFIRMED,MAPPED,promotion APPROVED_REPORT_DRAWING_GOLDEN
G-DWG-0930,drawing,drawing.member.DWG-MEM-SPLAG2J3,ENT-LINE-ACL,APPROVED_REPORT_DRAWING_GOLDEN,,,drawingSpecification,drawing_item,DWG-00930,,CONFIRMED,MAPPED,promotion APPROVED_REPORT_DRAWING_GOLDEN
G-DWG-0931,drawing,drawing.member.DWG-MEM-SPLAG2J4,ENT-LINE-ACL,APPROVED_REPORT_DRAWING_GOLDEN,,,drawingSpecification,drawing_item,DWG-00931,,CONFIRMED,MAPPED,promotion APPROVED_REPORT_DRAWING_GOLDEN
G-DWG-0932,drawing,drawing.member.DWG-MEM-SPLAG2J5,ENT-LINE-ACL,APPROVED_REPORT_DRAWING_GOLDEN,,,drawingSpecification,drawing_item,DWG-00932,,CONFIRMED,MAPPED,promotion APPROVED_REPORT_DRAWING_GOLDEN
G-DWG-0933,drawing,drawing.member.DWG-MEM-SPLAG2J6,ENT-LINE-ACL,APPROVED_REPORT_DRAWING_GOLDEN,,,drawingSpecification,drawing_item,DWG-00933,,CONFIRMED,MAPPED,promotion APPROVED_REPORT_DRAWING_GOLDEN
G-DWG-0934,drawing,drawing.member.DWG-MEM-SPLAG2J7,ENT-LINE-ACL,APPROVED_REPORT_DRAWING_GOLDEN,,,drawingSpecification,drawing_item,DWG-00934,,CONFIRMED,MAPPED,promotion APPROVED_REPORT_DRAWING_GOLDEN
G-DWG-0935,drawing,drawing.member.DWG-MEM-SPLAG2J8,ENT-LINE-ACL,APPROVED_REPORT_DRAWING_GOLDEN,,,drawingSpecification,drawing_item,DWG-00935,,CONFIRMED,MAPPED,promotion APPROVED_REPORT_DRAWING_GOLDEN
G-DWG-0936,drawing,drawing.member.DWG-MEM-SPLAG2J9,ENT-LINE-ACL,APPROVED_REPORT_DRAWING_GOLDEN,,,drawingSpecification,drawing_item,DWG-00936,,CONFIRMED,MAPPED,promotion APPROVED_REPORT_DRAWING_GOLDEN
G-DWG-0937,drawing,drawing.member.DWG-MEM-SPLAG2J10,ENT-LINE-ACL,APPROVED_REPORT_DRAWING_GOLDEN,,,drawingSpecification,drawing_item,DWG-00937,,CONFIRMED,MAPPED,promotion APPROVED_REPORT_DRAWING_GOLDEN
G-DWG-0938,drawing,drawing.member.DWG-MEM-SPLAG2J11,ENT-LINE-ACL,APPROVED_REPORT_DRAWING_GOLDEN,,,drawingSpecification,drawing_item,DWG-00938,,CONFIRMED,MAPPED,promotion APPROVED_REPORT_DRAWING_GOLDEN
G-DWG-0939,drawing,drawing.member.DWG-MEM-SPLAG2J12,ENT-LINE-ACL,APPROVED_REPORT_DRAWING_GOLDEN,,,drawingSpecification,drawing_item,DWG-00939,,CONFIRMED,MAPPED,promotion APPROVED_REPORT_DRAWING_GOLDEN
G-DWG-0940,drawing,drawing.member.DWG-MEM-SPLAG2J13,ENT-LINE-ACL,APPROVED_REPORT_DRAWING_GOLDEN,,,drawingSpecification,drawing_item,DWG-00940,,CONFIRMED,MAPPED,promotion APPROVED_REPORT_DRAWING_GOLDEN
G-DWG-0941,drawing,drawing.member.DWG-MEM-SPLAG2J14,ENT-LINE-ACL,APPROVED_REPORT_DRAWING_GOLDEN,,,drawingSpecification,drawing_item,DWG-00941,,CONFIRMED,MAPPED,promotion APPROVED_REPORT_DRAWING_GOLDEN
G-DWG-0942,drawing,drawing.member.DWG-MEM-SPLAG2J15,ENT-LINE-ACL,APPROVED_REPORT_DRAWING_GOLDEN,,,drawingSpecification,drawing_item,DWG-00942,,CONFIRMED,MAPPED,promotion APPROVED_REPORT_DRAWING_GOLDEN
G-DWG-0943,drawing,drawing.member.DWG-MEM-SPLAG2J16,ENT-LINE-ACL,APPROVED_REPORT_DRAWING_GOLDEN,,,drawingSpecification,drawing_item,DWG-00943,,CONFIRMED,MAPPED,promotion APPROVED_REPORT_DRAWING_GOLDEN
G-DWG-0944,drawing,drawing.member.DWG-MEM-VSTIFF,ENT-LINE-ACL,APPROVED_REPORT_DRAWING_GOLDEN,,,drawingSpecification,drawing_item,DWG-00944,,CONFIRMED,MAPPED,promotion APPROVED_REPORT_DRAWING_GOLDEN
G-DWG-0945,drawing,drawing.member.DWG-MEM-JACKSTIFF,ENT-LINE-ACL,APPROVED_REPORT_DRAWING_GOLDEN,,,drawingSpecification,drawing_item,DWG-00945,,CONFIRMED,MAPPED,promotion APPROVED_REPORT_DRAWING_GOLDEN
G-DWG-0946,drawing,drawing.member.DWG-MEM-WTRSTOP,ENT-LINE-ACL,APPROVED_REPORT_DRAWING_GOLDEN,,,drawingSpecification,drawing_item,DWG-00946,,CONFIRMED,MAPPED,promotion APPROVED_REPORT_DRAWING_GOLDEN
G-DWG-0947,drawing,drawing.member.DWG-MEM-HANGR,ENT-LINE-ACL,APPROVED_REPORT_DRAWING_GOLDEN,,,drawingSpecification,drawing_item,DWG-00947,,CONFIRMED,MAPPED,promotion APPROVED_REPORT_DRAWING_GOLDEN
G-DWG-0948,drawing,drawing.member.DWG-MEM-SOLEPL,ENT-LINE-ACL,APPROVED_REPORT_DRAWING_GOLDEN,,,drawingSpecification,drawing_item,DWG-00948,,CONFIRMED,MAPPED,promotion APPROVED_REPORT_DRAWING_GOLDEN
G-DWG-0949,drawing,drawing.member.DWG-MEM-NOSE,ENT-LINE-ACL,APPROVED_REPORT_DRAWING_GOLDEN,,,drawingSpecification,drawing_item,DWG-00949,,CONFIRMED,MAPPED,promotion APPROVED_REPORT_DRAWING_GOLDEN
G-DWG-0950,drawing,drawing.member.DWG-MEM-HNO1,ENT-LINE-ACL,APPROVED_REPORT_DRAWING_GOLDEN,,,drawingSpecification,drawing_item,DWG-00950,,CONFIRMED,MAPPED,promotion APPROVED_REPORT_DRAWING_GOLDEN
G-DWG-0951,drawing,drawing.member.DWG-MEM-PU15,ENT-LINE-ACL,APPROVED_REPORT_DRAWING_GOLDEN,,,drawingSpecification,drawing_item,DWG-00951,,CONFIRMED,MAPPED,promotion APPROVED_REPORT_DRAWING_GOLDEN
G-DWG-0952,drawing,drawing.member.DWG-MEM-AR2,ENT-LINE-ACL,APPROVED_REPORT_DRAWING_GOLDEN,,,drawingSpecification,drawing_item,DWG-00952,,CONFIRMED,MAPPED,promotion APPROVED_REPORT_DRAWING_GOLDEN
G-DWG-0953,drawing,drawing.member.DWG-MEM-S045-001,ENT-XBEAM-GE1,APPROVED_REPORT_DRAWING_GOLDEN,,,drawingSpecification,drawing_item,DWG-00953,,CONFIRMED,MAPPED,promotion APPROVED_REPORT_DRAWING_GOLDEN
G-DWG-0954,drawing,drawing.member.DWG-MEM-S045-002,ENT-XBEAM-GE1,APPROVED_REPORT_DRAWING_GOLDEN,,,drawingSpecification,drawing_item,DWG-00954,,CONFIRMED,MAPPED,promotion APPROVED_REPORT_DRAWING_GOLDEN
G-DWG-0955,drawing,drawing.member.DWG-MEM-S045-003,ENT-XBEAM-GE1,APPROVED_REPORT_DRAWING_GOLDEN,,,drawingSpecification,drawing_item,DWG-00955,,CONFIRMED,MAPPED,promotion APPROVED_REPORT_DRAWING_GOLDEN
G-DWG-0956,drawing,drawing.member.DWG-MEM-S045-004,ENT-XBEAM-GE1,APPROVED_REPORT_DRAWING_GOLDEN,,,drawingSpecification,drawing_item,DWG-00956,,CONFIRMED,MAPPED,promotion APPROVED_REPORT_DRAWING_GOLDEN
G-DWG-0957,drawing,drawing.member.DWG-MEM-S045-005,ENT-XBEAM-GE1,APPROVED_REPORT_DRAWING_GOLDEN,,,drawingSpecification,drawing_item,DWG-00957,,CONFIRMED,MAPPED,promotion APPROVED_REPORT_DRAWING_GOLDEN
G-DWG-0958,drawing,drawing.member.DWG-MEM-S045-006,ENT-XBEAM-GE1,APPROVED_REPORT_DRAWING_GOLDEN,,,drawingSpecification,drawing_item,DWG-00958,,CONFIRMED,MAPPED,promotion APPROVED_REPORT_DRAWING_GOLDEN
G-DWG-0959,drawing,drawing.member.DWG-MEM-S045-007,ENT-XBEAM-GE1,APPROVED_REPORT_DRAWING_GOLDEN,,,drawingSpecification,drawing_item,DWG-00959,,CONFIRMED,MAPPED,promotion APPROVED_REPORT_DRAWING_GOLDEN
G-DWG-0960,drawing,drawing.member.DWG-MEM-S045-008,ENT-XBEAM-GE1,APPROVED_REPORT_DRAWING_GOLDEN,,,drawingSpecification,drawing_item,DWG-00960,,CONFIRMED,MAPPED,promotion APPROVED_REPORT_DRAWING_GOLDEN
G-DWG-0961,drawing,drawing.member.DWG-MEM-S045-009,ENT-XBEAM-GE1,APPROVED_REPORT_DRAWING_GOLDEN,,,drawingSpecification,drawing_item,DWG-00961,,CONFIRMED,MAPPED,promotion APPROVED_REPORT_DRAWING_GOLDEN
G-DWG-0962,drawing,drawing.member.DWG-MEM-S045-010,ENT-XBEAM-GE1,APPROVED_REPORT_DRAWING_GOLDEN,,,drawingSpecification,drawing_item,DWG-00962,,CONFIRMED,MAPPED,promotion APPROVED_REPORT_DRAWING_GOLDEN
G-DWG-0963,drawing,drawing.member.DWG-MEM-S045-011,ENT-XBEAM-GE1,APPROVED_REPORT_DRAWING_GOLDEN,,,drawingSpecification,drawing_item,DWG-00963,,CONFIRMED,MAPPED,promotion APPROVED_REPORT_DRAWING_GOLDEN
G-DWG-0964,drawing,drawing.member.DWG-MEM-S045-012,ENT-XBEAM-GE1,APPROVED_REPORT_DRAWING_GOLDEN,,,drawingSpecification,drawing_item,DWG-00964,,CONFIRMED,MAPPED,promotion APPROVED_REPORT_DRAWING_GOLDEN
G-DWG-0965,drawing,drawing.member.DWG-MEM-S045-013,ENT-XBEAM-GE1,APPROVED_REPORT_DRAWING_GOLDEN,,,drawingSpecification,drawing_item,DWG-00965,,CONFIRMED,MAPPED,promotion APPROVED_REPORT_DRAWING_GOLDEN
G-DWG-0966,drawing,drawing.member.DWG-MEM-S045-014,ENT-XBEAM-GE1,APPROVED_REPORT_DRAWING_GOLDEN,,,drawingSpecification,drawing_item,DWG-00966,,CONFIRMED,MAPPED,promotion APPROVED_REPORT_DRAWING_GOLDEN
G-DWG-0967,drawing,drawing.member.DWG-MEM-S045-015,ENT-XBEAM-GE1,APPROVED_REPORT_DRAWING_GOLDEN,,,drawingSpecification,drawing_item,DWG-00967,,CONFIRMED,MAPPED,promotion APPROVED_REPORT_DRAWING_GOLDEN
G-DWG-0968,drawing,drawing.member.DWG-MEM-S045-016,ENT-XBEAM-GE1,APPROVED_REPORT_DRAWING_GOLDEN,,,drawingSpecification,drawing_item,DWG-00968,,CONFIRMED,MAPPED,promotion APPROVED_REPORT_DRAWING_GOLDEN
G-DWG-0969,drawing,drawing.member.DWG-MEM-S046-001,ENT-XBEAM-GE1,APPROVED_REPORT_DRAWING_GOLDEN,,,drawingSpecification,drawing_item,DWG-00969,,CONFIRMED,MAPPED,promotion APPROVED_REPORT_DRAWING_GOLDEN
G-DWG-0970,drawing,drawing.member.DWG-MEM-S046-002,ENT-XBEAM-GE1,APPROVED_REPORT_DRAWING_GOLDEN,,,drawingSpecification,drawing_item,DWG-00970,,CONFIRMED,MAPPED,promotion APPROVED_REPORT_DRAWING_GOLDEN
G-DWG-0971,drawing,drawing.member.DWG-MEM-S046-003,ENT-XBEAM-GE1,APPROVED_REPORT_DRAWING_GOLDEN,,,drawingSpecification,drawing_item,DWG-00971,,CONFIRMED,MAPPED,promotion APPROVED_REPORT_DRAWING_GOLDEN
G-DWG-0972,drawing,drawing.member.DWG-MEM-S046-004,ENT-XBEAM-GE1,APPROVED_REPORT_DRAWING_GOLDEN,,,drawingSpecification,drawing_item,DWG-00972,,CONFIRMED,MAPPED,promotion APPROVED_REPORT_DRAWING_GOLDEN
G-DWG-0973,drawing,drawing.member.DWG-MEM-S046-005,ENT-XBEAM-GE1,APPROVED_REPORT_DRAWING_GOLDEN,,,drawingSpecification,drawing_item,DWG-00973,,CONFIRMED,MAPPED,promotion APPROVED_REPORT_DRAWING_GOLDEN
G-DWG-0974,drawing,drawing.member.DWG-MEM-S046-006,ENT-XBEAM-GE1,APPROVED_REPORT_DRAWING_GOLDEN,,,drawingSpecification,drawing_item,DWG-00974,,CONFIRMED,MAPPED,promotion APPROVED_REPORT_DRAWING_GOLDEN
G-DWG-0975,drawing,drawing.member.DWG-MEM-S047-001,ENT-XBEAM-GE1,APPROVED_REPORT_DRAWING_GOLDEN,,,drawingSpecification,drawing_item,DWG-00975,,CONFIRMED,MAPPED,promotion APPROVED_REPORT_DRAWING_GOLDEN
G-DWG-0976,drawing,drawing.member.DWG-MEM-S047-002,ENT-XBEAM-GE1,APPROVED_REPORT_DRAWING_GOLDEN,,,drawingSpecification,drawing_item,DWG-00976,,CONFIRMED,MAPPED,promotion APPROVED_REPORT_DRAWING_GOLDEN
G-DWG-0977,drawing,drawing.member.DWG-MEM-S047-003,ENT-XBEAM-GE1,APPROVED_REPORT_DRAWING_GOLDEN,,,drawingSpecification,drawing_item,DWG-00977,,CONFIRMED,MAPPED,promotion APPROVED_REPORT_DRAWING_GOLDEN
G-DWG-0978,drawing,drawing.member.DWG-MEM-S047-004,ENT-XBEAM-GE1,APPROVED_REPORT_DRAWING_GOLDEN,,,drawingSpecification,drawing_item,DWG-00978,,CONFIRMED,MAPPED,promotion APPROVED_REPORT_DRAWING_GOLDEN
G-DWG-0979,drawing,drawing.member.DWG-MEM-S047-005,ENT-XBEAM-GE1,APPROVED_REPORT_DRAWING_GOLDEN,,,drawingSpecification,drawing_item,DWG-00979,,CONFIRMED,MAPPED,promotion APPROVED_REPORT_DRAWING_GOLDEN
G-DWG-0980,drawing,drawing.member.DWG-MEM-S047-006,ENT-XBEAM-GE1,APPROVED_REPORT_DRAWING_GOLDEN,,,drawingSpecification,drawing_item,DWG-00980,,CONFIRMED,MAPPED,promotion APPROVED_REPORT_DRAWING_GOLDEN
G-DWG-0981,drawing,drawing.member.DWG-MEM-S047-007,ENT-XBEAM-GE1,APPROVED_REPORT_DRAWING_GOLDEN,,,drawingSpecification,drawing_item,DWG-00981,,CONFIRMED,MAPPED,promotion APPROVED_REPORT_DRAWING_GOLDEN
G-DWG-0982,drawing,drawing.member.DWG-MEM-S049-001,ENT-XBEAM-C1C7,APPROVED_REPORT_DRAWING_GOLDEN,,,drawingSpecification,drawing_item,DWG-00982,,CONFIRMED,MAPPED,promotion APPROVED_REPORT_DRAWING_GOLDEN
G-DWG-0983,drawing,drawing.member.DWG-MEM-S049-002,ENT-XBEAM-C1C7,APPROVED_REPORT_DRAWING_GOLDEN,,,drawingSpecification,drawing_item,DWG-00983,,CONFIRMED,MAPPED,promotion APPROVED_REPORT_DRAWING_GOLDEN
G-DWG-0984,drawing,drawing.member.DWG-MEM-S049-003,ENT-XBEAM-C1C7,APPROVED_REPORT_DRAWING_GOLDEN,,,drawingSpecification,drawing_item,DWG-00984,,CONFIRMED,MAPPED,promotion APPROVED_REPORT_DRAWING_GOLDEN
G-DWG-0985,drawing,drawing.member.DWG-MEM-S049-004,ENT-XBEAM-C1C7,APPROVED_REPORT_DRAWING_GOLDEN,,,drawingSpecification,drawing_item,DWG-00985,,CONFIRMED,MAPPED,promotion APPROVED_REPORT_DRAWING_GOLDEN
G-DWG-0986,drawing,drawing.member.DWG-MEM-S049-005,ENT-XBEAM-C1C7,APPROVED_REPORT_DRAWING_GOLDEN,,,drawingSpecification,drawing_item,DWG-00986,,CONFIRMED,MAPPED,promotion APPROVED_REPORT_DRAWING_GOLDEN
G-DWG-0987,drawing,drawing.member.DWG-MEM-S050-001,ENT-XBEAM-C1C7,APPROVED_REPORT_DRAWING_GOLDEN,,,drawingSpecification,drawing_item,DWG-00987,,CONFIRMED,MAPPED,promotion APPROVED_REPORT_DRAWING_GOLDEN
G-DWG-0988,drawing,drawing.member.DWG-MEM-S050-002,ENT-XBEAM-C1C7,APPROVED_REPORT_DRAWING_GOLDEN,,,drawingSpecification,drawing_item,DWG-00988,,CONFIRMED,MAPPED,promotion APPROVED_REPORT_DRAWING_GOLDEN
G-DWG-0989,drawing,drawing.member.DWG-MEM-S058-001,ENT-XBEAM-C1C7,APPROVED_REPORT_DRAWING_GOLDEN,,,drawingSpecification,drawing_item,DWG-00989,,CONFIRMED,MAPPED,promotion APPROVED_REPORT_DRAWING_GOLDEN
G-DWG-0990,drawing,drawing.member.DWG-MEM-S058-002,ENT-XBEAM-C1C7,APPROVED_REPORT_DRAWING_GOLDEN,,,drawingSpecification,drawing_item,DWG-00990,,CONFIRMED,MAPPED,promotion APPROVED_REPORT_DRAWING_GOLDEN
G-DWG-0991,drawing,drawing.member.DWG-MEM-S061-001,ENT-BRACE-AL1,APPROVED_REPORT_DRAWING_GOLDEN,,,drawingSpecification,drawing_item,DWG-00991,,CONFIRMED,MAPPED,promotion APPROVED_REPORT_DRAWING_GOLDEN
G-DWG-0992,drawing,drawing.member.DWG-MEM-S061-002,ENT-BRACE-AL1,APPROVED_REPORT_DRAWING_GOLDEN,,,drawingSpecification,drawing_item,DWG-00992,,CONFIRMED,MAPPED,promotion APPROVED_REPORT_DRAWING_GOLDEN
G-DWG-0993,drawing,drawing.member.DWG-MEM-S061-003,ENT-BRACE-AL1,APPROVED_REPORT_DRAWING_GOLDEN,,,drawingSpecification,drawing_item,DWG-00993,,CONFIRMED,MAPPED,promotion APPROVED_REPORT_DRAWING_GOLDEN
G-DWG-0994,drawing,drawing.member.DWG-MEM-S061-004,ENT-BRACE-AL1,APPROVED_REPORT_DRAWING_GOLDEN,,,drawingSpecification,drawing_item,DWG-00994,,CONFIRMED,MAPPED,promotion APPROVED_REPORT_DRAWING_GOLDEN
G-DWG-0995,drawing,drawing.member.DWG-MEM-S061-005,ENT-BRACE-AL1,APPROVED_REPORT_DRAWING_GOLDEN,,,drawingSpecification,drawing_item,DWG-00995,,CONFIRMED,MAPPED,promotion APPROVED_REPORT_DRAWING_GOLDEN
G-DWG-0996,drawing,drawing.member.DWG-MEM-S062-001,ENT-BRACE-AL1,APPROVED_REPORT_DRAWING_GOLDEN,,,drawingSpecification,drawing_item,DWG-00996,,CONFIRMED,MAPPED,promotion APPROVED_REPORT_DRAWING_GOLDEN
G-DWG-0997,drawing,drawing.member.DWG-MEM-S062-002,ENT-BRACE-AL1,APPROVED_REPORT_DRAWING_GOLDEN,,,drawingSpecification,drawing_item,DWG-00997,,CONFIRMED,MAPPED,promotion APPROVED_REPORT_DRAWING_GOLDEN
G-DWG-0998,drawing,drawing.member.DWG-MEM-S062-003,ENT-BRACE-AL1,APPROVED_REPORT_DRAWING_GOLDEN,,,drawingSpecification,drawing_item,DWG-00998,,CONFIRMED,MAPPED,promotion APPROVED_REPORT_DRAWING_GOLDEN
G-DWG-0999,drawing,drawing.member.DWG-MEM-S068-001,ENT-BRACE-AL1,APPROVED_REPORT_DRAWING_GOLDEN,,,drawingSpecification,drawing_item,DWG-00999,,CONFIRMED,MAPPED,promotion APPROVED_REPORT_DRAWING_GOLDEN
G-DWG-1000,drawing,drawing.member.DWG-MEM-S068-002,ENT-BRACE-AL1,APPROVED_REPORT_DRAWING_GOLDEN,,,drawingSpecification,drawing_item,DWG-01000,,CONFIRMED,MAPPED,promotion APPROVED_REPORT_DRAWING_GOLDEN
G-DWG-1001,drawing,drawing.member.DWG-MEM-S068-003,ENT-BRACE-AL1,APPROVED_REPORT_DRAWING_GOLDEN,,,drawingSpecification,drawing_item,DWG-01001,,CONFIRMED,MAPPED,promotion APPROVED_REPORT_DRAWING_GOLDEN
G-DWG-1002,drawing,drawing.member.DWG-MEM-S085-001,ENT-SUPPORT-PU15,APPROVED_REPORT_DRAWING_GOLDEN,,,drawingSpecification,drawing_item,DWG-01002,,CONFIRMED,MAPPED,promotion APPROVED_REPORT_DRAWING_GOLDEN
G-DWG-1003,drawing,drawing.member.DWG-MEM-S085-002,ENT-SUPPORT-PU15,APPROVED_REPORT_DRAWING_GOLDEN,,,drawingSpecification,drawing_item,DWG-01003,,CONFIRMED,MAPPED,promotion APPROVED_REPORT_DRAWING_GOLDEN
G-DWG-1004,drawing,drawing.member.DWG-MEM-S086-001,ENT-SUPPORT-PU15,APPROVED_REPORT_DRAWING_GOLDEN,,,drawingSpecification,drawing_item,DWG-01004,,CONFIRMED,MAPPED,promotion APPROVED_REPORT_DRAWING_GOLDEN
G-DWG-1005,drawing,drawing.member.DWG-MEM-S086-002,ENT-SUPPORT-PU15,APPROVED_REPORT_DRAWING_GOLDEN,,,drawingSpecification,drawing_item,DWG-01005,,CONFIRMED,MAPPED,promotion APPROVED_REPORT_DRAWING_GOLDEN
G-DWG-1006,drawing,drawing.member.DWG-MEM-S087-001,ENT-SUPPORT-PU15,APPROVED_REPORT_DRAWING_GOLDEN,,,drawingSpecification,drawing_item,DWG-01006,,CONFIRMED,MAPPED,promotion APPROVED_REPORT_DRAWING_GOLDEN
G-DWG-1007,drawing,drawing.member.DWG-MEM-S088-001,ENT-SUPPORT-PU15,APPROVED_REPORT_DRAWING_GOLDEN,,,drawingSpecification,drawing_item,DWG-01007,,CONFIRMED,MAPPED,promotion APPROVED_REPORT_DRAWING_GOLDEN
G-DWG-1008,drawing,drawing.member.DWG-MEM-S090-001,ENT-LINE-ACL,APPROVED_REPORT_DRAWING_GOLDEN,,,drawingSpecification,drawing_item,DWG-01008,,CONFIRMED,MAPPED,promotion APPROVED_REPORT_DRAWING_GOLDEN
G-DWG-1009,drawing,drawing.member.DWG-MEM-S090-002,ENT-LINE-ACL,APPROVED_REPORT_DRAWING_GOLDEN,,,drawingSpecification,drawing_item,DWG-01009,,CONFIRMED,MAPPED,promotion APPROVED_REPORT_DRAWING_GOLDEN
G-DWG-1010,drawing,drawing.member.DWG-MEM-S090-003,ENT-LINE-ACL,APPROVED_REPORT_DRAWING_GOLDEN,,,drawingSpecification,drawing_item,DWG-01010,,CONFIRMED,MAPPED,promotion APPROVED_REPORT_DRAWING_GOLDEN
G-DWG-1011,drawing,drawing.member.DWG-MEM-S090-004,ENT-LINE-ACL,APPROVED_REPORT_DRAWING_GOLDEN,,,drawingSpecification,drawing_item,DWG-01011,,CONFIRMED,MAPPED,promotion APPROVED_REPORT_DRAWING_GOLDEN
G-DWG-1012,drawing,drawing.member.DWG-MEM-S090-005,ENT-LINE-ACL,APPROVED_REPORT_DRAWING_GOLDEN,,,drawingSpecification,drawing_item,DWG-01012,,CONFIRMED,MAPPED,promotion APPROVED_REPORT_DRAWING_GOLDEN
G-DWG-1013,drawing,drawing.member.DWG-MEM-S090-006,ENT-LINE-ACL,APPROVED_REPORT_DRAWING_GOLDEN,,,drawingSpecification,drawing_item,DWG-01013,,CONFIRMED,MAPPED,promotion APPROVED_REPORT_DRAWING_GOLDEN
G-DWG-1014,drawing,drawing.member.DWG-MEM-S090-007,ENT-LINE-ACL,APPROVED_REPORT_DRAWING_GOLDEN,,,drawingSpecification,drawing_item,DWG-01014,,CONFIRMED,MAPPED,promotion APPROVED_REPORT_DRAWING_GOLDEN
G-DWG-1015,drawing,drawing.member.DWG-MEM-S090-008,ENT-LINE-ACL,APPROVED_REPORT_DRAWING_GOLDEN,,,drawingSpecification,drawing_item,DWG-01015,,CONFIRMED,MAPPED,promotion APPROVED_REPORT_DRAWING_GOLDEN
G-DWG-1016,drawing,drawing.member.DWG-MEM-S090-009,ENT-LINE-ACL,APPROVED_REPORT_DRAWING_GOLDEN,,,drawingSpecification,drawing_item,DWG-01016,,CONFIRMED,MAPPED,promotion APPROVED_REPORT_DRAWING_GOLDEN
G-DWG-1017,drawing,drawing.member.DWG-MEM-S090-010,ENT-LINE-ACL,APPROVED_REPORT_DRAWING_GOLDEN,,,drawingSpecification,drawing_item,DWG-01017,,CONFIRMED,MAPPED,promotion APPROVED_REPORT_DRAWING_GOLDEN
G-DWG-1018,drawing,drawing.member.DWG-MEM-S090-011,ENT-LINE-ACL,APPROVED_REPORT_DRAWING_GOLDEN,,,drawingSpecification,drawing_item,DWG-01018,,CONFIRMED,MAPPED,promotion APPROVED_REPORT_DRAWING_GOLDEN
G-DWG-1019,drawing,drawing.member.DWG-MEM-S090-012,ENT-LINE-ACL,APPROVED_REPORT_DRAWING_GOLDEN,,,drawingSpecification,drawing_item,DWG-01019,,CONFIRMED,MAPPED,promotion APPROVED_REPORT_DRAWING_GOLDEN
G-DWG-1020,drawing,drawing.member.DWG-MEM-S090-013,ENT-LINE-ACL,APPROVED_REPORT_DRAWING_GOLDEN,,,drawingSpecification,drawing_item,DWG-01020,,CONFIRMED,MAPPED,promotion APPROVED_REPORT_DRAWING_GOLDEN
G-DWG-1021,drawing,drawing.member.DWG-MEM-S090-014,ENT-LINE-ACL,APPROVED_REPORT_DRAWING_GOLDEN,,,drawingSpecification,drawing_item,DWG-01021,,CONFIRMED,MAPPED,promotion APPROVED_REPORT_DRAWING_GOLDEN
G-DWG-1022,drawing,drawing.member.DWG-MEM-S090-015,ENT-LINE-ACL,APPROVED_REPORT_DRAWING_GOLDEN,,,drawingSpecification,drawing_item,DWG-01022,,CONFIRMED,MAPPED,promotion APPROVED_REPORT_DRAWING_GOLDEN
G-DWG-1023,drawing,drawing.member.DWG-MEM-S090-016,ENT-LINE-ACL,APPROVED_REPORT_DRAWING_GOLDEN,,,drawingSpecification,drawing_item,DWG-01023,,CONFIRMED,MAPPED,promotion APPROVED_REPORT_DRAWING_GOLDEN
G-DWG-1024,drawing,drawing.member.DWG-MEM-S090-017,ENT-LINE-ACL,APPROVED_REPORT_DRAWING_GOLDEN,,,drawingSpecification,drawing_item,DWG-01024,,CONFIRMED,MAPPED,promotion APPROVED_REPORT_DRAWING_GOLDEN
G-DWG-1025,drawing,drawing.member.DWG-MEM-S090-018,ENT-LINE-ACL,APPROVED_REPORT_DRAWING_GOLDEN,,,drawingSpecification,drawing_item,DWG-01025,,CONFIRMED,MAPPED,promotion APPROVED_REPORT_DRAWING_GOLDEN
G-DWG-1026,drawing,drawing.member.DWG-MEM-S090-019,ENT-LINE-ACL,APPROVED_REPORT_DRAWING_GOLDEN,,,drawingSpecification,drawing_item,DWG-01026,,CONFIRMED,MAPPED,promotion APPROVED_REPORT_DRAWING_GOLDEN
G-DWG-1027,drawing,drawing.member.DWG-MEM-S090-020,ENT-LINE-ACL,APPROVED_REPORT_DRAWING_GOLDEN,,,drawingSpecification,drawing_item,DWG-01027,,CONFIRMED,MAPPED,promotion APPROVED_REPORT_DRAWING_GOLDEN
G-DWG-1028,drawing,drawing.member.DWG-MEM-S090-021,ENT-LINE-ACL,APPROVED_REPORT_DRAWING_GOLDEN,,,drawingSpecification,drawing_item,DWG-01028,,CONFIRMED,MAPPED,promotion APPROVED_REPORT_DRAWING_GOLDEN
G-DWG-1029,drawing,drawing.member.DWG-MEM-S090-022,ENT-LINE-ACL,APPROVED_REPORT_DRAWING_GOLDEN,,,drawingSpecification,drawing_item,DWG-01029,,CONFIRMED,MAPPED,promotion APPROVED_REPORT_DRAWING_GOLDEN
G-DWG-1030,drawing,drawing.member.DWG-MEM-S090-023,ENT-LINE-ACL,APPROVED_REPORT_DRAWING_GOLDEN,,,drawingSpecification,drawing_item,DWG-01030,,CONFIRMED,MAPPED,promotion APPROVED_REPORT_DRAWING_GOLDEN
G-DWG-1031,drawing,drawing.member.DWG-MEM-S090-024,ENT-LINE-ACL,APPROVED_REPORT_DRAWING_GOLDEN,,,drawingSpecification,drawing_item,DWG-01031,,CONFIRMED,MAPPED,promotion APPROVED_REPORT_DRAWING_GOLDEN
G-DWG-1032,drawing,drawing.member.DWG-MEM-S090-025,ENT-LINE-ACL,APPROVED_REPORT_DRAWING_GOLDEN,,,drawingSpecification,drawing_item,DWG-01032,,CONFIRMED,MAPPED,promotion APPROVED_REPORT_DRAWING_GOLDEN
G-DWG-1033,drawing,drawing.member.DWG-MEM-S090-026,ENT-LINE-ACL,APPROVED_REPORT_DRAWING_GOLDEN,,,drawingSpecification,drawing_item,DWG-01033,,CONFIRMED,MAPPED,promotion APPROVED_REPORT_DRAWING_GOLDEN
G-DWG-1034,drawing,drawing.member.DWG-MEM-S090-027,ENT-LINE-ACL,APPROVED_REPORT_DRAWING_GOLDEN,,,drawingSpecification,drawing_item,DWG-01034,,CONFIRMED,MAPPED,promotion APPROVED_REPORT_DRAWING_GOLDEN
G-DWG-1035,drawing,drawing.member.DWG-MEM-S090-028,ENT-LINE-ACL,APPROVED_REPORT_DRAWING_GOLDEN,,,drawingSpecification,drawing_item,DWG-01035,,CONFIRMED,MAPPED,promotion APPROVED_REPORT_DRAWING_GOLDEN
G-DWG-1036,drawing,drawing.member.DWG-MEM-S090-029,ENT-LINE-ACL,APPROVED_REPORT_DRAWING_GOLDEN,,,drawingSpecification,drawing_item,DWG-01036,,CONFIRMED,MAPPED,promotion APPROVED_REPORT_DRAWING_GOLDEN
G-DWG-1037,drawing,drawing.member.DWG-MEM-S090-030,ENT-LINE-ACL,APPROVED_REPORT_DRAWING_GOLDEN,,,drawingSpecification,drawing_item,DWG-01037,,CONFIRMED,MAPPED,promotion APPROVED_REPORT_DRAWING_GOLDEN
G-DWG-1038,drawing,drawing.member.DWG-MEM-S090-031,ENT-LINE-ACL,APPROVED_REPORT_DRAWING_GOLDEN,,,drawingSpecification,drawing_item,DWG-01038,,CONFIRMED,MAPPED,promotion APPROVED_REPORT_DRAWING_GOLDEN
G-DWG-1039,drawing,drawing.member.DWG-MEM-S091-001,ENT-LINE-ACL,APPROVED_REPORT_DRAWING_GOLDEN,,,drawingSpecification,drawing_item,DWG-01039,,CONFIRMED,MAPPED,promotion APPROVED_REPORT_DRAWING_GOLDEN
G-DWG-1040,drawing,drawing.member.DWG-MEM-S091-002,ENT-LINE-ACL,APPROVED_REPORT_DRAWING_GOLDEN,,,drawingSpecification,drawing_item,DWG-01040,,CONFIRMED,MAPPED,promotion APPROVED_REPORT_DRAWING_GOLDEN
G-DWG-1041,drawing,drawing.member.DWG-MEM-S091-003,ENT-LINE-ACL,APPROVED_REPORT_DRAWING_GOLDEN,,,drawingSpecification,drawing_item,DWG-01041,,CONFIRMED,MAPPED,promotion APPROVED_REPORT_DRAWING_GOLDEN
G-DWG-1042,drawing,drawing.member.DWG-MEM-S091-004,ENT-LINE-ACL,APPROVED_REPORT_DRAWING_GOLDEN,,,drawingSpecification,drawing_item,DWG-01042,,CONFIRMED,MAPPED,promotion APPROVED_REPORT_DRAWING_GOLDEN
G-DWG-1043,drawing,drawing.member.DWG-MEM-S091-005,ENT-LINE-ACL,APPROVED_REPORT_DRAWING_GOLDEN,,,drawingSpecification,drawing_item,DWG-01043,,CONFIRMED,MAPPED,promotion APPROVED_REPORT_DRAWING_GOLDEN
G-DWG-1044,drawing,drawing.member.DWG-MEM-S091-006,ENT-LINE-ACL,APPROVED_REPORT_DRAWING_GOLDEN,,,drawingSpecification,drawing_item,DWG-01044,,CONFIRMED,MAPPED,promotion APPROVED_REPORT_DRAWING_GOLDEN
G-DWG-1045,drawing,drawing.member.DWG-MEM-S092-001,ENT-LINE-ACL,APPROVED_REPORT_DRAWING_GOLDEN,,,drawingSpecification,drawing_item,DWG-01045,,CONFIRMED,MAPPED,promotion APPROVED_REPORT_DRAWING_GOLDEN
G-DWG-1046,drawing,drawing.member.DWG-MEM-S092-002,ENT-LINE-ACL,APPROVED_REPORT_DRAWING_GOLDEN,,,drawingSpecification,drawing_item,DWG-01046,,CONFIRMED,MAPPED,promotion APPROVED_REPORT_DRAWING_GOLDEN
G-DWG-1047,drawing,drawing.member.DWG-MEM-S092-003,ENT-LINE-ACL,APPROVED_REPORT_DRAWING_GOLDEN,,,drawingSpecification,drawing_item,DWG-01047,,CONFIRMED,MAPPED,promotion APPROVED_REPORT_DRAWING_GOLDEN
G-DWG-1048,drawing,drawing.member.DWG-MEM-S092-004,ENT-LINE-ACL,APPROVED_REPORT_DRAWING_GOLDEN,,,drawingSpecification,drawing_item,DWG-01048,,CONFIRMED,MAPPED,promotion APPROVED_REPORT_DRAWING_GOLDEN
G-DWG-1049,drawing,drawing.member.DWG-MEM-S092-005,ENT-LINE-ACL,APPROVED_REPORT_DRAWING_GOLDEN,,,drawingSpecification,drawing_item,DWG-01049,,CONFIRMED,MAPPED,promotion APPROVED_REPORT_DRAWING_GOLDEN
G-DWG-1050,drawing,drawing.dimension.DWG-DIM-S001-001,ENT-LINE-ACL,APPROVED_REPORT_DRAWING_GOLDEN,,,drawingSpecification,drawing_item,DWG-01050,,CONFIRMED,MAPPED,promotion APPROVED_REPORT_DRAWING_GOLDEN
G-DWG-1051,drawing,drawing.dimension.DWG-DIM-S001-002,ENT-LINE-ACL,APPROVED_REPORT_DRAWING_GOLDEN,,,drawingSpecification,drawing_item,DWG-01051,,CONFIRMED,MAPPED,promotion APPROVED_REPORT_DRAWING_GOLDEN
G-DWG-1052,drawing,drawing.dimension.DWG-DIM-S001-003,ENT-LINE-ACL,APPROVED_REPORT_DRAWING_GOLDEN,,,drawingSpecification,drawing_item,DWG-01052,,CONFIRMED,MAPPED,promotion APPROVED_REPORT_DRAWING_GOLDEN
G-DWG-1053,drawing,drawing.dimension.DWG-DIM-S001-004,ENT-LINE-ACL,APPROVED_REPORT_DRAWING_GOLDEN,,,drawingSpecification,drawing_item,DWG-01053,,CONFIRMED,MAPPED,promotion APPROVED_REPORT_DRAWING_GOLDEN
G-DWG-1054,drawing,drawing.dimension.DWG-DIM-S001-005,ENT-LINE-ACL,APPROVED_REPORT_DRAWING_GOLDEN,,,drawingSpecification,drawing_item,DWG-01054,,CONFIRMED,MAPPED,promotion APPROVED_REPORT_DRAWING_GOLDEN
G-DWG-1055,drawing,drawing.dimension.DWG-DIM-S009-006,ENT-DECK,APPROVED_REPORT_DRAWING_GOLDEN,,,drawingSpecification,drawing_item,DWG-01055,,CONFIRMED,MAPPED,promotion APPROVED_REPORT_DRAWING_GOLDEN
G-DWG-1056,drawing,drawing.dimension.DWG-DIM-S009-007,ENT-DECK,APPROVED_REPORT_DRAWING_GOLDEN,,,drawingSpecification,drawing_item,DWG-01056,,CONFIRMED,MAPPED,promotion APPROVED_REPORT_DRAWING_GOLDEN
G-DWG-1057,drawing,drawing.dimension.DWG-DIM-S009-008,ENT-DECK,APPROVED_REPORT_DRAWING_GOLDEN,,,drawingSpecification,drawing_item,DWG-01057,,CONFIRMED,MAPPED,promotion APPROVED_REPORT_DRAWING_GOLDEN
G-DWG-1058,drawing,drawing.dimension.DWG-DIM-S009-009,ENT-DECK,APPROVED_REPORT_DRAWING_GOLDEN,,,drawingSpecification,drawing_item,DWG-01058,,CONFIRMED,MAPPED,promotion APPROVED_REPORT_DRAWING_GOLDEN
G-DWG-1059,drawing,drawing.dimension.DWG-DIM-S013-010,ENT-GIRDER-AG1,APPROVED_REPORT_DRAWING_GOLDEN,,,drawingSpecification,drawing_item,DWG-01059,,CONFIRMED,MAPPED,promotion APPROVED_REPORT_DRAWING_GOLDEN
G-DWG-1060,drawing,drawing.dimension.DWG-DIM-S013-011,ENT-GIRDER-AG1,APPROVED_REPORT_DRAWING_GOLDEN,,,drawingSpecification,drawing_item,DWG-01060,,CONFIRMED,MAPPED,promotion APPROVED_REPORT_DRAWING_GOLDEN
G-DWG-1061,drawing,drawing.dimension.DWG-DIM-S013-012,ENT-GIRDER-AG1,APPROVED_REPORT_DRAWING_GOLDEN,,,drawingSpecification,drawing_item,DWG-01061,,CONFIRMED,MAPPED,promotion APPROVED_REPORT_DRAWING_GOLDEN
G-DWG-1062,drawing,drawing.dimension.DWG-DIM-S013-013,ENT-GIRDER-AG1,APPROVED_REPORT_DRAWING_GOLDEN,,,drawingSpecification,drawing_item,DWG-01062,,CONFIRMED,MAPPED,promotion APPROVED_REPORT_DRAWING_GOLDEN
G-DWG-1063,drawing,drawing.dimension.DWG-DIM-S013-014,ENT-GIRDER-AG1,APPROVED_REPORT_DRAWING_GOLDEN,,CONF-P2II-001,drawingSpecification,drawing_item,DWG-01063,,CONFLICT,MAPPED_CONFLICT,conflict CONF-P2II-001 preserved; selected value null until human resolution
G-DWG-1064,drawing,drawing.dimension.DWG-DIM-S013-015,ENT-GIRDER-AG1,APPROVED_REPORT_DRAWING_GOLDEN,,,drawingSpecification,drawing_item,DWG-01064,,CONFIRMED,MAPPED,promotion APPROVED_REPORT_DRAWING_GOLDEN
G-DWG-1065,drawing,drawing.dimension.DWG-DIM-S013-016,ENT-GIRDER-AG1,APPROVED_REPORT_DRAWING_GOLDEN,,,drawingSpecification,drawing_item,DWG-01065,,CONFIRMED,MAPPED,promotion APPROVED_REPORT_DRAWING_GOLDEN
G-DWG-1066,drawing,drawing.dimension.DWG-DIM-S014-017,ENT-GIRDER-AG2,APPROVED_REPORT_DRAWING_GOLDEN,,,drawingSpecification,drawing_item,DWG-01066,,CONFIRMED,MAPPED,promotion APPROVED_REPORT_DRAWING_GOLDEN
G-DWG-1067,drawing,drawing.dimension.DWG-DIM-S021-018,ENT-GIRDER-AG1,APPROVED_REPORT_DRAWING_GOLDEN,,,drawingSpecification,drawing_item,DWG-01067,,CONFIRMED,MAPPED,promotion APPROVED_REPORT_DRAWING_GOLDEN
G-DWG-1068,drawing,drawing.dimension.DWG-DIM-S021-019,ENT-GIRDER-AG1,APPROVED_REPORT_DRAWING_GOLDEN,,,drawingSpecification,drawing_item,DWG-01068,,CONFIRMED,MAPPED,promotion APPROVED_REPORT_DRAWING_GOLDEN
G-DWG-1069,drawing,drawing.dimension.DWG-DIM-S021-020,ENT-GIRDER-AG1,APPROVED_REPORT_DRAWING_GOLDEN,,,drawingSpecification,drawing_item,DWG-01069,,CONFIRMED,MAPPED,promotion APPROVED_REPORT_DRAWING_GOLDEN
G-DWG-1070,drawing,drawing.dimension.DWG-DIM-S021-021,ENT-GIRDER-AG1,APPROVED_REPORT_DRAWING_GOLDEN,,,drawingSpecification,drawing_item,DWG-01070,,CONFIRMED,MAPPED,promotion APPROVED_REPORT_DRAWING_GOLDEN
G-DWG-1071,drawing,drawing.dimension.DWG-DIM-S021-022,ENT-GIRDER-AG1,APPROVED_REPORT_DRAWING_GOLDEN,,,drawingSpecification,drawing_item,DWG-01071,,CONFIRMED,MAPPED,promotion APPROVED_REPORT_DRAWING_GOLDEN
G-DWG-1072,drawing,drawing.dimension.DWG-DIM-S021-023,ENT-GIRDER-AG1,APPROVED_REPORT_DRAWING_GOLDEN,,,drawingSpecification,drawing_item,DWG-01072,,CONFIRMED,MAPPED,promotion APPROVED_REPORT_DRAWING_GOLDEN
G-DWG-1073,drawing,drawing.dimension.DWG-DIM-S029-024,ENT-GIRDER-AG1,APPROVED_REPORT_DRAWING_GOLDEN,,,drawingSpecification,drawing_item,DWG-01073,,CONFIRMED,MAPPED,promotion APPROVED_REPORT_DRAWING_GOLDEN
G-DWG-1074,drawing,drawing.dimension.DWG-DIM-S030-025,ENT-GIRDER-AG2,APPROVED_REPORT_DRAWING_GOLDEN,,,drawingSpecification,drawing_item,DWG-01074,,CONFIRMED,MAPPED,promotion APPROVED_REPORT_DRAWING_GOLDEN
G-DWG-1075,drawing,drawing.dimension.DWG-DIM-S030-026,ENT-GIRDER-AG2,APPROVED_REPORT_DRAWING_GOLDEN,,,drawingSpecification,drawing_item,DWG-01075,,CONFIRMED,MAPPED,promotion APPROVED_REPORT_DRAWING_GOLDEN
G-DWG-1076,drawing,drawing.dimension.DWG-DIM-S030-027,ENT-GIRDER-AG2,APPROVED_REPORT_DRAWING_GOLDEN,,,drawingSpecification,drawing_item,DWG-01076,,CONFIRMED,MAPPED,promotion APPROVED_REPORT_DRAWING_GOLDEN
G-DWG-1077,drawing,drawing.dimension.DWG-DIM-S030-028,ENT-GIRDER-AG2,APPROVED_REPORT_DRAWING_GOLDEN,,,drawingSpecification,drawing_item,DWG-01077,,CONFIRMED,MAPPED,promotion APPROVED_REPORT_DRAWING_GOLDEN
G-DWG-1078,drawing,drawing.dimension.DWG-DIM-S030-029,ENT-GIRDER-AG2,APPROVED_REPORT_DRAWING_GOLDEN,,,drawingSpecification,drawing_item,DWG-01078,,CONFIRMED,MAPPED,promotion APPROVED_REPORT_DRAWING_GOLDEN
G-DWG-1079,drawing,drawing.dimension.DWG-DIM-S030-030,ENT-GIRDER-AG2,APPROVED_REPORT_DRAWING_GOLDEN,,,drawingSpecification,drawing_item,DWG-01079,,CONFIRMED,MAPPED,promotion APPROVED_REPORT_DRAWING_GOLDEN
G-DWG-1080,drawing,drawing.dimension.DWG-DIM-S038-031,ENT-GIRDER-AG2,APPROVED_REPORT_DRAWING_GOLDEN,,,drawingSpecification,drawing_item,DWG-01080,,CONFIRMED,MAPPED,promotion APPROVED_REPORT_DRAWING_GOLDEN
G-DWG-1081,drawing,drawing.dimension.DWG-DIM-S039-032,ENT-STUD,APPROVED_REPORT_DRAWING_GOLDEN,,,drawingSpecification,drawing_item,DWG-01081,,CONFIRMED,MAPPED,promotion APPROVED_REPORT_DRAWING_GOLDEN
G-DWG-1082,drawing,drawing.dimension.DWG-DIM-S039-033,ENT-STUD,APPROVED_REPORT_DRAWING_GOLDEN,,,drawingSpecification,drawing_item,DWG-01082,,CONFIRMED,MAPPED,promotion APPROVED_REPORT_DRAWING_GOLDEN
G-DWG-1083,drawing,drawing.dimension.DWG-DIM-S039-034,ENT-STUD,APPROVED_REPORT_DRAWING_GOLDEN,,,drawingSpecification,drawing_item,DWG-01083,,CONFIRMED,MAPPED,promotion APPROVED_REPORT_DRAWING_GOLDEN
G-DWG-1084,drawing,drawing.dimension.DWG-DIM-S045-001,ENT-XBEAM-GE1,APPROVED_REPORT_DRAWING_GOLDEN,,,drawingSpecification,drawing_item,DWG-01084,,CONFIRMED,MAPPED,promotion APPROVED_REPORT_DRAWING_GOLDEN
G-DWG-1085,drawing,drawing.dimension.DWG-DIM-S045-002,ENT-XBEAM-GE1,APPROVED_REPORT_DRAWING_GOLDEN,,,drawingSpecification,drawing_item,DWG-01085,,CONFIRMED,MAPPED,promotion APPROVED_REPORT_DRAWING_GOLDEN
G-DWG-1086,drawing,drawing.dimension.DWG-DIM-S045-003,ENT-XBEAM-GE1,APPROVED_REPORT_DRAWING_GOLDEN,,,drawingSpecification,drawing_item,DWG-01086,,CONFIRMED,MAPPED,promotion APPROVED_REPORT_DRAWING_GOLDEN
G-DWG-1087,drawing,drawing.dimension.DWG-DIM-S045-004,ENT-XBEAM-GE1,APPROVED_REPORT_DRAWING_GOLDEN,,,drawingSpecification,drawing_item,DWG-01087,,CONFIRMED,MAPPED,promotion APPROVED_REPORT_DRAWING_GOLDEN
G-DWG-1088,drawing,drawing.dimension.DWG-DIM-S045-005,ENT-XBEAM-GE1,APPROVED_REPORT_DRAWING_GOLDEN,,,drawingSpecification,drawing_item,DWG-01088,,CONFIRMED,MAPPED,promotion APPROVED_REPORT_DRAWING_GOLDEN
G-DWG-1089,drawing,drawing.dimension.DWG-DIM-S045-006,ENT-XBEAM-GE1,APPROVED_REPORT_DRAWING_GOLDEN,,,drawingSpecification,drawing_item,DWG-01089,,CONFIRMED,MAPPED,promotion APPROVED_REPORT_DRAWING_GOLDEN
G-DWG-1090,drawing,drawing.dimension.DWG-DIM-S045-007,ENT-XBEAM-GE1,APPROVED_REPORT_DRAWING_GOLDEN,,,drawingSpecification,drawing_item,DWG-01090,,CONFIRMED,MAPPED,promotion APPROVED_REPORT_DRAWING_GOLDEN
G-DWG-1091,drawing,drawing.dimension.DWG-DIM-S045-008,ENT-XBEAM-GE1,APPROVED_REPORT_DRAWING_GOLDEN,,,drawingSpecification,drawing_item,DWG-01091,,CONFIRMED,MAPPED,promotion APPROVED_REPORT_DRAWING_GOLDEN
G-DWG-1092,drawing,drawing.dimension.DWG-DIM-S045-009,ENT-XBEAM-GE1,APPROVED_REPORT_DRAWING_GOLDEN,,,drawingSpecification,drawing_item,DWG-01092,,CONFIRMED,MAPPED,promotion APPROVED_REPORT_DRAWING_GOLDEN
G-DWG-1093,drawing,drawing.dimension.DWG-DIM-S045-010,ENT-XBEAM-GE1,APPROVED_REPORT_DRAWING_GOLDEN,,,drawingSpecification,drawing_item,DWG-01093,,CONFIRMED,MAPPED,promotion APPROVED_REPORT_DRAWING_GOLDEN
G-DWG-1094,drawing,drawing.dimension.DWG-DIM-S045-011,ENT-XBEAM-GE1,APPROVED_REPORT_DRAWING_GOLDEN,,,drawingSpecification,drawing_item,DWG-01094,,CONFIRMED,MAPPED,promotion APPROVED_REPORT_DRAWING_GOLDEN
G-DWG-1095,drawing,drawing.dimension.DWG-DIM-S045-012,ENT-XBEAM-GE1,APPROVED_REPORT_DRAWING_GOLDEN,,,drawingSpecification,drawing_item,DWG-01095,,CONFIRMED,MAPPED,promotion APPROVED_REPORT_DRAWING_GOLDEN
G-DWG-1096,drawing,drawing.dimension.DWG-DIM-S045-013,ENT-XBEAM-GE1,APPROVED_REPORT_DRAWING_GOLDEN,,,drawingSpecification,drawing_item,DWG-01096,,CONFIRMED,MAPPED,promotion APPROVED_REPORT_DRAWING_GOLDEN
G-DWG-1097,drawing,drawing.dimension.DWG-DIM-S045-014,ENT-XBEAM-GE1,APPROVED_REPORT_DRAWING_GOLDEN,,,drawingSpecification,drawing_item,DWG-01097,,CONFIRMED,MAPPED,promotion APPROVED_REPORT_DRAWING_GOLDEN
G-DWG-1098,drawing,drawing.dimension.DWG-DIM-S045-015,ENT-XBEAM-GE1,APPROVED_REPORT_DRAWING_GOLDEN,,,drawingSpecification,drawing_item,DWG-01098,,CONFIRMED,MAPPED,promotion APPROVED_REPORT_DRAWING_GOLDEN
G-DWG-1099,drawing,drawing.dimension.DWG-DIM-S045-016,ENT-XBEAM-GE1,APPROVED_REPORT_DRAWING_GOLDEN,,,drawingSpecification,drawing_item,DWG-01099,,CONFIRMED,MAPPED,promotion APPROVED_REPORT_DRAWING_GOLDEN
G-DWG-1100,drawing,drawing.dimension.DWG-DIM-S045-017,ENT-XBEAM-GE1,APPROVED_REPORT_DRAWING_GOLDEN,,,drawingSpecification,drawing_item,DWG-01100,,CONFIRMED,MAPPED,promotion APPROVED_REPORT_DRAWING_GOLDEN
G-DWG-1101,drawing,drawing.dimension.DWG-DIM-S045-018,ENT-XBEAM-GE1,APPROVED_REPORT_DRAWING_GOLDEN,,,drawingSpecification,drawing_item,DWG-01101,,CONFIRMED,MAPPED,promotion APPROVED_REPORT_DRAWING_GOLDEN
G-DWG-1102,drawing,drawing.dimension.DWG-DIM-S045-019,ENT-XBEAM-GE1,APPROVED_REPORT_DRAWING_GOLDEN,,,drawingSpecification,drawing_item,DWG-01102,,CONFIRMED,MAPPED,promotion APPROVED_REPORT_DRAWING_GOLDEN
G-DWG-1103,drawing,drawing.dimension.DWG-DIM-S045-020,ENT-XBEAM-GE1,APPROVED_REPORT_DRAWING_GOLDEN,,,drawingSpecification,drawing_item,DWG-01103,,CONFIRMED,MAPPED,promotion APPROVED_REPORT_DRAWING_GOLDEN
G-DWG-1104,drawing,drawing.dimension.DWG-DIM-S045-021,ENT-XBEAM-GE1,APPROVED_REPORT_DRAWING_GOLDEN,,,drawingSpecification,drawing_item,DWG-01104,,CONFIRMED,MAPPED,promotion APPROVED_REPORT_DRAWING_GOLDEN
G-DWG-1105,drawing,drawing.dimension.DWG-DIM-S045-022,ENT-XBEAM-GE1,APPROVED_REPORT_DRAWING_GOLDEN,,,drawingSpecification,drawing_item,DWG-01105,,CONFIRMED,MAPPED,promotion APPROVED_REPORT_DRAWING_GOLDEN
G-DWG-1106,drawing,drawing.dimension.DWG-DIM-S046-023,ENT-XBEAM-GE1,APPROVED_REPORT_DRAWING_GOLDEN,,,drawingSpecification,drawing_item,DWG-01106,,CONFIRMED,MAPPED,promotion APPROVED_REPORT_DRAWING_GOLDEN
G-DWG-1107,drawing,drawing.dimension.DWG-DIM-S046-024,ENT-XBEAM-GE1,APPROVED_REPORT_DRAWING_GOLDEN,,,drawingSpecification,drawing_item,DWG-01107,,CONFIRMED,MAPPED,promotion APPROVED_REPORT_DRAWING_GOLDEN
G-DWG-1108,drawing,drawing.dimension.DWG-DIM-S046-025,ENT-XBEAM-GE1,APPROVED_REPORT_DRAWING_GOLDEN,,,drawingSpecification,drawing_item,DWG-01108,,CONFIRMED,MAPPED,promotion APPROVED_REPORT_DRAWING_GOLDEN
G-DWG-1109,drawing,drawing.dimension.DWG-DIM-S046-026,ENT-XBEAM-GE1,APPROVED_REPORT_DRAWING_GOLDEN,,,drawingSpecification,drawing_item,DWG-01109,,CONFIRMED,MAPPED,promotion APPROVED_REPORT_DRAWING_GOLDEN
G-DWG-1110,drawing,drawing.dimension.DWG-DIM-S046-027,ENT-XBEAM-GE1,APPROVED_REPORT_DRAWING_GOLDEN,,,drawingSpecification,drawing_item,DWG-01110,,CONFIRMED,MAPPED,promotion APPROVED_REPORT_DRAWING_GOLDEN
G-DWG-1111,drawing,drawing.dimension.DWG-DIM-S046-028,ENT-XBEAM-GE1,APPROVED_REPORT_DRAWING_GOLDEN,,,drawingSpecification,drawing_item,DWG-01111,,CONFIRMED,MAPPED,promotion APPROVED_REPORT_DRAWING_GOLDEN
G-DWG-1112,drawing,drawing.dimension.DWG-DIM-S046-029,ENT-XBEAM-GE1,APPROVED_REPORT_DRAWING_GOLDEN,,,drawingSpecification,drawing_item,DWG-01112,,CONFIRMED,MAPPED,promotion APPROVED_REPORT_DRAWING_GOLDEN
G-DWG-1113,drawing,drawing.dimension.DWG-DIM-S047-030,ENT-XBEAM-GE1,APPROVED_REPORT_DRAWING_GOLDEN,,,drawingSpecification,drawing_item,DWG-01113,,CONFIRMED,MAPPED,promotion APPROVED_REPORT_DRAWING_GOLDEN
G-DWG-1114,drawing,drawing.dimension.DWG-DIM-S047-031,ENT-XBEAM-GE1,APPROVED_REPORT_DRAWING_GOLDEN,,,drawingSpecification,drawing_item,DWG-01114,,CONFIRMED,MAPPED,promotion APPROVED_REPORT_DRAWING_GOLDEN
G-DWG-1115,drawing,drawing.dimension.DWG-DIM-S047-032,ENT-XBEAM-GE1,APPROVED_REPORT_DRAWING_GOLDEN,,,drawingSpecification,drawing_item,DWG-01115,,CONFIRMED,MAPPED,promotion APPROVED_REPORT_DRAWING_GOLDEN
G-DWG-1116,drawing,drawing.dimension.DWG-DIM-S047-033,ENT-XBEAM-GE1,APPROVED_REPORT_DRAWING_GOLDEN,,,drawingSpecification,drawing_item,DWG-01116,,CONFIRMED,MAPPED,promotion APPROVED_REPORT_DRAWING_GOLDEN
G-DWG-1117,drawing,drawing.dimension.DWG-DIM-S047-034,ENT-XBEAM-GE1,APPROVED_REPORT_DRAWING_GOLDEN,,,drawingSpecification,drawing_item,DWG-01117,,CONFIRMED,MAPPED,promotion APPROVED_REPORT_DRAWING_GOLDEN
G-DWG-1118,drawing,drawing.dimension.DWG-DIM-S047-035,ENT-XBEAM-GE1,APPROVED_REPORT_DRAWING_GOLDEN,,,drawingSpecification,drawing_item,DWG-01118,,CONFIRMED,MAPPED,promotion APPROVED_REPORT_DRAWING_GOLDEN
G-DWG-1119,drawing,drawing.dimension.DWG-DIM-S047-036,ENT-XBEAM-GE1,APPROVED_REPORT_DRAWING_GOLDEN,,,drawingSpecification,drawing_item,DWG-01119,,CONFIRMED,MAPPED,promotion APPROVED_REPORT_DRAWING_GOLDEN
G-DWG-1120,drawing,drawing.dimension.DWG-DIM-S048-037,ENT-XBEAM-GE1,APPROVED_REPORT_DRAWING_GOLDEN,,,drawingSpecification,drawing_item,DWG-01120,,CONFIRMED,MAPPED,promotion APPROVED_REPORT_DRAWING_GOLDEN
G-DWG-1121,drawing,drawing.dimension.DWG-DIM-S049-038,ENT-XBEAM-C1C7,APPROVED_REPORT_DRAWING_GOLDEN,,,drawingSpecification,drawing_item,DWG-01121,,CONFIRMED,MAPPED,promotion APPROVED_REPORT_DRAWING_GOLDEN
G-DWG-1122,drawing,drawing.dimension.DWG-DIM-S049-039,ENT-XBEAM-C1C7,APPROVED_REPORT_DRAWING_GOLDEN,,,drawingSpecification,drawing_item,DWG-01122,,CONFIRMED,MAPPED,promotion APPROVED_REPORT_DRAWING_GOLDEN
G-DWG-1123,drawing,drawing.dimension.DWG-DIM-S049-040,ENT-XBEAM-C1C7,APPROVED_REPORT_DRAWING_GOLDEN,,,drawingSpecification,drawing_item,DWG-01123,,CONFIRMED,MAPPED,promotion APPROVED_REPORT_DRAWING_GOLDEN
G-DWG-1124,drawing,drawing.dimension.DWG-DIM-S049-041,ENT-XBEAM-C1C7,APPROVED_REPORT_DRAWING_GOLDEN,,,drawingSpecification,drawing_item,DWG-01124,,CONFIRMED,MAPPED,promotion APPROVED_REPORT_DRAWING_GOLDEN
G-DWG-1125,drawing,drawing.dimension.DWG-DIM-S049-042,ENT-XBEAM-C1C7,APPROVED_REPORT_DRAWING_GOLDEN,,,drawingSpecification,drawing_item,DWG-01125,,CONFIRMED,MAPPED,promotion APPROVED_REPORT_DRAWING_GOLDEN
G-DWG-1126,drawing,drawing.dimension.DWG-DIM-S049-043,ENT-XBEAM-C1C7,APPROVED_REPORT_DRAWING_GOLDEN,,,drawingSpecification,drawing_item,DWG-01126,,CONFIRMED,MAPPED,promotion APPROVED_REPORT_DRAWING_GOLDEN
G-DWG-1127,drawing,drawing.dimension.DWG-DIM-S050-044,ENT-XBEAM-C1C7,APPROVED_REPORT_DRAWING_GOLDEN,,,drawingSpecification,drawing_item,DWG-01127,,CONFIRMED,MAPPED,promotion APPROVED_REPORT_DRAWING_GOLDEN
G-DWG-1128,drawing,drawing.dimension.DWG-DIM-S051-045,ENT-XBEAM-C1C7,APPROVED_REPORT_DRAWING_GOLDEN,,,drawingSpecification,drawing_item,DWG-01128,,CONFIRMED,MAPPED,promotion APPROVED_REPORT_DRAWING_GOLDEN
G-DWG-1129,drawing,drawing.dimension.DWG-DIM-S052-046,ENT-XBEAM-C1C7,APPROVED_REPORT_DRAWING_GOLDEN,,,drawingSpecification,drawing_item,DWG-01129,,CONFIRMED,MAPPED,promotion APPROVED_REPORT_DRAWING_GOLDEN
G-DWG-1130,drawing,drawing.dimension.DWG-DIM-S053-047,ENT-XBEAM-C1C7,APPROVED_REPORT_DRAWING_GOLDEN,,,drawingSpecification,drawing_item,DWG-01130,,CONFIRMED,MAPPED,promotion APPROVED_REPORT_DRAWING_GOLDEN
G-DWG-1131,drawing,drawing.dimension.DWG-DIM-S054-048,ENT-XBEAM-C1C7,APPROVED_REPORT_DRAWING_GOLDEN,,,drawingSpecification,drawing_item,DWG-01131,,CONFIRMED,MAPPED,promotion APPROVED_REPORT_DRAWING_GOLDEN
G-DWG-1132,drawing,drawing.dimension.DWG-DIM-S055-049,ENT-XBEAM-C1C7,APPROVED_REPORT_DRAWING_GOLDEN,,,drawingSpecification,drawing_item,DWG-01132,,CONFIRMED,MAPPED,promotion APPROVED_REPORT_DRAWING_GOLDEN
G-DWG-1133,drawing,drawing.dimension.DWG-DIM-S056-050,ENT-XBEAM-C1C7,APPROVED_REPORT_DRAWING_GOLDEN,,,drawingSpecification,drawing_item,DWG-01133,,CONFIRMED,MAPPED,promotion APPROVED_REPORT_DRAWING_GOLDEN
G-DWG-1134,drawing,drawing.dimension.DWG-DIM-S057-051,ENT-XBEAM-C1C7,APPROVED_REPORT_DRAWING_GOLDEN,,,drawingSpecification,drawing_item,DWG-01134,,CONFIRMED,MAPPED,promotion APPROVED_REPORT_DRAWING_GOLDEN
G-DWG-1135,drawing,drawing.dimension.DWG-DIM-S058-052,ENT-XBEAM-C1C7,APPROVED_REPORT_DRAWING_GOLDEN,,,drawingSpecification,drawing_item,DWG-01135,,CONFIRMED,MAPPED,promotion APPROVED_REPORT_DRAWING_GOLDEN
G-DWG-1136,drawing,drawing.dimension.DWG-DIM-S058-053,ENT-XBEAM-C1C7,APPROVED_REPORT_DRAWING_GOLDEN,,,drawingSpecification,drawing_item,DWG-01136,,CONFIRMED,MAPPED,promotion APPROVED_REPORT_DRAWING_GOLDEN
G-DWG-1137,drawing,drawing.dimension.DWG-DIM-S058-054,ENT-XBEAM-C1C7,APPROVED_REPORT_DRAWING_GOLDEN,,,drawingSpecification,drawing_item,DWG-01137,,CONFIRMED,MAPPED,promotion APPROVED_REPORT_DRAWING_GOLDEN
G-DWG-1138,drawing,drawing.dimension.DWG-DIM-S061-055,ENT-BRACE-AL1,APPROVED_REPORT_DRAWING_GOLDEN,,,drawingSpecification,drawing_item,DWG-01138,,CONFIRMED,MAPPED,promotion APPROVED_REPORT_DRAWING_GOLDEN
G-DWG-1139,drawing,drawing.dimension.DWG-DIM-S061-056,ENT-BRACE-AL1,APPROVED_REPORT_DRAWING_GOLDEN,,,drawingSpecification,drawing_item,DWG-01139,,CONFIRMED,MAPPED,promotion APPROVED_REPORT_DRAWING_GOLDEN
G-DWG-1140,drawing,drawing.dimension.DWG-DIM-S061-057,ENT-BRACE-AL1,APPROVED_REPORT_DRAWING_GOLDEN,,,drawingSpecification,drawing_item,DWG-01140,,CONFIRMED,MAPPED,promotion APPROVED_REPORT_DRAWING_GOLDEN
G-DWG-1141,drawing,drawing.dimension.DWG-DIM-S061-058,ENT-BRACE-AL1,APPROVED_REPORT_DRAWING_GOLDEN,,,drawingSpecification,drawing_item,DWG-01141,,CONFIRMED,MAPPED,promotion APPROVED_REPORT_DRAWING_GOLDEN
G-DWG-1142,drawing,drawing.dimension.DWG-DIM-S061-059,ENT-BRACE-AL1,APPROVED_REPORT_DRAWING_GOLDEN,,,drawingSpecification,drawing_item,DWG-01142,,CONFIRMED,MAPPED,promotion APPROVED_REPORT_DRAWING_GOLDEN
G-DWG-1143,drawing,drawing.dimension.DWG-DIM-S061-060,ENT-BRACE-AL1,APPROVED_REPORT_DRAWING_GOLDEN,,,drawingSpecification,drawing_item,DWG-01143,,CONFIRMED,MAPPED,promotion APPROVED_REPORT_DRAWING_GOLDEN
G-DWG-1144,drawing,drawing.dimension.DWG-DIM-S061-061,ENT-BRACE-AL1,APPROVED_REPORT_DRAWING_GOLDEN,,,drawingSpecification,drawing_item,DWG-01144,,CONFIRMED,MAPPED,promotion APPROVED_REPORT_DRAWING_GOLDEN
G-DWG-1145,drawing,drawing.dimension.DWG-DIM-S062-062,ENT-BRACE-AL1,APPROVED_REPORT_DRAWING_GOLDEN,,,drawingSpecification,drawing_item,DWG-01145,,CONFIRMED,MAPPED,promotion APPROVED_REPORT_DRAWING_GOLDEN
G-DWG-1146,drawing,drawing.dimension.DWG-DIM-S062-063,ENT-BRACE-AL1,APPROVED_REPORT_DRAWING_GOLDEN,,,drawingSpecification,drawing_item,DWG-01146,,CONFIRMED,MAPPED,promotion APPROVED_REPORT_DRAWING_GOLDEN
G-DWG-1147,drawing,drawing.dimension.DWG-DIM-S062-064,ENT-BRACE-AL1,APPROVED_REPORT_DRAWING_GOLDEN,,,drawingSpecification,drawing_item,DWG-01147,,CONFIRMED,MAPPED,promotion APPROVED_REPORT_DRAWING_GOLDEN
G-DWG-1148,drawing,drawing.dimension.DWG-DIM-S062-065,ENT-BRACE-AL1,APPROVED_REPORT_DRAWING_GOLDEN,,,drawingSpecification,drawing_item,DWG-01148,,CONFIRMED,MAPPED,promotion APPROVED_REPORT_DRAWING_GOLDEN
G-DWG-1149,drawing,drawing.dimension.DWG-DIM-S068-066,ENT-BRACE-AL1,APPROVED_REPORT_DRAWING_GOLDEN,,,drawingSpecification,drawing_item,DWG-01149,,CONFIRMED,MAPPED,promotion APPROVED_REPORT_DRAWING_GOLDEN
G-DWG-1150,drawing,drawing.dimension.DWG-DIM-S068-067,ENT-BRACE-AL1,APPROVED_REPORT_DRAWING_GOLDEN,,,drawingSpecification,drawing_item,DWG-01150,,CONFIRMED,MAPPED,promotion APPROVED_REPORT_DRAWING_GOLDEN
G-DWG-1151,drawing,drawing.dimension.DWG-DIM-S068-068,ENT-BRACE-AL1,APPROVED_REPORT_DRAWING_GOLDEN,,,drawingSpecification,drawing_item,DWG-01151,,CONFIRMED,MAPPED,promotion APPROVED_REPORT_DRAWING_GOLDEN
G-DWG-1152,drawing,drawing.dimension.DWG-DIM-S068-069,ENT-BRACE-AL1,APPROVED_REPORT_DRAWING_GOLDEN,,,drawingSpecification,drawing_item,DWG-01152,,CONFIRMED,MAPPED,promotion APPROVED_REPORT_DRAWING_GOLDEN
G-DWG-1153,drawing,drawing.dimension.DWG-DIM-S068-070,ENT-BRACE-AL1,APPROVED_REPORT_DRAWING_GOLDEN,,,drawingSpecification,drawing_item,DWG-01153,,CONFIRMED,MAPPED,promotion APPROVED_REPORT_DRAWING_GOLDEN
G-DWG-1154,drawing,drawing.dimension.DWG-DIM-S072-071,ENT-SUPPORT-PR1,APPROVED_REPORT_DRAWING_GOLDEN,,,drawingSpecification,drawing_item,DWG-01154,,CONFIRMED,MAPPED,promotion APPROVED_REPORT_DRAWING_GOLDEN
G-DWG-1155,drawing,drawing.dimension.DWG-DIM-S072-072,ENT-SUPPORT-PR1,APPROVED_REPORT_DRAWING_GOLDEN,,,drawingSpecification,drawing_item,DWG-01155,,CONFIRMED,MAPPED,promotion APPROVED_REPORT_DRAWING_GOLDEN
G-DWG-1156,drawing,drawing.dimension.DWG-DIM-S072-073,ENT-SUPPORT-PR1,APPROVED_REPORT_DRAWING_GOLDEN,,,drawingSpecification,drawing_item,DWG-01156,,CONFIRMED,MAPPED,promotion APPROVED_REPORT_DRAWING_GOLDEN
G-DWG-1157,drawing,drawing.dimension.DWG-DIM-S072-074,ENT-SUPPORT-PR1,APPROVED_REPORT_DRAWING_GOLDEN,,,drawingSpecification,drawing_item,DWG-01157,,CONFIRMED,MAPPED,promotion APPROVED_REPORT_DRAWING_GOLDEN
G-DWG-1158,drawing,drawing.dimension.DWG-DIM-S073-075,ENT-SUPPORT-PR1,APPROVED_REPORT_DRAWING_GOLDEN,,,drawingSpecification,drawing_item,DWG-01158,,CONFIRMED,MAPPED,promotion APPROVED_REPORT_DRAWING_GOLDEN
G-DWG-1159,drawing,drawing.dimension.DWG-DIM-S080-076,ENT-SUPPORT-PR1,APPROVED_REPORT_DRAWING_GOLDEN,,,drawingSpecification,drawing_item,DWG-01159,,CONFIRMED,MAPPED,promotion APPROVED_REPORT_DRAWING_GOLDEN
G-DWG-1160,drawing,drawing.dimension.DWG-DIM-S080-077,ENT-SUPPORT-PR1,APPROVED_REPORT_DRAWING_GOLDEN,,,drawingSpecification,drawing_item,DWG-01160,,CONFIRMED,MAPPED,promotion APPROVED_REPORT_DRAWING_GOLDEN
G-DWG-1161,drawing,drawing.dimension.DWG-DIM-S080-078,ENT-SUPPORT-PR1,APPROVED_REPORT_DRAWING_GOLDEN,,,drawingSpecification,drawing_item,DWG-01161,,CONFIRMED,MAPPED,promotion APPROVED_REPORT_DRAWING_GOLDEN
G-DWG-1162,drawing,drawing.dimension.DWG-DIM-S082-079,ENT-SUPPORT-PR1,APPROVED_REPORT_DRAWING_GOLDEN,,,drawingSpecification,drawing_item,DWG-01162,,CONFIRMED,MAPPED,promotion APPROVED_REPORT_DRAWING_GOLDEN
G-DWG-1163,drawing,drawing.dimension.DWG-DIM-S082-080,ENT-SUPPORT-PR1,APPROVED_REPORT_DRAWING_GOLDEN,,,drawingSpecification,drawing_item,DWG-01163,,CONFIRMED,MAPPED,promotion APPROVED_REPORT_DRAWING_GOLDEN
G-DWG-1164,drawing,drawing.dimension.DWG-DIM-S084-081,ENT-DECK,APPROVED_REPORT_DRAWING_GOLDEN,,,drawingSpecification,drawing_item,DWG-01164,,CONFIRMED,MAPPED,promotion APPROVED_REPORT_DRAWING_GOLDEN
G-DWG-1165,drawing,drawing.dimension.DWG-DIM-S085-082,ENT-SUPPORT-PU15,APPROVED_REPORT_DRAWING_GOLDEN,,,drawingSpecification,drawing_item,DWG-01165,,CONFIRMED,MAPPED,promotion APPROVED_REPORT_DRAWING_GOLDEN
G-DWG-1166,drawing,drawing.dimension.DWG-DIM-S085-083,ENT-SUPPORT-PU15,APPROVED_REPORT_DRAWING_GOLDEN,,,drawingSpecification,drawing_item,DWG-01166,,CONFIRMED,MAPPED,promotion APPROVED_REPORT_DRAWING_GOLDEN
G-DWG-1167,drawing,drawing.dimension.DWG-DIM-S085-084,ENT-SUPPORT-PU15,APPROVED_REPORT_DRAWING_GOLDEN,,,drawingSpecification,drawing_item,DWG-01167,,CONFIRMED,MAPPED,promotion APPROVED_REPORT_DRAWING_GOLDEN
G-DWG-1168,drawing,drawing.dimension.DWG-DIM-S085-085,ENT-SUPPORT-PU15,APPROVED_REPORT_DRAWING_GOLDEN,,,drawingSpecification,drawing_item,DWG-01168,,CONFIRMED,MAPPED,promotion APPROVED_REPORT_DRAWING_GOLDEN
G-DWG-1169,drawing,drawing.dimension.DWG-DIM-S085-086,ENT-SUPPORT-PU15,APPROVED_REPORT_DRAWING_GOLDEN,,,drawingSpecification,drawing_item,DWG-01169,,CONFIRMED,MAPPED,promotion APPROVED_REPORT_DRAWING_GOLDEN
G-DWG-1170,drawing,drawing.dimension.DWG-DIM-S085-087,ENT-SUPPORT-PU15,APPROVED_REPORT_DRAWING_GOLDEN,,,drawingSpecification,drawing_item,DWG-01170,,CONFIRMED,MAPPED,promotion APPROVED_REPORT_DRAWING_GOLDEN
G-DWG-1171,drawing,drawing.dimension.DWG-DIM-S085-088,ENT-SUPPORT-PU15,APPROVED_REPORT_DRAWING_GOLDEN,,,drawingSpecification,drawing_item,DWG-01171,,CONFIRMED,MAPPED,promotion APPROVED_REPORT_DRAWING_GOLDEN
G-DWG-1172,drawing,drawing.dimension.DWG-DIM-S085-089,ENT-SUPPORT-PU15,APPROVED_REPORT_DRAWING_GOLDEN,,,drawingSpecification,drawing_item,DWG-01172,,CONFIRMED,MAPPED,promotion APPROVED_REPORT_DRAWING_GOLDEN
G-DWG-1173,drawing,drawing.dimension.DWG-DIM-S086-090,ENT-SUPPORT-PU15,APPROVED_REPORT_DRAWING_GOLDEN,,,drawingSpecification,drawing_item,DWG-01173,,CONFIRMED,MAPPED,promotion APPROVED_REPORT_DRAWING_GOLDEN
G-DWG-1174,drawing,drawing.dimension.DWG-DIM-S086-091,ENT-SUPPORT-PU15,APPROVED_REPORT_DRAWING_GOLDEN,,,drawingSpecification,drawing_item,DWG-01174,,CONFIRMED,MAPPED,promotion APPROVED_REPORT_DRAWING_GOLDEN
G-DWG-1175,drawing,drawing.dimension.DWG-DIM-S086-092,ENT-SUPPORT-PU15,APPROVED_REPORT_DRAWING_GOLDEN,,,drawingSpecification,drawing_item,DWG-01175,,CONFIRMED,MAPPED,promotion APPROVED_REPORT_DRAWING_GOLDEN
G-DWG-1176,drawing,drawing.dimension.DWG-DIM-S086-093,ENT-SUPPORT-PU15,APPROVED_REPORT_DRAWING_GOLDEN,,,drawingSpecification,drawing_item,DWG-01176,,CONFIRMED,MAPPED,promotion APPROVED_REPORT_DRAWING_GOLDEN
G-DWG-1177,drawing,drawing.dimension.DWG-DIM-S086-094,ENT-SUPPORT-PU15,APPROVED_REPORT_DRAWING_GOLDEN,,,drawingSpecification,drawing_item,DWG-01177,,CONFIRMED,MAPPED,promotion APPROVED_REPORT_DRAWING_GOLDEN
G-DWG-1178,drawing,drawing.dimension.DWG-DIM-S086-095,ENT-SUPPORT-PU15,APPROVED_REPORT_DRAWING_GOLDEN,,,drawingSpecification,drawing_item,DWG-01178,,CONFIRMED,MAPPED,promotion APPROVED_REPORT_DRAWING_GOLDEN
G-DWG-1179,drawing,drawing.dimension.DWG-DIM-S087-096,ENT-SUPPORT-PU15,APPROVED_REPORT_DRAWING_GOLDEN,,,drawingSpecification,drawing_item,DWG-01179,,CONFIRMED,MAPPED,promotion APPROVED_REPORT_DRAWING_GOLDEN
G-DWG-1180,drawing,drawing.dimension.DWG-DIM-S087-097,ENT-SUPPORT-PU15,APPROVED_REPORT_DRAWING_GOLDEN,,,drawingSpecification,drawing_item,DWG-01180,,CONFIRMED,MAPPED,promotion APPROVED_REPORT_DRAWING_GOLDEN
G-DWG-1181,drawing,drawing.dimension.DWG-DIM-S087-098,ENT-SUPPORT-PU15,APPROVED_REPORT_DRAWING_GOLDEN,,,drawingSpecification,drawing_item,DWG-01181,,CONFIRMED,MAPPED,promotion APPROVED_REPORT_DRAWING_GOLDEN
G-DWG-1182,drawing,drawing.dimension.DWG-DIM-S087-099,ENT-SUPPORT-PU15,APPROVED_REPORT_DRAWING_GOLDEN,,,drawingSpecification,drawing_item,DWG-01182,,CONFIRMED,MAPPED,promotion APPROVED_REPORT_DRAWING_GOLDEN
G-DWG-1183,drawing,drawing.dimension.DWG-DIM-S087-100,ENT-SUPPORT-PU15,APPROVED_REPORT_DRAWING_GOLDEN,,,drawingSpecification,drawing_item,DWG-01183,,CONFIRMED,MAPPED,promotion APPROVED_REPORT_DRAWING_GOLDEN
G-DWG-1184,drawing,drawing.dimension.DWG-DIM-S088-101,ENT-SUPPORT-PU15,APPROVED_REPORT_DRAWING_GOLDEN,,,drawingSpecification,drawing_item,DWG-01184,,CONFIRMED,MAPPED,promotion APPROVED_REPORT_DRAWING_GOLDEN
G-DWG-1185,drawing,drawing.dimension.DWG-DIM-S088-102,ENT-SUPPORT-PU15,APPROVED_REPORT_DRAWING_GOLDEN,,,drawingSpecification,drawing_item,DWG-01185,,CONFIRMED,MAPPED,promotion APPROVED_REPORT_DRAWING_GOLDEN
G-DWG-1186,drawing,drawing.dimension.DWG-DIM-S088-103,ENT-SUPPORT-PU15,APPROVED_REPORT_DRAWING_GOLDEN,,,drawingSpecification,drawing_item,DWG-01186,,CONFIRMED,MAPPED,promotion APPROVED_REPORT_DRAWING_GOLDEN
G-DWG-1187,drawing,drawing.dimension.DWG-DIM-S088-104,ENT-SUPPORT-PU15,APPROVED_REPORT_DRAWING_GOLDEN,,,drawingSpecification,drawing_item,DWG-01187,,CONFIRMED,MAPPED,promotion APPROVED_REPORT_DRAWING_GOLDEN
G-DWG-1188,drawing,drawing.dimension.DWG-DIM-S088-105,ENT-SUPPORT-PU15,APPROVED_REPORT_DRAWING_GOLDEN,,,drawingSpecification,drawing_item,DWG-01188,,CONFIRMED,MAPPED,promotion APPROVED_REPORT_DRAWING_GOLDEN
G-DWG-1189,drawing,drawing.dimension.DWG-DIM-S088-106,ENT-SUPPORT-PU15,APPROVED_REPORT_DRAWING_GOLDEN,,,drawingSpecification,drawing_item,DWG-01189,,CONFIRMED,MAPPED,promotion APPROVED_REPORT_DRAWING_GOLDEN
G-DWG-1190,drawing,drawing.dimension.DWG-DIM-S089-001,ENT-LINE-ACL,APPROVED_REPORT_DRAWING_GOLDEN,,,drawingSpecification,drawing_item,DWG-01190,,CONFIRMED,MAPPED,promotion APPROVED_REPORT_DRAWING_GOLDEN
G-DWG-1191,drawing,drawing.dimension.DWG-DIM-S089-002,ENT-LINE-ACL,APPROVED_REPORT_DRAWING_GOLDEN,,,drawingSpecification,drawing_item,DWG-01191,,CONFIRMED,MAPPED,promotion APPROVED_REPORT_DRAWING_GOLDEN
G-DWG-1192,drawing,drawing.dimension.DWG-DIM-S089-003,ENT-LINE-ACL,APPROVED_REPORT_DRAWING_GOLDEN,,,drawingSpecification,drawing_item,DWG-01192,,CONFIRMED,MAPPED,promotion APPROVED_REPORT_DRAWING_GOLDEN
G-DWG-1193,drawing,drawing.dimension.DWG-DIM-S089-004,ENT-LINE-ACL,APPROVED_REPORT_DRAWING_GOLDEN,,,drawingSpecification,drawing_item,DWG-01193,,CONFIRMED,MAPPED,promotion APPROVED_REPORT_DRAWING_GOLDEN
G-DWG-1194,drawing,drawing.dimension.DWG-DIM-S089-005,ENT-LINE-ACL,APPROVED_REPORT_DRAWING_GOLDEN,,,drawingSpecification,drawing_item,DWG-01194,,CONFIRMED,MAPPED,promotion APPROVED_REPORT_DRAWING_GOLDEN
G-DWG-1195,drawing,drawing.dimension.DWG-DIM-S089-006,ENT-LINE-ACL,APPROVED_REPORT_DRAWING_GOLDEN,,,drawingSpecification,drawing_item,DWG-01195,,CONFIRMED,MAPPED,promotion APPROVED_REPORT_DRAWING_GOLDEN
G-DWG-1196,drawing,drawing.dimension.DWG-DIM-S089-007,ENT-LINE-ACL,APPROVED_REPORT_DRAWING_GOLDEN,,,drawingSpecification,drawing_item,DWG-01196,,CONFIRMED,MAPPED,promotion APPROVED_REPORT_DRAWING_GOLDEN
G-DWG-1197,drawing,drawing.dimension.DWG-DIM-S089-008,ENT-LINE-ACL,APPROVED_REPORT_DRAWING_GOLDEN,,,drawingSpecification,drawing_item,DWG-01197,,CONFIRMED,MAPPED,promotion APPROVED_REPORT_DRAWING_GOLDEN
G-DWG-1198,drawing,drawing.dimension.DWG-DIM-S089-009,ENT-LINE-ACL,APPROVED_REPORT_DRAWING_GOLDEN,,,drawingSpecification,drawing_item,DWG-01198,,CONFIRMED,MAPPED,promotion APPROVED_REPORT_DRAWING_GOLDEN
G-DWG-1199,drawing,drawing.dimension.DWG-DIM-S089-010,ENT-LINE-ACL,APPROVED_REPORT_DRAWING_GOLDEN,,,drawingSpecification,drawing_item,DWG-01199,,CONFIRMED,MAPPED,promotion APPROVED_REPORT_DRAWING_GOLDEN
G-DWG-1200,drawing,drawing.dimension.DWG-DIM-S089-011,ENT-LINE-ACL,APPROVED_REPORT_DRAWING_GOLDEN,,,drawingSpecification,drawing_item,DWG-01200,,CONFIRMED,MAPPED,promotion APPROVED_REPORT_DRAWING_GOLDEN
G-DWG-1201,drawing,drawing.dimension.DWG-DIM-S090-001,ENT-LINE-ACL,APPROVED_REPORT_DRAWING_GOLDEN,,,drawingSpecification,drawing_item,DWG-01201,,CONFIRMED,MAPPED,promotion APPROVED_REPORT_DRAWING_GOLDEN
G-DWG-1202,drawing,drawing.dimension.DWG-DIM-S090-002,ENT-LINE-ACL,APPROVED_REPORT_DRAWING_GOLDEN,,,drawingSpecification,drawing_item,DWG-01202,,CONFIRMED,MAPPED,promotion APPROVED_REPORT_DRAWING_GOLDEN
G-DWG-1203,drawing,drawing.dimension.DWG-DIM-S090-003,ENT-LINE-ACL,APPROVED_REPORT_DRAWING_GOLDEN,,,drawingSpecification,drawing_item,DWG-01203,,CONFIRMED,MAPPED,promotion APPROVED_REPORT_DRAWING_GOLDEN
G-DWG-1204,drawing,drawing.dimension.DWG-DIM-S092-001,ENT-LINE-ACL,APPROVED_REPORT_DRAWING_GOLDEN,,,drawingSpecification,drawing_item,DWG-01204,,CONFIRMED,MAPPED,promotion APPROVED_REPORT_DRAWING_GOLDEN
G-DWG-1205,drawing,drawing.dimension.DWG-DIM-S092-002,ENT-LINE-ACL,APPROVED_REPORT_DRAWING_GOLDEN,,,drawingSpecification,drawing_item,DWG-01205,,CONFIRMED,MAPPED,promotion APPROVED_REPORT_DRAWING_GOLDEN
G-DWG-1206,drawing,drawing.dimension.DWG-DIM-S092-003,ENT-LINE-ACL,APPROVED_REPORT_DRAWING_GOLDEN,,,drawingSpecification,drawing_item,DWG-01206,,CONFIRMED,MAPPED,promotion APPROVED_REPORT_DRAWING_GOLDEN
G-DWG-1207,drawing,drawing.dimension.DWG-DIM-S092-004,ENT-LINE-ACL,APPROVED_REPORT_DRAWING_GOLDEN,,,drawingSpecification,drawing_item,DWG-01207,,CONFIRMED,MAPPED,promotion APPROVED_REPORT_DRAWING_GOLDEN
G-DWG-1208,drawing,drawing.dimension.DWG-DIM-S102-001,ENT-LINE-ACL,APPROVED_REPORT_DRAWING_GOLDEN,,,drawingSpecification,drawing_item,DWG-01208,,CONFIRMED,MAPPED,promotion APPROVED_REPORT_DRAWING_GOLDEN
G-DWG-1209,drawing,drawing.dimension.DWG-DIM-S102-002,ENT-LINE-ACL,APPROVED_REPORT_DRAWING_GOLDEN,,,drawingSpecification,drawing_item,DWG-01209,,CONFIRMED,MAPPED,promotion APPROVED_REPORT_DRAWING_GOLDEN
G-DWG-1210,drawing,drawing.dimension.DWG-DIM-S102-003,ENT-LINE-ACL,APPROVED_REPORT_DRAWING_GOLDEN,,,drawingSpecification,drawing_item,DWG-01210,,CONFIRMED,MAPPED,promotion APPROVED_REPORT_DRAWING_GOLDEN
G-DWG-1211,drawing,drawing.dimension.DWG-DIM-S102-004,ENT-LINE-ACL,APPROVED_REPORT_DRAWING_GOLDEN,,,drawingSpecification,drawing_item,DWG-01211,,CONFIRMED,MAPPED,promotion APPROVED_REPORT_DRAWING_GOLDEN
G-DWG-1212,drawing,drawing.dimension.DWG-DIM-S102-005,ENT-LINE-ACL,APPROVED_REPORT_DRAWING_GOLDEN,,,drawingSpecification,drawing_item,DWG-01212,,CONFIRMED,MAPPED,promotion APPROVED_REPORT_DRAWING_GOLDEN
G-DWG-1213,drawing,drawing.dimension.DWG-DIM-S102-006,ENT-LINE-ACL,APPROVED_REPORT_DRAWING_GOLDEN,,,drawingSpecification,drawing_item,DWG-01213,,CONFIRMED,MAPPED,promotion APPROVED_REPORT_DRAWING_GOLDEN
G-DWG-1214,drawing,drawing.dimension.DWG-DIM-S102-007,ENT-LINE-ACL,APPROVED_REPORT_DRAWING_GOLDEN,,,drawingSpecification,drawing_item,DWG-01214,,CONFIRMED,MAPPED,promotion APPROVED_REPORT_DRAWING_GOLDEN
G-DWG-1215,drawing,drawing.dimension.DWG-DIM-S102-008,ENT-LINE-ACL,APPROVED_REPORT_DRAWING_GOLDEN,,,drawingSpecification,drawing_item,DWG-01215,,CONFIRMED,MAPPED,promotion APPROVED_REPORT_DRAWING_GOLDEN
G-DWG-1216,drawing,drawing.dimension.DWG-DIM-S102-009,ENT-LINE-ACL,APPROVED_REPORT_DRAWING_GOLDEN,,,drawingSpecification,drawing_item,DWG-01216,,CONFIRMED,MAPPED,promotion APPROVED_REPORT_DRAWING_GOLDEN
G-DWG-1217,drawing,drawing.dimension.DWG-DIM-S102-010,ENT-LINE-ACL,APPROVED_REPORT_DRAWING_GOLDEN,,,drawingSpecification,drawing_item,DWG-01217,,CONFIRMED,MAPPED,promotion APPROVED_REPORT_DRAWING_GOLDEN
G-DWG-1218,drawing,drawing.dimension.DWG-DIM-S093-001,ENT-DECK,APPROVED_REPORT_DRAWING_GOLDEN,,,drawingSpecification,drawing_item,DWG-01218,,CONFIRMED,MAPPED,promotion APPROVED_REPORT_DRAWING_GOLDEN
G-DWG-1219,drawing,drawing.dimension.DWG-DIM-S093-002,ENT-DECK,APPROVED_REPORT_DRAWING_GOLDEN,,,drawingSpecification,drawing_item,DWG-01219,,CONFIRMED,MAPPED,promotion APPROVED_REPORT_DRAWING_GOLDEN
G-DWG-1220,drawing,drawing.dimension.DWG-DIM-S094-001,ENT-DECK,APPROVED_REPORT_DRAWING_GOLDEN,,,drawingSpecification,drawing_item,DWG-01220,,CONFIRMED,MAPPED,promotion APPROVED_REPORT_DRAWING_GOLDEN
G-DWG-1221,drawing,drawing.dimension.DWG-DIM-S094-002,ENT-DECK,APPROVED_REPORT_DRAWING_GOLDEN,,,drawingSpecification,drawing_item,DWG-01221,,CONFIRMED,MAPPED,promotion APPROVED_REPORT_DRAWING_GOLDEN
G-DWG-1222,drawing,drawing.dimension.S141-D01,ENT-LINE-ACL,APPROVED_WITH_HUMAN_CONFIRMATION_TRACK,HCR-001,,drawingSpecification,drawing_item,DWG-01222,,HUMAN_CONFIRMATION_REQUIRED,MAPPED_WITH_HUMAN_TRACK,"human confirmation HCR-001 preserved; value present, confirmation pending"
G-DWG-1223,drawing,drawing.dimension.S141-D02,ENT-LINE-ACL,APPROVED_WITH_HUMAN_CONFIRMATION_TRACK,HCR-001,,drawingSpecification,drawing_item,DWG-01223,,HUMAN_CONFIRMATION_REQUIRED,MAPPED_WITH_HUMAN_TRACK,"human confirmation HCR-001 preserved; value present, confirmation pending"
G-DWG-1224,drawing,drawing.dimension.S141-D03,ENT-LINE-ACL,APPROVED_WITH_HUMAN_CONFIRMATION_TRACK,HCR-001,,drawingSpecification,drawing_item,DWG-01224,,HUMAN_CONFIRMATION_REQUIRED,MAPPED_WITH_HUMAN_TRACK,"human confirmation HCR-001 preserved; value present, confirmation pending"
G-DWG-1225,drawing,drawing.dimension.S141-D04,ENT-LINE-ACL,APPROVED_WITH_HUMAN_CONFIRMATION_TRACK,HCR-001,,drawingSpecification,drawing_item,DWG-01225,,HUMAN_CONFIRMATION_REQUIRED,MAPPED_WITH_HUMAN_TRACK,"human confirmation HCR-001 preserved; value present, confirmation pending"
G-DWG-1226,drawing,drawing.dimension.S141-D05,ENT-LINE-ACL,APPROVED_WITH_HUMAN_CONFIRMATION_TRACK,HCR-001,,drawingSpecification,drawing_item,DWG-01226,,HUMAN_CONFIRMATION_REQUIRED,MAPPED_WITH_HUMAN_TRACK,"human confirmation HCR-001 preserved; value present, confirmation pending"
G-DWG-1227,drawing,drawing.dimension.S141-D06,ENT-LINE-ACL,APPROVED_WITH_HUMAN_CONFIRMATION_TRACK,HCR-001,,drawingSpecification,drawing_item,DWG-01227,,HUMAN_CONFIRMATION_REQUIRED,MAPPED_WITH_HUMAN_TRACK,"human confirmation HCR-001 preserved; value present, confirmation pending"
G-DWG-1228,drawing,drawing.dimension.S141-D07,ENT-LINE-ACL,APPROVED_WITH_HUMAN_CONFIRMATION_TRACK,HCR-001,,drawingSpecification,drawing_item,DWG-01228,,HUMAN_CONFIRMATION_REQUIRED,MAPPED_WITH_HUMAN_TRACK,"human confirmation HCR-001 preserved; value present, confirmation pending"
G-DWG-1229,drawing,drawing.dimension.S141-D08,ENT-LINE-ACL,APPROVED_WITH_HUMAN_CONFIRMATION_TRACK,HCR-001,,drawingSpecification,drawing_item,DWG-01229,,HUMAN_CONFIRMATION_REQUIRED,MAPPED_WITH_HUMAN_TRACK,"human confirmation HCR-001 preserved; value present, confirmation pending"
G-DWG-1230,drawing,drawing.dimension.S141-D09,ENT-LINE-ACL,APPROVED_WITH_HUMAN_CONFIRMATION_TRACK,HCR-001,,drawingSpecification,drawing_item,DWG-01230,,HUMAN_CONFIRMATION_REQUIRED,MAPPED_WITH_HUMAN_TRACK,"human confirmation HCR-001 preserved; value present, confirmation pending"
G-DWG-1231,drawing,drawing.dimension.S141-D10,ENT-LINE-ACL,APPROVED_WITH_HUMAN_CONFIRMATION_TRACK,HCR-001,,drawingSpecification,drawing_item,DWG-01231,,HUMAN_CONFIRMATION_REQUIRED,MAPPED_WITH_HUMAN_TRACK,"human confirmation HCR-001 preserved; value present, confirmation pending"
G-DWG-1232,drawing,drawing.dimension.S141-D11,ENT-LINE-ACL,APPROVED_WITH_HUMAN_CONFIRMATION_TRACK,HCR-001,,drawingSpecification,drawing_item,DWG-01232,,HUMAN_CONFIRMATION_REQUIRED,MAPPED_WITH_HUMAN_TRACK,"human confirmation HCR-001 preserved; value present, confirmation pending"
G-DWG-1233,drawing,drawing.annotation.DWG-ANO-S001-001,ENT-LINE-ACL,APPROVED_REPORT_DRAWING_GOLDEN,,,drawingSpecification,drawing_item,DWG-01233,,CONFIRMED,MAPPED,promotion APPROVED_REPORT_DRAWING_GOLDEN
G-DWG-1234,drawing,drawing.annotation.DWG-ANO-S002-001,ENT-LINE-ACL,APPROVED_REPORT_DRAWING_GOLDEN,,,drawingSpecification,drawing_item,DWG-01234,,CONFIRMED,MAPPED,promotion APPROVED_REPORT_DRAWING_GOLDEN
G-DWG-1235,drawing,drawing.annotation.DWG-ANO-S003-001,ENT-LINE-ACL,APPROVED_REPORT_DRAWING_GOLDEN,,,drawingSpecification,drawing_item,DWG-01235,,CONFIRMED,MAPPED,promotion APPROVED_REPORT_DRAWING_GOLDEN
G-DWG-1236,drawing,drawing.annotation.DWG-ANO-S004-001,ENT-LINE-ACL,APPROVED_REPORT_DRAWING_GOLDEN,,,drawingSpecification,drawing_item,DWG-01236,,CONFIRMED,MAPPED,promotion APPROVED_REPORT_DRAWING_GOLDEN
G-DWG-1237,drawing,drawing.annotation.DWG-ANO-S008-001,ENT-LINE-ACL,APPROVED_REPORT_DRAWING_GOLDEN,,,drawingSpecification,drawing_item,DWG-01237,,CONFIRMED,MAPPED,promotion APPROVED_REPORT_DRAWING_GOLDEN
G-DWG-1238,drawing,drawing.annotation.DWG-ANO-S009-001,ENT-DECK,APPROVED_REPORT_DRAWING_GOLDEN,,,drawingSpecification,drawing_item,DWG-01238,,CONFIRMED,MAPPED,promotion APPROVED_REPORT_DRAWING_GOLDEN
G-DWG-1239,drawing,drawing.annotation.DWG-ANO-S010-001,ENT-LINE-ACL,APPROVED_REPORT_DRAWING_GOLDEN,,,drawingSpecification,drawing_item,DWG-01239,,CONFIRMED,MAPPED,promotion APPROVED_REPORT_DRAWING_GOLDEN
G-DWG-1240,drawing,drawing.annotation.DWG-ANO-S011-001,ENT-LINE-ACL,APPROVED_REPORT_DRAWING_GOLDEN,,,drawingSpecification,drawing_item,DWG-01240,,CONFIRMED,MAPPED,promotion APPROVED_REPORT_DRAWING_GOLDEN
G-DWG-1241,drawing,drawing.annotation.DWG-ANO-S012-001,ENT-LINE-ACL,APPROVED_REPORT_DRAWING_GOLDEN,,,drawingSpecification,drawing_item,DWG-01241,,CONFIRMED,MAPPED,promotion APPROVED_REPORT_DRAWING_GOLDEN
G-DWG-1242,drawing,drawing.annotation.DWG-ANO-S017-001,ENT-LINE-ACL,APPROVED_REPORT_DRAWING_GOLDEN,,,drawingSpecification,drawing_item,DWG-01242,,CONFIRMED,MAPPED,promotion APPROVED_REPORT_DRAWING_GOLDEN
G-DWG-1243,drawing,drawing.annotation.DWG-ANO-S018-001,ENT-LINE-ACL,APPROVED_REPORT_DRAWING_GOLDEN,,,drawingSpecification,drawing_item,DWG-01243,,CONFIRMED,MAPPED,promotion APPROVED_REPORT_DRAWING_GOLDEN
G-DWG-1244,drawing,drawing.annotation.DWG-ANO-S019-001,ENT-LINE-ACL,APPROVED_REPORT_DRAWING_GOLDEN,,,drawingSpecification,drawing_item,DWG-01244,,CONFIRMED,MAPPED,promotion APPROVED_REPORT_DRAWING_GOLDEN
G-DWG-1245,drawing,drawing.annotation.DWG-ANO-S020-001,ENT-LINE-ACL,APPROVED_REPORT_DRAWING_GOLDEN,,,drawingSpecification,drawing_item,DWG-01245,,CONFIRMED,MAPPED,promotion APPROVED_REPORT_DRAWING_GOLDEN
G-DWG-1246,drawing,drawing.annotation.DWG-ANO-S021-001,ENT-GIRDER-AG1,APPROVED_REPORT_DRAWING_GOLDEN,,,drawingSpecification,drawing_item,DWG-01246,,CONFIRMED,MAPPED,promotion APPROVED_REPORT_DRAWING_GOLDEN
G-DWG-1247,drawing,drawing.annotation.DWG-ANO-S022-001,ENT-GIRDER-AG1,APPROVED_REPORT_DRAWING_GOLDEN,,,drawingSpecification,drawing_item,DWG-01247,,CONFIRMED,MAPPED,promotion APPROVED_REPORT_DRAWING_GOLDEN
G-DWG-1248,drawing,drawing.annotation.DWG-ANO-S023-001,ENT-GIRDER-AG1,APPROVED_REPORT_DRAWING_GOLDEN,,,drawingSpecification,drawing_item,DWG-01248,,CONFIRMED,MAPPED,promotion APPROVED_REPORT_DRAWING_GOLDEN
G-DWG-1249,drawing,drawing.annotation.DWG-ANO-S024-001,ENT-GIRDER-AG1,APPROVED_REPORT_DRAWING_GOLDEN,,,drawingSpecification,drawing_item,DWG-01249,,CONFIRMED,MAPPED,promotion APPROVED_REPORT_DRAWING_GOLDEN
G-DWG-1250,drawing,drawing.annotation.DWG-ANO-S025-001,ENT-GIRDER-AG1,APPROVED_REPORT_DRAWING_GOLDEN,,,drawingSpecification,drawing_item,DWG-01250,,CONFIRMED,MAPPED,promotion APPROVED_REPORT_DRAWING_GOLDEN
G-DWG-1251,drawing,drawing.annotation.DWG-ANO-S026-001,ENT-GIRDER-AG1,APPROVED_REPORT_DRAWING_GOLDEN,,,drawingSpecification,drawing_item,DWG-01251,,CONFIRMED,MAPPED,promotion APPROVED_REPORT_DRAWING_GOLDEN
G-DWG-1252,drawing,drawing.annotation.DWG-ANO-S027-001,ENT-GIRDER-AG1,APPROVED_REPORT_DRAWING_GOLDEN,,,drawingSpecification,drawing_item,DWG-01252,,CONFIRMED,MAPPED,promotion APPROVED_REPORT_DRAWING_GOLDEN
G-DWG-1253,drawing,drawing.annotation.DWG-ANO-S028-001,ENT-GIRDER-AG1,APPROVED_REPORT_DRAWING_GOLDEN,,,drawingSpecification,drawing_item,DWG-01253,,CONFIRMED,MAPPED,promotion APPROVED_REPORT_DRAWING_GOLDEN
G-DWG-1254,drawing,drawing.annotation.DWG-ANO-S029-001,ENT-GIRDER-AG1,APPROVED_REPORT_DRAWING_GOLDEN,,,drawingSpecification,drawing_item,DWG-01254,,CONFIRMED,MAPPED,promotion APPROVED_REPORT_DRAWING_GOLDEN
G-DWG-1255,drawing,drawing.annotation.DWG-ANO-S030-001,ENT-GIRDER-AG2,APPROVED_REPORT_DRAWING_GOLDEN,,,drawingSpecification,drawing_item,DWG-01255,,CONFIRMED,MAPPED,promotion APPROVED_REPORT_DRAWING_GOLDEN
G-DWG-1256,drawing,drawing.annotation.DWG-ANO-S031-001,ENT-GIRDER-AG2,APPROVED_REPORT_DRAWING_GOLDEN,,,drawingSpecification,drawing_item,DWG-01256,,CONFIRMED,MAPPED,promotion APPROVED_REPORT_DRAWING_GOLDEN
G-DWG-1257,drawing,drawing.annotation.DWG-ANO-S032-001,ENT-GIRDER-AG2,APPROVED_REPORT_DRAWING_GOLDEN,,,drawingSpecification,drawing_item,DWG-01257,,CONFIRMED,MAPPED,promotion APPROVED_REPORT_DRAWING_GOLDEN
G-DWG-1258,drawing,drawing.annotation.DWG-ANO-S033-001,ENT-GIRDER-AG2,APPROVED_REPORT_DRAWING_GOLDEN,,,drawingSpecification,drawing_item,DWG-01258,,CONFIRMED,MAPPED,promotion APPROVED_REPORT_DRAWING_GOLDEN
G-DWG-1259,drawing,drawing.annotation.DWG-ANO-S034-001,ENT-GIRDER-AG2,APPROVED_REPORT_DRAWING_GOLDEN,,,drawingSpecification,drawing_item,DWG-01259,,CONFIRMED,MAPPED,promotion APPROVED_REPORT_DRAWING_GOLDEN
G-DWG-1260,drawing,drawing.annotation.DWG-ANO-S035-001,ENT-GIRDER-AG2,APPROVED_REPORT_DRAWING_GOLDEN,,,drawingSpecification,drawing_item,DWG-01260,,CONFIRMED,MAPPED,promotion APPROVED_REPORT_DRAWING_GOLDEN
G-DWG-1261,drawing,drawing.annotation.DWG-ANO-S036-001,ENT-GIRDER-AG2,APPROVED_REPORT_DRAWING_GOLDEN,,,drawingSpecification,drawing_item,DWG-01261,,CONFIRMED,MAPPED,promotion APPROVED_REPORT_DRAWING_GOLDEN
G-DWG-1262,drawing,drawing.annotation.DWG-ANO-S037-001,ENT-GIRDER-AG2,APPROVED_REPORT_DRAWING_GOLDEN,,,drawingSpecification,drawing_item,DWG-01262,,CONFIRMED,MAPPED,promotion APPROVED_REPORT_DRAWING_GOLDEN
G-DWG-1263,drawing,drawing.annotation.DWG-ANO-S038-001,ENT-GIRDER-AG2,APPROVED_REPORT_DRAWING_GOLDEN,,,drawingSpecification,drawing_item,DWG-01263,,CONFIRMED,MAPPED,promotion APPROVED_REPORT_DRAWING_GOLDEN
G-DWG-1264,drawing,drawing.annotation.DWG-ANO-S039-001,ENT-STUD,APPROVED_REPORT_DRAWING_GOLDEN,,,drawingSpecification,drawing_item,DWG-01264,,CONFIRMED,MAPPED,promotion APPROVED_REPORT_DRAWING_GOLDEN
G-DWG-1265,drawing,drawing.annotation.DWG-ANO-S040-001,ENT-STUD,APPROVED_REPORT_DRAWING_GOLDEN,,,drawingSpecification,drawing_item,DWG-01265,,CONFIRMED,MAPPED,promotion APPROVED_REPORT_DRAWING_GOLDEN
G-DWG-1266,drawing,drawing.annotation.DWG-ANO-S041-001,ENT-STUD,APPROVED_REPORT_DRAWING_GOLDEN,,,drawingSpecification,drawing_item,DWG-01266,,CONFIRMED,MAPPED,promotion APPROVED_REPORT_DRAWING_GOLDEN
G-DWG-1267,drawing,drawing.annotation.DWG-ANO-S042-001,ENT-STUD,APPROVED_REPORT_DRAWING_GOLDEN,,,drawingSpecification,drawing_item,DWG-01267,,CONFIRMED,MAPPED,promotion APPROVED_REPORT_DRAWING_GOLDEN
G-DWG-1268,drawing,drawing.annotation.DWG-ANO-S043-001,ENT-STUD,APPROVED_REPORT_DRAWING_GOLDEN,,,drawingSpecification,drawing_item,DWG-01268,,CONFIRMED,MAPPED,promotion APPROVED_REPORT_DRAWING_GOLDEN
G-DWG-1269,drawing,drawing.annotation.DWG-ANO-S044-001,ENT-STUD,APPROVED_REPORT_DRAWING_GOLDEN,,,drawingSpecification,drawing_item,DWG-01269,,CONFIRMED,MAPPED,promotion APPROVED_REPORT_DRAWING_GOLDEN
G-DWG-1270,drawing,drawing.annotation.DWG-ANO-S001-002,ENT-LINE-ACL,APPROVED_REPORT_DRAWING_GOLDEN,,,drawingSpecification,drawing_item,DWG-01270,,CONFIRMED,MAPPED,promotion APPROVED_REPORT_DRAWING_GOLDEN
G-DWG-1271,drawing,drawing.annotation.DWG-ANO-S005-001,ENT-LINE-ACL,APPROVED_REPORT_DRAWING_GOLDEN,,,drawingSpecification,drawing_item,DWG-01271,,CONFIRMED,MAPPED,promotion APPROVED_REPORT_DRAWING_GOLDEN
G-DWG-1272,drawing,drawing.annotation.DWG-ANO-S006-001,ENT-LINE-ACL,APPROVED_REPORT_DRAWING_GOLDEN,,,drawingSpecification,drawing_item,DWG-01272,,CONFIRMED,MAPPED,promotion APPROVED_REPORT_DRAWING_GOLDEN
G-DWG-1273,drawing,drawing.annotation.DWG-ANO-S007-001,ENT-LINE-ACL,APPROVED_REPORT_DRAWING_GOLDEN,,,drawingSpecification,drawing_item,DWG-01273,,CONFIRMED,MAPPED,promotion APPROVED_REPORT_DRAWING_GOLDEN
G-DWG-1274,drawing,drawing.annotation.DWG-ANO-S008-002,ENT-LINE-ACL,APPROVED_REPORT_DRAWING_GOLDEN,,,drawingSpecification,drawing_item,DWG-01274,,CONFIRMED,MAPPED,promotion APPROVED_REPORT_DRAWING_GOLDEN
G-DWG-1275,drawing,drawing.annotation.DWG-ANO-S009-002,ENT-DECK,APPROVED_REPORT_DRAWING_GOLDEN,,,drawingSpecification,drawing_item,DWG-01275,,CONFIRMED,MAPPED,promotion APPROVED_REPORT_DRAWING_GOLDEN
G-DWG-1276,drawing,drawing.annotation.DWG-ANO-S012-002,ENT-LINE-ACL,APPROVED_REPORT_DRAWING_GOLDEN,,,drawingSpecification,drawing_item,DWG-01276,,CONFIRMED,MAPPED,promotion APPROVED_REPORT_DRAWING_GOLDEN
G-DWG-1277,drawing,drawing.annotation.DWG-ANO-S012-003,ENT-LINE-ACL,APPROVED_REPORT_DRAWING_GOLDEN,,,drawingSpecification,drawing_item,DWG-01277,,CONFIRMED,MAPPED,promotion APPROVED_REPORT_DRAWING_GOLDEN
G-DWG-1278,drawing,drawing.annotation.DWG-ANO-S017-002,ENT-LINE-ACL,APPROVED_REPORT_DRAWING_GOLDEN,,,drawingSpecification,drawing_item,DWG-01278,,CONFIRMED,MAPPED,promotion APPROVED_REPORT_DRAWING_GOLDEN
G-DWG-1279,drawing,drawing.annotation.DWG-ANO-S019-002,ENT-LINE-ACL,APPROVED_REPORT_DRAWING_GOLDEN,,,drawingSpecification,drawing_item,DWG-01279,,CONFIRMED,MAPPED,promotion APPROVED_REPORT_DRAWING_GOLDEN
G-DWG-1280,drawing,drawing.annotation.DWG-ANO-S020-002,ENT-LINE-ACL,APPROVED_REPORT_DRAWING_GOLDEN,,,drawingSpecification,drawing_item,DWG-01280,,CONFIRMED,MAPPED,promotion APPROVED_REPORT_DRAWING_GOLDEN
G-DWG-1281,drawing,drawing.annotation.DWG-ANO-S023-002,ENT-GIRDER-AG1,APPROVED_REPORT_DRAWING_GOLDEN,,,drawingSpecification,drawing_item,DWG-01281,,CONFIRMED,MAPPED,promotion APPROVED_REPORT_DRAWING_GOLDEN
G-DWG-1282,drawing,drawing.annotation.DWG-ANO-S026-002,ENT-GIRDER-AG1,APPROVED_REPORT_DRAWING_GOLDEN,,,drawingSpecification,drawing_item,DWG-01282,,CONFIRMED,MAPPED,promotion APPROVED_REPORT_DRAWING_GOLDEN
G-DWG-1283,drawing,drawing.annotation.DWG-ANO-S044-002,ENT-STUD,APPROVED_REPORT_DRAWING_GOLDEN,,,drawingSpecification,drawing_item,DWG-01283,,CONFIRMED,MAPPED,promotion APPROVED_REPORT_DRAWING_GOLDEN
G-DWG-1284,drawing,drawing.annotation.DWG-ANO-S001-003,ENT-LINE-ACL,APPROVED_REPORT_DRAWING_GOLDEN,,,drawingSpecification,drawing_item,DWG-01284,,CONFIRMED,MAPPED,promotion APPROVED_REPORT_DRAWING_GOLDEN
G-DWG-1285,drawing,drawing.annotation.DWG-ANO-S002-002,ENT-LINE-ACL,APPROVED_REPORT_DRAWING_GOLDEN,,,drawingSpecification,drawing_item,DWG-01285,,CONFIRMED,MAPPED,promotion APPROVED_REPORT_DRAWING_GOLDEN
G-DWG-1286,drawing,drawing.annotation.DWG-ANO-S003-002,ENT-LINE-ACL,APPROVED_REPORT_DRAWING_GOLDEN,,,drawingSpecification,drawing_item,DWG-01286,,CONFIRMED,MAPPED,promotion APPROVED_REPORT_DRAWING_GOLDEN
G-DWG-1287,drawing,drawing.annotation.DWG-ANO-S004-002,ENT-LINE-ACL,APPROVED_REPORT_DRAWING_GOLDEN,,,drawingSpecification,drawing_item,DWG-01287,,CONFIRMED,MAPPED,promotion APPROVED_REPORT_DRAWING_GOLDEN
G-DWG-1288,drawing,drawing.annotation.DWG-ANO-S005-002,ENT-LINE-ACL,APPROVED_REPORT_DRAWING_GOLDEN,,,drawingSpecification,drawing_item,DWG-01288,,CONFIRMED,MAPPED,promotion APPROVED_REPORT_DRAWING_GOLDEN
G-DWG-1289,drawing,drawing.annotation.DWG-ANO-S006-002,ENT-LINE-ACL,APPROVED_REPORT_DRAWING_GOLDEN,,,drawingSpecification,drawing_item,DWG-01289,,CONFIRMED,MAPPED,promotion APPROVED_REPORT_DRAWING_GOLDEN
G-DWG-1290,drawing,drawing.annotation.DWG-ANO-S007-002,ENT-LINE-ACL,APPROVED_REPORT_DRAWING_GOLDEN,,,drawingSpecification,drawing_item,DWG-01290,,CONFIRMED,MAPPED,promotion APPROVED_REPORT_DRAWING_GOLDEN
G-DWG-1291,drawing,drawing.annotation.DWG-ANO-S008-003,ENT-LINE-ACL,APPROVED_REPORT_DRAWING_GOLDEN,,,drawingSpecification,drawing_item,DWG-01291,,CONFIRMED,MAPPED,promotion APPROVED_REPORT_DRAWING_GOLDEN
G-DWG-1292,drawing,drawing.annotation.DWG-ANO-S009-003,ENT-DECK,APPROVED_REPORT_DRAWING_GOLDEN,,,drawingSpecification,drawing_item,DWG-01292,,CONFIRMED,MAPPED,promotion APPROVED_REPORT_DRAWING_GOLDEN
G-DWG-1293,drawing,drawing.annotation.DWG-ANO-S010-002,ENT-LINE-ACL,APPROVED_REPORT_DRAWING_GOLDEN,,,drawingSpecification,drawing_item,DWG-01293,,CONFIRMED,MAPPED,promotion APPROVED_REPORT_DRAWING_GOLDEN
G-DWG-1294,drawing,drawing.annotation.DWG-ANO-S011-002,ENT-LINE-ACL,APPROVED_REPORT_DRAWING_GOLDEN,,,drawingSpecification,drawing_item,DWG-01294,,CONFIRMED,MAPPED,promotion APPROVED_REPORT_DRAWING_GOLDEN
G-DWG-1295,drawing,drawing.annotation.DWG-ANO-S012-004,ENT-LINE-ACL,APPROVED_REPORT_DRAWING_GOLDEN,,,drawingSpecification,drawing_item,DWG-01295,,CONFIRMED,MAPPED,promotion APPROVED_REPORT_DRAWING_GOLDEN
G-DWG-1296,drawing,drawing.annotation.DWG-ANO-S013-001,ENT-GIRDER-AG1,APPROVED_REPORT_DRAWING_GOLDEN,,,drawingSpecification,drawing_item,DWG-01296,,CONFIRMED,MAPPED,promotion APPROVED_REPORT_DRAWING_GOLDEN
G-DWG-1297,drawing,drawing.annotation.DWG-ANO-S014-001,ENT-GIRDER-AG2,APPROVED_REPORT_DRAWING_GOLDEN,,,drawingSpecification,drawing_item,DWG-01297,,CONFIRMED,MAPPED,promotion APPROVED_REPORT_DRAWING_GOLDEN
G-DWG-1298,drawing,drawing.annotation.DWG-ANO-S015-001,ENT-DECK,APPROVED_REPORT_DRAWING_GOLDEN,,,drawingSpecification,drawing_item,DWG-01298,,CONFIRMED,MAPPED,promotion APPROVED_REPORT_DRAWING_GOLDEN
G-DWG-1299,drawing,drawing.annotation.DWG-ANO-S016-001,ENT-DECK,APPROVED_REPORT_DRAWING_GOLDEN,,,drawingSpecification,drawing_item,DWG-01299,,CONFIRMED,MAPPED,promotion APPROVED_REPORT_DRAWING_GOLDEN
G-DWG-1300,drawing,drawing.annotation.DWG-ANO-S017-003,ENT-LINE-ACL,APPROVED_REPORT_DRAWING_GOLDEN,,,drawingSpecification,drawing_item,DWG-01300,,CONFIRMED,MAPPED,promotion APPROVED_REPORT_DRAWING_GOLDEN
G-DWG-1301,drawing,drawing.annotation.DWG-ANO-S018-002,ENT-LINE-ACL,APPROVED_REPORT_DRAWING_GOLDEN,,,drawingSpecification,drawing_item,DWG-01301,,CONFIRMED,MAPPED,promotion APPROVED_REPORT_DRAWING_GOLDEN
G-DWG-1302,drawing,drawing.annotation.DWG-ANO-S019-003,ENT-LINE-ACL,APPROVED_REPORT_DRAWING_GOLDEN,,,drawingSpecification,drawing_item,DWG-01302,,CONFIRMED,MAPPED,promotion APPROVED_REPORT_DRAWING_GOLDEN
G-DWG-1303,drawing,drawing.annotation.DWG-ANO-S020-003,ENT-LINE-ACL,APPROVED_REPORT_DRAWING_GOLDEN,,,drawingSpecification,drawing_item,DWG-01303,,CONFIRMED,MAPPED,promotion APPROVED_REPORT_DRAWING_GOLDEN
G-DWG-1304,drawing,drawing.annotation.DWG-ANO-S021-002,ENT-GIRDER-AG1,APPROVED_REPORT_DRAWING_GOLDEN,,,drawingSpecification,drawing_item,DWG-01304,,CONFIRMED,MAPPED,promotion APPROVED_REPORT_DRAWING_GOLDEN
G-DWG-1305,drawing,drawing.annotation.DWG-ANO-S022-002,ENT-GIRDER-AG1,APPROVED_REPORT_DRAWING_GOLDEN,,,drawingSpecification,drawing_item,DWG-01305,,CONFIRMED,MAPPED,promotion APPROVED_REPORT_DRAWING_GOLDEN
G-DWG-1306,drawing,drawing.annotation.DWG-ANO-S023-003,ENT-GIRDER-AG1,APPROVED_REPORT_DRAWING_GOLDEN,,,drawingSpecification,drawing_item,DWG-01306,,CONFIRMED,MAPPED,promotion APPROVED_REPORT_DRAWING_GOLDEN
G-DWG-1307,drawing,drawing.annotation.DWG-ANO-S024-002,ENT-GIRDER-AG1,APPROVED_REPORT_DRAWING_GOLDEN,,,drawingSpecification,drawing_item,DWG-01307,,CONFIRMED,MAPPED,promotion APPROVED_REPORT_DRAWING_GOLDEN
G-DWG-1308,drawing,drawing.annotation.DWG-ANO-S025-002,ENT-GIRDER-AG1,APPROVED_REPORT_DRAWING_GOLDEN,,,drawingSpecification,drawing_item,DWG-01308,,CONFIRMED,MAPPED,promotion APPROVED_REPORT_DRAWING_GOLDEN
G-DWG-1309,drawing,drawing.annotation.DWG-ANO-S026-003,ENT-GIRDER-AG1,APPROVED_REPORT_DRAWING_GOLDEN,,,drawingSpecification,drawing_item,DWG-01309,,CONFIRMED,MAPPED,promotion APPROVED_REPORT_DRAWING_GOLDEN
G-DWG-1310,drawing,drawing.annotation.DWG-ANO-S027-002,ENT-GIRDER-AG1,APPROVED_REPORT_DRAWING_GOLDEN,,,drawingSpecification,drawing_item,DWG-01310,,CONFIRMED,MAPPED,promotion APPROVED_REPORT_DRAWING_GOLDEN
G-DWG-1311,drawing,drawing.annotation.DWG-ANO-S028-002,ENT-GIRDER-AG1,APPROVED_REPORT_DRAWING_GOLDEN,,,drawingSpecification,drawing_item,DWG-01311,,CONFIRMED,MAPPED,promotion APPROVED_REPORT_DRAWING_GOLDEN
G-DWG-1312,drawing,drawing.annotation.DWG-ANO-S029-002,ENT-GIRDER-AG1,APPROVED_REPORT_DRAWING_GOLDEN,,,drawingSpecification,drawing_item,DWG-01312,,CONFIRMED,MAPPED,promotion APPROVED_REPORT_DRAWING_GOLDEN
G-DWG-1313,drawing,drawing.annotation.DWG-ANO-S030-002,ENT-GIRDER-AG2,APPROVED_REPORT_DRAWING_GOLDEN,,,drawingSpecification,drawing_item,DWG-01313,,CONFIRMED,MAPPED,promotion APPROVED_REPORT_DRAWING_GOLDEN
G-DWG-1314,drawing,drawing.annotation.DWG-ANO-S031-002,ENT-GIRDER-AG2,APPROVED_REPORT_DRAWING_GOLDEN,,,drawingSpecification,drawing_item,DWG-01314,,CONFIRMED,MAPPED,promotion APPROVED_REPORT_DRAWING_GOLDEN
G-DWG-1315,drawing,drawing.annotation.DWG-ANO-S032-002,ENT-GIRDER-AG2,APPROVED_REPORT_DRAWING_GOLDEN,,,drawingSpecification,drawing_item,DWG-01315,,CONFIRMED,MAPPED,promotion APPROVED_REPORT_DRAWING_GOLDEN
G-DWG-1316,drawing,drawing.annotation.DWG-ANO-S033-002,ENT-GIRDER-AG2,APPROVED_REPORT_DRAWING_GOLDEN,,,drawingSpecification,drawing_item,DWG-01316,,CONFIRMED,MAPPED,promotion APPROVED_REPORT_DRAWING_GOLDEN
G-DWG-1317,drawing,drawing.annotation.DWG-ANO-S034-002,ENT-GIRDER-AG2,APPROVED_REPORT_DRAWING_GOLDEN,,,drawingSpecification,drawing_item,DWG-01317,,CONFIRMED,MAPPED,promotion APPROVED_REPORT_DRAWING_GOLDEN
G-DWG-1318,drawing,drawing.annotation.DWG-ANO-S035-002,ENT-GIRDER-AG2,APPROVED_REPORT_DRAWING_GOLDEN,,,drawingSpecification,drawing_item,DWG-01318,,CONFIRMED,MAPPED,promotion APPROVED_REPORT_DRAWING_GOLDEN
G-DWG-1319,drawing,drawing.annotation.DWG-ANO-S036-002,ENT-GIRDER-AG2,APPROVED_REPORT_DRAWING_GOLDEN,,,drawingSpecification,drawing_item,DWG-01319,,CONFIRMED,MAPPED,promotion APPROVED_REPORT_DRAWING_GOLDEN
G-DWG-1320,drawing,drawing.annotation.DWG-ANO-S037-002,ENT-GIRDER-AG2,APPROVED_REPORT_DRAWING_GOLDEN,,,drawingSpecification,drawing_item,DWG-01320,,CONFIRMED,MAPPED,promotion APPROVED_REPORT_DRAWING_GOLDEN
G-DWG-1321,drawing,drawing.annotation.DWG-ANO-S038-002,ENT-GIRDER-AG2,APPROVED_REPORT_DRAWING_GOLDEN,,,drawingSpecification,drawing_item,DWG-01321,,CONFIRMED,MAPPED,promotion APPROVED_REPORT_DRAWING_GOLDEN
G-DWG-1322,drawing,drawing.annotation.DWG-ANO-S039-002,ENT-STUD,APPROVED_REPORT_DRAWING_GOLDEN,,,drawingSpecification,drawing_item,DWG-01322,,CONFIRMED,MAPPED,promotion APPROVED_REPORT_DRAWING_GOLDEN
G-DWG-1323,drawing,drawing.annotation.DWG-ANO-S040-002,ENT-STUD,APPROVED_REPORT_DRAWING_GOLDEN,,,drawingSpecification,drawing_item,DWG-01323,,CONFIRMED,MAPPED,promotion APPROVED_REPORT_DRAWING_GOLDEN
G-DWG-1324,drawing,drawing.annotation.DWG-ANO-S041-002,ENT-STUD,APPROVED_REPORT_DRAWING_GOLDEN,,,drawingSpecification,drawing_item,DWG-01324,,CONFIRMED,MAPPED,promotion APPROVED_REPORT_DRAWING_GOLDEN
G-DWG-1325,drawing,drawing.annotation.DWG-ANO-S042-002,ENT-STUD,APPROVED_REPORT_DRAWING_GOLDEN,,,drawingSpecification,drawing_item,DWG-01325,,CONFIRMED,MAPPED,promotion APPROVED_REPORT_DRAWING_GOLDEN
G-DWG-1326,drawing,drawing.annotation.DWG-ANO-S043-002,ENT-STUD,APPROVED_REPORT_DRAWING_GOLDEN,,,drawingSpecification,drawing_item,DWG-01326,,CONFIRMED,MAPPED,promotion APPROVED_REPORT_DRAWING_GOLDEN
G-DWG-1327,drawing,drawing.annotation.DWG-ANO-S044-003,ENT-STUD,APPROVED_REPORT_DRAWING_GOLDEN,,,drawingSpecification,drawing_item,DWG-01327,,CONFIRMED,MAPPED,promotion APPROVED_REPORT_DRAWING_GOLDEN
G-DWG-1328,drawing,drawing.annotation.DWG-ANO-S001-004,ENT-LINE-ACL,APPROVED_REPORT_DRAWING_GOLDEN,,,drawingSpecification,drawing_item,DWG-01328,,CONFIRMED,MAPPED,promotion APPROVED_REPORT_DRAWING_GOLDEN
G-DWG-1329,drawing,drawing.annotation.DWG-ANO-S001-005,ENT-LINE-ACL,APPROVED_REPORT_DRAWING_GOLDEN,,,drawingSpecification,drawing_item,DWG-01329,,CONFIRMED,MAPPED,promotion APPROVED_REPORT_DRAWING_GOLDEN
G-DWG-1330,drawing,drawing.annotation.DWG-ANO-S002-003,ENT-LINE-ACL,APPROVED_REPORT_DRAWING_GOLDEN,,,drawingSpecification,drawing_item,DWG-01330,,CONFIRMED,MAPPED,promotion APPROVED_REPORT_DRAWING_GOLDEN
G-DWG-1331,drawing,drawing.annotation.DWG-ANO-S002-004,ENT-LINE-ACL,APPROVED_REPORT_DRAWING_GOLDEN,,,drawingSpecification,drawing_item,DWG-01331,,CONFIRMED,MAPPED,promotion APPROVED_REPORT_DRAWING_GOLDEN
G-DWG-1332,drawing,drawing.annotation.DWG-ANO-S003-003,ENT-LINE-ACL,APPROVED_REPORT_DRAWING_GOLDEN,,,drawingSpecification,drawing_item,DWG-01332,,CONFIRMED,MAPPED,promotion APPROVED_REPORT_DRAWING_GOLDEN
G-DWG-1333,drawing,drawing.annotation.DWG-ANO-S003-004,ENT-LINE-ACL,APPROVED_REPORT_DRAWING_GOLDEN,,,drawingSpecification,drawing_item,DWG-01333,,CONFIRMED,MAPPED,promotion APPROVED_REPORT_DRAWING_GOLDEN
G-DWG-1334,drawing,drawing.annotation.DWG-ANO-S004-003,ENT-LINE-ACL,APPROVED_REPORT_DRAWING_GOLDEN,,,drawingSpecification,drawing_item,DWG-01334,,CONFIRMED,MAPPED,promotion APPROVED_REPORT_DRAWING_GOLDEN
G-DWG-1335,drawing,drawing.annotation.DWG-ANO-S004-004,ENT-LINE-ACL,APPROVED_REPORT_DRAWING_GOLDEN,,,drawingSpecification,drawing_item,DWG-01335,,CONFIRMED,MAPPED,promotion APPROVED_REPORT_DRAWING_GOLDEN
G-DWG-1336,drawing,drawing.annotation.DWG-ANO-S005-003,ENT-LINE-ACL,APPROVED_REPORT_DRAWING_GOLDEN,,,drawingSpecification,drawing_item,DWG-01336,,CONFIRMED,MAPPED,promotion APPROVED_REPORT_DRAWING_GOLDEN
G-DWG-1337,drawing,drawing.annotation.DWG-ANO-S005-004,ENT-LINE-ACL,APPROVED_REPORT_DRAWING_GOLDEN,,,drawingSpecification,drawing_item,DWG-01337,,CONFIRMED,MAPPED,promotion APPROVED_REPORT_DRAWING_GOLDEN
G-DWG-1338,drawing,drawing.annotation.DWG-ANO-S006-003,ENT-LINE-ACL,APPROVED_REPORT_DRAWING_GOLDEN,,,drawingSpecification,drawing_item,DWG-01338,,CONFIRMED,MAPPED,promotion APPROVED_REPORT_DRAWING_GOLDEN
G-DWG-1339,drawing,drawing.annotation.DWG-ANO-S006-004,ENT-LINE-ACL,APPROVED_REPORT_DRAWING_GOLDEN,,,drawingSpecification,drawing_item,DWG-01339,,CONFIRMED,MAPPED,promotion APPROVED_REPORT_DRAWING_GOLDEN
G-DWG-1340,drawing,drawing.annotation.DWG-ANO-S007-003,ENT-LINE-ACL,APPROVED_REPORT_DRAWING_GOLDEN,,,drawingSpecification,drawing_item,DWG-01340,,CONFIRMED,MAPPED,promotion APPROVED_REPORT_DRAWING_GOLDEN
G-DWG-1341,drawing,drawing.annotation.DWG-ANO-S007-004,ENT-LINE-ACL,APPROVED_REPORT_DRAWING_GOLDEN,,,drawingSpecification,drawing_item,DWG-01341,,CONFIRMED,MAPPED,promotion APPROVED_REPORT_DRAWING_GOLDEN
G-DWG-1342,drawing,drawing.annotation.DWG-ANO-S008-004,ENT-LINE-ACL,APPROVED_REPORT_DRAWING_GOLDEN,,,drawingSpecification,drawing_item,DWG-01342,,CONFIRMED,MAPPED,promotion APPROVED_REPORT_DRAWING_GOLDEN
G-DWG-1343,drawing,drawing.annotation.DWG-ANO-S008-005,ENT-LINE-ACL,APPROVED_REPORT_DRAWING_GOLDEN,,,drawingSpecification,drawing_item,DWG-01343,,CONFIRMED,MAPPED,promotion APPROVED_REPORT_DRAWING_GOLDEN
G-DWG-1344,drawing,drawing.annotation.DWG-ANO-S009-004,ENT-DECK,APPROVED_REPORT_DRAWING_GOLDEN,,,drawingSpecification,drawing_item,DWG-01344,,CONFIRMED,MAPPED,promotion APPROVED_REPORT_DRAWING_GOLDEN
G-DWG-1345,drawing,drawing.annotation.DWG-ANO-S009-005,ENT-DECK,APPROVED_REPORT_DRAWING_GOLDEN,,,drawingSpecification,drawing_item,DWG-01345,,CONFIRMED,MAPPED,promotion APPROVED_REPORT_DRAWING_GOLDEN
G-DWG-1346,drawing,drawing.annotation.DWG-ANO-S010-003,ENT-LINE-ACL,APPROVED_REPORT_DRAWING_GOLDEN,,,drawingSpecification,drawing_item,DWG-01346,,CONFIRMED,MAPPED,promotion APPROVED_REPORT_DRAWING_GOLDEN
G-DWG-1347,drawing,drawing.annotation.DWG-ANO-S010-004,ENT-LINE-ACL,APPROVED_REPORT_DRAWING_GOLDEN,,,drawingSpecification,drawing_item,DWG-01347,,CONFIRMED,MAPPED,promotion APPROVED_REPORT_DRAWING_GOLDEN
G-DWG-1348,drawing,drawing.annotation.DWG-ANO-S011-003,ENT-LINE-ACL,APPROVED_REPORT_DRAWING_GOLDEN,,,drawingSpecification,drawing_item,DWG-01348,,CONFIRMED,MAPPED,promotion APPROVED_REPORT_DRAWING_GOLDEN
G-DWG-1349,drawing,drawing.annotation.DWG-ANO-S011-004,ENT-LINE-ACL,APPROVED_REPORT_DRAWING_GOLDEN,,,drawingSpecification,drawing_item,DWG-01349,,CONFIRMED,MAPPED,promotion APPROVED_REPORT_DRAWING_GOLDEN
G-DWG-1350,drawing,drawing.annotation.DWG-ANO-S012-005,ENT-LINE-ACL,APPROVED_REPORT_DRAWING_GOLDEN,,,drawingSpecification,drawing_item,DWG-01350,,CONFIRMED,MAPPED,promotion APPROVED_REPORT_DRAWING_GOLDEN
G-DWG-1351,drawing,drawing.annotation.DWG-ANO-S012-006,ENT-LINE-ACL,APPROVED_REPORT_DRAWING_GOLDEN,,,drawingSpecification,drawing_item,DWG-01351,,CONFIRMED,MAPPED,promotion APPROVED_REPORT_DRAWING_GOLDEN
G-DWG-1352,drawing,drawing.annotation.DWG-ANO-S013-002,ENT-GIRDER-AG1,APPROVED_REPORT_DRAWING_GOLDEN,,,drawingSpecification,drawing_item,DWG-01352,,CONFIRMED,MAPPED,promotion APPROVED_REPORT_DRAWING_GOLDEN
G-DWG-1353,drawing,drawing.annotation.DWG-ANO-S013-003,ENT-GIRDER-AG1,APPROVED_REPORT_DRAWING_GOLDEN,,,drawingSpecification,drawing_item,DWG-01353,,CONFIRMED,MAPPED,promotion APPROVED_REPORT_DRAWING_GOLDEN
G-DWG-1354,drawing,drawing.annotation.DWG-ANO-S014-002,ENT-GIRDER-AG2,APPROVED_REPORT_DRAWING_GOLDEN,,,drawingSpecification,drawing_item,DWG-01354,,CONFIRMED,MAPPED,promotion APPROVED_REPORT_DRAWING_GOLDEN
G-DWG-1355,drawing,drawing.annotation.DWG-ANO-S014-003,ENT-GIRDER-AG2,APPROVED_REPORT_DRAWING_GOLDEN,,,drawingSpecification,drawing_item,DWG-01355,,CONFIRMED,MAPPED,promotion APPROVED_REPORT_DRAWING_GOLDEN
G-DWG-1356,drawing,drawing.annotation.DWG-ANO-S015-002,ENT-DECK,APPROVED_REPORT_DRAWING_GOLDEN,,,drawingSpecification,drawing_item,DWG-01356,,CONFIRMED,MAPPED,promotion APPROVED_REPORT_DRAWING_GOLDEN
G-DWG-1357,drawing,drawing.annotation.DWG-ANO-S015-003,ENT-DECK,APPROVED_REPORT_DRAWING_GOLDEN,,,drawingSpecification,drawing_item,DWG-01357,,CONFIRMED,MAPPED,promotion APPROVED_REPORT_DRAWING_GOLDEN
G-DWG-1358,drawing,drawing.annotation.DWG-ANO-S016-002,ENT-DECK,APPROVED_REPORT_DRAWING_GOLDEN,,,drawingSpecification,drawing_item,DWG-01358,,CONFIRMED,MAPPED,promotion APPROVED_REPORT_DRAWING_GOLDEN
G-DWG-1359,drawing,drawing.annotation.DWG-ANO-S016-003,ENT-DECK,APPROVED_REPORT_DRAWING_GOLDEN,,,drawingSpecification,drawing_item,DWG-01359,,CONFIRMED,MAPPED,promotion APPROVED_REPORT_DRAWING_GOLDEN
G-DWG-1360,drawing,drawing.annotation.DWG-ANO-S017-004,ENT-LINE-ACL,APPROVED_REPORT_DRAWING_GOLDEN,,,drawingSpecification,drawing_item,DWG-01360,,CONFIRMED,MAPPED,promotion APPROVED_REPORT_DRAWING_GOLDEN
G-DWG-1361,drawing,drawing.annotation.DWG-ANO-S017-005,ENT-LINE-ACL,APPROVED_REPORT_DRAWING_GOLDEN,,,drawingSpecification,drawing_item,DWG-01361,,CONFIRMED,MAPPED,promotion APPROVED_REPORT_DRAWING_GOLDEN
G-DWG-1362,drawing,drawing.annotation.DWG-ANO-S018-003,ENT-LINE-ACL,APPROVED_REPORT_DRAWING_GOLDEN,,,drawingSpecification,drawing_item,DWG-01362,,CONFIRMED,MAPPED,promotion APPROVED_REPORT_DRAWING_GOLDEN
G-DWG-1363,drawing,drawing.annotation.DWG-ANO-S018-004,ENT-LINE-ACL,APPROVED_REPORT_DRAWING_GOLDEN,,,drawingSpecification,drawing_item,DWG-01363,,CONFIRMED,MAPPED,promotion APPROVED_REPORT_DRAWING_GOLDEN
G-DWG-1364,drawing,drawing.annotation.DWG-ANO-S019-004,ENT-LINE-ACL,APPROVED_REPORT_DRAWING_GOLDEN,,,drawingSpecification,drawing_item,DWG-01364,,CONFIRMED,MAPPED,promotion APPROVED_REPORT_DRAWING_GOLDEN
G-DWG-1365,drawing,drawing.annotation.DWG-ANO-S019-005,ENT-LINE-ACL,APPROVED_REPORT_DRAWING_GOLDEN,,,drawingSpecification,drawing_item,DWG-01365,,CONFIRMED,MAPPED,promotion APPROVED_REPORT_DRAWING_GOLDEN
G-DWG-1366,drawing,drawing.annotation.DWG-ANO-S020-004,ENT-LINE-ACL,APPROVED_REPORT_DRAWING_GOLDEN,,,drawingSpecification,drawing_item,DWG-01366,,CONFIRMED,MAPPED,promotion APPROVED_REPORT_DRAWING_GOLDEN
G-DWG-1367,drawing,drawing.annotation.DWG-ANO-S020-005,ENT-LINE-ACL,APPROVED_REPORT_DRAWING_GOLDEN,,,drawingSpecification,drawing_item,DWG-01367,,CONFIRMED,MAPPED,promotion APPROVED_REPORT_DRAWING_GOLDEN
G-DWG-1368,drawing,drawing.annotation.DWG-ANO-S021-003,ENT-GIRDER-AG1,APPROVED_REPORT_DRAWING_GOLDEN,,,drawingSpecification,drawing_item,DWG-01368,,CONFIRMED,MAPPED,promotion APPROVED_REPORT_DRAWING_GOLDEN
G-DWG-1369,drawing,drawing.annotation.DWG-ANO-S021-004,ENT-GIRDER-AG1,APPROVED_REPORT_DRAWING_GOLDEN,,,drawingSpecification,drawing_item,DWG-01369,,CONFIRMED,MAPPED,promotion APPROVED_REPORT_DRAWING_GOLDEN
G-DWG-1370,drawing,drawing.annotation.DWG-ANO-S022-003,ENT-GIRDER-AG1,APPROVED_REPORT_DRAWING_GOLDEN,,,drawingSpecification,drawing_item,DWG-01370,,CONFIRMED,MAPPED,promotion APPROVED_REPORT_DRAWING_GOLDEN
G-DWG-1371,drawing,drawing.annotation.DWG-ANO-S022-004,ENT-GIRDER-AG1,APPROVED_REPORT_DRAWING_GOLDEN,,,drawingSpecification,drawing_item,DWG-01371,,CONFIRMED,MAPPED,promotion APPROVED_REPORT_DRAWING_GOLDEN
G-DWG-1372,drawing,drawing.annotation.DWG-ANO-S023-004,ENT-GIRDER-AG1,APPROVED_REPORT_DRAWING_GOLDEN,,,drawingSpecification,drawing_item,DWG-01372,,CONFIRMED,MAPPED,promotion APPROVED_REPORT_DRAWING_GOLDEN
G-DWG-1373,drawing,drawing.annotation.DWG-ANO-S023-005,ENT-GIRDER-AG1,APPROVED_REPORT_DRAWING_GOLDEN,,,drawingSpecification,drawing_item,DWG-01373,,CONFIRMED,MAPPED,promotion APPROVED_REPORT_DRAWING_GOLDEN
G-DWG-1374,drawing,drawing.annotation.DWG-ANO-S024-003,ENT-GIRDER-AG1,APPROVED_REPORT_DRAWING_GOLDEN,,,drawingSpecification,drawing_item,DWG-01374,,CONFIRMED,MAPPED,promotion APPROVED_REPORT_DRAWING_GOLDEN
G-DWG-1375,drawing,drawing.annotation.DWG-ANO-S024-004,ENT-GIRDER-AG1,APPROVED_REPORT_DRAWING_GOLDEN,,,drawingSpecification,drawing_item,DWG-01375,,CONFIRMED,MAPPED,promotion APPROVED_REPORT_DRAWING_GOLDEN
G-DWG-1376,drawing,drawing.annotation.DWG-ANO-S025-003,ENT-GIRDER-AG1,APPROVED_REPORT_DRAWING_GOLDEN,,,drawingSpecification,drawing_item,DWG-01376,,CONFIRMED,MAPPED,promotion APPROVED_REPORT_DRAWING_GOLDEN
G-DWG-1377,drawing,drawing.annotation.DWG-ANO-S025-004,ENT-GIRDER-AG1,APPROVED_REPORT_DRAWING_GOLDEN,,,drawingSpecification,drawing_item,DWG-01377,,CONFIRMED,MAPPED,promotion APPROVED_REPORT_DRAWING_GOLDEN
G-DWG-1378,drawing,drawing.annotation.DWG-ANO-S026-004,ENT-GIRDER-AG1,APPROVED_REPORT_DRAWING_GOLDEN,,,drawingSpecification,drawing_item,DWG-01378,,CONFIRMED,MAPPED,promotion APPROVED_REPORT_DRAWING_GOLDEN
G-DWG-1379,drawing,drawing.annotation.DWG-ANO-S026-005,ENT-GIRDER-AG1,APPROVED_REPORT_DRAWING_GOLDEN,,,drawingSpecification,drawing_item,DWG-01379,,CONFIRMED,MAPPED,promotion APPROVED_REPORT_DRAWING_GOLDEN
G-DWG-1380,drawing,drawing.annotation.DWG-ANO-S027-003,ENT-GIRDER-AG1,APPROVED_REPORT_DRAWING_GOLDEN,,,drawingSpecification,drawing_item,DWG-01380,,CONFIRMED,MAPPED,promotion APPROVED_REPORT_DRAWING_GOLDEN
G-DWG-1381,drawing,drawing.annotation.DWG-ANO-S027-004,ENT-GIRDER-AG1,APPROVED_REPORT_DRAWING_GOLDEN,,,drawingSpecification,drawing_item,DWG-01381,,CONFIRMED,MAPPED,promotion APPROVED_REPORT_DRAWING_GOLDEN
G-DWG-1382,drawing,drawing.annotation.DWG-ANO-S028-003,ENT-GIRDER-AG1,APPROVED_REPORT_DRAWING_GOLDEN,,,drawingSpecification,drawing_item,DWG-01382,,CONFIRMED,MAPPED,promotion APPROVED_REPORT_DRAWING_GOLDEN
G-DWG-1383,drawing,drawing.annotation.DWG-ANO-S028-004,ENT-GIRDER-AG1,APPROVED_REPORT_DRAWING_GOLDEN,,,drawingSpecification,drawing_item,DWG-01383,,CONFIRMED,MAPPED,promotion APPROVED_REPORT_DRAWING_GOLDEN
G-DWG-1384,drawing,drawing.annotation.DWG-ANO-S029-003,ENT-GIRDER-AG1,APPROVED_REPORT_DRAWING_GOLDEN,,,drawingSpecification,drawing_item,DWG-01384,,CONFIRMED,MAPPED,promotion APPROVED_REPORT_DRAWING_GOLDEN
G-DWG-1385,drawing,drawing.annotation.DWG-ANO-S029-004,ENT-GIRDER-AG1,APPROVED_REPORT_DRAWING_GOLDEN,,,drawingSpecification,drawing_item,DWG-01385,,CONFIRMED,MAPPED,promotion APPROVED_REPORT_DRAWING_GOLDEN
G-DWG-1386,drawing,drawing.annotation.DWG-ANO-S030-003,ENT-GIRDER-AG2,APPROVED_REPORT_DRAWING_GOLDEN,,,drawingSpecification,drawing_item,DWG-01386,,CONFIRMED,MAPPED,promotion APPROVED_REPORT_DRAWING_GOLDEN
G-DWG-1387,drawing,drawing.annotation.DWG-ANO-S030-004,ENT-GIRDER-AG2,APPROVED_REPORT_DRAWING_GOLDEN,,,drawingSpecification,drawing_item,DWG-01387,,CONFIRMED,MAPPED,promotion APPROVED_REPORT_DRAWING_GOLDEN
G-DWG-1388,drawing,drawing.annotation.DWG-ANO-S031-003,ENT-GIRDER-AG2,APPROVED_REPORT_DRAWING_GOLDEN,,,drawingSpecification,drawing_item,DWG-01388,,CONFIRMED,MAPPED,promotion APPROVED_REPORT_DRAWING_GOLDEN
G-DWG-1389,drawing,drawing.annotation.DWG-ANO-S031-004,ENT-GIRDER-AG2,APPROVED_REPORT_DRAWING_GOLDEN,,,drawingSpecification,drawing_item,DWG-01389,,CONFIRMED,MAPPED,promotion APPROVED_REPORT_DRAWING_GOLDEN
G-DWG-1390,drawing,drawing.annotation.DWG-ANO-S032-003,ENT-GIRDER-AG2,APPROVED_REPORT_DRAWING_GOLDEN,,,drawingSpecification,drawing_item,DWG-01390,,CONFIRMED,MAPPED,promotion APPROVED_REPORT_DRAWING_GOLDEN
G-DWG-1391,drawing,drawing.annotation.DWG-ANO-S032-004,ENT-GIRDER-AG2,APPROVED_REPORT_DRAWING_GOLDEN,,,drawingSpecification,drawing_item,DWG-01391,,CONFIRMED,MAPPED,promotion APPROVED_REPORT_DRAWING_GOLDEN
G-DWG-1392,drawing,drawing.annotation.DWG-ANO-S033-003,ENT-GIRDER-AG2,APPROVED_REPORT_DRAWING_GOLDEN,,,drawingSpecification,drawing_item,DWG-01392,,CONFIRMED,MAPPED,promotion APPROVED_REPORT_DRAWING_GOLDEN
G-DWG-1393,drawing,drawing.annotation.DWG-ANO-S033-004,ENT-GIRDER-AG2,APPROVED_REPORT_DRAWING_GOLDEN,,,drawingSpecification,drawing_item,DWG-01393,,CONFIRMED,MAPPED,promotion APPROVED_REPORT_DRAWING_GOLDEN
G-DWG-1394,drawing,drawing.annotation.DWG-ANO-S034-003,ENT-GIRDER-AG2,APPROVED_REPORT_DRAWING_GOLDEN,,,drawingSpecification,drawing_item,DWG-01394,,CONFIRMED,MAPPED,promotion APPROVED_REPORT_DRAWING_GOLDEN
G-DWG-1395,drawing,drawing.annotation.DWG-ANO-S034-004,ENT-GIRDER-AG2,APPROVED_REPORT_DRAWING_GOLDEN,,,drawingSpecification,drawing_item,DWG-01395,,CONFIRMED,MAPPED,promotion APPROVED_REPORT_DRAWING_GOLDEN
G-DWG-1396,drawing,drawing.annotation.DWG-ANO-S035-003,ENT-GIRDER-AG2,APPROVED_REPORT_DRAWING_GOLDEN,,,drawingSpecification,drawing_item,DWG-01396,,CONFIRMED,MAPPED,promotion APPROVED_REPORT_DRAWING_GOLDEN
G-DWG-1397,drawing,drawing.annotation.DWG-ANO-S035-004,ENT-GIRDER-AG2,APPROVED_REPORT_DRAWING_GOLDEN,,,drawingSpecification,drawing_item,DWG-01397,,CONFIRMED,MAPPED,promotion APPROVED_REPORT_DRAWING_GOLDEN
G-DWG-1398,drawing,drawing.annotation.DWG-ANO-S036-003,ENT-GIRDER-AG2,APPROVED_REPORT_DRAWING_GOLDEN,,,drawingSpecification,drawing_item,DWG-01398,,CONFIRMED,MAPPED,promotion APPROVED_REPORT_DRAWING_GOLDEN
G-DWG-1399,drawing,drawing.annotation.DWG-ANO-S036-004,ENT-GIRDER-AG2,APPROVED_REPORT_DRAWING_GOLDEN,,,drawingSpecification,drawing_item,DWG-01399,,CONFIRMED,MAPPED,promotion APPROVED_REPORT_DRAWING_GOLDEN
G-DWG-1400,drawing,drawing.annotation.DWG-ANO-S037-003,ENT-GIRDER-AG2,APPROVED_REPORT_DRAWING_GOLDEN,,,drawingSpecification,drawing_item,DWG-01400,,CONFIRMED,MAPPED,promotion APPROVED_REPORT_DRAWING_GOLDEN
G-DWG-1401,drawing,drawing.annotation.DWG-ANO-S037-004,ENT-GIRDER-AG2,APPROVED_REPORT_DRAWING_GOLDEN,,,drawingSpecification,drawing_item,DWG-01401,,CONFIRMED,MAPPED,promotion APPROVED_REPORT_DRAWING_GOLDEN
G-DWG-1402,drawing,drawing.annotation.DWG-ANO-S038-003,ENT-GIRDER-AG2,APPROVED_REPORT_DRAWING_GOLDEN,,,drawingSpecification,drawing_item,DWG-01402,,CONFIRMED,MAPPED,promotion APPROVED_REPORT_DRAWING_GOLDEN
G-DWG-1403,drawing,drawing.annotation.DWG-ANO-S038-004,ENT-GIRDER-AG2,APPROVED_REPORT_DRAWING_GOLDEN,,,drawingSpecification,drawing_item,DWG-01403,,CONFIRMED,MAPPED,promotion APPROVED_REPORT_DRAWING_GOLDEN
G-DWG-1404,drawing,drawing.annotation.DWG-ANO-S039-003,ENT-STUD,APPROVED_REPORT_DRAWING_GOLDEN,,,drawingSpecification,drawing_item,DWG-01404,,CONFIRMED,MAPPED,promotion APPROVED_REPORT_DRAWING_GOLDEN
G-DWG-1405,drawing,drawing.annotation.DWG-ANO-S039-004,ENT-STUD,APPROVED_REPORT_DRAWING_GOLDEN,,,drawingSpecification,drawing_item,DWG-01405,,CONFIRMED,MAPPED,promotion APPROVED_REPORT_DRAWING_GOLDEN
G-DWG-1406,drawing,drawing.annotation.DWG-ANO-S040-003,ENT-STUD,APPROVED_REPORT_DRAWING_GOLDEN,,,drawingSpecification,drawing_item,DWG-01406,,CONFIRMED,MAPPED,promotion APPROVED_REPORT_DRAWING_GOLDEN
G-DWG-1407,drawing,drawing.annotation.DWG-ANO-S040-004,ENT-STUD,APPROVED_REPORT_DRAWING_GOLDEN,,,drawingSpecification,drawing_item,DWG-01407,,CONFIRMED,MAPPED,promotion APPROVED_REPORT_DRAWING_GOLDEN
G-DWG-1408,drawing,drawing.annotation.DWG-ANO-S041-003,ENT-STUD,APPROVED_REPORT_DRAWING_GOLDEN,,,drawingSpecification,drawing_item,DWG-01408,,CONFIRMED,MAPPED,promotion APPROVED_REPORT_DRAWING_GOLDEN
G-DWG-1409,drawing,drawing.annotation.DWG-ANO-S041-004,ENT-STUD,APPROVED_REPORT_DRAWING_GOLDEN,,,drawingSpecification,drawing_item,DWG-01409,,CONFIRMED,MAPPED,promotion APPROVED_REPORT_DRAWING_GOLDEN
G-DWG-1410,drawing,drawing.annotation.DWG-ANO-S042-003,ENT-STUD,APPROVED_REPORT_DRAWING_GOLDEN,,,drawingSpecification,drawing_item,DWG-01410,,CONFIRMED,MAPPED,promotion APPROVED_REPORT_DRAWING_GOLDEN
G-DWG-1411,drawing,drawing.annotation.DWG-ANO-S042-004,ENT-STUD,APPROVED_REPORT_DRAWING_GOLDEN,,,drawingSpecification,drawing_item,DWG-01411,,CONFIRMED,MAPPED,promotion APPROVED_REPORT_DRAWING_GOLDEN
G-DWG-1412,drawing,drawing.annotation.DWG-ANO-S043-003,ENT-STUD,APPROVED_REPORT_DRAWING_GOLDEN,,,drawingSpecification,drawing_item,DWG-01412,,CONFIRMED,MAPPED,promotion APPROVED_REPORT_DRAWING_GOLDEN
G-DWG-1413,drawing,drawing.annotation.DWG-ANO-S043-004,ENT-STUD,APPROVED_REPORT_DRAWING_GOLDEN,,,drawingSpecification,drawing_item,DWG-01413,,CONFIRMED,MAPPED,promotion APPROVED_REPORT_DRAWING_GOLDEN
G-DWG-1414,drawing,drawing.annotation.DWG-ANO-S044-004,ENT-STUD,APPROVED_REPORT_DRAWING_GOLDEN,,,drawingSpecification,drawing_item,DWG-01414,,CONFIRMED,MAPPED,promotion APPROVED_REPORT_DRAWING_GOLDEN
G-DWG-1415,drawing,drawing.annotation.DWG-ANO-S044-005,ENT-STUD,APPROVED_REPORT_DRAWING_GOLDEN,,,drawingSpecification,drawing_item,DWG-01415,,CONFIRMED,MAPPED,promotion APPROVED_REPORT_DRAWING_GOLDEN
G-DWG-1416,drawing,drawing.annotation.DWG-ANO-S021-005,ENT-GIRDER-AG1,APPROVED_REPORT_DRAWING_GOLDEN,,,drawingSpecification,drawing_item,DWG-01416,,CONFIRMED,MAPPED,promotion APPROVED_REPORT_DRAWING_GOLDEN
G-DWG-1417,drawing,drawing.annotation.DWG-ANO-S021-006,ENT-GIRDER-AG1,APPROVED_REPORT_DRAWING_GOLDEN,,,drawingSpecification,drawing_item,DWG-01417,,CONFIRMED,MAPPED,promotion APPROVED_REPORT_DRAWING_GOLDEN
G-DWG-1418,drawing,drawing.annotation.DWG-ANO-S021-007,ENT-GIRDER-AG1,APPROVED_REPORT_DRAWING_GOLDEN,,,drawingSpecification,drawing_item,DWG-01418,,CONFIRMED,MAPPED,promotion APPROVED_REPORT_DRAWING_GOLDEN
G-DWG-1419,drawing,drawing.annotation.DWG-ANO-S021-008,ENT-GIRDER-AG1,APPROVED_REPORT_DRAWING_GOLDEN,,,drawingSpecification,drawing_item,DWG-01419,,CONFIRMED,MAPPED,promotion APPROVED_REPORT_DRAWING_GOLDEN
G-DWG-1420,drawing,drawing.annotation.DWG-ANO-S021-009,ENT-GIRDER-AG1,APPROVED_REPORT_DRAWING_GOLDEN,,,drawingSpecification,drawing_item,DWG-01420,,CONFIRMED,MAPPED,promotion APPROVED_REPORT_DRAWING_GOLDEN
G-DWG-1421,drawing,drawing.annotation.DWG-ANO-S021-010,ENT-GIRDER-AG1,APPROVED_REPORT_DRAWING_GOLDEN,,,drawingSpecification,drawing_item,DWG-01421,,CONFIRMED,MAPPED,promotion APPROVED_REPORT_DRAWING_GOLDEN
G-DWG-1422,drawing,drawing.annotation.DWG-ANO-S021-011,ENT-GIRDER-AG1,APPROVED_REPORT_DRAWING_GOLDEN,,,drawingSpecification,drawing_item,DWG-01422,,CONFIRMED,MAPPED,promotion APPROVED_REPORT_DRAWING_GOLDEN
G-DWG-1423,drawing,drawing.annotation.DWG-ANO-S021-012,ENT-GIRDER-AG1,APPROVED_REPORT_DRAWING_GOLDEN,,,drawingSpecification,drawing_item,DWG-01423,,CONFIRMED,MAPPED,promotion APPROVED_REPORT_DRAWING_GOLDEN
G-DWG-1424,drawing,drawing.annotation.DWG-ANO-S021-013,ENT-GIRDER-AG1,APPROVED_REPORT_DRAWING_GOLDEN,,,drawingSpecification,drawing_item,DWG-01424,,CONFIRMED,MAPPED,promotion APPROVED_REPORT_DRAWING_GOLDEN
G-DWG-1425,drawing,drawing.annotation.DWG-ANO-S021-014,ENT-GIRDER-AG1,APPROVED_REPORT_DRAWING_GOLDEN,,,drawingSpecification,drawing_item,DWG-01425,,CONFIRMED,MAPPED,promotion APPROVED_REPORT_DRAWING_GOLDEN
G-DWG-1426,drawing,drawing.annotation.DWG-ANO-S021-015,ENT-GIRDER-AG1,APPROVED_REPORT_DRAWING_GOLDEN,,,drawingSpecification,drawing_item,DWG-01426,,CONFIRMED,MAPPED,promotion APPROVED_REPORT_DRAWING_GOLDEN
G-DWG-1427,drawing,drawing.annotation.DWG-ANO-S021-016,ENT-GIRDER-AG1,APPROVED_REPORT_DRAWING_GOLDEN,,,drawingSpecification,drawing_item,DWG-01427,,CONFIRMED,MAPPED,promotion APPROVED_REPORT_DRAWING_GOLDEN
G-DWG-1428,drawing,drawing.annotation.DWG-ANO-S021-017,ENT-GIRDER-AG1,APPROVED_REPORT_DRAWING_GOLDEN,,,drawingSpecification,drawing_item,DWG-01428,,CONFIRMED,MAPPED,promotion APPROVED_REPORT_DRAWING_GOLDEN
G-DWG-1429,drawing,drawing.annotation.DWG-ANO-S021-018,ENT-GIRDER-AG1,APPROVED_REPORT_DRAWING_GOLDEN,,,drawingSpecification,drawing_item,DWG-01429,,CONFIRMED,MAPPED,promotion APPROVED_REPORT_DRAWING_GOLDEN
G-DWG-1430,drawing,drawing.annotation.DWG-ANO-S021-019,ENT-GIRDER-AG1,APPROVED_REPORT_DRAWING_GOLDEN,,,drawingSpecification,drawing_item,DWG-01430,,CONFIRMED,MAPPED,promotion APPROVED_REPORT_DRAWING_GOLDEN
G-DWG-1431,drawing,drawing.annotation.DWG-ANO-S021-020,ENT-GIRDER-AG1,APPROVED_REPORT_DRAWING_GOLDEN,,,drawingSpecification,drawing_item,DWG-01431,,CONFIRMED,MAPPED,promotion APPROVED_REPORT_DRAWING_GOLDEN
G-DWG-1432,drawing,drawing.annotation.DWG-ANO-S022-005,ENT-GIRDER-AG1,APPROVED_REPORT_DRAWING_GOLDEN,,,drawingSpecification,drawing_item,DWG-01432,,CONFIRMED,MAPPED,promotion APPROVED_REPORT_DRAWING_GOLDEN
G-DWG-1433,drawing,drawing.annotation.DWG-ANO-S022-006,ENT-GIRDER-AG1,APPROVED_REPORT_DRAWING_GOLDEN,,,drawingSpecification,drawing_item,DWG-01433,,CONFIRMED,MAPPED,promotion APPROVED_REPORT_DRAWING_GOLDEN
G-DWG-1434,drawing,drawing.annotation.DWG-ANO-S022-007,ENT-GIRDER-AG1,APPROVED_REPORT_DRAWING_GOLDEN,,,drawingSpecification,drawing_item,DWG-01434,,CONFIRMED,MAPPED,promotion APPROVED_REPORT_DRAWING_GOLDEN
G-DWG-1435,drawing,drawing.annotation.DWG-ANO-S022-008,ENT-GIRDER-AG1,APPROVED_REPORT_DRAWING_GOLDEN,,,drawingSpecification,drawing_item,DWG-01435,,CONFIRMED,MAPPED,promotion APPROVED_REPORT_DRAWING_GOLDEN
G-DWG-1436,drawing,drawing.annotation.DWG-ANO-S022-009,ENT-GIRDER-AG1,APPROVED_REPORT_DRAWING_GOLDEN,,,drawingSpecification,drawing_item,DWG-01436,,CONFIRMED,MAPPED,promotion APPROVED_REPORT_DRAWING_GOLDEN
G-DWG-1437,drawing,drawing.annotation.DWG-ANO-S022-010,ENT-GIRDER-AG1,APPROVED_REPORT_DRAWING_GOLDEN,,,drawingSpecification,drawing_item,DWG-01437,,CONFIRMED,MAPPED,promotion APPROVED_REPORT_DRAWING_GOLDEN
G-DWG-1438,drawing,drawing.annotation.DWG-ANO-S022-011,ENT-GIRDER-AG1,APPROVED_REPORT_DRAWING_GOLDEN,,,drawingSpecification,drawing_item,DWG-01438,,CONFIRMED,MAPPED,promotion APPROVED_REPORT_DRAWING_GOLDEN
G-DWG-1439,drawing,drawing.annotation.DWG-ANO-S022-012,ENT-GIRDER-AG1,APPROVED_REPORT_DRAWING_GOLDEN,,,drawingSpecification,drawing_item,DWG-01439,,CONFIRMED,MAPPED,promotion APPROVED_REPORT_DRAWING_GOLDEN
G-DWG-1440,drawing,drawing.annotation.DWG-ANO-S022-013,ENT-GIRDER-AG1,APPROVED_REPORT_DRAWING_GOLDEN,,,drawingSpecification,drawing_item,DWG-01440,,CONFIRMED,MAPPED,promotion APPROVED_REPORT_DRAWING_GOLDEN
G-DWG-1441,drawing,drawing.annotation.DWG-ANO-S022-014,ENT-GIRDER-AG1,APPROVED_REPORT_DRAWING_GOLDEN,,,drawingSpecification,drawing_item,DWG-01441,,CONFIRMED,MAPPED,promotion APPROVED_REPORT_DRAWING_GOLDEN
G-DWG-1442,drawing,drawing.annotation.DWG-ANO-S022-015,ENT-GIRDER-AG1,APPROVED_REPORT_DRAWING_GOLDEN,,,drawingSpecification,drawing_item,DWG-01442,,CONFIRMED,MAPPED,promotion APPROVED_REPORT_DRAWING_GOLDEN
G-DWG-1443,drawing,drawing.annotation.DWG-ANO-S022-016,ENT-GIRDER-AG1,APPROVED_REPORT_DRAWING_GOLDEN,,,drawingSpecification,drawing_item,DWG-01443,,CONFIRMED,MAPPED,promotion APPROVED_REPORT_DRAWING_GOLDEN
G-DWG-1444,drawing,drawing.annotation.DWG-ANO-S022-017,ENT-GIRDER-AG1,APPROVED_REPORT_DRAWING_GOLDEN,,,drawingSpecification,drawing_item,DWG-01444,,CONFIRMED,MAPPED,promotion APPROVED_REPORT_DRAWING_GOLDEN
G-DWG-1445,drawing,drawing.annotation.DWG-ANO-S022-018,ENT-GIRDER-AG1,APPROVED_REPORT_DRAWING_GOLDEN,,,drawingSpecification,drawing_item,DWG-01445,,CONFIRMED,MAPPED,promotion APPROVED_REPORT_DRAWING_GOLDEN
G-DWG-1446,drawing,drawing.annotation.DWG-ANO-S022-019,ENT-GIRDER-AG1,APPROVED_REPORT_DRAWING_GOLDEN,,,drawingSpecification,drawing_item,DWG-01446,,CONFIRMED,MAPPED,promotion APPROVED_REPORT_DRAWING_GOLDEN
G-DWG-1447,drawing,drawing.annotation.DWG-ANO-S022-020,ENT-GIRDER-AG1,APPROVED_REPORT_DRAWING_GOLDEN,,,drawingSpecification,drawing_item,DWG-01447,,CONFIRMED,MAPPED,promotion APPROVED_REPORT_DRAWING_GOLDEN
G-DWG-1448,drawing,drawing.annotation.DWG-ANO-S023-006,ENT-GIRDER-AG1,APPROVED_REPORT_DRAWING_GOLDEN,,,drawingSpecification,drawing_item,DWG-01448,,CONFIRMED,MAPPED,promotion APPROVED_REPORT_DRAWING_GOLDEN
G-DWG-1449,drawing,drawing.annotation.DWG-ANO-S023-007,ENT-GIRDER-AG1,APPROVED_REPORT_DRAWING_GOLDEN,,,drawingSpecification,drawing_item,DWG-01449,,CONFIRMED,MAPPED,promotion APPROVED_REPORT_DRAWING_GOLDEN
G-DWG-1450,drawing,drawing.annotation.DWG-ANO-S023-008,ENT-GIRDER-AG1,APPROVED_REPORT_DRAWING_GOLDEN,,,drawingSpecification,drawing_item,DWG-01450,,CONFIRMED,MAPPED,promotion APPROVED_REPORT_DRAWING_GOLDEN
G-DWG-1451,drawing,drawing.annotation.DWG-ANO-S023-009,ENT-GIRDER-AG1,APPROVED_REPORT_DRAWING_GOLDEN,,,drawingSpecification,drawing_item,DWG-01451,,CONFIRMED,MAPPED,promotion APPROVED_REPORT_DRAWING_GOLDEN
G-DWG-1452,drawing,drawing.annotation.DWG-ANO-S023-010,ENT-GIRDER-AG1,APPROVED_REPORT_DRAWING_GOLDEN,,,drawingSpecification,drawing_item,DWG-01452,,CONFIRMED,MAPPED,promotion APPROVED_REPORT_DRAWING_GOLDEN
G-DWG-1453,drawing,drawing.annotation.DWG-ANO-S023-011,ENT-GIRDER-AG1,APPROVED_REPORT_DRAWING_GOLDEN,,,drawingSpecification,drawing_item,DWG-01453,,CONFIRMED,MAPPED,promotion APPROVED_REPORT_DRAWING_GOLDEN
G-DWG-1454,drawing,drawing.annotation.DWG-ANO-S023-012,ENT-GIRDER-AG1,APPROVED_REPORT_DRAWING_GOLDEN,,,drawingSpecification,drawing_item,DWG-01454,,CONFIRMED,MAPPED,promotion APPROVED_REPORT_DRAWING_GOLDEN
G-DWG-1455,drawing,drawing.annotation.DWG-ANO-S023-013,ENT-GIRDER-AG1,APPROVED_REPORT_DRAWING_GOLDEN,,,drawingSpecification,drawing_item,DWG-01455,,CONFIRMED,MAPPED,promotion APPROVED_REPORT_DRAWING_GOLDEN
G-DWG-1456,drawing,drawing.annotation.DWG-ANO-S023-014,ENT-GIRDER-AG1,APPROVED_REPORT_DRAWING_GOLDEN,,,drawingSpecification,drawing_item,DWG-01456,,CONFIRMED,MAPPED,promotion APPROVED_REPORT_DRAWING_GOLDEN
G-DWG-1457,drawing,drawing.annotation.DWG-ANO-S023-015,ENT-GIRDER-AG1,APPROVED_REPORT_DRAWING_GOLDEN,,,drawingSpecification,drawing_item,DWG-01457,,CONFIRMED,MAPPED,promotion APPROVED_REPORT_DRAWING_GOLDEN
G-DWG-1458,drawing,drawing.annotation.DWG-ANO-S023-016,ENT-GIRDER-AG1,APPROVED_REPORT_DRAWING_GOLDEN,,,drawingSpecification,drawing_item,DWG-01458,,CONFIRMED,MAPPED,promotion APPROVED_REPORT_DRAWING_GOLDEN
G-DWG-1459,drawing,drawing.annotation.DWG-ANO-S023-017,ENT-GIRDER-AG1,APPROVED_REPORT_DRAWING_GOLDEN,,,drawingSpecification,drawing_item,DWG-01459,,CONFIRMED,MAPPED,promotion APPROVED_REPORT_DRAWING_GOLDEN
G-DWG-1460,drawing,drawing.annotation.DWG-ANO-S023-018,ENT-GIRDER-AG1,APPROVED_REPORT_DRAWING_GOLDEN,,,drawingSpecification,drawing_item,DWG-01460,,CONFIRMED,MAPPED,promotion APPROVED_REPORT_DRAWING_GOLDEN
G-DWG-1461,drawing,drawing.annotation.DWG-ANO-S023-019,ENT-GIRDER-AG1,APPROVED_REPORT_DRAWING_GOLDEN,,,drawingSpecification,drawing_item,DWG-01461,,CONFIRMED,MAPPED,promotion APPROVED_REPORT_DRAWING_GOLDEN
G-DWG-1462,drawing,drawing.annotation.DWG-ANO-S023-020,ENT-GIRDER-AG1,APPROVED_REPORT_DRAWING_GOLDEN,,,drawingSpecification,drawing_item,DWG-01462,,CONFIRMED,MAPPED,promotion APPROVED_REPORT_DRAWING_GOLDEN
G-DWG-1463,drawing,drawing.annotation.DWG-ANO-S023-021,ENT-GIRDER-AG1,APPROVED_REPORT_DRAWING_GOLDEN,,,drawingSpecification,drawing_item,DWG-01463,,CONFIRMED,MAPPED,promotion APPROVED_REPORT_DRAWING_GOLDEN
G-DWG-1464,drawing,drawing.annotation.DWG-ANO-S024-005,ENT-GIRDER-AG1,APPROVED_REPORT_DRAWING_GOLDEN,,,drawingSpecification,drawing_item,DWG-01464,,CONFIRMED,MAPPED,promotion APPROVED_REPORT_DRAWING_GOLDEN
G-DWG-1465,drawing,drawing.annotation.DWG-ANO-S024-006,ENT-GIRDER-AG1,APPROVED_REPORT_DRAWING_GOLDEN,,,drawingSpecification,drawing_item,DWG-01465,,CONFIRMED,MAPPED,promotion APPROVED_REPORT_DRAWING_GOLDEN
G-DWG-1466,drawing,drawing.annotation.DWG-ANO-S024-007,ENT-GIRDER-AG1,APPROVED_REPORT_DRAWING_GOLDEN,,,drawingSpecification,drawing_item,DWG-01466,,CONFIRMED,MAPPED,promotion APPROVED_REPORT_DRAWING_GOLDEN
G-DWG-1467,drawing,drawing.annotation.DWG-ANO-S024-008,ENT-GIRDER-AG1,APPROVED_REPORT_DRAWING_GOLDEN,,,drawingSpecification,drawing_item,DWG-01467,,CONFIRMED,MAPPED,promotion APPROVED_REPORT_DRAWING_GOLDEN
G-DWG-1468,drawing,drawing.annotation.DWG-ANO-S024-009,ENT-GIRDER-AG1,APPROVED_REPORT_DRAWING_GOLDEN,,,drawingSpecification,drawing_item,DWG-01468,,CONFIRMED,MAPPED,promotion APPROVED_REPORT_DRAWING_GOLDEN
G-DWG-1469,drawing,drawing.annotation.DWG-ANO-S024-010,ENT-GIRDER-AG1,APPROVED_REPORT_DRAWING_GOLDEN,,,drawingSpecification,drawing_item,DWG-01469,,CONFIRMED,MAPPED,promotion APPROVED_REPORT_DRAWING_GOLDEN
G-DWG-1470,drawing,drawing.annotation.DWG-ANO-S024-011,ENT-GIRDER-AG1,APPROVED_REPORT_DRAWING_GOLDEN,,,drawingSpecification,drawing_item,DWG-01470,,CONFIRMED,MAPPED,promotion APPROVED_REPORT_DRAWING_GOLDEN
G-DWG-1471,drawing,drawing.annotation.DWG-ANO-S024-012,ENT-GIRDER-AG1,APPROVED_REPORT_DRAWING_GOLDEN,,,drawingSpecification,drawing_item,DWG-01471,,CONFIRMED,MAPPED,promotion APPROVED_REPORT_DRAWING_GOLDEN
G-DWG-1472,drawing,drawing.annotation.DWG-ANO-S024-013,ENT-GIRDER-AG1,APPROVED_REPORT_DRAWING_GOLDEN,,,drawingSpecification,drawing_item,DWG-01472,,CONFIRMED,MAPPED,promotion APPROVED_REPORT_DRAWING_GOLDEN
G-DWG-1473,drawing,drawing.annotation.DWG-ANO-S024-014,ENT-GIRDER-AG1,APPROVED_REPORT_DRAWING_GOLDEN,,,drawingSpecification,drawing_item,DWG-01473,,CONFIRMED,MAPPED,promotion APPROVED_REPORT_DRAWING_GOLDEN
G-DWG-1474,drawing,drawing.annotation.DWG-ANO-S024-015,ENT-GIRDER-AG1,APPROVED_REPORT_DRAWING_GOLDEN,,,drawingSpecification,drawing_item,DWG-01474,,CONFIRMED,MAPPED,promotion APPROVED_REPORT_DRAWING_GOLDEN
G-DWG-1475,drawing,drawing.annotation.DWG-ANO-S024-016,ENT-GIRDER-AG1,APPROVED_REPORT_DRAWING_GOLDEN,,,drawingSpecification,drawing_item,DWG-01475,,CONFIRMED,MAPPED,promotion APPROVED_REPORT_DRAWING_GOLDEN
G-DWG-1476,drawing,drawing.annotation.DWG-ANO-S024-017,ENT-GIRDER-AG1,APPROVED_REPORT_DRAWING_GOLDEN,,,drawingSpecification,drawing_item,DWG-01476,,CONFIRMED,MAPPED,promotion APPROVED_REPORT_DRAWING_GOLDEN
G-DWG-1477,drawing,drawing.annotation.DWG-ANO-S024-018,ENT-GIRDER-AG1,APPROVED_REPORT_DRAWING_GOLDEN,,,drawingSpecification,drawing_item,DWG-01477,,CONFIRMED,MAPPED,promotion APPROVED_REPORT_DRAWING_GOLDEN
G-DWG-1478,drawing,drawing.annotation.DWG-ANO-S024-019,ENT-GIRDER-AG1,APPROVED_REPORT_DRAWING_GOLDEN,,,drawingSpecification,drawing_item,DWG-01478,,CONFIRMED,MAPPED,promotion APPROVED_REPORT_DRAWING_GOLDEN
G-DWG-1479,drawing,drawing.annotation.DWG-ANO-S024-020,ENT-GIRDER-AG1,APPROVED_REPORT_DRAWING_GOLDEN,,,drawingSpecification,drawing_item,DWG-01479,,CONFIRMED,MAPPED,promotion APPROVED_REPORT_DRAWING_GOLDEN
G-DWG-1480,drawing,drawing.annotation.DWG-ANO-S025-005,ENT-GIRDER-AG1,APPROVED_REPORT_DRAWING_GOLDEN,,,drawingSpecification,drawing_item,DWG-01480,,CONFIRMED,MAPPED,promotion APPROVED_REPORT_DRAWING_GOLDEN
G-DWG-1481,drawing,drawing.annotation.DWG-ANO-S025-006,ENT-GIRDER-AG1,APPROVED_REPORT_DRAWING_GOLDEN,,,drawingSpecification,drawing_item,DWG-01481,,CONFIRMED,MAPPED,promotion APPROVED_REPORT_DRAWING_GOLDEN
G-DWG-1482,drawing,drawing.annotation.DWG-ANO-S025-007,ENT-GIRDER-AG1,APPROVED_REPORT_DRAWING_GOLDEN,,,drawingSpecification,drawing_item,DWG-01482,,CONFIRMED,MAPPED,promotion APPROVED_REPORT_DRAWING_GOLDEN
G-DWG-1483,drawing,drawing.annotation.DWG-ANO-S025-008,ENT-GIRDER-AG1,APPROVED_REPORT_DRAWING_GOLDEN,,,drawingSpecification,drawing_item,DWG-01483,,CONFIRMED,MAPPED,promotion APPROVED_REPORT_DRAWING_GOLDEN
G-DWG-1484,drawing,drawing.annotation.DWG-ANO-S025-009,ENT-GIRDER-AG1,APPROVED_REPORT_DRAWING_GOLDEN,,,drawingSpecification,drawing_item,DWG-01484,,CONFIRMED,MAPPED,promotion APPROVED_REPORT_DRAWING_GOLDEN
G-DWG-1485,drawing,drawing.annotation.DWG-ANO-S025-010,ENT-GIRDER-AG1,APPROVED_REPORT_DRAWING_GOLDEN,,,drawingSpecification,drawing_item,DWG-01485,,CONFIRMED,MAPPED,promotion APPROVED_REPORT_DRAWING_GOLDEN
G-DWG-1486,drawing,drawing.annotation.DWG-ANO-S025-011,ENT-GIRDER-AG1,APPROVED_REPORT_DRAWING_GOLDEN,,,drawingSpecification,drawing_item,DWG-01486,,CONFIRMED,MAPPED,promotion APPROVED_REPORT_DRAWING_GOLDEN
G-DWG-1487,drawing,drawing.annotation.DWG-ANO-S025-012,ENT-GIRDER-AG1,APPROVED_REPORT_DRAWING_GOLDEN,,,drawingSpecification,drawing_item,DWG-01487,,CONFIRMED,MAPPED,promotion APPROVED_REPORT_DRAWING_GOLDEN
G-DWG-1488,drawing,drawing.annotation.DWG-ANO-S025-013,ENT-GIRDER-AG1,APPROVED_REPORT_DRAWING_GOLDEN,,,drawingSpecification,drawing_item,DWG-01488,,CONFIRMED,MAPPED,promotion APPROVED_REPORT_DRAWING_GOLDEN
G-DWG-1489,drawing,drawing.annotation.DWG-ANO-S025-014,ENT-GIRDER-AG1,APPROVED_REPORT_DRAWING_GOLDEN,,,drawingSpecification,drawing_item,DWG-01489,,CONFIRMED,MAPPED,promotion APPROVED_REPORT_DRAWING_GOLDEN
G-DWG-1490,drawing,drawing.annotation.DWG-ANO-S025-015,ENT-GIRDER-AG1,APPROVED_REPORT_DRAWING_GOLDEN,,,drawingSpecification,drawing_item,DWG-01490,,CONFIRMED,MAPPED,promotion APPROVED_REPORT_DRAWING_GOLDEN
G-DWG-1491,drawing,drawing.annotation.DWG-ANO-S025-016,ENT-GIRDER-AG1,APPROVED_REPORT_DRAWING_GOLDEN,,,drawingSpecification,drawing_item,DWG-01491,,CONFIRMED,MAPPED,promotion APPROVED_REPORT_DRAWING_GOLDEN
G-DWG-1492,drawing,drawing.annotation.DWG-ANO-S025-017,ENT-GIRDER-AG1,APPROVED_REPORT_DRAWING_GOLDEN,,,drawingSpecification,drawing_item,DWG-01492,,CONFIRMED,MAPPED,promotion APPROVED_REPORT_DRAWING_GOLDEN
G-DWG-1493,drawing,drawing.annotation.DWG-ANO-S025-018,ENT-GIRDER-AG1,APPROVED_REPORT_DRAWING_GOLDEN,,,drawingSpecification,drawing_item,DWG-01493,,CONFIRMED,MAPPED,promotion APPROVED_REPORT_DRAWING_GOLDEN
G-DWG-1494,drawing,drawing.annotation.DWG-ANO-S025-019,ENT-GIRDER-AG1,APPROVED_REPORT_DRAWING_GOLDEN,,,drawingSpecification,drawing_item,DWG-01494,,CONFIRMED,MAPPED,promotion APPROVED_REPORT_DRAWING_GOLDEN
G-DWG-1495,drawing,drawing.annotation.DWG-ANO-S025-020,ENT-GIRDER-AG1,APPROVED_REPORT_DRAWING_GOLDEN,,,drawingSpecification,drawing_item,DWG-01495,,CONFIRMED,MAPPED,promotion APPROVED_REPORT_DRAWING_GOLDEN
G-DWG-1496,drawing,drawing.annotation.DWG-ANO-S026-006,ENT-GIRDER-AG1,APPROVED_REPORT_DRAWING_GOLDEN,,,drawingSpecification,drawing_item,DWG-01496,,CONFIRMED,MAPPED,promotion APPROVED_REPORT_DRAWING_GOLDEN
G-DWG-1497,drawing,drawing.annotation.DWG-ANO-S026-007,ENT-GIRDER-AG1,APPROVED_REPORT_DRAWING_GOLDEN,,,drawingSpecification,drawing_item,DWG-01497,,CONFIRMED,MAPPED,promotion APPROVED_REPORT_DRAWING_GOLDEN
G-DWG-1498,drawing,drawing.annotation.DWG-ANO-S026-008,ENT-GIRDER-AG1,APPROVED_REPORT_DRAWING_GOLDEN,,,drawingSpecification,drawing_item,DWG-01498,,CONFIRMED,MAPPED,promotion APPROVED_REPORT_DRAWING_GOLDEN
G-DWG-1499,drawing,drawing.annotation.DWG-ANO-S026-009,ENT-GIRDER-AG1,APPROVED_REPORT_DRAWING_GOLDEN,,,drawingSpecification,drawing_item,DWG-01499,,CONFIRMED,MAPPED,promotion APPROVED_REPORT_DRAWING_GOLDEN
G-DWG-1500,drawing,drawing.annotation.DWG-ANO-S026-010,ENT-GIRDER-AG1,APPROVED_REPORT_DRAWING_GOLDEN,,,drawingSpecification,drawing_item,DWG-01500,,CONFIRMED,MAPPED,promotion APPROVED_REPORT_DRAWING_GOLDEN
G-DWG-1501,drawing,drawing.annotation.DWG-ANO-S026-011,ENT-GIRDER-AG1,APPROVED_REPORT_DRAWING_GOLDEN,,,drawingSpecification,drawing_item,DWG-01501,,CONFIRMED,MAPPED,promotion APPROVED_REPORT_DRAWING_GOLDEN
G-DWG-1502,drawing,drawing.annotation.DWG-ANO-S026-012,ENT-GIRDER-AG1,APPROVED_REPORT_DRAWING_GOLDEN,,,drawingSpecification,drawing_item,DWG-01502,,CONFIRMED,MAPPED,promotion APPROVED_REPORT_DRAWING_GOLDEN
G-DWG-1503,drawing,drawing.annotation.DWG-ANO-S026-013,ENT-GIRDER-AG1,APPROVED_REPORT_DRAWING_GOLDEN,,,drawingSpecification,drawing_item,DWG-01503,,CONFIRMED,MAPPED,promotion APPROVED_REPORT_DRAWING_GOLDEN
G-DWG-1504,drawing,drawing.annotation.DWG-ANO-S026-014,ENT-GIRDER-AG1,APPROVED_REPORT_DRAWING_GOLDEN,,,drawingSpecification,drawing_item,DWG-01504,,CONFIRMED,MAPPED,promotion APPROVED_REPORT_DRAWING_GOLDEN
G-DWG-1505,drawing,drawing.annotation.DWG-ANO-S026-015,ENT-GIRDER-AG1,APPROVED_REPORT_DRAWING_GOLDEN,,,drawingSpecification,drawing_item,DWG-01505,,CONFIRMED,MAPPED,promotion APPROVED_REPORT_DRAWING_GOLDEN
G-DWG-1506,drawing,drawing.annotation.DWG-ANO-S026-016,ENT-GIRDER-AG1,APPROVED_REPORT_DRAWING_GOLDEN,,,drawingSpecification,drawing_item,DWG-01506,,CONFIRMED,MAPPED,promotion APPROVED_REPORT_DRAWING_GOLDEN
G-DWG-1507,drawing,drawing.annotation.DWG-ANO-S026-017,ENT-GIRDER-AG1,APPROVED_REPORT_DRAWING_GOLDEN,,,drawingSpecification,drawing_item,DWG-01507,,CONFIRMED,MAPPED,promotion APPROVED_REPORT_DRAWING_GOLDEN
G-DWG-1508,drawing,drawing.annotation.DWG-ANO-S026-018,ENT-GIRDER-AG1,APPROVED_REPORT_DRAWING_GOLDEN,,,drawingSpecification,drawing_item,DWG-01508,,CONFIRMED,MAPPED,promotion APPROVED_REPORT_DRAWING_GOLDEN
G-DWG-1509,drawing,drawing.annotation.DWG-ANO-S026-019,ENT-GIRDER-AG1,APPROVED_REPORT_DRAWING_GOLDEN,,,drawingSpecification,drawing_item,DWG-01509,,CONFIRMED,MAPPED,promotion APPROVED_REPORT_DRAWING_GOLDEN
G-DWG-1510,drawing,drawing.annotation.DWG-ANO-S026-020,ENT-GIRDER-AG1,APPROVED_REPORT_DRAWING_GOLDEN,,,drawingSpecification,drawing_item,DWG-01510,,CONFIRMED,MAPPED,promotion APPROVED_REPORT_DRAWING_GOLDEN
G-DWG-1511,drawing,drawing.annotation.DWG-ANO-S026-021,ENT-GIRDER-AG1,APPROVED_REPORT_DRAWING_GOLDEN,,,drawingSpecification,drawing_item,DWG-01511,,CONFIRMED,MAPPED,promotion APPROVED_REPORT_DRAWING_GOLDEN
G-DWG-1512,drawing,drawing.annotation.DWG-ANO-S027-005,ENT-GIRDER-AG1,APPROVED_REPORT_DRAWING_GOLDEN,,,drawingSpecification,drawing_item,DWG-01512,,CONFIRMED,MAPPED,promotion APPROVED_REPORT_DRAWING_GOLDEN
G-DWG-1513,drawing,drawing.annotation.DWG-ANO-S027-006,ENT-GIRDER-AG1,APPROVED_REPORT_DRAWING_GOLDEN,,,drawingSpecification,drawing_item,DWG-01513,,CONFIRMED,MAPPED,promotion APPROVED_REPORT_DRAWING_GOLDEN
G-DWG-1514,drawing,drawing.annotation.DWG-ANO-S027-007,ENT-GIRDER-AG1,APPROVED_REPORT_DRAWING_GOLDEN,,,drawingSpecification,drawing_item,DWG-01514,,CONFIRMED,MAPPED,promotion APPROVED_REPORT_DRAWING_GOLDEN
G-DWG-1515,drawing,drawing.annotation.DWG-ANO-S027-008,ENT-GIRDER-AG1,APPROVED_REPORT_DRAWING_GOLDEN,,,drawingSpecification,drawing_item,DWG-01515,,CONFIRMED,MAPPED,promotion APPROVED_REPORT_DRAWING_GOLDEN
G-DWG-1516,drawing,drawing.annotation.DWG-ANO-S027-009,ENT-GIRDER-AG1,APPROVED_REPORT_DRAWING_GOLDEN,,,drawingSpecification,drawing_item,DWG-01516,,CONFIRMED,MAPPED,promotion APPROVED_REPORT_DRAWING_GOLDEN
G-DWG-1517,drawing,drawing.annotation.DWG-ANO-S027-010,ENT-GIRDER-AG1,APPROVED_REPORT_DRAWING_GOLDEN,,,drawingSpecification,drawing_item,DWG-01517,,CONFIRMED,MAPPED,promotion APPROVED_REPORT_DRAWING_GOLDEN
G-DWG-1518,drawing,drawing.annotation.DWG-ANO-S027-011,ENT-GIRDER-AG1,APPROVED_REPORT_DRAWING_GOLDEN,,,drawingSpecification,drawing_item,DWG-01518,,CONFIRMED,MAPPED,promotion APPROVED_REPORT_DRAWING_GOLDEN
G-DWG-1519,drawing,drawing.annotation.DWG-ANO-S027-012,ENT-GIRDER-AG1,APPROVED_REPORT_DRAWING_GOLDEN,,,drawingSpecification,drawing_item,DWG-01519,,CONFIRMED,MAPPED,promotion APPROVED_REPORT_DRAWING_GOLDEN
G-DWG-1520,drawing,drawing.annotation.DWG-ANO-S027-013,ENT-GIRDER-AG1,APPROVED_REPORT_DRAWING_GOLDEN,,,drawingSpecification,drawing_item,DWG-01520,,CONFIRMED,MAPPED,promotion APPROVED_REPORT_DRAWING_GOLDEN
G-DWG-1521,drawing,drawing.annotation.DWG-ANO-S027-014,ENT-GIRDER-AG1,APPROVED_REPORT_DRAWING_GOLDEN,,,drawingSpecification,drawing_item,DWG-01521,,CONFIRMED,MAPPED,promotion APPROVED_REPORT_DRAWING_GOLDEN
G-DWG-1522,drawing,drawing.annotation.DWG-ANO-S027-015,ENT-GIRDER-AG1,APPROVED_REPORT_DRAWING_GOLDEN,,,drawingSpecification,drawing_item,DWG-01522,,CONFIRMED,MAPPED,promotion APPROVED_REPORT_DRAWING_GOLDEN
G-DWG-1523,drawing,drawing.annotation.DWG-ANO-S027-016,ENT-GIRDER-AG1,APPROVED_REPORT_DRAWING_GOLDEN,,,drawingSpecification,drawing_item,DWG-01523,,CONFIRMED,MAPPED,promotion APPROVED_REPORT_DRAWING_GOLDEN
G-DWG-1524,drawing,drawing.annotation.DWG-ANO-S027-017,ENT-GIRDER-AG1,APPROVED_REPORT_DRAWING_GOLDEN,,,drawingSpecification,drawing_item,DWG-01524,,CONFIRMED,MAPPED,promotion APPROVED_REPORT_DRAWING_GOLDEN
G-DWG-1525,drawing,drawing.annotation.DWG-ANO-S027-018,ENT-GIRDER-AG1,APPROVED_REPORT_DRAWING_GOLDEN,,,drawingSpecification,drawing_item,DWG-01525,,CONFIRMED,MAPPED,promotion APPROVED_REPORT_DRAWING_GOLDEN
G-DWG-1526,drawing,drawing.annotation.DWG-ANO-S027-019,ENT-GIRDER-AG1,APPROVED_REPORT_DRAWING_GOLDEN,,,drawingSpecification,drawing_item,DWG-01526,,CONFIRMED,MAPPED,promotion APPROVED_REPORT_DRAWING_GOLDEN
G-DWG-1527,drawing,drawing.annotation.DWG-ANO-S027-020,ENT-GIRDER-AG1,APPROVED_REPORT_DRAWING_GOLDEN,,,drawingSpecification,drawing_item,DWG-01527,,CONFIRMED,MAPPED,promotion APPROVED_REPORT_DRAWING_GOLDEN
G-DWG-1528,drawing,drawing.annotation.DWG-ANO-S028-005,ENT-GIRDER-AG1,APPROVED_REPORT_DRAWING_GOLDEN,,,drawingSpecification,drawing_item,DWG-01528,,CONFIRMED,MAPPED,promotion APPROVED_REPORT_DRAWING_GOLDEN
G-DWG-1529,drawing,drawing.annotation.DWG-ANO-S028-006,ENT-GIRDER-AG1,APPROVED_REPORT_DRAWING_GOLDEN,,,drawingSpecification,drawing_item,DWG-01529,,CONFIRMED,MAPPED,promotion APPROVED_REPORT_DRAWING_GOLDEN
G-DWG-1530,drawing,drawing.annotation.DWG-ANO-S028-007,ENT-GIRDER-AG1,APPROVED_REPORT_DRAWING_GOLDEN,,,drawingSpecification,drawing_item,DWG-01530,,CONFIRMED,MAPPED,promotion APPROVED_REPORT_DRAWING_GOLDEN
G-DWG-1531,drawing,drawing.annotation.DWG-ANO-S028-008,ENT-GIRDER-AG1,APPROVED_REPORT_DRAWING_GOLDEN,,,drawingSpecification,drawing_item,DWG-01531,,CONFIRMED,MAPPED,promotion APPROVED_REPORT_DRAWING_GOLDEN
G-DWG-1532,drawing,drawing.annotation.DWG-ANO-S028-009,ENT-GIRDER-AG1,APPROVED_REPORT_DRAWING_GOLDEN,,,drawingSpecification,drawing_item,DWG-01532,,CONFIRMED,MAPPED,promotion APPROVED_REPORT_DRAWING_GOLDEN
G-DWG-1533,drawing,drawing.annotation.DWG-ANO-S028-010,ENT-GIRDER-AG1,APPROVED_REPORT_DRAWING_GOLDEN,,,drawingSpecification,drawing_item,DWG-01533,,CONFIRMED,MAPPED,promotion APPROVED_REPORT_DRAWING_GOLDEN
G-DWG-1534,drawing,drawing.annotation.DWG-ANO-S028-011,ENT-GIRDER-AG1,APPROVED_REPORT_DRAWING_GOLDEN,,,drawingSpecification,drawing_item,DWG-01534,,CONFIRMED,MAPPED,promotion APPROVED_REPORT_DRAWING_GOLDEN
G-DWG-1535,drawing,drawing.annotation.DWG-ANO-S028-012,ENT-GIRDER-AG1,APPROVED_REPORT_DRAWING_GOLDEN,,,drawingSpecification,drawing_item,DWG-01535,,CONFIRMED,MAPPED,promotion APPROVED_REPORT_DRAWING_GOLDEN
G-DWG-1536,drawing,drawing.annotation.DWG-ANO-S028-013,ENT-GIRDER-AG1,APPROVED_REPORT_DRAWING_GOLDEN,,,drawingSpecification,drawing_item,DWG-01536,,CONFIRMED,MAPPED,promotion APPROVED_REPORT_DRAWING_GOLDEN
G-DWG-1537,drawing,drawing.annotation.DWG-ANO-S028-014,ENT-GIRDER-AG1,APPROVED_REPORT_DRAWING_GOLDEN,,,drawingSpecification,drawing_item,DWG-01537,,CONFIRMED,MAPPED,promotion APPROVED_REPORT_DRAWING_GOLDEN
G-DWG-1538,drawing,drawing.annotation.DWG-ANO-S028-015,ENT-GIRDER-AG1,APPROVED_REPORT_DRAWING_GOLDEN,,,drawingSpecification,drawing_item,DWG-01538,,CONFIRMED,MAPPED,promotion APPROVED_REPORT_DRAWING_GOLDEN
G-DWG-1539,drawing,drawing.annotation.DWG-ANO-S028-016,ENT-GIRDER-AG1,APPROVED_REPORT_DRAWING_GOLDEN,,,drawingSpecification,drawing_item,DWG-01539,,CONFIRMED,MAPPED,promotion APPROVED_REPORT_DRAWING_GOLDEN
G-DWG-1540,drawing,drawing.annotation.DWG-ANO-S028-017,ENT-GIRDER-AG1,APPROVED_REPORT_DRAWING_GOLDEN,,,drawingSpecification,drawing_item,DWG-01540,,CONFIRMED,MAPPED,promotion APPROVED_REPORT_DRAWING_GOLDEN
G-DWG-1541,drawing,drawing.annotation.DWG-ANO-S028-018,ENT-GIRDER-AG1,APPROVED_REPORT_DRAWING_GOLDEN,,,drawingSpecification,drawing_item,DWG-01541,,CONFIRMED,MAPPED,promotion APPROVED_REPORT_DRAWING_GOLDEN
G-DWG-1542,drawing,drawing.annotation.DWG-ANO-S028-019,ENT-GIRDER-AG1,APPROVED_REPORT_DRAWING_GOLDEN,,,drawingSpecification,drawing_item,DWG-01542,,CONFIRMED,MAPPED,promotion APPROVED_REPORT_DRAWING_GOLDEN
G-DWG-1543,drawing,drawing.annotation.DWG-ANO-S028-020,ENT-GIRDER-AG1,APPROVED_REPORT_DRAWING_GOLDEN,,,drawingSpecification,drawing_item,DWG-01543,,CONFIRMED,MAPPED,promotion APPROVED_REPORT_DRAWING_GOLDEN
G-DWG-1544,drawing,drawing.annotation.DWG-ANO-S029-005,ENT-GIRDER-AG1,APPROVED_REPORT_DRAWING_GOLDEN,,,drawingSpecification,drawing_item,DWG-01544,,CONFIRMED,MAPPED,promotion APPROVED_REPORT_DRAWING_GOLDEN
G-DWG-1545,drawing,drawing.annotation.DWG-ANO-S029-006,ENT-GIRDER-AG1,APPROVED_REPORT_DRAWING_GOLDEN,,,drawingSpecification,drawing_item,DWG-01545,,CONFIRMED,MAPPED,promotion APPROVED_REPORT_DRAWING_GOLDEN
G-DWG-1546,drawing,drawing.annotation.DWG-ANO-S029-007,ENT-GIRDER-AG1,APPROVED_REPORT_DRAWING_GOLDEN,,,drawingSpecification,drawing_item,DWG-01546,,CONFIRMED,MAPPED,promotion APPROVED_REPORT_DRAWING_GOLDEN
G-DWG-1547,drawing,drawing.annotation.DWG-ANO-S029-008,ENT-GIRDER-AG1,APPROVED_REPORT_DRAWING_GOLDEN,,,drawingSpecification,drawing_item,DWG-01547,,CONFIRMED,MAPPED,promotion APPROVED_REPORT_DRAWING_GOLDEN
G-DWG-1548,drawing,drawing.annotation.DWG-ANO-S029-009,ENT-GIRDER-AG1,APPROVED_REPORT_DRAWING_GOLDEN,,,drawingSpecification,drawing_item,DWG-01548,,CONFIRMED,MAPPED,promotion APPROVED_REPORT_DRAWING_GOLDEN
G-DWG-1549,drawing,drawing.annotation.DWG-ANO-S029-010,ENT-GIRDER-AG1,APPROVED_REPORT_DRAWING_GOLDEN,,,drawingSpecification,drawing_item,DWG-01549,,CONFIRMED,MAPPED,promotion APPROVED_REPORT_DRAWING_GOLDEN
G-DWG-1550,drawing,drawing.annotation.DWG-ANO-S029-011,ENT-GIRDER-AG1,APPROVED_REPORT_DRAWING_GOLDEN,,,drawingSpecification,drawing_item,DWG-01550,,CONFIRMED,MAPPED,promotion APPROVED_REPORT_DRAWING_GOLDEN
G-DWG-1551,drawing,drawing.annotation.DWG-ANO-S029-012,ENT-GIRDER-AG1,APPROVED_REPORT_DRAWING_GOLDEN,,,drawingSpecification,drawing_item,DWG-01551,,CONFIRMED,MAPPED,promotion APPROVED_REPORT_DRAWING_GOLDEN
G-DWG-1552,drawing,drawing.annotation.DWG-ANO-S029-013,ENT-GIRDER-AG1,APPROVED_REPORT_DRAWING_GOLDEN,,,drawingSpecification,drawing_item,DWG-01552,,CONFIRMED,MAPPED,promotion APPROVED_REPORT_DRAWING_GOLDEN
G-DWG-1553,drawing,drawing.annotation.DWG-ANO-S029-014,ENT-GIRDER-AG1,APPROVED_REPORT_DRAWING_GOLDEN,,,drawingSpecification,drawing_item,DWG-01553,,CONFIRMED,MAPPED,promotion APPROVED_REPORT_DRAWING_GOLDEN
G-DWG-1554,drawing,drawing.annotation.DWG-ANO-S029-015,ENT-GIRDER-AG1,APPROVED_REPORT_DRAWING_GOLDEN,,,drawingSpecification,drawing_item,DWG-01554,,CONFIRMED,MAPPED,promotion APPROVED_REPORT_DRAWING_GOLDEN
G-DWG-1555,drawing,drawing.annotation.DWG-ANO-S029-016,ENT-GIRDER-AG1,APPROVED_REPORT_DRAWING_GOLDEN,,,drawingSpecification,drawing_item,DWG-01555,,CONFIRMED,MAPPED,promotion APPROVED_REPORT_DRAWING_GOLDEN
G-DWG-1556,drawing,drawing.annotation.DWG-ANO-S029-017,ENT-GIRDER-AG1,APPROVED_REPORT_DRAWING_GOLDEN,,,drawingSpecification,drawing_item,DWG-01556,,CONFIRMED,MAPPED,promotion APPROVED_REPORT_DRAWING_GOLDEN
G-DWG-1557,drawing,drawing.annotation.DWG-ANO-S029-018,ENT-GIRDER-AG1,APPROVED_REPORT_DRAWING_GOLDEN,,,drawingSpecification,drawing_item,DWG-01557,,CONFIRMED,MAPPED,promotion APPROVED_REPORT_DRAWING_GOLDEN
G-DWG-1558,drawing,drawing.annotation.DWG-ANO-S029-019,ENT-GIRDER-AG1,APPROVED_REPORT_DRAWING_GOLDEN,,,drawingSpecification,drawing_item,DWG-01558,,CONFIRMED,MAPPED,promotion APPROVED_REPORT_DRAWING_GOLDEN
G-DWG-1559,drawing,drawing.annotation.DWG-ANO-S029-020,ENT-GIRDER-AG1,APPROVED_REPORT_DRAWING_GOLDEN,,,drawingSpecification,drawing_item,DWG-01559,,CONFIRMED,MAPPED,promotion APPROVED_REPORT_DRAWING_GOLDEN
G-DWG-1560,drawing,drawing.annotation.DWG-ANO-S030-005,ENT-GIRDER-AG2,APPROVED_REPORT_DRAWING_GOLDEN,,,drawingSpecification,drawing_item,DWG-01560,,CONFIRMED,MAPPED,promotion APPROVED_REPORT_DRAWING_GOLDEN
G-DWG-1561,drawing,drawing.annotation.DWG-ANO-S030-006,ENT-GIRDER-AG2,APPROVED_REPORT_DRAWING_GOLDEN,,,drawingSpecification,drawing_item,DWG-01561,,CONFIRMED,MAPPED,promotion APPROVED_REPORT_DRAWING_GOLDEN
G-DWG-1562,drawing,drawing.annotation.DWG-ANO-S030-007,ENT-GIRDER-AG2,APPROVED_REPORT_DRAWING_GOLDEN,,,drawingSpecification,drawing_item,DWG-01562,,CONFIRMED,MAPPED,promotion APPROVED_REPORT_DRAWING_GOLDEN
G-DWG-1563,drawing,drawing.annotation.DWG-ANO-S030-008,ENT-GIRDER-AG2,APPROVED_REPORT_DRAWING_GOLDEN,,,drawingSpecification,drawing_item,DWG-01563,,CONFIRMED,MAPPED,promotion APPROVED_REPORT_DRAWING_GOLDEN
G-DWG-1564,drawing,drawing.annotation.DWG-ANO-S030-009,ENT-GIRDER-AG2,APPROVED_REPORT_DRAWING_GOLDEN,,,drawingSpecification,drawing_item,DWG-01564,,CONFIRMED,MAPPED,promotion APPROVED_REPORT_DRAWING_GOLDEN
G-DWG-1565,drawing,drawing.annotation.DWG-ANO-S030-010,ENT-GIRDER-AG2,APPROVED_REPORT_DRAWING_GOLDEN,,,drawingSpecification,drawing_item,DWG-01565,,CONFIRMED,MAPPED,promotion APPROVED_REPORT_DRAWING_GOLDEN
G-DWG-1566,drawing,drawing.annotation.DWG-ANO-S030-011,ENT-GIRDER-AG2,APPROVED_REPORT_DRAWING_GOLDEN,,,drawingSpecification,drawing_item,DWG-01566,,CONFIRMED,MAPPED,promotion APPROVED_REPORT_DRAWING_GOLDEN
G-DWG-1567,drawing,drawing.annotation.DWG-ANO-S030-012,ENT-GIRDER-AG2,APPROVED_REPORT_DRAWING_GOLDEN,,,drawingSpecification,drawing_item,DWG-01567,,CONFIRMED,MAPPED,promotion APPROVED_REPORT_DRAWING_GOLDEN
G-DWG-1568,drawing,drawing.annotation.DWG-ANO-S030-013,ENT-GIRDER-AG2,APPROVED_REPORT_DRAWING_GOLDEN,,,drawingSpecification,drawing_item,DWG-01568,,CONFIRMED,MAPPED,promotion APPROVED_REPORT_DRAWING_GOLDEN
G-DWG-1569,drawing,drawing.annotation.DWG-ANO-S030-014,ENT-GIRDER-AG2,APPROVED_REPORT_DRAWING_GOLDEN,,,drawingSpecification,drawing_item,DWG-01569,,CONFIRMED,MAPPED,promotion APPROVED_REPORT_DRAWING_GOLDEN
G-DWG-1570,drawing,drawing.annotation.DWG-ANO-S030-015,ENT-GIRDER-AG2,APPROVED_REPORT_DRAWING_GOLDEN,,,drawingSpecification,drawing_item,DWG-01570,,CONFIRMED,MAPPED,promotion APPROVED_REPORT_DRAWING_GOLDEN
G-DWG-1571,drawing,drawing.annotation.DWG-ANO-S030-016,ENT-GIRDER-AG2,APPROVED_REPORT_DRAWING_GOLDEN,,,drawingSpecification,drawing_item,DWG-01571,,CONFIRMED,MAPPED,promotion APPROVED_REPORT_DRAWING_GOLDEN
G-DWG-1572,drawing,drawing.annotation.DWG-ANO-S030-017,ENT-GIRDER-AG2,APPROVED_REPORT_DRAWING_GOLDEN,,,drawingSpecification,drawing_item,DWG-01572,,CONFIRMED,MAPPED,promotion APPROVED_REPORT_DRAWING_GOLDEN
G-DWG-1573,drawing,drawing.annotation.DWG-ANO-S030-018,ENT-GIRDER-AG2,APPROVED_REPORT_DRAWING_GOLDEN,,,drawingSpecification,drawing_item,DWG-01573,,CONFIRMED,MAPPED,promotion APPROVED_REPORT_DRAWING_GOLDEN
G-DWG-1574,drawing,drawing.annotation.DWG-ANO-S030-019,ENT-GIRDER-AG2,APPROVED_REPORT_DRAWING_GOLDEN,,,drawingSpecification,drawing_item,DWG-01574,,CONFIRMED,MAPPED,promotion APPROVED_REPORT_DRAWING_GOLDEN
G-DWG-1575,drawing,drawing.annotation.DWG-ANO-S030-020,ENT-GIRDER-AG2,APPROVED_REPORT_DRAWING_GOLDEN,,,drawingSpecification,drawing_item,DWG-01575,,CONFIRMED,MAPPED,promotion APPROVED_REPORT_DRAWING_GOLDEN
G-DWG-1576,drawing,drawing.annotation.DWG-ANO-S031-005,ENT-GIRDER-AG2,APPROVED_REPORT_DRAWING_GOLDEN,,,drawingSpecification,drawing_item,DWG-01576,,CONFIRMED,MAPPED,promotion APPROVED_REPORT_DRAWING_GOLDEN
G-DWG-1577,drawing,drawing.annotation.DWG-ANO-S031-006,ENT-GIRDER-AG2,APPROVED_REPORT_DRAWING_GOLDEN,,,drawingSpecification,drawing_item,DWG-01577,,CONFIRMED,MAPPED,promotion APPROVED_REPORT_DRAWING_GOLDEN
G-DWG-1578,drawing,drawing.annotation.DWG-ANO-S031-007,ENT-GIRDER-AG2,APPROVED_REPORT_DRAWING_GOLDEN,,,drawingSpecification,drawing_item,DWG-01578,,CONFIRMED,MAPPED,promotion APPROVED_REPORT_DRAWING_GOLDEN
G-DWG-1579,drawing,drawing.annotation.DWG-ANO-S031-008,ENT-GIRDER-AG2,APPROVED_REPORT_DRAWING_GOLDEN,,,drawingSpecification,drawing_item,DWG-01579,,CONFIRMED,MAPPED,promotion APPROVED_REPORT_DRAWING_GOLDEN
G-DWG-1580,drawing,drawing.annotation.DWG-ANO-S031-009,ENT-GIRDER-AG2,APPROVED_REPORT_DRAWING_GOLDEN,,,drawingSpecification,drawing_item,DWG-01580,,CONFIRMED,MAPPED,promotion APPROVED_REPORT_DRAWING_GOLDEN
G-DWG-1581,drawing,drawing.annotation.DWG-ANO-S031-010,ENT-GIRDER-AG2,APPROVED_REPORT_DRAWING_GOLDEN,,,drawingSpecification,drawing_item,DWG-01581,,CONFIRMED,MAPPED,promotion APPROVED_REPORT_DRAWING_GOLDEN
G-DWG-1582,drawing,drawing.annotation.DWG-ANO-S031-011,ENT-GIRDER-AG2,APPROVED_REPORT_DRAWING_GOLDEN,,,drawingSpecification,drawing_item,DWG-01582,,CONFIRMED,MAPPED,promotion APPROVED_REPORT_DRAWING_GOLDEN
G-DWG-1583,drawing,drawing.annotation.DWG-ANO-S031-012,ENT-GIRDER-AG2,APPROVED_REPORT_DRAWING_GOLDEN,,,drawingSpecification,drawing_item,DWG-01583,,CONFIRMED,MAPPED,promotion APPROVED_REPORT_DRAWING_GOLDEN
G-DWG-1584,drawing,drawing.annotation.DWG-ANO-S031-013,ENT-GIRDER-AG2,APPROVED_REPORT_DRAWING_GOLDEN,,,drawingSpecification,drawing_item,DWG-01584,,CONFIRMED,MAPPED,promotion APPROVED_REPORT_DRAWING_GOLDEN
G-DWG-1585,drawing,drawing.annotation.DWG-ANO-S031-014,ENT-GIRDER-AG2,APPROVED_REPORT_DRAWING_GOLDEN,,,drawingSpecification,drawing_item,DWG-01585,,CONFIRMED,MAPPED,promotion APPROVED_REPORT_DRAWING_GOLDEN
G-DWG-1586,drawing,drawing.annotation.DWG-ANO-S031-015,ENT-GIRDER-AG2,APPROVED_REPORT_DRAWING_GOLDEN,,,drawingSpecification,drawing_item,DWG-01586,,CONFIRMED,MAPPED,promotion APPROVED_REPORT_DRAWING_GOLDEN
G-DWG-1587,drawing,drawing.annotation.DWG-ANO-S031-016,ENT-GIRDER-AG2,APPROVED_REPORT_DRAWING_GOLDEN,,,drawingSpecification,drawing_item,DWG-01587,,CONFIRMED,MAPPED,promotion APPROVED_REPORT_DRAWING_GOLDEN
G-DWG-1588,drawing,drawing.annotation.DWG-ANO-S031-017,ENT-GIRDER-AG2,APPROVED_REPORT_DRAWING_GOLDEN,,,drawingSpecification,drawing_item,DWG-01588,,CONFIRMED,MAPPED,promotion APPROVED_REPORT_DRAWING_GOLDEN
G-DWG-1589,drawing,drawing.annotation.DWG-ANO-S031-018,ENT-GIRDER-AG2,APPROVED_REPORT_DRAWING_GOLDEN,,,drawingSpecification,drawing_item,DWG-01589,,CONFIRMED,MAPPED,promotion APPROVED_REPORT_DRAWING_GOLDEN
G-DWG-1590,drawing,drawing.annotation.DWG-ANO-S031-019,ENT-GIRDER-AG2,APPROVED_REPORT_DRAWING_GOLDEN,,,drawingSpecification,drawing_item,DWG-01590,,CONFIRMED,MAPPED,promotion APPROVED_REPORT_DRAWING_GOLDEN
G-DWG-1591,drawing,drawing.annotation.DWG-ANO-S031-020,ENT-GIRDER-AG2,APPROVED_REPORT_DRAWING_GOLDEN,,,drawingSpecification,drawing_item,DWG-01591,,CONFIRMED,MAPPED,promotion APPROVED_REPORT_DRAWING_GOLDEN
G-DWG-1592,drawing,drawing.annotation.DWG-ANO-S032-005,ENT-GIRDER-AG2,APPROVED_REPORT_DRAWING_GOLDEN,,,drawingSpecification,drawing_item,DWG-01592,,CONFIRMED,MAPPED,promotion APPROVED_REPORT_DRAWING_GOLDEN
G-DWG-1593,drawing,drawing.annotation.DWG-ANO-S032-006,ENT-GIRDER-AG2,APPROVED_REPORT_DRAWING_GOLDEN,,,drawingSpecification,drawing_item,DWG-01593,,CONFIRMED,MAPPED,promotion APPROVED_REPORT_DRAWING_GOLDEN
G-DWG-1594,drawing,drawing.annotation.DWG-ANO-S032-007,ENT-GIRDER-AG2,APPROVED_REPORT_DRAWING_GOLDEN,,,drawingSpecification,drawing_item,DWG-01594,,CONFIRMED,MAPPED,promotion APPROVED_REPORT_DRAWING_GOLDEN
G-DWG-1595,drawing,drawing.annotation.DWG-ANO-S032-008,ENT-GIRDER-AG2,APPROVED_REPORT_DRAWING_GOLDEN,,,drawingSpecification,drawing_item,DWG-01595,,CONFIRMED,MAPPED,promotion APPROVED_REPORT_DRAWING_GOLDEN
G-DWG-1596,drawing,drawing.annotation.DWG-ANO-S032-009,ENT-GIRDER-AG2,APPROVED_REPORT_DRAWING_GOLDEN,,,drawingSpecification,drawing_item,DWG-01596,,CONFIRMED,MAPPED,promotion APPROVED_REPORT_DRAWING_GOLDEN
G-DWG-1597,drawing,drawing.annotation.DWG-ANO-S032-010,ENT-GIRDER-AG2,APPROVED_REPORT_DRAWING_GOLDEN,,,drawingSpecification,drawing_item,DWG-01597,,CONFIRMED,MAPPED,promotion APPROVED_REPORT_DRAWING_GOLDEN
G-DWG-1598,drawing,drawing.annotation.DWG-ANO-S032-011,ENT-GIRDER-AG2,APPROVED_REPORT_DRAWING_GOLDEN,,,drawingSpecification,drawing_item,DWG-01598,,CONFIRMED,MAPPED,promotion APPROVED_REPORT_DRAWING_GOLDEN
G-DWG-1599,drawing,drawing.annotation.DWG-ANO-S032-012,ENT-GIRDER-AG2,APPROVED_REPORT_DRAWING_GOLDEN,,,drawingSpecification,drawing_item,DWG-01599,,CONFIRMED,MAPPED,promotion APPROVED_REPORT_DRAWING_GOLDEN
G-DWG-1600,drawing,drawing.annotation.DWG-ANO-S032-013,ENT-GIRDER-AG2,APPROVED_REPORT_DRAWING_GOLDEN,,,drawingSpecification,drawing_item,DWG-01600,,CONFIRMED,MAPPED,promotion APPROVED_REPORT_DRAWING_GOLDEN
G-DWG-1601,drawing,drawing.annotation.DWG-ANO-S032-014,ENT-GIRDER-AG2,APPROVED_REPORT_DRAWING_GOLDEN,,,drawingSpecification,drawing_item,DWG-01601,,CONFIRMED,MAPPED,promotion APPROVED_REPORT_DRAWING_GOLDEN
G-DWG-1602,drawing,drawing.annotation.DWG-ANO-S032-015,ENT-GIRDER-AG2,APPROVED_REPORT_DRAWING_GOLDEN,,,drawingSpecification,drawing_item,DWG-01602,,CONFIRMED,MAPPED,promotion APPROVED_REPORT_DRAWING_GOLDEN
G-DWG-1603,drawing,drawing.annotation.DWG-ANO-S032-016,ENT-GIRDER-AG2,APPROVED_REPORT_DRAWING_GOLDEN,,,drawingSpecification,drawing_item,DWG-01603,,CONFIRMED,MAPPED,promotion APPROVED_REPORT_DRAWING_GOLDEN
G-DWG-1604,drawing,drawing.annotation.DWG-ANO-S032-017,ENT-GIRDER-AG2,APPROVED_REPORT_DRAWING_GOLDEN,,,drawingSpecification,drawing_item,DWG-01604,,CONFIRMED,MAPPED,promotion APPROVED_REPORT_DRAWING_GOLDEN
G-DWG-1605,drawing,drawing.annotation.DWG-ANO-S032-018,ENT-GIRDER-AG2,APPROVED_REPORT_DRAWING_GOLDEN,,,drawingSpecification,drawing_item,DWG-01605,,CONFIRMED,MAPPED,promotion APPROVED_REPORT_DRAWING_GOLDEN
G-DWG-1606,drawing,drawing.annotation.DWG-ANO-S032-019,ENT-GIRDER-AG2,APPROVED_REPORT_DRAWING_GOLDEN,,,drawingSpecification,drawing_item,DWG-01606,,CONFIRMED,MAPPED,promotion APPROVED_REPORT_DRAWING_GOLDEN
G-DWG-1607,drawing,drawing.annotation.DWG-ANO-S032-020,ENT-GIRDER-AG2,APPROVED_REPORT_DRAWING_GOLDEN,,,drawingSpecification,drawing_item,DWG-01607,,CONFIRMED,MAPPED,promotion APPROVED_REPORT_DRAWING_GOLDEN
G-DWG-1608,drawing,drawing.annotation.DWG-ANO-S033-005,ENT-GIRDER-AG2,APPROVED_REPORT_DRAWING_GOLDEN,,,drawingSpecification,drawing_item,DWG-01608,,CONFIRMED,MAPPED,promotion APPROVED_REPORT_DRAWING_GOLDEN
G-DWG-1609,drawing,drawing.annotation.DWG-ANO-S033-006,ENT-GIRDER-AG2,APPROVED_REPORT_DRAWING_GOLDEN,,,drawingSpecification,drawing_item,DWG-01609,,CONFIRMED,MAPPED,promotion APPROVED_REPORT_DRAWING_GOLDEN
G-DWG-1610,drawing,drawing.annotation.DWG-ANO-S033-007,ENT-GIRDER-AG2,APPROVED_REPORT_DRAWING_GOLDEN,,,drawingSpecification,drawing_item,DWG-01610,,CONFIRMED,MAPPED,promotion APPROVED_REPORT_DRAWING_GOLDEN
G-DWG-1611,drawing,drawing.annotation.DWG-ANO-S033-008,ENT-GIRDER-AG2,APPROVED_REPORT_DRAWING_GOLDEN,,,drawingSpecification,drawing_item,DWG-01611,,CONFIRMED,MAPPED,promotion APPROVED_REPORT_DRAWING_GOLDEN
G-DWG-1612,drawing,drawing.annotation.DWG-ANO-S033-009,ENT-GIRDER-AG2,APPROVED_REPORT_DRAWING_GOLDEN,,,drawingSpecification,drawing_item,DWG-01612,,CONFIRMED,MAPPED,promotion APPROVED_REPORT_DRAWING_GOLDEN
G-DWG-1613,drawing,drawing.annotation.DWG-ANO-S033-010,ENT-GIRDER-AG2,APPROVED_REPORT_DRAWING_GOLDEN,,,drawingSpecification,drawing_item,DWG-01613,,CONFIRMED,MAPPED,promotion APPROVED_REPORT_DRAWING_GOLDEN
G-DWG-1614,drawing,drawing.annotation.DWG-ANO-S033-011,ENT-GIRDER-AG2,APPROVED_REPORT_DRAWING_GOLDEN,,,drawingSpecification,drawing_item,DWG-01614,,CONFIRMED,MAPPED,promotion APPROVED_REPORT_DRAWING_GOLDEN
G-DWG-1615,drawing,drawing.annotation.DWG-ANO-S033-012,ENT-GIRDER-AG2,APPROVED_REPORT_DRAWING_GOLDEN,,,drawingSpecification,drawing_item,DWG-01615,,CONFIRMED,MAPPED,promotion APPROVED_REPORT_DRAWING_GOLDEN
G-DWG-1616,drawing,drawing.annotation.DWG-ANO-S033-013,ENT-GIRDER-AG2,APPROVED_REPORT_DRAWING_GOLDEN,,,drawingSpecification,drawing_item,DWG-01616,,CONFIRMED,MAPPED,promotion APPROVED_REPORT_DRAWING_GOLDEN
G-DWG-1617,drawing,drawing.annotation.DWG-ANO-S033-014,ENT-GIRDER-AG2,APPROVED_REPORT_DRAWING_GOLDEN,,,drawingSpecification,drawing_item,DWG-01617,,CONFIRMED,MAPPED,promotion APPROVED_REPORT_DRAWING_GOLDEN
G-DWG-1618,drawing,drawing.annotation.DWG-ANO-S033-015,ENT-GIRDER-AG2,APPROVED_REPORT_DRAWING_GOLDEN,,,drawingSpecification,drawing_item,DWG-01618,,CONFIRMED,MAPPED,promotion APPROVED_REPORT_DRAWING_GOLDEN
G-DWG-1619,drawing,drawing.annotation.DWG-ANO-S033-016,ENT-GIRDER-AG2,APPROVED_REPORT_DRAWING_GOLDEN,,,drawingSpecification,drawing_item,DWG-01619,,CONFIRMED,MAPPED,promotion APPROVED_REPORT_DRAWING_GOLDEN
G-DWG-1620,drawing,drawing.annotation.DWG-ANO-S033-017,ENT-GIRDER-AG2,APPROVED_REPORT_DRAWING_GOLDEN,,,drawingSpecification,drawing_item,DWG-01620,,CONFIRMED,MAPPED,promotion APPROVED_REPORT_DRAWING_GOLDEN
G-DWG-1621,drawing,drawing.annotation.DWG-ANO-S033-018,ENT-GIRDER-AG2,APPROVED_REPORT_DRAWING_GOLDEN,,,drawingSpecification,drawing_item,DWG-01621,,CONFIRMED,MAPPED,promotion APPROVED_REPORT_DRAWING_GOLDEN
G-DWG-1622,drawing,drawing.annotation.DWG-ANO-S033-019,ENT-GIRDER-AG2,APPROVED_REPORT_DRAWING_GOLDEN,,,drawingSpecification,drawing_item,DWG-01622,,CONFIRMED,MAPPED,promotion APPROVED_REPORT_DRAWING_GOLDEN
G-DWG-1623,drawing,drawing.annotation.DWG-ANO-S033-020,ENT-GIRDER-AG2,APPROVED_REPORT_DRAWING_GOLDEN,,,drawingSpecification,drawing_item,DWG-01623,,CONFIRMED,MAPPED,promotion APPROVED_REPORT_DRAWING_GOLDEN
G-DWG-1624,drawing,drawing.annotation.DWG-ANO-S034-005,ENT-GIRDER-AG2,APPROVED_REPORT_DRAWING_GOLDEN,,,drawingSpecification,drawing_item,DWG-01624,,CONFIRMED,MAPPED,promotion APPROVED_REPORT_DRAWING_GOLDEN
G-DWG-1625,drawing,drawing.annotation.DWG-ANO-S034-006,ENT-GIRDER-AG2,APPROVED_REPORT_DRAWING_GOLDEN,,,drawingSpecification,drawing_item,DWG-01625,,CONFIRMED,MAPPED,promotion APPROVED_REPORT_DRAWING_GOLDEN
G-DWG-1626,drawing,drawing.annotation.DWG-ANO-S034-007,ENT-GIRDER-AG2,APPROVED_REPORT_DRAWING_GOLDEN,,,drawingSpecification,drawing_item,DWG-01626,,CONFIRMED,MAPPED,promotion APPROVED_REPORT_DRAWING_GOLDEN
G-DWG-1627,drawing,drawing.annotation.DWG-ANO-S034-008,ENT-GIRDER-AG2,APPROVED_REPORT_DRAWING_GOLDEN,,,drawingSpecification,drawing_item,DWG-01627,,CONFIRMED,MAPPED,promotion APPROVED_REPORT_DRAWING_GOLDEN
G-DWG-1628,drawing,drawing.annotation.DWG-ANO-S034-009,ENT-GIRDER-AG2,APPROVED_REPORT_DRAWING_GOLDEN,,,drawingSpecification,drawing_item,DWG-01628,,CONFIRMED,MAPPED,promotion APPROVED_REPORT_DRAWING_GOLDEN
G-DWG-1629,drawing,drawing.annotation.DWG-ANO-S034-010,ENT-GIRDER-AG2,APPROVED_REPORT_DRAWING_GOLDEN,,,drawingSpecification,drawing_item,DWG-01629,,CONFIRMED,MAPPED,promotion APPROVED_REPORT_DRAWING_GOLDEN
G-DWG-1630,drawing,drawing.annotation.DWG-ANO-S034-011,ENT-GIRDER-AG2,APPROVED_REPORT_DRAWING_GOLDEN,,,drawingSpecification,drawing_item,DWG-01630,,CONFIRMED,MAPPED,promotion APPROVED_REPORT_DRAWING_GOLDEN
G-DWG-1631,drawing,drawing.annotation.DWG-ANO-S034-012,ENT-GIRDER-AG2,APPROVED_REPORT_DRAWING_GOLDEN,,,drawingSpecification,drawing_item,DWG-01631,,CONFIRMED,MAPPED,promotion APPROVED_REPORT_DRAWING_GOLDEN
G-DWG-1632,drawing,drawing.annotation.DWG-ANO-S034-013,ENT-GIRDER-AG2,APPROVED_REPORT_DRAWING_GOLDEN,,,drawingSpecification,drawing_item,DWG-01632,,CONFIRMED,MAPPED,promotion APPROVED_REPORT_DRAWING_GOLDEN
G-DWG-1633,drawing,drawing.annotation.DWG-ANO-S034-014,ENT-GIRDER-AG2,APPROVED_REPORT_DRAWING_GOLDEN,,,drawingSpecification,drawing_item,DWG-01633,,CONFIRMED,MAPPED,promotion APPROVED_REPORT_DRAWING_GOLDEN
G-DWG-1634,drawing,drawing.annotation.DWG-ANO-S034-015,ENT-GIRDER-AG2,APPROVED_REPORT_DRAWING_GOLDEN,,,drawingSpecification,drawing_item,DWG-01634,,CONFIRMED,MAPPED,promotion APPROVED_REPORT_DRAWING_GOLDEN
G-DWG-1635,drawing,drawing.annotation.DWG-ANO-S034-016,ENT-GIRDER-AG2,APPROVED_REPORT_DRAWING_GOLDEN,,,drawingSpecification,drawing_item,DWG-01635,,CONFIRMED,MAPPED,promotion APPROVED_REPORT_DRAWING_GOLDEN
G-DWG-1636,drawing,drawing.annotation.DWG-ANO-S034-017,ENT-GIRDER-AG2,APPROVED_REPORT_DRAWING_GOLDEN,,,drawingSpecification,drawing_item,DWG-01636,,CONFIRMED,MAPPED,promotion APPROVED_REPORT_DRAWING_GOLDEN
G-DWG-1637,drawing,drawing.annotation.DWG-ANO-S034-018,ENT-GIRDER-AG2,APPROVED_REPORT_DRAWING_GOLDEN,,,drawingSpecification,drawing_item,DWG-01637,,CONFIRMED,MAPPED,promotion APPROVED_REPORT_DRAWING_GOLDEN
G-DWG-1638,drawing,drawing.annotation.DWG-ANO-S034-019,ENT-GIRDER-AG2,APPROVED_REPORT_DRAWING_GOLDEN,,,drawingSpecification,drawing_item,DWG-01638,,CONFIRMED,MAPPED,promotion APPROVED_REPORT_DRAWING_GOLDEN
G-DWG-1639,drawing,drawing.annotation.DWG-ANO-S034-020,ENT-GIRDER-AG2,APPROVED_REPORT_DRAWING_GOLDEN,,,drawingSpecification,drawing_item,DWG-01639,,CONFIRMED,MAPPED,promotion APPROVED_REPORT_DRAWING_GOLDEN
G-DWG-1640,drawing,drawing.annotation.DWG-ANO-S035-005,ENT-GIRDER-AG2,APPROVED_REPORT_DRAWING_GOLDEN,,,drawingSpecification,drawing_item,DWG-01640,,CONFIRMED,MAPPED,promotion APPROVED_REPORT_DRAWING_GOLDEN
G-DWG-1641,drawing,drawing.annotation.DWG-ANO-S035-006,ENT-GIRDER-AG2,APPROVED_REPORT_DRAWING_GOLDEN,,,drawingSpecification,drawing_item,DWG-01641,,CONFIRMED,MAPPED,promotion APPROVED_REPORT_DRAWING_GOLDEN
G-DWG-1642,drawing,drawing.annotation.DWG-ANO-S035-007,ENT-GIRDER-AG2,APPROVED_REPORT_DRAWING_GOLDEN,,,drawingSpecification,drawing_item,DWG-01642,,CONFIRMED,MAPPED,promotion APPROVED_REPORT_DRAWING_GOLDEN
G-DWG-1643,drawing,drawing.annotation.DWG-ANO-S035-008,ENT-GIRDER-AG2,APPROVED_REPORT_DRAWING_GOLDEN,,,drawingSpecification,drawing_item,DWG-01643,,CONFIRMED,MAPPED,promotion APPROVED_REPORT_DRAWING_GOLDEN
G-DWG-1644,drawing,drawing.annotation.DWG-ANO-S035-009,ENT-GIRDER-AG2,APPROVED_REPORT_DRAWING_GOLDEN,,,drawingSpecification,drawing_item,DWG-01644,,CONFIRMED,MAPPED,promotion APPROVED_REPORT_DRAWING_GOLDEN
G-DWG-1645,drawing,drawing.annotation.DWG-ANO-S035-010,ENT-GIRDER-AG2,APPROVED_REPORT_DRAWING_GOLDEN,,,drawingSpecification,drawing_item,DWG-01645,,CONFIRMED,MAPPED,promotion APPROVED_REPORT_DRAWING_GOLDEN
G-DWG-1646,drawing,drawing.annotation.DWG-ANO-S035-011,ENT-GIRDER-AG2,APPROVED_REPORT_DRAWING_GOLDEN,,,drawingSpecification,drawing_item,DWG-01646,,CONFIRMED,MAPPED,promotion APPROVED_REPORT_DRAWING_GOLDEN
G-DWG-1647,drawing,drawing.annotation.DWG-ANO-S035-012,ENT-GIRDER-AG2,APPROVED_REPORT_DRAWING_GOLDEN,,,drawingSpecification,drawing_item,DWG-01647,,CONFIRMED,MAPPED,promotion APPROVED_REPORT_DRAWING_GOLDEN
G-DWG-1648,drawing,drawing.annotation.DWG-ANO-S035-013,ENT-GIRDER-AG2,APPROVED_REPORT_DRAWING_GOLDEN,,,drawingSpecification,drawing_item,DWG-01648,,CONFIRMED,MAPPED,promotion APPROVED_REPORT_DRAWING_GOLDEN
G-DWG-1649,drawing,drawing.annotation.DWG-ANO-S035-014,ENT-GIRDER-AG2,APPROVED_REPORT_DRAWING_GOLDEN,,,drawingSpecification,drawing_item,DWG-01649,,CONFIRMED,MAPPED,promotion APPROVED_REPORT_DRAWING_GOLDEN
G-DWG-1650,drawing,drawing.annotation.DWG-ANO-S035-015,ENT-GIRDER-AG2,APPROVED_REPORT_DRAWING_GOLDEN,,,drawingSpecification,drawing_item,DWG-01650,,CONFIRMED,MAPPED,promotion APPROVED_REPORT_DRAWING_GOLDEN
G-DWG-1651,drawing,drawing.annotation.DWG-ANO-S035-016,ENT-GIRDER-AG2,APPROVED_REPORT_DRAWING_GOLDEN,,,drawingSpecification,drawing_item,DWG-01651,,CONFIRMED,MAPPED,promotion APPROVED_REPORT_DRAWING_GOLDEN
G-DWG-1652,drawing,drawing.annotation.DWG-ANO-S035-017,ENT-GIRDER-AG2,APPROVED_REPORT_DRAWING_GOLDEN,,,drawingSpecification,drawing_item,DWG-01652,,CONFIRMED,MAPPED,promotion APPROVED_REPORT_DRAWING_GOLDEN
G-DWG-1653,drawing,drawing.annotation.DWG-ANO-S035-018,ENT-GIRDER-AG2,APPROVED_REPORT_DRAWING_GOLDEN,,,drawingSpecification,drawing_item,DWG-01653,,CONFIRMED,MAPPED,promotion APPROVED_REPORT_DRAWING_GOLDEN
G-DWG-1654,drawing,drawing.annotation.DWG-ANO-S035-019,ENT-GIRDER-AG2,APPROVED_REPORT_DRAWING_GOLDEN,,,drawingSpecification,drawing_item,DWG-01654,,CONFIRMED,MAPPED,promotion APPROVED_REPORT_DRAWING_GOLDEN
G-DWG-1655,drawing,drawing.annotation.DWG-ANO-S035-020,ENT-GIRDER-AG2,APPROVED_REPORT_DRAWING_GOLDEN,,,drawingSpecification,drawing_item,DWG-01655,,CONFIRMED,MAPPED,promotion APPROVED_REPORT_DRAWING_GOLDEN
G-DWG-1656,drawing,drawing.annotation.DWG-ANO-S036-005,ENT-GIRDER-AG2,APPROVED_REPORT_DRAWING_GOLDEN,,,drawingSpecification,drawing_item,DWG-01656,,CONFIRMED,MAPPED,promotion APPROVED_REPORT_DRAWING_GOLDEN
G-DWG-1657,drawing,drawing.annotation.DWG-ANO-S036-006,ENT-GIRDER-AG2,APPROVED_REPORT_DRAWING_GOLDEN,,,drawingSpecification,drawing_item,DWG-01657,,CONFIRMED,MAPPED,promotion APPROVED_REPORT_DRAWING_GOLDEN
G-DWG-1658,drawing,drawing.annotation.DWG-ANO-S036-007,ENT-GIRDER-AG2,APPROVED_REPORT_DRAWING_GOLDEN,,,drawingSpecification,drawing_item,DWG-01658,,CONFIRMED,MAPPED,promotion APPROVED_REPORT_DRAWING_GOLDEN
G-DWG-1659,drawing,drawing.annotation.DWG-ANO-S036-008,ENT-GIRDER-AG2,APPROVED_REPORT_DRAWING_GOLDEN,,,drawingSpecification,drawing_item,DWG-01659,,CONFIRMED,MAPPED,promotion APPROVED_REPORT_DRAWING_GOLDEN
G-DWG-1660,drawing,drawing.annotation.DWG-ANO-S036-009,ENT-GIRDER-AG2,APPROVED_REPORT_DRAWING_GOLDEN,,,drawingSpecification,drawing_item,DWG-01660,,CONFIRMED,MAPPED,promotion APPROVED_REPORT_DRAWING_GOLDEN
G-DWG-1661,drawing,drawing.annotation.DWG-ANO-S036-010,ENT-GIRDER-AG2,APPROVED_REPORT_DRAWING_GOLDEN,,,drawingSpecification,drawing_item,DWG-01661,,CONFIRMED,MAPPED,promotion APPROVED_REPORT_DRAWING_GOLDEN
G-DWG-1662,drawing,drawing.annotation.DWG-ANO-S036-011,ENT-GIRDER-AG2,APPROVED_REPORT_DRAWING_GOLDEN,,,drawingSpecification,drawing_item,DWG-01662,,CONFIRMED,MAPPED,promotion APPROVED_REPORT_DRAWING_GOLDEN
G-DWG-1663,drawing,drawing.annotation.DWG-ANO-S036-012,ENT-GIRDER-AG2,APPROVED_REPORT_DRAWING_GOLDEN,,,drawingSpecification,drawing_item,DWG-01663,,CONFIRMED,MAPPED,promotion APPROVED_REPORT_DRAWING_GOLDEN
G-DWG-1664,drawing,drawing.annotation.DWG-ANO-S036-013,ENT-GIRDER-AG2,APPROVED_REPORT_DRAWING_GOLDEN,,,drawingSpecification,drawing_item,DWG-01664,,CONFIRMED,MAPPED,promotion APPROVED_REPORT_DRAWING_GOLDEN
G-DWG-1665,drawing,drawing.annotation.DWG-ANO-S036-014,ENT-GIRDER-AG2,APPROVED_REPORT_DRAWING_GOLDEN,,,drawingSpecification,drawing_item,DWG-01665,,CONFIRMED,MAPPED,promotion APPROVED_REPORT_DRAWING_GOLDEN
G-DWG-1666,drawing,drawing.annotation.DWG-ANO-S036-015,ENT-GIRDER-AG2,APPROVED_REPORT_DRAWING_GOLDEN,,,drawingSpecification,drawing_item,DWG-01666,,CONFIRMED,MAPPED,promotion APPROVED_REPORT_DRAWING_GOLDEN
G-DWG-1667,drawing,drawing.annotation.DWG-ANO-S036-016,ENT-GIRDER-AG2,APPROVED_REPORT_DRAWING_GOLDEN,,,drawingSpecification,drawing_item,DWG-01667,,CONFIRMED,MAPPED,promotion APPROVED_REPORT_DRAWING_GOLDEN
G-DWG-1668,drawing,drawing.annotation.DWG-ANO-S036-017,ENT-GIRDER-AG2,APPROVED_REPORT_DRAWING_GOLDEN,,,drawingSpecification,drawing_item,DWG-01668,,CONFIRMED,MAPPED,promotion APPROVED_REPORT_DRAWING_GOLDEN
G-DWG-1669,drawing,drawing.annotation.DWG-ANO-S036-018,ENT-GIRDER-AG2,APPROVED_REPORT_DRAWING_GOLDEN,,,drawingSpecification,drawing_item,DWG-01669,,CONFIRMED,MAPPED,promotion APPROVED_REPORT_DRAWING_GOLDEN
G-DWG-1670,drawing,drawing.annotation.DWG-ANO-S036-019,ENT-GIRDER-AG2,APPROVED_REPORT_DRAWING_GOLDEN,,,drawingSpecification,drawing_item,DWG-01670,,CONFIRMED,MAPPED,promotion APPROVED_REPORT_DRAWING_GOLDEN
G-DWG-1671,drawing,drawing.annotation.DWG-ANO-S036-020,ENT-GIRDER-AG2,APPROVED_REPORT_DRAWING_GOLDEN,,,drawingSpecification,drawing_item,DWG-01671,,CONFIRMED,MAPPED,promotion APPROVED_REPORT_DRAWING_GOLDEN
G-DWG-1672,drawing,drawing.annotation.DWG-ANO-S037-005,ENT-GIRDER-AG2,APPROVED_REPORT_DRAWING_GOLDEN,,,drawingSpecification,drawing_item,DWG-01672,,CONFIRMED,MAPPED,promotion APPROVED_REPORT_DRAWING_GOLDEN
G-DWG-1673,drawing,drawing.annotation.DWG-ANO-S037-006,ENT-GIRDER-AG2,APPROVED_REPORT_DRAWING_GOLDEN,,,drawingSpecification,drawing_item,DWG-01673,,CONFIRMED,MAPPED,promotion APPROVED_REPORT_DRAWING_GOLDEN
G-DWG-1674,drawing,drawing.annotation.DWG-ANO-S037-007,ENT-GIRDER-AG2,APPROVED_REPORT_DRAWING_GOLDEN,,,drawingSpecification,drawing_item,DWG-01674,,CONFIRMED,MAPPED,promotion APPROVED_REPORT_DRAWING_GOLDEN
G-DWG-1675,drawing,drawing.annotation.DWG-ANO-S037-008,ENT-GIRDER-AG2,APPROVED_REPORT_DRAWING_GOLDEN,,,drawingSpecification,drawing_item,DWG-01675,,CONFIRMED,MAPPED,promotion APPROVED_REPORT_DRAWING_GOLDEN
G-DWG-1676,drawing,drawing.annotation.DWG-ANO-S037-009,ENT-GIRDER-AG2,APPROVED_REPORT_DRAWING_GOLDEN,,,drawingSpecification,drawing_item,DWG-01676,,CONFIRMED,MAPPED,promotion APPROVED_REPORT_DRAWING_GOLDEN
G-DWG-1677,drawing,drawing.annotation.DWG-ANO-S037-010,ENT-GIRDER-AG2,APPROVED_REPORT_DRAWING_GOLDEN,,,drawingSpecification,drawing_item,DWG-01677,,CONFIRMED,MAPPED,promotion APPROVED_REPORT_DRAWING_GOLDEN
G-DWG-1678,drawing,drawing.annotation.DWG-ANO-S037-011,ENT-GIRDER-AG2,APPROVED_REPORT_DRAWING_GOLDEN,,,drawingSpecification,drawing_item,DWG-01678,,CONFIRMED,MAPPED,promotion APPROVED_REPORT_DRAWING_GOLDEN
G-DWG-1679,drawing,drawing.annotation.DWG-ANO-S037-012,ENT-GIRDER-AG2,APPROVED_REPORT_DRAWING_GOLDEN,,,drawingSpecification,drawing_item,DWG-01679,,CONFIRMED,MAPPED,promotion APPROVED_REPORT_DRAWING_GOLDEN
G-DWG-1680,drawing,drawing.annotation.DWG-ANO-S037-013,ENT-GIRDER-AG2,APPROVED_REPORT_DRAWING_GOLDEN,,,drawingSpecification,drawing_item,DWG-01680,,CONFIRMED,MAPPED,promotion APPROVED_REPORT_DRAWING_GOLDEN
G-DWG-1681,drawing,drawing.annotation.DWG-ANO-S037-014,ENT-GIRDER-AG2,APPROVED_REPORT_DRAWING_GOLDEN,,,drawingSpecification,drawing_item,DWG-01681,,CONFIRMED,MAPPED,promotion APPROVED_REPORT_DRAWING_GOLDEN
G-DWG-1682,drawing,drawing.annotation.DWG-ANO-S037-015,ENT-GIRDER-AG2,APPROVED_REPORT_DRAWING_GOLDEN,,,drawingSpecification,drawing_item,DWG-01682,,CONFIRMED,MAPPED,promotion APPROVED_REPORT_DRAWING_GOLDEN
G-DWG-1683,drawing,drawing.annotation.DWG-ANO-S037-016,ENT-GIRDER-AG2,APPROVED_REPORT_DRAWING_GOLDEN,,,drawingSpecification,drawing_item,DWG-01683,,CONFIRMED,MAPPED,promotion APPROVED_REPORT_DRAWING_GOLDEN
G-DWG-1684,drawing,drawing.annotation.DWG-ANO-S037-017,ENT-GIRDER-AG2,APPROVED_REPORT_DRAWING_GOLDEN,,,drawingSpecification,drawing_item,DWG-01684,,CONFIRMED,MAPPED,promotion APPROVED_REPORT_DRAWING_GOLDEN
G-DWG-1685,drawing,drawing.annotation.DWG-ANO-S037-018,ENT-GIRDER-AG2,APPROVED_REPORT_DRAWING_GOLDEN,,,drawingSpecification,drawing_item,DWG-01685,,CONFIRMED,MAPPED,promotion APPROVED_REPORT_DRAWING_GOLDEN
G-DWG-1686,drawing,drawing.annotation.DWG-ANO-S037-019,ENT-GIRDER-AG2,APPROVED_REPORT_DRAWING_GOLDEN,,,drawingSpecification,drawing_item,DWG-01686,,CONFIRMED,MAPPED,promotion APPROVED_REPORT_DRAWING_GOLDEN
G-DWG-1687,drawing,drawing.annotation.DWG-ANO-S037-020,ENT-GIRDER-AG2,APPROVED_REPORT_DRAWING_GOLDEN,,,drawingSpecification,drawing_item,DWG-01687,,CONFIRMED,MAPPED,promotion APPROVED_REPORT_DRAWING_GOLDEN
G-DWG-1688,drawing,drawing.annotation.DWG-ANO-S038-005,ENT-GIRDER-AG2,APPROVED_REPORT_DRAWING_GOLDEN,,,drawingSpecification,drawing_item,DWG-01688,,CONFIRMED,MAPPED,promotion APPROVED_REPORT_DRAWING_GOLDEN
G-DWG-1689,drawing,drawing.annotation.DWG-ANO-S038-006,ENT-GIRDER-AG2,APPROVED_REPORT_DRAWING_GOLDEN,,,drawingSpecification,drawing_item,DWG-01689,,CONFIRMED,MAPPED,promotion APPROVED_REPORT_DRAWING_GOLDEN
G-DWG-1690,drawing,drawing.annotation.DWG-ANO-S038-007,ENT-GIRDER-AG2,APPROVED_REPORT_DRAWING_GOLDEN,,,drawingSpecification,drawing_item,DWG-01690,,CONFIRMED,MAPPED,promotion APPROVED_REPORT_DRAWING_GOLDEN
G-DWG-1691,drawing,drawing.annotation.DWG-ANO-S038-008,ENT-GIRDER-AG2,APPROVED_REPORT_DRAWING_GOLDEN,,,drawingSpecification,drawing_item,DWG-01691,,CONFIRMED,MAPPED,promotion APPROVED_REPORT_DRAWING_GOLDEN
G-DWG-1692,drawing,drawing.annotation.DWG-ANO-S038-009,ENT-GIRDER-AG2,APPROVED_REPORT_DRAWING_GOLDEN,,,drawingSpecification,drawing_item,DWG-01692,,CONFIRMED,MAPPED,promotion APPROVED_REPORT_DRAWING_GOLDEN
G-DWG-1693,drawing,drawing.annotation.DWG-ANO-S038-010,ENT-GIRDER-AG2,APPROVED_REPORT_DRAWING_GOLDEN,,,drawingSpecification,drawing_item,DWG-01693,,CONFIRMED,MAPPED,promotion APPROVED_REPORT_DRAWING_GOLDEN
G-DWG-1694,drawing,drawing.annotation.DWG-ANO-S038-011,ENT-GIRDER-AG2,APPROVED_REPORT_DRAWING_GOLDEN,,,drawingSpecification,drawing_item,DWG-01694,,CONFIRMED,MAPPED,promotion APPROVED_REPORT_DRAWING_GOLDEN
G-DWG-1695,drawing,drawing.annotation.DWG-ANO-S038-012,ENT-GIRDER-AG2,APPROVED_REPORT_DRAWING_GOLDEN,,,drawingSpecification,drawing_item,DWG-01695,,CONFIRMED,MAPPED,promotion APPROVED_REPORT_DRAWING_GOLDEN
G-DWG-1696,drawing,drawing.annotation.DWG-ANO-S038-013,ENT-GIRDER-AG2,APPROVED_REPORT_DRAWING_GOLDEN,,,drawingSpecification,drawing_item,DWG-01696,,CONFIRMED,MAPPED,promotion APPROVED_REPORT_DRAWING_GOLDEN
G-DWG-1697,drawing,drawing.annotation.DWG-ANO-S038-014,ENT-GIRDER-AG2,APPROVED_REPORT_DRAWING_GOLDEN,,,drawingSpecification,drawing_item,DWG-01697,,CONFIRMED,MAPPED,promotion APPROVED_REPORT_DRAWING_GOLDEN
G-DWG-1698,drawing,drawing.annotation.DWG-ANO-S038-015,ENT-GIRDER-AG2,APPROVED_REPORT_DRAWING_GOLDEN,,,drawingSpecification,drawing_item,DWG-01698,,CONFIRMED,MAPPED,promotion APPROVED_REPORT_DRAWING_GOLDEN
G-DWG-1699,drawing,drawing.annotation.DWG-ANO-S038-016,ENT-GIRDER-AG2,APPROVED_REPORT_DRAWING_GOLDEN,,,drawingSpecification,drawing_item,DWG-01699,,CONFIRMED,MAPPED,promotion APPROVED_REPORT_DRAWING_GOLDEN
G-DWG-1700,drawing,drawing.annotation.DWG-ANO-S038-017,ENT-GIRDER-AG2,APPROVED_REPORT_DRAWING_GOLDEN,,,drawingSpecification,drawing_item,DWG-01700,,CONFIRMED,MAPPED,promotion APPROVED_REPORT_DRAWING_GOLDEN
G-DWG-1701,drawing,drawing.annotation.DWG-ANO-S038-018,ENT-GIRDER-AG2,APPROVED_REPORT_DRAWING_GOLDEN,,,drawingSpecification,drawing_item,DWG-01701,,CONFIRMED,MAPPED,promotion APPROVED_REPORT_DRAWING_GOLDEN
G-DWG-1702,drawing,drawing.annotation.DWG-ANO-S038-019,ENT-GIRDER-AG2,APPROVED_REPORT_DRAWING_GOLDEN,,,drawingSpecification,drawing_item,DWG-01702,,CONFIRMED,MAPPED,promotion APPROVED_REPORT_DRAWING_GOLDEN
G-DWG-1703,drawing,drawing.annotation.DWG-ANO-S038-020,ENT-GIRDER-AG2,APPROVED_REPORT_DRAWING_GOLDEN,,,drawingSpecification,drawing_item,DWG-01703,,CONFIRMED,MAPPED,promotion APPROVED_REPORT_DRAWING_GOLDEN
G-DWG-1704,drawing,drawing.annotation.DWG-ANO-S045-001,ENT-XBEAM-GE1,APPROVED_REPORT_DRAWING_GOLDEN,,,drawingSpecification,drawing_item,DWG-01704,,CONFIRMED,MAPPED,promotion APPROVED_REPORT_DRAWING_GOLDEN
G-DWG-1705,drawing,drawing.annotation.DWG-ANO-S045-002,ENT-XBEAM-GE1,APPROVED_REPORT_DRAWING_GOLDEN,,,drawingSpecification,drawing_item,DWG-01705,,CONFIRMED,MAPPED,promotion APPROVED_REPORT_DRAWING_GOLDEN
G-DWG-1706,drawing,drawing.annotation.DWG-ANO-S045-003,ENT-XBEAM-GE1,APPROVED_REPORT_DRAWING_GOLDEN,,,drawingSpecification,drawing_item,DWG-01706,,CONFIRMED,MAPPED,promotion APPROVED_REPORT_DRAWING_GOLDEN
G-DWG-1707,drawing,drawing.annotation.DWG-ANO-S045-004,ENT-XBEAM-GE1,APPROVED_REPORT_DRAWING_GOLDEN,,,drawingSpecification,drawing_item,DWG-01707,,CONFIRMED,MAPPED,promotion APPROVED_REPORT_DRAWING_GOLDEN
G-DWG-1708,drawing,drawing.annotation.DWG-ANO-S045-005,ENT-XBEAM-GE1,APPROVED_REPORT_DRAWING_GOLDEN,,,drawingSpecification,drawing_item,DWG-01708,,CONFIRMED,MAPPED,promotion APPROVED_REPORT_DRAWING_GOLDEN
G-DWG-1709,drawing,drawing.annotation.DWG-ANO-S045-006,ENT-XBEAM-GE1,APPROVED_REPORT_DRAWING_GOLDEN,,,drawingSpecification,drawing_item,DWG-01709,,CONFIRMED,MAPPED,promotion APPROVED_REPORT_DRAWING_GOLDEN
G-DWG-1710,drawing,drawing.annotation.DWG-ANO-S045-007,ENT-XBEAM-GE1,APPROVED_REPORT_DRAWING_GOLDEN,,,drawingSpecification,drawing_item,DWG-01710,,CONFIRMED,MAPPED,promotion APPROVED_REPORT_DRAWING_GOLDEN
G-DWG-1711,drawing,drawing.annotation.DWG-ANO-S045-008,ENT-XBEAM-GE1,APPROVED_REPORT_DRAWING_GOLDEN,,,drawingSpecification,drawing_item,DWG-01711,,CONFIRMED,MAPPED,promotion APPROVED_REPORT_DRAWING_GOLDEN
G-DWG-1712,drawing,drawing.annotation.DWG-ANO-S045-009,ENT-XBEAM-GE1,APPROVED_REPORT_DRAWING_GOLDEN,,,drawingSpecification,drawing_item,DWG-01712,,CONFIRMED,MAPPED,promotion APPROVED_REPORT_DRAWING_GOLDEN
G-DWG-1713,drawing,drawing.annotation.DWG-ANO-S045-010,ENT-XBEAM-GE1,APPROVED_REPORT_DRAWING_GOLDEN,,,drawingSpecification,drawing_item,DWG-01713,,CONFIRMED,MAPPED,promotion APPROVED_REPORT_DRAWING_GOLDEN
G-DWG-1714,drawing,drawing.annotation.DWG-ANO-S045-011,ENT-XBEAM-GE1,APPROVED_REPORT_DRAWING_GOLDEN,,,drawingSpecification,drawing_item,DWG-01714,,CONFIRMED,MAPPED,promotion APPROVED_REPORT_DRAWING_GOLDEN
G-DWG-1715,drawing,drawing.annotation.DWG-ANO-S045-012,ENT-XBEAM-GE1,APPROVED_REPORT_DRAWING_GOLDEN,,,drawingSpecification,drawing_item,DWG-01715,,CONFIRMED,MAPPED,promotion APPROVED_REPORT_DRAWING_GOLDEN
G-DWG-1716,drawing,drawing.annotation.DWG-ANO-S045-013,ENT-XBEAM-GE1,APPROVED_REPORT_DRAWING_GOLDEN,,,drawingSpecification,drawing_item,DWG-01716,,CONFIRMED,MAPPED,promotion APPROVED_REPORT_DRAWING_GOLDEN
G-DWG-1717,drawing,drawing.annotation.DWG-ANO-S045-014,ENT-XBEAM-GE1,APPROVED_REPORT_DRAWING_GOLDEN,,,drawingSpecification,drawing_item,DWG-01717,,CONFIRMED,MAPPED,promotion APPROVED_REPORT_DRAWING_GOLDEN
G-DWG-1718,drawing,drawing.annotation.DWG-ANO-S045-015,ENT-XBEAM-GE1,APPROVED_REPORT_DRAWING_GOLDEN,,,drawingSpecification,drawing_item,DWG-01718,,CONFIRMED,MAPPED,promotion APPROVED_REPORT_DRAWING_GOLDEN
G-DWG-1719,drawing,drawing.annotation.DWG-ANO-S045-016,ENT-XBEAM-GE1,APPROVED_REPORT_DRAWING_GOLDEN,,,drawingSpecification,drawing_item,DWG-01719,,CONFIRMED,MAPPED,promotion APPROVED_REPORT_DRAWING_GOLDEN
G-DWG-1720,drawing,drawing.annotation.DWG-ANO-S045-017,ENT-XBEAM-GE1,APPROVED_REPORT_DRAWING_GOLDEN,,,drawingSpecification,drawing_item,DWG-01720,,CONFIRMED,MAPPED,promotion APPROVED_REPORT_DRAWING_GOLDEN
G-DWG-1721,drawing,drawing.annotation.DWG-ANO-S045-018,ENT-XBEAM-GE1,APPROVED_REPORT_DRAWING_GOLDEN,,,drawingSpecification,drawing_item,DWG-01721,,CONFIRMED,MAPPED,promotion APPROVED_REPORT_DRAWING_GOLDEN
G-DWG-1722,drawing,drawing.annotation.DWG-ANO-S045-019,ENT-XBEAM-GE1,APPROVED_REPORT_DRAWING_GOLDEN,,,drawingSpecification,drawing_item,DWG-01722,,CONFIRMED,MAPPED,promotion APPROVED_REPORT_DRAWING_GOLDEN
G-DWG-1723,drawing,drawing.annotation.DWG-ANO-S045-020,ENT-XBEAM-GE1,APPROVED_REPORT_DRAWING_GOLDEN,,,drawingSpecification,drawing_item,DWG-01723,,CONFIRMED,MAPPED,promotion APPROVED_REPORT_DRAWING_GOLDEN
G-DWG-1724,drawing,drawing.annotation.DWG-ANO-S045-021,ENT-XBEAM-GE1,APPROVED_REPORT_DRAWING_GOLDEN,,,drawingSpecification,drawing_item,DWG-01724,,CONFIRMED,MAPPED,promotion APPROVED_REPORT_DRAWING_GOLDEN
G-DWG-1725,drawing,drawing.annotation.DWG-ANO-S045-022,ENT-XBEAM-GE1,APPROVED_REPORT_DRAWING_GOLDEN,,,drawingSpecification,drawing_item,DWG-01725,,CONFIRMED,MAPPED,promotion APPROVED_REPORT_DRAWING_GOLDEN
G-DWG-1726,drawing,drawing.annotation.DWG-ANO-S045-023,ENT-XBEAM-GE1,APPROVED_REPORT_DRAWING_GOLDEN,,,drawingSpecification,drawing_item,DWG-01726,,CONFIRMED,MAPPED,promotion APPROVED_REPORT_DRAWING_GOLDEN
G-DWG-1727,drawing,drawing.annotation.DWG-ANO-S045-024,ENT-XBEAM-GE1,APPROVED_REPORT_DRAWING_GOLDEN,,,drawingSpecification,drawing_item,DWG-01727,,CONFIRMED,MAPPED,promotion APPROVED_REPORT_DRAWING_GOLDEN
G-DWG-1728,drawing,drawing.annotation.DWG-ANO-S045-025,ENT-XBEAM-GE1,APPROVED_REPORT_DRAWING_GOLDEN,,,drawingSpecification,drawing_item,DWG-01728,,CONFIRMED,MAPPED,promotion APPROVED_REPORT_DRAWING_GOLDEN
G-DWG-1729,drawing,drawing.annotation.DWG-ANO-S045-026,ENT-XBEAM-GE1,APPROVED_REPORT_DRAWING_GOLDEN,,,drawingSpecification,drawing_item,DWG-01729,,CONFIRMED,MAPPED,promotion APPROVED_REPORT_DRAWING_GOLDEN
G-DWG-1730,drawing,drawing.annotation.DWG-ANO-S046-001,ENT-XBEAM-GE1,APPROVED_REPORT_DRAWING_GOLDEN,,,drawingSpecification,drawing_item,DWG-01730,,CONFIRMED,MAPPED,promotion APPROVED_REPORT_DRAWING_GOLDEN
G-DWG-1731,drawing,drawing.annotation.DWG-ANO-S046-002,ENT-XBEAM-GE1,APPROVED_REPORT_DRAWING_GOLDEN,,,drawingSpecification,drawing_item,DWG-01731,,CONFIRMED,MAPPED,promotion APPROVED_REPORT_DRAWING_GOLDEN
G-DWG-1732,drawing,drawing.annotation.DWG-ANO-S046-003,ENT-XBEAM-GE1,APPROVED_REPORT_DRAWING_GOLDEN,,,drawingSpecification,drawing_item,DWG-01732,,CONFIRMED,MAPPED,promotion APPROVED_REPORT_DRAWING_GOLDEN
G-DWG-1733,drawing,drawing.annotation.DWG-ANO-S047-001,ENT-XBEAM-GE1,APPROVED_REPORT_DRAWING_GOLDEN,,,drawingSpecification,drawing_item,DWG-01733,,CONFIRMED,MAPPED,promotion APPROVED_REPORT_DRAWING_GOLDEN
G-DWG-1734,drawing,drawing.annotation.DWG-ANO-S047-002,ENT-XBEAM-GE1,APPROVED_REPORT_DRAWING_GOLDEN,,,drawingSpecification,drawing_item,DWG-01734,,CONFIRMED,MAPPED,promotion APPROVED_REPORT_DRAWING_GOLDEN
G-DWG-1735,drawing,drawing.annotation.DWG-ANO-S047-003,ENT-XBEAM-GE1,APPROVED_REPORT_DRAWING_GOLDEN,,,drawingSpecification,drawing_item,DWG-01735,,CONFIRMED,MAPPED,promotion APPROVED_REPORT_DRAWING_GOLDEN
G-DWG-1736,drawing,drawing.annotation.DWG-ANO-S047-004,ENT-XBEAM-GE1,APPROVED_REPORT_DRAWING_GOLDEN,,,drawingSpecification,drawing_item,DWG-01736,,CONFIRMED,MAPPED,promotion APPROVED_REPORT_DRAWING_GOLDEN
G-DWG-1737,drawing,drawing.annotation.DWG-ANO-S047-005,ENT-XBEAM-GE1,APPROVED_REPORT_DRAWING_GOLDEN,,,drawingSpecification,drawing_item,DWG-01737,,CONFIRMED,MAPPED,promotion APPROVED_REPORT_DRAWING_GOLDEN
G-DWG-1738,drawing,drawing.annotation.DWG-ANO-S047-006,ENT-XBEAM-GE1,APPROVED_REPORT_DRAWING_GOLDEN,,,drawingSpecification,drawing_item,DWG-01738,,CONFIRMED,MAPPED,promotion APPROVED_REPORT_DRAWING_GOLDEN
G-DWG-1739,drawing,drawing.annotation.DWG-ANO-S047-007,ENT-XBEAM-GE1,APPROVED_REPORT_DRAWING_GOLDEN,,,drawingSpecification,drawing_item,DWG-01739,,CONFIRMED,MAPPED,promotion APPROVED_REPORT_DRAWING_GOLDEN
G-DWG-1740,drawing,drawing.annotation.DWG-ANO-S047-008,ENT-XBEAM-GE1,APPROVED_REPORT_DRAWING_GOLDEN,,,drawingSpecification,drawing_item,DWG-01740,,CONFIRMED,MAPPED,promotion APPROVED_REPORT_DRAWING_GOLDEN
G-DWG-1741,drawing,drawing.annotation.DWG-ANO-S049-001,ENT-XBEAM-C1C7,APPROVED_REPORT_DRAWING_GOLDEN,,,drawingSpecification,drawing_item,DWG-01741,,CONFIRMED,MAPPED,promotion APPROVED_REPORT_DRAWING_GOLDEN
G-DWG-1742,drawing,drawing.annotation.DWG-ANO-S049-002,ENT-XBEAM-C1C7,APPROVED_REPORT_DRAWING_GOLDEN,,,drawingSpecification,drawing_item,DWG-01742,,CONFIRMED,MAPPED,promotion APPROVED_REPORT_DRAWING_GOLDEN
G-DWG-1743,drawing,drawing.annotation.DWG-ANO-S049-003,ENT-XBEAM-C1C7,APPROVED_REPORT_DRAWING_GOLDEN,,,drawingSpecification,drawing_item,DWG-01743,,CONFIRMED,MAPPED,promotion APPROVED_REPORT_DRAWING_GOLDEN
G-DWG-1744,drawing,drawing.annotation.DWG-ANO-S049-004,ENT-XBEAM-C1C7,APPROVED_REPORT_DRAWING_GOLDEN,,,drawingSpecification,drawing_item,DWG-01744,,CONFIRMED,MAPPED,promotion APPROVED_REPORT_DRAWING_GOLDEN
G-DWG-1745,drawing,drawing.annotation.DWG-ANO-S049-005,ENT-XBEAM-C1C7,APPROVED_REPORT_DRAWING_GOLDEN,,,drawingSpecification,drawing_item,DWG-01745,,CONFIRMED,MAPPED,promotion APPROVED_REPORT_DRAWING_GOLDEN
G-DWG-1746,drawing,drawing.annotation.DWG-ANO-S049-006,ENT-XBEAM-C1C7,APPROVED_REPORT_DRAWING_GOLDEN,,,drawingSpecification,drawing_item,DWG-01746,,CONFIRMED,MAPPED,promotion APPROVED_REPORT_DRAWING_GOLDEN
G-DWG-1747,drawing,drawing.annotation.DWG-ANO-S049-007,ENT-XBEAM-C1C7,APPROVED_REPORT_DRAWING_GOLDEN,,,drawingSpecification,drawing_item,DWG-01747,,CONFIRMED,MAPPED,promotion APPROVED_REPORT_DRAWING_GOLDEN
G-DWG-1748,drawing,drawing.annotation.DWG-ANO-S049-008,ENT-XBEAM-C1C7,APPROVED_REPORT_DRAWING_GOLDEN,,,drawingSpecification,drawing_item,DWG-01748,,CONFIRMED,MAPPED,promotion APPROVED_REPORT_DRAWING_GOLDEN
G-DWG-1749,drawing,drawing.annotation.DWG-ANO-S050-001,ENT-XBEAM-C1C7,APPROVED_REPORT_DRAWING_GOLDEN,,,drawingSpecification,drawing_item,DWG-01749,,CONFIRMED,MAPPED,promotion APPROVED_REPORT_DRAWING_GOLDEN
G-DWG-1750,drawing,drawing.annotation.DWG-ANO-S050-002,ENT-XBEAM-C1C7,APPROVED_REPORT_DRAWING_GOLDEN,,,drawingSpecification,drawing_item,DWG-01750,,CONFIRMED,MAPPED,promotion APPROVED_REPORT_DRAWING_GOLDEN
G-DWG-1751,drawing,drawing.annotation.DWG-ANO-S051-001,ENT-XBEAM-C1C7,APPROVED_REPORT_DRAWING_GOLDEN,,,drawingSpecification,drawing_item,DWG-01751,,CONFIRMED,MAPPED,promotion APPROVED_REPORT_DRAWING_GOLDEN
G-DWG-1752,drawing,drawing.annotation.DWG-ANO-S052-001,ENT-XBEAM-C1C7,APPROVED_REPORT_DRAWING_GOLDEN,,,drawingSpecification,drawing_item,DWG-01752,,CONFIRMED,MAPPED,promotion APPROVED_REPORT_DRAWING_GOLDEN
G-DWG-1753,drawing,drawing.annotation.DWG-ANO-S053-001,ENT-XBEAM-C1C7,APPROVED_REPORT_DRAWING_GOLDEN,,,drawingSpecification,drawing_item,DWG-01753,,CONFIRMED,MAPPED,promotion APPROVED_REPORT_DRAWING_GOLDEN
G-DWG-1754,drawing,drawing.annotation.DWG-ANO-S054-001,ENT-XBEAM-C1C7,APPROVED_REPORT_DRAWING_GOLDEN,,,drawingSpecification,drawing_item,DWG-01754,,CONFIRMED,MAPPED,promotion APPROVED_REPORT_DRAWING_GOLDEN
G-DWG-1755,drawing,drawing.annotation.DWG-ANO-S055-001,ENT-XBEAM-C1C7,APPROVED_REPORT_DRAWING_GOLDEN,,,drawingSpecification,drawing_item,DWG-01755,,CONFIRMED,MAPPED,promotion APPROVED_REPORT_DRAWING_GOLDEN
G-DWG-1756,drawing,drawing.annotation.DWG-ANO-S056-001,ENT-XBEAM-C1C7,APPROVED_REPORT_DRAWING_GOLDEN,,,drawingSpecification,drawing_item,DWG-01756,,CONFIRMED,MAPPED,promotion APPROVED_REPORT_DRAWING_GOLDEN
G-DWG-1757,drawing,drawing.annotation.DWG-ANO-S057-001,ENT-XBEAM-C1C7,APPROVED_REPORT_DRAWING_GOLDEN,,,drawingSpecification,drawing_item,DWG-01757,,CONFIRMED,MAPPED,promotion APPROVED_REPORT_DRAWING_GOLDEN
G-DWG-1758,drawing,drawing.annotation.DWG-ANO-S058-001,ENT-XBEAM-C1C7,APPROVED_REPORT_DRAWING_GOLDEN,,,drawingSpecification,drawing_item,DWG-01758,,CONFIRMED,MAPPED,promotion APPROVED_REPORT_DRAWING_GOLDEN
G-DWG-1759,drawing,drawing.annotation.DWG-ANO-S058-002,ENT-XBEAM-C1C7,APPROVED_REPORT_DRAWING_GOLDEN,,,drawingSpecification,drawing_item,DWG-01759,,CONFIRMED,MAPPED,promotion APPROVED_REPORT_DRAWING_GOLDEN
G-DWG-1760,drawing,drawing.annotation.DWG-ANO-S058-003,ENT-XBEAM-C1C7,APPROVED_REPORT_DRAWING_GOLDEN,,,drawingSpecification,drawing_item,DWG-01760,,CONFIRMED,MAPPED,promotion APPROVED_REPORT_DRAWING_GOLDEN
G-DWG-1761,drawing,drawing.annotation.DWG-ANO-S058-004,ENT-XBEAM-C1C7,APPROVED_REPORT_DRAWING_GOLDEN,,,drawingSpecification,drawing_item,DWG-01761,,CONFIRMED,MAPPED,promotion APPROVED_REPORT_DRAWING_GOLDEN
G-DWG-1762,drawing,drawing.annotation.DWG-ANO-S061-001,ENT-BRACE-AL1,APPROVED_REPORT_DRAWING_GOLDEN,,,drawingSpecification,drawing_item,DWG-01762,,CONFIRMED,MAPPED,promotion APPROVED_REPORT_DRAWING_GOLDEN
G-DWG-1763,drawing,drawing.annotation.DWG-ANO-S061-002,ENT-BRACE-AL1,APPROVED_REPORT_DRAWING_GOLDEN,,,drawingSpecification,drawing_item,DWG-01763,,CONFIRMED,MAPPED,promotion APPROVED_REPORT_DRAWING_GOLDEN
G-DWG-1764,drawing,drawing.annotation.DWG-ANO-S061-003,ENT-BRACE-AL1,APPROVED_REPORT_DRAWING_GOLDEN,,,drawingSpecification,drawing_item,DWG-01764,,CONFIRMED,MAPPED,promotion APPROVED_REPORT_DRAWING_GOLDEN
G-DWG-1765,drawing,drawing.annotation.DWG-ANO-S061-004,ENT-BRACE-AL1,APPROVED_REPORT_DRAWING_GOLDEN,,,drawingSpecification,drawing_item,DWG-01765,,CONFIRMED,MAPPED,promotion APPROVED_REPORT_DRAWING_GOLDEN
G-DWG-1766,drawing,drawing.annotation.DWG-ANO-S061-005,ENT-BRACE-AL1,APPROVED_REPORT_DRAWING_GOLDEN,,,drawingSpecification,drawing_item,DWG-01766,,CONFIRMED,MAPPED,promotion APPROVED_REPORT_DRAWING_GOLDEN
G-DWG-1767,drawing,drawing.annotation.DWG-ANO-S061-006,ENT-BRACE-AL1,APPROVED_REPORT_DRAWING_GOLDEN,,,drawingSpecification,drawing_item,DWG-01767,,CONFIRMED,MAPPED,promotion APPROVED_REPORT_DRAWING_GOLDEN
G-DWG-1768,drawing,drawing.annotation.DWG-ANO-S061-007,ENT-BRACE-AL1,APPROVED_REPORT_DRAWING_GOLDEN,,,drawingSpecification,drawing_item,DWG-01768,,CONFIRMED,MAPPED,promotion APPROVED_REPORT_DRAWING_GOLDEN
G-DWG-1769,drawing,drawing.annotation.DWG-ANO-S061-008,ENT-BRACE-AL1,APPROVED_REPORT_DRAWING_GOLDEN,,,drawingSpecification,drawing_item,DWG-01769,,CONFIRMED,MAPPED,promotion APPROVED_REPORT_DRAWING_GOLDEN
G-DWG-1770,drawing,drawing.annotation.DWG-ANO-S061-009,ENT-BRACE-AL1,APPROVED_REPORT_DRAWING_GOLDEN,,,drawingSpecification,drawing_item,DWG-01770,,CONFIRMED,MAPPED,promotion APPROVED_REPORT_DRAWING_GOLDEN
G-DWG-1771,drawing,drawing.annotation.DWG-ANO-S062-001,ENT-BRACE-AL1,APPROVED_REPORT_DRAWING_GOLDEN,,,drawingSpecification,drawing_item,DWG-01771,,CONFIRMED,MAPPED,promotion APPROVED_REPORT_DRAWING_GOLDEN
G-DWG-1772,drawing,drawing.annotation.DWG-ANO-S062-002,ENT-BRACE-AL1,APPROVED_REPORT_DRAWING_GOLDEN,,,drawingSpecification,drawing_item,DWG-01772,,CONFIRMED,MAPPED,promotion APPROVED_REPORT_DRAWING_GOLDEN
G-DWG-1773,drawing,drawing.annotation.DWG-ANO-S068-001,ENT-BRACE-AL1,APPROVED_REPORT_DRAWING_GOLDEN,,,drawingSpecification,drawing_item,DWG-01773,,CONFIRMED,MAPPED,promotion APPROVED_REPORT_DRAWING_GOLDEN
G-DWG-1774,drawing,drawing.annotation.DWG-ANO-S068-002,ENT-BRACE-AL1,APPROVED_REPORT_DRAWING_GOLDEN,,,drawingSpecification,drawing_item,DWG-01774,,CONFIRMED,MAPPED,promotion APPROVED_REPORT_DRAWING_GOLDEN
G-DWG-1775,drawing,drawing.annotation.DWG-ANO-S068-003,ENT-BRACE-AL1,APPROVED_REPORT_DRAWING_GOLDEN,,,drawingSpecification,drawing_item,DWG-01775,,CONFIRMED,MAPPED,promotion APPROVED_REPORT_DRAWING_GOLDEN
G-DWG-1776,drawing,drawing.annotation.DWG-ANO-S068-004,ENT-BRACE-AL1,APPROVED_REPORT_DRAWING_GOLDEN,,,drawingSpecification,drawing_item,DWG-01776,,CONFIRMED,MAPPED,promotion APPROVED_REPORT_DRAWING_GOLDEN
G-DWG-1777,drawing,drawing.annotation.DWG-ANO-S072-001,ENT-SUPPORT-PR1,APPROVED_REPORT_DRAWING_GOLDEN,,,drawingSpecification,drawing_item,DWG-01777,,CONFIRMED,MAPPED,promotion APPROVED_REPORT_DRAWING_GOLDEN
G-DWG-1778,drawing,drawing.annotation.DWG-ANO-S072-002,ENT-SUPPORT-PR1,APPROVED_REPORT_DRAWING_GOLDEN,,,drawingSpecification,drawing_item,DWG-01778,,CONFIRMED,MAPPED,promotion APPROVED_REPORT_DRAWING_GOLDEN
G-DWG-1779,drawing,drawing.annotation.DWG-ANO-S072-003,ENT-SUPPORT-PR1,APPROVED_REPORT_DRAWING_GOLDEN,,,drawingSpecification,drawing_item,DWG-01779,,CONFIRMED,MAPPED,promotion APPROVED_REPORT_DRAWING_GOLDEN
G-DWG-1780,drawing,drawing.annotation.DWG-ANO-S072-004,ENT-SUPPORT-PR1,APPROVED_REPORT_DRAWING_GOLDEN,,,drawingSpecification,drawing_item,DWG-01780,,CONFIRMED,MAPPED,promotion APPROVED_REPORT_DRAWING_GOLDEN
G-DWG-1781,drawing,drawing.annotation.DWG-ANO-S073-001,ENT-SUPPORT-PR1,APPROVED_REPORT_DRAWING_GOLDEN,,,drawingSpecification,drawing_item,DWG-01781,,CONFIRMED,MAPPED,promotion APPROVED_REPORT_DRAWING_GOLDEN
G-DWG-1782,drawing,drawing.annotation.DWG-ANO-S073-002,ENT-SUPPORT-PR1,APPROVED_REPORT_DRAWING_GOLDEN,,,drawingSpecification,drawing_item,DWG-01782,,CONFIRMED,MAPPED,promotion APPROVED_REPORT_DRAWING_GOLDEN
G-DWG-1783,drawing,drawing.annotation.DWG-ANO-S074-001,ENT-SUPPORT-PR1,APPROVED_REPORT_DRAWING_GOLDEN,,,drawingSpecification,drawing_item,DWG-01783,,CONFIRMED,MAPPED,promotion APPROVED_REPORT_DRAWING_GOLDEN
G-DWG-1784,drawing,drawing.annotation.DWG-ANO-S074-002,ENT-SUPPORT-PR1,APPROVED_REPORT_DRAWING_GOLDEN,,,drawingSpecification,drawing_item,DWG-01784,,CONFIRMED,MAPPED,promotion APPROVED_REPORT_DRAWING_GOLDEN
G-DWG-1785,drawing,drawing.annotation.DWG-ANO-S074-003,ENT-SUPPORT-PR1,APPROVED_REPORT_DRAWING_GOLDEN,,,drawingSpecification,drawing_item,DWG-01785,,CONFIRMED,MAPPED,promotion APPROVED_REPORT_DRAWING_GOLDEN
G-DWG-1786,drawing,drawing.annotation.DWG-ANO-S074-004,ENT-SUPPORT-PR1,APPROVED_REPORT_DRAWING_GOLDEN,,,drawingSpecification,drawing_item,DWG-01786,,CONFIRMED,MAPPED,promotion APPROVED_REPORT_DRAWING_GOLDEN
G-DWG-1787,drawing,drawing.annotation.DWG-ANO-S085-001,ENT-SUPPORT-PU15,APPROVED_REPORT_DRAWING_GOLDEN,,,drawingSpecification,drawing_item,DWG-01787,,CONFIRMED,MAPPED,promotion APPROVED_REPORT_DRAWING_GOLDEN
G-DWG-1788,drawing,drawing.annotation.DWG-ANO-S085-002,ENT-SUPPORT-PU15,APPROVED_REPORT_DRAWING_GOLDEN,,,drawingSpecification,drawing_item,DWG-01788,,CONFIRMED,MAPPED,promotion APPROVED_REPORT_DRAWING_GOLDEN
G-DWG-1789,drawing,drawing.annotation.DWG-ANO-S085-003,ENT-SUPPORT-PU15,APPROVED_REPORT_DRAWING_GOLDEN,,,drawingSpecification,drawing_item,DWG-01789,,CONFIRMED,MAPPED,promotion APPROVED_REPORT_DRAWING_GOLDEN
G-DWG-1790,drawing,drawing.annotation.DWG-ANO-S085-004,ENT-SUPPORT-PU15,APPROVED_REPORT_DRAWING_GOLDEN,,,drawingSpecification,drawing_item,DWG-01790,,CONFIRMED,MAPPED,promotion APPROVED_REPORT_DRAWING_GOLDEN
G-DWG-1791,drawing,drawing.annotation.DWG-ANO-S085-005,ENT-SUPPORT-PU15,APPROVED_REPORT_DRAWING_GOLDEN,,,drawingSpecification,drawing_item,DWG-01791,,CONFIRMED,MAPPED,promotion APPROVED_REPORT_DRAWING_GOLDEN
G-DWG-1792,drawing,drawing.annotation.DWG-ANO-S085-006,ENT-SUPPORT-PU15,APPROVED_REPORT_DRAWING_GOLDEN,,,drawingSpecification,drawing_item,DWG-01792,,CONFIRMED,MAPPED,promotion APPROVED_REPORT_DRAWING_GOLDEN
G-DWG-1793,drawing,drawing.annotation.DWG-ANO-S085-007,ENT-SUPPORT-PU15,APPROVED_REPORT_DRAWING_GOLDEN,,,drawingSpecification,drawing_item,DWG-01793,,CONFIRMED,MAPPED,promotion APPROVED_REPORT_DRAWING_GOLDEN
G-DWG-1794,drawing,drawing.annotation.DWG-ANO-S085-008,ENT-SUPPORT-PU15,APPROVED_REPORT_DRAWING_GOLDEN,,,drawingSpecification,drawing_item,DWG-01794,,CONFIRMED,MAPPED,promotion APPROVED_REPORT_DRAWING_GOLDEN
G-DWG-1795,drawing,drawing.annotation.DWG-ANO-S085-009,ENT-SUPPORT-PU15,APPROVED_REPORT_DRAWING_GOLDEN,,,drawingSpecification,drawing_item,DWG-01795,,CONFIRMED,MAPPED,promotion APPROVED_REPORT_DRAWING_GOLDEN
G-DWG-1796,drawing,drawing.annotation.DWG-ANO-S085-010,ENT-SUPPORT-PU15,APPROVED_REPORT_DRAWING_GOLDEN,,,drawingSpecification,drawing_item,DWG-01796,,CONFIRMED,MAPPED,promotion APPROVED_REPORT_DRAWING_GOLDEN
G-DWG-1797,drawing,drawing.annotation.DWG-ANO-S085-011,ENT-SUPPORT-PU15,APPROVED_REPORT_DRAWING_GOLDEN,,,drawingSpecification,drawing_item,DWG-01797,,CONFIRMED,MAPPED,promotion APPROVED_REPORT_DRAWING_GOLDEN
G-DWG-1798,drawing,drawing.annotation.DWG-ANO-S085-012,ENT-SUPPORT-PU15,APPROVED_REPORT_DRAWING_GOLDEN,,,drawingSpecification,drawing_item,DWG-01798,,CONFIRMED,MAPPED,promotion APPROVED_REPORT_DRAWING_GOLDEN
G-DWG-1799,drawing,drawing.annotation.DWG-ANO-S085-013,ENT-SUPPORT-PU15,APPROVED_REPORT_DRAWING_GOLDEN,,,drawingSpecification,drawing_item,DWG-01799,,CONFIRMED,MAPPED,promotion APPROVED_REPORT_DRAWING_GOLDEN
G-DWG-1800,drawing,drawing.annotation.DWG-ANO-S085-014,ENT-SUPPORT-PU15,APPROVED_REPORT_DRAWING_GOLDEN,,,drawingSpecification,drawing_item,DWG-01800,,CONFIRMED,MAPPED,promotion APPROVED_REPORT_DRAWING_GOLDEN
G-DWG-1801,drawing,drawing.annotation.DWG-ANO-S085-015,ENT-SUPPORT-PU15,APPROVED_REPORT_DRAWING_GOLDEN,,,drawingSpecification,drawing_item,DWG-01801,,CONFIRMED,MAPPED,promotion APPROVED_REPORT_DRAWING_GOLDEN
G-DWG-1802,drawing,drawing.annotation.DWG-ANO-S085-016,ENT-SUPPORT-PU15,APPROVED_REPORT_DRAWING_GOLDEN,,,drawingSpecification,drawing_item,DWG-01802,,CONFIRMED,MAPPED,promotion APPROVED_REPORT_DRAWING_GOLDEN
G-DWG-1803,drawing,drawing.annotation.DWG-ANO-S086-001,ENT-SUPPORT-PU15,APPROVED_REPORT_DRAWING_GOLDEN,,,drawingSpecification,drawing_item,DWG-01803,,CONFIRMED,MAPPED,promotion APPROVED_REPORT_DRAWING_GOLDEN
G-DWG-1804,drawing,drawing.annotation.DWG-ANO-S086-002,ENT-SUPPORT-PU15,APPROVED_REPORT_DRAWING_GOLDEN,,,drawingSpecification,drawing_item,DWG-01804,,CONFIRMED,MAPPED,promotion APPROVED_REPORT_DRAWING_GOLDEN
G-DWG-1805,drawing,drawing.annotation.DWG-ANO-S086-003,ENT-SUPPORT-PU15,APPROVED_REPORT_DRAWING_GOLDEN,,,drawingSpecification,drawing_item,DWG-01805,,CONFIRMED,MAPPED,promotion APPROVED_REPORT_DRAWING_GOLDEN
G-DWG-1806,drawing,drawing.annotation.DWG-ANO-S086-004,ENT-SUPPORT-PU15,APPROVED_REPORT_DRAWING_GOLDEN,,,drawingSpecification,drawing_item,DWG-01806,,CONFIRMED,MAPPED,promotion APPROVED_REPORT_DRAWING_GOLDEN
G-DWG-1807,drawing,drawing.annotation.DWG-ANO-S086-005,ENT-SUPPORT-PU15,APPROVED_REPORT_DRAWING_GOLDEN,,,drawingSpecification,drawing_item,DWG-01807,,CONFIRMED,MAPPED,promotion APPROVED_REPORT_DRAWING_GOLDEN
G-DWG-1808,drawing,drawing.annotation.DWG-ANO-S086-006,ENT-SUPPORT-PU15,APPROVED_REPORT_DRAWING_GOLDEN,,,drawingSpecification,drawing_item,DWG-01808,,CONFIRMED,MAPPED,promotion APPROVED_REPORT_DRAWING_GOLDEN
G-DWG-1809,drawing,drawing.annotation.DWG-ANO-S086-007,ENT-SUPPORT-PU15,APPROVED_REPORT_DRAWING_GOLDEN,,,drawingSpecification,drawing_item,DWG-01809,,CONFIRMED,MAPPED,promotion APPROVED_REPORT_DRAWING_GOLDEN
G-DWG-1810,drawing,drawing.annotation.DWG-ANO-S086-008,ENT-SUPPORT-PU15,APPROVED_REPORT_DRAWING_GOLDEN,,,drawingSpecification,drawing_item,DWG-01810,,CONFIRMED,MAPPED,promotion APPROVED_REPORT_DRAWING_GOLDEN
G-DWG-1811,drawing,drawing.annotation.DWG-ANO-S087-001,ENT-SUPPORT-PU15,APPROVED_REPORT_DRAWING_GOLDEN,,,drawingSpecification,drawing_item,DWG-01811,,CONFIRMED,MAPPED,promotion APPROVED_REPORT_DRAWING_GOLDEN
G-DWG-1812,drawing,drawing.annotation.DWG-ANO-S087-002,ENT-SUPPORT-PU15,APPROVED_REPORT_DRAWING_GOLDEN,,,drawingSpecification,drawing_item,DWG-01812,,CONFIRMED,MAPPED,promotion APPROVED_REPORT_DRAWING_GOLDEN
G-DWG-1813,drawing,drawing.annotation.DWG-ANO-S087-003,ENT-SUPPORT-PU15,APPROVED_REPORT_DRAWING_GOLDEN,,,drawingSpecification,drawing_item,DWG-01813,,CONFIRMED,MAPPED,promotion APPROVED_REPORT_DRAWING_GOLDEN
G-DWG-1814,drawing,drawing.annotation.DWG-ANO-S087-004,ENT-SUPPORT-PU15,APPROVED_REPORT_DRAWING_GOLDEN,,,drawingSpecification,drawing_item,DWG-01814,,CONFIRMED,MAPPED,promotion APPROVED_REPORT_DRAWING_GOLDEN
G-DWG-1815,drawing,drawing.annotation.DWG-ANO-S087-005,ENT-SUPPORT-PU15,APPROVED_REPORT_DRAWING_GOLDEN,,,drawingSpecification,drawing_item,DWG-01815,,CONFIRMED,MAPPED,promotion APPROVED_REPORT_DRAWING_GOLDEN
G-DWG-1816,drawing,drawing.annotation.DWG-ANO-S087-006,ENT-SUPPORT-PU15,APPROVED_REPORT_DRAWING_GOLDEN,,,drawingSpecification,drawing_item,DWG-01816,,CONFIRMED,MAPPED,promotion APPROVED_REPORT_DRAWING_GOLDEN
G-DWG-1817,drawing,drawing.annotation.DWG-ANO-S088-001,ENT-SUPPORT-PU15,APPROVED_REPORT_DRAWING_GOLDEN,,,drawingSpecification,drawing_item,DWG-01817,,CONFIRMED,MAPPED,promotion APPROVED_REPORT_DRAWING_GOLDEN
G-DWG-1818,drawing,drawing.annotation.DWG-ANO-S088-002,ENT-SUPPORT-PU15,APPROVED_REPORT_DRAWING_GOLDEN,,,drawingSpecification,drawing_item,DWG-01818,,CONFIRMED,MAPPED,promotion APPROVED_REPORT_DRAWING_GOLDEN
G-DWG-1819,drawing,drawing.annotation.DWG-ANO-S088-003,ENT-SUPPORT-PU15,APPROVED_REPORT_DRAWING_GOLDEN,,,drawingSpecification,drawing_item,DWG-01819,,CONFIRMED,MAPPED,promotion APPROVED_REPORT_DRAWING_GOLDEN
G-DWG-1820,drawing,drawing.annotation.DWG-ANO-S088-004,ENT-SUPPORT-PU15,APPROVED_REPORT_DRAWING_GOLDEN,,,drawingSpecification,drawing_item,DWG-01820,,CONFIRMED,MAPPED,promotion APPROVED_REPORT_DRAWING_GOLDEN
G-DWG-1821,drawing,drawing.annotation.DWG-ANO-S088-005,ENT-SUPPORT-PU15,APPROVED_REPORT_DRAWING_GOLDEN,,,drawingSpecification,drawing_item,DWG-01821,,CONFIRMED,MAPPED,promotion APPROVED_REPORT_DRAWING_GOLDEN
G-DWG-1822,drawing,drawing.annotation.DWG-ANO-S088-006,ENT-SUPPORT-PU15,APPROVED_REPORT_DRAWING_GOLDEN,,,drawingSpecification,drawing_item,DWG-01822,,CONFIRMED,MAPPED,promotion APPROVED_REPORT_DRAWING_GOLDEN
G-DWG-1823,drawing,drawing.annotation.DWG-ANO-S089-001,ENT-LINE-ACL,APPROVED_REPORT_DRAWING_GOLDEN,,,drawingSpecification,drawing_item,DWG-01823,,CONFIRMED,MAPPED,promotion APPROVED_REPORT_DRAWING_GOLDEN
G-DWG-1824,drawing,drawing.annotation.DWG-ANO-S089-002,ENT-LINE-ACL,APPROVED_REPORT_DRAWING_GOLDEN,,,drawingSpecification,drawing_item,DWG-01824,,CONFIRMED,MAPPED,promotion APPROVED_REPORT_DRAWING_GOLDEN
G-DWG-1825,drawing,drawing.annotation.DWG-ANO-S089-003,ENT-LINE-ACL,APPROVED_REPORT_DRAWING_GOLDEN,,,drawingSpecification,drawing_item,DWG-01825,,CONFIRMED,MAPPED,promotion APPROVED_REPORT_DRAWING_GOLDEN
G-DWG-1826,drawing,drawing.annotation.DWG-ANO-S089-004,ENT-LINE-ACL,APPROVED_REPORT_DRAWING_GOLDEN,,,drawingSpecification,drawing_item,DWG-01826,,CONFIRMED,MAPPED,promotion APPROVED_REPORT_DRAWING_GOLDEN
G-DWG-1827,drawing,drawing.annotation.DWG-ANO-S090-001,ENT-LINE-ACL,APPROVED_REPORT_DRAWING_GOLDEN,,,drawingSpecification,drawing_item,DWG-01827,,CONFIRMED,MAPPED,promotion APPROVED_REPORT_DRAWING_GOLDEN
G-DWG-1828,drawing,drawing.annotation.DWG-ANO-S090-002,ENT-LINE-ACL,APPROVED_REPORT_DRAWING_GOLDEN,,,drawingSpecification,drawing_item,DWG-01828,,CONFIRMED,MAPPED,promotion APPROVED_REPORT_DRAWING_GOLDEN
G-DWG-1829,drawing,drawing.annotation.DWG-ANO-S090-003,ENT-LINE-ACL,APPROVED_REPORT_DRAWING_GOLDEN,,,drawingSpecification,drawing_item,DWG-01829,,CONFIRMED,MAPPED,promotion APPROVED_REPORT_DRAWING_GOLDEN
G-DWG-1830,drawing,drawing.annotation.DWG-ANO-S090-004,ENT-LINE-ACL,APPROVED_REPORT_DRAWING_GOLDEN,,,drawingSpecification,drawing_item,DWG-01830,,CONFIRMED,MAPPED,promotion APPROVED_REPORT_DRAWING_GOLDEN
G-DWG-1831,drawing,drawing.annotation.DWG-ANO-S090-005,ENT-LINE-ACL,APPROVED_REPORT_DRAWING_GOLDEN,,,drawingSpecification,drawing_item,DWG-01831,,CONFIRMED,MAPPED,promotion APPROVED_REPORT_DRAWING_GOLDEN
G-DWG-1832,drawing,drawing.annotation.DWG-ANO-S090-006,ENT-LINE-ACL,APPROVED_REPORT_DRAWING_GOLDEN,,,drawingSpecification,drawing_item,DWG-01832,,CONFIRMED,MAPPED,promotion APPROVED_REPORT_DRAWING_GOLDEN
G-DWG-1833,drawing,drawing.annotation.DWG-ANO-S090-007,ENT-LINE-ACL,APPROVED_REPORT_DRAWING_GOLDEN,,,drawingSpecification,drawing_item,DWG-01833,,CONFIRMED,MAPPED,promotion APPROVED_REPORT_DRAWING_GOLDEN
G-DWG-1834,drawing,drawing.annotation.DWG-ANO-S090-008,ENT-LINE-ACL,APPROVED_REPORT_DRAWING_GOLDEN,,,drawingSpecification,drawing_item,DWG-01834,,CONFIRMED,MAPPED,promotion APPROVED_REPORT_DRAWING_GOLDEN
G-DWG-1835,drawing,drawing.annotation.DWG-ANO-S091-001,ENT-LINE-ACL,APPROVED_REPORT_DRAWING_GOLDEN,,,drawingSpecification,drawing_item,DWG-01835,,CONFIRMED,MAPPED,promotion APPROVED_REPORT_DRAWING_GOLDEN
G-DWG-1836,drawing,drawing.annotation.DWG-ANO-S091-002,ENT-LINE-ACL,APPROVED_REPORT_DRAWING_GOLDEN,,,drawingSpecification,drawing_item,DWG-01836,,CONFIRMED,MAPPED,promotion APPROVED_REPORT_DRAWING_GOLDEN
G-DWG-1837,drawing,drawing.annotation.DWG-ANO-S091-003,ENT-LINE-ACL,APPROVED_REPORT_DRAWING_GOLDEN,,,drawingSpecification,drawing_item,DWG-01837,,CONFIRMED,MAPPED,promotion APPROVED_REPORT_DRAWING_GOLDEN
G-DWG-1838,drawing,drawing.annotation.DWG-ANO-S092-001,ENT-LINE-ACL,APPROVED_REPORT_DRAWING_GOLDEN,,,drawingSpecification,drawing_item,DWG-01838,,CONFIRMED,MAPPED,promotion APPROVED_REPORT_DRAWING_GOLDEN
G-DWG-1839,drawing,drawing.annotation.DWG-ANO-S093-001,ENT-DECK,APPROVED_REPORT_DRAWING_GOLDEN,,,drawingSpecification,drawing_item,DWG-01839,,CONFIRMED,MAPPED,promotion APPROVED_REPORT_DRAWING_GOLDEN
G-DWG-1840,drawing,drawing.annotation.DWG-ANO-S093-002,ENT-DECK,APPROVED_REPORT_DRAWING_GOLDEN,,,drawingSpecification,drawing_item,DWG-01840,,CONFIRMED,MAPPED,promotion APPROVED_REPORT_DRAWING_GOLDEN
G-DWG-1841,drawing,drawing.annotation.DWG-ANO-S101-001,ENT-LINE-ACL,APPROVED_REPORT_DRAWING_GOLDEN,,,drawingSpecification,drawing_item,DWG-01841,,CONFIRMED,MAPPED,promotion APPROVED_REPORT_DRAWING_GOLDEN
G-DWG-1842,drawing,drawing.annotation.DWG-ANO-S101-002,ENT-LINE-ACL,APPROVED_REPORT_DRAWING_GOLDEN,,,drawingSpecification,drawing_item,DWG-01842,,CONFIRMED,MAPPED,promotion APPROVED_REPORT_DRAWING_GOLDEN
G-DWG-1843,drawing,drawing.annotation.DWG-ANO-S141-001,ENT-LINE-ACL,APPROVED_WITH_HUMAN_CONFIRMATION_TRACK,HCR-001,,drawingSpecification,drawing_item,DWG-01843,,HUMAN_CONFIRMATION_REQUIRED,MAPPED_WITH_HUMAN_TRACK,"human confirmation HCR-001 preserved; value present, confirmation pending"
G-DWG-1844,drawing,drawing.annotation.S141-A01,ENT-LINE-ACL,APPROVED_WITH_HUMAN_CONFIRMATION_TRACK,HCR-001,,drawingSpecification,drawing_item,DWG-01844,,HUMAN_CONFIRMATION_REQUIRED,MAPPED_WITH_HUMAN_TRACK,"human confirmation HCR-001 preserved; value present, confirmation pending"
G-DWG-1845,drawing,drawing.annotation.S141-A02,ENT-LINE-ACL,APPROVED_WITH_HUMAN_CONFIRMATION_TRACK,HCR-001,,drawingSpecification,drawing_item,DWG-01845,,HUMAN_CONFIRMATION_REQUIRED,MAPPED_WITH_HUMAN_TRACK,"human confirmation HCR-001 preserved; value present, confirmation pending"
G-DWG-1846,drawing,drawing.annotation.S141-A03,ENT-LINE-ACL,APPROVED_WITH_HUMAN_CONFIRMATION_TRACK,HCR-001,,drawingSpecification,drawing_item,DWG-01846,,HUMAN_CONFIRMATION_REQUIRED,MAPPED_WITH_HUMAN_TRACK,"human confirmation HCR-001 preserved; value present, confirmation pending"
G-DWG-1847,drawing,drawing.annotation.S141-A04,ENT-LINE-ACL,APPROVED_WITH_HUMAN_CONFIRMATION_TRACK,HCR-001,,drawingSpecification,drawing_item,DWG-01847,,HUMAN_CONFIRMATION_REQUIRED,MAPPED_WITH_HUMAN_TRACK,"human confirmation HCR-001 preserved; value present, confirmation pending"
G-DWG-1848,drawing,drawing.annotation.S141-A05,ENT-LINE-ACL,APPROVED_WITH_HUMAN_CONFIRMATION_TRACK,HCR-001,,drawingSpecification,drawing_item,DWG-01848,,HUMAN_CONFIRMATION_REQUIRED,MAPPED_WITH_HUMAN_TRACK,"human confirmation HCR-001 preserved; value present, confirmation pending"
G-DWG-1849,drawing,drawing.annotation.S141-A06,ENT-LINE-ACL,APPROVED_WITH_HUMAN_CONFIRMATION_TRACK,HCR-001,,drawingSpecification,drawing_item,DWG-01849,,HUMAN_CONFIRMATION_REQUIRED,MAPPED_WITH_HUMAN_TRACK,"human confirmation HCR-001 preserved; value present, confirmation pending"
G-DWG-1850,drawing,drawing.annotation.S141-E01,ENT-LINE-ACL,APPROVED_WITH_HUMAN_CONFIRMATION_TRACK,HCR-001,,drawingSpecification,drawing_item,DWG-01850,,HUMAN_CONFIRMATION_REQUIRED,MAPPED_WITH_HUMAN_TRACK,"human confirmation HCR-001 preserved; value present, confirmation pending"
G-DWG-1851,drawing,drawing.annotation.S141-E02,ENT-LINE-ACL,APPROVED_WITH_HUMAN_CONFIRMATION_TRACK,HCR-001,,drawingSpecification,drawing_item,DWG-01851,,HUMAN_CONFIRMATION_REQUIRED,MAPPED_WITH_HUMAN_TRACK,"human confirmation HCR-001 preserved; value present, confirmation pending"
G-DWG-1852,drawing,drawing.annotation.S141-E03,ENT-LINE-ACL,APPROVED_WITH_HUMAN_CONFIRMATION_TRACK,HCR-001,,drawingSpecification,drawing_item,DWG-01852,,HUMAN_CONFIRMATION_REQUIRED,MAPPED_WITH_HUMAN_TRACK,"human confirmation HCR-001 preserved; value present, confirmation pending"
G-DWG-1853,drawing,drawing.annotation.S141-E04,ENT-LINE-ACL,APPROVED_WITH_HUMAN_CONFIRMATION_TRACK,HCR-001,,drawingSpecification,drawing_item,DWG-01853,,HUMAN_CONFIRMATION_REQUIRED,MAPPED_WITH_HUMAN_TRACK,"human confirmation HCR-001 preserved; value present, confirmation pending"
G-DWG-1854,drawing,drawing.annotation.S141-E05,ENT-LINE-ACL,APPROVED_WITH_HUMAN_CONFIRMATION_TRACK,HCR-001,,drawingSpecification,drawing_item,DWG-01854,,HUMAN_CONFIRMATION_REQUIRED,MAPPED_WITH_HUMAN_TRACK,"human confirmation HCR-001 preserved; value present, confirmation pending"
G-DWG-1855,drawing,drawing.annotation.S141-E06,ENT-LINE-ACL,APPROVED_WITH_HUMAN_CONFIRMATION_TRACK,HCR-001,,drawingSpecification,drawing_item,DWG-01855,,HUMAN_CONFIRMATION_REQUIRED,MAPPED_WITH_HUMAN_TRACK,"human confirmation HCR-001 preserved; value present, confirmation pending"
G-DWG-1856,drawing,drawing.annotation.S141-E07,ENT-LINE-ACL,APPROVED_WITH_HUMAN_CONFIRMATION_TRACK,HCR-001,,drawingSpecification,drawing_item,DWG-01856,,HUMAN_CONFIRMATION_REQUIRED,MAPPED_WITH_HUMAN_TRACK,"human confirmation HCR-001 preserved; value present, confirmation pending"
G-DWG-1857,drawing,drawing.annotation.S141-E08,ENT-LINE-ACL,APPROVED_WITH_HUMAN_CONFIRMATION_TRACK,HCR-001,,drawingSpecification,drawing_item,DWG-01857,,HUMAN_CONFIRMATION_REQUIRED,MAPPED_WITH_HUMAN_TRACK,"human confirmation HCR-001 preserved; value present, confirmation pending"
G-DWG-1858,drawing,drawing.annotation.S141-E09,ENT-LINE-ACL,APPROVED_WITH_HUMAN_CONFIRMATION_TRACK,HCR-001,,drawingSpecification,drawing_item,DWG-01858,,HUMAN_CONFIRMATION_REQUIRED,MAPPED_WITH_HUMAN_TRACK,"human confirmation HCR-001 preserved; value present, confirmation pending"
G-DWG-1859,drawing,drawing.annotation.S141-E10,ENT-LINE-ACL,APPROVED_WITH_HUMAN_CONFIRMATION_TRACK,HCR-001,,drawingSpecification,drawing_item,DWG-01859,,HUMAN_CONFIRMATION_REQUIRED,MAPPED_WITH_HUMAN_TRACK,"human confirmation HCR-001 preserved; value present, confirmation pending"
G-DWG-1860,drawing,drawing.annotation.S141-E11,ENT-LINE-ACL,APPROVED_WITH_HUMAN_CONFIRMATION_TRACK,HCR-001,,drawingSpecification,drawing_item,DWG-01860,,HUMAN_CONFIRMATION_REQUIRED,MAPPED_WITH_HUMAN_TRACK,"human confirmation HCR-001 preserved; value present, confirmation pending"
G-DWG-1861,drawing,drawing.annotation.S141-E12,ENT-LINE-ACL,APPROVED_WITH_HUMAN_CONFIRMATION_TRACK,HCR-001,,drawingSpecification,drawing_item,DWG-01861,,HUMAN_CONFIRMATION_REQUIRED,MAPPED_WITH_HUMAN_TRACK,"human confirmation HCR-001 preserved; value present, confirmation pending"
G-DWG-1862,drawing,drawing.annotation.S141-E13,ENT-LINE-ACL,APPROVED_WITH_HUMAN_CONFIRMATION_TRACK,HCR-001,,drawingSpecification,drawing_item,DWG-01862,,HUMAN_CONFIRMATION_REQUIRED,MAPPED_WITH_HUMAN_TRACK,"human confirmation HCR-001 preserved; value present, confirmation pending"
G-DWG-1863,drawing,drawing.annotation.S141-E14,ENT-LINE-ACL,APPROVED_WITH_HUMAN_CONFIRMATION_TRACK,HCR-001,,drawingSpecification,drawing_item,DWG-01863,,HUMAN_CONFIRMATION_REQUIRED,MAPPED_WITH_HUMAN_TRACK,"human confirmation HCR-001 preserved; value present, confirmation pending"
G-DWG-1864,drawing,drawing.annotation.S141-E15,ENT-LINE-ACL,APPROVED_WITH_HUMAN_CONFIRMATION_TRACK,HCR-001,,drawingSpecification,drawing_item,DWG-01864,,HUMAN_CONFIRMATION_REQUIRED,MAPPED_WITH_HUMAN_TRACK,"human confirmation HCR-001 preserved; value present, confirmation pending"
G-DWG-1865,drawing,drawing.annotation.S141-E16,ENT-LINE-ACL,APPROVED_WITH_HUMAN_CONFIRMATION_TRACK,HCR-001,,drawingSpecification,drawing_item,DWG-01865,,HUMAN_CONFIRMATION_REQUIRED,MAPPED_WITH_HUMAN_TRACK,"human confirmation HCR-001 preserved; value present, confirmation pending"
G-DWG-1866,drawing,drawing.annotation.S141-E17,ENT-LINE-ACL,APPROVED_WITH_HUMAN_CONFIRMATION_TRACK,HCR-001,,drawingSpecification,drawing_item,DWG-01866,,HUMAN_CONFIRMATION_REQUIRED,MAPPED_WITH_HUMAN_TRACK,"human confirmation HCR-001 preserved; value present, confirmation pending"
G-DWG-1867,drawing,drawing.annotation.S141-B01.weight,ENT-LINE-ACL,APPROVED_WITH_HUMAN_CONFIRMATION_TRACK,HCR-001,,drawingSpecification,drawing_item,DWG-01867,,HUMAN_CONFIRMATION_REQUIRED,MAPPED_WITH_HUMAN_TRACK,"human confirmation HCR-001 preserved; value present, confirmation pending"
G-DWG-1868,drawing,drawing.annotation.S141-B02.weight,ENT-LINE-ACL,APPROVED_WITH_HUMAN_CONFIRMATION_TRACK,HCR-001,,drawingSpecification,drawing_item,DWG-01868,,HUMAN_CONFIRMATION_REQUIRED,MAPPED_WITH_HUMAN_TRACK,"human confirmation HCR-001 preserved; value present, confirmation pending"
G-DWG-1869,drawing,drawing.annotation.S141-B03.weight,ENT-LINE-ACL,APPROVED_WITH_HUMAN_CONFIRMATION_TRACK,HCR-001,,drawingSpecification,drawing_item,DWG-01869,,HUMAN_CONFIRMATION_REQUIRED,MAPPED_WITH_HUMAN_TRACK,"human confirmation HCR-001 preserved; value present, confirmation pending"
G-DWG-1870,drawing,drawing.annotation.S141-B04.weight,ENT-LINE-ACL,APPROVED_WITH_HUMAN_CONFIRMATION_TRACK,HCR-001,,drawingSpecification,drawing_item,DWG-01870,,HUMAN_CONFIRMATION_REQUIRED,MAPPED_WITH_HUMAN_TRACK,"human confirmation HCR-001 preserved; value present, confirmation pending"
G-DWG-1871,drawing,drawing.annotation.S141-B05.weight,ENT-LINE-ACL,APPROVED_WITH_HUMAN_CONFIRMATION_TRACK,HCR-001,,drawingSpecification,drawing_item,DWG-01871,,HUMAN_CONFIRMATION_REQUIRED,MAPPED_WITH_HUMAN_TRACK,"human confirmation HCR-001 preserved; value present, confirmation pending"
G-DWG-1872,drawing,drawing.annotation.S141-B06.weight,ENT-LINE-ACL,APPROVED_WITH_HUMAN_CONFIRMATION_TRACK,HCR-001,,drawingSpecification,drawing_item,DWG-01872,,HUMAN_CONFIRMATION_REQUIRED,MAPPED_WITH_HUMAN_TRACK,"human confirmation HCR-001 preserved; value present, confirmation pending"
G-DWG-1873,drawing,drawing.annotation.S141-B07.weight,ENT-LINE-ACL,APPROVED_WITH_HUMAN_CONFIRMATION_TRACK,HCR-001,,drawingSpecification,drawing_item,DWG-01873,,HUMAN_CONFIRMATION_REQUIRED,MAPPED_WITH_HUMAN_TRACK,"human confirmation HCR-001 preserved; value present, confirmation pending"
G-DWG-1874,drawing,drawing.annotation.S141-B08.weight,ENT-LINE-ACL,APPROVED_WITH_HUMAN_CONFIRMATION_TRACK,HCR-001,,drawingSpecification,drawing_item,DWG-01874,,HUMAN_CONFIRMATION_REQUIRED,MAPPED_WITH_HUMAN_TRACK,"human confirmation HCR-001 preserved; value present, confirmation pending"
G-DWG-1875,drawing,drawing.annotation.S141-B09.weight,ENT-LINE-ACL,APPROVED_WITH_HUMAN_CONFIRMATION_TRACK,HCR-001,,drawingSpecification,drawing_item,DWG-01875,,HUMAN_CONFIRMATION_REQUIRED,MAPPED_WITH_HUMAN_TRACK,"human confirmation HCR-001 preserved; value present, confirmation pending"
G-DWG-1876,drawing,drawing.reference.DWG-REF-S001-001,ENT-LINE-ACL,APPROVED_REPORT_DRAWING_GOLDEN,,,drawingSpecification,drawing_item,DWG-01876,,CONFIRMED,MAPPED,promotion APPROVED_REPORT_DRAWING_GOLDEN
G-DWG-1877,drawing,drawing.reference.DWG-REF-S002-001,ENT-LINE-ACL,APPROVED_REPORT_DRAWING_GOLDEN,,,drawingSpecification,drawing_item,DWG-01877,,CONFIRMED,MAPPED,promotion APPROVED_REPORT_DRAWING_GOLDEN
G-DWG-1878,drawing,drawing.reference.DWG-REF-S003-001,ENT-LINE-ACL,APPROVED_REPORT_DRAWING_GOLDEN,,,drawingSpecification,drawing_item,DWG-01878,,CONFIRMED,MAPPED,promotion APPROVED_REPORT_DRAWING_GOLDEN
G-DWG-1879,drawing,drawing.reference.DWG-REF-S004-001,ENT-LINE-ACL,APPROVED_REPORT_DRAWING_GOLDEN,,,drawingSpecification,drawing_item,DWG-01879,,CONFIRMED,MAPPED,promotion APPROVED_REPORT_DRAWING_GOLDEN
G-DWG-1880,drawing,drawing.reference.DWG-REF-S005-001,ENT-LINE-ACL,APPROVED_REPORT_DRAWING_GOLDEN,,,drawingSpecification,drawing_item,DWG-01880,,CONFIRMED,MAPPED,promotion APPROVED_REPORT_DRAWING_GOLDEN
G-DWG-1881,drawing,drawing.reference.DWG-REF-S006-001,ENT-LINE-ACL,APPROVED_REPORT_DRAWING_GOLDEN,,,drawingSpecification,drawing_item,DWG-01881,,CONFIRMED,MAPPED,promotion APPROVED_REPORT_DRAWING_GOLDEN
G-DWG-1882,drawing,drawing.reference.DWG-REF-S007-001,ENT-LINE-ACL,APPROVED_REPORT_DRAWING_GOLDEN,,,drawingSpecification,drawing_item,DWG-01882,,CONFIRMED,MAPPED,promotion APPROVED_REPORT_DRAWING_GOLDEN
G-DWG-1883,drawing,drawing.reference.DWG-REF-S008-001,ENT-LINE-ACL,APPROVED_REPORT_DRAWING_GOLDEN,,,drawingSpecification,drawing_item,DWG-01883,,CONFIRMED,MAPPED,promotion APPROVED_REPORT_DRAWING_GOLDEN
G-DWG-1884,drawing,drawing.reference.DWG-REF-S009-001,ENT-DECK,APPROVED_REPORT_DRAWING_GOLDEN,,,drawingSpecification,drawing_item,DWG-01884,,CONFIRMED,MAPPED,promotion APPROVED_REPORT_DRAWING_GOLDEN
G-DWG-1885,drawing,drawing.reference.DWG-REF-S010-001,ENT-LINE-ACL,APPROVED_REPORT_DRAWING_GOLDEN,,,drawingSpecification,drawing_item,DWG-01885,,CONFIRMED,MAPPED,promotion APPROVED_REPORT_DRAWING_GOLDEN
G-DWG-1886,drawing,drawing.reference.DWG-REF-S011-001,ENT-LINE-ACL,APPROVED_REPORT_DRAWING_GOLDEN,,,drawingSpecification,drawing_item,DWG-01886,,CONFIRMED,MAPPED,promotion APPROVED_REPORT_DRAWING_GOLDEN
G-DWG-1887,drawing,drawing.reference.DWG-REF-S012-001,ENT-LINE-ACL,APPROVED_REPORT_DRAWING_GOLDEN,,,drawingSpecification,drawing_item,DWG-01887,,CONFIRMED,MAPPED,promotion APPROVED_REPORT_DRAWING_GOLDEN
G-DWG-1888,drawing,drawing.reference.DWG-REF-S013-001,ENT-GIRDER-AG1,APPROVED_REPORT_DRAWING_GOLDEN,,,drawingSpecification,drawing_item,DWG-01888,,CONFIRMED,MAPPED,promotion APPROVED_REPORT_DRAWING_GOLDEN
G-DWG-1889,drawing,drawing.reference.DWG-REF-S014-001,ENT-GIRDER-AG2,APPROVED_REPORT_DRAWING_GOLDEN,,,drawingSpecification,drawing_item,DWG-01889,,CONFIRMED,MAPPED,promotion APPROVED_REPORT_DRAWING_GOLDEN
G-DWG-1890,drawing,drawing.reference.DWG-REF-S015-001,ENT-DECK,APPROVED_REPORT_DRAWING_GOLDEN,,,drawingSpecification,drawing_item,DWG-01890,,CONFIRMED,MAPPED,promotion APPROVED_REPORT_DRAWING_GOLDEN
G-DWG-1891,drawing,drawing.reference.DWG-REF-S016-001,ENT-DECK,APPROVED_REPORT_DRAWING_GOLDEN,,,drawingSpecification,drawing_item,DWG-01891,,CONFIRMED,MAPPED,promotion APPROVED_REPORT_DRAWING_GOLDEN
G-DWG-1892,drawing,drawing.reference.DWG-REF-S017-001,ENT-LINE-ACL,APPROVED_REPORT_DRAWING_GOLDEN,,,drawingSpecification,drawing_item,DWG-01892,,CONFIRMED,MAPPED,promotion APPROVED_REPORT_DRAWING_GOLDEN
G-DWG-1893,drawing,drawing.reference.DWG-REF-S018-001,ENT-LINE-ACL,APPROVED_REPORT_DRAWING_GOLDEN,,,drawingSpecification,drawing_item,DWG-01893,,CONFIRMED,MAPPED,promotion APPROVED_REPORT_DRAWING_GOLDEN
G-DWG-1894,drawing,drawing.reference.DWG-REF-S019-001,ENT-LINE-ACL,APPROVED_REPORT_DRAWING_GOLDEN,,,drawingSpecification,drawing_item,DWG-01894,,CONFIRMED,MAPPED,promotion APPROVED_REPORT_DRAWING_GOLDEN
G-DWG-1895,drawing,drawing.reference.DWG-REF-S020-001,ENT-LINE-ACL,APPROVED_REPORT_DRAWING_GOLDEN,,,drawingSpecification,drawing_item,DWG-01895,,CONFIRMED,MAPPED,promotion APPROVED_REPORT_DRAWING_GOLDEN
G-DWG-1896,drawing,drawing.reference.DWG-REF-S021-001,ENT-GIRDER-AG1,APPROVED_REPORT_DRAWING_GOLDEN,,,drawingSpecification,drawing_item,DWG-01896,,CONFIRMED,MAPPED,promotion APPROVED_REPORT_DRAWING_GOLDEN
G-DWG-1897,drawing,drawing.reference.DWG-REF-S022-001,ENT-GIRDER-AG1,APPROVED_REPORT_DRAWING_GOLDEN,,,drawingSpecification,drawing_item,DWG-01897,,CONFIRMED,MAPPED,promotion APPROVED_REPORT_DRAWING_GOLDEN
G-DWG-1898,drawing,drawing.reference.DWG-REF-S023-001,ENT-GIRDER-AG1,APPROVED_REPORT_DRAWING_GOLDEN,,,drawingSpecification,drawing_item,DWG-01898,,CONFIRMED,MAPPED,promotion APPROVED_REPORT_DRAWING_GOLDEN
G-DWG-1899,drawing,drawing.reference.DWG-REF-S024-001,ENT-GIRDER-AG1,APPROVED_REPORT_DRAWING_GOLDEN,,,drawingSpecification,drawing_item,DWG-01899,,CONFIRMED,MAPPED,promotion APPROVED_REPORT_DRAWING_GOLDEN
G-DWG-1900,drawing,drawing.reference.DWG-REF-S025-001,ENT-GIRDER-AG1,APPROVED_REPORT_DRAWING_GOLDEN,,,drawingSpecification,drawing_item,DWG-01900,,CONFIRMED,MAPPED,promotion APPROVED_REPORT_DRAWING_GOLDEN
G-DWG-1901,drawing,drawing.reference.DWG-REF-S026-001,ENT-GIRDER-AG1,APPROVED_REPORT_DRAWING_GOLDEN,,,drawingSpecification,drawing_item,DWG-01901,,CONFIRMED,MAPPED,promotion APPROVED_REPORT_DRAWING_GOLDEN
G-DWG-1902,drawing,drawing.reference.DWG-REF-S027-001,ENT-GIRDER-AG1,APPROVED_REPORT_DRAWING_GOLDEN,,,drawingSpecification,drawing_item,DWG-01902,,CONFIRMED,MAPPED,promotion APPROVED_REPORT_DRAWING_GOLDEN
G-DWG-1903,drawing,drawing.reference.DWG-REF-S028-001,ENT-GIRDER-AG1,APPROVED_REPORT_DRAWING_GOLDEN,,,drawingSpecification,drawing_item,DWG-01903,,CONFIRMED,MAPPED,promotion APPROVED_REPORT_DRAWING_GOLDEN
G-DWG-1904,drawing,drawing.reference.DWG-REF-S029-001,ENT-GIRDER-AG1,APPROVED_REPORT_DRAWING_GOLDEN,,,drawingSpecification,drawing_item,DWG-01904,,CONFIRMED,MAPPED,promotion APPROVED_REPORT_DRAWING_GOLDEN
G-DWG-1905,drawing,drawing.reference.DWG-REF-S030-001,ENT-GIRDER-AG2,APPROVED_REPORT_DRAWING_GOLDEN,,,drawingSpecification,drawing_item,DWG-01905,,CONFIRMED,MAPPED,promotion APPROVED_REPORT_DRAWING_GOLDEN
G-DWG-1906,drawing,drawing.reference.DWG-REF-S031-001,ENT-GIRDER-AG2,APPROVED_REPORT_DRAWING_GOLDEN,,,drawingSpecification,drawing_item,DWG-01906,,CONFIRMED,MAPPED,promotion APPROVED_REPORT_DRAWING_GOLDEN
G-DWG-1907,drawing,drawing.reference.DWG-REF-S032-001,ENT-GIRDER-AG2,APPROVED_REPORT_DRAWING_GOLDEN,,,drawingSpecification,drawing_item,DWG-01907,,CONFIRMED,MAPPED,promotion APPROVED_REPORT_DRAWING_GOLDEN
G-DWG-1908,drawing,drawing.reference.DWG-REF-S033-001,ENT-GIRDER-AG2,APPROVED_REPORT_DRAWING_GOLDEN,,,drawingSpecification,drawing_item,DWG-01908,,CONFIRMED,MAPPED,promotion APPROVED_REPORT_DRAWING_GOLDEN
G-DWG-1909,drawing,drawing.reference.DWG-REF-S034-001,ENT-GIRDER-AG2,APPROVED_REPORT_DRAWING_GOLDEN,,,drawingSpecification,drawing_item,DWG-01909,,CONFIRMED,MAPPED,promotion APPROVED_REPORT_DRAWING_GOLDEN
G-DWG-1910,drawing,drawing.reference.DWG-REF-S035-001,ENT-GIRDER-AG2,APPROVED_REPORT_DRAWING_GOLDEN,,,drawingSpecification,drawing_item,DWG-01910,,CONFIRMED,MAPPED,promotion APPROVED_REPORT_DRAWING_GOLDEN
G-DWG-1911,drawing,drawing.reference.DWG-REF-S036-001,ENT-GIRDER-AG2,APPROVED_REPORT_DRAWING_GOLDEN,,,drawingSpecification,drawing_item,DWG-01911,,CONFIRMED,MAPPED,promotion APPROVED_REPORT_DRAWING_GOLDEN
G-DWG-1912,drawing,drawing.reference.DWG-REF-S037-001,ENT-GIRDER-AG2,APPROVED_REPORT_DRAWING_GOLDEN,,,drawingSpecification,drawing_item,DWG-01912,,CONFIRMED,MAPPED,promotion APPROVED_REPORT_DRAWING_GOLDEN
G-DWG-1913,drawing,drawing.reference.DWG-REF-S038-001,ENT-GIRDER-AG2,APPROVED_REPORT_DRAWING_GOLDEN,,,drawingSpecification,drawing_item,DWG-01913,,CONFIRMED,MAPPED,promotion APPROVED_REPORT_DRAWING_GOLDEN
G-DWG-1914,drawing,drawing.reference.DWG-REF-S039-001,ENT-STUD,APPROVED_REPORT_DRAWING_GOLDEN,,,drawingSpecification,drawing_item,DWG-01914,,CONFIRMED,MAPPED,promotion APPROVED_REPORT_DRAWING_GOLDEN
G-DWG-1915,drawing,drawing.reference.DWG-REF-S040-001,ENT-STUD,APPROVED_REPORT_DRAWING_GOLDEN,,,drawingSpecification,drawing_item,DWG-01915,,CONFIRMED,MAPPED,promotion APPROVED_REPORT_DRAWING_GOLDEN
G-DWG-1916,drawing,drawing.reference.DWG-REF-S041-001,ENT-STUD,APPROVED_REPORT_DRAWING_GOLDEN,,,drawingSpecification,drawing_item,DWG-01916,,CONFIRMED,MAPPED,promotion APPROVED_REPORT_DRAWING_GOLDEN
G-DWG-1917,drawing,drawing.reference.DWG-REF-S042-001,ENT-STUD,APPROVED_REPORT_DRAWING_GOLDEN,,,drawingSpecification,drawing_item,DWG-01917,,CONFIRMED,MAPPED,promotion APPROVED_REPORT_DRAWING_GOLDEN
G-DWG-1918,drawing,drawing.reference.DWG-REF-S043-001,ENT-STUD,APPROVED_REPORT_DRAWING_GOLDEN,,,drawingSpecification,drawing_item,DWG-01918,,CONFIRMED,MAPPED,promotion APPROVED_REPORT_DRAWING_GOLDEN
G-DWG-1919,drawing,drawing.reference.DWG-REF-S044-001,ENT-STUD,APPROVED_REPORT_DRAWING_GOLDEN,,,drawingSpecification,drawing_item,DWG-01919,,CONFIRMED,MAPPED,promotion APPROVED_REPORT_DRAWING_GOLDEN
G-DWG-1920,drawing,drawing.reference.DWG-REF-S045-001,ENT-XBEAM-GE1,APPROVED_REPORT_DRAWING_GOLDEN,,,drawingSpecification,drawing_item,DWG-01920,,CONFIRMED,MAPPED,promotion APPROVED_REPORT_DRAWING_GOLDEN
G-DWG-1921,drawing,drawing.reference.DWG-REF-S046-001,ENT-XBEAM-GE1,APPROVED_REPORT_DRAWING_GOLDEN,,,drawingSpecification,drawing_item,DWG-01921,,CONFIRMED,MAPPED,promotion APPROVED_REPORT_DRAWING_GOLDEN
G-DWG-1922,drawing,drawing.reference.DWG-REF-S047-001,ENT-XBEAM-GE1,APPROVED_REPORT_DRAWING_GOLDEN,,,drawingSpecification,drawing_item,DWG-01922,,CONFIRMED,MAPPED,promotion APPROVED_REPORT_DRAWING_GOLDEN
G-DWG-1923,drawing,drawing.reference.DWG-REF-S048-001,ENT-XBEAM-GE1,APPROVED_REPORT_DRAWING_GOLDEN,,,drawingSpecification,drawing_item,DWG-01923,,CONFIRMED,MAPPED,promotion APPROVED_REPORT_DRAWING_GOLDEN
G-DWG-1924,drawing,drawing.reference.DWG-REF-S049-001,ENT-XBEAM-C1C7,APPROVED_REPORT_DRAWING_GOLDEN,,,drawingSpecification,drawing_item,DWG-01924,,CONFIRMED,MAPPED,promotion APPROVED_REPORT_DRAWING_GOLDEN
G-DWG-1925,drawing,drawing.reference.DWG-REF-S050-001,ENT-XBEAM-C1C7,APPROVED_REPORT_DRAWING_GOLDEN,,,drawingSpecification,drawing_item,DWG-01925,,CONFIRMED,MAPPED,promotion APPROVED_REPORT_DRAWING_GOLDEN
G-DWG-1926,drawing,drawing.reference.DWG-REF-S051-001,ENT-XBEAM-C1C7,APPROVED_REPORT_DRAWING_GOLDEN,,,drawingSpecification,drawing_item,DWG-01926,,CONFIRMED,MAPPED,promotion APPROVED_REPORT_DRAWING_GOLDEN
G-DWG-1927,drawing,drawing.reference.DWG-REF-S052-001,ENT-XBEAM-C1C7,APPROVED_REPORT_DRAWING_GOLDEN,,,drawingSpecification,drawing_item,DWG-01927,,CONFIRMED,MAPPED,promotion APPROVED_REPORT_DRAWING_GOLDEN
G-DWG-1928,drawing,drawing.reference.DWG-REF-S053-001,ENT-XBEAM-C1C7,APPROVED_REPORT_DRAWING_GOLDEN,,,drawingSpecification,drawing_item,DWG-01928,,CONFIRMED,MAPPED,promotion APPROVED_REPORT_DRAWING_GOLDEN
G-DWG-1929,drawing,drawing.reference.DWG-REF-S054-001,ENT-XBEAM-C1C7,APPROVED_REPORT_DRAWING_GOLDEN,,,drawingSpecification,drawing_item,DWG-01929,,CONFIRMED,MAPPED,promotion APPROVED_REPORT_DRAWING_GOLDEN
G-DWG-1930,drawing,drawing.reference.DWG-REF-S055-001,ENT-XBEAM-C1C7,APPROVED_REPORT_DRAWING_GOLDEN,,,drawingSpecification,drawing_item,DWG-01930,,CONFIRMED,MAPPED,promotion APPROVED_REPORT_DRAWING_GOLDEN
G-DWG-1931,drawing,drawing.reference.DWG-REF-S056-001,ENT-XBEAM-C1C7,APPROVED_REPORT_DRAWING_GOLDEN,,,drawingSpecification,drawing_item,DWG-01931,,CONFIRMED,MAPPED,promotion APPROVED_REPORT_DRAWING_GOLDEN
G-DWG-1932,drawing,drawing.reference.DWG-REF-S057-001,ENT-XBEAM-C1C7,APPROVED_REPORT_DRAWING_GOLDEN,,,drawingSpecification,drawing_item,DWG-01932,,CONFIRMED,MAPPED,promotion APPROVED_REPORT_DRAWING_GOLDEN
G-DWG-1933,drawing,drawing.reference.DWG-REF-S058-001,ENT-XBEAM-C1C7,APPROVED_REPORT_DRAWING_GOLDEN,,,drawingSpecification,drawing_item,DWG-01933,,CONFIRMED,MAPPED,promotion APPROVED_REPORT_DRAWING_GOLDEN
G-DWG-1934,drawing,drawing.reference.DWG-REF-S059-001,ENT-XBEAM-C1C7,APPROVED_REPORT_DRAWING_GOLDEN,,,drawingSpecification,drawing_item,DWG-01934,,CONFIRMED,MAPPED,promotion APPROVED_REPORT_DRAWING_GOLDEN
G-DWG-1935,drawing,drawing.reference.DWG-REF-S060-001,ENT-XBEAM-C1C7,APPROVED_REPORT_DRAWING_GOLDEN,,,drawingSpecification,drawing_item,DWG-01935,,CONFIRMED,MAPPED,promotion APPROVED_REPORT_DRAWING_GOLDEN
G-DWG-1936,drawing,drawing.reference.DWG-REF-S061-001,ENT-BRACE-AL1,APPROVED_REPORT_DRAWING_GOLDEN,,,drawingSpecification,drawing_item,DWG-01936,,CONFIRMED,MAPPED,promotion APPROVED_REPORT_DRAWING_GOLDEN
G-DWG-1937,drawing,drawing.reference.DWG-REF-S062-001,ENT-BRACE-AL1,APPROVED_REPORT_DRAWING_GOLDEN,,,drawingSpecification,drawing_item,DWG-01937,,CONFIRMED,MAPPED,promotion APPROVED_REPORT_DRAWING_GOLDEN
G-DWG-1938,drawing,drawing.reference.DWG-REF-S063-001,ENT-BRACE-AL1,APPROVED_REPORT_DRAWING_GOLDEN,,,drawingSpecification,drawing_item,DWG-01938,,CONFIRMED,MAPPED,promotion APPROVED_REPORT_DRAWING_GOLDEN
G-DWG-1939,drawing,drawing.reference.DWG-REF-S064-001,ENT-BRACE-AL1,APPROVED_REPORT_DRAWING_GOLDEN,,,drawingSpecification,drawing_item,DWG-01939,,CONFIRMED,MAPPED,promotion APPROVED_REPORT_DRAWING_GOLDEN
G-DWG-1940,drawing,drawing.reference.DWG-REF-S065-001,ENT-BRACE-AL1,APPROVED_REPORT_DRAWING_GOLDEN,,,drawingSpecification,drawing_item,DWG-01940,,CONFIRMED,MAPPED,promotion APPROVED_REPORT_DRAWING_GOLDEN
G-DWG-1941,drawing,drawing.reference.DWG-REF-S066-001,ENT-BRACE-AL1,APPROVED_REPORT_DRAWING_GOLDEN,,,drawingSpecification,drawing_item,DWG-01941,,CONFIRMED,MAPPED,promotion APPROVED_REPORT_DRAWING_GOLDEN
G-DWG-1942,drawing,drawing.reference.DWG-REF-S067-001,ENT-BRACE-AL1,APPROVED_REPORT_DRAWING_GOLDEN,,,drawingSpecification,drawing_item,DWG-01942,,CONFIRMED,MAPPED,promotion APPROVED_REPORT_DRAWING_GOLDEN
G-DWG-1943,drawing,drawing.reference.DWG-REF-S068-001,ENT-BRACE-AL1,APPROVED_REPORT_DRAWING_GOLDEN,,,drawingSpecification,drawing_item,DWG-01943,,CONFIRMED,MAPPED,promotion APPROVED_REPORT_DRAWING_GOLDEN
G-DWG-1944,drawing,drawing.reference.DWG-REF-S069-001,ENT-BRACE-AL1,APPROVED_REPORT_DRAWING_GOLDEN,,,drawingSpecification,drawing_item,DWG-01944,,CONFIRMED,MAPPED,promotion APPROVED_REPORT_DRAWING_GOLDEN
G-DWG-1945,drawing,drawing.reference.DWG-REF-S070-001,ENT-BRACE-AL1,APPROVED_REPORT_DRAWING_GOLDEN,,,drawingSpecification,drawing_item,DWG-01945,,CONFIRMED,MAPPED,promotion APPROVED_REPORT_DRAWING_GOLDEN
G-DWG-1946,drawing,drawing.reference.DWG-REF-S071-001,ENT-BRACE-AL1,APPROVED_REPORT_DRAWING_GOLDEN,,,drawingSpecification,drawing_item,DWG-01946,,CONFIRMED,MAPPED,promotion APPROVED_REPORT_DRAWING_GOLDEN
G-DWG-1947,drawing,drawing.reference.DWG-REF-S072-001,ENT-SUPPORT-PR1,APPROVED_REPORT_DRAWING_GOLDEN,,,drawingSpecification,drawing_item,DWG-01947,,CONFIRMED,MAPPED,promotion APPROVED_REPORT_DRAWING_GOLDEN
G-DWG-1948,drawing,drawing.reference.DWG-REF-S073-001,ENT-SUPPORT-PR1,APPROVED_REPORT_DRAWING_GOLDEN,,,drawingSpecification,drawing_item,DWG-01948,,CONFIRMED,MAPPED,promotion APPROVED_REPORT_DRAWING_GOLDEN
G-DWG-1949,drawing,drawing.reference.DWG-REF-S074-001,ENT-SUPPORT-PR1,APPROVED_REPORT_DRAWING_GOLDEN,,,drawingSpecification,drawing_item,DWG-01949,,CONFIRMED,MAPPED,promotion APPROVED_REPORT_DRAWING_GOLDEN
G-DWG-1950,drawing,drawing.reference.DWG-REF-S075-001,ENT-SUPPORT-PR1,APPROVED_REPORT_DRAWING_GOLDEN,,,drawingSpecification,drawing_item,DWG-01950,,CONFIRMED,MAPPED,promotion APPROVED_REPORT_DRAWING_GOLDEN
G-DWG-1951,drawing,drawing.reference.DWG-REF-S076-001,ENT-SUPPORT-PR1,APPROVED_REPORT_DRAWING_GOLDEN,,,drawingSpecification,drawing_item,DWG-01951,,CONFIRMED,MAPPED,promotion APPROVED_REPORT_DRAWING_GOLDEN
G-DWG-1952,drawing,drawing.reference.DWG-REF-S077-001,ENT-SUPPORT-PR1,APPROVED_REPORT_DRAWING_GOLDEN,,,drawingSpecification,drawing_item,DWG-01952,,CONFIRMED,MAPPED,promotion APPROVED_REPORT_DRAWING_GOLDEN
G-DWG-1953,drawing,drawing.reference.DWG-REF-S078-001,ENT-SUPPORT-PR1,APPROVED_REPORT_DRAWING_GOLDEN,,,drawingSpecification,drawing_item,DWG-01953,,CONFIRMED,MAPPED,promotion APPROVED_REPORT_DRAWING_GOLDEN
G-DWG-1954,drawing,drawing.reference.DWG-REF-S079-001,ENT-SUPPORT-PR1,APPROVED_REPORT_DRAWING_GOLDEN,,,drawingSpecification,drawing_item,DWG-01954,,CONFIRMED,MAPPED,promotion APPROVED_REPORT_DRAWING_GOLDEN
G-DWG-1955,drawing,drawing.reference.DWG-REF-S080-001,ENT-SUPPORT-PR1,APPROVED_REPORT_DRAWING_GOLDEN,,,drawingSpecification,drawing_item,DWG-01955,,CONFIRMED,MAPPED,promotion APPROVED_REPORT_DRAWING_GOLDEN
G-DWG-1956,drawing,drawing.reference.DWG-REF-S081-001,ENT-SUPPORT-PR1,APPROVED_REPORT_DRAWING_GOLDEN,,,drawingSpecification,drawing_item,DWG-01956,,CONFIRMED,MAPPED,promotion APPROVED_REPORT_DRAWING_GOLDEN
G-DWG-1957,drawing,drawing.reference.DWG-REF-S082-001,ENT-SUPPORT-PR1,APPROVED_REPORT_DRAWING_GOLDEN,,,drawingSpecification,drawing_item,DWG-01957,,CONFIRMED,MAPPED,promotion APPROVED_REPORT_DRAWING_GOLDEN
G-DWG-1958,drawing,drawing.reference.DWG-REF-S083-001,ENT-SUPPORT-PR1,APPROVED_REPORT_DRAWING_GOLDEN,,,drawingSpecification,drawing_item,DWG-01958,,CONFIRMED,MAPPED,promotion APPROVED_REPORT_DRAWING_GOLDEN
G-DWG-1959,drawing,drawing.reference.DWG-REF-S084-001,ENT-DECK,APPROVED_REPORT_DRAWING_GOLDEN,,,drawingSpecification,drawing_item,DWG-01959,,CONFIRMED,MAPPED,promotion APPROVED_REPORT_DRAWING_GOLDEN
G-DWG-1960,drawing,drawing.reference.DWG-REF-S085-001,ENT-SUPPORT-PU15,APPROVED_REPORT_DRAWING_GOLDEN,,,drawingSpecification,drawing_item,DWG-01960,,CONFIRMED,MAPPED,promotion APPROVED_REPORT_DRAWING_GOLDEN
G-DWG-1961,drawing,drawing.reference.DWG-REF-S086-001,ENT-SUPPORT-PU15,APPROVED_REPORT_DRAWING_GOLDEN,,,drawingSpecification,drawing_item,DWG-01961,,CONFIRMED,MAPPED,promotion APPROVED_REPORT_DRAWING_GOLDEN
G-DWG-1962,drawing,drawing.reference.DWG-REF-S087-001,ENT-SUPPORT-PU15,APPROVED_REPORT_DRAWING_GOLDEN,,,drawingSpecification,drawing_item,DWG-01962,,CONFIRMED,MAPPED,promotion APPROVED_REPORT_DRAWING_GOLDEN
G-DWG-1963,drawing,drawing.reference.DWG-REF-S088-001,ENT-SUPPORT-PU15,APPROVED_REPORT_DRAWING_GOLDEN,,,drawingSpecification,drawing_item,DWG-01963,,CONFIRMED,MAPPED,promotion APPROVED_REPORT_DRAWING_GOLDEN
G-DWG-1964,drawing,drawing.reference.DWG-REF-S089-001,ENT-LINE-ACL,APPROVED_REPORT_DRAWING_GOLDEN,,,drawingSpecification,drawing_item,DWG-01964,,CONFIRMED,MAPPED,promotion APPROVED_REPORT_DRAWING_GOLDEN
G-DWG-1965,drawing,drawing.reference.DWG-REF-S090-001,ENT-LINE-ACL,APPROVED_REPORT_DRAWING_GOLDEN,,,drawingSpecification,drawing_item,DWG-01965,,CONFIRMED,MAPPED,promotion APPROVED_REPORT_DRAWING_GOLDEN
G-DWG-1966,drawing,drawing.reference.DWG-REF-S091-001,ENT-LINE-ACL,APPROVED_REPORT_DRAWING_GOLDEN,,,drawingSpecification,drawing_item,DWG-01966,,CONFIRMED,MAPPED,promotion APPROVED_REPORT_DRAWING_GOLDEN
G-DWG-1967,drawing,drawing.reference.DWG-REF-S093-001,ENT-DECK,APPROVED_REPORT_DRAWING_GOLDEN,,,drawingSpecification,drawing_item,DWG-01967,,CONFIRMED,MAPPED,promotion APPROVED_REPORT_DRAWING_GOLDEN
G-DWG-1968,drawing,drawing.reference.DWG-REF-S101-001,ENT-LINE-ACL,APPROVED_REPORT_DRAWING_GOLDEN,,,drawingSpecification,drawing_item,DWG-01968,,CONFIRMED,MAPPED,promotion APPROVED_REPORT_DRAWING_GOLDEN
G-DWG-1969,drawing,drawing.reference.DWG-REF-S102-001,ENT-LINE-ACL,APPROVED_REPORT_DRAWING_GOLDEN,,,drawingSpecification,drawing_item,DWG-01969,,CONFIRMED,MAPPED,promotion APPROVED_REPORT_DRAWING_GOLDEN
G-DWG-1970,drawing,drawing.reference.DWG-REF-S102-002,ENT-LINE-ACL,APPROVED_REPORT_DRAWING_GOLDEN,,,drawingSpecification,drawing_item,DWG-01970,,CONFIRMED,MAPPED,promotion APPROVED_REPORT_DRAWING_GOLDEN
G-DWG-1971,drawing,drawing.reference.DWG-REF-S091-002,ENT-LINE-ACL,APPROVED_REPORT_DRAWING_GOLDEN,,,drawingSpecification,drawing_item,DWG-01971,,CONFIRMED,MAPPED,promotion APPROVED_REPORT_DRAWING_GOLDEN
G-DWG-1972,drawing,drawing.reference.DWG-REF-S091-003,ENT-LINE-ACL,APPROVED_REPORT_DRAWING_GOLDEN,,,drawingSpecification,drawing_item,DWG-01972,,CONFIRMED,MAPPED,promotion APPROVED_REPORT_DRAWING_GOLDEN
G-DWG-1973,drawing,drawing.reference.DWG-REF-S090-002,ENT-LINE-ACL,APPROVED_REPORT_DRAWING_GOLDEN,,,drawingSpecification,drawing_item,DWG-01973,,CONFIRMED,MAPPED,promotion APPROVED_REPORT_DRAWING_GOLDEN
G-DWG-1974,drawing,drawing.reference.DWG-REF-S092-001,ENT-LINE-ACL,APPROVED_REPORT_DRAWING_GOLDEN,,,drawingSpecification,drawing_item,DWG-01974,,CONFIRMED,MAPPED,promotion APPROVED_REPORT_DRAWING_GOLDEN
G-DWG-1975,drawing,drawing.reference.DWG-REF-S092-002,ENT-LINE-ACL,APPROVED_REPORT_DRAWING_GOLDEN,,,drawingSpecification,drawing_item,DWG-01975,,CONFIRMED,MAPPED,promotion APPROVED_REPORT_DRAWING_GOLDEN
G-DWG-1976,drawing,drawing.reference.DWG-REF-S132-001,ENT-LINE-ACL,APPROVED_REPORT_DRAWING_GOLDEN,,,drawingSpecification,drawing_item,DWG-01976,,CONFIRMED,MAPPED,promotion APPROVED_REPORT_DRAWING_GOLDEN
G-DWG-1977,drawing,drawing.reference.DWG-REF-S137-001,ENT-LINE-ACL,APPROVED_REPORT_DRAWING_GOLDEN,,,drawingSpecification,drawing_item,DWG-01977,,CONFIRMED,MAPPED,promotion APPROVED_REPORT_DRAWING_GOLDEN
G-DWG-1978,drawing,drawing.reference.DWG-REF-S138-001,ENT-LINE-ACL,APPROVED_REPORT_DRAWING_GOLDEN,,,drawingSpecification,drawing_item,DWG-01978,,CONFIRMED,MAPPED,promotion APPROVED_REPORT_DRAWING_GOLDEN
G-DWG-1979,drawing,drawing.reference.DWG-REF-S139-001,ENT-LINE-ACL,APPROVED_REPORT_DRAWING_GOLDEN,,,drawingSpecification,drawing_item,DWG-01979,,CONFIRMED,MAPPED,promotion APPROVED_REPORT_DRAWING_GOLDEN
G-DWG-1980,drawing,drawing.reference.DWG-REF-S140-001,ENT-LINE-ACL,APPROVED_REPORT_DRAWING_GOLDEN,,,drawingSpecification,drawing_item,DWG-01980,,CONFIRMED,MAPPED,promotion APPROVED_REPORT_DRAWING_GOLDEN
G-DWG-1981,drawing,drawing.table.DWG-TBL-S005-001,ENT-LINE-ACL,APPROVED_REPORT_DRAWING_GOLDEN,,,drawingSpecification,drawing_item,DWG-01981,,CONFIRMED,MAPPED,promotion APPROVED_REPORT_DRAWING_GOLDEN
G-DWG-1982,drawing,drawing.table.DWG-TBL-S005-002,ENT-LINE-ACL,APPROVED_REPORT_DRAWING_GOLDEN,,,drawingSpecification,drawing_item,DWG-01982,,CONFIRMED,MAPPED,promotion APPROVED_REPORT_DRAWING_GOLDEN
G-DWG-1983,drawing,drawing.table.DWG-TBL-S005-003,ENT-LINE-ACL,APPROVED_REPORT_DRAWING_GOLDEN,,,drawingSpecification,drawing_item,DWG-01983,,CONFIRMED,MAPPED,promotion APPROVED_REPORT_DRAWING_GOLDEN
G-DWG-1984,drawing,drawing.table.DWG-TBL-S006-001,ENT-LINE-ACL,APPROVED_REPORT_DRAWING_GOLDEN,,,drawingSpecification,drawing_item,DWG-01984,,CONFIRMED,MAPPED,promotion APPROVED_REPORT_DRAWING_GOLDEN
G-DWG-1985,drawing,drawing.table.DWG-TBL-S006-002,ENT-LINE-ACL,APPROVED_REPORT_DRAWING_GOLDEN,,,drawingSpecification,drawing_item,DWG-01985,,CONFIRMED,MAPPED,promotion APPROVED_REPORT_DRAWING_GOLDEN
G-DWG-1986,drawing,drawing.table.DWG-TBL-S006-003,ENT-LINE-ACL,APPROVED_REPORT_DRAWING_GOLDEN,,,drawingSpecification,drawing_item,DWG-01986,,CONFIRMED,MAPPED,promotion APPROVED_REPORT_DRAWING_GOLDEN
G-DWG-1987,drawing,drawing.table.DWG-TBL-S006-004,ENT-LINE-ACL,APPROVED_REPORT_DRAWING_GOLDEN,,,drawingSpecification,drawing_item,DWG-01987,,CONFIRMED,MAPPED,promotion APPROVED_REPORT_DRAWING_GOLDEN
G-DWG-1988,drawing,drawing.table.DWG-TBL-S007-001,ENT-LINE-ACL,APPROVED_REPORT_DRAWING_GOLDEN,,,drawingSpecification,drawing_item,DWG-01988,,CONFIRMED,MAPPED,promotion APPROVED_REPORT_DRAWING_GOLDEN
G-DWG-1989,drawing,drawing.table.DWG-TBL-S007-002,ENT-LINE-ACL,APPROVED_REPORT_DRAWING_GOLDEN,,,drawingSpecification,drawing_item,DWG-01989,,CONFIRMED,MAPPED,promotion APPROVED_REPORT_DRAWING_GOLDEN
G-DWG-1990,drawing,drawing.table.DWG-TBL-S007-003,ENT-LINE-ACL,APPROVED_REPORT_DRAWING_GOLDEN,,,drawingSpecification,drawing_item,DWG-01990,,CONFIRMED,MAPPED,promotion APPROVED_REPORT_DRAWING_GOLDEN
G-DWG-1991,drawing,drawing.table.DWG-TBL-S045-001,ENT-XBEAM-GE1,APPROVED_REPORT_DRAWING_GOLDEN,,,drawingSpecification,drawing_item,DWG-01991,,CONFIRMED,MAPPED,promotion APPROVED_REPORT_DRAWING_GOLDEN
G-DWG-1992,drawing,drawing.table.DWG-TBL-S045-002,ENT-XBEAM-GE1,APPROVED_REPORT_DRAWING_GOLDEN,,,drawingSpecification,drawing_item,DWG-01992,,CONFIRMED,MAPPED,promotion APPROVED_REPORT_DRAWING_GOLDEN
G-DWG-1993,drawing,drawing.table.DWG-TBL-S045-003,ENT-XBEAM-GE1,APPROVED_REPORT_DRAWING_GOLDEN,,,drawingSpecification,drawing_item,DWG-01993,,CONFIRMED,MAPPED,promotion APPROVED_REPORT_DRAWING_GOLDEN
G-DWG-1994,drawing,drawing.table.DWG-TBL-S046-001,ENT-XBEAM-GE1,APPROVED_REPORT_DRAWING_GOLDEN,,,drawingSpecification,drawing_item,DWG-01994,,CONFIRMED,MAPPED,promotion APPROVED_REPORT_DRAWING_GOLDEN
G-DWG-1995,drawing,drawing.table.DWG-TBL-S046-002,ENT-XBEAM-GE1,APPROVED_REPORT_DRAWING_GOLDEN,,,drawingSpecification,drawing_item,DWG-01995,,CONFIRMED,MAPPED,promotion APPROVED_REPORT_DRAWING_GOLDEN
G-DWG-1996,drawing,drawing.table.DWG-TBL-S047-001,ENT-XBEAM-GE1,APPROVED_REPORT_DRAWING_GOLDEN,,,drawingSpecification,drawing_item,DWG-01996,,CONFIRMED,MAPPED,promotion APPROVED_REPORT_DRAWING_GOLDEN
G-DWG-1997,drawing,drawing.table.DWG-TBL-S047-002,ENT-XBEAM-GE1,APPROVED_REPORT_DRAWING_GOLDEN,,,drawingSpecification,drawing_item,DWG-01997,,CONFIRMED,MAPPED,promotion APPROVED_REPORT_DRAWING_GOLDEN
G-DWG-1998,drawing,drawing.table.DWG-TBL-S049-001,ENT-XBEAM-C1C7,APPROVED_REPORT_DRAWING_GOLDEN,,,drawingSpecification,drawing_item,DWG-01998,,CONFIRMED,MAPPED,promotion APPROVED_REPORT_DRAWING_GOLDEN
G-DWG-1999,drawing,drawing.table.DWG-TBL-S049-002,ENT-XBEAM-C1C7,APPROVED_REPORT_DRAWING_GOLDEN,,,drawingSpecification,drawing_item,DWG-01999,,CONFIRMED,MAPPED,promotion APPROVED_REPORT_DRAWING_GOLDEN
G-DWG-2000,drawing,drawing.table.DWG-TBL-S050-001,ENT-XBEAM-C1C7,APPROVED_REPORT_DRAWING_GOLDEN,,,drawingSpecification,drawing_item,DWG-02000,,CONFIRMED,MAPPED,promotion APPROVED_REPORT_DRAWING_GOLDEN
G-DWG-2001,drawing,drawing.table.DWG-TBL-S058-001,ENT-XBEAM-C1C7,APPROVED_REPORT_DRAWING_GOLDEN,,,drawingSpecification,drawing_item,DWG-02001,,CONFIRMED,MAPPED,promotion APPROVED_REPORT_DRAWING_GOLDEN
G-DWG-2002,drawing,drawing.table.DWG-TBL-S061-001,ENT-BRACE-AL1,APPROVED_REPORT_DRAWING_GOLDEN,,,drawingSpecification,drawing_item,DWG-02002,,CONFIRMED,MAPPED,promotion APPROVED_REPORT_DRAWING_GOLDEN
G-DWG-2003,drawing,drawing.table.DWG-TBL-S061-002,ENT-BRACE-AL1,APPROVED_REPORT_DRAWING_GOLDEN,,,drawingSpecification,drawing_item,DWG-02003,,CONFIRMED,MAPPED,promotion APPROVED_REPORT_DRAWING_GOLDEN
G-DWG-2004,drawing,drawing.table.DWG-TBL-S062-001,ENT-BRACE-AL1,APPROVED_REPORT_DRAWING_GOLDEN,,,drawingSpecification,drawing_item,DWG-02004,,CONFIRMED,MAPPED,promotion APPROVED_REPORT_DRAWING_GOLDEN
G-DWG-2005,drawing,drawing.table.DWG-TBL-S062-002,ENT-BRACE-AL1,APPROVED_REPORT_DRAWING_GOLDEN,,,drawingSpecification,drawing_item,DWG-02005,,CONFIRMED,MAPPED,promotion APPROVED_REPORT_DRAWING_GOLDEN
G-DWG-2006,drawing,drawing.table.DWG-TBL-S068-001,ENT-BRACE-AL1,APPROVED_REPORT_DRAWING_GOLDEN,,,drawingSpecification,drawing_item,DWG-02006,,CONFIRMED,MAPPED,promotion APPROVED_REPORT_DRAWING_GOLDEN
G-DWG-2007,drawing,drawing.table.DWG-TBL-S068-002,ENT-BRACE-AL1,APPROVED_REPORT_DRAWING_GOLDEN,,,drawingSpecification,drawing_item,DWG-02007,,CONFIRMED,MAPPED,promotion APPROVED_REPORT_DRAWING_GOLDEN
G-DWG-2008,drawing,drawing.table.DWG-TBL-S085-001,ENT-SUPPORT-PU15,APPROVED_REPORT_DRAWING_GOLDEN,,,drawingSpecification,drawing_item,DWG-02008,,CONFIRMED,MAPPED,promotion APPROVED_REPORT_DRAWING_GOLDEN
G-DWG-2009,drawing,drawing.table.DWG-TBL-S085-002,ENT-SUPPORT-PU15,APPROVED_REPORT_DRAWING_GOLDEN,,,drawingSpecification,drawing_item,DWG-02009,,CONFIRMED,MAPPED,promotion APPROVED_REPORT_DRAWING_GOLDEN
G-DWG-2010,drawing,drawing.table.DWG-TBL-S085-003,ENT-SUPPORT-PU15,APPROVED_REPORT_DRAWING_GOLDEN,,,drawingSpecification,drawing_item,DWG-02010,,CONFIRMED,MAPPED,promotion APPROVED_REPORT_DRAWING_GOLDEN
G-DWG-2011,drawing,drawing.table.DWG-TBL-S086-001,ENT-SUPPORT-PU15,APPROVED_REPORT_DRAWING_GOLDEN,,,drawingSpecification,drawing_item,DWG-02011,,CONFIRMED,MAPPED,promotion APPROVED_REPORT_DRAWING_GOLDEN
G-DWG-2012,drawing,drawing.table.DWG-TBL-S086-002,ENT-SUPPORT-PU15,APPROVED_REPORT_DRAWING_GOLDEN,,,drawingSpecification,drawing_item,DWG-02012,,CONFIRMED,MAPPED,promotion APPROVED_REPORT_DRAWING_GOLDEN
G-DWG-2013,drawing,drawing.table.DWG-TBL-S086-003,ENT-SUPPORT-PU15,APPROVED_REPORT_DRAWING_GOLDEN,,,drawingSpecification,drawing_item,DWG-02013,,CONFIRMED,MAPPED,promotion APPROVED_REPORT_DRAWING_GOLDEN
G-DWG-2014,drawing,drawing.table.DWG-TBL-S087-001,ENT-SUPPORT-PU15,APPROVED_REPORT_DRAWING_GOLDEN,,,drawingSpecification,drawing_item,DWG-02014,,CONFIRMED,MAPPED,promotion APPROVED_REPORT_DRAWING_GOLDEN
G-DWG-2015,drawing,drawing.table.DWG-TBL-S087-002,ENT-SUPPORT-PU15,APPROVED_REPORT_DRAWING_GOLDEN,,,drawingSpecification,drawing_item,DWG-02015,,CONFIRMED,MAPPED,promotion APPROVED_REPORT_DRAWING_GOLDEN
G-DWG-2016,drawing,drawing.table.DWG-TBL-S087-003,ENT-SUPPORT-PU15,APPROVED_REPORT_DRAWING_GOLDEN,,,drawingSpecification,drawing_item,DWG-02016,,CONFIRMED,MAPPED,promotion APPROVED_REPORT_DRAWING_GOLDEN
G-DWG-2017,drawing,drawing.table.DWG-TBL-S088-001,ENT-SUPPORT-PU15,APPROVED_REPORT_DRAWING_GOLDEN,,,drawingSpecification,drawing_item,DWG-02017,,CONFIRMED,MAPPED,promotion APPROVED_REPORT_DRAWING_GOLDEN
G-DWG-2018,drawing,drawing.table.DWG-TBL-S088-002,ENT-SUPPORT-PU15,APPROVED_REPORT_DRAWING_GOLDEN,,,drawingSpecification,drawing_item,DWG-02018,,CONFIRMED,MAPPED,promotion APPROVED_REPORT_DRAWING_GOLDEN
G-DWG-2019,drawing,drawing.table.DWG-TBL-S088-003,ENT-SUPPORT-PU15,APPROVED_REPORT_DRAWING_GOLDEN,,,drawingSpecification,drawing_item,DWG-02019,,CONFIRMED,MAPPED,promotion APPROVED_REPORT_DRAWING_GOLDEN
G-DWG-2020,drawing,drawing.table.DWG-TBL-S072-001,ENT-SUPPORT-PR1,APPROVED_REPORT_DRAWING_GOLDEN,,,drawingSpecification,drawing_item,DWG-02020,,CONFIRMED,MAPPED,promotion APPROVED_REPORT_DRAWING_GOLDEN
G-DWG-2021,drawing,drawing.table.DWG-TBL-S073-001,ENT-SUPPORT-PR1,APPROVED_REPORT_DRAWING_GOLDEN,,,drawingSpecification,drawing_item,DWG-02021,,CONFIRMED,MAPPED,promotion APPROVED_REPORT_DRAWING_GOLDEN
G-DWG-2022,drawing,drawing.table.DWG-TBL-S074-001,ENT-SUPPORT-PR1,APPROVED_REPORT_DRAWING_GOLDEN,,,drawingSpecification,drawing_item,DWG-02022,,CONFIRMED,MAPPED,promotion APPROVED_REPORT_DRAWING_GOLDEN
G-DWG-2023,drawing,drawing.table.DWG-TBL-S091-001,ENT-LINE-ACL,APPROVED_REPORT_DRAWING_GOLDEN,,,drawingSpecification,drawing_item,DWG-02023,,CONFIRMED,MAPPED,promotion APPROVED_REPORT_DRAWING_GOLDEN
G-DWG-2024,drawing,drawing.table.DWG-TBL-S092-001,ENT-LINE-ACL,APPROVED_REPORT_DRAWING_GOLDEN,,,drawingSpecification,drawing_item,DWG-02024,,CONFIRMED,MAPPED,promotion APPROVED_REPORT_DRAWING_GOLDEN
G-DWG-2025,drawing,drawing.table.DWG-TBL-S102-001,ENT-LINE-ACL,APPROVED_REPORT_DRAWING_GOLDEN,,,drawingSpecification,drawing_item,DWG-02025,,CONFIRMED,MAPPED,promotion APPROVED_REPORT_DRAWING_GOLDEN
G-DWG-2026,drawing,drawing.table.DWG-TBL-S102-002,ENT-LINE-ACL,APPROVED_REPORT_DRAWING_GOLDEN,,,drawingSpecification,drawing_item,DWG-02026,,CONFIRMED,MAPPED,promotion APPROVED_REPORT_DRAWING_GOLDEN
G-DWG-2027,drawing,drawing.table.DWG-TBL-S090-001,ENT-LINE-ACL,APPROVED_REPORT_DRAWING_GOLDEN,,,drawingSpecification,drawing_item,DWG-02027,,CONFIRMED,MAPPED,promotion APPROVED_REPORT_DRAWING_GOLDEN
G-DWG-2028,drawing,drawing.table.DWG-TBL-S099-001,ENT-DECK,APPROVED_REPORT_DRAWING_GOLDEN,,,drawingSpecification,drawing_item,DWG-02028,,CONFIRMED,MAPPED,promotion APPROVED_REPORT_DRAWING_GOLDEN
G-DWG-2029,drawing,drawing.table.s141.crane_capacity,ENT-LINE-ACL,APPROVED_WITH_HUMAN_CONFIRMATION_TRACK,HCR-001,,drawingSpecification,drawing_item,DWG-02029,,HUMAN_CONFIRMATION_REQUIRED,MAPPED_WITH_HUMAN_TRACK,"human confirmation HCR-001 preserved; value present, confirmation pending"
G-DWG-2030,drawing,drawing.table.s141.crane_capacity.S141-C01,ENT-LINE-ACL,APPROVED_WITH_HUMAN_CONFIRMATION_TRACK,HCR-001,,drawingSpecification,drawing_item,DWG-02030,,HUMAN_CONFIRMATION_REQUIRED,MAPPED_WITH_HUMAN_TRACK,"human confirmation HCR-001 preserved; value present, confirmation pending"
G-DWG-2031,drawing,drawing.table.s141.crane_capacity.S141-C02,ENT-LINE-ACL,APPROVED_WITH_HUMAN_CONFIRMATION_TRACK,HCR-001,,drawingSpecification,drawing_item,DWG-02031,,HUMAN_CONFIRMATION_REQUIRED,MAPPED_WITH_HUMAN_TRACK,"human confirmation HCR-001 preserved; value present, confirmation pending"
G-DWG-2032,drawing,drawing.table.s141.crane_capacity.S141-C03,ENT-LINE-ACL,APPROVED_WITH_HUMAN_CONFIRMATION_TRACK,HCR-001,,drawingSpecification,drawing_item,DWG-02032,,HUMAN_CONFIRMATION_REQUIRED,MAPPED_WITH_HUMAN_TRACK,"human confirmation HCR-001 preserved; value present, confirmation pending"
G-DWG-2033,drawing,drawing.table.s141.crane_capacity.S141-C04,ENT-LINE-ACL,APPROVED_WITH_HUMAN_CONFIRMATION_TRACK,HCR-001,,drawingSpecification,drawing_item,DWG-02033,,HUMAN_CONFIRMATION_REQUIRED,MAPPED_WITH_HUMAN_TRACK,"human confirmation HCR-001 preserved; value present, confirmation pending"
G-DWG-2034,drawing,drawing.table.s141.crane_capacity.S141-C05,ENT-LINE-ACL,APPROVED_WITH_HUMAN_CONFIRMATION_TRACK,HCR-001,,drawingSpecification,drawing_item,DWG-02034,,HUMAN_CONFIRMATION_REQUIRED,MAPPED_WITH_HUMAN_TRACK,"human confirmation HCR-001 preserved; value present, confirmation pending"
G-DWG-2035,drawing,drawing.table.s141.crane_capacity.S141-C06,ENT-LINE-ACL,APPROVED_WITH_HUMAN_CONFIRMATION_TRACK,HCR-001,,drawingSpecification,drawing_item,DWG-02035,,HUMAN_CONFIRMATION_REQUIRED,MAPPED_WITH_HUMAN_TRACK,"human confirmation HCR-001 preserved; value present, confirmation pending"
G-DWG-2036,drawing,drawing.table.s141.crane_capacity.S141-C07,ENT-LINE-ACL,APPROVED_WITH_HUMAN_CONFIRMATION_TRACK,HCR-001,,drawingSpecification,drawing_item,DWG-02036,,HUMAN_CONFIRMATION_REQUIRED,MAPPED_WITH_HUMAN_TRACK,"human confirmation HCR-001 preserved; value present, confirmation pending"
G-DWG-2037,drawing,drawing.table.s141.crane_capacity.S141-C08,ENT-LINE-ACL,APPROVED_WITH_HUMAN_CONFIRMATION_TRACK,HCR-001,,drawingSpecification,drawing_item,DWG-02037,,HUMAN_CONFIRMATION_REQUIRED,MAPPED_WITH_HUMAN_TRACK,"human confirmation HCR-001 preserved; value present, confirmation pending"
G-DWG-2038,drawing,drawing.table.s141.crane_capacity.S141-C09,ENT-LINE-ACL,APPROVED_WITH_HUMAN_CONFIRMATION_TRACK,HCR-001,,drawingSpecification,drawing_item,DWG-02038,,HUMAN_CONFIRMATION_REQUIRED,MAPPED_WITH_HUMAN_TRACK,"human confirmation HCR-001 preserved; value present, confirmation pending"
G-DWG-2039,drawing,drawing.table.s141.crane_capacity.S141-C10,ENT-LINE-ACL,APPROVED_WITH_HUMAN_CONFIRMATION_TRACK,HCR-001,,drawingSpecification,drawing_item,DWG-02039,,HUMAN_CONFIRMATION_REQUIRED,MAPPED_WITH_HUMAN_TRACK,"human confirmation HCR-001 preserved; value present, confirmation pending"
G-DWG-2040,drawing,drawing.table.s141.crane_capacity.S141-C11,ENT-LINE-ACL,APPROVED_WITH_HUMAN_CONFIRMATION_TRACK,HCR-001,,drawingSpecification,drawing_item,DWG-02040,,HUMAN_CONFIRMATION_REQUIRED,MAPPED_WITH_HUMAN_TRACK,"human confirmation HCR-001 preserved; value present, confirmation pending"
G-DWG-2041,drawing,drawing.table.s141.crane_capacity.S141-C12,ENT-LINE-ACL,APPROVED_WITH_HUMAN_CONFIRMATION_TRACK,HCR-001,,drawingSpecification,drawing_item,DWG-02041,,HUMAN_CONFIRMATION_REQUIRED,MAPPED_WITH_HUMAN_TRACK,"human confirmation HCR-001 preserved; value present, confirmation pending"
G-DWG-2042,drawing,drawing.table.s141.crane_capacity.S141-C13,ENT-LINE-ACL,APPROVED_WITH_HUMAN_CONFIRMATION_TRACK,HCR-001,,drawingSpecification,drawing_item,DWG-02042,,HUMAN_CONFIRMATION_REQUIRED,MAPPED_WITH_HUMAN_TRACK,"human confirmation HCR-001 preserved; value present, confirmation pending"
G-DWG-2043,drawing,drawing.table.s141.crane_capacity.S141-C14,ENT-LINE-ACL,APPROVED_WITH_HUMAN_CONFIRMATION_TRACK,HCR-001,,drawingSpecification,drawing_item,DWG-02043,,HUMAN_CONFIRMATION_REQUIRED,MAPPED_WITH_HUMAN_TRACK,"human confirmation HCR-001 preserved; value present, confirmation pending"
G-DWG-2044,drawing,drawing.table.s141.crane_capacity.S141-C15,ENT-LINE-ACL,APPROVED_WITH_HUMAN_CONFIRMATION_TRACK,HCR-001,,drawingSpecification,drawing_item,DWG-02044,,HUMAN_CONFIRMATION_REQUIRED,MAPPED_WITH_HUMAN_TRACK,"human confirmation HCR-001 preserved; value present, confirmation pending"
G-DWG-2045,drawing,drawing.table.s141.crane_capacity.S141-C16,ENT-LINE-ACL,APPROVED_WITH_HUMAN_CONFIRMATION_TRACK,HCR-001,,drawingSpecification,drawing_item,DWG-02045,,HUMAN_CONFIRMATION_REQUIRED,MAPPED_WITH_HUMAN_TRACK,"human confirmation HCR-001 preserved; value present, confirmation pending"
G-DWG-2046,drawing,drawing.table.s141.crane_capacity.S141-C17,ENT-LINE-ACL,APPROVED_WITH_HUMAN_CONFIRMATION_TRACK,HCR-001,,drawingSpecification,drawing_item,DWG-02046,,HUMAN_CONFIRMATION_REQUIRED,MAPPED_WITH_HUMAN_TRACK,"human confirmation HCR-001 preserved; value present, confirmation pending"
G-DWG-2047,drawing,drawing.table.s141.crane_capacity.S141-C18,ENT-LINE-ACL,APPROVED_WITH_HUMAN_CONFIRMATION_TRACK,HCR-001,,drawingSpecification,drawing_item,DWG-02047,,HUMAN_CONFIRMATION_REQUIRED,MAPPED_WITH_HUMAN_TRACK,"human confirmation HCR-001 preserved; value present, confirmation pending"
G-DWG-2048,drawing,drawing.table.s141.crane_capacity.S141-C19,ENT-LINE-ACL,APPROVED_WITH_HUMAN_CONFIRMATION_TRACK,HCR-001,,drawingSpecification,drawing_item,DWG-02048,,HUMAN_CONFIRMATION_REQUIRED,MAPPED_WITH_HUMAN_TRACK,"human confirmation HCR-001 preserved; value present, confirmation pending"
G-DWG-2049,drawing,drawing.table.s141.crane_capacity.S141-C20,ENT-LINE-ACL,APPROVED_WITH_HUMAN_CONFIRMATION_TRACK,HCR-001,,drawingSpecification,drawing_item,DWG-02049,,HUMAN_CONFIRMATION_REQUIRED,MAPPED_WITH_HUMAN_TRACK,"human confirmation HCR-001 preserved; value present, confirmation pending"
G-DWG-2050,drawing,drawing.table.s141.crane_capacity.S141-C21,ENT-LINE-ACL,APPROVED_WITH_HUMAN_CONFIRMATION_TRACK,HCR-001,,drawingSpecification,drawing_item,DWG-02050,,HUMAN_CONFIRMATION_REQUIRED,MAPPED_WITH_HUMAN_TRACK,"human confirmation HCR-001 preserved; value present, confirmation pending"
G-DWG-2051,drawing,drawing.table.s141.crane_capacity.S141-C22,ENT-LINE-ACL,APPROVED_WITH_HUMAN_CONFIRMATION_TRACK,HCR-001,,drawingSpecification,drawing_item,DWG-02051,,HUMAN_CONFIRMATION_REQUIRED,MAPPED_WITH_HUMAN_TRACK,"human confirmation HCR-001 preserved; value present, confirmation pending"
G-DWG-2052,drawing,drawing.table.s141.crane_capacity.S141-C23,ENT-LINE-ACL,APPROVED_WITH_HUMAN_CONFIRMATION_TRACK,HCR-001,,drawingSpecification,drawing_item,DWG-02052,,HUMAN_CONFIRMATION_REQUIRED,MAPPED_WITH_HUMAN_TRACK,"human confirmation HCR-001 preserved; value present, confirmation pending"
G-DWG-2053,drawing,drawing.table.s141.crane_capacity.S141-C24,ENT-LINE-ACL,APPROVED_WITH_HUMAN_CONFIRMATION_TRACK,HCR-001,,drawingSpecification,drawing_item,DWG-02053,,HUMAN_CONFIRMATION_REQUIRED,MAPPED_WITH_HUMAN_TRACK,"human confirmation HCR-001 preserved; value present, confirmation pending"
G-DWG-2054,drawing,drawing.table.s141.crane_capacity.S141-C25,ENT-LINE-ACL,APPROVED_WITH_HUMAN_CONFIRMATION_TRACK,HCR-001,,drawingSpecification,drawing_item,DWG-02054,,HUMAN_CONFIRMATION_REQUIRED,MAPPED_WITH_HUMAN_TRACK,"human confirmation HCR-001 preserved; value present, confirmation pending"
G-DWG-2055,drawing,drawing.table.s141.crane_capacity.S141-C26,ENT-LINE-ACL,APPROVED_WITH_HUMAN_CONFIRMATION_TRACK,HCR-001,,drawingSpecification,drawing_item,DWG-02055,,HUMAN_CONFIRMATION_REQUIRED,MAPPED_WITH_HUMAN_TRACK,"human confirmation HCR-001 preserved; value present, confirmation pending"
G-DWG-2056,drawing,drawing.table.s141.crane_capacity.S141-C27,ENT-LINE-ACL,APPROVED_WITH_HUMAN_CONFIRMATION_TRACK,HCR-001,,drawingSpecification,drawing_item,DWG-02056,,HUMAN_CONFIRMATION_REQUIRED,MAPPED_WITH_HUMAN_TRACK,"human confirmation HCR-001 preserved; value present, confirmation pending"
G-DWG-2057,drawing,drawing.table.s141.crane_capacity.S141-C28,ENT-LINE-ACL,APPROVED_WITH_HUMAN_CONFIRMATION_TRACK,HCR-001,,drawingSpecification,drawing_item,DWG-02057,,HUMAN_CONFIRMATION_REQUIRED,MAPPED_WITH_HUMAN_TRACK,"human confirmation HCR-001 preserved; value present, confirmation pending"
G-DWG-2058,drawing,drawing.table.s141.crane_capacity.S141-C29,ENT-LINE-ACL,APPROVED_WITH_HUMAN_CONFIRMATION_TRACK,HCR-001,,drawingSpecification,drawing_item,DWG-02058,,HUMAN_CONFIRMATION_REQUIRED,MAPPED_WITH_HUMAN_TRACK,"human confirmation HCR-001 preserved; value present, confirmation pending"
G-DWG-2059,drawing,drawing.table.s141.crane_capacity.S141-C30,ENT-LINE-ACL,APPROVED_WITH_HUMAN_CONFIRMATION_TRACK,HCR-001,,drawingSpecification,drawing_item,DWG-02059,,HUMAN_CONFIRMATION_REQUIRED,MAPPED_WITH_HUMAN_TRACK,"human confirmation HCR-001 preserved; value present, confirmation pending"
