candidate_id,entity_id,candidate_layer,field_path_candidate,semantic_class,raw_value,raw_unit,normalized_value,normalized_unit,normalization_rule_id,source_record_ids,calculation_locator,drawing_locator,confidence,verification_status,parity_status,adoption_status,issue_id,conflict_id,human_confirmation_id,phase3_action,notes
RP-050,ENT-LINE-ACL,report,report.table.CH1-TBL-001,table,主桁支間長,,,,NOR-011,CH1-TBL-001,calc_pdf_p10,,HIGH,UNVERIFIED,CALC_ONLY,CANDIDATE_ONLY,,,,GOLDEN_ELIGIBLE,Calculation table record.
RP-051,ENT-LINE-ACL,report,report.table.CH1-TBL-002,table,主桁支間長,,,,NOR-011,CH1-TBL-002,calc_pdf_p10,,HIGH,UNVERIFIED,CALC_ONLY,CANDIDATE_ONLY,,,,GOLDEN_ELIGIBLE,Calculation table record.
RP-052,ENT-LINE-ACL,report,report.table.CH1-TBL-003,table,主桁支間長,,,,NOR-011,CH1-TBL-003,calc_pdf_p10,,HIGH,UNVERIFIED,CALC_ONLY,CANDIDATE_ONLY,,,,GOLDEN_ELIGIBLE,Calculation table record.
RP-053,ENT-LINE-ACL,report,report.table.CH1-TBL-004,table,主桁支間長,,,,NOR-011,CH1-TBL-004,calc_pdf_p10,,HIGH,UNVERIFIED,CALC_ONLY,CANDIDATE_ONLY,,,,GOLDEN_ELIGIBLE,Calculation table record.
RP-054,ENT-LINE-ACL,report,report.table.CH1-TBL-005,table,主桁支間長,,,,NOR-011,CH1-TBL-005,calc_pdf_p10,,HIGH,UNVERIFIED,CALC_ONLY,CANDIDATE_ONLY,,,,GOLDEN_ELIGIBLE,Calculation table record.
RP-055,ENT-LINE-ACL,report,report.table.CH1-TBL-006,table,主桁支間長,,,,NOR-011,CH1-TBL-006,calc_pdf_p10,,HIGH,UNVERIFIED,CALC_ONLY,CANDIDATE_ONLY,,,,GOLDEN_ELIGIBLE,Calculation table record.
RP-056,ENT-LINE-ACL,report,report.table.CH1-TBL-007,table,主桁格間長,,,,NOR-011,CH1-TBL-007,calc_pdf_p10,,HIGH,UNVERIFIED,CALC_ONLY,CANDIDATE_ONLY,,,,GOLDEN_ELIGIBLE,Calculation table record.
RP-057,ENT-LINE-ACL,report,report.table.CH1-TBL-008,table,主桁格間長,,,,NOR-011,CH1-TBL-008,calc_pdf_p10,,HIGH,UNVERIFIED,CALC_ONLY,CANDIDATE_ONLY,,,,GOLDEN_ELIGIBLE,Calculation table record.
RP-058,ENT-LINE-ACL,report,report.table.CH1-TBL-009,table,主桁格間長,,,,NOR-011,CH1-TBL-009,calc_pdf_p10,,HIGH,UNVERIFIED,CALC_ONLY,CANDIDATE_ONLY,,,,GOLDEN_ELIGIBLE,Calculation table record.
RP-059,ENT-LINE-ACL,report,report.table.CH1-TBL-010,table,主桁格間長,,,,NOR-011,CH1-TBL-010,calc_pdf_p10,,HIGH,UNVERIFIED,CALC_ONLY,CANDIDATE_ONLY,,,,GOLDEN_ELIGIBLE,Calculation table record.
RP-060,ENT-LINE-ACL,report,report.table.CH1-TBL-011,table,主桁格間長,,,,NOR-011,CH1-TBL-011,calc_pdf_p10,,HIGH,UNVERIFIED,CALC_ONLY,CANDIDATE_ONLY,,,,GOLDEN_ELIGIBLE,Calculation table record.
RP-061,ENT-LINE-ACL,report,report.table.CH1-TBL-012,table,主桁格間長,,,,NOR-011,CH1-TBL-012,calc_pdf_p10,,HIGH,UNVERIFIED,CALC_ONLY,CANDIDATE_ONLY,,,,GOLDEN_ELIGIBLE,Calculation table record.
RP-062,ENT-LINE-ACL,report,report.table.CH1-TBL-013,table,主桁格間長,,,,NOR-011,CH1-TBL-013,calc_pdf_p10,,HIGH,UNVERIFIED,CALC_ONLY,CANDIDATE_ONLY,,,,GOLDEN_ELIGIBLE,Calculation table record.
RP-063,ENT-LINE-ACL,report,report.table.CH1-TBL-014,table,主桁格間長,,,,NOR-011,CH1-TBL-014,calc_pdf_p10,,HIGH,UNVERIFIED,CALC_ONLY,CANDIDATE_ONLY,,,,GOLDEN_ELIGIBLE,Calculation table record.
RP-064,ENT-LINE-ACL,report,report.table.CH1-TBL-015,table,主桁格間長,,,,NOR-011,CH1-TBL-015,calc_pdf_p10,,HIGH,UNVERIFIED,CALC_ONLY,CANDIDATE_ONLY,,,,GOLDEN_ELIGIBLE,Calculation table record.
RP-065,ENT-LINE-ACL,report,report.table.CH1-TBL-016,table,主桁格間長,,,,NOR-011,CH1-TBL-016,calc_pdf_p10,,HIGH,UNVERIFIED,CALC_ONLY,CANDIDATE_ONLY,,,,GOLDEN_ELIGIBLE,Calculation table record.
RP-066,ENT-LINE-ACL,report,report.table.CH1-TBL-017,table,主桁格間長,,,,NOR-011,CH1-TBL-017,calc_pdf_p10,,HIGH,UNVERIFIED,CALC_ONLY,CANDIDATE_ONLY,,,,GOLDEN_ELIGIBLE,Calculation table record.
RP-067,ENT-LINE-ACL,report,report.table.CH1-TBL-018,table,主桁格間長,,,,NOR-011,CH1-TBL-018,calc_pdf_p10,,HIGH,UNVERIFIED,CALC_ONLY,CANDIDATE_ONLY,,,,GOLDEN_ELIGIBLE,Calculation table record.
RP-068,ENT-LINE-ACL,report,report.table.CH1-TBL-019,table,主桁格間長,,,,NOR-011,CH1-TBL-019,calc_pdf_p10,,HIGH,UNVERIFIED,CALC_ONLY,CANDIDATE_ONLY,,,,GOLDEN_ELIGIBLE,Calculation table record.
RP-069,ENT-LINE-ACL,report,report.table.CH1-TBL-020,table,主桁格間長,,,,NOR-011,CH1-TBL-020,calc_pdf_p10,,HIGH,UNVERIFIED,CALC_ONLY,CANDIDATE_ONLY,,,,GOLDEN_ELIGIBLE,Calculation table record.
RP-070,ENT-LINE-ACL,report,report.table.CH1-TBL-021,table,主桁格間長,,,,NOR-011,CH1-TBL-021,calc_pdf_p10,,HIGH,UNVERIFIED,CALC_ONLY,CANDIDATE_ONLY,,,,GOLDEN_ELIGIBLE,Calculation table record.
RP-071,ENT-LINE-ACL,report,report.table.CH1-TBL-022,table,主桁格間長,,,,NOR-011,CH1-TBL-022,calc_pdf_p10,,HIGH,UNVERIFIED,CALC_ONLY,CANDIDATE_ONLY,,,,GOLDEN_ELIGIBLE,Calculation table record.
RP-072,ENT-LINE-ACL,report,report.table.CH1-TBL-023,table,主桁格間長,,,,NOR-011,CH1-TBL-023,calc_pdf_p10,,HIGH,UNVERIFIED,CALC_ONLY,CANDIDATE_ONLY,,,,GOLDEN_ELIGIBLE,Calculation table record.
RP-073,ENT-LINE-ACL,report,report.table.CH1-TBL-024,table,主桁格間長,,,,NOR-011,CH1-TBL-024,calc_pdf_p10,,HIGH,UNVERIFIED,CALC_ONLY,CANDIDATE_ONLY,,,,GOLDEN_ELIGIBLE,Calculation table record.
RP-074,ENT-LINE-ACL,report,report.table.CH1-TBL-025,table,主桁格間長,,,,NOR-011,CH1-TBL-025,calc_pdf_p10,,HIGH,UNVERIFIED,CALC_ONLY,CANDIDATE_ONLY,,,,GOLDEN_ELIGIBLE,Calculation table record.
RP-075,ENT-LINE-ACL,report,report.table.CH1-TBL-026,table,主桁格間長,,,,NOR-011,CH1-TBL-026,calc_pdf_p10,,HIGH,UNVERIFIED,CALC_ONLY,CANDIDATE_ONLY,,,,GOLDEN_ELIGIBLE,Calculation table record.
RP-076,ENT-LINE-ACL,report,report.table.CH1-TBL-027,table,主桁格間長,,,,NOR-011,CH1-TBL-027,calc_pdf_p10,,HIGH,UNVERIFIED,CALC_ONLY,CANDIDATE_ONLY,,,,GOLDEN_ELIGIBLE,Calculation table record.
RP-077,ENT-LINE-ACL,report,report.table.CH1-TBL-028,table,主桁格間長,,,,NOR-011,CH1-TBL-028,calc_pdf_p10,,HIGH,UNVERIFIED,CALC_ONLY,CANDIDATE_ONLY,,,,GOLDEN_ELIGIBLE,Calculation table record.
RP-078,ENT-LINE-ACL,report,report.table.CH1-TBL-029,table,主桁格間長,,,,NOR-011,CH1-TBL-029,calc_pdf_p10,,HIGH,UNVERIFIED,CALC_ONLY,CANDIDATE_ONLY,,,,GOLDEN_ELIGIBLE,Calculation table record.
RP-079,ENT-LINE-ACL,report,report.table.CH1-TBL-030,table,主桁格間長,,,,NOR-011,CH1-TBL-030,calc_pdf_p10,,HIGH,UNVERIFIED,CALC_ONLY,CANDIDATE_ONLY,,,,GOLDEN_ELIGIBLE,Calculation table record.
RP-080,ENT-LINE-ACL,report,report.table.CH1-TBL-031,table,主桁格間長,,,,NOR-011,CH1-TBL-031,calc_pdf_p10,,HIGH,UNVERIFIED,CALC_ONLY,CANDIDATE_ONLY,,,,GOLDEN_ELIGIBLE,Calculation table record.
RP-081,ENT-LINE-ACL,report,report.table.CH1-TBL-032,table,主桁格間長,,,,NOR-011,CH1-TBL-032,calc_pdf_p10,,HIGH,UNVERIFIED,CALC_ONLY,CANDIDATE_ONLY,,,,GOLDEN_ELIGIBLE,Calculation table record.
RP-082,ENT-LINE-ACL,report,report.table.CH1-TBL-033,table,主桁格間長,,,,NOR-011,CH1-TBL-033,calc_pdf_p10,,HIGH,UNVERIFIED,CALC_ONLY,CANDIDATE_ONLY,,,,GOLDEN_ELIGIBLE,Calculation table record.
RP-083,ENT-LINE-ACL,report,report.table.CH1-TBL-034,table,主桁格間長,,,,NOR-011,CH1-TBL-034,calc_pdf_p10,,HIGH,UNVERIFIED,CALC_ONLY,CANDIDATE_ONLY,,,,GOLDEN_ELIGIBLE,Calculation table record.
RP-084,ENT-LINE-ACL,report,report.table.CH1-TBL-035,table,主桁格間長,,,,NOR-011,CH1-TBL-035,calc_pdf_p10,,HIGH,UNVERIFIED,CALC_ONLY,CANDIDATE_ONLY,,,,GOLDEN_ELIGIBLE,Calculation table record.
RP-085,ENT-LINE-ACL,report,report.table.CH1-TBL-036,table,主桁格間長,,,,NOR-011,CH1-TBL-036,calc_pdf_p10,,HIGH,UNVERIFIED,CALC_ONLY,CANDIDATE_ONLY,,,,GOLDEN_ELIGIBLE,Calculation table record.
RP-086,ENT-LINE-ACL,report,report.table.CH1-TBL-037,table,主桁格間長,,,,NOR-011,CH1-TBL-037,calc_pdf_p10,,HIGH,UNVERIFIED,CALC_ONLY,CANDIDATE_ONLY,,,,GOLDEN_ELIGIBLE,Calculation table record.
RP-087,ENT-LINE-ACL,report,report.table.CH1-TBL-038,table,主桁格間長,,,,NOR-011,CH1-TBL-038,calc_pdf_p10,,HIGH,UNVERIFIED,CALC_ONLY,CANDIDATE_ONLY,,,,GOLDEN_ELIGIBLE,Calculation table record.
RP-088,ENT-LINE-ACL,report,report.table.CH1-TBL-039,table,主桁格間長,,,,NOR-011,CH1-TBL-039,calc_pdf_p10,,HIGH,UNVERIFIED,CALC_ONLY,CANDIDATE_ONLY,,,,GOLDEN_ELIGIBLE,Calculation table record.
RP-089,ENT-LINE-ACL,report,report.table.CH1-TBL-040,table,主桁格間長,,,,NOR-011,CH1-TBL-040,calc_pdf_p10,,HIGH,UNVERIFIED,CALC_ONLY,CANDIDATE_ONLY,,,,GOLDEN_ELIGIBLE,Calculation table record.
RP-090,ENT-LINE-ACL,report,report.table.CH1-TBL-041,table,主桁格間長,,,,NOR-011,CH1-TBL-041,calc_pdf_p10,,HIGH,UNVERIFIED,CALC_ONLY,CANDIDATE_ONLY,,,,GOLDEN_ELIGIBLE,Calculation table record.
RP-091,ENT-LINE-ACL,report,report.table.CH1-TBL-042,table,主桁格間長,,,,NOR-011,CH1-TBL-042,calc_pdf_p10,,HIGH,UNVERIFIED,CALC_ONLY,CANDIDATE_ONLY,,,,GOLDEN_ELIGIBLE,Calculation table record.
RP-092,ENT-LINE-ACL,report,report.table.CH1-TBL-043,table,主桁格間長,,,,NOR-011,CH1-TBL-043,calc_pdf_p10,,HIGH,UNVERIFIED,CALC_ONLY,CANDIDATE_ONLY,,,,GOLDEN_ELIGIBLE,Calculation table record.
RP-093,ENT-LINE-ACL,report,report.table.CH1-TBL-044,table,主桁格間長,,,,NOR-011,CH1-TBL-044,calc_pdf_p10,,HIGH,UNVERIFIED,CALC_ONLY,CANDIDATE_ONLY,,,,GOLDEN_ELIGIBLE,Calculation table record.
RP-094,ENT-LINE-ACL,report,report.table.CH1-TBL-045,table,主桁格間長,,,,NOR-011,CH1-TBL-045,calc_pdf_p10,,HIGH,UNVERIFIED,CALC_ONLY,CANDIDATE_ONLY,,,,GOLDEN_ELIGIBLE,Calculation table record.
RP-095,ENT-LINE-ACL,report,report.table.CH1-TBL-046,table,主桁格間長,,,,NOR-011,CH1-TBL-046,calc_pdf_p10,,HIGH,UNVERIFIED,CALC_ONLY,CANDIDATE_ONLY,,,,GOLDEN_ELIGIBLE,Calculation table record.
RP-096,ENT-LINE-ACL,report,report.table.CH1-TBL-047,table,主桁格間長,,,,NOR-011,CH1-TBL-047,calc_pdf_p10,,HIGH,UNVERIFIED,CALC_ONLY,CANDIDATE_ONLY,,,,GOLDEN_ELIGIBLE,Calculation table record.
RP-097,ENT-LINE-ACL,report,report.table.CH1-TBL-048,table,主桁格間長,,,,NOR-011,CH1-TBL-048,calc_pdf_p10,,HIGH,UNVERIFIED,CALC_ONLY,CANDIDATE_ONLY,,,,GOLDEN_ELIGIBLE,Calculation table record.
RP-098,ENT-LINE-ACL,report,report.table.CH1-TBL-049,table,主桁格間長,,,,NOR-011,CH1-TBL-049,calc_pdf_p10,,HIGH,UNVERIFIED,CALC_ONLY,CANDIDATE_ONLY,,,,GOLDEN_ELIGIBLE,Calculation table record.
RP-099,ENT-LINE-ACL,report,report.table.CH1-TBL-050,table,主桁格間長,,,,NOR-011,CH1-TBL-050,calc_pdf_p10,,HIGH,UNVERIFIED,CALC_ONLY,CANDIDATE_ONLY,,,,GOLDEN_ELIGIBLE,Calculation table record.
RP-100,ENT-LINE-ACL,report,report.table.CH1-TBL-051,table,主桁格間長,,,,NOR-011,CH1-TBL-051,calc_pdf_p10,,HIGH,UNVERIFIED,CALC_ONLY,CANDIDATE_ONLY,,,,GOLDEN_ELIGIBLE,Calculation table record.
RP-101,ENT-LINE-ACL,report,report.table.CH1-TBL-052,table,主桁格間長,,,,NOR-011,CH1-TBL-052,calc_pdf_p10,,HIGH,UNVERIFIED,CALC_ONLY,CANDIDATE_ONLY,,,,GOLDEN_ELIGIBLE,Calculation table record.
RP-102,ENT-LINE-ACL,report,report.table.CH1-TBL-053,table,主桁格間長,,,,NOR-011,CH1-TBL-053,calc_pdf_p10,,HIGH,UNVERIFIED,CALC_ONLY,CANDIDATE_ONLY,,,,GOLDEN_ELIGIBLE,Calculation table record.
RP-103,ENT-LINE-ACL,report,report.table.CH1-TBL-054,table,主桁格間長,,,,NOR-011,CH1-TBL-054,calc_pdf_p10,,HIGH,UNVERIFIED,CALC_ONLY,CANDIDATE_ONLY,,,,GOLDEN_ELIGIBLE,Calculation table record.
RP-104,ENT-LINE-ACL,report,report.table.CH1-TBL-055,table,主桁格間長,,,,NOR-011,CH1-TBL-055,calc_pdf_p10,,HIGH,UNVERIFIED,CALC_ONLY,CANDIDATE_ONLY,,,,GOLDEN_ELIGIBLE,Calculation table record.
RP-105,ENT-LINE-ACL,report,report.table.CH1-TBL-056,table,主桁格間長,,,,NOR-011,CH1-TBL-056,calc_pdf_p10,,HIGH,UNVERIFIED,CALC_ONLY,CANDIDATE_ONLY,,,,GOLDEN_ELIGIBLE,Calculation table record.
RP-106,ENT-LINE-ACL,report,report.table.CH1-TBL-057,table,主桁格間長,,,,NOR-011,CH1-TBL-057,calc_pdf_p10,,HIGH,UNVERIFIED,CALC_ONLY,CANDIDATE_ONLY,,,,GOLDEN_ELIGIBLE,Calculation table record.
RP-107,ENT-LINE-ACL,report,report.table.CH1-TBL-058,table,主桁格間長,,,,NOR-011,CH1-TBL-058,calc_pdf_p10,,HIGH,UNVERIFIED,CALC_ONLY,CANDIDATE_ONLY,,,,GOLDEN_ELIGIBLE,Calculation table record.
RP-108,ENT-LINE-ACL,report,report.table.CH1-TBL-059,table,横断間隔長,,,,NOR-011,CH1-TBL-059,calc_pdf_p11,,HIGH,UNVERIFIED,CALC_ONLY,CANDIDATE_ONLY,,,,GOLDEN_ELIGIBLE,Calculation table record.
RP-109,ENT-LINE-ACL,report,report.table.CH1-TBL-060,table,横断間隔長,,,,NOR-011,CH1-TBL-060,calc_pdf_p11,,HIGH,UNVERIFIED,CALC_ONLY,CANDIDATE_ONLY,,,,GOLDEN_ELIGIBLE,Calculation table record.
RP-110,ENT-LINE-ACL,report,report.table.CH1-TBL-061,table,横断間隔長,,,,NOR-011,CH1-TBL-061,calc_pdf_p11,,HIGH,UNVERIFIED,CALC_ONLY,CANDIDATE_ONLY,,,,GOLDEN_ELIGIBLE,Calculation table record.
RP-111,ENT-LINE-ACL,report,report.table.CH1-TBL-062,table,横断間隔長,,,,NOR-011,CH1-TBL-062,calc_pdf_p11,,HIGH,UNVERIFIED,CALC_ONLY,CANDIDATE_ONLY,,,,GOLDEN_ELIGIBLE,Calculation table record.
RP-112,ENT-LINE-ACL,report,report.table.CH1-TBL-063,table,横断間隔長,,,,NOR-011,CH1-TBL-063,calc_pdf_p11,,HIGH,UNVERIFIED,CALC_ONLY,CANDIDATE_ONLY,,,,GOLDEN_ELIGIBLE,Calculation table record.
RP-113,ENT-LINE-ACL,report,report.table.CH1-TBL-064,table,横断間隔長,,,,NOR-011,CH1-TBL-064,calc_pdf_p11,,HIGH,UNVERIFIED,CALC_ONLY,CANDIDATE_ONLY,,,,GOLDEN_ELIGIBLE,Calculation table record.
RP-114,ENT-LINE-ACL,report,report.table.CH1-TBL-065,table,横断間隔長,,,,NOR-011,CH1-TBL-065,calc_pdf_p11,,HIGH,UNVERIFIED,CALC_ONLY,CANDIDATE_ONLY,,,,GOLDEN_ELIGIBLE,Calculation table record.
RP-115,ENT-LINE-ACL,report,report.table.CH1-TBL-066,table,横断間隔長,,,,NOR-011,CH1-TBL-066,calc_pdf_p11,,HIGH,UNVERIFIED,CALC_ONLY,CANDIDATE_ONLY,,,,GOLDEN_ELIGIBLE,Calculation table record.
RP-116,ENT-LINE-ACL,report,report.table.CH1-TBL-067,table,横断間隔長,,,,NOR-011,CH1-TBL-067,calc_pdf_p11,,HIGH,UNVERIFIED,CALC_ONLY,CANDIDATE_ONLY,,,,GOLDEN_ELIGIBLE,Calculation table record.
RP-117,ENT-LINE-ACL,report,report.table.CH1-TBL-068,table,横断間隔長,,,,NOR-011,CH1-TBL-068,calc_pdf_p11,,HIGH,UNVERIFIED,CALC_ONLY,CANDIDATE_ONLY,,,,GOLDEN_ELIGIBLE,Calculation table record.
RP-118,ENT-LINE-ACL,report,report.table.CH1-TBL-069,table,横断間隔長,,,,NOR-011,CH1-TBL-069,calc_pdf_p11,,HIGH,UNVERIFIED,CALC_ONLY,CANDIDATE_ONLY,,,,GOLDEN_ELIGIBLE,Calculation table record.
RP-119,ENT-LINE-ACL,report,report.table.CH1-TBL-070,table,横断間隔長,,,,NOR-011,CH1-TBL-070,calc_pdf_p11,,HIGH,UNVERIFIED,CALC_ONLY,CANDIDATE_ONLY,,,,GOLDEN_ELIGIBLE,Calculation table record.
RP-120,ENT-LINE-ACL,report,report.table.CH1-TBL-071,table,横断間隔長,,,,NOR-011,CH1-TBL-071,calc_pdf_p11,,HIGH,UNVERIFIED,CALC_ONLY,CANDIDATE_ONLY,,,,GOLDEN_ELIGIBLE,Calculation table record.
RP-121,ENT-LINE-ACL,report,report.table.CH1-TBL-072,table,横断間隔長,,,,NOR-011,CH1-TBL-072,calc_pdf_p11,,HIGH,UNVERIFIED,CALC_ONLY,CANDIDATE_ONLY,,,,GOLDEN_ELIGIBLE,Calculation table record.
RP-122,ENT-LINE-ACL,report,report.table.CH1-TBL-073,table,横断間隔長,,,,NOR-011,CH1-TBL-073,calc_pdf_p11,,HIGH,UNVERIFIED,CALC_ONLY,CANDIDATE_ONLY,,,,GOLDEN_ELIGIBLE,Calculation table record.
RP-123,ENT-LINE-ACL,report,report.table.CH1-TBL-074,table,横断間隔長,,,,NOR-011,CH1-TBL-074,calc_pdf_p11,,HIGH,UNVERIFIED,CALC_ONLY,CANDIDATE_ONLY,,,,GOLDEN_ELIGIBLE,Calculation table record.
RP-124,ENT-LINE-ACL,report,report.table.CH1-TBL-075,table,横断間隔長,,,,NOR-011,CH1-TBL-075,calc_pdf_p11,,HIGH,UNVERIFIED,CALC_ONLY,CANDIDATE_ONLY,,,,GOLDEN_ELIGIBLE,Calculation table record.
RP-125,ENT-LINE-ACL,report,report.table.CH1-TBL-076,table,横断間隔長,,,,NOR-011,CH1-TBL-076,calc_pdf_p11,,HIGH,UNVERIFIED,CALC_ONLY,CANDIDATE_ONLY,,,,GOLDEN_ELIGIBLE,Calculation table record.
RP-126,ENT-LINE-ACL,report,report.table.CH1-TBL-077,table,横断間隔長,,,,NOR-011,CH1-TBL-077,calc_pdf_p11,,HIGH,UNVERIFIED,CALC_ONLY,CANDIDATE_ONLY,,,,GOLDEN_ELIGIBLE,Calculation table record.
RP-127,ENT-LINE-ACL,report,report.table.CH1-TBL-078,table,横断間隔長,,,,NOR-011,CH1-TBL-078,calc_pdf_p11,,HIGH,UNVERIFIED,CALC_ONLY,CANDIDATE_ONLY,,,,GOLDEN_ELIGIBLE,Calculation table record.
RP-128,ENT-LINE-ACL,report,report.table.CH1-TBL-079,table,横断間隔長,,,,NOR-011,CH1-TBL-079,calc_pdf_p11,,HIGH,UNVERIFIED,CALC_ONLY,CANDIDATE_ONLY,,,,GOLDEN_ELIGIBLE,Calculation table record.
RP-129,ENT-LINE-ACL,report,report.table.CH1-TBL-080,table,横断間隔長,,,,NOR-011,CH1-TBL-080,calc_pdf_p11,,HIGH,UNVERIFIED,CALC_ONLY,CANDIDATE_ONLY,,,,GOLDEN_ELIGIBLE,Calculation table record.
RP-130,ENT-LINE-ACL,report,report.table.CH1-TBL-081,table,横断間隔長,,,,NOR-011,CH1-TBL-081,calc_pdf_p11,,HIGH,UNVERIFIED,CALC_ONLY,CANDIDATE_ONLY,,,,GOLDEN_ELIGIBLE,Calculation table record.
RP-131,ENT-LINE-ACL,report,report.table.CH1-TBL-082,table,横断間隔長,,,,NOR-011,CH1-TBL-082,calc_pdf_p11,,HIGH,UNVERIFIED,CALC_ONLY,CANDIDATE_ONLY,,,,GOLDEN_ELIGIBLE,Calculation table record.
RP-132,ENT-LINE-ACL,report,report.table.CH1-TBL-083,table,設計条件一覧,,,,NOR-011,CH1-TBL-083,calc_pdf_p7,,HIGH,UNVERIFIED,CALC_ONLY,CANDIDATE_ONLY,,,,GOLDEN_ELIGIBLE,Calculation table record.
RP-200,ENT-LINE-ACL,report,report.table.CH2-TBL-001,table,各部構成,,,,NOR-011,CH2-TBL-001,calc_pdf_p18,,HIGH,UNVERIFIED,CALC_ONLY,CANDIDATE_ONLY,,,,GOLDEN_ELIGIBLE,Calculation table record.
RP-201,ENT-LINE-ACL,report,report.table.CH2-TBL-002,table,各部構成,,,,NOR-011,CH2-TBL-002,calc_pdf_p18,,HIGH,UNVERIFIED,CALC_ONLY,CANDIDATE_ONLY,,,,GOLDEN_ELIGIBLE,Calculation table record.
RP-202,ENT-LINE-ACL,report,report.table.CH2-TBL-003,table,各部構成,,,,NOR-011,CH2-TBL-003,calc_pdf_p18,,HIGH,UNVERIFIED,CALC_ONLY,CANDIDATE_ONLY,,,,GOLDEN_ELIGIBLE,Calculation table record.
RP-203,ENT-LINE-ACL,report,report.table.CH2-TBL-004,table,各部構成,,,,NOR-011,CH2-TBL-004,calc_pdf_p18,,HIGH,UNVERIFIED,CALC_ONLY,CANDIDATE_ONLY,,,,GOLDEN_ELIGIBLE,Calculation table record.
RP-204,ENT-LINE-ACL,report,report.table.CH2-TBL-005,table,材料(鋼板),,,,NOR-011,CH2-TBL-005,calc_pdf_p18,,HIGH,UNVERIFIED,CALC_ONLY,CANDIDATE_ONLY,,,,GOLDEN_ELIGIBLE,Calculation table record.
RP-205,ENT-LINE-ACL,report,report.table.CH2-TBL-006,table,材料(鋼板),,,,NOR-011,CH2-TBL-006,calc_pdf_p18,,HIGH,UNVERIFIED,CALC_ONLY,CANDIDATE_ONLY,,,,GOLDEN_ELIGIBLE,Calculation table record.
RP-206,ENT-LINE-ACL,report,report.table.CH2-TBL-007,table,材料(鋼板),,,,NOR-011,CH2-TBL-007,calc_pdf_p18,,HIGH,UNVERIFIED,CALC_ONLY,CANDIDATE_ONLY,,,,GOLDEN_ELIGIBLE,Calculation table record.
RP-207,ENT-LINE-ACL,report,report.table.CH2-TBL-008,table,材料(鋼板),,,,NOR-011,CH2-TBL-008,calc_pdf_p18,,HIGH,UNVERIFIED,CALC_ONLY,CANDIDATE_ONLY,,,,GOLDEN_ELIGIBLE,Calculation table record.
RP-208,ENT-LINE-ACL,report,report.table.CH2-TBL-009,table,材料(横リブ),,,,NOR-011,CH2-TBL-009,calc_pdf_p18,,HIGH,UNVERIFIED,CALC_ONLY,CANDIDATE_ONLY,,,,GOLDEN_ELIGIBLE,Calculation table record.
RP-209,ENT-LINE-ACL,report,report.table.CH2-TBL-010,table,材料(横リブ),,,,NOR-011,CH2-TBL-010,calc_pdf_p18,,HIGH,UNVERIFIED,CALC_ONLY,CANDIDATE_ONLY,,,,GOLDEN_ELIGIBLE,Calculation table record.
RP-210,ENT-LINE-ACL,report,report.table.CH2-TBL-011,table,材料(横リブ),,,,NOR-011,CH2-TBL-011,calc_pdf_p18,,HIGH,UNVERIFIED,CALC_ONLY,CANDIDATE_ONLY,,,,GOLDEN_ELIGIBLE,Calculation table record.
RP-211,ENT-LINE-ACL,report,report.table.CH2-TBL-012,table,材料(鉄筋),,,,NOR-011,CH2-TBL-012,calc_pdf_p18,,HIGH,UNVERIFIED,CALC_ONLY,CANDIDATE_ONLY,,,,GOLDEN_ELIGIBLE,Calculation table record.
RP-212,ENT-LINE-ACL,report,report.table.CH2-TBL-013,table,材料(鉄筋),,,,NOR-011,CH2-TBL-013,calc_pdf_p18,,HIGH,UNVERIFIED,CALC_ONLY,CANDIDATE_ONLY,,,,GOLDEN_ELIGIBLE,Calculation table record.
RP-213,ENT-LINE-ACL,report,report.table.CH2-TBL-014,table,材料(鉄筋),,,,NOR-011,CH2-TBL-014,calc_pdf_p18,,HIGH,UNVERIFIED,CALC_ONLY,CANDIDATE_ONLY,,,,GOLDEN_ELIGIBLE,Calculation table record.
RP-214,ENT-LINE-ACL,report,report.table.CH2-TBL-015,table,材料(鉄筋),,,,NOR-011,CH2-TBL-015,calc_pdf_p18,,HIGH,UNVERIFIED,CALC_ONLY,CANDIDATE_ONLY,,,,GOLDEN_ELIGIBLE,Calculation table record.
RP-215,ENT-LINE-ACL,report,report.table.CH2-TBL-016,table,材料(鉄筋),,,,NOR-011,CH2-TBL-016,calc_pdf_p18,,HIGH,UNVERIFIED,CALC_ONLY,CANDIDATE_ONLY,,,,GOLDEN_ELIGIBLE,Calculation table record.
RP-216,ENT-LINE-ACL,report,report.table.CH2-TBL-017,table,材料(コンクリート),,,,NOR-011,CH2-TBL-017,calc_pdf_p18,,HIGH,UNVERIFIED,CALC_ONLY,CANDIDATE_ONLY,,,,GOLDEN_ELIGIBLE,Calculation table record.
RP-217,ENT-LINE-ACL,report,report.table.CH2-TBL-018,table,材料(コンクリート),,,,NOR-011,CH2-TBL-018,calc_pdf_p18,,HIGH,UNVERIFIED,CALC_ONLY,CANDIDATE_ONLY,,,,GOLDEN_ELIGIBLE,Calculation table record.
RP-218,ENT-LINE-ACL,report,report.table.CH2-TBL-019,table,合成床版厚,,,,NOR-011,CH2-TBL-019,calc_pdf_p19,,HIGH,UNVERIFIED,CALC_ONLY,CANDIDATE_ONLY,,,,GOLDEN_ELIGIBLE,Calculation table record.
RP-219,ENT-LINE-ACL,report,report.table.CH2-TBL-020,table,合成床版厚,,,,NOR-011,CH2-TBL-020,calc_pdf_p19,,HIGH,UNVERIFIED,CALC_ONLY,CANDIDATE_ONLY,,,,GOLDEN_ELIGIBLE,Calculation table record.
RP-220,ENT-LINE-ACL,report,report.table.CH2-TBL-021,table,合成床版厚,,,,NOR-011,CH2-TBL-021,calc_pdf_p19,,HIGH,UNVERIFIED,CALC_ONLY,CANDIDATE_ONLY,,,,GOLDEN_ELIGIBLE,Calculation table record.
RP-221,ENT-LINE-ACL,report,report.table.CH2-TBL-022,table,合成床版厚,,,,NOR-011,CH2-TBL-022,calc_pdf_p19,,HIGH,UNVERIFIED,CALC_ONLY,CANDIDATE_ONLY,,,,GOLDEN_ELIGIBLE,Calculation table record.
RP-222,ENT-LINE-ACL,report,report.table.CH2-TBL-023,table,鋼材寸法,,,,NOR-011,CH2-TBL-023,calc_pdf_p19,,HIGH,UNVERIFIED,CALC_ONLY,CANDIDATE_ONLY,,,,GOLDEN_ELIGIBLE,Calculation table record.
RP-223,ENT-LINE-ACL,report,report.table.CH2-TBL-024,table,鋼材寸法,,,,NOR-011,CH2-TBL-024,calc_pdf_p19,,HIGH,UNVERIFIED,CALC_ONLY,CANDIDATE_ONLY,,,,GOLDEN_ELIGIBLE,Calculation table record.
RP-224,ENT-LINE-ACL,report,report.table.CH2-TBL-025,table,鋼材寸法,,,,NOR-011,CH2-TBL-025,calc_pdf_p19,,HIGH,UNVERIFIED,CALC_ONLY,CANDIDATE_ONLY,,,,GOLDEN_ELIGIBLE,Calculation table record.
RP-225,ENT-LINE-ACL,report,report.table.CH2-TBL-026,table,鋼材寸法,,,,NOR-011,CH2-TBL-026,calc_pdf_p19,,HIGH,UNVERIFIED,CALC_ONLY,CANDIDATE_ONLY,,,,GOLDEN_ELIGIBLE,Calculation table record.
RP-226,ENT-LINE-ACL,report,report.table.CH2-TBL-027,table,鋼材寸法,,,,NOR-011,CH2-TBL-027,calc_pdf_p19,,HIGH,UNVERIFIED,CALC_ONLY,CANDIDATE_ONLY,,,,GOLDEN_ELIGIBLE,Calculation table record.
RP-227,ENT-LINE-ACL,report,report.table.CH2-TBL-028,table,スタッド仕様,,,,NOR-011,CH2-TBL-028,calc_pdf_p19,,HIGH,UNVERIFIED,CALC_ONLY,CANDIDATE_ONLY,,,,GOLDEN_ELIGIBLE,Calculation table record.
RP-228,ENT-LINE-ACL,report,report.table.CH2-TBL-029,table,スタッド仕様,,,,NOR-011,CH2-TBL-029,calc_pdf_p19,,HIGH,UNVERIFIED,CALC_ONLY,CANDIDATE_ONLY,,,,GOLDEN_ELIGIBLE,Calculation table record.
RP-229,ENT-LINE-ACL,report,report.table.CH2-TBL-030,table,スタッド仕様,,,,NOR-011,CH2-TBL-030,calc_pdf_p19,,HIGH,UNVERIFIED,CALC_ONLY,CANDIDATE_ONLY,,,,GOLDEN_ELIGIBLE,Calculation table record.
RP-230,ENT-LINE-ACL,report,report.table.CH2-TBL-031,table,鉄筋配置(一般部),,,,NOR-011,CH2-TBL-031,calc_pdf_p20,,HIGH,UNVERIFIED,CALC_ONLY,CANDIDATE_ONLY,,,,GOLDEN_ELIGIBLE,Calculation table record.
RP-231,ENT-LINE-ACL,report,report.table.CH2-TBL-032,table,鉄筋配置(一般部),,,,NOR-011,CH2-TBL-032,calc_pdf_p20,,HIGH,UNVERIFIED,CALC_ONLY,CANDIDATE_ONLY,,,,GOLDEN_ELIGIBLE,Calculation table record.
RP-232,ENT-LINE-ACL,report,report.table.CH2-TBL-033,table,鉄筋配置(一般部),,,,NOR-011,CH2-TBL-033,calc_pdf_p20,,HIGH,UNVERIFIED,CALC_ONLY,CANDIDATE_ONLY,,,,GOLDEN_ELIGIBLE,Calculation table record.
RP-233,ENT-LINE-ACL,report,report.table.CH2-TBL-034,table,鉄筋配置(中間支点部),,,,NOR-011,CH2-TBL-034,calc_pdf_p20,,HIGH,UNVERIFIED,CALC_ONLY,CANDIDATE_ONLY,,,,GOLDEN_ELIGIBLE,Calculation table record.
RP-400,ENT-LINE-ACL,report,report.table.CAL-TBL-P00119-001,table,死荷重一覧(舗装),,,,NOR-011,CAL-TBL-P00119-001,calc_pdf_p119,,HIGH,UNVERIFIED,CALC_ONLY,CANDIDATE_ONLY,,,,GOLDEN_ELIGIBLE,Calculation table record.
RP-401,ENT-LINE-ACL,report,report.table.CAL-TBL-P00119-002,table,死荷重一覧(舗装),,,,NOR-011,CAL-TBL-P00119-002,calc_pdf_p119,,HIGH,UNVERIFIED,CALC_ONLY,CANDIDATE_ONLY,,,,GOLDEN_ELIGIBLE,Calculation table record.
RP-402,ENT-LINE-ACL,report,report.table.CAL-TBL-P00119-003,table,死荷重一覧(床版),,,,NOR-011,CAL-TBL-P00119-003,calc_pdf_p119,,HIGH,UNVERIFIED,CALC_ONLY,CANDIDATE_ONLY,,,,GOLDEN_ELIGIBLE,Calculation table record.
RP-403,ENT-LINE-ACL,report,report.table.CAL-TBL-P00119-004,table,死荷重一覧(床版),,,,NOR-011,CAL-TBL-P00119-004,calc_pdf_p119,,HIGH,UNVERIFIED,CALC_ONLY,CANDIDATE_ONLY,,,,GOLDEN_ELIGIBLE,Calculation table record.
RP-404,ENT-LINE-ACL,report,report.table.CAL-TBL-P00119-005,table,死荷重一覧(ハンチ),,,,NOR-011,CAL-TBL-P00119-005,calc_pdf_p119,,HIGH,UNVERIFIED,CALC_ONLY,CANDIDATE_ONLY,,,,GOLDEN_ELIGIBLE,Calculation table record.
RP-405,ENT-LINE-ACL,report,report.table.CAL-TBL-P00119-006,table,死荷重一覧(壁高欄),,,,NOR-011,CAL-TBL-P00119-006,calc_pdf_p119,,HIGH,UNVERIFIED,CALC_ONLY,CANDIDATE_ONLY,,,,GOLDEN_ELIGIBLE,Calculation table record.
RP-406,ENT-LINE-ACL,report,report.table.CAL-TBL-P00119-007,table,死荷重一覧(遮音壁),,,,NOR-011,CAL-TBL-P00119-007,calc_pdf_p119,,HIGH,UNVERIFIED,CALC_ONLY,CANDIDATE_ONLY,,,,GOLDEN_ELIGIBLE,Calculation table record.
RP-407,ENT-LINE-ACL,report,report.table.CAL-TBL-P00119-008,table,死荷重一覧(鋼重),,,,NOR-011,CAL-TBL-P00119-008,calc_pdf_p119,,HIGH,UNVERIFIED,CALC_ONLY,CANDIDATE_ONLY,,,,GOLDEN_ELIGIBLE,Calculation table record.
RP-408,ENT-LINE-ACL,report,report.table.CAL-TBL-P00119-009,table,死荷重一覧(検査路),,,,NOR-011,CAL-TBL-P00119-009,calc_pdf_p119,,HIGH,UNVERIFIED,CALC_ONLY,CANDIDATE_ONLY,,,,GOLDEN_ELIGIBLE,Calculation table record.
RP-409,ENT-LINE-ACL,report,report.table.CAL-TBL-P00119-010,table,死荷重一覧(舗装),,,,NOR-011,CAL-TBL-P00119-010,calc_pdf_p119,,HIGH,UNVERIFIED,CALC_ONLY,CANDIDATE_ONLY,,,,GOLDEN_ELIGIBLE,Calculation table record.
RP-410,ENT-LINE-ACL,report,report.table.CAL-TBL-P00119-011,table,死荷重一覧(床版),,,,NOR-011,CAL-TBL-P00119-011,calc_pdf_p119,,HIGH,UNVERIFIED,CALC_ONLY,CANDIDATE_ONLY,,,,GOLDEN_ELIGIBLE,Calculation table record.
RP-411,ENT-LINE-ACL,report,report.table.CAL-TBL-P00119-012,table,死荷重一覧(ノーズ部),,,,NOR-011,CAL-TBL-P00119-012,calc_pdf_p119,,HIGH,UNVERIFIED,CALC_ONLY,CANDIDATE_ONLY,,,,GOLDEN_ELIGIBLE,Calculation table record.
RP-412,ENT-LINE-ACL,report,report.table.CAL-TBL-P00119-013,table,死荷重一覧(地覆),,,,NOR-011,CAL-TBL-P00119-013,calc_pdf_p119,,HIGH,UNVERIFIED,CALC_ONLY,CANDIDATE_ONLY,,,,GOLDEN_ELIGIBLE,Calculation table record.
RP-413,ENT-LINE-ACL,report,report.table.CAL-TBL-P00125-001,table,ノーズ部地覆等の格点荷重,,,,NOR-011,CAL-TBL-P00125-001,calc_pdf_p125,,HIGH,UNVERIFIED,CALC_ONLY,CANDIDATE_ONLY,,,,GOLDEN_ELIGIBLE,Calculation table record.
RP-414,ENT-LINE-ACL,report,report.table.CAL-TBL-P00125-002,table,ノーズ部地覆等の格点荷重,,,,NOR-011,CAL-TBL-P00125-002,calc_pdf_p125,,HIGH,UNVERIFIED,CALC_ONLY,CANDIDATE_ONLY,,,,GOLDEN_ELIGIBLE,Calculation table record.
RP-415,ENT-LINE-ACL,report,report.table.CAL-TBL-P00125-003,table,床版拡幅格点荷重,,,,NOR-011,CAL-TBL-P00125-003,calc_pdf_p125,,HIGH,UNVERIFIED,CALC_ONLY,CANDIDATE_ONLY,,,,GOLDEN_ELIGIBLE,Calculation table record.
RP-416,ENT-LINE-ACL,report,report.table.CAL-TBL-P00125-004,table,床版拡幅格点荷重,,,,NOR-011,CAL-TBL-P00125-004,calc_pdf_p125,,HIGH,UNVERIFIED,CALC_ONLY,CANDIDATE_ONLY,,,,GOLDEN_ELIGIBLE,Calculation table record.
RP-417,ENT-LINE-ACL,report,report.table.CAL-TBL-P00128-001,table,ノーズ部打下ろし格点荷重,,,,NOR-011,CAL-TBL-P00128-001,calc_pdf_p128,,HIGH,UNVERIFIED,CALC_ONLY,CANDIDATE_ONLY,,,,GOLDEN_ELIGIBLE,Calculation table record.
RP-418,ENT-LINE-ACL,report,report.table.CAL-TBL-P00128-002,table,ノーズ部打下ろし格点荷重,,,,NOR-011,CAL-TBL-P00128-002,calc_pdf_p128,,HIGH,UNVERIFIED,CALC_ONLY,CANDIDATE_ONLY,,,,GOLDEN_ELIGIBLE,Calculation table record.
RP-419,ENT-LINE-ACL,report,report.table.CAL-TBL-P00128-003,table,ノーズ部打下ろし格点荷重,,,,NOR-011,CAL-TBL-P00128-003,calc_pdf_p128,,HIGH,UNVERIFIED,CALC_ONLY,CANDIDATE_ONLY,,,,GOLDEN_ELIGIBLE,Calculation table record.
RP-420,ENT-LINE-ACL,report,report.table.CAL-TBL-P00131-001,table,床版打下し格点荷重一覧,,,,NOR-011,CAL-TBL-P00131-001,calc_pdf_p131,,HIGH,UNVERIFIED,CALC_ONLY,CANDIDATE_ONLY,,,,GOLDEN_ELIGIBLE,Calculation table record.
RP-421,ENT-LINE-ACL,report,report.table.CAL-TBL-P00131-002,table,床版打下し格点荷重一覧,,,,NOR-011,CAL-TBL-P00131-002,calc_pdf_p131,,HIGH,UNVERIFIED,CALC_ONLY,CANDIDATE_ONLY,,,,GOLDEN_ELIGIBLE,Calculation table record.
RP-422,ENT-LINE-ACL,report,report.table.CAL-TBL-P00131-003,table,床版打下し格点荷重一覧,,,,NOR-011,CAL-TBL-P00131-003,calc_pdf_p131,,HIGH,UNVERIFIED,CALC_ONLY,CANDIDATE_ONLY,,,,GOLDEN_ELIGIBLE,Calculation table record.
RP-423,ENT-LINE-ACL,report,report.table.CAL-TBL-P00131-004,table,床版打下し格点荷重一覧,,,,NOR-011,CAL-TBL-P00131-004,calc_pdf_p131,,HIGH,UNVERIFIED,CALC_ONLY,CANDIDATE_ONLY,,,,GOLDEN_ELIGIBLE,Calculation table record.
RP-424,ENT-LINE-ACL,report,report.table.CAL-TBL-P00131-005,table,床版打下し格点荷重一覧,,,,NOR-011,CAL-TBL-P00131-005,calc_pdf_p131,,HIGH,UNVERIFIED,CALC_ONLY,CANDIDATE_ONLY,,,,GOLDEN_ELIGIBLE,Calculation table record.
RP-425,ENT-LINE-ACL,report,report.table.CAL-TBL-P00131-006,table,床版打下し格点荷重一覧,,,,NOR-011,CAL-TBL-P00131-006,calc_pdf_p131,,HIGH,UNVERIFIED,CALC_ONLY,CANDIDATE_ONLY,,,,GOLDEN_ELIGIBLE,Calculation table record.
RP-426,ENT-LINE-ACL,report,report.table.CAL-TBL-P00131-007,table,床版打下し格点荷重一覧,,,,NOR-011,CAL-TBL-P00131-007,calc_pdf_p131,,HIGH,UNVERIFIED,CALC_ONLY,CANDIDATE_ONLY,,,,GOLDEN_ELIGIBLE,Calculation table record.
RP-427,ENT-LINE-ACL,report,report.table.CAL-TBL-P00131-008,table,床版打下し格点荷重一覧,,,,NOR-011,CAL-TBL-P00131-008,calc_pdf_p131,,HIGH,UNVERIFIED,CALC_ONLY,CANDIDATE_ONLY,,,,GOLDEN_ELIGIBLE,Calculation table record.
RP-428,ENT-LINE-ACL,report,report.table.CAL-TBL-P00132-001,table,桁端部荷重一覧,,,,NOR-011,CAL-TBL-P00132-001,calc_pdf_p132,,HIGH,UNVERIFIED,CALC_ONLY,CANDIDATE_ONLY,,,,GOLDEN_ELIGIBLE,Calculation table record.
RP-429,ENT-LINE-ACL,report,report.table.CAL-TBL-P00132-002,table,桁端部荷重一覧,,,,NOR-011,CAL-TBL-P00132-002,calc_pdf_p132,,HIGH,UNVERIFIED,CALC_ONLY,CANDIDATE_ONLY,,,,GOLDEN_ELIGIBLE,Calculation table record.
RP-430,ENT-LINE-ACL,report,report.table.CAL-TBL-P00132-003,table,桁端部荷重一覧,,,,NOR-011,CAL-TBL-P00132-003,calc_pdf_p132,,HIGH,UNVERIFIED,CALC_ONLY,CANDIDATE_ONLY,,,,GOLDEN_ELIGIBLE,Calculation table record.
RP-431,ENT-LINE-ACL,report,report.table.CAL-TBL-P00132-004,table,桁端部荷重一覧,,,,NOR-011,CAL-TBL-P00132-004,calc_pdf_p132,,HIGH,UNVERIFIED,CALC_ONLY,CANDIDATE_ONLY,,,,GOLDEN_ELIGIBLE,Calculation table record.
RP-432,ENT-LINE-ACL,report,report.table.CAL-TBL-P00133-001,table,巻き立てコンクリート寸法表,,,,NOR-011,CAL-TBL-P00133-001,calc_pdf_p133,,HIGH,UNVERIFIED,CALC_ONLY,CANDIDATE_ONLY,,,,GOLDEN_ELIGIBLE,Calculation table record.
RP-433,ENT-LINE-ACL,report,report.table.CAL-TBL-P00133-002,table,巻き立てコンクリート寸法表,,,,NOR-011,CAL-TBL-P00133-002,calc_pdf_p133,,HIGH,UNVERIFIED,CALC_ONLY,CANDIDATE_ONLY,,,,GOLDEN_ELIGIBLE,Calculation table record.
RP-434,ENT-LINE-ACL,report,report.table.CAL-TBL-P00133-003,table,巻き立てコンクリート寸法表,,,,NOR-011,CAL-TBL-P00133-003,calc_pdf_p133,,HIGH,UNVERIFIED,CALC_ONLY,CANDIDATE_ONLY,,,,GOLDEN_ELIGIBLE,Calculation table record.
RP-435,ENT-LINE-ACL,report,report.table.CAL-TBL-P00133-004,table,巻き立てコンクリート寸法表,,,,NOR-011,CAL-TBL-P00133-004,calc_pdf_p133,,HIGH,UNVERIFIED,CALC_ONLY,CANDIDATE_ONLY,,,,GOLDEN_ELIGIBLE,Calculation table record.
RP-436,ENT-LINE-ACL,report,report.table.CAL-TBL-P00133-005,table,巻き立てコンクリート寸法表,,,,NOR-011,CAL-TBL-P00133-005,calc_pdf_p133,,HIGH,UNVERIFIED,CALC_ONLY,CANDIDATE_ONLY,,,,GOLDEN_ELIGIBLE,Calculation table record.
RP-437,ENT-LINE-ACL,report,report.table.CAL-TBL-P00133-006,table,巻き立てコンクリート寸法表,,,,NOR-011,CAL-TBL-P00133-006,calc_pdf_p133,,HIGH,UNVERIFIED,CALC_ONLY,CANDIDATE_ONLY,,,,GOLDEN_ELIGIBLE,Calculation table record.
RP-438,ENT-LINE-ACL,report,report.table.CAL-TBL-P00133-007,table,巻き立てコンクリート寸法表,,,,NOR-011,CAL-TBL-P00133-007,calc_pdf_p133,,HIGH,UNVERIFIED,CALC_ONLY,CANDIDATE_ONLY,,,,GOLDEN_ELIGIBLE,Calculation table record.
RP-439,ENT-LINE-ACL,report,report.table.CAL-TBL-P00133-008,table,巻き立てコンクリート寸法表,,,,NOR-011,CAL-TBL-P00133-008,calc_pdf_p133,,HIGH,UNVERIFIED,CALC_ONLY,CANDIDATE_ONLY,,,,GOLDEN_ELIGIBLE,Calculation table record.
RP-440,ENT-LINE-ACL,report,report.table.CAL-TBL-P00133-009,table,巻き立てコンクリート寸法表,,,,NOR-011,CAL-TBL-P00133-009,calc_pdf_p133,,HIGH,UNVERIFIED,CALC_ONLY,CANDIDATE_ONLY,,,,GOLDEN_ELIGIBLE,Calculation table record.
RP-441,ENT-LINE-ACL,report,report.table.CAL-TBL-P00133-010,table,巻き立てコンクリート寸法表,,,,NOR-011,CAL-TBL-P00133-010,calc_pdf_p133,,HIGH,UNVERIFIED,CALC_ONLY,CANDIDATE_ONLY,,,,GOLDEN_ELIGIBLE,Calculation table record.
RP-442,ENT-LINE-ACL,report,report.table.CAL-TBL-P00133-011,table,巻き立てコンクリート荷重 S1,,,,NOR-011,CAL-TBL-P00133-011,calc_pdf_p133,,HIGH,UNVERIFIED,CALC_ONLY,CANDIDATE_ONLY,,,,GOLDEN_ELIGIBLE,Calculation table record.
RP-443,ENT-LINE-ACL,report,report.table.CAL-TBL-P00133-012,table,巻き立てコンクリート荷重 S1,,,,NOR-011,CAL-TBL-P00133-012,calc_pdf_p133,,HIGH,UNVERIFIED,CALC_ONLY,CANDIDATE_ONLY,,,,GOLDEN_ELIGIBLE,Calculation table record.
RP-444,ENT-LINE-ACL,report,report.table.CAL-TBL-P00134-001,table,巻き立てコンクリート荷重 S2,,,,NOR-011,CAL-TBL-P00134-001,calc_pdf_p134,,HIGH,UNVERIFIED,CALC_ONLY,CANDIDATE_ONLY,,,,GOLDEN_ELIGIBLE,Calculation table record.
RP-445,ENT-LINE-ACL,report,report.table.CAL-TBL-P00134-002,table,巻き立てコンクリート荷重 S2,,,,NOR-011,CAL-TBL-P00134-002,calc_pdf_p134,,HIGH,UNVERIFIED,CALC_ONLY,CANDIDATE_ONLY,,,,GOLDEN_ELIGIBLE,Calculation table record.
RP-446,ENT-LINE-ACL,report,report.table.CAL-TBL-P00134-003,table,巻き立てコンクリート荷重 PR1,,,,NOR-011,CAL-TBL-P00134-003,calc_pdf_p134,,HIGH,UNVERIFIED,CALC_ONLY,CANDIDATE_ONLY,,,,GOLDEN_ELIGIBLE,Calculation table record.
RP-447,ENT-LINE-ACL,report,report.table.CAL-TBL-P00134-004,table,巻き立てコンクリート荷重 PR1,,,,NOR-011,CAL-TBL-P00134-004,calc_pdf_p134,,HIGH,UNVERIFIED,CALC_ONLY,CANDIDATE_ONLY,,,,GOLDEN_ELIGIBLE,Calculation table record.
RP-448,ENT-LINE-ACL,report,report.table.CAL-TBL-P00134-005,table,巻き立てコンクリート荷重 PR2,,,,NOR-011,CAL-TBL-P00134-005,calc_pdf_p134,,HIGH,UNVERIFIED,CALC_ONLY,CANDIDATE_ONLY,,,,GOLDEN_ELIGIBLE,Calculation table record.
RP-449,ENT-LINE-ACL,report,report.table.CAL-TBL-P00134-006,table,巻き立てコンクリート荷重 PR2,,,,NOR-011,CAL-TBL-P00134-006,calc_pdf_p134,,HIGH,UNVERIFIED,CALC_ONLY,CANDIDATE_ONLY,,,,GOLDEN_ELIGIBLE,Calculation table record.
RP-450,ENT-LINE-ACL,report,report.table.CAL-TBL-P00135-001,table,衝撃係数一覧,,,,NOR-011,CAL-TBL-P00135-001,calc_pdf_p135,,HIGH,UNVERIFIED,CALC_ONLY,CANDIDATE_ONLY,,,,GOLDEN_ELIGIBLE,Calculation table record.
RP-451,ENT-LINE-ACL,report,report.table.CAL-TBL-P00135-002,table,衝撃係数一覧,,,,NOR-011,CAL-TBL-P00135-002,calc_pdf_p135,,HIGH,UNVERIFIED,CALC_ONLY,CANDIDATE_ONLY,,,,GOLDEN_ELIGIBLE,Calculation table record.
RP-452,ENT-LINE-ACL,report,report.table.CAL-TBL-P00135-003,table,衝撃係数一覧,,,,NOR-011,CAL-TBL-P00135-003,calc_pdf_p135,,HIGH,UNVERIFIED,CALC_ONLY,CANDIDATE_ONLY,,,,GOLDEN_ELIGIBLE,Calculation table record.
RP-453,ENT-LINE-ACL,report,report.table.CAL-TBL-P00135-004,table,衝撃係数一覧,,,,NOR-011,CAL-TBL-P00135-004,calc_pdf_p135,,HIGH,UNVERIFIED,CALC_ONLY,CANDIDATE_ONLY,,,,GOLDEN_ELIGIBLE,Calculation table record.
RP-454,ENT-LINE-ACL,report,report.table.CAL-TBL-P00135-005,table,衝撃係数一覧,,,,NOR-011,CAL-TBL-P00135-005,calc_pdf_p135,,HIGH,UNVERIFIED,CALC_ONLY,CANDIDATE_ONLY,,,,GOLDEN_ELIGIBLE,Calculation table record.
RP-455,ENT-LINE-ACL,report,report.table.CAL-TBL-P00135-006,table,衝撃係数一覧,,,,NOR-011,CAL-TBL-P00135-006,calc_pdf_p135,,HIGH,UNVERIFIED,CALC_ONLY,CANDIDATE_ONLY,,,,GOLDEN_ELIGIBLE,Calculation table record.
RP-456,ENT-LINE-ACL,report,report.table.CAL-TBL-P00135-007,table,衝撃係数一覧,,,,NOR-011,CAL-TBL-P00135-007,calc_pdf_p135,,HIGH,UNVERIFIED,CALC_ONLY,CANDIDATE_ONLY,,,,GOLDEN_ELIGIBLE,Calculation table record.
RP-457,ENT-LINE-ACL,report,report.table.CAL-TBL-P00135-008,table,衝撃係数一覧,,,,NOR-011,CAL-TBL-P00135-008,calc_pdf_p135,,HIGH,UNVERIFIED,CALC_ONLY,CANDIDATE_ONLY,,,,GOLDEN_ELIGIBLE,Calculation table record.
RP-458,ENT-LINE-ACL,report,report.table.CAL-TBL-P00135-009,table,衝撃係数一覧,,,,NOR-011,CAL-TBL-P00135-009,calc_pdf_p135,,HIGH,UNVERIFIED,CALC_ONLY,CANDIDATE_ONLY,,,,GOLDEN_ELIGIBLE,Calculation table record.
RP-459,ENT-LINE-ACL,report,report.table.CAL-TBL-P00135-010,table,衝撃係数一覧,,,,NOR-011,CAL-TBL-P00135-010,calc_pdf_p135,,HIGH,UNVERIFIED,CALC_ONLY,CANDIDATE_ONLY,,,,GOLDEN_ELIGIBLE,Calculation table record.
RP-460,ENT-LINE-ACL,report,report.table.CAL-TBL-P00141-001,table,AG1桁格点座標,,,,NOR-011,CAL-TBL-P00141-001,calc_pdf_p141,,HIGH,UNVERIFIED,CALC_ONLY,CANDIDATE_ONLY,,,,GOLDEN_ELIGIBLE,Calculation table record.
RP-461,ENT-LINE-ACL,report,report.table.CAL-TBL-P00141-002,table,AG1桁格点座標,,,,NOR-011,CAL-TBL-P00141-002,calc_pdf_p141,,HIGH,UNVERIFIED,CALC_ONLY,CANDIDATE_ONLY,,,,GOLDEN_ELIGIBLE,Calculation table record.
RP-462,ENT-LINE-ACL,report,report.table.CAL-TBL-P00141-003,table,AG1桁格点座標,,,,NOR-011,CAL-TBL-P00141-003,calc_pdf_p141,,HIGH,UNVERIFIED,CALC_ONLY,CANDIDATE_ONLY,,,,GOLDEN_ELIGIBLE,Calculation table record.
RP-463,ENT-LINE-ACL,report,report.table.CAL-TBL-P00141-004,table,AG1桁格点座標,,,,NOR-011,CAL-TBL-P00141-004,calc_pdf_p141,,HIGH,UNVERIFIED,CALC_ONLY,CANDIDATE_ONLY,,,,GOLDEN_ELIGIBLE,Calculation table record.
RP-464,ENT-LINE-ACL,report,report.table.CAL-TBL-P00141-005,table,AG2桁格点座標,,,,NOR-011,CAL-TBL-P00141-005,calc_pdf_p141,,HIGH,UNVERIFIED,CALC_ONLY,CANDIDATE_ONLY,,,,GOLDEN_ELIGIBLE,Calculation table record.
RP-465,ENT-LINE-ACL,report,report.table.CAL-TBL-P00141-006,table,AG2桁格点座標,,,,NOR-011,CAL-TBL-P00141-006,calc_pdf_p141,,HIGH,UNVERIFIED,CALC_ONLY,CANDIDATE_ONLY,,,,GOLDEN_ELIGIBLE,Calculation table record.
RP-466,ENT-LINE-ACL,report,report.table.CAL-TBL-P00141-007,table,AG2桁格点座標,,,,NOR-011,CAL-TBL-P00141-007,calc_pdf_p141,,HIGH,UNVERIFIED,CALC_ONLY,CANDIDATE_ONLY,,,,GOLDEN_ELIGIBLE,Calculation table record.
RP-467,ENT-LINE-ACL,report,report.table.CAL-TBL-P00141-008,table,AG2桁格点座標,,,,NOR-011,CAL-TBL-P00141-008,calc_pdf_p141,,HIGH,UNVERIFIED,CALC_ONLY,CANDIDATE_ONLY,,,,GOLDEN_ELIGIBLE,Calculation table record.
RP-468,ENT-LINE-ACL,report,report.table.CAL-TBL-P00143-001,table,AG1桁仮定剛度,,,,NOR-011,CAL-TBL-P00143-001,calc_pdf_p143,,HIGH,UNVERIFIED,CALC_ONLY,CANDIDATE_ONLY,,,,GOLDEN_ELIGIBLE,Calculation table record.
RP-469,ENT-LINE-ACL,report,report.table.CAL-TBL-P00143-002,table,AG1桁仮定剛度,,,,NOR-011,CAL-TBL-P00143-002,calc_pdf_p143,,HIGH,UNVERIFIED,CALC_ONLY,CANDIDATE_ONLY,,,,GOLDEN_ELIGIBLE,Calculation table record.
RP-470,ENT-LINE-ACL,report,report.table.CAL-TBL-P00143-003,table,AG1桁仮定剛度,,,,NOR-011,CAL-TBL-P00143-003,calc_pdf_p143,,HIGH,UNVERIFIED,CALC_ONLY,CANDIDATE_ONLY,,,,GOLDEN_ELIGIBLE,Calculation table record.
RP-471,ENT-LINE-ACL,report,report.table.CAL-TBL-P00143-004,table,AG1桁仮定剛度,,,,NOR-011,CAL-TBL-P00143-004,calc_pdf_p143,,HIGH,UNVERIFIED,CALC_ONLY,CANDIDATE_ONLY,,,,GOLDEN_ELIGIBLE,Calculation table record.
RP-472,ENT-LINE-ACL,report,report.table.CAL-TBL-P00143-005,table,AG1桁仮定剛度,,,,NOR-011,CAL-TBL-P00143-005,calc_pdf_p143,,HIGH,UNVERIFIED,CALC_ONLY,CANDIDATE_ONLY,,,,GOLDEN_ELIGIBLE,Calculation table record.
RP-473,ENT-LINE-ACL,report,report.table.CAL-TBL-P00143-006,table,AG2桁仮定剛度,,,,NOR-011,CAL-TBL-P00143-006,calc_pdf_p143,,HIGH,UNVERIFIED,CALC_ONLY,CANDIDATE_ONLY,,,,GOLDEN_ELIGIBLE,Calculation table record.
RP-474,ENT-LINE-ACL,report,report.table.CAL-TBL-P00143-007,table,AG2桁仮定剛度,,,,NOR-011,CAL-TBL-P00143-007,calc_pdf_p143,,HIGH,UNVERIFIED,CALC_ONLY,CANDIDATE_ONLY,,,,GOLDEN_ELIGIBLE,Calculation table record.
RP-475,ENT-LINE-ACL,report,report.table.CAL-TBL-P00144-001,table,横桁仮定剛度,,,,NOR-011,CAL-TBL-P00144-001,calc_pdf_p144,,HIGH,UNVERIFIED,CALC_ONLY,CANDIDATE_ONLY,,,,GOLDEN_ELIGIBLE,Calculation table record.
RP-476,ENT-LINE-ACL,report,report.table.CAL-TBL-P00144-002,table,横桁仮定剛度,,,,NOR-011,CAL-TBL-P00144-002,calc_pdf_p144,,HIGH,UNVERIFIED,CALC_ONLY,CANDIDATE_ONLY,,,,GOLDEN_ELIGIBLE,Calculation table record.
RP-477,ENT-LINE-ACL,report,report.table.CAL-TBL-P00144-003,table,横桁仮定剛度,,,,NOR-011,CAL-TBL-P00144-003,calc_pdf_p144,,HIGH,UNVERIFIED,CALC_ONLY,CANDIDATE_ONLY,,,,GOLDEN_ELIGIBLE,Calculation table record.
RP-478,ENT-LINE-ACL,report,report.table.CAL-TBL-P00144-004,table,横桁仮定剛度,,,,NOR-011,CAL-TBL-P00144-004,calc_pdf_p144,,HIGH,UNVERIFIED,CALC_ONLY,CANDIDATE_ONLY,,,,GOLDEN_ELIGIBLE,Calculation table record.
RP-479,ENT-LINE-ACL,report,report.table.CAL-TBL-P00149-001,table,材料定数データ,,,,NOR-011,CAL-TBL-P00149-001,calc_pdf_p149,,HIGH,UNVERIFIED,CALC_ONLY,CANDIDATE_ONLY,,,,GOLDEN_ELIGIBLE,Calculation table record.
RP-480,ENT-LINE-ACL,report,report.table.CAL-TBL-P00149-002,table,材料定数データ,,,,NOR-011,CAL-TBL-P00149-002,calc_pdf_p149,,HIGH,UNVERIFIED,CALC_ONLY,CANDIDATE_ONLY,,,,GOLDEN_ELIGIBLE,Calculation table record.
RP-481,ENT-LINE-ACL,report,report.table.CAL-TBL-P00149-003,table,材料定数データ,,,,NOR-011,CAL-TBL-P00149-003,calc_pdf_p149,,HIGH,UNVERIFIED,CALC_ONLY,CANDIDATE_ONLY,,,,GOLDEN_ELIGIBLE,Calculation table record.
RP-482,ENT-LINE-ACL,report,report.table.CAL-TBL-P00149-004,table,材料定数データ,,,,NOR-011,CAL-TBL-P00149-004,calc_pdf_p149,,HIGH,UNVERIFIED,CALC_ONLY,CANDIDATE_ONLY,,,,GOLDEN_ELIGIBLE,Calculation table record.
RP-483,ENT-LINE-ACL,report,report.table.CAL-TBL-P00222-001,table,鉛直方向死荷重反力,,,,NOR-011,CAL-TBL-P00222-001,calc_pdf_p222,,HIGH,UNVERIFIED,CALC_ONLY,CANDIDATE_ONLY,,,,GOLDEN_ELIGIBLE,Calculation table record.
RP-484,ENT-LINE-ACL,report,report.table.CAL-TBL-P00222-002,table,鉛直方向死荷重反力,,,,NOR-011,CAL-TBL-P00222-002,calc_pdf_p222,,HIGH,UNVERIFIED,CALC_ONLY,CANDIDATE_ONLY,,,,GOLDEN_ELIGIBLE,Calculation table record.
RP-485,ENT-LINE-ACL,report,report.table.CAL-TBL-P00222-003,table,鉛直方向死荷重反力,,,,NOR-011,CAL-TBL-P00222-003,calc_pdf_p222,,HIGH,UNVERIFIED,CALC_ONLY,CANDIDATE_ONLY,,,,GOLDEN_ELIGIBLE,Calculation table record.
RP-486,ENT-LINE-ACL,report,report.table.CAL-TBL-P00222-004,table,鉛直方向死荷重反力,,,,NOR-011,CAL-TBL-P00222-004,calc_pdf_p222,,HIGH,UNVERIFIED,CALC_ONLY,CANDIDATE_ONLY,,,,GOLDEN_ELIGIBLE,Calculation table record.
RP-487,ENT-LINE-ACL,report,report.table.CAL-TBL-P00222-005,table,鉛直方向死荷重反力,,,,NOR-011,CAL-TBL-P00222-005,calc_pdf_p222,,HIGH,UNVERIFIED,CALC_ONLY,CANDIDATE_ONLY,,,,GOLDEN_ELIGIBLE,Calculation table record.
RP-488,ENT-LINE-ACL,report,report.table.CAL-TBL-P00222-006,table,鉛直方向死荷重反力,,,,NOR-011,CAL-TBL-P00222-006,calc_pdf_p222,,HIGH,UNVERIFIED,CALC_ONLY,CANDIDATE_ONLY,,,,GOLDEN_ELIGIBLE,Calculation table record.
RP-489,ENT-LINE-ACL,report,report.table.CAL-TBL-P00222-007,table,鉛直方向死荷重反力,,,,NOR-011,CAL-TBL-P00222-007,calc_pdf_p222,,HIGH,UNVERIFIED,CALC_ONLY,CANDIDATE_ONLY,,,,GOLDEN_ELIGIBLE,Calculation table record.
RP-490,ENT-LINE-ACL,report,report.table.CAL-TBL-P00222-008,table,鉛直方向死荷重反力,,,,NOR-011,CAL-TBL-P00222-008,calc_pdf_p222,,HIGH,UNVERIFIED,CALC_ONLY,CANDIDATE_ONLY,,,,GOLDEN_ELIGIBLE,Calculation table record.
RP-491,ENT-LINE-ACL,report,report.table.CAL-TBL-P00222-009,table,鉛直方向死荷重反力,,,,NOR-011,CAL-TBL-P00222-009,calc_pdf_p222,,HIGH,UNVERIFIED,CALC_ONLY,CANDIDATE_ONLY,,,,GOLDEN_ELIGIBLE,Calculation table record.
RP-492,ENT-LINE-ACL,report,report.table.CAL-TBL-P00222-010,table,鉛直方向死荷重反力,,,,NOR-011,CAL-TBL-P00222-010,calc_pdf_p222,,HIGH,UNVERIFIED,CALC_ONLY,CANDIDATE_ONLY,,,,GOLDEN_ELIGIBLE,Calculation table record.
RP-493,ENT-LINE-ACL,report,report.table.CAL-TBL-P00222-011,table,鉛直方向死荷重反力,,,,NOR-011,CAL-TBL-P00222-011,calc_pdf_p222,,HIGH,UNVERIFIED,CALC_ONLY,CANDIDATE_ONLY,,,,GOLDEN_ELIGIBLE,Calculation table record.
RP-494,ENT-LINE-ACL,report,report.table.CAL-TBL-P00222-012,table,鉛直方向死荷重反力,,,,NOR-011,CAL-TBL-P00222-012,calc_pdf_p222,,HIGH,UNVERIFIED,CALC_ONLY,CANDIDATE_ONLY,,,,GOLDEN_ELIGIBLE,Calculation table record.
RP-495,ENT-LINE-ACL,report,report.table.CAL-TBL-P00222-013,table,鉛直方向死荷重反力,,,,NOR-011,CAL-TBL-P00222-013,calc_pdf_p222,,HIGH,UNVERIFIED,CALC_ONLY,CANDIDATE_ONLY,,,,GOLDEN_ELIGIBLE,Calculation table record.
RP-496,ENT-LINE-ACL,report,report.table.CAL-TBL-P00222-014,table,鉛直方向死荷重反力,,,,NOR-011,CAL-TBL-P00222-014,calc_pdf_p222,,HIGH,UNVERIFIED,CALC_ONLY,CANDIDATE_ONLY,,,,GOLDEN_ELIGIBLE,Calculation table record.
RP-497,ENT-LINE-ACL,report,report.table.CAL-TBL-P00222-015,table,鉛直方向死荷重反力,,,,NOR-011,CAL-TBL-P00222-015,calc_pdf_p222,,HIGH,UNVERIFIED,CALC_ONLY,CANDIDATE_ONLY,,,,GOLDEN_ELIGIBLE,Calculation table record.
RP-498,ENT-LINE-ACL,report,report.table.CAL-TBL-P00222-016,table,鉛直方向死荷重反力,,,,NOR-011,CAL-TBL-P00222-016,calc_pdf_p222,,HIGH,UNVERIFIED,CALC_ONLY,CANDIDATE_ONLY,,,,GOLDEN_ELIGIBLE,Calculation table record.
RP-499,ENT-LINE-ACL,report,report.table.CAL-TBL-P00223-001,table,上部工反力 死荷重/活荷重,,,,NOR-011,CAL-TBL-P00223-001,calc_pdf_p223,,HIGH,UNVERIFIED,CALC_ONLY,CANDIDATE_ONLY,,,,GOLDEN_ELIGIBLE,Calculation table record.
RP-500,ENT-LINE-ACL,report,report.table.CAL-TBL-P00223-002,table,上部工反力 死荷重/活荷重,,,,NOR-011,CAL-TBL-P00223-002,calc_pdf_p223,,HIGH,UNVERIFIED,CALC_ONLY,CANDIDATE_ONLY,,,,GOLDEN_ELIGIBLE,Calculation table record.
RP-501,ENT-LINE-ACL,report,report.table.CAL-TBL-P00223-003,table,上部工反力 死荷重/活荷重,,,,NOR-011,CAL-TBL-P00223-003,calc_pdf_p223,,HIGH,UNVERIFIED,CALC_ONLY,CANDIDATE_ONLY,,,,GOLDEN_ELIGIBLE,Calculation table record.
RP-502,ENT-LINE-ACL,report,report.table.CAL-TBL-P00223-004,table,上部工反力 死荷重/活荷重,,,,NOR-011,CAL-TBL-P00223-004,calc_pdf_p223,,HIGH,UNVERIFIED,CALC_ONLY,CANDIDATE_ONLY,,,,GOLDEN_ELIGIBLE,Calculation table record.
RP-503,ENT-LINE-ACL,report,report.table.CAL-TBL-P00223-005,table,上部工反力 死荷重/活荷重,,,,NOR-011,CAL-TBL-P00223-005,calc_pdf_p223,,HIGH,UNVERIFIED,CALC_ONLY,CANDIDATE_ONLY,,,,GOLDEN_ELIGIBLE,Calculation table record.
RP-504,ENT-LINE-ACL,report,report.table.CAL-TBL-P00223-006,table,上部工反力 死荷重/活荷重,,,,NOR-011,CAL-TBL-P00223-006,calc_pdf_p223,,HIGH,UNVERIFIED,CALC_ONLY,CANDIDATE_ONLY,,,,GOLDEN_ELIGIBLE,Calculation table record.
RP-505,ENT-LINE-ACL,report,report.table.CAL-TBL-P00223-007,table,上部工反力 死荷重/活荷重,,,,NOR-011,CAL-TBL-P00223-007,calc_pdf_p223,,HIGH,UNVERIFIED,CALC_ONLY,CANDIDATE_ONLY,,,,GOLDEN_ELIGIBLE,Calculation table record.
RP-506,ENT-LINE-ACL,report,report.table.CAL-TBL-P00223-008,table,上部工反力 死荷重/活荷重,,,,NOR-011,CAL-TBL-P00223-008,calc_pdf_p223,,HIGH,UNVERIFIED,CALC_ONLY,CANDIDATE_ONLY,,,,GOLDEN_ELIGIBLE,Calculation table record.
RP-507,ENT-LINE-ACL,report,report.table.CAL-TBL-P00223-009,table,上部工反力 死荷重/活荷重,,,,NOR-011,CAL-TBL-P00223-009,calc_pdf_p223,,HIGH,UNVERIFIED,CALC_ONLY,CANDIDATE_ONLY,,,,GOLDEN_ELIGIBLE,Calculation table record.
RP-508,ENT-LINE-ACL,report,report.table.CAL-TBL-P00223-010,table,上部工反力 死荷重/活荷重,,,,NOR-011,CAL-TBL-P00223-010,calc_pdf_p223,,HIGH,UNVERIFIED,CALC_ONLY,CANDIDATE_ONLY,,,,GOLDEN_ELIGIBLE,Calculation table record.
RP-658,ENT-LINE-ACL,report,report.table.SRC-calculation_chapter_03_section_3_2_tables-001,table,AG1 Sec-1 section properties,,,,NOR-011,SRC-calculation_chapter_03_section_3_2_tables-001,calc_pdf_p293,,HIGH,UNVERIFIED,CALC_ONLY,CANDIDATE_ONLY,,,,GOLDEN_ELIGIBLE,Calculation table record.
RP-659,ENT-LINE-ACL,report,report.table.SRC-calculation_chapter_03_section_3_2_tables-002,table,AG1 Sec-1 section properties,,,,NOR-011,SRC-calculation_chapter_03_section_3_2_tables-002,calc_pdf_p293,,HIGH,UNVERIFIED,CALC_ONLY,CANDIDATE_ONLY,,,,GOLDEN_ELIGIBLE,Calculation table record.
RP-660,ENT-LINE-ACL,report,report.table.SRC-calculation_chapter_03_section_3_2_tables-003,table,AG1 Sec-1 section properties,,,,NOR-011,SRC-calculation_chapter_03_section_3_2_tables-003,calc_pdf_p293,,HIGH,UNVERIFIED,CALC_ONLY,CANDIDATE_ONLY,,,,GOLDEN_ELIGIBLE,Calculation table record.
RP-661,ENT-LINE-ACL,report,report.table.SRC-calculation_chapter_03_section_3_2_tables-004,table,AG1 Sec-1 section properties,,,,NOR-011,SRC-calculation_chapter_03_section_3_2_tables-004,calc_pdf_p293,,HIGH,UNVERIFIED,CALC_ONLY,CANDIDATE_ONLY,,,,GOLDEN_ELIGIBLE,Calculation table record.
RP-662,ENT-LINE-ACL,report,report.table.SRC-calculation_chapter_03_section_3_2_tables-005,table,AG1 Sec-1 results,,,,NOR-011,SRC-calculation_chapter_03_section_3_2_tables-005,calc_pdf_p293,,HIGH,UNVERIFIED,CALC_ONLY,CANDIDATE_ONLY,,,,GOLDEN_ELIGIBLE,Calculation table record.
RP-663,ENT-LINE-ACL,report,report.table.SRC-calculation_chapter_03_section_3_2_tables-006,table,AG1 Sec-1(J-1) section,,,,NOR-011,SRC-calculation_chapter_03_section_3_2_tables-006,calc_pdf_p294,,HIGH,UNVERIFIED,CALC_ONLY,CANDIDATE_ONLY,,,,GOLDEN_ELIGIBLE,Calculation table record.
RP-664,ENT-LINE-ACL,report,report.table.SRC-calculation_chapter_03_section_3_2_tables-007,table,AG1 Sec-1(J-1) section,,,,NOR-011,SRC-calculation_chapter_03_section_3_2_tables-007,calc_pdf_p294,,HIGH,UNVERIFIED,CALC_ONLY,CANDIDATE_ONLY,,,,GOLDEN_ELIGIBLE,Calculation table record.
RP-665,ENT-LINE-ACL,report,report.table.SRC-calculation_chapter_03_section_3_2_tables-008,table,AG1 Sec-1(J-1) section,,,,NOR-011,SRC-calculation_chapter_03_section_3_2_tables-008,calc_pdf_p294,,HIGH,UNVERIFIED,CALC_ONLY,CANDIDATE_ONLY,,,,GOLDEN_ELIGIBLE,Calculation table record.
RP-666,ENT-LINE-ACL,report,report.table.SRC-calculation_chapter_03_section_3_2_tables-009,table,AG1 Sec-1(J-1) results,,,,NOR-011,SRC-calculation_chapter_03_section_3_2_tables-009,calc_pdf_p294,,HIGH,UNVERIFIED,CALC_ONLY,CANDIDATE_ONLY,,,,GOLDEN_ELIGIBLE,Calculation table record.
RP-667,ENT-LINE-ACL,report,report.table.SRC-calculation_chapter_03_section_3_2_tables-010,table,AG1 Sec-1(J-1) stresses,,,,NOR-011,SRC-calculation_chapter_03_section_3_2_tables-010,calc_pdf_p294,,HIGH,UNVERIFIED,CALC_ONLY,CANDIDATE_ONLY,,,,GOLDEN_ELIGIBLE,Calculation table record.
RP-668,ENT-LINE-ACL,report,report.table.SRC-calculation_chapter_03_section_3_2_tables-011,table,AG1 Sec-2(J-2) section,,,,NOR-011,SRC-calculation_chapter_03_section_3_2_tables-011,calc_pdf_p295,,HIGH,UNVERIFIED,CALC_ONLY,CANDIDATE_ONLY,,,,GOLDEN_ELIGIBLE,Calculation table record.
RP-669,ENT-LINE-ACL,report,report.table.SRC-calculation_chapter_03_section_3_2_tables-012,table,AG1 Sec-3(Mx-Max) section,,,,NOR-011,SRC-calculation_chapter_03_section_3_2_tables-012,calc_pdf_p296,,HIGH,UNVERIFIED,CALC_ONLY,CANDIDATE_ONLY,,,,GOLDEN_ELIGIBLE,Calculation table record.
RP-670,ENT-LINE-ACL,report,report.table.SRC-calculation_chapter_03_section_3_2_tables-013,table,AG1 Sec-4(J-3) section,,,,NOR-011,SRC-calculation_chapter_03_section_3_2_tables-013,calc_pdf_p297,,HIGH,UNVERIFIED,CALC_ONLY,CANDIDATE_ONLY,,,,GOLDEN_ELIGIBLE,Calculation table record.
RP-671,ENT-LINE-ACL,report,report.table.SRC-calculation_chapter_03_section_3_2_tables-014,table,AG1 Sec-4(J-4) section,,,,NOR-011,SRC-calculation_chapter_03_section_3_2_tables-014,calc_pdf_p298,,HIGH,UNVERIFIED,CALC_ONLY,CANDIDATE_ONLY,,,,GOLDEN_ELIGIBLE,Calculation table record.
RP-672,ENT-LINE-ACL,report,report.table.SRC-calculation_chapter_03_section_3_2_tables-015,table,AG1 Sec-4(J-4) negative,,,,NOR-011,SRC-calculation_chapter_03_section_3_2_tables-015,calc_pdf_p298,,HIGH,UNVERIFIED,CALC_ONLY,CANDIDATE_ONLY,,,,GOLDEN_ELIGIBLE,Calculation table record.
RP-673,ENT-LINE-ACL,report,report.table.SRC-calculation_chapter_03_section_3_2_tables-016,table,AG1 Sec-5(左) section,,,,NOR-011,SRC-calculation_chapter_03_section_3_2_tables-016,calc_pdf_p299,,HIGH,UNVERIFIED,CALC_ONLY,CANDIDATE_ONLY,,,,GOLDEN_ELIGIBLE,Calculation table record.
RP-674,ENT-LINE-ACL,report,report.table.SRC-calculation_chapter_03_section_3_2_tables-017,table,AG1 Sec-5(左) negative,,,,NOR-011,SRC-calculation_chapter_03_section_3_2_tables-017,calc_pdf_p299,,HIGH,UNVERIFIED,CALC_ONLY,CANDIDATE_ONLY,,,,GOLDEN_ELIGIBLE,Calculation table record.
RP-675,ENT-LINE-ACL,report,report.table.SRC-calculation_chapter_03_section_3_2_tables-018,table,AG1 Sec-5(J-5) section,,,,NOR-011,SRC-calculation_chapter_03_section_3_2_tables-018,calc_pdf_p300,,HIGH,UNVERIFIED,CALC_ONLY,CANDIDATE_ONLY,,,,GOLDEN_ELIGIBLE,Calculation table record.
RP-676,ENT-LINE-ACL,report,report.table.SRC-calculation_chapter_03_section_3_2_tables-019,table,AG1 Sec-6(Mx-Min_L),,,,NOR-011,SRC-calculation_chapter_03_section_3_2_tables-019,calc_pdf_p301,,HIGH,UNVERIFIED,CALC_ONLY,CANDIDATE_ONLY,,,,GOLDEN_ELIGIBLE,Calculation table record.
RP-677,ENT-LINE-ACL,report,report.table.SRC-calculation_chapter_03_section_3_2_tables-020,table,AG1 Sec-6(Mx-Min_R),,,,NOR-011,SRC-calculation_chapter_03_section_3_2_tables-020,calc_pdf_p302,,HIGH,UNVERIFIED,CALC_ONLY,CANDIDATE_ONLY,,,,GOLDEN_ELIGIBLE,Calculation table record.
RP-678,ENT-LINE-ACL,report,report.table.SRC-calculation_chapter_03_section_3_2_tables-021,table,AG1 Sec-7(J-6),,,,NOR-011,SRC-calculation_chapter_03_section_3_2_tables-021,calc_pdf_p303,,HIGH,UNVERIFIED,CALC_ONLY,CANDIDATE_ONLY,,,,GOLDEN_ELIGIBLE,Calculation table record.
RP-679,ENT-LINE-ACL,report,report.table.SRC-calculation_chapter_03_section_3_2_tables-022,table,AG1 Sec-7(右),,,,NOR-011,SRC-calculation_chapter_03_section_3_2_tables-022,calc_pdf_p304,,HIGH,UNVERIFIED,CALC_ONLY,CANDIDATE_ONLY,,,,GOLDEN_ELIGIBLE,Calculation table record.
RP-680,ENT-LINE-ACL,report,report.table.SRC-calculation_chapter_03_section_3_2_tables-023,table,AG1 Sec-8(J-7),,,,NOR-011,SRC-calculation_chapter_03_section_3_2_tables-023,calc_pdf_p305,,HIGH,UNVERIFIED,CALC_ONLY,CANDIDATE_ONLY,,,,GOLDEN_ELIGIBLE,Calculation table record.
RP-681,ENT-LINE-ACL,report,report.table.SRC-calculation_chapter_03_section_3_2_tables-024,table,AG1 Sec-8(J-8),,,,NOR-011,SRC-calculation_chapter_03_section_3_2_tables-024,calc_pdf_p306,,HIGH,UNVERIFIED,CALC_ONLY,CANDIDATE_ONLY,,,,GOLDEN_ELIGIBLE,Calculation table record.
RP-682,ENT-LINE-ACL,report,report.table.SRC-calculation_chapter_03_section_3_2_tables-025,table,AG1 Sec-9(Mx-Max),,,,NOR-011,SRC-calculation_chapter_03_section_3_2_tables-025,calc_pdf_p307,,HIGH,UNVERIFIED,CALC_ONLY,CANDIDATE_ONLY,,,,GOLDEN_ELIGIBLE,Calculation table record.
RP-683,ENT-LINE-ACL,report,report.table.SRC-calculation_chapter_03_section_3_2_tables-026,table,AG1 Sec-10(J-9),,,,NOR-011,SRC-calculation_chapter_03_section_3_2_tables-026,calc_pdf_p308,,HIGH,UNVERIFIED,CALC_ONLY,CANDIDATE_ONLY,,,,GOLDEN_ELIGIBLE,Calculation table record.
RP-684,ENT-LINE-ACL,report,report.table.SRC-calculation_chapter_03_section_3_2_tables-027,table,AG1 Sec-10(J-10),,,,NOR-011,SRC-calculation_chapter_03_section_3_2_tables-027,calc_pdf_p309,,HIGH,UNVERIFIED,CALC_ONLY,CANDIDATE_ONLY,,,,GOLDEN_ELIGIBLE,Calculation table record.
RP-685,ENT-LINE-ACL,report,report.table.SRC-calculation_chapter_03_section_3_2_tables-028,table,AG1 Sec-11(左),,,,NOR-011,SRC-calculation_chapter_03_section_3_2_tables-028,calc_pdf_p310,,HIGH,UNVERIFIED,CALC_ONLY,CANDIDATE_ONLY,,,,GOLDEN_ELIGIBLE,Calculation table record.
RP-686,ENT-LINE-ACL,report,report.table.SRC-calculation_chapter_03_section_3_2_tables-029,table,AG1 Sec-11(J-11),,,,NOR-011,SRC-calculation_chapter_03_section_3_2_tables-029,calc_pdf_p311,,HIGH,UNVERIFIED,CALC_ONLY,CANDIDATE_ONLY,,,,GOLDEN_ELIGIBLE,Calculation table record.
RP-687,ENT-LINE-ACL,report,report.table.SRC-calculation_chapter_03_section_3_2_tables-030,table,AG1 Sec-12(Mx-Min_L),,,,NOR-011,SRC-calculation_chapter_03_section_3_2_tables-030,calc_pdf_p312,,HIGH,UNVERIFIED,CALC_ONLY,CANDIDATE_ONLY,,,,GOLDEN_ELIGIBLE,Calculation table record.
RP-688,ENT-LINE-ACL,report,report.table.SRC-calculation_chapter_03_section_3_2_tables-031,table,AG1 Sec-12(Mx-Min_R),,,,NOR-011,SRC-calculation_chapter_03_section_3_2_tables-031,calc_pdf_p313,,HIGH,UNVERIFIED,CALC_ONLY,CANDIDATE_ONLY,,,,GOLDEN_ELIGIBLE,Calculation table record.
RP-689,ENT-LINE-ACL,report,report.table.SRC-calculation_chapter_03_section_3_2_tables-032,table,AG1 Sec-13(J-12),,,,NOR-011,SRC-calculation_chapter_03_section_3_2_tables-032,calc_pdf_p314,,HIGH,UNVERIFIED,CALC_ONLY,CANDIDATE_ONLY,,,,GOLDEN_ELIGIBLE,Calculation table record.
RP-690,ENT-LINE-ACL,report,report.table.SRC-calculation_chapter_03_section_3_2_tables-033,table,AG1 Sec-13(右),,,,NOR-011,SRC-calculation_chapter_03_section_3_2_tables-033,calc_pdf_p315,,HIGH,UNVERIFIED,CALC_ONLY,CANDIDATE_ONLY,,,,GOLDEN_ELIGIBLE,Calculation table record.
RP-691,ENT-LINE-ACL,report,report.table.SRC-calculation_chapter_03_section_3_2_tables-034,table,AG1 Sec-14(J-13),,,,NOR-011,SRC-calculation_chapter_03_section_3_2_tables-034,calc_pdf_p316,,HIGH,UNVERIFIED,CALC_ONLY,CANDIDATE_ONLY,,,,GOLDEN_ELIGIBLE,Calculation table record.
RP-692,ENT-LINE-ACL,report,report.table.SRC-calculation_chapter_03_section_3_2_tables-035,table,AG1 Sec-14(J-14),,,,NOR-011,SRC-calculation_chapter_03_section_3_2_tables-035,calc_pdf_p317,,HIGH,UNVERIFIED,CALC_ONLY,CANDIDATE_ONLY,,,,GOLDEN_ELIGIBLE,Calculation table record.
RP-693,ENT-LINE-ACL,report,report.table.SRC-calculation_chapter_03_section_3_2_tables-036,table,AG1 Sec-15(Mx-Max),,,,NOR-011,SRC-calculation_chapter_03_section_3_2_tables-036,calc_pdf_p318,,HIGH,UNVERIFIED,CALC_ONLY,CANDIDATE_ONLY,,,,GOLDEN_ELIGIBLE,Calculation table record.
RP-694,ENT-LINE-ACL,report,report.table.SRC-calculation_chapter_03_section_3_2_tables-037,table,AG1 Sec-16(J-15),,,,NOR-011,SRC-calculation_chapter_03_section_3_2_tables-037,calc_pdf_p319,,HIGH,UNVERIFIED,CALC_ONLY,CANDIDATE_ONLY,,,,GOLDEN_ELIGIBLE,Calculation table record.
RP-695,ENT-LINE-ACL,report,report.table.SRC-calculation_chapter_03_section_3_2_tables-038,table,AG1 Sec-17(J-16),,,,NOR-011,SRC-calculation_chapter_03_section_3_2_tables-038,calc_pdf_p320,,HIGH,UNVERIFIED,CALC_ONLY,CANDIDATE_ONLY,,,,GOLDEN_ELIGIBLE,Calculation table record.
RP-696,ENT-LINE-ACL,report,report.table.SRC-calculation_chapter_03_section_3_2_tables-039,table,AG1 Sec-17(右),,,,NOR-011,SRC-calculation_chapter_03_section_3_2_tables-039,calc_pdf_p321,,HIGH,UNVERIFIED,CALC_ONLY,CANDIDATE_ONLY,,,,GOLDEN_ELIGIBLE,Calculation table record.
RP-697,ENT-LINE-ACL,report,report.table.SRC-calculation_chapter_03_section_3_2_tables-040,table,AG2 sections (28 sections),,,,NOR-011,SRC-calculation_chapter_03_section_3_2_tables-040,calc_pdf_p323-349,,HIGH,UNVERIFIED,CALC_ONLY,CANDIDATE_ONLY,,,,GOLDEN_ELIGIBLE,Calculation table record.
RP-698,ENT-LINE-ACL,report,report.table.SRC-calculation_chapter_03_section_3_2_tables-041,table,Dead load AG1 Sec-3(Mx-Max),,,,NOR-011,SRC-calculation_chapter_03_section_3_2_tables-041,calc_pdf_p350,,HIGH,UNVERIFIED,CALC_ONLY,CANDIDATE_ONLY,,,,GOLDEN_ELIGIBLE,Calculation table record.
RP-699,ENT-LINE-ACL,report,report.table.SRC-calculation_chapter_03_section_3_2_tables-042,table,Dead load AG1 Sec-5(J-5),,,,NOR-011,SRC-calculation_chapter_03_section_3_2_tables-042,calc_pdf_p351,,HIGH,UNVERIFIED,CALC_ONLY,CANDIDATE_ONLY,,,,GOLDEN_ELIGIBLE,Calculation table record.
RP-700,ENT-LINE-ACL,report,report.table.SRC-calculation_chapter_03_section_3_2_tables-043,table,Dead load AG1 Sec-6(Mx-Min_L),,,,NOR-011,SRC-calculation_chapter_03_section_3_2_tables-043,calc_pdf_p352,,HIGH,UNVERIFIED,CALC_ONLY,CANDIDATE_ONLY,,,,GOLDEN_ELIGIBLE,Calculation table record.
RP-701,ENT-LINE-ACL,report,report.table.SRC-calculation_chapter_03_section_3_2_tables-044,table,Field splice - design equations,,,,NOR-011,SRC-calculation_chapter_03_section_3_2_tables-044,calc_pdf_p379,,HIGH,UNVERIFIED,CALC_ONLY,CANDIDATE_ONLY,,,,GOLDEN_ELIGIBLE,Calculation table record.
RP-702,ENT-LINE-ACL,report,report.table.SRC-calculation_chapter_03_section_3_2_tables-045,table,AG1 J-1 UFLG splice,,,,NOR-011,SRC-calculation_chapter_03_section_3_2_tables-045,calc_pdf_p382,,HIGH,UNVERIFIED,CALC_ONLY,CANDIDATE_ONLY,,,,GOLDEN_ELIGIBLE,Calculation table record.
RP-703,ENT-LINE-ACL,report,report.table.SRC-calculation_chapter_03_section_3_2_tables-046,table,Field splice bolt tables per joint,,,,NOR-011,SRC-calculation_chapter_03_section_3_2_tables-046,calc_pdf_p382-514,,HIGH,UNVERIFIED,CALC_ONLY,CANDIDATE_ONLY,,,,GOLDEN_ELIGIBLE,Calculation table record.
RP-704,ENT-LINE-ACL,report,report.table.SRC-calculation_chapter_03_section_3_2_tables-047,table,Flange-web weld verification table,,,,NOR-011,SRC-calculation_chapter_03_section_3_2_tables-047,calc_pdf_p667-669,,HIGH,UNVERIFIED,CALC_ONLY,CANDIDATE_ONLY,,,,GOLDEN_ELIGIBLE,Calculation table record.
RP-705,ENT-LINE-ACL,report,report.table.SRC-calculation_chapter_03_section_3_2_tables-048,table,Steel weight comparison,,,,NOR-011,SRC-calculation_chapter_03_section_3_2_tables-048,calc_pdf_p669,,HIGH,UNVERIFIED,CALC_ONLY,CANDIDATE_ONLY,,,,GOLDEN_ELIGIBLE,Calculation table record.
RP-706,ENT-LINE-ACL,report,report.table.SRC-calculation_chapter_03_section_3_2_tables-049,table,Steel weight totals,,,,NOR-011,SRC-calculation_chapter_03_section_3_2_tables-049,calc_pdf_p669,,HIGH,UNVERIFIED,CALC_ONLY,CANDIDATE_ONLY,,,,GOLDEN_ELIGIBLE,Calculation table record.
RP-778,ENT-LINE-ACL,report,report.table.CAL-TBL-P00685-001,table,風荷重計算,,,,NOR-011,CAL-TBL-P00685-001,calc_pdf_p685,,HIGH,UNVERIFIED,CALC_ONLY,CANDIDATE_ONLY,,,,GOLDEN_ELIGIBLE,Calculation table record.
RP-779,ENT-LINE-ACL,report,report.table.CAL-TBL-P00685-002,table,風荷重計算,,,,NOR-011,CAL-TBL-P00685-002,calc_pdf_p685,,HIGH,UNVERIFIED,CALC_ONLY,CANDIDATE_ONLY,,,,GOLDEN_ELIGIBLE,Calculation table record.
RP-780,ENT-LINE-ACL,report,report.table.CAL-TBL-P00685-003,table,風荷重計算,,,,NOR-011,CAL-TBL-P00685-003,calc_pdf_p685,,HIGH,UNVERIFIED,CALC_ONLY,CANDIDATE_ONLY,,,,GOLDEN_ELIGIBLE,Calculation table record.
RP-781,ENT-LINE-ACL,report,report.table.CAL-TBL-P00685-004,table,風荷重計算,,,,NOR-011,CAL-TBL-P00685-004,calc_pdf_p685,,HIGH,UNVERIFIED,CALC_ONLY,CANDIDATE_ONLY,,,,GOLDEN_ELIGIBLE,Calculation table record.
RP-782,ENT-LINE-ACL,report,report.table.CAL-TBL-P00685-005,table,風荷重計算,,,,NOR-011,CAL-TBL-P00685-005,calc_pdf_p685,,HIGH,UNVERIFIED,CALC_ONLY,CANDIDATE_ONLY,,,,GOLDEN_ELIGIBLE,Calculation table record.
RP-783,ENT-LINE-ACL,report,report.table.CAL-TBL-P00686-001,table,地震荷重,,,,NOR-011,CAL-TBL-P00686-001,calc_pdf_p686,,HIGH,UNVERIFIED,CALC_ONLY,CANDIDATE_ONLY,,,,GOLDEN_ELIGIBLE,Calculation table record.
RP-784,ENT-LINE-ACL,report,report.table.CAL-TBL-P00686-002,table,地震荷重,,,,NOR-011,CAL-TBL-P00686-002,calc_pdf_p686,,HIGH,UNVERIFIED,CALC_ONLY,CANDIDATE_ONLY,,,,GOLDEN_ELIGIBLE,Calculation table record.
RP-785,ENT-LINE-ACL,report,report.table.CAL-TBL-P00686-003,table,水平反力表,,,,NOR-011,CAL-TBL-P00686-003,calc_pdf_p686,,HIGH,UNVERIFIED,CALC_ONLY,CANDIDATE_ONLY,,,,GOLDEN_ELIGIBLE,Calculation table record.
RP-786,ENT-LINE-ACL,report,report.table.CAL-TBL-P00686-004,table,水平反力表,,,,NOR-011,CAL-TBL-P00686-004,calc_pdf_p686,,HIGH,UNVERIFIED,CALC_ONLY,CANDIDATE_ONLY,,,,GOLDEN_ELIGIBLE,Calculation table record.
RP-787,ENT-LINE-ACL,report,report.table.CAL-TBL-P00686-005,table,水平反力表,,,,NOR-011,CAL-TBL-P00686-005,calc_pdf_p686,,HIGH,UNVERIFIED,CALC_ONLY,CANDIDATE_ONLY,,,,GOLDEN_ELIGIBLE,Calculation table record.
RP-836,ENT-LINE-ACL,report,report.table.CAL-TBL-P00767-001,table,死荷重曲げ,,,,NOR-011,CAL-TBL-P00767-001,calc_pdf_p767,,HIGH,UNVERIFIED,CALC_ONLY,CANDIDATE_ONLY,,,,GOLDEN_ELIGIBLE,Calculation table record.
RP-837,ENT-LINE-ACL,report,report.table.CAL-TBL-P00767-002,table,死荷重曲げ,,,,NOR-011,CAL-TBL-P00767-002,calc_pdf_p767,,HIGH,UNVERIFIED,CALC_ONLY,CANDIDATE_ONLY,,,,GOLDEN_ELIGIBLE,Calculation table record.
RP-838,ENT-LINE-ACL,report,report.table.CAL-TBL-P00767-003,table,死荷重曲げ,,,,NOR-011,CAL-TBL-P00767-003,calc_pdf_p767,,HIGH,UNVERIFIED,CALC_ONLY,CANDIDATE_ONLY,,,,GOLDEN_ELIGIBLE,Calculation table record.
RP-839,ENT-LINE-ACL,report,report.table.CAL-TBL-P00767-004,table,死荷重曲げ,,,,NOR-011,CAL-TBL-P00767-004,calc_pdf_p767,,HIGH,UNVERIFIED,CALC_ONLY,CANDIDATE_ONLY,,,,GOLDEN_ELIGIBLE,Calculation table record.
RP-840,ENT-LINE-ACL,report,report.table.CAL-TBL-P00767-005,table,死荷重曲げ,,,,NOR-011,CAL-TBL-P00767-005,calc_pdf_p767,,HIGH,UNVERIFIED,CALC_ONLY,CANDIDATE_ONLY,,,,GOLDEN_ELIGIBLE,Calculation table record.
RP-841,ENT-LINE-ACL,report,report.table.CAL-TBL-P00767-006,table,死荷重曲げ,,,,NOR-011,CAL-TBL-P00767-006,calc_pdf_p767,,HIGH,UNVERIFIED,CALC_ONLY,CANDIDATE_ONLY,,,,GOLDEN_ELIGIBLE,Calculation table record.
RP-842,ENT-LINE-ACL,report,report.table.CAL-TBL-P00767-007,table,死荷重曲げ,,,,NOR-011,CAL-TBL-P00767-007,calc_pdf_p767,,HIGH,UNVERIFIED,CALC_ONLY,CANDIDATE_ONLY,,,,GOLDEN_ELIGIBLE,Calculation table record.
RP-843,ENT-LINE-ACL,report,report.table.CAL-TBL-P00767-008,table,活荷重曲げ,,,,NOR-011,CAL-TBL-P00767-008,calc_pdf_p767,,HIGH,UNVERIFIED,CALC_ONLY,CANDIDATE_ONLY,,,,GOLDEN_ELIGIBLE,Calculation table record.
RP-844,ENT-LINE-ACL,report,report.table.CAL-TBL-P00767-009,table,活荷重曲げ,,,,NOR-011,CAL-TBL-P00767-009,calc_pdf_p767,,HIGH,UNVERIFIED,CALC_ONLY,CANDIDATE_ONLY,,,,GOLDEN_ELIGIBLE,Calculation table record.
RP-845,ENT-LINE-ACL,report,report.table.CAL-TBL-P00769-001,table,設計断面力,,,,NOR-011,CAL-TBL-P00769-001,calc_pdf_p769,,HIGH,UNVERIFIED,CALC_ONLY,CANDIDATE_ONLY,,,,GOLDEN_ELIGIBLE,Calculation table record.
RP-846,ENT-LINE-ACL,report,report.table.CAL-TBL-P00769-002,table,設計断面力,,,,NOR-011,CAL-TBL-P00769-002,calc_pdf_p769,,HIGH,UNVERIFIED,CALC_ONLY,CANDIDATE_ONLY,,,,GOLDEN_ELIGIBLE,Calculation table record.
RP-847,ENT-LINE-ACL,report,report.table.CAL-TBL-P00770-001,table,断面諸元,,,,NOR-011,CAL-TBL-P00770-001,calc_pdf_p770,,HIGH,UNVERIFIED,CALC_ONLY,CANDIDATE_ONLY,,,,GOLDEN_ELIGIBLE,Calculation table record.
RP-848,ENT-LINE-ACL,report,report.table.CAL-TBL-P00770-002,table,断面諸元,,,,NOR-011,CAL-TBL-P00770-002,calc_pdf_p770,,HIGH,UNVERIFIED,CALC_ONLY,CANDIDATE_ONLY,,,,GOLDEN_ELIGIBLE,Calculation table record.
RP-849,ENT-LINE-ACL,report,report.table.CAL-TBL-P00770-003,table,断面諸元,,,,NOR-011,CAL-TBL-P00770-003,calc_pdf_p770,,HIGH,UNVERIFIED,CALC_ONLY,CANDIDATE_ONLY,,,,GOLDEN_ELIGIBLE,Calculation table record.
RP-850,ENT-LINE-ACL,report,report.table.CAL-TBL-P00770-004,table,断面諸元,,,,NOR-011,CAL-TBL-P00770-004,calc_pdf_p770,,HIGH,UNVERIFIED,CALC_ONLY,CANDIDATE_ONLY,,,,GOLDEN_ELIGIBLE,Calculation table record.
RP-851,ENT-LINE-ACL,report,report.table.CAL-TBL-P00771-001,table,応力度照査,,,,NOR-011,CAL-TBL-P00771-001,calc_pdf_p771,,HIGH,UNVERIFIED,CALC_ONLY,CANDIDATE_ONLY,,,,GOLDEN_ELIGIBLE,Calculation table record.
RP-852,ENT-LINE-ACL,report,report.table.CAL-TBL-P00771-002,table,応力度照査,,,,NOR-011,CAL-TBL-P00771-002,calc_pdf_p771,,HIGH,UNVERIFIED,CALC_ONLY,CANDIDATE_ONLY,,,,GOLDEN_ELIGIBLE,Calculation table record.
RP-853,ENT-LINE-ACL,report,report.table.CAL-TBL-P00772-001,table,せん断照査,,,,NOR-011,CAL-TBL-P00772-001,calc_pdf_p772,,HIGH,UNVERIFIED,CALC_ONLY,CANDIDATE_ONLY,,,,GOLDEN_ELIGIBLE,Calculation table record.
RP-854,ENT-LINE-ACL,report,report.table.CAL-TBL-P00772-002,table,せん断照査,,,,NOR-011,CAL-TBL-P00772-002,calc_pdf_p772,,HIGH,UNVERIFIED,CALC_ONLY,CANDIDATE_ONLY,,,,GOLDEN_ELIGIBLE,Calculation table record.
RP-893,ENT-LINE-ACL,report,report.table.CAL-TBL-P00790-001,table,断面種類,,,,NOR-011,CAL-TBL-P00790-001,calc_pdf_p790,,HIGH,UNVERIFIED,CALC_ONLY,CANDIDATE_ONLY,,,,GOLDEN_ELIGIBLE,Calculation table record.
RP-894,ENT-LINE-ACL,report,report.table.CAL-TBL-P00790-002,table,断面種類,,,,NOR-011,CAL-TBL-P00790-002,calc_pdf_p790,,HIGH,UNVERIFIED,CALC_ONLY,CANDIDATE_ONLY,,,,GOLDEN_ELIGIBLE,Calculation table record.
RP-895,ENT-LINE-ACL,report,report.table.CAL-TBL-P00790-003,table,断面種類,,,,NOR-011,CAL-TBL-P00790-003,calc_pdf_p790,,HIGH,UNVERIFIED,CALC_ONLY,CANDIDATE_ONLY,,,,GOLDEN_ELIGIBLE,Calculation table record.
RP-896,ENT-LINE-ACL,report,report.table.CAL-TBL-P00790-004,table,断面種類,,,,NOR-011,CAL-TBL-P00790-004,calc_pdf_p790,,HIGH,UNVERIFIED,CALC_ONLY,CANDIDATE_ONLY,,,,GOLDEN_ELIGIBLE,Calculation table record.
RP-897,ENT-LINE-ACL,report,report.table.CAL-TBL-P00791-001,table,設計荷重,,,,NOR-011,CAL-TBL-P00791-001,calc_pdf_p791,,HIGH,UNVERIFIED,CALC_ONLY,CANDIDATE_ONLY,,,,GOLDEN_ELIGIBLE,Calculation table record.
RP-898,ENT-LINE-ACL,report,report.table.CAL-TBL-P00791-002,table,設計荷重,,,,NOR-011,CAL-TBL-P00791-002,calc_pdf_p791,,HIGH,UNVERIFIED,CALC_ONLY,CANDIDATE_ONLY,,,,GOLDEN_ELIGIBLE,Calculation table record.
RP-899,ENT-LINE-ACL,report,report.table.CAL-TBL-P00792-001,table,部材軸力,,,,NOR-011,CAL-TBL-P00792-001,calc_pdf_p792,,HIGH,UNVERIFIED,CALC_ONLY,CANDIDATE_ONLY,,,,GOLDEN_ELIGIBLE,Calculation table record.
RP-900,ENT-LINE-ACL,report,report.table.CAL-TBL-P00792-002,table,部材軸力,,,,NOR-011,CAL-TBL-P00792-002,calc_pdf_p792,,HIGH,UNVERIFIED,CALC_ONLY,CANDIDATE_ONLY,,,,GOLDEN_ELIGIBLE,Calculation table record.
RP-901,ENT-LINE-ACL,report,report.table.CAL-TBL-P00792-003,table,部材軸力,,,,NOR-011,CAL-TBL-P00792-003,calc_pdf_p792,,HIGH,UNVERIFIED,CALC_ONLY,CANDIDATE_ONLY,,,,GOLDEN_ELIGIBLE,Calculation table record.
RP-949,ENT-LINE-ACL,report,report.table.CAL-TBL-P00819-001,table,S1 Ac,,,,NOR-011,CAL-TBL-P00819-001,calc_pdf_p819,,HIGH,UNVERIFIED,CALC_ONLY,CANDIDATE_ONLY,,,,GOLDEN_ELIGIBLE,Calculation table record.
RP-950,ENT-LINE-ACL,report,report.table.CAL-TBL-P00819-002,table,S1 Asreq,,,,NOR-011,CAL-TBL-P00819-002,calc_pdf_p819,,HIGH,UNVERIFIED,CALC_ONLY,CANDIDATE_ONLY,,,,GOLDEN_ELIGIBLE,Calculation table record.
RP-951,ENT-LINE-ACL,report,report.table.CAL-TBL-P00819-003,table,S1 D19 nreq,,,,NOR-011,CAL-TBL-P00819-003,calc_pdf_p819,,HIGH,UNVERIFIED,CALC_ONLY,CANDIDATE_ONLY,,,,GOLDEN_ELIGIBLE,Calculation table record.
RP-952,ENT-LINE-ACL,report,report.table.CAL-TBL-P00820-001,table,S2 Ac,,,,NOR-011,CAL-TBL-P00820-001,calc_pdf_p820,,HIGH,UNVERIFIED,CALC_ONLY,CANDIDATE_ONLY,,,,GOLDEN_ELIGIBLE,Calculation table record.
RP-953,ENT-LINE-ACL,report,report.table.CAL-TBL-P00820-002,table,S2 Asreq,,,,NOR-011,CAL-TBL-P00820-002,calc_pdf_p820,,HIGH,UNVERIFIED,CALC_ONLY,CANDIDATE_ONLY,,,,GOLDEN_ELIGIBLE,Calculation table record.
RP-954,ENT-LINE-ACL,report,report.table.CAL-TBL-P00820-003,table,S2 D19 nreq,,,,NOR-011,CAL-TBL-P00820-003,calc_pdf_p820,,HIGH,UNVERIFIED,CALC_ONLY,CANDIDATE_ONLY,,,,GOLDEN_ELIGIBLE,Calculation table record.
RP-955,ENT-LINE-ACL,report,report.table.CAL-TBL-P00821-001,table,PR1 Ac,,,,NOR-011,CAL-TBL-P00821-001,calc_pdf_p821,,HIGH,UNVERIFIED,CALC_ONLY,CANDIDATE_ONLY,,,,GOLDEN_ELIGIBLE,Calculation table record.
RP-956,ENT-LINE-ACL,report,report.table.CAL-TBL-P00821-002,table,PR1 Asreq,,,,NOR-011,CAL-TBL-P00821-002,calc_pdf_p821,,HIGH,UNVERIFIED,CALC_ONLY,CANDIDATE_ONLY,,,,GOLDEN_ELIGIBLE,Calculation table record.
RP-957,ENT-LINE-ACL,report,report.table.CAL-TBL-P00821-003,table,PR1 D19 nreq,,,,NOR-011,CAL-TBL-P00821-003,calc_pdf_p821,,HIGH,UNVERIFIED,CALC_ONLY,CANDIDATE_ONLY,,,,GOLDEN_ELIGIBLE,Calculation table record.
RP-999,ENT-LINE-ACL,report,report.table.CAL-TBL-P00845-001,table,照査条件,,,,NOR-011,CAL-TBL-P00845-001,calc_pdf_p845,,HIGH,UNVERIFIED,CALC_ONLY,CANDIDATE_ONLY,,,,GOLDEN_ELIGIBLE,Calculation table record.
RP-1000,ENT-LINE-ACL,report,report.table.CAL-TBL-P00845-002,table,照査条件,,,,NOR-011,CAL-TBL-P00845-002,calc_pdf_p845,,HIGH,UNVERIFIED,CALC_ONLY,CANDIDATE_ONLY,,,,GOLDEN_ELIGIBLE,Calculation table record.
RP-1001,ENT-LINE-ACL,report,report.table.CAL-TBL-P00845-003,table,照査条件,,,,NOR-011,CAL-TBL-P00845-003,calc_pdf_p845,,HIGH,UNVERIFIED,CALC_ONLY,CANDIDATE_ONLY,,,,GOLDEN_ELIGIBLE,Calculation table record.
RP-1002,ENT-LINE-ACL,report,report.table.CAL-TBL-P00850-001,table,No.1断面,,,,NOR-011,CAL-TBL-P00850-001,calc_pdf_p850,,HIGH,UNVERIFIED,CALC_ONLY,CANDIDATE_ONLY,,,,GOLDEN_ELIGIBLE,Calculation table record.
RP-1003,ENT-LINE-ACL,report,report.table.CAL-TBL-P00850-002,table,No.1断面,,,,NOR-011,CAL-TBL-P00850-002,calc_pdf_p850,,HIGH,UNVERIFIED,CALC_ONLY,CANDIDATE_ONLY,,,,GOLDEN_ELIGIBLE,Calculation table record.
RP-1004,ENT-LINE-ACL,report,report.table.CAL-TBL-P00850-003,table,No.1断面,,,,NOR-011,CAL-TBL-P00850-003,calc_pdf_p850,,HIGH,UNVERIFIED,CALC_ONLY,CANDIDATE_ONLY,,,,GOLDEN_ELIGIBLE,Calculation table record.
RP-1005,ENT-LINE-ACL,report,report.table.CAL-TBL-P00851-001,table,No.1応力範囲,,,,NOR-011,CAL-TBL-P00851-001,calc_pdf_p851,,HIGH,UNVERIFIED,CALC_ONLY,CANDIDATE_ONLY,,,,GOLDEN_ELIGIBLE,Calculation table record.
RP-1006,ENT-LINE-ACL,report,report.table.CAL-TBL-P00851-002,table,No.1応力範囲,,,,NOR-011,CAL-TBL-P00851-002,calc_pdf_p851,,HIGH,UNVERIFIED,CALC_ONLY,CANDIDATE_ONLY,,,,GOLDEN_ELIGIBLE,Calculation table record.
RP-1007,ENT-LINE-ACL,report,report.table.CAL-TBL-P00851-003,table,No.1応力範囲,,,,NOR-011,CAL-TBL-P00851-003,calc_pdf_p851,,HIGH,UNVERIFIED,CALC_ONLY,CANDIDATE_ONLY,,,,GOLDEN_ELIGIBLE,Calculation table record.
RP-1008,ENT-LINE-ACL,report,report.table.CAL-TBL-P00852-001,table,No.1損傷度,,,,NOR-011,CAL-TBL-P00852-001,calc_pdf_p852,,HIGH,UNVERIFIED,CALC_ONLY,CANDIDATE_ONLY,,,,GOLDEN_ELIGIBLE,Calculation table record.
RP-1009,ENT-LINE-ACL,report,report.table.CAL-TBL-P00852-002,table,No.1損傷度,,,,NOR-011,CAL-TBL-P00852-002,calc_pdf_p852,,HIGH,UNVERIFIED,CALC_ONLY,CANDIDATE_ONLY,,,,GOLDEN_ELIGIBLE,Calculation table record.
RP-1010,ENT-LINE-ACL,report,report.table.CAL-TBL-P00852-003,table,No.1損傷度,,,,NOR-011,CAL-TBL-P00852-003,calc_pdf_p852,,HIGH,UNVERIFIED,CALC_ONLY,CANDIDATE_ONLY,,,,GOLDEN_ELIGIBLE,Calculation table record.
RP-1011,ENT-LINE-ACL,report,report.table.CAL-TBL-P00853-001,table,No.2断面,,,,NOR-011,CAL-TBL-P00853-001,calc_pdf_p853,,HIGH,UNVERIFIED,CALC_ONLY,CANDIDATE_ONLY,,,,GOLDEN_ELIGIBLE,Calculation table record.
RP-1012,ENT-LINE-ACL,report,report.table.CAL-TBL-P00853-002,table,No.2断面,,,,NOR-011,CAL-TBL-P00853-002,calc_pdf_p853,,HIGH,UNVERIFIED,CALC_ONLY,CANDIDATE_ONLY,,,,GOLDEN_ELIGIBLE,Calculation table record.
RP-1013,ENT-LINE-ACL,report,report.table.CAL-TBL-P00854-001,table,No.2応力範囲,,,,NOR-011,CAL-TBL-P00854-001,calc_pdf_p854,,HIGH,UNVERIFIED,CALC_ONLY,CANDIDATE_ONLY,,,,GOLDEN_ELIGIBLE,Calculation table record.
RP-1014,ENT-LINE-ACL,report,report.table.CAL-TBL-P00854-002,table,No.2応力範囲,,,,NOR-011,CAL-TBL-P00854-002,calc_pdf_p854,,HIGH,UNVERIFIED,CALC_ONLY,CANDIDATE_ONLY,,,,GOLDEN_ELIGIBLE,Calculation table record.
RP-1112,ENT-LINE-ACL,report,report.table.CAL-TBL-P00876-001,table,合成前死荷重一覧(床版),,,,NOR-011,CAL-TBL-P00876-001,calc_pdf_p876,,HIGH,UNVERIFIED,CALC_ONLY,CANDIDATE_ONLY,,,,GOLDEN_ELIGIBLE,Calculation table record.
RP-1113,ENT-LINE-ACL,report,report.table.CAL-TBL-P00876-002,table,合成前死荷重一覧(床版),,,,NOR-011,CAL-TBL-P00876-002,calc_pdf_p876,,HIGH,UNVERIFIED,CALC_ONLY,CANDIDATE_ONLY,,,,GOLDEN_ELIGIBLE,Calculation table record.
RP-1114,ENT-LINE-ACL,report,report.table.CAL-TBL-P00876-003,table,合成前死荷重一覧(床版),,,,NOR-011,CAL-TBL-P00876-003,calc_pdf_p876,,HIGH,UNVERIFIED,CALC_ONLY,CANDIDATE_ONLY,,,,GOLDEN_ELIGIBLE,Calculation table record.
RP-1115,ENT-LINE-ACL,report,report.table.CAL-TBL-P00876-004,table,合成前死荷重一覧(ハンチ),,,,NOR-011,CAL-TBL-P00876-004,calc_pdf_p876,,HIGH,UNVERIFIED,CALC_ONLY,CANDIDATE_ONLY,,,,GOLDEN_ELIGIBLE,Calculation table record.
RP-1116,ENT-LINE-ACL,report,report.table.CAL-TBL-P00876-005,table,合成前死荷重一覧(鋼重),,,,NOR-011,CAL-TBL-P00876-005,calc_pdf_p876,,HIGH,UNVERIFIED,CALC_ONLY,CANDIDATE_ONLY,,,,GOLDEN_ELIGIBLE,Calculation table record.
RP-1117,ENT-LINE-ACL,report,report.table.CAL-TBL-P00876-006,table,合成前死荷重一覧(検査路),,,,NOR-011,CAL-TBL-P00876-006,calc_pdf_p876,,HIGH,UNVERIFIED,CALC_ONLY,CANDIDATE_ONLY,,,,GOLDEN_ELIGIBLE,Calculation table record.
RP-1118,ENT-LINE-ACL,report,report.table.CAL-TBL-P00882-001,table,合成後死荷重一覧(舗装),,,,NOR-011,CAL-TBL-P00882-001,calc_pdf_p882,,HIGH,UNVERIFIED,CALC_ONLY,CANDIDATE_ONLY,,,,GOLDEN_ELIGIBLE,Calculation table record.
RP-1119,ENT-LINE-ACL,report,report.table.CAL-TBL-P00882-002,table,合成後死荷重一覧(舗装),,,,NOR-011,CAL-TBL-P00882-002,calc_pdf_p882,,HIGH,UNVERIFIED,CALC_ONLY,CANDIDATE_ONLY,,,,GOLDEN_ELIGIBLE,Calculation table record.
RP-1120,ENT-LINE-ACL,report,report.table.CAL-TBL-P00882-003,table,合成後死荷重一覧(舗装),,,,NOR-011,CAL-TBL-P00882-003,calc_pdf_p882,,HIGH,UNVERIFIED,CALC_ONLY,CANDIDATE_ONLY,,,,GOLDEN_ELIGIBLE,Calculation table record.
RP-1121,ENT-LINE-ACL,report,report.table.CAL-TBL-P00882-004,table,合成後死荷重一覧(壁高欄),,,,NOR-011,CAL-TBL-P00882-004,calc_pdf_p882,,HIGH,UNVERIFIED,CALC_ONLY,CANDIDATE_ONLY,,,,GOLDEN_ELIGIBLE,Calculation table record.
RP-1122,ENT-LINE-ACL,report,report.table.CAL-TBL-P00882-005,table,合成後死荷重一覧(壁高欄),,,,NOR-011,CAL-TBL-P00882-005,calc_pdf_p882,,HIGH,UNVERIFIED,CALC_ONLY,CANDIDATE_ONLY,,,,GOLDEN_ELIGIBLE,Calculation table record.
RP-1123,ENT-LINE-ACL,report,report.table.CAL-TBL-P00882-006,table,合成後死荷重一覧(遮音壁),,,,NOR-011,CAL-TBL-P00882-006,calc_pdf_p882,,HIGH,UNVERIFIED,CALC_ONLY,CANDIDATE_ONLY,,,,GOLDEN_ELIGIBLE,Calculation table record.
RP-1124,ENT-LINE-ACL,report,report.table.CAL-TBL-P00882-007,table,合成後死荷重一覧(遮音壁),,,,NOR-011,CAL-TBL-P00882-007,calc_pdf_p882,,HIGH,UNVERIFIED,CALC_ONLY,CANDIDATE_ONLY,,,,GOLDEN_ELIGIBLE,Calculation table record.
RP-1125,ENT-LINE-ACL,report,report.table.CAL-TBL-P00882-008,table,合成後死荷重一覧(地覆),,,,NOR-011,CAL-TBL-P00882-008,calc_pdf_p882,,HIGH,UNVERIFIED,CALC_ONLY,CANDIDATE_ONLY,,,,GOLDEN_ELIGIBLE,Calculation table record.
RP-1126,ENT-LINE-ACL,report,report.table.CAL-TBL-P00893-001,table,衝撃係数一覧,,,,NOR-011,CAL-TBL-P00893-001,calc_pdf_p893,,HIGH,UNVERIFIED,CALC_ONLY,CANDIDATE_ONLY,,,,GOLDEN_ELIGIBLE,Calculation table record.
RP-1127,ENT-LINE-ACL,report,report.table.CAL-TBL-P00893-002,table,衝撃係数一覧,,,,NOR-011,CAL-TBL-P00893-002,calc_pdf_p893,,HIGH,UNVERIFIED,CALC_ONLY,CANDIDATE_ONLY,,,,GOLDEN_ELIGIBLE,Calculation table record.
RP-1128,ENT-LINE-ACL,report,report.table.CAL-TBL-P00893-003,table,衝撃係数一覧,,,,NOR-011,CAL-TBL-P00893-003,calc_pdf_p893,,HIGH,UNVERIFIED,CALC_ONLY,CANDIDATE_ONLY,,,,GOLDEN_ELIGIBLE,Calculation table record.
RP-1129,ENT-LINE-ACL,report,report.table.CAL-TBL-P00893-004,table,衝撃係数一覧,,,,NOR-011,CAL-TBL-P00893-004,calc_pdf_p893,,HIGH,UNVERIFIED,CALC_ONLY,CANDIDATE_ONLY,,,,GOLDEN_ELIGIBLE,Calculation table record.
RP-1130,ENT-LINE-ACL,report,report.table.CAL-TBL-P00893-005,table,衝撃係数一覧,,,,NOR-011,CAL-TBL-P00893-005,calc_pdf_p893,,HIGH,UNVERIFIED,CALC_ONLY,CANDIDATE_ONLY,,,,GOLDEN_ELIGIBLE,Calculation table record.
RP-1131,ENT-LINE-ACL,report,report.table.CAL-TBL-P00893-006,table,衝撃係数一覧,,,,NOR-011,CAL-TBL-P00893-006,calc_pdf_p893,,HIGH,UNVERIFIED,CALC_ONLY,CANDIDATE_ONLY,,,,GOLDEN_ELIGIBLE,Calculation table record.
RP-1132,ENT-LINE-ACL,report,report.table.CAL-TBL-P00893-007,table,衝撃係数一覧,,,,NOR-011,CAL-TBL-P00893-007,calc_pdf_p893,,HIGH,UNVERIFIED,CALC_ONLY,CANDIDATE_ONLY,,,,GOLDEN_ELIGIBLE,Calculation table record.
RP-1133,ENT-LINE-ACL,report,report.table.CAL-TBL-P00901-001,table,格点座標 AG1桁,,,,NOR-011,CAL-TBL-P00901-001,calc_pdf_p901,,HIGH,UNVERIFIED,CALC_ONLY,CANDIDATE_ONLY,,,,GOLDEN_ELIGIBLE,Calculation table record.
RP-1134,ENT-LINE-ACL,report,report.table.CAL-TBL-P00901-002,table,格点座標 AG2桁,,,,NOR-011,CAL-TBL-P00901-002,calc_pdf_p901,,HIGH,UNVERIFIED,CALC_ONLY,CANDIDATE_ONLY,,,,GOLDEN_ELIGIBLE,Calculation table record.
RP-1264,ENT-LINE-ACL,report,report.table.CAL-TBL-P01299-001,table,鋼桁断面諸量 AG1 Sec-1,,,,NOR-011,CAL-TBL-P01299-001,calc_pdf_p1299,,HIGH,UNVERIFIED,CALC_ONLY,CANDIDATE_ONLY,,,,GOLDEN_ELIGIBLE,Calculation table record.
RP-1265,ENT-LINE-ACL,report,report.table.CAL-TBL-P01299-002,table,鋼桁断面諸量 AG1 Sec-1,,,,NOR-011,CAL-TBL-P01299-002,calc_pdf_p1299,,HIGH,UNVERIFIED,CALC_ONLY,CANDIDATE_ONLY,,,,GOLDEN_ELIGIBLE,Calculation table record.
RP-1266,ENT-LINE-ACL,report,report.table.CAL-TBL-P01299-003,table,鋼桁断面諸量 AG1 Sec-1,,,,NOR-011,CAL-TBL-P01299-003,calc_pdf_p1299,,HIGH,UNVERIFIED,CALC_ONLY,CANDIDATE_ONLY,,,,GOLDEN_ELIGIBLE,Calculation table record.
RP-1267,ENT-LINE-ACL,report,report.table.CAL-TBL-P01299-004,table,鋼桁断面諸量 AG1 Sec-1,,,,NOR-011,CAL-TBL-P01299-004,calc_pdf_p1299,,HIGH,UNVERIFIED,CALC_ONLY,CANDIDATE_ONLY,,,,GOLDEN_ELIGIBLE,Calculation table record.
RP-1268,ENT-LINE-ACL,report,report.table.CAL-TBL-P01299-005,table,鋼桁断面諸量 AG1 Sec-1,,,,NOR-011,CAL-TBL-P01299-005,calc_pdf_p1299,,HIGH,UNVERIFIED,CALC_ONLY,CANDIDATE_ONLY,,,,GOLDEN_ELIGIBLE,Calculation table record.
RP-1269,ENT-LINE-ACL,report,report.table.CAL-TBL-P01299-006,table,鋼桁断面諸量 AG1 Sec-1,,,,NOR-011,CAL-TBL-P01299-006,calc_pdf_p1299,,HIGH,UNVERIFIED,CALC_ONLY,CANDIDATE_ONLY,,,,GOLDEN_ELIGIBLE,Calculation table record.
RP-1270,ENT-LINE-ACL,report,report.table.CAL-TBL-P01299-007,table,鋼桁断面諸量 AG1 Sec-1,,,,NOR-011,CAL-TBL-P01299-007,calc_pdf_p1299,,HIGH,UNVERIFIED,CALC_ONLY,CANDIDATE_ONLY,,,,GOLDEN_ELIGIBLE,Calculation table record.
RP-1271,ENT-LINE-ACL,report,report.table.CAL-TBL-P01299-008,table,鋼桁断面諸量 AG1 Sec-1,,,,NOR-011,CAL-TBL-P01299-008,calc_pdf_p1299,,HIGH,UNVERIFIED,CALC_ONLY,CANDIDATE_ONLY,,,,GOLDEN_ELIGIBLE,Calculation table record.
RP-1272,ENT-LINE-ACL,report,report.table.CAL-TBL-P01299-009,table,合成断面諸量(n=7) AG1 Sec-1,,,,NOR-011,CAL-TBL-P01299-009,calc_pdf_p1299,,HIGH,UNVERIFIED,CALC_ONLY,CANDIDATE_ONLY,,,,GOLDEN_ELIGIBLE,Calculation table record.
RP-1273,ENT-LINE-ACL,report,report.table.CAL-TBL-P01299-010,table,合成断面諸量(n=7) AG1 Sec-1,,,,NOR-011,CAL-TBL-P01299-010,calc_pdf_p1299,,HIGH,UNVERIFIED,CALC_ONLY,CANDIDATE_ONLY,,,,GOLDEN_ELIGIBLE,Calculation table record.
RP-1274,ENT-LINE-ACL,report,report.table.CAL-TBL-P01299-011,table,合成断面諸量(n=7) AG1 Sec-1,,,,NOR-011,CAL-TBL-P01299-011,calc_pdf_p1299,,HIGH,UNVERIFIED,CALC_ONLY,CANDIDATE_ONLY,,,,GOLDEN_ELIGIBLE,Calculation table record.
RP-1275,ENT-LINE-ACL,report,report.table.CAL-TBL-P01299-012,table,合成断面諸量(n=7) AG1 Sec-1,,,,NOR-011,CAL-TBL-P01299-012,calc_pdf_p1299,,HIGH,UNVERIFIED,CALC_ONLY,CANDIDATE_ONLY,,,,GOLDEN_ELIGIBLE,Calculation table record.
RP-1276,ENT-LINE-ACL,report,report.table.CAL-TBL-P01299-013,table,合成断面諸量(n=7) AG1 Sec-1,,,,NOR-011,CAL-TBL-P01299-013,calc_pdf_p1299,,HIGH,UNVERIFIED,CALC_ONLY,CANDIDATE_ONLY,,,,GOLDEN_ELIGIBLE,Calculation table record.
RP-1277,ENT-LINE-ACL,report,report.table.CAL-TBL-P01299-014,table,合成断面諸量(n=7) AG1 Sec-1,,,,NOR-011,CAL-TBL-P01299-014,calc_pdf_p1299,,HIGH,UNVERIFIED,CALC_ONLY,CANDIDATE_ONLY,,,,GOLDEN_ELIGIBLE,Calculation table record.
RP-1278,ENT-LINE-ACL,report,report.table.CAL-TBL-P01299-015,table,合成断面諸量(n=7) AG1 Sec-1,,,,NOR-011,CAL-TBL-P01299-015,calc_pdf_p1299,,HIGH,UNVERIFIED,CALC_ONLY,CANDIDATE_ONLY,,,,GOLDEN_ELIGIBLE,Calculation table record.
RP-1279,ENT-LINE-ACL,report,report.table.CAL-TBL-P01299-016,table,合成断面諸量(クリープn=14) AG1 Sec-1,,,,NOR-011,CAL-TBL-P01299-016,calc_pdf_p1299,,HIGH,UNVERIFIED,CALC_ONLY,CANDIDATE_ONLY,,,,GOLDEN_ELIGIBLE,Calculation table record.
RP-1280,ENT-LINE-ACL,report,report.table.CAL-TBL-P01299-017,table,合成断面諸量(クリープn=14) AG1 Sec-1,,,,NOR-011,CAL-TBL-P01299-017,calc_pdf_p1299,,HIGH,UNVERIFIED,CALC_ONLY,CANDIDATE_ONLY,,,,GOLDEN_ELIGIBLE,Calculation table record.
RP-1281,ENT-LINE-ACL,report,report.table.CAL-TBL-P01299-018,table,合成断面諸量(クリープn=14) AG1 Sec-1,,,,NOR-011,CAL-TBL-P01299-018,calc_pdf_p1299,,HIGH,UNVERIFIED,CALC_ONLY,CANDIDATE_ONLY,,,,GOLDEN_ELIGIBLE,Calculation table record.
RP-1282,ENT-LINE-ACL,report,report.table.CAL-TBL-P01299-019,table,合成断面諸量(乾燥収縮n=21) AG1 Sec-1,,,,NOR-011,CAL-TBL-P01299-019,calc_pdf_p1299,,HIGH,UNVERIFIED,CALC_ONLY,CANDIDATE_ONLY,,,,GOLDEN_ELIGIBLE,Calculation table record.
RP-1283,ENT-LINE-ACL,report,report.table.CAL-TBL-P01299-020,table,合成断面諸量(乾燥収縮n=21) AG1 Sec-1,,,,NOR-011,CAL-TBL-P01299-020,calc_pdf_p1299,,HIGH,UNVERIFIED,CALC_ONLY,CANDIDATE_ONLY,,,,GOLDEN_ELIGIBLE,Calculation table record.
RP-1284,ENT-LINE-ACL,report,report.table.CAL-TBL-P01299-021,table,合成断面諸量(乾燥収縮n=21) AG1 Sec-1,,,,NOR-011,CAL-TBL-P01299-021,calc_pdf_p1299,,HIGH,UNVERIFIED,CALC_ONLY,CANDIDATE_ONLY,,,,GOLDEN_ELIGIBLE,Calculation table record.
RP-1285,ENT-LINE-ACL,report,report.table.CAL-TBL-P01319-001,table,断面力及び計算条件 AG1 Sec-1 Sup-1,,,,NOR-011,CAL-TBL-P01319-001,calc_pdf_p1319,,HIGH,UNVERIFIED,CALC_ONLY,CANDIDATE_ONLY,,,,GOLDEN_ELIGIBLE,Calculation table record.
RP-1286,ENT-LINE-ACL,report,report.table.CAL-TBL-P01319-002,table,断面力及び計算条件 AG1 Sec-1 Sup-1,,,,NOR-011,CAL-TBL-P01319-002,calc_pdf_p1319,,HIGH,UNVERIFIED,CALC_ONLY,CANDIDATE_ONLY,,,,GOLDEN_ELIGIBLE,Calculation table record.
RP-1287,ENT-LINE-ACL,report,report.table.CAL-TBL-P01319-003,table,断面力及び計算条件 AG1 Sec-1 Sup-1,,,,NOR-011,CAL-TBL-P01319-003,calc_pdf_p1319,,HIGH,UNVERIFIED,CALC_ONLY,CANDIDATE_ONLY,,,,GOLDEN_ELIGIBLE,Calculation table record.
RP-1288,ENT-LINE-ACL,report,report.table.CAL-TBL-P01319-004,table,断面力及び計算条件 AG1 Sec-1 Sup-1,,,,NOR-011,CAL-TBL-P01319-004,calc_pdf_p1319,,HIGH,UNVERIFIED,CALC_ONLY,CANDIDATE_ONLY,,,,GOLDEN_ELIGIBLE,Calculation table record.
RP-1289,ENT-LINE-ACL,report,report.table.CAL-TBL-P01319-005,table,断面力及び計算条件 AG1 Sec-1 Sup-1,,,,NOR-011,CAL-TBL-P01319-005,calc_pdf_p1319,,HIGH,UNVERIFIED,CALC_ONLY,CANDIDATE_ONLY,,,,GOLDEN_ELIGIBLE,Calculation table record.
RP-1290,ENT-LINE-ACL,report,report.table.CAL-TBL-P01319-006,table,断面力及び計算条件 AG1 Sec-1 Sup-1,,,,NOR-011,CAL-TBL-P01319-006,calc_pdf_p1319,,HIGH,UNVERIFIED,CALC_ONLY,CANDIDATE_ONLY,,,,GOLDEN_ELIGIBLE,Calculation table record.
RP-1291,ENT-LINE-ACL,report,report.table.CAL-TBL-P01319-007,table,断面力及び計算条件 AG1 Sec-1 Sup-1,,,,NOR-011,CAL-TBL-P01319-007,calc_pdf_p1319,,HIGH,UNVERIFIED,CALC_ONLY,CANDIDATE_ONLY,,,,GOLDEN_ELIGIBLE,Calculation table record.
RP-1292,ENT-LINE-ACL,report,report.table.CAL-TBL-P01319-008,table,断面力及び計算条件 AG1 Sec-1 Sup-1,,,,NOR-011,CAL-TBL-P01319-008,calc_pdf_p1319,,HIGH,UNVERIFIED,CALC_ONLY,CANDIDATE_ONLY,,,,GOLDEN_ELIGIBLE,Calculation table record.
RP-1293,ENT-LINE-ACL,report,report.table.CAL-TBL-P01319-009,table,断面力及び計算条件 AG1 Sec-1 Sup-1,,,,NOR-011,CAL-TBL-P01319-009,calc_pdf_p1319,,HIGH,UNVERIFIED,CALC_ONLY,CANDIDATE_ONLY,,,,GOLDEN_ELIGIBLE,Calculation table record.
RP-1294,ENT-LINE-ACL,report,report.table.CAL-TBL-P01319-010,table,断面力及び計算条件 AG1 Sec-1 Sup-1,,,,NOR-011,CAL-TBL-P01319-010,calc_pdf_p1319,,HIGH,UNVERIFIED,CALC_ONLY,CANDIDATE_ONLY,,,,GOLDEN_ELIGIBLE,Calculation table record.
RP-1295,ENT-LINE-ACL,report,report.table.CAL-TBL-P01319-011,table,断面力及び計算条件 AG1 Sec-1 Sup-1,,,,NOR-011,CAL-TBL-P01319-011,calc_pdf_p1319,,HIGH,UNVERIFIED,CALC_ONLY,CANDIDATE_ONLY,,,,GOLDEN_ELIGIBLE,Calculation table record.
RP-1296,ENT-LINE-ACL,report,report.table.CAL-TBL-P01319-012,table,断面諸量一覧 AG1 Sup-1,,,,NOR-011,CAL-TBL-P01319-012,calc_pdf_p1319,,HIGH,UNVERIFIED,CALC_ONLY,CANDIDATE_ONLY,,,,GOLDEN_ELIGIBLE,Calculation table record.
RP-1297,ENT-LINE-ACL,report,report.table.CAL-TBL-P01319-013,table,断面諸量一覧 AG1 Sup-1,,,,NOR-011,CAL-TBL-P01319-013,calc_pdf_p1319,,HIGH,UNVERIFIED,CALC_ONLY,CANDIDATE_ONLY,,,,GOLDEN_ELIGIBLE,Calculation table record.
RP-1298,ENT-LINE-ACL,report,report.table.CAL-TBL-P01319-014,table,断面諸量一覧 AG1 Sup-1,,,,NOR-011,CAL-TBL-P01319-014,calc_pdf_p1319,,HIGH,UNVERIFIED,CALC_ONLY,CANDIDATE_ONLY,,,,GOLDEN_ELIGIBLE,Calculation table record.
RP-1299,ENT-LINE-ACL,report,report.table.CAL-TBL-P01319-015,table,断面諸量一覧 AG1 Sup-1,,,,NOR-011,CAL-TBL-P01319-015,calc_pdf_p1319,,HIGH,UNVERIFIED,CALC_ONLY,CANDIDATE_ONLY,,,,GOLDEN_ELIGIBLE,Calculation table record.
RP-1300,ENT-LINE-ACL,report,report.table.CAL-TBL-P01319-016,table,断面諸量一覧 AG1 Sup-1,,,,NOR-011,CAL-TBL-P01319-016,calc_pdf_p1319,,HIGH,UNVERIFIED,CALC_ONLY,CANDIDATE_ONLY,,,,GOLDEN_ELIGIBLE,Calculation table record.
RP-1301,ENT-LINE-ACL,report,report.table.CAL-TBL-P01319-017,table,断面諸量一覧 AG1 Sup-1,,,,NOR-011,CAL-TBL-P01319-017,calc_pdf_p1319,,HIGH,UNVERIFIED,CALC_ONLY,CANDIDATE_ONLY,,,,GOLDEN_ELIGIBLE,Calculation table record.
RP-1302,ENT-LINE-ACL,report,report.table.CAL-TBL-P01319-018,table,断面諸量一覧 AG1 Sup-1,,,,NOR-011,CAL-TBL-P01319-018,calc_pdf_p1319,,HIGH,UNVERIFIED,CALC_ONLY,CANDIDATE_ONLY,,,,GOLDEN_ELIGIBLE,Calculation table record.
RP-1303,ENT-LINE-ACL,report,report.table.CAL-TBL-P01319-019,table,断面諸量一覧 AG1 Sup-1,,,,NOR-011,CAL-TBL-P01319-019,calc_pdf_p1319,,HIGH,UNVERIFIED,CALC_ONLY,CANDIDATE_ONLY,,,,GOLDEN_ELIGIBLE,Calculation table record.
RP-1304,ENT-LINE-ACL,report,report.table.CAL-TBL-P01319-020,table,断面諸量一覧 AG1 Sup-1,,,,NOR-011,CAL-TBL-P01319-020,calc_pdf_p1319,,HIGH,UNVERIFIED,CALC_ONLY,CANDIDATE_ONLY,,,,GOLDEN_ELIGIBLE,Calculation table record.
RP-1305,ENT-LINE-ACL,report,report.table.CAL-TBL-P01319-021,table,断面諸量一覧 AG1 Sup-1,,,,NOR-011,CAL-TBL-P01319-021,calc_pdf_p1319,,HIGH,UNVERIFIED,CALC_ONLY,CANDIDATE_ONLY,,,,GOLDEN_ELIGIBLE,Calculation table record.
RP-1306,ENT-LINE-ACL,report,report.table.CAL-TBL-P01319-022,table,断面諸量一覧 AG1 Sup-1,,,,NOR-011,CAL-TBL-P01319-022,calc_pdf_p1319,,HIGH,UNVERIFIED,CALC_ONLY,CANDIDATE_ONLY,,,,GOLDEN_ELIGIBLE,Calculation table record.
RP-1307,ENT-LINE-ACL,report,report.table.CAL-TBL-P01319-023,table,断面諸量一覧 AG1 Sup-1,,,,NOR-011,CAL-TBL-P01319-023,calc_pdf_p1319,,HIGH,UNVERIFIED,CALC_ONLY,CANDIDATE_ONLY,,,,GOLDEN_ELIGIBLE,Calculation table record.
RP-1308,ENT-LINE-ACL,report,report.table.CAL-TBL-P01319-024,table,断面諸量一覧 AG1 Sup-1,,,,NOR-011,CAL-TBL-P01319-024,calc_pdf_p1319,,HIGH,UNVERIFIED,CALC_ONLY,CANDIDATE_ONLY,,,,GOLDEN_ELIGIBLE,Calculation table record.
RP-1309,ENT-LINE-ACL,report,report.table.CAL-TBL-P01319-025,table,断面諸量一覧 AG1 Sup-1,,,,NOR-011,CAL-TBL-P01319-025,calc_pdf_p1319,,HIGH,UNVERIFIED,CALC_ONLY,CANDIDATE_ONLY,,,,GOLDEN_ELIGIBLE,Calculation table record.
RP-1310,ENT-LINE-ACL,report,report.table.CAL-TBL-P01319-026,table,断面諸量一覧 AG1 Sup-1,,,,NOR-011,CAL-TBL-P01319-026,calc_pdf_p1319,,HIGH,UNVERIFIED,CALC_ONLY,CANDIDATE_ONLY,,,,GOLDEN_ELIGIBLE,Calculation table record.
RP-1311,ENT-LINE-ACL,report,report.table.CAL-TBL-P01319-027,table,断面諸量一覧 AG1 Sup-1,,,,NOR-011,CAL-TBL-P01319-027,calc_pdf_p1319,,HIGH,UNVERIFIED,CALC_ONLY,CANDIDATE_ONLY,,,,GOLDEN_ELIGIBLE,Calculation table record.
RP-1312,ENT-LINE-ACL,report,report.table.CAL-TBL-P01319-028,table,断面諸量一覧 AG1 Sup-1,,,,NOR-011,CAL-TBL-P01319-028,calc_pdf_p1319,,HIGH,UNVERIFIED,CALC_ONLY,CANDIDATE_ONLY,,,,GOLDEN_ELIGIBLE,Calculation table record.
RP-1313,ENT-LINE-ACL,report,report.table.CAL-TBL-P01319-029,table,断面諸量一覧 AG1 Sup-1,,,,NOR-011,CAL-TBL-P01319-029,calc_pdf_p1319,,HIGH,UNVERIFIED,CALC_ONLY,CANDIDATE_ONLY,,,,GOLDEN_ELIGIBLE,Calculation table record.
RP-1314,ENT-LINE-ACL,report,report.table.CAL-TBL-P01322-001,table,応力度照査一覧 AG1 Sec-1 Sup-1,,,,NOR-011,CAL-TBL-P01322-001,calc_pdf_p1322,,HIGH,UNVERIFIED,CALC_ONLY,CANDIDATE_ONLY,,,,GOLDEN_ELIGIBLE,Calculation table record.
RP-1315,ENT-LINE-ACL,report,report.table.CAL-TBL-P01322-002,table,応力度照査一覧 AG1 Sec-1 Sup-1,,,,NOR-011,CAL-TBL-P01322-002,calc_pdf_p1322,,HIGH,UNVERIFIED,CALC_ONLY,CANDIDATE_ONLY,,,,GOLDEN_ELIGIBLE,Calculation table record.
RP-1316,ENT-LINE-ACL,report,report.table.CAL-TBL-P01322-003,table,応力度照査一覧 AG1 Sec-1 Sup-1,,,,NOR-011,CAL-TBL-P01322-003,calc_pdf_p1322,,HIGH,UNVERIFIED,CALC_ONLY,CANDIDATE_ONLY,,,,GOLDEN_ELIGIBLE,Calculation table record.
RP-1317,ENT-LINE-ACL,report,report.table.CAL-TBL-P01322-004,table,応力度照査一覧 AG1 Sec-1 Sup-1,,,,NOR-011,CAL-TBL-P01322-004,calc_pdf_p1322,,HIGH,UNVERIFIED,CALC_ONLY,CANDIDATE_ONLY,,,,GOLDEN_ELIGIBLE,Calculation table record.
RP-1318,ENT-LINE-ACL,report,report.table.CAL-TBL-P01322-005,table,応力度照査一覧 AG1 Sec-1 Sup-1,,,,NOR-011,CAL-TBL-P01322-005,calc_pdf_p1322,,HIGH,UNVERIFIED,CALC_ONLY,CANDIDATE_ONLY,,,,GOLDEN_ELIGIBLE,Calculation table record.
RP-1319,ENT-LINE-ACL,report,report.table.CAL-TBL-P01322-006,table,応力度照査一覧 AG1 Sec-1 Sup-1,,,,NOR-011,CAL-TBL-P01322-006,calc_pdf_p1322,,HIGH,UNVERIFIED,CALC_ONLY,CANDIDATE_ONLY,,,,GOLDEN_ELIGIBLE,Calculation table record.
RP-1320,ENT-LINE-ACL,report,report.table.CAL-TBL-P01322-007,table,応力度照査一覧 AG1 Sec-1 Sup-1,,,,NOR-011,CAL-TBL-P01322-007,calc_pdf_p1322,,HIGH,UNVERIFIED,CALC_ONLY,CANDIDATE_ONLY,,,,GOLDEN_ELIGIBLE,Calculation table record.
RP-1321,ENT-LINE-ACL,report,report.table.CAL-TBL-P01322-008,table,応力度照査一覧 AG1 Sec-1 Sup-1,,,,NOR-011,CAL-TBL-P01322-008,calc_pdf_p1322,,HIGH,UNVERIFIED,CALC_ONLY,CANDIDATE_ONLY,,,,GOLDEN_ELIGIBLE,Calculation table record.
RP-1322,ENT-LINE-ACL,report,report.table.CAL-TBL-P01322-009,table,応力度照査一覧 AG1 Sec-1 Sup-1,,,,NOR-011,CAL-TBL-P01322-009,calc_pdf_p1322,,HIGH,UNVERIFIED,CALC_ONLY,CANDIDATE_ONLY,,,,GOLDEN_ELIGIBLE,Calculation table record.
RP-1323,ENT-LINE-ACL,report,report.table.CAL-TBL-P01322-010,table,応力度照査一覧 AG1 Sec-1 Sup-1,,,,NOR-011,CAL-TBL-P01322-010,calc_pdf_p1322,,HIGH,UNVERIFIED,CALC_ONLY,CANDIDATE_ONLY,,,,GOLDEN_ELIGIBLE,Calculation table record.
RP-1324,ENT-LINE-ACL,report,report.table.CAL-TBL-P01322-011,table,応力度照査一覧 AG1 Sec-1 Sup-1,,,,NOR-011,CAL-TBL-P01322-011,calc_pdf_p1322,,HIGH,UNVERIFIED,CALC_ONLY,CANDIDATE_ONLY,,,,GOLDEN_ELIGIBLE,Calculation table record.
RP-1325,ENT-LINE-ACL,report,report.table.CAL-TBL-P01322-012,table,応力度照査一覧 AG1 Sec-1 Sup-1,,,,NOR-011,CAL-TBL-P01322-012,calc_pdf_p1322,,HIGH,UNVERIFIED,CALC_ONLY,CANDIDATE_ONLY,,,,GOLDEN_ELIGIBLE,Calculation table record.
RP-1326,ENT-LINE-ACL,report,report.table.CAL-TBL-P01322-013,table,応力度照査一覧 AG1 Sec-1 Sup-1,,,,NOR-011,CAL-TBL-P01322-013,calc_pdf_p1322,,HIGH,UNVERIFIED,CALC_ONLY,CANDIDATE_ONLY,,,,GOLDEN_ELIGIBLE,Calculation table record.
RP-1327,ENT-LINE-ACL,report,report.table.CAL-TBL-P01322-014,table,応力度照査一覧 AG1 Sec-1 Sup-1,,,,NOR-011,CAL-TBL-P01322-014,calc_pdf_p1322,,HIGH,UNVERIFIED,CALC_ONLY,CANDIDATE_ONLY,,,,GOLDEN_ELIGIBLE,Calculation table record.
RP-1328,ENT-LINE-ACL,report,report.table.CAL-TBL-P01322-015,table,応力度照査一覧 AG1 Sec-1 Sup-1,,,,NOR-011,CAL-TBL-P01322-015,calc_pdf_p1322,,HIGH,UNVERIFIED,CALC_ONLY,CANDIDATE_ONLY,,,,GOLDEN_ELIGIBLE,Calculation table record.
RP-1329,ENT-LINE-ACL,report,report.table.CAL-TBL-P01322-016,table,応力度照査一覧 AG1 Sec-1 Sup-1,,,,NOR-011,CAL-TBL-P01322-016,calc_pdf_p1322,,HIGH,UNVERIFIED,CALC_ONLY,CANDIDATE_ONLY,,,,GOLDEN_ELIGIBLE,Calculation table record.
RP-1330,ENT-LINE-ACL,report,report.table.CAL-TBL-P01947-001,table,たわみ計算結果,,,,NOR-011,CAL-TBL-P01947-001,calc_pdf_p1947,,HIGH,UNVERIFIED,CALC_ONLY,CANDIDATE_ONLY,,,,GOLDEN_ELIGIBLE,Calculation table record.
RP-1331,ENT-LINE-ACL,report,report.table.CAL-TBL-P01947-002,table,たわみ計算結果,,,,NOR-011,CAL-TBL-P01947-002,calc_pdf_p1947,,HIGH,UNVERIFIED,CALC_ONLY,CANDIDATE_ONLY,,,,GOLDEN_ELIGIBLE,Calculation table record.
RP-1332,ENT-LINE-ACL,report,report.table.CAL-TBL-P01947-003,table,たわみ計算結果,,,,NOR-011,CAL-TBL-P01947-003,calc_pdf_p1947,,HIGH,UNVERIFIED,CALC_ONLY,CANDIDATE_ONLY,,,,GOLDEN_ELIGIBLE,Calculation table record.
RP-1585,ENT-LINE-ACL,report,report.table.CH5-TBL-001,table,支承条件,,,,NOR-011,CH5-TBL-001,calc_pdf_p2028,,HIGH,UNVERIFIED,CALC_ONLY,CANDIDATE_ONLY,,,,GOLDEN_ELIGIBLE,Calculation table record.
RP-1586,ENT-LINE-ACL,report,report.table.CH5-TBL-002,table,支承条件,,,,NOR-011,CH5-TBL-002,calc_pdf_p2028,,HIGH,UNVERIFIED,CALC_ONLY,CANDIDATE_ONLY,,,,GOLDEN_ELIGIBLE,Calculation table record.
RP-1587,ENT-LINE-ACL,report,report.table.CH5-TBL-003,table,支承条件,,,,NOR-011,CH5-TBL-003,calc_pdf_p2028,,HIGH,UNVERIFIED,CALC_ONLY,CANDIDATE_ONLY,,,,GOLDEN_ELIGIBLE,Calculation table record.
RP-1588,ENT-LINE-ACL,report,report.table.CH5-TBL-004,table,支承条件,,,,NOR-011,CH5-TBL-004,calc_pdf_p2028,,HIGH,UNVERIFIED,CALC_ONLY,CANDIDATE_ONLY,,,,GOLDEN_ELIGIBLE,Calculation table record.
RP-1589,ENT-LINE-ACL,report,report.table.CH5-TBL-005,table,支承条件,,,,NOR-011,CH5-TBL-005,calc_pdf_p2028,,HIGH,UNVERIFIED,CALC_ONLY,CANDIDATE_ONLY,,,,GOLDEN_ELIGIBLE,Calculation table record.
RP-1590,ENT-LINE-ACL,report,report.table.CH5-TBL-006,table,支承条件,,,,NOR-011,CH5-TBL-006,calc_pdf_p2028,,HIGH,UNVERIFIED,CALC_ONLY,CANDIDATE_ONLY,,,,GOLDEN_ELIGIBLE,Calculation table record.
RP-1591,ENT-LINE-ACL,report,report.table.CH5-TBL-007,table,下部剛性,,,,NOR-011,CH5-TBL-007,calc_pdf_p2028,,HIGH,UNVERIFIED,CALC_ONLY,CANDIDATE_ONLY,,,,GOLDEN_ELIGIBLE,Calculation table record.
RP-1592,ENT-LINE-ACL,report,report.table.CH5-TBL-008,table,下部剛性,,,,NOR-011,CH5-TBL-008,calc_pdf_p2028,,HIGH,UNVERIFIED,CALC_ONLY,CANDIDATE_ONLY,,,,GOLDEN_ELIGIBLE,Calculation table record.
RP-1593,ENT-LINE-ACL,report,report.table.CH5-TBL-009,table,下部剛性,,,,NOR-011,CH5-TBL-009,calc_pdf_p2028,,HIGH,UNVERIFIED,CALC_ONLY,CANDIDATE_ONLY,,,,GOLDEN_ELIGIBLE,Calculation table record.
RP-1594,ENT-LINE-ACL,report,report.table.CH5-TBL-010,table,下部剛性,,,,NOR-011,CH5-TBL-010,calc_pdf_p2028,,HIGH,UNVERIFIED,CALC_ONLY,CANDIDATE_ONLY,,,,GOLDEN_ELIGIBLE,Calculation table record.
RP-1595,ENT-LINE-ACL,report,report.table.CH5-TBL-011,table,径間移動量,,,,NOR-011,CH5-TBL-011,calc_pdf_p2029,,HIGH,UNVERIFIED,CALC_ONLY,CANDIDATE_ONLY,,,,GOLDEN_ELIGIBLE,Calculation table record.
RP-1596,ENT-LINE-ACL,report,report.table.CH5-TBL-012,table,径間移動量,,,,NOR-011,CH5-TBL-012,calc_pdf_p2029,,HIGH,UNVERIFIED,CALC_ONLY,CANDIDATE_ONLY,,,,GOLDEN_ELIGIBLE,Calculation table record.
RP-1597,ENT-LINE-ACL,report,report.table.CH5-TBL-013,table,径間移動量,,,,NOR-011,CH5-TBL-013,calc_pdf_p2029,,HIGH,UNVERIFIED,CALC_ONLY,CANDIDATE_ONLY,,,,GOLDEN_ELIGIBLE,Calculation table record.
RP-1598,ENT-LINE-ACL,report,report.table.CH5-TBL-014,table,荷重条件(反力),,,,NOR-011,CH5-TBL-014,calc_pdf_p2031,,HIGH,UNVERIFIED,CALC_ONLY,CANDIDATE_ONLY,,,,GOLDEN_ELIGIBLE,Calculation table record.
RP-1599,ENT-LINE-ACL,report,report.table.CH5-TBL-015,table,荷重条件(反力),,,,NOR-011,CH5-TBL-015,calc_pdf_p2031,,HIGH,UNVERIFIED,CALC_ONLY,CANDIDATE_ONLY,,,,GOLDEN_ELIGIBLE,Calculation table record.
RP-1600,ENT-LINE-ACL,report,report.table.CH5-TBL-016,table,支承形状(寸法),,,,NOR-011,CH5-TBL-016,calc_pdf_p2031,,HIGH,UNVERIFIED,CALC_ONLY,CANDIDATE_ONLY,,,,GOLDEN_ELIGIBLE,Calculation table record.
RP-1601,ENT-LINE-ACL,report,report.table.CH5-TBL-017,table,支承形状(寸法),,,,NOR-011,CH5-TBL-017,calc_pdf_p2031,,HIGH,UNVERIFIED,CALC_ONLY,CANDIDATE_ONLY,,,,GOLDEN_ELIGIBLE,Calculation table record.
RP-1602,ENT-LINE-ACL,report,report.table.CH5-TBL-018,table,支承形状(寸法),,,,NOR-011,CH5-TBL-018,calc_pdf_p2031,,HIGH,UNVERIFIED,CALC_ONLY,CANDIDATE_ONLY,,,,GOLDEN_ELIGIBLE,Calculation table record.
RP-1603,ENT-LINE-ACL,report,report.table.CH5-TBL-019,table,支承形状(寸法),,,,NOR-011,CH5-TBL-019,calc_pdf_p2031,,HIGH,UNVERIFIED,CALC_ONLY,CANDIDATE_ONLY,,,,GOLDEN_ELIGIBLE,Calculation table record.
RP-1604,ENT-LINE-ACL,report,report.table.CH5-TBL-020,table,形状係数・縦弾性係数計算結果,,,,NOR-011,CH5-TBL-020,calc_pdf_p2032,,HIGH,UNVERIFIED,CALC_ONLY,CANDIDATE_ONLY,,,,GOLDEN_ELIGIBLE,Calculation table record.
RP-1605,ENT-LINE-ACL,report,report.table.CH5-TBL-021,table,形状係数・縦弾性係数計算結果,,,,NOR-011,CH5-TBL-021,calc_pdf_p2032,,HIGH,UNVERIFIED,CALC_ONLY,CANDIDATE_ONLY,,,,GOLDEN_ELIGIBLE,Calculation table record.
RP-1606,ENT-LINE-ACL,report,report.table.CH5-TBL-022,table,形状係数・縦弾性係数計算結果,,,,NOR-011,CH5-TBL-022,calc_pdf_p2032,,HIGH,UNVERIFIED,CALC_ONLY,CANDIDATE_ONLY,,,,GOLDEN_ELIGIBLE,Calculation table record.
RP-1607,ENT-LINE-ACL,report,report.table.CH5-TBL-023,table,形状係数・縦弾性係数計算結果,,,,NOR-011,CH5-TBL-023,calc_pdf_p2032,,HIGH,UNVERIFIED,CALC_ONLY,CANDIDATE_ONLY,,,,GOLDEN_ELIGIBLE,Calculation table record.
RP-1608,ENT-LINE-ACL,report,report.table.CH5-TBL-024,table,温度変化時(±50℃)合成剛性,,,,NOR-011,CH5-TBL-024,calc_pdf_p2034,,HIGH,UNVERIFIED,CALC_ONLY,CANDIDATE_ONLY,,,,GOLDEN_ELIGIBLE,Calculation table record.
RP-1609,ENT-LINE-ACL,report,report.table.CH5-TBL-025,table,温度変化時(±50℃)合成剛性,,,,NOR-011,CH5-TBL-025,calc_pdf_p2034,,HIGH,UNVERIFIED,CALC_ONLY,CANDIDATE_ONLY,,,,GOLDEN_ELIGIBLE,Calculation table record.
RP-1610,ENT-LINE-ACL,report,report.table.CH5-TBL-026,table,温度変化時(±50℃)合成剛性,,,,NOR-011,CH5-TBL-026,calc_pdf_p2034,,HIGH,UNVERIFIED,CALC_ONLY,CANDIDATE_ONLY,,,,GOLDEN_ELIGIBLE,Calculation table record.
RP-1611,ENT-LINE-ACL,report,report.table.CH5-TBL-027,table,温度変化時(±50℃)合成剛性,,,,NOR-011,CH5-TBL-027,calc_pdf_p2034,,HIGH,UNVERIFIED,CALC_ONLY,CANDIDATE_ONLY,,,,GOLDEN_ELIGIBLE,Calculation table record.
RP-1612,ENT-LINE-ACL,report,report.table.CH5-TBL-028,table,温度変化時(50℃)移動量,,,,NOR-011,CH5-TBL-028,calc_pdf_p2035,,HIGH,UNVERIFIED,CALC_ONLY,CANDIDATE_ONLY,,,,GOLDEN_ELIGIBLE,Calculation table record.
RP-1613,ENT-LINE-ACL,report,report.table.CH5-TBL-029,table,温度変化時(30℃)移動量・水平力,,,,NOR-011,CH5-TBL-029,calc_pdf_p2035,,HIGH,UNVERIFIED,CALC_ONLY,CANDIDATE_ONLY,,,,GOLDEN_ELIGIBLE,Calculation table record.
RP-1614,ENT-LINE-ACL,report,report.table.CH5-TBL-030,table,温度変化時(30℃)水平力,,,,NOR-011,CH5-TBL-030,calc_pdf_p2035,,HIGH,UNVERIFIED,CALC_ONLY,CANDIDATE_ONLY,,,,GOLDEN_ELIGIBLE,Calculation table record.
RP-1615,ENT-LINE-ACL,report,report.table.CH5-TBL-031,table,温度変化時(30℃)水平力,,,,NOR-011,CH5-TBL-031,calc_pdf_p2035,,HIGH,UNVERIFIED,CALC_ONLY,CANDIDATE_ONLY,,,,GOLDEN_ELIGIBLE,Calculation table record.
RP-1616,ENT-LINE-ACL,report,report.table.CH5-TBL-032,table,温度変化時(30℃)水平力,,,,NOR-011,CH5-TBL-032,calc_pdf_p2035,,HIGH,UNVERIFIED,CALC_ONLY,CANDIDATE_ONLY,,,,GOLDEN_ELIGIBLE,Calculation table record.
RP-1617,ENT-LINE-ACL,report,report.table.CH5-TBL-033,table,最大圧縮応力度照査,,,,NOR-011,CH5-TBL-033,calc_pdf_p2040,,HIGH,UNVERIFIED,CALC_ONLY,CANDIDATE_ONLY,,,,GOLDEN_ELIGIBLE,Calculation table record.
RP-1618,ENT-LINE-ACL,report,report.table.CH5-TBL-034,table,最大圧縮応力度照査,,,,NOR-011,CH5-TBL-034,calc_pdf_p2040,,HIGH,UNVERIFIED,CALC_ONLY,CANDIDATE_ONLY,,,,GOLDEN_ELIGIBLE,Calculation table record.
RP-1619,ENT-LINE-ACL,report,report.table.CH5-TBL-035,table,最大圧縮応力度照査,,,,NOR-011,CH5-TBL-035,calc_pdf_p2040,,HIGH,UNVERIFIED,CALC_ONLY,CANDIDATE_ONLY,,,,GOLDEN_ELIGIBLE,Calculation table record.
RP-1620,ENT-LINE-ACL,report,report.table.CH5-TBL-036,table,最大圧縮応力度照査,,,,NOR-011,CH5-TBL-036,calc_pdf_p2040,,HIGH,UNVERIFIED,CALC_ONLY,CANDIDATE_ONLY,,,,GOLDEN_ELIGIBLE,Calculation table record.
RP-1621,ENT-LINE-ACL,report,report.table.CH5-TBL-037,table,繰返し水平変位照査,,,,NOR-011,CH5-TBL-037,calc_pdf_p2041,,HIGH,UNVERIFIED,CALC_ONLY,CANDIDATE_ONLY,,,,GOLDEN_ELIGIBLE,Calculation table record.
RP-1622,ENT-LINE-ACL,report,report.table.CH5-TBL-038,table,繰返し水平変位照査,,,,NOR-011,CH5-TBL-038,calc_pdf_p2041,,HIGH,UNVERIFIED,CALC_ONLY,CANDIDATE_ONLY,,,,GOLDEN_ELIGIBLE,Calculation table record.
RP-1623,ENT-LINE-ACL,report,report.table.CH5-TBL-039,table,繰返し水平変位照査,,,,NOR-011,CH5-TBL-039,calc_pdf_p2041,,HIGH,UNVERIFIED,CALC_ONLY,CANDIDATE_ONLY,,,,GOLDEN_ELIGIBLE,Calculation table record.
RP-1624,ENT-LINE-ACL,report,report.table.CH5-TBL-040,table,繰返し水平変位照査,,,,NOR-011,CH5-TBL-040,calc_pdf_p2041,,HIGH,UNVERIFIED,CALC_ONLY,CANDIDATE_ONLY,,,,GOLDEN_ELIGIBLE,Calculation table record.
RP-1625,ENT-LINE-ACL,report,report.table.CH5-TBL-041,table,設計条件(鋼材計算書),,,,NOR-011,CH5-TBL-041,calc_pdf_p2139,,HIGH,UNVERIFIED,CALC_ONLY,CANDIDATE_ONLY,,,,GOLDEN_ELIGIBLE,Calculation table record.
RP-1626,ENT-LINE-ACL,report,report.table.CH5-TBL-042,table,設計条件(変位量),,,,NOR-011,CH5-TBL-042,calc_pdf_p2139,,HIGH,UNVERIFIED,CALC_ONLY,CANDIDATE_ONLY,,,,GOLDEN_ELIGIBLE,Calculation table record.
RP-1627,ENT-LINE-ACL,report,report.table.CH5-TBL-043,table,設計条件(変位量),,,,NOR-011,CH5-TBL-043,calc_pdf_p2139,,HIGH,UNVERIFIED,CALC_ONLY,CANDIDATE_ONLY,,,,GOLDEN_ELIGIBLE,Calculation table record.
RP-1628,ENT-LINE-ACL,report,report.table.CH5-TBL-044,table,設計条件(変位量),,,,NOR-011,CH5-TBL-044,calc_pdf_p2139,,HIGH,UNVERIFIED,CALC_ONLY,CANDIDATE_ONLY,,,,GOLDEN_ELIGIBLE,Calculation table record.
RP-1629,ENT-LINE-ACL,report,report.table.CH5-TBL-045,table,設計条件(変位量),,,,NOR-011,CH5-TBL-045,calc_pdf_p2139,,HIGH,UNVERIFIED,CALC_ONLY,CANDIDATE_ONLY,,,,GOLDEN_ELIGIBLE,Calculation table record.
RP-1630,ENT-LINE-ACL,report,report.table.CH5-TBL-046,table,取付けボルト寸法,,,,NOR-011,CH5-TBL-046,calc_pdf_p2139,,HIGH,UNVERIFIED,CALC_ONLY,CANDIDATE_ONLY,,,,GOLDEN_ELIGIBLE,Calculation table record.
RP-1631,ENT-LINE-ACL,report,report.table.CH5-TBL-047,table,取付けボルト寸法,,,,NOR-011,CH5-TBL-047,calc_pdf_p2139,,HIGH,UNVERIFIED,CALC_ONLY,CANDIDATE_ONLY,,,,GOLDEN_ELIGIBLE,Calculation table record.
RP-1632,ENT-LINE-ACL,report,report.table.CH5-TBL-048,table,レベル1移動量,,,,NOR-011,CH5-TBL-048,calc_pdf_p2207,,HIGH,UNVERIFIED,CALC_ONLY,CANDIDATE_ONLY,,,,GOLDEN_ELIGIBLE,Calculation table record.
RP-1633,ENT-LINE-ACL,report,report.table.CH5-TBL-049,table,レベル1移動量,,,,NOR-011,CH5-TBL-049,calc_pdf_p2207,,HIGH,UNVERIFIED,CALC_ONLY,CANDIDATE_ONLY,,,,GOLDEN_ELIGIBLE,Calculation table record.
RP-1634,ENT-LINE-ACL,report,report.table.CH5-TBL-050,table,レベル1固有周期,,,,NOR-011,CH5-TBL-050,calc_pdf_p2207,,HIGH,UNVERIFIED,CALC_ONLY,CANDIDATE_ONLY,,,,GOLDEN_ELIGIBLE,Calculation table record.
RP-1635,ENT-LINE-ACL,report,report.table.CH5-TBL-051,table,レベル1固有周期,,,,NOR-011,CH5-TBL-051,calc_pdf_p2207,,HIGH,UNVERIFIED,CALC_ONLY,CANDIDATE_ONLY,,,,GOLDEN_ELIGIBLE,Calculation table record.
RP-1636,ENT-LINE-ACL,report,report.table.CH5-TBL-052,table,ミドルビーム機械的性質,,,,NOR-011,CH5-TBL-052,calc_pdf_p2208,,HIGH,UNVERIFIED,CALC_ONLY,CANDIDATE_ONLY,,,,GOLDEN_ELIGIBLE,Calculation table record.
RP-1637,ENT-LINE-ACL,report,report.table.CH5-TBL-053,table,AR2伸縮量,,,,NOR-011,CH5-TBL-053,calc_pdf_p2222,,HIGH,UNVERIFIED,CALC_ONLY,CANDIDATE_ONLY,,,,GOLDEN_ELIGIBLE,Calculation table record.
RP-1638,ENT-LINE-ACL,report,report.table.CH5-TBL-054,table,AR2伸縮量,,,,NOR-011,CH5-TBL-054,calc_pdf_p2222,,HIGH,UNVERIFIED,CALC_ONLY,CANDIDATE_ONLY,,,,GOLDEN_ELIGIBLE,Calculation table record.
RP-1639,ENT-LINE-ACL,report,report.table.CH5-TBL-055,table,AR2伸縮量,,,,NOR-011,CH5-TBL-055,calc_pdf_p2222,,HIGH,UNVERIFIED,CALC_ONLY,CANDIDATE_ONLY,,,,GOLDEN_ELIGIBLE,Calculation table record.
RP-1640,ENT-LINE-ACL,report,report.table.CH5-TBL-056,table,AR2設計伸縮量,,,,NOR-011,CH5-TBL-056,calc_pdf_p2222,,HIGH,UNVERIFIED,CALC_ONLY,CANDIDATE_ONLY,,,,GOLDEN_ELIGIBLE,Calculation table record.
