candidate_id,entity_id,candidate_layer,field_path_candidate,semantic_class,raw_value,raw_unit,normalized_value,normalized_unit,normalization_rule_id,source_record_ids,calculation_locator,drawing_locator,confidence,verification_status,parity_status,adoption_status,issue_id,conflict_id,human_confirmation_id,phase3_action,notes
RP-004,ENT-LINE-ACL,report,report.layout.CH1-PE-001,text,第1章 設計条件,,,,NOR-011,CH1-PE-001,calc_pdf_p6,,HIGH,UNVERIFIED,CALC_ONLY,CANDIDATE_ONLY,,,,GOLDEN_ELIGIBLE,Page element type 'chapter_title'.
RP-006,ENT-LINE-ACL,report,report.layout.CH1-PE-002,text,1.1 設計条件,,,,NOR-011,CH1-PE-002,calc_pdf_p7,,HIGH,UNVERIFIED,CALC_ONLY,CANDIDATE_ONLY,,,,GOLDEN_ELIGIBLE,Page element type 'section_title'.
RP-008,ENT-LINE-ACL,report,report.layout.CH1-PE-003,NOTE,道路規格: A規格,,,,NOR-011,CH1-PE-003,calc_pdf_p7,,HIGH,UNVERIFIED,CALC_ONLY,CANDIDATE_ONLY,,,,GOLDEN_ELIGIBLE,Page element type 'design_condition'.
RP-009,ENT-LINE-ACL,report,report.layout.CH1-PE-004,NOTE,設計速度: V=40km/h,,,,NOR-011,CH1-PE-004,calc_pdf_p7,,HIGH,UNVERIFIED,CALC_ONLY,CANDIDATE_ONLY,,,,GOLDEN_ELIGIBLE,Page element type 'design_condition'.
RP-010,ENT-LINE-ACL,report,report.layout.CH1-PE-005,NOTE,活荷重: B活荷重,,,,NOR-011,CH1-PE-005,calc_pdf_p7,,HIGH,UNVERIFIED,CALC_ONLY,CANDIDATE_ONLY,,,,GOLDEN_ELIGIBLE,Page element type 'design_condition'.
RP-011,ENT-LINE-ACL,report,report.layout.CH1-PE-006,NOTE,"橋梁形式: 鋼3径間連続少数鈑桁橋(非合成桁,合成断面担保)",,,,NOR-011,CH1-PE-006,calc_pdf_p7,,HIGH,UNVERIFIED,CALC_ONLY,CANDIDATE_ONLY,,,,GOLDEN_ELIGIBLE,Page element type 'design_condition'.
RP-012,ENT-LINE-ACL,report,report.layout.CH1-PE-007,NOTE,橋長: 134.001m (ACL上),,,,NOR-011,CH1-PE-007,calc_pdf_p7,,HIGH,UNVERIFIED,CALC_ONLY,CANDIDATE_ONLY,,,,GOLDEN_ELIGIBLE,Page element type 'design_condition'.
RP-013,ENT-LINE-ACL,report,report.layout.CH1-PE-008,NOTE,桁長: 133.151m (ACL上),,,,NOR-011,CH1-PE-008,calc_pdf_p7,,HIGH,UNVERIFIED,CALC_ONLY,CANDIDATE_ONLY,,,,GOLDEN_ELIGIBLE,Page element type 'design_condition'.
RP-014,ENT-LINE-ACL,report,report.layout.CH1-PE-009,NOTE,支間長: 40.201m + 51.000m + 40.200m (ACL上),,,,NOR-011,CH1-PE-009,calc_pdf_p7,,HIGH,UNVERIFIED,CALC_ONLY,CANDIDATE_ONLY,,,,GOLDEN_ELIGIBLE,Page element type 'design_condition'.
RP-015,ENT-LINE-ACL,report,report.layout.CH1-PE-010,NOTE,総幅員: 8.010m,,,,NOR-011,CH1-PE-010,calc_pdf_p7,,HIGH,UNVERIFIED,CALC_ONLY,CANDIDATE_ONLY,,,,GOLDEN_ELIGIBLE,Page element type 'design_condition'.
RP-016,ENT-LINE-ACL,report,report.layout.CH1-PE-011,NOTE,有効幅員: 7.000m (車道幅),,,,NOR-011,CH1-PE-011,calc_pdf_p7,,HIGH,UNVERIFIED,CALC_ONLY,CANDIDATE_ONLY,,,,GOLDEN_ELIGIBLE,Page element type 'design_condition'.
RP-017,ENT-LINE-ACL,report,report.layout.CH1-PE-012,NOTE,"斜角: PU15:ACLに θ=94°14′27″ , PR1,PR2,A2:ACLに θ=90°00′00″",,,,NOR-011,CH1-PE-012,calc_pdf_p7,,HIGH,UNVERIFIED,CALC_ONLY,CANDIDATE_ONLY,,,,GOLDEN_ELIGIBLE,Page element type 'design_condition'.
RP-018,ENT-LINE-ACL,report,report.layout.CH1-PE-013,NOTE,平面線形: 起点側から R=160m(終点側に左まわり)～R=3000(終点側に右まわり),,,,NOR-011,CH1-PE-013,calc_pdf_p7,,HIGH,UNVERIFIED,CALC_ONLY,CANDIDATE_ONLY,,,,GOLDEN_ELIGIBLE,Page element type 'design_condition'.
RP-019,ENT-LINE-ACL,report,report.layout.CH1-PE-014,NOTE,縦断勾配: i=6.000%(起点下がり) VCL=100 i=0.100%(終点下がり),,,,NOR-011,CH1-PE-014,calc_pdf_p7,,HIGH,UNVERIFIED,CALC_ONLY,CANDIDATE_ONLY,,,,GOLDEN_ELIGIBLE,Page element type 'design_condition'.
RP-020,ENT-LINE-ACL,report,report.layout.CH1-PE-015,NOTE,横断勾配: 起点側から i=5.000%(左下がり)～i=2.000%(右下がり)～i=2.958%(右下がり),,,,NOR-011,CH1-PE-015,calc_pdf_p7,,HIGH,UNVERIFIED,CALC_ONLY,CANDIDATE_ONLY,,,,GOLDEN_ELIGIBLE,Page element type 'design_condition'.
RP-021,ENT-LINE-ACL,report,report.layout.CH1-PE-016,NOTE,舗装: アスファルト舗装 t=80mm,,,,NOR-011,CH1-PE-016,calc_pdf_p7,,HIGH,UNVERIFIED,CALC_ONLY,CANDIDATE_ONLY,,,,GOLDEN_ELIGIBLE,Page element type 'design_condition'.
RP-022,ENT-LINE-ACL,report,report.layout.CH1-PE-017,NOTE,床版: 鋼コンクリート合成床版 t=230mm,,,,NOR-011,CH1-PE-017,calc_pdf_p7,,HIGH,UNVERIFIED,CALC_ONLY,CANDIDATE_ONLY,,,,GOLDEN_ELIGIBLE,Page element type 'design_condition'.
RP-023,ENT-LINE-ACL,report,report.layout.CH1-PE-018,NOTE,大型車交通量: 379台/日･方向,,,,NOR-011,CH1-PE-018,calc_pdf_p7,,HIGH,UNVERIFIED,CALC_ONLY,CANDIDATE_ONLY,,,,GOLDEN_ELIGIBLE,Page element type 'design_condition'.
RP-024,ENT-LINE-ACL,report,report.layout.CH1-PE-019,NOTE,設計水平震度: レベル1:kh=0.25 レベル2:動的解析法による,,,,NOR-011,CH1-PE-019,calc_pdf_p7,,HIGH,UNVERIFIED,CALC_ONLY,CANDIDATE_ONLY,,,,GOLDEN_ELIGIBLE,Page element type 'design_condition'.
RP-025,ENT-LINE-ACL,report,report.layout.CH1-PE-020,NOTE,"使用材料: 鋼材 SM520,SM490Y,SM400,SS400",,,,NOR-011,CH1-PE-020,calc_pdf_p7,,HIGH,UNVERIFIED,CALC_ONLY,CANDIDATE_ONLY,,,,GOLDEN_ELIGIBLE,Page element type 'design_condition'.
RP-026,ENT-LINE-ACL,report,report.layout.CH1-PE-021,NOTE,コンクリート: σck=30N/mm2(合成床版) σck=24N/mm2(壁高欄) σck=30N/mm2(巻き立て),,,,NOR-011,CH1-PE-021,calc_pdf_p7,,HIGH,UNVERIFIED,CALC_ONLY,CANDIDATE_ONLY,,,,GOLDEN_ELIGIBLE,Page element type 'design_condition'.
RP-027,ENT-LINE-ACL,report,report.layout.CH1-PE-022,NOTE,鉄筋: SD345,,,,NOR-011,CH1-PE-022,calc_pdf_p7,,HIGH,UNVERIFIED,CALC_ONLY,CANDIDATE_ONLY,,,,GOLDEN_ELIGIBLE,Page element type 'design_condition'.
RP-028,ENT-LINE-ACL,report,report.layout.CH1-PE-023,NOTE,防錆仕様: 塗装仕様,,,,NOR-011,CH1-PE-023,calc_pdf_p7,,HIGH,UNVERIFIED,CALC_ONLY,CANDIDATE_ONLY,,,,GOLDEN_ELIGIBLE,Page element type 'design_condition'.
RP-029,ENT-LINE-ACL,report,report.layout.CH1-PE-024,NOTE,支承: 橋軸方向:(免震) 橋軸直角方向(固定),,,,NOR-011,CH1-PE-024,calc_pdf_p7,,HIGH,UNVERIFIED,CALC_ONLY,CANDIDATE_ONLY,,,,GOLDEN_ELIGIBLE,Page element type 'design_condition'.
RP-030,ENT-LINE-ACL,report,report.layout.CH1-PE-025,NOTE,防護柵: 剛性防護柵フロリダ型(SC種),,,,NOR-011,CH1-PE-025,calc_pdf_p7,,HIGH,UNVERIFIED,CALC_ONLY,CANDIDATE_ONLY,,,,GOLDEN_ELIGIBLE,Page element type 'design_condition'.
RP-031,ENT-LINE-ACL,report,report.layout.CH1-PE-026,NOTE,遮音壁荷重: 付属物荷重として両側に2.1kN/m (路面より5.0m),,,,NOR-011,CH1-PE-026,calc_pdf_p7,,HIGH,UNVERIFIED,CALC_ONLY,CANDIDATE_ONLY,,,,GOLDEN_ELIGIBLE,Page element type 'design_condition'.
RP-032,ENT-LINE-ACL,report,report.layout.CH1-PE-027,NOTE,検査路: 1.0kN/m (走行車線直下に1条),,,,NOR-011,CH1-PE-027,calc_pdf_p7,,HIGH,UNVERIFIED,CALC_ONLY,CANDIDATE_ONLY,,,,GOLDEN_ELIGIBLE,Page element type 'design_condition'.
RP-033,ENT-LINE-ACL,report,report.layout.CH1-PE-028,NOTE,適用基準: 道路橋示方書・同解説(H29.11) / 日本道路協会,,,,NOR-011,CH1-PE-028,calc_pdf_p7,,HIGH,UNVERIFIED,CALC_ONLY,CANDIDATE_ONLY,,,,GOLDEN_ELIGIBLE,Page element type 'design_condition'.
RP-034,ENT-LINE-ACL,report,report.layout.CH1-PE-029,NOTE,現場継手: トルシア型高力ボルト接合 M22(S10T),,,,NOR-011,CH1-PE-029,calc_pdf_p7,,HIGH,UNVERIFIED,CALC_ONLY,CANDIDATE_ONLY,,,,GOLDEN_ELIGIBLE,Page element type 'design_condition'.
RP-035,ENT-LINE-ACL,report,report.layout.CH1-PE-030,NOTE,本橋の設計について: 非合成桁を主体とし、合成断面の照査を行う。,,,,NOR-011,CH1-PE-030,calc_pdf_p7,,HIGH,UNVERIFIED,CALC_ONLY,CANDIDATE_ONLY,,,,GOLDEN_ELIGIBLE,Page element type 'design_note'.
RP-036,ENT-LINE-ACL,report,report.layout.CH1-PE-031,NOTE,本橋の支承について: 機能分離型支承と荷重調整型支承の形式比較,,,,NOR-011,CH1-PE-031,calc_pdf_p7,,HIGH,UNVERIFIED,CALC_ONLY,CANDIDATE_ONLY,,,,GOLDEN_ELIGIBLE,Page element type 'design_note'.
RP-037,ENT-LINE-ACL,report,report.layout.CH1-PE-032,text,1.2 上部工構造一般図,,,,NOR-011,CH1-PE-032,calc_pdf_p8,,HIGH,UNVERIFIED,CALC_ONLY,CANDIDATE_ONLY,,,,GOLDEN_ELIGIBLE,Page element type 'section_title'.
RP-039,ENT-LINE-ACL,report,report.layout.CH1-PE-033,text,旭高架橋 Aランプ PU15-AR2 上部工構造一般図(その1) S=1:200,,,,NOR-011,CH1-PE-033,calc_pdf_p8,,HIGH,UNVERIFIED,CALC_ONLY,CANDIDATE_ONLY,,,,GOLDEN_ELIGIBLE,Page element type 'drawing_title'.
RP-040,ENT-LINE-ACL,report,report.layout.CH1-PE-034,text,旭高架橋 Aランプ PU15-AR2 上部工構造一般図(その2) S=1:50,,,,NOR-011,CH1-PE-034,calc_pdf_p9,,HIGH,UNVERIFIED,CALC_ONLY,CANDIDATE_ONLY,,,,GOLDEN_ELIGIBLE,Page element type 'drawing_title'.
RP-041,ENT-LINE-ACL,report,report.layout.CH1-PE-035,text,端支点 PU15(S1) / 端支点 AR2(S2) / 中間支点 PR1 / 中間支点 PR2,,,,NOR-011,CH1-PE-035,calc_pdf_p9,,HIGH,UNVERIFIED,CALC_ONLY,CANDIDATE_ONLY,,,,GOLDEN_ELIGIBLE,Page element type 'drawing_section'.
RP-042,ENT-LINE-ACL,report,report.layout.CH1-PE-036,text,1.3 基本寸法一覧,,,,NOR-011,CH1-PE-036,calc_pdf_p10,,HIGH,UNVERIFIED,CALC_ONLY,CANDIDATE_ONLY,,,,GOLDEN_ELIGIBLE,Page element type 'section_title'.
RP-044,ENT-LINE-ACL,report,report.layout.CH1-PE-037,text,主桁支間長,,,,NOR-011,CH1-PE-037,calc_pdf_p10,,HIGH,UNVERIFIED,CALC_ONLY,CANDIDATE_ONLY,,,,GOLDEN_ELIGIBLE,Page element type 'subsection_title'.
RP-046,ENT-LINE-ACL,report,report.layout.CH1-PE-038,text,主桁格間長,,,,NOR-011,CH1-PE-038,calc_pdf_p10,,HIGH,UNVERIFIED,CALC_ONLY,CANDIDATE_ONLY,,,,GOLDEN_ELIGIBLE,Page element type 'subsection_title'.
RP-048,ENT-LINE-ACL,report,report.layout.CH1-PE-039,text,横断間隔長,,,,NOR-011,CH1-PE-039,calc_pdf_p11,,HIGH,UNVERIFIED,CALC_ONLY,CANDIDATE_ONLY,,,,GOLDEN_ELIGIBLE,Page element type 'subsection_title'.
RP-153,ENT-LINE-ACL,report,report.layout.CH2-PE-001,text,第2章 合成床版の設計,,,,NOR-011,CH2-PE-001,calc_pdf_p16,,HIGH,UNVERIFIED,CALC_ONLY,CANDIDATE_ONLY,,,,GOLDEN_ELIGIBLE,Page element type 'chapter_title'.
RP-155,ENT-LINE-ACL,report,report.layout.CH2-PE-002,NOTE,計算はノーズ部を考慮しない標準幅員で行う。,,,,NOR-011,CH2-PE-002,calc_pdf_p16,,HIGH,UNVERIFIED,CALC_ONLY,CANDIDATE_ONLY,,,,GOLDEN_ELIGIBLE,Page element type 'note'.
RP-156,ENT-LINE-ACL,report,report.layout.CH2-PE-003,text,2.1 一般部,,,,NOR-011,CH2-PE-003,calc_pdf_p17,,HIGH,UNVERIFIED,CALC_ONLY,CANDIDATE_ONLY,,,,GOLDEN_ELIGIBLE,Page element type 'section_title'.
RP-158,ENT-LINE-ACL,report,report.layout.CH2-PE-004,text,合成床版設計計算書,,,,NOR-011,CH2-PE-004,calc_pdf_p17,,HIGH,UNVERIFIED,CALC_ONLY,CANDIDATE_ONLY,,,,GOLDEN_ELIGIBLE,Page element type 'design_calc_title'.
RP-159,ENT-LINE-ACL,report,report.layout.CH2-PE-005,text,§1. 設計条件,,,,NOR-011,CH2-PE-005,calc_pdf_p18,,HIGH,UNVERIFIED,CALC_ONLY,CANDIDATE_ONLY,,,,GOLDEN_ELIGIBLE,Page element type 'subsection_title'.
RP-161,ENT-LINE-ACL,report,report.layout.CH2-PE-006,text,1-1 各部構成,,,,NOR-011,CH2-PE-006,calc_pdf_p18,,HIGH,UNVERIFIED,CALC_ONLY,CANDIDATE_ONLY,,,,GOLDEN_ELIGIBLE,Page element type 'subsection_title'.
RP-163,ENT-LINE-ACL,report,report.layout.CH2-PE-007,text,1-2 荷重,,,,NOR-011,CH2-PE-007,calc_pdf_p18,,HIGH,UNVERIFIED,CALC_ONLY,CANDIDATE_ONLY,,,,GOLDEN_ELIGIBLE,Page element type 'subsection_title'.
RP-165,ENT-LINE-ACL,report,report.layout.CH2-PE-008,text,1-3 材料,,,,NOR-011,CH2-PE-008,calc_pdf_p18,,HIGH,UNVERIFIED,CALC_ONLY,CANDIDATE_ONLY,,,,GOLDEN_ELIGIBLE,Page element type 'subsection_title'.
RP-167,ENT-LINE-ACL,report,report.layout.CH2-PE-009,text,§2. 断面寸法,,,,NOR-011,CH2-PE-009,calc_pdf_p19,,HIGH,UNVERIFIED,CALC_ONLY,CANDIDATE_ONLY,,,,GOLDEN_ELIGIBLE,Page element type 'subsection_title'.
RP-169,ENT-LINE-ACL,report,report.layout.CH2-PE-010,text,2-1 合成床版厚,,,,NOR-011,CH2-PE-010,calc_pdf_p19,,HIGH,UNVERIFIED,CALC_ONLY,CANDIDATE_ONLY,,,,GOLDEN_ELIGIBLE,Page element type 'subsection_title'.
RP-171,ENT-LINE-ACL,report,report.layout.CH2-PE-011,text,2-2 鋼材寸法,,,,NOR-011,CH2-PE-011,calc_pdf_p19,,HIGH,UNVERIFIED,CALC_ONLY,CANDIDATE_ONLY,,,,GOLDEN_ELIGIBLE,Page element type 'subsection_title'.
RP-173,ENT-LINE-ACL,report,report.layout.CH2-PE-012,text,2-3 スタッド,,,,NOR-011,CH2-PE-012,calc_pdf_p19,,HIGH,UNVERIFIED,CALC_ONLY,CANDIDATE_ONLY,,,,GOLDEN_ELIGIBLE,Page element type 'subsection_title'.
RP-175,ENT-LINE-ACL,report,report.layout.CH2-PE-013,text,2-4 鉄筋配置,,,,NOR-011,CH2-PE-013,calc_pdf_p20,,HIGH,UNVERIFIED,CALC_ONLY,CANDIDATE_ONLY,,,,GOLDEN_ELIGIBLE,Page element type 'subsection_title'.
RP-177,ENT-LINE-ACL,report,report.layout.CH2-PE-014,text,§3. 断面力の計算,,,,NOR-011,CH2-PE-014,calc_pdf_p20,,HIGH,UNVERIFIED,CALC_ONLY,CANDIDATE_ONLY,,,,GOLDEN_ELIGIBLE,Page element type 'subsection_title'.
RP-179,ENT-LINE-ACL,report,report.layout.CH2-PE-015,text,3-1 支間部,,,,NOR-011,CH2-PE-015,calc_pdf_p20,,HIGH,UNVERIFIED,CALC_ONLY,CANDIDATE_ONLY,,,,GOLDEN_ELIGIBLE,Page element type 'subsection_title'.
RP-181,ENT-LINE-ACL,report,report.layout.CH2-PE-016,text,3-1-1 合成前断面,,,,NOR-011,CH2-PE-016,calc_pdf_p21,,HIGH,UNVERIFIED,CALC_ONLY,CANDIDATE_ONLY,,,,GOLDEN_ELIGIBLE,Page element type 'subsection_title'.
RP-183,ENT-LINE-ACL,report,report.layout.CH2-PE-017,text,3-1-2 合成後断面,,,,NOR-011,CH2-PE-017,calc_pdf_p21,,HIGH,UNVERIFIED,CALC_ONLY,CANDIDATE_ONLY,,,,GOLDEN_ELIGIBLE,Page element type 'subsection_title'.
RP-185,ENT-LINE-ACL,report,report.layout.CH2-PE-018,text,3-2 張出部,,,,NOR-011,CH2-PE-018,calc_pdf_p22,,HIGH,UNVERIFIED,CALC_ONLY,CANDIDATE_ONLY,,,,GOLDEN_ELIGIBLE,Page element type 'subsection_title'.
RP-187,ENT-LINE-ACL,report,report.layout.CH2-PE-019,text,3-2-3 張出-ハンチ折れ点,,,,NOR-011,CH2-PE-019,calc_pdf_p27,,HIGH,UNVERIFIED,CALC_ONLY,CANDIDATE_ONLY,,,,GOLDEN_ELIGIBLE,Page element type 'subsection_title'.
RP-189,ENT-LINE-ACL,report,report.layout.CH2-PE-020,text,3-3 断面力の集計,,,,NOR-011,CH2-PE-020,calc_pdf_p29,,HIGH,UNVERIFIED,CALC_ONLY,CANDIDATE_ONLY,,,,GOLDEN_ELIGIBLE,Page element type 'subsection_title'.
RP-191,ENT-LINE-ACL,report,report.layout.CH2-PE-021,text,§4. 疲労に対する耐久性能の照査,,,,NOR-011,CH2-PE-021,calc_pdf_p30,,HIGH,UNVERIFIED,CALC_ONLY,CANDIDATE_ONLY,,,,GOLDEN_ELIGIBLE,Page element type 'subsection_title'.
RP-193,ENT-LINE-ACL,report,report.layout.CH2-PE-022,text,4-5 ずれ止めの照査,,,,NOR-011,CH2-PE-022,calc_pdf_p38,,HIGH,UNVERIFIED,CALC_ONLY,CANDIDATE_ONLY,,,,GOLDEN_ELIGIBLE,Page element type 'subsection_title'.
RP-195,ENT-LINE-ACL,report,report.layout.CH2-PE-023,text,§5. 耐荷性能の照査,,,,NOR-011,CH2-PE-023,calc_pdf_p41,,HIGH,UNVERIFIED,CALC_ONLY,CANDIDATE_ONLY,,,,GOLDEN_ELIGIBLE,Page element type 'subsection_title'.
RP-197,ENT-LINE-ACL,report,report.layout.CH2-PE-024,text,2.2 桁端部,,,,NOR-011,CH2-PE-024,calc_pdf_p70,,HIGH,UNVERIFIED,CALC_ONLY,CANDIDATE_ONLY,,,,GOLDEN_ELIGIBLE,Page element type 'section_title'.
RP-199,ENT-LINE-ACL,report,report.layout.CH2-PE-025,text,第2章 終了,,,,NOR-011,CH2-PE-025,calc_pdf_p114,,HIGH,UNVERIFIED,CALC_ONLY,CANDIDATE_ONLY,,,,GOLDEN_ELIGIBLE,Page element type 'page_end'.
RP-294,ENT-LINE-ACL,report,report.layout.CAL-P00115-CAL-SEC-3.1-001,text,第3章 非合成桁の設計,,,,NOR-011,CAL-P00115-CAL-SEC-3.1-001,calc_pdf_p115,,HIGH,UNVERIFIED,CALC_ONLY,CANDIDATE_ONLY,,,,GOLDEN_ELIGIBLE,Page element type 'section_header'.
RP-297,ENT-LINE-ACL,report,report.layout.CAL-P00116-CAL-SEC-3.1-001,text,3.1 主構断面力の計算,,,,NOR-011,CAL-P00116-CAL-SEC-3.1-001,calc_pdf_p116,,HIGH,UNVERIFIED,CALC_ONLY,CANDIDATE_ONLY,,,,GOLDEN_ELIGIBLE,Page element type 'section_header'.
RP-299,ENT-LINE-ACL,report,report.layout.CAL-P00117-CAL-SEC-3.1.1-001,text,3.1.1 解析方針,,,,NOR-011,CAL-P00117-CAL-SEC-3.1.1-001,calc_pdf_p117,,HIGH,UNVERIFIED,CALC_ONLY,CANDIDATE_ONLY,,,,GOLDEN_ELIGIBLE,Page element type 'subsection_header'.
RP-301,ENT-LINE-ACL,report,report.layout.CAL-P00117-CAL-SEC-3.1.1-002,NOTE,解析方法: 主桁/横桁を骨組とした平面格子構造物として変形法による,,,,NOR-011,CAL-P00117-CAL-SEC-3.1.1-002,calc_pdf_p117,,HIGH,UNVERIFIED,CALC_ONLY,CANDIDATE_ONLY,,,,GOLDEN_ELIGIBLE,Page element type 'text_block'.
RP-302,ENT-LINE-ACL,report,report.layout.CAL-P00117-CAL-SEC-3.1.1-003,NOTE,解析プログラム: 鋼橋自動設計システム APOLLO Analyzer 株式会社横河技術情報,,,,NOR-011,CAL-P00117-CAL-SEC-3.1.1-003,calc_pdf_p117,,HIGH,UNVERIFIED,CALC_ONLY,CANDIDATE_ONLY,,,,GOLDEN_ELIGIBLE,Page element type 'text_block'.
RP-303,ENT-LINE-ACL,report,report.layout.CAL-P00118-CAL-SEC-3.1.2-001,text,3.1.2 荷重強度,,,,NOR-011,CAL-P00118-CAL-SEC-3.1.2-001,calc_pdf_p118,,HIGH,UNVERIFIED,CALC_ONLY,CANDIDATE_ONLY,,,,GOLDEN_ELIGIBLE,Page element type 'subsection_header'.
RP-305,ENT-LINE-ACL,report,report.layout.CAL-P00118-CAL-SEC-3.1.2-002,figure,標準断面図,,,,NOR-011,CAL-P00118-CAL-SEC-3.1.2-002,calc_pdf_p118,,HIGH,UNVERIFIED,CALC_ONLY,CANDIDATE_ONLY,,,,GOLDEN_ELIGIBLE,Page element type 'figure'.
RP-306,ENT-LINE-ACL,report,report.layout.CAL-P00119-CAL-SEC-3.1.2-001,text,(2) 死荷重,,,,NOR-011,CAL-P00119-CAL-SEC-3.1.2-001,calc_pdf_p119,,HIGH,UNVERIFIED,CALC_ONLY,CANDIDATE_ONLY,,,,GOLDEN_ELIGIBLE,Page element type 'subsection_header'.
RP-308,ENT-LINE-ACL,report,report.layout.CAL-P00119-CAL-SEC-3.1.2-002,text,死荷重一覧表,,,,NOR-011,CAL-P00119-CAL-SEC-3.1.2-002,calc_pdf_p119,,HIGH,UNVERIFIED,CALC_ONLY,CANDIDATE_ONLY,,,,GOLDEN_ELIGIBLE,Page element type 'table'.
RP-309,ENT-LINE-ACL,report,report.layout.CAL-P00121-CAL-SEC-3.1.2-001,text,1) 死荷重詳細計算 A) ハンチ荷重,,,,NOR-011,CAL-P00121-CAL-SEC-3.1.2-001,calc_pdf_p121,,HIGH,UNVERIFIED,CALC_ONLY,CANDIDATE_ONLY,,,,GOLDEN_ELIGIBLE,Page element type 'subsection_header'.
RP-311,ENT-LINE-ACL,report,report.layout.CAL-P00121-CAL-SEC-3.1.2-002,text,B) 壁高欄荷重,,,,NOR-011,CAL-P00121-CAL-SEC-3.1.2-002,calc_pdf_p121,,HIGH,UNVERIFIED,CALC_ONLY,CANDIDATE_ONLY,,,,GOLDEN_ELIGIBLE,Page element type 'subsection_header'.
RP-313,ENT-LINE-ACL,report,report.layout.CAL-P00122-CAL-SEC-3.1.2-001,text,C) 左側壁高欄の荷重載荷,,,,NOR-011,CAL-P00122-CAL-SEC-3.1.2-001,calc_pdf_p122,,HIGH,UNVERIFIED,CALC_ONLY,CANDIDATE_ONLY,,,,GOLDEN_ELIGIBLE,Page element type 'subsection_header'.
RP-315,ENT-LINE-ACL,report,report.layout.CAL-P00122-CAL-SEC-3.1.2-002,text,D) 左側遮音壁の荷重載荷,,,,NOR-011,CAL-P00122-CAL-SEC-3.1.2-002,calc_pdf_p122,,HIGH,UNVERIFIED,CALC_ONLY,CANDIDATE_ONLY,,,,GOLDEN_ELIGIBLE,Page element type 'subsection_header'.
RP-317,ENT-LINE-ACL,report,report.layout.CAL-P00123-CAL-SEC-3.1.2-001,text,E) ノーズ部,,,,NOR-011,CAL-P00123-CAL-SEC-3.1.2-001,calc_pdf_p123,,HIGH,UNVERIFIED,CALC_ONLY,CANDIDATE_ONLY,,,,GOLDEN_ELIGIBLE,Page element type 'subsection_header'.
RP-319,ENT-LINE-ACL,report,report.layout.CAL-P00123-CAL-SEC-3.1.2-002,figure,ノーズ部壁高欄断面図,,,,NOR-011,CAL-P00123-CAL-SEC-3.1.2-002,calc_pdf_p123,,HIGH,UNVERIFIED,CALC_ONLY,CANDIDATE_ONLY,,,,GOLDEN_ELIGIBLE,Page element type 'figure'.
RP-320,ENT-LINE-ACL,report,report.layout.CAL-P00124-CAL-SEC-3.1.2-001,text,a) ノーズ部の地覆荷重および壁高欄荷重(ガードレール含む),,,,NOR-011,CAL-P00124-CAL-SEC-3.1.2-001,calc_pdf_p124,,HIGH,UNVERIFIED,CALC_ONLY,CANDIDATE_ONLY,,,,GOLDEN_ELIGIBLE,Page element type 'subsection_header'.
RP-322,ENT-LINE-ACL,report,report.layout.CAL-P00125-CAL-SEC-3.1.2-001,text,b) 床版拡幅部荷重,,,,NOR-011,CAL-P00125-CAL-SEC-3.1.2-001,calc_pdf_p125,,HIGH,UNVERIFIED,CALC_ONLY,CANDIDATE_ONLY,,,,GOLDEN_ELIGIBLE,Page element type 'subsection_header'.
RP-324,ENT-LINE-ACL,report,report.layout.CAL-P00125-CAL-SEC-3.1.2-002,text,ノーズ部地覆等の格点荷重,,,,NOR-011,CAL-P00125-CAL-SEC-3.1.2-002,calc_pdf_p125,,HIGH,UNVERIFIED,CALC_ONLY,CANDIDATE_ONLY,,,,GOLDEN_ELIGIBLE,Page element type 'table'.
RP-325,ENT-LINE-ACL,report,report.layout.CAL-P00126-CAL-SEC-3.1.2-001,text,F) ノーズ部の床版打下ろし荷重,,,,NOR-011,CAL-P00126-CAL-SEC-3.1.2-001,calc_pdf_p126,,HIGH,UNVERIFIED,CALC_ONLY,CANDIDATE_ONLY,,,,GOLDEN_ELIGIBLE,Page element type 'subsection_header'.
RP-327,ENT-LINE-ACL,report,report.layout.CAL-P00126-CAL-SEC-3.1.2-002,figure,ノーズ部床版打下ろし断面図,,,,NOR-011,CAL-P00126-CAL-SEC-3.1.2-002,calc_pdf_p126,,HIGH,UNVERIFIED,CALC_ONLY,CANDIDATE_ONLY,,,,GOLDEN_ELIGIBLE,Page element type 'figure'.
RP-328,ENT-LINE-ACL,report,report.layout.CAL-P00127-CAL-SEC-3.1.2-001,text,a) ノーズ部の打下ろし荷重(詳細),,,,NOR-011,CAL-P00127-CAL-SEC-3.1.2-001,calc_pdf_p127,,HIGH,UNVERIFIED,CALC_ONLY,CANDIDATE_ONLY,,,,GOLDEN_ELIGIBLE,Page element type 'subsection_header'.
RP-330,ENT-LINE-ACL,report,report.layout.CAL-P00128-CAL-SEC-3.1.2-001,text,ノーズ部打下ろし荷重(続き),,,,NOR-011,CAL-P00128-CAL-SEC-3.1.2-001,calc_pdf_p128,,HIGH,UNVERIFIED,CALC_ONLY,CANDIDATE_ONLY,,,,GOLDEN_ELIGIBLE,Page element type 'subsection_header'.
RP-332,ENT-LINE-ACL,report,report.layout.CAL-P00128-CAL-SEC-3.1.2-002,text,ノーズ部打下ろし荷重の格点荷重,,,,NOR-011,CAL-P00128-CAL-SEC-3.1.2-002,calc_pdf_p128,,HIGH,UNVERIFIED,CALC_ONLY,CANDIDATE_ONLY,,,,GOLDEN_ELIGIBLE,Page element type 'table'.
RP-333,ENT-LINE-ACL,report,report.layout.CAL-P00129-CAL-SEC-3.1.2-001,text,G) 床版打下し荷重 <桁端部 S1側>,,,,NOR-011,CAL-P00129-CAL-SEC-3.1.2-001,calc_pdf_p129,,HIGH,UNVERIFIED,CALC_ONLY,CANDIDATE_ONLY,,,,GOLDEN_ELIGIBLE,Page element type 'subsection_header'.
RP-335,ENT-LINE-ACL,report,report.layout.CAL-P00130-CAL-SEC-3.1.2-001,text,<桁端部 S2側>,,,,NOR-011,CAL-P00130-CAL-SEC-3.1.2-001,calc_pdf_p130,,HIGH,UNVERIFIED,CALC_ONLY,CANDIDATE_ONLY,,,,GOLDEN_ELIGIBLE,Page element type 'subsection_header'.
RP-337,ENT-LINE-ACL,report,report.layout.CAL-P00131-CAL-SEC-3.1.2-001,text,"<中間支点部 PR1,PR2>",,,,NOR-011,CAL-P00131-CAL-SEC-3.1.2-001,calc_pdf_p131,,HIGH,UNVERIFIED,CALC_ONLY,CANDIDATE_ONLY,,,,GOLDEN_ELIGIBLE,Page element type 'subsection_header'.
RP-339,ENT-LINE-ACL,report,report.layout.CAL-P00131-CAL-SEC-3.1.2-002,text,床版打下し荷重格点荷重一覧,,,,NOR-011,CAL-P00131-CAL-SEC-3.1.2-002,calc_pdf_p131,,HIGH,UNVERIFIED,CALC_ONLY,CANDIDATE_ONLY,,,,GOLDEN_ELIGIBLE,Page element type 'table'.
RP-340,ENT-LINE-ACL,report,report.layout.CAL-P00132-CAL-SEC-3.1.2-001,text,H) 桁端部荷重 <S1側>,,,,NOR-011,CAL-P00132-CAL-SEC-3.1.2-001,calc_pdf_p132,,HIGH,UNVERIFIED,CALC_ONLY,CANDIDATE_ONLY,,,,GOLDEN_ELIGIBLE,Page element type 'subsection_header'.
RP-342,ENT-LINE-ACL,report,report.layout.CAL-P00132-CAL-SEC-3.1.2-002,text,<S2側>,,,,NOR-011,CAL-P00132-CAL-SEC-3.1.2-002,calc_pdf_p132,,HIGH,UNVERIFIED,CALC_ONLY,CANDIDATE_ONLY,,,,GOLDEN_ELIGIBLE,Page element type 'subsection_header'.
RP-344,ENT-LINE-ACL,report,report.layout.CAL-P00133-CAL-SEC-3.1.2-001,text,I) 巻き立てコンクリート荷重,,,,NOR-011,CAL-P00133-CAL-SEC-3.1.2-001,calc_pdf_p133,,HIGH,UNVERIFIED,CALC_ONLY,CANDIDATE_ONLY,,,,GOLDEN_ELIGIBLE,Page element type 'subsection_header'.
RP-346,ENT-LINE-ACL,report,report.layout.CAL-P00133-CAL-SEC-3.1.2-002,text,巻き立てコンクリート寸法表,,,,NOR-011,CAL-P00133-CAL-SEC-3.1.2-002,calc_pdf_p133,,HIGH,UNVERIFIED,CALC_ONLY,CANDIDATE_ONLY,,,,GOLDEN_ELIGIBLE,Page element type 'table'.
RP-347,ENT-LINE-ACL,report,report.layout.CAL-P00134-CAL-SEC-3.1.2-001,NOTE,巻き立てコンクリート荷重 S1側 AG1=215kN AG2=215kN,,,,NOR-011,CAL-P00134-CAL-SEC-3.1.2-001,calc_pdf_p134,,HIGH,UNVERIFIED,CALC_ONLY,CANDIDATE_ONLY,,,,GOLDEN_ELIGIBLE,Page element type 'text_block'.
RP-348,ENT-LINE-ACL,report,report.layout.CAL-P00135-CAL-SEC-3.1.2-001,NOTE,巻き立てコンクリート荷重 S2側/PR1/PR2,,,,NOR-011,CAL-P00135-CAL-SEC-3.1.2-001,calc_pdf_p135,,HIGH,UNVERIFIED,CALC_ONLY,CANDIDATE_ONLY,,,,GOLDEN_ELIGIBLE,Page element type 'text_block'.
RP-349,ENT-LINE-ACL,report,report.layout.CAL-P00135-CAL-SEC-3.1.2-002,text,(3) 活荷重 (a) 活荷重,,,,NOR-011,CAL-P00135-CAL-SEC-3.1.2-002,calc_pdf_p135,,HIGH,UNVERIFIED,CALC_ONLY,CANDIDATE_ONLY,,,,GOLDEN_ELIGIBLE,Page element type 'subsection_header'.
RP-351,ENT-LINE-ACL,report,report.layout.CAL-P00135-CAL-SEC-3.1.2-003,text,(b) 衝撃係数,,,,NOR-011,CAL-P00135-CAL-SEC-3.1.2-003,calc_pdf_p135,,HIGH,UNVERIFIED,CALC_ONLY,CANDIDATE_ONLY,,,,GOLDEN_ELIGIBLE,Page element type 'subsection_header'.
RP-353,ENT-LINE-ACL,report,report.layout.CAL-P00135-CAL-SEC-3.1.2-004,text,衝撃係数一覧,,,,NOR-011,CAL-P00135-CAL-SEC-3.1.2-004,calc_pdf_p135,,HIGH,UNVERIFIED,CALC_ONLY,CANDIDATE_ONLY,,,,GOLDEN_ELIGIBLE,Page element type 'table'.
RP-354,ENT-LINE-ACL,report,report.layout.CAL-P00136-CAL-SEC-3.1.2-001,text,(4) 組み合わせ係数および荷重係数,,,,NOR-011,CAL-P00136-CAL-SEC-3.1.2-001,calc_pdf_p136,,HIGH,UNVERIFIED,CALC_ONLY,CANDIDATE_ONLY,,,,GOLDEN_ELIGIBLE,Page element type 'subsection_header'.
RP-356,ENT-LINE-ACL,report,report.layout.CAL-P00137-CAL-SEC-3.1.2-001,text,(5) 荷重載荷図,,,,NOR-011,CAL-P00137-CAL-SEC-3.1.2-001,calc_pdf_p137,,HIGH,UNVERIFIED,CALC_ONLY,CANDIDATE_ONLY,,,,GOLDEN_ELIGIBLE,Page element type 'subsection_header'.
RP-358,ENT-LINE-ACL,report,report.layout.CAL-P00138-CAL-SEC-3.1.2-001,figure,荷重載荷図(続き),,,,NOR-011,CAL-P00138-CAL-SEC-3.1.2-001,calc_pdf_p138,,HIGH,UNVERIFIED,CALC_ONLY,CANDIDATE_ONLY,,,,GOLDEN_ELIGIBLE,Page element type 'figure'.
RP-359,ENT-LINE-ACL,report,report.layout.CAL-P00138-CAL-SEC-3.1.2-002,text,格点集中荷重一覧表,,,,NOR-011,CAL-P00138-CAL-SEC-3.1.2-002,calc_pdf_p138,,HIGH,UNVERIFIED,CALC_ONLY,CANDIDATE_ONLY,,,,GOLDEN_ELIGIBLE,Page element type 'table'.
RP-360,ENT-LINE-ACL,report,report.layout.CAL-P00139-CAL-SEC-3.1.2-001,text,(6) 死荷重反力の確認,,,,NOR-011,CAL-P00139-CAL-SEC-3.1.2-001,calc_pdf_p139,,HIGH,UNVERIFIED,CALC_ONLY,CANDIDATE_ONLY,,,,GOLDEN_ELIGIBLE,Page element type 'subsection_header'.
RP-362,ENT-LINE-ACL,report,report.layout.CAL-P00139-CAL-SEC-3.1.2-002,text,死荷重反力計算表,,,,NOR-011,CAL-P00139-CAL-SEC-3.1.2-002,calc_pdf_p139,,HIGH,UNVERIFIED,CALC_ONLY,CANDIDATE_ONLY,,,,GOLDEN_ELIGIBLE,Page element type 'table'.
RP-363,ENT-LINE-ACL,report,report.layout.CAL-P00140-CAL-SEC-3.1.2-001,text,死荷重反力の比較 計算値vs解析値,,,,NOR-011,CAL-P00140-CAL-SEC-3.1.2-001,calc_pdf_p140,,HIGH,UNVERIFIED,CALC_ONLY,CANDIDATE_ONLY,,,,GOLDEN_ELIGIBLE,Page element type 'table'.
RP-364,ENT-LINE-ACL,report,report.layout.CAL-P00140-CAL-SEC-3.1.2-002,text,死荷重反力集計 全体座標系Z軸方向,,,,NOR-011,CAL-P00140-CAL-SEC-3.1.2-002,calc_pdf_p140,,HIGH,UNVERIFIED,CALC_ONLY,CANDIDATE_ONLY,,,,GOLDEN_ELIGIBLE,Page element type 'table'.
RP-365,ENT-LINE-ACL,report,report.layout.CAL-P00141-CAL-SEC-3.1.3-001,text,3.1.3 格点座標,,,,NOR-011,CAL-P00141-CAL-SEC-3.1.3-001,calc_pdf_p141,,HIGH,UNVERIFIED,CALC_ONLY,CANDIDATE_ONLY,,,,GOLDEN_ELIGIBLE,Page element type 'subsection_header'.
RP-367,ENT-LINE-ACL,report,report.layout.CAL-P00141-CAL-SEC-3.1.3-002,text,AG1桁 格点座標表,,,,NOR-011,CAL-P00141-CAL-SEC-3.1.3-002,calc_pdf_p141,,HIGH,UNVERIFIED,CALC_ONLY,CANDIDATE_ONLY,,,,GOLDEN_ELIGIBLE,Page element type 'table'.
RP-368,ENT-LINE-ACL,report,report.layout.CAL-P00141-CAL-SEC-3.1.3-003,text,AG2桁 格点座標表,,,,NOR-011,CAL-P00141-CAL-SEC-3.1.3-003,calc_pdf_p141,,HIGH,UNVERIFIED,CALC_ONLY,CANDIDATE_ONLY,,,,GOLDEN_ELIGIBLE,Page element type 'table'.
RP-369,ENT-LINE-ACL,report,report.layout.CAL-P00142-CAL-SEC-3.1.4-001,text,3.1.4 格点番号および部材番号,,,,NOR-011,CAL-P00142-CAL-SEC-3.1.4-001,calc_pdf_p142,,HIGH,UNVERIFIED,CALC_ONLY,CANDIDATE_ONLY,,,,GOLDEN_ELIGIBLE,Page element type 'subsection_header'.
RP-371,ENT-LINE-ACL,report,report.layout.CAL-P00142-CAL-SEC-3.1.4-002,figure,格点番号および部材番号図,,,,NOR-011,CAL-P00142-CAL-SEC-3.1.4-002,calc_pdf_p142,,HIGH,UNVERIFIED,CALC_ONLY,CANDIDATE_ONLY,,,,GOLDEN_ELIGIBLE,Page element type 'figure'.
RP-372,ENT-LINE-ACL,report,report.layout.CAL-P00143-CAL-SEC-3.1.5-001,text,3.1.5 仮定剛度,,,,NOR-011,CAL-P00143-CAL-SEC-3.1.5-001,calc_pdf_p143,,HIGH,UNVERIFIED,CALC_ONLY,CANDIDATE_ONLY,,,,GOLDEN_ELIGIBLE,Page element type 'subsection_header'.
RP-374,ENT-LINE-ACL,report,report.layout.CAL-P00143-CAL-SEC-3.1.5-002,text,AG1桁 仮定剛度表,,,,NOR-011,CAL-P00143-CAL-SEC-3.1.5-002,calc_pdf_p143,,HIGH,UNVERIFIED,CALC_ONLY,CANDIDATE_ONLY,,,,GOLDEN_ELIGIBLE,Page element type 'table'.
RP-375,ENT-LINE-ACL,report,report.layout.CAL-P00144-CAL-SEC-3.1.5-001,text,AG2桁/横桁 仮定剛度表,,,,NOR-011,CAL-P00144-CAL-SEC-3.1.5-001,calc_pdf_p144,,HIGH,UNVERIFIED,CALC_ONLY,CANDIDATE_ONLY,,,,GOLDEN_ELIGIBLE,Page element type 'table'.
RP-376,ENT-LINE-ACL,report,report.layout.CAL-P00145-CAL-SEC-3.1.6-001,text,3.1.6 格子解析データ,,,,NOR-011,CAL-P00145-CAL-SEC-3.1.6-001,calc_pdf_p145,,HIGH,UNVERIFIED,CALC_ONLY,CANDIDATE_ONLY,,,,GOLDEN_ELIGIBLE,Page element type 'subsection_header'.
RP-378,ENT-LINE-ACL,report,report.layout.CAL-P00145-CAL-SEC-3.1.6-002,text,解析モデル概要,,,,NOR-011,CAL-P00145-CAL-SEC-3.1.6-002,calc_pdf_p145,,HIGH,UNVERIFIED,CALC_ONLY,CANDIDATE_ONLY,,,,GOLDEN_ELIGIBLE,Page element type 'table'.
RP-379,ENT-LINE-ACL,report,report.layout.CAL-P00146-CAL-SEC-3.1.6-001,text,構造節点データ ブロック1,,,,NOR-011,CAL-P00146-CAL-SEC-3.1.6-001,calc_pdf_p146,,HIGH,UNVERIFIED,CALC_ONLY,CANDIDATE_ONLY,,,,GOLDEN_ELIGIBLE,Page element type 'table'.
RP-380,ENT-LINE-ACL,report,report.layout.CAL-P00147-CAL-SEC-3.1.6-001,text,構造節点データ(続き) 自由度拘束,,,,NOR-011,CAL-P00147-CAL-SEC-3.1.6-001,calc_pdf_p147,,HIGH,UNVERIFIED,CALC_ONLY,CANDIDATE_ONLY,,,,GOLDEN_ELIGIBLE,Page element type 'table'.
RP-381,ENT-LINE-ACL,report,report.layout.CAL-P00148-CAL-SEC-3.1.6-001,text,構造節点データ ブロック1(続き) nodes 1025-2027,,,,NOR-011,CAL-P00148-CAL-SEC-3.1.6-001,calc_pdf_p148,,HIGH,UNVERIFIED,CALC_ONLY,CANDIDATE_ONLY,,,,GOLDEN_ELIGIBLE,Page element type 'table'.
RP-382,ENT-LINE-ACL,report,report.layout.CAL-P00149-CAL-SEC-3.1.6-001,text,材料定数データ MATE1,,,,NOR-011,CAL-P00149-CAL-SEC-3.1.6-001,calc_pdf_p149,,HIGH,UNVERIFIED,CALC_ONLY,CANDIDATE_ONLY,,,,GOLDEN_ELIGIBLE,Page element type 'table'.
RP-383,ENT-LINE-ACL,report,report.layout.CAL-P00150-CAL-SEC-3.1.6-001,text,要素剛性データ 梁要素(BEAM) 剛性番号1-30,,,,NOR-011,CAL-P00150-CAL-SEC-3.1.6-001,calc_pdf_p150,,HIGH,UNVERIFIED,CALC_ONLY,CANDIDATE_ONLY,,,,GOLDEN_ELIGIBLE,Page element type 'table'.
RP-384,ENT-LINE-ACL,report,report.layout.CAL-P00151-CAL-SEC-3.1.6-001,text,要素剛性データ(続き) 剛性番号31-60,,,,NOR-011,CAL-P00151-CAL-SEC-3.1.6-001,calc_pdf_p151,,HIGH,UNVERIFIED,CALC_ONLY,CANDIDATE_ONLY,,,,GOLDEN_ELIGIBLE,Page element type 'table'.
RP-385,ENT-LINE-ACL,report,report.layout.CAL-P00178-CAL-SEC-3.1.6-001,text,荷重データ(節点荷重),,,,NOR-011,CAL-P00178-CAL-SEC-3.1.6-001,calc_pdf_p178,,HIGH,UNVERIFIED,CALC_ONLY,CANDIDATE_ONLY,,,,GOLDEN_ELIGIBLE,Page element type 'table'.
RP-386,ENT-LINE-ACL,report,report.layout.CAL-P00179-CAL-SEC-3.1.6-001,text,荷重データ(続き),,,,NOR-011,CAL-P00179-CAL-SEC-3.1.6-001,calc_pdf_p179,,HIGH,UNVERIFIED,CALC_ONLY,CANDIDATE_ONLY,,,,GOLDEN_ELIGIBLE,Page element type 'table'.
RP-387,ENT-LINE-ACL,report,report.layout.CAL-P00180-CAL-SEC-3.1.7-001,text,3.1.7 格子解析結果,,,,NOR-011,CAL-P00180-CAL-SEC-3.1.7-001,calc_pdf_p180,,HIGH,UNVERIFIED,CALC_ONLY,CANDIDATE_ONLY,,,,GOLDEN_ELIGIBLE,Page element type 'subsection_header'.
RP-389,ENT-LINE-ACL,report,report.layout.CAL-P00180-CAL-SEC-3.1.7-002,text,解析ケース一覧,,,,NOR-011,CAL-P00180-CAL-SEC-3.1.7-002,calc_pdf_p180,,HIGH,UNVERIFIED,CALC_ONLY,CANDIDATE_ONLY,,,,GOLDEN_ELIGIBLE,Page element type 'table'.
RP-390,ENT-LINE-ACL,report,report.layout.CAL-P00182-CAL-SEC-3.1.7-001,text,節点変位データ,,,,NOR-011,CAL-P00182-CAL-SEC-3.1.7-001,calc_pdf_p182,,HIGH,UNVERIFIED,CALC_ONLY,CANDIDATE_ONLY,,,,GOLDEN_ELIGIBLE,Page element type 'table'.
RP-391,ENT-LINE-ACL,report,report.layout.CAL-P00221-CAL-SEC-3.1.7-001,text,部材断面力データ(最終ページ),,,,NOR-011,CAL-P00221-CAL-SEC-3.1.7-001,calc_pdf_p221,,HIGH,UNVERIFIED,CALC_ONLY,CANDIDATE_ONLY,,,,GOLDEN_ELIGIBLE,Page element type 'table'.
RP-392,ENT-LINE-ACL,report,report.layout.CAL-P00222-CAL-SEC-3.1.8-001,text,3.1.8 反力および活荷重回転角,,,,NOR-011,CAL-P00222-CAL-SEC-3.1.8-001,calc_pdf_p222,,HIGH,UNVERIFIED,CALC_ONLY,CANDIDATE_ONLY,,,,GOLDEN_ELIGIBLE,Page element type 'subsection_header'.
RP-394,ENT-LINE-ACL,report,report.layout.CAL-P00222-CAL-SEC-3.1.8-002,text,鉛直方向死荷重反力表,,,,NOR-011,CAL-P00222-CAL-SEC-3.1.8-002,calc_pdf_p222,,HIGH,UNVERIFIED,CALC_ONLY,CANDIDATE_ONLY,,,,GOLDEN_ELIGIBLE,Page element type 'table'.
RP-395,ENT-LINE-ACL,report,report.layout.CAL-P00223-CAL-SEC-3.1.8-001,text,上部工反力 鉛直方向反力 死荷重/活荷重,,,,NOR-011,CAL-P00223-CAL-SEC-3.1.8-001,calc_pdf_p223,,HIGH,UNVERIFIED,CALC_ONLY,CANDIDATE_ONLY,,,,GOLDEN_ELIGIBLE,Page element type 'table'.
RP-396,ENT-LINE-ACL,report,report.layout.CAL-P00276-CAL-SEC-3.1.8-001,text,活荷重回転角データ,,,,NOR-011,CAL-P00276-CAL-SEC-3.1.8-001,calc_pdf_p276,,HIGH,UNVERIFIED,CALC_ONLY,CANDIDATE_ONLY,,,,GOLDEN_ELIGIBLE,Page element type 'table'.
RP-397,ENT-LINE-ACL,report,report.layout.CAL-P00277-CAL-SEC-3.1.9-001,text,3.1.9 設計断面力,,,,NOR-011,CAL-P00277-CAL-SEC-3.1.9-001,calc_pdf_p277,,HIGH,UNVERIFIED,CALC_ONLY,CANDIDATE_ONLY,,,,GOLDEN_ELIGIBLE,Page element type 'subsection_header'.
RP-399,ENT-LINE-ACL,report,report.layout.CAL-P00290-CAL-SEC-3.1.9-001,text,設計断面力一覧(最終ページ),,,,NOR-011,CAL-P00290-CAL-SEC-3.1.9-001,calc_pdf_p290,,HIGH,UNVERIFIED,CALC_ONLY,CANDIDATE_ONLY,,,,GOLDEN_ELIGIBLE,Page element type 'table'.
RP-581,ENT-LINE-ACL,report,report.layout.SRC-calculation_chapter_03_section_3_2_page_elements-001,text,,,,,NONE,SRC-calculation_chapter_03_section_3_2_page_elements-001,,,HIGH,UNVERIFIED,CALC_ONLY,CANDIDATE_ONLY,,,,GOLDEN_ELIGIBLE,Page element type 'header'.
RP-582,ENT-LINE-ACL,report,report.layout.SRC-calculation_chapter_03_section_3_2_page_elements-002,text,,,,,NONE,SRC-calculation_chapter_03_section_3_2_page_elements-002,,,HIGH,UNVERIFIED,CALC_ONLY,CANDIDATE_ONLY,,,,GOLDEN_ELIGIBLE,Page element type 'text'.
RP-583,ENT-LINE-ACL,report,report.layout.SRC-calculation_chapter_03_section_3_2_page_elements-003,text,,,,,NONE,SRC-calculation_chapter_03_section_3_2_page_elements-003,,,HIGH,UNVERIFIED,CALC_ONLY,CANDIDATE_ONLY,,,,GOLDEN_ELIGIBLE,Page element type 'text'.
RP-584,ENT-LINE-ACL,report,report.layout.SRC-calculation_chapter_03_section_3_2_page_elements-004,text,,,,,NONE,SRC-calculation_chapter_03_section_3_2_page_elements-004,,,HIGH,UNVERIFIED,CALC_ONLY,CANDIDATE_ONLY,,,,GOLDEN_ELIGIBLE,Page element type 'text'.
RP-585,ENT-LINE-ACL,report,report.layout.SRC-calculation_chapter_03_section_3_2_page_elements-005,text,,,,,NONE,SRC-calculation_chapter_03_section_3_2_page_elements-005,,,HIGH,UNVERIFIED,CALC_ONLY,CANDIDATE_ONLY,,,,GOLDEN_ELIGIBLE,Page element type 'text'.
RP-586,ENT-LINE-ACL,report,report.layout.SRC-calculation_chapter_03_section_3_2_page_elements-006,text,,,,,NONE,SRC-calculation_chapter_03_section_3_2_page_elements-006,,,HIGH,UNVERIFIED,CALC_ONLY,CANDIDATE_ONLY,,,,GOLDEN_ELIGIBLE,Page element type 'text'.
RP-587,ENT-LINE-ACL,report,report.layout.SRC-calculation_chapter_03_section_3_2_page_elements-007,text,,,,,NONE,SRC-calculation_chapter_03_section_3_2_page_elements-007,,,HIGH,UNVERIFIED,CALC_ONLY,CANDIDATE_ONLY,,,,GOLDEN_ELIGIBLE,Page element type 'text'.
RP-588,ENT-LINE-ACL,report,report.layout.SRC-calculation_chapter_03_section_3_2_page_elements-008,text,,,,,NONE,SRC-calculation_chapter_03_section_3_2_page_elements-008,,,HIGH,UNVERIFIED,CALC_ONLY,CANDIDATE_ONLY,,,,GOLDEN_ELIGIBLE,Page element type 'table'.
RP-589,ENT-LINE-ACL,report,report.layout.SRC-calculation_chapter_03_section_3_2_page_elements-009,text,,,,,NONE,SRC-calculation_chapter_03_section_3_2_page_elements-009,,,HIGH,UNVERIFIED,CALC_ONLY,CANDIDATE_ONLY,,,,GOLDEN_ELIGIBLE,Page element type 'table'.
RP-590,ENT-LINE-ACL,report,report.layout.SRC-calculation_chapter_03_section_3_2_page_elements-010,text,,,,,NONE,SRC-calculation_chapter_03_section_3_2_page_elements-010,,,HIGH,UNVERIFIED,CALC_ONLY,CANDIDATE_ONLY,,,,GOLDEN_ELIGIBLE,Page element type 'table'.
RP-591,ENT-LINE-ACL,report,report.layout.SRC-calculation_chapter_03_section_3_2_page_elements-011,text,,,,,NONE,SRC-calculation_chapter_03_section_3_2_page_elements-011,,,HIGH,UNVERIFIED,CALC_ONLY,CANDIDATE_ONLY,,,,GOLDEN_ELIGIBLE,Page element type 'table'.
RP-592,ENT-LINE-ACL,report,report.layout.SRC-calculation_chapter_03_section_3_2_page_elements-012,text,,,,,NONE,SRC-calculation_chapter_03_section_3_2_page_elements-012,,,HIGH,UNVERIFIED,CALC_ONLY,CANDIDATE_ONLY,,,,GOLDEN_ELIGIBLE,Page element type 'table'.
RP-593,ENT-LINE-ACL,report,report.layout.SRC-calculation_chapter_03_section_3_2_page_elements-013,text,,,,,NONE,SRC-calculation_chapter_03_section_3_2_page_elements-013,,,HIGH,UNVERIFIED,CALC_ONLY,CANDIDATE_ONLY,,,,GOLDEN_ELIGIBLE,Page element type 'table'.
RP-594,ENT-LINE-ACL,report,report.layout.SRC-calculation_chapter_03_section_3_2_page_elements-014,text,,,,,NONE,SRC-calculation_chapter_03_section_3_2_page_elements-014,,,HIGH,UNVERIFIED,CALC_ONLY,CANDIDATE_ONLY,,,,GOLDEN_ELIGIBLE,Page element type 'table'.
RP-595,ENT-LINE-ACL,report,report.layout.SRC-calculation_chapter_03_section_3_2_page_elements-015,text,,,,,NONE,SRC-calculation_chapter_03_section_3_2_page_elements-015,,,HIGH,UNVERIFIED,CALC_ONLY,CANDIDATE_ONLY,,,,GOLDEN_ELIGIBLE,Page element type 'table'.
RP-596,ENT-LINE-ACL,report,report.layout.SRC-calculation_chapter_03_section_3_2_page_elements-016,text,,,,,NONE,SRC-calculation_chapter_03_section_3_2_page_elements-016,,,HIGH,UNVERIFIED,CALC_ONLY,CANDIDATE_ONLY,,,,GOLDEN_ELIGIBLE,Page element type 'table'.
RP-597,ENT-LINE-ACL,report,report.layout.SRC-calculation_chapter_03_section_3_2_page_elements-017,text,,,,,NONE,SRC-calculation_chapter_03_section_3_2_page_elements-017,,,HIGH,UNVERIFIED,CALC_ONLY,CANDIDATE_ONLY,,,,GOLDEN_ELIGIBLE,Page element type 'table'.
RP-598,ENT-LINE-ACL,report,report.layout.SRC-calculation_chapter_03_section_3_2_page_elements-018,text,,,,,NONE,SRC-calculation_chapter_03_section_3_2_page_elements-018,,,HIGH,UNVERIFIED,CALC_ONLY,CANDIDATE_ONLY,,,,GOLDEN_ELIGIBLE,Page element type 'table'.
RP-599,ENT-LINE-ACL,report,report.layout.SRC-calculation_chapter_03_section_3_2_page_elements-019,text,,,,,NONE,SRC-calculation_chapter_03_section_3_2_page_elements-019,,,HIGH,UNVERIFIED,CALC_ONLY,CANDIDATE_ONLY,,,,GOLDEN_ELIGIBLE,Page element type 'table'.
RP-600,ENT-LINE-ACL,report,report.layout.SRC-calculation_chapter_03_section_3_2_page_elements-020,text,,,,,NONE,SRC-calculation_chapter_03_section_3_2_page_elements-020,,,HIGH,UNVERIFIED,CALC_ONLY,CANDIDATE_ONLY,,,,GOLDEN_ELIGIBLE,Page element type 'table'.
RP-601,ENT-LINE-ACL,report,report.layout.SRC-calculation_chapter_03_section_3_2_page_elements-021,text,,,,,NONE,SRC-calculation_chapter_03_section_3_2_page_elements-021,,,HIGH,UNVERIFIED,CALC_ONLY,CANDIDATE_ONLY,,,,GOLDEN_ELIGIBLE,Page element type 'table'.
RP-602,ENT-LINE-ACL,report,report.layout.SRC-calculation_chapter_03_section_3_2_page_elements-022,text,,,,,NONE,SRC-calculation_chapter_03_section_3_2_page_elements-022,,,HIGH,UNVERIFIED,CALC_ONLY,CANDIDATE_ONLY,,,,GOLDEN_ELIGIBLE,Page element type 'table'.
RP-603,ENT-LINE-ACL,report,report.layout.SRC-calculation_chapter_03_section_3_2_page_elements-023,text,,,,,NONE,SRC-calculation_chapter_03_section_3_2_page_elements-023,,,HIGH,UNVERIFIED,CALC_ONLY,CANDIDATE_ONLY,,,,GOLDEN_ELIGIBLE,Page element type 'table'.
RP-604,ENT-LINE-ACL,report,report.layout.SRC-calculation_chapter_03_section_3_2_page_elements-024,text,,,,,NONE,SRC-calculation_chapter_03_section_3_2_page_elements-024,,,HIGH,UNVERIFIED,CALC_ONLY,CANDIDATE_ONLY,,,,GOLDEN_ELIGIBLE,Page element type 'table'.
RP-605,ENT-LINE-ACL,report,report.layout.SRC-calculation_chapter_03_section_3_2_page_elements-025,text,,,,,NONE,SRC-calculation_chapter_03_section_3_2_page_elements-025,,,HIGH,UNVERIFIED,CALC_ONLY,CANDIDATE_ONLY,,,,GOLDEN_ELIGIBLE,Page element type 'table'.
RP-606,ENT-LINE-ACL,report,report.layout.SRC-calculation_chapter_03_section_3_2_page_elements-026,text,,,,,NONE,SRC-calculation_chapter_03_section_3_2_page_elements-026,,,HIGH,UNVERIFIED,CALC_ONLY,CANDIDATE_ONLY,,,,GOLDEN_ELIGIBLE,Page element type 'table'.
RP-607,ENT-LINE-ACL,report,report.layout.SRC-calculation_chapter_03_section_3_2_page_elements-027,text,,,,,NONE,SRC-calculation_chapter_03_section_3_2_page_elements-027,,,HIGH,UNVERIFIED,CALC_ONLY,CANDIDATE_ONLY,,,,GOLDEN_ELIGIBLE,Page element type 'table'.
RP-608,ENT-LINE-ACL,report,report.layout.SRC-calculation_chapter_03_section_3_2_page_elements-028,text,,,,,NONE,SRC-calculation_chapter_03_section_3_2_page_elements-028,,,HIGH,UNVERIFIED,CALC_ONLY,CANDIDATE_ONLY,,,,GOLDEN_ELIGIBLE,Page element type 'table'.
RP-609,ENT-LINE-ACL,report,report.layout.SRC-calculation_chapter_03_section_3_2_page_elements-029,text,,,,,NONE,SRC-calculation_chapter_03_section_3_2_page_elements-029,,,HIGH,UNVERIFIED,CALC_ONLY,CANDIDATE_ONLY,,,,GOLDEN_ELIGIBLE,Page element type 'table'.
RP-610,ENT-LINE-ACL,report,report.layout.SRC-calculation_chapter_03_section_3_2_page_elements-030,text,,,,,NONE,SRC-calculation_chapter_03_section_3_2_page_elements-030,,,HIGH,UNVERIFIED,CALC_ONLY,CANDIDATE_ONLY,,,,GOLDEN_ELIGIBLE,Page element type 'table'.
RP-611,ENT-LINE-ACL,report,report.layout.SRC-calculation_chapter_03_section_3_2_page_elements-031,text,,,,,NONE,SRC-calculation_chapter_03_section_3_2_page_elements-031,,,HIGH,UNVERIFIED,CALC_ONLY,CANDIDATE_ONLY,,,,GOLDEN_ELIGIBLE,Page element type 'table'.
RP-612,ENT-LINE-ACL,report,report.layout.SRC-calculation_chapter_03_section_3_2_page_elements-032,text,,,,,NONE,SRC-calculation_chapter_03_section_3_2_page_elements-032,,,HIGH,UNVERIFIED,CALC_ONLY,CANDIDATE_ONLY,,,,GOLDEN_ELIGIBLE,Page element type 'table'.
RP-613,ENT-LINE-ACL,report,report.layout.SRC-calculation_chapter_03_section_3_2_page_elements-033,text,,,,,NONE,SRC-calculation_chapter_03_section_3_2_page_elements-033,,,HIGH,UNVERIFIED,CALC_ONLY,CANDIDATE_ONLY,,,,GOLDEN_ELIGIBLE,Page element type 'table'.
RP-614,ENT-LINE-ACL,report,report.layout.SRC-calculation_chapter_03_section_3_2_page_elements-034,text,,,,,NONE,SRC-calculation_chapter_03_section_3_2_page_elements-034,,,HIGH,UNVERIFIED,CALC_ONLY,CANDIDATE_ONLY,,,,GOLDEN_ELIGIBLE,Page element type 'table'.
RP-615,ENT-LINE-ACL,report,report.layout.SRC-calculation_chapter_03_section_3_2_page_elements-035,text,,,,,NONE,SRC-calculation_chapter_03_section_3_2_page_elements-035,,,HIGH,UNVERIFIED,CALC_ONLY,CANDIDATE_ONLY,,,,GOLDEN_ELIGIBLE,Page element type 'table'.
RP-616,ENT-LINE-ACL,report,report.layout.SRC-calculation_chapter_03_section_3_2_page_elements-036,text,,,,,NONE,SRC-calculation_chapter_03_section_3_2_page_elements-036,,,HIGH,UNVERIFIED,CALC_ONLY,CANDIDATE_ONLY,,,,GOLDEN_ELIGIBLE,Page element type 'table'.
RP-617,ENT-LINE-ACL,report,report.layout.SRC-calculation_chapter_03_section_3_2_page_elements-037,text,,,,,NONE,SRC-calculation_chapter_03_section_3_2_page_elements-037,,,HIGH,UNVERIFIED,CALC_ONLY,CANDIDATE_ONLY,,,,GOLDEN_ELIGIBLE,Page element type 'table'.
RP-618,ENT-LINE-ACL,report,report.layout.SRC-calculation_chapter_03_section_3_2_page_elements-038,text,,,,,NONE,SRC-calculation_chapter_03_section_3_2_page_elements-038,,,HIGH,UNVERIFIED,CALC_ONLY,CANDIDATE_ONLY,,,,GOLDEN_ELIGIBLE,Page element type 'table'.
RP-619,ENT-LINE-ACL,report,report.layout.SRC-calculation_chapter_03_section_3_2_page_elements-039,text,,,,,NONE,SRC-calculation_chapter_03_section_3_2_page_elements-039,,,HIGH,UNVERIFIED,CALC_ONLY,CANDIDATE_ONLY,,,,GOLDEN_ELIGIBLE,Page element type 'table'.
RP-620,ENT-LINE-ACL,report,report.layout.SRC-calculation_chapter_03_section_3_2_page_elements-040,text,,,,,NONE,SRC-calculation_chapter_03_section_3_2_page_elements-040,,,HIGH,UNVERIFIED,CALC_ONLY,CANDIDATE_ONLY,,,,GOLDEN_ELIGIBLE,Page element type 'table'.
RP-621,ENT-LINE-ACL,report,report.layout.SRC-calculation_chapter_03_section_3_2_page_elements-041,text,,,,,NONE,SRC-calculation_chapter_03_section_3_2_page_elements-041,,,HIGH,UNVERIFIED,CALC_ONLY,CANDIDATE_ONLY,,,,GOLDEN_ELIGIBLE,Page element type 'table'.
RP-622,ENT-LINE-ACL,report,report.layout.SRC-calculation_chapter_03_section_3_2_page_elements-042,text,,,,,NONE,SRC-calculation_chapter_03_section_3_2_page_elements-042,,,HIGH,UNVERIFIED,CALC_ONLY,CANDIDATE_ONLY,,,,GOLDEN_ELIGIBLE,Page element type 'table'.
RP-623,ENT-LINE-ACL,report,report.layout.SRC-calculation_chapter_03_section_3_2_page_elements-043,text,,,,,NONE,SRC-calculation_chapter_03_section_3_2_page_elements-043,,,HIGH,UNVERIFIED,CALC_ONLY,CANDIDATE_ONLY,,,,GOLDEN_ELIGIBLE,Page element type 'table'.
RP-624,ENT-LINE-ACL,report,report.layout.SRC-calculation_chapter_03_section_3_2_page_elements-044,text,,,,,NONE,SRC-calculation_chapter_03_section_3_2_page_elements-044,,,HIGH,UNVERIFIED,CALC_ONLY,CANDIDATE_ONLY,,,,GOLDEN_ELIGIBLE,Page element type 'table'.
RP-625,ENT-LINE-ACL,report,report.layout.SRC-calculation_chapter_03_section_3_2_page_elements-045,text,,,,,NONE,SRC-calculation_chapter_03_section_3_2_page_elements-045,,,HIGH,UNVERIFIED,CALC_ONLY,CANDIDATE_ONLY,,,,GOLDEN_ELIGIBLE,Page element type 'table'.
RP-626,ENT-LINE-ACL,report,report.layout.SRC-calculation_chapter_03_section_3_2_page_elements-046,figure,,,,,NONE,SRC-calculation_chapter_03_section_3_2_page_elements-046,,,HIGH,UNVERIFIED,CALC_ONLY,CANDIDATE_ONLY,,,,GOLDEN_ELIGIBLE,Page element type 'figure'.
RP-627,ENT-LINE-ACL,report,report.layout.SRC-calculation_chapter_03_section_3_2_page_elements-047,figure,,,,,NONE,SRC-calculation_chapter_03_section_3_2_page_elements-047,,,HIGH,UNVERIFIED,CALC_ONLY,CANDIDATE_ONLY,,,,GOLDEN_ELIGIBLE,Page element type 'figure'.
RP-628,ENT-LINE-ACL,report,report.layout.SRC-calculation_chapter_03_section_3_2_page_elements-048,figure,,,,,NONE,SRC-calculation_chapter_03_section_3_2_page_elements-048,,,HIGH,UNVERIFIED,CALC_ONLY,CANDIDATE_ONLY,,,,GOLDEN_ELIGIBLE,Page element type 'figure'.
RP-629,ENT-LINE-ACL,report,report.layout.SRC-calculation_chapter_03_section_3_2_page_elements-049,figure,,,,,NONE,SRC-calculation_chapter_03_section_3_2_page_elements-049,,,HIGH,UNVERIFIED,CALC_ONLY,CANDIDATE_ONLY,,,,GOLDEN_ELIGIBLE,Page element type 'figure'.
RP-630,ENT-LINE-ACL,report,report.layout.SRC-calculation_chapter_03_section_3_2_page_elements-050,figure,,,,,NONE,SRC-calculation_chapter_03_section_3_2_page_elements-050,,,HIGH,UNVERIFIED,CALC_ONLY,CANDIDATE_ONLY,,,,GOLDEN_ELIGIBLE,Page element type 'figure'.
RP-631,ENT-LINE-ACL,report,report.layout.SRC-calculation_chapter_03_section_3_2_page_elements-051,text,,,,,NONE,SRC-calculation_chapter_03_section_3_2_page_elements-051,,,HIGH,UNVERIFIED,CALC_ONLY,CANDIDATE_ONLY,,,,GOLDEN_ELIGIBLE,Page element type 'text'.
RP-632,ENT-LINE-ACL,report,report.layout.SRC-calculation_chapter_03_section_3_2_page_elements-052,text,,,,,NONE,SRC-calculation_chapter_03_section_3_2_page_elements-052,,,HIGH,UNVERIFIED,CALC_ONLY,CANDIDATE_ONLY,,,,GOLDEN_ELIGIBLE,Page element type 'table'.
RP-633,ENT-LINE-ACL,report,report.layout.SRC-calculation_chapter_03_section_3_2_page_elements-053,text,,,,,NONE,SRC-calculation_chapter_03_section_3_2_page_elements-053,,,HIGH,UNVERIFIED,CALC_ONLY,CANDIDATE_ONLY,,,,GOLDEN_ELIGIBLE,Page element type 'table'.
RP-634,ENT-LINE-ACL,report,report.layout.SRC-calculation_chapter_03_section_3_2_page_elements-054,text,,,,,NONE,SRC-calculation_chapter_03_section_3_2_page_elements-054,,,HIGH,UNVERIFIED,CALC_ONLY,CANDIDATE_ONLY,,,,GOLDEN_ELIGIBLE,Page element type 'text'.
RP-635,ENT-LINE-ACL,report,report.layout.SRC-calculation_chapter_03_section_3_2_page_elements-055,text,,,,,NONE,SRC-calculation_chapter_03_section_3_2_page_elements-055,,,HIGH,UNVERIFIED,CALC_ONLY,CANDIDATE_ONLY,,,,GOLDEN_ELIGIBLE,Page element type 'table'.
RP-636,ENT-LINE-ACL,report,report.layout.SRC-calculation_chapter_03_section_3_2_page_elements-056,text,,,,,NONE,SRC-calculation_chapter_03_section_3_2_page_elements-056,,,HIGH,UNVERIFIED,CALC_ONLY,CANDIDATE_ONLY,,,,GOLDEN_ELIGIBLE,Page element type 'text'.
RP-637,ENT-LINE-ACL,report,report.layout.SRC-calculation_chapter_03_section_3_2_page_elements-057,text,,,,,NONE,SRC-calculation_chapter_03_section_3_2_page_elements-057,,,HIGH,UNVERIFIED,CALC_ONLY,CANDIDATE_ONLY,,,,GOLDEN_ELIGIBLE,Page element type 'table'.
RP-638,ENT-LINE-ACL,report,report.layout.SRC-calculation_chapter_03_section_3_2_page_elements-058,text,,,,,NONE,SRC-calculation_chapter_03_section_3_2_page_elements-058,,,HIGH,UNVERIFIED,CALC_ONLY,CANDIDATE_ONLY,,,,GOLDEN_ELIGIBLE,Page element type 'text'.
RP-639,ENT-LINE-ACL,report,report.layout.SRC-calculation_chapter_03_section_3_2_page_elements-059,text,,,,,NONE,SRC-calculation_chapter_03_section_3_2_page_elements-059,,,HIGH,UNVERIFIED,CALC_ONLY,CANDIDATE_ONLY,,,,GOLDEN_ELIGIBLE,Page element type 'table'.
RP-640,ENT-LINE-ACL,report,report.layout.SRC-calculation_chapter_03_section_3_2_page_elements-060,text,,,,,NONE,SRC-calculation_chapter_03_section_3_2_page_elements-060,,,HIGH,UNVERIFIED,CALC_ONLY,CANDIDATE_ONLY,,,,GOLDEN_ELIGIBLE,Page element type 'text'.
RP-641,ENT-LINE-ACL,report,report.layout.SRC-calculation_chapter_03_section_3_2_page_elements-061,text,,,,,NONE,SRC-calculation_chapter_03_section_3_2_page_elements-061,,,HIGH,UNVERIFIED,CALC_ONLY,CANDIDATE_ONLY,,,,GOLDEN_ELIGIBLE,Page element type 'table'.
RP-642,ENT-LINE-ACL,report,report.layout.SRC-calculation_chapter_03_section_3_2_page_elements-062,text,,,,,NONE,SRC-calculation_chapter_03_section_3_2_page_elements-062,,,HIGH,UNVERIFIED,CALC_ONLY,CANDIDATE_ONLY,,,,GOLDEN_ELIGIBLE,Page element type 'text'.
RP-643,ENT-LINE-ACL,report,report.layout.SRC-calculation_chapter_03_section_3_2_page_elements-063,text,,,,,NONE,SRC-calculation_chapter_03_section_3_2_page_elements-063,,,HIGH,UNVERIFIED,CALC_ONLY,CANDIDATE_ONLY,,,,GOLDEN_ELIGIBLE,Page element type 'table'.
RP-644,ENT-LINE-ACL,report,report.layout.SRC-calculation_chapter_03_section_3_2_page_elements-064,text,,,,,NONE,SRC-calculation_chapter_03_section_3_2_page_elements-064,,,HIGH,UNVERIFIED,CALC_ONLY,CANDIDATE_ONLY,,,,GOLDEN_ELIGIBLE,Page element type 'text'.
RP-645,ENT-LINE-ACL,report,report.layout.SRC-calculation_chapter_03_section_3_2_page_elements-065,text,,,,,NONE,SRC-calculation_chapter_03_section_3_2_page_elements-065,,,HIGH,UNVERIFIED,CALC_ONLY,CANDIDATE_ONLY,,,,GOLDEN_ELIGIBLE,Page element type 'table'.
RP-646,ENT-LINE-ACL,report,report.layout.SRC-calculation_chapter_03_section_3_2_page_elements-066,text,,,,,NONE,SRC-calculation_chapter_03_section_3_2_page_elements-066,,,HIGH,UNVERIFIED,CALC_ONLY,CANDIDATE_ONLY,,,,GOLDEN_ELIGIBLE,Page element type 'text'.
RP-647,ENT-LINE-ACL,report,report.layout.SRC-calculation_chapter_03_section_3_2_page_elements-067,text,,,,,NONE,SRC-calculation_chapter_03_section_3_2_page_elements-067,,,HIGH,UNVERIFIED,CALC_ONLY,CANDIDATE_ONLY,,,,GOLDEN_ELIGIBLE,Page element type 'table'.
RP-648,ENT-LINE-ACL,report,report.layout.SRC-calculation_chapter_03_section_3_2_page_elements-068,text,,,,,NONE,SRC-calculation_chapter_03_section_3_2_page_elements-068,,,HIGH,UNVERIFIED,CALC_ONLY,CANDIDATE_ONLY,,,,GOLDEN_ELIGIBLE,Page element type 'text'.
RP-649,ENT-LINE-ACL,report,report.layout.SRC-calculation_chapter_03_section_3_2_page_elements-069,text,,,,,NONE,SRC-calculation_chapter_03_section_3_2_page_elements-069,,,HIGH,UNVERIFIED,CALC_ONLY,CANDIDATE_ONLY,,,,GOLDEN_ELIGIBLE,Page element type 'table'.
RP-650,ENT-LINE-ACL,report,report.layout.SRC-calculation_chapter_03_section_3_2_page_elements-070,text,,,,,NONE,SRC-calculation_chapter_03_section_3_2_page_elements-070,,,HIGH,UNVERIFIED,CALC_ONLY,CANDIDATE_ONLY,,,,GOLDEN_ELIGIBLE,Page element type 'text'.
RP-651,ENT-LINE-ACL,report,report.layout.SRC-calculation_chapter_03_section_3_2_page_elements-071,text,,,,,NONE,SRC-calculation_chapter_03_section_3_2_page_elements-071,,,HIGH,UNVERIFIED,CALC_ONLY,CANDIDATE_ONLY,,,,GOLDEN_ELIGIBLE,Page element type 'table'.
RP-652,ENT-LINE-ACL,report,report.layout.SRC-calculation_chapter_03_section_3_2_page_elements-072,text,,,,,NONE,SRC-calculation_chapter_03_section_3_2_page_elements-072,,,HIGH,UNVERIFIED,CALC_ONLY,CANDIDATE_ONLY,,,,GOLDEN_ELIGIBLE,Page element type 'text'.
RP-653,ENT-LINE-ACL,report,report.layout.SRC-calculation_chapter_03_section_3_2_page_elements-073,text,,,,,NONE,SRC-calculation_chapter_03_section_3_2_page_elements-073,,,HIGH,UNVERIFIED,CALC_ONLY,CANDIDATE_ONLY,,,,GOLDEN_ELIGIBLE,Page element type 'table'.
RP-654,ENT-LINE-ACL,report,report.layout.SRC-calculation_chapter_03_section_3_2_page_elements-074,text,,,,,NONE,SRC-calculation_chapter_03_section_3_2_page_elements-074,,,HIGH,UNVERIFIED,CALC_ONLY,CANDIDATE_ONLY,,,,GOLDEN_ELIGIBLE,Page element type 'text'.
RP-655,ENT-LINE-ACL,report,report.layout.SRC-calculation_chapter_03_section_3_2_page_elements-075,text,,,,,NONE,SRC-calculation_chapter_03_section_3_2_page_elements-075,,,HIGH,UNVERIFIED,CALC_ONLY,CANDIDATE_ONLY,,,,GOLDEN_ELIGIBLE,Page element type 'table'.
RP-656,ENT-LINE-ACL,report,report.layout.SRC-calculation_chapter_03_section_3_2_page_elements-076,text,,,,,NONE,SRC-calculation_chapter_03_section_3_2_page_elements-076,,,HIGH,UNVERIFIED,CALC_ONLY,CANDIDATE_ONLY,,,,GOLDEN_ELIGIBLE,Page element type 'text'.
RP-657,ENT-LINE-ACL,report,report.layout.SRC-calculation_chapter_03_section_3_2_page_elements-077,text,,,,,NONE,SRC-calculation_chapter_03_section_3_2_page_elements-077,,,HIGH,UNVERIFIED,CALC_ONLY,CANDIDATE_ONLY,,,,GOLDEN_ELIGIBLE,Page element type 'table'.
RP-726,ENT-LINE-ACL,report,report.layout.CAL-P00675-CAL-SEC-3.3-001,text,3.3 横桁の設計,,,,NOR-011,CAL-P00675-CAL-SEC-3.3-001,calc_pdf_p675,,HIGH,UNVERIFIED,CALC_ONLY,CANDIDATE_ONLY,,,,GOLDEN_ELIGIBLE,Page element type 'section_header'.
RP-728,ENT-LINE-ACL,report,report.layout.CAL-P00676-CAL-SEC-3.3.1-001,text,3.3.1 設計方針,,,,NOR-011,CAL-P00676-CAL-SEC-3.3.1-001,calc_pdf_p676,,HIGH,UNVERIFIED,CALC_ONLY,CANDIDATE_ONLY,,,,GOLDEN_ELIGIBLE,Page element type 'subsection_header'.
RP-730,ENT-LINE-ACL,report,report.layout.CAL-P00676-CAL-SEC-3.3.1-002,NOTE,横桁は主桁間荷重分配+風/地震水平力に抵抗するよう設計,,,,NOR-011,CAL-P00676-CAL-SEC-3.3.1-002,calc_pdf_p676,,HIGH,UNVERIFIED,CALC_ONLY,CANDIDATE_ONLY,,,,GOLDEN_ELIGIBLE,Page element type 'text_block'.
RP-731,ENT-LINE-ACL,report,report.layout.CAL-P00676-CAL-SEC-3.3.1-003,NOTE,荷重組合せ(2)(6)(8)(10)(11)施工時,,,,NOR-011,CAL-P00676-CAL-SEC-3.3.1-003,calc_pdf_p676,,HIGH,UNVERIFIED,CALC_ONLY,CANDIDATE_ONLY,,,,GOLDEN_ELIGIBLE,Page element type 'text_block'.
RP-732,ENT-LINE-ACL,report,report.layout.CAL-P00676-CAL-SEC-3.3.1-004,NOTE,中間横桁WL微小省略 地震L2水平力はL1値にL2/L1水平震度比乗じた値載荷,,,,NOR-011,CAL-P00676-CAL-SEC-3.3.1-004,calc_pdf_p676,,HIGH,UNVERIFIED,CALC_ONLY,CANDIDATE_ONLY,,,,GOLDEN_ELIGIBLE,Page element type 'text_block'.
RP-733,ENT-LINE-ACL,report,report.layout.CAL-P00677-CAL-SEC-3.3.1-001,NOTE,断面力換算:Mi=ML0+(Mr0-ML0)*(Li/L0) 継手位置:端支点800mm中間支点800mm中間横桁500mm,,,,NOR-011,CAL-P00677-CAL-SEC-3.3.1-001,calc_pdf_p677,,HIGH,UNVERIFIED,CALC_ONLY,CANDIDATE_ONLY,,,,GOLDEN_ELIGIBLE,Page element type 'text_block'.
RP-734,ENT-LINE-ACL,report,report.layout.CAL-P00677-CAL-SEC-3.3.1-002,NOTE,支点上横桁:巻き立てコンクリート剛性考慮しない鋼断面 横倒れ座屈影響考慮しない,,,,NOR-011,CAL-P00677-CAL-SEC-3.3.1-002,calc_pdf_p677,,HIGH,UNVERIFIED,CALC_ONLY,CANDIDATE_ONLY,,,,GOLDEN_ELIGIBLE,Page element type 'text_block'.
RP-735,ENT-LINE-ACL,report,report.layout.CAL-P00678-CAL-SEC-3.3.1-001,figure,横桁部材番号図 S1-PR1-PR2-S2 CR1-001~CR1-027,,,,NOR-011,CAL-P00678-CAL-SEC-3.3.1-001,calc_pdf_p678,,HIGH,UNVERIFIED,CALC_ONLY,CANDIDATE_ONLY,,,,GOLDEN_ELIGIBLE,Page element type 'figure'.
RP-736,ENT-LINE-ACL,report,report.layout.CAL-P00679-CAL-SEC-3.3.2-001,text,3.3.2 主構作用断面力,,,,NOR-011,CAL-P00679-CAL-SEC-3.3.2-001,calc_pdf_p679,,HIGH,UNVERIFIED,CALC_ONLY,CANDIDATE_ONLY,,,,GOLDEN_ELIGIBLE,Page element type 'subsection_header'.
RP-738,ENT-LINE-ACL,report,report.layout.CAL-P00679-CAL-SEC-3.3.2-002,NOTE,荷重係数:死荷重1.05 活荷重1.25 施工時1.05,,,,NOR-011,CAL-P00679-CAL-SEC-3.3.2-002,calc_pdf_p679,,HIGH,UNVERIFIED,CALC_ONLY,CANDIDATE_ONLY,,,,GOLDEN_ELIGIBLE,Page element type 'text_block'.
RP-739,ENT-LINE-ACL,report,report.layout.CAL-P00679-CAL-SEC-3.3.2-003,text,CR1-002~CR1-026中間横桁断面力 M(kNm) S(kN) 死荷重/活荷重/施工時,,,,NOR-011,CAL-P00679-CAL-SEC-3.3.2-003,calc_pdf_p679,,HIGH,UNVERIFIED,CALC_ONLY,CANDIDATE_ONLY,,,,GOLDEN_ELIGIBLE,Page element type 'table'.
RP-740,ENT-LINE-ACL,report,report.layout.CAL-P00685-CAL-SEC-3.3.3-001,text,3.3.3 風荷重および地震荷重の影響,,,,NOR-011,CAL-P00685-CAL-SEC-3.3.3-001,calc_pdf_p685,,HIGH,UNVERIFIED,CALC_ONLY,CANDIDATE_ONLY,,,,GOLDEN_ELIGIBLE,Page element type 'subsection_header'.
RP-742,ENT-LINE-ACL,report,report.layout.CAL-P00685-CAL-SEC-3.3.3-002,NOTE,V=40m/s B=8.010m D=8.110m alpha=1.30 Ws=40.06kN/m Ws(deck)=26.73 Ws(steel)=13.34 kN/m,,,,NOR-011,CAL-P00685-CAL-SEC-3.3.3-002,calc_pdf_p685,,HIGH,UNVERIFIED,CALC_ONLY,CANDIDATE_ONLY,,,,GOLDEN_ELIGIBLE,Page element type 'text_block'.
RP-743,ENT-LINE-ACL,report,report.layout.CAL-P00686-CAL-SEC-3.3.3-001,NOTE,地震L1 Wd=17955.7kN Kh=0.25 We=35.89kN/m We(deck)=29.59 We(steel)=6.30 kN/m,,,,NOR-011,CAL-P00686-CAL-SEC-3.3.3-001,calc_pdf_p686,,HIGH,UNVERIFIED,CALC_ONLY,CANDIDATE_ONLY,,,,GOLDEN_ELIGIBLE,Page element type 'text_block'.
RP-744,ENT-LINE-ACL,report,report.layout.CAL-P00686-CAL-SEC-3.3.3-002,text,水平反力影響値 PU15/PR1/PR2/A2R A(+)/A(-)/SigmaA/Rw/Re,,,,NOR-011,CAL-P00686-CAL-SEC-3.3.3-002,calc_pdf_p686,,HIGH,UNVERIFIED,CALC_ONLY,CANDIDATE_ONLY,,,,GOLDEN_ELIGIBLE,Page element type 'table'.
RP-745,ENT-LINE-ACL,report,report.layout.CAL-P00687-CAL-SEC-3.3.4-001,text,3.3.4 中間横桁の設計 グループ1代表CR1-026,,,,NOR-011,CAL-P00687-CAL-SEC-3.3.4-001,calc_pdf_p687,,HIGH,UNVERIFIED,CALC_ONLY,CANDIDATE_ONLY,,,,GOLDEN_ELIGIBLE,Page element type 'subsection_header'.
RP-747,ENT-LINE-ACL,report,report.layout.CAL-P00687-CAL-SEC-3.3.4-002,figure,中間横桁断面図,,,,NOR-011,CAL-P00687-CAL-SEC-3.3.4-002,calc_pdf_p687,,HIGH,UNVERIFIED,CALC_ONLY,CANDIDATE_ONLY,,,,GOLDEN_ELIGIBLE,Page element type 'figure'.
RP-748,ENT-LINE-ACL,report,report.layout.CAL-P00688-CAL-SEC-3.3.4-001,text,(1)設計荷重 荷重組合せ表,,,,NOR-011,CAL-P00688-CAL-SEC-3.3.4-001,calc_pdf_p688,,HIGH,UNVERIFIED,CALC_ONLY,CANDIDATE_ONLY,,,,GOLDEN_ELIGIBLE,Page element type 'subsection_header'.
RP-750,ENT-LINE-ACL,report,report.layout.CAL-P00689-CAL-SEC-3.3.4-001,NOTE,(b)曲率による下フランジ付加断面力:W=-sigma*(Af+Aw/3)/R P=w*lambda,,,,NOR-011,CAL-P00689-CAL-SEC-3.3.4-001,calc_pdf_p689,,HIGH,UNVERIFIED,CALC_ONLY,CANDIDATE_ONLY,,,,GOLDEN_ELIGIBLE,Page element type 'text_block'.
RP-751,ENT-LINE-ACL,report,report.layout.CAL-P00689-CAL-SEC-3.3.4-002,text,曲率付加応力算定表 死/活/風/地震L1/L2各ケース,,,,NOR-011,CAL-P00689-CAL-SEC-3.3.4-002,calc_pdf_p689,,HIGH,UNVERIFIED,CALC_ONLY,CANDIDATE_ONLY,,,,GOLDEN_ELIGIBLE,Page element type 'table'.
RP-752,ENT-LINE-ACL,report,report.layout.CAL-P00691-CAL-SEC-3.3.4-001,text,(2)平面骨組解析断面力 CR1-026断面力一覧(荷重係数考慮),,,,NOR-011,CAL-P00691-CAL-SEC-3.3.4-001,calc_pdf_p691,,HIGH,UNVERIFIED,CALC_ONLY,CANDIDATE_ONLY,,,,GOLDEN_ELIGIBLE,Page element type 'table'.
RP-753,ENT-LINE-ACL,report,report.layout.CAL-P00696-CAL-SEC-3.3.4-001,text,(3)断面計算 代表グループ1 CR1-026,,,,NOR-011,CAL-P00696-CAL-SEC-3.3.4-001,calc_pdf_p696,,HIGH,UNVERIFIED,CALC_ONLY,CANDIDATE_ONLY,,,,GOLDEN_ELIGIBLE,Page element type 'subsection_header'.
RP-755,ENT-LINE-ACL,report,report.layout.CAL-P00696-CAL-SEC-3.3.4-002,text,中間横桁断面諸元/曲げ/せん断/合成応力度照査結果,,,,NOR-011,CAL-P00696-CAL-SEC-3.3.4-002,calc_pdf_p696,,HIGH,UNVERIFIED,CALC_ONLY,CANDIDATE_ONLY,,,,GOLDEN_ELIGIBLE,Page element type 'table'.
RP-756,ENT-LINE-ACL,report,report.layout.CAL-P00698-CAL-SEC-3.3.4-001,text,中間横桁全グループ(73)断面照査結果一覧,,,,NOR-011,CAL-P00698-CAL-SEC-3.3.4-001,calc_pdf_p698,,HIGH,UNVERIFIED,CALC_ONLY,CANDIDATE_ONLY,,,,GOLDEN_ELIGIBLE,Page element type 'table'.
RP-757,ENT-LINE-ACL,report,report.layout.CAL-P00704-CAL-SEC-3.3.5-001,text,3.3.5 端支点上横桁の設計 代表CR1-001(端支点S1側),,,,NOR-011,CAL-P00704-CAL-SEC-3.3.5-001,calc_pdf_p704,,HIGH,UNVERIFIED,CALC_ONLY,CANDIDATE_ONLY,,,,GOLDEN_ELIGIBLE,Page element type 'subsection_header'.
RP-759,ENT-LINE-ACL,report,report.layout.CAL-P00704-CAL-SEC-3.3.5-002,figure,端支点上横桁断面図+荷重載荷図,,,,NOR-011,CAL-P00704-CAL-SEC-3.3.5-002,calc_pdf_p704,,HIGH,UNVERIFIED,CALC_ONLY,CANDIDATE_ONLY,,,,GOLDEN_ELIGIBLE,Page element type 'figure'.
RP-760,ENT-LINE-ACL,report,report.layout.CAL-P00705-CAL-SEC-3.3.5-001,text,端支点上横桁 荷重組合せ表/曲率付加軸力,,,,NOR-011,CAL-P00705-CAL-SEC-3.3.5-001,calc_pdf_p705,,HIGH,UNVERIFIED,CALC_ONLY,CANDIDATE_ONLY,,,,GOLDEN_ELIGIBLE,Page element type 'table'.
RP-761,ENT-LINE-ACL,report,report.layout.CAL-P00707-CAL-SEC-3.3.5-001,text,端支点上横桁 CR1-001/CR1-027断面力,,,,NOR-011,CAL-P00707-CAL-SEC-3.3.5-001,calc_pdf_p707,,HIGH,UNVERIFIED,CALC_ONLY,CANDIDATE_ONLY,,,,GOLDEN_ELIGIBLE,Page element type 'table'.
RP-762,ENT-LINE-ACL,report,report.layout.CAL-P00710-CAL-SEC-3.3.5-001,text,端支点上横桁 設計断面力 M/S/N,,,,NOR-011,CAL-P00710-CAL-SEC-3.3.5-001,calc_pdf_p710,,HIGH,UNVERIFIED,CALC_ONLY,CANDIDATE_ONLY,,,,GOLDEN_ELIGIBLE,Page element type 'table'.
RP-763,ENT-LINE-ACL,report,report.layout.CAL-P00711-CAL-SEC-3.3.5-001,text,端支点上横桁 断面諸元/曲げ/軸力+曲げ/せん断照査,,,,NOR-011,CAL-P00711-CAL-SEC-3.3.5-001,calc_pdf_p711,,HIGH,UNVERIFIED,CALC_ONLY,CANDIDATE_ONLY,,,,GOLDEN_ELIGIBLE,Page element type 'table'.
RP-764,ENT-LINE-ACL,report,report.layout.CAL-P00714-CAL-SEC-3.3.5-001,text,端支点上横桁 継手ボルト計算,,,,NOR-011,CAL-P00714-CAL-SEC-3.3.5-001,calc_pdf_p714,,HIGH,UNVERIFIED,CALC_ONLY,CANDIDATE_ONLY,,,,GOLDEN_ELIGIBLE,Page element type 'table'.
RP-765,ENT-LINE-ACL,report,report.layout.CAL-P00720-CAL-SEC-3.3.5-001,text,端支点上横桁 全73区分断面照査結果,,,,NOR-011,CAL-P00720-CAL-SEC-3.3.5-001,calc_pdf_p720,,HIGH,UNVERIFIED,CALC_ONLY,CANDIDATE_ONLY,,,,GOLDEN_ELIGIBLE,Page element type 'table'.
RP-766,ENT-LINE-ACL,report,report.layout.CAL-P00735-CAL-SEC-3.3.6-001,text,3.3.6 中間支点上横桁の設計 代表CR1-009(中間支点PR1側),,,,NOR-011,CAL-P00735-CAL-SEC-3.3.6-001,calc_pdf_p735,,HIGH,UNVERIFIED,CALC_ONLY,CANDIDATE_ONLY,,,,GOLDEN_ELIGIBLE,Page element type 'subsection_header'.
RP-768,ENT-LINE-ACL,report,report.layout.CAL-P00735-CAL-SEC-3.3.6-002,figure,中間支点上横桁断面図+荷重載荷図,,,,NOR-011,CAL-P00735-CAL-SEC-3.3.6-002,calc_pdf_p735,,HIGH,UNVERIFIED,CALC_ONLY,CANDIDATE_ONLY,,,,GOLDEN_ELIGIBLE,Page element type 'figure'.
RP-769,ENT-LINE-ACL,report,report.layout.CAL-P00736-CAL-SEC-3.3.6-001,text,中間支点上横桁 荷重組合せ表,,,,NOR-011,CAL-P00736-CAL-SEC-3.3.6-001,calc_pdf_p736,,HIGH,UNVERIFIED,CALC_ONLY,CANDIDATE_ONLY,,,,GOLDEN_ELIGIBLE,Page element type 'table'.
RP-770,ENT-LINE-ACL,report,report.layout.CAL-P00738-CAL-SEC-3.3.6-001,text,中間支点上横桁 CR1-009/CR1-019断面力,,,,NOR-011,CAL-P00738-CAL-SEC-3.3.6-001,calc_pdf_p738,,HIGH,UNVERIFIED,CALC_ONLY,CANDIDATE_ONLY,,,,GOLDEN_ELIGIBLE,Page element type 'table'.
RP-771,ENT-LINE-ACL,report,report.layout.CAL-P00741-CAL-SEC-3.3.6-001,text,中間支点上横桁 断面諸元/曲げ/軸力+曲げ照査,,,,NOR-011,CAL-P00741-CAL-SEC-3.3.6-001,calc_pdf_p741,,HIGH,UNVERIFIED,CALC_ONLY,CANDIDATE_ONLY,,,,GOLDEN_ELIGIBLE,Page element type 'table'.
RP-772,ENT-LINE-ACL,report,report.layout.CAL-P00744-CAL-SEC-3.3.6-001,text,中間支点上横桁 継手ボルト計算,,,,NOR-011,CAL-P00744-CAL-SEC-3.3.6-001,calc_pdf_p744,,HIGH,UNVERIFIED,CALC_ONLY,CANDIDATE_ONLY,,,,GOLDEN_ELIGIBLE,Page element type 'table'.
RP-773,ENT-LINE-ACL,report,report.layout.CAL-P00757-CAL-SEC-3.3.6-001,text,中間支点上横桁 全24区分断面照査結果,,,,NOR-011,CAL-P00757-CAL-SEC-3.3.6-001,calc_pdf_p757,,HIGH,UNVERIFIED,CALC_ONLY,CANDIDATE_ONLY,,,,GOLDEN_ELIGIBLE,Page element type 'table'.
RP-774,ENT-LINE-ACL,report,report.layout.CAL-P00762-CAL-SEC-3.3.7-001,text,3.3.7 横桁補剛材の計算 道示II13.4垂直/水平補剛材,,,,NOR-011,CAL-P00762-CAL-SEC-3.3.7-001,calc_pdf_p762,,HIGH,UNVERIFIED,CALC_ONLY,CANDIDATE_ONLY,,,,GOLDEN_ELIGIBLE,Page element type 'subsection_header'.
RP-776,ENT-LINE-ACL,report,report.layout.CAL-P00763-CAL-SEC-3.3.7-001,text,横桁補剛材断面照査一覧,,,,NOR-011,CAL-P00763-CAL-SEC-3.3.7-001,calc_pdf_p763,,HIGH,UNVERIFIED,CALC_ONLY,CANDIDATE_ONLY,,,,GOLDEN_ELIGIBLE,Page element type 'table'.
RP-777,ENT-LINE-ACL,report,report.layout.CAL-P00764-CAL-SEC-3.3.7-001,text,横桁補剛材断面照査一覧(最終),,,,NOR-011,CAL-P00764-CAL-SEC-3.3.7-001,calc_pdf_p764,,HIGH,UNVERIFIED,CALC_ONLY,CANDIDATE_ONLY,,,,GOLDEN_ELIGIBLE,Page element type 'table'.
RP-802,ENT-LINE-ACL,report,report.layout.CAL-P00765-CAL-SEC-3.4-001,text,3.4 端部ブラケットの設計,,,,NOR-011,CAL-P00765-CAL-SEC-3.4-001,calc_pdf_p765,,HIGH,UNVERIFIED,CALC_ONLY,CANDIDATE_ONLY,,,,GOLDEN_ELIGIBLE,Page element type 'section_header'.
RP-804,ENT-LINE-ACL,report,report.layout.CAL-P00766-CAL-SEC-3.4.1-001,text,3.4.1 S1側 設計方針,,,,NOR-011,CAL-P00766-CAL-SEC-3.4.1-001,calc_pdf_p766,,HIGH,UNVERIFIED,CALC_ONLY,CANDIDATE_ONLY,,,,GOLDEN_ELIGIBLE,Page element type 'subsection_header'.
RP-806,ENT-LINE-ACL,report,report.layout.CAL-P00766-CAL-SEC-3.4.1-002,figure,端ブラケットS1側断面図,,,,NOR-011,CAL-P00766-CAL-SEC-3.4.1-002,calc_pdf_p766,,HIGH,UNVERIFIED,CALC_ONLY,CANDIDATE_ONLY,,,,GOLDEN_ELIGIBLE,Page element type 'figure'.
RP-807,ENT-LINE-ACL,report,report.layout.CAL-P00766-CAL-SEC-3.4.1-003,NOTE,荷重分担幅B=3.046m(B1=2.146 B2=0.900m) 45度分布,,,,NOR-011,CAL-P00766-CAL-SEC-3.4.1-003,calc_pdf_p766,,HIGH,UNVERIFIED,CALC_ONLY,CANDIDATE_ONLY,,,,GOLDEN_ELIGIBLE,Page element type 'text_block'.
RP-808,ENT-LINE-ACL,report,report.layout.CAL-P00767-CAL-SEC-3.4.1-001,text,3.4.1.2 断面力 取付部断面力,,,,NOR-011,CAL-P00767-CAL-SEC-3.4.1-001,calc_pdf_p767,,HIGH,UNVERIFIED,CALC_ONLY,CANDIDATE_ONLY,,,,GOLDEN_ELIGIBLE,Page element type 'subsection_header'.
RP-810,ENT-LINE-ACL,report,report.layout.CAL-P00767-CAL-SEC-3.4.1-002,text,死荷重曲げM 舗装/床版/打下/GL/地覆/ブラケット Md=-127.97kNm,,,,NOR-011,CAL-P00767-CAL-SEC-3.4.1-002,calc_pdf_p767,,HIGH,UNVERIFIED,CALC_ONLY,CANDIDATE_ONLY,,,,GOLDEN_ELIGIBLE,Page element type 'table'.
RP-811,ENT-LINE-ACL,report,report.layout.CAL-P00767-CAL-SEC-3.4.1-003,text,活荷重M P=100kN i=0.392常時 M1=-139.62 衝突時i=0.389 M2=-188.77kNm,,,,NOR-011,CAL-P00767-CAL-SEC-3.4.1-003,calc_pdf_p767,,HIGH,UNVERIFIED,CALC_ONLY,CANDIDATE_ONLY,,,,GOLDEN_ELIGIBLE,Page element type 'table'.
RP-812,ENT-LINE-ACL,report,report.layout.CAL-P00768-CAL-SEC-3.4.1-001,NOTE,衝突荷重F=35.0kN(SC種) M=-68.95kNm 愛知県橋梁設計手引,,,,NOR-011,CAL-P00768-CAL-SEC-3.4.1-001,calc_pdf_p768,,HIGH,UNVERIFIED,CALC_ONLY,CANDIDATE_ONLY,,,,GOLDEN_ELIGIBLE,Page element type 'text_block'.
RP-813,ENT-LINE-ACL,report,report.layout.CAL-P00768-CAL-SEC-3.4.1-002,NOTE,風荷重w=1.950kN/m2 Mw=-8.49kNm 並列影響1.3,,,,NOR-011,CAL-P00768-CAL-SEC-3.4.1-002,calc_pdf_p768,,HIGH,UNVERIFIED,CALC_ONLY,CANDIDATE_ONLY,,,,GOLDEN_ELIGIBLE,Page element type 'text_block'.
RP-814,ENT-LINE-ACL,report,report.layout.CAL-P00769-CAL-SEC-3.4.1-001,text,せん断力計算/断面力集計表 設計M=-308.9kNm S=288.0kN,,,,NOR-011,CAL-P00769-CAL-SEC-3.4.1-001,calc_pdf_p769,,HIGH,UNVERIFIED,CALC_ONLY,CANDIDATE_ONLY,,,,GOLDEN_ELIGIBLE,Page element type 'table'.
RP-815,ENT-LINE-ACL,report,report.layout.CAL-P00770-CAL-SEC-3.4.1-001,text,3.4.1.3 断面計算,,,,NOR-011,CAL-P00770-CAL-SEC-3.4.1-001,calc_pdf_p770,,HIGH,UNVERIFIED,CALC_ONLY,CANDIDATE_ONLY,,,,GOLDEN_ELIGIBLE,Page element type 'subsection_header'.
RP-817,ENT-LINE-ACL,report,report.layout.CAL-P00770-CAL-SEC-3.4.1-002,text,断面諸元 SM400 UFLG250x12 Web788x9 LFLG250x12 A=130.92cm2 I=132705cm4,,,,NOR-011,CAL-P00770-CAL-SEC-3.4.1-002,calc_pdf_p770,,HIGH,UNVERIFIED,CALC_ONLY,CANDIDATE_ONLY,,,,GOLDEN_ELIGIBLE,Page element type 'table'.
RP-818,ENT-LINE-ACL,report,report.layout.CAL-P00771-CAL-SEC-3.4.1-001,text,曲げ/局部座屈照査 sigma_u=95N/mm2 sigma_l=-95 N/mm2,,,,NOR-011,CAL-P00771-CAL-SEC-3.4.1-001,calc_pdf_p771,,HIGH,UNVERIFIED,CALC_ONLY,CANDIDATE_ONLY,,,,GOLDEN_ELIGIBLE,Page element type 'table'.
RP-819,ENT-LINE-ACL,report,report.layout.CAL-P00772-CAL-SEC-3.4.1-001,text,せん断/合成照査 tau=41 N/mm2 tau=55N/mm2(先端) 合成0.42<=1.2,,,,NOR-011,CAL-P00772-CAL-SEC-3.4.1-001,calc_pdf_p772,,HIGH,UNVERIFIED,CALC_ONLY,CANDIDATE_ONLY,,,,GOLDEN_ELIGIBLE,Page element type 'table'.
RP-820,ENT-LINE-ACL,report,report.layout.CAL-P00773-CAL-SEC-3.4.1-001,text,3.4.1.4 補剛材の計算,,,,NOR-011,CAL-P00773-CAL-SEC-3.4.1-001,calc_pdf_p773,,HIGH,UNVERIFIED,CALC_ONLY,CANDIDATE_ONLY,,,,GOLDEN_ELIGIBLE,Page element type 'subsection_header'.
RP-822,ENT-LINE-ACL,report,report.layout.CAL-P00773-CAL-SEC-3.4.1-002,text,垂直補剛材PL80x9 Iv=1536000mm4 水平補剛材省略,,,,NOR-011,CAL-P00773-CAL-SEC-3.4.1-002,calc_pdf_p773,,HIGH,UNVERIFIED,CALC_ONLY,CANDIDATE_ONLY,,,,GOLDEN_ELIGIBLE,Page element type 'table'.
RP-823,ENT-LINE-ACL,report,report.layout.CAL-P00774-CAL-SEC-3.4.1-001,text,3.4.1.5 活荷重たわみの照査,,,,NOR-011,CAL-P00774-CAL-SEC-3.4.1-001,calc_pdf_p774,,HIGH,UNVERIFIED,CALC_ONLY,CANDIDATE_ONLY,,,,GOLDEN_ELIGIBLE,Page element type 'subsection_header'.
RP-825,ENT-LINE-ACL,report,report.layout.CAL-P00774-CAL-SEC-3.4.1-002,text,たわみδ=Pb^3/(6EI)*(3x/b-1) 許容δa=L/1200=1.58mm,,,,NOR-011,CAL-P00774-CAL-SEC-3.4.1-002,calc_pdf_p774,,HIGH,UNVERIFIED,CALC_ONLY,CANDIDATE_ONLY,,,,GOLDEN_ELIGIBLE,Page element type 'table'.
RP-826,ENT-LINE-ACL,report,report.layout.CAL-P00775-CAL-SEC-3.4.1-001,text,活荷重たわみ照査結果/ボルト継手照査,,,,NOR-011,CAL-P00775-CAL-SEC-3.4.1-001,calc_pdf_p775,,HIGH,UNVERIFIED,CALC_ONLY,CANDIDATE_ONLY,,,,GOLDEN_ELIGIBLE,Page element type 'table'.
RP-827,ENT-LINE-ACL,report,report.layout.CAL-P00776-CAL-SEC-3.4.1-001,text,ボルト継手照査(最終) S1側,,,,NOR-011,CAL-P00776-CAL-SEC-3.4.1-001,calc_pdf_p776,,HIGH,UNVERIFIED,CALC_ONLY,CANDIDATE_ONLY,,,,GOLDEN_ELIGIBLE,Page element type 'table'.
RP-828,ENT-LINE-ACL,report,report.layout.CAL-P00777-CAL-SEC-3.4.2-001,text,3.4.2 S2側 S2側ブラケット設計,,,,NOR-011,CAL-P00777-CAL-SEC-3.4.2-001,calc_pdf_p777,,HIGH,UNVERIFIED,CALC_ONLY,CANDIDATE_ONLY,,,,GOLDEN_ELIGIBLE,Page element type 'subsection_header'.
RP-830,ENT-LINE-ACL,report,report.layout.CAL-P00777-CAL-SEC-3.4.2-002,figure,端ブラケットS2側断面図,,,,NOR-011,CAL-P00777-CAL-SEC-3.4.2-002,calc_pdf_p777,,HIGH,UNVERIFIED,CALC_ONLY,CANDIDATE_ONLY,,,,GOLDEN_ELIGIBLE,Page element type 'figure'.
RP-831,ENT-LINE-ACL,report,report.layout.CAL-P00778-CAL-SEC-3.4.2-001,text,S2側死荷重/活荷重/衝突荷重曲げモーメント,,,,NOR-011,CAL-P00778-CAL-SEC-3.4.2-001,calc_pdf_p778,,HIGH,UNVERIFIED,CALC_ONLY,CANDIDATE_ONLY,,,,GOLDEN_ELIGIBLE,Page element type 'table'.
RP-832,ENT-LINE-ACL,report,report.layout.CAL-P00779-CAL-SEC-3.4.2-001,text,S2側断面力集計表/設計断面力,,,,NOR-011,CAL-P00779-CAL-SEC-3.4.2-001,calc_pdf_p779,,HIGH,UNVERIFIED,CALC_ONLY,CANDIDATE_ONLY,,,,GOLDEN_ELIGIBLE,Page element type 'table'.
RP-833,ENT-LINE-ACL,report,report.layout.CAL-P00780-CAL-SEC-3.4.2-001,text,S2側断面諸元/曲げ/せん断照査,,,,NOR-011,CAL-P00780-CAL-SEC-3.4.2-001,calc_pdf_p780,,HIGH,UNVERIFIED,CALC_ONLY,CANDIDATE_ONLY,,,,GOLDEN_ELIGIBLE,Page element type 'table'.
RP-834,ENT-LINE-ACL,report,report.layout.CAL-P00781-CAL-SEC-3.4.2-001,text,S2側補剛材/活荷重たわみ照査,,,,NOR-011,CAL-P00781-CAL-SEC-3.4.2-001,calc_pdf_p781,,HIGH,UNVERIFIED,CALC_ONLY,CANDIDATE_ONLY,,,,GOLDEN_ELIGIBLE,Page element type 'table'.
RP-835,ENT-LINE-ACL,report,report.layout.CAL-P00782-CAL-SEC-3.4.2-001,text,S2側ボルト継手照査(最終),,,,NOR-011,CAL-P00782-CAL-SEC-3.4.2-001,calc_pdf_p782,,HIGH,UNVERIFIED,CALC_ONLY,CANDIDATE_ONLY,,,,GOLDEN_ELIGIBLE,Page element type 'table'.
RP-868,ENT-LINE-ACL,report,report.layout.CAL-P00788-CAL-SEC-3.5-001,text,3.5 横構の設計,,,,NOR-011,CAL-P00788-CAL-SEC-3.5-001,calc_pdf_p788,,HIGH,UNVERIFIED,CALC_ONLY,CANDIDATE_ONLY,,,,GOLDEN_ELIGIBLE,Page element type 'section_header'.
RP-870,ENT-LINE-ACL,report,report.layout.CAL-P00789-CAL-SEC-3.5.1-001,text,3.5.1 設計方針,,,,NOR-011,CAL-P00789-CAL-SEC-3.5.1-001,calc_pdf_p789,,HIGH,UNVERIFIED,CALC_ONLY,CANDIDATE_ONLY,,,,GOLDEN_ELIGIBLE,Page element type 'subsection_header'.
RP-872,ENT-LINE-ACL,report,report.layout.CAL-P00789-CAL-SEC-3.5.1-002,NOTE,横構上下設ける 限界状態3 ボルト限界状態1 風WS鋼桁下半分 地震EQ慣性力1/4 組合せ(8)D+WS (11)D+EQ,,,,NOR-011,CAL-P00789-CAL-SEC-3.5.1-002,calc_pdf_p789,,HIGH,UNVERIFIED,CALC_ONLY,CANDIDATE_ONLY,,,,GOLDEN_ELIGIBLE,Page element type 'text_block'.
RP-873,ENT-LINE-ACL,report,report.layout.CAL-P00789-CAL-SEC-3.5.1-003,NOTE,ダブルワーレンX配置 引張部材 細長比一次部材 ボルト孔ボルト径+5mm ガセット厚フランジ厚合わせ,,,,NOR-011,CAL-P00789-CAL-SEC-3.5.1-003,calc_pdf_p789,,HIGH,UNVERIFIED,CALC_ONLY,CANDIDATE_ONLY,,,,GOLDEN_ELIGIBLE,Page element type 'text_block'.
RP-874,ENT-LINE-ACL,report,report.layout.CAL-P00790-CAL-SEC-3.5.1-001,figure,横構骨組図 格点番号/部材番号/断面番号/支点部変更,,,,NOR-011,CAL-P00790-CAL-SEC-3.5.1-001,calc_pdf_p790,,HIGH,UNVERIFIED,CALC_ONLY,CANDIDATE_ONLY,,,,GOLDEN_ELIGIBLE,Page element type 'figure'.
RP-875,ENT-LINE-ACL,report,report.layout.CAL-P00790-CAL-SEC-3.5.1-002,text,断面種類(4):1:FLG370x22 WEB200x22(SM490Y) 2:FLG250x19 WEB150x19(SM490Y) 3:FLG250x19 WEB150x19(SM400) 4:FLG250x12 WEB150x12(SM400),,,,NOR-011,CAL-P00790-CAL-SEC-3.5.1-002,calc_pdf_p790,,HIGH,UNVERIFIED,CALC_ONLY,CANDIDATE_ONLY,,,,GOLDEN_ELIGIBLE,Page element type 'table'.
RP-876,ENT-LINE-ACL,report,report.layout.CAL-P00791-CAL-SEC-3.5.2-001,text,3.5.2 風荷重および地震の影響,,,,NOR-011,CAL-P00791-CAL-SEC-3.5.2-001,calc_pdf_p791,,HIGH,UNVERIFIED,CALC_ONLY,CANDIDATE_ONLY,,,,GOLDEN_ELIGIBLE,Page element type 'subsection_header'.
RP-878,ENT-LINE-ACL,report,report.layout.CAL-P00791-CAL-SEC-3.5.2-002,NOTE,V=40m/s WS=6.67kN/m(横構1組) 設計Pw=8.34kN/m(γp=1.00 γq=1.25),,,,NOR-011,CAL-P00791-CAL-SEC-3.5.2-002,calc_pdf_p791,,HIGH,UNVERIFIED,CALC_ONLY,CANDIDATE_ONLY,,,,GOLDEN_ELIGIBLE,Page element type 'text_block'.
RP-879,ENT-LINE-ACL,report,report.layout.CAL-P00791-CAL-SEC-3.5.2-003,NOTE,地震L2 Wd=18853.5kN Kh=1.36 We=48.81kN/m(横構1組1/4+常時換算) 設計Pe=37.34kN/m Keq=0.765,,,,NOR-011,CAL-P00791-CAL-SEC-3.5.2-003,calc_pdf_p791,,HIGH,UNVERIFIED,CALC_ONLY,CANDIDATE_ONLY,,,,GOLDEN_ELIGIBLE,Page element type 'text_block'.
RP-880,ENT-LINE-ACL,report,report.layout.CAL-P00792-CAL-SEC-3.5.3-001,text,3.5.3 設計断面力 部材軸力表(コード/長さ/Secθ/Nw/Ne/N),,,,NOR-011,CAL-P00792-CAL-SEC-3.5.3-001,calc_pdf_p792,,HIGH,UNVERIFIED,CALC_ONLY,CANDIDATE_ONLY,,,,GOLDEN_ELIGIBLE,Page element type 'subsection_header'.
RP-882,ENT-LINE-ACL,report,report.layout.CAL-P00792-CAL-SEC-3.5.3-002,text,部材軸力 D-10016~D-10216 2行コード 風Nw/地震Ne/設計N kN,,,,NOR-011,CAL-P00792-CAL-SEC-3.5.3-002,calc_pdf_p792,,HIGH,UNVERIFIED,CALC_ONLY,CANDIDATE_ONLY,,,,GOLDEN_ELIGIBLE,Page element type 'table'.
RP-883,ENT-LINE-ACL,report,report.layout.CAL-P00793-CAL-SEC-3.5.4-001,text,3.5.4 断面の決定,,,,NOR-011,CAL-P00793-CAL-SEC-3.5.4-001,calc_pdf_p793,,HIGH,UNVERIFIED,CALC_ONLY,CANDIDATE_ONLY,,,,GOLDEN_ELIGIBLE,Page element type 'subsection_header'.
RP-885,ENT-LINE-ACL,report,report.layout.CAL-P00793-CAL-SEC-3.5.4-002,text,断面決定表 断面番号/種別/材質/A/Ag/照査結果,,,,NOR-011,CAL-P00793-CAL-SEC-3.5.4-002,calc_pdf_p793,,HIGH,UNVERIFIED,CALC_ONLY,CANDIDATE_ONLY,,,,GOLDEN_ELIGIBLE,Page element type 'table'.
RP-886,ENT-LINE-ACL,report,report.layout.CAL-P00797-CAL-SEC-3.5.5-001,text,3.5.5 計算結果一覧,,,,NOR-011,CAL-P00797-CAL-SEC-3.5.5-001,calc_pdf_p797,,HIGH,UNVERIFIED,CALC_ONLY,CANDIDATE_ONLY,,,,GOLDEN_ELIGIBLE,Page element type 'subsection_header'.
RP-888,ENT-LINE-ACL,report,report.layout.CAL-P00797-CAL-SEC-3.5.5-002,text,横構計算結果一覧表 部材/断面/応力度照査,,,,NOR-011,CAL-P00797-CAL-SEC-3.5.5-002,calc_pdf_p797,,HIGH,UNVERIFIED,CALC_ONLY,CANDIDATE_ONLY,,,,GOLDEN_ELIGIBLE,Page element type 'table'.
RP-889,ENT-LINE-ACL,report,report.layout.CAL-P00800-CAL-SEC-3.5.6-001,text,3.5.6 支点部水平支承補強計算 PU15/PR1/PR2/AR2,,,,NOR-011,CAL-P00800-CAL-SEC-3.5.6-001,calc_pdf_p800,,HIGH,UNVERIFIED,CALC_ONLY,CANDIDATE_ONLY,,,,GOLDEN_ELIGIBLE,Page element type 'subsection_header'.
RP-891,ENT-LINE-ACL,report,report.layout.CAL-P00800-CAL-SEC-3.5.6-002,text,支点部補強計算 断面諸元/ボルト継手照査,,,,NOR-011,CAL-P00800-CAL-SEC-3.5.6-002,calc_pdf_p800,,HIGH,UNVERIFIED,CALC_ONLY,CANDIDATE_ONLY,,,,GOLDEN_ELIGIBLE,Page element type 'table'.
RP-892,ENT-LINE-ACL,report,report.layout.CAL-P00816-CAL-SEC-3.5.6-001,text,支点部補強計算(最終),,,,NOR-011,CAL-P00816-CAL-SEC-3.5.6-001,calc_pdf_p816,,HIGH,UNVERIFIED,CALC_ONLY,CANDIDATE_ONLY,,,,GOLDEN_ELIGIBLE,Page element type 'table'.
RP-919,ENT-LINE-ACL,report,report.layout.CAL-P00817-CAL-SEC-3.6-001,text,3.6 巻き立てコンクリートの設計,,,,NOR-011,CAL-P00817-CAL-SEC-3.6-001,calc_pdf_p817,,HIGH,UNVERIFIED,CALC_ONLY,CANDIDATE_ONLY,,,,GOLDEN_ELIGIBLE,Page element type 'section_header'.
RP-921,ENT-LINE-ACL,report,report.layout.CAL-P00818-CAL-SEC-3.6.1-001,text,3.6.1 設計方針,,,,NOR-011,CAL-P00818-CAL-SEC-3.6.1-001,calc_pdf_p818,,HIGH,UNVERIFIED,CALC_ONLY,CANDIDATE_ONLY,,,,GOLDEN_ELIGIBLE,Page element type 'subsection_header'.
RP-923,ENT-LINE-ACL,report,report.layout.CAL-P00818-CAL-SEC-3.6.1-002,NOTE,本体部:鉄筋量断面積0.15%以上 最大径32mm 最大間隔300mm 道示III5.2,,,,NOR-011,CAL-P00818-CAL-SEC-3.6.1-002,calc_pdf_p818,,HIGH,UNVERIFIED,CALC_ONLY,CANDIDATE_ONLY,,,,GOLDEN_ELIGIBLE,Page element type 'text_block'.
RP-924,ENT-LINE-ACL,report,report.layout.CAL-P00818-CAL-SEC-3.6.1-003,NOTE,下端突起部:水平支承橋軸方向力考慮 下フランジ補強材位置固定片持ち梁計算,,,,NOR-011,CAL-P00818-CAL-SEC-3.6.1-003,calc_pdf_p818,,HIGH,UNVERIFIED,CALC_ONLY,CANDIDATE_ONLY,,,,GOLDEN_ELIGIBLE,Page element type 'text_block'.
RP-925,ENT-LINE-ACL,report,report.layout.CAL-P00818-CAL-SEC-3.6.1-004,figure,巻き立てコンクリート概要図 S1/S2/PR1/PR2,,,,NOR-011,CAL-P00818-CAL-SEC-3.6.1-004,calc_pdf_p818,,HIGH,UNVERIFIED,CALC_ONLY,CANDIDATE_ONLY,,,,GOLDEN_ELIGIBLE,Page element type 'figure'.
RP-926,ENT-LINE-ACL,report,report.layout.CAL-P00819-CAL-SEC-3.6.2-001,text,3.6.2 本体部 端支点S1,,,,NOR-011,CAL-P00819-CAL-SEC-3.6.2-001,calc_pdf_p819,,HIGH,UNVERIFIED,CALC_ONLY,CANDIDATE_ONLY,,,,GOLDEN_ELIGIBLE,Page element type 'subsection_header'.
RP-928,ENT-LINE-ACL,report,report.layout.CAL-P00819-CAL-SEC-3.6.2-002,figure,S1断面図 B=1500 H=2280 D19@250 7段 D25@250 4本,,,,NOR-011,CAL-P00819-CAL-SEC-3.6.2-002,calc_pdf_p819,,HIGH,UNVERIFIED,CALC_ONLY,CANDIDATE_ONLY,,,,GOLDEN_ELIGIBLE,Page element type 'figure'.
RP-929,ENT-LINE-ACL,report,report.layout.CAL-P00819-CAL-SEC-3.6.2-003,text,S1 Ac=34200cm2 Asreq=51.30cm2 D19n>=18 D25n>=3本,,,,NOR-011,CAL-P00819-CAL-SEC-3.6.2-003,calc_pdf_p819,,HIGH,UNVERIFIED,CALC_ONLY,CANDIDATE_ONLY,,,,GOLDEN_ELIGIBLE,Page element type 'table'.
RP-930,ENT-LINE-ACL,report,report.layout.CAL-P00820-CAL-SEC-3.6.2-001,text,端支点S2 本体部,,,,NOR-011,CAL-P00820-CAL-SEC-3.6.2-001,calc_pdf_p820,,HIGH,UNVERIFIED,CALC_ONLY,CANDIDATE_ONLY,,,,GOLDEN_ELIGIBLE,Page element type 'subsection_header'.
RP-932,ENT-LINE-ACL,report,report.layout.CAL-P00820-CAL-SEC-3.6.2-002,figure,S2断面図 B=1500 H=2400 D19@250 7段 D25@250 4本,,,,NOR-011,CAL-P00820-CAL-SEC-3.6.2-002,calc_pdf_p820,,HIGH,UNVERIFIED,CALC_ONLY,CANDIDATE_ONLY,,,,GOLDEN_ELIGIBLE,Page element type 'figure'.
RP-933,ENT-LINE-ACL,report,report.layout.CAL-P00820-CAL-SEC-3.6.2-003,text,S2 Ac=36000cm2 Asreq=54.00cm2 D19n>=19 D25n>=3本,,,,NOR-011,CAL-P00820-CAL-SEC-3.6.2-003,calc_pdf_p820,,HIGH,UNVERIFIED,CALC_ONLY,CANDIDATE_ONLY,,,,GOLDEN_ELIGIBLE,Page element type 'table'.
RP-934,ENT-LINE-ACL,report,report.layout.CAL-P00821-CAL-SEC-3.6.2-001,text,中間支点PR1/PR2 本体部,,,,NOR-011,CAL-P00821-CAL-SEC-3.6.2-001,calc_pdf_p821,,HIGH,UNVERIFIED,CALC_ONLY,CANDIDATE_ONLY,,,,GOLDEN_ELIGIBLE,Page element type 'subsection_header'.
RP-936,ENT-LINE-ACL,report,report.layout.CAL-P00821-CAL-SEC-3.6.2-002,figure,PR1/PR2断面図 B=2000 H=2400 D19@250 7段 D25@250 4本,,,,NOR-011,CAL-P00821-CAL-SEC-3.6.2-002,calc_pdf_p821,,HIGH,UNVERIFIED,CALC_ONLY,CANDIDATE_ONLY,,,,GOLDEN_ELIGIBLE,Page element type 'figure'.
RP-937,ENT-LINE-ACL,report,report.layout.CAL-P00821-CAL-SEC-3.6.2-003,text,PR1/PR2 Ac=48000cm2 Asreq=72.00cm2 D19n>=26 D25n>=3本,,,,NOR-011,CAL-P00821-CAL-SEC-3.6.2-003,calc_pdf_p821,,HIGH,UNVERIFIED,CALC_ONLY,CANDIDATE_ONLY,,,,GOLDEN_ELIGIBLE,Page element type 'table'.
RP-938,ENT-LINE-ACL,report,report.layout.CAL-P00822-CAL-SEC-3.6.3-001,text,3.6.3 下端突起部 端支点S1/S2,,,,NOR-011,CAL-P00822-CAL-SEC-3.6.3-001,calc_pdf_p822,,HIGH,UNVERIFIED,CALC_ONLY,CANDIDATE_ONLY,,,,GOLDEN_ELIGIBLE,Page element type 'subsection_header'.
RP-940,ENT-LINE-ACL,report,report.layout.CAL-P00822-CAL-SEC-3.6.3-002,figure,端支点下端突起部断面図,,,,NOR-011,CAL-P00822-CAL-SEC-3.6.3-002,calc_pdf_p822,,HIGH,UNVERIFIED,CALC_ONLY,CANDIDATE_ONLY,,,,GOLDEN_ELIGIBLE,Page element type 'figure'.
RP-941,ENT-LINE-ACL,report,report.layout.CAL-P00823-CAL-SEC-3.6.3-001,text,S1/S2突起部断面力/断面諸元/鉄筋計算,,,,NOR-011,CAL-P00823-CAL-SEC-3.6.3-001,calc_pdf_p823,,HIGH,UNVERIFIED,CALC_ONLY,CANDIDATE_ONLY,,,,GOLDEN_ELIGIBLE,Page element type 'table'.
RP-942,ENT-LINE-ACL,report,report.layout.CAL-P00824-CAL-SEC-3.6.3-001,text,端支点突起部曲げ/せん断照査,,,,NOR-011,CAL-P00824-CAL-SEC-3.6.3-001,calc_pdf_p824,,HIGH,UNVERIFIED,CALC_ONLY,CANDIDATE_ONLY,,,,GOLDEN_ELIGIBLE,Page element type 'table'.
RP-943,ENT-LINE-ACL,report,report.layout.CAL-P00832-CAL-SEC-3.6.3-001,text,中間支点PR1/PR2突起部断面力/鉄筋計算,,,,NOR-011,CAL-P00832-CAL-SEC-3.6.3-001,calc_pdf_p832,,HIGH,UNVERIFIED,CALC_ONLY,CANDIDATE_ONLY,,,,GOLDEN_ELIGIBLE,Page element type 'table'.
RP-944,ENT-LINE-ACL,report,report.layout.CAL-P00833-CAL-SEC-3.6.3-001,text,中間支点突起部曲げ/せん断照査,,,,NOR-011,CAL-P00833-CAL-SEC-3.6.3-001,calc_pdf_p833,,HIGH,UNVERIFIED,CALC_ONLY,CANDIDATE_ONLY,,,,GOLDEN_ELIGIBLE,Page element type 'table'.
RP-945,ENT-LINE-ACL,report,report.layout.CAL-P00839-CAL-SEC-3.6.3-001,text,中間支点突起部照査(最終),,,,NOR-011,CAL-P00839-CAL-SEC-3.6.3-001,calc_pdf_p839,,HIGH,UNVERIFIED,CALC_ONLY,CANDIDATE_ONLY,,,,GOLDEN_ELIGIBLE,Page element type 'table'.
RP-946,ENT-LINE-ACL,report,report.layout.CAL-P00840-CAL-SEC-3.6.4-001,text,3.6.4 支点上横桁ずれ止め計算,,,,NOR-011,CAL-P00840-CAL-SEC-3.6.4-001,calc_pdf_p840,,HIGH,UNVERIFIED,CALC_ONLY,CANDIDATE_ONLY,,,,GOLDEN_ELIGIBLE,Page element type 'subsection_header'.
RP-948,ENT-LINE-ACL,report,report.layout.CAL-P00840-CAL-SEC-3.6.4-002,text,ずれ止め スタッド配置/耐力照査,,,,NOR-011,CAL-P00840-CAL-SEC-3.6.4-002,calc_pdf_p840,,HIGH,UNVERIFIED,CALC_ONLY,CANDIDATE_ONLY,,,,GOLDEN_ELIGIBLE,Page element type 'table'.
RP-973,ENT-LINE-ACL,report,report.layout.CAL-P00842-CAL-SEC-3.7-001,text,3.7 疲労設計,,,,NOR-011,CAL-P00842-CAL-SEC-3.7-001,calc_pdf_p842,,HIGH,UNVERIFIED,CALC_ONLY,CANDIDATE_ONLY,,,,GOLDEN_ELIGIBLE,Page element type 'section_header'.
RP-975,ENT-LINE-ACL,report,report.layout.CAL-P00843-CAL-SEC-3.7.1-001,text,3.7.1 主桁の疲労設計,,,,NOR-011,CAL-P00843-CAL-SEC-3.7.1-001,calc_pdf_p843,,HIGH,UNVERIFIED,CALC_ONLY,CANDIDATE_ONLY,,,,GOLDEN_ELIGIBLE,Page element type 'subsection_header'.
RP-977,ENT-LINE-ACL,report,report.layout.CAL-P00843-CAL-SEC-3.7.1-002,figure,疲労照査フローチャート,,,,NOR-011,CAL-P00843-CAL-SEC-3.7.1-002,calc_pdf_p843,,HIGH,UNVERIFIED,CALC_ONLY,CANDIDATE_ONLY,,,,GOLDEN_ELIGIBLE,Page element type 'figure'.
RP-978,ENT-LINE-ACL,report,report.layout.CAL-P00844-CAL-SEC-3.7.1-001,figure,疲労照査荷重位置図 8010mm幅 100kN輪荷重,,,,NOR-011,CAL-P00844-CAL-SEC-3.7.1-001,calc_pdf_p844,,HIGH,UNVERIFIED,CALC_ONLY,CANDIDATE_ONLY,,,,GOLDEN_ELIGIBLE,Page element type 'figure'.
RP-979,ENT-LINE-ACL,report,report.layout.CAL-P00845-CAL-SEC-3.7.1-001,text,3.7.1.2 疲労照査必要性判定,,,,NOR-011,CAL-P00845-CAL-SEC-3.7.1-001,calc_pdf_p845,,HIGH,UNVERIFIED,CALC_ONLY,CANDIDATE_ONLY,,,,GOLDEN_ELIGIBLE,Page element type 'subsection_header'.
RP-981,ENT-LINE-ACL,report,report.layout.CAL-P00845-CAL-SEC-3.7.1-002,NOTE,3径間連続非合成鈑桁橋 等級D-G SM520/SM490Y/SM400 支間40.020m ADTTSLi=379台 照査必要 道示II表8.2.1,,,,NOR-011,CAL-P00845-CAL-SEC-3.7.1-002,calc_pdf_p845,,HIGH,UNVERIFIED,CALC_ONLY,CANDIDATE_ONLY,,,,GOLDEN_ELIGIBLE,Page element type 'text_block'.
RP-982,ENT-LINE-ACL,report,report.layout.CAL-P00845-CAL-SEC-3.7.1-003,NOTE,設計供用100年 F荷重200kN if=10/(50+L) gammaF=gammaF1*gammaF2*gammaF3*gammaa gammaF1=3.0 gammaa=0.8,,,,NOR-011,CAL-P00845-CAL-SEC-3.7.1-003,calc_pdf_p845,,HIGH,UNVERIFIED,CALC_ONLY,CANDIDATE_ONLY,,,,GOLDEN_ELIGIBLE,Page element type 'text_block'.
RP-983,ENT-LINE-ACL,report,report.layout.CAL-P00846-CAL-SEC-3.7.1-001,NOTE,gammaF2=(LogLB1+1.50)/3.0 2/3<=gammaF2<=1.00 gammaF3=1.00(正負交番しない場合表8.2.2) gammaa=0.8(多主桁橋),,,,NOR-011,CAL-P00846-CAL-SEC-3.7.1-001,calc_pdf_p846,,HIGH,UNVERIFIED,CALC_ONLY,CANDIDATE_ONLY,,,,GOLDEN_ELIGIBLE,Page element type 'text_block'.
RP-984,ENT-LINE-ACL,report,report.layout.CAL-P00847-CAL-SEC-3.7.1-001,NOTE,要素中間点断面力補間:直線1/2/3交点から補間点=交点2+(交点1-交点2)*Lx/L,,,,NOR-011,CAL-P00847-CAL-SEC-3.7.1-001,calc_pdf_p847,,HIGH,UNVERIFIED,CALC_ONLY,CANDIDATE_ONLY,,,,GOLDEN_ELIGIBLE,Page element type 'text_block'.
RP-985,ENT-LINE-ACL,report,report.layout.CAL-P00848-CAL-SEC-3.7.1-001,text,照査位置11箇所:上FLG+垂直補剛E/上FLG+スタッドE/下FLG+垂直補剛E/腹板上FLG D/腹板下FLG D/腹板上+垂直補剛E/腹板下+垂直補剛E/水平補剛上G/水平補剛下G/腹板+横桁上FLG G/腹板+横桁下FLG G,,,,NOR-011,CAL-P00848-CAL-SEC-3.7.1-001,calc_pdf_p848,,HIGH,UNVERIFIED,CALC_ONLY,CANDIDATE_ONLY,,,,GOLDEN_ELIGIBLE,Page element type 'table'.
RP-986,ENT-LINE-ACL,report,report.layout.CAL-P00849-CAL-SEC-3.7.1-001,NOTE,代表部:No.1 AG1 1005 腹板+横桁下FLG G等級 No.2 AG1 J-14 上FLG+スタッド E等級,,,,NOR-011,CAL-P00849-CAL-SEC-3.7.1-001,calc_pdf_p849,,HIGH,UNVERIFIED,CALC_ONLY,CANDIDATE_ONLY,,,,GOLDEN_ELIGIBLE,Page element type 'text_block'.
RP-987,ENT-LINE-ACL,report,report.layout.CAL-P00850-CAL-SEC-3.7.1-001,text,No.1断面諸量 Rc=2998.500m Ix=0.077140m4 y=0.9080m 断面力/応力度 載荷横断1-27 Mx kNm,,,,NOR-011,CAL-P00850-CAL-SEC-3.7.1-001,calc_pdf_p850,,HIGH,UNVERIFIED,CALC_ONLY,CANDIDATE_ONLY,,,,GOLDEN_ELIGIBLE,Page element type 'table'.
RP-988,ENT-LINE-ACL,report,report.layout.CAL-P00851-CAL-SEC-3.7.1-001,text,No.1応力範囲 delta_sigma_max=54N/mm2 G等級打切delta_sigma_ce=32 CR=1.00 Ct=1.00 簡便照査54>32 NG,,,,NOR-011,CAL-P00851-CAL-SEC-3.7.1-001,calc_pdf_p851,,HIGH,UNVERIFIED,CALC_ONLY,CANDIDATE_ONLY,,,,GOLDEN_ELIGIBLE,Page element type 'table'.
RP-989,ENT-LINE-ACL,report,report.layout.CAL-P00852-CAL-SEC-3.7.1-001,text,No.1累積損傷度 nti=0.42e6 N1_1=1.61e6 D=0.26<=1.0 OK G等級 delta_sigma_f=50 delta_sigma_ve=15 N/mm2,,,,NOR-011,CAL-P00852-CAL-SEC-3.7.1-001,calc_pdf_p852,,HIGH,UNVERIFIED,CALC_ONLY,CANDIDATE_ONLY,,,,GOLDEN_ELIGIBLE,Page element type 'table'.
RP-990,ENT-LINE-ACL,report,report.layout.CAL-P00853-CAL-SEC-3.7.1-001,text,No.2 AG1 J-14 Ix=0.076329m4 y=-1.3405m E等級 断面力/応力度,,,,NOR-011,CAL-P00853-CAL-SEC-3.7.1-001,calc_pdf_p853,,HIGH,UNVERIFIED,CALC_ONLY,CANDIDATE_ONLY,,,,GOLDEN_ELIGIBLE,Page element type 'table'.
RP-991,ENT-LINE-ACL,report,report.layout.CAL-P00854-CAL-SEC-3.7.1-001,text,No.2応力範囲 delta_sigma_max=80N/mm2 CR=1.30(応力比R=2.25>1.00) 死荷重-84N/mm2,,,,NOR-011,CAL-P00854-CAL-SEC-3.7.1-001,calc_pdf_p854,,HIGH,UNVERIFIED,CALC_ONLY,CANDIDATE_ONLY,,,,GOLDEN_ELIGIBLE,Page element type 'table'.
RP-992,ENT-LINE-ACL,report,report.layout.CAL-P00855-CAL-SEC-3.7.1-001,text,No.2累積損傷度照査,,,,NOR-011,CAL-P00855-CAL-SEC-3.7.1-001,calc_pdf_p855,,HIGH,UNVERIFIED,CALC_ONLY,CANDIDATE_ONLY,,,,GOLDEN_ELIGIBLE,Page element type 'table'.
RP-993,ENT-LINE-ACL,report,report.layout.CAL-P00856-CAL-SEC-3.7.1-001,text,主桁疲労照査結果一覧 全照査点,,,,NOR-011,CAL-P00856-CAL-SEC-3.7.1-001,calc_pdf_p856,,HIGH,UNVERIFIED,CALC_ONLY,CANDIDATE_ONLY,,,,GOLDEN_ELIGIBLE,Page element type 'table'.
RP-994,ENT-LINE-ACL,report,report.layout.CAL-P00859-CAL-SEC-3.7.1-001,text,主桁疲労照査結果一覧(最終),,,,NOR-011,CAL-P00859-CAL-SEC-3.7.1-001,calc_pdf_p859,,HIGH,UNVERIFIED,CALC_ONLY,CANDIDATE_ONLY,,,,GOLDEN_ELIGIBLE,Page element type 'table'.
RP-995,ENT-LINE-ACL,report,report.layout.CAL-P00860-CAL-SEC-3.7.2-001,text,3.7.2 横桁の疲労設計,,,,NOR-011,CAL-P00860-CAL-SEC-3.7.2-001,calc_pdf_p860,,HIGH,UNVERIFIED,CALC_ONLY,CANDIDATE_ONLY,,,,GOLDEN_ELIGIBLE,Page element type 'subsection_header'.
RP-997,ENT-LINE-ACL,report,report.layout.CAL-P00860-CAL-SEC-3.7.2-002,text,横桁疲労照査位置/断面力/応力度,,,,NOR-011,CAL-P00860-CAL-SEC-3.7.2-002,calc_pdf_p860,,HIGH,UNVERIFIED,CALC_ONLY,CANDIDATE_ONLY,,,,GOLDEN_ELIGIBLE,Page element type 'table'.
RP-998,ENT-LINE-ACL,report,report.layout.CAL-P00870-CAL-SEC-3.7.2-001,text,横桁疲労照査(最終),,,,NOR-011,CAL-P00870-CAL-SEC-3.7.2-001,calc_pdf_p870,,HIGH,UNVERIFIED,CALC_ONLY,CANDIDATE_ONLY,,,,GOLDEN_ELIGIBLE,Page element type 'table'.
RP-1040,ENT-LINE-ACL,report,report.layout.CAL-P00871-CAL-SEC-ch4-001,text,第4章 合成桁の設計,,,,NOR-011,CAL-P00871-CAL-SEC-ch4-001,calc_pdf_p871,,HIGH,UNVERIFIED,CALC_ONLY,CANDIDATE_ONLY,,,,GOLDEN_ELIGIBLE,Page element type 'chapter_header'.
RP-1042,ENT-LINE-ACL,report,report.layout.CAL-P00872-CAL-SEC-4.1-001,text,4.1 主構断面力の計算,,,,NOR-011,CAL-P00872-CAL-SEC-4.1-001,calc_pdf_p872,,HIGH,UNVERIFIED,CALC_ONLY,CANDIDATE_ONLY,,,,GOLDEN_ELIGIBLE,Page element type 'section_header'.
RP-1044,ENT-LINE-ACL,report,report.layout.CAL-P00873-CAL-SEC-4.1.1-001,text,4.1.1 解析方針,,,,NOR-011,CAL-P00873-CAL-SEC-4.1.1-001,calc_pdf_p873,,HIGH,UNVERIFIED,CALC_ONLY,CANDIDATE_ONLY,,,,GOLDEN_ELIGIBLE,Page element type 'subsection_header'.
RP-1046,ENT-LINE-ACL,report,report.layout.CAL-P00873-CAL-SEC-4.1.1-002,NOTE,解析概要: 主桁・横桁からなる平面格子モデル。死荷重・活荷重を載荷。,,,,NOR-011,CAL-P00873-CAL-SEC-4.1.1-002,calc_pdf_p873,,HIGH,UNVERIFIED,CALC_ONLY,CANDIDATE_ONLY,,,,GOLDEN_ELIGIBLE,Page element type 'text_block'.
RP-1047,ENT-LINE-ACL,report,report.layout.CAL-P00873-CAL-SEC-4.1.1-003,NOTE,節点: 横断線位置/断面変化位置/0.15L位置。座標は線形計算結果を使用。,,,,NOR-011,CAL-P00873-CAL-SEC-4.1.1-003,calc_pdf_p873,,HIGH,UNVERIFIED,CALC_ONLY,CANDIDATE_ONLY,,,,GOLDEN_ELIGIBLE,Page element type 'text_block'.
RP-1048,ENT-LINE-ACL,report,report.layout.CAL-P00873-CAL-SEC-4.1.1-004,NOTE,床版一括打設。合成前(鋼桁剛度)と合成後(合成断面剛度)の2モデル。,,,,NOR-011,CAL-P00873-CAL-SEC-4.1.1-004,calc_pdf_p873,,HIGH,UNVERIFIED,CALC_ONLY,CANDIDATE_ONLY,,,,GOLDEN_ELIGIBLE,Page element type 'text_block'.
RP-1049,ENT-LINE-ACL,report,report.layout.CAL-P00873-CAL-SEC-4.1.1-005,NOTE,主桁合成後剛度算出時のヤング係数比 n=7,,,,NOR-011,CAL-P00873-CAL-SEC-4.1.1-005,calc_pdf_p873,,HIGH,UNVERIFIED,CALC_ONLY,CANDIDATE_ONLY,,,,GOLDEN_ELIGIBLE,Page element type 'text_block'.
RP-1050,ENT-LINE-ACL,report,report.layout.CAL-P00873-CAL-SEC-4.1.1-006,NOTE,クリープ/乾燥収縮/温度差による断面力・たわみを道示Ⅱ14.2.2～14.2.4により算出,,,,NOR-011,CAL-P00873-CAL-SEC-4.1.1-006,calc_pdf_p873,,HIGH,UNVERIFIED,CALC_ONLY,CANDIDATE_ONLY,,,,GOLDEN_ELIGIBLE,Page element type 'text_block'.
RP-1051,ENT-LINE-ACL,report,report.layout.CAL-P00873-CAL-SEC-4.1.1-007,NOTE,解析プログラム: 鋼橋自動設計システム APOLLO Analyzer 株式会社横河技術情報,,,,NOR-011,CAL-P00873-CAL-SEC-4.1.1-007,calc_pdf_p873,,HIGH,UNVERIFIED,CALC_ONLY,CANDIDATE_ONLY,,,,GOLDEN_ELIGIBLE,Page element type 'text_block'.
RP-1052,ENT-LINE-ACL,report,report.layout.CAL-P00874-CAL-SEC-4.1.2-001,text,4.1.2 荷重強度,,,,NOR-011,CAL-P00874-CAL-SEC-4.1.2-001,calc_pdf_p874,,HIGH,UNVERIFIED,CALC_ONLY,CANDIDATE_ONLY,,,,GOLDEN_ELIGIBLE,Page element type 'subsection_header'.
RP-1054,ENT-LINE-ACL,report,report.layout.CAL-P00874-CAL-SEC-4.1.2-002,NOTE,荷重強度は荷重係数を乗じていない荷重の特性値,,,,NOR-011,CAL-P00874-CAL-SEC-4.1.2-002,calc_pdf_p874,,HIGH,UNVERIFIED,CALC_ONLY,CANDIDATE_ONLY,,,,GOLDEN_ELIGIBLE,Page element type 'text_block'.
RP-1055,ENT-LINE-ACL,report,report.layout.CAL-P00874-CAL-SEC-4.1.2-003,figure,標準断面図,,,,NOR-011,CAL-P00874-CAL-SEC-4.1.2-003,calc_pdf_p874,,HIGH,UNVERIFIED,CALC_ONLY,CANDIDATE_ONLY,,,,GOLDEN_ELIGIBLE,Page element type 'figure'.
RP-1056,ENT-LINE-ACL,report,report.layout.CAL-P00876-CAL-SEC-4.1.2-001,text,(2) 死荷重 1) 合成前死荷重,,,,NOR-011,CAL-P00876-CAL-SEC-4.1.2-001,calc_pdf_p876,,HIGH,UNVERIFIED,CALC_ONLY,CANDIDATE_ONLY,,,,GOLDEN_ELIGIBLE,Page element type 'subsection_header'.
RP-1058,ENT-LINE-ACL,report,report.layout.CAL-P00876-CAL-SEC-4.1.2-002,text,合成前死荷重一覧,,,,NOR-011,CAL-P00876-CAL-SEC-4.1.2-002,calc_pdf_p876,,HIGH,UNVERIFIED,CALC_ONLY,CANDIDATE_ONLY,,,,GOLDEN_ELIGIBLE,Page element type 'table'.
RP-1059,ENT-LINE-ACL,report,report.layout.CAL-P00881-CAL-SEC-4.1.2-001,text,2) 合成後死荷重,,,,NOR-011,CAL-P00881-CAL-SEC-4.1.2-001,calc_pdf_p881,,HIGH,UNVERIFIED,CALC_ONLY,CANDIDATE_ONLY,,,,GOLDEN_ELIGIBLE,Page element type 'subsection_header'.
RP-1061,ENT-LINE-ACL,report,report.layout.CAL-P00882-CAL-SEC-4.1.2-001,text,合成後死荷重一覧表,,,,NOR-011,CAL-P00882-CAL-SEC-4.1.2-001,calc_pdf_p882,,HIGH,UNVERIFIED,CALC_ONLY,CANDIDATE_ONLY,,,,GOLDEN_ELIGIBLE,Page element type 'table'.
RP-1062,ENT-LINE-ACL,report,report.layout.CAL-P00893-CAL-SEC-4.1.2-001,text,(3) 活荷重,,,,NOR-011,CAL-P00893-CAL-SEC-4.1.2-001,calc_pdf_p893,,HIGH,UNVERIFIED,CALC_ONLY,CANDIDATE_ONLY,,,,GOLDEN_ELIGIBLE,Page element type 'subsection_header'.
RP-1064,ENT-LINE-ACL,report,report.layout.CAL-P00893-CAL-SEC-4.1.2-002,text,衝撃係数一覧,,,,NOR-011,CAL-P00893-CAL-SEC-4.1.2-002,calc_pdf_p893,,HIGH,UNVERIFIED,CALC_ONLY,CANDIDATE_ONLY,,,,GOLDEN_ELIGIBLE,Page element type 'table'.
RP-1065,ENT-LINE-ACL,report,report.layout.CAL-P00893-CAL-SEC-4.1.2-003,text,(4) 組み合わせ係数および荷重係数,,,,NOR-011,CAL-P00893-CAL-SEC-4.1.2-003,calc_pdf_p893,,HIGH,UNVERIFIED,CALC_ONLY,CANDIDATE_ONLY,,,,GOLDEN_ELIGIBLE,Page element type 'subsection_header'.
RP-1067,ENT-LINE-ACL,report,report.layout.CAL-P00893-CAL-SEC-4.1.2-004,NOTE,組み合わせ係数および荷重係数は道示Ⅰ3.3表3-3.1による,,,,NOR-011,CAL-P00893-CAL-SEC-4.1.2-004,calc_pdf_p893,,HIGH,UNVERIFIED,CALC_ONLY,CANDIDATE_ONLY,,,,GOLDEN_ELIGIBLE,Page element type 'text_block'.
RP-1068,ENT-LINE-ACL,report,report.layout.CAL-P00894-CAL-SEC-4.1.2-001,text,(5) 巻き立てコンクリート荷重,,,,NOR-011,CAL-P00894-CAL-SEC-4.1.2-001,calc_pdf_p894,,HIGH,UNVERIFIED,CALC_ONLY,CANDIDATE_ONLY,,,,GOLDEN_ELIGIBLE,Page element type 'subsection_header'.
RP-1070,ENT-LINE-ACL,report,report.layout.CAL-P00894-CAL-SEC-4.1.2-002,NOTE,巻き立てコンクリート幅の設定は非合成桁の設計を参照,,,,NOR-011,CAL-P00894-CAL-SEC-4.1.2-002,calc_pdf_p894,,HIGH,UNVERIFIED,CALC_ONLY,CANDIDATE_ONLY,,,,GOLDEN_ELIGIBLE,Page element type 'text_block'.
RP-1071,ENT-LINE-ACL,report,report.layout.CAL-P00894-CAL-SEC-4.1.2-003,text,巻き立てコンクリート荷重一覧,,,,NOR-011,CAL-P00894-CAL-SEC-4.1.2-003,calc_pdf_p894,,HIGH,UNVERIFIED,CALC_ONLY,CANDIDATE_ONLY,,,,GOLDEN_ELIGIBLE,Page element type 'table'.
RP-1072,ENT-LINE-ACL,report,report.layout.CAL-P00900-CAL-SEC-4.1.3-001,text,4.1.3 格点番号および部材番号,,,,NOR-011,CAL-P00900-CAL-SEC-4.1.3-001,calc_pdf_p900,,HIGH,UNVERIFIED,CALC_ONLY,CANDIDATE_ONLY,,,,GOLDEN_ELIGIBLE,Page element type 'subsection_header'.
RP-1074,ENT-LINE-ACL,report,report.layout.CAL-P00900-CAL-SEC-4.1.3-002,figure,格点番号および部材番号図,,,,NOR-011,CAL-P00900-CAL-SEC-4.1.3-002,calc_pdf_p900,,HIGH,UNVERIFIED,CALC_ONLY,CANDIDATE_ONLY,,,,GOLDEN_ELIGIBLE,Page element type 'figure'.
RP-1075,ENT-LINE-ACL,report,report.layout.CAL-P00901-CAL-SEC-4.1.4-001,text,4.1.4 格点座標および仮定剛度,,,,NOR-011,CAL-P00901-CAL-SEC-4.1.4-001,calc_pdf_p901,,HIGH,UNVERIFIED,CALC_ONLY,CANDIDATE_ONLY,,,,GOLDEN_ELIGIBLE,Page element type 'subsection_header'.
RP-1077,ENT-LINE-ACL,report,report.layout.CAL-P00901-CAL-SEC-4.1.4-002,text,格点座標 AG1桁,,,,NOR-011,CAL-P00901-CAL-SEC-4.1.4-002,calc_pdf_p901,,HIGH,UNVERIFIED,CALC_ONLY,CANDIDATE_ONLY,,,,GOLDEN_ELIGIBLE,Page element type 'table'.
RP-1078,ENT-LINE-ACL,report,report.layout.CAL-P00901-CAL-SEC-4.1.4-003,text,格点座標 AG2桁,,,,NOR-011,CAL-P00901-CAL-SEC-4.1.4-003,calc_pdf_p901,,HIGH,UNVERIFIED,CALC_ONLY,CANDIDATE_ONLY,,,,GOLDEN_ELIGIBLE,Page element type 'table'.
RP-1079,ENT-LINE-ACL,report,report.layout.CAL-P00902-CAL-SEC-4.1.4-001,text,仮定剛度一覧,,,,NOR-011,CAL-P00902-CAL-SEC-4.1.4-001,calc_pdf_p902,,HIGH,UNVERIFIED,CALC_ONLY,CANDIDATE_ONLY,,,,GOLDEN_ELIGIBLE,Page element type 'table'.
RP-1080,ENT-LINE-ACL,report,report.layout.CAL-P00904-CAL-SEC-4.1.5-001,text,4.1.5 格子解析データ,,,,NOR-011,CAL-P00904-CAL-SEC-4.1.5-001,calc_pdf_p904,,HIGH,UNVERIFIED,CALC_ONLY,CANDIDATE_ONLY,,,,GOLDEN_ELIGIBLE,Page element type 'subsection_header'.
RP-1082,ENT-LINE-ACL,report,report.layout.CAL-P00904-CAL-SEC-4.1.5-002,text,4.1.5.1 前死荷重,,,,NOR-011,CAL-P00904-CAL-SEC-4.1.5-002,calc_pdf_p904,,HIGH,UNVERIFIED,CALC_ONLY,CANDIDATE_ONLY,,,,GOLDEN_ELIGIBLE,Page element type 'subsection_header'.
RP-1084,ENT-LINE-ACL,report,report.layout.CAL-P00904-CAL-SEC-4.1.5-003,text,前死荷重解析モデルデータ,,,,NOR-011,CAL-P00904-CAL-SEC-4.1.5-003,calc_pdf_p904,,HIGH,UNVERIFIED,CALC_ONLY,CANDIDATE_ONLY,,,,GOLDEN_ELIGIBLE,Page element type 'table'.
RP-1085,ENT-LINE-ACL,report,report.layout.CAL-P01026-CAL-SEC-4.1.5-001,text,4.1.5.2 後死荷重,,,,NOR-011,CAL-P01026-CAL-SEC-4.1.5-001,calc_pdf_p1026,,HIGH,UNVERIFIED,CALC_ONLY,CANDIDATE_ONLY,,,,GOLDEN_ELIGIBLE,Page element type 'subsection_header'.
RP-1087,ENT-LINE-ACL,report,report.layout.CAL-P01026-CAL-SEC-4.1.5-002,text,後死荷重解析モデルデータ,,,,NOR-011,CAL-P01026-CAL-SEC-4.1.5-002,calc_pdf_p1026,,HIGH,UNVERIFIED,CALC_ONLY,CANDIDATE_ONLY,,,,GOLDEN_ELIGIBLE,Page element type 'table'.
RP-1088,ENT-LINE-ACL,report,report.layout.CAL-P01115-CAL-SEC-4.1.6-001,text,4.1.6 格子解析結果,,,,NOR-011,CAL-P01115-CAL-SEC-4.1.6-001,calc_pdf_p1115,,HIGH,UNVERIFIED,CALC_ONLY,CANDIDATE_ONLY,,,,GOLDEN_ELIGIBLE,Page element type 'subsection_header'.
RP-1090,ENT-LINE-ACL,report,report.layout.CAL-P01115-CAL-SEC-4.1.6-002,text,4.1.6.1 前死荷重結果,,,,NOR-011,CAL-P01115-CAL-SEC-4.1.6-002,calc_pdf_p1115,,HIGH,UNVERIFIED,CALC_ONLY,CANDIDATE_ONLY,,,,GOLDEN_ELIGIBLE,Page element type 'subsection_header'.
RP-1092,ENT-LINE-ACL,report,report.layout.CAL-P01115-CAL-SEC-4.1.6-003,text,前死荷重部材力一覧,,,,NOR-011,CAL-P01115-CAL-SEC-4.1.6-003,calc_pdf_p1115,,HIGH,UNVERIFIED,CALC_ONLY,CANDIDATE_ONLY,,,,GOLDEN_ELIGIBLE,Page element type 'table'.
RP-1093,ENT-LINE-ACL,report,report.layout.CAL-P01130-CAL-SEC-4.1.6-001,text,4.1.6.2 後死荷重結果,,,,NOR-011,CAL-P01130-CAL-SEC-4.1.6-001,calc_pdf_p1130,,HIGH,UNVERIFIED,CALC_ONLY,CANDIDATE_ONLY,,,,GOLDEN_ELIGIBLE,Page element type 'subsection_header'.
RP-1095,ENT-LINE-ACL,report,report.layout.CAL-P01130-CAL-SEC-4.1.6-002,text,後死荷重部材力一覧,,,,NOR-011,CAL-P01130-CAL-SEC-4.1.6-002,calc_pdf_p1130,,HIGH,UNVERIFIED,CALC_ONLY,CANDIDATE_ONLY,,,,GOLDEN_ELIGIBLE,Page element type 'table'.
RP-1096,ENT-LINE-ACL,report,report.layout.CAL-P01266-CAL-SEC-4.1.7-001,text,4.1.7 断面力,,,,NOR-011,CAL-P01266-CAL-SEC-4.1.7-001,calc_pdf_p1266,,HIGH,UNVERIFIED,CALC_ONLY,CANDIDATE_ONLY,,,,GOLDEN_ELIGIBLE,Page element type 'subsection_header'.
RP-1098,ENT-LINE-ACL,report,report.layout.CAL-P01266-CAL-SEC-4.1.7-002,text,(1)主桁断面力,,,,NOR-011,CAL-P01266-CAL-SEC-4.1.7-002,calc_pdf_p1266,,HIGH,UNVERIFIED,CALC_ONLY,CANDIDATE_ONLY,,,,GOLDEN_ELIGIBLE,Page element type 'subsection_header'.
RP-1100,ENT-LINE-ACL,report,report.layout.CAL-P01266-CAL-SEC-4.1.7-003,text,主桁断面力一覧,,,,NOR-011,CAL-P01266-CAL-SEC-4.1.7-003,calc_pdf_p1266,,HIGH,UNVERIFIED,CALC_ONLY,CANDIDATE_ONLY,,,,GOLDEN_ELIGIBLE,Page element type 'table'.
RP-1101,ENT-LINE-ACL,report,report.layout.CAL-P01275-CAL-SEC-4.1.7-001,text,(2)横桁断面力,,,,NOR-011,CAL-P01275-CAL-SEC-4.1.7-001,calc_pdf_p1275,,HIGH,UNVERIFIED,CALC_ONLY,CANDIDATE_ONLY,,,,GOLDEN_ELIGIBLE,Page element type 'subsection_header'.
RP-1103,ENT-LINE-ACL,report,report.layout.CAL-P01275-CAL-SEC-4.1.7-002,text,横桁断面力一覧,,,,NOR-011,CAL-P01275-CAL-SEC-4.1.7-002,calc_pdf_p1275,,HIGH,UNVERIFIED,CALC_ONLY,CANDIDATE_ONLY,,,,GOLDEN_ELIGIBLE,Page element type 'table'.
RP-1104,ENT-LINE-ACL,report,report.layout.CAL-P01280-CAL-SEC-4.1.7-001,text,(3)クリープ・乾燥収縮・温度差の断面力,,,,NOR-011,CAL-P01280-CAL-SEC-4.1.7-001,calc_pdf_p1280,,HIGH,UNVERIFIED,CALC_ONLY,CANDIDATE_ONLY,,,,GOLDEN_ELIGIBLE,Page element type 'subsection_header'.
RP-1106,ENT-LINE-ACL,report,report.layout.CAL-P01280-CAL-SEC-4.1.7-002,text,温度差断面力一覧,,,,NOR-011,CAL-P01280-CAL-SEC-4.1.7-002,calc_pdf_p1280,,HIGH,UNVERIFIED,CALC_ONLY,CANDIDATE_ONLY,,,,GOLDEN_ELIGIBLE,Page element type 'table'.
RP-1107,ENT-LINE-ACL,report,report.layout.CAL-P01280-CAL-SEC-4.1.7-003,text,クリープ断面力一覧,,,,NOR-011,CAL-P01280-CAL-SEC-4.1.7-003,calc_pdf_p1280,,HIGH,UNVERIFIED,CALC_ONLY,CANDIDATE_ONLY,,,,GOLDEN_ELIGIBLE,Page element type 'table'.
RP-1108,ENT-LINE-ACL,report,report.layout.CAL-P01280-CAL-SEC-4.1.7-004,text,乾燥収縮断面力一覧,,,,NOR-011,CAL-P01280-CAL-SEC-4.1.7-004,calc_pdf_p1280,,HIGH,UNVERIFIED,CALC_ONLY,CANDIDATE_ONLY,,,,GOLDEN_ELIGIBLE,Page element type 'table'.
RP-1109,ENT-LINE-ACL,report,report.layout.CAL-P01282-CAL-SEC-4.1.7-001,text,(4)断面照査用断面力,,,,NOR-011,CAL-P01282-CAL-SEC-4.1.7-001,calc_pdf_p1282,,HIGH,UNVERIFIED,CALC_ONLY,CANDIDATE_ONLY,,,,GOLDEN_ELIGIBLE,Page element type 'subsection_header'.
RP-1111,ENT-LINE-ACL,report,report.layout.CAL-P01282-CAL-SEC-4.1.7-002,text,断面照査用断面力一覧,,,,NOR-011,CAL-P01282-CAL-SEC-4.1.7-002,calc_pdf_p1282,,HIGH,UNVERIFIED,CALC_ONLY,CANDIDATE_ONLY,,,,GOLDEN_ELIGIBLE,Page element type 'table'.
RP-1171,ENT-LINE-ACL,report,report.layout.CAL-P01283-CAL-SEC-4.2-001,text,4.2 主桁の設計,,,,NOR-011,CAL-P01283-CAL-SEC-4.2-001,calc_pdf_p1283,,HIGH,UNVERIFIED,CALC_ONLY,CANDIDATE_ONLY,,,,GOLDEN_ELIGIBLE,Page element type 'section_header'.
RP-1173,ENT-LINE-ACL,report,report.layout.CAL-P01284-CAL-SEC-4.2.1-001,text,4.2.1 設計方針,,,,NOR-011,CAL-P01284-CAL-SEC-4.2.1-001,calc_pdf_p1284,,HIGH,UNVERIFIED,CALC_ONLY,CANDIDATE_ONLY,,,,GOLDEN_ELIGIBLE,Page element type 'subsection_header'.
RP-1175,ENT-LINE-ACL,report,report.layout.CAL-P01284-CAL-SEC-4.2.1-002,NOTE,設計方針(部分係数設計法に関わる事項),,,,NOR-011,CAL-P01284-CAL-SEC-4.2.1-002,calc_pdf_p1284,,HIGH,UNVERIFIED,CALC_ONLY,CANDIDATE_ONLY,,,,GOLDEN_ELIGIBLE,Page element type 'text_block'.
RP-1176,ENT-LINE-ACL,report,report.layout.CAL-P01284-CAL-SEC-4.2.1-003,NOTE,"完成系: 鋼合成桁として設計。コンクリート床版は有効幅を考慮した合成断面,計算応力度は道示Ⅱの規定を満足するものとする",,,,NOR-011,CAL-P01284-CAL-SEC-4.2.1-003,calc_pdf_p1284,,HIGH,UNVERIFIED,CALC_ONLY,CANDIDATE_ONLY,,,,GOLDEN_ELIGIBLE,Page element type 'text_block'.
RP-1177,ENT-LINE-ACL,report,report.layout.CAL-P01284-CAL-SEC-4.2.1-004,NOTE,"施工系: 合成前の鋼桁断面として死荷重及び施工時荷重に対して安全であること,非合成桁と同様に断面の決定,応力度照査を行う",,,,NOR-011,CAL-P01284-CAL-SEC-4.2.1-004,calc_pdf_p1284,,HIGH,UNVERIFIED,CALC_ONLY,CANDIDATE_ONLY,,,,GOLDEN_ELIGIBLE,Page element type 'text_block'.
RP-1178,ENT-LINE-ACL,report,report.layout.CAL-P01284-CAL-SEC-4.2.1-005,text,限界状態区分と照査項目一覧,,,,NOR-011,CAL-P01284-CAL-SEC-4.2.1-005,calc_pdf_p1284,,HIGH,UNVERIFIED,CALC_ONLY,CANDIDATE_ONLY,,,,GOLDEN_ELIGIBLE,Page element type 'table'.
RP-1179,ENT-LINE-ACL,report,report.layout.CAL-P01285-CAL-SEC-4.2.1-001,text,材料係数一覧,,,,NOR-011,CAL-P01285-CAL-SEC-4.2.1-001,calc_pdf_p1285,,HIGH,UNVERIFIED,CALC_ONLY,CANDIDATE_ONLY,,,,GOLDEN_ELIGIBLE,Page element type 'table'.
RP-1180,ENT-LINE-ACL,report,report.layout.CAL-P01285-CAL-SEC-4.2.1-002,text,部材係数・構造解析係数一覧,,,,NOR-011,CAL-P01285-CAL-SEC-4.2.1-002,calc_pdf_p1285,,HIGH,UNVERIFIED,CALC_ONLY,CANDIDATE_ONLY,,,,GOLDEN_ELIGIBLE,Page element type 'table'.
RP-1181,ENT-LINE-ACL,report,report.layout.CAL-P01285-CAL-SEC-4.2.1-003,NOTE,"鋼材SM490Y: σy=355N/mm2, σsu=490N/mm2, τy=205N/mm2, E=200000N/mm2, G=77000N/mm2",,,,NOR-011,CAL-P01285-CAL-SEC-4.2.1-003,calc_pdf_p1285,,HIGH,UNVERIFIED,CALC_ONLY,CANDIDATE_ONLY,,,,GOLDEN_ELIGIBLE,Page element type 'text_block'.
RP-1182,ENT-LINE-ACL,report,report.layout.CAL-P01286-CAL-SEC-4.2.1-001,NOTE,断面諸量の算出に必要な鉄筋量は上下D22 @125mm,,,,NOR-011,CAL-P01286-CAL-SEC-4.2.1-001,calc_pdf_p1286,,HIGH,UNVERIFIED,CALC_ONLY,CANDIDATE_ONLY,,,,GOLDEN_ELIGIBLE,Page element type 'text_block'.
RP-1183,ENT-LINE-ACL,report,report.layout.CAL-P01286-CAL-SEC-4.2.1-002,NOTE,合成断面設計: n=7(活荷重) n=14(クリープ) n=21(乾燥収縮),,,,NOR-011,CAL-P01286-CAL-SEC-4.2.1-002,calc_pdf_p1286,,HIGH,UNVERIFIED,CALC_ONLY,CANDIDATE_ONLY,,,,GOLDEN_ELIGIBLE,Page element type 'text_block'.
RP-1184,ENT-LINE-ACL,report,report.layout.CAL-P01287-CAL-SEC-4.2.2-001,text,4.2.2 床版有効幅の計算,,,,NOR-011,CAL-P01287-CAL-SEC-4.2.2-001,calc_pdf_p1287,,HIGH,UNVERIFIED,CALC_ONLY,CANDIDATE_ONLY,,,,GOLDEN_ELIGIBLE,Page element type 'subsection_header'.
RP-1186,ENT-LINE-ACL,report,report.layout.CAL-P01287-CAL-SEC-4.2.2-002,text,床版有効幅一覧,,,,NOR-011,CAL-P01287-CAL-SEC-4.2.2-002,calc_pdf_p1287,,HIGH,UNVERIFIED,CALC_ONLY,CANDIDATE_ONLY,,,,GOLDEN_ELIGIBLE,Page element type 'table'.
RP-1187,ENT-LINE-ACL,report,report.layout.CAL-P01299-CAL-SEC-4.2.3-001,text,4.2.3 断面諸量,,,,NOR-011,CAL-P01299-CAL-SEC-4.2.3-001,calc_pdf_p1299,,HIGH,UNVERIFIED,CALC_ONLY,CANDIDATE_ONLY,,,,GOLDEN_ELIGIBLE,Page element type 'subsection_header'.
RP-1189,ENT-LINE-ACL,report,report.layout.CAL-P01299-CAL-SEC-4.2.3-002,NOTE,"単位: 断面寸法=mm, 断面諸量=cm/cm2/cm4",,,,NOR-011,CAL-P01299-CAL-SEC-4.2.3-002,calc_pdf_p1299,,HIGH,UNVERIFIED,CALC_ONLY,CANDIDATE_ONLY,,,,GOLDEN_ELIGIBLE,Page element type 'text_block'.
RP-1190,ENT-LINE-ACL,report,report.layout.CAL-P01299-CAL-SEC-4.2.3-003,text,断面諸量 鋼桁断面 AG1,,,,NOR-011,CAL-P01299-CAL-SEC-4.2.3-003,calc_pdf_p1299,,HIGH,UNVERIFIED,CALC_ONLY,CANDIDATE_ONLY,,,,GOLDEN_ELIGIBLE,Page element type 'table'.
RP-1191,ENT-LINE-ACL,report,report.layout.CAL-P01299-CAL-SEC-4.2.3-004,text,断面諸量 合成断面(n=7) AG1,,,,NOR-011,CAL-P01299-CAL-SEC-4.2.3-004,calc_pdf_p1299,,HIGH,UNVERIFIED,CALC_ONLY,CANDIDATE_ONLY,,,,GOLDEN_ELIGIBLE,Page element type 'table'.
RP-1192,ENT-LINE-ACL,report,report.layout.CAL-P01299-CAL-SEC-4.2.3-005,text,断面諸量 合成(n=14 クリープ) AG1,,,,NOR-011,CAL-P01299-CAL-SEC-4.2.3-005,calc_pdf_p1299,,HIGH,UNVERIFIED,CALC_ONLY,CANDIDATE_ONLY,,,,GOLDEN_ELIGIBLE,Page element type 'table'.
RP-1193,ENT-LINE-ACL,report,report.layout.CAL-P01299-CAL-SEC-4.2.3-006,text,断面諸量 合成(n=21 乾燥収縮) AG1,,,,NOR-011,CAL-P01299-CAL-SEC-4.2.3-006,calc_pdf_p1299,,HIGH,UNVERIFIED,CALC_ONLY,CANDIDATE_ONLY,,,,GOLDEN_ELIGIBLE,Page element type 'table'.
RP-1194,ENT-LINE-ACL,report,report.layout.CAL-P01318-CAL-SEC-4.2.4-001,text,4.2.4 断面の応力度照査(耐荷性能の照査),,,,NOR-011,CAL-P01318-CAL-SEC-4.2.4-001,calc_pdf_p1318,,HIGH,UNVERIFIED,CALC_ONLY,CANDIDATE_ONLY,,,,GOLDEN_ELIGIBLE,Page element type 'subsection_header'.
RP-1196,ENT-LINE-ACL,report,report.layout.CAL-P01318-CAL-SEC-4.2.4-002,NOTE,断面の決定,,,,NOR-011,CAL-P01318-CAL-SEC-4.2.4-002,calc_pdf_p1318,,HIGH,UNVERIFIED,CALC_ONLY,CANDIDATE_ONLY,,,,GOLDEN_ELIGIBLE,Page element type 'text_block'.
RP-1197,ENT-LINE-ACL,report,report.layout.CAL-P01319-CAL-SEC-4.2.4-001,text,AG1 Sec-1(Sup-1) その1(完成時),,,,NOR-011,CAL-P01319-CAL-SEC-4.2.4-001,calc_pdf_p1319,,HIGH,UNVERIFIED,CALC_ONLY,CANDIDATE_ONLY,,,,GOLDEN_ELIGIBLE,Page element type 'subsection_header'.
RP-1199,ENT-LINE-ACL,report,report.layout.CAL-P01319-CAL-SEC-4.2.4-002,text,断面力及び計算条件 AG1 Sec-1 Sup-1,,,,NOR-011,CAL-P01319-CAL-SEC-4.2.4-002,calc_pdf_p1319,,HIGH,UNVERIFIED,CALC_ONLY,CANDIDATE_ONLY,,,,GOLDEN_ELIGIBLE,Page element type 'table'.
RP-1200,ENT-LINE-ACL,report,report.layout.CAL-P01319-CAL-SEC-4.2.4-003,text,断面諸量一覧 AG1 Sup-1,,,,NOR-011,CAL-P01319-CAL-SEC-4.2.4-003,calc_pdf_p1319,,HIGH,UNVERIFIED,CALC_ONLY,CANDIDATE_ONLY,,,,GOLDEN_ELIGIBLE,Page element type 'table'.
RP-1201,ENT-LINE-ACL,report,report.layout.CAL-P01319-CAL-SEC-4.2.4-004,NOTE,断面構成: SLAB 3993x230 / D22x2 / UFLG PL620x22 / WEB PL2537x14 / LFLG PL680x21,,,,NOR-011,CAL-P01319-CAL-SEC-4.2.4-004,calc_pdf_p1319,,HIGH,UNVERIFIED,CALC_ONLY,CANDIDATE_ONLY,,,,GOLDEN_ELIGIBLE,Page element type 'text_block'.
RP-1202,ENT-LINE-ACL,report,report.layout.CAL-P01319-CAL-SEC-4.2.4-005,NOTE,温度差 P=-3158.2kN M=1686.3kNm クリープ P=0 M=0 乾燥収縮 P=-1842.3kN M=1786.5kNm,,,,NOR-011,CAL-P01319-CAL-SEC-4.2.4-005,calc_pdf_p1319,,HIGH,UNVERIFIED,CALC_ONLY,CANDIDATE_ONLY,,,,GOLDEN_ELIGIBLE,Page element type 'text_block'.
RP-1203,ENT-LINE-ACL,report,report.layout.CAL-P01320-CAL-SEC-4.2.4-001,NOTE,温度差/クリープ/乾燥収縮応力度計算結果,,,,NOR-011,CAL-P01320-CAL-SEC-4.2.4-001,calc_pdf_p1320,,HIGH,UNVERIFIED,CALC_ONLY,CANDIDATE_ONLY,,,,GOLDEN_ELIGIBLE,Page element type 'text_block'.
RP-1204,ENT-LINE-ACL,report,report.layout.CAL-P01321-CAL-SEC-4.2.4-001,NOTE,"上フランジ応力度制限値(限界状態3) σtud=272N/mm2 σcud=min(240,193)=193N/mm2",,,,NOR-011,CAL-P01321-CAL-SEC-4.2.4-001,calc_pdf_p1321,,HIGH,UNVERIFIED,CALC_ONLY,CANDIDATE_ONLY,,,,GOLDEN_ELIGIBLE,Page element type 'text_block'.
RP-1205,ENT-LINE-ACL,report,report.layout.CAL-P01321-CAL-SEC-4.2.4-002,NOTE,"下フランジ応力度制限値(限界状態3) σtud=272N/mm2 σcud=min(245,164)=164N/mm2",,,,NOR-011,CAL-P01321-CAL-SEC-4.2.4-002,calc_pdf_p1321,,HIGH,UNVERIFIED,CALC_ONLY,CANDIDATE_ONLY,,,,GOLDEN_ELIGIBLE,Page element type 'text_block'.
RP-1206,ENT-LINE-ACL,report,report.layout.CAL-P01321-CAL-SEC-4.2.4-003,NOTE,腹板せん断応力度制限値(限界状態3) τud=157N/mm2,,,,NOR-011,CAL-P01321-CAL-SEC-4.2.4-003,calc_pdf_p1321,,HIGH,UNVERIFIED,CALC_ONLY,CANDIDATE_ONLY,,,,GOLDEN_ELIGIBLE,Page element type 'text_block'.
RP-1207,ENT-LINE-ACL,report,report.layout.CAL-P01322-CAL-SEC-4.2.4-001,NOTE,応力度照査結果 AG1 Sec-1 Sup-1 - 全項目OK,,,,NOR-011,CAL-P01322-CAL-SEC-4.2.4-001,calc_pdf_p1322,,HIGH,UNVERIFIED,CALC_ONLY,CANDIDATE_ONLY,,,,GOLDEN_ELIGIBLE,Page element type 'text_block'.
RP-1208,ENT-LINE-ACL,report,report.layout.CAL-P01322-CAL-SEC-4.2.4-002,text,応力度照査結果一覧 AG1 Sec-1 Sup-1,,,,NOR-011,CAL-P01322-CAL-SEC-4.2.4-002,calc_pdf_p1322,,HIGH,UNVERIFIED,CALC_ONLY,CANDIDATE_ONLY,,,,GOLDEN_ELIGIBLE,Page element type 'table'.
RP-1209,ENT-LINE-ACL,report,report.layout.CAL-P01400-CAL-SEC-4.2.4-001,text,AG1 Sec-2(Span 1) その2-1(完成時),,,,NOR-011,CAL-P01400-CAL-SEC-4.2.4-001,calc_pdf_p1400,,HIGH,UNVERIFIED,CALC_ONLY,CANDIDATE_ONLY,,,,GOLDEN_ELIGIBLE,Page element type 'subsection_header'.
RP-1211,ENT-LINE-ACL,report,report.layout.CAL-P01451-CAL-SEC-4.2.4-001,text,AG1 Sec-3(C1) 断面照査(完成時),,,,NOR-011,CAL-P01451-CAL-SEC-4.2.4-001,calc_pdf_p1451,,HIGH,UNVERIFIED,CALC_ONLY,CANDIDATE_ONLY,,,,GOLDEN_ELIGIBLE,Page element type 'subsection_header'.
RP-1213,ENT-LINE-ACL,report,report.layout.CAL-P01520-CAL-SEC-4.2.4-001,text,AG1 Sec-4(PK前) 断面照査,,,,NOR-011,CAL-P01520-CAL-SEC-4.2.4-001,calc_pdf_p1520,,HIGH,UNVERIFIED,CALC_ONLY,CANDIDATE_ONLY,,,,GOLDEN_ELIGIBLE,Page element type 'subsection_header'.
RP-1215,ENT-LINE-ACL,report,report.layout.CAL-P01598-CAL-SEC-4.2.4-001,text,AG1 Sec-5(PK後活) 断面照査,,,,NOR-011,CAL-P01598-CAL-SEC-4.2.4-001,calc_pdf_p1598,,HIGH,UNVERIFIED,CALC_ONLY,CANDIDATE_ONLY,,,,GOLDEN_ELIGIBLE,Page element type 'subsection_header'.
RP-1217,ENT-LINE-ACL,report,report.layout.CAL-P01680-CAL-SEC-4.2.4-001,text,AG1 Sec-6(PR1) 断面照査(完成時),,,,NOR-011,CAL-P01680-CAL-SEC-4.2.4-001,calc_pdf_p1680,,HIGH,UNVERIFIED,CALC_ONLY,CANDIDATE_ONLY,,,,GOLDEN_ELIGIBLE,Page element type 'subsection_header'.
RP-1219,ENT-LINE-ACL,report,report.layout.CAL-P01776-CAL-SEC-4.2.5-001,text,4.2.5 断面構成図,,,,NOR-011,CAL-P01776-CAL-SEC-4.2.5-001,calc_pdf_p1776,,HIGH,UNVERIFIED,CALC_ONLY,CANDIDATE_ONLY,,,,GOLDEN_ELIGIBLE,Page element type 'subsection_header'.
RP-1221,ENT-LINE-ACL,report,report.layout.CAL-P01776-CAL-SEC-4.2.5-002,figure,断面構成図 AG1,,,,NOR-011,CAL-P01776-CAL-SEC-4.2.5-002,calc_pdf_p1776,,HIGH,UNVERIFIED,CALC_ONLY,CANDIDATE_ONLY,,,,GOLDEN_ELIGIBLE,Page element type 'figure'.
RP-1222,ENT-LINE-ACL,report,report.layout.CAL-P01776-CAL-SEC-4.2.5-003,figure,断面構成図 AG2,,,,NOR-011,CAL-P01776-CAL-SEC-4.2.5-003,calc_pdf_p1776,,HIGH,UNVERIFIED,CALC_ONLY,CANDIDATE_ONLY,,,,GOLDEN_ELIGIBLE,Page element type 'figure'.
RP-1223,ENT-LINE-ACL,report,report.layout.CAL-P01778-CAL-SEC-4.2.6-001,text,4.2.6 現場継手の計算,,,,NOR-011,CAL-P01778-CAL-SEC-4.2.6-001,calc_pdf_p1778,,HIGH,UNVERIFIED,CALC_ONLY,CANDIDATE_ONLY,,,,GOLDEN_ELIGIBLE,Page element type 'subsection_header'.
RP-1225,ENT-LINE-ACL,report,report.layout.CAL-P01778-CAL-SEC-4.2.6-002,NOTE,高力ボルト摩擦接合による現場継手の設計,,,,NOR-011,CAL-P01778-CAL-SEC-4.2.6-002,calc_pdf_p1778,,HIGH,UNVERIFIED,CALC_ONLY,CANDIDATE_ONLY,,,,GOLDEN_ELIGIBLE,Page element type 'text_block'.
RP-1226,ENT-LINE-ACL,report,report.layout.CAL-P01947-CAL-SEC-4.2.7-001,text,4.2.7 たわみおよび剛比の照査,,,,NOR-011,CAL-P01947-CAL-SEC-4.2.7-001,calc_pdf_p1947,,HIGH,UNVERIFIED,CALC_ONLY,CANDIDATE_ONLY,,,,GOLDEN_ELIGIBLE,Page element type 'subsection_header'.
RP-1228,ENT-LINE-ACL,report,report.layout.CAL-P01947-CAL-SEC-4.2.7-002,text,たわみ計算結果一覧,,,,NOR-011,CAL-P01947-CAL-SEC-4.2.7-002,calc_pdf_p1947,,HIGH,UNVERIFIED,CALC_ONLY,CANDIDATE_ONLY,,,,GOLDEN_ELIGIBLE,Page element type 'table'.
RP-1229,ENT-LINE-ACL,report,report.layout.CAL-P01955-CAL-SEC-4.2.8-001,text,4.2.8 各計算応力度,,,,NOR-011,CAL-P01955-CAL-SEC-4.2.8-001,calc_pdf_p1955,,HIGH,UNVERIFIED,CALC_ONLY,CANDIDATE_ONLY,,,,GOLDEN_ELIGIBLE,Page element type 'subsection_header'.
RP-1231,ENT-LINE-ACL,report,report.layout.CAL-P01955-CAL-SEC-4.2.8-002,text,(1) 床版応力度,,,,NOR-011,CAL-P01955-CAL-SEC-4.2.8-002,calc_pdf_p1955,,HIGH,UNVERIFIED,CALC_ONLY,CANDIDATE_ONLY,,,,GOLDEN_ELIGIBLE,Page element type 'subsection_header'.
RP-1233,ENT-LINE-ACL,report,report.layout.CAL-P01955-CAL-SEC-4.2.8-003,text,床版応力度一覧表,,,,NOR-011,CAL-P01955-CAL-SEC-4.2.8-003,calc_pdf_p1955,,HIGH,UNVERIFIED,CALC_ONLY,CANDIDATE_ONLY,,,,GOLDEN_ELIGIBLE,Page element type 'table'.
RP-1234,ENT-LINE-ACL,report,report.layout.CAL-P01958-CAL-SEC-4.2.8-001,text,(2) 曲率による応力度,,,,NOR-011,CAL-P01958-CAL-SEC-4.2.8-001,calc_pdf_p1958,,HIGH,UNVERIFIED,CALC_ONLY,CANDIDATE_ONLY,,,,GOLDEN_ELIGIBLE,Page element type 'subsection_header'.
RP-1236,ENT-LINE-ACL,report,report.layout.CAL-P02003-CAL-SEC-4.2.8-001,text,(3)完成系応力度(活荷重最大),,,,NOR-011,CAL-P02003-CAL-SEC-4.2.8-001,calc_pdf_p2003,,HIGH,UNVERIFIED,CALC_ONLY,CANDIDATE_ONLY,,,,GOLDEN_ELIGIBLE,Page element type 'subsection_header'.
RP-1238,ENT-LINE-ACL,report,report.layout.CAL-P02003-CAL-SEC-4.2.8-002,text,完成系応力度一覧(活最大),,,,NOR-011,CAL-P02003-CAL-SEC-4.2.8-002,calc_pdf_p2003,,HIGH,UNVERIFIED,CALC_ONLY,CANDIDATE_ONLY,,,,GOLDEN_ELIGIBLE,Page element type 'table'.
RP-1239,ENT-LINE-ACL,report,report.layout.CAL-P02076-CAL-SEC-4.2.8-001,text,(4)完成系応力度(活荷重最小),,,,NOR-011,CAL-P02076-CAL-SEC-4.2.8-001,calc_pdf_p2076,,HIGH,UNVERIFIED,CALC_ONLY,CANDIDATE_ONLY,,,,GOLDEN_ELIGIBLE,Page element type 'subsection_header'.
RP-1241,ENT-LINE-ACL,report,report.layout.CAL-P02076-CAL-SEC-4.2.8-002,text,完成系応力度一覧(活最小),,,,NOR-011,CAL-P02076-CAL-SEC-4.2.8-002,calc_pdf_p2076,,HIGH,UNVERIFIED,CALC_ONLY,CANDIDATE_ONLY,,,,GOLDEN_ELIGIBLE,Page element type 'table'.
RP-1242,ENT-LINE-ACL,report,report.layout.CAL-P02098-CAL-SEC-4.2.8-001,text,(5) 鉄筋応力度,,,,NOR-011,CAL-P02098-CAL-SEC-4.2.8-001,calc_pdf_p2098,,HIGH,UNVERIFIED,CALC_ONLY,CANDIDATE_ONLY,,,,GOLDEN_ELIGIBLE,Page element type 'subsection_header'.
RP-1244,ENT-LINE-ACL,report,report.layout.CAL-P02098-CAL-SEC-4.2.8-002,text,鉄筋応力度一覧表,,,,NOR-011,CAL-P02098-CAL-SEC-4.2.8-002,calc_pdf_p2098,,HIGH,UNVERIFIED,CALC_ONLY,CANDIDATE_ONLY,,,,GOLDEN_ELIGIBLE,Page element type 'table'.
RP-1245,ENT-LINE-ACL,report,report.layout.CAL-P02100-CAL-SEC-4.2.8-001,text,(6) 常時換算応力度,,,,NOR-011,CAL-P02100-CAL-SEC-4.2.8-001,calc_pdf_p2100,,HIGH,UNVERIFIED,CALC_ONLY,CANDIDATE_ONLY,,,,GOLDEN_ELIGIBLE,Page element type 'subsection_header'.
RP-1247,ENT-LINE-ACL,report,report.layout.CAL-P02100-CAL-SEC-4.2.8-002,text,常時換算応力度一覧表,,,,NOR-011,CAL-P02100-CAL-SEC-4.2.8-002,calc_pdf_p2100,,HIGH,UNVERIFIED,CALC_ONLY,CANDIDATE_ONLY,,,,GOLDEN_ELIGIBLE,Page element type 'table'.
RP-1248,ENT-LINE-ACL,report,report.layout.CAL-P02114-CAL-SEC-4.2.8-001,text,(7) 断面毎応力度,,,,NOR-011,CAL-P02114-CAL-SEC-4.2.8-001,calc_pdf_p2114,,HIGH,UNVERIFIED,CALC_ONLY,CANDIDATE_ONLY,,,,GOLDEN_ELIGIBLE,Page element type 'subsection_header'.
RP-1250,ENT-LINE-ACL,report,report.layout.CAL-P02114-CAL-SEC-4.2.8-002,text,断面毎応力度一覧表,,,,NOR-011,CAL-P02114-CAL-SEC-4.2.8-002,calc_pdf_p2114,,HIGH,UNVERIFIED,CALC_ONLY,CANDIDATE_ONLY,,,,GOLDEN_ELIGIBLE,Page element type 'table'.
RP-1251,ENT-LINE-ACL,report,report.layout.CAL-P02003-CAL-SEC-4.2.9-001,text,4.2.9 中間補剛材の計算,,,,NOR-011,CAL-P02003-CAL-SEC-4.2.9-001,calc_pdf_p2003,,HIGH,UNVERIFIED,CALC_ONLY,CANDIDATE_ONLY,,,,GOLDEN_ELIGIBLE,Page element type 'subsection_header'.
RP-1253,ENT-LINE-ACL,report,report.layout.CAL-P02003-CAL-SEC-4.2.9-002,text,4.2.9.1 垂直補剛材の計算,,,,NOR-011,CAL-P02003-CAL-SEC-4.2.9-002,calc_pdf_p2003,,HIGH,UNVERIFIED,CALC_ONLY,CANDIDATE_ONLY,,,,GOLDEN_ELIGIBLE,Page element type 'subsection_header'.
RP-1255,ENT-LINE-ACL,report,report.layout.CAL-P02003-CAL-SEC-4.2.9-003,text,4.2.9.2 垂直補剛材端部の処理,,,,NOR-011,CAL-P02003-CAL-SEC-4.2.9-003,calc_pdf_p2003,,HIGH,UNVERIFIED,CALC_ONLY,CANDIDATE_ONLY,,,,GOLDEN_ELIGIBLE,Page element type 'subsection_header'.
RP-1257,ENT-LINE-ACL,report,report.layout.CAL-P02003-CAL-SEC-4.2.9-004,text,4.2.9.3 水平補剛材の応力度照査,,,,NOR-011,CAL-P02003-CAL-SEC-4.2.9-004,calc_pdf_p2003,,HIGH,UNVERIFIED,CALC_ONLY,CANDIDATE_ONLY,,,,GOLDEN_ELIGIBLE,Page element type 'subsection_header'.
RP-1259,ENT-LINE-ACL,report,report.layout.CAL-P02003-CAL-SEC-4.2.9-005,text,4.2.9.4 中間補剛材の剛性照査,,,,NOR-011,CAL-P02003-CAL-SEC-4.2.9-005,calc_pdf_p2003,,HIGH,UNVERIFIED,CALC_ONLY,CANDIDATE_ONLY,,,,GOLDEN_ELIGIBLE,Page element type 'subsection_header'.
RP-1261,ENT-LINE-ACL,report,report.layout.CAL-P02023-CAL-SEC-4.2.10-001,text,4.2.10 主桁溶接計算,,,,NOR-011,CAL-P02023-CAL-SEC-4.2.10-001,calc_pdf_p2023,,HIGH,UNVERIFIED,CALC_ONLY,CANDIDATE_ONLY,,,,GOLDEN_ELIGIBLE,Page element type 'subsection_header'.
RP-1263,ENT-LINE-ACL,report,report.layout.CAL-P02023-CAL-SEC-4.2.10-002,text,溶接サイズ一覧,,,,NOR-011,CAL-P02023-CAL-SEC-4.2.10-002,calc_pdf_p2023,,HIGH,UNVERIFIED,CALC_ONLY,CANDIDATE_ONLY,,,,GOLDEN_ELIGIBLE,Page element type 'table'.
RP-1403,ENT-LINE-ACL,report,report.layout.CH5-PE-001,text,第5章 付属物の設計,,,,NOR-011,CH5-PE-001,calc_pdf_p2026,,HIGH,UNVERIFIED,CALC_ONLY,CANDIDATE_ONLY,,,,GOLDEN_ELIGIBLE,Page element type 'chapter_title'.
RP-1405,ENT-LINE-ACL,report,report.layout.CH5-PE-002,text,5.1 支承の設計,,,,NOR-011,CH5-PE-002,calc_pdf_p2027,,HIGH,UNVERIFIED,CALC_ONLY,CANDIDATE_ONLY,,,,GOLDEN_ELIGIBLE,Page element type 'section_title'.
RP-1407,ENT-LINE-ACL,report,report.layout.CH5-PE-003,text,適用示方書・便覧,,,,NOR-011,CH5-PE-003,calc_pdf_p2027,,HIGH,UNVERIFIED,CALC_ONLY,CANDIDATE_ONLY,,,,GOLDEN_ELIGIBLE,Page element type 'sub_section'.
RP-1409,ENT-LINE-ACL,report,report.layout.CH5-PE-004,text,諸元,,,,NOR-011,CH5-PE-004,calc_pdf_p2027,,HIGH,UNVERIFIED,CALC_ONLY,CANDIDATE_ONLY,,,,GOLDEN_ELIGIBLE,Page element type 'sub_section'.
RP-1411,ENT-LINE-ACL,report,report.layout.CH5-PE-005,NOTE,橋梁概要,,,,NOR-011,CH5-PE-005,calc_pdf_p2027,,HIGH,UNVERIFIED,CALC_ONLY,CANDIDATE_ONLY,,,,GOLDEN_ELIGIBLE,Page element type 'design_item'.
RP-1412,ENT-LINE-ACL,report,report.layout.CH5-PE-006,NOTE,設計方針,,,,NOR-011,CH5-PE-006,calc_pdf_p2027,,HIGH,UNVERIFIED,CALC_ONLY,CANDIDATE_ONLY,,,,GOLDEN_ELIGIBLE,Page element type 'design_item'.
RP-1413,ENT-LINE-ACL,report,report.layout.CH5-PE-007,text,5.1.1 ゴム支承計算書(Ⅰ種地盤),,,,NOR-011,CH5-PE-007,calc_pdf_p2028,,HIGH,UNVERIFIED,CALC_ONLY,CANDIDATE_ONLY,,,,GOLDEN_ELIGIBLE,Page element type 'sub_section'.
RP-1415,ENT-LINE-ACL,report,report.layout.CH5-PE-008,text,設計条件(支承条件),,,,NOR-011,CH5-PE-008,calc_pdf_p2028,,HIGH,UNVERIFIED,CALC_ONLY,CANDIDATE_ONLY,,,,GOLDEN_ELIGIBLE,Page element type 'sub_sub_section'.
RP-1417,ENT-LINE-ACL,report,report.layout.CH5-PE-009,text,地盤条件・設計水平震度,,,,NOR-011,CH5-PE-009,calc_pdf_p2028,,HIGH,UNVERIFIED,CALC_ONLY,CANDIDATE_ONLY,,,,GOLDEN_ELIGIBLE,Page element type 'sub_sub_section'.
RP-1419,ENT-LINE-ACL,report,report.layout.CH5-PE-010,text,下部剛性,,,,NOR-011,CH5-PE-010,calc_pdf_p2028,,HIGH,UNVERIFIED,CALC_ONLY,CANDIDATE_ONLY,,,,GOLDEN_ELIGIBLE,Page element type 'sub_sub_section'.
RP-1421,ENT-LINE-ACL,report,report.layout.CH5-PE-011,text,径間移動量,,,,NOR-011,CH5-PE-011,calc_pdf_p2029,,HIGH,UNVERIFIED,CALC_ONLY,CANDIDATE_ONLY,,,,GOLDEN_ELIGIBLE,Page element type 'sub_sub_section'.
RP-1423,ENT-LINE-ACL,report,report.layout.CH5-PE-012,text,作用の組合せ及び荷重組合せ係数と荷重係数,,,,NOR-011,CH5-PE-012,calc_pdf_p2030,,HIGH,UNVERIFIED,CALC_ONLY,CANDIDATE_ONLY,,,,GOLDEN_ELIGIBLE,Page element type 'sub_sub_section'.
RP-1425,ENT-LINE-ACL,report,report.layout.CH5-PE-013,text,ゴム支承本体の耐久性能の照査,,,,NOR-011,CH5-PE-013,calc_pdf_p2031,,HIGH,UNVERIFIED,CALC_ONLY,CANDIDATE_ONLY,,,,GOLDEN_ELIGIBLE,Page element type 'sub_sub_section'.
RP-1427,ENT-LINE-ACL,report,report.layout.CH5-PE-014,text,耐久性能の設計条件(荷重条件),,,,NOR-011,CH5-PE-014,calc_pdf_p2031,,HIGH,UNVERIFIED,CALC_ONLY,CANDIDATE_ONLY,,,,GOLDEN_ELIGIBLE,Page element type 'sub_sub_section'.
RP-1429,ENT-LINE-ACL,report,report.layout.CH5-PE-015,text,支承形状,,,,NOR-011,CH5-PE-015,calc_pdf_p2031,,HIGH,UNVERIFIED,CALC_ONLY,CANDIDATE_ONLY,,,,GOLDEN_ELIGIBLE,Page element type 'sub_sub_section'.
RP-1431,ENT-LINE-ACL,report,report.layout.CH5-PE-016,text,鉛プラグ入りゴム支承のcγ(γ)算定に用いる係数,,,,NOR-011,CH5-PE-016,calc_pdf_p2031,,HIGH,UNVERIFIED,CALC_ONLY,CANDIDATE_ONLY,,,,GOLDEN_ELIGIBLE,Page element type 'sub_sub_section'.
RP-1433,ENT-LINE-ACL,report,report.layout.CH5-PE-017,text,鉛プラグ入りゴム支承のq(γ)算定に用いる係数,,,,NOR-011,CH5-PE-017,calc_pdf_p2031,,HIGH,UNVERIFIED,CALC_ONLY,CANDIDATE_ONLY,,,,GOLDEN_ELIGIBLE,Page element type 'sub_sub_section'.
RP-1435,ENT-LINE-ACL,report,report.layout.CH5-PE-018,text,鉛プラグ入りゴム支承のqo(γe)算定に用いる係数,,,,NOR-011,CH5-PE-018,calc_pdf_p2031,,HIGH,UNVERIFIED,CALC_ONLY,CANDIDATE_ONLY,,,,GOLDEN_ELIGIBLE,Page element type 'sub_sub_section'.
RP-1437,ENT-LINE-ACL,report,report.layout.CH5-PE-019,text,支承特性値の算出(形状係数・縦弾性係数・支承剛性),,,,NOR-011,CH5-PE-019,calc_pdf_p2032,,HIGH,UNVERIFIED,CALC_ONLY,CANDIDATE_ONLY,,,,GOLDEN_ELIGIBLE,Page element type 'sub_sub_section'.
RP-1439,ENT-LINE-ACL,report,report.layout.CH5-PE-020,text,形状係数・縦弾性係数,,,,NOR-011,CH5-PE-020,calc_pdf_p2032,,HIGH,UNVERIFIED,CALC_ONLY,CANDIDATE_ONLY,,,,GOLDEN_ELIGIBLE,Page element type 'sub_sub_section'.
RP-1441,ENT-LINE-ACL,report,report.layout.CH5-PE-021,text,支承剛性,,,,NOR-011,CH5-PE-021,calc_pdf_p2032,,HIGH,UNVERIFIED,CALC_ONLY,CANDIDATE_ONLY,,,,GOLDEN_ELIGIBLE,Page element type 'sub_sub_section'.
RP-1443,ENT-LINE-ACL,report,report.layout.CH5-PE-022,text,計算結果(形状係数・圧縮剛性),,,,NOR-011,CH5-PE-022,calc_pdf_p2033,,HIGH,UNVERIFIED,CALC_ONLY,CANDIDATE_ONLY,,,,GOLDEN_ELIGIBLE,Page element type 'sub_sub_section'.
RP-1445,ENT-LINE-ACL,report,report.layout.CH5-PE-023,text,合成剛性の算出,,,,NOR-011,CH5-PE-023,calc_pdf_p2033,,HIGH,UNVERIFIED,CALC_ONLY,CANDIDATE_ONLY,,,,GOLDEN_ELIGIBLE,Page element type 'sub_sub_section'.
RP-1447,ENT-LINE-ACL,report,report.layout.CH5-PE-024,text,温度変化時および不静定時移動量・水平力の算出,,,,NOR-011,CH5-PE-024,calc_pdf_p2034,,HIGH,UNVERIFIED,CALC_ONLY,CANDIDATE_ONLY,,,,GOLDEN_ELIGIBLE,Page element type 'sub_sub_section'.
RP-1449,ENT-LINE-ACL,report,report.layout.CH5-PE-025,text,温度変化時(50℃/30℃)移動量,,,,NOR-011,CH5-PE-025,calc_pdf_p2035,,HIGH,UNVERIFIED,CALC_ONLY,CANDIDATE_ONLY,,,,GOLDEN_ELIGIBLE,Page element type 'sub_sub_section'.
RP-1451,ENT-LINE-ACL,report,report.layout.CH5-PE-026,text,不静定時移動量・合計移動量・水平力,,,,NOR-011,CH5-PE-026,calc_pdf_p2036,,HIGH,UNVERIFIED,CALC_ONLY,CANDIDATE_ONLY,,,,GOLDEN_ELIGIBLE,Page element type 'sub_sub_section'.
RP-1453,ENT-LINE-ACL,report,report.layout.CH5-PE-027,text,レベル１地震時移動量・水平力の算出,,,,NOR-011,CH5-PE-027,calc_pdf_p2037,,HIGH,UNVERIFIED,CALC_ONLY,CANDIDATE_ONLY,,,,GOLDEN_ELIGIBLE,Page element type 'sub_sub_section'.
RP-1455,ENT-LINE-ACL,report,report.layout.CH5-PE-028,text,レベル１地震時計算結果,,,,NOR-011,CH5-PE-028,calc_pdf_p2038,,HIGH,UNVERIFIED,CALC_ONLY,CANDIDATE_ONLY,,,,GOLDEN_ELIGIBLE,Page element type 'sub_sub_section'.
RP-1457,ENT-LINE-ACL,report,report.layout.CH5-PE-029,text,制限値,,,,NOR-011,CH5-PE-029,calc_pdf_p2039,,HIGH,UNVERIFIED,CALC_ONLY,CANDIDATE_ONLY,,,,GOLDEN_ELIGIBLE,Page element type 'sub_sub_section'.
RP-1459,ENT-LINE-ACL,report,report.layout.CH5-PE-030,text,ゴム材料の呼びと設計に用いる標準値,,,,NOR-011,CH5-PE-030,calc_pdf_p2039,,HIGH,UNVERIFIED,CALC_ONLY,CANDIDATE_ONLY,,,,GOLDEN_ELIGIBLE,Page element type 'sub_sub_section'.
RP-1461,ENT-LINE-ACL,report,report.layout.CH5-PE-031,text,疲労に対する設計(繰返し圧縮作用),,,,NOR-011,CH5-PE-031,calc_pdf_p2040,,HIGH,UNVERIFIED,CALC_ONLY,CANDIDATE_ONLY,,,,GOLDEN_ELIGIBLE,Page element type 'sub_sub_section'.
RP-1463,ENT-LINE-ACL,report,report.layout.CH5-PE-032,text,繰返し水平変位に対する設計,,,,NOR-011,CH5-PE-032,calc_pdf_p2041,,HIGH,UNVERIFIED,CALC_ONLY,CANDIDATE_ONLY,,,,GOLDEN_ELIGIBLE,Page element type 'sub_sub_section'.
RP-1465,ENT-LINE-ACL,report,report.layout.CH5-PE-033,text,繰返し引張作用に対する設計,,,,NOR-011,CH5-PE-033,calc_pdf_p2042,,HIGH,UNVERIFIED,CALC_ONLY,CANDIDATE_ONLY,,,,GOLDEN_ELIGIBLE,Page element type 'sub_sub_section'.
RP-1467,ENT-LINE-ACL,report,report.layout.CH5-PE-034,text,圧縮作用・水平変位・回転変位に対する設計,,,,NOR-011,CH5-PE-034,calc_pdf_p2042,,HIGH,UNVERIFIED,CALC_ONLY,CANDIDATE_ONLY,,,,GOLDEN_ELIGIBLE,Page element type 'sub_sub_section'.
RP-1469,ENT-LINE-ACL,report,report.layout.CH5-PE-035,text,その他の照査(端支点部圧縮変位量),,,,NOR-011,CH5-PE-035,calc_pdf_p2043,,HIGH,UNVERIFIED,CALC_ONLY,CANDIDATE_ONLY,,,,GOLDEN_ELIGIBLE,Page element type 'sub_sub_section'.
RP-1471,ENT-LINE-ACL,report,report.layout.CH5-PE-036,text,ゴム支承本体の耐荷性能の照査,,,,NOR-011,CH5-PE-036,calc_pdf_p2043,,HIGH,UNVERIFIED,CALC_ONLY,CANDIDATE_ONLY,,,,GOLDEN_ELIGIBLE,Page element type 'sub_sub_section'.
RP-1473,ENT-LINE-ACL,report,report.layout.CH5-PE-037,text,永続作用および変動作用支配状況(①②⑤)荷重条件,,,,NOR-011,CH5-PE-037,calc_pdf_p2044,,HIGH,UNVERIFIED,CALC_ONLY,CANDIDATE_ONLY,,,,GOLDEN_ELIGIBLE,Page element type 'sub_sub_section'.
RP-1475,ENT-LINE-ACL,report,report.layout.CH5-PE-038,text,変動作用支配状況(⑨)荷重条件,,,,NOR-011,CH5-PE-038,calc_pdf_p2045,,HIGH,UNVERIFIED,CALC_ONLY,CANDIDATE_ONLY,,,,GOLDEN_ELIGIBLE,Page element type 'sub_sub_section'.
RP-1477,ENT-LINE-ACL,report,report.layout.CH5-PE-039,text,変動作用支配状況(⑩)荷重条件,,,,NOR-011,CH5-PE-039,calc_pdf_p2046,,HIGH,UNVERIFIED,CALC_ONLY,CANDIDATE_ONLY,,,,GOLDEN_ELIGIBLE,Page element type 'sub_sub_section'.
RP-1479,ENT-LINE-ACL,report,report.layout.CH5-PE-040,text,変動作用支配状況(⑪)荷重条件(レベル2),,,,NOR-011,CH5-PE-040,calc_pdf_p2047,,HIGH,UNVERIFIED,CALC_ONLY,CANDIDATE_ONLY,,,,GOLDEN_ELIGIBLE,Page element type 'sub_sub_section'.
RP-1481,ENT-LINE-ACL,report,report.layout.CH5-PE-041,text,5.1.2 ゴム支承計算書(Ⅱ種地盤),,,,NOR-011,CH5-PE-041,calc_pdf_p2083,,HIGH,UNVERIFIED,CALC_ONLY,CANDIDATE_ONLY,,,,GOLDEN_ELIGIBLE,Page element type 'sub_section'.
RP-1483,ENT-LINE-ACL,report,report.layout.CH5-PE-042,text,5.1.3 鋼材計算書,,,,NOR-011,CH5-PE-042,calc_pdf_p2138,,HIGH,UNVERIFIED,CALC_ONLY,CANDIDATE_ONLY,,,,GOLDEN_ELIGIBLE,Page element type 'sub_section'.
RP-1485,ENT-LINE-ACL,report,report.layout.CH5-PE-043,text,設計条件(反力・変位量・特性値),,,,NOR-011,CH5-PE-043,calc_pdf_p2138,,HIGH,UNVERIFIED,CALC_ONLY,CANDIDATE_ONLY,,,,GOLDEN_ELIGIBLE,Page element type 'sub_sub_section'.
RP-1487,ENT-LINE-ACL,report,report.layout.CH5-PE-044,text,照査方法(鋼板・ボルト・アンカーボルト制限値),,,,NOR-011,CH5-PE-044,calc_pdf_p2138,,HIGH,UNVERIFIED,CALC_ONLY,CANDIDATE_ONLY,,,,GOLDEN_ELIGIBLE,Page element type 'sub_sub_section'.
RP-1489,ENT-LINE-ACL,report,report.layout.CH5-PE-045,text,ゴム支承本体取付けボルトの設計,,,,NOR-011,CH5-PE-045,calc_pdf_p2139,,HIGH,UNVERIFIED,CALC_ONLY,CANDIDATE_ONLY,,,,GOLDEN_ELIGIBLE,Page element type 'sub_sub_section'.
RP-1491,ENT-LINE-ACL,report,report.layout.CH5-PE-046,text,5.1.4 水平支承鋼材計算書,,,,NOR-011,CH5-PE-046,calc_pdf_p2167,,HIGH,UNVERIFIED,CALC_ONLY,CANDIDATE_ONLY,,,,GOLDEN_ELIGIBLE,Page element type 'sub_section'.
RP-1493,ENT-LINE-ACL,report,report.layout.CH5-PE-047,text,設計条件(水平支承),,,,NOR-011,CH5-PE-047,calc_pdf_p2167,,HIGH,UNVERIFIED,CALC_ONLY,CANDIDATE_ONLY,,,,GOLDEN_ELIGIBLE,Page element type 'sub_sub_section'.
RP-1495,ENT-LINE-ACL,report,report.layout.CH5-PE-048,text,5.2 段差防止構造の設計,,,,NOR-011,CH5-PE-048,calc_pdf_p2190,,HIGH,UNVERIFIED,CALC_ONLY,CANDIDATE_ONLY,,,,GOLDEN_ELIGIBLE,Page element type 'section_title'.
RP-1497,ENT-LINE-ACL,report,report.layout.CH5-PE-049,text,5.2.1 設計方針,,,,NOR-011,CH5-PE-049,calc_pdf_p2190,,HIGH,UNVERIFIED,CALC_ONLY,CANDIDATE_ONLY,,,,GOLDEN_ELIGIBLE,Page element type 'sub_section'.
RP-1499,ENT-LINE-ACL,report,report.layout.CH5-PE-050,NOTE,段差防止構造(正面図・側面図),,,,NOR-011,CH5-PE-050,calc_pdf_p2190,,HIGH,UNVERIFIED,CALC_ONLY,CANDIDATE_ONLY,,,,GOLDEN_ELIGIBLE,Page element type 'design_item'.
RP-1500,ENT-LINE-ACL,report,report.layout.CH5-PE-051,text,5.2.2 設計荷重,,,,NOR-011,CH5-PE-051,calc_pdf_p2191,,HIGH,UNVERIFIED,CALC_ONLY,CANDIDATE_ONLY,,,,GOLDEN_ELIGIBLE,Page element type 'sub_section'.
RP-1502,ENT-LINE-ACL,report,report.layout.CH5-PE-052,text,5.2.3 台座寸法図,,,,NOR-011,CH5-PE-052,calc_pdf_p2192,,HIGH,UNVERIFIED,CALC_ONLY,CANDIDATE_ONLY,,,,GOLDEN_ELIGIBLE,Page element type 'sub_section'.
RP-1504,ENT-LINE-ACL,report,report.layout.CH5-PE-053,text,5.2.4 緩衝材の計算,,,,NOR-011,CH5-PE-053,calc_pdf_p2193,,HIGH,UNVERIFIED,CALC_ONLY,CANDIDATE_ONLY,,,,GOLDEN_ELIGIBLE,Page element type 'sub_section'.
RP-1506,ENT-LINE-ACL,report,report.layout.CH5-PE-054,text,5.2.5 台座の計算,,,,NOR-011,CH5-PE-054,calc_pdf_p2193,,HIGH,UNVERIFIED,CALC_ONLY,CANDIDATE_ONLY,,,,GOLDEN_ELIGIBLE,Page element type 'sub_section'.
RP-1508,ENT-LINE-ACL,report,report.layout.CH5-PE-055,text,軸方向圧縮力に対する照査,,,,NOR-011,CH5-PE-055,calc_pdf_p2193,,HIGH,UNVERIFIED,CALC_ONLY,CANDIDATE_ONLY,,,,GOLDEN_ELIGIBLE,Page element type 'sub_sub_section'.
RP-1510,ENT-LINE-ACL,report,report.layout.CH5-PE-056,text,天板の計算,,,,NOR-011,CH5-PE-056,calc_pdf_p2194,,HIGH,UNVERIFIED,CALC_ONLY,CANDIDATE_ONLY,,,,GOLDEN_ELIGIBLE,Page element type 'sub_sub_section'.
RP-1512,ENT-LINE-ACL,report,report.layout.CH5-PE-057,text,溶接の照査,,,,NOR-011,CH5-PE-057,calc_pdf_p2195,,HIGH,UNVERIFIED,CALC_ONLY,CANDIDATE_ONLY,,,,GOLDEN_ELIGIBLE,Page element type 'sub_sub_section'.
RP-1514,ENT-LINE-ACL,report,report.layout.CH5-PE-058,text,BaseとRibおよびWebの溶接,,,,NOR-011,CH5-PE-058,calc_pdf_p2196,,HIGH,UNVERIFIED,CALC_ONLY,CANDIDATE_ONLY,,,,GOLDEN_ELIGIBLE,Page element type 'sub_sub_section'.
RP-1516,ENT-LINE-ACL,report,report.layout.CH5-PE-059,text,アンカーボルト,,,,NOR-011,CH5-PE-059,calc_pdf_p2197,,HIGH,UNVERIFIED,CALC_ONLY,CANDIDATE_ONLY,,,,GOLDEN_ELIGIBLE,Page element type 'sub_sub_section'.
RP-1518,ENT-LINE-ACL,report,report.layout.CH5-PE-060,text,5.2.6 巻き立てコンクリートへの影響の検討,,,,NOR-011,CH5-PE-060,calc_pdf_p2197,,HIGH,UNVERIFIED,CALC_ONLY,CANDIDATE_ONLY,,,,GOLDEN_ELIGIBLE,Page element type 'sub_section'.
RP-1520,ENT-LINE-ACL,report,report.layout.CH5-PE-061,text,段差防止構造作用時の断面力の確認,,,,NOR-011,CH5-PE-061,calc_pdf_p2198,,HIGH,UNVERIFIED,CALC_ONLY,CANDIDATE_ONLY,,,,GOLDEN_ELIGIBLE,Page element type 'sub_sub_section'.
RP-1522,ENT-LINE-ACL,report,report.layout.CH5-PE-062,text,5.3 排水の設計,,,,NOR-011,CH5-PE-062,calc_pdf_p2199,,HIGH,UNVERIFIED,CALC_ONLY,CANDIDATE_ONLY,,,,GOLDEN_ELIGIBLE,Page element type 'section_title'.
RP-1524,ENT-LINE-ACL,report,report.layout.CH5-PE-063,text,条件等,,,,NOR-011,CH5-PE-063,calc_pdf_p2199,,HIGH,UNVERIFIED,CALC_ONLY,CANDIDATE_ONLY,,,,GOLDEN_ELIGIBLE,Page element type 'sub_sub_section'.
RP-1526,ENT-LINE-ACL,report,report.layout.CH5-PE-064,text,計算式,,,,NOR-011,CH5-PE-064,calc_pdf_p2199,,HIGH,UNVERIFIED,CALC_ONLY,CANDIDATE_ONLY,,,,GOLDEN_ELIGIBLE,Page element type 'sub_sub_section'.
RP-1528,ENT-LINE-ACL,report,report.layout.CH5-PE-065,text,排水桝間隔の計算(S1-PR1/PR1-PR2/PR2-S2),,,,NOR-011,CH5-PE-065,calc_pdf_p2201,,HIGH,UNVERIFIED,CALC_ONLY,CANDIDATE_ONLY,,,,GOLDEN_ELIGIBLE,Page element type 'sub_sub_section'.
RP-1530,ENT-LINE-ACL,report,report.layout.CH5-PE-066,text,各部寸法表(幅員方向寸法・横断勾配・路面計画高),,,,NOR-011,CH5-PE-066,calc_pdf_p2204,,HIGH,UNVERIFIED,CALC_ONLY,CANDIDATE_ONLY,,,,GOLDEN_ELIGIBLE,Page element type 'sub_sub_section'.
RP-1532,ENT-LINE-ACL,report,report.layout.CH5-PE-067,text,計算用数値表,,,,NOR-011,CH5-PE-067,calc_pdf_p2205,,HIGH,UNVERIFIED,CALC_ONLY,CANDIDATE_ONLY,,,,GOLDEN_ELIGIBLE,Page element type 'sub_sub_section'.
RP-1534,ENT-LINE-ACL,report,report.layout.CH5-PE-068,text,排水管の確認,,,,NOR-011,CH5-PE-068,calc_pdf_p2205,,HIGH,UNVERIFIED,CALC_ONLY,CANDIDATE_ONLY,,,,GOLDEN_ELIGIBLE,Page element type 'sub_sub_section'.
RP-1536,ENT-LINE-ACL,report,report.layout.CH5-PE-069,text,5.4 伸縮装置の設計,,,,NOR-011,CH5-PE-069,calc_pdf_p2206,,HIGH,UNVERIFIED,CALC_ONLY,CANDIDATE_ONLY,,,,GOLDEN_ELIGIBLE,Page element type 'section_title'.
RP-1538,ENT-LINE-ACL,report,report.layout.CH5-PE-070,text,5.4.1 PU15,,,,NOR-011,CH5-PE-070,calc_pdf_p2207,,HIGH,UNVERIFIED,CALC_ONLY,CANDIDATE_ONLY,,,,GOLDEN_ELIGIBLE,Page element type 'sub_section'.
RP-1540,ENT-LINE-ACL,report,report.layout.CH5-PE-071,text,設計条件(橋種・温度範囲・レベル1移動量),,,,NOR-011,CH5-PE-071,calc_pdf_p2207,,HIGH,UNVERIFIED,CALC_ONLY,CANDIDATE_ONLY,,,,GOLDEN_ELIGIBLE,Page element type 'sub_sub_section'.
RP-1542,ENT-LINE-ACL,report,report.layout.CH5-PE-072,text,伸縮量(常時/地震時),,,,NOR-011,CH5-PE-072,calc_pdf_p2207,,HIGH,UNVERIFIED,CALC_ONLY,CANDIDATE_ONLY,,,,GOLDEN_ELIGIBLE,Page element type 'sub_sub_section'.
RP-1544,ENT-LINE-ACL,report,report.layout.CH5-PE-073,text,形式選定(移動量/桁遊間),,,,NOR-011,CH5-PE-073,calc_pdf_p2208,,HIGH,UNVERIFIED,CALC_ONLY,CANDIDATE_ONLY,,,,GOLDEN_ELIGIBLE,Page element type 'sub_sub_section'.
RP-1546,ENT-LINE-ACL,report,report.layout.CH5-PE-074,text,荷重条件,,,,NOR-011,CH5-PE-074,calc_pdf_p2208,,HIGH,UNVERIFIED,CALC_ONLY,CANDIDATE_ONLY,,,,GOLDEN_ELIGIBLE,Page element type 'sub_sub_section'.
RP-1548,ENT-LINE-ACL,report,report.layout.CH5-PE-075,text,ミドルビーム(機械的性質・曲げモーメント),,,,NOR-011,CH5-PE-075,calc_pdf_p2208,,HIGH,UNVERIFIED,CALC_ONLY,CANDIDATE_ONLY,,,,GOLDEN_ELIGIBLE,Page element type 'sub_sub_section'.
RP-1550,ENT-LINE-ACL,report,report.layout.CH5-PE-076,text,ミドルビーム曲げモーメント(4径間連続梁),,,,NOR-011,CH5-PE-076,calc_pdf_p2209,,HIGH,UNVERIFIED,CALC_ONLY,CANDIDATE_ONLY,,,,GOLDEN_ELIGIBLE,Page element type 'sub_sub_section'.
RP-1552,ENT-LINE-ACL,report,report.layout.CH5-PE-077,text,荷重項の計算・三連モーメントの式,,,,NOR-011,CH5-PE-077,calc_pdf_p2211,,HIGH,UNVERIFIED,CALC_ONLY,CANDIDATE_ONLY,,,,GOLDEN_ELIGIBLE,Page element type 'sub_sub_section'.
RP-1554,ENT-LINE-ACL,report,report.layout.CH5-PE-078,text,各支点反力・最大曲げモーメント,,,,NOR-011,CH5-PE-078,calc_pdf_p2212,,HIGH,UNVERIFIED,CALC_ONLY,CANDIDATE_ONLY,,,,GOLDEN_ELIGIBLE,Page element type 'sub_sub_section'.
RP-1556,ENT-LINE-ACL,report,report.layout.CH5-PE-079,text,ミドルビーム曲げ応力度・せん断応力度・合成応力度,,,,NOR-011,CH5-PE-079,calc_pdf_p2213,,HIGH,UNVERIFIED,CALC_ONLY,CANDIDATE_ONLY,,,,GOLDEN_ELIGIBLE,Page element type 'sub_sub_section'.
RP-1558,ENT-LINE-ACL,report,report.layout.CH5-PE-080,text,サポートビーム(SM490A)の計算,,,,NOR-011,CH5-PE-080,calc_pdf_p2214,,HIGH,UNVERIFIED,CALC_ONLY,CANDIDATE_ONLY,,,,GOLDEN_ELIGIBLE,Page element type 'sub_sub_section'.
RP-1560,ENT-LINE-ACL,report,report.layout.CH5-PE-081,text,伸縮装置張出部の応力度,,,,NOR-011,CH5-PE-081,calc_pdf_p2216,,HIGH,UNVERIFIED,CALC_ONLY,CANDIDATE_ONLY,,,,GOLDEN_ELIGIBLE,Page element type 'sub_sub_section'.
RP-1562,ENT-LINE-ACL,report,report.layout.CH5-PE-082,text,A-A断面合成応力度,,,,NOR-011,CH5-PE-082,calc_pdf_p2220,,HIGH,UNVERIFIED,CALC_ONLY,CANDIDATE_ONLY,,,,GOLDEN_ELIGIBLE,Page element type 'sub_sub_section'.
RP-1564,ENT-LINE-ACL,report,report.layout.CH5-PE-083,text,5.4.2 AR2,,,,NOR-011,CH5-PE-083,calc_pdf_p2220,,HIGH,UNVERIFIED,CALC_ONLY,CANDIDATE_ONLY,,,,GOLDEN_ELIGIBLE,Page element type 'sub_section'.
RP-1566,ENT-LINE-ACL,report,report.layout.CH5-PE-084,text,伸縮装置の移動量(温度/地震/設計伸縮量),,,,NOR-011,CH5-PE-084,calc_pdf_p2220,,HIGH,UNVERIFIED,CALC_ONLY,CANDIDATE_ONLY,,,,GOLDEN_ELIGIBLE,Page element type 'sub_sub_section'.
RP-1568,ENT-LINE-ACL,report,report.layout.CH5-PE-085,text,設計条件(SEFジョイント100-325),,,,NOR-011,CH5-PE-085,calc_pdf_p2221,,HIGH,UNVERIFIED,CALC_ONLY,CANDIDATE_ONLY,,,,GOLDEN_ELIGIBLE,Page element type 'sub_sub_section'.
RP-1570,ENT-LINE-ACL,report,report.layout.CH5-PE-086,text,伸縮量の算定,,,,NOR-011,CH5-PE-086,calc_pdf_p2222,,HIGH,UNVERIFIED,CALC_ONLY,CANDIDATE_ONLY,,,,GOLDEN_ELIGIBLE,Page element type 'sub_sub_section'.
RP-1572,ENT-LINE-ACL,report,report.layout.CH5-PE-087,text,フィンガー長およびウェブ遊間の決定,,,,NOR-011,CH5-PE-087,calc_pdf_p2222,,HIGH,UNVERIFIED,CALC_ONLY,CANDIDATE_ONLY,,,,GOLDEN_ELIGIBLE,Page element type 'sub_sub_section'.
RP-1574,ENT-LINE-ACL,report,report.layout.CH5-PE-088,text,フィンガー形状,,,,NOR-011,CH5-PE-088,calc_pdf_p2223,,HIGH,UNVERIFIED,CALC_ONLY,CANDIDATE_ONLY,,,,GOLDEN_ELIGIBLE,Page element type 'sub_sub_section'.
RP-1576,ENT-LINE-ACL,report,report.layout.CH5-PE-089,text,ウェブ遊間の決定,,,,NOR-011,CH5-PE-089,calc_pdf_p2224,,HIGH,UNVERIFIED,CALC_ONLY,CANDIDATE_ONLY,,,,GOLDEN_ELIGIBLE,Page element type 'sub_sub_section'.
RP-1578,ENT-LINE-ACL,report,report.layout.CH5-PE-090,text,フェイスプレートの設計(耐荷性能の照査),,,,NOR-011,CH5-PE-090,calc_pdf_p2224,,HIGH,UNVERIFIED,CALC_ONLY,CANDIDATE_ONLY,,,,GOLDEN_ELIGIBLE,Page element type 'sub_sub_section'.
RP-1580,ENT-LINE-ACL,report,report.layout.CH5-PE-091,text,孔あき鋼板ジベルの計算(耐荷性能の照査),,,,NOR-011,CH5-PE-091,calc_pdf_p2225,,HIGH,UNVERIFIED,CALC_ONLY,CANDIDATE_ONLY,,,,GOLDEN_ELIGIBLE,Page element type 'sub_sub_section'.
RP-1582,ENT-LINE-ACL,report,report.layout.CH5-PE-092,text,孔あき鋼板ジベルの板厚の決定,,,,NOR-011,CH5-PE-092,calc_pdf_p2226,,HIGH,UNVERIFIED,CALC_ONLY,CANDIDATE_ONLY,,,,GOLDEN_ELIGIBLE,Page element type 'sub_sub_section'.
RP-1584,ENT-LINE-ACL,report,report.layout.CH5-PE-093,text,第5章 終,,,,NOR-011,CH5-PE-093,calc_pdf_p2226,,HIGH,UNVERIFIED,CALC_ONLY,CANDIDATE_ONLY,,,,GOLDEN_ELIGIBLE,Page element type 'chapter_end'.
RP-1643,ENT-LINE-ACL,report,report.layout.FM-PE-001,text,令和3年度 道路改良工事の内橋梁詳細設計業務（知-5）,,,,NOR-011,FM-PE-001,calc_pdf_p1,,HIGH,UNVERIFIED,CALC_ONLY,CANDIDATE_ONLY,,,,GOLDEN_ELIGIBLE,Page element type 'cover_title'.
RP-1644,ENT-LINE-ACL,report,report.layout.FM-PE-002,text,第18編 上部工設計計算書 (ランプ橋),,,,NOR-011,FM-PE-002,calc_pdf_p1,,HIGH,UNVERIFIED,CALC_ONLY,CANDIDATE_ONLY,,,,GOLDEN_ELIGIBLE,Page element type 'cover_title'.
RP-1645,ENT-LINE-ACL,report,report.layout.FM-PE-003,text,令和5年3月,,,,NOR-011,FM-PE-003,calc_pdf_p1,,HIGH,UNVERIFIED,CALC_ONLY,CANDIDATE_ONLY,,,,GOLDEN_ELIGIBLE,Page element type 'cover_date'.
RP-1646,ENT-LINE-ACL,report,report.layout.FM-PE-004,text,愛知県知多建設事務所,,,,NOR-011,FM-PE-004,calc_pdf_p1,,HIGH,UNVERIFIED,CALC_ONLY,CANDIDATE_ONLY,,,,GOLDEN_ELIGIBLE,Page element type 'cover_org'.
RP-1647,ENT-LINE-ACL,report,report.layout.FM-PE-005,text,金沢IC Aランプ橋,,,,NOR-011,FM-PE-005,calc_pdf_p2,,HIGH,UNVERIFIED,CALC_ONLY,CANDIDATE_ONLY,,,,GOLDEN_ELIGIBLE,Page element type 'cover_title'.
RP-1648,ENT-LINE-ACL,report,report.layout.FM-PE-006,text,3径間連続鈑桁橋,,,,NOR-011,FM-PE-006,calc_pdf_p2,,HIGH,UNVERIFIED,CALC_ONLY,CANDIDATE_ONLY,,,,GOLDEN_ELIGIBLE,Page element type 'cover_subtitle'.
RP-1649,ENT-LINE-ACL,report,report.layout.FM-PE-007,text,上部工設計計算書,,,,NOR-011,FM-PE-007,calc_pdf_p2,,HIGH,UNVERIFIED,CALC_ONLY,CANDIDATE_ONLY,,,,GOLDEN_ELIGIBLE,Page element type 'cover_subtitle'.
RP-1650,ENT-LINE-ACL,report,report.layout.FM-PE-008,text,目次,,,,NOR-011,FM-PE-008,calc_pdf_p3,,HIGH,UNVERIFIED,CALC_ONLY,CANDIDATE_ONLY,,,,GOLDEN_ELIGIBLE,Page element type 'toc_header'.
RP-1651,ENT-LINE-ACL,report,report.layout.FM-PE-009,text,第1章 設計条件 --- 1,,,,NOR-011,FM-PE-009,calc_pdf_p3,,HIGH,UNVERIFIED,CALC_ONLY,CANDIDATE_ONLY,,,,GOLDEN_ELIGIBLE,Page element type 'toc_entry'.
RP-1652,ENT-LINE-ACL,report,report.layout.FM-PE-010,text,1.1 設計条件 --- 2,,,,NOR-011,FM-PE-010,calc_pdf_p3,,HIGH,UNVERIFIED,CALC_ONLY,CANDIDATE_ONLY,,,,GOLDEN_ELIGIBLE,Page element type 'toc_entry'.
RP-1653,ENT-LINE-ACL,report,report.layout.FM-PE-011,text,1.2 上部工構造一般図 --- 3,,,,NOR-011,FM-PE-011,calc_pdf_p3,,HIGH,UNVERIFIED,CALC_ONLY,CANDIDATE_ONLY,,,,GOLDEN_ELIGIBLE,Page element type 'toc_entry'.
RP-1654,ENT-LINE-ACL,report,report.layout.FM-PE-012,text,1.3 基本寸法一覧 --- 5,,,,NOR-011,FM-PE-012,calc_pdf_p3,,HIGH,UNVERIFIED,CALC_ONLY,CANDIDATE_ONLY,,,,GOLDEN_ELIGIBLE,Page element type 'toc_entry'.
RP-1655,ENT-LINE-ACL,report,report.layout.FM-PE-013,text,第2章 合成床版の設計 --- 11,,,,NOR-011,FM-PE-013,calc_pdf_p3,,HIGH,UNVERIFIED,CALC_ONLY,CANDIDATE_ONLY,,,,GOLDEN_ELIGIBLE,Page element type 'toc_entry'.
RP-1656,ENT-LINE-ACL,report,report.layout.FM-PE-014,text,2.1 一般部 --- 12,,,,NOR-011,FM-PE-014,calc_pdf_p3,,HIGH,UNVERIFIED,CALC_ONLY,CANDIDATE_ONLY,,,,GOLDEN_ELIGIBLE,Page element type 'toc_entry'.
RP-1657,ENT-LINE-ACL,report,report.layout.FM-PE-015,text,2.2 桁端部 --- 65,,,,NOR-011,FM-PE-015,calc_pdf_p3,,HIGH,UNVERIFIED,CALC_ONLY,CANDIDATE_ONLY,,,,GOLDEN_ELIGIBLE,Page element type 'toc_entry'.
RP-1658,ENT-LINE-ACL,report,report.layout.FM-PE-016,text,第3章 非合成桁の設計 --- 110,,,,NOR-011,FM-PE-016,calc_pdf_p3,,HIGH,UNVERIFIED,CALC_ONLY,CANDIDATE_ONLY,,,,GOLDEN_ELIGIBLE,Page element type 'toc_entry'.
RP-1659,ENT-LINE-ACL,report,report.layout.FM-PE-017,text,3.1 主構断面力の計算 --- 111,,,,NOR-011,FM-PE-017,calc_pdf_p3,,HIGH,UNVERIFIED,CALC_ONLY,CANDIDATE_ONLY,,,,GOLDEN_ELIGIBLE,Page element type 'toc_entry'.
RP-1660,ENT-LINE-ACL,report,report.layout.FM-PE-018,text,3.2 主桁の設計 --- 286,,,,NOR-011,FM-PE-018,calc_pdf_p3,,HIGH,UNVERIFIED,CALC_ONLY,CANDIDATE_ONLY,,,,GOLDEN_ELIGIBLE,Page element type 'toc_entry'.
RP-1661,ENT-LINE-ACL,report,report.layout.FM-PE-019,text,3.3 横桁の設計 --- 670,,,,NOR-011,FM-PE-019,calc_pdf_p3,,HIGH,UNVERIFIED,CALC_ONLY,CANDIDATE_ONLY,,,,GOLDEN_ELIGIBLE,Page element type 'toc_entry'.
RP-1662,ENT-LINE-ACL,report,report.layout.FM-PE-020,text,3.4 端部ブラケットの設計 --- 760,,,,NOR-011,FM-PE-020,calc_pdf_p3,,HIGH,UNVERIFIED,CALC_ONLY,CANDIDATE_ONLY,,,,GOLDEN_ELIGIBLE,Page element type 'toc_entry'.
RP-1663,ENT-LINE-ACL,report,report.layout.FM-PE-021,text,3.5 横構の設計 --- 783,,,,NOR-011,FM-PE-021,calc_pdf_p3,,HIGH,UNVERIFIED,CALC_ONLY,CANDIDATE_ONLY,,,,GOLDEN_ELIGIBLE,Page element type 'toc_entry'.
RP-1664,ENT-LINE-ACL,report,report.layout.FM-PE-022,text,3.6 巻き立てコンクリートの設計 --- 812,,,,NOR-011,FM-PE-022,calc_pdf_p3,,HIGH,UNVERIFIED,CALC_ONLY,CANDIDATE_ONLY,,,,GOLDEN_ELIGIBLE,Page element type 'toc_entry'.
RP-1665,ENT-LINE-ACL,report,report.layout.FM-PE-023,text,3.7 疲労設計 --- 837,,,,NOR-011,FM-PE-023,calc_pdf_p3,,HIGH,UNVERIFIED,CALC_ONLY,CANDIDATE_ONLY,,,,GOLDEN_ELIGIBLE,Page element type 'toc_entry'.
RP-1666,ENT-LINE-ACL,report,report.layout.FM-PE-024,text,第4章 合成桁の設計 --- 866,,,,NOR-011,FM-PE-024,calc_pdf_p3,,HIGH,UNVERIFIED,CALC_ONLY,CANDIDATE_ONLY,,,,GOLDEN_ELIGIBLE,Page element type 'toc_entry'.
RP-1667,ENT-LINE-ACL,report,report.layout.FM-PE-025,text,第5章 付属物の設計 --- 2021,,,,NOR-011,FM-PE-025,calc_pdf_p3,,HIGH,UNVERIFIED,CALC_ONLY,CANDIDATE_ONLY,,,,GOLDEN_ELIGIBLE,Page element type 'toc_entry'.
RP-1668,ENT-LINE-ACL,report,report.layout.FM-PE-026,text,END --- 2221,,,,NOR-011,FM-PE-026,calc_pdf_p3,,HIGH,UNVERIFIED,CALC_ONLY,CANDIDATE_ONLY,,,,GOLDEN_ELIGIBLE,Page element type 'toc_note'.
