orphan_id,candidate_id_or_source_id,entity_id,description,reason,notes
ORPH-C-001,GEO-005,ENT-LINE-ACL,alignment.station candidate has empty source_record_ids (station not extracted in Phase 2-I).,Candidate with no linkable source record (per source_to_candidate_contract section 4).,adoption_status=HUMAN_CONFIRMATION_REQUIRED; phase3_action=HUMAN_VALIDATION.
ORPH-S-0001,CAL-VAL-P00117-001,,value calc_pdf_p117 section=CAL-SEC-3.1.1,Source value record not referenced by any candidate source_record_ids; treated as non-candidate-relevant (excluded as derived/aggregated into candidates).,Log only; Phase 3 decides whether any unreferenced value becomes Golden-relevant.
ORPH-S-0002,CAL-VAL-P00117-002,,value calc_pdf_p117 section=CAL-SEC-3.1.1,Source value record not referenced by any candidate source_record_ids; treated as non-candidate-relevant (excluded as derived/aggregated into candidates).,Log only; Phase 3 decides whether any unreferenced value becomes Golden-relevant.
ORPH-S-0003,CAL-VAL-P00119-002,,value calc_pdf_p119 section=CAL-SEC-3.1.2,Source value record not referenced by any candidate source_record_ids; treated as non-candidate-relevant (excluded as derived/aggregated into candidates).,Log only; Phase 3 decides whether any unreferenced value becomes Golden-relevant.
ORPH-S-0004,CAL-VAL-P00119-005,,value calc_pdf_p119 section=CAL-SEC-3.1.2,Source value record not referenced by any candidate source_record_ids; treated as non-candidate-relevant (excluded as derived/aggregated into candidates).,Log only; Phase 3 decides whether any unreferenced value becomes Golden-relevant.
ORPH-S-0005,CAL-VAL-P00121-001,,value calc_pdf_p121 section=CAL-SEC-3.1.2,Source value record not referenced by any candidate source_record_ids; treated as non-candidate-relevant (excluded as derived/aggregated into candidates).,Log only; Phase 3 decides whether any unreferenced value becomes Golden-relevant.
ORPH-S-0006,CAL-VAL-P00121-002,,value calc_pdf_p121 section=CAL-SEC-3.1.2,Source value record not referenced by any candidate source_record_ids; treated as non-candidate-relevant (excluded as derived/aggregated into candidates).,Log only; Phase 3 decides whether any unreferenced value becomes Golden-relevant.
ORPH-S-0007,CAL-VAL-P00121-003,,value calc_pdf_p121 section=CAL-SEC-3.1.2,Source value record not referenced by any candidate source_record_ids; treated as non-candidate-relevant (excluded as derived/aggregated into candidates).,Log only; Phase 3 decides whether any unreferenced value becomes Golden-relevant.
ORPH-S-0008,CAL-VAL-P00135-003,,value calc_pdf_p135 section=CAL-SEC-3.1.2,Source value record not referenced by any candidate source_record_ids; treated as non-candidate-relevant (excluded as derived/aggregated into candidates).,Log only; Phase 3 decides whether any unreferenced value becomes Golden-relevant.
ORPH-S-0009,CAL-VAL-P00135-005,,value calc_pdf_p135 section=CAL-SEC-3.1.2,Source value record not referenced by any candidate source_record_ids; treated as non-candidate-relevant (excluded as derived/aggregated into candidates).,Log only; Phase 3 decides whether any unreferenced value becomes Golden-relevant.
ORPH-S-0010,CAL-VAL-P00135-007,,value calc_pdf_p135 section=CAL-SEC-3.1.2,Source value record not referenced by any candidate source_record_ids; treated as non-candidate-relevant (excluded as derived/aggregated into candidates).,Log only; Phase 3 decides whether any unreferenced value becomes Golden-relevant.
ORPH-S-0011,CAL-VAL-P00135-008,,value calc_pdf_p135 section=CAL-SEC-3.1.2,Source value record not referenced by any candidate source_record_ids; treated as non-candidate-relevant (excluded as derived/aggregated into candidates).,Log only; Phase 3 decides whether any unreferenced value becomes Golden-relevant.
ORPH-S-0012,CAL-VAL-P00135-009,,value calc_pdf_p135 section=CAL-SEC-3.1.2,Source value record not referenced by any candidate source_record_ids; treated as non-candidate-relevant (excluded as derived/aggregated into candidates).,Log only; Phase 3 decides whether any unreferenced value becomes Golden-relevant.
ORPH-S-0013,CAL-VAL-P00135-010,,value calc_pdf_p135 section=CAL-SEC-3.1.2,Source value record not referenced by any candidate source_record_ids; treated as non-candidate-relevant (excluded as derived/aggregated into candidates).,Log only; Phase 3 decides whether any unreferenced value becomes Golden-relevant.
ORPH-S-0014,CAL-VAL-P00135-011,,value calc_pdf_p135 section=CAL-SEC-3.1.2,Source value record not referenced by any candidate source_record_ids; treated as non-candidate-relevant (excluded as derived/aggregated into candidates).,Log only; Phase 3 decides whether any unreferenced value becomes Golden-relevant.
ORPH-S-0015,CAL-VAL-P00140-003,,value calc_pdf_p140 section=CAL-SEC-3.1.2,Source value record not referenced by any candidate source_record_ids; treated as non-candidate-relevant (excluded as derived/aggregated into candidates).,Log only; Phase 3 decides whether any unreferenced value becomes Golden-relevant.
ORPH-S-0016,CAL-VAL-P00149-003,,value calc_pdf_p149 section=CAL-SEC-3.1.6,Source value record not referenced by any candidate source_record_ids; treated as non-candidate-relevant (excluded as derived/aggregated into candidates).,Log only; Phase 3 decides whether any unreferenced value becomes Golden-relevant.
ORPH-S-0017,CAL-VAL-P00685-001,,value calc_pdf_p685 section=CAL-SEC-3.3.3,Source value record not referenced by any candidate source_record_ids; treated as non-candidate-relevant (excluded as derived/aggregated into candidates).,Log only; Phase 3 decides whether any unreferenced value becomes Golden-relevant.
ORPH-S-0018,CAL-VAL-P00685-002,,value calc_pdf_p685 section=CAL-SEC-3.3.3,Source value record not referenced by any candidate source_record_ids; treated as non-candidate-relevant (excluded as derived/aggregated into candidates).,Log only; Phase 3 decides whether any unreferenced value becomes Golden-relevant.
ORPH-S-0019,CAL-VAL-P00685-003,,value calc_pdf_p685 section=CAL-SEC-3.3.3,Source value record not referenced by any candidate source_record_ids; treated as non-candidate-relevant (excluded as derived/aggregated into candidates).,Log only; Phase 3 decides whether any unreferenced value becomes Golden-relevant.
ORPH-S-0020,CAL-VAL-P00685-004,,value calc_pdf_p685 section=CAL-SEC-3.3.3,Source value record not referenced by any candidate source_record_ids; treated as non-candidate-relevant (excluded as derived/aggregated into candidates).,Log only; Phase 3 decides whether any unreferenced value becomes Golden-relevant.
ORPH-S-0021,CAL-VAL-P00685-006,,value calc_pdf_p685 section=CAL-SEC-3.3.3,Source value record not referenced by any candidate source_record_ids; treated as non-candidate-relevant (excluded as derived/aggregated into candidates).,Log only; Phase 3 decides whether any unreferenced value becomes Golden-relevant.
ORPH-S-0022,CAL-VAL-P00686-003,,value calc_pdf_p686 section=CAL-SEC-3.3.3,Source value record not referenced by any candidate source_record_ids; treated as non-candidate-relevant (excluded as derived/aggregated into candidates).,Log only; Phase 3 decides whether any unreferenced value becomes Golden-relevant.
ORPH-S-0023,CAL-VAL-P00686-004,,value calc_pdf_p686 section=CAL-SEC-3.3.3,Source value record not referenced by any candidate source_record_ids; treated as non-candidate-relevant (excluded as derived/aggregated into candidates).,Log only; Phase 3 decides whether any unreferenced value becomes Golden-relevant.
ORPH-S-0024,CAL-VAL-P00766-001,,value calc_pdf_p766 section=CAL-SEC-3.4.1,Source value record not referenced by any candidate source_record_ids; treated as non-candidate-relevant (excluded as derived/aggregated into candidates).,Log only; Phase 3 decides whether any unreferenced value becomes Golden-relevant.
ORPH-S-0025,CAL-VAL-P00767-001,,value calc_pdf_p767 section=CAL-SEC-3.4.1,Source value record not referenced by any candidate source_record_ids; treated as non-candidate-relevant (excluded as derived/aggregated into candidates).,Log only; Phase 3 decides whether any unreferenced value becomes Golden-relevant.
ORPH-S-0026,CAL-VAL-P00767-002,,value calc_pdf_p767 section=CAL-SEC-3.4.1,Source value record not referenced by any candidate source_record_ids; treated as non-candidate-relevant (excluded as derived/aggregated into candidates).,Log only; Phase 3 decides whether any unreferenced value becomes Golden-relevant.
ORPH-S-0027,CAL-VAL-P00767-004,,value calc_pdf_p767 section=CAL-SEC-3.4.1,Source value record not referenced by any candidate source_record_ids; treated as non-candidate-relevant (excluded as derived/aggregated into candidates).,Log only; Phase 3 decides whether any unreferenced value becomes Golden-relevant.
ORPH-S-0028,CAL-VAL-P00767-005,,value calc_pdf_p767 section=CAL-SEC-3.4.1,Source value record not referenced by any candidate source_record_ids; treated as non-candidate-relevant (excluded as derived/aggregated into candidates).,Log only; Phase 3 decides whether any unreferenced value becomes Golden-relevant.
ORPH-S-0029,CAL-VAL-P00770-001,,value calc_pdf_p770 section=CAL-SEC-3.4.1,Source value record not referenced by any candidate source_record_ids; treated as non-candidate-relevant (excluded as derived/aggregated into candidates).,Log only; Phase 3 decides whether any unreferenced value becomes Golden-relevant.
ORPH-S-0030,CAL-VAL-P00770-002,,value calc_pdf_p770 section=CAL-SEC-3.4.1,Source value record not referenced by any candidate source_record_ids; treated as non-candidate-relevant (excluded as derived/aggregated into candidates).,Log only; Phase 3 decides whether any unreferenced value becomes Golden-relevant.
ORPH-S-0031,CAL-VAL-P00791-001,,value calc_pdf_p791 section=CAL-SEC-3.5.2,Source value record not referenced by any candidate source_record_ids; treated as non-candidate-relevant (excluded as derived/aggregated into candidates).,Log only; Phase 3 decides whether any unreferenced value becomes Golden-relevant.
ORPH-S-0032,CAL-VAL-P00791-003,,value calc_pdf_p791 section=CAL-SEC-3.5.2,Source value record not referenced by any candidate source_record_ids; treated as non-candidate-relevant (excluded as derived/aggregated into candidates).,Log only; Phase 3 decides whether any unreferenced value becomes Golden-relevant.
ORPH-S-0033,CAL-VAL-P00791-004,,value calc_pdf_p791 section=CAL-SEC-3.5.2,Source value record not referenced by any candidate source_record_ids; treated as non-candidate-relevant (excluded as derived/aggregated into candidates).,Log only; Phase 3 decides whether any unreferenced value becomes Golden-relevant.
ORPH-S-0034,CAL-VAL-P00791-007,,value calc_pdf_p791 section=CAL-SEC-3.5.2,Source value record not referenced by any candidate source_record_ids; treated as non-candidate-relevant (excluded as derived/aggregated into candidates).,Log only; Phase 3 decides whether any unreferenced value becomes Golden-relevant.
ORPH-S-0035,CAL-VAL-P00819-002,,value calc_pdf_p819 section=CAL-SEC-3.6.2,Source value record not referenced by any candidate source_record_ids; treated as non-candidate-relevant (excluded as derived/aggregated into candidates).,Log only; Phase 3 decides whether any unreferenced value becomes Golden-relevant.
ORPH-S-0036,CAL-VAL-P00819-003,,value calc_pdf_p819 section=CAL-SEC-3.6.2,Source value record not referenced by any candidate source_record_ids; treated as non-candidate-relevant (excluded as derived/aggregated into candidates).,Log only; Phase 3 decides whether any unreferenced value becomes Golden-relevant.
ORPH-S-0037,CAL-VAL-P00819-005,,value calc_pdf_p819 section=CAL-SEC-3.6.2,Source value record not referenced by any candidate source_record_ids; treated as non-candidate-relevant (excluded as derived/aggregated into candidates).,Log only; Phase 3 decides whether any unreferenced value becomes Golden-relevant.
ORPH-S-0038,CAL-VAL-P00820-001,,value calc_pdf_p820 section=CAL-SEC-3.6.2,Source value record not referenced by any candidate source_record_ids; treated as non-candidate-relevant (excluded as derived/aggregated into candidates).,Log only; Phase 3 decides whether any unreferenced value becomes Golden-relevant.
ORPH-S-0039,CAL-VAL-P00820-002,,value calc_pdf_p820 section=CAL-SEC-3.6.2,Source value record not referenced by any candidate source_record_ids; treated as non-candidate-relevant (excluded as derived/aggregated into candidates).,Log only; Phase 3 decides whether any unreferenced value becomes Golden-relevant.
ORPH-S-0040,CAL-VAL-P00821-001,,value calc_pdf_p821 section=CAL-SEC-3.6.2,Source value record not referenced by any candidate source_record_ids; treated as non-candidate-relevant (excluded as derived/aggregated into candidates).,Log only; Phase 3 decides whether any unreferenced value becomes Golden-relevant.
ORPH-S-0041,CAL-VAL-P00821-002,,value calc_pdf_p821 section=CAL-SEC-3.6.2,Source value record not referenced by any candidate source_record_ids; treated as non-candidate-relevant (excluded as derived/aggregated into candidates).,Log only; Phase 3 decides whether any unreferenced value becomes Golden-relevant.
ORPH-S-0042,CAL-VAL-P00821-003,,value calc_pdf_p821 section=CAL-SEC-3.6.2,Source value record not referenced by any candidate source_record_ids; treated as non-candidate-relevant (excluded as derived/aggregated into candidates).,Log only; Phase 3 decides whether any unreferenced value becomes Golden-relevant.
ORPH-S-0043,CAL-VAL-P00845-001,,value calc_pdf_p845 section=CAL-SEC-3.7.1,Source value record not referenced by any candidate source_record_ids; treated as non-candidate-relevant (excluded as derived/aggregated into candidates).,Log only; Phase 3 decides whether any unreferenced value becomes Golden-relevant.
ORPH-S-0044,CAL-VAL-P00845-002,,value calc_pdf_p845 section=CAL-SEC-3.7.1,Source value record not referenced by any candidate source_record_ids; treated as non-candidate-relevant (excluded as derived/aggregated into candidates).,Log only; Phase 3 decides whether any unreferenced value becomes Golden-relevant.
ORPH-S-0045,CAL-VAL-P00845-003,,value calc_pdf_p845 section=CAL-SEC-3.7.1,Source value record not referenced by any candidate source_record_ids; treated as non-candidate-relevant (excluded as derived/aggregated into candidates).,Log only; Phase 3 decides whether any unreferenced value becomes Golden-relevant.
ORPH-S-0046,CAL-VAL-P00845-004,,value calc_pdf_p845 section=CAL-SEC-3.7.1,Source value record not referenced by any candidate source_record_ids; treated as non-candidate-relevant (excluded as derived/aggregated into candidates).,Log only; Phase 3 decides whether any unreferenced value becomes Golden-relevant.
ORPH-S-0047,CAL-VAL-P00846-001,,value calc_pdf_p846 section=CAL-SEC-3.7.1,Source value record not referenced by any candidate source_record_ids; treated as non-candidate-relevant (excluded as derived/aggregated into candidates).,Log only; Phase 3 decides whether any unreferenced value becomes Golden-relevant.
ORPH-S-0048,CAL-VAL-P00846-002,,value calc_pdf_p846 section=CAL-SEC-3.7.1,Source value record not referenced by any candidate source_record_ids; treated as non-candidate-relevant (excluded as derived/aggregated into candidates).,Log only; Phase 3 decides whether any unreferenced value becomes Golden-relevant.
ORPH-S-0049,CAL-VAL-P00846-003,,value calc_pdf_p846 section=CAL-SEC-3.7.1,Source value record not referenced by any candidate source_record_ids; treated as non-candidate-relevant (excluded as derived/aggregated into candidates).,Log only; Phase 3 decides whether any unreferenced value becomes Golden-relevant.
ORPH-S-0050,CAL-VAL-P00846-004,,value calc_pdf_p846 section=CAL-SEC-3.7.1,Source value record not referenced by any candidate source_record_ids; treated as non-candidate-relevant (excluded as derived/aggregated into candidates).,Log only; Phase 3 decides whether any unreferenced value becomes Golden-relevant.
ORPH-S-0051,CAL-VAL-P00846-005,,value calc_pdf_p846 section=CAL-SEC-3.7.1,Source value record not referenced by any candidate source_record_ids; treated as non-candidate-relevant (excluded as derived/aggregated into candidates).,Log only; Phase 3 decides whether any unreferenced value becomes Golden-relevant.
ORPH-S-0052,CAL-VAL-P00850-001,,value calc_pdf_p850 section=CAL-SEC-3.7.1,Source value record not referenced by any candidate source_record_ids; treated as non-candidate-relevant (excluded as derived/aggregated into candidates).,Log only; Phase 3 decides whether any unreferenced value becomes Golden-relevant.
ORPH-S-0053,CAL-VAL-P00850-002,,value calc_pdf_p850 section=CAL-SEC-3.7.1,Source value record not referenced by any candidate source_record_ids; treated as non-candidate-relevant (excluded as derived/aggregated into candidates).,Log only; Phase 3 decides whether any unreferenced value becomes Golden-relevant.
ORPH-S-0054,CAL-VAL-P00851-002,,value calc_pdf_p851 section=CAL-SEC-3.7.1,Source value record not referenced by any candidate source_record_ids; treated as non-candidate-relevant (excluded as derived/aggregated into candidates).,Log only; Phase 3 decides whether any unreferenced value becomes Golden-relevant.
ORPH-S-0055,CAL-VAL-P00852-002,,value calc_pdf_p852 section=CAL-SEC-3.7.1,Source value record not referenced by any candidate source_record_ids; treated as non-candidate-relevant (excluded as derived/aggregated into candidates).,Log only; Phase 3 decides whether any unreferenced value becomes Golden-relevant.
ORPH-S-0056,CAL-VAL-P00852-004,,value calc_pdf_p852 section=CAL-SEC-3.7.1,Source value record not referenced by any candidate source_record_ids; treated as non-candidate-relevant (excluded as derived/aggregated into candidates).,Log only; Phase 3 decides whether any unreferenced value becomes Golden-relevant.
ORPH-S-0057,CAL-VAL-P00852-005,,value calc_pdf_p852 section=CAL-SEC-3.7.1,Source value record not referenced by any candidate source_record_ids; treated as non-candidate-relevant (excluded as derived/aggregated into candidates).,Log only; Phase 3 decides whether any unreferenced value becomes Golden-relevant.
ORPH-S-0058,CAL-VAL-P00853-001,,value calc_pdf_p853 section=CAL-SEC-3.7.1,Source value record not referenced by any candidate source_record_ids; treated as non-candidate-relevant (excluded as derived/aggregated into candidates).,Log only; Phase 3 decides whether any unreferenced value becomes Golden-relevant.
ORPH-S-0059,CAL-VAL-P00853-002,,value calc_pdf_p853 section=CAL-SEC-3.7.1,Source value record not referenced by any candidate source_record_ids; treated as non-candidate-relevant (excluded as derived/aggregated into candidates).,Log only; Phase 3 decides whether any unreferenced value becomes Golden-relevant.
ORPH-S-0060,CAL-VAL-P00854-002,,value calc_pdf_p854 section=CAL-SEC-3.7.1,Source value record not referenced by any candidate source_record_ids; treated as non-candidate-relevant (excluded as derived/aggregated into candidates).,Log only; Phase 3 decides whether any unreferenced value becomes Golden-relevant.
ORPH-S-0061,CAL-VAL-P00873-001,,value calc_pdf_p873 section=CAL-SEC-4.1.1,Source value record not referenced by any candidate source_record_ids; treated as non-candidate-relevant (excluded as derived/aggregated into candidates).,Log only; Phase 3 decides whether any unreferenced value becomes Golden-relevant.
ORPH-S-0062,CAL-VAL-P00873-002,,value calc_pdf_p873 section=CAL-SEC-4.1.1,Source value record not referenced by any candidate source_record_ids; treated as non-candidate-relevant (excluded as derived/aggregated into candidates).,Log only; Phase 3 decides whether any unreferenced value becomes Golden-relevant.
ORPH-S-0063,CAL-VAL-P00873-003,,value calc_pdf_p873 section=CAL-SEC-4.1.1,Source value record not referenced by any candidate source_record_ids; treated as non-candidate-relevant (excluded as derived/aggregated into candidates).,Log only; Phase 3 decides whether any unreferenced value becomes Golden-relevant.
ORPH-S-0064,CAL-VAL-P00873-004,,value calc_pdf_p873 section=CAL-SEC-4.1.1,Source value record not referenced by any candidate source_record_ids; treated as non-candidate-relevant (excluded as derived/aggregated into candidates).,Log only; Phase 3 decides whether any unreferenced value becomes Golden-relevant.
ORPH-S-0065,CAL-VAL-P00873-005,,value calc_pdf_p873 section=CAL-SEC-4.1.1,Source value record not referenced by any candidate source_record_ids; treated as non-candidate-relevant (excluded as derived/aggregated into candidates).,Log only; Phase 3 decides whether any unreferenced value becomes Golden-relevant.
ORPH-S-0066,CAL-VAL-P00873-006,,value calc_pdf_p873 section=CAL-SEC-4.1.1,Source value record not referenced by any candidate source_record_ids; treated as non-candidate-relevant (excluded as derived/aggregated into candidates).,Log only; Phase 3 decides whether any unreferenced value becomes Golden-relevant.
ORPH-S-0067,CAL-VAL-P00876-001,,value calc_pdf_p876 section=CAL-SEC-4.1.2,Source value record not referenced by any candidate source_record_ids; treated as non-candidate-relevant (excluded as derived/aggregated into candidates).,Log only; Phase 3 decides whether any unreferenced value becomes Golden-relevant.
ORPH-S-0068,CAL-VAL-P00876-002,,value calc_pdf_p876 section=CAL-SEC-4.1.2,Source value record not referenced by any candidate source_record_ids; treated as non-candidate-relevant (excluded as derived/aggregated into candidates).,Log only; Phase 3 decides whether any unreferenced value becomes Golden-relevant.
ORPH-S-0069,CAL-VAL-P00876-003,,value calc_pdf_p876 section=CAL-SEC-4.1.2,Source value record not referenced by any candidate source_record_ids; treated as non-candidate-relevant (excluded as derived/aggregated into candidates).,Log only; Phase 3 decides whether any unreferenced value becomes Golden-relevant.
ORPH-S-0070,CAL-VAL-P00876-004,,value calc_pdf_p876 section=CAL-SEC-4.1.2,Source value record not referenced by any candidate source_record_ids; treated as non-candidate-relevant (excluded as derived/aggregated into candidates).,Log only; Phase 3 decides whether any unreferenced value becomes Golden-relevant.
ORPH-S-0071,CAL-VAL-P00876-005,,value calc_pdf_p876 section=CAL-SEC-4.1.2,Source value record not referenced by any candidate source_record_ids; treated as non-candidate-relevant (excluded as derived/aggregated into candidates).,Log only; Phase 3 decides whether any unreferenced value becomes Golden-relevant.
ORPH-S-0072,CAL-VAL-P00876-006,,value calc_pdf_p876 section=CAL-SEC-4.1.2,Source value record not referenced by any candidate source_record_ids; treated as non-candidate-relevant (excluded as derived/aggregated into candidates).,Log only; Phase 3 decides whether any unreferenced value becomes Golden-relevant.
ORPH-S-0073,CAL-VAL-P00882-001,,value calc_pdf_p882 section=CAL-SEC-4.1.2,Source value record not referenced by any candidate source_record_ids; treated as non-candidate-relevant (excluded as derived/aggregated into candidates).,Log only; Phase 3 decides whether any unreferenced value becomes Golden-relevant.
ORPH-S-0074,CAL-VAL-P00882-002,,value calc_pdf_p882 section=CAL-SEC-4.1.2,Source value record not referenced by any candidate source_record_ids; treated as non-candidate-relevant (excluded as derived/aggregated into candidates).,Log only; Phase 3 decides whether any unreferenced value becomes Golden-relevant.
ORPH-S-0075,CAL-VAL-P00882-003,,value calc_pdf_p882 section=CAL-SEC-4.1.2,Source value record not referenced by any candidate source_record_ids; treated as non-candidate-relevant (excluded as derived/aggregated into candidates).,Log only; Phase 3 decides whether any unreferenced value becomes Golden-relevant.
ORPH-S-0076,CAL-VAL-P00882-004,,value calc_pdf_p882 section=CAL-SEC-4.1.2,Source value record not referenced by any candidate source_record_ids; treated as non-candidate-relevant (excluded as derived/aggregated into candidates).,Log only; Phase 3 decides whether any unreferenced value becomes Golden-relevant.
ORPH-S-0077,CAL-VAL-P00882-005,,value calc_pdf_p882 section=CAL-SEC-4.1.2,Source value record not referenced by any candidate source_record_ids; treated as non-candidate-relevant (excluded as derived/aggregated into candidates).,Log only; Phase 3 decides whether any unreferenced value becomes Golden-relevant.
ORPH-S-0078,CAL-VAL-P00882-006,,value calc_pdf_p882 section=CAL-SEC-4.1.2,Source value record not referenced by any candidate source_record_ids; treated as non-candidate-relevant (excluded as derived/aggregated into candidates).,Log only; Phase 3 decides whether any unreferenced value becomes Golden-relevant.
ORPH-S-0079,CAL-VAL-P00882-007,,value calc_pdf_p882 section=CAL-SEC-4.1.2,Source value record not referenced by any candidate source_record_ids; treated as non-candidate-relevant (excluded as derived/aggregated into candidates).,Log only; Phase 3 decides whether any unreferenced value becomes Golden-relevant.
ORPH-S-0080,CAL-VAL-P00882-008,,value calc_pdf_p882 section=CAL-SEC-4.1.2,Source value record not referenced by any candidate source_record_ids; treated as non-candidate-relevant (excluded as derived/aggregated into candidates).,Log only; Phase 3 decides whether any unreferenced value becomes Golden-relevant.
ORPH-S-0081,CAL-VAL-P00893-002,,value calc_pdf_p893 section=CAL-SEC-4.1.2,Source value record not referenced by any candidate source_record_ids; treated as non-candidate-relevant (excluded as derived/aggregated into candidates).,Log only; Phase 3 decides whether any unreferenced value becomes Golden-relevant.
ORPH-S-0082,CAL-VAL-P00893-003,,value calc_pdf_p893 section=CAL-SEC-4.1.2,Source value record not referenced by any candidate source_record_ids; treated as non-candidate-relevant (excluded as derived/aggregated into candidates).,Log only; Phase 3 decides whether any unreferenced value becomes Golden-relevant.
ORPH-S-0083,CAL-VAL-P00893-004,,value calc_pdf_p893 section=CAL-SEC-4.1.2,Source value record not referenced by any candidate source_record_ids; treated as non-candidate-relevant (excluded as derived/aggregated into candidates).,Log only; Phase 3 decides whether any unreferenced value becomes Golden-relevant.
ORPH-S-0084,CAL-VAL-P00893-005,,value calc_pdf_p893 section=CAL-SEC-4.1.2,Source value record not referenced by any candidate source_record_ids; treated as non-candidate-relevant (excluded as derived/aggregated into candidates).,Log only; Phase 3 decides whether any unreferenced value becomes Golden-relevant.
ORPH-S-0085,CAL-VAL-P00893-006,,value calc_pdf_p893 section=CAL-SEC-4.1.2,Source value record not referenced by any candidate source_record_ids; treated as non-candidate-relevant (excluded as derived/aggregated into candidates).,Log only; Phase 3 decides whether any unreferenced value becomes Golden-relevant.
ORPH-S-0086,CAL-VAL-P00893-007,,value calc_pdf_p893 section=CAL-SEC-4.1.2,Source value record not referenced by any candidate source_record_ids; treated as non-candidate-relevant (excluded as derived/aggregated into candidates).,Log only; Phase 3 decides whether any unreferenced value becomes Golden-relevant.
ORPH-S-0087,CAL-VAL-P00893-008,,value calc_pdf_p893 section=CAL-SEC-4.1.2,Source value record not referenced by any candidate source_record_ids; treated as non-candidate-relevant (excluded as derived/aggregated into candidates).,Log only; Phase 3 decides whether any unreferenced value becomes Golden-relevant.
ORPH-S-0088,CAL-VAL-P00893-009,,value calc_pdf_p893 section=CAL-SEC-4.1.2,Source value record not referenced by any candidate source_record_ids; treated as non-candidate-relevant (excluded as derived/aggregated into candidates).,Log only; Phase 3 decides whether any unreferenced value becomes Golden-relevant.
ORPH-S-0089,CAL-VAL-P00893-010,,value calc_pdf_p893 section=CAL-SEC-4.1.2,Source value record not referenced by any candidate source_record_ids; treated as non-candidate-relevant (excluded as derived/aggregated into candidates).,Log only; Phase 3 decides whether any unreferenced value becomes Golden-relevant.
ORPH-S-0090,CAL-VAL-P01284-001,,value calc_pdf_p1284 section=CAL-SEC-4.2.1,Source value record not referenced by any candidate source_record_ids; treated as non-candidate-relevant (excluded as derived/aggregated into candidates).,Log only; Phase 3 decides whether any unreferenced value becomes Golden-relevant.
ORPH-S-0091,CAL-VAL-P01286-001,,value calc_pdf_p1286 section=CAL-SEC-4.2.1,Source value record not referenced by any candidate source_record_ids; treated as non-candidate-relevant (excluded as derived/aggregated into candidates).,Log only; Phase 3 decides whether any unreferenced value becomes Golden-relevant.
ORPH-S-0092,CAL-VAL-P01286-002,,value calc_pdf_p1286 section=CAL-SEC-4.2.1,Source value record not referenced by any candidate source_record_ids; treated as non-candidate-relevant (excluded as derived/aggregated into candidates).,Log only; Phase 3 decides whether any unreferenced value becomes Golden-relevant.
ORPH-S-0093,CAL-VAL-P01286-003,,value calc_pdf_p1286 section=CAL-SEC-4.2.1,Source value record not referenced by any candidate source_record_ids; treated as non-candidate-relevant (excluded as derived/aggregated into candidates).,Log only; Phase 3 decides whether any unreferenced value becomes Golden-relevant.
ORPH-S-0094,CAL-VAL-P01286-004,,value calc_pdf_p1286 section=CAL-SEC-4.2.1,Source value record not referenced by any candidate source_record_ids; treated as non-candidate-relevant (excluded as derived/aggregated into candidates).,Log only; Phase 3 decides whether any unreferenced value becomes Golden-relevant.
ORPH-S-0095,CAL-VAL-P01319-001,,value calc_pdf_p1319 section=CAL-SEC-4.2.4,Source value record not referenced by any candidate source_record_ids; treated as non-candidate-relevant (excluded as derived/aggregated into candidates).,Log only; Phase 3 decides whether any unreferenced value becomes Golden-relevant.
ORPH-S-0096,CAL-VAL-P01319-002,,value calc_pdf_p1319 section=CAL-SEC-4.2.4,Source value record not referenced by any candidate source_record_ids; treated as non-candidate-relevant (excluded as derived/aggregated into candidates).,Log only; Phase 3 decides whether any unreferenced value becomes Golden-relevant.
ORPH-S-0097,CAL-VAL-P01319-003,,value calc_pdf_p1319 section=CAL-SEC-4.2.4,Source value record not referenced by any candidate source_record_ids; treated as non-candidate-relevant (excluded as derived/aggregated into candidates).,Log only; Phase 3 decides whether any unreferenced value becomes Golden-relevant.
ORPH-S-0098,CAL-VAL-P01319-005,,value calc_pdf_p1319 section=CAL-SEC-4.2.4,Source value record not referenced by any candidate source_record_ids; treated as non-candidate-relevant (excluded as derived/aggregated into candidates).,Log only; Phase 3 decides whether any unreferenced value becomes Golden-relevant.
ORPH-S-0099,CAL-VAL-P01319-008,,value calc_pdf_p1319 section=CAL-SEC-4.2.4,Source value record not referenced by any candidate source_record_ids; treated as non-candidate-relevant (excluded as derived/aggregated into candidates).,Log only; Phase 3 decides whether any unreferenced value becomes Golden-relevant.
ORPH-S-0100,CAL-VAL-P01319-009,,value calc_pdf_p1319 section=CAL-SEC-4.2.4,Source value record not referenced by any candidate source_record_ids; treated as non-candidate-relevant (excluded as derived/aggregated into candidates).,Log only; Phase 3 decides whether any unreferenced value becomes Golden-relevant.
ORPH-S-0101,CAL-VAL-P01319-010,,value calc_pdf_p1319 section=CAL-SEC-4.2.4,Source value record not referenced by any candidate source_record_ids; treated as non-candidate-relevant (excluded as derived/aggregated into candidates).,Log only; Phase 3 decides whether any unreferenced value becomes Golden-relevant.
ORPH-S-0102,CAL-VAL-P01319-012,,value calc_pdf_p1319 section=CAL-SEC-4.2.4,Source value record not referenced by any candidate source_record_ids; treated as non-candidate-relevant (excluded as derived/aggregated into candidates).,Log only; Phase 3 decides whether any unreferenced value becomes Golden-relevant.
ORPH-S-0103,CAL-VAL-P01319-013,,value calc_pdf_p1319 section=CAL-SEC-4.2.4,Source value record not referenced by any candidate source_record_ids; treated as non-candidate-relevant (excluded as derived/aggregated into candidates).,Log only; Phase 3 decides whether any unreferenced value becomes Golden-relevant.
ORPH-S-0104,CAL-VAL-P01319-014,,value calc_pdf_p1319 section=CAL-SEC-4.2.4,Source value record not referenced by any candidate source_record_ids; treated as non-candidate-relevant (excluded as derived/aggregated into candidates).,Log only; Phase 3 decides whether any unreferenced value becomes Golden-relevant.
ORPH-S-0105,CAL-VAL-P01319-015,,value calc_pdf_p1319 section=CAL-SEC-4.2.4,Source value record not referenced by any candidate source_record_ids; treated as non-candidate-relevant (excluded as derived/aggregated into candidates).,Log only; Phase 3 decides whether any unreferenced value becomes Golden-relevant.
ORPH-S-0106,CAL-VAL-P01319-018,,value calc_pdf_p1319 section=CAL-SEC-4.2.4,Source value record not referenced by any candidate source_record_ids; treated as non-candidate-relevant (excluded as derived/aggregated into candidates).,Log only; Phase 3 decides whether any unreferenced value becomes Golden-relevant.
ORPH-S-0107,CAL-VAL-P01319-030,,value calc_pdf_p1319 section=CAL-SEC-4.2.4,Source value record not referenced by any candidate source_record_ids; treated as non-candidate-relevant (excluded as derived/aggregated into candidates).,Log only; Phase 3 decides whether any unreferenced value becomes Golden-relevant.
ORPH-S-0108,CAL-VAL-P01319-031,,value calc_pdf_p1319 section=CAL-SEC-4.2.4,Source value record not referenced by any candidate source_record_ids; treated as non-candidate-relevant (excluded as derived/aggregated into candidates).,Log only; Phase 3 decides whether any unreferenced value becomes Golden-relevant.
ORPH-S-0109,CAL-VAL-P01319-032,,value calc_pdf_p1319 section=CAL-SEC-4.2.4,Source value record not referenced by any candidate source_record_ids; treated as non-candidate-relevant (excluded as derived/aggregated into candidates).,Log only; Phase 3 decides whether any unreferenced value becomes Golden-relevant.
ORPH-S-0110,CAL-VAL-P01319-033,,value calc_pdf_p1319 section=CAL-SEC-4.2.4,Source value record not referenced by any candidate source_record_ids; treated as non-candidate-relevant (excluded as derived/aggregated into candidates).,Log only; Phase 3 decides whether any unreferenced value becomes Golden-relevant.
ORPH-S-0111,CH1-VAL-012,,value calc_pdf_p7 section=CAL-SEC-1.1,Source value record not referenced by any candidate source_record_ids; treated as non-candidate-relevant (excluded as derived/aggregated into candidates).,Log only; Phase 3 decides whether any unreferenced value becomes Golden-relevant.
ORPH-S-0112,CH1-VAL-013,,value calc_pdf_p7 section=CAL-SEC-1.1,Source value record not referenced by any candidate source_record_ids; treated as non-candidate-relevant (excluded as derived/aggregated into candidates).,Log only; Phase 3 decides whether any unreferenced value becomes Golden-relevant.
ORPH-S-0113,CH1-VAL-014,,value calc_pdf_p7 section=CAL-SEC-1.1,Source value record not referenced by any candidate source_record_ids; treated as non-candidate-relevant (excluded as derived/aggregated into candidates).,Log only; Phase 3 decides whether any unreferenced value becomes Golden-relevant.
ORPH-S-0114,CH1-VAL-015,,value calc_pdf_p7 section=CAL-SEC-1.1,Source value record not referenced by any candidate source_record_ids; treated as non-candidate-relevant (excluded as derived/aggregated into candidates).,Log only; Phase 3 decides whether any unreferenced value becomes Golden-relevant.
ORPH-S-0115,CH1-VAL-023,,value calc_pdf_p7 section=CAL-SEC-1.1,Source value record not referenced by any candidate source_record_ids; treated as non-candidate-relevant (excluded as derived/aggregated into candidates).,Log only; Phase 3 decides whether any unreferenced value becomes Golden-relevant.
ORPH-S-0116,CH1-VAL-024,,value calc_pdf_p7 section=CAL-SEC-1.1,Source value record not referenced by any candidate source_record_ids; treated as non-candidate-relevant (excluded as derived/aggregated into candidates).,Log only; Phase 3 decides whether any unreferenced value becomes Golden-relevant.
ORPH-S-0117,CH1-VAL-025,,value calc_pdf_p7 section=CAL-SEC-1.1,Source value record not referenced by any candidate source_record_ids; treated as non-candidate-relevant (excluded as derived/aggregated into candidates).,Log only; Phase 3 decides whether any unreferenced value becomes Golden-relevant.
ORPH-S-0118,CH1-VAL-034,,value calc_pdf_p7 section=CAL-SEC-1.1,Source value record not referenced by any candidate source_record_ids; treated as non-candidate-relevant (excluded as derived/aggregated into candidates).,Log only; Phase 3 decides whether any unreferenced value becomes Golden-relevant.
ORPH-S-0119,CH1-VAL-035,,value calc_pdf_p7 section=CAL-SEC-1.1,Source value record not referenced by any candidate source_record_ids; treated as non-candidate-relevant (excluded as derived/aggregated into candidates).,Log only; Phase 3 decides whether any unreferenced value becomes Golden-relevant.
ORPH-S-0120,CH1-VAL-036,,value calc_pdf_p7 section=CAL-SEC-1.1,Source value record not referenced by any candidate source_record_ids; treated as non-candidate-relevant (excluded as derived/aggregated into candidates).,Log only; Phase 3 decides whether any unreferenced value becomes Golden-relevant.
ORPH-S-0121,CH2-VAL-002,,value calc_pdf_p18 section=CAL-SEC-2.1,Source value record not referenced by any candidate source_record_ids; treated as non-candidate-relevant (excluded as derived/aggregated into candidates).,Log only; Phase 3 decides whether any unreferenced value becomes Golden-relevant.
ORPH-S-0122,CH2-VAL-003,,value calc_pdf_p18 section=CAL-SEC-2.1,Source value record not referenced by any candidate source_record_ids; treated as non-candidate-relevant (excluded as derived/aggregated into candidates).,Log only; Phase 3 decides whether any unreferenced value becomes Golden-relevant.
ORPH-S-0123,CH2-VAL-004,,value calc_pdf_p18 section=CAL-SEC-2.1,Source value record not referenced by any candidate source_record_ids; treated as non-candidate-relevant (excluded as derived/aggregated into candidates).,Log only; Phase 3 decides whether any unreferenced value becomes Golden-relevant.
ORPH-S-0124,CH2-VAL-010,,value calc_pdf_p18 section=CAL-SEC-2.1,Source value record not referenced by any candidate source_record_ids; treated as non-candidate-relevant (excluded as derived/aggregated into candidates).,Log only; Phase 3 decides whether any unreferenced value becomes Golden-relevant.
ORPH-S-0125,CH2-VAL-012,,value calc_pdf_p18 section=CAL-SEC-2.1,Source value record not referenced by any candidate source_record_ids; treated as non-candidate-relevant (excluded as derived/aggregated into candidates).,Log only; Phase 3 decides whether any unreferenced value becomes Golden-relevant.
ORPH-S-0126,CH2-VAL-013,,value calc_pdf_p18 section=CAL-SEC-2.1,Source value record not referenced by any candidate source_record_ids; treated as non-candidate-relevant (excluded as derived/aggregated into candidates).,Log only; Phase 3 decides whether any unreferenced value becomes Golden-relevant.
ORPH-S-0127,CH2-VAL-014,,value calc_pdf_p18 section=CAL-SEC-2.1,Source value record not referenced by any candidate source_record_ids; treated as non-candidate-relevant (excluded as derived/aggregated into candidates).,Log only; Phase 3 decides whether any unreferenced value becomes Golden-relevant.
ORPH-S-0128,CH2-VAL-015,,value calc_pdf_p18 section=CAL-SEC-2.1,Source value record not referenced by any candidate source_record_ids; treated as non-candidate-relevant (excluded as derived/aggregated into candidates).,Log only; Phase 3 decides whether any unreferenced value becomes Golden-relevant.
ORPH-S-0129,CH2-VAL-016,,value calc_pdf_p18 section=CAL-SEC-2.1,Source value record not referenced by any candidate source_record_ids; treated as non-candidate-relevant (excluded as derived/aggregated into candidates).,Log only; Phase 3 decides whether any unreferenced value becomes Golden-relevant.
ORPH-S-0130,CH2-VAL-017,,value calc_pdf_p18 section=CAL-SEC-2.1,Source value record not referenced by any candidate source_record_ids; treated as non-candidate-relevant (excluded as derived/aggregated into candidates).,Log only; Phase 3 decides whether any unreferenced value becomes Golden-relevant.
ORPH-S-0131,CH2-VAL-018,,value calc_pdf_p18 section=CAL-SEC-2.1,Source value record not referenced by any candidate source_record_ids; treated as non-candidate-relevant (excluded as derived/aggregated into candidates).,Log only; Phase 3 decides whether any unreferenced value becomes Golden-relevant.
ORPH-S-0132,CH2-VAL-019,,value calc_pdf_p18 section=CAL-SEC-2.1,Source value record not referenced by any candidate source_record_ids; treated as non-candidate-relevant (excluded as derived/aggregated into candidates).,Log only; Phase 3 decides whether any unreferenced value becomes Golden-relevant.
ORPH-S-0133,CH2-VAL-021,,value calc_pdf_p18 section=CAL-SEC-2.1,Source value record not referenced by any candidate source_record_ids; treated as non-candidate-relevant (excluded as derived/aggregated into candidates).,Log only; Phase 3 decides whether any unreferenced value becomes Golden-relevant.
ORPH-S-0134,CH2-VAL-023,,value calc_pdf_p19 section=CAL-SEC-2.1,Source value record not referenced by any candidate source_record_ids; treated as non-candidate-relevant (excluded as derived/aggregated into candidates).,Log only; Phase 3 decides whether any unreferenced value becomes Golden-relevant.
ORPH-S-0135,CH2-VAL-024,,value calc_pdf_p19 section=CAL-SEC-2.1,Source value record not referenced by any candidate source_record_ids; treated as non-candidate-relevant (excluded as derived/aggregated into candidates).,Log only; Phase 3 decides whether any unreferenced value becomes Golden-relevant.
ORPH-S-0136,CH2-VAL-025,,value calc_pdf_p19 section=CAL-SEC-2.1,Source value record not referenced by any candidate source_record_ids; treated as non-candidate-relevant (excluded as derived/aggregated into candidates).,Log only; Phase 3 decides whether any unreferenced value becomes Golden-relevant.
ORPH-S-0137,CH2-VAL-026,,value calc_pdf_p19 section=CAL-SEC-2.1,Source value record not referenced by any candidate source_record_ids; treated as non-candidate-relevant (excluded as derived/aggregated into candidates).,Log only; Phase 3 decides whether any unreferenced value becomes Golden-relevant.
ORPH-S-0138,CH2-VAL-027,,value calc_pdf_p19 section=CAL-SEC-2.1,Source value record not referenced by any candidate source_record_ids; treated as non-candidate-relevant (excluded as derived/aggregated into candidates).,Log only; Phase 3 decides whether any unreferenced value becomes Golden-relevant.
ORPH-S-0139,CH2-VAL-029,,value calc_pdf_p19 section=CAL-SEC-2.1,Source value record not referenced by any candidate source_record_ids; treated as non-candidate-relevant (excluded as derived/aggregated into candidates).,Log only; Phase 3 decides whether any unreferenced value becomes Golden-relevant.
ORPH-S-0140,CH2-VAL-031,,value calc_pdf_p19 section=CAL-SEC-2.1,Source value record not referenced by any candidate source_record_ids; treated as non-candidate-relevant (excluded as derived/aggregated into candidates).,Log only; Phase 3 decides whether any unreferenced value becomes Golden-relevant.
ORPH-S-0141,CH2-VAL-032,,value calc_pdf_p19 section=CAL-SEC-2.1,Source value record not referenced by any candidate source_record_ids; treated as non-candidate-relevant (excluded as derived/aggregated into candidates).,Log only; Phase 3 decides whether any unreferenced value becomes Golden-relevant.
ORPH-S-0142,CH2-VAL-033,,value calc_pdf_p19 section=CAL-SEC-2.1,Source value record not referenced by any candidate source_record_ids; treated as non-candidate-relevant (excluded as derived/aggregated into candidates).,Log only; Phase 3 decides whether any unreferenced value becomes Golden-relevant.
ORPH-S-0143,CH2-VAL-035,,value calc_pdf_p20 section=CAL-SEC-2.1,Source value record not referenced by any candidate source_record_ids; treated as non-candidate-relevant (excluded as derived/aggregated into candidates).,Log only; Phase 3 decides whether any unreferenced value becomes Golden-relevant.
ORPH-S-0144,CH2-VAL-036,,value calc_pdf_p20 section=CAL-SEC-2.1,Source value record not referenced by any candidate source_record_ids; treated as non-candidate-relevant (excluded as derived/aggregated into candidates).,Log only; Phase 3 decides whether any unreferenced value becomes Golden-relevant.
ORPH-S-0145,CH5-VAL-006,,value calc_pdf_p2028 section=CAL-SEC-5.1.1,Source value record not referenced by any candidate source_record_ids; treated as non-candidate-relevant (excluded as derived/aggregated into candidates).,Log only; Phase 3 decides whether any unreferenced value becomes Golden-relevant.
ORPH-S-0146,CH5-VAL-007,,value calc_pdf_p2028 section=CAL-SEC-5.1.1,Source value record not referenced by any candidate source_record_ids; treated as non-candidate-relevant (excluded as derived/aggregated into candidates).,Log only; Phase 3 decides whether any unreferenced value becomes Golden-relevant.
ORPH-S-0147,CH5-VAL-008,,value calc_pdf_p2028 section=CAL-SEC-5.1.1,Source value record not referenced by any candidate source_record_ids; treated as non-candidate-relevant (excluded as derived/aggregated into candidates).,Log only; Phase 3 decides whether any unreferenced value becomes Golden-relevant.
ORPH-S-0148,CH5-VAL-009,,value calc_pdf_p2028 section=CAL-SEC-5.1.1,Source value record not referenced by any candidate source_record_ids; treated as non-candidate-relevant (excluded as derived/aggregated into candidates).,Log only; Phase 3 decides whether any unreferenced value becomes Golden-relevant.
ORPH-S-0149,CH5-VAL-010,,value calc_pdf_p2028 section=CAL-SEC-5.1.1,Source value record not referenced by any candidate source_record_ids; treated as non-candidate-relevant (excluded as derived/aggregated into candidates).,Log only; Phase 3 decides whether any unreferenced value becomes Golden-relevant.
ORPH-S-0150,CH5-VAL-011,,value calc_pdf_p2028 section=CAL-SEC-5.1.1,Source value record not referenced by any candidate source_record_ids; treated as non-candidate-relevant (excluded as derived/aggregated into candidates).,Log only; Phase 3 decides whether any unreferenced value becomes Golden-relevant.
ORPH-S-0151,CH5-VAL-012,,value calc_pdf_p2028 section=CAL-SEC-5.1.1,Source value record not referenced by any candidate source_record_ids; treated as non-candidate-relevant (excluded as derived/aggregated into candidates).,Log only; Phase 3 decides whether any unreferenced value becomes Golden-relevant.
ORPH-S-0152,CH5-VAL-013,,value calc_pdf_p2028 section=CAL-SEC-5.1.1,Source value record not referenced by any candidate source_record_ids; treated as non-candidate-relevant (excluded as derived/aggregated into candidates).,Log only; Phase 3 decides whether any unreferenced value becomes Golden-relevant.
ORPH-S-0153,CH5-VAL-014,,value calc_pdf_p2028 section=CAL-SEC-5.1.1,Source value record not referenced by any candidate source_record_ids; treated as non-candidate-relevant (excluded as derived/aggregated into candidates).,Log only; Phase 3 decides whether any unreferenced value becomes Golden-relevant.
ORPH-S-0154,CH5-VAL-015,,value calc_pdf_p2028 section=CAL-SEC-5.1.1,Source value record not referenced by any candidate source_record_ids; treated as non-candidate-relevant (excluded as derived/aggregated into candidates).,Log only; Phase 3 decides whether any unreferenced value becomes Golden-relevant.
ORPH-S-0155,CH5-VAL-021,,value calc_pdf_p2031 section=CAL-SEC-5.1.1,Source value record not referenced by any candidate source_record_ids; treated as non-candidate-relevant (excluded as derived/aggregated into candidates).,Log only; Phase 3 decides whether any unreferenced value becomes Golden-relevant.
ORPH-S-0156,CH5-VAL-022,,value calc_pdf_p2031 section=CAL-SEC-5.1.1,Source value record not referenced by any candidate source_record_ids; treated as non-candidate-relevant (excluded as derived/aggregated into candidates).,Log only; Phase 3 decides whether any unreferenced value becomes Golden-relevant.
ORPH-S-0157,CH5-VAL-023,,value calc_pdf_p2031 section=CAL-SEC-5.1.1,Source value record not referenced by any candidate source_record_ids; treated as non-candidate-relevant (excluded as derived/aggregated into candidates).,Log only; Phase 3 decides whether any unreferenced value becomes Golden-relevant.
ORPH-S-0158,CH5-VAL-027,,value calc_pdf_p2031 section=CAL-SEC-5.1.1,Source value record not referenced by any candidate source_record_ids; treated as non-candidate-relevant (excluded as derived/aggregated into candidates).,Log only; Phase 3 decides whether any unreferenced value becomes Golden-relevant.
ORPH-S-0159,CH5-VAL-028,,value calc_pdf_p2031 section=CAL-SEC-5.1.1,Source value record not referenced by any candidate source_record_ids; treated as non-candidate-relevant (excluded as derived/aggregated into candidates).,Log only; Phase 3 decides whether any unreferenced value becomes Golden-relevant.
ORPH-S-0160,CH5-VAL-029,,value calc_pdf_p2031 section=CAL-SEC-5.1.1,Source value record not referenced by any candidate source_record_ids; treated as non-candidate-relevant (excluded as derived/aggregated into candidates).,Log only; Phase 3 decides whether any unreferenced value becomes Golden-relevant.
ORPH-S-0161,CH5-VAL-030,,value calc_pdf_p2031 section=CAL-SEC-5.1.1,Source value record not referenced by any candidate source_record_ids; treated as non-candidate-relevant (excluded as derived/aggregated into candidates).,Log only; Phase 3 decides whether any unreferenced value becomes Golden-relevant.
ORPH-S-0162,CH5-VAL-036,,value calc_pdf_p2038 section=CAL-SEC-5.1.1,Source value record not referenced by any candidate source_record_ids; treated as non-candidate-relevant (excluded as derived/aggregated into candidates).,Log only; Phase 3 decides whether any unreferenced value becomes Golden-relevant.
ORPH-S-0163,CH5-VAL-037,,value calc_pdf_p2038 section=CAL-SEC-5.1.1,Source value record not referenced by any candidate source_record_ids; treated as non-candidate-relevant (excluded as derived/aggregated into candidates).,Log only; Phase 3 decides whether any unreferenced value becomes Golden-relevant.
ORPH-S-0164,CH5-VAL-038,,value calc_pdf_p2038 section=CAL-SEC-5.1.1,Source value record not referenced by any candidate source_record_ids; treated as non-candidate-relevant (excluded as derived/aggregated into candidates).,Log only; Phase 3 decides whether any unreferenced value becomes Golden-relevant.
ORPH-S-0165,CH5-VAL-039,,value calc_pdf_p2038 section=CAL-SEC-5.1.1,Source value record not referenced by any candidate source_record_ids; treated as non-candidate-relevant (excluded as derived/aggregated into candidates).,Log only; Phase 3 decides whether any unreferenced value becomes Golden-relevant.
ORPH-S-0166,CH5-VAL-040,,value calc_pdf_p2039 section=CAL-SEC-5.1.1,Source value record not referenced by any candidate source_record_ids; treated as non-candidate-relevant (excluded as derived/aggregated into candidates).,Log only; Phase 3 decides whether any unreferenced value becomes Golden-relevant.
ORPH-S-0167,CH5-VAL-041,,value calc_pdf_p2039 section=CAL-SEC-5.1.1,Source value record not referenced by any candidate source_record_ids; treated as non-candidate-relevant (excluded as derived/aggregated into candidates).,Log only; Phase 3 decides whether any unreferenced value becomes Golden-relevant.
ORPH-S-0168,CH5-VAL-044,,value calc_pdf_p2083 section=CAL-SEC-5.1.2,Source value record not referenced by any candidate source_record_ids; treated as non-candidate-relevant (excluded as derived/aggregated into candidates).,Log only; Phase 3 decides whether any unreferenced value becomes Golden-relevant.
ORPH-S-0169,CH5-VAL-045,,value calc_pdf_p2083 section=CAL-SEC-5.1.2,Source value record not referenced by any candidate source_record_ids; treated as non-candidate-relevant (excluded as derived/aggregated into candidates).,Log only; Phase 3 decides whether any unreferenced value becomes Golden-relevant.
ORPH-S-0170,CH5-VAL-046,,value calc_pdf_p2083 section=CAL-SEC-5.1.2,Source value record not referenced by any candidate source_record_ids; treated as non-candidate-relevant (excluded as derived/aggregated into candidates).,Log only; Phase 3 decides whether any unreferenced value becomes Golden-relevant.
ORPH-S-0171,CH5-VAL-047,,value calc_pdf_p2191 section=CAL-SEC-5.2.2,Source value record not referenced by any candidate source_record_ids; treated as non-candidate-relevant (excluded as derived/aggregated into candidates).,Log only; Phase 3 decides whether any unreferenced value becomes Golden-relevant.
ORPH-S-0172,CH5-VAL-049,,value calc_pdf_p2192 section=CAL-SEC-5.2.3,Source value record not referenced by any candidate source_record_ids; treated as non-candidate-relevant (excluded as derived/aggregated into candidates).,Log only; Phase 3 decides whether any unreferenced value becomes Golden-relevant.
ORPH-S-0173,CH5-VAL-051,,value calc_pdf_p2193 section=CAL-SEC-5.2.4,Source value record not referenced by any candidate source_record_ids; treated as non-candidate-relevant (excluded as derived/aggregated into candidates).,Log only; Phase 3 decides whether any unreferenced value becomes Golden-relevant.
ORPH-S-0174,CH5-VAL-052,,value calc_pdf_p2193 section=CAL-SEC-5.2.4,Source value record not referenced by any candidate source_record_ids; treated as non-candidate-relevant (excluded as derived/aggregated into candidates).,Log only; Phase 3 decides whether any unreferenced value becomes Golden-relevant.
ORPH-S-0175,CH5-VAL-053,,value calc_pdf_p2193 section=CAL-SEC-5.2.4,Source value record not referenced by any candidate source_record_ids; treated as non-candidate-relevant (excluded as derived/aggregated into candidates).,Log only; Phase 3 decides whether any unreferenced value becomes Golden-relevant.
ORPH-S-0176,CH5-VAL-054,,value calc_pdf_p2193 section=CAL-SEC-5.2.5,Source value record not referenced by any candidate source_record_ids; treated as non-candidate-relevant (excluded as derived/aggregated into candidates).,Log only; Phase 3 decides whether any unreferenced value becomes Golden-relevant.
ORPH-S-0177,CH5-VAL-055,,value calc_pdf_p2193 section=CAL-SEC-5.2.5,Source value record not referenced by any candidate source_record_ids; treated as non-candidate-relevant (excluded as derived/aggregated into candidates).,Log only; Phase 3 decides whether any unreferenced value becomes Golden-relevant.
ORPH-S-0178,CH5-VAL-056,,value calc_pdf_p2193 section=CAL-SEC-5.2.5,Source value record not referenced by any candidate source_record_ids; treated as non-candidate-relevant (excluded as derived/aggregated into candidates).,Log only; Phase 3 decides whether any unreferenced value becomes Golden-relevant.
ORPH-S-0179,CH5-VAL-057,,value calc_pdf_p2194 section=CAL-SEC-5.2.5,Source value record not referenced by any candidate source_record_ids; treated as non-candidate-relevant (excluded as derived/aggregated into candidates).,Log only; Phase 3 decides whether any unreferenced value becomes Golden-relevant.
ORPH-S-0180,CH5-VAL-058,,value calc_pdf_p2194 section=CAL-SEC-5.2.5,Source value record not referenced by any candidate source_record_ids; treated as non-candidate-relevant (excluded as derived/aggregated into candidates).,Log only; Phase 3 decides whether any unreferenced value becomes Golden-relevant.
ORPH-S-0181,CH5-VAL-059,,value calc_pdf_p2194 section=CAL-SEC-5.2.5,Source value record not referenced by any candidate source_record_ids; treated as non-candidate-relevant (excluded as derived/aggregated into candidates).,Log only; Phase 3 decides whether any unreferenced value becomes Golden-relevant.
ORPH-S-0182,CH5-VAL-060,,value calc_pdf_p2195 section=CAL-SEC-5.2.5,Source value record not referenced by any candidate source_record_ids; treated as non-candidate-relevant (excluded as derived/aggregated into candidates).,Log only; Phase 3 decides whether any unreferenced value becomes Golden-relevant.
ORPH-S-0183,CH5-VAL-061,,value calc_pdf_p2199 section=CAL-SEC-5.3,Source value record not referenced by any candidate source_record_ids; treated as non-candidate-relevant (excluded as derived/aggregated into candidates).,Log only; Phase 3 decides whether any unreferenced value becomes Golden-relevant.
ORPH-S-0184,CH5-VAL-062,,value calc_pdf_p2199 section=CAL-SEC-5.3,Source value record not referenced by any candidate source_record_ids; treated as non-candidate-relevant (excluded as derived/aggregated into candidates).,Log only; Phase 3 decides whether any unreferenced value becomes Golden-relevant.
ORPH-S-0185,CH5-VAL-063,,value calc_pdf_p2199 section=CAL-SEC-5.3,Source value record not referenced by any candidate source_record_ids; treated as non-candidate-relevant (excluded as derived/aggregated into candidates).,Log only; Phase 3 decides whether any unreferenced value becomes Golden-relevant.
ORPH-S-0186,CH5-VAL-064,,value calc_pdf_p2199 section=CAL-SEC-5.3,Source value record not referenced by any candidate source_record_ids; treated as non-candidate-relevant (excluded as derived/aggregated into candidates).,Log only; Phase 3 decides whether any unreferenced value becomes Golden-relevant.
ORPH-S-0187,CH5-VAL-065,,value calc_pdf_p2199 section=CAL-SEC-5.3,Source value record not referenced by any candidate source_record_ids; treated as non-candidate-relevant (excluded as derived/aggregated into candidates).,Log only; Phase 3 decides whether any unreferenced value becomes Golden-relevant.
ORPH-S-0188,CH5-VAL-066,,value calc_pdf_p2200 section=CAL-SEC-5.3,Source value record not referenced by any candidate source_record_ids; treated as non-candidate-relevant (excluded as derived/aggregated into candidates).,Log only; Phase 3 decides whether any unreferenced value becomes Golden-relevant.
ORPH-S-0189,CH5-VAL-067,,value calc_pdf_p2200 section=CAL-SEC-5.3,Source value record not referenced by any candidate source_record_ids; treated as non-candidate-relevant (excluded as derived/aggregated into candidates).,Log only; Phase 3 decides whether any unreferenced value becomes Golden-relevant.
ORPH-S-0190,CH5-VAL-068,,value calc_pdf_p2205 section=CAL-SEC-5.3,Source value record not referenced by any candidate source_record_ids; treated as non-candidate-relevant (excluded as derived/aggregated into candidates).,Log only; Phase 3 decides whether any unreferenced value becomes Golden-relevant.
ORPH-S-0191,CH5-VAL-069,,value calc_pdf_p2205 section=CAL-SEC-5.3,Source value record not referenced by any candidate source_record_ids; treated as non-candidate-relevant (excluded as derived/aggregated into candidates).,Log only; Phase 3 decides whether any unreferenced value becomes Golden-relevant.
ORPH-S-0192,CH5-VAL-070,,value calc_pdf_p2207 section=CAL-SEC-5.4.1,Source value record not referenced by any candidate source_record_ids; treated as non-candidate-relevant (excluded as derived/aggregated into candidates).,Log only; Phase 3 decides whether any unreferenced value becomes Golden-relevant.
ORPH-S-0193,CH5-VAL-071,,value calc_pdf_p2207 section=CAL-SEC-5.4.1,Source value record not referenced by any candidate source_record_ids; treated as non-candidate-relevant (excluded as derived/aggregated into candidates).,Log only; Phase 3 decides whether any unreferenced value becomes Golden-relevant.
ORPH-S-0194,CH5-VAL-072,,value calc_pdf_p2207 section=CAL-SEC-5.4.1,Source value record not referenced by any candidate source_record_ids; treated as non-candidate-relevant (excluded as derived/aggregated into candidates).,Log only; Phase 3 decides whether any unreferenced value becomes Golden-relevant.
ORPH-S-0195,CH5-VAL-073,,value calc_pdf_p2207 section=CAL-SEC-5.4.1,Source value record not referenced by any candidate source_record_ids; treated as non-candidate-relevant (excluded as derived/aggregated into candidates).,Log only; Phase 3 decides whether any unreferenced value becomes Golden-relevant.
ORPH-S-0196,CH5-VAL-076,,value calc_pdf_p2207 section=CAL-SEC-5.4.1,Source value record not referenced by any candidate source_record_ids; treated as non-candidate-relevant (excluded as derived/aggregated into candidates).,Log only; Phase 3 decides whether any unreferenced value becomes Golden-relevant.
ORPH-S-0197,CH5-VAL-077,,value calc_pdf_p2207 section=CAL-SEC-5.4.1,Source value record not referenced by any candidate source_record_ids; treated as non-candidate-relevant (excluded as derived/aggregated into candidates).,Log only; Phase 3 decides whether any unreferenced value becomes Golden-relevant.
ORPH-S-0198,CH5-VAL-078,,value calc_pdf_p2208 section=CAL-SEC-5.4.1,Source value record not referenced by any candidate source_record_ids; treated as non-candidate-relevant (excluded as derived/aggregated into candidates).,Log only; Phase 3 decides whether any unreferenced value becomes Golden-relevant.
ORPH-S-0199,CH5-VAL-079,,value calc_pdf_p2208 section=CAL-SEC-5.4.1,Source value record not referenced by any candidate source_record_ids; treated as non-candidate-relevant (excluded as derived/aggregated into candidates).,Log only; Phase 3 decides whether any unreferenced value becomes Golden-relevant.
ORPH-S-0200,CH5-VAL-080,,value calc_pdf_p2208 section=CAL-SEC-5.4.1,Source value record not referenced by any candidate source_record_ids; treated as non-candidate-relevant (excluded as derived/aggregated into candidates).,Log only; Phase 3 decides whether any unreferenced value becomes Golden-relevant.
ORPH-S-0201,CH5-VAL-081,,value calc_pdf_p2208 section=CAL-SEC-5.4.1,Source value record not referenced by any candidate source_record_ids; treated as non-candidate-relevant (excluded as derived/aggregated into candidates).,Log only; Phase 3 decides whether any unreferenced value becomes Golden-relevant.
ORPH-S-0202,CH5-VAL-082,,value calc_pdf_p2208 section=CAL-SEC-5.4.1,Source value record not referenced by any candidate source_record_ids; treated as non-candidate-relevant (excluded as derived/aggregated into candidates).,Log only; Phase 3 decides whether any unreferenced value becomes Golden-relevant.
ORPH-S-0203,CH5-VAL-083,,value calc_pdf_p2220 section=CAL-SEC-5.4.2,Source value record not referenced by any candidate source_record_ids; treated as non-candidate-relevant (excluded as derived/aggregated into candidates).,Log only; Phase 3 decides whether any unreferenced value becomes Golden-relevant.
ORPH-S-0204,CH5-VAL-084,,value calc_pdf_p2221 section=CAL-SEC-5.4.2,Source value record not referenced by any candidate source_record_ids; treated as non-candidate-relevant (excluded as derived/aggregated into candidates).,Log only; Phase 3 decides whether any unreferenced value becomes Golden-relevant.
ORPH-S-0205,CH5-VAL-085,,value calc_pdf_p2221 section=CAL-SEC-5.4.2,Source value record not referenced by any candidate source_record_ids; treated as non-candidate-relevant (excluded as derived/aggregated into candidates).,Log only; Phase 3 decides whether any unreferenced value becomes Golden-relevant.
ORPH-S-0206,CH5-VAL-086,,value calc_pdf_p2222 section=CAL-SEC-5.4.2,Source value record not referenced by any candidate source_record_ids; treated as non-candidate-relevant (excluded as derived/aggregated into candidates).,Log only; Phase 3 decides whether any unreferenced value becomes Golden-relevant.
ORPH-S-0207,CH5-VAL-087,,value calc_pdf_p2222 section=CAL-SEC-5.4.2,Source value record not referenced by any candidate source_record_ids; treated as non-candidate-relevant (excluded as derived/aggregated into candidates).,Log only; Phase 3 decides whether any unreferenced value becomes Golden-relevant.
ORPH-S-0208,CH5-VAL-088,,value calc_pdf_p2222 section=CAL-SEC-5.4.2,Source value record not referenced by any candidate source_record_ids; treated as non-candidate-relevant (excluded as derived/aggregated into candidates).,Log only; Phase 3 decides whether any unreferenced value becomes Golden-relevant.
ORPH-S-0209,CH5-VAL-089,,value calc_pdf_p2224 section=CAL-SEC-5.4.2,Source value record not referenced by any candidate source_record_ids; treated as non-candidate-relevant (excluded as derived/aggregated into candidates).,Log only; Phase 3 decides whether any unreferenced value becomes Golden-relevant.
ORPH-S-0210,CH5-VAL-090,,value calc_pdf_p2224 section=CAL-SEC-5.4.2,Source value record not referenced by any candidate source_record_ids; treated as non-candidate-relevant (excluded as derived/aggregated into candidates).,Log only; Phase 3 decides whether any unreferenced value becomes Golden-relevant.
ORPH-S-0211,CH5-VAL-091,,value calc_pdf_p2224 section=CAL-SEC-5.4.2,Source value record not referenced by any candidate source_record_ids; treated as non-candidate-relevant (excluded as derived/aggregated into candidates).,Log only; Phase 3 decides whether any unreferenced value becomes Golden-relevant.
ORPH-S-0212,CH5-VAL-092,,value calc_pdf_p2224 section=CAL-SEC-5.4.2,Source value record not referenced by any candidate source_record_ids; treated as non-candidate-relevant (excluded as derived/aggregated into candidates).,Log only; Phase 3 decides whether any unreferenced value becomes Golden-relevant.
ORPH-S-0213,CH5-VAL-093,,value calc_pdf_p2225 section=CAL-SEC-5.4.2,Source value record not referenced by any candidate source_record_ids; treated as non-candidate-relevant (excluded as derived/aggregated into candidates).,Log only; Phase 3 decides whether any unreferenced value becomes Golden-relevant.
ORPH-S-0214,CH5-VAL-094,,value calc_pdf_p2225 section=CAL-SEC-5.4.2,Source value record not referenced by any candidate source_record_ids; treated as non-candidate-relevant (excluded as derived/aggregated into candidates).,Log only; Phase 3 decides whether any unreferenced value becomes Golden-relevant.
ORPH-S-0215,CH5-VAL-095,,value calc_pdf_p2226 section=CAL-SEC-5.4.2,Source value record not referenced by any candidate source_record_ids; treated as non-candidate-relevant (excluded as derived/aggregated into candidates).,Log only; Phase 3 decides whether any unreferenced value becomes Golden-relevant.
ORPH-S-0216,CH5-VAL-096,,value calc_pdf_p2139 section=CAL-SEC-5.1.3,Source value record not referenced by any candidate source_record_ids; treated as non-candidate-relevant (excluded as derived/aggregated into candidates).,Log only; Phase 3 decides whether any unreferenced value becomes Golden-relevant.
ORPH-S-0217,CH5-VAL-097,,value calc_pdf_p2139 section=CAL-SEC-5.1.3,Source value record not referenced by any candidate source_record_ids; treated as non-candidate-relevant (excluded as derived/aggregated into candidates).,Log only; Phase 3 decides whether any unreferenced value becomes Golden-relevant.
ORPH-S-0218,CH5-VAL-098,,value calc_pdf_p2139 section=CAL-SEC-5.1.3,Source value record not referenced by any candidate source_record_ids; treated as non-candidate-relevant (excluded as derived/aggregated into candidates).,Log only; Phase 3 decides whether any unreferenced value becomes Golden-relevant.
ORPH-S-0219,CH5-VAL-099,,value calc_pdf_p2139 section=CAL-SEC-5.1.3,Source value record not referenced by any candidate source_record_ids; treated as non-candidate-relevant (excluded as derived/aggregated into candidates).,Log only; Phase 3 decides whether any unreferenced value becomes Golden-relevant.
ORPH-S-0220,CH5-VAL-100,,value calc_pdf_p2139 section=CAL-SEC-5.1.3,Source value record not referenced by any candidate source_record_ids; treated as non-candidate-relevant (excluded as derived/aggregated into candidates).,Log only; Phase 3 decides whether any unreferenced value becomes Golden-relevant.
ORPH-S-0221,CH5-VAL-101,,value calc_pdf_p2139 section=CAL-SEC-5.1.3,Source value record not referenced by any candidate source_record_ids; treated as non-candidate-relevant (excluded as derived/aggregated into candidates).,Log only; Phase 3 decides whether any unreferenced value becomes Golden-relevant.
ORPH-S-0222,CH5-VAL-102,,value calc_pdf_p2139 section=CAL-SEC-5.1.3,Source value record not referenced by any candidate source_record_ids; treated as non-candidate-relevant (excluded as derived/aggregated into candidates).,Log only; Phase 3 decides whether any unreferenced value becomes Golden-relevant.
ORPH-S-0223,CH5-VAL-103,,value calc_pdf_p2139 section=CAL-SEC-5.1.3,Source value record not referenced by any candidate source_record_ids; treated as non-candidate-relevant (excluded as derived/aggregated into candidates).,Log only; Phase 3 decides whether any unreferenced value becomes Golden-relevant.
ORPH-S-0224,DWG-EL-S001-001,,drawing_sheet_element calc_pdf_p3 section=sheets_001_044,"Generic drawing sheet element (DWG-EL-*, Phase 2-I sheet_elements.csv) not elevated to a drawing candidate; drawing layer elevates dimensions/annotations/members/tables/title-blocks/references/views/sheets only.",Log only; Phase 3 decides whether any unreferenced value becomes Golden-relevant.
ORPH-S-0225,DWG-EL-S002-001,,drawing_sheet_element calc_pdf_p4 section=sheets_001_044,"Generic drawing sheet element (DWG-EL-*, Phase 2-I sheet_elements.csv) not elevated to a drawing candidate; drawing layer elevates dimensions/annotations/members/tables/title-blocks/references/views/sheets only.",Log only; Phase 3 decides whether any unreferenced value becomes Golden-relevant.
ORPH-S-0226,DWG-EL-S003-001,,drawing_sheet_element calc_pdf_p5 section=sheets_001_044,"Generic drawing sheet element (DWG-EL-*, Phase 2-I sheet_elements.csv) not elevated to a drawing candidate; drawing layer elevates dimensions/annotations/members/tables/title-blocks/references/views/sheets only.",Log only; Phase 3 decides whether any unreferenced value becomes Golden-relevant.
ORPH-S-0227,DWG-EL-S004-001,,drawing_sheet_element calc_pdf_p6 section=sheets_001_044,"Generic drawing sheet element (DWG-EL-*, Phase 2-I sheet_elements.csv) not elevated to a drawing candidate; drawing layer elevates dimensions/annotations/members/tables/title-blocks/references/views/sheets only.",Log only; Phase 3 decides whether any unreferenced value becomes Golden-relevant.
ORPH-S-0228,DWG-EL-S005-001,,drawing_sheet_element calc_pdf_p7 section=sheets_001_044,"Generic drawing sheet element (DWG-EL-*, Phase 2-I sheet_elements.csv) not elevated to a drawing candidate; drawing layer elevates dimensions/annotations/members/tables/title-blocks/references/views/sheets only.",Log only; Phase 3 decides whether any unreferenced value becomes Golden-relevant.
ORPH-S-0229,DWG-EL-S006-001,,drawing_sheet_element calc_pdf_p8 section=sheets_001_044,"Generic drawing sheet element (DWG-EL-*, Phase 2-I sheet_elements.csv) not elevated to a drawing candidate; drawing layer elevates dimensions/annotations/members/tables/title-blocks/references/views/sheets only.",Log only; Phase 3 decides whether any unreferenced value becomes Golden-relevant.
ORPH-S-0230,DWG-EL-S007-001,,drawing_sheet_element calc_pdf_p9 section=sheets_001_044,"Generic drawing sheet element (DWG-EL-*, Phase 2-I sheet_elements.csv) not elevated to a drawing candidate; drawing layer elevates dimensions/annotations/members/tables/title-blocks/references/views/sheets only.",Log only; Phase 3 decides whether any unreferenced value becomes Golden-relevant.
ORPH-S-0231,DWG-EL-S008-001,,drawing_sheet_element calc_pdf_p10 section=sheets_001_044,"Generic drawing sheet element (DWG-EL-*, Phase 2-I sheet_elements.csv) not elevated to a drawing candidate; drawing layer elevates dimensions/annotations/members/tables/title-blocks/references/views/sheets only.",Log only; Phase 3 decides whether any unreferenced value becomes Golden-relevant.
ORPH-S-0232,DWG-EL-S009-001,,drawing_sheet_element calc_pdf_p11 section=sheets_001_044,"Generic drawing sheet element (DWG-EL-*, Phase 2-I sheet_elements.csv) not elevated to a drawing candidate; drawing layer elevates dimensions/annotations/members/tables/title-blocks/references/views/sheets only.",Log only; Phase 3 decides whether any unreferenced value becomes Golden-relevant.
ORPH-S-0233,DWG-EL-S010-001,,drawing_sheet_element calc_pdf_p12 section=sheets_001_044,"Generic drawing sheet element (DWG-EL-*, Phase 2-I sheet_elements.csv) not elevated to a drawing candidate; drawing layer elevates dimensions/annotations/members/tables/title-blocks/references/views/sheets only.",Log only; Phase 3 decides whether any unreferenced value becomes Golden-relevant.
ORPH-S-0234,DWG-EL-S011-001,,drawing_sheet_element calc_pdf_p13 section=sheets_001_044,"Generic drawing sheet element (DWG-EL-*, Phase 2-I sheet_elements.csv) not elevated to a drawing candidate; drawing layer elevates dimensions/annotations/members/tables/title-blocks/references/views/sheets only.",Log only; Phase 3 decides whether any unreferenced value becomes Golden-relevant.
ORPH-S-0235,DWG-EL-S012-001,,drawing_sheet_element calc_pdf_p14 section=sheets_001_044,"Generic drawing sheet element (DWG-EL-*, Phase 2-I sheet_elements.csv) not elevated to a drawing candidate; drawing layer elevates dimensions/annotations/members/tables/title-blocks/references/views/sheets only.",Log only; Phase 3 decides whether any unreferenced value becomes Golden-relevant.
ORPH-S-0236,DWG-EL-S013-001,,drawing_sheet_element calc_pdf_p15 section=sheets_001_044,"Generic drawing sheet element (DWG-EL-*, Phase 2-I sheet_elements.csv) not elevated to a drawing candidate; drawing layer elevates dimensions/annotations/members/tables/title-blocks/references/views/sheets only.",Log only; Phase 3 decides whether any unreferenced value becomes Golden-relevant.
ORPH-S-0237,DWG-EL-S014-001,,drawing_sheet_element calc_pdf_p16 section=sheets_001_044,"Generic drawing sheet element (DWG-EL-*, Phase 2-I sheet_elements.csv) not elevated to a drawing candidate; drawing layer elevates dimensions/annotations/members/tables/title-blocks/references/views/sheets only.",Log only; Phase 3 decides whether any unreferenced value becomes Golden-relevant.
ORPH-S-0238,DWG-EL-S015-001,,drawing_sheet_element calc_pdf_p17 section=sheets_001_044,"Generic drawing sheet element (DWG-EL-*, Phase 2-I sheet_elements.csv) not elevated to a drawing candidate; drawing layer elevates dimensions/annotations/members/tables/title-blocks/references/views/sheets only.",Log only; Phase 3 decides whether any unreferenced value becomes Golden-relevant.
ORPH-S-0239,DWG-EL-S016-001,,drawing_sheet_element calc_pdf_p18 section=sheets_001_044,"Generic drawing sheet element (DWG-EL-*, Phase 2-I sheet_elements.csv) not elevated to a drawing candidate; drawing layer elevates dimensions/annotations/members/tables/title-blocks/references/views/sheets only.",Log only; Phase 3 decides whether any unreferenced value becomes Golden-relevant.
ORPH-S-0240,DWG-EL-S017-001,,drawing_sheet_element calc_pdf_p19 section=sheets_001_044,"Generic drawing sheet element (DWG-EL-*, Phase 2-I sheet_elements.csv) not elevated to a drawing candidate; drawing layer elevates dimensions/annotations/members/tables/title-blocks/references/views/sheets only.",Log only; Phase 3 decides whether any unreferenced value becomes Golden-relevant.
ORPH-S-0241,DWG-EL-S018-001,,drawing_sheet_element calc_pdf_p20 section=sheets_001_044,"Generic drawing sheet element (DWG-EL-*, Phase 2-I sheet_elements.csv) not elevated to a drawing candidate; drawing layer elevates dimensions/annotations/members/tables/title-blocks/references/views/sheets only.",Log only; Phase 3 decides whether any unreferenced value becomes Golden-relevant.
ORPH-S-0242,DWG-EL-S019-001,,drawing_sheet_element calc_pdf_p21 section=sheets_001_044,"Generic drawing sheet element (DWG-EL-*, Phase 2-I sheet_elements.csv) not elevated to a drawing candidate; drawing layer elevates dimensions/annotations/members/tables/title-blocks/references/views/sheets only.",Log only; Phase 3 decides whether any unreferenced value becomes Golden-relevant.
ORPH-S-0243,DWG-EL-S020-001,,drawing_sheet_element calc_pdf_p22 section=sheets_001_044,"Generic drawing sheet element (DWG-EL-*, Phase 2-I sheet_elements.csv) not elevated to a drawing candidate; drawing layer elevates dimensions/annotations/members/tables/title-blocks/references/views/sheets only.",Log only; Phase 3 decides whether any unreferenced value becomes Golden-relevant.
ORPH-S-0244,DWG-EL-S021-001,,drawing_sheet_element calc_pdf_p23 section=sheets_001_044,"Generic drawing sheet element (DWG-EL-*, Phase 2-I sheet_elements.csv) not elevated to a drawing candidate; drawing layer elevates dimensions/annotations/members/tables/title-blocks/references/views/sheets only.",Log only; Phase 3 decides whether any unreferenced value becomes Golden-relevant.
ORPH-S-0245,DWG-EL-S022-001,,drawing_sheet_element calc_pdf_p24 section=sheets_001_044,"Generic drawing sheet element (DWG-EL-*, Phase 2-I sheet_elements.csv) not elevated to a drawing candidate; drawing layer elevates dimensions/annotations/members/tables/title-blocks/references/views/sheets only.",Log only; Phase 3 decides whether any unreferenced value becomes Golden-relevant.
ORPH-S-0246,DWG-EL-S023-001,,drawing_sheet_element calc_pdf_p25 section=sheets_001_044,"Generic drawing sheet element (DWG-EL-*, Phase 2-I sheet_elements.csv) not elevated to a drawing candidate; drawing layer elevates dimensions/annotations/members/tables/title-blocks/references/views/sheets only.",Log only; Phase 3 decides whether any unreferenced value becomes Golden-relevant.
ORPH-S-0247,DWG-EL-S024-001,,drawing_sheet_element calc_pdf_p26 section=sheets_001_044,"Generic drawing sheet element (DWG-EL-*, Phase 2-I sheet_elements.csv) not elevated to a drawing candidate; drawing layer elevates dimensions/annotations/members/tables/title-blocks/references/views/sheets only.",Log only; Phase 3 decides whether any unreferenced value becomes Golden-relevant.
ORPH-S-0248,DWG-EL-S025-001,,drawing_sheet_element calc_pdf_p27 section=sheets_001_044,"Generic drawing sheet element (DWG-EL-*, Phase 2-I sheet_elements.csv) not elevated to a drawing candidate; drawing layer elevates dimensions/annotations/members/tables/title-blocks/references/views/sheets only.",Log only; Phase 3 decides whether any unreferenced value becomes Golden-relevant.
ORPH-S-0249,DWG-EL-S026-001,,drawing_sheet_element calc_pdf_p28 section=sheets_001_044,"Generic drawing sheet element (DWG-EL-*, Phase 2-I sheet_elements.csv) not elevated to a drawing candidate; drawing layer elevates dimensions/annotations/members/tables/title-blocks/references/views/sheets only.",Log only; Phase 3 decides whether any unreferenced value becomes Golden-relevant.
ORPH-S-0250,DWG-EL-S027-001,,drawing_sheet_element calc_pdf_p29 section=sheets_001_044,"Generic drawing sheet element (DWG-EL-*, Phase 2-I sheet_elements.csv) not elevated to a drawing candidate; drawing layer elevates dimensions/annotations/members/tables/title-blocks/references/views/sheets only.",Log only; Phase 3 decides whether any unreferenced value becomes Golden-relevant.
ORPH-S-0251,DWG-EL-S028-001,,drawing_sheet_element calc_pdf_p30 section=sheets_001_044,"Generic drawing sheet element (DWG-EL-*, Phase 2-I sheet_elements.csv) not elevated to a drawing candidate; drawing layer elevates dimensions/annotations/members/tables/title-blocks/references/views/sheets only.",Log only; Phase 3 decides whether any unreferenced value becomes Golden-relevant.
ORPH-S-0252,DWG-EL-S029-001,,drawing_sheet_element calc_pdf_p31 section=sheets_001_044,"Generic drawing sheet element (DWG-EL-*, Phase 2-I sheet_elements.csv) not elevated to a drawing candidate; drawing layer elevates dimensions/annotations/members/tables/title-blocks/references/views/sheets only.",Log only; Phase 3 decides whether any unreferenced value becomes Golden-relevant.
ORPH-S-0253,DWG-EL-S030-001,,drawing_sheet_element calc_pdf_p32 section=sheets_001_044,"Generic drawing sheet element (DWG-EL-*, Phase 2-I sheet_elements.csv) not elevated to a drawing candidate; drawing layer elevates dimensions/annotations/members/tables/title-blocks/references/views/sheets only.",Log only; Phase 3 decides whether any unreferenced value becomes Golden-relevant.
ORPH-S-0254,DWG-EL-S031-001,,drawing_sheet_element calc_pdf_p33 section=sheets_001_044,"Generic drawing sheet element (DWG-EL-*, Phase 2-I sheet_elements.csv) not elevated to a drawing candidate; drawing layer elevates dimensions/annotations/members/tables/title-blocks/references/views/sheets only.",Log only; Phase 3 decides whether any unreferenced value becomes Golden-relevant.
ORPH-S-0255,DWG-EL-S032-001,,drawing_sheet_element calc_pdf_p34 section=sheets_001_044,"Generic drawing sheet element (DWG-EL-*, Phase 2-I sheet_elements.csv) not elevated to a drawing candidate; drawing layer elevates dimensions/annotations/members/tables/title-blocks/references/views/sheets only.",Log only; Phase 3 decides whether any unreferenced value becomes Golden-relevant.
ORPH-S-0256,DWG-EL-S033-001,,drawing_sheet_element calc_pdf_p35 section=sheets_001_044,"Generic drawing sheet element (DWG-EL-*, Phase 2-I sheet_elements.csv) not elevated to a drawing candidate; drawing layer elevates dimensions/annotations/members/tables/title-blocks/references/views/sheets only.",Log only; Phase 3 decides whether any unreferenced value becomes Golden-relevant.
ORPH-S-0257,DWG-EL-S034-001,,drawing_sheet_element calc_pdf_p36 section=sheets_001_044,"Generic drawing sheet element (DWG-EL-*, Phase 2-I sheet_elements.csv) not elevated to a drawing candidate; drawing layer elevates dimensions/annotations/members/tables/title-blocks/references/views/sheets only.",Log only; Phase 3 decides whether any unreferenced value becomes Golden-relevant.
ORPH-S-0258,DWG-EL-S035-001,,drawing_sheet_element calc_pdf_p37 section=sheets_001_044,"Generic drawing sheet element (DWG-EL-*, Phase 2-I sheet_elements.csv) not elevated to a drawing candidate; drawing layer elevates dimensions/annotations/members/tables/title-blocks/references/views/sheets only.",Log only; Phase 3 decides whether any unreferenced value becomes Golden-relevant.
ORPH-S-0259,DWG-EL-S036-001,,drawing_sheet_element calc_pdf_p38 section=sheets_001_044,"Generic drawing sheet element (DWG-EL-*, Phase 2-I sheet_elements.csv) not elevated to a drawing candidate; drawing layer elevates dimensions/annotations/members/tables/title-blocks/references/views/sheets only.",Log only; Phase 3 decides whether any unreferenced value becomes Golden-relevant.
ORPH-S-0260,DWG-EL-S037-001,,drawing_sheet_element calc_pdf_p39 section=sheets_001_044,"Generic drawing sheet element (DWG-EL-*, Phase 2-I sheet_elements.csv) not elevated to a drawing candidate; drawing layer elevates dimensions/annotations/members/tables/title-blocks/references/views/sheets only.",Log only; Phase 3 decides whether any unreferenced value becomes Golden-relevant.
ORPH-S-0261,DWG-EL-S038-001,,drawing_sheet_element calc_pdf_p40 section=sheets_001_044,"Generic drawing sheet element (DWG-EL-*, Phase 2-I sheet_elements.csv) not elevated to a drawing candidate; drawing layer elevates dimensions/annotations/members/tables/title-blocks/references/views/sheets only.",Log only; Phase 3 decides whether any unreferenced value becomes Golden-relevant.
ORPH-S-0262,DWG-EL-S039-001,,drawing_sheet_element calc_pdf_p41 section=sheets_001_044,"Generic drawing sheet element (DWG-EL-*, Phase 2-I sheet_elements.csv) not elevated to a drawing candidate; drawing layer elevates dimensions/annotations/members/tables/title-blocks/references/views/sheets only.",Log only; Phase 3 decides whether any unreferenced value becomes Golden-relevant.
ORPH-S-0263,DWG-EL-S040-001,,drawing_sheet_element calc_pdf_p42 section=sheets_001_044,"Generic drawing sheet element (DWG-EL-*, Phase 2-I sheet_elements.csv) not elevated to a drawing candidate; drawing layer elevates dimensions/annotations/members/tables/title-blocks/references/views/sheets only.",Log only; Phase 3 decides whether any unreferenced value becomes Golden-relevant.
ORPH-S-0264,DWG-EL-S041-001,,drawing_sheet_element calc_pdf_p43 section=sheets_001_044,"Generic drawing sheet element (DWG-EL-*, Phase 2-I sheet_elements.csv) not elevated to a drawing candidate; drawing layer elevates dimensions/annotations/members/tables/title-blocks/references/views/sheets only.",Log only; Phase 3 decides whether any unreferenced value becomes Golden-relevant.
ORPH-S-0265,DWG-EL-S042-001,,drawing_sheet_element calc_pdf_p44 section=sheets_001_044,"Generic drawing sheet element (DWG-EL-*, Phase 2-I sheet_elements.csv) not elevated to a drawing candidate; drawing layer elevates dimensions/annotations/members/tables/title-blocks/references/views/sheets only.",Log only; Phase 3 decides whether any unreferenced value becomes Golden-relevant.
ORPH-S-0266,DWG-EL-S043-001,,drawing_sheet_element calc_pdf_p45 section=sheets_001_044,"Generic drawing sheet element (DWG-EL-*, Phase 2-I sheet_elements.csv) not elevated to a drawing candidate; drawing layer elevates dimensions/annotations/members/tables/title-blocks/references/views/sheets only.",Log only; Phase 3 decides whether any unreferenced value becomes Golden-relevant.
ORPH-S-0267,DWG-EL-S044-001,,drawing_sheet_element calc_pdf_p46 section=sheets_001_044,"Generic drawing sheet element (DWG-EL-*, Phase 2-I sheet_elements.csv) not elevated to a drawing candidate; drawing layer elevates dimensions/annotations/members/tables/title-blocks/references/views/sheets only.",Log only; Phase 3 decides whether any unreferenced value becomes Golden-relevant.
ORPH-S-0268,DWG-EL-S045-001,,drawing_sheet_element calc_pdf_p47 section=sheets_001_044,"Generic drawing sheet element (DWG-EL-*, Phase 2-I sheet_elements.csv) not elevated to a drawing candidate; drawing layer elevates dimensions/annotations/members/tables/title-blocks/references/views/sheets only.",Log only; Phase 3 decides whether any unreferenced value becomes Golden-relevant.
ORPH-S-0269,DWG-EL-S045-002,,drawing_sheet_element calc_pdf_p47 section=sheets_045_088,"Generic drawing sheet element (DWG-EL-*, Phase 2-I sheet_elements.csv) not elevated to a drawing candidate; drawing layer elevates dimensions/annotations/members/tables/title-blocks/references/views/sheets only.",Log only; Phase 3 decides whether any unreferenced value becomes Golden-relevant.
ORPH-S-0270,DWG-EL-S045-003,,drawing_sheet_element calc_pdf_p47 section=sheets_045_088,"Generic drawing sheet element (DWG-EL-*, Phase 2-I sheet_elements.csv) not elevated to a drawing candidate; drawing layer elevates dimensions/annotations/members/tables/title-blocks/references/views/sheets only.",Log only; Phase 3 decides whether any unreferenced value becomes Golden-relevant.
ORPH-S-0271,DWG-EL-S045-004,,drawing_sheet_element calc_pdf_p47 section=sheets_045_088,"Generic drawing sheet element (DWG-EL-*, Phase 2-I sheet_elements.csv) not elevated to a drawing candidate; drawing layer elevates dimensions/annotations/members/tables/title-blocks/references/views/sheets only.",Log only; Phase 3 decides whether any unreferenced value becomes Golden-relevant.
ORPH-S-0272,DWG-EL-S045-005,,drawing_sheet_element calc_pdf_p47 section=sheets_045_088,"Generic drawing sheet element (DWG-EL-*, Phase 2-I sheet_elements.csv) not elevated to a drawing candidate; drawing layer elevates dimensions/annotations/members/tables/title-blocks/references/views/sheets only.",Log only; Phase 3 decides whether any unreferenced value becomes Golden-relevant.
ORPH-S-0273,DWG-EL-S045-006,,drawing_sheet_element calc_pdf_p47 section=sheets_045_088,"Generic drawing sheet element (DWG-EL-*, Phase 2-I sheet_elements.csv) not elevated to a drawing candidate; drawing layer elevates dimensions/annotations/members/tables/title-blocks/references/views/sheets only.",Log only; Phase 3 decides whether any unreferenced value becomes Golden-relevant.
ORPH-S-0274,DWG-EL-S045-007,,drawing_sheet_element calc_pdf_p47 section=sheets_045_088,"Generic drawing sheet element (DWG-EL-*, Phase 2-I sheet_elements.csv) not elevated to a drawing candidate; drawing layer elevates dimensions/annotations/members/tables/title-blocks/references/views/sheets only.",Log only; Phase 3 decides whether any unreferenced value becomes Golden-relevant.
ORPH-S-0275,DWG-EL-S045-008,,drawing_sheet_element calc_pdf_p47 section=sheets_045_088,"Generic drawing sheet element (DWG-EL-*, Phase 2-I sheet_elements.csv) not elevated to a drawing candidate; drawing layer elevates dimensions/annotations/members/tables/title-blocks/references/views/sheets only.",Log only; Phase 3 decides whether any unreferenced value becomes Golden-relevant.
ORPH-S-0276,DWG-EL-S045-009,,drawing_sheet_element calc_pdf_p47 section=sheets_045_088,"Generic drawing sheet element (DWG-EL-*, Phase 2-I sheet_elements.csv) not elevated to a drawing candidate; drawing layer elevates dimensions/annotations/members/tables/title-blocks/references/views/sheets only.",Log only; Phase 3 decides whether any unreferenced value becomes Golden-relevant.
ORPH-S-0277,DWG-EL-S045-010,,drawing_sheet_element calc_pdf_p47 section=sheets_045_088,"Generic drawing sheet element (DWG-EL-*, Phase 2-I sheet_elements.csv) not elevated to a drawing candidate; drawing layer elevates dimensions/annotations/members/tables/title-blocks/references/views/sheets only.",Log only; Phase 3 decides whether any unreferenced value becomes Golden-relevant.
ORPH-S-0278,DWG-EL-S045-011,,drawing_sheet_element calc_pdf_p47 section=sheets_045_088,"Generic drawing sheet element (DWG-EL-*, Phase 2-I sheet_elements.csv) not elevated to a drawing candidate; drawing layer elevates dimensions/annotations/members/tables/title-blocks/references/views/sheets only.",Log only; Phase 3 decides whether any unreferenced value becomes Golden-relevant.
ORPH-S-0279,DWG-EL-S045-012,,drawing_sheet_element calc_pdf_p47 section=sheets_045_088,"Generic drawing sheet element (DWG-EL-*, Phase 2-I sheet_elements.csv) not elevated to a drawing candidate; drawing layer elevates dimensions/annotations/members/tables/title-blocks/references/views/sheets only.",Log only; Phase 3 decides whether any unreferenced value becomes Golden-relevant.
ORPH-S-0280,DWG-EL-S045-013,,drawing_sheet_element calc_pdf_p47 section=sheets_045_088,"Generic drawing sheet element (DWG-EL-*, Phase 2-I sheet_elements.csv) not elevated to a drawing candidate; drawing layer elevates dimensions/annotations/members/tables/title-blocks/references/views/sheets only.",Log only; Phase 3 decides whether any unreferenced value becomes Golden-relevant.
ORPH-S-0281,DWG-EL-S045-014,,drawing_sheet_element calc_pdf_p47 section=sheets_045_088,"Generic drawing sheet element (DWG-EL-*, Phase 2-I sheet_elements.csv) not elevated to a drawing candidate; drawing layer elevates dimensions/annotations/members/tables/title-blocks/references/views/sheets only.",Log only; Phase 3 decides whether any unreferenced value becomes Golden-relevant.
ORPH-S-0282,DWG-EL-S045-015,,drawing_sheet_element calc_pdf_p47 section=sheets_045_088,"Generic drawing sheet element (DWG-EL-*, Phase 2-I sheet_elements.csv) not elevated to a drawing candidate; drawing layer elevates dimensions/annotations/members/tables/title-blocks/references/views/sheets only.",Log only; Phase 3 decides whether any unreferenced value becomes Golden-relevant.
ORPH-S-0283,DWG-EL-S046-001,,drawing_sheet_element calc_pdf_p48 section=sheets_045_088,"Generic drawing sheet element (DWG-EL-*, Phase 2-I sheet_elements.csv) not elevated to a drawing candidate; drawing layer elevates dimensions/annotations/members/tables/title-blocks/references/views/sheets only.",Log only; Phase 3 decides whether any unreferenced value becomes Golden-relevant.
ORPH-S-0284,DWG-EL-S046-002,,drawing_sheet_element calc_pdf_p48 section=sheets_045_088,"Generic drawing sheet element (DWG-EL-*, Phase 2-I sheet_elements.csv) not elevated to a drawing candidate; drawing layer elevates dimensions/annotations/members/tables/title-blocks/references/views/sheets only.",Log only; Phase 3 decides whether any unreferenced value becomes Golden-relevant.
ORPH-S-0285,DWG-EL-S046-003,,drawing_sheet_element calc_pdf_p48 section=sheets_045_088,"Generic drawing sheet element (DWG-EL-*, Phase 2-I sheet_elements.csv) not elevated to a drawing candidate; drawing layer elevates dimensions/annotations/members/tables/title-blocks/references/views/sheets only.",Log only; Phase 3 decides whether any unreferenced value becomes Golden-relevant.
ORPH-S-0286,DWG-EL-S046-004,,drawing_sheet_element calc_pdf_p48 section=sheets_045_088,"Generic drawing sheet element (DWG-EL-*, Phase 2-I sheet_elements.csv) not elevated to a drawing candidate; drawing layer elevates dimensions/annotations/members/tables/title-blocks/references/views/sheets only.",Log only; Phase 3 decides whether any unreferenced value becomes Golden-relevant.
ORPH-S-0287,DWG-EL-S046-005,,drawing_sheet_element calc_pdf_p48 section=sheets_045_088,"Generic drawing sheet element (DWG-EL-*, Phase 2-I sheet_elements.csv) not elevated to a drawing candidate; drawing layer elevates dimensions/annotations/members/tables/title-blocks/references/views/sheets only.",Log only; Phase 3 decides whether any unreferenced value becomes Golden-relevant.
ORPH-S-0288,DWG-EL-S046-006,,drawing_sheet_element calc_pdf_p48 section=sheets_045_088,"Generic drawing sheet element (DWG-EL-*, Phase 2-I sheet_elements.csv) not elevated to a drawing candidate; drawing layer elevates dimensions/annotations/members/tables/title-blocks/references/views/sheets only.",Log only; Phase 3 decides whether any unreferenced value becomes Golden-relevant.
ORPH-S-0289,DWG-EL-S046-007,,drawing_sheet_element calc_pdf_p48 section=sheets_045_088,"Generic drawing sheet element (DWG-EL-*, Phase 2-I sheet_elements.csv) not elevated to a drawing candidate; drawing layer elevates dimensions/annotations/members/tables/title-blocks/references/views/sheets only.",Log only; Phase 3 decides whether any unreferenced value becomes Golden-relevant.
ORPH-S-0290,DWG-EL-S046-008,,drawing_sheet_element calc_pdf_p48 section=sheets_045_088,"Generic drawing sheet element (DWG-EL-*, Phase 2-I sheet_elements.csv) not elevated to a drawing candidate; drawing layer elevates dimensions/annotations/members/tables/title-blocks/references/views/sheets only.",Log only; Phase 3 decides whether any unreferenced value becomes Golden-relevant.
ORPH-S-0291,DWG-EL-S047-001,,drawing_sheet_element calc_pdf_p49 section=sheets_045_088,"Generic drawing sheet element (DWG-EL-*, Phase 2-I sheet_elements.csv) not elevated to a drawing candidate; drawing layer elevates dimensions/annotations/members/tables/title-blocks/references/views/sheets only.",Log only; Phase 3 decides whether any unreferenced value becomes Golden-relevant.
ORPH-S-0292,DWG-EL-S047-002,,drawing_sheet_element calc_pdf_p49 section=sheets_045_088,"Generic drawing sheet element (DWG-EL-*, Phase 2-I sheet_elements.csv) not elevated to a drawing candidate; drawing layer elevates dimensions/annotations/members/tables/title-blocks/references/views/sheets only.",Log only; Phase 3 decides whether any unreferenced value becomes Golden-relevant.
ORPH-S-0293,DWG-EL-S047-003,,drawing_sheet_element calc_pdf_p49 section=sheets_045_088,"Generic drawing sheet element (DWG-EL-*, Phase 2-I sheet_elements.csv) not elevated to a drawing candidate; drawing layer elevates dimensions/annotations/members/tables/title-blocks/references/views/sheets only.",Log only; Phase 3 decides whether any unreferenced value becomes Golden-relevant.
ORPH-S-0294,DWG-EL-S047-004,,drawing_sheet_element calc_pdf_p49 section=sheets_045_088,"Generic drawing sheet element (DWG-EL-*, Phase 2-I sheet_elements.csv) not elevated to a drawing candidate; drawing layer elevates dimensions/annotations/members/tables/title-blocks/references/views/sheets only.",Log only; Phase 3 decides whether any unreferenced value becomes Golden-relevant.
ORPH-S-0295,DWG-EL-S047-005,,drawing_sheet_element calc_pdf_p49 section=sheets_045_088,"Generic drawing sheet element (DWG-EL-*, Phase 2-I sheet_elements.csv) not elevated to a drawing candidate; drawing layer elevates dimensions/annotations/members/tables/title-blocks/references/views/sheets only.",Log only; Phase 3 decides whether any unreferenced value becomes Golden-relevant.
ORPH-S-0296,DWG-EL-S047-006,,drawing_sheet_element calc_pdf_p49 section=sheets_045_088,"Generic drawing sheet element (DWG-EL-*, Phase 2-I sheet_elements.csv) not elevated to a drawing candidate; drawing layer elevates dimensions/annotations/members/tables/title-blocks/references/views/sheets only.",Log only; Phase 3 decides whether any unreferenced value becomes Golden-relevant.
ORPH-S-0297,DWG-EL-S047-007,,drawing_sheet_element calc_pdf_p49 section=sheets_045_088,"Generic drawing sheet element (DWG-EL-*, Phase 2-I sheet_elements.csv) not elevated to a drawing candidate; drawing layer elevates dimensions/annotations/members/tables/title-blocks/references/views/sheets only.",Log only; Phase 3 decides whether any unreferenced value becomes Golden-relevant.
ORPH-S-0298,DWG-EL-S048-001,,drawing_sheet_element calc_pdf_p50 section=sheets_045_088,"Generic drawing sheet element (DWG-EL-*, Phase 2-I sheet_elements.csv) not elevated to a drawing candidate; drawing layer elevates dimensions/annotations/members/tables/title-blocks/references/views/sheets only.",Log only; Phase 3 decides whether any unreferenced value becomes Golden-relevant.
ORPH-S-0299,DWG-EL-S048-002,,drawing_sheet_element calc_pdf_p50 section=sheets_045_088,"Generic drawing sheet element (DWG-EL-*, Phase 2-I sheet_elements.csv) not elevated to a drawing candidate; drawing layer elevates dimensions/annotations/members/tables/title-blocks/references/views/sheets only.",Log only; Phase 3 decides whether any unreferenced value becomes Golden-relevant.
ORPH-S-0300,DWG-EL-S048-003,,drawing_sheet_element calc_pdf_p50 section=sheets_045_088,"Generic drawing sheet element (DWG-EL-*, Phase 2-I sheet_elements.csv) not elevated to a drawing candidate; drawing layer elevates dimensions/annotations/members/tables/title-blocks/references/views/sheets only.",Log only; Phase 3 decides whether any unreferenced value becomes Golden-relevant.
ORPH-S-0301,DWG-EL-S048-004,,drawing_sheet_element calc_pdf_p50 section=sheets_045_088,"Generic drawing sheet element (DWG-EL-*, Phase 2-I sheet_elements.csv) not elevated to a drawing candidate; drawing layer elevates dimensions/annotations/members/tables/title-blocks/references/views/sheets only.",Log only; Phase 3 decides whether any unreferenced value becomes Golden-relevant.
ORPH-S-0302,DWG-EL-S048-005,,drawing_sheet_element calc_pdf_p50 section=sheets_045_088,"Generic drawing sheet element (DWG-EL-*, Phase 2-I sheet_elements.csv) not elevated to a drawing candidate; drawing layer elevates dimensions/annotations/members/tables/title-blocks/references/views/sheets only.",Log only; Phase 3 decides whether any unreferenced value becomes Golden-relevant.
ORPH-S-0303,DWG-EL-S048-006,,drawing_sheet_element calc_pdf_p50 section=sheets_045_088,"Generic drawing sheet element (DWG-EL-*, Phase 2-I sheet_elements.csv) not elevated to a drawing candidate; drawing layer elevates dimensions/annotations/members/tables/title-blocks/references/views/sheets only.",Log only; Phase 3 decides whether any unreferenced value becomes Golden-relevant.
ORPH-S-0304,DWG-EL-S048-007,,drawing_sheet_element calc_pdf_p50 section=sheets_045_088,"Generic drawing sheet element (DWG-EL-*, Phase 2-I sheet_elements.csv) not elevated to a drawing candidate; drawing layer elevates dimensions/annotations/members/tables/title-blocks/references/views/sheets only.",Log only; Phase 3 decides whether any unreferenced value becomes Golden-relevant.
ORPH-S-0305,DWG-EL-S049-001,,drawing_sheet_element calc_pdf_p51 section=sheets_045_088,"Generic drawing sheet element (DWG-EL-*, Phase 2-I sheet_elements.csv) not elevated to a drawing candidate; drawing layer elevates dimensions/annotations/members/tables/title-blocks/references/views/sheets only.",Log only; Phase 3 decides whether any unreferenced value becomes Golden-relevant.
ORPH-S-0306,DWG-EL-S049-002,,drawing_sheet_element calc_pdf_p51 section=sheets_045_088,"Generic drawing sheet element (DWG-EL-*, Phase 2-I sheet_elements.csv) not elevated to a drawing candidate; drawing layer elevates dimensions/annotations/members/tables/title-blocks/references/views/sheets only.",Log only; Phase 3 decides whether any unreferenced value becomes Golden-relevant.
ORPH-S-0307,DWG-EL-S049-003,,drawing_sheet_element calc_pdf_p51 section=sheets_045_088,"Generic drawing sheet element (DWG-EL-*, Phase 2-I sheet_elements.csv) not elevated to a drawing candidate; drawing layer elevates dimensions/annotations/members/tables/title-blocks/references/views/sheets only.",Log only; Phase 3 decides whether any unreferenced value becomes Golden-relevant.
ORPH-S-0308,DWG-EL-S049-004,,drawing_sheet_element calc_pdf_p51 section=sheets_045_088,"Generic drawing sheet element (DWG-EL-*, Phase 2-I sheet_elements.csv) not elevated to a drawing candidate; drawing layer elevates dimensions/annotations/members/tables/title-blocks/references/views/sheets only.",Log only; Phase 3 decides whether any unreferenced value becomes Golden-relevant.
ORPH-S-0309,DWG-EL-S049-005,,drawing_sheet_element calc_pdf_p51 section=sheets_045_088,"Generic drawing sheet element (DWG-EL-*, Phase 2-I sheet_elements.csv) not elevated to a drawing candidate; drawing layer elevates dimensions/annotations/members/tables/title-blocks/references/views/sheets only.",Log only; Phase 3 decides whether any unreferenced value becomes Golden-relevant.
ORPH-S-0310,DWG-EL-S049-006,,drawing_sheet_element calc_pdf_p51 section=sheets_045_088,"Generic drawing sheet element (DWG-EL-*, Phase 2-I sheet_elements.csv) not elevated to a drawing candidate; drawing layer elevates dimensions/annotations/members/tables/title-blocks/references/views/sheets only.",Log only; Phase 3 decides whether any unreferenced value becomes Golden-relevant.
ORPH-S-0311,DWG-EL-S049-007,,drawing_sheet_element calc_pdf_p51 section=sheets_045_088,"Generic drawing sheet element (DWG-EL-*, Phase 2-I sheet_elements.csv) not elevated to a drawing candidate; drawing layer elevates dimensions/annotations/members/tables/title-blocks/references/views/sheets only.",Log only; Phase 3 decides whether any unreferenced value becomes Golden-relevant.
ORPH-S-0312,DWG-EL-S050-001,,drawing_sheet_element calc_pdf_p52 section=sheets_045_088,"Generic drawing sheet element (DWG-EL-*, Phase 2-I sheet_elements.csv) not elevated to a drawing candidate; drawing layer elevates dimensions/annotations/members/tables/title-blocks/references/views/sheets only.",Log only; Phase 3 decides whether any unreferenced value becomes Golden-relevant.
ORPH-S-0313,DWG-EL-S050-002,,drawing_sheet_element calc_pdf_p52 section=sheets_045_088,"Generic drawing sheet element (DWG-EL-*, Phase 2-I sheet_elements.csv) not elevated to a drawing candidate; drawing layer elevates dimensions/annotations/members/tables/title-blocks/references/views/sheets only.",Log only; Phase 3 decides whether any unreferenced value becomes Golden-relevant.
ORPH-S-0314,DWG-EL-S050-003,,drawing_sheet_element calc_pdf_p52 section=sheets_045_088,"Generic drawing sheet element (DWG-EL-*, Phase 2-I sheet_elements.csv) not elevated to a drawing candidate; drawing layer elevates dimensions/annotations/members/tables/title-blocks/references/views/sheets only.",Log only; Phase 3 decides whether any unreferenced value becomes Golden-relevant.
ORPH-S-0315,DWG-EL-S050-004,,drawing_sheet_element calc_pdf_p52 section=sheets_045_088,"Generic drawing sheet element (DWG-EL-*, Phase 2-I sheet_elements.csv) not elevated to a drawing candidate; drawing layer elevates dimensions/annotations/members/tables/title-blocks/references/views/sheets only.",Log only; Phase 3 decides whether any unreferenced value becomes Golden-relevant.
ORPH-S-0316,DWG-EL-S050-005,,drawing_sheet_element calc_pdf_p52 section=sheets_045_088,"Generic drawing sheet element (DWG-EL-*, Phase 2-I sheet_elements.csv) not elevated to a drawing candidate; drawing layer elevates dimensions/annotations/members/tables/title-blocks/references/views/sheets only.",Log only; Phase 3 decides whether any unreferenced value becomes Golden-relevant.
ORPH-S-0317,DWG-EL-S050-006,,drawing_sheet_element calc_pdf_p52 section=sheets_045_088,"Generic drawing sheet element (DWG-EL-*, Phase 2-I sheet_elements.csv) not elevated to a drawing candidate; drawing layer elevates dimensions/annotations/members/tables/title-blocks/references/views/sheets only.",Log only; Phase 3 decides whether any unreferenced value becomes Golden-relevant.
ORPH-S-0318,DWG-EL-S051-001,,drawing_sheet_element calc_pdf_p53 section=sheets_045_088,"Generic drawing sheet element (DWG-EL-*, Phase 2-I sheet_elements.csv) not elevated to a drawing candidate; drawing layer elevates dimensions/annotations/members/tables/title-blocks/references/views/sheets only.",Log only; Phase 3 decides whether any unreferenced value becomes Golden-relevant.
ORPH-S-0319,DWG-EL-S051-002,,drawing_sheet_element calc_pdf_p53 section=sheets_045_088,"Generic drawing sheet element (DWG-EL-*, Phase 2-I sheet_elements.csv) not elevated to a drawing candidate; drawing layer elevates dimensions/annotations/members/tables/title-blocks/references/views/sheets only.",Log only; Phase 3 decides whether any unreferenced value becomes Golden-relevant.
ORPH-S-0320,DWG-EL-S051-003,,drawing_sheet_element calc_pdf_p53 section=sheets_045_088,"Generic drawing sheet element (DWG-EL-*, Phase 2-I sheet_elements.csv) not elevated to a drawing candidate; drawing layer elevates dimensions/annotations/members/tables/title-blocks/references/views/sheets only.",Log only; Phase 3 decides whether any unreferenced value becomes Golden-relevant.
ORPH-S-0321,DWG-EL-S052-001,,drawing_sheet_element calc_pdf_p54 section=sheets_045_088,"Generic drawing sheet element (DWG-EL-*, Phase 2-I sheet_elements.csv) not elevated to a drawing candidate; drawing layer elevates dimensions/annotations/members/tables/title-blocks/references/views/sheets only.",Log only; Phase 3 decides whether any unreferenced value becomes Golden-relevant.
ORPH-S-0322,DWG-EL-S052-002,,drawing_sheet_element calc_pdf_p54 section=sheets_045_088,"Generic drawing sheet element (DWG-EL-*, Phase 2-I sheet_elements.csv) not elevated to a drawing candidate; drawing layer elevates dimensions/annotations/members/tables/title-blocks/references/views/sheets only.",Log only; Phase 3 decides whether any unreferenced value becomes Golden-relevant.
ORPH-S-0323,DWG-EL-S052-003,,drawing_sheet_element calc_pdf_p54 section=sheets_045_088,"Generic drawing sheet element (DWG-EL-*, Phase 2-I sheet_elements.csv) not elevated to a drawing candidate; drawing layer elevates dimensions/annotations/members/tables/title-blocks/references/views/sheets only.",Log only; Phase 3 decides whether any unreferenced value becomes Golden-relevant.
ORPH-S-0324,DWG-EL-S053-001,,drawing_sheet_element calc_pdf_p55 section=sheets_045_088,"Generic drawing sheet element (DWG-EL-*, Phase 2-I sheet_elements.csv) not elevated to a drawing candidate; drawing layer elevates dimensions/annotations/members/tables/title-blocks/references/views/sheets only.",Log only; Phase 3 decides whether any unreferenced value becomes Golden-relevant.
ORPH-S-0325,DWG-EL-S053-002,,drawing_sheet_element calc_pdf_p55 section=sheets_045_088,"Generic drawing sheet element (DWG-EL-*, Phase 2-I sheet_elements.csv) not elevated to a drawing candidate; drawing layer elevates dimensions/annotations/members/tables/title-blocks/references/views/sheets only.",Log only; Phase 3 decides whether any unreferenced value becomes Golden-relevant.
ORPH-S-0326,DWG-EL-S053-003,,drawing_sheet_element calc_pdf_p55 section=sheets_045_088,"Generic drawing sheet element (DWG-EL-*, Phase 2-I sheet_elements.csv) not elevated to a drawing candidate; drawing layer elevates dimensions/annotations/members/tables/title-blocks/references/views/sheets only.",Log only; Phase 3 decides whether any unreferenced value becomes Golden-relevant.
ORPH-S-0327,DWG-EL-S054-001,,drawing_sheet_element calc_pdf_p56 section=sheets_045_088,"Generic drawing sheet element (DWG-EL-*, Phase 2-I sheet_elements.csv) not elevated to a drawing candidate; drawing layer elevates dimensions/annotations/members/tables/title-blocks/references/views/sheets only.",Log only; Phase 3 decides whether any unreferenced value becomes Golden-relevant.
ORPH-S-0328,DWG-EL-S054-002,,drawing_sheet_element calc_pdf_p56 section=sheets_045_088,"Generic drawing sheet element (DWG-EL-*, Phase 2-I sheet_elements.csv) not elevated to a drawing candidate; drawing layer elevates dimensions/annotations/members/tables/title-blocks/references/views/sheets only.",Log only; Phase 3 decides whether any unreferenced value becomes Golden-relevant.
ORPH-S-0329,DWG-EL-S054-003,,drawing_sheet_element calc_pdf_p56 section=sheets_045_088,"Generic drawing sheet element (DWG-EL-*, Phase 2-I sheet_elements.csv) not elevated to a drawing candidate; drawing layer elevates dimensions/annotations/members/tables/title-blocks/references/views/sheets only.",Log only; Phase 3 decides whether any unreferenced value becomes Golden-relevant.
ORPH-S-0330,DWG-EL-S055-001,,drawing_sheet_element calc_pdf_p57 section=sheets_045_088,"Generic drawing sheet element (DWG-EL-*, Phase 2-I sheet_elements.csv) not elevated to a drawing candidate; drawing layer elevates dimensions/annotations/members/tables/title-blocks/references/views/sheets only.",Log only; Phase 3 decides whether any unreferenced value becomes Golden-relevant.
ORPH-S-0331,DWG-EL-S055-002,,drawing_sheet_element calc_pdf_p57 section=sheets_045_088,"Generic drawing sheet element (DWG-EL-*, Phase 2-I sheet_elements.csv) not elevated to a drawing candidate; drawing layer elevates dimensions/annotations/members/tables/title-blocks/references/views/sheets only.",Log only; Phase 3 decides whether any unreferenced value becomes Golden-relevant.
ORPH-S-0332,DWG-EL-S055-003,,drawing_sheet_element calc_pdf_p57 section=sheets_045_088,"Generic drawing sheet element (DWG-EL-*, Phase 2-I sheet_elements.csv) not elevated to a drawing candidate; drawing layer elevates dimensions/annotations/members/tables/title-blocks/references/views/sheets only.",Log only; Phase 3 decides whether any unreferenced value becomes Golden-relevant.
ORPH-S-0333,DWG-EL-S056-001,,drawing_sheet_element calc_pdf_p58 section=sheets_045_088,"Generic drawing sheet element (DWG-EL-*, Phase 2-I sheet_elements.csv) not elevated to a drawing candidate; drawing layer elevates dimensions/annotations/members/tables/title-blocks/references/views/sheets only.",Log only; Phase 3 decides whether any unreferenced value becomes Golden-relevant.
ORPH-S-0334,DWG-EL-S056-002,,drawing_sheet_element calc_pdf_p58 section=sheets_045_088,"Generic drawing sheet element (DWG-EL-*, Phase 2-I sheet_elements.csv) not elevated to a drawing candidate; drawing layer elevates dimensions/annotations/members/tables/title-blocks/references/views/sheets only.",Log only; Phase 3 decides whether any unreferenced value becomes Golden-relevant.
ORPH-S-0335,DWG-EL-S056-003,,drawing_sheet_element calc_pdf_p58 section=sheets_045_088,"Generic drawing sheet element (DWG-EL-*, Phase 2-I sheet_elements.csv) not elevated to a drawing candidate; drawing layer elevates dimensions/annotations/members/tables/title-blocks/references/views/sheets only.",Log only; Phase 3 decides whether any unreferenced value becomes Golden-relevant.
ORPH-S-0336,DWG-EL-S057-001,,drawing_sheet_element calc_pdf_p59 section=sheets_045_088,"Generic drawing sheet element (DWG-EL-*, Phase 2-I sheet_elements.csv) not elevated to a drawing candidate; drawing layer elevates dimensions/annotations/members/tables/title-blocks/references/views/sheets only.",Log only; Phase 3 decides whether any unreferenced value becomes Golden-relevant.
ORPH-S-0337,DWG-EL-S057-002,,drawing_sheet_element calc_pdf_p59 section=sheets_045_088,"Generic drawing sheet element (DWG-EL-*, Phase 2-I sheet_elements.csv) not elevated to a drawing candidate; drawing layer elevates dimensions/annotations/members/tables/title-blocks/references/views/sheets only.",Log only; Phase 3 decides whether any unreferenced value becomes Golden-relevant.
ORPH-S-0338,DWG-EL-S057-003,,drawing_sheet_element calc_pdf_p59 section=sheets_045_088,"Generic drawing sheet element (DWG-EL-*, Phase 2-I sheet_elements.csv) not elevated to a drawing candidate; drawing layer elevates dimensions/annotations/members/tables/title-blocks/references/views/sheets only.",Log only; Phase 3 decides whether any unreferenced value becomes Golden-relevant.
ORPH-S-0339,DWG-EL-S058-001,,drawing_sheet_element calc_pdf_p60 section=sheets_045_088,"Generic drawing sheet element (DWG-EL-*, Phase 2-I sheet_elements.csv) not elevated to a drawing candidate; drawing layer elevates dimensions/annotations/members/tables/title-blocks/references/views/sheets only.",Log only; Phase 3 decides whether any unreferenced value becomes Golden-relevant.
ORPH-S-0340,DWG-EL-S058-002,,drawing_sheet_element calc_pdf_p60 section=sheets_045_088,"Generic drawing sheet element (DWG-EL-*, Phase 2-I sheet_elements.csv) not elevated to a drawing candidate; drawing layer elevates dimensions/annotations/members/tables/title-blocks/references/views/sheets only.",Log only; Phase 3 decides whether any unreferenced value becomes Golden-relevant.
ORPH-S-0341,DWG-EL-S058-003,,drawing_sheet_element calc_pdf_p60 section=sheets_045_088,"Generic drawing sheet element (DWG-EL-*, Phase 2-I sheet_elements.csv) not elevated to a drawing candidate; drawing layer elevates dimensions/annotations/members/tables/title-blocks/references/views/sheets only.",Log only; Phase 3 decides whether any unreferenced value becomes Golden-relevant.
ORPH-S-0342,DWG-EL-S059-001,,drawing_sheet_element calc_pdf_p61 section=sheets_045_088,"Generic drawing sheet element (DWG-EL-*, Phase 2-I sheet_elements.csv) not elevated to a drawing candidate; drawing layer elevates dimensions/annotations/members/tables/title-blocks/references/views/sheets only.",Log only; Phase 3 decides whether any unreferenced value becomes Golden-relevant.
ORPH-S-0343,DWG-EL-S059-002,,drawing_sheet_element calc_pdf_p61 section=sheets_045_088,"Generic drawing sheet element (DWG-EL-*, Phase 2-I sheet_elements.csv) not elevated to a drawing candidate; drawing layer elevates dimensions/annotations/members/tables/title-blocks/references/views/sheets only.",Log only; Phase 3 decides whether any unreferenced value becomes Golden-relevant.
ORPH-S-0344,DWG-EL-S059-003,,drawing_sheet_element calc_pdf_p61 section=sheets_045_088,"Generic drawing sheet element (DWG-EL-*, Phase 2-I sheet_elements.csv) not elevated to a drawing candidate; drawing layer elevates dimensions/annotations/members/tables/title-blocks/references/views/sheets only.",Log only; Phase 3 decides whether any unreferenced value becomes Golden-relevant.
ORPH-S-0345,DWG-EL-S060-001,,drawing_sheet_element calc_pdf_p62 section=sheets_045_088,"Generic drawing sheet element (DWG-EL-*, Phase 2-I sheet_elements.csv) not elevated to a drawing candidate; drawing layer elevates dimensions/annotations/members/tables/title-blocks/references/views/sheets only.",Log only; Phase 3 decides whether any unreferenced value becomes Golden-relevant.
ORPH-S-0346,DWG-EL-S060-002,,drawing_sheet_element calc_pdf_p62 section=sheets_045_088,"Generic drawing sheet element (DWG-EL-*, Phase 2-I sheet_elements.csv) not elevated to a drawing candidate; drawing layer elevates dimensions/annotations/members/tables/title-blocks/references/views/sheets only.",Log only; Phase 3 decides whether any unreferenced value becomes Golden-relevant.
ORPH-S-0347,DWG-EL-S060-003,,drawing_sheet_element calc_pdf_p62 section=sheets_045_088,"Generic drawing sheet element (DWG-EL-*, Phase 2-I sheet_elements.csv) not elevated to a drawing candidate; drawing layer elevates dimensions/annotations/members/tables/title-blocks/references/views/sheets only.",Log only; Phase 3 decides whether any unreferenced value becomes Golden-relevant.
ORPH-S-0348,DWG-EL-S061-001,,drawing_sheet_element calc_pdf_p63 section=sheets_045_088,"Generic drawing sheet element (DWG-EL-*, Phase 2-I sheet_elements.csv) not elevated to a drawing candidate; drawing layer elevates dimensions/annotations/members/tables/title-blocks/references/views/sheets only.",Log only; Phase 3 decides whether any unreferenced value becomes Golden-relevant.
ORPH-S-0349,DWG-EL-S061-002,,drawing_sheet_element calc_pdf_p63 section=sheets_045_088,"Generic drawing sheet element (DWG-EL-*, Phase 2-I sheet_elements.csv) not elevated to a drawing candidate; drawing layer elevates dimensions/annotations/members/tables/title-blocks/references/views/sheets only.",Log only; Phase 3 decides whether any unreferenced value becomes Golden-relevant.
ORPH-S-0350,DWG-EL-S061-003,,drawing_sheet_element calc_pdf_p63 section=sheets_045_088,"Generic drawing sheet element (DWG-EL-*, Phase 2-I sheet_elements.csv) not elevated to a drawing candidate; drawing layer elevates dimensions/annotations/members/tables/title-blocks/references/views/sheets only.",Log only; Phase 3 decides whether any unreferenced value becomes Golden-relevant.
ORPH-S-0351,DWG-EL-S061-004,,drawing_sheet_element calc_pdf_p63 section=sheets_045_088,"Generic drawing sheet element (DWG-EL-*, Phase 2-I sheet_elements.csv) not elevated to a drawing candidate; drawing layer elevates dimensions/annotations/members/tables/title-blocks/references/views/sheets only.",Log only; Phase 3 decides whether any unreferenced value becomes Golden-relevant.
ORPH-S-0352,DWG-EL-S061-005,,drawing_sheet_element calc_pdf_p63 section=sheets_045_088,"Generic drawing sheet element (DWG-EL-*, Phase 2-I sheet_elements.csv) not elevated to a drawing candidate; drawing layer elevates dimensions/annotations/members/tables/title-blocks/references/views/sheets only.",Log only; Phase 3 decides whether any unreferenced value becomes Golden-relevant.
ORPH-S-0353,DWG-EL-S061-006,,drawing_sheet_element calc_pdf_p63 section=sheets_045_088,"Generic drawing sheet element (DWG-EL-*, Phase 2-I sheet_elements.csv) not elevated to a drawing candidate; drawing layer elevates dimensions/annotations/members/tables/title-blocks/references/views/sheets only.",Log only; Phase 3 decides whether any unreferenced value becomes Golden-relevant.
ORPH-S-0354,DWG-EL-S061-007,,drawing_sheet_element calc_pdf_p63 section=sheets_045_088,"Generic drawing sheet element (DWG-EL-*, Phase 2-I sheet_elements.csv) not elevated to a drawing candidate; drawing layer elevates dimensions/annotations/members/tables/title-blocks/references/views/sheets only.",Log only; Phase 3 decides whether any unreferenced value becomes Golden-relevant.
ORPH-S-0355,DWG-EL-S061-008,,drawing_sheet_element calc_pdf_p63 section=sheets_045_088,"Generic drawing sheet element (DWG-EL-*, Phase 2-I sheet_elements.csv) not elevated to a drawing candidate; drawing layer elevates dimensions/annotations/members/tables/title-blocks/references/views/sheets only.",Log only; Phase 3 decides whether any unreferenced value becomes Golden-relevant.
ORPH-S-0356,DWG-EL-S061-009,,drawing_sheet_element calc_pdf_p63 section=sheets_045_088,"Generic drawing sheet element (DWG-EL-*, Phase 2-I sheet_elements.csv) not elevated to a drawing candidate; drawing layer elevates dimensions/annotations/members/tables/title-blocks/references/views/sheets only.",Log only; Phase 3 decides whether any unreferenced value becomes Golden-relevant.
ORPH-S-0357,DWG-EL-S062-001,,drawing_sheet_element calc_pdf_p64 section=sheets_045_088,"Generic drawing sheet element (DWG-EL-*, Phase 2-I sheet_elements.csv) not elevated to a drawing candidate; drawing layer elevates dimensions/annotations/members/tables/title-blocks/references/views/sheets only.",Log only; Phase 3 decides whether any unreferenced value becomes Golden-relevant.
ORPH-S-0358,DWG-EL-S062-002,,drawing_sheet_element calc_pdf_p64 section=sheets_045_088,"Generic drawing sheet element (DWG-EL-*, Phase 2-I sheet_elements.csv) not elevated to a drawing candidate; drawing layer elevates dimensions/annotations/members/tables/title-blocks/references/views/sheets only.",Log only; Phase 3 decides whether any unreferenced value becomes Golden-relevant.
ORPH-S-0359,DWG-EL-S062-003,,drawing_sheet_element calc_pdf_p64 section=sheets_045_088,"Generic drawing sheet element (DWG-EL-*, Phase 2-I sheet_elements.csv) not elevated to a drawing candidate; drawing layer elevates dimensions/annotations/members/tables/title-blocks/references/views/sheets only.",Log only; Phase 3 decides whether any unreferenced value becomes Golden-relevant.
ORPH-S-0360,DWG-EL-S062-004,,drawing_sheet_element calc_pdf_p64 section=sheets_045_088,"Generic drawing sheet element (DWG-EL-*, Phase 2-I sheet_elements.csv) not elevated to a drawing candidate; drawing layer elevates dimensions/annotations/members/tables/title-blocks/references/views/sheets only.",Log only; Phase 3 decides whether any unreferenced value becomes Golden-relevant.
ORPH-S-0361,DWG-EL-S063-001,,drawing_sheet_element calc_pdf_p65 section=sheets_045_088,"Generic drawing sheet element (DWG-EL-*, Phase 2-I sheet_elements.csv) not elevated to a drawing candidate; drawing layer elevates dimensions/annotations/members/tables/title-blocks/references/views/sheets only.",Log only; Phase 3 decides whether any unreferenced value becomes Golden-relevant.
ORPH-S-0362,DWG-EL-S063-002,,drawing_sheet_element calc_pdf_p65 section=sheets_045_088,"Generic drawing sheet element (DWG-EL-*, Phase 2-I sheet_elements.csv) not elevated to a drawing candidate; drawing layer elevates dimensions/annotations/members/tables/title-blocks/references/views/sheets only.",Log only; Phase 3 decides whether any unreferenced value becomes Golden-relevant.
ORPH-S-0363,DWG-EL-S063-003,,drawing_sheet_element calc_pdf_p65 section=sheets_045_088,"Generic drawing sheet element (DWG-EL-*, Phase 2-I sheet_elements.csv) not elevated to a drawing candidate; drawing layer elevates dimensions/annotations/members/tables/title-blocks/references/views/sheets only.",Log only; Phase 3 decides whether any unreferenced value becomes Golden-relevant.
ORPH-S-0364,DWG-EL-S063-004,,drawing_sheet_element calc_pdf_p65 section=sheets_045_088,"Generic drawing sheet element (DWG-EL-*, Phase 2-I sheet_elements.csv) not elevated to a drawing candidate; drawing layer elevates dimensions/annotations/members/tables/title-blocks/references/views/sheets only.",Log only; Phase 3 decides whether any unreferenced value becomes Golden-relevant.
ORPH-S-0365,DWG-EL-S064-001,,drawing_sheet_element calc_pdf_p66 section=sheets_045_088,"Generic drawing sheet element (DWG-EL-*, Phase 2-I sheet_elements.csv) not elevated to a drawing candidate; drawing layer elevates dimensions/annotations/members/tables/title-blocks/references/views/sheets only.",Log only; Phase 3 decides whether any unreferenced value becomes Golden-relevant.
ORPH-S-0366,DWG-EL-S064-002,,drawing_sheet_element calc_pdf_p66 section=sheets_045_088,"Generic drawing sheet element (DWG-EL-*, Phase 2-I sheet_elements.csv) not elevated to a drawing candidate; drawing layer elevates dimensions/annotations/members/tables/title-blocks/references/views/sheets only.",Log only; Phase 3 decides whether any unreferenced value becomes Golden-relevant.
ORPH-S-0367,DWG-EL-S064-003,,drawing_sheet_element calc_pdf_p66 section=sheets_045_088,"Generic drawing sheet element (DWG-EL-*, Phase 2-I sheet_elements.csv) not elevated to a drawing candidate; drawing layer elevates dimensions/annotations/members/tables/title-blocks/references/views/sheets only.",Log only; Phase 3 decides whether any unreferenced value becomes Golden-relevant.
ORPH-S-0368,DWG-EL-S065-001,,drawing_sheet_element calc_pdf_p67 section=sheets_045_088,"Generic drawing sheet element (DWG-EL-*, Phase 2-I sheet_elements.csv) not elevated to a drawing candidate; drawing layer elevates dimensions/annotations/members/tables/title-blocks/references/views/sheets only.",Log only; Phase 3 decides whether any unreferenced value becomes Golden-relevant.
ORPH-S-0369,DWG-EL-S065-002,,drawing_sheet_element calc_pdf_p67 section=sheets_045_088,"Generic drawing sheet element (DWG-EL-*, Phase 2-I sheet_elements.csv) not elevated to a drawing candidate; drawing layer elevates dimensions/annotations/members/tables/title-blocks/references/views/sheets only.",Log only; Phase 3 decides whether any unreferenced value becomes Golden-relevant.
ORPH-S-0370,DWG-EL-S065-003,,drawing_sheet_element calc_pdf_p67 section=sheets_045_088,"Generic drawing sheet element (DWG-EL-*, Phase 2-I sheet_elements.csv) not elevated to a drawing candidate; drawing layer elevates dimensions/annotations/members/tables/title-blocks/references/views/sheets only.",Log only; Phase 3 decides whether any unreferenced value becomes Golden-relevant.
ORPH-S-0371,DWG-EL-S066-001,,drawing_sheet_element calc_pdf_p68 section=sheets_045_088,"Generic drawing sheet element (DWG-EL-*, Phase 2-I sheet_elements.csv) not elevated to a drawing candidate; drawing layer elevates dimensions/annotations/members/tables/title-blocks/references/views/sheets only.",Log only; Phase 3 decides whether any unreferenced value becomes Golden-relevant.
ORPH-S-0372,DWG-EL-S066-002,,drawing_sheet_element calc_pdf_p68 section=sheets_045_088,"Generic drawing sheet element (DWG-EL-*, Phase 2-I sheet_elements.csv) not elevated to a drawing candidate; drawing layer elevates dimensions/annotations/members/tables/title-blocks/references/views/sheets only.",Log only; Phase 3 decides whether any unreferenced value becomes Golden-relevant.
ORPH-S-0373,DWG-EL-S066-003,,drawing_sheet_element calc_pdf_p68 section=sheets_045_088,"Generic drawing sheet element (DWG-EL-*, Phase 2-I sheet_elements.csv) not elevated to a drawing candidate; drawing layer elevates dimensions/annotations/members/tables/title-blocks/references/views/sheets only.",Log only; Phase 3 decides whether any unreferenced value becomes Golden-relevant.
ORPH-S-0374,DWG-EL-S067-001,,drawing_sheet_element calc_pdf_p69 section=sheets_045_088,"Generic drawing sheet element (DWG-EL-*, Phase 2-I sheet_elements.csv) not elevated to a drawing candidate; drawing layer elevates dimensions/annotations/members/tables/title-blocks/references/views/sheets only.",Log only; Phase 3 decides whether any unreferenced value becomes Golden-relevant.
ORPH-S-0375,DWG-EL-S067-002,,drawing_sheet_element calc_pdf_p69 section=sheets_045_088,"Generic drawing sheet element (DWG-EL-*, Phase 2-I sheet_elements.csv) not elevated to a drawing candidate; drawing layer elevates dimensions/annotations/members/tables/title-blocks/references/views/sheets only.",Log only; Phase 3 decides whether any unreferenced value becomes Golden-relevant.
ORPH-S-0376,DWG-EL-S067-003,,drawing_sheet_element calc_pdf_p69 section=sheets_045_088,"Generic drawing sheet element (DWG-EL-*, Phase 2-I sheet_elements.csv) not elevated to a drawing candidate; drawing layer elevates dimensions/annotations/members/tables/title-blocks/references/views/sheets only.",Log only; Phase 3 decides whether any unreferenced value becomes Golden-relevant.
ORPH-S-0377,DWG-EL-S068-001,,drawing_sheet_element calc_pdf_p70 section=sheets_045_088,"Generic drawing sheet element (DWG-EL-*, Phase 2-I sheet_elements.csv) not elevated to a drawing candidate; drawing layer elevates dimensions/annotations/members/tables/title-blocks/references/views/sheets only.",Log only; Phase 3 decides whether any unreferenced value becomes Golden-relevant.
ORPH-S-0378,DWG-EL-S068-002,,drawing_sheet_element calc_pdf_p70 section=sheets_045_088,"Generic drawing sheet element (DWG-EL-*, Phase 2-I sheet_elements.csv) not elevated to a drawing candidate; drawing layer elevates dimensions/annotations/members/tables/title-blocks/references/views/sheets only.",Log only; Phase 3 decides whether any unreferenced value becomes Golden-relevant.
ORPH-S-0379,DWG-EL-S068-003,,drawing_sheet_element calc_pdf_p70 section=sheets_045_088,"Generic drawing sheet element (DWG-EL-*, Phase 2-I sheet_elements.csv) not elevated to a drawing candidate; drawing layer elevates dimensions/annotations/members/tables/title-blocks/references/views/sheets only.",Log only; Phase 3 decides whether any unreferenced value becomes Golden-relevant.
ORPH-S-0380,DWG-EL-S068-004,,drawing_sheet_element calc_pdf_p70 section=sheets_045_088,"Generic drawing sheet element (DWG-EL-*, Phase 2-I sheet_elements.csv) not elevated to a drawing candidate; drawing layer elevates dimensions/annotations/members/tables/title-blocks/references/views/sheets only.",Log only; Phase 3 decides whether any unreferenced value becomes Golden-relevant.
ORPH-S-0381,DWG-EL-S068-005,,drawing_sheet_element calc_pdf_p70 section=sheets_045_088,"Generic drawing sheet element (DWG-EL-*, Phase 2-I sheet_elements.csv) not elevated to a drawing candidate; drawing layer elevates dimensions/annotations/members/tables/title-blocks/references/views/sheets only.",Log only; Phase 3 decides whether any unreferenced value becomes Golden-relevant.
ORPH-S-0382,DWG-EL-S068-006,,drawing_sheet_element calc_pdf_p70 section=sheets_045_088,"Generic drawing sheet element (DWG-EL-*, Phase 2-I sheet_elements.csv) not elevated to a drawing candidate; drawing layer elevates dimensions/annotations/members/tables/title-blocks/references/views/sheets only.",Log only; Phase 3 decides whether any unreferenced value becomes Golden-relevant.
ORPH-S-0383,DWG-EL-S069-001,,drawing_sheet_element calc_pdf_p71 section=sheets_045_088,"Generic drawing sheet element (DWG-EL-*, Phase 2-I sheet_elements.csv) not elevated to a drawing candidate; drawing layer elevates dimensions/annotations/members/tables/title-blocks/references/views/sheets only.",Log only; Phase 3 decides whether any unreferenced value becomes Golden-relevant.
ORPH-S-0384,DWG-EL-S069-002,,drawing_sheet_element calc_pdf_p71 section=sheets_045_088,"Generic drawing sheet element (DWG-EL-*, Phase 2-I sheet_elements.csv) not elevated to a drawing candidate; drawing layer elevates dimensions/annotations/members/tables/title-blocks/references/views/sheets only.",Log only; Phase 3 decides whether any unreferenced value becomes Golden-relevant.
ORPH-S-0385,DWG-EL-S069-003,,drawing_sheet_element calc_pdf_p71 section=sheets_045_088,"Generic drawing sheet element (DWG-EL-*, Phase 2-I sheet_elements.csv) not elevated to a drawing candidate; drawing layer elevates dimensions/annotations/members/tables/title-blocks/references/views/sheets only.",Log only; Phase 3 decides whether any unreferenced value becomes Golden-relevant.
ORPH-S-0386,DWG-EL-S070-001,,drawing_sheet_element calc_pdf_p72 section=sheets_045_088,"Generic drawing sheet element (DWG-EL-*, Phase 2-I sheet_elements.csv) not elevated to a drawing candidate; drawing layer elevates dimensions/annotations/members/tables/title-blocks/references/views/sheets only.",Log only; Phase 3 decides whether any unreferenced value becomes Golden-relevant.
ORPH-S-0387,DWG-EL-S070-002,,drawing_sheet_element calc_pdf_p72 section=sheets_045_088,"Generic drawing sheet element (DWG-EL-*, Phase 2-I sheet_elements.csv) not elevated to a drawing candidate; drawing layer elevates dimensions/annotations/members/tables/title-blocks/references/views/sheets only.",Log only; Phase 3 decides whether any unreferenced value becomes Golden-relevant.
ORPH-S-0388,DWG-EL-S070-003,,drawing_sheet_element calc_pdf_p72 section=sheets_045_088,"Generic drawing sheet element (DWG-EL-*, Phase 2-I sheet_elements.csv) not elevated to a drawing candidate; drawing layer elevates dimensions/annotations/members/tables/title-blocks/references/views/sheets only.",Log only; Phase 3 decides whether any unreferenced value becomes Golden-relevant.
ORPH-S-0389,DWG-EL-S071-001,,drawing_sheet_element calc_pdf_p73 section=sheets_045_088,"Generic drawing sheet element (DWG-EL-*, Phase 2-I sheet_elements.csv) not elevated to a drawing candidate; drawing layer elevates dimensions/annotations/members/tables/title-blocks/references/views/sheets only.",Log only; Phase 3 decides whether any unreferenced value becomes Golden-relevant.
ORPH-S-0390,DWG-EL-S071-002,,drawing_sheet_element calc_pdf_p73 section=sheets_045_088,"Generic drawing sheet element (DWG-EL-*, Phase 2-I sheet_elements.csv) not elevated to a drawing candidate; drawing layer elevates dimensions/annotations/members/tables/title-blocks/references/views/sheets only.",Log only; Phase 3 decides whether any unreferenced value becomes Golden-relevant.
ORPH-S-0391,DWG-EL-S071-003,,drawing_sheet_element calc_pdf_p73 section=sheets_045_088,"Generic drawing sheet element (DWG-EL-*, Phase 2-I sheet_elements.csv) not elevated to a drawing candidate; drawing layer elevates dimensions/annotations/members/tables/title-blocks/references/views/sheets only.",Log only; Phase 3 decides whether any unreferenced value becomes Golden-relevant.
ORPH-S-0392,DWG-EL-S072-001,,drawing_sheet_element calc_pdf_p74 section=sheets_045_088,"Generic drawing sheet element (DWG-EL-*, Phase 2-I sheet_elements.csv) not elevated to a drawing candidate; drawing layer elevates dimensions/annotations/members/tables/title-blocks/references/views/sheets only.",Log only; Phase 3 decides whether any unreferenced value becomes Golden-relevant.
ORPH-S-0393,DWG-EL-S072-002,,drawing_sheet_element calc_pdf_p74 section=sheets_045_088,"Generic drawing sheet element (DWG-EL-*, Phase 2-I sheet_elements.csv) not elevated to a drawing candidate; drawing layer elevates dimensions/annotations/members/tables/title-blocks/references/views/sheets only.",Log only; Phase 3 decides whether any unreferenced value becomes Golden-relevant.
ORPH-S-0394,DWG-EL-S072-003,,drawing_sheet_element calc_pdf_p74 section=sheets_045_088,"Generic drawing sheet element (DWG-EL-*, Phase 2-I sheet_elements.csv) not elevated to a drawing candidate; drawing layer elevates dimensions/annotations/members/tables/title-blocks/references/views/sheets only.",Log only; Phase 3 decides whether any unreferenced value becomes Golden-relevant.
ORPH-S-0395,DWG-EL-S072-004,,drawing_sheet_element calc_pdf_p74 section=sheets_045_088,"Generic drawing sheet element (DWG-EL-*, Phase 2-I sheet_elements.csv) not elevated to a drawing candidate; drawing layer elevates dimensions/annotations/members/tables/title-blocks/references/views/sheets only.",Log only; Phase 3 decides whether any unreferenced value becomes Golden-relevant.
ORPH-S-0396,DWG-EL-S072-005,,drawing_sheet_element calc_pdf_p74 section=sheets_045_088,"Generic drawing sheet element (DWG-EL-*, Phase 2-I sheet_elements.csv) not elevated to a drawing candidate; drawing layer elevates dimensions/annotations/members/tables/title-blocks/references/views/sheets only.",Log only; Phase 3 decides whether any unreferenced value becomes Golden-relevant.
ORPH-S-0397,DWG-EL-S072-006,,drawing_sheet_element calc_pdf_p74 section=sheets_045_088,"Generic drawing sheet element (DWG-EL-*, Phase 2-I sheet_elements.csv) not elevated to a drawing candidate; drawing layer elevates dimensions/annotations/members/tables/title-blocks/references/views/sheets only.",Log only; Phase 3 decides whether any unreferenced value becomes Golden-relevant.
ORPH-S-0398,DWG-EL-S072-007,,drawing_sheet_element calc_pdf_p74 section=sheets_045_088,"Generic drawing sheet element (DWG-EL-*, Phase 2-I sheet_elements.csv) not elevated to a drawing candidate; drawing layer elevates dimensions/annotations/members/tables/title-blocks/references/views/sheets only.",Log only; Phase 3 decides whether any unreferenced value becomes Golden-relevant.
ORPH-S-0399,DWG-EL-S072-008,,drawing_sheet_element calc_pdf_p74 section=sheets_045_088,"Generic drawing sheet element (DWG-EL-*, Phase 2-I sheet_elements.csv) not elevated to a drawing candidate; drawing layer elevates dimensions/annotations/members/tables/title-blocks/references/views/sheets only.",Log only; Phase 3 decides whether any unreferenced value becomes Golden-relevant.
ORPH-S-0400,DWG-EL-S072-009,,drawing_sheet_element calc_pdf_p74 section=sheets_045_088,"Generic drawing sheet element (DWG-EL-*, Phase 2-I sheet_elements.csv) not elevated to a drawing candidate; drawing layer elevates dimensions/annotations/members/tables/title-blocks/references/views/sheets only.",Log only; Phase 3 decides whether any unreferenced value becomes Golden-relevant.
ORPH-S-0401,DWG-EL-S072-010,,drawing_sheet_element calc_pdf_p74 section=sheets_045_088,"Generic drawing sheet element (DWG-EL-*, Phase 2-I sheet_elements.csv) not elevated to a drawing candidate; drawing layer elevates dimensions/annotations/members/tables/title-blocks/references/views/sheets only.",Log only; Phase 3 decides whether any unreferenced value becomes Golden-relevant.
ORPH-S-0402,DWG-EL-S072-011,,drawing_sheet_element calc_pdf_p74 section=sheets_045_088,"Generic drawing sheet element (DWG-EL-*, Phase 2-I sheet_elements.csv) not elevated to a drawing candidate; drawing layer elevates dimensions/annotations/members/tables/title-blocks/references/views/sheets only.",Log only; Phase 3 decides whether any unreferenced value becomes Golden-relevant.
ORPH-S-0403,DWG-EL-S072-012,,drawing_sheet_element calc_pdf_p74 section=sheets_045_088,"Generic drawing sheet element (DWG-EL-*, Phase 2-I sheet_elements.csv) not elevated to a drawing candidate; drawing layer elevates dimensions/annotations/members/tables/title-blocks/references/views/sheets only.",Log only; Phase 3 decides whether any unreferenced value becomes Golden-relevant.
ORPH-S-0404,DWG-EL-S072-013,,drawing_sheet_element calc_pdf_p74 section=sheets_045_088,"Generic drawing sheet element (DWG-EL-*, Phase 2-I sheet_elements.csv) not elevated to a drawing candidate; drawing layer elevates dimensions/annotations/members/tables/title-blocks/references/views/sheets only.",Log only; Phase 3 decides whether any unreferenced value becomes Golden-relevant.
ORPH-S-0405,DWG-EL-S072-014,,drawing_sheet_element calc_pdf_p74 section=sheets_045_088,"Generic drawing sheet element (DWG-EL-*, Phase 2-I sheet_elements.csv) not elevated to a drawing candidate; drawing layer elevates dimensions/annotations/members/tables/title-blocks/references/views/sheets only.",Log only; Phase 3 decides whether any unreferenced value becomes Golden-relevant.
ORPH-S-0406,DWG-EL-S073-001,,drawing_sheet_element calc_pdf_p75 section=sheets_045_088,"Generic drawing sheet element (DWG-EL-*, Phase 2-I sheet_elements.csv) not elevated to a drawing candidate; drawing layer elevates dimensions/annotations/members/tables/title-blocks/references/views/sheets only.",Log only; Phase 3 decides whether any unreferenced value becomes Golden-relevant.
ORPH-S-0407,DWG-EL-S073-002,,drawing_sheet_element calc_pdf_p75 section=sheets_045_088,"Generic drawing sheet element (DWG-EL-*, Phase 2-I sheet_elements.csv) not elevated to a drawing candidate; drawing layer elevates dimensions/annotations/members/tables/title-blocks/references/views/sheets only.",Log only; Phase 3 decides whether any unreferenced value becomes Golden-relevant.
ORPH-S-0408,DWG-EL-S073-003,,drawing_sheet_element calc_pdf_p75 section=sheets_045_088,"Generic drawing sheet element (DWG-EL-*, Phase 2-I sheet_elements.csv) not elevated to a drawing candidate; drawing layer elevates dimensions/annotations/members/tables/title-blocks/references/views/sheets only.",Log only; Phase 3 decides whether any unreferenced value becomes Golden-relevant.
ORPH-S-0409,DWG-EL-S073-004,,drawing_sheet_element calc_pdf_p75 section=sheets_045_088,"Generic drawing sheet element (DWG-EL-*, Phase 2-I sheet_elements.csv) not elevated to a drawing candidate; drawing layer elevates dimensions/annotations/members/tables/title-blocks/references/views/sheets only.",Log only; Phase 3 decides whether any unreferenced value becomes Golden-relevant.
ORPH-S-0410,DWG-EL-S073-005,,drawing_sheet_element calc_pdf_p75 section=sheets_045_088,"Generic drawing sheet element (DWG-EL-*, Phase 2-I sheet_elements.csv) not elevated to a drawing candidate; drawing layer elevates dimensions/annotations/members/tables/title-blocks/references/views/sheets only.",Log only; Phase 3 decides whether any unreferenced value becomes Golden-relevant.
ORPH-S-0411,DWG-EL-S073-006,,drawing_sheet_element calc_pdf_p75 section=sheets_045_088,"Generic drawing sheet element (DWG-EL-*, Phase 2-I sheet_elements.csv) not elevated to a drawing candidate; drawing layer elevates dimensions/annotations/members/tables/title-blocks/references/views/sheets only.",Log only; Phase 3 decides whether any unreferenced value becomes Golden-relevant.
ORPH-S-0412,DWG-EL-S073-007,,drawing_sheet_element calc_pdf_p75 section=sheets_045_088,"Generic drawing sheet element (DWG-EL-*, Phase 2-I sheet_elements.csv) not elevated to a drawing candidate; drawing layer elevates dimensions/annotations/members/tables/title-blocks/references/views/sheets only.",Log only; Phase 3 decides whether any unreferenced value becomes Golden-relevant.
ORPH-S-0413,DWG-EL-S073-008,,drawing_sheet_element calc_pdf_p75 section=sheets_045_088,"Generic drawing sheet element (DWG-EL-*, Phase 2-I sheet_elements.csv) not elevated to a drawing candidate; drawing layer elevates dimensions/annotations/members/tables/title-blocks/references/views/sheets only.",Log only; Phase 3 decides whether any unreferenced value becomes Golden-relevant.
ORPH-S-0414,DWG-EL-S073-009,,drawing_sheet_element calc_pdf_p75 section=sheets_045_088,"Generic drawing sheet element (DWG-EL-*, Phase 2-I sheet_elements.csv) not elevated to a drawing candidate; drawing layer elevates dimensions/annotations/members/tables/title-blocks/references/views/sheets only.",Log only; Phase 3 decides whether any unreferenced value becomes Golden-relevant.
ORPH-S-0415,DWG-EL-S074-001,,drawing_sheet_element calc_pdf_p76 section=sheets_045_088,"Generic drawing sheet element (DWG-EL-*, Phase 2-I sheet_elements.csv) not elevated to a drawing candidate; drawing layer elevates dimensions/annotations/members/tables/title-blocks/references/views/sheets only.",Log only; Phase 3 decides whether any unreferenced value becomes Golden-relevant.
ORPH-S-0416,DWG-EL-S074-002,,drawing_sheet_element calc_pdf_p76 section=sheets_045_088,"Generic drawing sheet element (DWG-EL-*, Phase 2-I sheet_elements.csv) not elevated to a drawing candidate; drawing layer elevates dimensions/annotations/members/tables/title-blocks/references/views/sheets only.",Log only; Phase 3 decides whether any unreferenced value becomes Golden-relevant.
ORPH-S-0417,DWG-EL-S074-003,,drawing_sheet_element calc_pdf_p76 section=sheets_045_088,"Generic drawing sheet element (DWG-EL-*, Phase 2-I sheet_elements.csv) not elevated to a drawing candidate; drawing layer elevates dimensions/annotations/members/tables/title-blocks/references/views/sheets only.",Log only; Phase 3 decides whether any unreferenced value becomes Golden-relevant.
ORPH-S-0418,DWG-EL-S074-004,,drawing_sheet_element calc_pdf_p76 section=sheets_045_088,"Generic drawing sheet element (DWG-EL-*, Phase 2-I sheet_elements.csv) not elevated to a drawing candidate; drawing layer elevates dimensions/annotations/members/tables/title-blocks/references/views/sheets only.",Log only; Phase 3 decides whether any unreferenced value becomes Golden-relevant.
ORPH-S-0419,DWG-EL-S074-005,,drawing_sheet_element calc_pdf_p76 section=sheets_045_088,"Generic drawing sheet element (DWG-EL-*, Phase 2-I sheet_elements.csv) not elevated to a drawing candidate; drawing layer elevates dimensions/annotations/members/tables/title-blocks/references/views/sheets only.",Log only; Phase 3 decides whether any unreferenced value becomes Golden-relevant.
ORPH-S-0420,DWG-EL-S074-006,,drawing_sheet_element calc_pdf_p76 section=sheets_045_088,"Generic drawing sheet element (DWG-EL-*, Phase 2-I sheet_elements.csv) not elevated to a drawing candidate; drawing layer elevates dimensions/annotations/members/tables/title-blocks/references/views/sheets only.",Log only; Phase 3 decides whether any unreferenced value becomes Golden-relevant.
ORPH-S-0421,DWG-EL-S074-007,,drawing_sheet_element calc_pdf_p76 section=sheets_045_088,"Generic drawing sheet element (DWG-EL-*, Phase 2-I sheet_elements.csv) not elevated to a drawing candidate; drawing layer elevates dimensions/annotations/members/tables/title-blocks/references/views/sheets only.",Log only; Phase 3 decides whether any unreferenced value becomes Golden-relevant.
ORPH-S-0422,DWG-EL-S074-008,,drawing_sheet_element calc_pdf_p76 section=sheets_045_088,"Generic drawing sheet element (DWG-EL-*, Phase 2-I sheet_elements.csv) not elevated to a drawing candidate; drawing layer elevates dimensions/annotations/members/tables/title-blocks/references/views/sheets only.",Log only; Phase 3 decides whether any unreferenced value becomes Golden-relevant.
ORPH-S-0423,DWG-EL-S074-009,,drawing_sheet_element calc_pdf_p76 section=sheets_045_088,"Generic drawing sheet element (DWG-EL-*, Phase 2-I sheet_elements.csv) not elevated to a drawing candidate; drawing layer elevates dimensions/annotations/members/tables/title-blocks/references/views/sheets only.",Log only; Phase 3 decides whether any unreferenced value becomes Golden-relevant.
ORPH-S-0424,DWG-EL-S074-010,,drawing_sheet_element calc_pdf_p76 section=sheets_045_088,"Generic drawing sheet element (DWG-EL-*, Phase 2-I sheet_elements.csv) not elevated to a drawing candidate; drawing layer elevates dimensions/annotations/members/tables/title-blocks/references/views/sheets only.",Log only; Phase 3 decides whether any unreferenced value becomes Golden-relevant.
ORPH-S-0425,DWG-EL-S074-011,,drawing_sheet_element calc_pdf_p76 section=sheets_045_088,"Generic drawing sheet element (DWG-EL-*, Phase 2-I sheet_elements.csv) not elevated to a drawing candidate; drawing layer elevates dimensions/annotations/members/tables/title-blocks/references/views/sheets only.",Log only; Phase 3 decides whether any unreferenced value becomes Golden-relevant.
ORPH-S-0426,DWG-EL-S074-012,,drawing_sheet_element calc_pdf_p76 section=sheets_045_088,"Generic drawing sheet element (DWG-EL-*, Phase 2-I sheet_elements.csv) not elevated to a drawing candidate; drawing layer elevates dimensions/annotations/members/tables/title-blocks/references/views/sheets only.",Log only; Phase 3 decides whether any unreferenced value becomes Golden-relevant.
ORPH-S-0427,DWG-EL-S074-013,,drawing_sheet_element calc_pdf_p76 section=sheets_045_088,"Generic drawing sheet element (DWG-EL-*, Phase 2-I sheet_elements.csv) not elevated to a drawing candidate; drawing layer elevates dimensions/annotations/members/tables/title-blocks/references/views/sheets only.",Log only; Phase 3 decides whether any unreferenced value becomes Golden-relevant.
ORPH-S-0428,DWG-EL-S075-001,,drawing_sheet_element calc_pdf_p77 section=sheets_045_088,"Generic drawing sheet element (DWG-EL-*, Phase 2-I sheet_elements.csv) not elevated to a drawing candidate; drawing layer elevates dimensions/annotations/members/tables/title-blocks/references/views/sheets only.",Log only; Phase 3 decides whether any unreferenced value becomes Golden-relevant.
ORPH-S-0429,DWG-EL-S075-002,,drawing_sheet_element calc_pdf_p77 section=sheets_045_088,"Generic drawing sheet element (DWG-EL-*, Phase 2-I sheet_elements.csv) not elevated to a drawing candidate; drawing layer elevates dimensions/annotations/members/tables/title-blocks/references/views/sheets only.",Log only; Phase 3 decides whether any unreferenced value becomes Golden-relevant.
ORPH-S-0430,DWG-EL-S075-003,,drawing_sheet_element calc_pdf_p77 section=sheets_045_088,"Generic drawing sheet element (DWG-EL-*, Phase 2-I sheet_elements.csv) not elevated to a drawing candidate; drawing layer elevates dimensions/annotations/members/tables/title-blocks/references/views/sheets only.",Log only; Phase 3 decides whether any unreferenced value becomes Golden-relevant.
ORPH-S-0431,DWG-EL-S076-001,,drawing_sheet_element calc_pdf_p78 section=sheets_045_088,"Generic drawing sheet element (DWG-EL-*, Phase 2-I sheet_elements.csv) not elevated to a drawing candidate; drawing layer elevates dimensions/annotations/members/tables/title-blocks/references/views/sheets only.",Log only; Phase 3 decides whether any unreferenced value becomes Golden-relevant.
ORPH-S-0432,DWG-EL-S076-002,,drawing_sheet_element calc_pdf_p78 section=sheets_045_088,"Generic drawing sheet element (DWG-EL-*, Phase 2-I sheet_elements.csv) not elevated to a drawing candidate; drawing layer elevates dimensions/annotations/members/tables/title-blocks/references/views/sheets only.",Log only; Phase 3 decides whether any unreferenced value becomes Golden-relevant.
ORPH-S-0433,DWG-EL-S077-001,,drawing_sheet_element calc_pdf_p79 section=sheets_045_088,"Generic drawing sheet element (DWG-EL-*, Phase 2-I sheet_elements.csv) not elevated to a drawing candidate; drawing layer elevates dimensions/annotations/members/tables/title-blocks/references/views/sheets only.",Log only; Phase 3 decides whether any unreferenced value becomes Golden-relevant.
ORPH-S-0434,DWG-EL-S077-002,,drawing_sheet_element calc_pdf_p79 section=sheets_045_088,"Generic drawing sheet element (DWG-EL-*, Phase 2-I sheet_elements.csv) not elevated to a drawing candidate; drawing layer elevates dimensions/annotations/members/tables/title-blocks/references/views/sheets only.",Log only; Phase 3 decides whether any unreferenced value becomes Golden-relevant.
ORPH-S-0435,DWG-EL-S078-001,,drawing_sheet_element calc_pdf_p80 section=sheets_045_088,"Generic drawing sheet element (DWG-EL-*, Phase 2-I sheet_elements.csv) not elevated to a drawing candidate; drawing layer elevates dimensions/annotations/members/tables/title-blocks/references/views/sheets only.",Log only; Phase 3 decides whether any unreferenced value becomes Golden-relevant.
ORPH-S-0436,DWG-EL-S078-002,,drawing_sheet_element calc_pdf_p80 section=sheets_045_088,"Generic drawing sheet element (DWG-EL-*, Phase 2-I sheet_elements.csv) not elevated to a drawing candidate; drawing layer elevates dimensions/annotations/members/tables/title-blocks/references/views/sheets only.",Log only; Phase 3 decides whether any unreferenced value becomes Golden-relevant.
ORPH-S-0437,DWG-EL-S079-001,,drawing_sheet_element calc_pdf_p81 section=sheets_045_088,"Generic drawing sheet element (DWG-EL-*, Phase 2-I sheet_elements.csv) not elevated to a drawing candidate; drawing layer elevates dimensions/annotations/members/tables/title-blocks/references/views/sheets only.",Log only; Phase 3 decides whether any unreferenced value becomes Golden-relevant.
ORPH-S-0438,DWG-EL-S079-002,,drawing_sheet_element calc_pdf_p81 section=sheets_045_088,"Generic drawing sheet element (DWG-EL-*, Phase 2-I sheet_elements.csv) not elevated to a drawing candidate; drawing layer elevates dimensions/annotations/members/tables/title-blocks/references/views/sheets only.",Log only; Phase 3 decides whether any unreferenced value becomes Golden-relevant.
ORPH-S-0439,DWG-EL-S080-001,,drawing_sheet_element calc_pdf_p82 section=sheets_045_088,"Generic drawing sheet element (DWG-EL-*, Phase 2-I sheet_elements.csv) not elevated to a drawing candidate; drawing layer elevates dimensions/annotations/members/tables/title-blocks/references/views/sheets only.",Log only; Phase 3 decides whether any unreferenced value becomes Golden-relevant.
ORPH-S-0440,DWG-EL-S080-002,,drawing_sheet_element calc_pdf_p82 section=sheets_045_088,"Generic drawing sheet element (DWG-EL-*, Phase 2-I sheet_elements.csv) not elevated to a drawing candidate; drawing layer elevates dimensions/annotations/members/tables/title-blocks/references/views/sheets only.",Log only; Phase 3 decides whether any unreferenced value becomes Golden-relevant.
ORPH-S-0441,DWG-EL-S080-003,,drawing_sheet_element calc_pdf_p82 section=sheets_045_088,"Generic drawing sheet element (DWG-EL-*, Phase 2-I sheet_elements.csv) not elevated to a drawing candidate; drawing layer elevates dimensions/annotations/members/tables/title-blocks/references/views/sheets only.",Log only; Phase 3 decides whether any unreferenced value becomes Golden-relevant.
ORPH-S-0442,DWG-EL-S080-004,,drawing_sheet_element calc_pdf_p82 section=sheets_045_088,"Generic drawing sheet element (DWG-EL-*, Phase 2-I sheet_elements.csv) not elevated to a drawing candidate; drawing layer elevates dimensions/annotations/members/tables/title-blocks/references/views/sheets only.",Log only; Phase 3 decides whether any unreferenced value becomes Golden-relevant.
ORPH-S-0443,DWG-EL-S081-001,,drawing_sheet_element calc_pdf_p83 section=sheets_045_088,"Generic drawing sheet element (DWG-EL-*, Phase 2-I sheet_elements.csv) not elevated to a drawing candidate; drawing layer elevates dimensions/annotations/members/tables/title-blocks/references/views/sheets only.",Log only; Phase 3 decides whether any unreferenced value becomes Golden-relevant.
ORPH-S-0444,DWG-EL-S081-002,,drawing_sheet_element calc_pdf_p83 section=sheets_045_088,"Generic drawing sheet element (DWG-EL-*, Phase 2-I sheet_elements.csv) not elevated to a drawing candidate; drawing layer elevates dimensions/annotations/members/tables/title-blocks/references/views/sheets only.",Log only; Phase 3 decides whether any unreferenced value becomes Golden-relevant.
ORPH-S-0445,DWG-EL-S081-003,,drawing_sheet_element calc_pdf_p83 section=sheets_045_088,"Generic drawing sheet element (DWG-EL-*, Phase 2-I sheet_elements.csv) not elevated to a drawing candidate; drawing layer elevates dimensions/annotations/members/tables/title-blocks/references/views/sheets only.",Log only; Phase 3 decides whether any unreferenced value becomes Golden-relevant.
ORPH-S-0446,DWG-EL-S082-001,,drawing_sheet_element calc_pdf_p84 section=sheets_045_088,"Generic drawing sheet element (DWG-EL-*, Phase 2-I sheet_elements.csv) not elevated to a drawing candidate; drawing layer elevates dimensions/annotations/members/tables/title-blocks/references/views/sheets only.",Log only; Phase 3 decides whether any unreferenced value becomes Golden-relevant.
ORPH-S-0447,DWG-EL-S082-002,,drawing_sheet_element calc_pdf_p84 section=sheets_045_088,"Generic drawing sheet element (DWG-EL-*, Phase 2-I sheet_elements.csv) not elevated to a drawing candidate; drawing layer elevates dimensions/annotations/members/tables/title-blocks/references/views/sheets only.",Log only; Phase 3 decides whether any unreferenced value becomes Golden-relevant.
ORPH-S-0448,DWG-EL-S082-003,,drawing_sheet_element calc_pdf_p84 section=sheets_045_088,"Generic drawing sheet element (DWG-EL-*, Phase 2-I sheet_elements.csv) not elevated to a drawing candidate; drawing layer elevates dimensions/annotations/members/tables/title-blocks/references/views/sheets only.",Log only; Phase 3 decides whether any unreferenced value becomes Golden-relevant.
ORPH-S-0449,DWG-EL-S082-004,,drawing_sheet_element calc_pdf_p84 section=sheets_045_088,"Generic drawing sheet element (DWG-EL-*, Phase 2-I sheet_elements.csv) not elevated to a drawing candidate; drawing layer elevates dimensions/annotations/members/tables/title-blocks/references/views/sheets only.",Log only; Phase 3 decides whether any unreferenced value becomes Golden-relevant.
ORPH-S-0450,DWG-EL-S083-001,,drawing_sheet_element calc_pdf_p85 section=sheets_045_088,"Generic drawing sheet element (DWG-EL-*, Phase 2-I sheet_elements.csv) not elevated to a drawing candidate; drawing layer elevates dimensions/annotations/members/tables/title-blocks/references/views/sheets only.",Log only; Phase 3 decides whether any unreferenced value becomes Golden-relevant.
ORPH-S-0451,DWG-EL-S083-002,,drawing_sheet_element calc_pdf_p85 section=sheets_045_088,"Generic drawing sheet element (DWG-EL-*, Phase 2-I sheet_elements.csv) not elevated to a drawing candidate; drawing layer elevates dimensions/annotations/members/tables/title-blocks/references/views/sheets only.",Log only; Phase 3 decides whether any unreferenced value becomes Golden-relevant.
ORPH-S-0452,DWG-EL-S084-001,,drawing_sheet_element calc_pdf_p86 section=sheets_045_088,"Generic drawing sheet element (DWG-EL-*, Phase 2-I sheet_elements.csv) not elevated to a drawing candidate; drawing layer elevates dimensions/annotations/members/tables/title-blocks/references/views/sheets only.",Log only; Phase 3 decides whether any unreferenced value becomes Golden-relevant.
ORPH-S-0453,DWG-EL-S084-002,,drawing_sheet_element calc_pdf_p86 section=sheets_045_088,"Generic drawing sheet element (DWG-EL-*, Phase 2-I sheet_elements.csv) not elevated to a drawing candidate; drawing layer elevates dimensions/annotations/members/tables/title-blocks/references/views/sheets only.",Log only; Phase 3 decides whether any unreferenced value becomes Golden-relevant.
ORPH-S-0454,DWG-EL-S085-001,,drawing_sheet_element calc_pdf_p87 section=sheets_045_088,"Generic drawing sheet element (DWG-EL-*, Phase 2-I sheet_elements.csv) not elevated to a drawing candidate; drawing layer elevates dimensions/annotations/members/tables/title-blocks/references/views/sheets only.",Log only; Phase 3 decides whether any unreferenced value becomes Golden-relevant.
ORPH-S-0455,DWG-EL-S085-002,,drawing_sheet_element calc_pdf_p87 section=sheets_045_088,"Generic drawing sheet element (DWG-EL-*, Phase 2-I sheet_elements.csv) not elevated to a drawing candidate; drawing layer elevates dimensions/annotations/members/tables/title-blocks/references/views/sheets only.",Log only; Phase 3 decides whether any unreferenced value becomes Golden-relevant.
ORPH-S-0456,DWG-EL-S085-003,,drawing_sheet_element calc_pdf_p87 section=sheets_045_088,"Generic drawing sheet element (DWG-EL-*, Phase 2-I sheet_elements.csv) not elevated to a drawing candidate; drawing layer elevates dimensions/annotations/members/tables/title-blocks/references/views/sheets only.",Log only; Phase 3 decides whether any unreferenced value becomes Golden-relevant.
ORPH-S-0457,DWG-EL-S085-004,,drawing_sheet_element calc_pdf_p87 section=sheets_045_088,"Generic drawing sheet element (DWG-EL-*, Phase 2-I sheet_elements.csv) not elevated to a drawing candidate; drawing layer elevates dimensions/annotations/members/tables/title-blocks/references/views/sheets only.",Log only; Phase 3 decides whether any unreferenced value becomes Golden-relevant.
ORPH-S-0458,DWG-EL-S085-005,,drawing_sheet_element calc_pdf_p87 section=sheets_045_088,"Generic drawing sheet element (DWG-EL-*, Phase 2-I sheet_elements.csv) not elevated to a drawing candidate; drawing layer elevates dimensions/annotations/members/tables/title-blocks/references/views/sheets only.",Log only; Phase 3 decides whether any unreferenced value becomes Golden-relevant.
ORPH-S-0459,DWG-EL-S085-006,,drawing_sheet_element calc_pdf_p87 section=sheets_045_088,"Generic drawing sheet element (DWG-EL-*, Phase 2-I sheet_elements.csv) not elevated to a drawing candidate; drawing layer elevates dimensions/annotations/members/tables/title-blocks/references/views/sheets only.",Log only; Phase 3 decides whether any unreferenced value becomes Golden-relevant.
ORPH-S-0460,DWG-EL-S085-007,,drawing_sheet_element calc_pdf_p87 section=sheets_045_088,"Generic drawing sheet element (DWG-EL-*, Phase 2-I sheet_elements.csv) not elevated to a drawing candidate; drawing layer elevates dimensions/annotations/members/tables/title-blocks/references/views/sheets only.",Log only; Phase 3 decides whether any unreferenced value becomes Golden-relevant.
ORPH-S-0461,DWG-EL-S085-008,,drawing_sheet_element calc_pdf_p87 section=sheets_045_088,"Generic drawing sheet element (DWG-EL-*, Phase 2-I sheet_elements.csv) not elevated to a drawing candidate; drawing layer elevates dimensions/annotations/members/tables/title-blocks/references/views/sheets only.",Log only; Phase 3 decides whether any unreferenced value becomes Golden-relevant.
ORPH-S-0462,DWG-EL-S085-009,,drawing_sheet_element calc_pdf_p87 section=sheets_045_088,"Generic drawing sheet element (DWG-EL-*, Phase 2-I sheet_elements.csv) not elevated to a drawing candidate; drawing layer elevates dimensions/annotations/members/tables/title-blocks/references/views/sheets only.",Log only; Phase 3 decides whether any unreferenced value becomes Golden-relevant.
ORPH-S-0463,DWG-EL-S085-010,,drawing_sheet_element calc_pdf_p87 section=sheets_045_088,"Generic drawing sheet element (DWG-EL-*, Phase 2-I sheet_elements.csv) not elevated to a drawing candidate; drawing layer elevates dimensions/annotations/members/tables/title-blocks/references/views/sheets only.",Log only; Phase 3 decides whether any unreferenced value becomes Golden-relevant.
ORPH-S-0464,DWG-EL-S085-011,,drawing_sheet_element calc_pdf_p87 section=sheets_045_088,"Generic drawing sheet element (DWG-EL-*, Phase 2-I sheet_elements.csv) not elevated to a drawing candidate; drawing layer elevates dimensions/annotations/members/tables/title-blocks/references/views/sheets only.",Log only; Phase 3 decides whether any unreferenced value becomes Golden-relevant.
ORPH-S-0465,DWG-EL-S085-012,,drawing_sheet_element calc_pdf_p87 section=sheets_045_088,"Generic drawing sheet element (DWG-EL-*, Phase 2-I sheet_elements.csv) not elevated to a drawing candidate; drawing layer elevates dimensions/annotations/members/tables/title-blocks/references/views/sheets only.",Log only; Phase 3 decides whether any unreferenced value becomes Golden-relevant.
ORPH-S-0466,DWG-EL-S085-013,,drawing_sheet_element calc_pdf_p87 section=sheets_045_088,"Generic drawing sheet element (DWG-EL-*, Phase 2-I sheet_elements.csv) not elevated to a drawing candidate; drawing layer elevates dimensions/annotations/members/tables/title-blocks/references/views/sheets only.",Log only; Phase 3 decides whether any unreferenced value becomes Golden-relevant.
ORPH-S-0467,DWG-EL-S085-014,,drawing_sheet_element calc_pdf_p87 section=sheets_045_088,"Generic drawing sheet element (DWG-EL-*, Phase 2-I sheet_elements.csv) not elevated to a drawing candidate; drawing layer elevates dimensions/annotations/members/tables/title-blocks/references/views/sheets only.",Log only; Phase 3 decides whether any unreferenced value becomes Golden-relevant.
ORPH-S-0468,DWG-EL-S085-015,,drawing_sheet_element calc_pdf_p87 section=sheets_045_088,"Generic drawing sheet element (DWG-EL-*, Phase 2-I sheet_elements.csv) not elevated to a drawing candidate; drawing layer elevates dimensions/annotations/members/tables/title-blocks/references/views/sheets only.",Log only; Phase 3 decides whether any unreferenced value becomes Golden-relevant.
ORPH-S-0469,DWG-EL-S085-016,,drawing_sheet_element calc_pdf_p87 section=sheets_045_088,"Generic drawing sheet element (DWG-EL-*, Phase 2-I sheet_elements.csv) not elevated to a drawing candidate; drawing layer elevates dimensions/annotations/members/tables/title-blocks/references/views/sheets only.",Log only; Phase 3 decides whether any unreferenced value becomes Golden-relevant.
ORPH-S-0470,DWG-EL-S085-017,,drawing_sheet_element calc_pdf_p87 section=sheets_045_088,"Generic drawing sheet element (DWG-EL-*, Phase 2-I sheet_elements.csv) not elevated to a drawing candidate; drawing layer elevates dimensions/annotations/members/tables/title-blocks/references/views/sheets only.",Log only; Phase 3 decides whether any unreferenced value becomes Golden-relevant.
ORPH-S-0471,DWG-EL-S085-018,,drawing_sheet_element calc_pdf_p87 section=sheets_045_088,"Generic drawing sheet element (DWG-EL-*, Phase 2-I sheet_elements.csv) not elevated to a drawing candidate; drawing layer elevates dimensions/annotations/members/tables/title-blocks/references/views/sheets only.",Log only; Phase 3 decides whether any unreferenced value becomes Golden-relevant.
ORPH-S-0472,DWG-EL-S085-019,,drawing_sheet_element calc_pdf_p87 section=sheets_045_088,"Generic drawing sheet element (DWG-EL-*, Phase 2-I sheet_elements.csv) not elevated to a drawing candidate; drawing layer elevates dimensions/annotations/members/tables/title-blocks/references/views/sheets only.",Log only; Phase 3 decides whether any unreferenced value becomes Golden-relevant.
ORPH-S-0473,DWG-EL-S085-020,,drawing_sheet_element calc_pdf_p87 section=sheets_045_088,"Generic drawing sheet element (DWG-EL-*, Phase 2-I sheet_elements.csv) not elevated to a drawing candidate; drawing layer elevates dimensions/annotations/members/tables/title-blocks/references/views/sheets only.",Log only; Phase 3 decides whether any unreferenced value becomes Golden-relevant.
ORPH-S-0474,DWG-EL-S086-001,,drawing_sheet_element calc_pdf_p88 section=sheets_045_088,"Generic drawing sheet element (DWG-EL-*, Phase 2-I sheet_elements.csv) not elevated to a drawing candidate; drawing layer elevates dimensions/annotations/members/tables/title-blocks/references/views/sheets only.",Log only; Phase 3 decides whether any unreferenced value becomes Golden-relevant.
ORPH-S-0475,DWG-EL-S086-002,,drawing_sheet_element calc_pdf_p88 section=sheets_045_088,"Generic drawing sheet element (DWG-EL-*, Phase 2-I sheet_elements.csv) not elevated to a drawing candidate; drawing layer elevates dimensions/annotations/members/tables/title-blocks/references/views/sheets only.",Log only; Phase 3 decides whether any unreferenced value becomes Golden-relevant.
ORPH-S-0476,DWG-EL-S086-003,,drawing_sheet_element calc_pdf_p88 section=sheets_045_088,"Generic drawing sheet element (DWG-EL-*, Phase 2-I sheet_elements.csv) not elevated to a drawing candidate; drawing layer elevates dimensions/annotations/members/tables/title-blocks/references/views/sheets only.",Log only; Phase 3 decides whether any unreferenced value becomes Golden-relevant.
ORPH-S-0477,DWG-EL-S086-004,,drawing_sheet_element calc_pdf_p88 section=sheets_045_088,"Generic drawing sheet element (DWG-EL-*, Phase 2-I sheet_elements.csv) not elevated to a drawing candidate; drawing layer elevates dimensions/annotations/members/tables/title-blocks/references/views/sheets only.",Log only; Phase 3 decides whether any unreferenced value becomes Golden-relevant.
ORPH-S-0478,DWG-EL-S086-005,,drawing_sheet_element calc_pdf_p88 section=sheets_045_088,"Generic drawing sheet element (DWG-EL-*, Phase 2-I sheet_elements.csv) not elevated to a drawing candidate; drawing layer elevates dimensions/annotations/members/tables/title-blocks/references/views/sheets only.",Log only; Phase 3 decides whether any unreferenced value becomes Golden-relevant.
ORPH-S-0479,DWG-EL-S086-006,,drawing_sheet_element calc_pdf_p88 section=sheets_045_088,"Generic drawing sheet element (DWG-EL-*, Phase 2-I sheet_elements.csv) not elevated to a drawing candidate; drawing layer elevates dimensions/annotations/members/tables/title-blocks/references/views/sheets only.",Log only; Phase 3 decides whether any unreferenced value becomes Golden-relevant.
ORPH-S-0480,DWG-EL-S086-007,,drawing_sheet_element calc_pdf_p88 section=sheets_045_088,"Generic drawing sheet element (DWG-EL-*, Phase 2-I sheet_elements.csv) not elevated to a drawing candidate; drawing layer elevates dimensions/annotations/members/tables/title-blocks/references/views/sheets only.",Log only; Phase 3 decides whether any unreferenced value becomes Golden-relevant.
ORPH-S-0481,DWG-EL-S086-008,,drawing_sheet_element calc_pdf_p88 section=sheets_045_088,"Generic drawing sheet element (DWG-EL-*, Phase 2-I sheet_elements.csv) not elevated to a drawing candidate; drawing layer elevates dimensions/annotations/members/tables/title-blocks/references/views/sheets only.",Log only; Phase 3 decides whether any unreferenced value becomes Golden-relevant.
ORPH-S-0482,DWG-EL-S086-009,,drawing_sheet_element calc_pdf_p88 section=sheets_045_088,"Generic drawing sheet element (DWG-EL-*, Phase 2-I sheet_elements.csv) not elevated to a drawing candidate; drawing layer elevates dimensions/annotations/members/tables/title-blocks/references/views/sheets only.",Log only; Phase 3 decides whether any unreferenced value becomes Golden-relevant.
ORPH-S-0483,DWG-EL-S086-010,,drawing_sheet_element calc_pdf_p88 section=sheets_045_088,"Generic drawing sheet element (DWG-EL-*, Phase 2-I sheet_elements.csv) not elevated to a drawing candidate; drawing layer elevates dimensions/annotations/members/tables/title-blocks/references/views/sheets only.",Log only; Phase 3 decides whether any unreferenced value becomes Golden-relevant.
ORPH-S-0484,DWG-EL-S086-011,,drawing_sheet_element calc_pdf_p88 section=sheets_045_088,"Generic drawing sheet element (DWG-EL-*, Phase 2-I sheet_elements.csv) not elevated to a drawing candidate; drawing layer elevates dimensions/annotations/members/tables/title-blocks/references/views/sheets only.",Log only; Phase 3 decides whether any unreferenced value becomes Golden-relevant.
ORPH-S-0485,DWG-EL-S086-012,,drawing_sheet_element calc_pdf_p88 section=sheets_045_088,"Generic drawing sheet element (DWG-EL-*, Phase 2-I sheet_elements.csv) not elevated to a drawing candidate; drawing layer elevates dimensions/annotations/members/tables/title-blocks/references/views/sheets only.",Log only; Phase 3 decides whether any unreferenced value becomes Golden-relevant.
ORPH-S-0486,DWG-EL-S086-013,,drawing_sheet_element calc_pdf_p88 section=sheets_045_088,"Generic drawing sheet element (DWG-EL-*, Phase 2-I sheet_elements.csv) not elevated to a drawing candidate; drawing layer elevates dimensions/annotations/members/tables/title-blocks/references/views/sheets only.",Log only; Phase 3 decides whether any unreferenced value becomes Golden-relevant.
ORPH-S-0487,DWG-EL-S086-014,,drawing_sheet_element calc_pdf_p88 section=sheets_045_088,"Generic drawing sheet element (DWG-EL-*, Phase 2-I sheet_elements.csv) not elevated to a drawing candidate; drawing layer elevates dimensions/annotations/members/tables/title-blocks/references/views/sheets only.",Log only; Phase 3 decides whether any unreferenced value becomes Golden-relevant.
ORPH-S-0488,DWG-EL-S086-015,,drawing_sheet_element calc_pdf_p88 section=sheets_045_088,"Generic drawing sheet element (DWG-EL-*, Phase 2-I sheet_elements.csv) not elevated to a drawing candidate; drawing layer elevates dimensions/annotations/members/tables/title-blocks/references/views/sheets only.",Log only; Phase 3 decides whether any unreferenced value becomes Golden-relevant.
ORPH-S-0489,DWG-EL-S086-016,,drawing_sheet_element calc_pdf_p88 section=sheets_045_088,"Generic drawing sheet element (DWG-EL-*, Phase 2-I sheet_elements.csv) not elevated to a drawing candidate; drawing layer elevates dimensions/annotations/members/tables/title-blocks/references/views/sheets only.",Log only; Phase 3 decides whether any unreferenced value becomes Golden-relevant.
ORPH-S-0490,DWG-EL-S086-017,,drawing_sheet_element calc_pdf_p88 section=sheets_045_088,"Generic drawing sheet element (DWG-EL-*, Phase 2-I sheet_elements.csv) not elevated to a drawing candidate; drawing layer elevates dimensions/annotations/members/tables/title-blocks/references/views/sheets only.",Log only; Phase 3 decides whether any unreferenced value becomes Golden-relevant.
ORPH-S-0491,DWG-EL-S087-001,,drawing_sheet_element calc_pdf_p89 section=sheets_045_088,"Generic drawing sheet element (DWG-EL-*, Phase 2-I sheet_elements.csv) not elevated to a drawing candidate; drawing layer elevates dimensions/annotations/members/tables/title-blocks/references/views/sheets only.",Log only; Phase 3 decides whether any unreferenced value becomes Golden-relevant.
ORPH-S-0492,DWG-EL-S087-002,,drawing_sheet_element calc_pdf_p89 section=sheets_045_088,"Generic drawing sheet element (DWG-EL-*, Phase 2-I sheet_elements.csv) not elevated to a drawing candidate; drawing layer elevates dimensions/annotations/members/tables/title-blocks/references/views/sheets only.",Log only; Phase 3 decides whether any unreferenced value becomes Golden-relevant.
ORPH-S-0493,DWG-EL-S087-003,,drawing_sheet_element calc_pdf_p89 section=sheets_045_088,"Generic drawing sheet element (DWG-EL-*, Phase 2-I sheet_elements.csv) not elevated to a drawing candidate; drawing layer elevates dimensions/annotations/members/tables/title-blocks/references/views/sheets only.",Log only; Phase 3 decides whether any unreferenced value becomes Golden-relevant.
ORPH-S-0494,DWG-EL-S087-004,,drawing_sheet_element calc_pdf_p89 section=sheets_045_088,"Generic drawing sheet element (DWG-EL-*, Phase 2-I sheet_elements.csv) not elevated to a drawing candidate; drawing layer elevates dimensions/annotations/members/tables/title-blocks/references/views/sheets only.",Log only; Phase 3 decides whether any unreferenced value becomes Golden-relevant.
ORPH-S-0495,DWG-EL-S087-005,,drawing_sheet_element calc_pdf_p89 section=sheets_045_088,"Generic drawing sheet element (DWG-EL-*, Phase 2-I sheet_elements.csv) not elevated to a drawing candidate; drawing layer elevates dimensions/annotations/members/tables/title-blocks/references/views/sheets only.",Log only; Phase 3 decides whether any unreferenced value becomes Golden-relevant.
ORPH-S-0496,DWG-EL-S087-006,,drawing_sheet_element calc_pdf_p89 section=sheets_045_088,"Generic drawing sheet element (DWG-EL-*, Phase 2-I sheet_elements.csv) not elevated to a drawing candidate; drawing layer elevates dimensions/annotations/members/tables/title-blocks/references/views/sheets only.",Log only; Phase 3 decides whether any unreferenced value becomes Golden-relevant.
ORPH-S-0497,DWG-EL-S087-007,,drawing_sheet_element calc_pdf_p89 section=sheets_045_088,"Generic drawing sheet element (DWG-EL-*, Phase 2-I sheet_elements.csv) not elevated to a drawing candidate; drawing layer elevates dimensions/annotations/members/tables/title-blocks/references/views/sheets only.",Log only; Phase 3 decides whether any unreferenced value becomes Golden-relevant.
ORPH-S-0498,DWG-EL-S087-008,,drawing_sheet_element calc_pdf_p89 section=sheets_045_088,"Generic drawing sheet element (DWG-EL-*, Phase 2-I sheet_elements.csv) not elevated to a drawing candidate; drawing layer elevates dimensions/annotations/members/tables/title-blocks/references/views/sheets only.",Log only; Phase 3 decides whether any unreferenced value becomes Golden-relevant.
ORPH-S-0499,DWG-EL-S087-009,,drawing_sheet_element calc_pdf_p89 section=sheets_045_088,"Generic drawing sheet element (DWG-EL-*, Phase 2-I sheet_elements.csv) not elevated to a drawing candidate; drawing layer elevates dimensions/annotations/members/tables/title-blocks/references/views/sheets only.",Log only; Phase 3 decides whether any unreferenced value becomes Golden-relevant.
ORPH-S-0500,DWG-EL-S087-010,,drawing_sheet_element calc_pdf_p89 section=sheets_045_088,"Generic drawing sheet element (DWG-EL-*, Phase 2-I sheet_elements.csv) not elevated to a drawing candidate; drawing layer elevates dimensions/annotations/members/tables/title-blocks/references/views/sheets only.",Log only; Phase 3 decides whether any unreferenced value becomes Golden-relevant.
ORPH-S-0501,DWG-EL-S087-011,,drawing_sheet_element calc_pdf_p89 section=sheets_045_088,"Generic drawing sheet element (DWG-EL-*, Phase 2-I sheet_elements.csv) not elevated to a drawing candidate; drawing layer elevates dimensions/annotations/members/tables/title-blocks/references/views/sheets only.",Log only; Phase 3 decides whether any unreferenced value becomes Golden-relevant.
ORPH-S-0502,DWG-EL-S087-012,,drawing_sheet_element calc_pdf_p89 section=sheets_045_088,"Generic drawing sheet element (DWG-EL-*, Phase 2-I sheet_elements.csv) not elevated to a drawing candidate; drawing layer elevates dimensions/annotations/members/tables/title-blocks/references/views/sheets only.",Log only; Phase 3 decides whether any unreferenced value becomes Golden-relevant.
ORPH-S-0503,DWG-EL-S088-001,,drawing_sheet_element calc_pdf_p90 section=sheets_045_088,"Generic drawing sheet element (DWG-EL-*, Phase 2-I sheet_elements.csv) not elevated to a drawing candidate; drawing layer elevates dimensions/annotations/members/tables/title-blocks/references/views/sheets only.",Log only; Phase 3 decides whether any unreferenced value becomes Golden-relevant.
ORPH-S-0504,DWG-EL-S088-002,,drawing_sheet_element calc_pdf_p90 section=sheets_045_088,"Generic drawing sheet element (DWG-EL-*, Phase 2-I sheet_elements.csv) not elevated to a drawing candidate; drawing layer elevates dimensions/annotations/members/tables/title-blocks/references/views/sheets only.",Log only; Phase 3 decides whether any unreferenced value becomes Golden-relevant.
ORPH-S-0505,DWG-EL-S088-003,,drawing_sheet_element calc_pdf_p90 section=sheets_045_088,"Generic drawing sheet element (DWG-EL-*, Phase 2-I sheet_elements.csv) not elevated to a drawing candidate; drawing layer elevates dimensions/annotations/members/tables/title-blocks/references/views/sheets only.",Log only; Phase 3 decides whether any unreferenced value becomes Golden-relevant.
ORPH-S-0506,DWG-EL-S088-004,,drawing_sheet_element calc_pdf_p90 section=sheets_045_088,"Generic drawing sheet element (DWG-EL-*, Phase 2-I sheet_elements.csv) not elevated to a drawing candidate; drawing layer elevates dimensions/annotations/members/tables/title-blocks/references/views/sheets only.",Log only; Phase 3 decides whether any unreferenced value becomes Golden-relevant.
ORPH-S-0507,DWG-EL-S088-005,,drawing_sheet_element calc_pdf_p90 section=sheets_045_088,"Generic drawing sheet element (DWG-EL-*, Phase 2-I sheet_elements.csv) not elevated to a drawing candidate; drawing layer elevates dimensions/annotations/members/tables/title-blocks/references/views/sheets only.",Log only; Phase 3 decides whether any unreferenced value becomes Golden-relevant.
ORPH-S-0508,DWG-EL-S088-006,,drawing_sheet_element calc_pdf_p90 section=sheets_045_088,"Generic drawing sheet element (DWG-EL-*, Phase 2-I sheet_elements.csv) not elevated to a drawing candidate; drawing layer elevates dimensions/annotations/members/tables/title-blocks/references/views/sheets only.",Log only; Phase 3 decides whether any unreferenced value becomes Golden-relevant.
ORPH-S-0509,DWG-EL-S088-007,,drawing_sheet_element calc_pdf_p90 section=sheets_045_088,"Generic drawing sheet element (DWG-EL-*, Phase 2-I sheet_elements.csv) not elevated to a drawing candidate; drawing layer elevates dimensions/annotations/members/tables/title-blocks/references/views/sheets only.",Log only; Phase 3 decides whether any unreferenced value becomes Golden-relevant.
ORPH-S-0510,DWG-EL-S088-008,,drawing_sheet_element calc_pdf_p90 section=sheets_045_088,"Generic drawing sheet element (DWG-EL-*, Phase 2-I sheet_elements.csv) not elevated to a drawing candidate; drawing layer elevates dimensions/annotations/members/tables/title-blocks/references/views/sheets only.",Log only; Phase 3 decides whether any unreferenced value becomes Golden-relevant.
ORPH-S-0511,DWG-EL-S088-009,,drawing_sheet_element calc_pdf_p90 section=sheets_045_088,"Generic drawing sheet element (DWG-EL-*, Phase 2-I sheet_elements.csv) not elevated to a drawing candidate; drawing layer elevates dimensions/annotations/members/tables/title-blocks/references/views/sheets only.",Log only; Phase 3 decides whether any unreferenced value becomes Golden-relevant.
ORPH-S-0512,DWG-EL-S088-010,,drawing_sheet_element calc_pdf_p90 section=sheets_045_088,"Generic drawing sheet element (DWG-EL-*, Phase 2-I sheet_elements.csv) not elevated to a drawing candidate; drawing layer elevates dimensions/annotations/members/tables/title-blocks/references/views/sheets only.",Log only; Phase 3 decides whether any unreferenced value becomes Golden-relevant.
ORPH-S-0513,DWG-EL-S088-011,,drawing_sheet_element calc_pdf_p90 section=sheets_045_088,"Generic drawing sheet element (DWG-EL-*, Phase 2-I sheet_elements.csv) not elevated to a drawing candidate; drawing layer elevates dimensions/annotations/members/tables/title-blocks/references/views/sheets only.",Log only; Phase 3 decides whether any unreferenced value becomes Golden-relevant.
ORPH-S-0514,DWG-EL-S088-012,,drawing_sheet_element calc_pdf_p90 section=sheets_045_088,"Generic drawing sheet element (DWG-EL-*, Phase 2-I sheet_elements.csv) not elevated to a drawing candidate; drawing layer elevates dimensions/annotations/members/tables/title-blocks/references/views/sheets only.",Log only; Phase 3 decides whether any unreferenced value becomes Golden-relevant.
ORPH-S-0515,DWG-EL-S088-013,,drawing_sheet_element calc_pdf_p90 section=sheets_045_088,"Generic drawing sheet element (DWG-EL-*, Phase 2-I sheet_elements.csv) not elevated to a drawing candidate; drawing layer elevates dimensions/annotations/members/tables/title-blocks/references/views/sheets only.",Log only; Phase 3 decides whether any unreferenced value becomes Golden-relevant.
ORPH-S-0516,DWG-EL-S089-001,,drawing_sheet_element calc_pdf_p91 section=sheets_089_141,"Generic drawing sheet element (DWG-EL-*, Phase 2-I sheet_elements.csv) not elevated to a drawing candidate; drawing layer elevates dimensions/annotations/members/tables/title-blocks/references/views/sheets only.",Log only; Phase 3 decides whether any unreferenced value becomes Golden-relevant.
ORPH-S-0517,DWG-EL-S090-001,,drawing_sheet_element calc_pdf_p92 section=sheets_089_141,"Generic drawing sheet element (DWG-EL-*, Phase 2-I sheet_elements.csv) not elevated to a drawing candidate; drawing layer elevates dimensions/annotations/members/tables/title-blocks/references/views/sheets only.",Log only; Phase 3 decides whether any unreferenced value becomes Golden-relevant.
ORPH-S-0518,DWG-EL-S091-001,,drawing_sheet_element calc_pdf_p93 section=sheets_089_141,"Generic drawing sheet element (DWG-EL-*, Phase 2-I sheet_elements.csv) not elevated to a drawing candidate; drawing layer elevates dimensions/annotations/members/tables/title-blocks/references/views/sheets only.",Log only; Phase 3 decides whether any unreferenced value becomes Golden-relevant.
ORPH-S-0519,DWG-EL-S092-001,,drawing_sheet_element calc_pdf_p94 section=sheets_089_141,"Generic drawing sheet element (DWG-EL-*, Phase 2-I sheet_elements.csv) not elevated to a drawing candidate; drawing layer elevates dimensions/annotations/members/tables/title-blocks/references/views/sheets only.",Log only; Phase 3 decides whether any unreferenced value becomes Golden-relevant.
ORPH-S-0520,DWG-EL-S093-001,,drawing_sheet_element calc_pdf_p95 section=sheets_089_141,"Generic drawing sheet element (DWG-EL-*, Phase 2-I sheet_elements.csv) not elevated to a drawing candidate; drawing layer elevates dimensions/annotations/members/tables/title-blocks/references/views/sheets only.",Log only; Phase 3 decides whether any unreferenced value becomes Golden-relevant.
ORPH-S-0521,DWG-EL-S094-001,,drawing_sheet_element calc_pdf_p96 section=sheets_089_141,"Generic drawing sheet element (DWG-EL-*, Phase 2-I sheet_elements.csv) not elevated to a drawing candidate; drawing layer elevates dimensions/annotations/members/tables/title-blocks/references/views/sheets only.",Log only; Phase 3 decides whether any unreferenced value becomes Golden-relevant.
ORPH-S-0522,DWG-EL-S095-001,,drawing_sheet_element calc_pdf_p97 section=sheets_089_141,"Generic drawing sheet element (DWG-EL-*, Phase 2-I sheet_elements.csv) not elevated to a drawing candidate; drawing layer elevates dimensions/annotations/members/tables/title-blocks/references/views/sheets only.",Log only; Phase 3 decides whether any unreferenced value becomes Golden-relevant.
ORPH-S-0523,DWG-EL-S096-001,,drawing_sheet_element calc_pdf_p98 section=sheets_089_141,"Generic drawing sheet element (DWG-EL-*, Phase 2-I sheet_elements.csv) not elevated to a drawing candidate; drawing layer elevates dimensions/annotations/members/tables/title-blocks/references/views/sheets only.",Log only; Phase 3 decides whether any unreferenced value becomes Golden-relevant.
ORPH-S-0524,DWG-EL-S097-001,,drawing_sheet_element calc_pdf_p99 section=sheets_089_141,"Generic drawing sheet element (DWG-EL-*, Phase 2-I sheet_elements.csv) not elevated to a drawing candidate; drawing layer elevates dimensions/annotations/members/tables/title-blocks/references/views/sheets only.",Log only; Phase 3 decides whether any unreferenced value becomes Golden-relevant.
ORPH-S-0525,DWG-EL-S098-001,,drawing_sheet_element calc_pdf_p100 section=sheets_089_141,"Generic drawing sheet element (DWG-EL-*, Phase 2-I sheet_elements.csv) not elevated to a drawing candidate; drawing layer elevates dimensions/annotations/members/tables/title-blocks/references/views/sheets only.",Log only; Phase 3 decides whether any unreferenced value becomes Golden-relevant.
ORPH-S-0526,DWG-EL-S099-001,,drawing_sheet_element calc_pdf_p101 section=sheets_089_141,"Generic drawing sheet element (DWG-EL-*, Phase 2-I sheet_elements.csv) not elevated to a drawing candidate; drawing layer elevates dimensions/annotations/members/tables/title-blocks/references/views/sheets only.",Log only; Phase 3 decides whether any unreferenced value becomes Golden-relevant.
ORPH-S-0527,DWG-EL-S100-001,,drawing_sheet_element calc_pdf_p102 section=sheets_089_141,"Generic drawing sheet element (DWG-EL-*, Phase 2-I sheet_elements.csv) not elevated to a drawing candidate; drawing layer elevates dimensions/annotations/members/tables/title-blocks/references/views/sheets only.",Log only; Phase 3 decides whether any unreferenced value becomes Golden-relevant.
ORPH-S-0528,DWG-EL-S101-001,,drawing_sheet_element calc_pdf_p103 section=sheets_089_141,"Generic drawing sheet element (DWG-EL-*, Phase 2-I sheet_elements.csv) not elevated to a drawing candidate; drawing layer elevates dimensions/annotations/members/tables/title-blocks/references/views/sheets only.",Log only; Phase 3 decides whether any unreferenced value becomes Golden-relevant.
ORPH-S-0529,DWG-EL-S102-001,,drawing_sheet_element calc_pdf_p104 section=sheets_089_141,"Generic drawing sheet element (DWG-EL-*, Phase 2-I sheet_elements.csv) not elevated to a drawing candidate; drawing layer elevates dimensions/annotations/members/tables/title-blocks/references/views/sheets only.",Log only; Phase 3 decides whether any unreferenced value becomes Golden-relevant.
ORPH-S-0530,DWG-EL-S103-001,,drawing_sheet_element calc_pdf_p105 section=sheets_089_141,"Generic drawing sheet element (DWG-EL-*, Phase 2-I sheet_elements.csv) not elevated to a drawing candidate; drawing layer elevates dimensions/annotations/members/tables/title-blocks/references/views/sheets only.",Log only; Phase 3 decides whether any unreferenced value becomes Golden-relevant.
ORPH-S-0531,DWG-EL-S104-001,,drawing_sheet_element calc_pdf_p106 section=sheets_089_141,"Generic drawing sheet element (DWG-EL-*, Phase 2-I sheet_elements.csv) not elevated to a drawing candidate; drawing layer elevates dimensions/annotations/members/tables/title-blocks/references/views/sheets only.",Log only; Phase 3 decides whether any unreferenced value becomes Golden-relevant.
ORPH-S-0532,DWG-EL-S105-001,,drawing_sheet_element calc_pdf_p107 section=sheets_089_141,"Generic drawing sheet element (DWG-EL-*, Phase 2-I sheet_elements.csv) not elevated to a drawing candidate; drawing layer elevates dimensions/annotations/members/tables/title-blocks/references/views/sheets only.",Log only; Phase 3 decides whether any unreferenced value becomes Golden-relevant.
ORPH-S-0533,DWG-EL-S106-001,,drawing_sheet_element calc_pdf_p108 section=sheets_089_141,"Generic drawing sheet element (DWG-EL-*, Phase 2-I sheet_elements.csv) not elevated to a drawing candidate; drawing layer elevates dimensions/annotations/members/tables/title-blocks/references/views/sheets only.",Log only; Phase 3 decides whether any unreferenced value becomes Golden-relevant.
ORPH-S-0534,DWG-EL-S107-001,,drawing_sheet_element calc_pdf_p109 section=sheets_089_141,"Generic drawing sheet element (DWG-EL-*, Phase 2-I sheet_elements.csv) not elevated to a drawing candidate; drawing layer elevates dimensions/annotations/members/tables/title-blocks/references/views/sheets only.",Log only; Phase 3 decides whether any unreferenced value becomes Golden-relevant.
ORPH-S-0535,DWG-EL-S108-001,,drawing_sheet_element calc_pdf_p110 section=sheets_089_141,"Generic drawing sheet element (DWG-EL-*, Phase 2-I sheet_elements.csv) not elevated to a drawing candidate; drawing layer elevates dimensions/annotations/members/tables/title-blocks/references/views/sheets only.",Log only; Phase 3 decides whether any unreferenced value becomes Golden-relevant.
ORPH-S-0536,DWG-EL-S109-001,,drawing_sheet_element calc_pdf_p111 section=sheets_089_141,"Generic drawing sheet element (DWG-EL-*, Phase 2-I sheet_elements.csv) not elevated to a drawing candidate; drawing layer elevates dimensions/annotations/members/tables/title-blocks/references/views/sheets only.",Log only; Phase 3 decides whether any unreferenced value becomes Golden-relevant.
ORPH-S-0537,DWG-EL-S110-001,,drawing_sheet_element calc_pdf_p112 section=sheets_089_141,"Generic drawing sheet element (DWG-EL-*, Phase 2-I sheet_elements.csv) not elevated to a drawing candidate; drawing layer elevates dimensions/annotations/members/tables/title-blocks/references/views/sheets only.",Log only; Phase 3 decides whether any unreferenced value becomes Golden-relevant.
ORPH-S-0538,DWG-EL-S111-001,,drawing_sheet_element calc_pdf_p113 section=sheets_089_141,"Generic drawing sheet element (DWG-EL-*, Phase 2-I sheet_elements.csv) not elevated to a drawing candidate; drawing layer elevates dimensions/annotations/members/tables/title-blocks/references/views/sheets only.",Log only; Phase 3 decides whether any unreferenced value becomes Golden-relevant.
ORPH-S-0539,DWG-EL-S112-001,,drawing_sheet_element calc_pdf_p114 section=sheets_089_141,"Generic drawing sheet element (DWG-EL-*, Phase 2-I sheet_elements.csv) not elevated to a drawing candidate; drawing layer elevates dimensions/annotations/members/tables/title-blocks/references/views/sheets only.",Log only; Phase 3 decides whether any unreferenced value becomes Golden-relevant.
ORPH-S-0540,DWG-EL-S113-001,,drawing_sheet_element calc_pdf_p115 section=sheets_089_141,"Generic drawing sheet element (DWG-EL-*, Phase 2-I sheet_elements.csv) not elevated to a drawing candidate; drawing layer elevates dimensions/annotations/members/tables/title-blocks/references/views/sheets only.",Log only; Phase 3 decides whether any unreferenced value becomes Golden-relevant.
ORPH-S-0541,DWG-EL-S114-001,,drawing_sheet_element calc_pdf_p116 section=sheets_089_141,"Generic drawing sheet element (DWG-EL-*, Phase 2-I sheet_elements.csv) not elevated to a drawing candidate; drawing layer elevates dimensions/annotations/members/tables/title-blocks/references/views/sheets only.",Log only; Phase 3 decides whether any unreferenced value becomes Golden-relevant.
ORPH-S-0542,DWG-EL-S115-001,,drawing_sheet_element calc_pdf_p117 section=sheets_089_141,"Generic drawing sheet element (DWG-EL-*, Phase 2-I sheet_elements.csv) not elevated to a drawing candidate; drawing layer elevates dimensions/annotations/members/tables/title-blocks/references/views/sheets only.",Log only; Phase 3 decides whether any unreferenced value becomes Golden-relevant.
ORPH-S-0543,DWG-EL-S116-001,,drawing_sheet_element calc_pdf_p118 section=sheets_089_141,"Generic drawing sheet element (DWG-EL-*, Phase 2-I sheet_elements.csv) not elevated to a drawing candidate; drawing layer elevates dimensions/annotations/members/tables/title-blocks/references/views/sheets only.",Log only; Phase 3 decides whether any unreferenced value becomes Golden-relevant.
ORPH-S-0544,DWG-EL-S117-001,,drawing_sheet_element calc_pdf_p119 section=sheets_089_141,"Generic drawing sheet element (DWG-EL-*, Phase 2-I sheet_elements.csv) not elevated to a drawing candidate; drawing layer elevates dimensions/annotations/members/tables/title-blocks/references/views/sheets only.",Log only; Phase 3 decides whether any unreferenced value becomes Golden-relevant.
ORPH-S-0545,DWG-EL-S118-001,,drawing_sheet_element calc_pdf_p120 section=sheets_089_141,"Generic drawing sheet element (DWG-EL-*, Phase 2-I sheet_elements.csv) not elevated to a drawing candidate; drawing layer elevates dimensions/annotations/members/tables/title-blocks/references/views/sheets only.",Log only; Phase 3 decides whether any unreferenced value becomes Golden-relevant.
ORPH-S-0546,DWG-EL-S119-001,,drawing_sheet_element calc_pdf_p121 section=sheets_089_141,"Generic drawing sheet element (DWG-EL-*, Phase 2-I sheet_elements.csv) not elevated to a drawing candidate; drawing layer elevates dimensions/annotations/members/tables/title-blocks/references/views/sheets only.",Log only; Phase 3 decides whether any unreferenced value becomes Golden-relevant.
ORPH-S-0547,DWG-EL-S120-001,,drawing_sheet_element calc_pdf_p122 section=sheets_089_141,"Generic drawing sheet element (DWG-EL-*, Phase 2-I sheet_elements.csv) not elevated to a drawing candidate; drawing layer elevates dimensions/annotations/members/tables/title-blocks/references/views/sheets only.",Log only; Phase 3 decides whether any unreferenced value becomes Golden-relevant.
ORPH-S-0548,DWG-EL-S121-001,,drawing_sheet_element calc_pdf_p123 section=sheets_089_141,"Generic drawing sheet element (DWG-EL-*, Phase 2-I sheet_elements.csv) not elevated to a drawing candidate; drawing layer elevates dimensions/annotations/members/tables/title-blocks/references/views/sheets only.",Log only; Phase 3 decides whether any unreferenced value becomes Golden-relevant.
ORPH-S-0549,DWG-EL-S122-001,,drawing_sheet_element calc_pdf_p124 section=sheets_089_141,"Generic drawing sheet element (DWG-EL-*, Phase 2-I sheet_elements.csv) not elevated to a drawing candidate; drawing layer elevates dimensions/annotations/members/tables/title-blocks/references/views/sheets only.",Log only; Phase 3 decides whether any unreferenced value becomes Golden-relevant.
ORPH-S-0550,DWG-EL-S123-001,,drawing_sheet_element calc_pdf_p125 section=sheets_089_141,"Generic drawing sheet element (DWG-EL-*, Phase 2-I sheet_elements.csv) not elevated to a drawing candidate; drawing layer elevates dimensions/annotations/members/tables/title-blocks/references/views/sheets only.",Log only; Phase 3 decides whether any unreferenced value becomes Golden-relevant.
ORPH-S-0551,DWG-EL-S124-001,,drawing_sheet_element calc_pdf_p126 section=sheets_089_141,"Generic drawing sheet element (DWG-EL-*, Phase 2-I sheet_elements.csv) not elevated to a drawing candidate; drawing layer elevates dimensions/annotations/members/tables/title-blocks/references/views/sheets only.",Log only; Phase 3 decides whether any unreferenced value becomes Golden-relevant.
ORPH-S-0552,DWG-EL-S125-001,,drawing_sheet_element calc_pdf_p127 section=sheets_089_141,"Generic drawing sheet element (DWG-EL-*, Phase 2-I sheet_elements.csv) not elevated to a drawing candidate; drawing layer elevates dimensions/annotations/members/tables/title-blocks/references/views/sheets only.",Log only; Phase 3 decides whether any unreferenced value becomes Golden-relevant.
ORPH-S-0553,DWG-EL-S126-001,,drawing_sheet_element calc_pdf_p128 section=sheets_089_141,"Generic drawing sheet element (DWG-EL-*, Phase 2-I sheet_elements.csv) not elevated to a drawing candidate; drawing layer elevates dimensions/annotations/members/tables/title-blocks/references/views/sheets only.",Log only; Phase 3 decides whether any unreferenced value becomes Golden-relevant.
ORPH-S-0554,DWG-EL-S127-001,,drawing_sheet_element calc_pdf_p129 section=sheets_089_141,"Generic drawing sheet element (DWG-EL-*, Phase 2-I sheet_elements.csv) not elevated to a drawing candidate; drawing layer elevates dimensions/annotations/members/tables/title-blocks/references/views/sheets only.",Log only; Phase 3 decides whether any unreferenced value becomes Golden-relevant.
ORPH-S-0555,DWG-EL-S128-001,,drawing_sheet_element calc_pdf_p130 section=sheets_089_141,"Generic drawing sheet element (DWG-EL-*, Phase 2-I sheet_elements.csv) not elevated to a drawing candidate; drawing layer elevates dimensions/annotations/members/tables/title-blocks/references/views/sheets only.",Log only; Phase 3 decides whether any unreferenced value becomes Golden-relevant.
ORPH-S-0556,DWG-EL-S129-001,,drawing_sheet_element calc_pdf_p131 section=sheets_089_141,"Generic drawing sheet element (DWG-EL-*, Phase 2-I sheet_elements.csv) not elevated to a drawing candidate; drawing layer elevates dimensions/annotations/members/tables/title-blocks/references/views/sheets only.",Log only; Phase 3 decides whether any unreferenced value becomes Golden-relevant.
ORPH-S-0557,DWG-EL-S130-001,,drawing_sheet_element calc_pdf_p132 section=sheets_089_141,"Generic drawing sheet element (DWG-EL-*, Phase 2-I sheet_elements.csv) not elevated to a drawing candidate; drawing layer elevates dimensions/annotations/members/tables/title-blocks/references/views/sheets only.",Log only; Phase 3 decides whether any unreferenced value becomes Golden-relevant.
ORPH-S-0558,DWG-EL-S131-001,,drawing_sheet_element calc_pdf_p133 section=sheets_089_141,"Generic drawing sheet element (DWG-EL-*, Phase 2-I sheet_elements.csv) not elevated to a drawing candidate; drawing layer elevates dimensions/annotations/members/tables/title-blocks/references/views/sheets only.",Log only; Phase 3 decides whether any unreferenced value becomes Golden-relevant.
ORPH-S-0559,DWG-EL-S132-001,,drawing_sheet_element calc_pdf_p134 section=sheets_089_141,"Generic drawing sheet element (DWG-EL-*, Phase 2-I sheet_elements.csv) not elevated to a drawing candidate; drawing layer elevates dimensions/annotations/members/tables/title-blocks/references/views/sheets only.",Log only; Phase 3 decides whether any unreferenced value becomes Golden-relevant.
ORPH-S-0560,DWG-EL-S133-001,,drawing_sheet_element calc_pdf_p135 section=sheets_089_141,"Generic drawing sheet element (DWG-EL-*, Phase 2-I sheet_elements.csv) not elevated to a drawing candidate; drawing layer elevates dimensions/annotations/members/tables/title-blocks/references/views/sheets only.",Log only; Phase 3 decides whether any unreferenced value becomes Golden-relevant.
ORPH-S-0561,DWG-EL-S134-001,,drawing_sheet_element calc_pdf_p136 section=sheets_089_141,"Generic drawing sheet element (DWG-EL-*, Phase 2-I sheet_elements.csv) not elevated to a drawing candidate; drawing layer elevates dimensions/annotations/members/tables/title-blocks/references/views/sheets only.",Log only; Phase 3 decides whether any unreferenced value becomes Golden-relevant.
ORPH-S-0562,DWG-EL-S135-001,,drawing_sheet_element calc_pdf_p137 section=sheets_089_141,"Generic drawing sheet element (DWG-EL-*, Phase 2-I sheet_elements.csv) not elevated to a drawing candidate; drawing layer elevates dimensions/annotations/members/tables/title-blocks/references/views/sheets only.",Log only; Phase 3 decides whether any unreferenced value becomes Golden-relevant.
ORPH-S-0563,DWG-EL-S136-001,,drawing_sheet_element calc_pdf_p138 section=sheets_089_141,"Generic drawing sheet element (DWG-EL-*, Phase 2-I sheet_elements.csv) not elevated to a drawing candidate; drawing layer elevates dimensions/annotations/members/tables/title-blocks/references/views/sheets only.",Log only; Phase 3 decides whether any unreferenced value becomes Golden-relevant.
ORPH-S-0564,DWG-EL-S137-001,,drawing_sheet_element calc_pdf_p139 section=sheets_089_141,"Generic drawing sheet element (DWG-EL-*, Phase 2-I sheet_elements.csv) not elevated to a drawing candidate; drawing layer elevates dimensions/annotations/members/tables/title-blocks/references/views/sheets only.",Log only; Phase 3 decides whether any unreferenced value becomes Golden-relevant.
ORPH-S-0565,DWG-EL-S138-001,,drawing_sheet_element calc_pdf_p140 section=sheets_089_141,"Generic drawing sheet element (DWG-EL-*, Phase 2-I sheet_elements.csv) not elevated to a drawing candidate; drawing layer elevates dimensions/annotations/members/tables/title-blocks/references/views/sheets only.",Log only; Phase 3 decides whether any unreferenced value becomes Golden-relevant.
ORPH-S-0566,DWG-EL-S139-001,,drawing_sheet_element calc_pdf_p141 section=sheets_089_141,"Generic drawing sheet element (DWG-EL-*, Phase 2-I sheet_elements.csv) not elevated to a drawing candidate; drawing layer elevates dimensions/annotations/members/tables/title-blocks/references/views/sheets only.",Log only; Phase 3 decides whether any unreferenced value becomes Golden-relevant.
ORPH-S-0567,DWG-EL-S140-001,,drawing_sheet_element calc_pdf_p142 section=sheets_089_141,"Generic drawing sheet element (DWG-EL-*, Phase 2-I sheet_elements.csv) not elevated to a drawing candidate; drawing layer elevates dimensions/annotations/members/tables/title-blocks/references/views/sheets only.",Log only; Phase 3 decides whether any unreferenced value becomes Golden-relevant.
ORPH-S-0568,DWG-EL-S141-001,,drawing_sheet_element calc_pdf_p143 section=sheets_089_141,"Generic drawing sheet element (DWG-EL-*, Phase 2-I sheet_elements.csv) not elevated to a drawing candidate; drawing layer elevates dimensions/annotations/members/tables/title-blocks/references/views/sheets only.",Log only; Phase 3 decides whether any unreferenced value becomes Golden-relevant.
ORPH-S-0569,GEO-007,,domain_index calc_pdf_p3 section=drawing_all,Phase 2-I domain index entry not directly referenced by a candidate; covered via derived candidate content.,Log only; Phase 3 decides whether any unreferenced value becomes Golden-relevant.
ORPH-S-0570,GEO-009,,domain_index calc_pdf_p3 section=drawing_all,Phase 2-I domain index entry not directly referenced by a candidate; covered via derived candidate content.,Log only; Phase 3 decides whether any unreferenced value becomes Golden-relevant.
ORPH-S-0571,GEO-011,,domain_index calc_pdf_p3 section=drawing_all,Phase 2-I domain index entry not directly referenced by a candidate; covered via derived candidate content.,Log only; Phase 3 decides whether any unreferenced value becomes Golden-relevant.
ORPH-S-0572,GEO-012,,domain_index calc_pdf_p135 section=CH3-CAL-SEC-3.1.2,Phase 2-I domain index entry not directly referenced by a candidate; covered via derived candidate content.,Log only; Phase 3 decides whether any unreferenced value becomes Golden-relevant.
ORPH-S-0573,GEO-013,,domain_index calc_pdf_p135 section=CH3-CAL-SEC-3.1.2,Phase 2-I domain index entry not directly referenced by a candidate; covered via derived candidate content.,Log only; Phase 3 decides whether any unreferenced value becomes Golden-relevant.
ORPH-S-0574,GEO-014,,domain_index calc_pdf_p135 section=CH3-CAL-SEC-3.1.2,Phase 2-I domain index entry not directly referenced by a candidate; covered via derived candidate content.,Log only; Phase 3 decides whether any unreferenced value becomes Golden-relevant.
ORPH-S-0575,GEO-015,,domain_index calc_pdf_p15 section=drawing_13,Phase 2-I domain index entry not directly referenced by a candidate; covered via derived candidate content.,Log only; Phase 3 decides whether any unreferenced value becomes Golden-relevant.
ORPH-S-0576,GEO-020,,domain_index calc_pdf_p119 section=CH3-CAL-SEC-3.1.2,Phase 2-I domain index entry not directly referenced by a candidate; covered via derived candidate content.,Log only; Phase 3 decides whether any unreferenced value becomes Golden-relevant.
ORPH-S-0577,GEO-021,,domain_index calc_pdf_p119 section=CH3-CAL-SEC-3.1.2,Phase 2-I domain index entry not directly referenced by a candidate; covered via derived candidate content.,Log only; Phase 3 decides whether any unreferenced value becomes Golden-relevant.
ORPH-S-0578,GEO-022,,domain_index calc_pdf_p384 section=CH3-CAL-SEC-3.2.3,Phase 2-I domain index entry not directly referenced by a candidate; covered via derived candidate content.,Log only; Phase 3 decides whether any unreferenced value becomes Golden-relevant.
ORPH-S-0579,GEO-023,,domain_index calc_pdf_p685 section=CH3-CAL-SEC-3.3.3,Phase 2-I domain index entry not directly referenced by a candidate; covered via derived candidate content.,Log only; Phase 3 decides whether any unreferenced value becomes Golden-relevant.
ORPH-S-0580,GEO-024,,domain_index calc_pdf_p685 section=CH3-CAL-SEC-3.3.3,Phase 2-I domain index entry not directly referenced by a candidate; covered via derived candidate content.,Log only; Phase 3 decides whether any unreferenced value becomes Golden-relevant.
ORPH-S-0581,LOAD-018,,domain_index calc_pdf_p685 section=CH3-CAL-SEC-3.3.3,Phase 2-I domain index entry not directly referenced by a candidate; covered via derived candidate content.,Log only; Phase 3 decides whether any unreferenced value becomes Golden-relevant.
ORPH-S-0582,LOAD-022,,domain_index calc_pdf_p767 section=CH3-CAL-SEC-3.4.1,Phase 2-I domain index entry not directly referenced by a candidate; covered via derived candidate content.,Log only; Phase 3 decides whether any unreferenced value becomes Golden-relevant.
ORPH-S-0583,LOAD-024,,domain_index calc_pdf_p767 section=CH3-CAL-SEC-3.4.1,Phase 2-I domain index entry not directly referenced by a candidate; covered via derived candidate content.,Log only; Phase 3 decides whether any unreferenced value becomes Golden-relevant.
ORPH-S-0584,MATSEC-011,,domain_index calc_pdf_p18 section=CH2-CAL-SEC-2.1,Phase 2-I domain index entry not directly referenced by a candidate; covered via derived candidate content.,Log only; Phase 3 decides whether any unreferenced value becomes Golden-relevant.
ORPH-S-0585,MATSEC-012,,domain_index calc_pdf_p18 section=CH2-CAL-SEC-2.1,Phase 2-I domain index entry not directly referenced by a candidate; covered via derived candidate content.,Log only; Phase 3 decides whether any unreferenced value becomes Golden-relevant.
ORPH-S-0586,MATSEC-014,,domain_index calc_pdf_p18 section=CH2-CAL-SEC-2.1,Phase 2-I domain index entry not directly referenced by a candidate; covered via derived candidate content.,Log only; Phase 3 decides whether any unreferenced value becomes Golden-relevant.
ORPH-S-0587,MATSEC-015,,domain_index calc_pdf_p18 section=CH2-CAL-SEC-2.1,Phase 2-I domain index entry not directly referenced by a candidate; covered via derived candidate content.,Log only; Phase 3 decides whether any unreferenced value becomes Golden-relevant.
ORPH-S-0588,MATSEC-016,,domain_index calc_pdf_p18 section=CH2-CAL-SEC-2.1,Phase 2-I domain index entry not directly referenced by a candidate; covered via derived candidate content.,Log only; Phase 3 decides whether any unreferenced value becomes Golden-relevant.
ORPH-S-0589,MATSEC-017,,domain_index calc_pdf_p1286 section=CH4-CAL-SEC-4.2.1,Phase 2-I domain index entry not directly referenced by a candidate; covered via derived candidate content.,Log only; Phase 3 decides whether any unreferenced value becomes Golden-relevant.
ORPH-S-0590,MATSEC-018,,domain_index calc_pdf_p1286 section=CH4-CAL-SEC-4.2.1,Phase 2-I domain index entry not directly referenced by a candidate; covered via derived candidate content.,Log only; Phase 3 decides whether any unreferenced value becomes Golden-relevant.
ORPH-S-0591,MATSEC-019,,domain_index calc_pdf_p1286 section=CH4-CAL-SEC-4.2.1,Phase 2-I domain index entry not directly referenced by a candidate; covered via derived candidate content.,Log only; Phase 3 decides whether any unreferenced value becomes Golden-relevant.
ORPH-S-0592,MATSEC-020,,domain_index calc_pdf_p1286 section=CH4-CAL-SEC-4.2.1,Phase 2-I domain index entry not directly referenced by a candidate; covered via derived candidate content.,Log only; Phase 3 decides whether any unreferenced value becomes Golden-relevant.
ORPH-S-0593,MATSEC-021,,domain_index calc_pdf_p121 section=CH3-CAL-SEC-3.1.2,Phase 2-I domain index entry not directly referenced by a candidate; covered via derived candidate content.,Log only; Phase 3 decides whether any unreferenced value becomes Golden-relevant.
ORPH-S-0594,MATSEC-022,,domain_index calc_pdf_p121 section=CH3-CAL-SEC-3.1.2,Phase 2-I domain index entry not directly referenced by a candidate; covered via derived candidate content.,Log only; Phase 3 decides whether any unreferenced value becomes Golden-relevant.
ORPH-S-0595,SRC-calculation_chapter_03_section_3_2_values-001,,value  section=3.2.1,Source value record not referenced by any candidate source_record_ids; treated as non-candidate-relevant (excluded as derived/aggregated into candidates).,Log only; Phase 3 decides whether any unreferenced value becomes Golden-relevant.
ORPH-S-0596,SRC-calculation_chapter_03_section_3_2_values-002,,value  section=3.2,Source value record not referenced by any candidate source_record_ids; treated as non-candidate-relevant (excluded as derived/aggregated into candidates).,Log only; Phase 3 decides whether any unreferenced value becomes Golden-relevant.
ORPH-S-0597,SRC-calculation_chapter_03_section_3_2_values-003,,value  section=3.2,Source value record not referenced by any candidate source_record_ids; treated as non-candidate-relevant (excluded as derived/aggregated into candidates).,Log only; Phase 3 decides whether any unreferenced value becomes Golden-relevant.
ORPH-S-0598,SRC-calculation_chapter_03_section_3_2_values-004,,value  section=3.2,Source value record not referenced by any candidate source_record_ids; treated as non-candidate-relevant (excluded as derived/aggregated into candidates).,Log only; Phase 3 decides whether any unreferenced value becomes Golden-relevant.
ORPH-S-0599,SRC-calculation_chapter_03_section_3_2_values-005,,value  section=3.2.1,Source value record not referenced by any candidate source_record_ids; treated as non-candidate-relevant (excluded as derived/aggregated into candidates).,Log only; Phase 3 decides whether any unreferenced value becomes Golden-relevant.
ORPH-S-0600,SRC-calculation_chapter_03_section_3_2_values-011,,value  section=3.2.4,Source value record not referenced by any candidate source_record_ids; treated as non-candidate-relevant (excluded as derived/aggregated into candidates).,Log only; Phase 3 decides whether any unreferenced value becomes Golden-relevant.
ORPH-S-0601,SRC-calculation_chapter_03_section_3_2_values-012,,value  section=3.2.4,Source value record not referenced by any candidate source_record_ids; treated as non-candidate-relevant (excluded as derived/aggregated into candidates).,Log only; Phase 3 decides whether any unreferenced value becomes Golden-relevant.
ORPH-S-0602,SRC-calculation_chapter_03_section_3_2_values-013,,value  section=3.2.4,Source value record not referenced by any candidate source_record_ids; treated as non-candidate-relevant (excluded as derived/aggregated into candidates).,Log only; Phase 3 decides whether any unreferenced value becomes Golden-relevant.
ORPH-S-0603,SRC-calculation_chapter_03_section_3_2_values-014,,value  section=3.2.1,Source value record not referenced by any candidate source_record_ids; treated as non-candidate-relevant (excluded as derived/aggregated into candidates).,Log only; Phase 3 decides whether any unreferenced value becomes Golden-relevant.
ORPH-S-0604,SRC-calculation_chapter_03_section_3_2_values-015,,value  section=3.2.1,Source value record not referenced by any candidate source_record_ids; treated as non-candidate-relevant (excluded as derived/aggregated into candidates).,Log only; Phase 3 decides whether any unreferenced value becomes Golden-relevant.
ORPH-S-0605,SRC-calculation_chapter_03_section_3_2_values-016,,value  section=3.2.1,Source value record not referenced by any candidate source_record_ids; treated as non-candidate-relevant (excluded as derived/aggregated into candidates).,Log only; Phase 3 decides whether any unreferenced value becomes Golden-relevant.
ORPH-S-0606,SRC-calculation_chapter_03_section_3_2_values-021,,value  section=3.2.16,Source value record not referenced by any candidate source_record_ids; treated as non-candidate-relevant (excluded as derived/aggregated into candidates).,Log only; Phase 3 decides whether any unreferenced value becomes Golden-relevant.
ORPH-S-0607,SRC-calculation_chapter_03_section_3_2_values-022,,value  section=3.2.16,Source value record not referenced by any candidate source_record_ids; treated as non-candidate-relevant (excluded as derived/aggregated into candidates).,Log only; Phase 3 decides whether any unreferenced value becomes Golden-relevant.
ORPH-S-0608,SRC-calculation_chapter_03_section_3_2_values-023,,value  section=3.2.16,Source value record not referenced by any candidate source_record_ids; treated as non-candidate-relevant (excluded as derived/aggregated into candidates).,Log only; Phase 3 decides whether any unreferenced value becomes Golden-relevant.
ORPH-S-0609,SRC-calculation_chapter_03_section_3_2_values-024,,value  section=3.2.16,Source value record not referenced by any candidate source_record_ids; treated as non-candidate-relevant (excluded as derived/aggregated into candidates).,Log only; Phase 3 decides whether any unreferenced value becomes Golden-relevant.
ORPH-S-0610,SRC-calculation_chapter_03_section_3_2_values-026,,value  section=3.2.1,Source value record not referenced by any candidate source_record_ids; treated as non-candidate-relevant (excluded as derived/aggregated into candidates).,Log only; Phase 3 decides whether any unreferenced value becomes Golden-relevant.
ORPH-S-0611,SRC-calculation_chapter_03_section_3_2_values-027,,value  section=3.2.1,Source value record not referenced by any candidate source_record_ids; treated as non-candidate-relevant (excluded as derived/aggregated into candidates).,Log only; Phase 3 decides whether any unreferenced value becomes Golden-relevant.
ORPH-S-0612,SRC-calculation_chapter_03_section_3_2_values-028,,value  section=3.2.1,Source value record not referenced by any candidate source_record_ids; treated as non-candidate-relevant (excluded as derived/aggregated into candidates).,Log only; Phase 3 decides whether any unreferenced value becomes Golden-relevant.
ORPH-S-0613,SRC-calculation_chapter_03_section_3_2_values-076,,value  section=3.2.15,Source value record not referenced by any candidate source_record_ids; treated as non-candidate-relevant (excluded as derived/aggregated into candidates).,Log only; Phase 3 decides whether any unreferenced value becomes Golden-relevant.
ORPH-S-0614,SRC-calculation_chapter_03_section_3_2_values-077,,value  section=3.2.15,Source value record not referenced by any candidate source_record_ids; treated as non-candidate-relevant (excluded as derived/aggregated into candidates).,Log only; Phase 3 decides whether any unreferenced value becomes Golden-relevant.
ORPH-S-0615,SRC-calculation_chapter_03_section_3_2_values-078,,value  section=3.2.15,Source value record not referenced by any candidate source_record_ids; treated as non-candidate-relevant (excluded as derived/aggregated into candidates).,Log only; Phase 3 decides whether any unreferenced value becomes Golden-relevant.
ORPH-S-0616,SRC-calculation_chapter_03_section_3_2_values-079,,value  section=3.2.15,Source value record not referenced by any candidate source_record_ids; treated as non-candidate-relevant (excluded as derived/aggregated into candidates).,Log only; Phase 3 decides whether any unreferenced value becomes Golden-relevant.
ORPH-S-0617,SRC-calculation_chapter_03_section_3_2_values-080,,value  section=3.2.15,Source value record not referenced by any candidate source_record_ids; treated as non-candidate-relevant (excluded as derived/aggregated into candidates).,Log only; Phase 3 decides whether any unreferenced value becomes Golden-relevant.
ORPH-S-0618,SRC-calculation_chapter_03_section_3_2_values-081,,value  section=3.2.15,Source value record not referenced by any candidate source_record_ids; treated as non-candidate-relevant (excluded as derived/aggregated into candidates).,Log only; Phase 3 decides whether any unreferenced value becomes Golden-relevant.
ORPH-S-0619,STRMOD-002,,domain_index calc_pdf_p117 section=CH3-CAL-SEC-3.1.1,Phase 2-I domain index entry not directly referenced by a candidate; covered via derived candidate content.,Log only; Phase 3 decides whether any unreferenced value becomes Golden-relevant.
ORPH-S-0620,STRMOD-006,,domain_index calc_pdf_p149 section=CH3-CAL-SEC-3.1.6,Phase 2-I domain index entry not directly referenced by a candidate; covered via derived candidate content.,Log only; Phase 3 decides whether any unreferenced value becomes Golden-relevant.
ORPH-S-0621,STRMOD-007,,domain_index calc_pdf_p149 section=CH3-CAL-SEC-3.1.6,Phase 2-I domain index entry not directly referenced by a candidate; covered via derived candidate content.,Log only; Phase 3 decides whether any unreferenced value becomes Golden-relevant.
ORPH-S-0622,STRMOD-008,,domain_index calc_pdf_p149 section=CH3-CAL-SEC-3.1.6,Phase 2-I domain index entry not directly referenced by a candidate; covered via derived candidate content.,Log only; Phase 3 decides whether any unreferenced value becomes Golden-relevant.
ORPH-S-0623,STRMOD-010,,domain_index calc_pdf_p873 section=CH4-CAL-SEC-4.1.1,Phase 2-I domain index entry not directly referenced by a candidate; covered via derived candidate content.,Log only; Phase 3 decides whether any unreferenced value becomes Golden-relevant.
ORPH-S-0624,STRMOD-013,,domain_index calc_pdf_p8 section=drawing_8,Phase 2-I domain index entry not directly referenced by a candidate; covered via derived candidate content.,Log only; Phase 3 decides whether any unreferenced value becomes Golden-relevant.
ORPH-S-0625,STRMOD-014,,domain_index calc_pdf_p8 section=drawing_8,Phase 2-I domain index entry not directly referenced by a candidate; covered via derived candidate content.,Log only; Phase 3 decides whether any unreferenced value becomes Golden-relevant.
ORPH-S-0626,STRMOD-015,,domain_index calc_pdf_p11 section=drawing_11,Phase 2-I domain index entry not directly referenced by a candidate; covered via derived candidate content.,Log only; Phase 3 decides whether any unreferenced value becomes Golden-relevant.
ORPH-S-0627,STRMOD-016,,domain_index calc_pdf_p11 section=drawing_11,Phase 2-I domain index entry not directly referenced by a candidate; covered via derived candidate content.,Log only; Phase 3 decides whether any unreferenced value becomes Golden-relevant.
ORPH-S-0628,STRMOD-017,,domain_index calc_pdf_p11 section=drawing_11,Phase 2-I domain index entry not directly referenced by a candidate; covered via derived candidate content.,Log only; Phase 3 decides whether any unreferenced value becomes Golden-relevant.
ORPH-S-0629,V001,,drawing_unread_resolution calc_pdf_p143 section=drawing_sheet_141,Sheet 141 OCR sub-record (unread_resolution/) not directly referenced by a candidate; content folded into PARTIAL drawing-141 candidates.,Log only; Phase 3 decides whether any unreferenced value becomes Golden-relevant.
ORPH-S-0630,V002,,drawing_unread_resolution calc_pdf_p143 section=drawing_sheet_141,Sheet 141 OCR sub-record (unread_resolution/) not directly referenced by a candidate; content folded into PARTIAL drawing-141 candidates.,Log only; Phase 3 decides whether any unreferenced value becomes Golden-relevant.
ORPH-S-0631,V003,,drawing_unread_resolution calc_pdf_p143 section=drawing_sheet_141,Sheet 141 OCR sub-record (unread_resolution/) not directly referenced by a candidate; content folded into PARTIAL drawing-141 candidates.,Log only; Phase 3 decides whether any unreferenced value becomes Golden-relevant.
ORPH-S-0632,V004,,drawing_unread_resolution calc_pdf_p143 section=drawing_sheet_141,Sheet 141 OCR sub-record (unread_resolution/) not directly referenced by a candidate; content folded into PARTIAL drawing-141 candidates.,Log only; Phase 3 decides whether any unreferenced value becomes Golden-relevant.
ORPH-S-0633,V005,,drawing_unread_resolution calc_pdf_p143 section=drawing_sheet_141,Sheet 141 OCR sub-record (unread_resolution/) not directly referenced by a candidate; content folded into PARTIAL drawing-141 candidates.,Log only; Phase 3 decides whether any unreferenced value becomes Golden-relevant.
ORPH-S-0634,V006,,drawing_unread_resolution calc_pdf_p143 section=drawing_sheet_141,Sheet 141 OCR sub-record (unread_resolution/) not directly referenced by a candidate; content folded into PARTIAL drawing-141 candidates.,Log only; Phase 3 decides whether any unreferenced value becomes Golden-relevant.
ORPH-S-0635,V007,,drawing_unread_resolution calc_pdf_p143 section=drawing_sheet_141,Sheet 141 OCR sub-record (unread_resolution/) not directly referenced by a candidate; content folded into PARTIAL drawing-141 candidates.,Log only; Phase 3 decides whether any unreferenced value becomes Golden-relevant.
ORPH-S-0636,V008,,drawing_unread_resolution calc_pdf_p143 section=drawing_sheet_141,Sheet 141 OCR sub-record (unread_resolution/) not directly referenced by a candidate; content folded into PARTIAL drawing-141 candidates.,Log only; Phase 3 decides whether any unreferenced value becomes Golden-relevant.
