pdf_page_number,printed_page_number,chapter_id,section_id,page_type,extraction_status,verification_status
1,,,,front_matter,TEXT_EXTRACTED,UNVERIFIED
2,,,,front_matter,TEXT_EXTRACTED,UNVERIFIED
3,,,,front_matter,TEXT_EXTRACTED,UNVERIFIED
4,,,,front_matter,TEXT_EXTRACTED,UNVERIFIED
5,,,,front_matter,TEXT_EXTRACTED,UNVERIFIED
6,1,CH1,CAL-SEC-ch1,content,TEXT_EXTRACTED,UNVERIFIED
7,2,CH1,CAL-SEC-1.1,content,TEXT_EXTRACTED,UNVERIFIED
8,3,CH1,CAL-SEC-1.2,content,TEXT_EXTRACTED,UNVERIFIED
9,4,CH1,CAL-SEC-1.2,content,TEXT_EXTRACTED,UNVERIFIED
10,5,CH1,CAL-SEC-1.3,content,TEXT_EXTRACTED,UNVERIFIED
11,6,CH1,CAL-SEC-1.3,content,TEXT_EXTRACTED,UNVERIFIED
12,7,CH1,CAL-SEC-1.3,content,TEXT_EXTRACTED,UNVERIFIED
13,8,CH1,CAL-SEC-1.3,content,TEXT_EXTRACTED,UNVERIFIED
14,9,CH1,CAL-SEC-1.3,content,TEXT_EXTRACTED,UNVERIFIED
15,10,CH1,CAL-SEC-1.3,content,TEXT_EXTRACTED,UNVERIFIED
16,11,CH2,CAL-SEC-ch2,content,TEXT_EXTRACTED,UNVERIFIED
17,12,CH2,CAL-SEC-2.1,content,TEXT_EXTRACTED,UNVERIFIED
18,13,CH2,CAL-SEC-2.1,content,TEXT_EXTRACTED,UNVERIFIED
19,14,CH2,CAL-SEC-2.1,content,TEXT_EXTRACTED,UNVERIFIED
20,15,CH2,CAL-SEC-2.1,content,TEXT_EXTRACTED,UNVERIFIED
21,16,CH2,CAL-SEC-2.1,content,TEXT_EXTRACTED,UNVERIFIED
22,17,CH2,CAL-SEC-2.1,content,TEXT_EXTRACTED,UNVERIFIED
23,18,CH2,CAL-SEC-2.1,content,TEXT_EXTRACTED,UNVERIFIED
24,19,CH2,CAL-SEC-2.1,content,TEXT_EXTRACTED,UNVERIFIED
25,20,CH2,CAL-SEC-2.1,content,TEXT_EXTRACTED,UNVERIFIED
26,21,CH2,CAL-SEC-2.1,content,TEXT_EXTRACTED,UNVERIFIED
27,22,CH2,CAL-SEC-2.1,content,TEXT_EXTRACTED,UNVERIFIED
28,23,CH2,CAL-SEC-2.1,content,TEXT_EXTRACTED,UNVERIFIED
29,24,CH2,CAL-SEC-2.1,content,TEXT_EXTRACTED,UNVERIFIED
30,25,CH2,CAL-SEC-2.1,content,TEXT_EXTRACTED,UNVERIFIED
31,26,CH2,CAL-SEC-2.1,content,TEXT_EXTRACTED,UNVERIFIED
32,27,CH2,CAL-SEC-2.1,content,TEXT_EXTRACTED,UNVERIFIED
33,28,CH2,CAL-SEC-2.1,content,TEXT_EXTRACTED,UNVERIFIED
34,29,CH2,CAL-SEC-2.1,content,TEXT_EXTRACTED,UNVERIFIED
35,30,CH2,CAL-SEC-2.1,content,TEXT_EXTRACTED,UNVERIFIED
36,31,CH2,CAL-SEC-2.1,content,TEXT_EXTRACTED,UNVERIFIED
37,32,CH2,CAL-SEC-2.1,content,TEXT_EXTRACTED,UNVERIFIED
38,33,CH2,CAL-SEC-2.1,content,TEXT_EXTRACTED,UNVERIFIED
39,34,CH2,CAL-SEC-2.1,content,TEXT_EXTRACTED,UNVERIFIED
40,35,CH2,CAL-SEC-2.1,content,TEXT_EXTRACTED,UNVERIFIED
41,36,CH2,CAL-SEC-2.1,content,TEXT_EXTRACTED,UNVERIFIED
42,37,CH2,CAL-SEC-2.1,content,TEXT_EXTRACTED,UNVERIFIED
43,38,CH2,CAL-SEC-2.1,content,TEXT_EXTRACTED,UNVERIFIED
44,39,CH2,CAL-SEC-2.1,content,TEXT_EXTRACTED,UNVERIFIED
45,40,CH2,CAL-SEC-2.1,content,TEXT_EXTRACTED,UNVERIFIED
46,41,CH2,CAL-SEC-2.1,content,TEXT_EXTRACTED,UNVERIFIED
47,42,CH2,CAL-SEC-2.1,content,TEXT_EXTRACTED,UNVERIFIED
48,43,CH2,CAL-SEC-2.1,content,TEXT_EXTRACTED,UNVERIFIED
49,44,CH2,CAL-SEC-2.1,content,TEXT_EXTRACTED,UNVERIFIED
50,45,CH2,CAL-SEC-2.1,content,TEXT_EXTRACTED,UNVERIFIED
51,46,CH2,CAL-SEC-2.1,content,TEXT_EXTRACTED,UNVERIFIED
52,47,CH2,CAL-SEC-2.1,content,TEXT_EXTRACTED,UNVERIFIED
53,48,CH2,CAL-SEC-2.1,content,TEXT_EXTRACTED,UNVERIFIED
54,49,CH2,CAL-SEC-2.1,content,TEXT_EXTRACTED,UNVERIFIED
55,50,CH2,CAL-SEC-2.1,content,TEXT_EXTRACTED,UNVERIFIED
56,51,CH2,CAL-SEC-2.1,content,TEXT_EXTRACTED,UNVERIFIED
57,52,CH2,CAL-SEC-2.1,content,TEXT_EXTRACTED,UNVERIFIED
58,53,CH2,CAL-SEC-2.1,content,TEXT_EXTRACTED,UNVERIFIED
59,54,CH2,CAL-SEC-2.1,content,TEXT_EXTRACTED,UNVERIFIED
60,55,CH2,CAL-SEC-2.1,content,TEXT_EXTRACTED,UNVERIFIED
61,56,CH2,CAL-SEC-2.1,content,TEXT_EXTRACTED,UNVERIFIED
62,57,CH2,CAL-SEC-2.1,content,TEXT_EXTRACTED,UNVERIFIED
63,58,CH2,CAL-SEC-2.1,content,TEXT_EXTRACTED,UNVERIFIED
64,59,CH2,CAL-SEC-2.1,content,TEXT_EXTRACTED,UNVERIFIED
65,60,CH2,CAL-SEC-2.1,content,TEXT_EXTRACTED,UNVERIFIED
66,61,CH2,CAL-SEC-2.1,content,TEXT_EXTRACTED,UNVERIFIED
67,62,CH2,CAL-SEC-2.1,content,TEXT_EXTRACTED,UNVERIFIED
68,63,CH2,CAL-SEC-2.1,content,TEXT_EXTRACTED,UNVERIFIED
69,64,CH2,CAL-SEC-2.1,content,TEXT_EXTRACTED,UNVERIFIED
70,65,CH2,CAL-SEC-2.2,content,TEXT_EXTRACTED,UNVERIFIED
71,66,CH2,CAL-SEC-2.2,content,TEXT_EXTRACTED,UNVERIFIED
72,67,CH2,CAL-SEC-2.2,content,TEXT_EXTRACTED,UNVERIFIED
73,68,CH2,CAL-SEC-2.2,content,TEXT_EXTRACTED,UNVERIFIED
74,69,CH2,CAL-SEC-2.2,content,TEXT_EXTRACTED,UNVERIFIED
75,70,CH2,CAL-SEC-2.2,content,TEXT_EXTRACTED,UNVERIFIED
76,71,CH2,CAL-SEC-2.2,content,TEXT_EXTRACTED,UNVERIFIED
77,72,CH2,CAL-SEC-2.2,content,TEXT_EXTRACTED,UNVERIFIED
78,73,CH2,CAL-SEC-2.2,content,TEXT_EXTRACTED,UNVERIFIED
79,74,CH2,CAL-SEC-2.2,content,TEXT_EXTRACTED,UNVERIFIED
80,75,CH2,CAL-SEC-2.2,content,TEXT_EXTRACTED,UNVERIFIED
81,76,CH2,CAL-SEC-2.2,content,TEXT_EXTRACTED,UNVERIFIED
82,77,CH2,CAL-SEC-2.2,content,TEXT_EXTRACTED,UNVERIFIED
83,78,CH2,CAL-SEC-2.2,content,TEXT_EXTRACTED,UNVERIFIED
84,79,CH2,CAL-SEC-2.2,content,TEXT_EXTRACTED,UNVERIFIED
85,80,CH2,CAL-SEC-2.2,content,TEXT_EXTRACTED,UNVERIFIED
86,81,CH2,CAL-SEC-2.2,content,TEXT_EXTRACTED,UNVERIFIED
87,82,CH2,CAL-SEC-2.2,content,TEXT_EXTRACTED,UNVERIFIED
88,83,CH2,CAL-SEC-2.2,content,TEXT_EXTRACTED,UNVERIFIED
89,84,CH2,CAL-SEC-2.2,content,TEXT_EXTRACTED,UNVERIFIED
90,85,CH2,CAL-SEC-2.2,content,TEXT_EXTRACTED,UNVERIFIED
91,86,CH2,CAL-SEC-2.2,content,TEXT_EXTRACTED,UNVERIFIED
92,87,CH2,CAL-SEC-2.2,content,TEXT_EXTRACTED,UNVERIFIED
93,88,CH2,CAL-SEC-2.2,content,TEXT_EXTRACTED,UNVERIFIED
94,89,CH2,CAL-SEC-2.2,content,TEXT_EXTRACTED,UNVERIFIED
95,90,CH2,CAL-SEC-2.2,content,TEXT_EXTRACTED,UNVERIFIED
96,91,CH2,CAL-SEC-2.2,content,TEXT_EXTRACTED,UNVERIFIED
97,92,CH2,CAL-SEC-2.2,content,TEXT_EXTRACTED,UNVERIFIED
98,93,CH2,CAL-SEC-2.2,content,TEXT_EXTRACTED,UNVERIFIED
99,94,CH2,CAL-SEC-2.2,content,TEXT_EXTRACTED,UNVERIFIED
100,95,CH2,CAL-SEC-2.2,content,TEXT_EXTRACTED,UNVERIFIED
101,96,CH2,CAL-SEC-2.2,content,TEXT_EXTRACTED,UNVERIFIED
102,97,CH2,CAL-SEC-2.2,content,TEXT_EXTRACTED,UNVERIFIED
103,98,CH2,CAL-SEC-2.2,content,TEXT_EXTRACTED,UNVERIFIED
104,99,CH2,CAL-SEC-2.2,content,TEXT_EXTRACTED,UNVERIFIED
105,100,CH2,CAL-SEC-2.2,content,TEXT_EXTRACTED,UNVERIFIED
106,101,CH2,CAL-SEC-2.2,content,TEXT_EXTRACTED,UNVERIFIED
107,102,CH2,CAL-SEC-2.2,content,TEXT_EXTRACTED,UNVERIFIED
108,103,CH2,CAL-SEC-2.2,content,TEXT_EXTRACTED,UNVERIFIED
109,104,CH2,CAL-SEC-2.2,content,TEXT_EXTRACTED,UNVERIFIED
110,105,CH2,CAL-SEC-2.2,content,TEXT_EXTRACTED,UNVERIFIED
111,106,CH2,CAL-SEC-2.2,content,TEXT_EXTRACTED,UNVERIFIED
112,107,CH2,CAL-SEC-2.2,content,TEXT_EXTRACTED,UNVERIFIED
113,108,CH2,CAL-SEC-2.2,content,TEXT_EXTRACTED,UNVERIFIED
114,109,CH2,CAL-SEC-2.2,content,TEXT_EXTRACTED,UNVERIFIED
115,110,CH3,CAL-SEC-ch3,content,TEXT_EXTRACTED,UNVERIFIED
116,111,CH3,CAL-SEC-3.1,content,TEXT_EXTRACTED,UNVERIFIED
117,112,CH3,CAL-SEC-3.1.1,content,TEXT_EXTRACTED,UNVERIFIED
118,113,CH3,CAL-SEC-3.1.2,content,TEXT_EXTRACTED,UNVERIFIED
119,114,CH3,CAL-SEC-3.1.2,content,TEXT_EXTRACTED,UNVERIFIED
120,115,CH3,CAL-SEC-3.1.2,content,TEXT_EXTRACTED,UNVERIFIED
121,116,CH3,CAL-SEC-3.1.2,content,TEXT_EXTRACTED,UNVERIFIED
122,117,CH3,CAL-SEC-3.1.2,content,TEXT_EXTRACTED,UNVERIFIED
123,118,CH3,CAL-SEC-3.1.2,content,TEXT_EXTRACTED,UNVERIFIED
124,119,CH3,CAL-SEC-3.1.2,content,TEXT_EXTRACTED,UNVERIFIED
125,120,CH3,CAL-SEC-3.1.2,content,TEXT_EXTRACTED,UNVERIFIED
126,121,CH3,CAL-SEC-3.1.2,content,TEXT_EXTRACTED,UNVERIFIED
127,122,CH3,CAL-SEC-3.1.2,content,TEXT_EXTRACTED,UNVERIFIED
128,123,CH3,CAL-SEC-3.1.2,content,TEXT_EXTRACTED,UNVERIFIED
129,124,CH3,CAL-SEC-3.1.2,content,TEXT_EXTRACTED,UNVERIFIED
130,125,CH3,CAL-SEC-3.1.2,content,TEXT_EXTRACTED,UNVERIFIED
131,126,CH3,CAL-SEC-3.1.2,content,TEXT_EXTRACTED,UNVERIFIED
132,127,CH3,CAL-SEC-3.1.2,content,TEXT_EXTRACTED,UNVERIFIED
133,128,CH3,CAL-SEC-3.1.2,content,TEXT_EXTRACTED,UNVERIFIED
134,129,CH3,CAL-SEC-3.1.2,content,TEXT_EXTRACTED,UNVERIFIED
135,130,CH3,CAL-SEC-3.1.2,content,TEXT_EXTRACTED,UNVERIFIED
136,131,CH3,CAL-SEC-3.1.2,content,TEXT_EXTRACTED,UNVERIFIED
137,132,CH3,CAL-SEC-3.1.2,content,TEXT_EXTRACTED,UNVERIFIED
138,133,CH3,CAL-SEC-3.1.2,content,TEXT_EXTRACTED,UNVERIFIED
139,134,CH3,CAL-SEC-3.1.2,content,TEXT_EXTRACTED,UNVERIFIED
140,135,CH3,CAL-SEC-3.1.3,content,TEXT_EXTRACTED,UNVERIFIED
141,136,CH3,CAL-SEC-3.1.4,content,TEXT_EXTRACTED,UNVERIFIED
142,137,CH3,CAL-SEC-3.1.5,content,TEXT_EXTRACTED,UNVERIFIED
143,138,CH3,CAL-SEC-3.1.5,content,TEXT_EXTRACTED,UNVERIFIED
144,139,CH3,CAL-SEC-3.1.6,content,TEXT_EXTRACTED,UNVERIFIED
145,140,CH3,CAL-SEC-3.1.6,content,TEXT_EXTRACTED,UNVERIFIED
146,141,CH3,CAL-SEC-3.1.6,content,TEXT_EXTRACTED,UNVERIFIED
147,142,CH3,CAL-SEC-3.1.6,content,TEXT_EXTRACTED,UNVERIFIED
148,143,CH3,CAL-SEC-3.1.6,content,TEXT_EXTRACTED,UNVERIFIED
149,144,CH3,CAL-SEC-3.1.6,content,TEXT_EXTRACTED,UNVERIFIED
150,145,CH3,CAL-SEC-3.1.6,content,TEXT_EXTRACTED,UNVERIFIED
151,146,CH3,CAL-SEC-3.1.6,content,TEXT_EXTRACTED,UNVERIFIED
152,147,CH3,CAL-SEC-3.1.6,content,TEXT_EXTRACTED,UNVERIFIED
153,148,CH3,CAL-SEC-3.1.6,content,TEXT_EXTRACTED,UNVERIFIED
154,149,CH3,CAL-SEC-3.1.6,content,TEXT_EXTRACTED,UNVERIFIED
155,150,CH3,CAL-SEC-3.1.6,content,TEXT_EXTRACTED,UNVERIFIED
156,151,CH3,CAL-SEC-3.1.6,content,TEXT_EXTRACTED,UNVERIFIED
157,152,CH3,CAL-SEC-3.1.6,content,TEXT_EXTRACTED,UNVERIFIED
158,153,CH3,CAL-SEC-3.1.6,content,TEXT_EXTRACTED,UNVERIFIED
159,154,CH3,CAL-SEC-3.1.6,content,TEXT_EXTRACTED,UNVERIFIED
160,155,CH3,CAL-SEC-3.1.6,content,TEXT_EXTRACTED,UNVERIFIED
161,156,CH3,CAL-SEC-3.1.6,content,TEXT_EXTRACTED,UNVERIFIED
162,157,CH3,CAL-SEC-3.1.6,content,TEXT_EXTRACTED,UNVERIFIED
163,158,CH3,CAL-SEC-3.1.6,content,TEXT_EXTRACTED,UNVERIFIED
164,159,CH3,CAL-SEC-3.1.6,content,TEXT_EXTRACTED,UNVERIFIED
165,160,CH3,CAL-SEC-3.1.6,content,TEXT_EXTRACTED,UNVERIFIED
166,161,CH3,CAL-SEC-3.1.6,content,TEXT_EXTRACTED,UNVERIFIED
167,162,CH3,CAL-SEC-3.1.6,content,TEXT_EXTRACTED,UNVERIFIED
168,163,CH3,CAL-SEC-3.1.6,content,TEXT_EXTRACTED,UNVERIFIED
169,164,CH3,CAL-SEC-3.1.6,content,TEXT_EXTRACTED,UNVERIFIED
170,165,CH3,CAL-SEC-3.1.6,content,TEXT_EXTRACTED,UNVERIFIED
171,166,CH3,CAL-SEC-3.1.6,content,TEXT_EXTRACTED,UNVERIFIED
172,167,CH3,CAL-SEC-3.1.6,content,TEXT_EXTRACTED,UNVERIFIED
173,168,CH3,CAL-SEC-3.1.6,content,TEXT_EXTRACTED,UNVERIFIED
174,169,CH3,CAL-SEC-3.1.6,content,TEXT_EXTRACTED,UNVERIFIED
175,170,CH3,CAL-SEC-3.1.6,content,TEXT_EXTRACTED,UNVERIFIED
176,171,CH3,CAL-SEC-3.1.6,content,TEXT_EXTRACTED,UNVERIFIED
177,172,CH3,CAL-SEC-3.1.6,content,TEXT_EXTRACTED,UNVERIFIED
178,173,CH3,CAL-SEC-3.1.6,content,TEXT_EXTRACTED,UNVERIFIED
179,174,CH3,CAL-SEC-3.1.6,content,TEXT_EXTRACTED,UNVERIFIED
180,175,CH3,CAL-SEC-3.1.7,content,TEXT_EXTRACTED,UNVERIFIED
181,176,CH3,CAL-SEC-3.1.7,content,TEXT_EXTRACTED,UNVERIFIED
182,177,CH3,CAL-SEC-3.1.7,content,TEXT_EXTRACTED,UNVERIFIED
183,178,CH3,CAL-SEC-3.1.7,content,TEXT_EXTRACTED,UNVERIFIED
184,179,CH3,CAL-SEC-3.1.7,content,TEXT_EXTRACTED,UNVERIFIED
185,180,CH3,CAL-SEC-3.1.7,content,TEXT_EXTRACTED,UNVERIFIED
186,181,CH3,CAL-SEC-3.1.7,content,TEXT_EXTRACTED,UNVERIFIED
187,182,CH3,CAL-SEC-3.1.7,content,TEXT_EXTRACTED,UNVERIFIED
188,183,CH3,CAL-SEC-3.1.7,content,TEXT_EXTRACTED,UNVERIFIED
189,184,CH3,CAL-SEC-3.1.7,content,TEXT_EXTRACTED,UNVERIFIED
190,185,CH3,CAL-SEC-3.1.7,content,TEXT_EXTRACTED,UNVERIFIED
191,186,CH3,CAL-SEC-3.1.7,content,TEXT_EXTRACTED,UNVERIFIED
192,187,CH3,CAL-SEC-3.1.7,content,TEXT_EXTRACTED,UNVERIFIED
193,188,CH3,CAL-SEC-3.1.7,content,TEXT_EXTRACTED,UNVERIFIED
194,189,CH3,CAL-SEC-3.1.7,content,TEXT_EXTRACTED,UNVERIFIED
195,190,CH3,CAL-SEC-3.1.7,content,TEXT_EXTRACTED,UNVERIFIED
196,191,CH3,CAL-SEC-3.1.7,content,TEXT_EXTRACTED,UNVERIFIED
197,192,CH3,CAL-SEC-3.1.7,content,TEXT_EXTRACTED,UNVERIFIED
198,193,CH3,CAL-SEC-3.1.7,content,TEXT_EXTRACTED,UNVERIFIED
199,194,CH3,CAL-SEC-3.1.7,content,TEXT_EXTRACTED,UNVERIFIED
200,195,CH3,CAL-SEC-3.1.7,content,TEXT_EXTRACTED,UNVERIFIED
201,196,CH3,CAL-SEC-3.1.7,content,TEXT_EXTRACTED,UNVERIFIED
202,197,CH3,CAL-SEC-3.1.7,content,TEXT_EXTRACTED,UNVERIFIED
203,198,CH3,CAL-SEC-3.1.7,content,TEXT_EXTRACTED,UNVERIFIED
204,199,CH3,CAL-SEC-3.1.7,content,TEXT_EXTRACTED,UNVERIFIED
205,200,CH3,CAL-SEC-3.1.7,content,TEXT_EXTRACTED,UNVERIFIED
206,201,CH3,CAL-SEC-3.1.7,content,TEXT_EXTRACTED,UNVERIFIED
207,202,CH3,CAL-SEC-3.1.7,content,TEXT_EXTRACTED,UNVERIFIED
208,203,CH3,CAL-SEC-3.1.7,content,TEXT_EXTRACTED,UNVERIFIED
209,204,CH3,CAL-SEC-3.1.7,content,TEXT_EXTRACTED,UNVERIFIED
210,205,CH3,CAL-SEC-3.1.7,content,TEXT_EXTRACTED,UNVERIFIED
211,206,CH3,CAL-SEC-3.1.7,content,TEXT_EXTRACTED,UNVERIFIED
212,207,CH3,CAL-SEC-3.1.7,content,TEXT_EXTRACTED,UNVERIFIED
213,208,CH3,CAL-SEC-3.1.7,content,TEXT_EXTRACTED,UNVERIFIED
214,209,CH3,CAL-SEC-3.1.7,content,TEXT_EXTRACTED,UNVERIFIED
215,210,CH3,CAL-SEC-3.1.7,content,TEXT_EXTRACTED,UNVERIFIED
216,211,CH3,CAL-SEC-3.1.7,content,TEXT_EXTRACTED,UNVERIFIED
217,212,CH3,CAL-SEC-3.1.7,content,TEXT_EXTRACTED,UNVERIFIED
218,213,CH3,CAL-SEC-3.1.7,content,TEXT_EXTRACTED,UNVERIFIED
219,214,CH3,CAL-SEC-3.1.7,content,TEXT_EXTRACTED,UNVERIFIED
220,215,CH3,CAL-SEC-3.1.7,content,TEXT_EXTRACTED,UNVERIFIED
221,216,CH3,CAL-SEC-3.1.7,content,TEXT_EXTRACTED,UNVERIFIED
222,217,CH3,CAL-SEC-3.1.8,content,TEXT_EXTRACTED,UNVERIFIED
223,218,CH3,CAL-SEC-3.1.8,content,TEXT_EXTRACTED,UNVERIFIED
224,219,CH3,CAL-SEC-3.1.8,content,TEXT_EXTRACTED,UNVERIFIED
225,220,CH3,CAL-SEC-3.1.8,content,TEXT_EXTRACTED,UNVERIFIED
226,221,CH3,CAL-SEC-3.1.8,content,TEXT_EXTRACTED,UNVERIFIED
227,222,CH3,CAL-SEC-3.1.8,content,TEXT_EXTRACTED,UNVERIFIED
228,223,CH3,CAL-SEC-3.1.8,content,TEXT_EXTRACTED,UNVERIFIED
229,224,CH3,CAL-SEC-3.1.8,content,TEXT_EXTRACTED,UNVERIFIED
230,225,CH3,CAL-SEC-3.1.8,content,TEXT_EXTRACTED,UNVERIFIED
231,226,CH3,CAL-SEC-3.1.8,content,TEXT_EXTRACTED,UNVERIFIED
232,227,CH3,CAL-SEC-3.1.8,content,TEXT_EXTRACTED,UNVERIFIED
233,228,CH3,CAL-SEC-3.1.8,content,TEXT_EXTRACTED,UNVERIFIED
234,229,CH3,CAL-SEC-3.1.8,content,TEXT_EXTRACTED,UNVERIFIED
235,230,CH3,CAL-SEC-3.1.8,content,TEXT_EXTRACTED,UNVERIFIED
236,231,CH3,CAL-SEC-3.1.8,content,TEXT_EXTRACTED,UNVERIFIED
237,232,CH3,CAL-SEC-3.1.8,content,TEXT_EXTRACTED,UNVERIFIED
238,233,CH3,CAL-SEC-3.1.8,content,TEXT_EXTRACTED,UNVERIFIED
239,234,CH3,CAL-SEC-3.1.8,content,TEXT_EXTRACTED,UNVERIFIED
240,235,CH3,CAL-SEC-3.1.8,content,TEXT_EXTRACTED,UNVERIFIED
241,236,CH3,CAL-SEC-3.1.8,content,TEXT_EXTRACTED,UNVERIFIED
242,237,CH3,CAL-SEC-3.1.8,content,TEXT_EXTRACTED,UNVERIFIED
243,238,CH3,CAL-SEC-3.1.8,content,TEXT_EXTRACTED,UNVERIFIED
244,239,CH3,CAL-SEC-3.1.8,content,TEXT_EXTRACTED,UNVERIFIED
245,240,CH3,CAL-SEC-3.1.8,content,TEXT_EXTRACTED,UNVERIFIED
246,241,CH3,CAL-SEC-3.1.8,content,TEXT_EXTRACTED,UNVERIFIED
247,242,CH3,CAL-SEC-3.1.8,content,TEXT_EXTRACTED,UNVERIFIED
248,243,CH3,CAL-SEC-3.1.8,content,TEXT_EXTRACTED,UNVERIFIED
249,244,CH3,CAL-SEC-3.1.8,content,TEXT_EXTRACTED,UNVERIFIED
250,245,CH3,CAL-SEC-3.1.8,content,TEXT_EXTRACTED,UNVERIFIED
251,246,CH3,CAL-SEC-3.1.8,content,TEXT_EXTRACTED,UNVERIFIED
252,247,CH3,CAL-SEC-3.1.8,content,TEXT_EXTRACTED,UNVERIFIED
253,248,CH3,CAL-SEC-3.1.8,content,TEXT_EXTRACTED,UNVERIFIED
254,249,CH3,CAL-SEC-3.1.8,content,TEXT_EXTRACTED,UNVERIFIED
255,250,CH3,CAL-SEC-3.1.8,content,TEXT_EXTRACTED,UNVERIFIED
256,251,CH3,CAL-SEC-3.1.8,content,TEXT_EXTRACTED,UNVERIFIED
257,252,CH3,CAL-SEC-3.1.8,content,TEXT_EXTRACTED,UNVERIFIED
258,253,CH3,CAL-SEC-3.1.8,content,TEXT_EXTRACTED,UNVERIFIED
259,254,CH3,CAL-SEC-3.1.8,content,TEXT_EXTRACTED,UNVERIFIED
260,255,CH3,CAL-SEC-3.1.8,content,TEXT_EXTRACTED,UNVERIFIED
261,256,CH3,CAL-SEC-3.1.8,content,TEXT_EXTRACTED,UNVERIFIED
262,257,CH3,CAL-SEC-3.1.8,content,TEXT_EXTRACTED,UNVERIFIED
263,258,CH3,CAL-SEC-3.1.8,content,TEXT_EXTRACTED,UNVERIFIED
264,259,CH3,CAL-SEC-3.1.8,content,TEXT_EXTRACTED,UNVERIFIED
265,260,CH3,CAL-SEC-3.1.8,content,TEXT_EXTRACTED,UNVERIFIED
266,261,CH3,CAL-SEC-3.1.8,content,TEXT_EXTRACTED,UNVERIFIED
267,262,CH3,CAL-SEC-3.1.8,content,TEXT_EXTRACTED,UNVERIFIED
268,263,CH3,CAL-SEC-3.1.8,content,TEXT_EXTRACTED,UNVERIFIED
269,264,CH3,CAL-SEC-3.1.8,content,TEXT_EXTRACTED,UNVERIFIED
270,265,CH3,CAL-SEC-3.1.8,content,TEXT_EXTRACTED,UNVERIFIED
271,266,CH3,CAL-SEC-3.1.8,content,TEXT_EXTRACTED,UNVERIFIED
272,267,CH3,CAL-SEC-3.1.8,content,TEXT_EXTRACTED,UNVERIFIED
273,268,CH3,CAL-SEC-3.1.8,content,TEXT_EXTRACTED,UNVERIFIED
274,269,CH3,CAL-SEC-3.1.8,content,TEXT_EXTRACTED,UNVERIFIED
275,270,CH3,CAL-SEC-3.1.8,content,TEXT_EXTRACTED,UNVERIFIED
276,271,CH3,CAL-SEC-3.1.8,content,TEXT_EXTRACTED,UNVERIFIED
277,272,CH3,CAL-SEC-3.1.9,content,TEXT_EXTRACTED,UNVERIFIED
278,273,CH3,CAL-SEC-3.1.9,content,TEXT_EXTRACTED,UNVERIFIED
279,274,CH3,CAL-SEC-3.1.9,content,TEXT_EXTRACTED,UNVERIFIED
280,275,CH3,CAL-SEC-3.1.9,content,TEXT_EXTRACTED,UNVERIFIED
281,276,CH3,CAL-SEC-3.1.9,content,TEXT_EXTRACTED,UNVERIFIED
282,277,CH3,CAL-SEC-3.1.9,content,TEXT_EXTRACTED,UNVERIFIED
283,278,CH3,CAL-SEC-3.1.9,content,TEXT_EXTRACTED,UNVERIFIED
284,279,CH3,CAL-SEC-3.1.9,content,TEXT_EXTRACTED,UNVERIFIED
285,280,CH3,CAL-SEC-3.1.9,content,TEXT_EXTRACTED,UNVERIFIED
286,281,CH3,CAL-SEC-3.1.9,content,TEXT_EXTRACTED,UNVERIFIED
287,282,CH3,CAL-SEC-3.1.9,content,TEXT_EXTRACTED,UNVERIFIED
288,283,CH3,CAL-SEC-3.1.9,content,TEXT_EXTRACTED,UNVERIFIED
289,284,CH3,CAL-SEC-3.1.9,content,TEXT_EXTRACTED,UNVERIFIED
290,285,CH3,CAL-SEC-3.1.9,content,TEXT_EXTRACTED,UNVERIFIED
291,286,CH3,CAL-SEC-3.2,content,TEXT_EXTRACTED,UNVERIFIED
292,287,CH3,CAL-SEC-3.2.1,content,TEXT_EXTRACTED,UNVERIFIED
293,288,CH3,CAL-SEC-3.2.1,content,TEXT_EXTRACTED,UNVERIFIED
294,289,CH3,CAL-SEC-3.2.1,content,TEXT_EXTRACTED,UNVERIFIED
295,290,CH3,CAL-SEC-3.2.1,content,TEXT_EXTRACTED,UNVERIFIED
296,291,CH3,CAL-SEC-3.2.1,content,TEXT_EXTRACTED,UNVERIFIED
297,292,CH3,CAL-SEC-3.2.2,content,TEXT_EXTRACTED,UNVERIFIED
298,293,CH3,CAL-SEC-3.2.2,content,TEXT_EXTRACTED,UNVERIFIED
299,294,CH3,CAL-SEC-3.2.2,content,TEXT_EXTRACTED,UNVERIFIED
300,295,CH3,CAL-SEC-3.2.2,content,TEXT_EXTRACTED,UNVERIFIED
301,296,CH3,CAL-SEC-3.2.2,content,TEXT_EXTRACTED,UNVERIFIED
302,297,CH3,CAL-SEC-3.2.2,content,TEXT_EXTRACTED,UNVERIFIED
303,298,CH3,CAL-SEC-3.2.2,content,TEXT_EXTRACTED,UNVERIFIED
304,299,CH3,CAL-SEC-3.2.2,content,TEXT_EXTRACTED,UNVERIFIED
305,300,CH3,CAL-SEC-3.2.2,content,TEXT_EXTRACTED,UNVERIFIED
306,301,CH3,CAL-SEC-3.2.2,content,TEXT_EXTRACTED,UNVERIFIED
307,302,CH3,CAL-SEC-3.2.2,content,TEXT_EXTRACTED,UNVERIFIED
308,303,CH3,CAL-SEC-3.2.2,content,TEXT_EXTRACTED,UNVERIFIED
309,304,CH3,CAL-SEC-3.2.2,content,TEXT_EXTRACTED,UNVERIFIED
310,305,CH3,CAL-SEC-3.2.2,content,TEXT_EXTRACTED,UNVERIFIED
311,306,CH3,CAL-SEC-3.2.2,content,TEXT_EXTRACTED,UNVERIFIED
312,307,CH3,CAL-SEC-3.2.2,content,TEXT_EXTRACTED,UNVERIFIED
313,308,CH3,CAL-SEC-3.2.2,content,TEXT_EXTRACTED,UNVERIFIED
314,309,CH3,CAL-SEC-3.2.2,content,TEXT_EXTRACTED,UNVERIFIED
315,310,CH3,CAL-SEC-3.2.2,content,TEXT_EXTRACTED,UNVERIFIED
316,311,CH3,CAL-SEC-3.2.2,content,TEXT_EXTRACTED,UNVERIFIED
317,312,CH3,CAL-SEC-3.2.2,content,TEXT_EXTRACTED,UNVERIFIED
318,313,CH3,CAL-SEC-3.2.2,content,TEXT_EXTRACTED,UNVERIFIED
319,314,CH3,CAL-SEC-3.2.2,content,TEXT_EXTRACTED,UNVERIFIED
320,315,CH3,CAL-SEC-3.2.2,content,TEXT_EXTRACTED,UNVERIFIED
321,316,CH3,CAL-SEC-3.2.2,content,TEXT_EXTRACTED,UNVERIFIED
322,317,CH3,CAL-SEC-3.2.2,content,TEXT_EXTRACTED,UNVERIFIED
323,318,CH3,CAL-SEC-3.2.2,content,TEXT_EXTRACTED,UNVERIFIED
324,319,CH3,CAL-SEC-3.2.2,content,TEXT_EXTRACTED,UNVERIFIED
325,320,CH3,CAL-SEC-3.2.2,content,TEXT_EXTRACTED,UNVERIFIED
326,321,CH3,CAL-SEC-3.2.2,content,TEXT_EXTRACTED,UNVERIFIED
327,322,CH3,CAL-SEC-3.2.2,content,TEXT_EXTRACTED,UNVERIFIED
328,323,CH3,CAL-SEC-3.2.2,content,TEXT_EXTRACTED,UNVERIFIED
329,324,CH3,CAL-SEC-3.2.2,content,TEXT_EXTRACTED,UNVERIFIED
330,325,CH3,CAL-SEC-3.2.2,content,TEXT_EXTRACTED,UNVERIFIED
331,326,CH3,CAL-SEC-3.2.2,content,TEXT_EXTRACTED,UNVERIFIED
332,327,CH3,CAL-SEC-3.2.2,content,TEXT_EXTRACTED,UNVERIFIED
333,328,CH3,CAL-SEC-3.2.2,content,TEXT_EXTRACTED,UNVERIFIED
334,329,CH3,CAL-SEC-3.2.2,content,TEXT_EXTRACTED,UNVERIFIED
335,330,CH3,CAL-SEC-3.2.2,content,TEXT_EXTRACTED,UNVERIFIED
336,331,CH3,CAL-SEC-3.2.2,content,TEXT_EXTRACTED,UNVERIFIED
337,332,CH3,CAL-SEC-3.2.2,content,TEXT_EXTRACTED,UNVERIFIED
338,333,CH3,CAL-SEC-3.2.2,content,TEXT_EXTRACTED,UNVERIFIED
339,334,CH3,CAL-SEC-3.2.2,content,TEXT_EXTRACTED,UNVERIFIED
340,335,CH3,CAL-SEC-3.2.2,content,TEXT_EXTRACTED,UNVERIFIED
341,336,CH3,CAL-SEC-3.2.2,content,TEXT_EXTRACTED,UNVERIFIED
342,337,CH3,CAL-SEC-3.2.2,content,TEXT_EXTRACTED,UNVERIFIED
343,338,CH3,CAL-SEC-3.2.2,content,TEXT_EXTRACTED,UNVERIFIED
344,339,CH3,CAL-SEC-3.2.2,content,TEXT_EXTRACTED,UNVERIFIED
345,340,CH3,CAL-SEC-3.2.2,content,TEXT_EXTRACTED,UNVERIFIED
346,341,CH3,CAL-SEC-3.2.2,content,TEXT_EXTRACTED,UNVERIFIED
347,342,CH3,CAL-SEC-3.2.2,content,TEXT_EXTRACTED,UNVERIFIED
348,343,CH3,CAL-SEC-3.2.2,content,TEXT_EXTRACTED,UNVERIFIED
349,344,CH3,CAL-SEC-3.2.2,content,TEXT_EXTRACTED,UNVERIFIED
350,345,CH3,CAL-SEC-3.2.2,content,TEXT_EXTRACTED,UNVERIFIED
351,346,CH3,CAL-SEC-3.2.2,content,TEXT_EXTRACTED,UNVERIFIED
352,347,CH3,CAL-SEC-3.2.2,content,TEXT_EXTRACTED,UNVERIFIED
353,348,CH3,CAL-SEC-3.2.2,content,TEXT_EXTRACTED,UNVERIFIED
354,349,CH3,CAL-SEC-3.2.2,content,TEXT_EXTRACTED,UNVERIFIED
355,350,CH3,CAL-SEC-3.2.2,content,TEXT_EXTRACTED,UNVERIFIED
356,351,CH3,CAL-SEC-3.2.2,content,TEXT_EXTRACTED,UNVERIFIED
357,352,CH3,CAL-SEC-3.2.2,content,TEXT_EXTRACTED,UNVERIFIED
358,353,CH3,CAL-SEC-3.2.2,content,TEXT_EXTRACTED,UNVERIFIED
359,354,CH3,CAL-SEC-3.2.2,content,TEXT_EXTRACTED,UNVERIFIED
360,355,CH3,CAL-SEC-3.2.2,content,TEXT_EXTRACTED,UNVERIFIED
361,356,CH3,CAL-SEC-3.2.2,content,TEXT_EXTRACTED,UNVERIFIED
362,357,CH3,CAL-SEC-3.2.2,content,TEXT_EXTRACTED,UNVERIFIED
363,358,CH3,CAL-SEC-3.2.2,content,TEXT_EXTRACTED,UNVERIFIED
364,359,CH3,CAL-SEC-3.2.2,content,TEXT_EXTRACTED,UNVERIFIED
365,360,CH3,CAL-SEC-3.2.2,content,TEXT_EXTRACTED,UNVERIFIED
366,361,CH3,CAL-SEC-3.2.2,content,TEXT_EXTRACTED,UNVERIFIED
367,362,CH3,CAL-SEC-3.2.2,content,TEXT_EXTRACTED,UNVERIFIED
368,363,CH3,CAL-SEC-3.2.2,content,TEXT_EXTRACTED,UNVERIFIED
369,364,CH3,CAL-SEC-3.2.2,content,TEXT_EXTRACTED,UNVERIFIED
370,365,CH3,CAL-SEC-3.2.2,content,TEXT_EXTRACTED,UNVERIFIED
371,366,CH3,CAL-SEC-3.2.2,content,TEXT_EXTRACTED,UNVERIFIED
372,367,CH3,CAL-SEC-3.2.2,content,TEXT_EXTRACTED,UNVERIFIED
373,368,CH3,CAL-SEC-3.2.2,content,TEXT_EXTRACTED,UNVERIFIED
374,369,CH3,CAL-SEC-3.2.2,content,TEXT_EXTRACTED,UNVERIFIED
375,370,CH3,CAL-SEC-3.2.2,content,TEXT_EXTRACTED,UNVERIFIED
376,371,CH3,CAL-SEC-3.2.2,content,TEXT_EXTRACTED,UNVERIFIED
377,372,CH3,CAL-SEC-3.2.2,content,TEXT_EXTRACTED,UNVERIFIED
378,373,CH3,CAL-SEC-3.2.2,content,TEXT_EXTRACTED,UNVERIFIED
379,374,CH3,CAL-SEC-3.2.2,content,TEXT_EXTRACTED,UNVERIFIED
380,375,CH3,CAL-SEC-3.2.2,content,TEXT_EXTRACTED,UNVERIFIED
381,376,CH3,CAL-SEC-3.2.2,content,TEXT_EXTRACTED,UNVERIFIED
382,377,CH3,CAL-SEC-3.2.2,content,TEXT_EXTRACTED,UNVERIFIED
383,378,CH3,CAL-SEC-3.2.2,content,TEXT_EXTRACTED,UNVERIFIED
384,379,CH3,CAL-SEC-3.2.3,content,TEXT_EXTRACTED,UNVERIFIED
385,380,CH3,CAL-SEC-3.2.4,content,TEXT_EXTRACTED,UNVERIFIED
386,381,CH3,CAL-SEC-3.2.4,content,TEXT_EXTRACTED,UNVERIFIED
387,382,CH3,CAL-SEC-3.2.4,content,TEXT_EXTRACTED,UNVERIFIED
388,383,CH3,CAL-SEC-3.2.4,content,TEXT_EXTRACTED,UNVERIFIED
389,384,CH3,CAL-SEC-3.2.4,content,TEXT_EXTRACTED,UNVERIFIED
390,385,CH3,CAL-SEC-3.2.4,content,TEXT_EXTRACTED,UNVERIFIED
391,386,CH3,CAL-SEC-3.2.4,content,TEXT_EXTRACTED,UNVERIFIED
392,387,CH3,CAL-SEC-3.2.4,content,TEXT_EXTRACTED,UNVERIFIED
393,388,CH3,CAL-SEC-3.2.4,content,TEXT_EXTRACTED,UNVERIFIED
394,389,CH3,CAL-SEC-3.2.4,content,TEXT_EXTRACTED,UNVERIFIED
395,390,CH3,CAL-SEC-3.2.4,content,TEXT_EXTRACTED,UNVERIFIED
396,391,CH3,CAL-SEC-3.2.4,content,TEXT_EXTRACTED,UNVERIFIED
397,392,CH3,CAL-SEC-3.2.4,content,TEXT_EXTRACTED,UNVERIFIED
398,393,CH3,CAL-SEC-3.2.4,content,TEXT_EXTRACTED,UNVERIFIED
399,394,CH3,CAL-SEC-3.2.4,content,TEXT_EXTRACTED,UNVERIFIED
400,395,CH3,CAL-SEC-3.2.4,content,TEXT_EXTRACTED,UNVERIFIED
401,396,CH3,CAL-SEC-3.2.4,content,TEXT_EXTRACTED,UNVERIFIED
402,397,CH3,CAL-SEC-3.2.4,content,TEXT_EXTRACTED,UNVERIFIED
403,398,CH3,CAL-SEC-3.2.4,content,TEXT_EXTRACTED,UNVERIFIED
404,399,CH3,CAL-SEC-3.2.4,content,TEXT_EXTRACTED,UNVERIFIED
405,400,CH3,CAL-SEC-3.2.4,content,TEXT_EXTRACTED,UNVERIFIED
406,401,CH3,CAL-SEC-3.2.4,content,TEXT_EXTRACTED,UNVERIFIED
407,402,CH3,CAL-SEC-3.2.4,content,TEXT_EXTRACTED,UNVERIFIED
408,403,CH3,CAL-SEC-3.2.4,content,TEXT_EXTRACTED,UNVERIFIED
409,404,CH3,CAL-SEC-3.2.4,content,TEXT_EXTRACTED,UNVERIFIED
410,405,CH3,CAL-SEC-3.2.4,content,TEXT_EXTRACTED,UNVERIFIED
411,406,CH3,CAL-SEC-3.2.4,content,TEXT_EXTRACTED,UNVERIFIED
412,407,CH3,CAL-SEC-3.2.4,content,TEXT_EXTRACTED,UNVERIFIED
413,408,CH3,CAL-SEC-3.2.4,content,TEXT_EXTRACTED,UNVERIFIED
414,409,CH3,CAL-SEC-3.2.4,content,TEXT_EXTRACTED,UNVERIFIED
415,410,CH3,CAL-SEC-3.2.4,content,TEXT_EXTRACTED,UNVERIFIED
416,411,CH3,CAL-SEC-3.2.4,content,TEXT_EXTRACTED,UNVERIFIED
417,412,CH3,CAL-SEC-3.2.4,content,TEXT_EXTRACTED,UNVERIFIED
418,413,CH3,CAL-SEC-3.2.4,content,TEXT_EXTRACTED,UNVERIFIED
419,414,CH3,CAL-SEC-3.2.4,content,TEXT_EXTRACTED,UNVERIFIED
420,415,CH3,CAL-SEC-3.2.4,content,TEXT_EXTRACTED,UNVERIFIED
421,416,CH3,CAL-SEC-3.2.4,content,TEXT_EXTRACTED,UNVERIFIED
422,417,CH3,CAL-SEC-3.2.4,content,TEXT_EXTRACTED,UNVERIFIED
423,418,CH3,CAL-SEC-3.2.4,content,TEXT_EXTRACTED,UNVERIFIED
424,419,CH3,CAL-SEC-3.2.4,content,TEXT_EXTRACTED,UNVERIFIED
425,420,CH3,CAL-SEC-3.2.4,content,TEXT_EXTRACTED,UNVERIFIED
426,421,CH3,CAL-SEC-3.2.4,content,TEXT_EXTRACTED,UNVERIFIED
427,422,CH3,CAL-SEC-3.2.4,content,TEXT_EXTRACTED,UNVERIFIED
428,423,CH3,CAL-SEC-3.2.4,content,TEXT_EXTRACTED,UNVERIFIED
429,424,CH3,CAL-SEC-3.2.4,content,TEXT_EXTRACTED,UNVERIFIED
430,425,CH3,CAL-SEC-3.2.4,content,TEXT_EXTRACTED,UNVERIFIED
431,426,CH3,CAL-SEC-3.2.4,content,TEXT_EXTRACTED,UNVERIFIED
432,427,CH3,CAL-SEC-3.2.4,content,TEXT_EXTRACTED,UNVERIFIED
433,428,CH3,CAL-SEC-3.2.4,content,TEXT_EXTRACTED,UNVERIFIED
434,429,CH3,CAL-SEC-3.2.4,content,TEXT_EXTRACTED,UNVERIFIED
435,430,CH3,CAL-SEC-3.2.4,content,TEXT_EXTRACTED,UNVERIFIED
436,431,CH3,CAL-SEC-3.2.4,content,TEXT_EXTRACTED,UNVERIFIED
437,432,CH3,CAL-SEC-3.2.4,content,TEXT_EXTRACTED,UNVERIFIED
438,433,CH3,CAL-SEC-3.2.4,content,TEXT_EXTRACTED,UNVERIFIED
439,434,CH3,CAL-SEC-3.2.4,content,TEXT_EXTRACTED,UNVERIFIED
440,435,CH3,CAL-SEC-3.2.4,content,TEXT_EXTRACTED,UNVERIFIED
441,436,CH3,CAL-SEC-3.2.4,content,TEXT_EXTRACTED,UNVERIFIED
442,437,CH3,CAL-SEC-3.2.4,content,TEXT_EXTRACTED,UNVERIFIED
443,438,CH3,CAL-SEC-3.2.4,content,TEXT_EXTRACTED,UNVERIFIED
444,439,CH3,CAL-SEC-3.2.4,content,TEXT_EXTRACTED,UNVERIFIED
445,440,CH3,CAL-SEC-3.2.4,content,TEXT_EXTRACTED,UNVERIFIED
446,441,CH3,CAL-SEC-3.2.4,content,TEXT_EXTRACTED,UNVERIFIED
447,442,CH3,CAL-SEC-3.2.4,content,TEXT_EXTRACTED,UNVERIFIED
448,443,CH3,CAL-SEC-3.2.4,content,TEXT_EXTRACTED,UNVERIFIED
449,444,CH3,CAL-SEC-3.2.4,content,TEXT_EXTRACTED,UNVERIFIED
450,445,CH3,CAL-SEC-3.2.4,content,TEXT_EXTRACTED,UNVERIFIED
451,446,CH3,CAL-SEC-3.2.4,content,TEXT_EXTRACTED,UNVERIFIED
452,447,CH3,CAL-SEC-3.2.4,content,TEXT_EXTRACTED,UNVERIFIED
453,448,CH3,CAL-SEC-3.2.4,content,TEXT_EXTRACTED,UNVERIFIED
454,449,CH3,CAL-SEC-3.2.4,content,TEXT_EXTRACTED,UNVERIFIED
455,450,CH3,CAL-SEC-3.2.4,content,TEXT_EXTRACTED,UNVERIFIED
456,451,CH3,CAL-SEC-3.2.4,content,TEXT_EXTRACTED,UNVERIFIED
457,452,CH3,CAL-SEC-3.2.4,content,TEXT_EXTRACTED,UNVERIFIED
458,453,CH3,CAL-SEC-3.2.4,content,TEXT_EXTRACTED,UNVERIFIED
459,454,CH3,CAL-SEC-3.2.4,content,TEXT_EXTRACTED,UNVERIFIED
460,455,CH3,CAL-SEC-3.2.4,content,TEXT_EXTRACTED,UNVERIFIED
461,456,CH3,CAL-SEC-3.2.4,content,TEXT_EXTRACTED,UNVERIFIED
462,457,CH3,CAL-SEC-3.2.4,content,TEXT_EXTRACTED,UNVERIFIED
463,458,CH3,CAL-SEC-3.2.4,content,TEXT_EXTRACTED,UNVERIFIED
464,459,CH3,CAL-SEC-3.2.4,content,TEXT_EXTRACTED,UNVERIFIED
465,460,CH3,CAL-SEC-3.2.4,content,TEXT_EXTRACTED,UNVERIFIED
466,461,CH3,CAL-SEC-3.2.4,content,TEXT_EXTRACTED,UNVERIFIED
467,462,CH3,CAL-SEC-3.2.4,content,TEXT_EXTRACTED,UNVERIFIED
468,463,CH3,CAL-SEC-3.2.4,content,TEXT_EXTRACTED,UNVERIFIED
469,464,CH3,CAL-SEC-3.2.4,content,TEXT_EXTRACTED,UNVERIFIED
470,465,CH3,CAL-SEC-3.2.4,content,TEXT_EXTRACTED,UNVERIFIED
471,466,CH3,CAL-SEC-3.2.4,content,TEXT_EXTRACTED,UNVERIFIED
472,467,CH3,CAL-SEC-3.2.4,content,TEXT_EXTRACTED,UNVERIFIED
473,468,CH3,CAL-SEC-3.2.4,content,TEXT_EXTRACTED,UNVERIFIED
474,469,CH3,CAL-SEC-3.2.4,content,TEXT_EXTRACTED,UNVERIFIED
475,470,CH3,CAL-SEC-3.2.4,content,TEXT_EXTRACTED,UNVERIFIED
476,471,CH3,CAL-SEC-3.2.4,content,TEXT_EXTRACTED,UNVERIFIED
477,472,CH3,CAL-SEC-3.2.4,content,TEXT_EXTRACTED,UNVERIFIED
478,473,CH3,CAL-SEC-3.2.4,content,TEXT_EXTRACTED,UNVERIFIED
479,474,CH3,CAL-SEC-3.2.4,content,TEXT_EXTRACTED,UNVERIFIED
480,475,CH3,CAL-SEC-3.2.4,content,TEXT_EXTRACTED,UNVERIFIED
481,476,CH3,CAL-SEC-3.2.4,content,TEXT_EXTRACTED,UNVERIFIED
482,477,CH3,CAL-SEC-3.2.4,content,TEXT_EXTRACTED,UNVERIFIED
483,478,CH3,CAL-SEC-3.2.4,content,TEXT_EXTRACTED,UNVERIFIED
484,479,CH3,CAL-SEC-3.2.4,content,TEXT_EXTRACTED,UNVERIFIED
485,480,CH3,CAL-SEC-3.2.4,content,TEXT_EXTRACTED,UNVERIFIED
486,481,CH3,CAL-SEC-3.2.4,content,TEXT_EXTRACTED,UNVERIFIED
487,482,CH3,CAL-SEC-3.2.4,content,TEXT_EXTRACTED,UNVERIFIED
488,483,CH3,CAL-SEC-3.2.4,content,TEXT_EXTRACTED,UNVERIFIED
489,484,CH3,CAL-SEC-3.2.4,content,TEXT_EXTRACTED,UNVERIFIED
490,485,CH3,CAL-SEC-3.2.4,content,TEXT_EXTRACTED,UNVERIFIED
491,486,CH3,CAL-SEC-3.2.4,content,TEXT_EXTRACTED,UNVERIFIED
492,487,CH3,CAL-SEC-3.2.4,content,TEXT_EXTRACTED,UNVERIFIED
493,488,CH3,CAL-SEC-3.2.4,content,TEXT_EXTRACTED,UNVERIFIED
494,489,CH3,CAL-SEC-3.2.4,content,TEXT_EXTRACTED,UNVERIFIED
495,490,CH3,CAL-SEC-3.2.4,content,TEXT_EXTRACTED,UNVERIFIED
496,491,CH3,CAL-SEC-3.2.4,content,TEXT_EXTRACTED,UNVERIFIED
497,492,CH3,CAL-SEC-3.2.4,content,TEXT_EXTRACTED,UNVERIFIED
498,493,CH3,CAL-SEC-3.2.4,content,TEXT_EXTRACTED,UNVERIFIED
499,494,CH3,CAL-SEC-3.2.4,content,TEXT_EXTRACTED,UNVERIFIED
500,495,CH3,CAL-SEC-3.2.4,content,TEXT_EXTRACTED,UNVERIFIED
501,496,CH3,CAL-SEC-3.2.4,content,TEXT_EXTRACTED,UNVERIFIED
502,497,CH3,CAL-SEC-3.2.4,content,TEXT_EXTRACTED,UNVERIFIED
503,498,CH3,CAL-SEC-3.2.4,content,TEXT_EXTRACTED,UNVERIFIED
504,499,CH3,CAL-SEC-3.2.4,content,TEXT_EXTRACTED,UNVERIFIED
505,500,CH3,CAL-SEC-3.2.4,content,TEXT_EXTRACTED,UNVERIFIED
506,501,CH3,CAL-SEC-3.2.4,content,TEXT_EXTRACTED,UNVERIFIED
507,502,CH3,CAL-SEC-3.2.4,content,TEXT_EXTRACTED,UNVERIFIED
508,503,CH3,CAL-SEC-3.2.4,content,TEXT_EXTRACTED,UNVERIFIED
509,504,CH3,CAL-SEC-3.2.4,content,TEXT_EXTRACTED,UNVERIFIED
510,505,CH3,CAL-SEC-3.2.4,content,TEXT_EXTRACTED,UNVERIFIED
511,506,CH3,CAL-SEC-3.2.4,content,TEXT_EXTRACTED,UNVERIFIED
512,507,CH3,CAL-SEC-3.2.4,content,TEXT_EXTRACTED,UNVERIFIED
513,508,CH3,CAL-SEC-3.2.4,content,TEXT_EXTRACTED,UNVERIFIED
514,509,CH3,CAL-SEC-3.2.4,content,TEXT_EXTRACTED,UNVERIFIED
515,510,CH3,CAL-SEC-3.2.4,content,TEXT_EXTRACTED,UNVERIFIED
516,511,CH3,CAL-SEC-3.2.4,content,TEXT_EXTRACTED,UNVERIFIED
517,512,CH3,CAL-SEC-3.2.4,content,TEXT_EXTRACTED,UNVERIFIED
518,513,CH3,CAL-SEC-3.2.4,content,TEXT_EXTRACTED,UNVERIFIED
519,514,CH3,CAL-SEC-3.2.4,content,TEXT_EXTRACTED,UNVERIFIED
520,515,CH3,CAL-SEC-3.2.4,content,TEXT_EXTRACTED,UNVERIFIED
521,516,CH3,CAL-SEC-3.2.5,content,TEXT_EXTRACTED,UNVERIFIED
522,517,CH3,CAL-SEC-3.2.5,content,TEXT_EXTRACTED,UNVERIFIED
523,518,CH3,CAL-SEC-3.2.5,content,TEXT_EXTRACTED,UNVERIFIED
524,519,CH3,CAL-SEC-3.2.5,content,TEXT_EXTRACTED,UNVERIFIED
525,520,CH3,CAL-SEC-3.2.5,content,TEXT_EXTRACTED,UNVERIFIED
526,521,CH3,CAL-SEC-3.2.5,content,TEXT_EXTRACTED,UNVERIFIED
527,522,CH3,CAL-SEC-3.2.6,content,TEXT_EXTRACTED,UNVERIFIED
528,523,CH3,CAL-SEC-3.2.6,content,TEXT_EXTRACTED,UNVERIFIED
529,524,CH3,CAL-SEC-3.2.6,content,TEXT_EXTRACTED,UNVERIFIED
530,525,CH3,CAL-SEC-3.2.6,content,TEXT_EXTRACTED,UNVERIFIED
531,526,CH3,CAL-SEC-3.2.6,content,TEXT_EXTRACTED,UNVERIFIED
532,527,CH3,CAL-SEC-3.2.6,content,TEXT_EXTRACTED,UNVERIFIED
533,528,CH3,CAL-SEC-3.2.6,content,TEXT_EXTRACTED,UNVERIFIED
534,529,CH3,CAL-SEC-3.2.6,content,TEXT_EXTRACTED,UNVERIFIED
535,530,CH3,CAL-SEC-3.2.6,content,TEXT_EXTRACTED,UNVERIFIED
536,531,CH3,CAL-SEC-3.2.6,content,TEXT_EXTRACTED,UNVERIFIED
537,532,CH3,CAL-SEC-3.2.6,content,TEXT_EXTRACTED,UNVERIFIED
538,533,CH3,CAL-SEC-3.2.6,content,TEXT_EXTRACTED,UNVERIFIED
539,534,CH3,CAL-SEC-3.2.6,content,TEXT_EXTRACTED,UNVERIFIED
540,535,CH3,CAL-SEC-3.2.6,content,TEXT_EXTRACTED,UNVERIFIED
541,536,CH3,CAL-SEC-3.2.6,content,TEXT_EXTRACTED,UNVERIFIED
542,537,CH3,CAL-SEC-3.2.6,content,TEXT_EXTRACTED,UNVERIFIED
543,538,CH3,CAL-SEC-3.2.6,content,TEXT_EXTRACTED,UNVERIFIED
544,539,CH3,CAL-SEC-3.2.6,content,TEXT_EXTRACTED,UNVERIFIED
545,540,CH3,CAL-SEC-3.2.6,content,TEXT_EXTRACTED,UNVERIFIED
546,541,CH3,CAL-SEC-3.2.7,content,TEXT_EXTRACTED,UNVERIFIED
547,542,CH3,CAL-SEC-3.2.7,content,TEXT_EXTRACTED,UNVERIFIED
548,543,CH3,CAL-SEC-3.2.7,content,TEXT_EXTRACTED,UNVERIFIED
549,544,CH3,CAL-SEC-3.2.7,content,TEXT_EXTRACTED,UNVERIFIED
550,545,CH3,CAL-SEC-3.2.7,content,TEXT_EXTRACTED,UNVERIFIED
551,546,CH3,CAL-SEC-3.2.7,content,TEXT_EXTRACTED,UNVERIFIED
552,547,CH3,CAL-SEC-3.2.7,content,TEXT_EXTRACTED,UNVERIFIED
553,548,CH3,CAL-SEC-3.2.7,content,TEXT_EXTRACTED,UNVERIFIED
554,549,CH3,CAL-SEC-3.2.7,content,TEXT_EXTRACTED,UNVERIFIED
555,550,CH3,CAL-SEC-3.2.7,content,TEXT_EXTRACTED,UNVERIFIED
556,551,CH3,CAL-SEC-3.2.7,content,TEXT_EXTRACTED,UNVERIFIED
557,552,CH3,CAL-SEC-3.2.7,content,TEXT_EXTRACTED,UNVERIFIED
558,553,CH3,CAL-SEC-3.2.7,content,TEXT_EXTRACTED,UNVERIFIED
559,554,CH3,CAL-SEC-3.2.7,content,TEXT_EXTRACTED,UNVERIFIED
560,555,CH3,CAL-SEC-3.2.7,content,TEXT_EXTRACTED,UNVERIFIED
561,556,CH3,CAL-SEC-3.2.7,content,TEXT_EXTRACTED,UNVERIFIED
562,557,CH3,CAL-SEC-3.2.7,content,TEXT_EXTRACTED,UNVERIFIED
563,558,CH3,CAL-SEC-3.2.7,content,TEXT_EXTRACTED,UNVERIFIED
564,559,CH3,CAL-SEC-3.2.7,content,TEXT_EXTRACTED,UNVERIFIED
565,560,CH3,CAL-SEC-3.2.8,content,TEXT_EXTRACTED,UNVERIFIED
566,561,CH3,CAL-SEC-3.2.8,content,TEXT_EXTRACTED,UNVERIFIED
567,562,CH3,CAL-SEC-3.2.8,content,TEXT_EXTRACTED,UNVERIFIED
568,563,CH3,CAL-SEC-3.2.8,content,TEXT_EXTRACTED,UNVERIFIED
569,564,CH3,CAL-SEC-3.2.8,content,TEXT_EXTRACTED,UNVERIFIED
570,565,CH3,CAL-SEC-3.2.8,content,TEXT_EXTRACTED,UNVERIFIED
571,566,CH3,CAL-SEC-3.2.8,content,TEXT_EXTRACTED,UNVERIFIED
572,567,CH3,CAL-SEC-3.2.8,content,TEXT_EXTRACTED,UNVERIFIED
573,568,CH3,CAL-SEC-3.2.8,content,TEXT_EXTRACTED,UNVERIFIED
574,569,CH3,CAL-SEC-3.2.9,content,TEXT_EXTRACTED,UNVERIFIED
575,570,CH3,CAL-SEC-3.2.9,content,TEXT_EXTRACTED,UNVERIFIED
576,571,CH3,CAL-SEC-3.2.9,content,TEXT_EXTRACTED,UNVERIFIED
577,572,CH3,CAL-SEC-3.2.9,content,TEXT_EXTRACTED,UNVERIFIED
578,573,CH3,CAL-SEC-3.2.9,content,TEXT_EXTRACTED,UNVERIFIED
579,574,CH3,CAL-SEC-3.2.9,content,TEXT_EXTRACTED,UNVERIFIED
580,575,CH3,CAL-SEC-3.2.9,content,TEXT_EXTRACTED,UNVERIFIED
581,576,CH3,CAL-SEC-3.2.9,content,TEXT_EXTRACTED,UNVERIFIED
582,577,CH3,CAL-SEC-3.2.9,content,TEXT_EXTRACTED,UNVERIFIED
583,578,CH3,CAL-SEC-3.2.9,content,TEXT_EXTRACTED,UNVERIFIED
584,579,CH3,CAL-SEC-3.2.9,content,TEXT_EXTRACTED,UNVERIFIED
585,580,CH3,CAL-SEC-3.2.9,content,TEXT_EXTRACTED,UNVERIFIED
586,581,CH3,CAL-SEC-3.2.10,content,TEXT_EXTRACTED,UNVERIFIED
587,582,CH3,CAL-SEC-3.2.10,content,TEXT_EXTRACTED,UNVERIFIED
588,583,CH3,CAL-SEC-3.2.10,content,TEXT_EXTRACTED,UNVERIFIED
589,584,CH3,CAL-SEC-3.2.10,content,TEXT_EXTRACTED,UNVERIFIED
590,585,CH3,CAL-SEC-3.2.10,content,TEXT_EXTRACTED,UNVERIFIED
591,586,CH3,CAL-SEC-3.2.10,content,TEXT_EXTRACTED,UNVERIFIED
592,587,CH3,CAL-SEC-3.2.10,content,TEXT_EXTRACTED,UNVERIFIED
593,588,CH3,CAL-SEC-3.2.10,content,TEXT_EXTRACTED,UNVERIFIED
594,589,CH3,CAL-SEC-3.2.10,content,TEXT_EXTRACTED,UNVERIFIED
595,590,CH3,CAL-SEC-3.2.10,content,TEXT_EXTRACTED,UNVERIFIED
596,591,CH3,CAL-SEC-3.2.10,content,TEXT_EXTRACTED,UNVERIFIED
597,592,CH3,CAL-SEC-3.2.10,content,TEXT_EXTRACTED,UNVERIFIED
598,593,CH3,CAL-SEC-3.2.10,content,TEXT_EXTRACTED,UNVERIFIED
599,594,CH3,CAL-SEC-3.2.10,content,TEXT_EXTRACTED,UNVERIFIED
600,595,CH3,CAL-SEC-3.2.10,content,TEXT_EXTRACTED,UNVERIFIED
601,596,CH3,CAL-SEC-3.2.10,content,TEXT_EXTRACTED,UNVERIFIED
602,597,CH3,CAL-SEC-3.2.10,content,TEXT_EXTRACTED,UNVERIFIED
603,598,CH3,CAL-SEC-3.2.10,content,TEXT_EXTRACTED,UNVERIFIED
604,599,CH3,CAL-SEC-3.2.10,content,TEXT_EXTRACTED,UNVERIFIED
605,600,CH3,CAL-SEC-3.2.10,content,TEXT_EXTRACTED,UNVERIFIED
606,601,CH3,CAL-SEC-3.2.10,content,TEXT_EXTRACTED,UNVERIFIED
607,602,CH3,CAL-SEC-3.2.10,content,TEXT_EXTRACTED,UNVERIFIED
608,603,CH3,CAL-SEC-3.2.10,content,TEXT_EXTRACTED,UNVERIFIED
609,604,CH3,CAL-SEC-3.2.10,content,TEXT_EXTRACTED,UNVERIFIED
610,605,CH3,CAL-SEC-3.2.10,content,TEXT_EXTRACTED,UNVERIFIED
611,606,CH3,CAL-SEC-3.2.10,content,TEXT_EXTRACTED,UNVERIFIED
612,607,CH3,CAL-SEC-3.2.10,content,TEXT_EXTRACTED,UNVERIFIED
613,608,CH3,CAL-SEC-3.2.10,content,TEXT_EXTRACTED,UNVERIFIED
614,609,CH3,CAL-SEC-3.2.10,content,TEXT_EXTRACTED,UNVERIFIED
615,610,CH3,CAL-SEC-3.2.10,content,TEXT_EXTRACTED,UNVERIFIED
616,611,CH3,CAL-SEC-3.2.10,content,TEXT_EXTRACTED,UNVERIFIED
617,612,CH3,CAL-SEC-3.2.10,content,TEXT_EXTRACTED,UNVERIFIED
618,613,CH3,CAL-SEC-3.2.10,content,TEXT_EXTRACTED,UNVERIFIED
619,614,CH3,CAL-SEC-3.2.10,content,TEXT_EXTRACTED,UNVERIFIED
620,615,CH3,CAL-SEC-3.2.10,content,TEXT_EXTRACTED,UNVERIFIED
621,616,CH3,CAL-SEC-3.2.10,content,TEXT_EXTRACTED,UNVERIFIED
622,617,CH3,CAL-SEC-3.2.10,content,TEXT_EXTRACTED,UNVERIFIED
623,618,CH3,CAL-SEC-3.2.10,content,TEXT_EXTRACTED,UNVERIFIED
624,619,CH3,CAL-SEC-3.2.11,content,TEXT_EXTRACTED,UNVERIFIED
625,620,CH3,CAL-SEC-3.2.11,content,TEXT_EXTRACTED,UNVERIFIED
626,621,CH3,CAL-SEC-3.2.11,content,TEXT_EXTRACTED,UNVERIFIED
627,622,CH3,CAL-SEC-3.2.11,content,TEXT_EXTRACTED,UNVERIFIED
628,623,CH3,CAL-SEC-3.2.11,content,TEXT_EXTRACTED,UNVERIFIED
629,624,CH3,CAL-SEC-3.2.11,content,TEXT_EXTRACTED,UNVERIFIED
630,625,CH3,CAL-SEC-3.2.11,content,TEXT_EXTRACTED,UNVERIFIED
631,626,CH3,CAL-SEC-3.2.11,content,TEXT_EXTRACTED,UNVERIFIED
632,627,CH3,CAL-SEC-3.2.11,content,TEXT_EXTRACTED,UNVERIFIED
633,628,CH3,CAL-SEC-3.2.11,content,TEXT_EXTRACTED,UNVERIFIED
634,629,CH3,CAL-SEC-3.2.11,content,TEXT_EXTRACTED,UNVERIFIED
635,630,CH3,CAL-SEC-3.2.11,content,TEXT_EXTRACTED,UNVERIFIED
636,631,CH3,CAL-SEC-3.2.11,content,TEXT_EXTRACTED,UNVERIFIED
637,632,CH3,CAL-SEC-3.2.11,content,TEXT_EXTRACTED,UNVERIFIED
638,633,CH3,CAL-SEC-3.2.11,content,TEXT_EXTRACTED,UNVERIFIED
639,634,CH3,CAL-SEC-3.2.11,content,TEXT_EXTRACTED,UNVERIFIED
640,635,CH3,CAL-SEC-3.2.11,content,TEXT_EXTRACTED,UNVERIFIED
641,636,CH3,CAL-SEC-3.2.11,content,TEXT_EXTRACTED,UNVERIFIED
642,637,CH3,CAL-SEC-3.2.11,content,TEXT_EXTRACTED,UNVERIFIED
643,638,CH3,CAL-SEC-3.2.11,content,TEXT_EXTRACTED,UNVERIFIED
644,639,CH3,CAL-SEC-3.2.11,content,TEXT_EXTRACTED,UNVERIFIED
645,640,CH3,CAL-SEC-3.2.11,content,TEXT_EXTRACTED,UNVERIFIED
646,641,CH3,CAL-SEC-3.2.11,content,TEXT_EXTRACTED,UNVERIFIED
647,642,CH3,CAL-SEC-3.2.11,content,TEXT_EXTRACTED,UNVERIFIED
648,643,CH3,CAL-SEC-3.2.11,content,TEXT_EXTRACTED,UNVERIFIED
649,644,CH3,CAL-SEC-3.2.11,content,TEXT_EXTRACTED,UNVERIFIED
650,645,CH3,CAL-SEC-3.2.11,content,TEXT_EXTRACTED,UNVERIFIED
651,646,CH3,CAL-SEC-3.2.11,content,TEXT_EXTRACTED,UNVERIFIED
652,647,CH3,CAL-SEC-3.2.12,content,TEXT_EXTRACTED,UNVERIFIED
653,648,CH3,CAL-SEC-3.2.12,content,TEXT_EXTRACTED,UNVERIFIED
654,649,CH3,CAL-SEC-3.2.12,content,TEXT_EXTRACTED,UNVERIFIED
655,650,CH3,CAL-SEC-3.2.12,content,TEXT_EXTRACTED,UNVERIFIED
656,651,CH3,CAL-SEC-3.2.12,content,TEXT_EXTRACTED,UNVERIFIED
657,652,CH3,CAL-SEC-3.2.12,content,TEXT_EXTRACTED,UNVERIFIED
658,653,CH3,CAL-SEC-3.2.12,content,TEXT_EXTRACTED,UNVERIFIED
659,654,CH3,CAL-SEC-3.2.12,content,TEXT_EXTRACTED,UNVERIFIED
660,655,CH3,CAL-SEC-3.2.12,content,TEXT_EXTRACTED,UNVERIFIED
661,656,CH3,CAL-SEC-3.2.12,content,TEXT_EXTRACTED,UNVERIFIED
662,657,CH3,CAL-SEC-3.2.13,content,TEXT_EXTRACTED,UNVERIFIED
663,658,CH3,CAL-SEC-3.2.13,content,TEXT_EXTRACTED,UNVERIFIED
664,659,CH3,CAL-SEC-3.2.13,content,TEXT_EXTRACTED,UNVERIFIED
665,660,CH3,CAL-SEC-3.2.13,content,TEXT_EXTRACTED,UNVERIFIED
666,661,CH3,CAL-SEC-3.2.13,content,TEXT_EXTRACTED,UNVERIFIED
667,662,CH3,CAL-SEC-3.2.14,content,TEXT_EXTRACTED,UNVERIFIED
668,663,CH3,CAL-SEC-3.2.14,content,TEXT_EXTRACTED,UNVERIFIED
669,664,CH3,CAL-SEC-3.2.14,content,TEXT_EXTRACTED,UNVERIFIED
670,665,CH3,CAL-SEC-3.2.14,content,TEXT_EXTRACTED,UNVERIFIED
671,666,CH3,CAL-SEC-3.2.15,content,TEXT_EXTRACTED,UNVERIFIED
672,667,CH3,CAL-SEC-3.2.15,content,TEXT_EXTRACTED,UNVERIFIED
673,668,CH3,CAL-SEC-3.2.15,content,TEXT_EXTRACTED,UNVERIFIED
674,669,CH3,CAL-SEC-3.2.16,content,TEXT_EXTRACTED,UNVERIFIED
675,670,CH3,CAL-SEC-3.3,content,TEXT_EXTRACTED,UNVERIFIED
676,671,CH3,CAL-SEC-3.3.1,content,TEXT_EXTRACTED,UNVERIFIED
677,672,CH3,CAL-SEC-3.3.1,content,TEXT_EXTRACTED,UNVERIFIED
678,673,CH3,CAL-SEC-3.3.1,content,TEXT_EXTRACTED,UNVERIFIED
679,674,CH3,CAL-SEC-3.3.2,content,TEXT_EXTRACTED,UNVERIFIED
680,675,CH3,CAL-SEC-3.3.2,content,TEXT_EXTRACTED,UNVERIFIED
681,676,CH3,CAL-SEC-3.3.2,content,TEXT_EXTRACTED,UNVERIFIED
682,677,CH3,CAL-SEC-3.3.2,content,TEXT_EXTRACTED,UNVERIFIED
683,678,CH3,CAL-SEC-3.3.3,content,TEXT_EXTRACTED,UNVERIFIED
684,679,CH3,CAL-SEC-3.3.3,content,TEXT_EXTRACTED,UNVERIFIED
685,680,CH3,CAL-SEC-3.3.4,content,TEXT_EXTRACTED,UNVERIFIED
686,681,CH3,CAL-SEC-3.3.4,content,TEXT_EXTRACTED,UNVERIFIED
687,682,CH3,CAL-SEC-3.3.4,content,TEXT_EXTRACTED,UNVERIFIED
688,683,CH3,CAL-SEC-3.3.4,content,TEXT_EXTRACTED,UNVERIFIED
689,684,CH3,CAL-SEC-3.3.4,content,TEXT_EXTRACTED,UNVERIFIED
690,685,CH3,CAL-SEC-3.3.4,content,TEXT_EXTRACTED,UNVERIFIED
691,686,CH3,CAL-SEC-3.3.4,content,TEXT_EXTRACTED,UNVERIFIED
692,687,CH3,CAL-SEC-3.3.4,content,TEXT_EXTRACTED,UNVERIFIED
693,688,CH3,CAL-SEC-3.3.4,content,TEXT_EXTRACTED,UNVERIFIED
694,689,CH3,CAL-SEC-3.3.4,content,TEXT_EXTRACTED,UNVERIFIED
695,690,CH3,CAL-SEC-3.3.4,content,TEXT_EXTRACTED,UNVERIFIED
696,691,CH3,CAL-SEC-3.3.4,content,TEXT_EXTRACTED,UNVERIFIED
697,692,CH3,CAL-SEC-3.3.4,content,TEXT_EXTRACTED,UNVERIFIED
698,693,CH3,CAL-SEC-3.3.4,content,TEXT_EXTRACTED,UNVERIFIED
699,694,CH3,CAL-SEC-3.3.4,content,TEXT_EXTRACTED,UNVERIFIED
700,695,CH3,CAL-SEC-3.3.4,content,TEXT_EXTRACTED,UNVERIFIED
701,696,CH3,CAL-SEC-3.3.4,content,TEXT_EXTRACTED,UNVERIFIED
702,697,CH3,CAL-SEC-3.3.4,content,TEXT_EXTRACTED,UNVERIFIED
703,698,CH3,CAL-SEC-3.3.4,content,TEXT_EXTRACTED,UNVERIFIED
704,699,CH3,CAL-SEC-3.3.5,content,TEXT_EXTRACTED,UNVERIFIED
705,700,CH3,CAL-SEC-3.3.5,content,TEXT_EXTRACTED,UNVERIFIED
706,701,CH3,CAL-SEC-3.3.5,content,TEXT_EXTRACTED,UNVERIFIED
707,702,CH3,CAL-SEC-3.3.5,content,TEXT_EXTRACTED,UNVERIFIED
708,703,CH3,CAL-SEC-3.3.5,content,TEXT_EXTRACTED,UNVERIFIED
709,704,CH3,CAL-SEC-3.3.5,content,TEXT_EXTRACTED,UNVERIFIED
710,705,CH3,CAL-SEC-3.3.5,content,TEXT_EXTRACTED,UNVERIFIED
711,706,CH3,CAL-SEC-3.3.5,content,TEXT_EXTRACTED,UNVERIFIED
712,707,CH3,CAL-SEC-3.3.5,content,TEXT_EXTRACTED,UNVERIFIED
713,708,CH3,CAL-SEC-3.3.5,content,TEXT_EXTRACTED,UNVERIFIED
714,709,CH3,CAL-SEC-3.3.5,content,TEXT_EXTRACTED,UNVERIFIED
715,710,CH3,CAL-SEC-3.3.5,content,TEXT_EXTRACTED,UNVERIFIED
716,711,CH3,CAL-SEC-3.3.5,content,TEXT_EXTRACTED,UNVERIFIED
717,712,CH3,CAL-SEC-3.3.5,content,TEXT_EXTRACTED,UNVERIFIED
718,713,CH3,CAL-SEC-3.3.5,content,TEXT_EXTRACTED,UNVERIFIED
719,714,CH3,CAL-SEC-3.3.5,content,TEXT_EXTRACTED,UNVERIFIED
720,715,CH3,CAL-SEC-3.3.5,content,TEXT_EXTRACTED,UNVERIFIED
721,716,CH3,CAL-SEC-3.3.5,content,TEXT_EXTRACTED,UNVERIFIED
722,717,CH3,CAL-SEC-3.3.5,content,TEXT_EXTRACTED,UNVERIFIED
723,718,CH3,CAL-SEC-3.3.5,content,TEXT_EXTRACTED,UNVERIFIED
724,719,CH3,CAL-SEC-3.3.5,content,TEXT_EXTRACTED,UNVERIFIED
725,720,CH3,CAL-SEC-3.3.5,content,TEXT_EXTRACTED,UNVERIFIED
726,721,CH3,CAL-SEC-3.3.5,content,TEXT_EXTRACTED,UNVERIFIED
727,722,CH3,CAL-SEC-3.3.5,content,TEXT_EXTRACTED,UNVERIFIED
728,723,CH3,CAL-SEC-3.3.5,content,TEXT_EXTRACTED,UNVERIFIED
729,724,CH3,CAL-SEC-3.3.5,content,TEXT_EXTRACTED,UNVERIFIED
730,725,CH3,CAL-SEC-3.3.5,content,TEXT_EXTRACTED,UNVERIFIED
731,726,CH3,CAL-SEC-3.3.5,content,TEXT_EXTRACTED,UNVERIFIED
732,727,CH3,CAL-SEC-3.3.5,content,TEXT_EXTRACTED,UNVERIFIED
733,728,CH3,CAL-SEC-3.3.5,content,TEXT_EXTRACTED,UNVERIFIED
734,729,CH3,CAL-SEC-3.3.5,content,TEXT_EXTRACTED,UNVERIFIED
735,730,CH3,CAL-SEC-3.3.6,content,TEXT_EXTRACTED,UNVERIFIED
736,731,CH3,CAL-SEC-3.3.6,content,TEXT_EXTRACTED,UNVERIFIED
737,732,CH3,CAL-SEC-3.3.6,content,TEXT_EXTRACTED,UNVERIFIED
738,733,CH3,CAL-SEC-3.3.6,content,TEXT_EXTRACTED,UNVERIFIED
739,734,CH3,CAL-SEC-3.3.6,content,TEXT_EXTRACTED,UNVERIFIED
740,735,CH3,CAL-SEC-3.3.6,content,TEXT_EXTRACTED,UNVERIFIED
741,736,CH3,CAL-SEC-3.3.6,content,TEXT_EXTRACTED,UNVERIFIED
742,737,CH3,CAL-SEC-3.3.6,content,TEXT_EXTRACTED,UNVERIFIED
743,738,CH3,CAL-SEC-3.3.6,content,TEXT_EXTRACTED,UNVERIFIED
744,739,CH3,CAL-SEC-3.3.6,content,TEXT_EXTRACTED,UNVERIFIED
745,740,CH3,CAL-SEC-3.3.6,content,TEXT_EXTRACTED,UNVERIFIED
746,741,CH3,CAL-SEC-3.3.6,content,TEXT_EXTRACTED,UNVERIFIED
747,742,CH3,CAL-SEC-3.3.6,content,TEXT_EXTRACTED,UNVERIFIED
748,743,CH3,CAL-SEC-3.3.6,content,TEXT_EXTRACTED,UNVERIFIED
749,744,CH3,CAL-SEC-3.3.6,content,TEXT_EXTRACTED,UNVERIFIED
750,745,CH3,CAL-SEC-3.3.6,content,TEXT_EXTRACTED,UNVERIFIED
751,746,CH3,CAL-SEC-3.3.6,content,TEXT_EXTRACTED,UNVERIFIED
752,747,CH3,CAL-SEC-3.3.6,content,TEXT_EXTRACTED,UNVERIFIED
753,748,CH3,CAL-SEC-3.3.6,content,TEXT_EXTRACTED,UNVERIFIED
754,749,CH3,CAL-SEC-3.3.6,content,TEXT_EXTRACTED,UNVERIFIED
755,750,CH3,CAL-SEC-3.3.6,content,TEXT_EXTRACTED,UNVERIFIED
756,751,CH3,CAL-SEC-3.3.6,content,TEXT_EXTRACTED,UNVERIFIED
757,752,CH3,CAL-SEC-3.3.6,content,TEXT_EXTRACTED,UNVERIFIED
758,753,CH3,CAL-SEC-3.3.6,content,TEXT_EXTRACTED,UNVERIFIED
759,754,CH3,CAL-SEC-3.3.6,content,TEXT_EXTRACTED,UNVERIFIED
760,755,CH3,CAL-SEC-3.3.6,content,TEXT_EXTRACTED,UNVERIFIED
761,756,CH3,CAL-SEC-3.3.6,content,TEXT_EXTRACTED,UNVERIFIED
762,757,CH3,CAL-SEC-3.3.7,content,TEXT_EXTRACTED,UNVERIFIED
763,758,CH3,CAL-SEC-3.3.7,content,TEXT_EXTRACTED,UNVERIFIED
764,759,CH3,CAL-SEC-3.3.7,content,TEXT_EXTRACTED,UNVERIFIED
765,760,CH3,CAL-SEC-3.4,content,TEXT_EXTRACTED,UNVERIFIED
766,761,CH3,CAL-SEC-3.4.1,content,TEXT_EXTRACTED,UNVERIFIED
767,762,CH3,CAL-SEC-3.4.1,content,TEXT_EXTRACTED,UNVERIFIED
768,763,CH3,CAL-SEC-3.4.1,content,TEXT_EXTRACTED,UNVERIFIED
769,764,CH3,CAL-SEC-3.4.1,content,TEXT_EXTRACTED,UNVERIFIED
770,765,CH3,CAL-SEC-3.4.1,content,TEXT_EXTRACTED,UNVERIFIED
771,766,CH3,CAL-SEC-3.4.1,content,TEXT_EXTRACTED,UNVERIFIED
772,767,CH3,CAL-SEC-3.4.1,content,TEXT_EXTRACTED,UNVERIFIED
773,768,CH3,CAL-SEC-3.4.1,content,TEXT_EXTRACTED,UNVERIFIED
774,769,CH3,CAL-SEC-3.4.1,content,TEXT_EXTRACTED,UNVERIFIED
775,770,CH3,CAL-SEC-3.4.1,content,TEXT_EXTRACTED,UNVERIFIED
776,771,CH3,CAL-SEC-3.4.1,content,TEXT_EXTRACTED,UNVERIFIED
777,772,CH3,CAL-SEC-3.4.2,content,TEXT_EXTRACTED,UNVERIFIED
778,773,CH3,CAL-SEC-3.4.2,content,TEXT_EXTRACTED,UNVERIFIED
779,774,CH3,CAL-SEC-3.4.2,content,TEXT_EXTRACTED,UNVERIFIED
780,775,CH3,CAL-SEC-3.4.2,content,TEXT_EXTRACTED,UNVERIFIED
781,776,CH3,CAL-SEC-3.4.2,content,TEXT_EXTRACTED,UNVERIFIED
782,777,CH3,CAL-SEC-3.4.2,content,TEXT_EXTRACTED,UNVERIFIED
783,778,CH3,CAL-SEC-3.4.2,content,TEXT_EXTRACTED,UNVERIFIED
784,779,CH3,CAL-SEC-3.4.2,content,TEXT_EXTRACTED,UNVERIFIED
785,780,CH3,CAL-SEC-3.4.2,content,TEXT_EXTRACTED,UNVERIFIED
786,781,CH3,CAL-SEC-3.4.2,content,TEXT_EXTRACTED,UNVERIFIED
787,782,CH3,CAL-SEC-3.4.2,content,TEXT_EXTRACTED,UNVERIFIED
788,783,CH3,CAL-SEC-3.5,content,TEXT_EXTRACTED,UNVERIFIED
789,784,CH3,CAL-SEC-3.5.1,content,TEXT_EXTRACTED,UNVERIFIED
790,785,CH3,CAL-SEC-3.5.1,content,TEXT_EXTRACTED,UNVERIFIED
791,786,CH3,CAL-SEC-3.5.2,content,TEXT_EXTRACTED,UNVERIFIED
792,787,CH3,CAL-SEC-3.5.3,content,TEXT_EXTRACTED,UNVERIFIED
793,788,CH3,CAL-SEC-3.5.4,content,TEXT_EXTRACTED,UNVERIFIED
794,789,CH3,CAL-SEC-3.5.4,content,TEXT_EXTRACTED,UNVERIFIED
795,790,CH3,CAL-SEC-3.5.4,content,TEXT_EXTRACTED,UNVERIFIED
796,791,CH3,CAL-SEC-3.5.4,content,TEXT_EXTRACTED,UNVERIFIED
797,792,CH3,CAL-SEC-3.5.5,content,TEXT_EXTRACTED,UNVERIFIED
798,793,CH3,CAL-SEC-3.5.5,content,TEXT_EXTRACTED,UNVERIFIED
799,794,CH3,CAL-SEC-3.5.5,content,TEXT_EXTRACTED,UNVERIFIED
800,795,CH3,CAL-SEC-3.5.6,content,TEXT_EXTRACTED,UNVERIFIED
801,796,CH3,CAL-SEC-3.5.6,content,TEXT_EXTRACTED,UNVERIFIED
802,797,CH3,CAL-SEC-3.5.6,content,TEXT_EXTRACTED,UNVERIFIED
803,798,CH3,CAL-SEC-3.5.6,content,TEXT_EXTRACTED,UNVERIFIED
804,799,CH3,CAL-SEC-3.5.6,content,TEXT_EXTRACTED,UNVERIFIED
805,800,CH3,CAL-SEC-3.5.6,content,TEXT_EXTRACTED,UNVERIFIED
806,801,CH3,CAL-SEC-3.5.6,content,TEXT_EXTRACTED,UNVERIFIED
807,802,CH3,CAL-SEC-3.5.6,content,TEXT_EXTRACTED,UNVERIFIED
808,803,CH3,CAL-SEC-3.5.6,content,TEXT_EXTRACTED,UNVERIFIED
809,804,CH3,CAL-SEC-3.5.6,content,TEXT_EXTRACTED,UNVERIFIED
810,805,CH3,CAL-SEC-3.5.6,content,TEXT_EXTRACTED,UNVERIFIED
811,806,CH3,CAL-SEC-3.5.6,content,TEXT_EXTRACTED,UNVERIFIED
812,807,CH3,CAL-SEC-3.5.6,content,TEXT_EXTRACTED,UNVERIFIED
813,808,CH3,CAL-SEC-3.5.6,content,TEXT_EXTRACTED,UNVERIFIED
814,809,CH3,CAL-SEC-3.5.6,content,TEXT_EXTRACTED,UNVERIFIED
815,810,CH3,CAL-SEC-3.5.6,content,TEXT_EXTRACTED,UNVERIFIED
816,811,CH3,CAL-SEC-3.5.6,content,TEXT_EXTRACTED,UNVERIFIED
817,812,CH3,CAL-SEC-3.6,content,TEXT_EXTRACTED,UNVERIFIED
818,813,CH3,CAL-SEC-3.6.1,content,TEXT_EXTRACTED,UNVERIFIED
819,814,CH3,CAL-SEC-3.6.2,content,TEXT_EXTRACTED,UNVERIFIED
820,815,CH3,CAL-SEC-3.6.2,content,TEXT_EXTRACTED,UNVERIFIED
821,816,CH3,CAL-SEC-3.6,content,TEXT_EXTRACTED,UNVERIFIED
822,817,CH3,CAL-SEC-3.6.3,content,TEXT_EXTRACTED,UNVERIFIED
823,818,CH3,CAL-SEC-3.6.3,content,TEXT_EXTRACTED,UNVERIFIED
824,819,CH3,CAL-SEC-3.6.3,content,TEXT_EXTRACTED,UNVERIFIED
825,820,CH3,CAL-SEC-3.6.3,content,TEXT_EXTRACTED,UNVERIFIED
826,821,CH3,CAL-SEC-3.6.3,content,TEXT_EXTRACTED,UNVERIFIED
827,822,CH3,CAL-SEC-3.6.3,content,TEXT_EXTRACTED,UNVERIFIED
828,823,CH3,CAL-SEC-3.6.3,content,TEXT_EXTRACTED,UNVERIFIED
829,824,CH3,CAL-SEC-3.6.3,content,TEXT_EXTRACTED,UNVERIFIED
830,825,CH3,CAL-SEC-3.6.3,content,TEXT_EXTRACTED,UNVERIFIED
831,826,CH3,CAL-SEC-3.6.3,content,TEXT_EXTRACTED,UNVERIFIED
832,827,CH3,CAL-SEC-3.6.3,content,TEXT_EXTRACTED,UNVERIFIED
833,828,CH3,CAL-SEC-3.6.3,content,TEXT_EXTRACTED,UNVERIFIED
834,829,CH3,CAL-SEC-3.6.3,content,TEXT_EXTRACTED,UNVERIFIED
835,830,CH3,CAL-SEC-3.6.3,content,TEXT_EXTRACTED,UNVERIFIED
836,831,CH3,CAL-SEC-3.6.3,content,TEXT_EXTRACTED,UNVERIFIED
837,832,CH3,CAL-SEC-3.6.3,content,TEXT_EXTRACTED,UNVERIFIED
838,833,CH3,CAL-SEC-3.6.3,content,TEXT_EXTRACTED,UNVERIFIED
839,834,CH3,CAL-SEC-3.6.3,content,TEXT_EXTRACTED,UNVERIFIED
840,835,CH3,CAL-SEC-3.6.4,content,TEXT_EXTRACTED,UNVERIFIED
841,836,CH3,CAL-SEC-ch3,content,TEXT_EXTRACTED,UNVERIFIED
842,837,CH3,CAL-SEC-3.7,content,TEXT_EXTRACTED,UNVERIFIED
843,838,CH3,CAL-SEC-3.7.1,content,TEXT_EXTRACTED,UNVERIFIED
844,839,CH3,CAL-SEC-3.7.1,content,TEXT_EXTRACTED,UNVERIFIED
845,840,CH3,CAL-SEC-3.7.1,content,TEXT_EXTRACTED,UNVERIFIED
846,841,CH3,CAL-SEC-3.7.1,content,TEXT_EXTRACTED,UNVERIFIED
847,842,CH3,CAL-SEC-3.7.1,content,TEXT_EXTRACTED,UNVERIFIED
848,843,CH3,CAL-SEC-3.7.1,content,TEXT_EXTRACTED,UNVERIFIED
849,844,CH3,CAL-SEC-3.7.1,content,TEXT_EXTRACTED,UNVERIFIED
850,845,CH3,CAL-SEC-3.7.1,content,TEXT_EXTRACTED,UNVERIFIED
851,846,CH3,CAL-SEC-3.7.1,content,TEXT_EXTRACTED,UNVERIFIED
852,847,CH3,CAL-SEC-3.7.1,content,TEXT_EXTRACTED,UNVERIFIED
853,848,CH3,CAL-SEC-3.7.1,content,TEXT_EXTRACTED,UNVERIFIED
854,849,CH3,CAL-SEC-3.7.1,content,TEXT_EXTRACTED,UNVERIFIED
855,850,CH3,CAL-SEC-3.7.1,content,TEXT_EXTRACTED,UNVERIFIED
856,851,CH3,CAL-SEC-3.7.1,content,TEXT_EXTRACTED,UNVERIFIED
857,852,CH3,CAL-SEC-3.7.1,content,TEXT_EXTRACTED,UNVERIFIED
858,853,CH3,CAL-SEC-3.7.1,content,TEXT_EXTRACTED,UNVERIFIED
859,854,CH3,CAL-SEC-3.7.1,content,TEXT_EXTRACTED,UNVERIFIED
860,855,CH3,CAL-SEC-3.7.2,content,TEXT_EXTRACTED,UNVERIFIED
861,856,CH3,CAL-SEC-3.7.2,content,TEXT_EXTRACTED,UNVERIFIED
862,857,CH3,CAL-SEC-3.7.2,content,TEXT_EXTRACTED,UNVERIFIED
863,858,CH3,CAL-SEC-3.7.2,content,TEXT_EXTRACTED,UNVERIFIED
864,859,CH3,CAL-SEC-3.7.2,content,TEXT_EXTRACTED,UNVERIFIED
865,860,CH3,CAL-SEC-3.7.2,content,TEXT_EXTRACTED,UNVERIFIED
866,861,CH3,CAL-SEC-3.7.2,content,TEXT_EXTRACTED,UNVERIFIED
867,862,CH3,CAL-SEC-3.7.2,content,TEXT_EXTRACTED,UNVERIFIED
868,863,CH3,CAL-SEC-3.7.2,content,TEXT_EXTRACTED,UNVERIFIED
869,864,CH3,CAL-SEC-3.7.2,content,TEXT_EXTRACTED,UNVERIFIED
870,865,CH3,CAL-SEC-3.7.2,content,TEXT_EXTRACTED,UNVERIFIED
871,866,CH4,CAL-SEC-ch4,content,TEXT_EXTRACTED,UNVERIFIED
872,867,CH4,CAL-SEC-4.1,content,TEXT_EXTRACTED,UNVERIFIED
873,868,CH4,CAL-SEC-4.1.1,content,TEXT_EXTRACTED,UNVERIFIED
874,869,CH4,CAL-SEC-4.1.2,content,TEXT_EXTRACTED,UNVERIFIED
875,870,CH4,CAL-SEC-4.1.2,content,TEXT_EXTRACTED,UNVERIFIED
876,871,CH4,CAL-SEC-4.1.2,content,TEXT_EXTRACTED,UNVERIFIED
877,872,CH4,CAL-SEC-4.1.2,content,TEXT_EXTRACTED,UNVERIFIED
878,873,CH4,CAL-SEC-4.1.2,content,TEXT_EXTRACTED,UNVERIFIED
879,874,CH4,CAL-SEC-4.1.2,content,TEXT_EXTRACTED,UNVERIFIED
880,875,CH4,CAL-SEC-4.1.2,content,TEXT_EXTRACTED,UNVERIFIED
881,876,CH4,CAL-SEC-4.1.2,content,TEXT_EXTRACTED,UNVERIFIED
882,877,CH4,CAL-SEC-4.1.2,content,TEXT_EXTRACTED,UNVERIFIED
883,878,CH4,CAL-SEC-4.1.2,content,TEXT_EXTRACTED,UNVERIFIED
884,879,CH4,CAL-SEC-4.1.2,content,TEXT_EXTRACTED,UNVERIFIED
885,880,CH4,CAL-SEC-4.1.2,content,TEXT_EXTRACTED,UNVERIFIED
886,881,CH4,CAL-SEC-4.1.2,content,TEXT_EXTRACTED,UNVERIFIED
887,882,CH4,CAL-SEC-4.1.2,content,TEXT_EXTRACTED,UNVERIFIED
888,883,CH4,CAL-SEC-4.1.2,content,TEXT_EXTRACTED,UNVERIFIED
889,884,CH4,CAL-SEC-4.1.2,content,TEXT_EXTRACTED,UNVERIFIED
890,885,CH4,CAL-SEC-4.1.2,content,TEXT_EXTRACTED,UNVERIFIED
891,886,CH4,CAL-SEC-4.1.2,content,TEXT_EXTRACTED,UNVERIFIED
892,887,CH4,CAL-SEC-4.1.2,content,TEXT_EXTRACTED,UNVERIFIED
893,888,CH4,CAL-SEC-4.1.2,content,TEXT_EXTRACTED,UNVERIFIED
894,889,CH4,CAL-SEC-4.1.2,content,TEXT_EXTRACTED,UNVERIFIED
895,890,CH4,CAL-SEC-4.1.2,content,TEXT_EXTRACTED,UNVERIFIED
896,891,CH4,CAL-SEC-4.1.2,content,TEXT_EXTRACTED,UNVERIFIED
897,892,CH4,CAL-SEC-4.1.2,content,TEXT_EXTRACTED,UNVERIFIED
898,893,CH4,CAL-SEC-4.1.2,content,TEXT_EXTRACTED,UNVERIFIED
899,894,CH4,CAL-SEC-4.1.2,content,TEXT_EXTRACTED,UNVERIFIED
900,895,CH4,CAL-SEC-4.1.3,content,TEXT_EXTRACTED,UNVERIFIED
901,896,CH4,CAL-SEC-4.1.4,content,TEXT_EXTRACTED,UNVERIFIED
902,897,CH4,CAL-SEC-4.1.4,content,TEXT_EXTRACTED,UNVERIFIED
903,898,CH4,CAL-SEC-4.1.4,content,TEXT_EXTRACTED,UNVERIFIED
904,899,CH4,CAL-SEC-4.1.5,content,TEXT_EXTRACTED,UNVERIFIED
905,900,CH4,CAL-SEC-4.1.5,content,TEXT_EXTRACTED,UNVERIFIED
906,901,CH4,CAL-SEC-4.1.5,content,TEXT_EXTRACTED,UNVERIFIED
907,902,CH4,CAL-SEC-4.1.5,content,TEXT_EXTRACTED,UNVERIFIED
908,903,CH4,CAL-SEC-4.1.5,content,TEXT_EXTRACTED,UNVERIFIED
909,904,CH4,CAL-SEC-4.1.5,content,TEXT_EXTRACTED,UNVERIFIED
910,905,CH4,CAL-SEC-4.1.5,content,TEXT_EXTRACTED,UNVERIFIED
911,906,CH4,CAL-SEC-4.1.5,content,TEXT_EXTRACTED,UNVERIFIED
912,907,CH4,CAL-SEC-4.1.5,content,TEXT_EXTRACTED,UNVERIFIED
913,908,CH4,CAL-SEC-4.1.5,content,TEXT_EXTRACTED,UNVERIFIED
914,909,CH4,CAL-SEC-4.1.5,content,TEXT_EXTRACTED,UNVERIFIED
915,910,CH4,CAL-SEC-4.1.5,content,TEXT_EXTRACTED,UNVERIFIED
916,911,CH4,CAL-SEC-4.1.5,content,TEXT_EXTRACTED,UNVERIFIED
917,912,CH4,CAL-SEC-4.1.5,content,TEXT_EXTRACTED,UNVERIFIED
918,913,CH4,CAL-SEC-4.1.5,content,TEXT_EXTRACTED,UNVERIFIED
919,914,CH4,CAL-SEC-4.1.5,content,TEXT_EXTRACTED,UNVERIFIED
920,915,CH4,CAL-SEC-4.1.5,content,TEXT_EXTRACTED,UNVERIFIED
921,916,CH4,CAL-SEC-4.1.5,content,TEXT_EXTRACTED,UNVERIFIED
922,917,CH4,CAL-SEC-4.1.5,content,TEXT_EXTRACTED,UNVERIFIED
923,918,CH4,CAL-SEC-4.1.5,content,TEXT_EXTRACTED,UNVERIFIED
924,919,CH4,CAL-SEC-4.1.5,content,TEXT_EXTRACTED,UNVERIFIED
925,920,CH4,CAL-SEC-4.1.5,content,TEXT_EXTRACTED,UNVERIFIED
926,921,CH4,CAL-SEC-4.1.5,content,TEXT_EXTRACTED,UNVERIFIED
927,922,CH4,CAL-SEC-4.1.5,content,TEXT_EXTRACTED,UNVERIFIED
928,923,CH4,CAL-SEC-4.1.5,content,TEXT_EXTRACTED,UNVERIFIED
929,924,CH4,CAL-SEC-4.1.5,content,TEXT_EXTRACTED,UNVERIFIED
930,925,CH4,CAL-SEC-4.1.5,content,TEXT_EXTRACTED,UNVERIFIED
931,926,CH4,CAL-SEC-4.1.5,content,TEXT_EXTRACTED,UNVERIFIED
932,927,CH4,CAL-SEC-4.1.5,content,TEXT_EXTRACTED,UNVERIFIED
933,928,CH4,CAL-SEC-4.1.5,content,TEXT_EXTRACTED,UNVERIFIED
934,929,CH4,CAL-SEC-4.1.5,content,TEXT_EXTRACTED,UNVERIFIED
935,930,CH4,CAL-SEC-4.1.5,content,TEXT_EXTRACTED,UNVERIFIED
936,931,CH4,CAL-SEC-4.1.5,content,TEXT_EXTRACTED,UNVERIFIED
937,932,CH4,CAL-SEC-4.1.5,content,TEXT_EXTRACTED,UNVERIFIED
938,933,CH4,CAL-SEC-4.1.5,content,TEXT_EXTRACTED,UNVERIFIED
939,934,CH4,CAL-SEC-4.1.5,content,TEXT_EXTRACTED,UNVERIFIED
940,935,CH4,CAL-SEC-4.1.5,content,TEXT_EXTRACTED,UNVERIFIED
941,936,CH4,CAL-SEC-4.1.5,content,TEXT_EXTRACTED,UNVERIFIED
942,937,CH4,CAL-SEC-4.1.5,content,TEXT_EXTRACTED,UNVERIFIED
943,938,CH4,CAL-SEC-4.1.5,content,TEXT_EXTRACTED,UNVERIFIED
944,939,CH4,CAL-SEC-4.1.5,content,TEXT_EXTRACTED,UNVERIFIED
945,940,CH4,CAL-SEC-4.1.5,content,TEXT_EXTRACTED,UNVERIFIED
946,941,CH4,CAL-SEC-4.1.5,content,TEXT_EXTRACTED,UNVERIFIED
947,942,CH4,CAL-SEC-4.1.5,content,TEXT_EXTRACTED,UNVERIFIED
948,943,CH4,CAL-SEC-4.1.5,content,TEXT_EXTRACTED,UNVERIFIED
949,944,CH4,CAL-SEC-4.1.5,content,TEXT_EXTRACTED,UNVERIFIED
950,945,CH4,CAL-SEC-4.1.5,content,TEXT_EXTRACTED,UNVERIFIED
951,946,CH4,CAL-SEC-4.1.5,content,TEXT_EXTRACTED,UNVERIFIED
952,947,CH4,CAL-SEC-4.1.5,content,TEXT_EXTRACTED,UNVERIFIED
953,948,CH4,CAL-SEC-4.1.5,content,TEXT_EXTRACTED,UNVERIFIED
954,949,CH4,CAL-SEC-4.1.5,content,TEXT_EXTRACTED,UNVERIFIED
955,950,CH4,CAL-SEC-4.1.5,content,TEXT_EXTRACTED,UNVERIFIED
956,951,CH4,CAL-SEC-4.1.5,content,TEXT_EXTRACTED,UNVERIFIED
957,952,CH4,CAL-SEC-4.1.5,content,TEXT_EXTRACTED,UNVERIFIED
958,953,CH4,CAL-SEC-4.1.5,content,TEXT_EXTRACTED,UNVERIFIED
959,954,CH4,CAL-SEC-4.1.5,content,TEXT_EXTRACTED,UNVERIFIED
960,955,CH4,CAL-SEC-4.1.5,content,TEXT_EXTRACTED,UNVERIFIED
961,956,CH4,CAL-SEC-4.1.5,content,TEXT_EXTRACTED,UNVERIFIED
962,957,CH4,CAL-SEC-4.1.5,content,TEXT_EXTRACTED,UNVERIFIED
963,958,CH4,CAL-SEC-4.1.5,content,TEXT_EXTRACTED,UNVERIFIED
964,959,CH4,CAL-SEC-4.1.5,content,TEXT_EXTRACTED,UNVERIFIED
965,960,CH4,CAL-SEC-4.1.5,content,TEXT_EXTRACTED,UNVERIFIED
966,961,CH4,CAL-SEC-4.1.5,content,TEXT_EXTRACTED,UNVERIFIED
967,962,CH4,CAL-SEC-4.1.5,content,TEXT_EXTRACTED,UNVERIFIED
968,963,CH4,CAL-SEC-4.1.5,content,TEXT_EXTRACTED,UNVERIFIED
969,964,CH4,CAL-SEC-4.1.5,content,TEXT_EXTRACTED,UNVERIFIED
970,965,CH4,CAL-SEC-4.1.5,content,TEXT_EXTRACTED,UNVERIFIED
971,966,CH4,CAL-SEC-4.1.5,content,TEXT_EXTRACTED,UNVERIFIED
972,967,CH4,CAL-SEC-4.1.5,content,TEXT_EXTRACTED,UNVERIFIED
973,968,CH4,CAL-SEC-4.1.5,content,TEXT_EXTRACTED,UNVERIFIED
974,969,CH4,CAL-SEC-4.1.5,content,TEXT_EXTRACTED,UNVERIFIED
975,970,CH4,CAL-SEC-4.1.5,content,TEXT_EXTRACTED,UNVERIFIED
976,971,CH4,CAL-SEC-4.1.5,content,TEXT_EXTRACTED,UNVERIFIED
977,972,CH4,CAL-SEC-4.1.5,content,TEXT_EXTRACTED,UNVERIFIED
978,973,CH4,CAL-SEC-4.1.5,content,TEXT_EXTRACTED,UNVERIFIED
979,974,CH4,CAL-SEC-4.1.5,content,TEXT_EXTRACTED,UNVERIFIED
980,975,CH4,CAL-SEC-4.1.5,content,TEXT_EXTRACTED,UNVERIFIED
981,976,CH4,CAL-SEC-4.1.5,content,TEXT_EXTRACTED,UNVERIFIED
982,977,CH4,CAL-SEC-4.1.5,content,TEXT_EXTRACTED,UNVERIFIED
983,978,CH4,CAL-SEC-4.1.5,content,TEXT_EXTRACTED,UNVERIFIED
984,979,CH4,CAL-SEC-4.1.5,content,TEXT_EXTRACTED,UNVERIFIED
985,980,CH4,CAL-SEC-4.1.5,content,TEXT_EXTRACTED,UNVERIFIED
986,981,CH4,CAL-SEC-4.1.5,content,TEXT_EXTRACTED,UNVERIFIED
987,982,CH4,CAL-SEC-4.1.5,content,TEXT_EXTRACTED,UNVERIFIED
988,983,CH4,CAL-SEC-4.1.5,content,TEXT_EXTRACTED,UNVERIFIED
989,984,CH4,CAL-SEC-4.1.5,content,TEXT_EXTRACTED,UNVERIFIED
990,985,CH4,CAL-SEC-4.1.5,content,TEXT_EXTRACTED,UNVERIFIED
991,986,CH4,CAL-SEC-4.1.5,content,TEXT_EXTRACTED,UNVERIFIED
992,987,CH4,CAL-SEC-4.1.5,content,TEXT_EXTRACTED,UNVERIFIED
993,988,CH4,CAL-SEC-4.1.5,content,TEXT_EXTRACTED,UNVERIFIED
994,989,CH4,CAL-SEC-4.1.5,content,TEXT_EXTRACTED,UNVERIFIED
995,990,CH4,CAL-SEC-4.1.5,content,TEXT_EXTRACTED,UNVERIFIED
996,991,CH4,CAL-SEC-4.1.5,content,TEXT_EXTRACTED,UNVERIFIED
997,992,CH4,CAL-SEC-4.1.5,content,TEXT_EXTRACTED,UNVERIFIED
998,993,CH4,CAL-SEC-4.1.5,content,TEXT_EXTRACTED,UNVERIFIED
999,994,CH4,CAL-SEC-4.1.5,content,TEXT_EXTRACTED,UNVERIFIED
1000,995,CH4,CAL-SEC-4.1.5,content,TEXT_EXTRACTED,UNVERIFIED
1001,996,CH4,CAL-SEC-4.1.5,content,TEXT_EXTRACTED,UNVERIFIED
1002,997,CH4,CAL-SEC-4.1.5,content,TEXT_EXTRACTED,UNVERIFIED
1003,998,CH4,CAL-SEC-4.1.5,content,TEXT_EXTRACTED,UNVERIFIED
1004,999,CH4,CAL-SEC-4.1.5,content,TEXT_EXTRACTED,UNVERIFIED
1005,1000,CH4,CAL-SEC-4.1.5,content,TEXT_EXTRACTED,UNVERIFIED
1006,1001,CH4,CAL-SEC-4.1.5,content,TEXT_EXTRACTED,UNVERIFIED
1007,1002,CH4,CAL-SEC-4.1.5,content,TEXT_EXTRACTED,UNVERIFIED
1008,1003,CH4,CAL-SEC-4.1.5,content,TEXT_EXTRACTED,UNVERIFIED
1009,1004,CH4,CAL-SEC-4.1.5,content,TEXT_EXTRACTED,UNVERIFIED
1010,1005,CH4,CAL-SEC-4.1.5,content,TEXT_EXTRACTED,UNVERIFIED
1011,1006,CH4,CAL-SEC-4.1.5,content,TEXT_EXTRACTED,UNVERIFIED
1012,1007,CH4,CAL-SEC-4.1.5,content,TEXT_EXTRACTED,UNVERIFIED
1013,1008,CH4,CAL-SEC-4.1.5,content,TEXT_EXTRACTED,UNVERIFIED
1014,1009,CH4,CAL-SEC-4.1.5,content,TEXT_EXTRACTED,UNVERIFIED
1015,1010,CH4,CAL-SEC-4.1.5,content,TEXT_EXTRACTED,UNVERIFIED
1016,1011,CH4,CAL-SEC-4.1.5,content,TEXT_EXTRACTED,UNVERIFIED
1017,1012,CH4,CAL-SEC-4.1.5,content,TEXT_EXTRACTED,UNVERIFIED
1018,1013,CH4,CAL-SEC-4.1.5,content,TEXT_EXTRACTED,UNVERIFIED
1019,1014,CH4,CAL-SEC-4.1.5,content,TEXT_EXTRACTED,UNVERIFIED
1020,1015,CH4,CAL-SEC-4.1.5,content,TEXT_EXTRACTED,UNVERIFIED
1021,1016,CH4,CAL-SEC-4.1.5,content,TEXT_EXTRACTED,UNVERIFIED
1022,1017,CH4,CAL-SEC-4.1.5,content,TEXT_EXTRACTED,UNVERIFIED
1023,1018,CH4,CAL-SEC-4.1.5,content,TEXT_EXTRACTED,UNVERIFIED
1024,1019,CH4,CAL-SEC-4.1.5,content,TEXT_EXTRACTED,UNVERIFIED
1025,1020,CH4,CAL-SEC-4.1.5,content,TEXT_EXTRACTED,UNVERIFIED
1026,1021,CH4,CAL-SEC-4.1.5,content,TEXT_EXTRACTED,UNVERIFIED
1027,1022,CH4,CAL-SEC-4.1.5,content,TEXT_EXTRACTED,UNVERIFIED
1028,1023,CH4,CAL-SEC-4.1.5,content,TEXT_EXTRACTED,UNVERIFIED
1029,1024,CH4,CAL-SEC-4.1.5,content,TEXT_EXTRACTED,UNVERIFIED
1030,1025,CH4,CAL-SEC-4.1.5,content,TEXT_EXTRACTED,UNVERIFIED
1031,1026,CH4,CAL-SEC-4.1.5,content,TEXT_EXTRACTED,UNVERIFIED
1032,1027,CH4,CAL-SEC-4.1.5,content,TEXT_EXTRACTED,UNVERIFIED
1033,1028,CH4,CAL-SEC-4.1.5,content,TEXT_EXTRACTED,UNVERIFIED
1034,1029,CH4,CAL-SEC-4.1.5,content,TEXT_EXTRACTED,UNVERIFIED
1035,1030,CH4,CAL-SEC-4.1.5,content,TEXT_EXTRACTED,UNVERIFIED
1036,1031,CH4,CAL-SEC-4.1.5,content,TEXT_EXTRACTED,UNVERIFIED
1037,1032,CH4,CAL-SEC-4.1.5,content,TEXT_EXTRACTED,UNVERIFIED
1038,1033,CH4,CAL-SEC-4.1.5,content,TEXT_EXTRACTED,UNVERIFIED
1039,1034,CH4,CAL-SEC-4.1.5,content,TEXT_EXTRACTED,UNVERIFIED
1040,1035,CH4,CAL-SEC-4.1.5,content,TEXT_EXTRACTED,UNVERIFIED
1041,1036,CH4,CAL-SEC-4.1.5,content,TEXT_EXTRACTED,UNVERIFIED
1042,1037,CH4,CAL-SEC-4.1.5,content,TEXT_EXTRACTED,UNVERIFIED
1043,1038,CH4,CAL-SEC-4.1.5,content,TEXT_EXTRACTED,UNVERIFIED
1044,1039,CH4,CAL-SEC-4.1.5,content,TEXT_EXTRACTED,UNVERIFIED
1045,1040,CH4,CAL-SEC-4.1.5,content,TEXT_EXTRACTED,UNVERIFIED
1046,1041,CH4,CAL-SEC-4.1.5,content,TEXT_EXTRACTED,UNVERIFIED
1047,1042,CH4,CAL-SEC-4.1.5,content,TEXT_EXTRACTED,UNVERIFIED
1048,1043,CH4,CAL-SEC-4.1.5,content,TEXT_EXTRACTED,UNVERIFIED
1049,1044,CH4,CAL-SEC-4.1.5,content,TEXT_EXTRACTED,UNVERIFIED
1050,1045,CH4,CAL-SEC-4.1.5,content,TEXT_EXTRACTED,UNVERIFIED
1051,1046,CH4,CAL-SEC-4.1.5,content,TEXT_EXTRACTED,UNVERIFIED
1052,1047,CH4,CAL-SEC-4.1.5,content,TEXT_EXTRACTED,UNVERIFIED
1053,1048,CH4,CAL-SEC-4.1.5,content,TEXT_EXTRACTED,UNVERIFIED
1054,1049,CH4,CAL-SEC-4.1.5,content,TEXT_EXTRACTED,UNVERIFIED
1055,1050,CH4,CAL-SEC-4.1.5,content,TEXT_EXTRACTED,UNVERIFIED
1056,1051,CH4,CAL-SEC-4.1.5,content,TEXT_EXTRACTED,UNVERIFIED
1057,1052,CH4,CAL-SEC-4.1.5,content,TEXT_EXTRACTED,UNVERIFIED
1058,1053,CH4,CAL-SEC-4.1.5,content,TEXT_EXTRACTED,UNVERIFIED
1059,1054,CH4,CAL-SEC-4.1.5,content,TEXT_EXTRACTED,UNVERIFIED
1060,1055,CH4,CAL-SEC-4.1.5,content,TEXT_EXTRACTED,UNVERIFIED
1061,1056,CH4,CAL-SEC-4.1.5,content,TEXT_EXTRACTED,UNVERIFIED
1062,1057,CH4,CAL-SEC-4.1.5,content,TEXT_EXTRACTED,UNVERIFIED
1063,1058,CH4,CAL-SEC-4.1.5,content,TEXT_EXTRACTED,UNVERIFIED
1064,1059,CH4,CAL-SEC-4.1.5,content,TEXT_EXTRACTED,UNVERIFIED
1065,1060,CH4,CAL-SEC-4.1.5,content,TEXT_EXTRACTED,UNVERIFIED
1066,1061,CH4,CAL-SEC-4.1.5,content,TEXT_EXTRACTED,UNVERIFIED
1067,1062,CH4,CAL-SEC-4.1.5,content,TEXT_EXTRACTED,UNVERIFIED
1068,1063,CH4,CAL-SEC-4.1.5,content,TEXT_EXTRACTED,UNVERIFIED
1069,1064,CH4,CAL-SEC-4.1.5,content,TEXT_EXTRACTED,UNVERIFIED
1070,1065,CH4,CAL-SEC-4.1.5,content,TEXT_EXTRACTED,UNVERIFIED
1071,1066,CH4,CAL-SEC-4.1.5,content,TEXT_EXTRACTED,UNVERIFIED
1072,1067,CH4,CAL-SEC-4.1.5,content,TEXT_EXTRACTED,UNVERIFIED
1073,1068,CH4,CAL-SEC-4.1.5,content,TEXT_EXTRACTED,UNVERIFIED
1074,1069,CH4,CAL-SEC-4.1.5,content,TEXT_EXTRACTED,UNVERIFIED
1075,1070,CH4,CAL-SEC-4.1.5,content,TEXT_EXTRACTED,UNVERIFIED
1076,1071,CH4,CAL-SEC-4.1.5,content,TEXT_EXTRACTED,UNVERIFIED
1077,1072,CH4,CAL-SEC-4.1.5,content,TEXT_EXTRACTED,UNVERIFIED
1078,1073,CH4,CAL-SEC-4.1.5,content,TEXT_EXTRACTED,UNVERIFIED
1079,1074,CH4,CAL-SEC-4.1.5,content,TEXT_EXTRACTED,UNVERIFIED
1080,1075,CH4,CAL-SEC-4.1.5,content,TEXT_EXTRACTED,UNVERIFIED
1081,1076,CH4,CAL-SEC-4.1.5,content,TEXT_EXTRACTED,UNVERIFIED
1082,1077,CH4,CAL-SEC-4.1.5,content,TEXT_EXTRACTED,UNVERIFIED
1083,1078,CH4,CAL-SEC-4.1.5,content,TEXT_EXTRACTED,UNVERIFIED
1084,1079,CH4,CAL-SEC-4.1.5,content,TEXT_EXTRACTED,UNVERIFIED
1085,1080,CH4,CAL-SEC-4.1.5,content,TEXT_EXTRACTED,UNVERIFIED
1086,1081,CH4,CAL-SEC-4.1.5,content,TEXT_EXTRACTED,UNVERIFIED
1087,1082,CH4,CAL-SEC-4.1.5,content,TEXT_EXTRACTED,UNVERIFIED
1088,1083,CH4,CAL-SEC-4.1.5,content,TEXT_EXTRACTED,UNVERIFIED
1089,1084,CH4,CAL-SEC-4.1.5,content,TEXT_EXTRACTED,UNVERIFIED
1090,1085,CH4,CAL-SEC-4.1.5,content,TEXT_EXTRACTED,UNVERIFIED
1091,1086,CH4,CAL-SEC-4.1.5,content,TEXT_EXTRACTED,UNVERIFIED
1092,1087,CH4,CAL-SEC-4.1.5,content,TEXT_EXTRACTED,UNVERIFIED
1093,1088,CH4,CAL-SEC-4.1.5,content,TEXT_EXTRACTED,UNVERIFIED
1094,1089,CH4,CAL-SEC-4.1.5,content,TEXT_EXTRACTED,UNVERIFIED
1095,1090,CH4,CAL-SEC-4.1.5,content,TEXT_EXTRACTED,UNVERIFIED
1096,1091,CH4,CAL-SEC-4.1.5,content,TEXT_EXTRACTED,UNVERIFIED
1097,1092,CH4,CAL-SEC-4.1.5,content,TEXT_EXTRACTED,UNVERIFIED
1098,1093,CH4,CAL-SEC-4.1.5,content,TEXT_EXTRACTED,UNVERIFIED
1099,1094,CH4,CAL-SEC-4.1.5,content,TEXT_EXTRACTED,UNVERIFIED
1100,1095,CH4,CAL-SEC-4.1.5,content,TEXT_EXTRACTED,UNVERIFIED
1101,1096,CH4,CAL-SEC-4.1.5,content,TEXT_EXTRACTED,UNVERIFIED
1102,1097,CH4,CAL-SEC-4.1.5,content,TEXT_EXTRACTED,UNVERIFIED
1103,1098,CH4,CAL-SEC-4.1.5,content,TEXT_EXTRACTED,UNVERIFIED
1104,1099,CH4,CAL-SEC-4.1.5,content,TEXT_EXTRACTED,UNVERIFIED
1105,1100,CH4,CAL-SEC-4.1.5,content,TEXT_EXTRACTED,UNVERIFIED
1106,1101,CH4,CAL-SEC-4.1.5,content,TEXT_EXTRACTED,UNVERIFIED
1107,1102,CH4,CAL-SEC-4.1.5,content,TEXT_EXTRACTED,UNVERIFIED
1108,1103,CH4,CAL-SEC-4.1.5,content,TEXT_EXTRACTED,UNVERIFIED
1109,1104,CH4,CAL-SEC-4.1.5,content,TEXT_EXTRACTED,UNVERIFIED
1110,1105,CH4,CAL-SEC-4.1.5,content,TEXT_EXTRACTED,UNVERIFIED
1111,1106,CH4,CAL-SEC-4.1.5,content,TEXT_EXTRACTED,UNVERIFIED
1112,1107,CH4,CAL-SEC-4.1.5,content,TEXT_EXTRACTED,UNVERIFIED
1113,1108,CH4,CAL-SEC-4.1.5,content,TEXT_EXTRACTED,UNVERIFIED
1114,1109,CH4,CAL-SEC-4.1.5,content,TEXT_EXTRACTED,UNVERIFIED
1115,1110,CH4,CAL-SEC-4.1.6,content,TEXT_EXTRACTED,UNVERIFIED
1116,1111,CH4,CAL-SEC-4.1.6,content,TEXT_EXTRACTED,UNVERIFIED
1117,1112,CH4,CAL-SEC-4.1.6,content,TEXT_EXTRACTED,UNVERIFIED
1118,1113,CH4,CAL-SEC-4.1.6,content,TEXT_EXTRACTED,UNVERIFIED
1119,1114,CH4,CAL-SEC-4.1.6,content,TEXT_EXTRACTED,UNVERIFIED
1120,1115,CH4,CAL-SEC-4.1.6,content,TEXT_EXTRACTED,UNVERIFIED
1121,1116,CH4,CAL-SEC-4.1.6,content,TEXT_EXTRACTED,UNVERIFIED
1122,1117,CH4,CAL-SEC-4.1.6,content,TEXT_EXTRACTED,UNVERIFIED
1123,1118,CH4,CAL-SEC-4.1.6,content,TEXT_EXTRACTED,UNVERIFIED
1124,1119,CH4,CAL-SEC-4.1.6,content,TEXT_EXTRACTED,UNVERIFIED
1125,1120,CH4,CAL-SEC-4.1.6,content,TEXT_EXTRACTED,UNVERIFIED
1126,1121,CH4,CAL-SEC-4.1.6,content,TEXT_EXTRACTED,UNVERIFIED
1127,1122,CH4,CAL-SEC-4.1.6,content,TEXT_EXTRACTED,UNVERIFIED
1128,1123,CH4,CAL-SEC-4.1.6,content,TEXT_EXTRACTED,UNVERIFIED
1129,1124,CH4,CAL-SEC-4.1.6,content,TEXT_EXTRACTED,UNVERIFIED
1130,1125,CH4,CAL-SEC-4.1.6,content,TEXT_EXTRACTED,UNVERIFIED
1131,1126,CH4,CAL-SEC-4.1.6,content,TEXT_EXTRACTED,UNVERIFIED
1132,1127,CH4,CAL-SEC-4.1.6,content,TEXT_EXTRACTED,UNVERIFIED
1133,1128,CH4,CAL-SEC-4.1.6,content,TEXT_EXTRACTED,UNVERIFIED
1134,1129,CH4,CAL-SEC-4.1.6,content,TEXT_EXTRACTED,UNVERIFIED
1135,1130,CH4,CAL-SEC-4.1.6,content,TEXT_EXTRACTED,UNVERIFIED
1136,1131,CH4,CAL-SEC-4.1.6,content,TEXT_EXTRACTED,UNVERIFIED
1137,1132,CH4,CAL-SEC-4.1.6,content,TEXT_EXTRACTED,UNVERIFIED
1138,1133,CH4,CAL-SEC-4.1.6,content,TEXT_EXTRACTED,UNVERIFIED
1139,1134,CH4,CAL-SEC-4.1.6,content,TEXT_EXTRACTED,UNVERIFIED
1140,1135,CH4,CAL-SEC-4.1.6,content,TEXT_EXTRACTED,UNVERIFIED
1141,1136,CH4,CAL-SEC-4.1.6,content,TEXT_EXTRACTED,UNVERIFIED
1142,1137,CH4,CAL-SEC-4.1.6,content,TEXT_EXTRACTED,UNVERIFIED
1143,1138,CH4,CAL-SEC-4.1.6,content,TEXT_EXTRACTED,UNVERIFIED
1144,1139,CH4,CAL-SEC-4.1.6,content,TEXT_EXTRACTED,UNVERIFIED
1145,1140,CH4,CAL-SEC-4.1.6,content,TEXT_EXTRACTED,UNVERIFIED
1146,1141,CH4,CAL-SEC-4.1.6,content,TEXT_EXTRACTED,UNVERIFIED
1147,1142,CH4,CAL-SEC-4.1.6,content,TEXT_EXTRACTED,UNVERIFIED
1148,1143,CH4,CAL-SEC-4.1.6,content,TEXT_EXTRACTED,UNVERIFIED
1149,1144,CH4,CAL-SEC-4.1.6,content,TEXT_EXTRACTED,UNVERIFIED
1150,1145,CH4,CAL-SEC-4.1.6,content,TEXT_EXTRACTED,UNVERIFIED
1151,1146,CH4,CAL-SEC-4.1.6,content,TEXT_EXTRACTED,UNVERIFIED
1152,1147,CH4,CAL-SEC-4.1.6,content,TEXT_EXTRACTED,UNVERIFIED
1153,1148,CH4,CAL-SEC-4.1.6,content,TEXT_EXTRACTED,UNVERIFIED
1154,1149,CH4,CAL-SEC-4.1.6,content,TEXT_EXTRACTED,UNVERIFIED
1155,1150,CH4,CAL-SEC-4.1.6,content,TEXT_EXTRACTED,UNVERIFIED
1156,1151,CH4,CAL-SEC-4.1.6,content,TEXT_EXTRACTED,UNVERIFIED
1157,1152,CH4,CAL-SEC-4.1.6,content,TEXT_EXTRACTED,UNVERIFIED
1158,1153,CH4,CAL-SEC-4.1.6,content,TEXT_EXTRACTED,UNVERIFIED
1159,1154,CH4,CAL-SEC-4.1.6,content,TEXT_EXTRACTED,UNVERIFIED
1160,1155,CH4,CAL-SEC-4.1.6,content,TEXT_EXTRACTED,UNVERIFIED
1161,1156,CH4,CAL-SEC-4.1.6,content,TEXT_EXTRACTED,UNVERIFIED
1162,1157,CH4,CAL-SEC-4.1.6,content,TEXT_EXTRACTED,UNVERIFIED
1163,1158,CH4,CAL-SEC-4.1.6,content,TEXT_EXTRACTED,UNVERIFIED
1164,1159,CH4,CAL-SEC-4.1.6,content,TEXT_EXTRACTED,UNVERIFIED
1165,1160,CH4,CAL-SEC-4.1.6,content,TEXT_EXTRACTED,UNVERIFIED
1166,1161,CH4,CAL-SEC-4.1.6,content,TEXT_EXTRACTED,UNVERIFIED
1167,1162,CH4,CAL-SEC-4.1.6,content,TEXT_EXTRACTED,UNVERIFIED
1168,1163,CH4,CAL-SEC-4.1.6,content,TEXT_EXTRACTED,UNVERIFIED
1169,1164,CH4,CAL-SEC-4.1.6,content,TEXT_EXTRACTED,UNVERIFIED
1170,1165,CH4,CAL-SEC-4.1.6,content,TEXT_EXTRACTED,UNVERIFIED
1171,1166,CH4,CAL-SEC-4.1.6,content,TEXT_EXTRACTED,UNVERIFIED
1172,1167,CH4,CAL-SEC-4.1.6,content,TEXT_EXTRACTED,UNVERIFIED
1173,1168,CH4,CAL-SEC-4.1.6,content,TEXT_EXTRACTED,UNVERIFIED
1174,1169,CH4,CAL-SEC-4.1.6,content,TEXT_EXTRACTED,UNVERIFIED
1175,1170,CH4,CAL-SEC-4.1.6,content,TEXT_EXTRACTED,UNVERIFIED
1176,1171,CH4,CAL-SEC-4.1.6,content,TEXT_EXTRACTED,UNVERIFIED
1177,1172,CH4,CAL-SEC-4.1.6,content,TEXT_EXTRACTED,UNVERIFIED
1178,1173,CH4,CAL-SEC-4.1.6,content,TEXT_EXTRACTED,UNVERIFIED
1179,1174,CH4,CAL-SEC-4.1.6,content,TEXT_EXTRACTED,UNVERIFIED
1180,1175,CH4,CAL-SEC-4.1.6,content,TEXT_EXTRACTED,UNVERIFIED
1181,1176,CH4,CAL-SEC-4.1.6,content,TEXT_EXTRACTED,UNVERIFIED
1182,1177,CH4,CAL-SEC-4.1.6,content,TEXT_EXTRACTED,UNVERIFIED
1183,1178,CH4,CAL-SEC-4.1.6,content,TEXT_EXTRACTED,UNVERIFIED
1184,1179,CH4,CAL-SEC-4.1.6,content,TEXT_EXTRACTED,UNVERIFIED
1185,1180,CH4,CAL-SEC-4.1.6,content,TEXT_EXTRACTED,UNVERIFIED
1186,1181,CH4,CAL-SEC-4.1.6,content,TEXT_EXTRACTED,UNVERIFIED
1187,1182,CH4,CAL-SEC-4.1.6,content,TEXT_EXTRACTED,UNVERIFIED
1188,1183,CH4,CAL-SEC-4.1.6,content,TEXT_EXTRACTED,UNVERIFIED
1189,1184,CH4,CAL-SEC-4.1.6,content,TEXT_EXTRACTED,UNVERIFIED
1190,1185,CH4,CAL-SEC-4.1.6,content,TEXT_EXTRACTED,UNVERIFIED
1191,1186,CH4,CAL-SEC-4.1.6,content,TEXT_EXTRACTED,UNVERIFIED
1192,1187,CH4,CAL-SEC-4.1.6,content,TEXT_EXTRACTED,UNVERIFIED
1193,1188,CH4,CAL-SEC-4.1.6,content,TEXT_EXTRACTED,UNVERIFIED
1194,1189,CH4,CAL-SEC-4.1.6,content,TEXT_EXTRACTED,UNVERIFIED
1195,1190,CH4,CAL-SEC-4.1.6,content,TEXT_EXTRACTED,UNVERIFIED
1196,1191,CH4,CAL-SEC-4.1.6,content,TEXT_EXTRACTED,UNVERIFIED
1197,1192,CH4,CAL-SEC-4.1.6,content,TEXT_EXTRACTED,UNVERIFIED
1198,1193,CH4,CAL-SEC-4.1.6,content,TEXT_EXTRACTED,UNVERIFIED
1199,1194,CH4,CAL-SEC-4.1.6,content,TEXT_EXTRACTED,UNVERIFIED
1200,1195,CH4,CAL-SEC-4.1.6,content,TEXT_EXTRACTED,UNVERIFIED
1201,1196,CH4,CAL-SEC-4.1.6,content,TEXT_EXTRACTED,UNVERIFIED
1202,1197,CH4,CAL-SEC-4.1.6,content,TEXT_EXTRACTED,UNVERIFIED
1203,1198,CH4,CAL-SEC-4.1.6,content,TEXT_EXTRACTED,UNVERIFIED
1204,1199,CH4,CAL-SEC-4.1.6,content,TEXT_EXTRACTED,UNVERIFIED
1205,1200,CH4,CAL-SEC-4.1.6,content,TEXT_EXTRACTED,UNVERIFIED
1206,1201,CH4,CAL-SEC-4.1.6,content,TEXT_EXTRACTED,UNVERIFIED
1207,1202,CH4,CAL-SEC-4.1.6,content,TEXT_EXTRACTED,UNVERIFIED
1208,1203,CH4,CAL-SEC-4.1.6,content,TEXT_EXTRACTED,UNVERIFIED
1209,1204,CH4,CAL-SEC-4.1.6,content,TEXT_EXTRACTED,UNVERIFIED
1210,1205,CH4,CAL-SEC-4.1.6,content,TEXT_EXTRACTED,UNVERIFIED
1211,1206,CH4,CAL-SEC-4.1.6,content,TEXT_EXTRACTED,UNVERIFIED
1212,1207,CH4,CAL-SEC-4.1.6,content,TEXT_EXTRACTED,UNVERIFIED
1213,1208,CH4,CAL-SEC-4.1.6,content,TEXT_EXTRACTED,UNVERIFIED
1214,1209,CH4,CAL-SEC-4.1.6,content,TEXT_EXTRACTED,UNVERIFIED
1215,1210,CH4,CAL-SEC-4.1.6,content,TEXT_EXTRACTED,UNVERIFIED
1216,1211,CH4,CAL-SEC-4.1.6,content,TEXT_EXTRACTED,UNVERIFIED
1217,1212,CH4,CAL-SEC-4.1.6,content,TEXT_EXTRACTED,UNVERIFIED
1218,1213,CH4,CAL-SEC-4.1.6,content,TEXT_EXTRACTED,UNVERIFIED
1219,1214,CH4,CAL-SEC-4.1.6,content,TEXT_EXTRACTED,UNVERIFIED
1220,1215,CH4,CAL-SEC-4.1.6,content,TEXT_EXTRACTED,UNVERIFIED
1221,1216,CH4,CAL-SEC-4.1.6,content,TEXT_EXTRACTED,UNVERIFIED
1222,1217,CH4,CAL-SEC-4.1.6,content,TEXT_EXTRACTED,UNVERIFIED
1223,1218,CH4,CAL-SEC-4.1.6,content,TEXT_EXTRACTED,UNVERIFIED
1224,1219,CH4,CAL-SEC-4.1.6,content,TEXT_EXTRACTED,UNVERIFIED
1225,1220,CH4,CAL-SEC-4.1.6,content,TEXT_EXTRACTED,UNVERIFIED
1226,1221,CH4,CAL-SEC-4.1.6,content,TEXT_EXTRACTED,UNVERIFIED
1227,1222,CH4,CAL-SEC-4.1.6,content,TEXT_EXTRACTED,UNVERIFIED
1228,1223,CH4,CAL-SEC-4.1.6,content,TEXT_EXTRACTED,UNVERIFIED
1229,1224,CH4,CAL-SEC-4.1.6,content,TEXT_EXTRACTED,UNVERIFIED
1230,1225,CH4,CAL-SEC-4.1.6,content,TEXT_EXTRACTED,UNVERIFIED
1231,1226,CH4,CAL-SEC-4.1.6,content,TEXT_EXTRACTED,UNVERIFIED
1232,1227,CH4,CAL-SEC-4.1.6,content,TEXT_EXTRACTED,UNVERIFIED
1233,1228,CH4,CAL-SEC-4.1.6,content,TEXT_EXTRACTED,UNVERIFIED
1234,1229,CH4,CAL-SEC-4.1.6,content,TEXT_EXTRACTED,UNVERIFIED
1235,1230,CH4,CAL-SEC-4.1.6,content,TEXT_EXTRACTED,UNVERIFIED
1236,1231,CH4,CAL-SEC-4.1.6,content,TEXT_EXTRACTED,UNVERIFIED
1237,1232,CH4,CAL-SEC-4.1.6,content,TEXT_EXTRACTED,UNVERIFIED
1238,1233,CH4,CAL-SEC-4.1.6,content,TEXT_EXTRACTED,UNVERIFIED
1239,1234,CH4,CAL-SEC-4.1.6,content,TEXT_EXTRACTED,UNVERIFIED
1240,1235,CH4,CAL-SEC-4.1.6,content,TEXT_EXTRACTED,UNVERIFIED
1241,1236,CH4,CAL-SEC-4.1.6,content,TEXT_EXTRACTED,UNVERIFIED
1242,1237,CH4,CAL-SEC-4.1.6,content,TEXT_EXTRACTED,UNVERIFIED
1243,1238,CH4,CAL-SEC-4.1.6,content,TEXT_EXTRACTED,UNVERIFIED
1244,1239,CH4,CAL-SEC-4.1.6,content,TEXT_EXTRACTED,UNVERIFIED
1245,1240,CH4,CAL-SEC-4.1.6,content,TEXT_EXTRACTED,UNVERIFIED
1246,1241,CH4,CAL-SEC-4.1.6,content,TEXT_EXTRACTED,UNVERIFIED
1247,1242,CH4,CAL-SEC-4.1.6,content,TEXT_EXTRACTED,UNVERIFIED
1248,1243,CH4,CAL-SEC-4.1.6,content,TEXT_EXTRACTED,UNVERIFIED
1249,1244,CH4,CAL-SEC-4.1.6,content,TEXT_EXTRACTED,UNVERIFIED
1250,1245,CH4,CAL-SEC-4.1.6,content,TEXT_EXTRACTED,UNVERIFIED
1251,1246,CH4,CAL-SEC-4.1.6,content,TEXT_EXTRACTED,UNVERIFIED
1252,1247,CH4,CAL-SEC-4.1.6,content,TEXT_EXTRACTED,UNVERIFIED
1253,1248,CH4,CAL-SEC-4.1.6,content,TEXT_EXTRACTED,UNVERIFIED
1254,1249,CH4,CAL-SEC-4.1.6,content,TEXT_EXTRACTED,UNVERIFIED
1255,1250,CH4,CAL-SEC-4.1.6,content,TEXT_EXTRACTED,UNVERIFIED
1256,1251,CH4,CAL-SEC-4.1.6,content,TEXT_EXTRACTED,UNVERIFIED
1257,1252,CH4,CAL-SEC-4.1.6,content,TEXT_EXTRACTED,UNVERIFIED
1258,1253,CH4,CAL-SEC-4.1.6,content,TEXT_EXTRACTED,UNVERIFIED
1259,1254,CH4,CAL-SEC-4.1.6,content,TEXT_EXTRACTED,UNVERIFIED
1260,1255,CH4,CAL-SEC-4.1.6,content,TEXT_EXTRACTED,UNVERIFIED
1261,1256,CH4,CAL-SEC-4.1.6,content,TEXT_EXTRACTED,UNVERIFIED
1262,1257,CH4,CAL-SEC-4.1.6,content,TEXT_EXTRACTED,UNVERIFIED
1263,1258,CH4,CAL-SEC-4.1.6,content,TEXT_EXTRACTED,UNVERIFIED
1264,1259,CH4,CAL-SEC-4.1.6,content,TEXT_EXTRACTED,UNVERIFIED
1265,1260,CH4,CAL-SEC-4.1.6,content,TEXT_EXTRACTED,UNVERIFIED
1266,1261,CH4,CAL-SEC-4.1.7,content,TEXT_EXTRACTED,UNVERIFIED
1267,1262,CH4,CAL-SEC-4.1.7,content,TEXT_EXTRACTED,UNVERIFIED
1268,1263,CH4,CAL-SEC-4.1.7,content,TEXT_EXTRACTED,UNVERIFIED
1269,1264,CH4,CAL-SEC-4.1.7,content,TEXT_EXTRACTED,UNVERIFIED
1270,1265,CH4,CAL-SEC-4.1.7,content,TEXT_EXTRACTED,UNVERIFIED
1271,1266,CH4,CAL-SEC-4.1.7,content,TEXT_EXTRACTED,UNVERIFIED
1272,1267,CH4,CAL-SEC-4.1.7,content,TEXT_EXTRACTED,UNVERIFIED
1273,1268,CH4,CAL-SEC-4.1.7,content,TEXT_EXTRACTED,UNVERIFIED
1274,1269,CH4,CAL-SEC-4.1.7,content,TEXT_EXTRACTED,UNVERIFIED
1275,1270,CH4,CAL-SEC-4.1.7,content,TEXT_EXTRACTED,UNVERIFIED
1276,1271,CH4,CAL-SEC-4.1.7,content,TEXT_EXTRACTED,UNVERIFIED
1277,1272,CH4,CAL-SEC-4.1.7,content,TEXT_EXTRACTED,UNVERIFIED
1278,1273,CH4,CAL-SEC-4.1.7,content,TEXT_EXTRACTED,UNVERIFIED
1279,1274,CH4,CAL-SEC-4.1.7,content,TEXT_EXTRACTED,UNVERIFIED
1280,1275,CH4,CAL-SEC-4.1.7,content,TEXT_EXTRACTED,UNVERIFIED
1281,1276,CH4,CAL-SEC-4.1.7,content,TEXT_EXTRACTED,UNVERIFIED
1282,1277,CH4,CAL-SEC-4.1.7,content,TEXT_EXTRACTED,UNVERIFIED
1283,1278,CH4,CAL-SEC-4.2,content,TEXT_EXTRACTED,UNVERIFIED
1284,1279,CH4,CAL-SEC-4.2.1,content,TEXT_EXTRACTED,UNVERIFIED
1285,1280,CH4,CAL-SEC-4.2.1,content,TEXT_EXTRACTED,UNVERIFIED
1286,1281,CH4,CAL-SEC-4.2.1,content,TEXT_EXTRACTED,UNVERIFIED
1287,1282,CH4,CAL-SEC-4.2.1,content,TEXT_EXTRACTED,UNVERIFIED
1288,1283,CH4,CAL-SEC-4.2.1,content,TEXT_EXTRACTED,UNVERIFIED
1289,1284,CH4,CAL-SEC-4.2.1,content,TEXT_EXTRACTED,UNVERIFIED
1290,1285,CH4,CAL-SEC-4.2.1,content,TEXT_EXTRACTED,UNVERIFIED
1291,1286,CH4,CAL-SEC-4.2.1,content,TEXT_EXTRACTED,UNVERIFIED
1292,1287,CH4,CAL-SEC-4.2.2,content,TEXT_EXTRACTED,UNVERIFIED
1293,1288,CH4,CAL-SEC-4.2.2,content,TEXT_EXTRACTED,UNVERIFIED
1294,1289,CH4,CAL-SEC-4.2.2,content,TEXT_EXTRACTED,UNVERIFIED
1295,1290,CH4,CAL-SEC-4.2.2,content,TEXT_EXTRACTED,UNVERIFIED
1296,1291,CH4,CAL-SEC-4.2.2,content,TEXT_EXTRACTED,UNVERIFIED
1297,1292,CH4,CAL-SEC-4.2.2,content,TEXT_EXTRACTED,UNVERIFIED
1298,1293,CH4,CAL-SEC-4.2.2,content,TEXT_EXTRACTED,UNVERIFIED
1299,1294,CH4,CAL-SEC-4.2.3,content,TEXT_EXTRACTED,UNVERIFIED
1300,1295,CH4,CAL-SEC-4.2.3,content,TEXT_EXTRACTED,UNVERIFIED
1301,1296,CH4,CAL-SEC-4.2.3,content,TEXT_EXTRACTED,UNVERIFIED
1302,1297,CH4,CAL-SEC-4.2.3,content,TEXT_EXTRACTED,UNVERIFIED
1303,1298,CH4,CAL-SEC-4.2.3,content,TEXT_EXTRACTED,UNVERIFIED
1304,1299,CH4,CAL-SEC-4.2.3,content,TEXT_EXTRACTED,UNVERIFIED
1305,1300,CH4,CAL-SEC-4.2.3,content,TEXT_EXTRACTED,UNVERIFIED
1306,1301,CH4,CAL-SEC-4.2.3,content,TEXT_EXTRACTED,UNVERIFIED
1307,1302,CH4,CAL-SEC-4.2.3,content,TEXT_EXTRACTED,UNVERIFIED
1308,1303,CH4,CAL-SEC-4.2.3,content,TEXT_EXTRACTED,UNVERIFIED
1309,1304,CH4,CAL-SEC-4.2.3,content,TEXT_EXTRACTED,UNVERIFIED
1310,1305,CH4,CAL-SEC-4.2.3,content,TEXT_EXTRACTED,UNVERIFIED
1311,1306,CH4,CAL-SEC-4.2.3,content,TEXT_EXTRACTED,UNVERIFIED
1312,1307,CH4,CAL-SEC-4.2.3,content,TEXT_EXTRACTED,UNVERIFIED
1313,1308,CH4,CAL-SEC-4.2.3,content,TEXT_EXTRACTED,UNVERIFIED
1314,1309,CH4,CAL-SEC-4.2.3,content,TEXT_EXTRACTED,UNVERIFIED
1315,1310,CH4,CAL-SEC-4.2.3,content,TEXT_EXTRACTED,UNVERIFIED
1316,1311,CH4,CAL-SEC-4.2.3,content,TEXT_EXTRACTED,UNVERIFIED
1317,1312,CH4,CAL-SEC-4.2.3,content,TEXT_EXTRACTED,UNVERIFIED
1318,1313,CH4,CAL-SEC-4.2.3,content,TEXT_EXTRACTED,UNVERIFIED
1319,1314,CH4,CAL-SEC-4.2.3,content,TEXT_EXTRACTED,UNVERIFIED
1320,1315,CH4,CAL-SEC-4.2.3,content,TEXT_EXTRACTED,UNVERIFIED
1321,1316,CH4,CAL-SEC-4.2.3,content,TEXT_EXTRACTED,UNVERIFIED
1322,1317,CH4,CAL-SEC-4.2.3,content,TEXT_EXTRACTED,UNVERIFIED
1323,1318,CH4,CAL-SEC-4.2.4,content,TEXT_EXTRACTED,UNVERIFIED
1324,1319,CH4,CAL-SEC-4.2.4,content,TEXT_EXTRACTED,UNVERIFIED
1325,1320,CH4,CAL-SEC-4.2.4,content,TEXT_EXTRACTED,UNVERIFIED
1326,1321,CH4,CAL-SEC-4.2.4,content,TEXT_EXTRACTED,UNVERIFIED
1327,1322,CH4,CAL-SEC-4.2.4,content,TEXT_EXTRACTED,UNVERIFIED
1328,1323,CH4,CAL-SEC-4.2.4,content,TEXT_EXTRACTED,UNVERIFIED
1329,1324,CH4,CAL-SEC-4.2.4,content,TEXT_EXTRACTED,UNVERIFIED
1330,1325,CH4,CAL-SEC-4.2.4,content,TEXT_EXTRACTED,UNVERIFIED
1331,1326,CH4,CAL-SEC-4.2.4,content,TEXT_EXTRACTED,UNVERIFIED
1332,1327,CH4,CAL-SEC-4.2.4,content,TEXT_EXTRACTED,UNVERIFIED
1333,1328,CH4,CAL-SEC-4.2.4,content,TEXT_EXTRACTED,UNVERIFIED
1334,1329,CH4,CAL-SEC-4.2.4,content,TEXT_EXTRACTED,UNVERIFIED
1335,1330,CH4,CAL-SEC-4.2.4,content,TEXT_EXTRACTED,UNVERIFIED
1336,1331,CH4,CAL-SEC-4.2.4,content,TEXT_EXTRACTED,UNVERIFIED
1337,1332,CH4,CAL-SEC-4.2.4,content,TEXT_EXTRACTED,UNVERIFIED
1338,1333,CH4,CAL-SEC-4.2.4,content,TEXT_EXTRACTED,UNVERIFIED
1339,1334,CH4,CAL-SEC-4.2.4,content,TEXT_EXTRACTED,UNVERIFIED
1340,1335,CH4,CAL-SEC-4.2.4,content,TEXT_EXTRACTED,UNVERIFIED
1341,1336,CH4,CAL-SEC-4.2.4,content,TEXT_EXTRACTED,UNVERIFIED
1342,1337,CH4,CAL-SEC-4.2.4,content,TEXT_EXTRACTED,UNVERIFIED
1343,1338,CH4,CAL-SEC-4.2.4,content,TEXT_EXTRACTED,UNVERIFIED
1344,1339,CH4,CAL-SEC-4.2.4,content,TEXT_EXTRACTED,UNVERIFIED
1345,1340,CH4,CAL-SEC-4.2.4,content,TEXT_EXTRACTED,UNVERIFIED
1346,1341,CH4,CAL-SEC-4.2.4,content,TEXT_EXTRACTED,UNVERIFIED
1347,1342,CH4,CAL-SEC-4.2.4,content,TEXT_EXTRACTED,UNVERIFIED
1348,1343,CH4,CAL-SEC-4.2.4,content,TEXT_EXTRACTED,UNVERIFIED
1349,1344,CH4,CAL-SEC-4.2.4,content,TEXT_EXTRACTED,UNVERIFIED
1350,1345,CH4,CAL-SEC-4.2.4,content,TEXT_EXTRACTED,UNVERIFIED
1351,1346,CH4,CAL-SEC-4.2.4,content,TEXT_EXTRACTED,UNVERIFIED
1352,1347,CH4,CAL-SEC-4.2.4,content,TEXT_EXTRACTED,UNVERIFIED
1353,1348,CH4,CAL-SEC-4.2.4,content,TEXT_EXTRACTED,UNVERIFIED
1354,1349,CH4,CAL-SEC-4.2.4,content,TEXT_EXTRACTED,UNVERIFIED
1355,1350,CH4,CAL-SEC-4.2.4,content,TEXT_EXTRACTED,UNVERIFIED
1356,1351,CH4,CAL-SEC-4.2.4,content,TEXT_EXTRACTED,UNVERIFIED
1357,1352,CH4,CAL-SEC-4.2.4,content,TEXT_EXTRACTED,UNVERIFIED
1358,1353,CH4,CAL-SEC-4.2.4,content,TEXT_EXTRACTED,UNVERIFIED
1359,1354,CH4,CAL-SEC-4.2.4,content,TEXT_EXTRACTED,UNVERIFIED
1360,1355,CH4,CAL-SEC-4.2.4,content,TEXT_EXTRACTED,UNVERIFIED
1361,1356,CH4,CAL-SEC-4.2.4,content,TEXT_EXTRACTED,UNVERIFIED
1362,1357,CH4,CAL-SEC-4.2.4,content,TEXT_EXTRACTED,UNVERIFIED
1363,1358,CH4,CAL-SEC-4.2.4,content,TEXT_EXTRACTED,UNVERIFIED
1364,1359,CH4,CAL-SEC-4.2.4,content,TEXT_EXTRACTED,UNVERIFIED
1365,1360,CH4,CAL-SEC-4.2.4,content,TEXT_EXTRACTED,UNVERIFIED
1366,1361,CH4,CAL-SEC-4.2.4,content,TEXT_EXTRACTED,UNVERIFIED
1367,1362,CH4,CAL-SEC-4.2.4,content,TEXT_EXTRACTED,UNVERIFIED
1368,1363,CH4,CAL-SEC-4.2.4,content,TEXT_EXTRACTED,UNVERIFIED
1369,1364,CH4,CAL-SEC-4.2.4,content,TEXT_EXTRACTED,UNVERIFIED
1370,1365,CH4,CAL-SEC-4.2.4,content,TEXT_EXTRACTED,UNVERIFIED
1371,1366,CH4,CAL-SEC-4.2.4,content,TEXT_EXTRACTED,UNVERIFIED
1372,1367,CH4,CAL-SEC-4.2.4,content,TEXT_EXTRACTED,UNVERIFIED
1373,1368,CH4,CAL-SEC-4.2.4,content,TEXT_EXTRACTED,UNVERIFIED
1374,1369,CH4,CAL-SEC-4.2.4,content,TEXT_EXTRACTED,UNVERIFIED
1375,1370,CH4,CAL-SEC-4.2.4,content,TEXT_EXTRACTED,UNVERIFIED
1376,1371,CH4,CAL-SEC-4.2.4,content,TEXT_EXTRACTED,UNVERIFIED
1377,1372,CH4,CAL-SEC-4.2.4,content,TEXT_EXTRACTED,UNVERIFIED
1378,1373,CH4,CAL-SEC-4.2.4,content,TEXT_EXTRACTED,UNVERIFIED
1379,1374,CH4,CAL-SEC-4.2.4,content,TEXT_EXTRACTED,UNVERIFIED
1380,1375,CH4,CAL-SEC-4.2.4,content,TEXT_EXTRACTED,UNVERIFIED
1381,1376,CH4,CAL-SEC-4.2.4,content,TEXT_EXTRACTED,UNVERIFIED
1382,1377,CH4,CAL-SEC-4.2.4,content,TEXT_EXTRACTED,UNVERIFIED
1383,1378,CH4,CAL-SEC-4.2.4,content,TEXT_EXTRACTED,UNVERIFIED
1384,1379,CH4,CAL-SEC-4.2.4,content,TEXT_EXTRACTED,UNVERIFIED
1385,1380,CH4,CAL-SEC-4.2.4,content,TEXT_EXTRACTED,UNVERIFIED
1386,1381,CH4,CAL-SEC-4.2.4,content,TEXT_EXTRACTED,UNVERIFIED
1387,1382,CH4,CAL-SEC-4.2.4,content,TEXT_EXTRACTED,UNVERIFIED
1388,1383,CH4,CAL-SEC-4.2.4,content,TEXT_EXTRACTED,UNVERIFIED
1389,1384,CH4,CAL-SEC-4.2.4,content,TEXT_EXTRACTED,UNVERIFIED
1390,1385,CH4,CAL-SEC-4.2.4,content,TEXT_EXTRACTED,UNVERIFIED
1391,1386,CH4,CAL-SEC-4.2.4,content,TEXT_EXTRACTED,UNVERIFIED
1392,1387,CH4,CAL-SEC-4.2.4,content,TEXT_EXTRACTED,UNVERIFIED
1393,1388,CH4,CAL-SEC-4.2.4,content,TEXT_EXTRACTED,UNVERIFIED
1394,1389,CH4,CAL-SEC-4.2.4,content,TEXT_EXTRACTED,UNVERIFIED
1395,1390,CH4,CAL-SEC-4.2.4,content,TEXT_EXTRACTED,UNVERIFIED
1396,1391,CH4,CAL-SEC-4.2.4,content,TEXT_EXTRACTED,UNVERIFIED
1397,1392,CH4,CAL-SEC-4.2.4,content,TEXT_EXTRACTED,UNVERIFIED
1398,1393,CH4,CAL-SEC-4.2.4,content,TEXT_EXTRACTED,UNVERIFIED
1399,1394,CH4,CAL-SEC-4.2.4,content,TEXT_EXTRACTED,UNVERIFIED
1400,1395,CH4,CAL-SEC-4.2.4,content,TEXT_EXTRACTED,UNVERIFIED
1401,1396,CH4,CAL-SEC-4.2.4,content,TEXT_EXTRACTED,UNVERIFIED
1402,1397,CH4,CAL-SEC-4.2.4,content,TEXT_EXTRACTED,UNVERIFIED
1403,1398,CH4,CAL-SEC-4.2.4,content,TEXT_EXTRACTED,UNVERIFIED
1404,1399,CH4,CAL-SEC-4.2.4,content,TEXT_EXTRACTED,UNVERIFIED
1405,1400,CH4,CAL-SEC-4.2.4,content,TEXT_EXTRACTED,UNVERIFIED
1406,1401,CH4,CAL-SEC-4.2.4,content,TEXT_EXTRACTED,UNVERIFIED
1407,1402,CH4,CAL-SEC-4.2.4,content,TEXT_EXTRACTED,UNVERIFIED
1408,1403,CH4,CAL-SEC-4.2.4,content,TEXT_EXTRACTED,UNVERIFIED
1409,1404,CH4,CAL-SEC-4.2.4,content,TEXT_EXTRACTED,UNVERIFIED
1410,1405,CH4,CAL-SEC-4.2.4,content,TEXT_EXTRACTED,UNVERIFIED
1411,1406,CH4,CAL-SEC-4.2.4,content,TEXT_EXTRACTED,UNVERIFIED
1412,1407,CH4,CAL-SEC-4.2.4,content,TEXT_EXTRACTED,UNVERIFIED
1413,1408,CH4,CAL-SEC-4.2.4,content,TEXT_EXTRACTED,UNVERIFIED
1414,1409,CH4,CAL-SEC-4.2.4,content,TEXT_EXTRACTED,UNVERIFIED
1415,1410,CH4,CAL-SEC-4.2.4,content,TEXT_EXTRACTED,UNVERIFIED
1416,1411,CH4,CAL-SEC-4.2.4,content,TEXT_EXTRACTED,UNVERIFIED
1417,1412,CH4,CAL-SEC-4.2.4,content,TEXT_EXTRACTED,UNVERIFIED
1418,1413,CH4,CAL-SEC-4.2.4,content,TEXT_EXTRACTED,UNVERIFIED
1419,1414,CH4,CAL-SEC-4.2.4,content,TEXT_EXTRACTED,UNVERIFIED
1420,1415,CH4,CAL-SEC-4.2.4,content,TEXT_EXTRACTED,UNVERIFIED
1421,1416,CH4,CAL-SEC-4.2.4,content,TEXT_EXTRACTED,UNVERIFIED
1422,1417,CH4,CAL-SEC-4.2.4,content,TEXT_EXTRACTED,UNVERIFIED
1423,1418,CH4,CAL-SEC-4.2.4,content,TEXT_EXTRACTED,UNVERIFIED
1424,1419,CH4,CAL-SEC-4.2.4,content,TEXT_EXTRACTED,UNVERIFIED
1425,1420,CH4,CAL-SEC-4.2.4,content,TEXT_EXTRACTED,UNVERIFIED
1426,1421,CH4,CAL-SEC-4.2.4,content,TEXT_EXTRACTED,UNVERIFIED
1427,1422,CH4,CAL-SEC-4.2.4,content,TEXT_EXTRACTED,UNVERIFIED
1428,1423,CH4,CAL-SEC-4.2.4,content,TEXT_EXTRACTED,UNVERIFIED
1429,1424,CH4,CAL-SEC-4.2.4,content,TEXT_EXTRACTED,UNVERIFIED
1430,1425,CH4,CAL-SEC-4.2.4,content,TEXT_EXTRACTED,UNVERIFIED
1431,1426,CH4,CAL-SEC-4.2.4,content,TEXT_EXTRACTED,UNVERIFIED
1432,1427,CH4,CAL-SEC-4.2.4,content,TEXT_EXTRACTED,UNVERIFIED
1433,1428,CH4,CAL-SEC-4.2.4,content,TEXT_EXTRACTED,UNVERIFIED
1434,1429,CH4,CAL-SEC-4.2.4,content,TEXT_EXTRACTED,UNVERIFIED
1435,1430,CH4,CAL-SEC-4.2.4,content,TEXT_EXTRACTED,UNVERIFIED
1436,1431,CH4,CAL-SEC-4.2.4,content,TEXT_EXTRACTED,UNVERIFIED
1437,1432,CH4,CAL-SEC-4.2.4,content,TEXT_EXTRACTED,UNVERIFIED
1438,1433,CH4,CAL-SEC-4.2.4,content,TEXT_EXTRACTED,UNVERIFIED
1439,1434,CH4,CAL-SEC-4.2.4,content,TEXT_EXTRACTED,UNVERIFIED
1440,1435,CH4,CAL-SEC-4.2.4,content,TEXT_EXTRACTED,UNVERIFIED
1441,1436,CH4,CAL-SEC-4.2.4,content,TEXT_EXTRACTED,UNVERIFIED
1442,1437,CH4,CAL-SEC-4.2.4,content,TEXT_EXTRACTED,UNVERIFIED
1443,1438,CH4,CAL-SEC-4.2.4,content,TEXT_EXTRACTED,UNVERIFIED
1444,1439,CH4,CAL-SEC-4.2.4,content,TEXT_EXTRACTED,UNVERIFIED
1445,1440,CH4,CAL-SEC-4.2.4,content,TEXT_EXTRACTED,UNVERIFIED
1446,1441,CH4,CAL-SEC-4.2.4,content,TEXT_EXTRACTED,UNVERIFIED
1447,1442,CH4,CAL-SEC-4.2.4,content,TEXT_EXTRACTED,UNVERIFIED
1448,1443,CH4,CAL-SEC-4.2.4,content,TEXT_EXTRACTED,UNVERIFIED
1449,1444,CH4,CAL-SEC-4.2.4,content,TEXT_EXTRACTED,UNVERIFIED
1450,1445,CH4,CAL-SEC-4.2.4,content,TEXT_EXTRACTED,UNVERIFIED
1451,1446,CH4,CAL-SEC-4.2.4,content,TEXT_EXTRACTED,UNVERIFIED
1452,1447,CH4,CAL-SEC-4.2.4,content,TEXT_EXTRACTED,UNVERIFIED
1453,1448,CH4,CAL-SEC-4.2.4,content,TEXT_EXTRACTED,UNVERIFIED
1454,1449,CH4,CAL-SEC-4.2.4,content,TEXT_EXTRACTED,UNVERIFIED
1455,1450,CH4,CAL-SEC-4.2.4,content,TEXT_EXTRACTED,UNVERIFIED
1456,1451,CH4,CAL-SEC-4.2.4,content,TEXT_EXTRACTED,UNVERIFIED
1457,1452,CH4,CAL-SEC-4.2.4,content,TEXT_EXTRACTED,UNVERIFIED
1458,1453,CH4,CAL-SEC-4.2.4,content,TEXT_EXTRACTED,UNVERIFIED
1459,1454,CH4,CAL-SEC-4.2.4,content,TEXT_EXTRACTED,UNVERIFIED
1460,1455,CH4,CAL-SEC-4.2.4,content,TEXT_EXTRACTED,UNVERIFIED
1461,1456,CH4,CAL-SEC-4.2.4,content,TEXT_EXTRACTED,UNVERIFIED
1462,1457,CH4,CAL-SEC-4.2.4,content,TEXT_EXTRACTED,UNVERIFIED
1463,1458,CH4,CAL-SEC-4.2.4,content,TEXT_EXTRACTED,UNVERIFIED
1464,1459,CH4,CAL-SEC-4.2.4,content,TEXT_EXTRACTED,UNVERIFIED
1465,1460,CH4,CAL-SEC-4.2.4,content,TEXT_EXTRACTED,UNVERIFIED
1466,1461,CH4,CAL-SEC-4.2.4,content,TEXT_EXTRACTED,UNVERIFIED
1467,1462,CH4,CAL-SEC-4.2.4,content,TEXT_EXTRACTED,UNVERIFIED
1468,1463,CH4,CAL-SEC-4.2.4,content,TEXT_EXTRACTED,UNVERIFIED
1469,1464,CH4,CAL-SEC-4.2.4,content,TEXT_EXTRACTED,UNVERIFIED
1470,1465,CH4,CAL-SEC-4.2.4,content,TEXT_EXTRACTED,UNVERIFIED
1471,1466,CH4,CAL-SEC-4.2.4,content,TEXT_EXTRACTED,UNVERIFIED
1472,1467,CH4,CAL-SEC-4.2.4,content,TEXT_EXTRACTED,UNVERIFIED
1473,1468,CH4,CAL-SEC-4.2.4,content,TEXT_EXTRACTED,UNVERIFIED
1474,1469,CH4,CAL-SEC-4.2.4,content,TEXT_EXTRACTED,UNVERIFIED
1475,1470,CH4,CAL-SEC-4.2.4,content,TEXT_EXTRACTED,UNVERIFIED
1476,1471,CH4,CAL-SEC-4.2.4,content,TEXT_EXTRACTED,UNVERIFIED
1477,1472,CH4,CAL-SEC-4.2.4,content,TEXT_EXTRACTED,UNVERIFIED
1478,1473,CH4,CAL-SEC-4.2.4,content,TEXT_EXTRACTED,UNVERIFIED
1479,1474,CH4,CAL-SEC-4.2.4,content,TEXT_EXTRACTED,UNVERIFIED
1480,1475,CH4,CAL-SEC-4.2.4,content,TEXT_EXTRACTED,UNVERIFIED
1481,1476,CH4,CAL-SEC-4.2.4,content,TEXT_EXTRACTED,UNVERIFIED
1482,1477,CH4,CAL-SEC-4.2.4,content,TEXT_EXTRACTED,UNVERIFIED
1483,1478,CH4,CAL-SEC-4.2.4,content,TEXT_EXTRACTED,UNVERIFIED
1484,1479,CH4,CAL-SEC-4.2.4,content,TEXT_EXTRACTED,UNVERIFIED
1485,1480,CH4,CAL-SEC-4.2.4,content,TEXT_EXTRACTED,UNVERIFIED
1486,1481,CH4,CAL-SEC-4.2.4,content,TEXT_EXTRACTED,UNVERIFIED
1487,1482,CH4,CAL-SEC-4.2.4,content,TEXT_EXTRACTED,UNVERIFIED
1488,1483,CH4,CAL-SEC-4.2.4,content,TEXT_EXTRACTED,UNVERIFIED
1489,1484,CH4,CAL-SEC-4.2.4,content,TEXT_EXTRACTED,UNVERIFIED
1490,1485,CH4,CAL-SEC-4.2.4,content,TEXT_EXTRACTED,UNVERIFIED
1491,1486,CH4,CAL-SEC-4.2.4,content,TEXT_EXTRACTED,UNVERIFIED
1492,1487,CH4,CAL-SEC-4.2.4,content,TEXT_EXTRACTED,UNVERIFIED
1493,1488,CH4,CAL-SEC-4.2.4,content,TEXT_EXTRACTED,UNVERIFIED
1494,1489,CH4,CAL-SEC-4.2.4,content,TEXT_EXTRACTED,UNVERIFIED
1495,1490,CH4,CAL-SEC-4.2.4,content,TEXT_EXTRACTED,UNVERIFIED
1496,1491,CH4,CAL-SEC-4.2.4,content,TEXT_EXTRACTED,UNVERIFIED
1497,1492,CH4,CAL-SEC-4.2.4,content,TEXT_EXTRACTED,UNVERIFIED
1498,1493,CH4,CAL-SEC-4.2.4,content,TEXT_EXTRACTED,UNVERIFIED
1499,1494,CH4,CAL-SEC-4.2.4,content,TEXT_EXTRACTED,UNVERIFIED
1500,1495,CH4,CAL-SEC-4.2.4,content,TEXT_EXTRACTED,UNVERIFIED
1501,1496,CH4,CAL-SEC-4.2.4,content,TEXT_EXTRACTED,UNVERIFIED
1502,1497,CH4,CAL-SEC-4.2.4,content,TEXT_EXTRACTED,UNVERIFIED
1503,1498,CH4,CAL-SEC-4.2.4,content,TEXT_EXTRACTED,UNVERIFIED
1504,1499,CH4,CAL-SEC-4.2.4,content,TEXT_EXTRACTED,UNVERIFIED
1505,1500,CH4,CAL-SEC-4.2.4,content,TEXT_EXTRACTED,UNVERIFIED
1506,1501,CH4,CAL-SEC-4.2.4,content,TEXT_EXTRACTED,UNVERIFIED
1507,1502,CH4,CAL-SEC-4.2.4,content,TEXT_EXTRACTED,UNVERIFIED
1508,1503,CH4,CAL-SEC-4.2.4,content,TEXT_EXTRACTED,UNVERIFIED
1509,1504,CH4,CAL-SEC-4.2.4,content,TEXT_EXTRACTED,UNVERIFIED
1510,1505,CH4,CAL-SEC-4.2.4,content,TEXT_EXTRACTED,UNVERIFIED
1511,1506,CH4,CAL-SEC-4.2.4,content,TEXT_EXTRACTED,UNVERIFIED
1512,1507,CH4,CAL-SEC-4.2.4,content,TEXT_EXTRACTED,UNVERIFIED
1513,1508,CH4,CAL-SEC-4.2.4,content,TEXT_EXTRACTED,UNVERIFIED
1514,1509,CH4,CAL-SEC-4.2.4,content,TEXT_EXTRACTED,UNVERIFIED
1515,1510,CH4,CAL-SEC-4.2.4,content,TEXT_EXTRACTED,UNVERIFIED
1516,1511,CH4,CAL-SEC-4.2.4,content,TEXT_EXTRACTED,UNVERIFIED
1517,1512,CH4,CAL-SEC-4.2.4,content,TEXT_EXTRACTED,UNVERIFIED
1518,1513,CH4,CAL-SEC-4.2.4,content,TEXT_EXTRACTED,UNVERIFIED
1519,1514,CH4,CAL-SEC-4.2.4,content,TEXT_EXTRACTED,UNVERIFIED
1520,1515,CH4,CAL-SEC-4.2.4,content,TEXT_EXTRACTED,UNVERIFIED
1521,1516,CH4,CAL-SEC-4.2.4,content,TEXT_EXTRACTED,UNVERIFIED
1522,1517,CH4,CAL-SEC-4.2.4,content,TEXT_EXTRACTED,UNVERIFIED
1523,1518,CH4,CAL-SEC-4.2.4,content,TEXT_EXTRACTED,UNVERIFIED
1524,1519,CH4,CAL-SEC-4.2.4,content,TEXT_EXTRACTED,UNVERIFIED
1525,1520,CH4,CAL-SEC-4.2.4,content,TEXT_EXTRACTED,UNVERIFIED
1526,1521,CH4,CAL-SEC-4.2.4,content,TEXT_EXTRACTED,UNVERIFIED
1527,1522,CH4,CAL-SEC-4.2.4,content,TEXT_EXTRACTED,UNVERIFIED
1528,1523,CH4,CAL-SEC-4.2.4,content,TEXT_EXTRACTED,UNVERIFIED
1529,1524,CH4,CAL-SEC-4.2.4,content,TEXT_EXTRACTED,UNVERIFIED
1530,1525,CH4,CAL-SEC-4.2.4,content,TEXT_EXTRACTED,UNVERIFIED
1531,1526,CH4,CAL-SEC-4.2.4,content,TEXT_EXTRACTED,UNVERIFIED
1532,1527,CH4,CAL-SEC-4.2.4,content,TEXT_EXTRACTED,UNVERIFIED
1533,1528,CH4,CAL-SEC-4.2.4,content,TEXT_EXTRACTED,UNVERIFIED
1534,1529,CH4,CAL-SEC-4.2.4,content,TEXT_EXTRACTED,UNVERIFIED
1535,1530,CH4,CAL-SEC-4.2.4,content,TEXT_EXTRACTED,UNVERIFIED
1536,1531,CH4,CAL-SEC-4.2.4,content,TEXT_EXTRACTED,UNVERIFIED
1537,1532,CH4,CAL-SEC-4.2.4,content,TEXT_EXTRACTED,UNVERIFIED
1538,1533,CH4,CAL-SEC-4.2.4,content,TEXT_EXTRACTED,UNVERIFIED
1539,1534,CH4,CAL-SEC-4.2.4,content,TEXT_EXTRACTED,UNVERIFIED
1540,1535,CH4,CAL-SEC-4.2.4,content,TEXT_EXTRACTED,UNVERIFIED
1541,1536,CH4,CAL-SEC-4.2.4,content,TEXT_EXTRACTED,UNVERIFIED
1542,1537,CH4,CAL-SEC-4.2.4,content,TEXT_EXTRACTED,UNVERIFIED
1543,1538,CH4,CAL-SEC-4.2.4,content,TEXT_EXTRACTED,UNVERIFIED
1544,1539,CH4,CAL-SEC-4.2.4,content,TEXT_EXTRACTED,UNVERIFIED
1545,1540,CH4,CAL-SEC-4.2.4,content,TEXT_EXTRACTED,UNVERIFIED
1546,1541,CH4,CAL-SEC-4.2.4,content,TEXT_EXTRACTED,UNVERIFIED
1547,1542,CH4,CAL-SEC-4.2.4,content,TEXT_EXTRACTED,UNVERIFIED
1548,1543,CH4,CAL-SEC-4.2.4,content,TEXT_EXTRACTED,UNVERIFIED
1549,1544,CH4,CAL-SEC-4.2.4,content,TEXT_EXTRACTED,UNVERIFIED
1550,1545,CH4,CAL-SEC-4.2.4,content,TEXT_EXTRACTED,UNVERIFIED
1551,1546,CH4,CAL-SEC-4.2.4,content,TEXT_EXTRACTED,UNVERIFIED
1552,1547,CH4,CAL-SEC-4.2.4,content,TEXT_EXTRACTED,UNVERIFIED
1553,1548,CH4,CAL-SEC-4.2.4,content,TEXT_EXTRACTED,UNVERIFIED
1554,1549,CH4,CAL-SEC-4.2.4,content,TEXT_EXTRACTED,UNVERIFIED
1555,1550,CH4,CAL-SEC-4.2.4,content,TEXT_EXTRACTED,UNVERIFIED
1556,1551,CH4,CAL-SEC-4.2.4,content,TEXT_EXTRACTED,UNVERIFIED
1557,1552,CH4,CAL-SEC-4.2.4,content,TEXT_EXTRACTED,UNVERIFIED
1558,1553,CH4,CAL-SEC-4.2.4,content,TEXT_EXTRACTED,UNVERIFIED
1559,1554,CH4,CAL-SEC-4.2.4,content,TEXT_EXTRACTED,UNVERIFIED
1560,1555,CH4,CAL-SEC-4.2.4,content,TEXT_EXTRACTED,UNVERIFIED
1561,1556,CH4,CAL-SEC-4.2.4,content,TEXT_EXTRACTED,UNVERIFIED
1562,1557,CH4,CAL-SEC-4.2.4,content,TEXT_EXTRACTED,UNVERIFIED
1563,1558,CH4,CAL-SEC-4.2.4,content,TEXT_EXTRACTED,UNVERIFIED
1564,1559,CH4,CAL-SEC-4.2.4,content,TEXT_EXTRACTED,UNVERIFIED
1565,1560,CH4,CAL-SEC-4.2.4,content,TEXT_EXTRACTED,UNVERIFIED
1566,1561,CH4,CAL-SEC-4.2.4,content,TEXT_EXTRACTED,UNVERIFIED
1567,1562,CH4,CAL-SEC-4.2.4,content,TEXT_EXTRACTED,UNVERIFIED
1568,1563,CH4,CAL-SEC-4.2.4,content,TEXT_EXTRACTED,UNVERIFIED
1569,1564,CH4,CAL-SEC-4.2.4,content,TEXT_EXTRACTED,UNVERIFIED
1570,1565,CH4,CAL-SEC-4.2.4,content,TEXT_EXTRACTED,UNVERIFIED
1571,1566,CH4,CAL-SEC-4.2.4,content,TEXT_EXTRACTED,UNVERIFIED
1572,1567,CH4,CAL-SEC-4.2.4,content,TEXT_EXTRACTED,UNVERIFIED
1573,1568,CH4,CAL-SEC-4.2.4,content,TEXT_EXTRACTED,UNVERIFIED
1574,1569,CH4,CAL-SEC-4.2.4,content,TEXT_EXTRACTED,UNVERIFIED
1575,1570,CH4,CAL-SEC-4.2.4,content,TEXT_EXTRACTED,UNVERIFIED
1576,1571,CH4,CAL-SEC-4.2.4,content,TEXT_EXTRACTED,UNVERIFIED
1577,1572,CH4,CAL-SEC-4.2.4,content,TEXT_EXTRACTED,UNVERIFIED
1578,1573,CH4,CAL-SEC-4.2.4,content,TEXT_EXTRACTED,UNVERIFIED
1579,1574,CH4,CAL-SEC-4.2.4,content,TEXT_EXTRACTED,UNVERIFIED
1580,1575,CH4,CAL-SEC-4.2.4,content,TEXT_EXTRACTED,UNVERIFIED
1581,1576,CH4,CAL-SEC-4.2.4,content,TEXT_EXTRACTED,UNVERIFIED
1582,1577,CH4,CAL-SEC-4.2.4,content,TEXT_EXTRACTED,UNVERIFIED
1583,1578,CH4,CAL-SEC-4.2.4,content,TEXT_EXTRACTED,UNVERIFIED
1584,1579,CH4,CAL-SEC-4.2.4,content,TEXT_EXTRACTED,UNVERIFIED
1585,1580,CH4,CAL-SEC-4.2.4,content,TEXT_EXTRACTED,UNVERIFIED
1586,1581,CH4,CAL-SEC-4.2.4,content,TEXT_EXTRACTED,UNVERIFIED
1587,1582,CH4,CAL-SEC-4.2.4,content,TEXT_EXTRACTED,UNVERIFIED
1588,1583,CH4,CAL-SEC-4.2.4,content,TEXT_EXTRACTED,UNVERIFIED
1589,1584,CH4,CAL-SEC-4.2.4,content,TEXT_EXTRACTED,UNVERIFIED
1590,1585,CH4,CAL-SEC-4.2.4,content,TEXT_EXTRACTED,UNVERIFIED
1591,1586,CH4,CAL-SEC-4.2.4,content,TEXT_EXTRACTED,UNVERIFIED
1592,1587,CH4,CAL-SEC-4.2.4,content,TEXT_EXTRACTED,UNVERIFIED
1593,1588,CH4,CAL-SEC-4.2.4,content,TEXT_EXTRACTED,UNVERIFIED
1594,1589,CH4,CAL-SEC-4.2.4,content,TEXT_EXTRACTED,UNVERIFIED
1595,1590,CH4,CAL-SEC-4.2.4,content,TEXT_EXTRACTED,UNVERIFIED
1596,1591,CH4,CAL-SEC-4.2.4,content,TEXT_EXTRACTED,UNVERIFIED
1597,1592,CH4,CAL-SEC-4.2.4,content,TEXT_EXTRACTED,UNVERIFIED
1598,1593,CH4,CAL-SEC-4.2.4,content,TEXT_EXTRACTED,UNVERIFIED
1599,1594,CH4,CAL-SEC-4.2.4,content,TEXT_EXTRACTED,UNVERIFIED
1600,1595,CH4,CAL-SEC-4.2.4,content,TEXT_EXTRACTED,UNVERIFIED
1601,1596,CH4,CAL-SEC-4.2.4,content,TEXT_EXTRACTED,UNVERIFIED
1602,1597,CH4,CAL-SEC-4.2.4,content,TEXT_EXTRACTED,UNVERIFIED
1603,1598,CH4,CAL-SEC-4.2.4,content,TEXT_EXTRACTED,UNVERIFIED
1604,1599,CH4,CAL-SEC-4.2.4,content,TEXT_EXTRACTED,UNVERIFIED
1605,1600,CH4,CAL-SEC-4.2.4,content,TEXT_EXTRACTED,UNVERIFIED
1606,1601,CH4,CAL-SEC-4.2.4,content,TEXT_EXTRACTED,UNVERIFIED
1607,1602,CH4,CAL-SEC-4.2.4,content,TEXT_EXTRACTED,UNVERIFIED
1608,1603,CH4,CAL-SEC-4.2.4,content,TEXT_EXTRACTED,UNVERIFIED
1609,1604,CH4,CAL-SEC-4.2.4,content,TEXT_EXTRACTED,UNVERIFIED
1610,1605,CH4,CAL-SEC-4.2.4,content,TEXT_EXTRACTED,UNVERIFIED
1611,1606,CH4,CAL-SEC-4.2.4,content,TEXT_EXTRACTED,UNVERIFIED
1612,1607,CH4,CAL-SEC-4.2.4,content,TEXT_EXTRACTED,UNVERIFIED
1613,1608,CH4,CAL-SEC-4.2.4,content,TEXT_EXTRACTED,UNVERIFIED
1614,1609,CH4,CAL-SEC-4.2.4,content,TEXT_EXTRACTED,UNVERIFIED
1615,1610,CH4,CAL-SEC-4.2.4,content,TEXT_EXTRACTED,UNVERIFIED
1616,1611,CH4,CAL-SEC-4.2.4,content,TEXT_EXTRACTED,UNVERIFIED
1617,1612,CH4,CAL-SEC-4.2.4,content,TEXT_EXTRACTED,UNVERIFIED
1618,1613,CH4,CAL-SEC-4.2.4,content,TEXT_EXTRACTED,UNVERIFIED
1619,1614,CH4,CAL-SEC-4.2.4,content,TEXT_EXTRACTED,UNVERIFIED
1620,1615,CH4,CAL-SEC-4.2.4,content,TEXT_EXTRACTED,UNVERIFIED
1621,1616,CH4,CAL-SEC-4.2.4,content,TEXT_EXTRACTED,UNVERIFIED
1622,1617,CH4,CAL-SEC-4.2.4,content,TEXT_EXTRACTED,UNVERIFIED
1623,1618,CH4,CAL-SEC-4.2.4,content,TEXT_EXTRACTED,UNVERIFIED
1624,1619,CH4,CAL-SEC-4.2.4,content,TEXT_EXTRACTED,UNVERIFIED
1625,1620,CH4,CAL-SEC-4.2.4,content,TEXT_EXTRACTED,UNVERIFIED
1626,1621,CH4,CAL-SEC-4.2.4,content,TEXT_EXTRACTED,UNVERIFIED
1627,1622,CH4,CAL-SEC-4.2.4,content,TEXT_EXTRACTED,UNVERIFIED
1628,1623,CH4,CAL-SEC-4.2.4,content,TEXT_EXTRACTED,UNVERIFIED
1629,1624,CH4,CAL-SEC-4.2.4,content,TEXT_EXTRACTED,UNVERIFIED
1630,1625,CH4,CAL-SEC-4.2.4,content,TEXT_EXTRACTED,UNVERIFIED
1631,1626,CH4,CAL-SEC-4.2.4,content,TEXT_EXTRACTED,UNVERIFIED
1632,1627,CH4,CAL-SEC-4.2.4,content,TEXT_EXTRACTED,UNVERIFIED
1633,1628,CH4,CAL-SEC-4.2.4,content,TEXT_EXTRACTED,UNVERIFIED
1634,1629,CH4,CAL-SEC-4.2.4,content,TEXT_EXTRACTED,UNVERIFIED
1635,1630,CH4,CAL-SEC-4.2.4,content,TEXT_EXTRACTED,UNVERIFIED
1636,1631,CH4,CAL-SEC-4.2.4,content,TEXT_EXTRACTED,UNVERIFIED
1637,1632,CH4,CAL-SEC-4.2.4,content,TEXT_EXTRACTED,UNVERIFIED
1638,1633,CH4,CAL-SEC-4.2.4,content,TEXT_EXTRACTED,UNVERIFIED
1639,1634,CH4,CAL-SEC-4.2.4,content,TEXT_EXTRACTED,UNVERIFIED
1640,1635,CH4,CAL-SEC-4.2.4,content,TEXT_EXTRACTED,UNVERIFIED
1641,1636,CH4,CAL-SEC-4.2.4,content,TEXT_EXTRACTED,UNVERIFIED
1642,1637,CH4,CAL-SEC-4.2.4,content,TEXT_EXTRACTED,UNVERIFIED
1643,1638,CH4,CAL-SEC-4.2.4,content,TEXT_EXTRACTED,UNVERIFIED
1644,1639,CH4,CAL-SEC-4.2.4,content,TEXT_EXTRACTED,UNVERIFIED
1645,1640,CH4,CAL-SEC-4.2.4,content,TEXT_EXTRACTED,UNVERIFIED
1646,1641,CH4,CAL-SEC-4.2.4,content,TEXT_EXTRACTED,UNVERIFIED
1647,1642,CH4,CAL-SEC-4.2.4,content,TEXT_EXTRACTED,UNVERIFIED
1648,1643,CH4,CAL-SEC-4.2.4,content,TEXT_EXTRACTED,UNVERIFIED
1649,1644,CH4,CAL-SEC-4.2.4,content,TEXT_EXTRACTED,UNVERIFIED
1650,1645,CH4,CAL-SEC-4.2.4,content,TEXT_EXTRACTED,UNVERIFIED
1651,1646,CH4,CAL-SEC-4.2.4,content,TEXT_EXTRACTED,UNVERIFIED
1652,1647,CH4,CAL-SEC-4.2.4,content,TEXT_EXTRACTED,UNVERIFIED
1653,1648,CH4,CAL-SEC-4.2.4,content,TEXT_EXTRACTED,UNVERIFIED
1654,1649,CH4,CAL-SEC-4.2.4,content,TEXT_EXTRACTED,UNVERIFIED
1655,1650,CH4,CAL-SEC-4.2.4,content,TEXT_EXTRACTED,UNVERIFIED
1656,1651,CH4,CAL-SEC-4.2.4,content,TEXT_EXTRACTED,UNVERIFIED
1657,1652,CH4,CAL-SEC-4.2.4,content,TEXT_EXTRACTED,UNVERIFIED
1658,1653,CH4,CAL-SEC-4.2.4,content,TEXT_EXTRACTED,UNVERIFIED
1659,1654,CH4,CAL-SEC-4.2.4,content,TEXT_EXTRACTED,UNVERIFIED
1660,1655,CH4,CAL-SEC-4.2.4,content,TEXT_EXTRACTED,UNVERIFIED
1661,1656,CH4,CAL-SEC-4.2.4,content,TEXT_EXTRACTED,UNVERIFIED
1662,1657,CH4,CAL-SEC-4.2.4,content,TEXT_EXTRACTED,UNVERIFIED
1663,1658,CH4,CAL-SEC-4.2.4,content,TEXT_EXTRACTED,UNVERIFIED
1664,1659,CH4,CAL-SEC-4.2.4,content,TEXT_EXTRACTED,UNVERIFIED
1665,1660,CH4,CAL-SEC-4.2.4,content,TEXT_EXTRACTED,UNVERIFIED
1666,1661,CH4,CAL-SEC-4.2.4,content,TEXT_EXTRACTED,UNVERIFIED
1667,1662,CH4,CAL-SEC-4.2.4,content,TEXT_EXTRACTED,UNVERIFIED
1668,1663,CH4,CAL-SEC-4.2.4,content,TEXT_EXTRACTED,UNVERIFIED
1669,1664,CH4,CAL-SEC-4.2.4,content,TEXT_EXTRACTED,UNVERIFIED
1670,1665,CH4,CAL-SEC-4.2.4,content,TEXT_EXTRACTED,UNVERIFIED
1671,1666,CH4,CAL-SEC-4.2.4,content,TEXT_EXTRACTED,UNVERIFIED
1672,1667,CH4,CAL-SEC-4.2.4,content,TEXT_EXTRACTED,UNVERIFIED
1673,1668,CH4,CAL-SEC-4.2.4,content,TEXT_EXTRACTED,UNVERIFIED
1674,1669,CH4,CAL-SEC-4.2.4,content,TEXT_EXTRACTED,UNVERIFIED
1675,1670,CH4,CAL-SEC-4.2.4,content,TEXT_EXTRACTED,UNVERIFIED
1676,1671,CH4,CAL-SEC-4.2.4,content,TEXT_EXTRACTED,UNVERIFIED
1677,1672,CH4,CAL-SEC-4.2.4,content,TEXT_EXTRACTED,UNVERIFIED
1678,1673,CH4,CAL-SEC-4.2.4,content,TEXT_EXTRACTED,UNVERIFIED
1679,1674,CH4,CAL-SEC-4.2.4,content,TEXT_EXTRACTED,UNVERIFIED
1680,1675,CH4,CAL-SEC-4.2.4,content,TEXT_EXTRACTED,UNVERIFIED
1681,1676,CH4,CAL-SEC-4.2.4,content,TEXT_EXTRACTED,UNVERIFIED
1682,1677,CH4,CAL-SEC-4.2.4,content,TEXT_EXTRACTED,UNVERIFIED
1683,1678,CH4,CAL-SEC-4.2.4,content,TEXT_EXTRACTED,UNVERIFIED
1684,1679,CH4,CAL-SEC-4.2.4,content,TEXT_EXTRACTED,UNVERIFIED
1685,1680,CH4,CAL-SEC-4.2.4,content,TEXT_EXTRACTED,UNVERIFIED
1686,1681,CH4,CAL-SEC-4.2.4,content,TEXT_EXTRACTED,UNVERIFIED
1687,1682,CH4,CAL-SEC-4.2.4,content,TEXT_EXTRACTED,UNVERIFIED
1688,1683,CH4,CAL-SEC-4.2.4,content,TEXT_EXTRACTED,UNVERIFIED
1689,1684,CH4,CAL-SEC-4.2.4,content,TEXT_EXTRACTED,UNVERIFIED
1690,1685,CH4,CAL-SEC-4.2.4,content,TEXT_EXTRACTED,UNVERIFIED
1691,1686,CH4,CAL-SEC-4.2.4,content,TEXT_EXTRACTED,UNVERIFIED
1692,1687,CH4,CAL-SEC-4.2.4,content,TEXT_EXTRACTED,UNVERIFIED
1693,1688,CH4,CAL-SEC-4.2.4,content,TEXT_EXTRACTED,UNVERIFIED
1694,1689,CH4,CAL-SEC-4.2.4,content,TEXT_EXTRACTED,UNVERIFIED
1695,1690,CH4,CAL-SEC-4.2.4,content,TEXT_EXTRACTED,UNVERIFIED
1696,1691,CH4,CAL-SEC-4.2.4,content,TEXT_EXTRACTED,UNVERIFIED
1697,1692,CH4,CAL-SEC-4.2.4,content,TEXT_EXTRACTED,UNVERIFIED
1698,1693,CH4,CAL-SEC-4.2.4,content,TEXT_EXTRACTED,UNVERIFIED
1699,1694,CH4,CAL-SEC-4.2.4,content,TEXT_EXTRACTED,UNVERIFIED
1700,1695,CH4,CAL-SEC-4.2.4,content,TEXT_EXTRACTED,UNVERIFIED
1701,1696,CH4,CAL-SEC-4.2.4,content,TEXT_EXTRACTED,UNVERIFIED
1702,1697,CH4,CAL-SEC-4.2.4,content,TEXT_EXTRACTED,UNVERIFIED
1703,1698,CH4,CAL-SEC-4.2.4,content,TEXT_EXTRACTED,UNVERIFIED
1704,1699,CH4,CAL-SEC-4.2.4,content,TEXT_EXTRACTED,UNVERIFIED
1705,1700,CH4,CAL-SEC-4.2.4,content,TEXT_EXTRACTED,UNVERIFIED
1706,1701,CH4,CAL-SEC-4.2.4,content,TEXT_EXTRACTED,UNVERIFIED
1707,1702,CH4,CAL-SEC-4.2.4,content,TEXT_EXTRACTED,UNVERIFIED
1708,1703,CH4,CAL-SEC-4.2.4,content,TEXT_EXTRACTED,UNVERIFIED
1709,1704,CH4,CAL-SEC-4.2.4,content,TEXT_EXTRACTED,UNVERIFIED
1710,1705,CH4,CAL-SEC-4.2.4,content,TEXT_EXTRACTED,UNVERIFIED
1711,1706,CH4,CAL-SEC-4.2.4,content,TEXT_EXTRACTED,UNVERIFIED
1712,1707,CH4,CAL-SEC-4.2.4,content,TEXT_EXTRACTED,UNVERIFIED
1713,1708,CH4,CAL-SEC-4.2.4,content,TEXT_EXTRACTED,UNVERIFIED
1714,1709,CH4,CAL-SEC-4.2.4,content,TEXT_EXTRACTED,UNVERIFIED
1715,1710,CH4,CAL-SEC-4.2.4,content,TEXT_EXTRACTED,UNVERIFIED
1716,1711,CH4,CAL-SEC-4.2.4,content,TEXT_EXTRACTED,UNVERIFIED
1717,1712,CH4,CAL-SEC-4.2.4,content,TEXT_EXTRACTED,UNVERIFIED
1718,1713,CH4,CAL-SEC-4.2.4,content,TEXT_EXTRACTED,UNVERIFIED
1719,1714,CH4,CAL-SEC-4.2.4,content,TEXT_EXTRACTED,UNVERIFIED
1720,1715,CH4,CAL-SEC-4.2.4,content,TEXT_EXTRACTED,UNVERIFIED
1721,1716,CH4,CAL-SEC-4.2.4,content,TEXT_EXTRACTED,UNVERIFIED
1722,1717,CH4,CAL-SEC-4.2.4,content,TEXT_EXTRACTED,UNVERIFIED
1723,1718,CH4,CAL-SEC-4.2.4,content,TEXT_EXTRACTED,UNVERIFIED
1724,1719,CH4,CAL-SEC-4.2.4,content,TEXT_EXTRACTED,UNVERIFIED
1725,1720,CH4,CAL-SEC-4.2.4,content,TEXT_EXTRACTED,UNVERIFIED
1726,1721,CH4,CAL-SEC-4.2.4,content,TEXT_EXTRACTED,UNVERIFIED
1727,1722,CH4,CAL-SEC-4.2.4,content,TEXT_EXTRACTED,UNVERIFIED
1728,1723,CH4,CAL-SEC-4.2.4,content,TEXT_EXTRACTED,UNVERIFIED
1729,1724,CH4,CAL-SEC-4.2.4,content,TEXT_EXTRACTED,UNVERIFIED
1730,1725,CH4,CAL-SEC-4.2.4,content,TEXT_EXTRACTED,UNVERIFIED
1731,1726,CH4,CAL-SEC-4.2.4,content,TEXT_EXTRACTED,UNVERIFIED
1732,1727,CH4,CAL-SEC-4.2.4,content,TEXT_EXTRACTED,UNVERIFIED
1733,1728,CH4,CAL-SEC-4.2.4,content,TEXT_EXTRACTED,UNVERIFIED
1734,1729,CH4,CAL-SEC-4.2.4,content,TEXT_EXTRACTED,UNVERIFIED
1735,1730,CH4,CAL-SEC-4.2.4,content,TEXT_EXTRACTED,UNVERIFIED
1736,1731,CH4,CAL-SEC-4.2.4,content,TEXT_EXTRACTED,UNVERIFIED
1737,1732,CH4,CAL-SEC-4.2.4,content,TEXT_EXTRACTED,UNVERIFIED
1738,1733,CH4,CAL-SEC-4.2.4,content,TEXT_EXTRACTED,UNVERIFIED
1739,1734,CH4,CAL-SEC-4.2.4,content,TEXT_EXTRACTED,UNVERIFIED
1740,1735,CH4,CAL-SEC-4.2.4,content,TEXT_EXTRACTED,UNVERIFIED
1741,1736,CH4,CAL-SEC-4.2.4,content,TEXT_EXTRACTED,UNVERIFIED
1742,1737,CH4,CAL-SEC-4.2.4,content,TEXT_EXTRACTED,UNVERIFIED
1743,1738,CH4,CAL-SEC-4.2.4,content,TEXT_EXTRACTED,UNVERIFIED
1744,1739,CH4,CAL-SEC-4.2.4,content,TEXT_EXTRACTED,UNVERIFIED
1745,1740,CH4,CAL-SEC-4.2.4,content,TEXT_EXTRACTED,UNVERIFIED
1746,1741,CH4,CAL-SEC-4.2.4,content,TEXT_EXTRACTED,UNVERIFIED
1747,1742,CH4,CAL-SEC-4.2.4,content,TEXT_EXTRACTED,UNVERIFIED
1748,1743,CH4,CAL-SEC-4.2.4,content,TEXT_EXTRACTED,UNVERIFIED
1749,1744,CH4,CAL-SEC-4.2.4,content,TEXT_EXTRACTED,UNVERIFIED
1750,1745,CH4,CAL-SEC-4.2.4,content,TEXT_EXTRACTED,UNVERIFIED
1751,1746,CH4,CAL-SEC-4.2.4,content,TEXT_EXTRACTED,UNVERIFIED
1752,1747,CH4,CAL-SEC-4.2.4,content,TEXT_EXTRACTED,UNVERIFIED
1753,1748,CH4,CAL-SEC-4.2.4,content,TEXT_EXTRACTED,UNVERIFIED
1754,1749,CH4,CAL-SEC-4.2.4,content,TEXT_EXTRACTED,UNVERIFIED
1755,1750,CH4,CAL-SEC-4.2.4,content,TEXT_EXTRACTED,UNVERIFIED
1756,1751,CH4,CAL-SEC-4.2.4,content,TEXT_EXTRACTED,UNVERIFIED
1757,1752,CH4,CAL-SEC-4.2.4,content,TEXT_EXTRACTED,UNVERIFIED
1758,1753,CH4,CAL-SEC-4.2.4,content,TEXT_EXTRACTED,UNVERIFIED
1759,1754,CH4,CAL-SEC-4.2.4,content,TEXT_EXTRACTED,UNVERIFIED
1760,1755,CH4,CAL-SEC-4.2.4,content,TEXT_EXTRACTED,UNVERIFIED
1761,1756,CH4,CAL-SEC-4.2.4,content,TEXT_EXTRACTED,UNVERIFIED
1762,1757,CH4,CAL-SEC-4.2.4,content,TEXT_EXTRACTED,UNVERIFIED
1763,1758,CH4,CAL-SEC-4.2.4,content,TEXT_EXTRACTED,UNVERIFIED
1764,1759,CH4,CAL-SEC-4.2.4,content,TEXT_EXTRACTED,UNVERIFIED
1765,1760,CH4,CAL-SEC-4.2.4,content,TEXT_EXTRACTED,UNVERIFIED
1766,1761,CH4,CAL-SEC-4.2.4,content,TEXT_EXTRACTED,UNVERIFIED
1767,1762,CH4,CAL-SEC-4.2.4,content,TEXT_EXTRACTED,UNVERIFIED
1768,1763,CH4,CAL-SEC-4.2.4,content,TEXT_EXTRACTED,UNVERIFIED
1769,1764,CH4,CAL-SEC-4.2.4,content,TEXT_EXTRACTED,UNVERIFIED
1770,1765,CH4,CAL-SEC-4.2.4,content,TEXT_EXTRACTED,UNVERIFIED
1771,1766,CH4,CAL-SEC-4.2.4,content,TEXT_EXTRACTED,UNVERIFIED
1772,1767,CH4,CAL-SEC-4.2.4,content,TEXT_EXTRACTED,UNVERIFIED
1773,1768,CH4,CAL-SEC-4.2.4,content,TEXT_EXTRACTED,UNVERIFIED
1774,1769,CH4,CAL-SEC-4.2.4,content,TEXT_EXTRACTED,UNVERIFIED
1775,1770,CH4,CAL-SEC-4.2.4,content,TEXT_EXTRACTED,UNVERIFIED
1776,1771,CH4,CAL-SEC-4.2.5,content,TEXT_EXTRACTED,UNVERIFIED
1777,1772,CH4,CAL-SEC-4.2.5,content,TEXT_EXTRACTED,UNVERIFIED
1778,1773,CH4,CAL-SEC-4.2.6,content,TEXT_EXTRACTED,UNVERIFIED
1779,1774,CH4,CAL-SEC-4.2.6,content,TEXT_EXTRACTED,UNVERIFIED
1780,1775,CH4,CAL-SEC-4.2.6,content,TEXT_EXTRACTED,UNVERIFIED
1781,1776,CH4,CAL-SEC-4.2.6,content,TEXT_EXTRACTED,UNVERIFIED
1782,1777,CH4,CAL-SEC-4.2.6,content,TEXT_EXTRACTED,UNVERIFIED
1783,1778,CH4,CAL-SEC-4.2.6,content,TEXT_EXTRACTED,UNVERIFIED
1784,1779,CH4,CAL-SEC-4.2.6,content,TEXT_EXTRACTED,UNVERIFIED
1785,1780,CH4,CAL-SEC-4.2.6,content,TEXT_EXTRACTED,UNVERIFIED
1786,1781,CH4,CAL-SEC-4.2.6,content,TEXT_EXTRACTED,UNVERIFIED
1787,1782,CH4,CAL-SEC-4.2.6,content,TEXT_EXTRACTED,UNVERIFIED
1788,1783,CH4,CAL-SEC-4.2.6,content,TEXT_EXTRACTED,UNVERIFIED
1789,1784,CH4,CAL-SEC-4.2.6,content,TEXT_EXTRACTED,UNVERIFIED
1790,1785,CH4,CAL-SEC-4.2.6,content,TEXT_EXTRACTED,UNVERIFIED
1791,1786,CH4,CAL-SEC-4.2.6,content,TEXT_EXTRACTED,UNVERIFIED
1792,1787,CH4,CAL-SEC-4.2.6,content,TEXT_EXTRACTED,UNVERIFIED
1793,1788,CH4,CAL-SEC-4.2.6,content,TEXT_EXTRACTED,UNVERIFIED
1794,1789,CH4,CAL-SEC-4.2.6,content,TEXT_EXTRACTED,UNVERIFIED
1795,1790,CH4,CAL-SEC-4.2.6,content,TEXT_EXTRACTED,UNVERIFIED
1796,1791,CH4,CAL-SEC-4.2.6,content,TEXT_EXTRACTED,UNVERIFIED
1797,1792,CH4,CAL-SEC-4.2.6,content,TEXT_EXTRACTED,UNVERIFIED
1798,1793,CH4,CAL-SEC-4.2.6,content,TEXT_EXTRACTED,UNVERIFIED
1799,1794,CH4,CAL-SEC-4.2.6,content,TEXT_EXTRACTED,UNVERIFIED
1800,1795,CH4,CAL-SEC-4.2.6,content,TEXT_EXTRACTED,UNVERIFIED
1801,1796,CH4,CAL-SEC-4.2.6,content,TEXT_EXTRACTED,UNVERIFIED
1802,1797,CH4,CAL-SEC-4.2.6,content,TEXT_EXTRACTED,UNVERIFIED
1803,1798,CH4,CAL-SEC-4.2.6,content,TEXT_EXTRACTED,UNVERIFIED
1804,1799,CH4,CAL-SEC-4.2.6,content,TEXT_EXTRACTED,UNVERIFIED
1805,1800,CH4,CAL-SEC-4.2.6,content,TEXT_EXTRACTED,UNVERIFIED
1806,1801,CH4,CAL-SEC-4.2.6,content,TEXT_EXTRACTED,UNVERIFIED
1807,1802,CH4,CAL-SEC-4.2.6,content,TEXT_EXTRACTED,UNVERIFIED
1808,1803,CH4,CAL-SEC-4.2.6,content,TEXT_EXTRACTED,UNVERIFIED
1809,1804,CH4,CAL-SEC-4.2.6,content,TEXT_EXTRACTED,UNVERIFIED
1810,1805,CH4,CAL-SEC-4.2.6,content,TEXT_EXTRACTED,UNVERIFIED
1811,1806,CH4,CAL-SEC-4.2.6,content,TEXT_EXTRACTED,UNVERIFIED
1812,1807,CH4,CAL-SEC-4.2.6,content,TEXT_EXTRACTED,UNVERIFIED
1813,1808,CH4,CAL-SEC-4.2.6,content,TEXT_EXTRACTED,UNVERIFIED
1814,1809,CH4,CAL-SEC-4.2.6,content,TEXT_EXTRACTED,UNVERIFIED
1815,1810,CH4,CAL-SEC-4.2.6,content,TEXT_EXTRACTED,UNVERIFIED
1816,1811,CH4,CAL-SEC-4.2.6,content,TEXT_EXTRACTED,UNVERIFIED
1817,1812,CH4,CAL-SEC-4.2.6,content,TEXT_EXTRACTED,UNVERIFIED
1818,1813,CH4,CAL-SEC-4.2.6,content,TEXT_EXTRACTED,UNVERIFIED
1819,1814,CH4,CAL-SEC-4.2.6,content,TEXT_EXTRACTED,UNVERIFIED
1820,1815,CH4,CAL-SEC-4.2.6,content,TEXT_EXTRACTED,UNVERIFIED
1821,1816,CH4,CAL-SEC-4.2.6,content,TEXT_EXTRACTED,UNVERIFIED
1822,1817,CH4,CAL-SEC-4.2.6,content,TEXT_EXTRACTED,UNVERIFIED
1823,1818,CH4,CAL-SEC-4.2.6,content,TEXT_EXTRACTED,UNVERIFIED
1824,1819,CH4,CAL-SEC-4.2.6,content,TEXT_EXTRACTED,UNVERIFIED
1825,1820,CH4,CAL-SEC-4.2.6,content,TEXT_EXTRACTED,UNVERIFIED
1826,1821,CH4,CAL-SEC-4.2.6,content,TEXT_EXTRACTED,UNVERIFIED
1827,1822,CH4,CAL-SEC-4.2.6,content,TEXT_EXTRACTED,UNVERIFIED
1828,1823,CH4,CAL-SEC-4.2.6,content,TEXT_EXTRACTED,UNVERIFIED
1829,1824,CH4,CAL-SEC-4.2.6,content,TEXT_EXTRACTED,UNVERIFIED
1830,1825,CH4,CAL-SEC-4.2.6,content,TEXT_EXTRACTED,UNVERIFIED
1831,1826,CH4,CAL-SEC-4.2.6,content,TEXT_EXTRACTED,UNVERIFIED
1832,1827,CH4,CAL-SEC-4.2.6,content,TEXT_EXTRACTED,UNVERIFIED
1833,1828,CH4,CAL-SEC-4.2.6,content,TEXT_EXTRACTED,UNVERIFIED
1834,1829,CH4,CAL-SEC-4.2.6,content,TEXT_EXTRACTED,UNVERIFIED
1835,1830,CH4,CAL-SEC-4.2.6,content,TEXT_EXTRACTED,UNVERIFIED
1836,1831,CH4,CAL-SEC-4.2.6,content,TEXT_EXTRACTED,UNVERIFIED
1837,1832,CH4,CAL-SEC-4.2.6,content,TEXT_EXTRACTED,UNVERIFIED
1838,1833,CH4,CAL-SEC-4.2.6,content,TEXT_EXTRACTED,UNVERIFIED
1839,1834,CH4,CAL-SEC-4.2.6,content,TEXT_EXTRACTED,UNVERIFIED
1840,1835,CH4,CAL-SEC-4.2.6,content,TEXT_EXTRACTED,UNVERIFIED
1841,1836,CH4,CAL-SEC-4.2.6,content,TEXT_EXTRACTED,UNVERIFIED
1842,1837,CH4,CAL-SEC-4.2.6,content,TEXT_EXTRACTED,UNVERIFIED
1843,1838,CH4,CAL-SEC-4.2.6,content,TEXT_EXTRACTED,UNVERIFIED
1844,1839,CH4,CAL-SEC-4.2.6,content,TEXT_EXTRACTED,UNVERIFIED
1845,1840,CH4,CAL-SEC-4.2.6,content,TEXT_EXTRACTED,UNVERIFIED
1846,1841,CH4,CAL-SEC-4.2.6,content,TEXT_EXTRACTED,UNVERIFIED
1847,1842,CH4,CAL-SEC-4.2.6,content,TEXT_EXTRACTED,UNVERIFIED
1848,1843,CH4,CAL-SEC-4.2.6,content,TEXT_EXTRACTED,UNVERIFIED
1849,1844,CH4,CAL-SEC-4.2.6,content,TEXT_EXTRACTED,UNVERIFIED
1850,1845,CH4,CAL-SEC-4.2.6,content,TEXT_EXTRACTED,UNVERIFIED
1851,1846,CH4,CAL-SEC-4.2.6,content,TEXT_EXTRACTED,UNVERIFIED
1852,1847,CH4,CAL-SEC-4.2.6,content,TEXT_EXTRACTED,UNVERIFIED
1853,1848,CH4,CAL-SEC-4.2.6,content,TEXT_EXTRACTED,UNVERIFIED
1854,1849,CH4,CAL-SEC-4.2.6,content,TEXT_EXTRACTED,UNVERIFIED
1855,1850,CH4,CAL-SEC-4.2.6,content,TEXT_EXTRACTED,UNVERIFIED
1856,1851,CH4,CAL-SEC-4.2.6,content,TEXT_EXTRACTED,UNVERIFIED
1857,1852,CH4,CAL-SEC-4.2.6,content,TEXT_EXTRACTED,UNVERIFIED
1858,1853,CH4,CAL-SEC-4.2.6,content,TEXT_EXTRACTED,UNVERIFIED
1859,1854,CH4,CAL-SEC-4.2.6,content,TEXT_EXTRACTED,UNVERIFIED
1860,1855,CH4,CAL-SEC-4.2.6,content,TEXT_EXTRACTED,UNVERIFIED
1861,1856,CH4,CAL-SEC-4.2.6,content,TEXT_EXTRACTED,UNVERIFIED
1862,1857,CH4,CAL-SEC-4.2.6,content,TEXT_EXTRACTED,UNVERIFIED
1863,1858,CH4,CAL-SEC-4.2.6,content,TEXT_EXTRACTED,UNVERIFIED
1864,1859,CH4,CAL-SEC-4.2.6,content,TEXT_EXTRACTED,UNVERIFIED
1865,1860,CH4,CAL-SEC-4.2.6,content,TEXT_EXTRACTED,UNVERIFIED
1866,1861,CH4,CAL-SEC-4.2.6,content,TEXT_EXTRACTED,UNVERIFIED
1867,1862,CH4,CAL-SEC-4.2.6,content,TEXT_EXTRACTED,UNVERIFIED
1868,1863,CH4,CAL-SEC-4.2.6,content,TEXT_EXTRACTED,UNVERIFIED
1869,1864,CH4,CAL-SEC-4.2.6,content,TEXT_EXTRACTED,UNVERIFIED
1870,1865,CH4,CAL-SEC-4.2.6,content,TEXT_EXTRACTED,UNVERIFIED
1871,1866,CH4,CAL-SEC-4.2.6,content,TEXT_EXTRACTED,UNVERIFIED
1872,1867,CH4,CAL-SEC-4.2.6,content,TEXT_EXTRACTED,UNVERIFIED
1873,1868,CH4,CAL-SEC-4.2.6,content,TEXT_EXTRACTED,UNVERIFIED
1874,1869,CH4,CAL-SEC-4.2.6,content,TEXT_EXTRACTED,UNVERIFIED
1875,1870,CH4,CAL-SEC-4.2.6,content,TEXT_EXTRACTED,UNVERIFIED
1876,1871,CH4,CAL-SEC-4.2.6,content,TEXT_EXTRACTED,UNVERIFIED
1877,1872,CH4,CAL-SEC-4.2.6,content,TEXT_EXTRACTED,UNVERIFIED
1878,1873,CH4,CAL-SEC-4.2.6,content,TEXT_EXTRACTED,UNVERIFIED
1879,1874,CH4,CAL-SEC-4.2.6,content,TEXT_EXTRACTED,UNVERIFIED
1880,1875,CH4,CAL-SEC-4.2.6,content,TEXT_EXTRACTED,UNVERIFIED
1881,1876,CH4,CAL-SEC-4.2.6,content,TEXT_EXTRACTED,UNVERIFIED
1882,1877,CH4,CAL-SEC-4.2.6,content,TEXT_EXTRACTED,UNVERIFIED
1883,1878,CH4,CAL-SEC-4.2.6,content,TEXT_EXTRACTED,UNVERIFIED
1884,1879,CH4,CAL-SEC-4.2.6,content,TEXT_EXTRACTED,UNVERIFIED
1885,1880,CH4,CAL-SEC-4.2.6,content,TEXT_EXTRACTED,UNVERIFIED
1886,1881,CH4,CAL-SEC-4.2.6,content,TEXT_EXTRACTED,UNVERIFIED
1887,1882,CH4,CAL-SEC-4.2.6,content,TEXT_EXTRACTED,UNVERIFIED
1888,1883,CH4,CAL-SEC-4.2.6,content,TEXT_EXTRACTED,UNVERIFIED
1889,1884,CH4,CAL-SEC-4.2.6,content,TEXT_EXTRACTED,UNVERIFIED
1890,1885,CH4,CAL-SEC-4.2.6,content,TEXT_EXTRACTED,UNVERIFIED
1891,1886,CH4,CAL-SEC-4.2.6,content,TEXT_EXTRACTED,UNVERIFIED
1892,1887,CH4,CAL-SEC-4.2.6,content,TEXT_EXTRACTED,UNVERIFIED
1893,1888,CH4,CAL-SEC-4.2.6,content,TEXT_EXTRACTED,UNVERIFIED
1894,1889,CH4,CAL-SEC-4.2.6,content,TEXT_EXTRACTED,UNVERIFIED
1895,1890,CH4,CAL-SEC-4.2.6,content,TEXT_EXTRACTED,UNVERIFIED
1896,1891,CH4,CAL-SEC-4.2.6,content,TEXT_EXTRACTED,UNVERIFIED
1897,1892,CH4,CAL-SEC-4.2.6,content,TEXT_EXTRACTED,UNVERIFIED
1898,1893,CH4,CAL-SEC-4.2.6,content,TEXT_EXTRACTED,UNVERIFIED
1899,1894,CH4,CAL-SEC-4.2.6,content,TEXT_EXTRACTED,UNVERIFIED
1900,1895,CH4,CAL-SEC-4.2.6,content,TEXT_EXTRACTED,UNVERIFIED
1901,1896,CH4,CAL-SEC-4.2.6,content,TEXT_EXTRACTED,UNVERIFIED
1902,1897,CH4,CAL-SEC-4.2.6,content,TEXT_EXTRACTED,UNVERIFIED
1903,1898,CH4,CAL-SEC-4.2.6,content,TEXT_EXTRACTED,UNVERIFIED
1904,1899,CH4,CAL-SEC-4.2.6,content,TEXT_EXTRACTED,UNVERIFIED
1905,1900,CH4,CAL-SEC-4.2.6,content,TEXT_EXTRACTED,UNVERIFIED
1906,1901,CH4,CAL-SEC-4.2.6,content,TEXT_EXTRACTED,UNVERIFIED
1907,1902,CH4,CAL-SEC-4.2.6,content,TEXT_EXTRACTED,UNVERIFIED
1908,1903,CH4,CAL-SEC-4.2.6,content,TEXT_EXTRACTED,UNVERIFIED
1909,1904,CH4,CAL-SEC-4.2.6,content,TEXT_EXTRACTED,UNVERIFIED
1910,1905,CH4,CAL-SEC-4.2.6,content,TEXT_EXTRACTED,UNVERIFIED
1911,1906,CH4,CAL-SEC-4.2.6,content,TEXT_EXTRACTED,UNVERIFIED
1912,1907,CH4,CAL-SEC-4.2.6,content,TEXT_EXTRACTED,UNVERIFIED
1913,1908,CH4,CAL-SEC-4.2.6,content,TEXT_EXTRACTED,UNVERIFIED
1914,1909,CH4,CAL-SEC-4.2.6,content,TEXT_EXTRACTED,UNVERIFIED
1915,1910,CH4,CAL-SEC-4.2.6,content,TEXT_EXTRACTED,UNVERIFIED
1916,1911,CH4,CAL-SEC-4.2.6,content,TEXT_EXTRACTED,UNVERIFIED
1917,1912,CH4,CAL-SEC-4.2.6,content,TEXT_EXTRACTED,UNVERIFIED
1918,1913,CH4,CAL-SEC-4.2.6,content,TEXT_EXTRACTED,UNVERIFIED
1919,1914,CH4,CAL-SEC-4.2.6,content,TEXT_EXTRACTED,UNVERIFIED
1920,1915,CH4,CAL-SEC-4.2.6,content,TEXT_EXTRACTED,UNVERIFIED
1921,1916,CH4,CAL-SEC-4.2.6,content,TEXT_EXTRACTED,UNVERIFIED
1922,1917,CH4,CAL-SEC-4.2.6,content,TEXT_EXTRACTED,UNVERIFIED
1923,1918,CH4,CAL-SEC-4.2.6,content,TEXT_EXTRACTED,UNVERIFIED
1924,1919,CH4,CAL-SEC-4.2.6,content,TEXT_EXTRACTED,UNVERIFIED
1925,1920,CH4,CAL-SEC-4.2.6,content,TEXT_EXTRACTED,UNVERIFIED
1926,1921,CH4,CAL-SEC-4.2.6,content,TEXT_EXTRACTED,UNVERIFIED
1927,1922,CH4,CAL-SEC-4.2.6,content,TEXT_EXTRACTED,UNVERIFIED
1928,1923,CH4,CAL-SEC-4.2.6,content,TEXT_EXTRACTED,UNVERIFIED
1929,1924,CH4,CAL-SEC-4.2.6,content,TEXT_EXTRACTED,UNVERIFIED
1930,1925,CH4,CAL-SEC-4.2.6,content,TEXT_EXTRACTED,UNVERIFIED
1931,1926,CH4,CAL-SEC-4.2.6,content,TEXT_EXTRACTED,UNVERIFIED
1932,1927,CH4,CAL-SEC-4.2.6,content,TEXT_EXTRACTED,UNVERIFIED
1933,1928,CH4,CAL-SEC-4.2.6,content,TEXT_EXTRACTED,UNVERIFIED
1934,1929,CH4,CAL-SEC-4.2.6,content,TEXT_EXTRACTED,UNVERIFIED
1935,1930,CH4,CAL-SEC-4.2.6,content,TEXT_EXTRACTED,UNVERIFIED
1936,1931,CH4,CAL-SEC-4.2.6,content,TEXT_EXTRACTED,UNVERIFIED
1937,1932,CH4,CAL-SEC-4.2.6,content,TEXT_EXTRACTED,UNVERIFIED
1938,1933,CH4,CAL-SEC-4.2.6,content,TEXT_EXTRACTED,UNVERIFIED
1939,1934,CH4,CAL-SEC-4.2.6,content,TEXT_EXTRACTED,UNVERIFIED
1940,1935,CH4,CAL-SEC-4.2.6,content,TEXT_EXTRACTED,UNVERIFIED
1941,1936,CH4,CAL-SEC-4.2.6,content,TEXT_EXTRACTED,UNVERIFIED
1942,1937,CH4,CAL-SEC-4.2.6,content,TEXT_EXTRACTED,UNVERIFIED
1943,1938,CH4,CAL-SEC-4.2.6,content,TEXT_EXTRACTED,UNVERIFIED
1944,1939,CH4,CAL-SEC-4.2.6,content,TEXT_EXTRACTED,UNVERIFIED
1945,1940,CH4,CAL-SEC-4.2.6,content,TEXT_EXTRACTED,UNVERIFIED
1946,1941,CH4,CAL-SEC-4.2.6,content,TEXT_EXTRACTED,UNVERIFIED
1947,1942,CH4,CAL-SEC-4.2.7,content,TEXT_EXTRACTED,UNVERIFIED
1948,1943,CH4,CAL-SEC-4.2.7,content,TEXT_EXTRACTED,UNVERIFIED
1949,1944,CH4,CAL-SEC-4.2.7,content,TEXT_EXTRACTED,UNVERIFIED
1950,1945,CH4,CAL-SEC-4.2.7,content,TEXT_EXTRACTED,UNVERIFIED
1951,1946,CH4,CAL-SEC-4.2.7,content,TEXT_EXTRACTED,UNVERIFIED
1952,1947,CH4,CAL-SEC-4.2.7,content,TEXT_EXTRACTED,UNVERIFIED
1953,1948,CH4,CAL-SEC-4.2.7,content,TEXT_EXTRACTED,UNVERIFIED
1954,1949,CH4,CAL-SEC-4.2.7,content,TEXT_EXTRACTED,UNVERIFIED
1955,1950,CH4,CAL-SEC-4.2.8,content,TEXT_EXTRACTED,UNVERIFIED
1956,1951,CH4,CAL-SEC-4.2.8,content,TEXT_EXTRACTED,UNVERIFIED
1957,1952,CH4,CAL-SEC-4.2.8,content,TEXT_EXTRACTED,UNVERIFIED
1958,1953,CH4,CAL-SEC-4.2.8,content,TEXT_EXTRACTED,UNVERIFIED
1959,1954,CH4,CAL-SEC-4.2.8,content,TEXT_EXTRACTED,UNVERIFIED
1960,1955,CH4,CAL-SEC-4.2.8,content,TEXT_EXTRACTED,UNVERIFIED
1961,1956,CH4,CAL-SEC-4.2.8,content,TEXT_EXTRACTED,UNVERIFIED
1962,1957,CH4,CAL-SEC-4.2.8,content,TEXT_EXTRACTED,UNVERIFIED
1963,1958,CH4,CAL-SEC-4.2.8,content,TEXT_EXTRACTED,UNVERIFIED
1964,1959,CH4,CAL-SEC-4.2.8,content,TEXT_EXTRACTED,UNVERIFIED
1965,1960,CH4,CAL-SEC-4.2.8,content,TEXT_EXTRACTED,UNVERIFIED
1966,1961,CH4,CAL-SEC-4.2.8,content,TEXT_EXTRACTED,UNVERIFIED
1967,1962,CH4,CAL-SEC-4.2.8,content,TEXT_EXTRACTED,UNVERIFIED
1968,1963,CH4,CAL-SEC-4.2.8,content,TEXT_EXTRACTED,UNVERIFIED
1969,1964,CH4,CAL-SEC-4.2.8,content,TEXT_EXTRACTED,UNVERIFIED
1970,1965,CH4,CAL-SEC-4.2.8,content,TEXT_EXTRACTED,UNVERIFIED
1971,1966,CH4,CAL-SEC-4.2.8,content,TEXT_EXTRACTED,UNVERIFIED
1972,1967,CH4,CAL-SEC-4.2.8,content,TEXT_EXTRACTED,UNVERIFIED
1973,1968,CH4,CAL-SEC-4.2.8,content,TEXT_EXTRACTED,UNVERIFIED
1974,1969,CH4,CAL-SEC-4.2.8,content,TEXT_EXTRACTED,UNVERIFIED
1975,1970,CH4,CAL-SEC-4.2.8,content,TEXT_EXTRACTED,UNVERIFIED
1976,1971,CH4,CAL-SEC-4.2.8,content,TEXT_EXTRACTED,UNVERIFIED
1977,1972,CH4,CAL-SEC-4.2.8,content,TEXT_EXTRACTED,UNVERIFIED
1978,1973,CH4,CAL-SEC-4.2.8,content,TEXT_EXTRACTED,UNVERIFIED
1979,1974,CH4,CAL-SEC-4.2.8,content,TEXT_EXTRACTED,UNVERIFIED
1980,1975,CH4,CAL-SEC-4.2.8,content,TEXT_EXTRACTED,UNVERIFIED
1981,1976,CH4,CAL-SEC-4.2.8,content,TEXT_EXTRACTED,UNVERIFIED
1982,1977,CH4,CAL-SEC-4.2.8,content,TEXT_EXTRACTED,UNVERIFIED
1983,1978,CH4,CAL-SEC-4.2.8,content,TEXT_EXTRACTED,UNVERIFIED
1984,1979,CH4,CAL-SEC-4.2.8,content,TEXT_EXTRACTED,UNVERIFIED
1985,1980,CH4,CAL-SEC-4.2.8,content,TEXT_EXTRACTED,UNVERIFIED
1986,1981,CH4,CAL-SEC-4.2.8,content,TEXT_EXTRACTED,UNVERIFIED
1987,1982,CH4,CAL-SEC-4.2.8,content,TEXT_EXTRACTED,UNVERIFIED
1988,1983,CH4,CAL-SEC-4.2.8,content,TEXT_EXTRACTED,UNVERIFIED
1989,1984,CH4,CAL-SEC-4.2.8,content,TEXT_EXTRACTED,UNVERIFIED
1990,1985,CH4,CAL-SEC-4.2.8,content,TEXT_EXTRACTED,UNVERIFIED
1991,1986,CH4,CAL-SEC-4.2.8,content,TEXT_EXTRACTED,UNVERIFIED
1992,1987,CH4,CAL-SEC-4.2.8,content,TEXT_EXTRACTED,UNVERIFIED
1993,1988,CH4,CAL-SEC-4.2.8,content,TEXT_EXTRACTED,UNVERIFIED
1994,1989,CH4,CAL-SEC-4.2.8,content,TEXT_EXTRACTED,UNVERIFIED
1995,1990,CH4,CAL-SEC-4.2.8,content,TEXT_EXTRACTED,UNVERIFIED
1996,1991,CH4,CAL-SEC-4.2.8,content,TEXT_EXTRACTED,UNVERIFIED
1997,1992,CH4,CAL-SEC-4.2.8,content,TEXT_EXTRACTED,UNVERIFIED
1998,1993,CH4,CAL-SEC-4.2.8,content,TEXT_EXTRACTED,UNVERIFIED
1999,1994,CH4,CAL-SEC-4.2.8,content,TEXT_EXTRACTED,UNVERIFIED
2000,1995,CH4,CAL-SEC-4.2.8,content,TEXT_EXTRACTED,UNVERIFIED
2001,1996,CH4,CAL-SEC-4.2.8,content,TEXT_EXTRACTED,UNVERIFIED
2002,1997,CH4,CAL-SEC-4.2.8,content,TEXT_EXTRACTED,UNVERIFIED
2003,1998,CH4,CAL-SEC-4.2.9,content,TEXT_EXTRACTED,UNVERIFIED
2004,1999,CH4,CAL-SEC-4.2.9,content,TEXT_EXTRACTED,UNVERIFIED
2005,2000,CH4,CAL-SEC-4.2.9,content,TEXT_EXTRACTED,UNVERIFIED
2006,2001,CH4,CAL-SEC-4.2.9,content,TEXT_EXTRACTED,UNVERIFIED
2007,2002,CH4,CAL-SEC-4.2.9,content,TEXT_EXTRACTED,UNVERIFIED
2008,2003,CH4,CAL-SEC-4.2.9,content,TEXT_EXTRACTED,UNVERIFIED
2009,2004,CH4,CAL-SEC-4.2.9,content,TEXT_EXTRACTED,UNVERIFIED
2010,2005,CH4,CAL-SEC-4.2.9,content,TEXT_EXTRACTED,UNVERIFIED
2011,2006,CH4,CAL-SEC-4.2.9,content,TEXT_EXTRACTED,UNVERIFIED
2012,2007,CH4,CAL-SEC-4.2.9,content,TEXT_EXTRACTED,UNVERIFIED
2013,2008,CH4,CAL-SEC-4.2.9,content,TEXT_EXTRACTED,UNVERIFIED
2014,2009,CH4,CAL-SEC-4.2.9,content,TEXT_EXTRACTED,UNVERIFIED
2015,2010,CH4,CAL-SEC-4.2.9,content,TEXT_EXTRACTED,UNVERIFIED
2016,2011,CH4,CAL-SEC-4.2.9,content,TEXT_EXTRACTED,UNVERIFIED
2017,2012,CH4,CAL-SEC-4.2.9,content,TEXT_EXTRACTED,UNVERIFIED
2018,2013,CH4,CAL-SEC-4.2.9,content,TEXT_EXTRACTED,UNVERIFIED
2019,2014,CH4,CAL-SEC-4.2.9,content,TEXT_EXTRACTED,UNVERIFIED
2020,2015,CH4,CAL-SEC-4.2.9,content,TEXT_EXTRACTED,UNVERIFIED
2021,2016,CH4,CAL-SEC-4.2.9,content,TEXT_EXTRACTED,UNVERIFIED
2022,2017,CH4,CAL-SEC-4.2.9,content,TEXT_EXTRACTED,UNVERIFIED
2023,2018,CH4,CAL-SEC-4.2.10,content,TEXT_EXTRACTED,UNVERIFIED
2024,2019,CH4,CAL-SEC-4.2.10,content,TEXT_EXTRACTED,UNVERIFIED
2025,2020,CH4,CAL-SEC-4.2.10,content,TEXT_EXTRACTED,UNVERIFIED
2026,2021,CH5,CAL-SEC-ch5,content,TEXT_EXTRACTED,UNVERIFIED
2027,2022,CH5,CAL-SEC-5.1,content,TEXT_EXTRACTED,UNVERIFIED
2028,2023,CH5,CAL-SEC-5.1.1,content,TEXT_EXTRACTED,UNVERIFIED
2029,2024,CH5,CAL-SEC-5.1.1,content,TEXT_EXTRACTED,UNVERIFIED
2030,2025,CH5,CAL-SEC-5.1.1,content,TEXT_EXTRACTED,UNVERIFIED
2031,2026,CH5,CAL-SEC-5.1.1,content,TEXT_EXTRACTED,UNVERIFIED
2032,2027,CH5,CAL-SEC-5.1.1,content,TEXT_EXTRACTED,UNVERIFIED
2033,2028,CH5,CAL-SEC-5.1.1,content,TEXT_EXTRACTED,UNVERIFIED
2034,2029,CH5,CAL-SEC-5.1.1,content,TEXT_EXTRACTED,UNVERIFIED
2035,2030,CH5,CAL-SEC-5.1.1,content,TEXT_EXTRACTED,UNVERIFIED
2036,2031,CH5,CAL-SEC-5.1.1,content,TEXT_EXTRACTED,UNVERIFIED
2037,2032,CH5,CAL-SEC-5.1.1,content,TEXT_EXTRACTED,UNVERIFIED
2038,2033,CH5,CAL-SEC-5.1.1,content,TEXT_EXTRACTED,UNVERIFIED
2039,2034,CH5,CAL-SEC-5.1.1,content,TEXT_EXTRACTED,UNVERIFIED
2040,2035,CH5,CAL-SEC-5.1.1,content,TEXT_EXTRACTED,UNVERIFIED
2041,2036,CH5,CAL-SEC-5.1.1,content,TEXT_EXTRACTED,UNVERIFIED
2042,2037,CH5,CAL-SEC-5.1.1,content,TEXT_EXTRACTED,UNVERIFIED
2043,2038,CH5,CAL-SEC-5.1.1,content,TEXT_EXTRACTED,UNVERIFIED
2044,2039,CH5,CAL-SEC-5.1.1,content,TEXT_EXTRACTED,UNVERIFIED
2045,2040,CH5,CAL-SEC-5.1.1,content,TEXT_EXTRACTED,UNVERIFIED
2046,2041,CH5,CAL-SEC-5.1.1,content,TEXT_EXTRACTED,UNVERIFIED
2047,2042,CH5,CAL-SEC-5.1.1,content,TEXT_EXTRACTED,UNVERIFIED
2048,2043,CH5,CAL-SEC-5.1.1,content,TEXT_EXTRACTED,UNVERIFIED
2049,2044,CH5,CAL-SEC-5.1.1,content,TEXT_EXTRACTED,UNVERIFIED
2050,2045,CH5,CAL-SEC-5.1.1,content,TEXT_EXTRACTED,UNVERIFIED
2051,2046,CH5,CAL-SEC-5.1.1,content,TEXT_EXTRACTED,UNVERIFIED
2052,2047,CH5,CAL-SEC-5.1.1,content,TEXT_EXTRACTED,UNVERIFIED
2053,2048,CH5,CAL-SEC-5.1.1,content,TEXT_EXTRACTED,UNVERIFIED
2054,2049,CH5,CAL-SEC-5.1.1,content,TEXT_EXTRACTED,UNVERIFIED
2055,2050,CH5,CAL-SEC-5.1.1,content,TEXT_EXTRACTED,UNVERIFIED
2056,2051,CH5,CAL-SEC-5.1.1,content,TEXT_EXTRACTED,UNVERIFIED
2057,2052,CH5,CAL-SEC-5.1.1,content,TEXT_EXTRACTED,UNVERIFIED
2058,2053,CH5,CAL-SEC-5.1.1,content,TEXT_EXTRACTED,UNVERIFIED
2059,2054,CH5,CAL-SEC-5.1.1,content,TEXT_EXTRACTED,UNVERIFIED
2060,2055,CH5,CAL-SEC-5.1.1,content,TEXT_EXTRACTED,UNVERIFIED
2061,2056,CH5,CAL-SEC-5.1.1,content,TEXT_EXTRACTED,UNVERIFIED
2062,2057,CH5,CAL-SEC-5.1.1,content,TEXT_EXTRACTED,UNVERIFIED
2063,2058,CH5,CAL-SEC-5.1.1,content,TEXT_EXTRACTED,UNVERIFIED
2064,2059,CH5,CAL-SEC-5.1.1,content,TEXT_EXTRACTED,UNVERIFIED
2065,2060,CH5,CAL-SEC-5.1.1,content,TEXT_EXTRACTED,UNVERIFIED
2066,2061,CH5,CAL-SEC-5.1.1,content,TEXT_EXTRACTED,UNVERIFIED
2067,2062,CH5,CAL-SEC-5.1.1,content,TEXT_EXTRACTED,UNVERIFIED
2068,2063,CH5,CAL-SEC-5.1.1,content,TEXT_EXTRACTED,UNVERIFIED
2069,2064,CH5,CAL-SEC-5.1.1,content,TEXT_EXTRACTED,UNVERIFIED
2070,2065,CH5,CAL-SEC-5.1.1,content,TEXT_EXTRACTED,UNVERIFIED
2071,2066,CH5,CAL-SEC-5.1.1,content,TEXT_EXTRACTED,UNVERIFIED
2072,2067,CH5,CAL-SEC-5.1.1,content,TEXT_EXTRACTED,UNVERIFIED
2073,2068,CH5,CAL-SEC-5.1.1,content,TEXT_EXTRACTED,UNVERIFIED
2074,2069,CH5,CAL-SEC-5.1.1,content,TEXT_EXTRACTED,UNVERIFIED
2075,2070,CH5,CAL-SEC-5.1.1,content,TEXT_EXTRACTED,UNVERIFIED
2076,2071,CH5,CAL-SEC-5.1.1,content,TEXT_EXTRACTED,UNVERIFIED
2077,2072,CH5,CAL-SEC-5.1.1,content,TEXT_EXTRACTED,UNVERIFIED
2078,2073,CH5,CAL-SEC-5.1.1,content,TEXT_EXTRACTED,UNVERIFIED
2079,2074,CH5,CAL-SEC-5.1.1,content,TEXT_EXTRACTED,UNVERIFIED
2080,2075,CH5,CAL-SEC-5.1.1,content,TEXT_EXTRACTED,UNVERIFIED
2081,2076,CH5,CAL-SEC-5.1.1,content,TEXT_EXTRACTED,UNVERIFIED
2082,2077,CH5,CAL-SEC-5.1.1,content,TEXT_EXTRACTED,UNVERIFIED
2083,2078,CH5,CAL-SEC-5.1.2,content,TEXT_EXTRACTED,UNVERIFIED
2084,2079,CH5,CAL-SEC-5.1.2,content,TEXT_EXTRACTED,UNVERIFIED
2085,2080,CH5,CAL-SEC-5.1.2,content,TEXT_EXTRACTED,UNVERIFIED
2086,2081,CH5,CAL-SEC-5.1.2,content,TEXT_EXTRACTED,UNVERIFIED
2087,2082,CH5,CAL-SEC-5.1.2,content,TEXT_EXTRACTED,UNVERIFIED
2088,2083,CH5,CAL-SEC-5.1.2,content,TEXT_EXTRACTED,UNVERIFIED
2089,2084,CH5,CAL-SEC-5.1.2,content,TEXT_EXTRACTED,UNVERIFIED
2090,2085,CH5,CAL-SEC-5.1.2,content,TEXT_EXTRACTED,UNVERIFIED
2091,2086,CH5,CAL-SEC-5.1.2,content,TEXT_EXTRACTED,UNVERIFIED
2092,2087,CH5,CAL-SEC-5.1.2,content,TEXT_EXTRACTED,UNVERIFIED
2093,2088,CH5,CAL-SEC-5.1.2,content,TEXT_EXTRACTED,UNVERIFIED
2094,2089,CH5,CAL-SEC-5.1.2,content,TEXT_EXTRACTED,UNVERIFIED
2095,2090,CH5,CAL-SEC-5.1.2,content,TEXT_EXTRACTED,UNVERIFIED
2096,2091,CH5,CAL-SEC-5.1.2,content,TEXT_EXTRACTED,UNVERIFIED
2097,2092,CH5,CAL-SEC-5.1.2,content,TEXT_EXTRACTED,UNVERIFIED
2098,2093,CH5,CAL-SEC-5.1.2,content,TEXT_EXTRACTED,UNVERIFIED
2099,2094,CH5,CAL-SEC-5.1.2,content,TEXT_EXTRACTED,UNVERIFIED
2100,2095,CH5,CAL-SEC-5.1.2,content,TEXT_EXTRACTED,UNVERIFIED
2101,2096,CH5,CAL-SEC-5.1.2,content,TEXT_EXTRACTED,UNVERIFIED
2102,2097,CH5,CAL-SEC-5.1.2,content,TEXT_EXTRACTED,UNVERIFIED
2103,2098,CH5,CAL-SEC-5.1.2,content,TEXT_EXTRACTED,UNVERIFIED
2104,2099,CH5,CAL-SEC-5.1.2,content,TEXT_EXTRACTED,UNVERIFIED
2105,2100,CH5,CAL-SEC-5.1.2,content,TEXT_EXTRACTED,UNVERIFIED
2106,2101,CH5,CAL-SEC-5.1.2,content,TEXT_EXTRACTED,UNVERIFIED
2107,2102,CH5,CAL-SEC-5.1.2,content,TEXT_EXTRACTED,UNVERIFIED
2108,2103,CH5,CAL-SEC-5.1.2,content,TEXT_EXTRACTED,UNVERIFIED
2109,2104,CH5,CAL-SEC-5.1.2,content,TEXT_EXTRACTED,UNVERIFIED
2110,2105,CH5,CAL-SEC-5.1.2,content,TEXT_EXTRACTED,UNVERIFIED
2111,2106,CH5,CAL-SEC-5.1.2,content,TEXT_EXTRACTED,UNVERIFIED
2112,2107,CH5,CAL-SEC-5.1.2,content,TEXT_EXTRACTED,UNVERIFIED
2113,2108,CH5,CAL-SEC-5.1.2,content,TEXT_EXTRACTED,UNVERIFIED
2114,2109,CH5,CAL-SEC-5.1.2,content,TEXT_EXTRACTED,UNVERIFIED
2115,2110,CH5,CAL-SEC-5.1.2,content,TEXT_EXTRACTED,UNVERIFIED
2116,2111,CH5,CAL-SEC-5.1.2,content,TEXT_EXTRACTED,UNVERIFIED
2117,2112,CH5,CAL-SEC-5.1.2,content,TEXT_EXTRACTED,UNVERIFIED
2118,2113,CH5,CAL-SEC-5.1.2,content,TEXT_EXTRACTED,UNVERIFIED
2119,2114,CH5,CAL-SEC-5.1.2,content,TEXT_EXTRACTED,UNVERIFIED
2120,2115,CH5,CAL-SEC-5.1.2,content,TEXT_EXTRACTED,UNVERIFIED
2121,2116,CH5,CAL-SEC-5.1.2,content,TEXT_EXTRACTED,UNVERIFIED
2122,2117,CH5,CAL-SEC-5.1.2,content,TEXT_EXTRACTED,UNVERIFIED
2123,2118,CH5,CAL-SEC-5.1.2,content,TEXT_EXTRACTED,UNVERIFIED
2124,2119,CH5,CAL-SEC-5.1.2,content,TEXT_EXTRACTED,UNVERIFIED
2125,2120,CH5,CAL-SEC-5.1.2,content,TEXT_EXTRACTED,UNVERIFIED
2126,2121,CH5,CAL-SEC-5.1.2,content,TEXT_EXTRACTED,UNVERIFIED
2127,2122,CH5,CAL-SEC-5.1.2,content,TEXT_EXTRACTED,UNVERIFIED
2128,2123,CH5,CAL-SEC-5.1.2,content,TEXT_EXTRACTED,UNVERIFIED
2129,2124,CH5,CAL-SEC-5.1.2,content,TEXT_EXTRACTED,UNVERIFIED
2130,2125,CH5,CAL-SEC-5.1.2,content,TEXT_EXTRACTED,UNVERIFIED
2131,2126,CH5,CAL-SEC-5.1.2,content,TEXT_EXTRACTED,UNVERIFIED
2132,2127,CH5,CAL-SEC-5.1.2,content,TEXT_EXTRACTED,UNVERIFIED
2133,2128,CH5,CAL-SEC-5.1.2,content,TEXT_EXTRACTED,UNVERIFIED
2134,2129,CH5,CAL-SEC-5.1.2,content,TEXT_EXTRACTED,UNVERIFIED
2135,2130,CH5,CAL-SEC-5.1.2,content,TEXT_EXTRACTED,UNVERIFIED
2136,2131,CH5,CAL-SEC-5.1.2,content,TEXT_EXTRACTED,UNVERIFIED
2137,2132,CH5,CAL-SEC-5.1.2,content,TEXT_EXTRACTED,UNVERIFIED
2138,2133,CH5,CAL-SEC-5.1.3,content,TEXT_EXTRACTED,UNVERIFIED
2139,2134,CH5,CAL-SEC-5.1.3,content,TEXT_EXTRACTED,UNVERIFIED
2140,2135,CH5,CAL-SEC-5.1.3,content,TEXT_EXTRACTED,UNVERIFIED
2141,2136,CH5,CAL-SEC-5.1.3,content,TEXT_EXTRACTED,UNVERIFIED
2142,2137,CH5,CAL-SEC-5.1.3,content,TEXT_EXTRACTED,UNVERIFIED
2143,2138,CH5,CAL-SEC-5.1.3,content,TEXT_EXTRACTED,UNVERIFIED
2144,2139,CH5,CAL-SEC-5.1.3,content,TEXT_EXTRACTED,UNVERIFIED
2145,2140,CH5,CAL-SEC-5.1.3,content,TEXT_EXTRACTED,UNVERIFIED
2146,2141,CH5,CAL-SEC-5.1.3,content,TEXT_EXTRACTED,UNVERIFIED
2147,2142,CH5,CAL-SEC-5.1.3,content,TEXT_EXTRACTED,UNVERIFIED
2148,2143,CH5,CAL-SEC-5.1.3,content,TEXT_EXTRACTED,UNVERIFIED
2149,2144,CH5,CAL-SEC-5.1.3,content,TEXT_EXTRACTED,UNVERIFIED
2150,2145,CH5,CAL-SEC-5.1.3,content,TEXT_EXTRACTED,UNVERIFIED
2151,2146,CH5,CAL-SEC-5.1.3,content,TEXT_EXTRACTED,UNVERIFIED
2152,2147,CH5,CAL-SEC-5.1.3,content,TEXT_EXTRACTED,UNVERIFIED
2153,2148,CH5,CAL-SEC-5.1.3,content,TEXT_EXTRACTED,UNVERIFIED
2154,2149,CH5,CAL-SEC-5.1.3,content,TEXT_EXTRACTED,UNVERIFIED
2155,2150,CH5,CAL-SEC-5.1.3,content,TEXT_EXTRACTED,UNVERIFIED
2156,2151,CH5,CAL-SEC-5.1.3,content,TEXT_EXTRACTED,UNVERIFIED
2157,2152,CH5,CAL-SEC-5.1.3,content,TEXT_EXTRACTED,UNVERIFIED
2158,2153,CH5,CAL-SEC-5.1.3,content,TEXT_EXTRACTED,UNVERIFIED
2159,2154,CH5,CAL-SEC-5.1.3,content,TEXT_EXTRACTED,UNVERIFIED
2160,2155,CH5,CAL-SEC-5.1.3,content,TEXT_EXTRACTED,UNVERIFIED
2161,2156,CH5,CAL-SEC-5.1.3,content,TEXT_EXTRACTED,UNVERIFIED
2162,2157,CH5,CAL-SEC-5.1.3,content,TEXT_EXTRACTED,UNVERIFIED
2163,2158,CH5,CAL-SEC-5.1.3,content,TEXT_EXTRACTED,UNVERIFIED
2164,2159,CH5,CAL-SEC-5.1.3,content,TEXT_EXTRACTED,UNVERIFIED
2165,2160,CH5,CAL-SEC-5.1.3,content,TEXT_EXTRACTED,UNVERIFIED
2166,2161,CH5,CAL-SEC-5.1.3,content,TEXT_EXTRACTED,UNVERIFIED
2167,2162,CH5,CAL-SEC-5.1.4,content,TEXT_EXTRACTED,UNVERIFIED
2168,2163,CH5,CAL-SEC-5.1.4,content,TEXT_EXTRACTED,UNVERIFIED
2169,2164,CH5,CAL-SEC-5.1.4,content,TEXT_EXTRACTED,UNVERIFIED
2170,2165,CH5,CAL-SEC-5.1.4,content,TEXT_EXTRACTED,UNVERIFIED
2171,2166,CH5,CAL-SEC-5.1.4,content,TEXT_EXTRACTED,UNVERIFIED
2172,2167,CH5,CAL-SEC-5.1.4,content,TEXT_EXTRACTED,UNVERIFIED
2173,2168,CH5,CAL-SEC-5.1.4,content,TEXT_EXTRACTED,UNVERIFIED
2174,2169,CH5,CAL-SEC-5.1.4,content,TEXT_EXTRACTED,UNVERIFIED
2175,2170,CH5,CAL-SEC-5.1.4,content,TEXT_EXTRACTED,UNVERIFIED
2176,2171,CH5,CAL-SEC-5.1.4,content,TEXT_EXTRACTED,UNVERIFIED
2177,2172,CH5,CAL-SEC-5.1.4,content,TEXT_EXTRACTED,UNVERIFIED
2178,2173,CH5,CAL-SEC-5.1.4,content,TEXT_EXTRACTED,UNVERIFIED
2179,2174,CH5,CAL-SEC-5.1.4,content,TEXT_EXTRACTED,UNVERIFIED
2180,2175,CH5,CAL-SEC-5.1.4,content,TEXT_EXTRACTED,UNVERIFIED
2181,2176,CH5,CAL-SEC-5.1.4,content,TEXT_EXTRACTED,UNVERIFIED
2182,2177,CH5,CAL-SEC-5.1.4,content,TEXT_EXTRACTED,UNVERIFIED
2183,2178,CH5,CAL-SEC-5.1.4,content,TEXT_EXTRACTED,UNVERIFIED
2184,2179,CH5,CAL-SEC-5.1.4,content,TEXT_EXTRACTED,UNVERIFIED
2185,2180,CH5,CAL-SEC-5.1.4,content,TEXT_EXTRACTED,UNVERIFIED
2186,2181,CH5,CAL-SEC-5.1.4,content,TEXT_EXTRACTED,UNVERIFIED
2187,2182,CH5,CAL-SEC-5.1.4,content,TEXT_EXTRACTED,UNVERIFIED
2188,2183,CH5,CAL-SEC-5.1.4,content,TEXT_EXTRACTED,UNVERIFIED
2189,2184,CH5,CAL-SEC-5.1.4,content,TEXT_EXTRACTED,UNVERIFIED
2190,2185,CH5,CAL-SEC-5.2,content,TEXT_EXTRACTED,UNVERIFIED
2191,2186,CH5,CAL-SEC-5.2,content,TEXT_EXTRACTED,UNVERIFIED
2192,2187,CH5,CAL-SEC-5.2,content,TEXT_EXTRACTED,UNVERIFIED
2193,2188,CH5,CAL-SEC-5.2,content,TEXT_EXTRACTED,UNVERIFIED
2194,2189,CH5,CAL-SEC-5.2,content,TEXT_EXTRACTED,UNVERIFIED
2195,2190,CH5,CAL-SEC-5.2,content,TEXT_EXTRACTED,UNVERIFIED
2196,2191,CH5,CAL-SEC-5.2,content,TEXT_EXTRACTED,UNVERIFIED
2197,2192,CH5,CAL-SEC-5.2,content,TEXT_EXTRACTED,UNVERIFIED
2198,2193,CH5,CAL-SEC-5.3,content,TEXT_EXTRACTED,UNVERIFIED
2199,2194,CH5,CAL-SEC-5.3,content,TEXT_EXTRACTED,UNVERIFIED
2200,2195,CH5,CAL-SEC-5.3,content,TEXT_EXTRACTED,UNVERIFIED
2201,2196,CH5,CAL-SEC-5.3,content,TEXT_EXTRACTED,UNVERIFIED
2202,2197,CH5,CAL-SEC-5.3,content,TEXT_EXTRACTED,UNVERIFIED
2203,2198,CH5,CAL-SEC-5.3,content,TEXT_EXTRACTED,UNVERIFIED
2204,2199,CH5,CAL-SEC-5.3,content,TEXT_EXTRACTED,UNVERIFIED
2205,2200,CH5,CAL-SEC-5.3,content,TEXT_EXTRACTED,UNVERIFIED
2206,2201,CH5,CAL-SEC-5.4,content,TEXT_EXTRACTED,UNVERIFIED
2207,2202,CH5,CAL-SEC-5.4.1,content,TEXT_EXTRACTED,UNVERIFIED
2208,2203,CH5,CAL-SEC-5.4.1,content,TEXT_EXTRACTED,UNVERIFIED
2209,2204,CH5,CAL-SEC-5.4.1,content,TEXT_EXTRACTED,UNVERIFIED
2210,2205,CH5,CAL-SEC-5.4.1,content,TEXT_EXTRACTED,UNVERIFIED
2211,2206,CH5,CAL-SEC-5.4.1,content,TEXT_EXTRACTED,UNVERIFIED
2212,2207,CH5,CAL-SEC-5.4.1,content,TEXT_EXTRACTED,UNVERIFIED
2213,2208,CH5,CAL-SEC-5.4.1,content,TEXT_EXTRACTED,UNVERIFIED
2214,2209,CH5,CAL-SEC-5.4.1,content,TEXT_EXTRACTED,UNVERIFIED
2215,2210,CH5,CAL-SEC-5.4.1,content,TEXT_EXTRACTED,UNVERIFIED
2216,2211,CH5,CAL-SEC-5.4.1,content,TEXT_EXTRACTED,UNVERIFIED
2217,2212,CH5,CAL-SEC-5.4.1,content,TEXT_EXTRACTED,UNVERIFIED
2218,2213,CH5,CAL-SEC-5.4.1,content,TEXT_EXTRACTED,UNVERIFIED
2219,2214,CH5,CAL-SEC-5.4.1,content,TEXT_EXTRACTED,UNVERIFIED
2220,2215,CH5,CAL-SEC-5.4.2,content,TEXT_EXTRACTED,UNVERIFIED
2221,2216,CH5,CAL-SEC-5.4.2,content,TEXT_EXTRACTED,UNVERIFIED
2222,2217,CH5,CAL-SEC-5.4.2,content,TEXT_EXTRACTED,UNVERIFIED
2223,2218,CH5,CAL-SEC-5.4.2,content,TEXT_EXTRACTED,UNVERIFIED
2224,2219,CH5,CAL-SEC-5.4.2,content,TEXT_EXTRACTED,UNVERIFIED
2225,2220,CH5,CAL-SEC-5.4.2,content,TEXT_EXTRACTED,UNVERIFIED
2226,2221,,,end_marker,NOT_STARTED,UNVERIFIED
