audit_id,file,row_identifier,issue_type,issue_value,repaired_value,shift_delta,rationale
P2IIB-REP-0001,calculation/chapter_04/section_4_2/figures.csv,CAL-FIG-P01776-001,source_locator_derivation,CAL-P01776-TBL,calc_pdf_p1776,0,derived 'calc_pdf_p{pdf_page_number}' from pdf_page_number=1776 per locator contract
P2IIB-REP-0002,calculation/chapter_04/section_4_2/figures.csv,CAL-FIG-P01776-002,source_locator_derivation,CAL-P01776-TBL,calc_pdf_p1776,0,derived 'calc_pdf_p{pdf_page_number}' from pdf_page_number=1776 per locator contract
P2IIB-REP-0003,calculation/chapter_04/section_4_2/formulas.csv,CAL-FML-P01321-001,column_shift,"[""CAL-FML-P01321-001"", ""1321"", ""1316"", ""CAL-CH4"", ""CAL-SEC-4.2.4"", ""引張応力度制限値(限界状態3)"", ""σtud = ξ1*ξ2*Φut*σyk"", ""σtud"", ""ξ1=0.9"", ""ξ2=1.0"", ""Φut=0.85"", ""σyk=355"", ""道示Ⅱ式(5.4.22)"", ""STRESS_LIMIT_FORMULA"", ""CAL-P01321"", ""HIGH"", ""UNVERIFIED""]","[""CAL-FML-P01321-001"", ""1321"", ""1316"", ""CAL-CH4"", ""CAL-SEC-4.2.4"", ""引張応力度制限値(限界状態3)"", ""σtud = ξ1*ξ2*Φut*σyk"", ""σtud, ξ1=0.9, ξ2=1.0, Φut=0.85, σyk=355"", ""道示Ⅱ式(5.4.22)"", ""STRESS_LIMIT_FORMULA"", ""CAL-P01321"", ""HIGH"", ""UNVERIFIED""]",4,"formula row re-aligned: expression='σtud = ξ1*ξ2*Φut*σyk', variable_symbols='σtud, ξ1=0.9, ξ2=1.0, Φut=0.85, σyk=355'"
P2IIB-REP-0004,calculation/chapter_04/section_4_2/formulas.csv,CAL-FML-P01321-002,column_shift,"[""CAL-FML-P01321-002"", ""1321"", ""1316"", ""CAL-CH4"", ""CAL-SEC-4.2.4"", ""横倒れ座屈パラメータK(合成前)"", ""K = √{3+Aw/(2*Ac)}"", ""K"", ""Aw=35518"", ""Ac=13640"", ""道示Ⅱ式(5.4.25)"", ""FORMULA_DEFINITION"", ""CAL-P01321"", ""HIGH"", ""UNVERIFIED""]","[""CAL-FML-P01321-002"", ""1321"", ""1316"", ""CAL-CH4"", ""CAL-SEC-4.2.4"", ""横倒れ座屈パラメータK(合成前)"", ""K = √{3+Aw/(2*Ac)}"", ""K, Aw=35518, Ac=13640"", ""道示Ⅱ式(5.4.25)"", ""FORMULA_DEFINITION"", ""CAL-P01321"", ""HIGH"", ""UNVERIFIED""]",2,"formula row re-aligned: expression='K = √{3+Aw/(2*Ac)}', variable_symbols='K, Aw=35518, Ac=13640'"
P2IIB-REP-0005,calculation/chapter_04/section_4_2/formulas.csv,CAL-FML-P01321-003,column_shift,"[""CAL-FML-P01321-003"", ""1321"", ""1316"", ""CAL-CH4"", ""CAL-SEC-4.2.4"", ""横倒れ座屈パラメータα"", ""α = 2/π*K*√(σyk/E)*L/b"", ""α"", ""K=2.074"", ""σyk=355"", ""E=200000"", ""L=5344"", ""b=620"", ""道示Ⅱ式(5.4.25)"", ""NUMERIC_SUBSTITUTION"", ""CAL-P01321"", ""HIGH"", ""UNVERIFIED""]","[""CAL-FML-P01321-003"", ""1321"", ""1316"", ""CAL-CH4"", ""CAL-SEC-4.2.4"", ""横倒れ座屈パラメータα"", ""α = 2/π*K*√(σyk/E)*L/b"", ""α, K=2.074, σyk=355, E=200000, L=5344, b=620"", ""道示Ⅱ式(5.4.25)"", ""NUMERIC_SUBSTITUTION"", ""CAL-P01321"", ""HIGH"", ""UNVERIFIED""]",5,"formula row re-aligned: expression='α = 2/π*K*√(σyk/E)*L/b', variable_symbols='α, K=2.074, σyk=355, E=200000, L=5344, b=620'"
P2IIB-REP-0006,calculation/chapter_04/section_4_2/formulas.csv,CAL-FML-P01321-004,column_shift,"[""CAL-FML-P01321-004"", ""1321"", ""1316"", ""CAL-CH4"", ""CAL-SEC-4.2.4"", ""横倒れ座屈低減係数ρbrg"", ""ρbrg = 1.0-0.412*(α-0.2)"", ""ρbrg"", ""α=0.479"", ""道示Ⅱ式(5.4.24)"", ""NUMERIC_SUBSTITUTION"", ""CAL-P01321"", ""HIGH"", ""UNVERIFIED""]","[""CAL-FML-P01321-004"", ""1321"", ""1316"", ""CAL-CH4"", ""CAL-SEC-4.2.4"", ""横倒れ座屈低減係数ρbrg"", ""ρbrg = 1.0-0.412*(α-0.2)"", ""ρbrg, α=0.479"", ""道示Ⅱ式(5.4.24)"", ""NUMERIC_SUBSTITUTION"", ""CAL-P01321"", ""HIGH"", ""UNVERIFIED""]",1,"formula row re-aligned: expression='ρbrg = 1.0-0.412*(α-0.2)', variable_symbols='ρbrg, α=0.479'"
P2IIB-REP-0007,calculation/chapter_04/section_4_2/formulas.csv,CAL-FML-P01321-005,column_shift,"[""CAL-FML-P01321-005"", ""1321"", ""1316"", ""CAL-CH4"", ""CAL-SEC-4.2.4"", ""横倒れ座屈制限応力度"", ""σbrgd = ξ1*ξ2*Φu*ρbrg*σyk"", ""σbrgd"", ""ξ1=0.9"", ""ξ2=1.0"", ""Φu=0.85"", ""ρbrg=0.885"", ""σyk=355"", ""道示Ⅱ式(5.4.23)"", ""NUMERIC_SUBSTITUTION"", ""CAL-P01321"", ""HIGH"", ""UNVERIFIED""]","[""CAL-FML-P01321-005"", ""1321"", ""1316"", ""CAL-CH4"", ""CAL-SEC-4.2.4"", ""横倒れ座屈制限応力度"", ""σbrgd = ξ1*ξ2*Φu*ρbrg*σyk"", ""σbrgd, ξ1=0.9, ξ2=1.0, Φu=0.85, ρbrg=0.885, σyk=355"", ""道示Ⅱ式(5.4.23)"", ""NUMERIC_SUBSTITUTION"", ""CAL-P01321"", ""HIGH"", ""UNVERIFIED""]",5,"formula row re-aligned: expression='σbrgd = ξ1*ξ2*Φu*ρbrg*σyk', variable_symbols='σbrgd, ξ1=0.9, ξ2=1.0, Φu=0.85, ρbrg=0.885, σyk=355'"
P2IIB-REP-0008,calculation/chapter_04/section_4_2/formulas.csv,CAL-FML-P01321-006,column_shift,"[""CAL-FML-P01321-006"", ""1321"", ""1316"", ""CAL-CH4"", ""CAL-SEC-4.2.4"", ""局部座屈パラメータR"", ""R = (b/t)*√[σyk/E*{12*(1-μ2)/(0.43*π2)}]"", ""R"", ""b=303"", ""t=22"", ""σyk=355"", ""E=200000"", ""μ=0.30"", ""道示Ⅱ式(5.4.7)"", ""NUMERIC_SUBSTITUTION"", ""CAL-P01321"", ""HIGH"", ""UNVERIFIED""]","[""CAL-FML-P01321-006"", ""1321"", ""1316"", ""CAL-CH4"", ""CAL-SEC-4.2.4"", ""局部座屈パラメータR"", ""R = (b/t)*√[σyk/E*{12*(1-μ2)/(0.43*π2)}]"", ""R, b=303, t=22, σyk=355, E=200000, μ=0.30"", ""道示Ⅱ式(5.4.7)"", ""NUMERIC_SUBSTITUTION"", ""CAL-P01321"", ""HIGH"", ""UNVERIFIED""]",5,"formula row re-aligned: expression='R = (b/t)*√[σyk/E*{12*(1-μ2)/(0.43*π2)}]', variable_symbols='R, b=303, t=22, σyk=355, E=200000, μ=0.30'"
P2IIB-REP-0009,calculation/chapter_04/section_4_2/formulas.csv,CAL-FML-P01321-007,column_shift,"[""CAL-FML-P01321-007"", ""1321"", ""1316"", ""CAL-CH4"", ""CAL-SEC-4.2.4"", ""局部座屈低減係数ρcrl"", ""ρcrl = (0.7/R)^1.19"", ""ρcrl"", ""R=0.931"", ""道示Ⅱ式(5.4.6)"", ""NUMERIC_SUBSTITUTION"", ""CAL-P01321"", ""HIGH"", ""UNVERIFIED""]","[""CAL-FML-P01321-007"", ""1321"", ""1316"", ""CAL-CH4"", ""CAL-SEC-4.2.4"", ""局部座屈低減係数ρcrl"", ""ρcrl = (0.7/R)^1.19"", ""ρcrl, R=0.931"", ""道示Ⅱ式(5.4.6)"", ""NUMERIC_SUBSTITUTION"", ""CAL-P01321"", ""HIGH"", ""UNVERIFIED""]",1,"formula row re-aligned: expression='ρcrl = (0.7/R)^1.19', variable_symbols='ρcrl, R=0.931'"
P2IIB-REP-0010,calculation/chapter_04/section_4_2/formulas.csv,CAL-FML-P01321-008,column_shift,"[""CAL-FML-P01321-008"", ""1321"", ""1316"", ""CAL-CH4"", ""CAL-SEC-4.2.4"", ""局部座屈制限応力度"", ""σcrld = ξ1*ξ2*Φu*ρcrl*σyk"", ""σcrld"", ""ξ1=0.9"", ""ξ2=1.0"", ""Φu=0.85"", ""ρcrl=0.712"", ""σyk=355"", ""道示Ⅱ式(5.4.5)"", ""NUMERIC_SUBSTITUTION"", ""CAL-P01321"", ""HIGH"", ""UNVERIFIED""]","[""CAL-FML-P01321-008"", ""1321"", ""1316"", ""CAL-CH4"", ""CAL-SEC-4.2.4"", ""局部座屈制限応力度"", ""σcrld = ξ1*ξ2*Φu*ρcrl*σyk"", ""σcrld, ξ1=0.9, ξ2=1.0, Φu=0.85, ρcrl=0.712, σyk=355"", ""道示Ⅱ式(5.4.5)"", ""NUMERIC_SUBSTITUTION"", ""CAL-P01321"", ""HIGH"", ""UNVERIFIED""]",5,"formula row re-aligned: expression='σcrld = ξ1*ξ2*Φu*ρcrl*σyk', variable_symbols='σcrld, ξ1=0.9, ξ2=1.0, Φu=0.85, ρcrl=0.712, σyk=355'"
P2IIB-REP-0011,calculation/chapter_04/section_4_2/formulas.csv,CAL-FML-P01321-009,column_shift,"[""CAL-FML-P01321-009"", ""1321"", ""1316"", ""CAL-CH4"", ""CAL-SEC-4.2.4"", ""上フランジ圧縮制限値"", ""σcud = min(σbrgd"", ""σcrld) = min(240"", ""193) = 193 N/mm2"", ""σcud"", ""σbrgd=240"", ""σcrld=193"", ""道示Ⅱ"", ""VERIFICATION_LIMIT"", ""CAL-P01321"", ""HIGH"", ""UNVERIFIED""]","[""CAL-FML-P01321-009"", ""1321"", ""1316"", ""CAL-CH4"", ""CAL-SEC-4.2.4"", ""上フランジ圧縮制限値"", ""σcud = min(σbrgd,σcrld) = min(240,193) = 193 N/mm2"", ""σcud, σbrgd=240, σcrld=193"", ""道示Ⅱ"", ""VERIFICATION_LIMIT"", ""CAL-P01321"", ""HIGH"", ""UNVERIFIED""]",4,"formula row re-aligned: expression='σcud = min(σbrgd,σcrld) = min(240,193) = 193 N/mm2', variable_symbols='σcud, σbrgd=240, σcrld=193'"
P2IIB-REP-0012,calculation/chapter_04/section_4_2/formulas.csv,CAL-FML-P01321-010,column_shift,"[""CAL-FML-P01321-010"", ""1321"", ""1316"", ""CAL-CH4"", ""CAL-SEC-4.2.4"", ""合成後圧縮制限値"", ""σcud = ξ1*ξ2*Φu*σyk (座屈は生じないものとする)"", ""σcud"", ""ξ1=0.9"", ""ξ2=1.0"", ""Φu=0.85"", ""σyk=355"", ""道示Ⅱ式(5.4.5)"", ""STRESS_LIMIT_FORMULA"", ""CAL-P01321"", ""HIGH"", ""UNVERIFIED""]","[""CAL-FML-P01321-010"", ""1321"", ""1316"", ""CAL-CH4"", ""CAL-SEC-4.2.4"", ""合成後圧縮制限値"", ""σcud = ξ1*ξ2*Φu*σyk (座屈は生じないものとする)"", ""σcud, ξ1=0.9, ξ2=1.0, Φu=0.85, σyk=355"", ""道示Ⅱ式(5.4.5)"", ""STRESS_LIMIT_FORMULA"", ""CAL-P01321"", ""HIGH"", ""UNVERIFIED""]",4,"formula row re-aligned: expression='σcud = ξ1*ξ2*Φu*σyk (座屈は生じないものとする)', variable_symbols='σcud, ξ1=0.9, ξ2=1.0, Φu=0.85, σyk=355'"
P2IIB-REP-0013,calculation/chapter_04/section_4_2/formulas.csv,CAL-FML-P01321-011,column_shift,"[""CAL-FML-P01321-011"", ""1321"", ""1316"", ""CAL-CH4"", ""CAL-SEC-4.2.4"", ""せん断応力度制限値"", ""τud = ξ1*ξ2*Φus*τyk = 0.90*1.00*0.85*205 = 157 N/mm2"", ""τud"", ""ξ1=0.9"", ""ξ2=1.0"", ""Φus=0.85"", ""τyk=205"", ""道示Ⅱ式(5.4.28)"", ""NUMERIC_SUBSTITUTION"", ""CAL-P01321"", ""HIGH"", ""UNVERIFIED""]","[""CAL-FML-P01321-011"", ""1321"", ""1316"", ""CAL-CH4"", ""CAL-SEC-4.2.4"", ""せん断応力度制限値"", ""τud = ξ1*ξ2*Φus*τyk = 0.90*1.00*0.85*205 = 157 N/mm2"", ""τud, ξ1=0.9, ξ2=1.0, Φus=0.85, τyk=205"", ""道示Ⅱ式(5.4.28)"", ""NUMERIC_SUBSTITUTION"", ""CAL-P01321"", ""HIGH"", ""UNVERIFIED""]",4,"formula row re-aligned: expression='τud = ξ1*ξ2*Φus*τyk = 0.90*1.00*0.85*205 = 157 N/mm2', variable_symbols='τud, ξ1=0.9, ξ2=1.0, Φus=0.85, τyk=205'"
P2IIB-REP-0014,calculation/chapter_04/section_4_2/formulas.csv,CAL-FML-P01319-001,column_shift,"[""CAL-FML-P01319-001"", ""1319"", ""1314"", ""CAL-CH4"", ""CAL-SEC-4.2.4"", ""温度差床版応力度(上)"", ""σcu = 1/n*(P/A+M/I*Yc)-Ec*εt"", ""σcu"", ""P=-3158.2kN"", ""M=1686.3kNm"", ""n=7"", ""A=194650"", ""I=18008524"", ""Yc=-64.89"", ""Ec=2.857e4"", ""εt=12e-6"", ""ΔT=10"", ""道示Ⅱ式(解14.2.9)"", ""NUMERIC_SUBSTITUTION"", ""CAL-P01319"", ""HIGH"", ""UNVERIFIED""]","[""CAL-FML-P01319-001"", ""1319"", ""1314"", ""CAL-CH4"", ""CAL-SEC-4.2.4"", ""温度差床版応力度(上)"", ""σcu = 1/n*(P/A+M/I*Yc)-Ec*εt"", ""σcu, P=-3158.2kN, M=1686.3kNm, n=7, A=194650, I=18008524, Yc=-64.89, Ec=2.857e4, εt=12e-6, ΔT=10"", ""道示Ⅱ式(解14.2.9)"", ""NUMERIC_SUBSTITUTION"", ""CAL-P01319"", ""HIGH"", ""UNVERIFIED""]",9,"formula row re-aligned: expression='σcu = 1/n*(P/A+M/I*Yc)-Ec*εt', variable_symbols='σcu, P=-3158.2kN, M=1686.3kNm, n=7, A=194650, I=18008524, Yc=-64.89, Ec=2.857e4, εt=12e-6, ΔT=10'"
P2IIB-REP-0015,calculation/chapter_04/section_4_2/formulas.csv,CAL-FML-P01319-002,column_shift,"[""CAL-FML-P01319-002"", ""1319"", ""1314"", ""CAL-CH4"", ""CAL-SEC-4.2.4"", ""温度差鋼桁応力度(上)"", ""σsu = P/A+M/I*Ys"", ""σsu"", ""P=-3158.2kN"", ""M=1686.3kNm"", ""A=194650"", ""I=18008524"", ""Ys=-198.9"", ""道示Ⅱ式(解14.2.9)"", ""NUMERIC_SUBSTITUTION"", ""CAL-P01319"", ""HIGH"", ""UNVERIFIED""]","[""CAL-FML-P01319-002"", ""1319"", ""1314"", ""CAL-CH4"", ""CAL-SEC-4.2.4"", ""温度差鋼桁応力度(上)"", ""σsu = P/A+M/I*Ys"", ""σsu, P=-3158.2kN, M=1686.3kNm, A=194650, I=18008524, Ys=-198.9"", ""道示Ⅱ式(解14.2.9)"", ""NUMERIC_SUBSTITUTION"", ""CAL-P01319"", ""HIGH"", ""UNVERIFIED""]",5,"formula row re-aligned: expression='σsu = P/A+M/I*Ys', variable_symbols='σsu, P=-3158.2kN, M=1686.3kNm, A=194650, I=18008524, Ys=-198.9'"
P2IIB-REP-0016,calculation/chapter_04/section_4_2/formulas.csv,CAL-FML-P01319-003,column_shift,"[""CAL-FML-P01319-003"", ""1319"", ""1314"", ""CAL-CH4"", ""CAL-SEC-4.2.4"", ""乾燥収縮床版応力度(上)"", ""σcu = 1/n*(P/A+M/I*Yc)+Ec2*εs"", ""σcu"", ""P=-1842.3kN"", ""M=1786.5kNm"", ""n=21"", ""A=107175"", ""I=13440812"", ""Yc=-1084.7"", ""Ec2=0.952e4"", ""εs=20e-5"", ""道示Ⅱ式(解14.2.10)"", ""NUMERIC_SUBSTITUTION"", ""CAL-P01319"", ""HIGH"", ""UNVERIFIED""]","[""CAL-FML-P01319-003"", ""1319"", ""1314"", ""CAL-CH4"", ""CAL-SEC-4.2.4"", ""乾燥収縮床版応力度(上)"", ""σcu = 1/n*(P/A+M/I*Yc)+Ec2*εs"", ""σcu, P=-1842.3kN, M=1786.5kNm, n=21, A=107175, I=13440812, Yc=-1084.7, Ec2=0.952e4, εs=20e-5"", ""道示Ⅱ式(解14.2.10)"", ""NUMERIC_SUBSTITUTION"", ""CAL-P01319"", ""HIGH"", ""UNVERIFIED""]",8,"formula row re-aligned: expression='σcu = 1/n*(P/A+M/I*Yc)+Ec2*εs', variable_symbols='σcu, P=-1842.3kN, M=1786.5kNm, n=21, A=107175, I=13440812, Yc=-1084.7, Ec2=0.952e4, εs=20e-5'"
P2IIB-REP-0017,calculation/chapter_04/section_4_2/formulas.csv,CAL-FML-P01319-004,column_shift,"[""CAL-FML-P01319-004"", ""1319"", ""1314"", ""CAL-CH4"", ""CAL-SEC-4.2.4"", ""乾燥収縮鋼桁応力度(上)"", ""σsu = P/A+M/I*Ys"", ""σsu"", ""P=-1842.3kN"", ""M=1786.5kNm"", ""A=107175"", ""I=13440812"", ""Ys=-634.7"", ""道示Ⅱ式(解14.2.10)"", ""NUMERIC_SUBSTITUTION"", ""CAL-P01319"", ""HIGH"", ""UNVERIFIED""]","[""CAL-FML-P01319-004"", ""1319"", ""1314"", ""CAL-CH4"", ""CAL-SEC-4.2.4"", ""乾燥収縮鋼桁応力度(上)"", ""σsu = P/A+M/I*Ys"", ""σsu, P=-1842.3kN, M=1786.5kNm, A=107175, I=13440812, Ys=-634.7"", ""道示Ⅱ式(解14.2.10)"", ""NUMERIC_SUBSTITUTION"", ""CAL-P01319"", ""HIGH"", ""UNVERIFIED""]",5,"formula row re-aligned: expression='σsu = P/A+M/I*Ys', variable_symbols='σsu, P=-1842.3kN, M=1786.5kNm, A=107175, I=13440812, Ys=-634.7'"
P2IIB-REP-0018,calculation/chapter_04/section_4_2/formulas.csv,CAL-FML-P01319-005,column_shift,"[""CAL-FML-P01319-005"", ""1319"", ""1314"", ""CAL-CH4"", ""CAL-SEC-4.2.4"", ""曲げとせん断の同時性照査(限界状態1)"", ""κ = (σm/σa)^2 + (τ/τa)^2 <= 1.2"", ""κ"", ""σm=-43"", ""σa=312"", ""τ=53"", ""τa=157"", ""道示Ⅱ"", ""VERIFICATION_CHECK"", ""CAL-P01319"", ""HIGH"", ""UNVERIFIED""]","[""CAL-FML-P01319-005"", ""1319"", ""1314"", ""CAL-CH4"", ""CAL-SEC-4.2.4"", ""曲げとせん断の同時性照査(限界状態1)"", ""κ = (σm/σa)^2 + (τ/τa)^2 <= 1.2"", ""κ, σm=-43, σa=312, τ=53, τa=157"", ""道示Ⅱ"", ""VERIFICATION_CHECK"", ""CAL-P01319"", ""HIGH"", ""UNVERIFIED""]",4,"formula row re-aligned: expression='κ = (σm/σa)^2 + (τ/τa)^2 <= 1.2', variable_symbols='κ, σm=-43, σa=312, τ=53, τa=157'"
P2IIB-REP-0019,calculation/chapter_04/section_4_2/formulas.csv,CAL-FML-P01284-001,source_locator_derivation,CAL-P01284,calc_pdf_p1284,0,derived 'calc_pdf_p{pdf_page_number}' from pdf_page_number=1284 per locator contract
P2IIB-REP-0020,calculation/chapter_04/section_4_2/formulas.csv,CAL-FML-P01284-002,source_locator_derivation,CAL-P01284,calc_pdf_p1284,0,derived 'calc_pdf_p{pdf_page_number}' from pdf_page_number=1284 per locator contract
P2IIB-REP-0021,calculation/chapter_04/section_4_2/formulas.csv,CAL-FML-P01321-001,source_locator_derivation,CAL-P01321,calc_pdf_p1321,0,derived 'calc_pdf_p{pdf_page_number}' from pdf_page_number=1321 per locator contract
P2IIB-REP-0022,calculation/chapter_04/section_4_2/formulas.csv,CAL-FML-P01321-002,source_locator_derivation,CAL-P01321,calc_pdf_p1321,0,derived 'calc_pdf_p{pdf_page_number}' from pdf_page_number=1321 per locator contract
P2IIB-REP-0023,calculation/chapter_04/section_4_2/formulas.csv,CAL-FML-P01321-003,source_locator_derivation,CAL-P01321,calc_pdf_p1321,0,derived 'calc_pdf_p{pdf_page_number}' from pdf_page_number=1321 per locator contract
P2IIB-REP-0024,calculation/chapter_04/section_4_2/formulas.csv,CAL-FML-P01321-004,source_locator_derivation,CAL-P01321,calc_pdf_p1321,0,derived 'calc_pdf_p{pdf_page_number}' from pdf_page_number=1321 per locator contract
P2IIB-REP-0025,calculation/chapter_04/section_4_2/formulas.csv,CAL-FML-P01321-005,source_locator_derivation,CAL-P01321,calc_pdf_p1321,0,derived 'calc_pdf_p{pdf_page_number}' from pdf_page_number=1321 per locator contract
P2IIB-REP-0026,calculation/chapter_04/section_4_2/formulas.csv,CAL-FML-P01321-006,source_locator_derivation,CAL-P01321,calc_pdf_p1321,0,derived 'calc_pdf_p{pdf_page_number}' from pdf_page_number=1321 per locator contract
P2IIB-REP-0027,calculation/chapter_04/section_4_2/formulas.csv,CAL-FML-P01321-007,source_locator_derivation,CAL-P01321,calc_pdf_p1321,0,derived 'calc_pdf_p{pdf_page_number}' from pdf_page_number=1321 per locator contract
P2IIB-REP-0028,calculation/chapter_04/section_4_2/formulas.csv,CAL-FML-P01321-008,source_locator_derivation,CAL-P01321,calc_pdf_p1321,0,derived 'calc_pdf_p{pdf_page_number}' from pdf_page_number=1321 per locator contract
P2IIB-REP-0029,calculation/chapter_04/section_4_2/formulas.csv,CAL-FML-P01321-009,source_locator_derivation,CAL-P01321,calc_pdf_p1321,0,derived 'calc_pdf_p{pdf_page_number}' from pdf_page_number=1321 per locator contract
P2IIB-REP-0030,calculation/chapter_04/section_4_2/formulas.csv,CAL-FML-P01321-010,source_locator_derivation,CAL-P01321,calc_pdf_p1321,0,derived 'calc_pdf_p{pdf_page_number}' from pdf_page_number=1321 per locator contract
P2IIB-REP-0031,calculation/chapter_04/section_4_2/formulas.csv,CAL-FML-P01321-011,source_locator_derivation,CAL-P01321,calc_pdf_p1321,0,derived 'calc_pdf_p{pdf_page_number}' from pdf_page_number=1321 per locator contract
P2IIB-REP-0032,calculation/chapter_04/section_4_2/formulas.csv,CAL-FML-P01319-001,source_locator_derivation,CAL-P01319,calc_pdf_p1319,0,derived 'calc_pdf_p{pdf_page_number}' from pdf_page_number=1319 per locator contract
P2IIB-REP-0033,calculation/chapter_04/section_4_2/formulas.csv,CAL-FML-P01319-002,source_locator_derivation,CAL-P01319,calc_pdf_p1319,0,derived 'calc_pdf_p{pdf_page_number}' from pdf_page_number=1319 per locator contract
P2IIB-REP-0034,calculation/chapter_04/section_4_2/formulas.csv,CAL-FML-P01319-003,source_locator_derivation,CAL-P01319,calc_pdf_p1319,0,derived 'calc_pdf_p{pdf_page_number}' from pdf_page_number=1319 per locator contract
P2IIB-REP-0035,calculation/chapter_04/section_4_2/formulas.csv,CAL-FML-P01319-004,source_locator_derivation,CAL-P01319,calc_pdf_p1319,0,derived 'calc_pdf_p{pdf_page_number}' from pdf_page_number=1319 per locator contract
P2IIB-REP-0036,calculation/chapter_04/section_4_2/formulas.csv,CAL-FML-P01319-005,source_locator_derivation,CAL-P01319,calc_pdf_p1319,0,derived 'calc_pdf_p{pdf_page_number}' from pdf_page_number=1319 per locator contract
P2IIB-REP-0037,calculation/chapter_04/section_4_2/notes.csv,CAL-NOT-P01284-001,source_locator_derivation,CAL-P01284,calc_pdf_p1284,0,derived 'calc_pdf_p{pdf_page_number}' from pdf_page_number=1284 per locator contract
P2IIB-REP-0038,calculation/chapter_04/section_4_2/notes.csv,CAL-NOT-P01284-002,source_locator_derivation,CAL-P01284,calc_pdf_p1284,0,derived 'calc_pdf_p{pdf_page_number}' from pdf_page_number=1284 per locator contract
P2IIB-REP-0039,calculation/chapter_04/section_4_2/notes.csv,CAL-NOT-P01284-003,source_locator_derivation,CAL-P01284,calc_pdf_p1284,0,derived 'calc_pdf_p{pdf_page_number}' from pdf_page_number=1284 per locator contract
P2IIB-REP-0040,calculation/chapter_04/section_4_2/notes.csv,CAL-NOT-P01284-004,source_locator_derivation,CAL-P01284,calc_pdf_p1284,0,derived 'calc_pdf_p{pdf_page_number}' from pdf_page_number=1284 per locator contract
P2IIB-REP-0041,calculation/chapter_04/section_4_2/notes.csv,CAL-NOT-P01285-001,source_locator_derivation,CAL-P01285,calc_pdf_p1285,0,derived 'calc_pdf_p{pdf_page_number}' from pdf_page_number=1285 per locator contract
P2IIB-REP-0042,calculation/chapter_04/section_4_2/notes.csv,CAL-NOT-P01286-001,source_locator_derivation,CAL-P01286,calc_pdf_p1286,0,derived 'calc_pdf_p{pdf_page_number}' from pdf_page_number=1286 per locator contract
P2IIB-REP-0043,calculation/chapter_04/section_4_2/notes.csv,CAL-NOT-P01286-002,source_locator_derivation,CAL-P01286,calc_pdf_p1286,0,derived 'calc_pdf_p{pdf_page_number}' from pdf_page_number=1286 per locator contract
P2IIB-REP-0044,calculation/chapter_04/section_4_2/notes.csv,CAL-NOT-P01318-001,source_locator_derivation,CAL-P01318,calc_pdf_p1318,0,derived 'calc_pdf_p{pdf_page_number}' from pdf_page_number=1318 per locator contract
P2IIB-REP-0045,calculation/chapter_04/section_4_2/notes.csv,CAL-NOT-P01318-002,source_locator_derivation,CAL-P01318,calc_pdf_p1318,0,derived 'calc_pdf_p{pdf_page_number}' from pdf_page_number=1318 per locator contract
P2IIB-REP-0046,calculation/chapter_04/section_4_2/notes.csv,CAL-NOT-P01319-001,source_locator_derivation,CAL-P01319,calc_pdf_p1319,0,derived 'calc_pdf_p{pdf_page_number}' from pdf_page_number=1319 per locator contract
P2IIB-REP-0047,calculation/chapter_04/section_4_2/notes.csv,CAL-NOT-P01319-002,source_locator_derivation,CAL-P01319,calc_pdf_p1319,0,derived 'calc_pdf_p{pdf_page_number}' from pdf_page_number=1319 per locator contract
P2IIB-REP-0048,calculation/chapter_04/section_4_2/notes.csv,CAL-NOT-P01319-003,source_locator_derivation,CAL-P01319,calc_pdf_p1319,0,derived 'calc_pdf_p{pdf_page_number}' from pdf_page_number=1319 per locator contract
P2IIB-REP-0049,calculation/chapter_04/section_4_2/notes.csv,CAL-NOT-P01319-004,source_locator_derivation,CAL-P01319,calc_pdf_p1319,0,derived 'calc_pdf_p{pdf_page_number}' from pdf_page_number=1319 per locator contract
P2IIB-REP-0050,calculation/chapter_04/section_4_2/notes.csv,CAL-NOT-P01322-001,source_locator_derivation,CAL-P01322,calc_pdf_p1322,0,derived 'calc_pdf_p{pdf_page_number}' from pdf_page_number=1322 per locator contract
P2IIB-REP-0051,calculation/chapter_04/section_4_2/notes.csv,CAL-NOT-P01778-001,source_locator_derivation,P01778,calc_pdf_p1778,0,derived 'calc_pdf_p{pdf_page_number}' from pdf_page_number=1778 per locator contract
P2IIB-REP-0052,calculation/chapter_04/section_4_2/notes.csv,CAL-NOT-P01947-001,source_locator_derivation,P01947,calc_pdf_p1947,0,derived 'calc_pdf_p{pdf_page_number}' from pdf_page_number=1947 per locator contract
P2IIB-REP-0053,calculation/chapter_04/section_4_2/page_elements.csv,CAL-P01284-CAL-SEC-4.2.1-003,column_shift,"[""CAL-P01284-CAL-SEC-4.2.1-003"", ""1284"", ""1279"", ""CAL-CH4"", ""CAL-SEC-4.2.1"", ""text_block"", ""完成系: 鋼合成桁として設計。コンクリート床版は有効幅を考慮した合成断面"", ""計算応力度は道示Ⅱの規定を満足するものとする"", ""CAL-P01284"", ""TEXT_EXTRACTED"", ""HIGH"", ""Composite girder design with effective deck width per Doshin II""]","[""CAL-P01284-CAL-SEC-4.2.1-003"", ""1284"", ""1279"", ""CAL-CH4"", ""CAL-SEC-4.2.1"", ""text_block"", ""完成系: 鋼合成桁として設計。コンクリート床版は有効幅を考慮した合成断面,計算応力度は道示Ⅱの規定を満足するものとする"", ""CAL-P01284"", ""TEXT_EXTRACTED"", ""HIGH"", ""Composite girder design with effective deck width per Doshin II""]",1,"page_elements re-aligned: title_raw='完成系: 鋼合成桁として設計。コンクリート床版は有効幅を考慮した合成断面,計算応力度は道示Ⅱの規定を満足するものとする', source_locator='CAL-P01284', extraction_status='TEXT_EXTRACTED', confidence='HIGH'"
P2IIB-REP-0054,calculation/chapter_04/section_4_2/page_elements.csv,CAL-P01284-CAL-SEC-4.2.1-004,column_shift,"[""CAL-P01284-CAL-SEC-4.2.1-004"", ""1284"", ""1279"", ""CAL-CH4"", ""CAL-SEC-4.2.1"", ""text_block"", ""施工系: 合成前の鋼桁断面として死荷重及び施工時荷重に対して安全であること"", ""非合成桁と同様に断面の決定"", ""応力度照査を行う"", ""CAL-P01284"", ""TEXT_EXTRACTED"", ""HIGH"", ""Construction stage design per non-composite girder method""]","[""CAL-P01284-CAL-SEC-4.2.1-004"", ""1284"", ""1279"", ""CAL-CH4"", ""CAL-SEC-4.2.1"", ""text_block"", ""施工系: 合成前の鋼桁断面として死荷重及び施工時荷重に対して安全であること,非合成桁と同様に断面の決定,応力度照査を行う"", ""CAL-P01284"", ""TEXT_EXTRACTED"", ""HIGH"", ""Construction stage design per non-composite girder method""]",2,"page_elements re-aligned: title_raw='施工系: 合成前の鋼桁断面として死荷重及び施工時荷重に対して安全であること,非合成桁と同様に断面の決定,応力度照査を行う', source_locator='CAL-P01284', extraction_status='TEXT_EXTRACTED', confidence='HIGH'"
P2IIB-REP-0055,calculation/chapter_04/section_4_2/page_elements.csv,CAL-P01285-CAL-SEC-4.2.1-003,column_shift,"[""CAL-P01285-CAL-SEC-4.2.1-003"", ""1285"", ""1280"", ""CAL-CH4"", ""CAL-SEC-4.2.1"", ""text_block"", ""鋼材SM490Y: σy=355N/mm2"", "" σsu=490N/mm2"", "" τy=205N/mm2"", "" E=200000N/mm2"", "" G=77000N/mm2"", ""CAL-P01285"", ""TEXT_EXTRACTED"", ""HIGH"", ""Material properties SM490Y""]","[""CAL-P01285-CAL-SEC-4.2.1-003"", ""1285"", ""1280"", ""CAL-CH4"", ""CAL-SEC-4.2.1"", ""text_block"", ""鋼材SM490Y: σy=355N/mm2, σsu=490N/mm2, τy=205N/mm2, E=200000N/mm2, G=77000N/mm2"", ""CAL-P01285"", ""TEXT_EXTRACTED"", ""HIGH"", ""Material properties SM490Y""]",4,"page_elements re-aligned: title_raw='鋼材SM490Y: σy=355N/mm2, σsu=490N/mm2, τy=205N/mm2, E=200000N/mm2, G=77000N/mm2', source_locator='CAL-P01285', extraction_status='TEXT_EXTRACTED', confidence='HIGH'"
P2IIB-REP-0056,calculation/chapter_04/section_4_2/page_elements.csv,CAL-P01299-CAL-SEC-4.2.3-002,column_shift,"[""CAL-P01299-CAL-SEC-4.2.3-002"", ""1299"", ""1294"", ""CAL-CH4"", ""CAL-SEC-4.2.3"", ""text_block"", ""単位: 断面寸法=mm"", "" 断面諸量=cm/cm2/cm4"", ""CAL-P01299"", ""TEXT_EXTRACTED"", ""HIGH"", ""Units: dimensions in mm"", "" section properties in cm/cm2/cm4""]","[""CAL-P01299-CAL-SEC-4.2.3-002"", ""1299"", ""1294"", ""CAL-CH4"", ""CAL-SEC-4.2.3"", ""text_block"", ""単位: 断面寸法=mm, 断面諸量=cm/cm2/cm4"", ""CAL-P01299"", ""TEXT_EXTRACTED"", ""HIGH"", ""Units: dimensions in mm, section properties in cm/cm2/cm4""]",2,"page_elements re-aligned: title_raw='単位: 断面寸法=mm, 断面諸量=cm/cm2/cm4', source_locator='CAL-P01299', extraction_status='TEXT_EXTRACTED', confidence='HIGH'"
P2IIB-REP-0057,calculation/chapter_04/section_4_2/page_elements.csv,CAL-P01319-CAL-SEC-4.2.4-003,column_shift,"[""CAL-P01319-CAL-SEC-4.2.4-003"", ""1319"", ""1314"", ""CAL-CH4"", ""CAL-SEC-4.2.4"", ""table"", ""断面諸量一覧 AG1 Sup-1"", ""CAL-P01319"", ""TEXT_EXTRACTED"", ""MEDIUM"", ""Section properties AG1 Sup-1 (steel"", "" n=7"", "" n=14"", "" n=21"", "" steel+rebar)""]","[""CAL-P01319-CAL-SEC-4.2.4-003"", ""1319"", ""1314"", ""CAL-CH4"", ""CAL-SEC-4.2.4"", ""table"", ""断面諸量一覧 AG1 Sup-1"", ""CAL-P01319"", ""TEXT_EXTRACTED"", ""MEDIUM"", ""Section properties AG1 Sup-1 (steel, n=7, n=14, n=21, steel+rebar)""]",4,"page_elements re-aligned: title_raw='断面諸量一覧 AG1 Sup-1', source_locator='CAL-P01319', extraction_status='TEXT_EXTRACTED', confidence='MEDIUM'"
P2IIB-REP-0058,calculation/chapter_04/section_4_2/page_elements.csv,CAL-P01321-CAL-SEC-4.2.4-001,column_shift,"[""CAL-P01321-CAL-SEC-4.2.4-001"", ""1321"", ""1316"", ""CAL-CH4"", ""CAL-SEC-4.2.4"", ""text_block"", ""上フランジ応力度制限値(限界状態3) σtud=272N/mm2 σcud=min(240"", ""193)=193N/mm2"", ""CAL-P01321"", ""TEXT_EXTRACTED"", ""HIGH"", ""Upper flange stress limits""]","[""CAL-P01321-CAL-SEC-4.2.4-001"", ""1321"", ""1316"", ""CAL-CH4"", ""CAL-SEC-4.2.4"", ""text_block"", ""上フランジ応力度制限値(限界状態3) σtud=272N/mm2 σcud=min(240,193)=193N/mm2"", ""CAL-P01321"", ""TEXT_EXTRACTED"", ""HIGH"", ""Upper flange stress limits""]",1,"page_elements re-aligned: title_raw='上フランジ応力度制限値(限界状態3) σtud=272N/mm2 σcud=min(240,193)=193N/mm2', source_locator='CAL-P01321', extraction_status='TEXT_EXTRACTED', confidence='HIGH'"
P2IIB-REP-0059,calculation/chapter_04/section_4_2/page_elements.csv,CAL-P01321-CAL-SEC-4.2.4-002,column_shift,"[""CAL-P01321-CAL-SEC-4.2.4-002"", ""1321"", ""1316"", ""CAL-CH4"", ""CAL-SEC-4.2.4"", ""text_block"", ""下フランジ応力度制限値(限界状態3) σtud=272N/mm2 σcud=min(245"", ""164)=164N/mm2"", ""CAL-P01321"", ""TEXT_EXTRACTED"", ""HIGH"", ""Lower flange stress limits""]","[""CAL-P01321-CAL-SEC-4.2.4-002"", ""1321"", ""1316"", ""CAL-CH4"", ""CAL-SEC-4.2.4"", ""text_block"", ""下フランジ応力度制限値(限界状態3) σtud=272N/mm2 σcud=min(245,164)=164N/mm2"", ""CAL-P01321"", ""TEXT_EXTRACTED"", ""HIGH"", ""Lower flange stress limits""]",1,"page_elements re-aligned: title_raw='下フランジ応力度制限値(限界状態3) σtud=272N/mm2 σcud=min(245,164)=164N/mm2', source_locator='CAL-P01321', extraction_status='TEXT_EXTRACTED', confidence='HIGH'"
P2IIB-REP-0060,calculation/chapter_04/section_4_2/page_elements.csv,CAL-P01283-CAL-SEC-4.2-001,source_locator_derivation,CAL-P01283,calc_pdf_p1283,0,derived 'calc_pdf_p{pdf_page_number}' from pdf_page_number=1283 per locator contract
P2IIB-REP-0061,calculation/chapter_04/section_4_2/page_elements.csv,CAL-P01284-CAL-SEC-4.2.1-001,source_locator_derivation,CAL-P01284,calc_pdf_p1284,0,derived 'calc_pdf_p{pdf_page_number}' from pdf_page_number=1284 per locator contract
P2IIB-REP-0062,calculation/chapter_04/section_4_2/page_elements.csv,CAL-P01284-CAL-SEC-4.2.1-002,source_locator_derivation,CAL-P01284,calc_pdf_p1284,0,derived 'calc_pdf_p{pdf_page_number}' from pdf_page_number=1284 per locator contract
P2IIB-REP-0063,calculation/chapter_04/section_4_2/page_elements.csv,CAL-P01284-CAL-SEC-4.2.1-003,source_locator_derivation,CAL-P01284,calc_pdf_p1284,0,derived 'calc_pdf_p{pdf_page_number}' from pdf_page_number=1284 per locator contract
P2IIB-REP-0064,calculation/chapter_04/section_4_2/page_elements.csv,CAL-P01284-CAL-SEC-4.2.1-004,source_locator_derivation,CAL-P01284,calc_pdf_p1284,0,derived 'calc_pdf_p{pdf_page_number}' from pdf_page_number=1284 per locator contract
P2IIB-REP-0065,calculation/chapter_04/section_4_2/page_elements.csv,CAL-P01284-CAL-SEC-4.2.1-005,source_locator_derivation,CAL-P01284,calc_pdf_p1284,0,derived 'calc_pdf_p{pdf_page_number}' from pdf_page_number=1284 per locator contract
P2IIB-REP-0066,calculation/chapter_04/section_4_2/page_elements.csv,CAL-P01285-CAL-SEC-4.2.1-001,source_locator_derivation,CAL-P01285,calc_pdf_p1285,0,derived 'calc_pdf_p{pdf_page_number}' from pdf_page_number=1285 per locator contract
P2IIB-REP-0067,calculation/chapter_04/section_4_2/page_elements.csv,CAL-P01285-CAL-SEC-4.2.1-002,source_locator_derivation,CAL-P01285,calc_pdf_p1285,0,derived 'calc_pdf_p{pdf_page_number}' from pdf_page_number=1285 per locator contract
P2IIB-REP-0068,calculation/chapter_04/section_4_2/page_elements.csv,CAL-P01285-CAL-SEC-4.2.1-003,source_locator_derivation,CAL-P01285,calc_pdf_p1285,0,derived 'calc_pdf_p{pdf_page_number}' from pdf_page_number=1285 per locator contract
P2IIB-REP-0069,calculation/chapter_04/section_4_2/page_elements.csv,CAL-P01286-CAL-SEC-4.2.1-001,source_locator_derivation,CAL-P01286,calc_pdf_p1286,0,derived 'calc_pdf_p{pdf_page_number}' from pdf_page_number=1286 per locator contract
P2IIB-REP-0070,calculation/chapter_04/section_4_2/page_elements.csv,CAL-P01286-CAL-SEC-4.2.1-002,source_locator_derivation,CAL-P01286,calc_pdf_p1286,0,derived 'calc_pdf_p{pdf_page_number}' from pdf_page_number=1286 per locator contract
P2IIB-REP-0071,calculation/chapter_04/section_4_2/page_elements.csv,CAL-P01287-CAL-SEC-4.2.2-001,source_locator_derivation,CAL-P01287,calc_pdf_p1287,0,derived 'calc_pdf_p{pdf_page_number}' from pdf_page_number=1287 per locator contract
P2IIB-REP-0072,calculation/chapter_04/section_4_2/page_elements.csv,CAL-P01287-CAL-SEC-4.2.2-002,source_locator_derivation,CAL-P01287,calc_pdf_p1287,0,derived 'calc_pdf_p{pdf_page_number}' from pdf_page_number=1287 per locator contract
P2IIB-REP-0073,calculation/chapter_04/section_4_2/page_elements.csv,CAL-P01299-CAL-SEC-4.2.3-001,source_locator_derivation,CAL-P01299,calc_pdf_p1299,0,derived 'calc_pdf_p{pdf_page_number}' from pdf_page_number=1299 per locator contract
P2IIB-REP-0074,calculation/chapter_04/section_4_2/page_elements.csv,CAL-P01299-CAL-SEC-4.2.3-002,source_locator_derivation,CAL-P01299,calc_pdf_p1299,0,derived 'calc_pdf_p{pdf_page_number}' from pdf_page_number=1299 per locator contract
P2IIB-REP-0075,calculation/chapter_04/section_4_2/page_elements.csv,CAL-P01299-CAL-SEC-4.2.3-003,source_locator_derivation,CAL-P01299,calc_pdf_p1299,0,derived 'calc_pdf_p{pdf_page_number}' from pdf_page_number=1299 per locator contract
P2IIB-REP-0076,calculation/chapter_04/section_4_2/page_elements.csv,CAL-P01299-CAL-SEC-4.2.3-004,source_locator_derivation,CAL-P01299,calc_pdf_p1299,0,derived 'calc_pdf_p{pdf_page_number}' from pdf_page_number=1299 per locator contract
P2IIB-REP-0077,calculation/chapter_04/section_4_2/page_elements.csv,CAL-P01299-CAL-SEC-4.2.3-005,source_locator_derivation,CAL-P01299,calc_pdf_p1299,0,derived 'calc_pdf_p{pdf_page_number}' from pdf_page_number=1299 per locator contract
P2IIB-REP-0078,calculation/chapter_04/section_4_2/page_elements.csv,CAL-P01299-CAL-SEC-4.2.3-006,source_locator_derivation,CAL-P01299,calc_pdf_p1299,0,derived 'calc_pdf_p{pdf_page_number}' from pdf_page_number=1299 per locator contract
P2IIB-REP-0079,calculation/chapter_04/section_4_2/page_elements.csv,CAL-P01318-CAL-SEC-4.2.4-001,source_locator_derivation,CAL-P01318,calc_pdf_p1318,0,derived 'calc_pdf_p{pdf_page_number}' from pdf_page_number=1318 per locator contract
P2IIB-REP-0080,calculation/chapter_04/section_4_2/page_elements.csv,CAL-P01318-CAL-SEC-4.2.4-002,source_locator_derivation,CAL-P01318,calc_pdf_p1318,0,derived 'calc_pdf_p{pdf_page_number}' from pdf_page_number=1318 per locator contract
P2IIB-REP-0081,calculation/chapter_04/section_4_2/page_elements.csv,CAL-P01319-CAL-SEC-4.2.4-001,source_locator_derivation,CAL-P01319,calc_pdf_p1319,0,derived 'calc_pdf_p{pdf_page_number}' from pdf_page_number=1319 per locator contract
P2IIB-REP-0082,calculation/chapter_04/section_4_2/page_elements.csv,CAL-P01319-CAL-SEC-4.2.4-002,source_locator_derivation,CAL-P01319,calc_pdf_p1319,0,derived 'calc_pdf_p{pdf_page_number}' from pdf_page_number=1319 per locator contract
P2IIB-REP-0083,calculation/chapter_04/section_4_2/page_elements.csv,CAL-P01319-CAL-SEC-4.2.4-003,source_locator_derivation,CAL-P01319,calc_pdf_p1319,0,derived 'calc_pdf_p{pdf_page_number}' from pdf_page_number=1319 per locator contract
P2IIB-REP-0084,calculation/chapter_04/section_4_2/page_elements.csv,CAL-P01319-CAL-SEC-4.2.4-004,source_locator_derivation,CAL-P01319,calc_pdf_p1319,0,derived 'calc_pdf_p{pdf_page_number}' from pdf_page_number=1319 per locator contract
P2IIB-REP-0085,calculation/chapter_04/section_4_2/page_elements.csv,CAL-P01319-CAL-SEC-4.2.4-005,source_locator_derivation,CAL-P01319,calc_pdf_p1319,0,derived 'calc_pdf_p{pdf_page_number}' from pdf_page_number=1319 per locator contract
P2IIB-REP-0086,calculation/chapter_04/section_4_2/page_elements.csv,CAL-P01320-CAL-SEC-4.2.4-001,source_locator_derivation,CAL-P01320,calc_pdf_p1320,0,derived 'calc_pdf_p{pdf_page_number}' from pdf_page_number=1320 per locator contract
P2IIB-REP-0087,calculation/chapter_04/section_4_2/page_elements.csv,CAL-P01321-CAL-SEC-4.2.4-001,source_locator_derivation,CAL-P01321,calc_pdf_p1321,0,derived 'calc_pdf_p{pdf_page_number}' from pdf_page_number=1321 per locator contract
P2IIB-REP-0088,calculation/chapter_04/section_4_2/page_elements.csv,CAL-P01321-CAL-SEC-4.2.4-002,source_locator_derivation,CAL-P01321,calc_pdf_p1321,0,derived 'calc_pdf_p{pdf_page_number}' from pdf_page_number=1321 per locator contract
P2IIB-REP-0089,calculation/chapter_04/section_4_2/page_elements.csv,CAL-P01321-CAL-SEC-4.2.4-003,source_locator_derivation,CAL-P01321,calc_pdf_p1321,0,derived 'calc_pdf_p{pdf_page_number}' from pdf_page_number=1321 per locator contract
P2IIB-REP-0090,calculation/chapter_04/section_4_2/page_elements.csv,CAL-P01322-CAL-SEC-4.2.4-001,source_locator_derivation,CAL-P01322,calc_pdf_p1322,0,derived 'calc_pdf_p{pdf_page_number}' from pdf_page_number=1322 per locator contract
P2IIB-REP-0091,calculation/chapter_04/section_4_2/page_elements.csv,CAL-P01322-CAL-SEC-4.2.4-002,source_locator_derivation,CAL-P01322,calc_pdf_p1322,0,derived 'calc_pdf_p{pdf_page_number}' from pdf_page_number=1322 per locator contract
P2IIB-REP-0092,calculation/chapter_04/section_4_2/page_elements.csv,CAL-P01400-CAL-SEC-4.2.4-001,source_locator_derivation,CAL-P01400,calc_pdf_p1400,0,derived 'calc_pdf_p{pdf_page_number}' from pdf_page_number=1400 per locator contract
P2IIB-REP-0093,calculation/chapter_04/section_4_2/page_elements.csv,CAL-P01451-CAL-SEC-4.2.4-001,source_locator_derivation,CAL-P01451,calc_pdf_p1451,0,derived 'calc_pdf_p{pdf_page_number}' from pdf_page_number=1451 per locator contract
P2IIB-REP-0094,calculation/chapter_04/section_4_2/page_elements.csv,CAL-P01520-CAL-SEC-4.2.4-001,source_locator_derivation,CAL-P01520,calc_pdf_p1520,0,derived 'calc_pdf_p{pdf_page_number}' from pdf_page_number=1520 per locator contract
P2IIB-REP-0095,calculation/chapter_04/section_4_2/page_elements.csv,CAL-P01598-CAL-SEC-4.2.4-001,source_locator_derivation,CAL-P01598,calc_pdf_p1598,0,derived 'calc_pdf_p{pdf_page_number}' from pdf_page_number=1598 per locator contract
P2IIB-REP-0096,calculation/chapter_04/section_4_2/page_elements.csv,CAL-P01680-CAL-SEC-4.2.4-001,source_locator_derivation,CAL-P01680,calc_pdf_p1680,0,derived 'calc_pdf_p{pdf_page_number}' from pdf_page_number=1680 per locator contract
P2IIB-REP-0097,calculation/chapter_04/section_4_2/page_elements.csv,CAL-P01776-CAL-SEC-4.2.5-001,source_locator_derivation,CAL-P01776,calc_pdf_p1776,0,derived 'calc_pdf_p{pdf_page_number}' from pdf_page_number=1776 per locator contract
P2IIB-REP-0098,calculation/chapter_04/section_4_2/page_elements.csv,CAL-P01776-CAL-SEC-4.2.5-002,source_locator_derivation,CAL-P01776,calc_pdf_p1776,0,derived 'calc_pdf_p{pdf_page_number}' from pdf_page_number=1776 per locator contract
P2IIB-REP-0099,calculation/chapter_04/section_4_2/page_elements.csv,CAL-P01776-CAL-SEC-4.2.5-003,source_locator_derivation,CAL-P01776,calc_pdf_p1776,0,derived 'calc_pdf_p{pdf_page_number}' from pdf_page_number=1776 per locator contract
P2IIB-REP-0100,calculation/chapter_04/section_4_2/page_elements.csv,CAL-P01778-CAL-SEC-4.2.6-001,source_locator_derivation,CAL-P01778,calc_pdf_p1778,0,derived 'calc_pdf_p{pdf_page_number}' from pdf_page_number=1778 per locator contract
P2IIB-REP-0101,calculation/chapter_04/section_4_2/page_elements.csv,CAL-P01778-CAL-SEC-4.2.6-002,source_locator_derivation,CAL-P01778,calc_pdf_p1778,0,derived 'calc_pdf_p{pdf_page_number}' from pdf_page_number=1778 per locator contract
P2IIB-REP-0102,calculation/chapter_04/section_4_2/page_elements.csv,CAL-P01947-CAL-SEC-4.2.7-001,source_locator_derivation,CAL-P01947,calc_pdf_p1947,0,derived 'calc_pdf_p{pdf_page_number}' from pdf_page_number=1947 per locator contract
P2IIB-REP-0103,calculation/chapter_04/section_4_2/page_elements.csv,CAL-P01947-CAL-SEC-4.2.7-002,source_locator_derivation,CAL-P01947,calc_pdf_p1947,0,derived 'calc_pdf_p{pdf_page_number}' from pdf_page_number=1947 per locator contract
P2IIB-REP-0104,calculation/chapter_04/section_4_2/page_elements.csv,CAL-P01955-CAL-SEC-4.2.8-001,source_locator_derivation,CAL-P01955,calc_pdf_p1955,0,derived 'calc_pdf_p{pdf_page_number}' from pdf_page_number=1955 per locator contract
P2IIB-REP-0105,calculation/chapter_04/section_4_2/page_elements.csv,CAL-P01955-CAL-SEC-4.2.8-002,source_locator_derivation,CAL-P01955,calc_pdf_p1955,0,derived 'calc_pdf_p{pdf_page_number}' from pdf_page_number=1955 per locator contract
P2IIB-REP-0106,calculation/chapter_04/section_4_2/page_elements.csv,CAL-P01955-CAL-SEC-4.2.8-003,source_locator_derivation,CAL-P01955,calc_pdf_p1955,0,derived 'calc_pdf_p{pdf_page_number}' from pdf_page_number=1955 per locator contract
P2IIB-REP-0107,calculation/chapter_04/section_4_2/page_elements.csv,CAL-P01958-CAL-SEC-4.2.8-001,source_locator_derivation,CAL-P01958,calc_pdf_p1958,0,derived 'calc_pdf_p{pdf_page_number}' from pdf_page_number=1958 per locator contract
P2IIB-REP-0108,calculation/chapter_04/section_4_2/page_elements.csv,CAL-P02003-CAL-SEC-4.2.8-001,source_locator_derivation,CAL-P02003,calc_pdf_p2003,0,derived 'calc_pdf_p{pdf_page_number}' from pdf_page_number=2003 per locator contract
P2IIB-REP-0109,calculation/chapter_04/section_4_2/page_elements.csv,CAL-P02003-CAL-SEC-4.2.8-002,source_locator_derivation,CAL-P02003,calc_pdf_p2003,0,derived 'calc_pdf_p{pdf_page_number}' from pdf_page_number=2003 per locator contract
P2IIB-REP-0110,calculation/chapter_04/section_4_2/page_elements.csv,CAL-P02076-CAL-SEC-4.2.8-001,source_locator_derivation,CAL-P02076,calc_pdf_p2076,0,derived 'calc_pdf_p{pdf_page_number}' from pdf_page_number=2076 per locator contract
P2IIB-REP-0111,calculation/chapter_04/section_4_2/page_elements.csv,CAL-P02076-CAL-SEC-4.2.8-002,source_locator_derivation,CAL-P02076,calc_pdf_p2076,0,derived 'calc_pdf_p{pdf_page_number}' from pdf_page_number=2076 per locator contract
P2IIB-REP-0112,calculation/chapter_04/section_4_2/page_elements.csv,CAL-P02098-CAL-SEC-4.2.8-001,source_locator_derivation,CAL-P02098,calc_pdf_p2098,0,derived 'calc_pdf_p{pdf_page_number}' from pdf_page_number=2098 per locator contract
P2IIB-REP-0113,calculation/chapter_04/section_4_2/page_elements.csv,CAL-P02098-CAL-SEC-4.2.8-002,source_locator_derivation,CAL-P02098,calc_pdf_p2098,0,derived 'calc_pdf_p{pdf_page_number}' from pdf_page_number=2098 per locator contract
P2IIB-REP-0114,calculation/chapter_04/section_4_2/page_elements.csv,CAL-P02100-CAL-SEC-4.2.8-001,source_locator_derivation,CAL-P02100,calc_pdf_p2100,0,derived 'calc_pdf_p{pdf_page_number}' from pdf_page_number=2100 per locator contract
P2IIB-REP-0115,calculation/chapter_04/section_4_2/page_elements.csv,CAL-P02100-CAL-SEC-4.2.8-002,source_locator_derivation,CAL-P02100,calc_pdf_p2100,0,derived 'calc_pdf_p{pdf_page_number}' from pdf_page_number=2100 per locator contract
P2IIB-REP-0116,calculation/chapter_04/section_4_2/page_elements.csv,CAL-P02114-CAL-SEC-4.2.8-001,source_locator_derivation,CAL-P02114,calc_pdf_p2114,0,derived 'calc_pdf_p{pdf_page_number}' from pdf_page_number=2114 per locator contract
P2IIB-REP-0117,calculation/chapter_04/section_4_2/page_elements.csv,CAL-P02114-CAL-SEC-4.2.8-002,source_locator_derivation,CAL-P02114,calc_pdf_p2114,0,derived 'calc_pdf_p{pdf_page_number}' from pdf_page_number=2114 per locator contract
P2IIB-REP-0118,calculation/chapter_04/section_4_2/page_elements.csv,CAL-P02003-CAL-SEC-4.2.9-001,source_locator_derivation,CAL-P02003,calc_pdf_p2003,0,derived 'calc_pdf_p{pdf_page_number}' from pdf_page_number=2003 per locator contract
P2IIB-REP-0119,calculation/chapter_04/section_4_2/page_elements.csv,CAL-P02003-CAL-SEC-4.2.9-002,source_locator_derivation,CAL-P02003,calc_pdf_p2003,0,derived 'calc_pdf_p{pdf_page_number}' from pdf_page_number=2003 per locator contract
P2IIB-REP-0120,calculation/chapter_04/section_4_2/page_elements.csv,CAL-P02003-CAL-SEC-4.2.9-003,source_locator_derivation,CAL-P02003,calc_pdf_p2003,0,derived 'calc_pdf_p{pdf_page_number}' from pdf_page_number=2003 per locator contract
P2IIB-REP-0121,calculation/chapter_04/section_4_2/page_elements.csv,CAL-P02003-CAL-SEC-4.2.9-004,source_locator_derivation,CAL-P02003,calc_pdf_p2003,0,derived 'calc_pdf_p{pdf_page_number}' from pdf_page_number=2003 per locator contract
P2IIB-REP-0122,calculation/chapter_04/section_4_2/page_elements.csv,CAL-P02003-CAL-SEC-4.2.9-005,source_locator_derivation,CAL-P02003,calc_pdf_p2003,0,derived 'calc_pdf_p{pdf_page_number}' from pdf_page_number=2003 per locator contract
P2IIB-REP-0123,calculation/chapter_04/section_4_2/page_elements.csv,CAL-P02023-CAL-SEC-4.2.10-001,source_locator_derivation,CAL-P02023,calc_pdf_p2023,0,derived 'calc_pdf_p{pdf_page_number}' from pdf_page_number=2023 per locator contract
P2IIB-REP-0124,calculation/chapter_04/section_4_2/page_elements.csv,CAL-P02023-CAL-SEC-4.2.10-002,source_locator_derivation,CAL-P02023,calc_pdf_p2023,0,derived 'calc_pdf_p{pdf_page_number}' from pdf_page_number=2023 per locator contract
P2IIB-REP-0125,calculation/chapter_04/section_4_2/tables.csv,CAL-TBL-P01299-001,source_locator_derivation,CAL-P01299-TBL,calc_pdf_p1299,0,derived 'calc_pdf_p{pdf_page_number}' from pdf_page_number=1299 per locator contract
P2IIB-REP-0126,calculation/chapter_04/section_4_2/tables.csv,CAL-TBL-P01299-002,source_locator_derivation,CAL-P01299-TBL,calc_pdf_p1299,0,derived 'calc_pdf_p{pdf_page_number}' from pdf_page_number=1299 per locator contract
P2IIB-REP-0127,calculation/chapter_04/section_4_2/tables.csv,CAL-TBL-P01299-003,source_locator_derivation,CAL-P01299-TBL,calc_pdf_p1299,0,derived 'calc_pdf_p{pdf_page_number}' from pdf_page_number=1299 per locator contract
P2IIB-REP-0128,calculation/chapter_04/section_4_2/tables.csv,CAL-TBL-P01299-004,source_locator_derivation,CAL-P01299-TBL,calc_pdf_p1299,0,derived 'calc_pdf_p{pdf_page_number}' from pdf_page_number=1299 per locator contract
P2IIB-REP-0129,calculation/chapter_04/section_4_2/tables.csv,CAL-TBL-P01299-005,source_locator_derivation,CAL-P01299-TBL,calc_pdf_p1299,0,derived 'calc_pdf_p{pdf_page_number}' from pdf_page_number=1299 per locator contract
P2IIB-REP-0130,calculation/chapter_04/section_4_2/tables.csv,CAL-TBL-P01299-006,source_locator_derivation,CAL-P01299-TBL,calc_pdf_p1299,0,derived 'calc_pdf_p{pdf_page_number}' from pdf_page_number=1299 per locator contract
P2IIB-REP-0131,calculation/chapter_04/section_4_2/tables.csv,CAL-TBL-P01299-007,source_locator_derivation,CAL-P01299-TBL,calc_pdf_p1299,0,derived 'calc_pdf_p{pdf_page_number}' from pdf_page_number=1299 per locator contract
P2IIB-REP-0132,calculation/chapter_04/section_4_2/tables.csv,CAL-TBL-P01299-008,source_locator_derivation,CAL-P01299-TBL,calc_pdf_p1299,0,derived 'calc_pdf_p{pdf_page_number}' from pdf_page_number=1299 per locator contract
P2IIB-REP-0133,calculation/chapter_04/section_4_2/tables.csv,CAL-TBL-P01299-009,source_locator_derivation,CAL-P01299-TBL,calc_pdf_p1299,0,derived 'calc_pdf_p{pdf_page_number}' from pdf_page_number=1299 per locator contract
P2IIB-REP-0134,calculation/chapter_04/section_4_2/tables.csv,CAL-TBL-P01299-010,source_locator_derivation,CAL-P01299-TBL,calc_pdf_p1299,0,derived 'calc_pdf_p{pdf_page_number}' from pdf_page_number=1299 per locator contract
P2IIB-REP-0135,calculation/chapter_04/section_4_2/tables.csv,CAL-TBL-P01299-011,source_locator_derivation,CAL-P01299-TBL,calc_pdf_p1299,0,derived 'calc_pdf_p{pdf_page_number}' from pdf_page_number=1299 per locator contract
P2IIB-REP-0136,calculation/chapter_04/section_4_2/tables.csv,CAL-TBL-P01299-012,source_locator_derivation,CAL-P01299-TBL,calc_pdf_p1299,0,derived 'calc_pdf_p{pdf_page_number}' from pdf_page_number=1299 per locator contract
P2IIB-REP-0137,calculation/chapter_04/section_4_2/tables.csv,CAL-TBL-P01299-013,source_locator_derivation,CAL-P01299-TBL,calc_pdf_p1299,0,derived 'calc_pdf_p{pdf_page_number}' from pdf_page_number=1299 per locator contract
P2IIB-REP-0138,calculation/chapter_04/section_4_2/tables.csv,CAL-TBL-P01299-014,source_locator_derivation,CAL-P01299-TBL,calc_pdf_p1299,0,derived 'calc_pdf_p{pdf_page_number}' from pdf_page_number=1299 per locator contract
P2IIB-REP-0139,calculation/chapter_04/section_4_2/tables.csv,CAL-TBL-P01299-015,source_locator_derivation,CAL-P01299-TBL,calc_pdf_p1299,0,derived 'calc_pdf_p{pdf_page_number}' from pdf_page_number=1299 per locator contract
P2IIB-REP-0140,calculation/chapter_04/section_4_2/tables.csv,CAL-TBL-P01299-016,source_locator_derivation,CAL-P01299-TBL,calc_pdf_p1299,0,derived 'calc_pdf_p{pdf_page_number}' from pdf_page_number=1299 per locator contract
P2IIB-REP-0141,calculation/chapter_04/section_4_2/tables.csv,CAL-TBL-P01299-017,source_locator_derivation,CAL-P01299-TBL,calc_pdf_p1299,0,derived 'calc_pdf_p{pdf_page_number}' from pdf_page_number=1299 per locator contract
P2IIB-REP-0142,calculation/chapter_04/section_4_2/tables.csv,CAL-TBL-P01299-018,source_locator_derivation,CAL-P01299-TBL,calc_pdf_p1299,0,derived 'calc_pdf_p{pdf_page_number}' from pdf_page_number=1299 per locator contract
P2IIB-REP-0143,calculation/chapter_04/section_4_2/tables.csv,CAL-TBL-P01299-019,source_locator_derivation,CAL-P01299-TBL,calc_pdf_p1299,0,derived 'calc_pdf_p{pdf_page_number}' from pdf_page_number=1299 per locator contract
P2IIB-REP-0144,calculation/chapter_04/section_4_2/tables.csv,CAL-TBL-P01299-020,source_locator_derivation,CAL-P01299-TBL,calc_pdf_p1299,0,derived 'calc_pdf_p{pdf_page_number}' from pdf_page_number=1299 per locator contract
P2IIB-REP-0145,calculation/chapter_04/section_4_2/tables.csv,CAL-TBL-P01299-021,source_locator_derivation,CAL-P01299-TBL,calc_pdf_p1299,0,derived 'calc_pdf_p{pdf_page_number}' from pdf_page_number=1299 per locator contract
P2IIB-REP-0146,calculation/chapter_04/section_4_2/tables.csv,CAL-TBL-P01319-001,source_locator_derivation,CAL-P01319-TBL,calc_pdf_p1319,0,derived 'calc_pdf_p{pdf_page_number}' from pdf_page_number=1319 per locator contract
P2IIB-REP-0147,calculation/chapter_04/section_4_2/tables.csv,CAL-TBL-P01319-002,source_locator_derivation,CAL-P01319-TBL,calc_pdf_p1319,0,derived 'calc_pdf_p{pdf_page_number}' from pdf_page_number=1319 per locator contract
P2IIB-REP-0148,calculation/chapter_04/section_4_2/tables.csv,CAL-TBL-P01319-003,source_locator_derivation,CAL-P01319-TBL,calc_pdf_p1319,0,derived 'calc_pdf_p{pdf_page_number}' from pdf_page_number=1319 per locator contract
P2IIB-REP-0149,calculation/chapter_04/section_4_2/tables.csv,CAL-TBL-P01319-004,source_locator_derivation,CAL-P01319-TBL,calc_pdf_p1319,0,derived 'calc_pdf_p{pdf_page_number}' from pdf_page_number=1319 per locator contract
P2IIB-REP-0150,calculation/chapter_04/section_4_2/tables.csv,CAL-TBL-P01319-005,source_locator_derivation,CAL-P01319-TBL,calc_pdf_p1319,0,derived 'calc_pdf_p{pdf_page_number}' from pdf_page_number=1319 per locator contract
P2IIB-REP-0151,calculation/chapter_04/section_4_2/tables.csv,CAL-TBL-P01319-006,source_locator_derivation,CAL-P01319-TBL,calc_pdf_p1319,0,derived 'calc_pdf_p{pdf_page_number}' from pdf_page_number=1319 per locator contract
P2IIB-REP-0152,calculation/chapter_04/section_4_2/tables.csv,CAL-TBL-P01319-007,source_locator_derivation,CAL-P01319-TBL,calc_pdf_p1319,0,derived 'calc_pdf_p{pdf_page_number}' from pdf_page_number=1319 per locator contract
P2IIB-REP-0153,calculation/chapter_04/section_4_2/tables.csv,CAL-TBL-P01319-008,source_locator_derivation,CAL-P01319-TBL,calc_pdf_p1319,0,derived 'calc_pdf_p{pdf_page_number}' from pdf_page_number=1319 per locator contract
P2IIB-REP-0154,calculation/chapter_04/section_4_2/tables.csv,CAL-TBL-P01319-009,source_locator_derivation,CAL-P01319-TBL,calc_pdf_p1319,0,derived 'calc_pdf_p{pdf_page_number}' from pdf_page_number=1319 per locator contract
P2IIB-REP-0155,calculation/chapter_04/section_4_2/tables.csv,CAL-TBL-P01319-010,source_locator_derivation,CAL-P01319-TBL,calc_pdf_p1319,0,derived 'calc_pdf_p{pdf_page_number}' from pdf_page_number=1319 per locator contract
P2IIB-REP-0156,calculation/chapter_04/section_4_2/tables.csv,CAL-TBL-P01319-011,source_locator_derivation,CAL-P01319-TBL,calc_pdf_p1319,0,derived 'calc_pdf_p{pdf_page_number}' from pdf_page_number=1319 per locator contract
P2IIB-REP-0157,calculation/chapter_04/section_4_2/tables.csv,CAL-TBL-P01319-012,source_locator_derivation,CAL-P01319-TBL,calc_pdf_p1319,0,derived 'calc_pdf_p{pdf_page_number}' from pdf_page_number=1319 per locator contract
P2IIB-REP-0158,calculation/chapter_04/section_4_2/tables.csv,CAL-TBL-P01319-013,source_locator_derivation,CAL-P01319-TBL,calc_pdf_p1319,0,derived 'calc_pdf_p{pdf_page_number}' from pdf_page_number=1319 per locator contract
P2IIB-REP-0159,calculation/chapter_04/section_4_2/tables.csv,CAL-TBL-P01319-014,source_locator_derivation,CAL-P01319-TBL,calc_pdf_p1319,0,derived 'calc_pdf_p{pdf_page_number}' from pdf_page_number=1319 per locator contract
P2IIB-REP-0160,calculation/chapter_04/section_4_2/tables.csv,CAL-TBL-P01319-015,source_locator_derivation,CAL-P01319-TBL,calc_pdf_p1319,0,derived 'calc_pdf_p{pdf_page_number}' from pdf_page_number=1319 per locator contract
P2IIB-REP-0161,calculation/chapter_04/section_4_2/tables.csv,CAL-TBL-P01319-016,source_locator_derivation,CAL-P01319-TBL,calc_pdf_p1319,0,derived 'calc_pdf_p{pdf_page_number}' from pdf_page_number=1319 per locator contract
P2IIB-REP-0162,calculation/chapter_04/section_4_2/tables.csv,CAL-TBL-P01319-017,source_locator_derivation,CAL-P01319-TBL,calc_pdf_p1319,0,derived 'calc_pdf_p{pdf_page_number}' from pdf_page_number=1319 per locator contract
P2IIB-REP-0163,calculation/chapter_04/section_4_2/tables.csv,CAL-TBL-P01319-018,source_locator_derivation,CAL-P01319-TBL,calc_pdf_p1319,0,derived 'calc_pdf_p{pdf_page_number}' from pdf_page_number=1319 per locator contract
P2IIB-REP-0164,calculation/chapter_04/section_4_2/tables.csv,CAL-TBL-P01319-019,source_locator_derivation,CAL-P01319-TBL,calc_pdf_p1319,0,derived 'calc_pdf_p{pdf_page_number}' from pdf_page_number=1319 per locator contract
P2IIB-REP-0165,calculation/chapter_04/section_4_2/tables.csv,CAL-TBL-P01319-020,source_locator_derivation,CAL-P01319-TBL,calc_pdf_p1319,0,derived 'calc_pdf_p{pdf_page_number}' from pdf_page_number=1319 per locator contract
P2IIB-REP-0166,calculation/chapter_04/section_4_2/tables.csv,CAL-TBL-P01319-021,source_locator_derivation,CAL-P01319-TBL,calc_pdf_p1319,0,derived 'calc_pdf_p{pdf_page_number}' from pdf_page_number=1319 per locator contract
P2IIB-REP-0167,calculation/chapter_04/section_4_2/tables.csv,CAL-TBL-P01319-022,source_locator_derivation,CAL-P01319-TBL,calc_pdf_p1319,0,derived 'calc_pdf_p{pdf_page_number}' from pdf_page_number=1319 per locator contract
P2IIB-REP-0168,calculation/chapter_04/section_4_2/tables.csv,CAL-TBL-P01319-023,source_locator_derivation,CAL-P01319-TBL,calc_pdf_p1319,0,derived 'calc_pdf_p{pdf_page_number}' from pdf_page_number=1319 per locator contract
P2IIB-REP-0169,calculation/chapter_04/section_4_2/tables.csv,CAL-TBL-P01319-024,source_locator_derivation,CAL-P01319-TBL,calc_pdf_p1319,0,derived 'calc_pdf_p{pdf_page_number}' from pdf_page_number=1319 per locator contract
P2IIB-REP-0170,calculation/chapter_04/section_4_2/tables.csv,CAL-TBL-P01319-025,source_locator_derivation,CAL-P01319-TBL,calc_pdf_p1319,0,derived 'calc_pdf_p{pdf_page_number}' from pdf_page_number=1319 per locator contract
P2IIB-REP-0171,calculation/chapter_04/section_4_2/tables.csv,CAL-TBL-P01319-026,source_locator_derivation,CAL-P01319-TBL,calc_pdf_p1319,0,derived 'calc_pdf_p{pdf_page_number}' from pdf_page_number=1319 per locator contract
P2IIB-REP-0172,calculation/chapter_04/section_4_2/tables.csv,CAL-TBL-P01319-027,source_locator_derivation,CAL-P01319-TBL,calc_pdf_p1319,0,derived 'calc_pdf_p{pdf_page_number}' from pdf_page_number=1319 per locator contract
P2IIB-REP-0173,calculation/chapter_04/section_4_2/tables.csv,CAL-TBL-P01319-028,source_locator_derivation,CAL-P01319-TBL,calc_pdf_p1319,0,derived 'calc_pdf_p{pdf_page_number}' from pdf_page_number=1319 per locator contract
P2IIB-REP-0174,calculation/chapter_04/section_4_2/tables.csv,CAL-TBL-P01319-029,source_locator_derivation,CAL-P01319-TBL,calc_pdf_p1319,0,derived 'calc_pdf_p{pdf_page_number}' from pdf_page_number=1319 per locator contract
P2IIB-REP-0175,calculation/chapter_04/section_4_2/tables.csv,CAL-TBL-P01322-001,source_locator_derivation,CAL-P01322-TBL,calc_pdf_p1322,0,derived 'calc_pdf_p{pdf_page_number}' from pdf_page_number=1322 per locator contract
P2IIB-REP-0176,calculation/chapter_04/section_4_2/tables.csv,CAL-TBL-P01322-002,source_locator_derivation,CAL-P01322-TBL,calc_pdf_p1322,0,derived 'calc_pdf_p{pdf_page_number}' from pdf_page_number=1322 per locator contract
P2IIB-REP-0177,calculation/chapter_04/section_4_2/tables.csv,CAL-TBL-P01322-003,source_locator_derivation,CAL-P01322-TBL,calc_pdf_p1322,0,derived 'calc_pdf_p{pdf_page_number}' from pdf_page_number=1322 per locator contract
P2IIB-REP-0178,calculation/chapter_04/section_4_2/tables.csv,CAL-TBL-P01322-004,source_locator_derivation,CAL-P01322-TBL,calc_pdf_p1322,0,derived 'calc_pdf_p{pdf_page_number}' from pdf_page_number=1322 per locator contract
P2IIB-REP-0179,calculation/chapter_04/section_4_2/tables.csv,CAL-TBL-P01322-005,source_locator_derivation,CAL-P01322-TBL,calc_pdf_p1322,0,derived 'calc_pdf_p{pdf_page_number}' from pdf_page_number=1322 per locator contract
P2IIB-REP-0180,calculation/chapter_04/section_4_2/tables.csv,CAL-TBL-P01322-006,source_locator_derivation,CAL-P01322-TBL,calc_pdf_p1322,0,derived 'calc_pdf_p{pdf_page_number}' from pdf_page_number=1322 per locator contract
P2IIB-REP-0181,calculation/chapter_04/section_4_2/tables.csv,CAL-TBL-P01322-007,source_locator_derivation,CAL-P01322-TBL,calc_pdf_p1322,0,derived 'calc_pdf_p{pdf_page_number}' from pdf_page_number=1322 per locator contract
P2IIB-REP-0182,calculation/chapter_04/section_4_2/tables.csv,CAL-TBL-P01322-008,source_locator_derivation,CAL-P01322-TBL,calc_pdf_p1322,0,derived 'calc_pdf_p{pdf_page_number}' from pdf_page_number=1322 per locator contract
P2IIB-REP-0183,calculation/chapter_04/section_4_2/tables.csv,CAL-TBL-P01322-009,source_locator_derivation,CAL-P01322-TBL,calc_pdf_p1322,0,derived 'calc_pdf_p{pdf_page_number}' from pdf_page_number=1322 per locator contract
P2IIB-REP-0184,calculation/chapter_04/section_4_2/tables.csv,CAL-TBL-P01322-010,source_locator_derivation,CAL-P01322-TBL,calc_pdf_p1322,0,derived 'calc_pdf_p{pdf_page_number}' from pdf_page_number=1322 per locator contract
P2IIB-REP-0185,calculation/chapter_04/section_4_2/tables.csv,CAL-TBL-P01322-011,source_locator_derivation,CAL-P01322-TBL,calc_pdf_p1322,0,derived 'calc_pdf_p{pdf_page_number}' from pdf_page_number=1322 per locator contract
P2IIB-REP-0186,calculation/chapter_04/section_4_2/tables.csv,CAL-TBL-P01322-012,source_locator_derivation,CAL-P01322-TBL,calc_pdf_p1322,0,derived 'calc_pdf_p{pdf_page_number}' from pdf_page_number=1322 per locator contract
P2IIB-REP-0187,calculation/chapter_04/section_4_2/tables.csv,CAL-TBL-P01322-013,source_locator_derivation,CAL-P01322-TBL,calc_pdf_p1322,0,derived 'calc_pdf_p{pdf_page_number}' from pdf_page_number=1322 per locator contract
P2IIB-REP-0188,calculation/chapter_04/section_4_2/tables.csv,CAL-TBL-P01322-014,source_locator_derivation,CAL-P01322-TBL,calc_pdf_p1322,0,derived 'calc_pdf_p{pdf_page_number}' from pdf_page_number=1322 per locator contract
P2IIB-REP-0189,calculation/chapter_04/section_4_2/tables.csv,CAL-TBL-P01322-015,source_locator_derivation,CAL-P01322-TBL,calc_pdf_p1322,0,derived 'calc_pdf_p{pdf_page_number}' from pdf_page_number=1322 per locator contract
P2IIB-REP-0190,calculation/chapter_04/section_4_2/tables.csv,CAL-TBL-P01322-016,source_locator_derivation,CAL-P01322-TBL,calc_pdf_p1322,0,derived 'calc_pdf_p{pdf_page_number}' from pdf_page_number=1322 per locator contract
P2IIB-REP-0191,calculation/chapter_04/section_4_2/tables.csv,CAL-TBL-P01947-001,source_locator_derivation,CAL-P01947-TBL,calc_pdf_p1947,0,derived 'calc_pdf_p{pdf_page_number}' from pdf_page_number=1947 per locator contract
P2IIB-REP-0192,calculation/chapter_04/section_4_2/tables.csv,CAL-TBL-P01947-002,source_locator_derivation,CAL-P01947-TBL,calc_pdf_p1947,0,derived 'calc_pdf_p{pdf_page_number}' from pdf_page_number=1947 per locator contract
P2IIB-REP-0193,calculation/chapter_04/section_4_2/tables.csv,CAL-TBL-P01947-003,source_locator_derivation,CAL-P01947-TBL,calc_pdf_p1947,0,derived 'calc_pdf_p{pdf_page_number}' from pdf_page_number=1947 per locator contract
P2IIB-REP-0194,calculation/chapter_04/section_4_2/values.csv,CAL-VAL-P01319-030,column_shift,"[""CAL-VAL-P01319-030"", ""1319"", ""1314"", ""CAL-CH4"", ""CAL-SEC-4.2.4"", ""断面構成 SLAB(S1)"", ""3993x230 mm"", ""3993x230"", ""mm"", ""3993x230"", ""mm"", ""SECTION_COMPOSITION"", """", """", ""CAL-P01319-TBL"", ""HIGH"", ""UNVERIFIED""]","[""CAL-VAL-P01319-030"", ""1319"", ""1314"", ""CAL-CH4"", ""CAL-SEC-4.2.4"", ""断面構成 SLAB(S1)"", ""3993x230"", ""mm"", ""3993x230"", ""mm"", ""SECTION_COMPOSITION"", """", """", ""CAL-P01319-TBL"", ""HIGH"", ""UNVERIFIED""]",1,RIGHT-shift: dropped extra raw-text cell '3993x230 mm' (no schema column; equivalent content preserved in raw_value/raw_unit)
P2IIB-REP-0195,calculation/chapter_04/section_4_2/values.csv,CAL-VAL-P01319-031,column_shift,"[""CAL-VAL-P01319-031"", ""1319"", ""1314"", ""CAL-CH4"", ""CAL-SEC-4.2.4"", ""断面構成 UFLG"", ""PL620x22 SM490Y"", ""620x22"", ""mm"", ""620x22"", ""mm"", ""SECTION_COMPOSITION"", """", """", ""CAL-P01319-TBL"", ""HIGH"", ""UNVERIFIED""]","[""CAL-VAL-P01319-031"", ""1319"", ""1314"", ""CAL-CH4"", ""CAL-SEC-4.2.4"", ""断面構成 UFLG"", ""620x22"", ""mm"", ""620x22"", ""mm"", ""SECTION_COMPOSITION"", """", """", ""CAL-P01319-TBL"", ""HIGH"", ""UNVERIFIED""]",1,RIGHT-shift: dropped extra raw-text cell 'PL620x22 SM490Y' (no schema column; equivalent content preserved in raw_value/raw_unit)
P2IIB-REP-0196,calculation/chapter_04/section_4_2/values.csv,CAL-VAL-P01319-032,column_shift,"[""CAL-VAL-P01319-032"", ""1319"", ""1314"", ""CAL-CH4"", ""CAL-SEC-4.2.4"", ""断面構成 WEB"", ""PL2537x14 SM490Y"", ""2537x14"", ""mm"", ""2537x14"", ""mm"", ""SECTION_COMPOSITION"", """", """", ""CAL-P01319-TBL"", ""HIGH"", ""UNVERIFIED""]","[""CAL-VAL-P01319-032"", ""1319"", ""1314"", ""CAL-CH4"", ""CAL-SEC-4.2.4"", ""断面構成 WEB"", ""2537x14"", ""mm"", ""2537x14"", ""mm"", ""SECTION_COMPOSITION"", """", """", ""CAL-P01319-TBL"", ""HIGH"", ""UNVERIFIED""]",1,RIGHT-shift: dropped extra raw-text cell 'PL2537x14 SM490Y' (no schema column; equivalent content preserved in raw_value/raw_unit)
P2IIB-REP-0197,calculation/chapter_04/section_4_2/values.csv,CAL-VAL-P01319-033,column_shift,"[""CAL-VAL-P01319-033"", ""1319"", ""1314"", ""CAL-CH4"", ""CAL-SEC-4.2.4"", ""断面構成 LFLG"", ""PL680x21 SM490Y"", ""680x21"", ""mm"", ""680x21"", ""mm"", ""SECTION_COMPOSITION"", """", """", ""CAL-P01319-TBL"", ""HIGH"", ""UNVERIFIED""]","[""CAL-VAL-P01319-033"", ""1319"", ""1314"", ""CAL-CH4"", ""CAL-SEC-4.2.4"", ""断面構成 LFLG"", ""680x21"", ""mm"", ""680x21"", ""mm"", ""SECTION_COMPOSITION"", """", """", ""CAL-P01319-TBL"", ""HIGH"", ""UNVERIFIED""]",1,RIGHT-shift: dropped extra raw-text cell 'PL680x21 SM490Y' (no schema column; equivalent content preserved in raw_value/raw_unit)
P2IIB-REP-0198,calculation/chapter_04/section_4_2/values.csv,CAL-VAL-P01284-001,source_locator_derivation,CAL-P01284,calc_pdf_p1284,0,derived 'calc_pdf_p{pdf_page_number}' from pdf_page_number=1284 per locator contract
P2IIB-REP-0199,calculation/chapter_04/section_4_2/values.csv,CAL-VAL-P01285-001,source_locator_derivation,CAL-P01285,calc_pdf_p1285,0,derived 'calc_pdf_p{pdf_page_number}' from pdf_page_number=1285 per locator contract
P2IIB-REP-0200,calculation/chapter_04/section_4_2/values.csv,CAL-VAL-P01285-002,source_locator_derivation,CAL-P01285,calc_pdf_p1285,0,derived 'calc_pdf_p{pdf_page_number}' from pdf_page_number=1285 per locator contract
P2IIB-REP-0201,calculation/chapter_04/section_4_2/values.csv,CAL-VAL-P01285-003,source_locator_derivation,CAL-P01285,calc_pdf_p1285,0,derived 'calc_pdf_p{pdf_page_number}' from pdf_page_number=1285 per locator contract
P2IIB-REP-0202,calculation/chapter_04/section_4_2/values.csv,CAL-VAL-P01285-004,source_locator_derivation,CAL-P01285,calc_pdf_p1285,0,derived 'calc_pdf_p{pdf_page_number}' from pdf_page_number=1285 per locator contract
P2IIB-REP-0203,calculation/chapter_04/section_4_2/values.csv,CAL-VAL-P01285-005,source_locator_derivation,CAL-P01285,calc_pdf_p1285,0,derived 'calc_pdf_p{pdf_page_number}' from pdf_page_number=1285 per locator contract
P2IIB-REP-0204,calculation/chapter_04/section_4_2/values.csv,CAL-VAL-P01286-001,source_locator_derivation,CAL-P01286,calc_pdf_p1286,0,derived 'calc_pdf_p{pdf_page_number}' from pdf_page_number=1286 per locator contract
P2IIB-REP-0205,calculation/chapter_04/section_4_2/values.csv,CAL-VAL-P01286-002,source_locator_derivation,CAL-P01286,calc_pdf_p1286,0,derived 'calc_pdf_p{pdf_page_number}' from pdf_page_number=1286 per locator contract
P2IIB-REP-0206,calculation/chapter_04/section_4_2/values.csv,CAL-VAL-P01286-003,source_locator_derivation,CAL-P01286,calc_pdf_p1286,0,derived 'calc_pdf_p{pdf_page_number}' from pdf_page_number=1286 per locator contract
P2IIB-REP-0207,calculation/chapter_04/section_4_2/values.csv,CAL-VAL-P01286-004,source_locator_derivation,CAL-P01286,calc_pdf_p1286,0,derived 'calc_pdf_p{pdf_page_number}' from pdf_page_number=1286 per locator contract
P2IIB-REP-0208,calculation/chapter_04/section_4_2/values.csv,CAL-VAL-P01319-001,source_locator_derivation,CAL-P01319-TBL,calc_pdf_p1319,0,derived 'calc_pdf_p{pdf_page_number}' from pdf_page_number=1319 per locator contract
P2IIB-REP-0209,calculation/chapter_04/section_4_2/values.csv,CAL-VAL-P01319-002,source_locator_derivation,CAL-P01319-TBL,calc_pdf_p1319,0,derived 'calc_pdf_p{pdf_page_number}' from pdf_page_number=1319 per locator contract
P2IIB-REP-0210,calculation/chapter_04/section_4_2/values.csv,CAL-VAL-P01319-003,source_locator_derivation,CAL-P01319-TBL,calc_pdf_p1319,0,derived 'calc_pdf_p{pdf_page_number}' from pdf_page_number=1319 per locator contract
P2IIB-REP-0211,calculation/chapter_04/section_4_2/values.csv,CAL-VAL-P01319-004,source_locator_derivation,CAL-P01319-TBL,calc_pdf_p1319,0,derived 'calc_pdf_p{pdf_page_number}' from pdf_page_number=1319 per locator contract
P2IIB-REP-0212,calculation/chapter_04/section_4_2/values.csv,CAL-VAL-P01319-005,source_locator_derivation,CAL-P01319-TBL,calc_pdf_p1319,0,derived 'calc_pdf_p{pdf_page_number}' from pdf_page_number=1319 per locator contract
P2IIB-REP-0213,calculation/chapter_04/section_4_2/values.csv,CAL-VAL-P01319-006,source_locator_derivation,CAL-P01319-TBL,calc_pdf_p1319,0,derived 'calc_pdf_p{pdf_page_number}' from pdf_page_number=1319 per locator contract
P2IIB-REP-0214,calculation/chapter_04/section_4_2/values.csv,CAL-VAL-P01319-007,source_locator_derivation,CAL-P01319-TBL,calc_pdf_p1319,0,derived 'calc_pdf_p{pdf_page_number}' from pdf_page_number=1319 per locator contract
P2IIB-REP-0215,calculation/chapter_04/section_4_2/values.csv,CAL-VAL-P01319-008,source_locator_derivation,CAL-P01319-TBL,calc_pdf_p1319,0,derived 'calc_pdf_p{pdf_page_number}' from pdf_page_number=1319 per locator contract
P2IIB-REP-0216,calculation/chapter_04/section_4_2/values.csv,CAL-VAL-P01319-009,source_locator_derivation,CAL-P01319-TBL,calc_pdf_p1319,0,derived 'calc_pdf_p{pdf_page_number}' from pdf_page_number=1319 per locator contract
P2IIB-REP-0217,calculation/chapter_04/section_4_2/values.csv,CAL-VAL-P01319-010,source_locator_derivation,CAL-P01319-TBL,calc_pdf_p1319,0,derived 'calc_pdf_p{pdf_page_number}' from pdf_page_number=1319 per locator contract
P2IIB-REP-0218,calculation/chapter_04/section_4_2/values.csv,CAL-VAL-P01319-011,source_locator_derivation,CAL-P01319-TBL,calc_pdf_p1319,0,derived 'calc_pdf_p{pdf_page_number}' from pdf_page_number=1319 per locator contract
P2IIB-REP-0219,calculation/chapter_04/section_4_2/values.csv,CAL-VAL-P01319-012,source_locator_derivation,CAL-P01319-TBL,calc_pdf_p1319,0,derived 'calc_pdf_p{pdf_page_number}' from pdf_page_number=1319 per locator contract
P2IIB-REP-0220,calculation/chapter_04/section_4_2/values.csv,CAL-VAL-P01319-013,source_locator_derivation,CAL-P01319-TBL,calc_pdf_p1319,0,derived 'calc_pdf_p{pdf_page_number}' from pdf_page_number=1319 per locator contract
P2IIB-REP-0221,calculation/chapter_04/section_4_2/values.csv,CAL-VAL-P01319-014,source_locator_derivation,CAL-P01319-TBL,calc_pdf_p1319,0,derived 'calc_pdf_p{pdf_page_number}' from pdf_page_number=1319 per locator contract
P2IIB-REP-0222,calculation/chapter_04/section_4_2/values.csv,CAL-VAL-P01319-015,source_locator_derivation,CAL-P01319-TBL,calc_pdf_p1319,0,derived 'calc_pdf_p{pdf_page_number}' from pdf_page_number=1319 per locator contract
P2IIB-REP-0223,calculation/chapter_04/section_4_2/values.csv,CAL-VAL-P01319-016,source_locator_derivation,CAL-P01319-TBL,calc_pdf_p1319,0,derived 'calc_pdf_p{pdf_page_number}' from pdf_page_number=1319 per locator contract
P2IIB-REP-0224,calculation/chapter_04/section_4_2/values.csv,CAL-VAL-P01319-017,source_locator_derivation,CAL-P01319-TBL,calc_pdf_p1319,0,derived 'calc_pdf_p{pdf_page_number}' from pdf_page_number=1319 per locator contract
P2IIB-REP-0225,calculation/chapter_04/section_4_2/values.csv,CAL-VAL-P01319-018,source_locator_derivation,CAL-P01319-TBL,calc_pdf_p1319,0,derived 'calc_pdf_p{pdf_page_number}' from pdf_page_number=1319 per locator contract
P2IIB-REP-0226,calculation/chapter_04/section_4_2/values.csv,CAL-VAL-P01319-019,source_locator_derivation,CAL-P01319-TBL,calc_pdf_p1319,0,derived 'calc_pdf_p{pdf_page_number}' from pdf_page_number=1319 per locator contract
P2IIB-REP-0227,calculation/chapter_04/section_4_2/values.csv,CAL-VAL-P01319-020,source_locator_derivation,CAL-P01319-TBL,calc_pdf_p1319,0,derived 'calc_pdf_p{pdf_page_number}' from pdf_page_number=1319 per locator contract
P2IIB-REP-0228,calculation/chapter_04/section_4_2/values.csv,CAL-VAL-P01319-021,source_locator_derivation,CAL-P01319-TBL,calc_pdf_p1319,0,derived 'calc_pdf_p{pdf_page_number}' from pdf_page_number=1319 per locator contract
P2IIB-REP-0229,calculation/chapter_04/section_4_2/values.csv,CAL-VAL-P01319-022,source_locator_derivation,CAL-P01319-TBL,calc_pdf_p1319,0,derived 'calc_pdf_p{pdf_page_number}' from pdf_page_number=1319 per locator contract
P2IIB-REP-0230,calculation/chapter_04/section_4_2/values.csv,CAL-VAL-P01319-023,source_locator_derivation,CAL-P01319-TBL,calc_pdf_p1319,0,derived 'calc_pdf_p{pdf_page_number}' from pdf_page_number=1319 per locator contract
P2IIB-REP-0231,calculation/chapter_04/section_4_2/values.csv,CAL-VAL-P01319-024,source_locator_derivation,CAL-P01319-TBL,calc_pdf_p1319,0,derived 'calc_pdf_p{pdf_page_number}' from pdf_page_number=1319 per locator contract
P2IIB-REP-0232,calculation/chapter_04/section_4_2/values.csv,CAL-VAL-P01319-025,source_locator_derivation,CAL-P01319-TBL,calc_pdf_p1319,0,derived 'calc_pdf_p{pdf_page_number}' from pdf_page_number=1319 per locator contract
P2IIB-REP-0233,calculation/chapter_04/section_4_2/values.csv,CAL-VAL-P01319-026,source_locator_derivation,CAL-P01319-TBL,calc_pdf_p1319,0,derived 'calc_pdf_p{pdf_page_number}' from pdf_page_number=1319 per locator contract
P2IIB-REP-0234,calculation/chapter_04/section_4_2/values.csv,CAL-VAL-P01319-027,source_locator_derivation,CAL-P01319-TBL,calc_pdf_p1319,0,derived 'calc_pdf_p{pdf_page_number}' from pdf_page_number=1319 per locator contract
P2IIB-REP-0235,calculation/chapter_04/section_4_2/values.csv,CAL-VAL-P01319-028,source_locator_derivation,CAL-P01322-TBL,calc_pdf_p1319,0,derived 'calc_pdf_p{pdf_page_number}' from pdf_page_number=1319 per locator contract
P2IIB-REP-0236,calculation/chapter_04/section_4_2/values.csv,CAL-VAL-P01319-029,source_locator_derivation,CAL-P01322-TBL,calc_pdf_p1319,0,derived 'calc_pdf_p{pdf_page_number}' from pdf_page_number=1319 per locator contract
P2IIB-REP-0237,calculation/chapter_04/section_4_2/values.csv,CAL-VAL-P01319-030,source_locator_derivation,CAL-P01319-TBL,calc_pdf_p1319,0,derived 'calc_pdf_p{pdf_page_number}' from pdf_page_number=1319 per locator contract
P2IIB-REP-0238,calculation/chapter_04/section_4_2/values.csv,CAL-VAL-P01319-031,source_locator_derivation,CAL-P01319-TBL,calc_pdf_p1319,0,derived 'calc_pdf_p{pdf_page_number}' from pdf_page_number=1319 per locator contract
P2IIB-REP-0239,calculation/chapter_04/section_4_2/values.csv,CAL-VAL-P01319-032,source_locator_derivation,CAL-P01319-TBL,calc_pdf_p1319,0,derived 'calc_pdf_p{pdf_page_number}' from pdf_page_number=1319 per locator contract
P2IIB-REP-0240,calculation/chapter_04/section_4_2/values.csv,CAL-VAL-P01319-033,source_locator_derivation,CAL-P01319-TBL,calc_pdf_p1319,0,derived 'calc_pdf_p{pdf_page_number}' from pdf_page_number=1319 per locator contract
P2IIB-REP-0241,calculation/chapter_04/section_4_1/figures.csv,CAL-FIG-P00874-001,source_locator_derivation,CAL-P00874-TBL,calc_pdf_p874,0,derived 'calc_pdf_p{pdf_page_number}' from pdf_page_number=874 per locator contract
P2IIB-REP-0242,calculation/chapter_04/section_4_1/figures.csv,CAL-FIG-P00900-001,source_locator_derivation,CAL-P00900-TBL,calc_pdf_p900,0,derived 'calc_pdf_p{pdf_page_number}' from pdf_page_number=900 per locator contract
P2IIB-REP-0243,calculation/chapter_04/section_4_1/formulas.csv,CAL-FML-P00893-001,column_shift,"[""CAL-FML-P00893-001"", ""893"", ""888"", ""CAL-CH4"", ""CAL-SEC-4.1.2"", ""衝撃係数"", ""i = 20/(50+L)"", ""i"", ""L=支間長"", ""道示Ⅰ8.2"", ""FORMULA_DEFINITION"", ""CAL-P00893"", ""HIGH"", ""UNVERIFIED""]","[""CAL-FML-P00893-001"", ""893"", ""888"", ""CAL-CH4"", ""CAL-SEC-4.1.2"", ""衝撃係数"", ""i = 20/(50+L)"", ""i, L=支間長"", ""道示Ⅰ8.2"", ""FORMULA_DEFINITION"", ""CAL-P00893"", ""HIGH"", ""UNVERIFIED""]",1,"formula row re-aligned: expression='i = 20/(50+L)', variable_symbols='i, L=支間長'"
P2IIB-REP-0244,calculation/chapter_04/section_4_1/formulas.csv,CAL-FML-P00873-001,source_locator_derivation,CAL-P00873,calc_pdf_p873,0,derived 'calc_pdf_p{pdf_page_number}' from pdf_page_number=873 per locator contract
P2IIB-REP-0245,calculation/chapter_04/section_4_1/formulas.csv,CAL-FML-P00873-002,source_locator_derivation,CAL-P00873,calc_pdf_p873,0,derived 'calc_pdf_p{pdf_page_number}' from pdf_page_number=873 per locator contract
P2IIB-REP-0246,calculation/chapter_04/section_4_1/formulas.csv,CAL-FML-P00873-003,source_locator_derivation,CAL-P00873,calc_pdf_p873,0,derived 'calc_pdf_p{pdf_page_number}' from pdf_page_number=873 per locator contract
P2IIB-REP-0247,calculation/chapter_04/section_4_1/formulas.csv,CAL-FML-P00873-004,source_locator_derivation,CAL-P00873,calc_pdf_p873,0,derived 'calc_pdf_p{pdf_page_number}' from pdf_page_number=873 per locator contract
P2IIB-REP-0248,calculation/chapter_04/section_4_1/formulas.csv,CAL-FML-P00873-005,source_locator_derivation,CAL-P00873,calc_pdf_p873,0,derived 'calc_pdf_p{pdf_page_number}' from pdf_page_number=873 per locator contract
P2IIB-REP-0249,calculation/chapter_04/section_4_1/formulas.csv,CAL-FML-P00873-006,source_locator_derivation,CAL-P00873,calc_pdf_p873,0,derived 'calc_pdf_p{pdf_page_number}' from pdf_page_number=873 per locator contract
P2IIB-REP-0250,calculation/chapter_04/section_4_1/formulas.csv,CAL-FML-P00893-001,source_locator_derivation,CAL-P00893,calc_pdf_p893,0,derived 'calc_pdf_p{pdf_page_number}' from pdf_page_number=893 per locator contract
P2IIB-REP-0251,calculation/chapter_04/section_4_1/notes.csv,CAL-NOT-P00873-001,source_locator_derivation,CAL-P00873,calc_pdf_p873,0,derived 'calc_pdf_p{pdf_page_number}' from pdf_page_number=873 per locator contract
P2IIB-REP-0252,calculation/chapter_04/section_4_1/notes.csv,CAL-NOT-P00873-002,source_locator_derivation,CAL-P00873,calc_pdf_p873,0,derived 'calc_pdf_p{pdf_page_number}' from pdf_page_number=873 per locator contract
P2IIB-REP-0253,calculation/chapter_04/section_4_1/notes.csv,CAL-NOT-P00873-003,source_locator_derivation,CAL-P00873,calc_pdf_p873,0,derived 'calc_pdf_p{pdf_page_number}' from pdf_page_number=873 per locator contract
P2IIB-REP-0254,calculation/chapter_04/section_4_1/notes.csv,CAL-NOT-P00873-004,source_locator_derivation,CAL-P00873,calc_pdf_p873,0,derived 'calc_pdf_p{pdf_page_number}' from pdf_page_number=873 per locator contract
P2IIB-REP-0255,calculation/chapter_04/section_4_1/notes.csv,CAL-NOT-P00873-005,source_locator_derivation,CAL-P00873,calc_pdf_p873,0,derived 'calc_pdf_p{pdf_page_number}' from pdf_page_number=873 per locator contract
P2IIB-REP-0256,calculation/chapter_04/section_4_1/notes.csv,CAL-NOT-P00873-006,source_locator_derivation,CAL-P00873,calc_pdf_p873,0,derived 'calc_pdf_p{pdf_page_number}' from pdf_page_number=873 per locator contract
P2IIB-REP-0257,calculation/chapter_04/section_4_1/notes.csv,CAL-NOT-P00873-007,source_locator_derivation,CAL-P00873,calc_pdf_p873,0,derived 'calc_pdf_p{pdf_page_number}' from pdf_page_number=873 per locator contract
P2IIB-REP-0258,calculation/chapter_04/section_4_1/notes.csv,CAL-NOT-P00873-008,source_locator_derivation,CAL-P00873,calc_pdf_p873,0,derived 'calc_pdf_p{pdf_page_number}' from pdf_page_number=873 per locator contract
P2IIB-REP-0259,calculation/chapter_04/section_4_1/notes.csv,CAL-NOT-P00873-009,source_locator_derivation,CAL-P00873,calc_pdf_p873,0,derived 'calc_pdf_p{pdf_page_number}' from pdf_page_number=873 per locator contract
P2IIB-REP-0260,calculation/chapter_04/section_4_1/notes.csv,CAL-NOT-P00873-010,source_locator_derivation,CAL-P00873,calc_pdf_p873,0,derived 'calc_pdf_p{pdf_page_number}' from pdf_page_number=873 per locator contract
P2IIB-REP-0261,calculation/chapter_04/section_4_1/notes.csv,CAL-NOT-P00873-011,source_locator_derivation,CAL-P00873,calc_pdf_p873,0,derived 'calc_pdf_p{pdf_page_number}' from pdf_page_number=873 per locator contract
P2IIB-REP-0262,calculation/chapter_04/section_4_1/notes.csv,CAL-NOT-P00873-012,source_locator_derivation,CAL-P00873,calc_pdf_p873,0,derived 'calc_pdf_p{pdf_page_number}' from pdf_page_number=873 per locator contract
P2IIB-REP-0263,calculation/chapter_04/section_4_1/notes.csv,CAL-NOT-P00874-001,source_locator_derivation,CAL-P00874,calc_pdf_p874,0,derived 'calc_pdf_p{pdf_page_number}' from pdf_page_number=874 per locator contract
P2IIB-REP-0264,calculation/chapter_04/section_4_1/notes.csv,CAL-NOT-P00874-002,source_locator_derivation,CAL-P00874,calc_pdf_p874,0,derived 'calc_pdf_p{pdf_page_number}' from pdf_page_number=874 per locator contract
P2IIB-REP-0265,calculation/chapter_04/section_4_1/notes.csv,CAL-NOT-P00894-001,source_locator_derivation,CAL-P00894,calc_pdf_p894,0,derived 'calc_pdf_p{pdf_page_number}' from pdf_page_number=894 per locator contract
P2IIB-REP-0266,calculation/chapter_04/section_4_1/notes.csv,CAL-NOT-P00904-001,source_locator_derivation,CAL-P00904,calc_pdf_p904,0,derived 'calc_pdf_p{pdf_page_number}' from pdf_page_number=904 per locator contract
P2IIB-REP-0267,calculation/chapter_04/section_4_1/page_elements.csv,CAL-P00873-CAL-SEC-4.1.1-002,column_shift,"[""CAL-P00873-CAL-SEC-4.1.1-002"", ""873"", ""868"", ""CAL-CH4"", ""CAL-SEC-4.1.1"", ""text_block"", ""解析概要: 主桁・横桁からなる平面格子モデル。死荷重・活荷重を載荷。"", ""CAL-P00873"", ""TEXT_EXTRACTED"", ""HIGH"", ""Plane grid model with main girders and cross girders"", "" dead and live loads""]","[""CAL-P00873-CAL-SEC-4.1.1-002"", ""873"", ""868"", ""CAL-CH4"", ""CAL-SEC-4.1.1"", ""text_block"", ""解析概要: 主桁・横桁からなる平面格子モデル。死荷重・活荷重を載荷。"", ""CAL-P00873"", ""TEXT_EXTRACTED"", ""HIGH"", ""Plane grid model with main girders and cross girders, dead and live loads""]",1,"page_elements re-aligned: title_raw='解析概要: 主桁・横桁からなる平面格子モデル。死荷重・活荷重を載荷。', source_locator='CAL-P00873', extraction_status='TEXT_EXTRACTED', confidence='HIGH'"
P2IIB-REP-0268,calculation/chapter_04/section_4_1/page_elements.csv,CAL-P00873-CAL-SEC-4.1.1-003,column_shift,"[""CAL-P00873-CAL-SEC-4.1.1-003"", ""873"", ""868"", ""CAL-CH4"", ""CAL-SEC-4.1.1"", ""text_block"", ""節点: 横断線位置/断面変化位置/0.15L位置。座標は線形計算結果を使用。"", ""CAL-P00873"", ""TEXT_EXTRACTED"", ""HIGH"", ""Nodes at cross-section lines"", "" section change points"", "" 0.15L positions""]","[""CAL-P00873-CAL-SEC-4.1.1-003"", ""873"", ""868"", ""CAL-CH4"", ""CAL-SEC-4.1.1"", ""text_block"", ""節点: 横断線位置/断面変化位置/0.15L位置。座標は線形計算結果を使用。"", ""CAL-P00873"", ""TEXT_EXTRACTED"", ""HIGH"", ""Nodes at cross-section lines, section change points, 0.15L positions""]",2,"page_elements re-aligned: title_raw='節点: 横断線位置/断面変化位置/0.15L位置。座標は線形計算結果を使用。', source_locator='CAL-P00873', extraction_status='TEXT_EXTRACTED', confidence='HIGH'"
P2IIB-REP-0269,calculation/chapter_04/section_4_1/page_elements.csv,CAL-P00871-CAL-SEC-ch4-001,source_locator_derivation,CAL-P00871,calc_pdf_p871,0,derived 'calc_pdf_p{pdf_page_number}' from pdf_page_number=871 per locator contract
P2IIB-REP-0270,calculation/chapter_04/section_4_1/page_elements.csv,CAL-P00872-CAL-SEC-4.1-001,source_locator_derivation,CAL-P00872,calc_pdf_p872,0,derived 'calc_pdf_p{pdf_page_number}' from pdf_page_number=872 per locator contract
P2IIB-REP-0271,calculation/chapter_04/section_4_1/page_elements.csv,CAL-P00873-CAL-SEC-4.1.1-001,source_locator_derivation,CAL-P00873,calc_pdf_p873,0,derived 'calc_pdf_p{pdf_page_number}' from pdf_page_number=873 per locator contract
P2IIB-REP-0272,calculation/chapter_04/section_4_1/page_elements.csv,CAL-P00873-CAL-SEC-4.1.1-002,source_locator_derivation,CAL-P00873,calc_pdf_p873,0,derived 'calc_pdf_p{pdf_page_number}' from pdf_page_number=873 per locator contract
P2IIB-REP-0273,calculation/chapter_04/section_4_1/page_elements.csv,CAL-P00873-CAL-SEC-4.1.1-003,source_locator_derivation,CAL-P00873,calc_pdf_p873,0,derived 'calc_pdf_p{pdf_page_number}' from pdf_page_number=873 per locator contract
P2IIB-REP-0274,calculation/chapter_04/section_4_1/page_elements.csv,CAL-P00873-CAL-SEC-4.1.1-004,source_locator_derivation,CAL-P00873,calc_pdf_p873,0,derived 'calc_pdf_p{pdf_page_number}' from pdf_page_number=873 per locator contract
P2IIB-REP-0275,calculation/chapter_04/section_4_1/page_elements.csv,CAL-P00873-CAL-SEC-4.1.1-005,source_locator_derivation,CAL-P00873,calc_pdf_p873,0,derived 'calc_pdf_p{pdf_page_number}' from pdf_page_number=873 per locator contract
P2IIB-REP-0276,calculation/chapter_04/section_4_1/page_elements.csv,CAL-P00873-CAL-SEC-4.1.1-006,source_locator_derivation,CAL-P00873,calc_pdf_p873,0,derived 'calc_pdf_p{pdf_page_number}' from pdf_page_number=873 per locator contract
P2IIB-REP-0277,calculation/chapter_04/section_4_1/page_elements.csv,CAL-P00873-CAL-SEC-4.1.1-007,source_locator_derivation,CAL-P00873,calc_pdf_p873,0,derived 'calc_pdf_p{pdf_page_number}' from pdf_page_number=873 per locator contract
P2IIB-REP-0278,calculation/chapter_04/section_4_1/page_elements.csv,CAL-P00874-CAL-SEC-4.1.2-001,source_locator_derivation,CAL-P00874,calc_pdf_p874,0,derived 'calc_pdf_p{pdf_page_number}' from pdf_page_number=874 per locator contract
P2IIB-REP-0279,calculation/chapter_04/section_4_1/page_elements.csv,CAL-P00874-CAL-SEC-4.1.2-002,source_locator_derivation,CAL-P00874,calc_pdf_p874,0,derived 'calc_pdf_p{pdf_page_number}' from pdf_page_number=874 per locator contract
P2IIB-REP-0280,calculation/chapter_04/section_4_1/page_elements.csv,CAL-P00874-CAL-SEC-4.1.2-003,source_locator_derivation,CAL-P00874,calc_pdf_p874,0,derived 'calc_pdf_p{pdf_page_number}' from pdf_page_number=874 per locator contract
P2IIB-REP-0281,calculation/chapter_04/section_4_1/page_elements.csv,CAL-P00876-CAL-SEC-4.1.2-001,source_locator_derivation,CAL-P00876,calc_pdf_p876,0,derived 'calc_pdf_p{pdf_page_number}' from pdf_page_number=876 per locator contract
P2IIB-REP-0282,calculation/chapter_04/section_4_1/page_elements.csv,CAL-P00876-CAL-SEC-4.1.2-002,source_locator_derivation,CAL-P00876,calc_pdf_p876,0,derived 'calc_pdf_p{pdf_page_number}' from pdf_page_number=876 per locator contract
P2IIB-REP-0283,calculation/chapter_04/section_4_1/page_elements.csv,CAL-P00881-CAL-SEC-4.1.2-001,source_locator_derivation,CAL-P00881,calc_pdf_p881,0,derived 'calc_pdf_p{pdf_page_number}' from pdf_page_number=881 per locator contract
P2IIB-REP-0284,calculation/chapter_04/section_4_1/page_elements.csv,CAL-P00882-CAL-SEC-4.1.2-001,source_locator_derivation,CAL-P00882,calc_pdf_p882,0,derived 'calc_pdf_p{pdf_page_number}' from pdf_page_number=882 per locator contract
P2IIB-REP-0285,calculation/chapter_04/section_4_1/page_elements.csv,CAL-P00893-CAL-SEC-4.1.2-001,source_locator_derivation,CAL-P00893,calc_pdf_p893,0,derived 'calc_pdf_p{pdf_page_number}' from pdf_page_number=893 per locator contract
P2IIB-REP-0286,calculation/chapter_04/section_4_1/page_elements.csv,CAL-P00893-CAL-SEC-4.1.2-002,source_locator_derivation,CAL-P00893,calc_pdf_p893,0,derived 'calc_pdf_p{pdf_page_number}' from pdf_page_number=893 per locator contract
P2IIB-REP-0287,calculation/chapter_04/section_4_1/page_elements.csv,CAL-P00893-CAL-SEC-4.1.2-003,source_locator_derivation,CAL-P00893,calc_pdf_p893,0,derived 'calc_pdf_p{pdf_page_number}' from pdf_page_number=893 per locator contract
P2IIB-REP-0288,calculation/chapter_04/section_4_1/page_elements.csv,CAL-P00893-CAL-SEC-4.1.2-004,source_locator_derivation,CAL-P00893,calc_pdf_p893,0,derived 'calc_pdf_p{pdf_page_number}' from pdf_page_number=893 per locator contract
P2IIB-REP-0289,calculation/chapter_04/section_4_1/page_elements.csv,CAL-P00894-CAL-SEC-4.1.2-001,source_locator_derivation,CAL-P00894,calc_pdf_p894,0,derived 'calc_pdf_p{pdf_page_number}' from pdf_page_number=894 per locator contract
P2IIB-REP-0290,calculation/chapter_04/section_4_1/page_elements.csv,CAL-P00894-CAL-SEC-4.1.2-002,source_locator_derivation,CAL-P00894,calc_pdf_p894,0,derived 'calc_pdf_p{pdf_page_number}' from pdf_page_number=894 per locator contract
P2IIB-REP-0291,calculation/chapter_04/section_4_1/page_elements.csv,CAL-P00894-CAL-SEC-4.1.2-003,source_locator_derivation,CAL-P00894,calc_pdf_p894,0,derived 'calc_pdf_p{pdf_page_number}' from pdf_page_number=894 per locator contract
P2IIB-REP-0292,calculation/chapter_04/section_4_1/page_elements.csv,CAL-P00900-CAL-SEC-4.1.3-001,source_locator_derivation,CAL-P00900,calc_pdf_p900,0,derived 'calc_pdf_p{pdf_page_number}' from pdf_page_number=900 per locator contract
P2IIB-REP-0293,calculation/chapter_04/section_4_1/page_elements.csv,CAL-P00900-CAL-SEC-4.1.3-002,source_locator_derivation,CAL-P00900,calc_pdf_p900,0,derived 'calc_pdf_p{pdf_page_number}' from pdf_page_number=900 per locator contract
P2IIB-REP-0294,calculation/chapter_04/section_4_1/page_elements.csv,CAL-P00901-CAL-SEC-4.1.4-001,source_locator_derivation,CAL-P00901,calc_pdf_p901,0,derived 'calc_pdf_p{pdf_page_number}' from pdf_page_number=901 per locator contract
P2IIB-REP-0295,calculation/chapter_04/section_4_1/page_elements.csv,CAL-P00901-CAL-SEC-4.1.4-002,source_locator_derivation,CAL-P00901,calc_pdf_p901,0,derived 'calc_pdf_p{pdf_page_number}' from pdf_page_number=901 per locator contract
P2IIB-REP-0296,calculation/chapter_04/section_4_1/page_elements.csv,CAL-P00901-CAL-SEC-4.1.4-003,source_locator_derivation,CAL-P00901,calc_pdf_p901,0,derived 'calc_pdf_p{pdf_page_number}' from pdf_page_number=901 per locator contract
P2IIB-REP-0297,calculation/chapter_04/section_4_1/page_elements.csv,CAL-P00902-CAL-SEC-4.1.4-001,source_locator_derivation,CAL-P00902,calc_pdf_p902,0,derived 'calc_pdf_p{pdf_page_number}' from pdf_page_number=902 per locator contract
P2IIB-REP-0298,calculation/chapter_04/section_4_1/page_elements.csv,CAL-P00904-CAL-SEC-4.1.5-001,source_locator_derivation,CAL-P00904,calc_pdf_p904,0,derived 'calc_pdf_p{pdf_page_number}' from pdf_page_number=904 per locator contract
P2IIB-REP-0299,calculation/chapter_04/section_4_1/page_elements.csv,CAL-P00904-CAL-SEC-4.1.5-002,source_locator_derivation,CAL-P00904,calc_pdf_p904,0,derived 'calc_pdf_p{pdf_page_number}' from pdf_page_number=904 per locator contract
P2IIB-REP-0300,calculation/chapter_04/section_4_1/page_elements.csv,CAL-P00904-CAL-SEC-4.1.5-003,source_locator_derivation,CAL-P00904,calc_pdf_p904,0,derived 'calc_pdf_p{pdf_page_number}' from pdf_page_number=904 per locator contract
P2IIB-REP-0301,calculation/chapter_04/section_4_1/page_elements.csv,CAL-P01026-CAL-SEC-4.1.5-001,source_locator_derivation,CAL-P01026,calc_pdf_p1026,0,derived 'calc_pdf_p{pdf_page_number}' from pdf_page_number=1026 per locator contract
P2IIB-REP-0302,calculation/chapter_04/section_4_1/page_elements.csv,CAL-P01026-CAL-SEC-4.1.5-002,source_locator_derivation,CAL-P01026,calc_pdf_p1026,0,derived 'calc_pdf_p{pdf_page_number}' from pdf_page_number=1026 per locator contract
P2IIB-REP-0303,calculation/chapter_04/section_4_1/page_elements.csv,CAL-P01115-CAL-SEC-4.1.6-001,source_locator_derivation,CAL-P01115,calc_pdf_p1115,0,derived 'calc_pdf_p{pdf_page_number}' from pdf_page_number=1115 per locator contract
P2IIB-REP-0304,calculation/chapter_04/section_4_1/page_elements.csv,CAL-P01115-CAL-SEC-4.1.6-002,source_locator_derivation,CAL-P01115,calc_pdf_p1115,0,derived 'calc_pdf_p{pdf_page_number}' from pdf_page_number=1115 per locator contract
P2IIB-REP-0305,calculation/chapter_04/section_4_1/page_elements.csv,CAL-P01115-CAL-SEC-4.1.6-003,source_locator_derivation,CAL-P01115,calc_pdf_p1115,0,derived 'calc_pdf_p{pdf_page_number}' from pdf_page_number=1115 per locator contract
P2IIB-REP-0306,calculation/chapter_04/section_4_1/page_elements.csv,CAL-P01130-CAL-SEC-4.1.6-001,source_locator_derivation,CAL-P01130,calc_pdf_p1130,0,derived 'calc_pdf_p{pdf_page_number}' from pdf_page_number=1130 per locator contract
P2IIB-REP-0307,calculation/chapter_04/section_4_1/page_elements.csv,CAL-P01130-CAL-SEC-4.1.6-002,source_locator_derivation,CAL-P01130,calc_pdf_p1130,0,derived 'calc_pdf_p{pdf_page_number}' from pdf_page_number=1130 per locator contract
P2IIB-REP-0308,calculation/chapter_04/section_4_1/page_elements.csv,CAL-P01266-CAL-SEC-4.1.7-001,source_locator_derivation,CAL-P01266,calc_pdf_p1266,0,derived 'calc_pdf_p{pdf_page_number}' from pdf_page_number=1266 per locator contract
P2IIB-REP-0309,calculation/chapter_04/section_4_1/page_elements.csv,CAL-P01266-CAL-SEC-4.1.7-002,source_locator_derivation,CAL-P01266,calc_pdf_p1266,0,derived 'calc_pdf_p{pdf_page_number}' from pdf_page_number=1266 per locator contract
P2IIB-REP-0310,calculation/chapter_04/section_4_1/page_elements.csv,CAL-P01266-CAL-SEC-4.1.7-003,source_locator_derivation,CAL-P01266,calc_pdf_p1266,0,derived 'calc_pdf_p{pdf_page_number}' from pdf_page_number=1266 per locator contract
P2IIB-REP-0311,calculation/chapter_04/section_4_1/page_elements.csv,CAL-P01275-CAL-SEC-4.1.7-001,source_locator_derivation,CAL-P01275,calc_pdf_p1275,0,derived 'calc_pdf_p{pdf_page_number}' from pdf_page_number=1275 per locator contract
P2IIB-REP-0312,calculation/chapter_04/section_4_1/page_elements.csv,CAL-P01275-CAL-SEC-4.1.7-002,source_locator_derivation,CAL-P01275,calc_pdf_p1275,0,derived 'calc_pdf_p{pdf_page_number}' from pdf_page_number=1275 per locator contract
P2IIB-REP-0313,calculation/chapter_04/section_4_1/page_elements.csv,CAL-P01280-CAL-SEC-4.1.7-001,source_locator_derivation,CAL-P01280,calc_pdf_p1280,0,derived 'calc_pdf_p{pdf_page_number}' from pdf_page_number=1280 per locator contract
P2IIB-REP-0314,calculation/chapter_04/section_4_1/page_elements.csv,CAL-P01280-CAL-SEC-4.1.7-002,source_locator_derivation,CAL-P01280,calc_pdf_p1280,0,derived 'calc_pdf_p{pdf_page_number}' from pdf_page_number=1280 per locator contract
P2IIB-REP-0315,calculation/chapter_04/section_4_1/page_elements.csv,CAL-P01280-CAL-SEC-4.1.7-003,source_locator_derivation,CAL-P01280,calc_pdf_p1280,0,derived 'calc_pdf_p{pdf_page_number}' from pdf_page_number=1280 per locator contract
P2IIB-REP-0316,calculation/chapter_04/section_4_1/page_elements.csv,CAL-P01280-CAL-SEC-4.1.7-004,source_locator_derivation,CAL-P01280,calc_pdf_p1280,0,derived 'calc_pdf_p{pdf_page_number}' from pdf_page_number=1280 per locator contract
P2IIB-REP-0317,calculation/chapter_04/section_4_1/page_elements.csv,CAL-P01282-CAL-SEC-4.1.7-001,source_locator_derivation,CAL-P01282,calc_pdf_p1282,0,derived 'calc_pdf_p{pdf_page_number}' from pdf_page_number=1282 per locator contract
P2IIB-REP-0318,calculation/chapter_04/section_4_1/page_elements.csv,CAL-P01282-CAL-SEC-4.1.7-002,source_locator_derivation,CAL-P01282,calc_pdf_p1282,0,derived 'calc_pdf_p{pdf_page_number}' from pdf_page_number=1282 per locator contract
P2IIB-REP-0319,calculation/chapter_04/section_4_1/tables.csv,CAL-TBL-P00876-004,column_shift,"[""CAL-TBL-P00876-004"", ""876"", ""871"", ""CAL-CH4"", ""CAL-SEC-4.1.2"", ""合成前死荷重一覧(ハンチ)"", ""荷重種別/厚さ/単位重量/荷重強度"", ""ハンチ(AG1"", ""AG2)"", ""単位長さ荷重"", ""2.842 kN/m"", ""2.842"", ""kN/m"", ""2.842"", ""kN/m"", ""LOAD_VALUE"", ""CAL-P00876-TBL"", ""HIGH"", ""UNVERIFIED""]","[""CAL-TBL-P00876-004"", ""876"", ""871"", ""CAL-CH4"", ""CAL-SEC-4.1.2"", ""合成前死荷重一覧(ハンチ)"", ""荷重種別/厚さ/単位重量/荷重強度"", ""ハンチ(AG1,AG2)"", ""単位長さ荷重"", ""2.842 kN/m"", ""2.842"", ""kN/m"", ""2.842"", ""kN/m"", ""LOAD_VALUE"", ""CAL-P00876-TBL"", ""HIGH"", ""UNVERIFIED""]",1,"RIGHT-shift: row_key was split by unquoted comma; rejoined as 'ハンチ(AG1,AG2)'"
P2IIB-REP-0320,calculation/chapter_04/section_4_1/tables.csv,CAL-TBL-P00876-005,column_shift,"[""CAL-TBL-P00876-005"", ""876"", ""871"", ""CAL-CH4"", ""CAL-SEC-4.1.2"", ""合成前死荷重一覧(鋼重)"", ""荷重種別/厚さ/単位重量/荷重強度"", ""鋼重(AG1"", ""AG2)"", ""単位長さ荷重"", ""12.000 kN/m"", ""12.000"", ""kN/m"", ""12.000"", ""kN/m"", ""LOAD_VALUE"", ""CAL-P00876-TBL"", ""HIGH"", ""UNVERIFIED""]","[""CAL-TBL-P00876-005"", ""876"", ""871"", ""CAL-CH4"", ""CAL-SEC-4.1.2"", ""合成前死荷重一覧(鋼重)"", ""荷重種別/厚さ/単位重量/荷重強度"", ""鋼重(AG1,AG2)"", ""単位長さ荷重"", ""12.000 kN/m"", ""12.000"", ""kN/m"", ""12.000"", ""kN/m"", ""LOAD_VALUE"", ""CAL-P00876-TBL"", ""HIGH"", ""UNVERIFIED""]",1,"RIGHT-shift: row_key was split by unquoted comma; rejoined as '鋼重(AG1,AG2)'"
P2IIB-REP-0321,calculation/chapter_04/section_4_1/tables.csv,CAL-TBL-P00893-001,column_shift,"[""CAL-TBL-P00893-001"", ""893"", ""888"", ""CAL-CH4"", ""CAL-SEC-4.1.2"", ""衝撃係数一覧"", ""支間/支間長L/衝撃係数i"", ""第1支間"", ""衝撃係数"", ""0.222"", """", ""0.222"", """", ""DERIVED_VALUE"", ""CAL-P00893-TBL"", ""HIGH"", ""UNVERIFIED""]","[""CAL-TBL-P00893-001"", ""893"", ""888"", ""CAL-CH4"", ""CAL-SEC-4.1.2"", ""衝撃係数一覧"", ""支間/支間長L/衝撃係数i"", ""第1支間"", ""衝撃係数"", ""0.222"", """", """", ""0.222"", """", ""DERIVED_VALUE"", ""CAL-P00893-TBL"", ""HIGH"", ""UNVERIFIED""]",-1,LEFT-shift: inserted 1 empty cell(s) at column index 10 (raw_value) to restore header alignment
P2IIB-REP-0322,calculation/chapter_04/section_4_1/tables.csv,CAL-TBL-P00893-003,column_shift,"[""CAL-TBL-P00893-003"", ""893"", ""888"", ""CAL-CH4"", ""CAL-SEC-4.1.2"", ""衝撃係数一覧"", ""支間/支間長L/衝撃係数i"", ""第2支承線上"", ""衝撃係数"", ""0.209"", """", ""0.209"", """", ""DERIVED_VALUE"", ""CAL-P00893-TBL"", ""HIGH"", ""UNVERIFIED""]","[""CAL-TBL-P00893-003"", ""893"", ""888"", ""CAL-CH4"", ""CAL-SEC-4.1.2"", ""衝撃係数一覧"", ""支間/支間長L/衝撃係数i"", ""第2支承線上"", ""衝撃係数"", ""0.209"", """", """", ""0.209"", """", ""DERIVED_VALUE"", ""CAL-P00893-TBL"", ""HIGH"", ""UNVERIFIED""]",-1,LEFT-shift: inserted 1 empty cell(s) at column index 10 (raw_value) to restore header alignment
P2IIB-REP-0323,calculation/chapter_04/section_4_1/tables.csv,CAL-TBL-P00893-004,column_shift,"[""CAL-TBL-P00893-004"", ""893"", ""888"", ""CAL-CH4"", ""CAL-SEC-4.1.2"", ""衝撃係数一覧"", ""支間/支間長L/衝撃係数i"", ""第2支間"", ""衝撃係数"", ""0.198"", """", ""0.198"", """", ""DERIVED_VALUE"", ""CAL-P00893-TBL"", ""HIGH"", ""UNVERIFIED""]","[""CAL-TBL-P00893-004"", ""893"", ""888"", ""CAL-CH4"", ""CAL-SEC-4.1.2"", ""衝撃係数一覧"", ""支間/支間長L/衝撃係数i"", ""第2支間"", ""衝撃係数"", ""0.198"", """", """", ""0.198"", """", ""DERIVED_VALUE"", ""CAL-P00893-TBL"", ""HIGH"", ""UNVERIFIED""]",-1,LEFT-shift: inserted 1 empty cell(s) at column index 10 (raw_value) to restore header alignment
P2IIB-REP-0324,calculation/chapter_04/section_4_1/tables.csv,CAL-TBL-P00893-006,column_shift,"[""CAL-TBL-P00893-006"", ""893"", ""888"", ""CAL-CH4"", ""CAL-SEC-4.1.2"", ""衝撃係数一覧"", ""支間/支間長L/衝撃係数i"", ""第3支承線上"", ""衝撃係数"", ""0.209"", """", ""0.209"", """", ""DERIVED_VALUE"", ""CAL-P00893-TBL"", ""HIGH"", ""UNVERIFIED""]","[""CAL-TBL-P00893-006"", ""893"", ""888"", ""CAL-CH4"", ""CAL-SEC-4.1.2"", ""衝撃係数一覧"", ""支間/支間長L/衝撃係数i"", ""第3支承線上"", ""衝撃係数"", ""0.209"", """", """", ""0.209"", """", ""DERIVED_VALUE"", ""CAL-P00893-TBL"", ""HIGH"", ""UNVERIFIED""]",-1,LEFT-shift: inserted 1 empty cell(s) at column index 10 (raw_value) to restore header alignment
P2IIB-REP-0325,calculation/chapter_04/section_4_1/tables.csv,CAL-TBL-P00893-007,column_shift,"[""CAL-TBL-P00893-007"", ""893"", ""888"", ""CAL-CH4"", ""CAL-SEC-4.1.2"", ""衝撃係数一覧"", ""支間/支間長L/衝撃係数i"", ""第3支間"", ""衝撃係数"", ""0.222"", """", ""0.222"", """", ""DERIVED_VALUE"", ""CAL-P00893-TBL"", ""HIGH"", ""UNVERIFIED""]","[""CAL-TBL-P00893-007"", ""893"", ""888"", ""CAL-CH4"", ""CAL-SEC-4.1.2"", ""衝撃係数一覧"", ""支間/支間長L/衝撃係数i"", ""第3支間"", ""衝撃係数"", ""0.222"", """", """", ""0.222"", """", ""DERIVED_VALUE"", ""CAL-P00893-TBL"", ""HIGH"", ""UNVERIFIED""]",-1,LEFT-shift: inserted 1 empty cell(s) at column index 10 (raw_value) to restore header alignment
P2IIB-REP-0326,calculation/chapter_04/section_4_1/tables.csv,CAL-TBL-P00876-001,source_locator_derivation,CAL-P00876-TBL,calc_pdf_p876,0,derived 'calc_pdf_p{pdf_page_number}' from pdf_page_number=876 per locator contract
P2IIB-REP-0327,calculation/chapter_04/section_4_1/tables.csv,CAL-TBL-P00876-002,source_locator_derivation,CAL-P00876-TBL,calc_pdf_p876,0,derived 'calc_pdf_p{pdf_page_number}' from pdf_page_number=876 per locator contract
P2IIB-REP-0328,calculation/chapter_04/section_4_1/tables.csv,CAL-TBL-P00876-003,source_locator_derivation,CAL-P00876-TBL,calc_pdf_p876,0,derived 'calc_pdf_p{pdf_page_number}' from pdf_page_number=876 per locator contract
P2IIB-REP-0329,calculation/chapter_04/section_4_1/tables.csv,CAL-TBL-P00876-004,source_locator_derivation,CAL-P00876-TBL,calc_pdf_p876,0,derived 'calc_pdf_p{pdf_page_number}' from pdf_page_number=876 per locator contract
P2IIB-REP-0330,calculation/chapter_04/section_4_1/tables.csv,CAL-TBL-P00876-005,source_locator_derivation,CAL-P00876-TBL,calc_pdf_p876,0,derived 'calc_pdf_p{pdf_page_number}' from pdf_page_number=876 per locator contract
P2IIB-REP-0331,calculation/chapter_04/section_4_1/tables.csv,CAL-TBL-P00876-006,source_locator_derivation,CAL-P00876-TBL,calc_pdf_p876,0,derived 'calc_pdf_p{pdf_page_number}' from pdf_page_number=876 per locator contract
P2IIB-REP-0332,calculation/chapter_04/section_4_1/tables.csv,CAL-TBL-P00882-001,source_locator_derivation,CAL-P00882-TBL,calc_pdf_p882,0,derived 'calc_pdf_p{pdf_page_number}' from pdf_page_number=882 per locator contract
P2IIB-REP-0333,calculation/chapter_04/section_4_1/tables.csv,CAL-TBL-P00882-002,source_locator_derivation,CAL-P00882-TBL,calc_pdf_p882,0,derived 'calc_pdf_p{pdf_page_number}' from pdf_page_number=882 per locator contract
P2IIB-REP-0334,calculation/chapter_04/section_4_1/tables.csv,CAL-TBL-P00882-003,source_locator_derivation,CAL-P00882-TBL,calc_pdf_p882,0,derived 'calc_pdf_p{pdf_page_number}' from pdf_page_number=882 per locator contract
P2IIB-REP-0335,calculation/chapter_04/section_4_1/tables.csv,CAL-TBL-P00882-004,source_locator_derivation,CAL-P00882-TBL,calc_pdf_p882,0,derived 'calc_pdf_p{pdf_page_number}' from pdf_page_number=882 per locator contract
P2IIB-REP-0336,calculation/chapter_04/section_4_1/tables.csv,CAL-TBL-P00882-005,source_locator_derivation,CAL-P00882-TBL,calc_pdf_p882,0,derived 'calc_pdf_p{pdf_page_number}' from pdf_page_number=882 per locator contract
P2IIB-REP-0337,calculation/chapter_04/section_4_1/tables.csv,CAL-TBL-P00882-006,source_locator_derivation,CAL-P00882-TBL,calc_pdf_p882,0,derived 'calc_pdf_p{pdf_page_number}' from pdf_page_number=882 per locator contract
P2IIB-REP-0338,calculation/chapter_04/section_4_1/tables.csv,CAL-TBL-P00882-007,source_locator_derivation,CAL-P00882-TBL,calc_pdf_p882,0,derived 'calc_pdf_p{pdf_page_number}' from pdf_page_number=882 per locator contract
P2IIB-REP-0339,calculation/chapter_04/section_4_1/tables.csv,CAL-TBL-P00882-008,source_locator_derivation,CAL-P00882-TBL,calc_pdf_p882,0,derived 'calc_pdf_p{pdf_page_number}' from pdf_page_number=882 per locator contract
P2IIB-REP-0340,calculation/chapter_04/section_4_1/tables.csv,CAL-TBL-P00893-001,source_locator_derivation,CAL-P00893-TBL,calc_pdf_p893,0,derived 'calc_pdf_p{pdf_page_number}' from pdf_page_number=893 per locator contract
P2IIB-REP-0341,calculation/chapter_04/section_4_1/tables.csv,CAL-TBL-P00893-002,source_locator_derivation,CAL-P00893-TBL,calc_pdf_p893,0,derived 'calc_pdf_p{pdf_page_number}' from pdf_page_number=893 per locator contract
P2IIB-REP-0342,calculation/chapter_04/section_4_1/tables.csv,CAL-TBL-P00893-003,source_locator_derivation,CAL-P00893-TBL,calc_pdf_p893,0,derived 'calc_pdf_p{pdf_page_number}' from pdf_page_number=893 per locator contract
P2IIB-REP-0343,calculation/chapter_04/section_4_1/tables.csv,CAL-TBL-P00893-004,source_locator_derivation,CAL-P00893-TBL,calc_pdf_p893,0,derived 'calc_pdf_p{pdf_page_number}' from pdf_page_number=893 per locator contract
P2IIB-REP-0344,calculation/chapter_04/section_4_1/tables.csv,CAL-TBL-P00893-005,source_locator_derivation,CAL-P00893-TBL,calc_pdf_p893,0,derived 'calc_pdf_p{pdf_page_number}' from pdf_page_number=893 per locator contract
P2IIB-REP-0345,calculation/chapter_04/section_4_1/tables.csv,CAL-TBL-P00893-006,source_locator_derivation,CAL-P00893-TBL,calc_pdf_p893,0,derived 'calc_pdf_p{pdf_page_number}' from pdf_page_number=893 per locator contract
P2IIB-REP-0346,calculation/chapter_04/section_4_1/tables.csv,CAL-TBL-P00893-007,source_locator_derivation,CAL-P00893-TBL,calc_pdf_p893,0,derived 'calc_pdf_p{pdf_page_number}' from pdf_page_number=893 per locator contract
P2IIB-REP-0347,calculation/chapter_04/section_4_1/tables.csv,CAL-TBL-P00901-001,source_locator_derivation,CAL-P00901-TBL,calc_pdf_p901,0,derived 'calc_pdf_p{pdf_page_number}' from pdf_page_number=901 per locator contract
P2IIB-REP-0348,calculation/chapter_04/section_4_1/tables.csv,CAL-TBL-P00901-002,source_locator_derivation,CAL-P00901-TBL,calc_pdf_p901,0,derived 'calc_pdf_p{pdf_page_number}' from pdf_page_number=901 per locator contract
P2IIB-REP-0349,calculation/chapter_04/section_4_1/values.csv,CAL-VAL-P00873-001,source_locator_derivation,CAL-P00873,calc_pdf_p873,0,derived 'calc_pdf_p{pdf_page_number}' from pdf_page_number=873 per locator contract
P2IIB-REP-0350,calculation/chapter_04/section_4_1/values.csv,CAL-VAL-P00873-002,source_locator_derivation,CAL-P00873,calc_pdf_p873,0,derived 'calc_pdf_p{pdf_page_number}' from pdf_page_number=873 per locator contract
P2IIB-REP-0351,calculation/chapter_04/section_4_1/values.csv,CAL-VAL-P00873-003,source_locator_derivation,CAL-P00873,calc_pdf_p873,0,derived 'calc_pdf_p{pdf_page_number}' from pdf_page_number=873 per locator contract
P2IIB-REP-0352,calculation/chapter_04/section_4_1/values.csv,CAL-VAL-P00873-004,source_locator_derivation,CAL-P00873,calc_pdf_p873,0,derived 'calc_pdf_p{pdf_page_number}' from pdf_page_number=873 per locator contract
P2IIB-REP-0353,calculation/chapter_04/section_4_1/values.csv,CAL-VAL-P00873-005,source_locator_derivation,CAL-P00873,calc_pdf_p873,0,derived 'calc_pdf_p{pdf_page_number}' from pdf_page_number=873 per locator contract
P2IIB-REP-0354,calculation/chapter_04/section_4_1/values.csv,CAL-VAL-P00873-006,source_locator_derivation,CAL-P00873,calc_pdf_p873,0,derived 'calc_pdf_p{pdf_page_number}' from pdf_page_number=873 per locator contract
P2IIB-REP-0355,calculation/chapter_04/section_4_1/values.csv,CAL-VAL-P00876-001,source_locator_derivation,CAL-P00876-TBL,calc_pdf_p876,0,derived 'calc_pdf_p{pdf_page_number}' from pdf_page_number=876 per locator contract
P2IIB-REP-0356,calculation/chapter_04/section_4_1/values.csv,CAL-VAL-P00876-002,source_locator_derivation,CAL-P00876-TBL,calc_pdf_p876,0,derived 'calc_pdf_p{pdf_page_number}' from pdf_page_number=876 per locator contract
P2IIB-REP-0357,calculation/chapter_04/section_4_1/values.csv,CAL-VAL-P00876-003,source_locator_derivation,CAL-P00876-TBL,calc_pdf_p876,0,derived 'calc_pdf_p{pdf_page_number}' from pdf_page_number=876 per locator contract
P2IIB-REP-0358,calculation/chapter_04/section_4_1/values.csv,CAL-VAL-P00876-004,source_locator_derivation,CAL-P00876-TBL,calc_pdf_p876,0,derived 'calc_pdf_p{pdf_page_number}' from pdf_page_number=876 per locator contract
P2IIB-REP-0359,calculation/chapter_04/section_4_1/values.csv,CAL-VAL-P00876-005,source_locator_derivation,CAL-P00876-TBL,calc_pdf_p876,0,derived 'calc_pdf_p{pdf_page_number}' from pdf_page_number=876 per locator contract
P2IIB-REP-0360,calculation/chapter_04/section_4_1/values.csv,CAL-VAL-P00876-006,source_locator_derivation,CAL-P00876-TBL,calc_pdf_p876,0,derived 'calc_pdf_p{pdf_page_number}' from pdf_page_number=876 per locator contract
P2IIB-REP-0361,calculation/chapter_04/section_4_1/values.csv,CAL-VAL-P00882-001,source_locator_derivation,CAL-P00882-TBL,calc_pdf_p882,0,derived 'calc_pdf_p{pdf_page_number}' from pdf_page_number=882 per locator contract
P2IIB-REP-0362,calculation/chapter_04/section_4_1/values.csv,CAL-VAL-P00882-002,source_locator_derivation,CAL-P00882-TBL,calc_pdf_p882,0,derived 'calc_pdf_p{pdf_page_number}' from pdf_page_number=882 per locator contract
P2IIB-REP-0363,calculation/chapter_04/section_4_1/values.csv,CAL-VAL-P00882-003,source_locator_derivation,CAL-P00882-TBL,calc_pdf_p882,0,derived 'calc_pdf_p{pdf_page_number}' from pdf_page_number=882 per locator contract
P2IIB-REP-0364,calculation/chapter_04/section_4_1/values.csv,CAL-VAL-P00882-004,source_locator_derivation,CAL-P00882-TBL,calc_pdf_p882,0,derived 'calc_pdf_p{pdf_page_number}' from pdf_page_number=882 per locator contract
P2IIB-REP-0365,calculation/chapter_04/section_4_1/values.csv,CAL-VAL-P00882-005,source_locator_derivation,CAL-P00882-TBL,calc_pdf_p882,0,derived 'calc_pdf_p{pdf_page_number}' from pdf_page_number=882 per locator contract
P2IIB-REP-0366,calculation/chapter_04/section_4_1/values.csv,CAL-VAL-P00882-006,source_locator_derivation,CAL-P00882-TBL,calc_pdf_p882,0,derived 'calc_pdf_p{pdf_page_number}' from pdf_page_number=882 per locator contract
P2IIB-REP-0367,calculation/chapter_04/section_4_1/values.csv,CAL-VAL-P00882-007,source_locator_derivation,CAL-P00882-TBL,calc_pdf_p882,0,derived 'calc_pdf_p{pdf_page_number}' from pdf_page_number=882 per locator contract
P2IIB-REP-0368,calculation/chapter_04/section_4_1/values.csv,CAL-VAL-P00882-008,source_locator_derivation,CAL-P00882-TBL,calc_pdf_p882,0,derived 'calc_pdf_p{pdf_page_number}' from pdf_page_number=882 per locator contract
P2IIB-REP-0369,calculation/chapter_04/section_4_1/values.csv,CAL-VAL-P00893-001,source_locator_derivation,CAL-P00893,calc_pdf_p893,0,derived 'calc_pdf_p{pdf_page_number}' from pdf_page_number=893 per locator contract
P2IIB-REP-0370,calculation/chapter_04/section_4_1/values.csv,CAL-VAL-P00893-002,source_locator_derivation,CAL-P00893-TBL,calc_pdf_p893,0,derived 'calc_pdf_p{pdf_page_number}' from pdf_page_number=893 per locator contract
P2IIB-REP-0371,calculation/chapter_04/section_4_1/values.csv,CAL-VAL-P00893-003,source_locator_derivation,CAL-P00893-TBL,calc_pdf_p893,0,derived 'calc_pdf_p{pdf_page_number}' from pdf_page_number=893 per locator contract
P2IIB-REP-0372,calculation/chapter_04/section_4_1/values.csv,CAL-VAL-P00893-004,source_locator_derivation,CAL-P00893-TBL,calc_pdf_p893,0,derived 'calc_pdf_p{pdf_page_number}' from pdf_page_number=893 per locator contract
P2IIB-REP-0373,calculation/chapter_04/section_4_1/values.csv,CAL-VAL-P00893-005,source_locator_derivation,CAL-P00893-TBL,calc_pdf_p893,0,derived 'calc_pdf_p{pdf_page_number}' from pdf_page_number=893 per locator contract
P2IIB-REP-0374,calculation/chapter_04/section_4_1/values.csv,CAL-VAL-P00893-006,source_locator_derivation,CAL-P00893-TBL,calc_pdf_p893,0,derived 'calc_pdf_p{pdf_page_number}' from pdf_page_number=893 per locator contract
P2IIB-REP-0375,calculation/chapter_04/section_4_1/values.csv,CAL-VAL-P00893-007,source_locator_derivation,CAL-P00893-TBL,calc_pdf_p893,0,derived 'calc_pdf_p{pdf_page_number}' from pdf_page_number=893 per locator contract
P2IIB-REP-0376,calculation/chapter_04/section_4_1/values.csv,CAL-VAL-P00893-008,source_locator_derivation,CAL-P00893-TBL,calc_pdf_p893,0,derived 'calc_pdf_p{pdf_page_number}' from pdf_page_number=893 per locator contract
P2IIB-REP-0377,calculation/chapter_04/section_4_1/values.csv,CAL-VAL-P00893-009,source_locator_derivation,CAL-P00893-TBL,calc_pdf_p893,0,derived 'calc_pdf_p{pdf_page_number}' from pdf_page_number=893 per locator contract
P2IIB-REP-0378,calculation/chapter_04/section_4_1/values.csv,CAL-VAL-P00893-010,source_locator_derivation,CAL-P00893-TBL,calc_pdf_p893,0,derived 'calc_pdf_p{pdf_page_number}' from pdf_page_number=893 per locator contract
P2IIB-REP-0379,calculation/chapter_02/formulas.csv,CH2-FML-001,semantic_class_fix,hc=deck_thickness,deck_thickness,0,content leakage in semantic_class fixed to legitimate label 'deck_thickness'
P2IIB-REP-0380,calculation/chapter_02/formulas.csv,CH2-FML-001,source_locator_derivation,chapter_02/formulas.csv,calc_pdf_p19,0,derived 'calc_pdf_p{pdf_page_number}' from pdf_page_number=19 per locator contract
P2IIB-REP-0381,calculation/chapter_02/formulas.csv,CH2-FML-002,source_locator_derivation,chapter_02/formulas.csv,calc_pdf_p20,0,derived 'calc_pdf_p{pdf_page_number}' from pdf_page_number=20 per locator contract
P2IIB-REP-0382,calculation/chapter_02/formulas.csv,CH2-FML-003,source_locator_derivation,chapter_02/formulas.csv,calc_pdf_p20,0,derived 'calc_pdf_p{pdf_page_number}' from pdf_page_number=20 per locator contract
P2IIB-REP-0383,calculation/chapter_02/formulas.csv,CH2-FML-004,source_locator_derivation,chapter_02/formulas.csv,calc_pdf_p21,0,derived 'calc_pdf_p{pdf_page_number}' from pdf_page_number=21 per locator contract
P2IIB-REP-0384,calculation/chapter_02/formulas.csv,CH2-FML-005,source_locator_derivation,chapter_02/formulas.csv,calc_pdf_p22,0,derived 'calc_pdf_p{pdf_page_number}' from pdf_page_number=22 per locator contract
P2IIB-REP-0385,calculation/chapter_02/formulas.csv,CH2-FML-006,source_locator_derivation,chapter_02/formulas.csv,calc_pdf_p22,0,derived 'calc_pdf_p{pdf_page_number}' from pdf_page_number=22 per locator contract
P2IIB-REP-0386,calculation/chapter_02/formulas.csv,CH2-FML-007,source_locator_derivation,chapter_02/formulas.csv,calc_pdf_p22,0,derived 'calc_pdf_p{pdf_page_number}' from pdf_page_number=22 per locator contract
P2IIB-REP-0387,calculation/chapter_02/formulas.csv,CH2-FML-008,source_locator_derivation,chapter_02/formulas.csv,calc_pdf_p22,0,derived 'calc_pdf_p{pdf_page_number}' from pdf_page_number=22 per locator contract
P2IIB-REP-0388,calculation/chapter_02/formulas.csv,CH2-FML-009,source_locator_derivation,chapter_02/formulas.csv,calc_pdf_p23,0,derived 'calc_pdf_p{pdf_page_number}' from pdf_page_number=23 per locator contract
P2IIB-REP-0389,calculation/chapter_02/formulas.csv,CH2-FML-010,source_locator_derivation,chapter_02/formulas.csv,calc_pdf_p30,0,derived 'calc_pdf_p{pdf_page_number}' from pdf_page_number=30 per locator contract
P2IIB-REP-0390,calculation/chapter_02/formulas.csv,CH2-FML-011,source_locator_derivation,chapter_02/formulas.csv,calc_pdf_p31,0,derived 'calc_pdf_p{pdf_page_number}' from pdf_page_number=31 per locator contract
P2IIB-REP-0391,calculation/chapter_02/notes.csv,CH2-NOTE-001,source_locator_derivation,chapter_02/notes.csv,calc_pdf_p16,0,derived 'calc_pdf_p{pdf_page_number}' from pdf_page_number=16 per locator contract
P2IIB-REP-0392,calculation/chapter_02/notes.csv,CH2-NOTE-002,source_locator_derivation,chapter_02/notes.csv,calc_pdf_p18,0,derived 'calc_pdf_p{pdf_page_number}' from pdf_page_number=18 per locator contract
P2IIB-REP-0393,calculation/chapter_02/notes.csv,CH2-NOTE-003,source_locator_derivation,chapter_02/notes.csv,calc_pdf_p19,0,derived 'calc_pdf_p{pdf_page_number}' from pdf_page_number=19 per locator contract
P2IIB-REP-0394,calculation/chapter_02/notes.csv,CH2-NOTE-004,source_locator_derivation,chapter_02/notes.csv,calc_pdf_p20,0,derived 'calc_pdf_p{pdf_page_number}' from pdf_page_number=20 per locator contract
P2IIB-REP-0395,calculation/chapter_02/notes.csv,CH2-NOTE-005,source_locator_derivation,chapter_02/notes.csv,calc_pdf_p21,0,derived 'calc_pdf_p{pdf_page_number}' from pdf_page_number=21 per locator contract
P2IIB-REP-0396,calculation/chapter_02/notes.csv,CH2-NOTE-006,source_locator_derivation,chapter_02/notes.csv,calc_pdf_p21,0,derived 'calc_pdf_p{pdf_page_number}' from pdf_page_number=21 per locator contract
P2IIB-REP-0397,calculation/chapter_02/notes.csv,CH2-NOTE-007,source_locator_derivation,chapter_02/notes.csv,calc_pdf_p21,0,derived 'calc_pdf_p{pdf_page_number}' from pdf_page_number=21 per locator contract
P2IIB-REP-0398,calculation/chapter_02/notes.csv,CH2-NOTE-008,source_locator_derivation,chapter_02/notes.csv,calc_pdf_p29,0,derived 'calc_pdf_p{pdf_page_number}' from pdf_page_number=29 per locator contract
P2IIB-REP-0399,calculation/chapter_02/notes.csv,CH2-NOTE-009,source_locator_derivation,chapter_02/notes.csv,calc_pdf_p33,0,derived 'calc_pdf_p{pdf_page_number}' from pdf_page_number=33 per locator contract
P2IIB-REP-0400,calculation/chapter_02/page_elements.csv,CH2-PE-001,source_locator_derivation,chapter_02/page_elements.csv,calc_pdf_p16,0,derived 'calc_pdf_p{pdf_page_number}' from pdf_page_number=16 per locator contract
P2IIB-REP-0401,calculation/chapter_02/page_elements.csv,CH2-PE-002,source_locator_derivation,chapter_02/page_elements.csv,calc_pdf_p16,0,derived 'calc_pdf_p{pdf_page_number}' from pdf_page_number=16 per locator contract
P2IIB-REP-0402,calculation/chapter_02/page_elements.csv,CH2-PE-003,source_locator_derivation,chapter_02/page_elements.csv,calc_pdf_p17,0,derived 'calc_pdf_p{pdf_page_number}' from pdf_page_number=17 per locator contract
P2IIB-REP-0403,calculation/chapter_02/page_elements.csv,CH2-PE-004,source_locator_derivation,chapter_02/page_elements.csv,calc_pdf_p17,0,derived 'calc_pdf_p{pdf_page_number}' from pdf_page_number=17 per locator contract
P2IIB-REP-0404,calculation/chapter_02/page_elements.csv,CH2-PE-005,source_locator_derivation,chapter_02/page_elements.csv,calc_pdf_p18,0,derived 'calc_pdf_p{pdf_page_number}' from pdf_page_number=18 per locator contract
P2IIB-REP-0405,calculation/chapter_02/page_elements.csv,CH2-PE-006,source_locator_derivation,chapter_02/page_elements.csv,calc_pdf_p18,0,derived 'calc_pdf_p{pdf_page_number}' from pdf_page_number=18 per locator contract
P2IIB-REP-0406,calculation/chapter_02/page_elements.csv,CH2-PE-007,source_locator_derivation,chapter_02/page_elements.csv,calc_pdf_p18,0,derived 'calc_pdf_p{pdf_page_number}' from pdf_page_number=18 per locator contract
P2IIB-REP-0407,calculation/chapter_02/page_elements.csv,CH2-PE-008,source_locator_derivation,chapter_02/page_elements.csv,calc_pdf_p18,0,derived 'calc_pdf_p{pdf_page_number}' from pdf_page_number=18 per locator contract
P2IIB-REP-0408,calculation/chapter_02/page_elements.csv,CH2-PE-009,source_locator_derivation,chapter_02/page_elements.csv,calc_pdf_p19,0,derived 'calc_pdf_p{pdf_page_number}' from pdf_page_number=19 per locator contract
P2IIB-REP-0409,calculation/chapter_02/page_elements.csv,CH2-PE-010,source_locator_derivation,chapter_02/page_elements.csv,calc_pdf_p19,0,derived 'calc_pdf_p{pdf_page_number}' from pdf_page_number=19 per locator contract
P2IIB-REP-0410,calculation/chapter_02/page_elements.csv,CH2-PE-011,source_locator_derivation,chapter_02/page_elements.csv,calc_pdf_p19,0,derived 'calc_pdf_p{pdf_page_number}' from pdf_page_number=19 per locator contract
P2IIB-REP-0411,calculation/chapter_02/page_elements.csv,CH2-PE-012,source_locator_derivation,chapter_02/page_elements.csv,calc_pdf_p19,0,derived 'calc_pdf_p{pdf_page_number}' from pdf_page_number=19 per locator contract
P2IIB-REP-0412,calculation/chapter_02/page_elements.csv,CH2-PE-013,source_locator_derivation,chapter_02/page_elements.csv,calc_pdf_p20,0,derived 'calc_pdf_p{pdf_page_number}' from pdf_page_number=20 per locator contract
P2IIB-REP-0413,calculation/chapter_02/page_elements.csv,CH2-PE-014,source_locator_derivation,chapter_02/page_elements.csv,calc_pdf_p20,0,derived 'calc_pdf_p{pdf_page_number}' from pdf_page_number=20 per locator contract
P2IIB-REP-0414,calculation/chapter_02/page_elements.csv,CH2-PE-015,source_locator_derivation,chapter_02/page_elements.csv,calc_pdf_p20,0,derived 'calc_pdf_p{pdf_page_number}' from pdf_page_number=20 per locator contract
P2IIB-REP-0415,calculation/chapter_02/page_elements.csv,CH2-PE-016,source_locator_derivation,chapter_02/page_elements.csv,calc_pdf_p21,0,derived 'calc_pdf_p{pdf_page_number}' from pdf_page_number=21 per locator contract
P2IIB-REP-0416,calculation/chapter_02/page_elements.csv,CH2-PE-017,source_locator_derivation,chapter_02/page_elements.csv,calc_pdf_p21,0,derived 'calc_pdf_p{pdf_page_number}' from pdf_page_number=21 per locator contract
P2IIB-REP-0417,calculation/chapter_02/page_elements.csv,CH2-PE-018,source_locator_derivation,chapter_02/page_elements.csv,calc_pdf_p22,0,derived 'calc_pdf_p{pdf_page_number}' from pdf_page_number=22 per locator contract
P2IIB-REP-0418,calculation/chapter_02/page_elements.csv,CH2-PE-019,source_locator_derivation,chapter_02/page_elements.csv,calc_pdf_p27,0,derived 'calc_pdf_p{pdf_page_number}' from pdf_page_number=27 per locator contract
P2IIB-REP-0419,calculation/chapter_02/page_elements.csv,CH2-PE-020,source_locator_derivation,chapter_02/page_elements.csv,calc_pdf_p29,0,derived 'calc_pdf_p{pdf_page_number}' from pdf_page_number=29 per locator contract
P2IIB-REP-0420,calculation/chapter_02/page_elements.csv,CH2-PE-021,source_locator_derivation,chapter_02/page_elements.csv,calc_pdf_p30,0,derived 'calc_pdf_p{pdf_page_number}' from pdf_page_number=30 per locator contract
P2IIB-REP-0421,calculation/chapter_02/page_elements.csv,CH2-PE-022,source_locator_derivation,chapter_02/page_elements.csv,calc_pdf_p38,0,derived 'calc_pdf_p{pdf_page_number}' from pdf_page_number=38 per locator contract
P2IIB-REP-0422,calculation/chapter_02/page_elements.csv,CH2-PE-023,source_locator_derivation,chapter_02/page_elements.csv,calc_pdf_p41,0,derived 'calc_pdf_p{pdf_page_number}' from pdf_page_number=41 per locator contract
P2IIB-REP-0423,calculation/chapter_02/page_elements.csv,CH2-PE-024,source_locator_derivation,chapter_02/page_elements.csv,calc_pdf_p70,0,derived 'calc_pdf_p{pdf_page_number}' from pdf_page_number=70 per locator contract
P2IIB-REP-0424,calculation/chapter_02/page_elements.csv,CH2-PE-025,source_locator_derivation,chapter_02/page_elements.csv,calc_pdf_p114,0,derived 'calc_pdf_p{pdf_page_number}' from pdf_page_number=114 per locator contract
P2IIB-REP-0425,calculation/chapter_02/tables.csv,CH2-TBL-005,column_shift,"[""CH2-TBL-005"", ""18"", ""13"", ""CH2"", ""CAL-SEC-2.1"", ""材料(鋼板)"", ""項目|値|単位"", ""材質"", """", ""SM490Y"", """", ""SM490Y"", """", ""material"", ""chapter_02/tables.csv"", ""HIGH"", ""UNVERIFIED""]","[""CH2-TBL-005"", ""18"", ""13"", ""CH2"", ""CAL-SEC-2.1"", ""材料(鋼板)"", ""項目|値|単位"", ""材質"", """", """", ""SM490Y"", """", ""SM490Y"", """", ""material"", ""chapter_02/tables.csv"", ""HIGH"", ""UNVERIFIED""]",-1,LEFT-shift: inserted 1 empty cell(s) at column index 8 (column_key) to restore header alignment
P2IIB-REP-0426,calculation/chapter_02/tables.csv,CH2-TBL-006,column_shift,"[""CH2-TBL-006"", ""18"", ""13"", ""CH2"", ""CAL-SEC-2.1"", ""材料(鋼板)"", ""項目|値|単位"", ""引張応力度制限値"", ""210"", ""N/mm2"", ""210"", ""N/mm2"", ""material"", ""chapter_02/tables.csv"", ""HIGH"", ""UNVERIFIED""]","[""CH2-TBL-006"", ""18"", ""13"", ""CH2"", ""CAL-SEC-2.1"", ""材料(鋼板)"", ""項目|値|単位"", ""引張応力度制限値"", """", """", ""210"", ""N/mm2"", ""210"", ""N/mm2"", ""material"", ""chapter_02/tables.csv"", ""HIGH"", ""UNVERIFIED""]",-2,LEFT-shift: inserted 2 empty cell(s) at column index 8 (column_key) to restore header alignment
P2IIB-REP-0427,calculation/chapter_02/tables.csv,CH2-TBL-007,column_shift,"[""CH2-TBL-007"", ""18"", ""13"", ""CH2"", ""CAL-SEC-2.1"", ""材料(鋼板)"", ""項目|値|単位"", ""引張降伏強度"", ""355"", ""N/mm2"", ""355"", ""N/mm2"", ""material"", ""chapter_02/tables.csv"", ""HIGH"", ""UNVERIFIED""]","[""CH2-TBL-007"", ""18"", ""13"", ""CH2"", ""CAL-SEC-2.1"", ""材料(鋼板)"", ""項目|値|単位"", ""引張降伏強度"", """", """", ""355"", ""N/mm2"", ""355"", ""N/mm2"", ""material"", ""chapter_02/tables.csv"", ""HIGH"", ""UNVERIFIED""]",-2,LEFT-shift: inserted 2 empty cell(s) at column index 8 (column_key) to restore header alignment
P2IIB-REP-0428,calculation/chapter_02/tables.csv,CH2-TBL-008,column_shift,"[""CH2-TBL-008"", ""18"", ""13"", ""CH2"", ""CAL-SEC-2.1"", ""材料(鋼板)"", ""項目|値|単位"", ""圧縮降伏強度"", ""355"", ""N/mm2"", ""355"", ""N/mm2"", ""material"", ""chapter_02/tables.csv"", ""HIGH"", ""UNVERIFIED""]","[""CH2-TBL-008"", ""18"", ""13"", ""CH2"", ""CAL-SEC-2.1"", ""材料(鋼板)"", ""項目|値|単位"", ""圧縮降伏強度"", """", """", ""355"", ""N/mm2"", ""355"", ""N/mm2"", ""material"", ""chapter_02/tables.csv"", ""HIGH"", ""UNVERIFIED""]",-2,LEFT-shift: inserted 2 empty cell(s) at column index 8 (column_key) to restore header alignment
P2IIB-REP-0429,calculation/chapter_02/tables.csv,CH2-TBL-009,column_shift,"[""CH2-TBL-009"", ""18"", ""13"", ""CH2"", ""CAL-SEC-2.1"", ""材料(横リブ)"", ""項目|値|単位"", ""材質"", """", ""SS400"", """", ""SS400"", """", ""material"", ""chapter_02/tables.csv"", ""HIGH"", ""UNVERIFIED""]","[""CH2-TBL-009"", ""18"", ""13"", ""CH2"", ""CAL-SEC-2.1"", ""材料(横リブ)"", ""項目|値|単位"", ""材質"", """", """", ""SS400"", """", ""SS400"", """", ""material"", ""chapter_02/tables.csv"", ""HIGH"", ""UNVERIFIED""]",-1,LEFT-shift: inserted 1 empty cell(s) at column index 8 (column_key) to restore header alignment
P2IIB-REP-0430,calculation/chapter_02/tables.csv,CH2-TBL-010,column_shift,"[""CH2-TBL-010"", ""18"", ""13"", ""CH2"", ""CAL-SEC-2.1"", ""材料(横リブ)"", ""項目|値|単位"", ""引張降伏強度"", ""235"", ""N/mm2"", ""235"", ""N/mm2"", ""material"", ""chapter_02/tables.csv"", ""HIGH"", ""UNVERIFIED""]","[""CH2-TBL-010"", ""18"", ""13"", ""CH2"", ""CAL-SEC-2.1"", ""材料(横リブ)"", ""項目|値|単位"", ""引張降伏強度"", """", """", ""235"", ""N/mm2"", ""235"", ""N/mm2"", ""material"", ""chapter_02/tables.csv"", ""HIGH"", ""UNVERIFIED""]",-2,LEFT-shift: inserted 2 empty cell(s) at column index 8 (column_key) to restore header alignment
P2IIB-REP-0431,calculation/chapter_02/tables.csv,CH2-TBL-011,column_shift,"[""CH2-TBL-011"", ""18"", ""13"", ""CH2"", ""CAL-SEC-2.1"", ""材料(横リブ)"", ""項目|値|単位"", ""圧縮降伏強度"", ""235"", ""N/mm2"", ""235"", ""N/mm2"", ""material"", ""chapter_02/tables.csv"", ""HIGH"", ""UNVERIFIED""]","[""CH2-TBL-011"", ""18"", ""13"", ""CH2"", ""CAL-SEC-2.1"", ""材料(横リブ)"", ""項目|値|単位"", ""圧縮降伏強度"", """", """", ""235"", ""N/mm2"", ""235"", ""N/mm2"", ""material"", ""chapter_02/tables.csv"", ""HIGH"", ""UNVERIFIED""]",-2,LEFT-shift: inserted 2 empty cell(s) at column index 8 (column_key) to restore header alignment
P2IIB-REP-0432,calculation/chapter_02/tables.csv,CH2-TBL-012,column_shift,"[""CH2-TBL-012"", ""18"", ""13"", ""CH2"", ""CAL-SEC-2.1"", ""材料(鉄筋)"", ""項目|値|単位"", ""材質"", """", ""SD345"", """", ""SD345"", """", ""material"", ""chapter_02/tables.csv"", ""HIGH"", ""UNVERIFIED""]","[""CH2-TBL-012"", ""18"", ""13"", ""CH2"", ""CAL-SEC-2.1"", ""材料(鉄筋)"", ""項目|値|単位"", ""材質"", """", """", ""SD345"", """", ""SD345"", """", ""material"", ""chapter_02/tables.csv"", ""HIGH"", ""UNVERIFIED""]",-1,LEFT-shift: inserted 1 empty cell(s) at column index 8 (column_key) to restore header alignment
P2IIB-REP-0433,calculation/chapter_02/tables.csv,CH2-TBL-013,column_shift,"[""CH2-TBL-013"", ""18"", ""13"", ""CH2"", ""CAL-SEC-2.1"", ""材料(鉄筋)"", ""項目|値|単位"", ""引張応力度制限値(疲労)"", ""120"", ""N/mm2"", ""120"", ""N/mm2"", ""material"", ""chapter_02/tables.csv"", ""HIGH"", ""UNVERIFIED""]","[""CH2-TBL-013"", ""18"", ""13"", ""CH2"", ""CAL-SEC-2.1"", ""材料(鉄筋)"", ""項目|値|単位"", ""引張応力度制限値(疲労)"", """", """", ""120"", ""N/mm2"", ""120"", ""N/mm2"", ""material"", ""chapter_02/tables.csv"", ""HIGH"", ""UNVERIFIED""]",-2,LEFT-shift: inserted 2 empty cell(s) at column index 8 (column_key) to restore header alignment
P2IIB-REP-0434,calculation/chapter_02/tables.csv,CH2-TBL-014,column_shift,"[""CH2-TBL-014"", ""18"", ""13"", ""CH2"", ""CAL-SEC-2.1"", ""材料(鉄筋)"", ""項目|値|単位"", ""引張応力度制限値(腐食)"", ""100"", ""N/mm2"", ""100"", ""N/mm2"", ""material"", ""chapter_02/tables.csv"", ""HIGH"", ""UNVERIFIED""]","[""CH2-TBL-014"", ""18"", ""13"", ""CH2"", ""CAL-SEC-2.1"", ""材料(鉄筋)"", ""項目|値|単位"", ""引張応力度制限値(腐食)"", """", """", ""100"", ""N/mm2"", ""100"", ""N/mm2"", ""material"", ""chapter_02/tables.csv"", ""HIGH"", ""UNVERIFIED""]",-2,LEFT-shift: inserted 2 empty cell(s) at column index 8 (column_key) to restore header alignment
P2IIB-REP-0435,calculation/chapter_02/tables.csv,CH2-TBL-015,column_shift,"[""CH2-TBL-015"", ""18"", ""13"", ""CH2"", ""CAL-SEC-2.1"", ""材料(鉄筋)"", ""項目|値|単位"", ""引張降伏強度"", ""345"", ""N/mm2"", ""345"", ""N/mm2"", ""material"", ""chapter_02/tables.csv"", ""HIGH"", ""UNVERIFIED""]","[""CH2-TBL-015"", ""18"", ""13"", ""CH2"", ""CAL-SEC-2.1"", ""材料(鉄筋)"", ""項目|値|単位"", ""引張降伏強度"", """", """", ""345"", ""N/mm2"", ""345"", ""N/mm2"", ""material"", ""chapter_02/tables.csv"", ""HIGH"", ""UNVERIFIED""]",-2,LEFT-shift: inserted 2 empty cell(s) at column index 8 (column_key) to restore header alignment
P2IIB-REP-0436,calculation/chapter_02/tables.csv,CH2-TBL-016,column_shift,"[""CH2-TBL-016"", ""18"", ""13"", ""CH2"", ""CAL-SEC-2.1"", ""材料(鉄筋)"", ""項目|値|単位"", ""圧縮降伏強度"", ""345"", ""N/mm2"", ""345"", ""N/mm2"", ""material"", ""chapter_02/tables.csv"", ""HIGH"", ""UNVERIFIED""]","[""CH2-TBL-016"", ""18"", ""13"", ""CH2"", ""CAL-SEC-2.1"", ""材料(鉄筋)"", ""項目|値|単位"", ""圧縮降伏強度"", """", """", ""345"", ""N/mm2"", ""345"", ""N/mm2"", ""material"", ""chapter_02/tables.csv"", ""HIGH"", ""UNVERIFIED""]",-2,LEFT-shift: inserted 2 empty cell(s) at column index 8 (column_key) to restore header alignment
P2IIB-REP-0437,calculation/chapter_02/tables.csv,CH2-TBL-017,column_shift,"[""CH2-TBL-017"", ""18"", ""13"", ""CH2"", ""CAL-SEC-2.1"", ""材料(コンクリート)"", ""項目|値|単位"", ""設計基準強度"", ""30"", ""N/mm2"", ""30"", ""N/mm2"", ""material"", ""chapter_02/tables.csv"", ""HIGH"", ""UNVERIFIED""]","[""CH2-TBL-017"", ""18"", ""13"", ""CH2"", ""CAL-SEC-2.1"", ""材料(コンクリート)"", ""項目|値|単位"", ""設計基準強度"", """", """", ""30"", ""N/mm2"", ""30"", ""N/mm2"", ""material"", ""chapter_02/tables.csv"", ""HIGH"", ""UNVERIFIED""]",-2,LEFT-shift: inserted 2 empty cell(s) at column index 8 (column_key) to restore header alignment
P2IIB-REP-0438,calculation/chapter_02/tables.csv,CH2-TBL-018,column_shift,"[""CH2-TBL-018"", ""18"", ""13"", ""CH2"", ""CAL-SEC-2.1"", ""材料(コンクリート)"", ""項目|値|単位"", ""曲げ圧縮応力度制限値"", ""8.6"", ""N/mm2"", ""8.6"", ""N/mm2"", ""material"", ""chapter_02/tables.csv"", ""HIGH"", ""UNVERIFIED""]","[""CH2-TBL-018"", ""18"", ""13"", ""CH2"", ""CAL-SEC-2.1"", ""材料(コンクリート)"", ""項目|値|単位"", ""曲げ圧縮応力度制限値"", """", """", ""8.6"", ""N/mm2"", ""8.6"", ""N/mm2"", ""material"", ""chapter_02/tables.csv"", ""HIGH"", ""UNVERIFIED""]",-2,LEFT-shift: inserted 2 empty cell(s) at column index 8 (column_key) to restore header alignment
P2IIB-REP-0439,calculation/chapter_02/tables.csv,CH2-TBL-019,column_shift,"[""CH2-TBL-019"", ""19"", ""14"", ""CH2"", ""CAL-SEC-2.1"", ""合成床版厚"", ""項目|値|単位"", ""合成床版厚"", ""230"", ""mm"", ""230"", ""mm"", ""deck_property"", ""chapter_02/tables.csv"", ""HIGH"", ""UNVERIFIED""]","[""CH2-TBL-019"", ""19"", ""14"", ""CH2"", ""CAL-SEC-2.1"", ""合成床版厚"", ""項目|値|単位"", ""合成床版厚"", """", """", ""230"", ""mm"", ""230"", ""mm"", ""deck_property"", ""chapter_02/tables.csv"", ""HIGH"", ""UNVERIFIED""]",-2,LEFT-shift: inserted 2 empty cell(s) at column index 8 (column_key) to restore header alignment
P2IIB-REP-0440,calculation/chapter_02/tables.csv,CH2-TBL-020,column_shift,"[""CH2-TBL-020"", ""19"", ""14"", ""CH2"", ""CAL-SEC-2.1"", ""合成床版厚"", ""項目|値|単位"", ""RC版厚(支間部)"", ""222"", ""mm"", ""222"", ""mm"", ""deck_property"", ""chapter_02/tables.csv"", ""HIGH"", ""UNVERIFIED""]","[""CH2-TBL-020"", ""19"", ""14"", ""CH2"", ""CAL-SEC-2.1"", ""合成床版厚"", ""項目|値|単位"", ""RC版厚(支間部)"", """", """", ""222"", ""mm"", ""222"", ""mm"", ""deck_property"", ""chapter_02/tables.csv"", ""HIGH"", ""UNVERIFIED""]",-2,LEFT-shift: inserted 2 empty cell(s) at column index 8 (column_key) to restore header alignment
P2IIB-REP-0441,calculation/chapter_02/tables.csv,CH2-TBL-021,column_shift,"[""CH2-TBL-021"", ""19"", ""14"", ""CH2"", ""CAL-SEC-2.1"", ""合成床版厚"", ""項目|値|単位"", ""RC版厚(支点部)"", ""330"", ""mm"", ""330"", ""mm"", ""deck_property"", ""chapter_02/tables.csv"", ""HIGH"", ""UNVERIFIED""]","[""CH2-TBL-021"", ""19"", ""14"", ""CH2"", ""CAL-SEC-2.1"", ""合成床版厚"", ""項目|値|単位"", ""RC版厚(支点部)"", """", """", ""330"", ""mm"", ""330"", ""mm"", ""deck_property"", ""chapter_02/tables.csv"", ""HIGH"", ""UNVERIFIED""]",-2,LEFT-shift: inserted 2 empty cell(s) at column index 8 (column_key) to restore header alignment
P2IIB-REP-0442,calculation/chapter_02/tables.csv,CH2-TBL-022,column_shift,"[""CH2-TBL-022"", ""19"", ""14"", ""CH2"", ""CAL-SEC-2.1"", ""合成床版厚"", ""項目|値|単位"", ""ハンチ高"", ""100"", ""mm"", ""100"", ""mm"", ""deck_property"", ""chapter_02/tables.csv"", ""HIGH"", ""UNVERIFIED""]","[""CH2-TBL-022"", ""19"", ""14"", ""CH2"", ""CAL-SEC-2.1"", ""合成床版厚"", ""項目|値|単位"", ""ハンチ高"", """", """", ""100"", ""mm"", ""100"", ""mm"", ""deck_property"", ""chapter_02/tables.csv"", ""HIGH"", ""UNVERIFIED""]",-2,LEFT-shift: inserted 2 empty cell(s) at column index 8 (column_key) to restore header alignment
P2IIB-REP-0443,calculation/chapter_02/tables.csv,CH2-TBL-023,column_shift,"[""CH2-TBL-023"", ""19"", ""14"", ""CH2"", ""CAL-SEC-2.1"", ""鋼材寸法"", ""項目|値|単位"", ""底鋼板板厚"", ""8"", ""mm"", ""8"", ""mm"", ""steel_dimension"", ""chapter_02/tables.csv"", ""HIGH"", ""UNVERIFIED""]","[""CH2-TBL-023"", ""19"", ""14"", ""CH2"", ""CAL-SEC-2.1"", ""鋼材寸法"", ""項目|値|単位"", ""底鋼板板厚"", """", """", ""8"", ""mm"", ""8"", ""mm"", ""steel_dimension"", ""chapter_02/tables.csv"", ""HIGH"", ""UNVERIFIED""]",-2,LEFT-shift: inserted 2 empty cell(s) at column index 8 (column_key) to restore header alignment
P2IIB-REP-0444,calculation/chapter_02/tables.csv,CH2-TBL-024,column_shift,"[""CH2-TBL-024"", ""19"", ""14"", ""CH2"", ""CAL-SEC-2.1"", ""鋼材寸法"", ""項目|値|単位"", ""横リブ間隔"", ""625"", ""mm"", ""625"", ""mm"", ""steel_dimension"", ""chapter_02/tables.csv"", ""HIGH"", ""UNVERIFIED""]","[""CH2-TBL-024"", ""19"", ""14"", ""CH2"", ""CAL-SEC-2.1"", ""鋼材寸法"", ""項目|値|単位"", ""横リブ間隔"", """", """", ""625"", ""mm"", ""625"", ""mm"", ""steel_dimension"", ""chapter_02/tables.csv"", ""HIGH"", ""UNVERIFIED""]",-2,LEFT-shift: inserted 2 empty cell(s) at column index 8 (column_key) to restore header alignment
P2IIB-REP-0445,calculation/chapter_02/tables.csv,CH2-TBL-025,column_shift,"[""CH2-TBL-025"", ""19"", ""14"", ""CH2"", ""CAL-SEC-2.1"", ""鋼材寸法"", ""項目|値|単位"", ""横リブ高さ"", ""100"", ""mm"", ""100"", ""mm"", ""steel_dimension"", ""chapter_02/tables.csv"", ""HIGH"", ""UNVERIFIED""]","[""CH2-TBL-025"", ""19"", ""14"", ""CH2"", ""CAL-SEC-2.1"", ""鋼材寸法"", ""項目|値|単位"", ""横リブ高さ"", """", """", ""100"", ""mm"", ""100"", ""mm"", ""steel_dimension"", ""chapter_02/tables.csv"", ""HIGH"", ""UNVERIFIED""]",-2,LEFT-shift: inserted 2 empty cell(s) at column index 8 (column_key) to restore header alignment
P2IIB-REP-0446,calculation/chapter_02/tables.csv,CH2-TBL-026,column_shift,"[""CH2-TBL-026"", ""19"", ""14"", ""CH2"", ""CAL-SEC-2.1"", ""鋼材寸法"", ""項目|値|単位"", ""横リブ板厚"", ""12"", ""mm"", ""12"", ""mm"", ""steel_dimension"", ""chapter_02/tables.csv"", ""HIGH"", ""UNVERIFIED""]","[""CH2-TBL-026"", ""19"", ""14"", ""CH2"", ""CAL-SEC-2.1"", ""鋼材寸法"", ""項目|値|単位"", ""横リブ板厚"", """", """", ""12"", ""mm"", ""12"", ""mm"", ""steel_dimension"", ""chapter_02/tables.csv"", ""HIGH"", ""UNVERIFIED""]",-2,LEFT-shift: inserted 2 empty cell(s) at column index 8 (column_key) to restore header alignment
P2IIB-REP-0447,calculation/chapter_02/tables.csv,CH2-TBL-027,column_shift,"[""CH2-TBL-027"", ""19"", ""14"", ""CH2"", ""CAL-SEC-2.1"", ""鋼材寸法"", ""項目|値|単位"", ""使用形鋼"", ""1-L 75×75×9"", """", ""L 75×75×9"", """", ""steel_dimension"", ""chapter_02/tables.csv"", ""HIGH"", ""UNVERIFIED""]","[""CH2-TBL-027"", ""19"", ""14"", ""CH2"", ""CAL-SEC-2.1"", ""鋼材寸法"", ""項目|値|単位"", ""使用形鋼"", """", """", ""1-L 75×75×9"", """", ""L 75×75×9"", """", ""steel_dimension"", ""chapter_02/tables.csv"", ""HIGH"", ""UNVERIFIED""]",-2,LEFT-shift: inserted 2 empty cell(s) at column index 8 (column_key) to restore header alignment
P2IIB-REP-0448,calculation/chapter_02/tables.csv,CH2-TBL-028,column_shift,"[""CH2-TBL-028"", ""19"", ""14"", ""CH2"", ""CAL-SEC-2.1"", ""スタッド仕様"", ""項目|値|単位"", ""主鉄筋方向ピッチ"", ""250"", ""mm"", ""250"", ""mm"", ""stud_property"", ""chapter_02/tables.csv"", ""HIGH"", ""UNVERIFIED""]","[""CH2-TBL-028"", ""19"", ""14"", ""CH2"", ""CAL-SEC-2.1"", ""スタッド仕様"", ""項目|値|単位"", ""主鉄筋方向ピッチ"", """", """", ""250"", ""mm"", ""250"", ""mm"", ""stud_property"", ""chapter_02/tables.csv"", ""HIGH"", ""UNVERIFIED""]",-2,LEFT-shift: inserted 2 empty cell(s) at column index 8 (column_key) to restore header alignment
P2IIB-REP-0449,calculation/chapter_02/tables.csv,CH2-TBL-029,column_shift,"[""CH2-TBL-029"", ""19"", ""14"", ""CH2"", ""CAL-SEC-2.1"", ""スタッド仕様"", ""項目|値|単位"", ""配力筋方向ピッチ"", ""208"", ""mm"", ""208"", ""mm"", ""stud_property"", ""chapter_02/tables.csv"", ""HIGH"", ""UNVERIFIED""]","[""CH2-TBL-029"", ""19"", ""14"", ""CH2"", ""CAL-SEC-2.1"", ""スタッド仕様"", ""項目|値|単位"", ""配力筋方向ピッチ"", """", """", ""208"", ""mm"", ""208"", ""mm"", ""stud_property"", ""chapter_02/tables.csv"", ""HIGH"", ""UNVERIFIED""]",-2,LEFT-shift: inserted 2 empty cell(s) at column index 8 (column_key) to restore header alignment
P2IIB-REP-0450,calculation/chapter_02/tables.csv,CH2-TBL-030,column_shift,"[""CH2-TBL-030"", ""19"", ""14"", ""CH2"", ""CAL-SEC-2.1"", ""スタッド仕様"", ""項目|値|単位"", ""サイズ"", ""φ16×160mm"", """", ""φ16×160mm"", """", ""stud_property"", ""chapter_02/tables.csv"", ""HIGH"", ""UNVERIFIED""]","[""CH2-TBL-030"", ""19"", ""14"", ""CH2"", ""CAL-SEC-2.1"", ""スタッド仕様"", ""項目|値|単位"", ""サイズ"", """", """", ""φ16×160mm"", """", ""φ16×160mm"", """", ""stud_property"", ""chapter_02/tables.csv"", ""HIGH"", ""UNVERIFIED""]",-2,LEFT-shift: inserted 2 empty cell(s) at column index 8 (column_key) to restore header alignment
P2IIB-REP-0451,calculation/chapter_02/tables.csv,CH2-TBL-031,column_shift,"[""CH2-TBL-031"", ""20"", ""15"", ""CH2"", ""CAL-SEC-2.1"", ""鉄筋配置(一般部)"", ""項目|値"", ""主鉄筋"", ""D19 @100mm"", ""D19 @100"", """", ""D19 @100"", """", ""rebar_layout"", ""chapter_02/tables.csv"", ""HIGH"", ""UNVERIFIED""]","[""CH2-TBL-031"", ""20"", ""15"", ""CH2"", ""CAL-SEC-2.1"", ""鉄筋配置(一般部)"", ""項目|値"", ""主鉄筋"", """", ""D19 @100mm"", ""D19 @100"", """", ""D19 @100"", """", ""rebar_layout"", ""chapter_02/tables.csv"", ""HIGH"", ""UNVERIFIED""]",-1,LEFT-shift: inserted 1 empty cell(s) at column index 8 (column_key) to restore header alignment
P2IIB-REP-0452,calculation/chapter_02/tables.csv,CH2-TBL-032,column_shift,"[""CH2-TBL-032"", ""20"", ""15"", ""CH2"", ""CAL-SEC-2.1"", ""鉄筋配置(一般部)"", ""項目|値"", ""配力筋"", ""D19 @250mm"", ""D19 @250"", """", ""D19 @250"", """", ""rebar_layout"", ""chapter_02/tables.csv"", ""HIGH"", ""UNVERIFIED""]","[""CH2-TBL-032"", ""20"", ""15"", ""CH2"", ""CAL-SEC-2.1"", ""鉄筋配置(一般部)"", ""項目|値"", ""配力筋"", """", ""D19 @250mm"", ""D19 @250"", """", ""D19 @250"", """", ""rebar_layout"", ""chapter_02/tables.csv"", ""HIGH"", ""UNVERIFIED""]",-1,LEFT-shift: inserted 1 empty cell(s) at column index 8 (column_key) to restore header alignment
P2IIB-REP-0453,calculation/chapter_02/tables.csv,CH2-TBL-033,column_shift,"[""CH2-TBL-033"", ""20"", ""15"", ""CH2"", ""CAL-SEC-2.1"", ""鉄筋配置(一般部)"", ""項目|値"", ""ハンチ筋"", ""D22 @300mm"", ""D22 @300"", """", ""D22 @300"", """", ""rebar_layout"", ""chapter_02/tables.csv"", ""HIGH"", ""UNVERIFIED""]","[""CH2-TBL-033"", ""20"", ""15"", ""CH2"", ""CAL-SEC-2.1"", ""鉄筋配置(一般部)"", ""項目|値"", ""ハンチ筋"", """", ""D22 @300mm"", ""D22 @300"", """", ""D22 @300"", """", ""rebar_layout"", ""chapter_02/tables.csv"", ""HIGH"", ""UNVERIFIED""]",-1,LEFT-shift: inserted 1 empty cell(s) at column index 8 (column_key) to restore header alignment
P2IIB-REP-0454,calculation/chapter_02/tables.csv,CH2-TBL-034,column_shift,"[""CH2-TBL-034"", ""20"", ""15"", ""CH2"", ""CAL-SEC-2.1"", ""鉄筋配置(中間支点部)"", ""項目|値"", ""配力筋"", ""D22 @125mm"", ""D22 @125"", """", ""D22 @125"", """", ""rebar_layout"", ""chapter_02/tables.csv"", ""HIGH"", ""UNVERIFIED""]","[""CH2-TBL-034"", ""20"", ""15"", ""CH2"", ""CAL-SEC-2.1"", ""鉄筋配置(中間支点部)"", ""項目|値"", ""配力筋"", """", ""D22 @125mm"", ""D22 @125"", """", ""D22 @125"", """", ""rebar_layout"", ""chapter_02/tables.csv"", ""HIGH"", ""UNVERIFIED""]",-1,LEFT-shift: inserted 1 empty cell(s) at column index 8 (column_key) to restore header alignment
P2IIB-REP-0455,calculation/chapter_02/tables.csv,CH2-TBL-001,source_locator_derivation,chapter_02/tables.csv,calc_pdf_p18,0,derived 'calc_pdf_p{pdf_page_number}' from pdf_page_number=18 per locator contract
P2IIB-REP-0456,calculation/chapter_02/tables.csv,CH2-TBL-002,source_locator_derivation,chapter_02/tables.csv,calc_pdf_p18,0,derived 'calc_pdf_p{pdf_page_number}' from pdf_page_number=18 per locator contract
P2IIB-REP-0457,calculation/chapter_02/tables.csv,CH2-TBL-003,source_locator_derivation,chapter_02/tables.csv,calc_pdf_p18,0,derived 'calc_pdf_p{pdf_page_number}' from pdf_page_number=18 per locator contract
P2IIB-REP-0458,calculation/chapter_02/tables.csv,CH2-TBL-004,source_locator_derivation,chapter_02/tables.csv,calc_pdf_p18,0,derived 'calc_pdf_p{pdf_page_number}' from pdf_page_number=18 per locator contract
P2IIB-REP-0459,calculation/chapter_02/tables.csv,CH2-TBL-005,source_locator_derivation,chapter_02/tables.csv,calc_pdf_p18,0,derived 'calc_pdf_p{pdf_page_number}' from pdf_page_number=18 per locator contract
P2IIB-REP-0460,calculation/chapter_02/tables.csv,CH2-TBL-006,source_locator_derivation,chapter_02/tables.csv,calc_pdf_p18,0,derived 'calc_pdf_p{pdf_page_number}' from pdf_page_number=18 per locator contract
P2IIB-REP-0461,calculation/chapter_02/tables.csv,CH2-TBL-007,source_locator_derivation,chapter_02/tables.csv,calc_pdf_p18,0,derived 'calc_pdf_p{pdf_page_number}' from pdf_page_number=18 per locator contract
P2IIB-REP-0462,calculation/chapter_02/tables.csv,CH2-TBL-008,source_locator_derivation,chapter_02/tables.csv,calc_pdf_p18,0,derived 'calc_pdf_p{pdf_page_number}' from pdf_page_number=18 per locator contract
P2IIB-REP-0463,calculation/chapter_02/tables.csv,CH2-TBL-009,source_locator_derivation,chapter_02/tables.csv,calc_pdf_p18,0,derived 'calc_pdf_p{pdf_page_number}' from pdf_page_number=18 per locator contract
P2IIB-REP-0464,calculation/chapter_02/tables.csv,CH2-TBL-010,source_locator_derivation,chapter_02/tables.csv,calc_pdf_p18,0,derived 'calc_pdf_p{pdf_page_number}' from pdf_page_number=18 per locator contract
P2IIB-REP-0465,calculation/chapter_02/tables.csv,CH2-TBL-011,source_locator_derivation,chapter_02/tables.csv,calc_pdf_p18,0,derived 'calc_pdf_p{pdf_page_number}' from pdf_page_number=18 per locator contract
P2IIB-REP-0466,calculation/chapter_02/tables.csv,CH2-TBL-012,source_locator_derivation,chapter_02/tables.csv,calc_pdf_p18,0,derived 'calc_pdf_p{pdf_page_number}' from pdf_page_number=18 per locator contract
P2IIB-REP-0467,calculation/chapter_02/tables.csv,CH2-TBL-013,source_locator_derivation,chapter_02/tables.csv,calc_pdf_p18,0,derived 'calc_pdf_p{pdf_page_number}' from pdf_page_number=18 per locator contract
P2IIB-REP-0468,calculation/chapter_02/tables.csv,CH2-TBL-014,source_locator_derivation,chapter_02/tables.csv,calc_pdf_p18,0,derived 'calc_pdf_p{pdf_page_number}' from pdf_page_number=18 per locator contract
P2IIB-REP-0469,calculation/chapter_02/tables.csv,CH2-TBL-015,source_locator_derivation,chapter_02/tables.csv,calc_pdf_p18,0,derived 'calc_pdf_p{pdf_page_number}' from pdf_page_number=18 per locator contract
P2IIB-REP-0470,calculation/chapter_02/tables.csv,CH2-TBL-016,source_locator_derivation,chapter_02/tables.csv,calc_pdf_p18,0,derived 'calc_pdf_p{pdf_page_number}' from pdf_page_number=18 per locator contract
P2IIB-REP-0471,calculation/chapter_02/tables.csv,CH2-TBL-017,source_locator_derivation,chapter_02/tables.csv,calc_pdf_p18,0,derived 'calc_pdf_p{pdf_page_number}' from pdf_page_number=18 per locator contract
P2IIB-REP-0472,calculation/chapter_02/tables.csv,CH2-TBL-018,source_locator_derivation,chapter_02/tables.csv,calc_pdf_p18,0,derived 'calc_pdf_p{pdf_page_number}' from pdf_page_number=18 per locator contract
P2IIB-REP-0473,calculation/chapter_02/tables.csv,CH2-TBL-019,source_locator_derivation,chapter_02/tables.csv,calc_pdf_p19,0,derived 'calc_pdf_p{pdf_page_number}' from pdf_page_number=19 per locator contract
P2IIB-REP-0474,calculation/chapter_02/tables.csv,CH2-TBL-020,source_locator_derivation,chapter_02/tables.csv,calc_pdf_p19,0,derived 'calc_pdf_p{pdf_page_number}' from pdf_page_number=19 per locator contract
P2IIB-REP-0475,calculation/chapter_02/tables.csv,CH2-TBL-021,source_locator_derivation,chapter_02/tables.csv,calc_pdf_p19,0,derived 'calc_pdf_p{pdf_page_number}' from pdf_page_number=19 per locator contract
P2IIB-REP-0476,calculation/chapter_02/tables.csv,CH2-TBL-022,source_locator_derivation,chapter_02/tables.csv,calc_pdf_p19,0,derived 'calc_pdf_p{pdf_page_number}' from pdf_page_number=19 per locator contract
P2IIB-REP-0477,calculation/chapter_02/tables.csv,CH2-TBL-023,source_locator_derivation,chapter_02/tables.csv,calc_pdf_p19,0,derived 'calc_pdf_p{pdf_page_number}' from pdf_page_number=19 per locator contract
P2IIB-REP-0478,calculation/chapter_02/tables.csv,CH2-TBL-024,source_locator_derivation,chapter_02/tables.csv,calc_pdf_p19,0,derived 'calc_pdf_p{pdf_page_number}' from pdf_page_number=19 per locator contract
P2IIB-REP-0479,calculation/chapter_02/tables.csv,CH2-TBL-025,source_locator_derivation,chapter_02/tables.csv,calc_pdf_p19,0,derived 'calc_pdf_p{pdf_page_number}' from pdf_page_number=19 per locator contract
P2IIB-REP-0480,calculation/chapter_02/tables.csv,CH2-TBL-026,source_locator_derivation,chapter_02/tables.csv,calc_pdf_p19,0,derived 'calc_pdf_p{pdf_page_number}' from pdf_page_number=19 per locator contract
P2IIB-REP-0481,calculation/chapter_02/tables.csv,CH2-TBL-027,source_locator_derivation,chapter_02/tables.csv,calc_pdf_p19,0,derived 'calc_pdf_p{pdf_page_number}' from pdf_page_number=19 per locator contract
P2IIB-REP-0482,calculation/chapter_02/tables.csv,CH2-TBL-028,source_locator_derivation,chapter_02/tables.csv,calc_pdf_p19,0,derived 'calc_pdf_p{pdf_page_number}' from pdf_page_number=19 per locator contract
P2IIB-REP-0483,calculation/chapter_02/tables.csv,CH2-TBL-029,source_locator_derivation,chapter_02/tables.csv,calc_pdf_p19,0,derived 'calc_pdf_p{pdf_page_number}' from pdf_page_number=19 per locator contract
P2IIB-REP-0484,calculation/chapter_02/tables.csv,CH2-TBL-030,source_locator_derivation,chapter_02/tables.csv,calc_pdf_p19,0,derived 'calc_pdf_p{pdf_page_number}' from pdf_page_number=19 per locator contract
P2IIB-REP-0485,calculation/chapter_02/tables.csv,CH2-TBL-031,source_locator_derivation,chapter_02/tables.csv,calc_pdf_p20,0,derived 'calc_pdf_p{pdf_page_number}' from pdf_page_number=20 per locator contract
P2IIB-REP-0486,calculation/chapter_02/tables.csv,CH2-TBL-032,source_locator_derivation,chapter_02/tables.csv,calc_pdf_p20,0,derived 'calc_pdf_p{pdf_page_number}' from pdf_page_number=20 per locator contract
P2IIB-REP-0487,calculation/chapter_02/tables.csv,CH2-TBL-033,source_locator_derivation,chapter_02/tables.csv,calc_pdf_p20,0,derived 'calc_pdf_p{pdf_page_number}' from pdf_page_number=20 per locator contract
P2IIB-REP-0488,calculation/chapter_02/tables.csv,CH2-TBL-034,source_locator_derivation,chapter_02/tables.csv,calc_pdf_p20,0,derived 'calc_pdf_p{pdf_page_number}' from pdf_page_number=20 per locator contract
P2IIB-REP-0489,calculation/chapter_02/values.csv,CH2-VAL-001,source_locator_derivation,chapter_02/values.csv,calc_pdf_p18,0,derived 'calc_pdf_p{pdf_page_number}' from pdf_page_number=18 per locator contract
P2IIB-REP-0490,calculation/chapter_02/values.csv,CH2-VAL-002,source_locator_derivation,chapter_02/values.csv,calc_pdf_p18,0,derived 'calc_pdf_p{pdf_page_number}' from pdf_page_number=18 per locator contract
P2IIB-REP-0491,calculation/chapter_02/values.csv,CH2-VAL-003,source_locator_derivation,chapter_02/values.csv,calc_pdf_p18,0,derived 'calc_pdf_p{pdf_page_number}' from pdf_page_number=18 per locator contract
P2IIB-REP-0492,calculation/chapter_02/values.csv,CH2-VAL-004,source_locator_derivation,chapter_02/values.csv,calc_pdf_p18,0,derived 'calc_pdf_p{pdf_page_number}' from pdf_page_number=18 per locator contract
P2IIB-REP-0493,calculation/chapter_02/values.csv,CH2-VAL-005,source_locator_derivation,chapter_02/values.csv,calc_pdf_p18,0,derived 'calc_pdf_p{pdf_page_number}' from pdf_page_number=18 per locator contract
P2IIB-REP-0494,calculation/chapter_02/values.csv,CH2-VAL-006,source_locator_derivation,chapter_02/values.csv,calc_pdf_p18,0,derived 'calc_pdf_p{pdf_page_number}' from pdf_page_number=18 per locator contract
P2IIB-REP-0495,calculation/chapter_02/values.csv,CH2-VAL-007,source_locator_derivation,chapter_02/values.csv,calc_pdf_p18,0,derived 'calc_pdf_p{pdf_page_number}' from pdf_page_number=18 per locator contract
P2IIB-REP-0496,calculation/chapter_02/values.csv,CH2-VAL-008,source_locator_derivation,chapter_02/values.csv,calc_pdf_p18,0,derived 'calc_pdf_p{pdf_page_number}' from pdf_page_number=18 per locator contract
P2IIB-REP-0497,calculation/chapter_02/values.csv,CH2-VAL-009,source_locator_derivation,chapter_02/values.csv,calc_pdf_p18,0,derived 'calc_pdf_p{pdf_page_number}' from pdf_page_number=18 per locator contract
P2IIB-REP-0498,calculation/chapter_02/values.csv,CH2-VAL-010,source_locator_derivation,chapter_02/values.csv,calc_pdf_p18,0,derived 'calc_pdf_p{pdf_page_number}' from pdf_page_number=18 per locator contract
P2IIB-REP-0499,calculation/chapter_02/values.csv,CH2-VAL-011,source_locator_derivation,chapter_02/values.csv,calc_pdf_p18,0,derived 'calc_pdf_p{pdf_page_number}' from pdf_page_number=18 per locator contract
P2IIB-REP-0500,calculation/chapter_02/values.csv,CH2-VAL-012,source_locator_derivation,chapter_02/values.csv,calc_pdf_p18,0,derived 'calc_pdf_p{pdf_page_number}' from pdf_page_number=18 per locator contract
P2IIB-REP-0501,calculation/chapter_02/values.csv,CH2-VAL-013,source_locator_derivation,chapter_02/values.csv,calc_pdf_p18,0,derived 'calc_pdf_p{pdf_page_number}' from pdf_page_number=18 per locator contract
P2IIB-REP-0502,calculation/chapter_02/values.csv,CH2-VAL-014,source_locator_derivation,chapter_02/values.csv,calc_pdf_p18,0,derived 'calc_pdf_p{pdf_page_number}' from pdf_page_number=18 per locator contract
P2IIB-REP-0503,calculation/chapter_02/values.csv,CH2-VAL-015,source_locator_derivation,chapter_02/values.csv,calc_pdf_p18,0,derived 'calc_pdf_p{pdf_page_number}' from pdf_page_number=18 per locator contract
P2IIB-REP-0504,calculation/chapter_02/values.csv,CH2-VAL-016,source_locator_derivation,chapter_02/values.csv,calc_pdf_p18,0,derived 'calc_pdf_p{pdf_page_number}' from pdf_page_number=18 per locator contract
P2IIB-REP-0505,calculation/chapter_02/values.csv,CH2-VAL-017,source_locator_derivation,chapter_02/values.csv,calc_pdf_p18,0,derived 'calc_pdf_p{pdf_page_number}' from pdf_page_number=18 per locator contract
P2IIB-REP-0506,calculation/chapter_02/values.csv,CH2-VAL-018,source_locator_derivation,chapter_02/values.csv,calc_pdf_p18,0,derived 'calc_pdf_p{pdf_page_number}' from pdf_page_number=18 per locator contract
P2IIB-REP-0507,calculation/chapter_02/values.csv,CH2-VAL-019,source_locator_derivation,chapter_02/values.csv,calc_pdf_p18,0,derived 'calc_pdf_p{pdf_page_number}' from pdf_page_number=18 per locator contract
P2IIB-REP-0508,calculation/chapter_02/values.csv,CH2-VAL-020,source_locator_derivation,chapter_02/values.csv,calc_pdf_p18,0,derived 'calc_pdf_p{pdf_page_number}' from pdf_page_number=18 per locator contract
P2IIB-REP-0509,calculation/chapter_02/values.csv,CH2-VAL-021,source_locator_derivation,chapter_02/values.csv,calc_pdf_p18,0,derived 'calc_pdf_p{pdf_page_number}' from pdf_page_number=18 per locator contract
P2IIB-REP-0510,calculation/chapter_02/values.csv,CH2-VAL-022,source_locator_derivation,chapter_02/values.csv,calc_pdf_p19,0,derived 'calc_pdf_p{pdf_page_number}' from pdf_page_number=19 per locator contract
P2IIB-REP-0511,calculation/chapter_02/values.csv,CH2-VAL-023,source_locator_derivation,chapter_02/values.csv,calc_pdf_p19,0,derived 'calc_pdf_p{pdf_page_number}' from pdf_page_number=19 per locator contract
P2IIB-REP-0512,calculation/chapter_02/values.csv,CH2-VAL-024,source_locator_derivation,chapter_02/values.csv,calc_pdf_p19,0,derived 'calc_pdf_p{pdf_page_number}' from pdf_page_number=19 per locator contract
P2IIB-REP-0513,calculation/chapter_02/values.csv,CH2-VAL-025,source_locator_derivation,chapter_02/values.csv,calc_pdf_p19,0,derived 'calc_pdf_p{pdf_page_number}' from pdf_page_number=19 per locator contract
P2IIB-REP-0514,calculation/chapter_02/values.csv,CH2-VAL-026,source_locator_derivation,chapter_02/values.csv,calc_pdf_p19,0,derived 'calc_pdf_p{pdf_page_number}' from pdf_page_number=19 per locator contract
P2IIB-REP-0515,calculation/chapter_02/values.csv,CH2-VAL-027,source_locator_derivation,chapter_02/values.csv,calc_pdf_p19,0,derived 'calc_pdf_p{pdf_page_number}' from pdf_page_number=19 per locator contract
P2IIB-REP-0516,calculation/chapter_02/values.csv,CH2-VAL-028,source_locator_derivation,chapter_02/values.csv,calc_pdf_p19,0,derived 'calc_pdf_p{pdf_page_number}' from pdf_page_number=19 per locator contract
P2IIB-REP-0517,calculation/chapter_02/values.csv,CH2-VAL-029,source_locator_derivation,chapter_02/values.csv,calc_pdf_p19,0,derived 'calc_pdf_p{pdf_page_number}' from pdf_page_number=19 per locator contract
P2IIB-REP-0518,calculation/chapter_02/values.csv,CH2-VAL-030,source_locator_derivation,chapter_02/values.csv,calc_pdf_p19,0,derived 'calc_pdf_p{pdf_page_number}' from pdf_page_number=19 per locator contract
P2IIB-REP-0519,calculation/chapter_02/values.csv,CH2-VAL-031,source_locator_derivation,chapter_02/values.csv,calc_pdf_p19,0,derived 'calc_pdf_p{pdf_page_number}' from pdf_page_number=19 per locator contract
P2IIB-REP-0520,calculation/chapter_02/values.csv,CH2-VAL-032,source_locator_derivation,chapter_02/values.csv,calc_pdf_p19,0,derived 'calc_pdf_p{pdf_page_number}' from pdf_page_number=19 per locator contract
P2IIB-REP-0521,calculation/chapter_02/values.csv,CH2-VAL-033,source_locator_derivation,chapter_02/values.csv,calc_pdf_p19,0,derived 'calc_pdf_p{pdf_page_number}' from pdf_page_number=19 per locator contract
P2IIB-REP-0522,calculation/chapter_02/values.csv,CH2-VAL-034,source_locator_derivation,chapter_02/values.csv,calc_pdf_p20,0,derived 'calc_pdf_p{pdf_page_number}' from pdf_page_number=20 per locator contract
P2IIB-REP-0523,calculation/chapter_02/values.csv,CH2-VAL-035,source_locator_derivation,chapter_02/values.csv,calc_pdf_p20,0,derived 'calc_pdf_p{pdf_page_number}' from pdf_page_number=20 per locator contract
P2IIB-REP-0524,calculation/chapter_02/values.csv,CH2-VAL-036,source_locator_derivation,chapter_02/values.csv,calc_pdf_p20,0,derived 'calc_pdf_p{pdf_page_number}' from pdf_page_number=20 per locator contract
P2IIB-REP-0525,calculation/chapter_02/values.csv,CH2-VAL-037,source_locator_derivation,chapter_02/values.csv,calc_pdf_p20,0,derived 'calc_pdf_p{pdf_page_number}' from pdf_page_number=20 per locator contract
P2IIB-REP-0526,calculation/chapter_02/values.csv,CH2-VAL-038,source_locator_derivation,chapter_02/values.csv,calc_pdf_p19,0,derived 'calc_pdf_p{pdf_page_number}' from pdf_page_number=19 per locator contract
P2IIB-REP-0527,calculation/chapter_03/section_3_7/figures.csv,CAL-FIG-P00843-001,source_locator_derivation,CAL-P00843-TBL,calc_pdf_p843,0,derived 'calc_pdf_p{pdf_page_number}' from pdf_page_number=843 per locator contract
P2IIB-REP-0528,calculation/chapter_03/section_3_7/figures.csv,CAL-FIG-P00844-001,source_locator_derivation,CAL-P00844-TBL,calc_pdf_p844,0,derived 'calc_pdf_p{pdf_page_number}' from pdf_page_number=844 per locator contract
P2IIB-REP-0529,calculation/chapter_03/section_3_7/formulas.csv,CAL-FML-P00845-001,column_shift,"[""CAL-FML-P00845-001"", ""845"", ""840"", ""CAL-CH3"", ""CAL-SEC-3.7.1"", ""if"", ""if=10/(50+L)"", ""if"", ""L"", ""道示II式8.2.2"", ""FORMULA_DEFINITION"", ""CAL-P00845"", ""HIGH"", ""UNVERIFIED""]","[""CAL-FML-P00845-001"", ""845"", ""840"", ""CAL-CH3"", ""CAL-SEC-3.7.1"", ""if"", ""if=10/(50+L)"", ""if, L"", ""道示II式8.2.2"", ""FORMULA_DEFINITION"", ""CAL-P00845"", ""HIGH"", ""UNVERIFIED""]",1,"formula row re-aligned: expression='if=10/(50+L)', variable_symbols='if, L'"
P2IIB-REP-0530,calculation/chapter_03/section_3_7/formulas.csv,CAL-FML-P00846-001,column_shift,"[""CAL-FML-P00846-001"", ""846"", ""841"", ""CAL-CH3"", ""CAL-SEC-3.7.1"", ""gammaF"", ""gammaF=gammaF1*gammaF2*gammaF3*gammaa"", ""gammaF1"", ""gammaF2"", ""gammaF3"", ""gammaa"", ""道示II式8.2.1"", ""FORMULA_DEFINITION"", ""CAL-P00846"", ""HIGH"", ""UNVERIFIED""]","[""CAL-FML-P00846-001"", ""846"", ""841"", ""CAL-CH3"", ""CAL-SEC-3.7.1"", ""gammaF"", ""gammaF=gammaF1*gammaF2*gammaF3*gammaa"", ""gammaF1, gammaF2, gammaF3, gammaa"", ""道示II式8.2.1"", ""FORMULA_DEFINITION"", ""CAL-P00846"", ""HIGH"", ""UNVERIFIED""]",3,"formula row re-aligned: expression='gammaF=gammaF1*gammaF2*gammaF3*gammaa', variable_symbols='gammaF1, gammaF2, gammaF3, gammaa'"
P2IIB-REP-0531,calculation/chapter_03/section_3_7/formulas.csv,CAL-FML-P00850-001,column_shift,"[""CAL-FML-P00850-001"", ""850"", ""845"", ""CAL-CH3"", ""CAL-SEC-3.7.1"", ""応力範囲"", ""delta_sigmai"", ""j=|sigma_i"", ""k1-sigma_i"", ""k2|*gammaF(i)"", ""sigma"", ""gammaF"", """", ""FORMULA_DEFINITION"", ""CAL-P00850"", ""HIGH"", ""UNVERIFIED""]","[""CAL-FML-P00850-001"", ""850"", ""845"", ""CAL-CH3"", ""CAL-SEC-3.7.1"", ""応力範囲"", ""delta_sigmai,j=|sigma_i"", ""k1-sigma_i, k2|*gammaF(i), sigma, gammaF"", """", ""FORMULA_DEFINITION"", ""CAL-P00850"", ""HIGH"", ""UNVERIFIED""]",4,"formula row re-aligned: expression='delta_sigmai,j=|sigma_i', variable_symbols='k1-sigma_i, k2|*gammaF(i), sigma, gammaF'"
P2IIB-REP-0532,calculation/chapter_03/section_3_7/formulas.csv,CAL-FML-P00850-002,column_shift,"[""CAL-FML-P00850-002"", ""850"", ""845"", ""CAL-CH3"", ""CAL-SEC-3.7.1"", ""No.1 delta_sigma"", ""delta_sigma=|14-(-4)|*3.00=54N/mm2"", ""14"", ""-4"", ""3.00"", """", ""NUMERIC_SUBSTITUTION"", ""CAL-P00850"", ""HIGH"", ""UNVERIFIED""]","[""CAL-FML-P00850-002"", ""850"", ""845"", ""CAL-CH3"", ""CAL-SEC-3.7.1"", ""No.1 delta_sigma"", ""delta_sigma=|14-(-4)|*3.00=54N/mm2"", ""14, -4, 3.00"", """", ""NUMERIC_SUBSTITUTION"", ""CAL-P00850"", ""HIGH"", ""UNVERIFIED""]",2,"formula row re-aligned: expression='delta_sigma=|14-(-4)|*3.00=54N/mm2', variable_symbols='14, -4, 3.00'"
P2IIB-REP-0533,calculation/chapter_03/section_3_7/formulas.csv,CAL-FML-P00852-001,column_shift,"[""CAL-FML-P00852-001"", ""852"", ""847"", ""CAL-CH3"", ""CAL-SEC-3.7.1"", ""nti"", ""nti=ADTTSLi*gamma_n*365*Y=379*0.03*365*100=0.42e6"", ""ADTTSLi=379"", ""gamma_n=0.03"", ""Y=100"", ""道示II式8.2.3"", ""NUMERIC_SUBSTITUTION"", ""CAL-P00852"", ""HIGH"", ""UNVERIFIED""]","[""CAL-FML-P00852-001"", ""852"", ""847"", ""CAL-CH3"", ""CAL-SEC-3.7.1"", ""nti"", ""nti=ADTTSLi*gamma_n*365*Y=379*0.03*365*100=0.42e6"", ""ADTTSLi=379, gamma_n=0.03, Y=100"", ""道示II式8.2.3"", ""NUMERIC_SUBSTITUTION"", ""CAL-P00852"", ""HIGH"", ""UNVERIFIED""]",2,"formula row re-aligned: expression='nti=ADTTSLi*gamma_n*365*Y=379*0.03*365*100=0.42e6', variable_symbols='ADTTSLi=379, gamma_n=0.03, Y=100'"
P2IIB-REP-0534,calculation/chapter_03/section_3_7/formulas.csv,CAL-FML-P00852-002,column_shift,"[""CAL-FML-P00852-002"", ""852"", ""847"", ""CAL-CH3"", ""CAL-SEC-3.7.1"", ""Ni"", ""j"", ""Ni"", ""j=2e6*(delta_sigma_f*CR*Ct)^3/delta_sigma_i"", ""j^3"", ""delta_sigma_f=50"", ""CR=1.00"", ""Ct=1.00"", ""delta_sigma=54"", """", ""NUMERIC_SUBSTITUTION"", ""CAL-P00852"", ""HIGH"", ""UNVERIFIED""]","[""CAL-FML-P00852-002"", ""852"", ""847"", ""CAL-CH3"", ""CAL-SEC-3.7.1"", ""Ni"", ""j"", ""Ni, j=2e6*(delta_sigma_f*CR*Ct)^3/delta_sigma_i, j^3, delta_sigma_f=50, CR=1.00, Ct=1.00, delta_sigma=54"", """", ""NUMERIC_SUBSTITUTION"", ""CAL-P00852"", ""HIGH"", ""UNVERIFIED""]",6,"formula row re-aligned: expression='j', variable_symbols='Ni, j=2e6*(delta_sigma_f*CR*Ct)^3/delta_sigma_i, j^3, delta_sigma_f=50, CR=1.00, Ct=1.00, delta_sigma=54'"
P2IIB-REP-0535,calculation/chapter_03/section_3_7/formulas.csv,CAL-FML-P00845-001,source_locator_derivation,CAL-P00845,calc_pdf_p845,0,derived 'calc_pdf_p{pdf_page_number}' from pdf_page_number=845 per locator contract
P2IIB-REP-0536,calculation/chapter_03/section_3_7/formulas.csv,CAL-FML-P00846-001,source_locator_derivation,CAL-P00846,calc_pdf_p846,0,derived 'calc_pdf_p{pdf_page_number}' from pdf_page_number=846 per locator contract
P2IIB-REP-0537,calculation/chapter_03/section_3_7/formulas.csv,CAL-FML-P00850-001,source_locator_derivation,CAL-P00850,calc_pdf_p850,0,derived 'calc_pdf_p{pdf_page_number}' from pdf_page_number=850 per locator contract
P2IIB-REP-0538,calculation/chapter_03/section_3_7/formulas.csv,CAL-FML-P00850-002,source_locator_derivation,CAL-P00850,calc_pdf_p850,0,derived 'calc_pdf_p{pdf_page_number}' from pdf_page_number=850 per locator contract
P2IIB-REP-0539,calculation/chapter_03/section_3_7/formulas.csv,CAL-FML-P00852-001,source_locator_derivation,CAL-P00852,calc_pdf_p852,0,derived 'calc_pdf_p{pdf_page_number}' from pdf_page_number=852 per locator contract
P2IIB-REP-0540,calculation/chapter_03/section_3_7/formulas.csv,CAL-FML-P00852-002,source_locator_derivation,CAL-P00852,calc_pdf_p852,0,derived 'calc_pdf_p{pdf_page_number}' from pdf_page_number=852 per locator contract
P2IIB-REP-0541,calculation/chapter_03/section_3_7/notes.csv,CAL-NOT-P00843-001,source_locator_derivation,CAL-P00843,calc_pdf_p843,0,derived 'calc_pdf_p{pdf_page_number}' from pdf_page_number=843 per locator contract
P2IIB-REP-0542,calculation/chapter_03/section_3_7/notes.csv,CAL-NOT-P00845-001,source_locator_derivation,CAL-P00845,calc_pdf_p845,0,derived 'calc_pdf_p{pdf_page_number}' from pdf_page_number=845 per locator contract
P2IIB-REP-0543,calculation/chapter_03/section_3_7/notes.csv,CAL-NOT-P00846-001,source_locator_derivation,CAL-P00846,calc_pdf_p846,0,derived 'calc_pdf_p{pdf_page_number}' from pdf_page_number=846 per locator contract
P2IIB-REP-0544,calculation/chapter_03/section_3_7/notes.csv,CAL-NOT-P00848-001,source_locator_derivation,CAL-P00848,calc_pdf_p848,0,derived 'calc_pdf_p{pdf_page_number}' from pdf_page_number=848 per locator contract
P2IIB-REP-0545,calculation/chapter_03/section_3_7/notes.csv,CAL-NOT-P00851-001,source_locator_derivation,CAL-P00851,calc_pdf_p851,0,derived 'calc_pdf_p{pdf_page_number}' from pdf_page_number=851 per locator contract
P2IIB-REP-0546,calculation/chapter_03/section_3_7/notes.csv,CAL-NOT-P00854-001,source_locator_derivation,CAL-P00854,calc_pdf_p854,0,derived 'calc_pdf_p{pdf_page_number}' from pdf_page_number=854 per locator contract
P2IIB-REP-0547,calculation/chapter_03/section_3_7/notes.csv,CAL-NOT-P00860-001,source_locator_derivation,CAL-P00860,calc_pdf_p860,0,derived 'calc_pdf_p{pdf_page_number}' from pdf_page_number=860 per locator contract
P2IIB-REP-0548,calculation/chapter_03/section_3_7/page_elements.csv,CAL-P00850-CAL-SEC-3.7.1-001,column_shift,"[""CAL-P00850-CAL-SEC-3.7.1-001"", ""850"", ""845"", ""CAL-CH3"", ""CAL-SEC-3.7.1"", ""table"", ""No.1断面諸量 Rc=2998.500m Ix=0.077140m4 y=0.9080m 断面力/応力度 載荷横断1-27 Mx kNm/CAL-P00850"", ""TEXT_EXTRACTED"", ""MEDIUM"", ""No.1 section properties and forces""]","[""CAL-P00850-CAL-SEC-3.7.1-001"", ""850"", ""845"", ""CAL-CH3"", ""CAL-SEC-3.7.1"", ""table"", ""No.1断面諸量 Rc=2998.500m Ix=0.077140m4 y=0.9080m 断面力/応力度 載荷横断1-27 Mx kNm"", ""CAL-P00850"", ""TEXT_EXTRACTED"", ""MEDIUM"", ""No.1 section properties and forces""]",-1,"page_elements re-aligned: title_raw='No.1断面諸量 Rc=2998.500m Ix=0.077140m4 y=0.9080m 断面力/応力度 載荷横断1-27 Mx kNm', source_locator='CAL-P00850', extraction_status='TEXT_EXTRACTED', confidence='MEDIUM'"
P2IIB-REP-0549,calculation/chapter_03/section_3_7/page_elements.csv,CAL-P00853-CAL-SEC-3.7.1-001,column_shift,"[""CAL-P00853-CAL-SEC-3.7.1-001"", ""853"", ""848"", ""CAL-CH3"", ""CAL-SEC-3.7.1"", ""table"", ""No.2 AG1 J-14 Ix=0.076329m4 y=-1.3405m E等級 断面力/応力度+CAL-P00853"", ""TEXT_EXTRACTED"", ""MEDIUM"", ""No.2 section properties""]","[""CAL-P00853-CAL-SEC-3.7.1-001"", ""853"", ""848"", ""CAL-CH3"", ""CAL-SEC-3.7.1"", ""table"", ""No.2 AG1 J-14 Ix=0.076329m4 y=-1.3405m E等級 断面力/応力度"", ""CAL-P00853"", ""TEXT_EXTRACTED"", ""MEDIUM"", ""No.2 section properties""]",-1,"page_elements re-aligned: title_raw='No.2 AG1 J-14 Ix=0.076329m4 y=-1.3405m E等級 断面力/応力度', source_locator='CAL-P00853', extraction_status='TEXT_EXTRACTED', confidence='MEDIUM'"
P2IIB-REP-0550,calculation/chapter_03/section_3_7/page_elements.csv,CAL-P00842-CAL-SEC-3.7-001,source_locator_derivation,CAL-P00842,calc_pdf_p842,0,derived 'calc_pdf_p{pdf_page_number}' from pdf_page_number=842 per locator contract
P2IIB-REP-0551,calculation/chapter_03/section_3_7/page_elements.csv,CAL-P00843-CAL-SEC-3.7.1-001,source_locator_derivation,CAL-P00843,calc_pdf_p843,0,derived 'calc_pdf_p{pdf_page_number}' from pdf_page_number=843 per locator contract
P2IIB-REP-0552,calculation/chapter_03/section_3_7/page_elements.csv,CAL-P00843-CAL-SEC-3.7.1-002,source_locator_derivation,CAL-P00843,calc_pdf_p843,0,derived 'calc_pdf_p{pdf_page_number}' from pdf_page_number=843 per locator contract
P2IIB-REP-0553,calculation/chapter_03/section_3_7/page_elements.csv,CAL-P00844-CAL-SEC-3.7.1-001,source_locator_derivation,CAL-P00844,calc_pdf_p844,0,derived 'calc_pdf_p{pdf_page_number}' from pdf_page_number=844 per locator contract
P2IIB-REP-0554,calculation/chapter_03/section_3_7/page_elements.csv,CAL-P00845-CAL-SEC-3.7.1-001,source_locator_derivation,CAL-P00845,calc_pdf_p845,0,derived 'calc_pdf_p{pdf_page_number}' from pdf_page_number=845 per locator contract
P2IIB-REP-0555,calculation/chapter_03/section_3_7/page_elements.csv,CAL-P00845-CAL-SEC-3.7.1-002,source_locator_derivation,CAL-P00845,calc_pdf_p845,0,derived 'calc_pdf_p{pdf_page_number}' from pdf_page_number=845 per locator contract
P2IIB-REP-0556,calculation/chapter_03/section_3_7/page_elements.csv,CAL-P00845-CAL-SEC-3.7.1-003,source_locator_derivation,CAL-P00845,calc_pdf_p845,0,derived 'calc_pdf_p{pdf_page_number}' from pdf_page_number=845 per locator contract
P2IIB-REP-0557,calculation/chapter_03/section_3_7/page_elements.csv,CAL-P00846-CAL-SEC-3.7.1-001,source_locator_derivation,CAL-P00846,calc_pdf_p846,0,derived 'calc_pdf_p{pdf_page_number}' from pdf_page_number=846 per locator contract
P2IIB-REP-0558,calculation/chapter_03/section_3_7/page_elements.csv,CAL-P00847-CAL-SEC-3.7.1-001,source_locator_derivation,CAL-P00847,calc_pdf_p847,0,derived 'calc_pdf_p{pdf_page_number}' from pdf_page_number=847 per locator contract
P2IIB-REP-0559,calculation/chapter_03/section_3_7/page_elements.csv,CAL-P00848-CAL-SEC-3.7.1-001,source_locator_derivation,CAL-P00848,calc_pdf_p848,0,derived 'calc_pdf_p{pdf_page_number}' from pdf_page_number=848 per locator contract
P2IIB-REP-0560,calculation/chapter_03/section_3_7/page_elements.csv,CAL-P00849-CAL-SEC-3.7.1-001,source_locator_derivation,CAL-P00849,calc_pdf_p849,0,derived 'calc_pdf_p{pdf_page_number}' from pdf_page_number=849 per locator contract
P2IIB-REP-0561,calculation/chapter_03/section_3_7/page_elements.csv,CAL-P00850-CAL-SEC-3.7.1-001,source_locator_derivation,CAL-P00850,calc_pdf_p850,0,derived 'calc_pdf_p{pdf_page_number}' from pdf_page_number=850 per locator contract
P2IIB-REP-0562,calculation/chapter_03/section_3_7/page_elements.csv,CAL-P00851-CAL-SEC-3.7.1-001,source_locator_derivation,CAL-P00851,calc_pdf_p851,0,derived 'calc_pdf_p{pdf_page_number}' from pdf_page_number=851 per locator contract
P2IIB-REP-0563,calculation/chapter_03/section_3_7/page_elements.csv,CAL-P00852-CAL-SEC-3.7.1-001,source_locator_derivation,CAL-P00852,calc_pdf_p852,0,derived 'calc_pdf_p{pdf_page_number}' from pdf_page_number=852 per locator contract
P2IIB-REP-0564,calculation/chapter_03/section_3_7/page_elements.csv,CAL-P00853-CAL-SEC-3.7.1-001,source_locator_derivation,CAL-P00853,calc_pdf_p853,0,derived 'calc_pdf_p{pdf_page_number}' from pdf_page_number=853 per locator contract
P2IIB-REP-0565,calculation/chapter_03/section_3_7/page_elements.csv,CAL-P00854-CAL-SEC-3.7.1-001,source_locator_derivation,CAL-P00854,calc_pdf_p854,0,derived 'calc_pdf_p{pdf_page_number}' from pdf_page_number=854 per locator contract
P2IIB-REP-0566,calculation/chapter_03/section_3_7/page_elements.csv,CAL-P00855-CAL-SEC-3.7.1-001,source_locator_derivation,CAL-P00855,calc_pdf_p855,0,derived 'calc_pdf_p{pdf_page_number}' from pdf_page_number=855 per locator contract
P2IIB-REP-0567,calculation/chapter_03/section_3_7/page_elements.csv,CAL-P00856-CAL-SEC-3.7.1-001,source_locator_derivation,CAL-P00856,calc_pdf_p856,0,derived 'calc_pdf_p{pdf_page_number}' from pdf_page_number=856 per locator contract
P2IIB-REP-0568,calculation/chapter_03/section_3_7/page_elements.csv,CAL-P00859-CAL-SEC-3.7.1-001,source_locator_derivation,CAL-P00859,calc_pdf_p859,0,derived 'calc_pdf_p{pdf_page_number}' from pdf_page_number=859 per locator contract
P2IIB-REP-0569,calculation/chapter_03/section_3_7/page_elements.csv,CAL-P00860-CAL-SEC-3.7.2-001,source_locator_derivation,CAL-P00860,calc_pdf_p860,0,derived 'calc_pdf_p{pdf_page_number}' from pdf_page_number=860 per locator contract
P2IIB-REP-0570,calculation/chapter_03/section_3_7/page_elements.csv,CAL-P00860-CAL-SEC-3.7.2-002,source_locator_derivation,CAL-P00860,calc_pdf_p860,0,derived 'calc_pdf_p{pdf_page_number}' from pdf_page_number=860 per locator contract
P2IIB-REP-0571,calculation/chapter_03/section_3_7/page_elements.csv,CAL-P00870-CAL-SEC-3.7.2-001,source_locator_derivation,CAL-P00870,calc_pdf_p870,0,derived 'calc_pdf_p{pdf_page_number}' from pdf_page_number=870 per locator contract
P2IIB-REP-0572,calculation/chapter_03/section_3_7/tables.csv,CAL-TBL-P00845-001,column_shift,"[""CAL-TBL-P00845-001"", ""845"", ""840"", ""CAL-CH3"", ""CAL-SEC-3.7.1"", ""照査条件"", ""項目/値"", ""最小支間長"", ""40.020 m"", ""40.020"", ""m"", ""40.020"", ""m"", ""DIMENSION"", ""CAL-P00845-TBL"", ""HIGH"", ""UNVERIFIED""]","[""CAL-TBL-P00845-001"", ""845"", ""840"", ""CAL-CH3"", ""CAL-SEC-3.7.1"", ""照査条件"", ""項目/値"", ""最小支間長"", """", ""40.020 m"", ""40.020"", ""m"", ""40.020"", ""m"", ""DIMENSION"", ""CAL-P00845-TBL"", ""HIGH"", ""UNVERIFIED""]",-1,LEFT-shift: inserted 1 empty cell(s) at column index 8 (column_key) to restore header alignment
P2IIB-REP-0573,calculation/chapter_03/section_3_7/tables.csv,CAL-TBL-P00845-002,column_shift,"[""CAL-TBL-P00845-002"", ""845"", ""840"", ""CAL-CH3"", ""CAL-SEC-3.7.1"", ""照査条件"", ""項目/値"", ""ADTTSLi"", ""379台"", ""379"", ""台"", ""379"", ""台"", ""LOAD_VALUE"", ""CAL-P00845-TBL"", ""HIGH"", ""UNVERIFIED""]","[""CAL-TBL-P00845-002"", ""845"", ""840"", ""CAL-CH3"", ""CAL-SEC-3.7.1"", ""照査条件"", ""項目/値"", ""ADTTSLi"", """", ""379台"", ""379"", ""台"", ""379"", ""台"", ""LOAD_VALUE"", ""CAL-P00845-TBL"", ""HIGH"", ""UNVERIFIED""]",-1,LEFT-shift: inserted 1 empty cell(s) at column index 8 (column_key) to restore header alignment
P2IIB-REP-0574,calculation/chapter_03/section_3_7/tables.csv,CAL-TBL-P00845-003,column_shift,"[""CAL-TBL-P00845-003"", ""845"", ""840"", ""CAL-CH3"", ""CAL-SEC-3.7.1"", ""照査条件"", ""項目/値"", ""F荷重"", ""200 kN"", ""200"", ""kN"", ""200"", ""kN"", ""LOAD_VALUE"", ""CAL-P00845-TBL"", ""HIGH"", ""UNVERIFIED""]","[""CAL-TBL-P00845-003"", ""845"", ""840"", ""CAL-CH3"", ""CAL-SEC-3.7.1"", ""照査条件"", ""項目/値"", ""F荷重"", """", ""200 kN"", ""200"", ""kN"", ""200"", ""kN"", ""LOAD_VALUE"", ""CAL-P00845-TBL"", ""HIGH"", ""UNVERIFIED""]",-1,LEFT-shift: inserted 1 empty cell(s) at column index 8 (column_key) to restore header alignment
P2IIB-REP-0575,calculation/chapter_03/section_3_7/tables.csv,CAL-TBL-P00850-001,column_shift,"[""CAL-TBL-P00850-001"", ""850"", ""845"", ""CAL-CH3"", ""CAL-SEC-3.7.1"", ""No.1断面"", ""項目/値"", ""Rc"", ""2998.500 m"", ""2998.500"", ""m"", ""2998.500"", ""m"", ""DIMENSION"", ""CAL-P00850-TBL"", ""HIGH"", ""UNVERIFIED""]","[""CAL-TBL-P00850-001"", ""850"", ""845"", ""CAL-CH3"", ""CAL-SEC-3.7.1"", ""No.1断面"", ""項目/値"", ""Rc"", """", ""2998.500 m"", ""2998.500"", ""m"", ""2998.500"", ""m"", ""DIMENSION"", ""CAL-P00850-TBL"", ""HIGH"", ""UNVERIFIED""]",-1,LEFT-shift: inserted 1 empty cell(s) at column index 8 (column_key) to restore header alignment
P2IIB-REP-0576,calculation/chapter_03/section_3_7/tables.csv,CAL-TBL-P00850-002,column_shift,"[""CAL-TBL-P00850-002"", ""850"", ""845"", ""CAL-CH3"", ""CAL-SEC-3.7.1"", ""No.1断面"", ""項目/値"", ""Ix"", ""0.077140 m4"", ""0.077140"", ""m4"", ""0.077140"", ""m4"", ""SECTION_PROPERTY"", ""CAL-P00850-TBL"", ""HIGH"", ""UNVERIFIED""]","[""CAL-TBL-P00850-002"", ""850"", ""845"", ""CAL-CH3"", ""CAL-SEC-3.7.1"", ""No.1断面"", ""項目/値"", ""Ix"", """", ""0.077140 m4"", ""0.077140"", ""m4"", ""0.077140"", ""m4"", ""SECTION_PROPERTY"", ""CAL-P00850-TBL"", ""HIGH"", ""UNVERIFIED""]",-1,LEFT-shift: inserted 1 empty cell(s) at column index 8 (column_key) to restore header alignment
P2IIB-REP-0577,calculation/chapter_03/section_3_7/tables.csv,CAL-TBL-P00850-003,column_shift,"[""CAL-TBL-P00850-003"", ""850"", ""845"", ""CAL-CH3"", ""CAL-SEC-3.7.1"", ""No.1断面"", ""項目/値"", ""y"", ""0.9080 m"", ""0.9080"", ""m"", ""0.9080"", ""m"", ""DIMENSION"", ""CAL-P00850-TBL"", ""HIGH"", ""UNVERIFIED""]","[""CAL-TBL-P00850-003"", ""850"", ""845"", ""CAL-CH3"", ""CAL-SEC-3.7.1"", ""No.1断面"", ""項目/値"", ""y"", """", ""0.9080 m"", ""0.9080"", ""m"", ""0.9080"", ""m"", ""DIMENSION"", ""CAL-P00850-TBL"", ""HIGH"", ""UNVERIFIED""]",-1,LEFT-shift: inserted 1 empty cell(s) at column index 8 (column_key) to restore header alignment
P2IIB-REP-0578,calculation/chapter_03/section_3_7/tables.csv,CAL-TBL-P00851-001,column_shift,"[""CAL-TBL-P00851-001"", ""851"", ""846"", ""CAL-CH3"", ""CAL-SEC-3.7.1"", ""No.1応力範囲"", ""項目/値"", ""delta_sigma_max"", ""54 N/mm2"", ""54"", ""N/mm2"", ""54"", ""N/mm2"", ""ANALYSIS_RESULT"", ""CAL-P00851-TBL"", ""HIGH"", ""UNVERIFIED""]","[""CAL-TBL-P00851-001"", ""851"", ""846"", ""CAL-CH3"", ""CAL-SEC-3.7.1"", ""No.1応力範囲"", ""項目/値"", ""delta_sigma_max"", """", ""54 N/mm2"", ""54"", ""N/mm2"", ""54"", ""N/mm2"", ""ANALYSIS_RESULT"", ""CAL-P00851-TBL"", ""HIGH"", ""UNVERIFIED""]",-1,LEFT-shift: inserted 1 empty cell(s) at column index 8 (column_key) to restore header alignment
P2IIB-REP-0579,calculation/chapter_03/section_3_7/tables.csv,CAL-TBL-P00851-002,column_shift,"[""CAL-TBL-P00851-002"", ""851"", ""846"", ""CAL-CH3"", ""CAL-SEC-3.7.1"", ""No.1応力範囲"", ""項目/値"", ""delta_sigma_ce(G)"", ""32 N/mm2"", ""32"", ""N/mm2"", ""32"", ""N/mm2"", ""MATERIAL_PROPERTY"", ""CAL-P00851-TBL"", ""HIGH"", ""UNVERIFIED""]","[""CAL-TBL-P00851-002"", ""851"", ""846"", ""CAL-CH3"", ""CAL-SEC-3.7.1"", ""No.1応力範囲"", ""項目/値"", ""delta_sigma_ce(G)"", """", ""32 N/mm2"", ""32"", ""N/mm2"", ""32"", ""N/mm2"", ""MATERIAL_PROPERTY"", ""CAL-P00851-TBL"", ""HIGH"", ""UNVERIFIED""]",-1,LEFT-shift: inserted 1 empty cell(s) at column index 8 (column_key) to restore header alignment
P2IIB-REP-0580,calculation/chapter_03/section_3_7/tables.csv,CAL-TBL-P00851-003,column_shift,"[""CAL-TBL-P00851-003"", ""851"", ""846"", ""CAL-CH3"", ""CAL-SEC-3.7.1"", ""No.1応力範囲"", ""項目/値"", ""簡便照査 54>32 NG"", ""NG"", """", """", """", ""VERIFICATION_RESULT"", ""CAL-P00851-TBL"", ""HIGH"", ""UNVERIFIED""]","[""CAL-TBL-P00851-003"", ""851"", ""846"", ""CAL-CH3"", ""CAL-SEC-3.7.1"", ""No.1応力範囲"", ""項目/値"", ""簡便照査 54>32 NG"", """", """", ""NG"", """", """", """", ""VERIFICATION_RESULT"", ""CAL-P00851-TBL"", ""HIGH"", ""UNVERIFIED""]",-2,LEFT-shift: inserted 2 empty cell(s) at column index 8 (column_key) to restore header alignment
P2IIB-REP-0581,calculation/chapter_03/section_3_7/tables.csv,CAL-TBL-P00852-001,column_shift,"[""CAL-TBL-P00852-001"", ""852"", ""847"", ""CAL-CH3"", ""CAL-SEC-3.7.1"", ""No.1損傷度"", ""項目/値"", ""nti"", ""0.42e6回"", ""0.42e6"", ""回"", ""420000"", ""回"", ""LOAD_VALUE"", ""CAL-P00852-TBL"", ""HIGH"", ""UNVERIFIED""]","[""CAL-TBL-P00852-001"", ""852"", ""847"", ""CAL-CH3"", ""CAL-SEC-3.7.1"", ""No.1損傷度"", ""項目/値"", ""nti"", """", ""0.42e6回"", ""0.42e6"", ""回"", ""420000"", ""回"", ""LOAD_VALUE"", ""CAL-P00852-TBL"", ""HIGH"", ""UNVERIFIED""]",-1,LEFT-shift: inserted 1 empty cell(s) at column index 8 (column_key) to restore header alignment
P2IIB-REP-0582,calculation/chapter_03/section_3_7/tables.csv,CAL-TBL-P00852-002,column_shift,"[""CAL-TBL-P00852-002"", ""852"", ""847"", ""CAL-CH3"", ""CAL-SEC-3.7.1"", ""No.1損傷度"", ""項目/値"", ""N1_1"", ""1.61e6回"", ""1.61e6"", ""回"", ""1610000"", ""回"", ""ANALYSIS_RESULT"", ""CAL-P00852-TBL"", ""HIGH"", ""UNVERIFIED""]","[""CAL-TBL-P00852-002"", ""852"", ""847"", ""CAL-CH3"", ""CAL-SEC-3.7.1"", ""No.1損傷度"", ""項目/値"", ""N1_1"", """", ""1.61e6回"", ""1.61e6"", ""回"", ""1610000"", ""回"", ""ANALYSIS_RESULT"", ""CAL-P00852-TBL"", ""HIGH"", ""UNVERIFIED""]",-1,LEFT-shift: inserted 1 empty cell(s) at column index 8 (column_key) to restore header alignment
P2IIB-REP-0583,calculation/chapter_03/section_3_7/tables.csv,CAL-TBL-P00852-003,column_shift,"[""CAL-TBL-P00852-003"", ""852"", ""847"", ""CAL-CH3"", ""CAL-SEC-3.7.1"", ""No.1損傷度"", ""項目/値"", ""D"", ""0.26<=1.0 OK"", ""0.26"", """", ""0.26"", """", ""VERIFICATION_RESULT"", ""CAL-P00852-TBL"", ""HIGH"", ""UNVERIFIED""]","[""CAL-TBL-P00852-003"", ""852"", ""847"", ""CAL-CH3"", ""CAL-SEC-3.7.1"", ""No.1損傷度"", ""項目/値"", ""D"", """", ""0.26<=1.0 OK"", ""0.26"", """", ""0.26"", """", ""VERIFICATION_RESULT"", ""CAL-P00852-TBL"", ""HIGH"", ""UNVERIFIED""]",-1,LEFT-shift: inserted 1 empty cell(s) at column index 8 (column_key) to restore header alignment
P2IIB-REP-0584,calculation/chapter_03/section_3_7/tables.csv,CAL-TBL-P00853-001,column_shift,"[""CAL-TBL-P00853-001"", ""853"", ""848"", ""CAL-CH3"", ""CAL-SEC-3.7.1"", ""No.2断面"", ""項目/値"", ""Ix"", ""0.076329 m4"", ""0.076329"", ""m4"", ""0.076329"", ""m4"", ""SECTION_PROPERTY"", ""CAL-P00853-TBL"", ""HIGH"", ""UNVERIFIED""]","[""CAL-TBL-P00853-001"", ""853"", ""848"", ""CAL-CH3"", ""CAL-SEC-3.7.1"", ""No.2断面"", ""項目/値"", ""Ix"", """", ""0.076329 m4"", ""0.076329"", ""m4"", ""0.076329"", ""m4"", ""SECTION_PROPERTY"", ""CAL-P00853-TBL"", ""HIGH"", ""UNVERIFIED""]",-1,LEFT-shift: inserted 1 empty cell(s) at column index 8 (column_key) to restore header alignment
P2IIB-REP-0585,calculation/chapter_03/section_3_7/tables.csv,CAL-TBL-P00853-002,column_shift,"[""CAL-TBL-P00853-002"", ""853"", ""848"", ""CAL-CH3"", ""CAL-SEC-3.7.1"", ""No.2断面"", ""項目/値"", ""y"", ""-1.3405 m"", ""-1.3405"", ""m"", ""-1.3405"", ""m"", ""DIMENSION"", ""CAL-P00853-TBL"", ""HIGH"", ""UNVERIFIED""]","[""CAL-TBL-P00853-002"", ""853"", ""848"", ""CAL-CH3"", ""CAL-SEC-3.7.1"", ""No.2断面"", ""項目/値"", ""y"", """", ""-1.3405 m"", ""-1.3405"", ""m"", ""-1.3405"", ""m"", ""DIMENSION"", ""CAL-P00853-TBL"", ""HIGH"", ""UNVERIFIED""]",-1,LEFT-shift: inserted 1 empty cell(s) at column index 8 (column_key) to restore header alignment
P2IIB-REP-0586,calculation/chapter_03/section_3_7/tables.csv,CAL-TBL-P00854-001,column_shift,"[""CAL-TBL-P00854-001"", ""854"", ""849"", ""CAL-CH3"", ""CAL-SEC-3.7.1"", ""No.2応力範囲"", ""項目/値"", ""delta_sigma_max"", ""80 N/mm2"", ""80"", ""N/mm2"", ""80"", ""N/mm2"", ""ANALYSIS_RESULT"", ""CAL-P00854-TBL"", ""HIGH"", ""UNVERIFIED""]","[""CAL-TBL-P00854-001"", ""854"", ""849"", ""CAL-CH3"", ""CAL-SEC-3.7.1"", ""No.2応力範囲"", ""項目/値"", ""delta_sigma_max"", """", ""80 N/mm2"", ""80"", ""N/mm2"", ""80"", ""N/mm2"", ""ANALYSIS_RESULT"", ""CAL-P00854-TBL"", ""HIGH"", ""UNVERIFIED""]",-1,LEFT-shift: inserted 1 empty cell(s) at column index 8 (column_key) to restore header alignment
P2IIB-REP-0587,calculation/chapter_03/section_3_7/tables.csv,CAL-TBL-P00854-002,column_shift,"[""CAL-TBL-P00854-002"", ""854"", ""849"", ""CAL-CH3"", ""CAL-SEC-3.7.1"", ""No.2応力範囲"", ""項目/値"", ""CR(応力比R=2.25)"", ""1.30"", """", ""1.30"", """", ""COEFFICIENT"", ""CAL-P00854-TBL"", ""HIGH"", ""UNVERIFIED""]","[""CAL-TBL-P00854-002"", ""854"", ""849"", ""CAL-CH3"", ""CAL-SEC-3.7.1"", ""No.2応力範囲"", ""項目/値"", ""CR(応力比R=2.25)"", """", """", ""1.30"", """", ""1.30"", """", ""COEFFICIENT"", ""CAL-P00854-TBL"", ""HIGH"", ""UNVERIFIED""]",-2,LEFT-shift: inserted 2 empty cell(s) at column index 8 (column_key) to restore header alignment
P2IIB-REP-0588,calculation/chapter_03/section_3_7/tables.csv,CAL-TBL-P00845-001,source_locator_derivation,CAL-P00845-TBL,calc_pdf_p845,0,derived 'calc_pdf_p{pdf_page_number}' from pdf_page_number=845 per locator contract
P2IIB-REP-0589,calculation/chapter_03/section_3_7/tables.csv,CAL-TBL-P00845-002,source_locator_derivation,CAL-P00845-TBL,calc_pdf_p845,0,derived 'calc_pdf_p{pdf_page_number}' from pdf_page_number=845 per locator contract
P2IIB-REP-0590,calculation/chapter_03/section_3_7/tables.csv,CAL-TBL-P00845-003,source_locator_derivation,CAL-P00845-TBL,calc_pdf_p845,0,derived 'calc_pdf_p{pdf_page_number}' from pdf_page_number=845 per locator contract
P2IIB-REP-0591,calculation/chapter_03/section_3_7/tables.csv,CAL-TBL-P00850-001,source_locator_derivation,CAL-P00850-TBL,calc_pdf_p850,0,derived 'calc_pdf_p{pdf_page_number}' from pdf_page_number=850 per locator contract
P2IIB-REP-0592,calculation/chapter_03/section_3_7/tables.csv,CAL-TBL-P00850-002,source_locator_derivation,CAL-P00850-TBL,calc_pdf_p850,0,derived 'calc_pdf_p{pdf_page_number}' from pdf_page_number=850 per locator contract
P2IIB-REP-0593,calculation/chapter_03/section_3_7/tables.csv,CAL-TBL-P00850-003,source_locator_derivation,CAL-P00850-TBL,calc_pdf_p850,0,derived 'calc_pdf_p{pdf_page_number}' from pdf_page_number=850 per locator contract
P2IIB-REP-0594,calculation/chapter_03/section_3_7/tables.csv,CAL-TBL-P00851-001,source_locator_derivation,CAL-P00851-TBL,calc_pdf_p851,0,derived 'calc_pdf_p{pdf_page_number}' from pdf_page_number=851 per locator contract
P2IIB-REP-0595,calculation/chapter_03/section_3_7/tables.csv,CAL-TBL-P00851-002,source_locator_derivation,CAL-P00851-TBL,calc_pdf_p851,0,derived 'calc_pdf_p{pdf_page_number}' from pdf_page_number=851 per locator contract
P2IIB-REP-0596,calculation/chapter_03/section_3_7/tables.csv,CAL-TBL-P00851-003,source_locator_derivation,CAL-P00851-TBL,calc_pdf_p851,0,derived 'calc_pdf_p{pdf_page_number}' from pdf_page_number=851 per locator contract
P2IIB-REP-0597,calculation/chapter_03/section_3_7/tables.csv,CAL-TBL-P00852-001,source_locator_derivation,CAL-P00852-TBL,calc_pdf_p852,0,derived 'calc_pdf_p{pdf_page_number}' from pdf_page_number=852 per locator contract
P2IIB-REP-0598,calculation/chapter_03/section_3_7/tables.csv,CAL-TBL-P00852-002,source_locator_derivation,CAL-P00852-TBL,calc_pdf_p852,0,derived 'calc_pdf_p{pdf_page_number}' from pdf_page_number=852 per locator contract
P2IIB-REP-0599,calculation/chapter_03/section_3_7/tables.csv,CAL-TBL-P00852-003,source_locator_derivation,CAL-P00852-TBL,calc_pdf_p852,0,derived 'calc_pdf_p{pdf_page_number}' from pdf_page_number=852 per locator contract
P2IIB-REP-0600,calculation/chapter_03/section_3_7/tables.csv,CAL-TBL-P00853-001,source_locator_derivation,CAL-P00853-TBL,calc_pdf_p853,0,derived 'calc_pdf_p{pdf_page_number}' from pdf_page_number=853 per locator contract
P2IIB-REP-0601,calculation/chapter_03/section_3_7/tables.csv,CAL-TBL-P00853-002,source_locator_derivation,CAL-P00853-TBL,calc_pdf_p853,0,derived 'calc_pdf_p{pdf_page_number}' from pdf_page_number=853 per locator contract
P2IIB-REP-0602,calculation/chapter_03/section_3_7/tables.csv,CAL-TBL-P00854-001,source_locator_derivation,CAL-P00854-TBL,calc_pdf_p854,0,derived 'calc_pdf_p{pdf_page_number}' from pdf_page_number=854 per locator contract
P2IIB-REP-0603,calculation/chapter_03/section_3_7/tables.csv,CAL-TBL-P00854-002,source_locator_derivation,CAL-P00854-TBL,calc_pdf_p854,0,derived 'calc_pdf_p{pdf_page_number}' from pdf_page_number=854 per locator contract
P2IIB-REP-0604,calculation/chapter_03/section_3_7/values.csv,CAL-VAL-P00845-001,source_locator_derivation,CAL-P00845-TBL,calc_pdf_p845,0,derived 'calc_pdf_p{pdf_page_number}' from pdf_page_number=845 per locator contract
P2IIB-REP-0605,calculation/chapter_03/section_3_7/values.csv,CAL-VAL-P00845-002,source_locator_derivation,CAL-P00845-TBL,calc_pdf_p845,0,derived 'calc_pdf_p{pdf_page_number}' from pdf_page_number=845 per locator contract
P2IIB-REP-0606,calculation/chapter_03/section_3_7/values.csv,CAL-VAL-P00845-003,source_locator_derivation,CAL-P00845-TBL,calc_pdf_p845,0,derived 'calc_pdf_p{pdf_page_number}' from pdf_page_number=845 per locator contract
P2IIB-REP-0607,calculation/chapter_03/section_3_7/values.csv,CAL-VAL-P00845-004,source_locator_derivation,CAL-P00845-TBL,calc_pdf_p845,0,derived 'calc_pdf_p{pdf_page_number}' from pdf_page_number=845 per locator contract
P2IIB-REP-0608,calculation/chapter_03/section_3_7/values.csv,CAL-VAL-P00846-001,source_locator_derivation,CAL-P00846-TBL,calc_pdf_p846,0,derived 'calc_pdf_p{pdf_page_number}' from pdf_page_number=846 per locator contract
P2IIB-REP-0609,calculation/chapter_03/section_3_7/values.csv,CAL-VAL-P00846-002,source_locator_derivation,CAL-P00846-TBL,calc_pdf_p846,0,derived 'calc_pdf_p{pdf_page_number}' from pdf_page_number=846 per locator contract
P2IIB-REP-0610,calculation/chapter_03/section_3_7/values.csv,CAL-VAL-P00846-003,source_locator_derivation,CAL-P00846-TBL,calc_pdf_p846,0,derived 'calc_pdf_p{pdf_page_number}' from pdf_page_number=846 per locator contract
P2IIB-REP-0611,calculation/chapter_03/section_3_7/values.csv,CAL-VAL-P00846-004,source_locator_derivation,CAL-P00846-TBL,calc_pdf_p846,0,derived 'calc_pdf_p{pdf_page_number}' from pdf_page_number=846 per locator contract
P2IIB-REP-0612,calculation/chapter_03/section_3_7/values.csv,CAL-VAL-P00846-005,source_locator_derivation,CAL-P00846-TBL,calc_pdf_p846,0,derived 'calc_pdf_p{pdf_page_number}' from pdf_page_number=846 per locator contract
P2IIB-REP-0613,calculation/chapter_03/section_3_7/values.csv,CAL-VAL-P00850-001,source_locator_derivation,CAL-P00850-TBL,calc_pdf_p850,0,derived 'calc_pdf_p{pdf_page_number}' from pdf_page_number=850 per locator contract
P2IIB-REP-0614,calculation/chapter_03/section_3_7/values.csv,CAL-VAL-P00850-002,source_locator_derivation,CAL-P00850-TBL,calc_pdf_p850,0,derived 'calc_pdf_p{pdf_page_number}' from pdf_page_number=850 per locator contract
P2IIB-REP-0615,calculation/chapter_03/section_3_7/values.csv,CAL-VAL-P00850-003,source_locator_derivation,CAL-P00850-TBL,calc_pdf_p850,0,derived 'calc_pdf_p{pdf_page_number}' from pdf_page_number=850 per locator contract
P2IIB-REP-0616,calculation/chapter_03/section_3_7/values.csv,CAL-VAL-P00851-001,source_locator_derivation,CAL-P00851-TBL,calc_pdf_p851,0,derived 'calc_pdf_p{pdf_page_number}' from pdf_page_number=851 per locator contract
P2IIB-REP-0617,calculation/chapter_03/section_3_7/values.csv,CAL-VAL-P00851-002,source_locator_derivation,CAL-P00851-TBL,calc_pdf_p851,0,derived 'calc_pdf_p{pdf_page_number}' from pdf_page_number=851 per locator contract
P2IIB-REP-0618,calculation/chapter_03/section_3_7/values.csv,CAL-VAL-P00852-001,source_locator_derivation,CAL-P00852-TBL,calc_pdf_p852,0,derived 'calc_pdf_p{pdf_page_number}' from pdf_page_number=852 per locator contract
P2IIB-REP-0619,calculation/chapter_03/section_3_7/values.csv,CAL-VAL-P00852-002,source_locator_derivation,CAL-P00852-TBL,calc_pdf_p852,0,derived 'calc_pdf_p{pdf_page_number}' from pdf_page_number=852 per locator contract
P2IIB-REP-0620,calculation/chapter_03/section_3_7/values.csv,CAL-VAL-P00852-003,source_locator_derivation,CAL-P00852-TBL,calc_pdf_p852,0,derived 'calc_pdf_p{pdf_page_number}' from pdf_page_number=852 per locator contract
P2IIB-REP-0621,calculation/chapter_03/section_3_7/values.csv,CAL-VAL-P00852-004,source_locator_derivation,CAL-P00852-TBL,calc_pdf_p852,0,derived 'calc_pdf_p{pdf_page_number}' from pdf_page_number=852 per locator contract
P2IIB-REP-0622,calculation/chapter_03/section_3_7/values.csv,CAL-VAL-P00852-005,source_locator_derivation,CAL-P00852-TBL,calc_pdf_p852,0,derived 'calc_pdf_p{pdf_page_number}' from pdf_page_number=852 per locator contract
P2IIB-REP-0623,calculation/chapter_03/section_3_7/values.csv,CAL-VAL-P00853-001,source_locator_derivation,CAL-P00853-TBL,calc_pdf_p853,0,derived 'calc_pdf_p{pdf_page_number}' from pdf_page_number=853 per locator contract
P2IIB-REP-0624,calculation/chapter_03/section_3_7/values.csv,CAL-VAL-P00853-002,source_locator_derivation,CAL-P00853-TBL,calc_pdf_p853,0,derived 'calc_pdf_p{pdf_page_number}' from pdf_page_number=853 per locator contract
P2IIB-REP-0625,calculation/chapter_03/section_3_7/values.csv,CAL-VAL-P00853-003,source_locator_derivation,CAL-P00853-TBL,calc_pdf_p853,0,derived 'calc_pdf_p{pdf_page_number}' from pdf_page_number=853 per locator contract
P2IIB-REP-0626,calculation/chapter_03/section_3_7/values.csv,CAL-VAL-P00854-001,source_locator_derivation,CAL-P00854-TBL,calc_pdf_p854,0,derived 'calc_pdf_p{pdf_page_number}' from pdf_page_number=854 per locator contract
P2IIB-REP-0627,calculation/chapter_03/section_3_7/values.csv,CAL-VAL-P00854-002,source_locator_derivation,CAL-P00854-TBL,calc_pdf_p854,0,derived 'calc_pdf_p{pdf_page_number}' from pdf_page_number=854 per locator contract
P2IIB-REP-0628,calculation/chapter_03/section_3_6/figures.csv,CAL-FIG-P00818-001,source_locator_derivation,CAL-P00818-TBL,calc_pdf_p818,0,derived 'calc_pdf_p{pdf_page_number}' from pdf_page_number=818 per locator contract
P2IIB-REP-0629,calculation/chapter_03/section_3_6/formulas.csv,CAL-FML-P00819-001,column_shift,"[""CAL-FML-P00819-001"", ""819"", ""814"", ""CAL-CH3"", ""CAL-SEC-3.6.2"", ""S1 Ac"", ""Ac=B*H=1500*2280/100=34200cm2"", ""1500"", ""2280"", """", ""NUMERIC_SUBSTITUTION"", ""CAL-P00819"", ""HIGH"", ""UNVERIFIED""]","[""CAL-FML-P00819-001"", ""819"", ""814"", ""CAL-CH3"", ""CAL-SEC-3.6.2"", ""S1 Ac"", ""Ac=B*H=1500*2280/100=34200cm2"", ""1500, 2280"", """", ""NUMERIC_SUBSTITUTION"", ""CAL-P00819"", ""HIGH"", ""UNVERIFIED""]",1,"formula row re-aligned: expression='Ac=B*H=1500*2280/100=34200cm2', variable_symbols='1500, 2280'"
P2IIB-REP-0630,calculation/chapter_03/section_3_6/formulas.csv,CAL-FML-P00819-002,column_shift,"[""CAL-FML-P00819-002"", ""819"", ""814"", ""CAL-CH3"", ""CAL-SEC-3.6.2"", ""S1 Asreq"", ""Asreq=Ac*0.15%=34200*0.0015=51.30cm2"", ""34200"", ""0.0015"", ""道示III5.2"", ""NUMERIC_SUBSTITUTION"", ""CAL-P00819"", ""HIGH"", ""UNVERIFIED""]","[""CAL-FML-P00819-002"", ""819"", ""814"", ""CAL-CH3"", ""CAL-SEC-3.6.2"", ""S1 Asreq"", ""Asreq=Ac*0.15%=34200*0.0015=51.30cm2"", ""34200, 0.0015"", ""道示III5.2"", ""NUMERIC_SUBSTITUTION"", ""CAL-P00819"", ""HIGH"", ""UNVERIFIED""]",1,"formula row re-aligned: expression='Asreq=Ac*0.15%=34200*0.0015=51.30cm2', variable_symbols='34200, 0.0015'"
P2IIB-REP-0631,calculation/chapter_03/section_3_6/formulas.csv,CAL-FML-P00819-003,column_shift,"[""CAL-FML-P00819-003"", ""819"", ""814"", ""CAL-CH3"", ""CAL-SEC-3.6.2"", ""S1 D19 n"", ""n=51.30/2.865=17.9->18本"", ""51.30"", ""2.865"", """", ""NUMERIC_SUBSTITUTION"", ""CAL-P00819"", ""HIGH"", ""UNVERIFIED""]","[""CAL-FML-P00819-003"", ""819"", ""814"", ""CAL-CH3"", ""CAL-SEC-3.6.2"", ""S1 D19 n"", ""n=51.30/2.865=17.9->18本"", ""51.30, 2.865"", """", ""NUMERIC_SUBSTITUTION"", ""CAL-P00819"", ""HIGH"", ""UNVERIFIED""]",1,"formula row re-aligned: expression='n=51.30/2.865=17.9->18本', variable_symbols='51.30, 2.865'"
P2IIB-REP-0632,calculation/chapter_03/section_3_6/formulas.csv,CAL-FML-P00820-001,column_shift,"[""CAL-FML-P00820-001"", ""820"", ""815"", ""CAL-CH3"", ""CAL-SEC-3.6.2"", ""S2 Ac"", ""Ac=1500*2400/100=36000cm2"", ""1500"", ""2400"", """", ""NUMERIC_SUBSTITUTION"", ""CAL-P00820"", ""HIGH"", ""UNVERIFIED""]","[""CAL-FML-P00820-001"", ""820"", ""815"", ""CAL-CH3"", ""CAL-SEC-3.6.2"", ""S2 Ac"", ""Ac=1500*2400/100=36000cm2"", ""1500, 2400"", """", ""NUMERIC_SUBSTITUTION"", ""CAL-P00820"", ""HIGH"", ""UNVERIFIED""]",1,"formula row re-aligned: expression='Ac=1500*2400/100=36000cm2', variable_symbols='1500, 2400'"
P2IIB-REP-0633,calculation/chapter_03/section_3_6/formulas.csv,CAL-FML-P00820-002,column_shift,"[""CAL-FML-P00820-002"", ""820"", ""815"", ""CAL-CH3"", ""CAL-SEC-3.6.2"", ""S2 Asreq"", ""Asreq=36000*0.0015=54.00cm2"", ""36000"", ""0.0015"", """", ""NUMERIC_SUBSTITUTION"", ""CAL-P00820"", ""HIGH"", ""UNVERIFIED""]","[""CAL-FML-P00820-002"", ""820"", ""815"", ""CAL-CH3"", ""CAL-SEC-3.6.2"", ""S2 Asreq"", ""Asreq=36000*0.0015=54.00cm2"", ""36000, 0.0015"", """", ""NUMERIC_SUBSTITUTION"", ""CAL-P00820"", ""HIGH"", ""UNVERIFIED""]",1,"formula row re-aligned: expression='Asreq=36000*0.0015=54.00cm2', variable_symbols='36000, 0.0015'"
P2IIB-REP-0634,calculation/chapter_03/section_3_6/formulas.csv,CAL-FML-P00820-003,column_shift,"[""CAL-FML-P00820-003"", ""820"", ""815"", ""CAL-CH3"", ""CAL-SEC-3.6.2"", ""S2 D19 n"", ""n=54.00/2.865=18.9->19本"", ""54.00"", ""2.865"", """", ""NUMERIC_SUBSTITUTION"", ""CAL-P00820"", ""HIGH"", ""UNVERIFIED""]","[""CAL-FML-P00820-003"", ""820"", ""815"", ""CAL-CH3"", ""CAL-SEC-3.6.2"", ""S2 D19 n"", ""n=54.00/2.865=18.9->19本"", ""54.00, 2.865"", """", ""NUMERIC_SUBSTITUTION"", ""CAL-P00820"", ""HIGH"", ""UNVERIFIED""]",1,"formula row re-aligned: expression='n=54.00/2.865=18.9->19本', variable_symbols='54.00, 2.865'"
P2IIB-REP-0635,calculation/chapter_03/section_3_6/formulas.csv,CAL-FML-P00821-001,column_shift,"[""CAL-FML-P00821-001"", ""821"", ""816"", ""CAL-CH3"", ""CAL-SEC-3.6.2"", ""PR1 Ac"", ""Ac=2000*2400/100=48000cm2"", ""2000"", ""2400"", """", ""NUMERIC_SUBSTITUTION"", ""CAL-P00821"", ""HIGH"", ""UNVERIFIED""]","[""CAL-FML-P00821-001"", ""821"", ""816"", ""CAL-CH3"", ""CAL-SEC-3.6.2"", ""PR1 Ac"", ""Ac=2000*2400/100=48000cm2"", ""2000, 2400"", """", ""NUMERIC_SUBSTITUTION"", ""CAL-P00821"", ""HIGH"", ""UNVERIFIED""]",1,"formula row re-aligned: expression='Ac=2000*2400/100=48000cm2', variable_symbols='2000, 2400'"
P2IIB-REP-0636,calculation/chapter_03/section_3_6/formulas.csv,CAL-FML-P00821-002,column_shift,"[""CAL-FML-P00821-002"", ""821"", ""816"", ""CAL-CH3"", ""CAL-SEC-3.6.2"", ""PR1 Asreq"", ""Asreq=48000*0.0015=72.00cm2"", ""48000"", ""0.0015"", """", ""NUMERIC_SUBSTITUTION"", ""CAL-P00821"", ""HIGH"", ""UNVERIFIED""]","[""CAL-FML-P00821-002"", ""821"", ""816"", ""CAL-CH3"", ""CAL-SEC-3.6.2"", ""PR1 Asreq"", ""Asreq=48000*0.0015=72.00cm2"", ""48000, 0.0015"", """", ""NUMERIC_SUBSTITUTION"", ""CAL-P00821"", ""HIGH"", ""UNVERIFIED""]",1,"formula row re-aligned: expression='Asreq=48000*0.0015=72.00cm2', variable_symbols='48000, 0.0015'"
P2IIB-REP-0637,calculation/chapter_03/section_3_6/formulas.csv,CAL-FML-P00821-003,column_shift,"[""CAL-FML-P00821-003"", ""821"", ""816"", ""CAL-CH3"", ""CAL-SEC-3.6.2"", ""PR1 D19 n"", ""n=72.00/2.865=25.1->26本"", ""72.00"", ""2.865"", """", ""NUMERIC_SUBSTITUTION"", ""CAL-P00821"", ""HIGH"", ""UNVERIFIED""]","[""CAL-FML-P00821-003"", ""821"", ""816"", ""CAL-CH3"", ""CAL-SEC-3.6.2"", ""PR1 D19 n"", ""n=72.00/2.865=25.1->26本"", ""72.00, 2.865"", """", ""NUMERIC_SUBSTITUTION"", ""CAL-P00821"", ""HIGH"", ""UNVERIFIED""]",1,"formula row re-aligned: expression='n=72.00/2.865=25.1->26本', variable_symbols='72.00, 2.865'"
P2IIB-REP-0638,calculation/chapter_03/section_3_6/formulas.csv,CAL-FML-P00819-001,source_locator_derivation,CAL-P00819,calc_pdf_p819,0,derived 'calc_pdf_p{pdf_page_number}' from pdf_page_number=819 per locator contract
P2IIB-REP-0639,calculation/chapter_03/section_3_6/formulas.csv,CAL-FML-P00819-002,source_locator_derivation,CAL-P00819,calc_pdf_p819,0,derived 'calc_pdf_p{pdf_page_number}' from pdf_page_number=819 per locator contract
P2IIB-REP-0640,calculation/chapter_03/section_3_6/formulas.csv,CAL-FML-P00819-003,source_locator_derivation,CAL-P00819,calc_pdf_p819,0,derived 'calc_pdf_p{pdf_page_number}' from pdf_page_number=819 per locator contract
P2IIB-REP-0641,calculation/chapter_03/section_3_6/formulas.csv,CAL-FML-P00820-001,source_locator_derivation,CAL-P00820,calc_pdf_p820,0,derived 'calc_pdf_p{pdf_page_number}' from pdf_page_number=820 per locator contract
P2IIB-REP-0642,calculation/chapter_03/section_3_6/formulas.csv,CAL-FML-P00820-002,source_locator_derivation,CAL-P00820,calc_pdf_p820,0,derived 'calc_pdf_p{pdf_page_number}' from pdf_page_number=820 per locator contract
P2IIB-REP-0643,calculation/chapter_03/section_3_6/formulas.csv,CAL-FML-P00820-003,source_locator_derivation,CAL-P00820,calc_pdf_p820,0,derived 'calc_pdf_p{pdf_page_number}' from pdf_page_number=820 per locator contract
P2IIB-REP-0644,calculation/chapter_03/section_3_6/formulas.csv,CAL-FML-P00821-001,source_locator_derivation,CAL-P00821,calc_pdf_p821,0,derived 'calc_pdf_p{pdf_page_number}' from pdf_page_number=821 per locator contract
P2IIB-REP-0645,calculation/chapter_03/section_3_6/formulas.csv,CAL-FML-P00821-002,source_locator_derivation,CAL-P00821,calc_pdf_p821,0,derived 'calc_pdf_p{pdf_page_number}' from pdf_page_number=821 per locator contract
P2IIB-REP-0646,calculation/chapter_03/section_3_6/formulas.csv,CAL-FML-P00821-003,source_locator_derivation,CAL-P00821,calc_pdf_p821,0,derived 'calc_pdf_p{pdf_page_number}' from pdf_page_number=821 per locator contract
P2IIB-REP-0647,calculation/chapter_03/section_3_6/notes.csv,CAL-NOT-P00818-001,source_locator_derivation,CAL-P00818,calc_pdf_p818,0,derived 'calc_pdf_p{pdf_page_number}' from pdf_page_number=818 per locator contract
P2IIB-REP-0648,calculation/chapter_03/section_3_6/notes.csv,CAL-NOT-P00818-002,source_locator_derivation,CAL-P00818,calc_pdf_p818,0,derived 'calc_pdf_p{pdf_page_number}' from pdf_page_number=818 per locator contract
P2IIB-REP-0649,calculation/chapter_03/section_3_6/notes.csv,CAL-NOT-P00818-003,source_locator_derivation,CAL-P00818,calc_pdf_p818,0,derived 'calc_pdf_p{pdf_page_number}' from pdf_page_number=818 per locator contract
P2IIB-REP-0650,calculation/chapter_03/section_3_6/notes.csv,CAL-NOT-P00818-004,source_locator_derivation,CAL-P00818,calc_pdf_p818,0,derived 'calc_pdf_p{pdf_page_number}' from pdf_page_number=818 per locator contract
P2IIB-REP-0651,calculation/chapter_03/section_3_6/notes.csv,CAL-NOT-P00819-001,source_locator_derivation,CAL-P00819,calc_pdf_p819,0,derived 'calc_pdf_p{pdf_page_number}' from pdf_page_number=819 per locator contract
P2IIB-REP-0652,calculation/chapter_03/section_3_6/notes.csv,CAL-NOT-P00820-001,source_locator_derivation,CAL-P00820,calc_pdf_p820,0,derived 'calc_pdf_p{pdf_page_number}' from pdf_page_number=820 per locator contract
P2IIB-REP-0653,calculation/chapter_03/section_3_6/notes.csv,CAL-NOT-P00821-001,source_locator_derivation,CAL-P00821,calc_pdf_p821,0,derived 'calc_pdf_p{pdf_page_number}' from pdf_page_number=821 per locator contract
P2IIB-REP-0654,calculation/chapter_03/section_3_6/page_elements.csv,CAL-P00817-CAL-SEC-3.6-001,source_locator_derivation,CAL-P00817,calc_pdf_p817,0,derived 'calc_pdf_p{pdf_page_number}' from pdf_page_number=817 per locator contract
P2IIB-REP-0655,calculation/chapter_03/section_3_6/page_elements.csv,CAL-P00818-CAL-SEC-3.6.1-001,source_locator_derivation,CAL-P00818,calc_pdf_p818,0,derived 'calc_pdf_p{pdf_page_number}' from pdf_page_number=818 per locator contract
P2IIB-REP-0656,calculation/chapter_03/section_3_6/page_elements.csv,CAL-P00818-CAL-SEC-3.6.1-002,source_locator_derivation,CAL-P00818,calc_pdf_p818,0,derived 'calc_pdf_p{pdf_page_number}' from pdf_page_number=818 per locator contract
P2IIB-REP-0657,calculation/chapter_03/section_3_6/page_elements.csv,CAL-P00818-CAL-SEC-3.6.1-003,source_locator_derivation,CAL-P00818,calc_pdf_p818,0,derived 'calc_pdf_p{pdf_page_number}' from pdf_page_number=818 per locator contract
P2IIB-REP-0658,calculation/chapter_03/section_3_6/page_elements.csv,CAL-P00818-CAL-SEC-3.6.1-004,source_locator_derivation,CAL-P00818,calc_pdf_p818,0,derived 'calc_pdf_p{pdf_page_number}' from pdf_page_number=818 per locator contract
P2IIB-REP-0659,calculation/chapter_03/section_3_6/page_elements.csv,CAL-P00819-CAL-SEC-3.6.2-001,source_locator_derivation,CAL-P00819,calc_pdf_p819,0,derived 'calc_pdf_p{pdf_page_number}' from pdf_page_number=819 per locator contract
P2IIB-REP-0660,calculation/chapter_03/section_3_6/page_elements.csv,CAL-P00819-CAL-SEC-3.6.2-002,source_locator_derivation,CAL-P00819,calc_pdf_p819,0,derived 'calc_pdf_p{pdf_page_number}' from pdf_page_number=819 per locator contract
P2IIB-REP-0661,calculation/chapter_03/section_3_6/page_elements.csv,CAL-P00819-CAL-SEC-3.6.2-003,source_locator_derivation,CAL-P00819,calc_pdf_p819,0,derived 'calc_pdf_p{pdf_page_number}' from pdf_page_number=819 per locator contract
P2IIB-REP-0662,calculation/chapter_03/section_3_6/page_elements.csv,CAL-P00820-CAL-SEC-3.6.2-001,source_locator_derivation,CAL-P00820,calc_pdf_p820,0,derived 'calc_pdf_p{pdf_page_number}' from pdf_page_number=820 per locator contract
P2IIB-REP-0663,calculation/chapter_03/section_3_6/page_elements.csv,CAL-P00820-CAL-SEC-3.6.2-002,source_locator_derivation,CAL-P00820,calc_pdf_p820,0,derived 'calc_pdf_p{pdf_page_number}' from pdf_page_number=820 per locator contract
P2IIB-REP-0664,calculation/chapter_03/section_3_6/page_elements.csv,CAL-P00820-CAL-SEC-3.6.2-003,source_locator_derivation,CAL-P00820,calc_pdf_p820,0,derived 'calc_pdf_p{pdf_page_number}' from pdf_page_number=820 per locator contract
P2IIB-REP-0665,calculation/chapter_03/section_3_6/page_elements.csv,CAL-P00821-CAL-SEC-3.6.2-001,source_locator_derivation,CAL-P00821,calc_pdf_p821,0,derived 'calc_pdf_p{pdf_page_number}' from pdf_page_number=821 per locator contract
P2IIB-REP-0666,calculation/chapter_03/section_3_6/page_elements.csv,CAL-P00821-CAL-SEC-3.6.2-002,source_locator_derivation,CAL-P00821,calc_pdf_p821,0,derived 'calc_pdf_p{pdf_page_number}' from pdf_page_number=821 per locator contract
P2IIB-REP-0667,calculation/chapter_03/section_3_6/page_elements.csv,CAL-P00821-CAL-SEC-3.6.2-003,source_locator_derivation,CAL-P00821,calc_pdf_p821,0,derived 'calc_pdf_p{pdf_page_number}' from pdf_page_number=821 per locator contract
P2IIB-REP-0668,calculation/chapter_03/section_3_6/page_elements.csv,CAL-P00822-CAL-SEC-3.6.3-001,source_locator_derivation,CAL-P00822,calc_pdf_p822,0,derived 'calc_pdf_p{pdf_page_number}' from pdf_page_number=822 per locator contract
P2IIB-REP-0669,calculation/chapter_03/section_3_6/page_elements.csv,CAL-P00822-CAL-SEC-3.6.3-002,source_locator_derivation,CAL-P00822,calc_pdf_p822,0,derived 'calc_pdf_p{pdf_page_number}' from pdf_page_number=822 per locator contract
P2IIB-REP-0670,calculation/chapter_03/section_3_6/page_elements.csv,CAL-P00823-CAL-SEC-3.6.3-001,source_locator_derivation,CAL-P00823,calc_pdf_p823,0,derived 'calc_pdf_p{pdf_page_number}' from pdf_page_number=823 per locator contract
P2IIB-REP-0671,calculation/chapter_03/section_3_6/page_elements.csv,CAL-P00824-CAL-SEC-3.6.3-001,source_locator_derivation,CAL-P00824,calc_pdf_p824,0,derived 'calc_pdf_p{pdf_page_number}' from pdf_page_number=824 per locator contract
P2IIB-REP-0672,calculation/chapter_03/section_3_6/page_elements.csv,CAL-P00832-CAL-SEC-3.6.3-001,source_locator_derivation,CAL-P00832,calc_pdf_p832,0,derived 'calc_pdf_p{pdf_page_number}' from pdf_page_number=832 per locator contract
P2IIB-REP-0673,calculation/chapter_03/section_3_6/page_elements.csv,CAL-P00833-CAL-SEC-3.6.3-001,source_locator_derivation,CAL-P00833,calc_pdf_p833,0,derived 'calc_pdf_p{pdf_page_number}' from pdf_page_number=833 per locator contract
P2IIB-REP-0674,calculation/chapter_03/section_3_6/page_elements.csv,CAL-P00839-CAL-SEC-3.6.3-001,source_locator_derivation,CAL-P00839,calc_pdf_p839,0,derived 'calc_pdf_p{pdf_page_number}' from pdf_page_number=839 per locator contract
P2IIB-REP-0675,calculation/chapter_03/section_3_6/page_elements.csv,CAL-P00840-CAL-SEC-3.6.4-001,source_locator_derivation,CAL-P00840,calc_pdf_p840,0,derived 'calc_pdf_p{pdf_page_number}' from pdf_page_number=840 per locator contract
P2IIB-REP-0676,calculation/chapter_03/section_3_6/page_elements.csv,CAL-P00840-CAL-SEC-3.6.4-002,source_locator_derivation,CAL-P00840,calc_pdf_p840,0,derived 'calc_pdf_p{pdf_page_number}' from pdf_page_number=840 per locator contract
P2IIB-REP-0677,calculation/chapter_03/section_3_6/tables.csv,CAL-TBL-P00819-001,column_shift,"[""CAL-TBL-P00819-001"", ""819"", ""814"", ""CAL-CH3"", ""CAL-SEC-3.6.2"", ""S1 Ac"", ""項目/値"", ""Ac"", ""34200 cm2"", ""34200"", ""cm2"", ""34200"", ""cm2"", ""DIMENSION"", ""CAL-P00819-TBL"", ""HIGH"", ""UNVERIFIED""]","[""CAL-TBL-P00819-001"", ""819"", ""814"", ""CAL-CH3"", ""CAL-SEC-3.6.2"", ""S1 Ac"", ""項目/値"", ""Ac"", """", ""34200 cm2"", ""34200"", ""cm2"", ""34200"", ""cm2"", ""DIMENSION"", ""CAL-P00819-TBL"", ""HIGH"", ""UNVERIFIED""]",-1,LEFT-shift: inserted 1 empty cell(s) at column index 8 (column_key) to restore header alignment
P2IIB-REP-0678,calculation/chapter_03/section_3_6/tables.csv,CAL-TBL-P00819-002,column_shift,"[""CAL-TBL-P00819-002"", ""819"", ""814"", ""CAL-CH3"", ""CAL-SEC-3.6.2"", ""S1 Asreq"", ""項目/値"", ""Asreq"", ""51.30 cm2"", ""51.30"", ""cm2"", ""51.30"", ""cm2"", ""DERIVED_VALUE"", ""CAL-P00819-TBL"", ""HIGH"", ""UNVERIFIED""]","[""CAL-TBL-P00819-002"", ""819"", ""814"", ""CAL-CH3"", ""CAL-SEC-3.6.2"", ""S1 Asreq"", ""項目/値"", ""Asreq"", """", ""51.30 cm2"", ""51.30"", ""cm2"", ""51.30"", ""cm2"", ""DERIVED_VALUE"", ""CAL-P00819-TBL"", ""HIGH"", ""UNVERIFIED""]",-1,LEFT-shift: inserted 1 empty cell(s) at column index 8 (column_key) to restore header alignment
P2IIB-REP-0679,calculation/chapter_03/section_3_6/tables.csv,CAL-TBL-P00819-003,column_shift,"[""CAL-TBL-P00819-003"", ""819"", ""814"", ""CAL-CH3"", ""CAL-SEC-3.6.2"", ""S1 D19 nreq"", ""項目/値"", ""nreq"", ""18本以上"", ""18"", ""本"", ""18"", ""本"", ""DERIVED_VALUE"", ""CAL-P00819-TBL"", ""HIGH"", ""UNVERIFIED""]","[""CAL-TBL-P00819-003"", ""819"", ""814"", ""CAL-CH3"", ""CAL-SEC-3.6.2"", ""S1 D19 nreq"", ""項目/値"", ""nreq"", """", ""18本以上"", ""18"", ""本"", ""18"", ""本"", ""DERIVED_VALUE"", ""CAL-P00819-TBL"", ""HIGH"", ""UNVERIFIED""]",-1,LEFT-shift: inserted 1 empty cell(s) at column index 8 (column_key) to restore header alignment
P2IIB-REP-0680,calculation/chapter_03/section_3_6/tables.csv,CAL-TBL-P00820-001,column_shift,"[""CAL-TBL-P00820-001"", ""820"", ""815"", ""CAL-CH3"", ""CAL-SEC-3.6.2"", ""S2 Ac"", ""項目/値"", ""Ac"", ""36000 cm2"", ""36000"", ""cm2"", ""36000"", ""cm2"", ""DIMENSION"", ""CAL-P00820-TBL"", ""HIGH"", ""UNVERIFIED""]","[""CAL-TBL-P00820-001"", ""820"", ""815"", ""CAL-CH3"", ""CAL-SEC-3.6.2"", ""S2 Ac"", ""項目/値"", ""Ac"", """", ""36000 cm2"", ""36000"", ""cm2"", ""36000"", ""cm2"", ""DIMENSION"", ""CAL-P00820-TBL"", ""HIGH"", ""UNVERIFIED""]",-1,LEFT-shift: inserted 1 empty cell(s) at column index 8 (column_key) to restore header alignment
P2IIB-REP-0681,calculation/chapter_03/section_3_6/tables.csv,CAL-TBL-P00820-002,column_shift,"[""CAL-TBL-P00820-002"", ""820"", ""815"", ""CAL-CH3"", ""CAL-SEC-3.6.2"", ""S2 Asreq"", ""項目/値"", ""Asreq"", ""54.00 cm2"", ""54.00"", ""cm2"", ""54.00"", ""cm2"", ""DERIVED_VALUE"", ""CAL-P00820-TBL"", ""HIGH"", ""UNVERIFIED""]","[""CAL-TBL-P00820-002"", ""820"", ""815"", ""CAL-CH3"", ""CAL-SEC-3.6.2"", ""S2 Asreq"", ""項目/値"", ""Asreq"", """", ""54.00 cm2"", ""54.00"", ""cm2"", ""54.00"", ""cm2"", ""DERIVED_VALUE"", ""CAL-P00820-TBL"", ""HIGH"", ""UNVERIFIED""]",-1,LEFT-shift: inserted 1 empty cell(s) at column index 8 (column_key) to restore header alignment
P2IIB-REP-0682,calculation/chapter_03/section_3_6/tables.csv,CAL-TBL-P00820-003,column_shift,"[""CAL-TBL-P00820-003"", ""820"", ""815"", ""CAL-CH3"", ""CAL-SEC-3.6.2"", ""S2 D19 nreq"", ""項目/値"", ""nreq"", ""19本以上"", ""19"", ""本"", ""19"", ""本"", ""DERIVED_VALUE"", ""CAL-P00820-TBL"", ""HIGH"", ""UNVERIFIED""]","[""CAL-TBL-P00820-003"", ""820"", ""815"", ""CAL-CH3"", ""CAL-SEC-3.6.2"", ""S2 D19 nreq"", ""項目/値"", ""nreq"", """", ""19本以上"", ""19"", ""本"", ""19"", ""本"", ""DERIVED_VALUE"", ""CAL-P00820-TBL"", ""HIGH"", ""UNVERIFIED""]",-1,LEFT-shift: inserted 1 empty cell(s) at column index 8 (column_key) to restore header alignment
P2IIB-REP-0683,calculation/chapter_03/section_3_6/tables.csv,CAL-TBL-P00821-001,column_shift,"[""CAL-TBL-P00821-001"", ""821"", ""816"", ""CAL-CH3"", ""CAL-SEC-3.6.2"", ""PR1 Ac"", ""項目/値"", ""Ac"", ""48000 cm2"", ""48000"", ""cm2"", ""48000"", ""cm2"", ""DIMENSION"", ""CAL-P00821-TBL"", ""HIGH"", ""UNVERIFIED""]","[""CAL-TBL-P00821-001"", ""821"", ""816"", ""CAL-CH3"", ""CAL-SEC-3.6.2"", ""PR1 Ac"", ""項目/値"", ""Ac"", """", ""48000 cm2"", ""48000"", ""cm2"", ""48000"", ""cm2"", ""DIMENSION"", ""CAL-P00821-TBL"", ""HIGH"", ""UNVERIFIED""]",-1,LEFT-shift: inserted 1 empty cell(s) at column index 8 (column_key) to restore header alignment
P2IIB-REP-0684,calculation/chapter_03/section_3_6/tables.csv,CAL-TBL-P00821-002,column_shift,"[""CAL-TBL-P00821-002"", ""821"", ""816"", ""CAL-CH3"", ""CAL-SEC-3.6.2"", ""PR1 Asreq"", ""項目/値"", ""Asreq"", ""72.00 cm2"", ""72.00"", ""cm2"", ""72.00"", ""cm2"", ""DERIVED_VALUE"", ""CAL-P00821-TBL"", ""HIGH"", ""UNVERIFIED""]","[""CAL-TBL-P00821-002"", ""821"", ""816"", ""CAL-CH3"", ""CAL-SEC-3.6.2"", ""PR1 Asreq"", ""項目/値"", ""Asreq"", """", ""72.00 cm2"", ""72.00"", ""cm2"", ""72.00"", ""cm2"", ""DERIVED_VALUE"", ""CAL-P00821-TBL"", ""HIGH"", ""UNVERIFIED""]",-1,LEFT-shift: inserted 1 empty cell(s) at column index 8 (column_key) to restore header alignment
P2IIB-REP-0685,calculation/chapter_03/section_3_6/tables.csv,CAL-TBL-P00821-003,column_shift,"[""CAL-TBL-P00821-003"", ""821"", ""816"", ""CAL-CH3"", ""CAL-SEC-3.6.2"", ""PR1 D19 nreq"", ""項目/値"", ""nreq"", ""26本以上"", ""26"", ""本"", ""26"", ""本"", ""DERIVED_VALUE"", ""CAL-P00821-TBL"", ""HIGH"", ""UNVERIFIED""]","[""CAL-TBL-P00821-003"", ""821"", ""816"", ""CAL-CH3"", ""CAL-SEC-3.6.2"", ""PR1 D19 nreq"", ""項目/値"", ""nreq"", """", ""26本以上"", ""26"", ""本"", ""26"", ""本"", ""DERIVED_VALUE"", ""CAL-P00821-TBL"", ""HIGH"", ""UNVERIFIED""]",-1,LEFT-shift: inserted 1 empty cell(s) at column index 8 (column_key) to restore header alignment
P2IIB-REP-0686,calculation/chapter_03/section_3_6/tables.csv,CAL-TBL-P00819-001,source_locator_derivation,CAL-P00819-TBL,calc_pdf_p819,0,derived 'calc_pdf_p{pdf_page_number}' from pdf_page_number=819 per locator contract
P2IIB-REP-0687,calculation/chapter_03/section_3_6/tables.csv,CAL-TBL-P00819-002,source_locator_derivation,CAL-P00819-TBL,calc_pdf_p819,0,derived 'calc_pdf_p{pdf_page_number}' from pdf_page_number=819 per locator contract
P2IIB-REP-0688,calculation/chapter_03/section_3_6/tables.csv,CAL-TBL-P00819-003,source_locator_derivation,CAL-P00819-TBL,calc_pdf_p819,0,derived 'calc_pdf_p{pdf_page_number}' from pdf_page_number=819 per locator contract
P2IIB-REP-0689,calculation/chapter_03/section_3_6/tables.csv,CAL-TBL-P00820-001,source_locator_derivation,CAL-P00820-TBL,calc_pdf_p820,0,derived 'calc_pdf_p{pdf_page_number}' from pdf_page_number=820 per locator contract
P2IIB-REP-0690,calculation/chapter_03/section_3_6/tables.csv,CAL-TBL-P00820-002,source_locator_derivation,CAL-P00820-TBL,calc_pdf_p820,0,derived 'calc_pdf_p{pdf_page_number}' from pdf_page_number=820 per locator contract
P2IIB-REP-0691,calculation/chapter_03/section_3_6/tables.csv,CAL-TBL-P00820-003,source_locator_derivation,CAL-P00820-TBL,calc_pdf_p820,0,derived 'calc_pdf_p{pdf_page_number}' from pdf_page_number=820 per locator contract
P2IIB-REP-0692,calculation/chapter_03/section_3_6/tables.csv,CAL-TBL-P00821-001,source_locator_derivation,CAL-P00821-TBL,calc_pdf_p821,0,derived 'calc_pdf_p{pdf_page_number}' from pdf_page_number=821 per locator contract
P2IIB-REP-0693,calculation/chapter_03/section_3_6/tables.csv,CAL-TBL-P00821-002,source_locator_derivation,CAL-P00821-TBL,calc_pdf_p821,0,derived 'calc_pdf_p{pdf_page_number}' from pdf_page_number=821 per locator contract
P2IIB-REP-0694,calculation/chapter_03/section_3_6/tables.csv,CAL-TBL-P00821-003,source_locator_derivation,CAL-P00821-TBL,calc_pdf_p821,0,derived 'calc_pdf_p{pdf_page_number}' from pdf_page_number=821 per locator contract
P2IIB-REP-0695,calculation/chapter_03/section_3_6/values.csv,CAL-VAL-P00819-001,source_locator_derivation,CAL-P00819-TBL,calc_pdf_p819,0,derived 'calc_pdf_p{pdf_page_number}' from pdf_page_number=819 per locator contract
P2IIB-REP-0696,calculation/chapter_03/section_3_6/values.csv,CAL-VAL-P00819-002,source_locator_derivation,CAL-P00819-TBL,calc_pdf_p819,0,derived 'calc_pdf_p{pdf_page_number}' from pdf_page_number=819 per locator contract
P2IIB-REP-0697,calculation/chapter_03/section_3_6/values.csv,CAL-VAL-P00819-003,source_locator_derivation,CAL-P00819-TBL,calc_pdf_p819,0,derived 'calc_pdf_p{pdf_page_number}' from pdf_page_number=819 per locator contract
P2IIB-REP-0698,calculation/chapter_03/section_3_6/values.csv,CAL-VAL-P00819-004,source_locator_derivation,CAL-P00819-TBL,calc_pdf_p819,0,derived 'calc_pdf_p{pdf_page_number}' from pdf_page_number=819 per locator contract
P2IIB-REP-0699,calculation/chapter_03/section_3_6/values.csv,CAL-VAL-P00819-005,source_locator_derivation,CAL-P00819-TBL,calc_pdf_p819,0,derived 'calc_pdf_p{pdf_page_number}' from pdf_page_number=819 per locator contract
P2IIB-REP-0700,calculation/chapter_03/section_3_6/values.csv,CAL-VAL-P00819-006,source_locator_derivation,CAL-P00819-TBL,calc_pdf_p819,0,derived 'calc_pdf_p{pdf_page_number}' from pdf_page_number=819 per locator contract
P2IIB-REP-0701,calculation/chapter_03/section_3_6/values.csv,CAL-VAL-P00820-001,source_locator_derivation,CAL-P00820-TBL,calc_pdf_p820,0,derived 'calc_pdf_p{pdf_page_number}' from pdf_page_number=820 per locator contract
P2IIB-REP-0702,calculation/chapter_03/section_3_6/values.csv,CAL-VAL-P00820-002,source_locator_derivation,CAL-P00820-TBL,calc_pdf_p820,0,derived 'calc_pdf_p{pdf_page_number}' from pdf_page_number=820 per locator contract
P2IIB-REP-0703,calculation/chapter_03/section_3_6/values.csv,CAL-VAL-P00820-003,source_locator_derivation,CAL-P00820-TBL,calc_pdf_p820,0,derived 'calc_pdf_p{pdf_page_number}' from pdf_page_number=820 per locator contract
P2IIB-REP-0704,calculation/chapter_03/section_3_6/values.csv,CAL-VAL-P00821-001,source_locator_derivation,CAL-P00821-TBL,calc_pdf_p821,0,derived 'calc_pdf_p{pdf_page_number}' from pdf_page_number=821 per locator contract
P2IIB-REP-0705,calculation/chapter_03/section_3_6/values.csv,CAL-VAL-P00821-002,source_locator_derivation,CAL-P00821-TBL,calc_pdf_p821,0,derived 'calc_pdf_p{pdf_page_number}' from pdf_page_number=821 per locator contract
P2IIB-REP-0706,calculation/chapter_03/section_3_6/values.csv,CAL-VAL-P00821-003,source_locator_derivation,CAL-P00821-TBL,calc_pdf_p821,0,derived 'calc_pdf_p{pdf_page_number}' from pdf_page_number=821 per locator contract
P2IIB-REP-0707,calculation/chapter_03/section_3_6/values.csv,CAL-VAL-P00821-004,source_locator_derivation,CAL-P00821-TBL,calc_pdf_p821,0,derived 'calc_pdf_p{pdf_page_number}' from pdf_page_number=821 per locator contract
P2IIB-REP-0708,calculation/chapter_03/section_3_1/figures.csv,CAL-FIG-P00118-001,source_locator_derivation,CAL-P00118-TBL,calc_pdf_p118,0,derived 'calc_pdf_p{pdf_page_number}' from pdf_page_number=118 per locator contract
P2IIB-REP-0709,calculation/chapter_03/section_3_1/figures.csv,CAL-FIG-P00121-001,source_locator_derivation,CAL-P00121-TBL,calc_pdf_p121,0,derived 'calc_pdf_p{pdf_page_number}' from pdf_page_number=121 per locator contract
P2IIB-REP-0710,calculation/chapter_03/section_3_1/figures.csv,CAL-FIG-P00121-002,source_locator_derivation,CAL-P00121-TBL,calc_pdf_p121,0,derived 'calc_pdf_p{pdf_page_number}' from pdf_page_number=121 per locator contract
P2IIB-REP-0711,calculation/chapter_03/section_3_1/figures.csv,CAL-FIG-P00122-001,source_locator_derivation,CAL-P00122-TBL,calc_pdf_p122,0,derived 'calc_pdf_p{pdf_page_number}' from pdf_page_number=122 per locator contract
P2IIB-REP-0712,calculation/chapter_03/section_3_1/figures.csv,CAL-FIG-P00123-001,source_locator_derivation,CAL-P00123-TBL,calc_pdf_p123,0,derived 'calc_pdf_p{pdf_page_number}' from pdf_page_number=123 per locator contract
P2IIB-REP-0713,calculation/chapter_03/section_3_1/figures.csv,CAL-FIG-P00126-001,source_locator_derivation,CAL-P00126-TBL,calc_pdf_p126,0,derived 'calc_pdf_p{pdf_page_number}' from pdf_page_number=126 per locator contract
P2IIB-REP-0714,calculation/chapter_03/section_3_1/figures.csv,CAL-FIG-P00129-001,source_locator_derivation,CAL-P00129-TBL,calc_pdf_p129,0,derived 'calc_pdf_p{pdf_page_number}' from pdf_page_number=129 per locator contract
P2IIB-REP-0715,calculation/chapter_03/section_3_1/figures.csv,CAL-FIG-P00130-001,source_locator_derivation,CAL-P00130-TBL,calc_pdf_p130,0,derived 'calc_pdf_p{pdf_page_number}' from pdf_page_number=130 per locator contract
P2IIB-REP-0716,calculation/chapter_03/section_3_1/figures.csv,CAL-FIG-P00131-001,source_locator_derivation,CAL-P00131-TBL,calc_pdf_p131,0,derived 'calc_pdf_p{pdf_page_number}' from pdf_page_number=131 per locator contract
P2IIB-REP-0717,calculation/chapter_03/section_3_1/figures.csv,CAL-FIG-P00133-001,source_locator_derivation,CAL-P00133-TBL,calc_pdf_p133,0,derived 'calc_pdf_p{pdf_page_number}' from pdf_page_number=133 per locator contract
P2IIB-REP-0718,calculation/chapter_03/section_3_1/figures.csv,CAL-FIG-P00137-001,source_locator_derivation,CAL-P00137-TBL,calc_pdf_p137,0,derived 'calc_pdf_p{pdf_page_number}' from pdf_page_number=137 per locator contract
P2IIB-REP-0719,calculation/chapter_03/section_3_1/figures.csv,CAL-FIG-P00138-001,source_locator_derivation,CAL-P00138-TBL,calc_pdf_p138,0,derived 'calc_pdf_p{pdf_page_number}' from pdf_page_number=138 per locator contract
P2IIB-REP-0720,calculation/chapter_03/section_3_1/figures.csv,CAL-FIG-P00142-001,source_locator_derivation,CAL-P00142-TBL,calc_pdf_p142,0,derived 'calc_pdf_p{pdf_page_number}' from pdf_page_number=142 per locator contract
P2IIB-REP-0721,calculation/chapter_03/section_3_1/formulas.csv,CAL-FML-P00122-001,column_shift,"[""CAL-FML-P00122-001"", ""122"", ""117"", ""CAL-CH3"", ""CAL-SEC-3.1.2"", ""左側壁高欄調整 S1"", "" W = 0.000 kN/m (ノーズ部控除)"", ""W"", """", """", ""NUMERIC_SUBSTITUTION"", ""CAL-P00122"", ""HIGH"", ""UNVERIFIED""]","[""CAL-FML-P00122-001"", ""122"", ""117"", ""CAL-CH3"", ""CAL-SEC-3.1.2"", ""左側壁高欄調整 S1"", "" W = 0.000 kN/m (ノーズ部控除)"", ""W, "", """", ""NUMERIC_SUBSTITUTION"", ""CAL-P00122"", ""HIGH"", ""UNVERIFIED""]",1,"formula row re-aligned: expression=' W = 0.000 kN/m (ノーズ部控除)', variable_symbols='W, '"
P2IIB-REP-0722,calculation/chapter_03/section_3_1/formulas.csv,CAL-FML-P00122-003,column_shift,"[""CAL-FML-P00122-003"", ""122"", ""117"", ""CAL-CH3"", ""CAL-SEC-3.1.2"", ""左側壁高欄調整 C2以降"", "" W = 9.920 kN/m"", ""W"", """", """", ""NUMERIC_SUBSTITUTION"", ""CAL-P00122"", ""HIGH"", ""UNVERIFIED""]","[""CAL-FML-P00122-003"", ""122"", ""117"", ""CAL-CH3"", ""CAL-SEC-3.1.2"", ""左側壁高欄調整 C2以降"", "" W = 9.920 kN/m"", ""W, "", """", ""NUMERIC_SUBSTITUTION"", ""CAL-P00122"", ""HIGH"", ""UNVERIFIED""]",1,"formula row re-aligned: expression=' W = 9.920 kN/m', variable_symbols='W, '"
P2IIB-REP-0723,calculation/chapter_03/section_3_1/formulas.csv,CAL-FML-P00124-007,column_shift,"[""CAL-FML-P00124-007"", ""124"", ""119"", ""CAL-CH3"", ""CAL-SEC-3.1.2"", ""ノーズ壁高欄直壁"", "" W = (0.708 + 0.787) x 0.250 x 24.5 = 4.102 kN (格点荷重)"", ""W"", ""0.708"", ""0.787"", ""0.250"", ""24.5"", """", ""NUMERIC_SUBSTITUTION"", ""CAL-P00124"", ""HIGH"", ""UNVERIFIED""]","[""CAL-FML-P00124-007"", ""124"", ""119"", ""CAL-CH3"", ""CAL-SEC-3.1.2"", ""ノーズ壁高欄直壁"", "" W = (0.708 + 0.787) x 0.250 x 24.5 = 4.102 kN (格点荷重)"", ""W, 0.708, 0.787, 0.250, 24.5"", """", ""NUMERIC_SUBSTITUTION"", ""CAL-P00124"", ""HIGH"", ""UNVERIFIED""]",4,"formula row re-aligned: expression=' W = (0.708 + 0.787) x 0.250 x 24.5 = 4.102 kN (格点荷重)', variable_symbols='W, 0.708, 0.787, 0.250, 24.5'"
P2IIB-REP-0724,calculation/chapter_03/section_3_1/formulas.csv,CAL-FML-P00121-001,source_locator_derivation,CAL-P00121,calc_pdf_p121,0,derived 'calc_pdf_p{pdf_page_number}' from pdf_page_number=121 per locator contract
P2IIB-REP-0725,calculation/chapter_03/section_3_1/formulas.csv,CAL-FML-P00121-002,source_locator_derivation,CAL-P00121,calc_pdf_p121,0,derived 'calc_pdf_p{pdf_page_number}' from pdf_page_number=121 per locator contract
P2IIB-REP-0726,calculation/chapter_03/section_3_1/formulas.csv,CAL-FML-P00121-003,source_locator_derivation,CAL-P00121,calc_pdf_p121,0,derived 'calc_pdf_p{pdf_page_number}' from pdf_page_number=121 per locator contract
P2IIB-REP-0727,calculation/chapter_03/section_3_1/formulas.csv,CAL-FML-P00122-001,source_locator_derivation,CAL-P00122,calc_pdf_p122,0,derived 'calc_pdf_p{pdf_page_number}' from pdf_page_number=122 per locator contract
P2IIB-REP-0728,calculation/chapter_03/section_3_1/formulas.csv,CAL-FML-P00122-002,source_locator_derivation,CAL-P00122,calc_pdf_p122,0,derived 'calc_pdf_p{pdf_page_number}' from pdf_page_number=122 per locator contract
P2IIB-REP-0729,calculation/chapter_03/section_3_1/formulas.csv,CAL-FML-P00122-003,source_locator_derivation,CAL-P00122,calc_pdf_p122,0,derived 'calc_pdf_p{pdf_page_number}' from pdf_page_number=122 per locator contract
P2IIB-REP-0730,calculation/chapter_03/section_3_1/formulas.csv,CAL-FML-P00122-004,source_locator_derivation,CAL-P00122,calc_pdf_p122,0,derived 'calc_pdf_p{pdf_page_number}' from pdf_page_number=122 per locator contract
P2IIB-REP-0731,calculation/chapter_03/section_3_1/formulas.csv,CAL-FML-P00124-001,source_locator_derivation,CAL-P00124,calc_pdf_p124,0,derived 'calc_pdf_p{pdf_page_number}' from pdf_page_number=124 per locator contract
P2IIB-REP-0732,calculation/chapter_03/section_3_1/formulas.csv,CAL-FML-P00124-002,source_locator_derivation,CAL-P00124,calc_pdf_p124,0,derived 'calc_pdf_p{pdf_page_number}' from pdf_page_number=124 per locator contract
P2IIB-REP-0733,calculation/chapter_03/section_3_1/formulas.csv,CAL-FML-P00124-003,source_locator_derivation,CAL-P00124,calc_pdf_p124,0,derived 'calc_pdf_p{pdf_page_number}' from pdf_page_number=124 per locator contract
P2IIB-REP-0734,calculation/chapter_03/section_3_1/formulas.csv,CAL-FML-P00124-004,source_locator_derivation,CAL-P00124,calc_pdf_p124,0,derived 'calc_pdf_p{pdf_page_number}' from pdf_page_number=124 per locator contract
P2IIB-REP-0735,calculation/chapter_03/section_3_1/formulas.csv,CAL-FML-P00124-005,source_locator_derivation,CAL-P00124,calc_pdf_p124,0,derived 'calc_pdf_p{pdf_page_number}' from pdf_page_number=124 per locator contract
P2IIB-REP-0736,calculation/chapter_03/section_3_1/formulas.csv,CAL-FML-P00124-006,source_locator_derivation,CAL-P00124,calc_pdf_p124,0,derived 'calc_pdf_p{pdf_page_number}' from pdf_page_number=124 per locator contract
P2IIB-REP-0737,calculation/chapter_03/section_3_1/formulas.csv,CAL-FML-P00124-007,source_locator_derivation,CAL-P00124,calc_pdf_p124,0,derived 'calc_pdf_p{pdf_page_number}' from pdf_page_number=124 per locator contract
P2IIB-REP-0738,calculation/chapter_03/section_3_1/formulas.csv,CAL-FML-P00135-001,source_locator_derivation,CAL-P00135,calc_pdf_p135,0,derived 'calc_pdf_p{pdf_page_number}' from pdf_page_number=135 per locator contract
P2IIB-REP-0739,calculation/chapter_03/section_3_1/formulas.csv,CAL-FML-P00135-002,source_locator_derivation,CAL-P00135,calc_pdf_p135,0,derived 'calc_pdf_p{pdf_page_number}' from pdf_page_number=135 per locator contract
P2IIB-REP-0740,calculation/chapter_03/section_3_1/formulas.csv,CAL-FML-P00135-003,source_locator_derivation,CAL-P00135,calc_pdf_p135,0,derived 'calc_pdf_p{pdf_page_number}' from pdf_page_number=135 per locator contract
P2IIB-REP-0741,calculation/chapter_03/section_3_1/formulas.csv,CAL-FML-P00135-004,source_locator_derivation,CAL-P00135,calc_pdf_p135,0,derived 'calc_pdf_p{pdf_page_number}' from pdf_page_number=135 per locator contract
P2IIB-REP-0742,calculation/chapter_03/section_3_1/formulas.csv,CAL-FML-P00135-005,source_locator_derivation,CAL-P00135,calc_pdf_p135,0,derived 'calc_pdf_p{pdf_page_number}' from pdf_page_number=135 per locator contract
P2IIB-REP-0743,calculation/chapter_03/section_3_1/notes.csv,CAL-NOT-P00117-001,source_locator_derivation,CAL-P00117,calc_pdf_p117,0,derived 'calc_pdf_p{pdf_page_number}' from pdf_page_number=117 per locator contract
P2IIB-REP-0744,calculation/chapter_03/section_3_1/notes.csv,CAL-NOT-P00117-002,source_locator_derivation,CAL-P00117,calc_pdf_p117,0,derived 'calc_pdf_p{pdf_page_number}' from pdf_page_number=117 per locator contract
P2IIB-REP-0745,calculation/chapter_03/section_3_1/notes.csv,CAL-NOT-P00117-003,source_locator_derivation,CAL-P00117,calc_pdf_p117,0,derived 'calc_pdf_p{pdf_page_number}' from pdf_page_number=117 per locator contract
P2IIB-REP-0746,calculation/chapter_03/section_3_1/notes.csv,CAL-NOT-P00118-001,source_locator_derivation,CAL-P00118,calc_pdf_p118,0,derived 'calc_pdf_p{pdf_page_number}' from pdf_page_number=118 per locator contract
P2IIB-REP-0747,calculation/chapter_03/section_3_1/notes.csv,CAL-NOT-P00118-002,source_locator_derivation,CAL-P00118,calc_pdf_p118,0,derived 'calc_pdf_p{pdf_page_number}' from pdf_page_number=118 per locator contract
P2IIB-REP-0748,calculation/chapter_03/section_3_1/notes.csv,CAL-NOT-P00119-001,source_locator_derivation,CAL-P00119,calc_pdf_p119,0,derived 'calc_pdf_p{pdf_page_number}' from pdf_page_number=119 per locator contract
P2IIB-REP-0749,calculation/chapter_03/section_3_1/notes.csv,CAL-NOT-P00119-002,source_locator_derivation,CAL-P00119,calc_pdf_p119,0,derived 'calc_pdf_p{pdf_page_number}' from pdf_page_number=119 per locator contract
P2IIB-REP-0750,calculation/chapter_03/section_3_1/notes.csv,CAL-NOT-P00119-003,source_locator_derivation,CAL-P00119,calc_pdf_p119,0,derived 'calc_pdf_p{pdf_page_number}' from pdf_page_number=119 per locator contract
P2IIB-REP-0751,calculation/chapter_03/section_3_1/notes.csv,CAL-NOT-P00122-001,source_locator_derivation,CAL-P00122,calc_pdf_p122,0,derived 'calc_pdf_p{pdf_page_number}' from pdf_page_number=122 per locator contract
P2IIB-REP-0752,calculation/chapter_03/section_3_1/notes.csv,CAL-NOT-P00122-002,source_locator_derivation,CAL-P00122,calc_pdf_p122,0,derived 'calc_pdf_p{pdf_page_number}' from pdf_page_number=122 per locator contract
P2IIB-REP-0753,calculation/chapter_03/section_3_1/notes.csv,CAL-NOT-P00124-001,source_locator_derivation,CAL-P00124,calc_pdf_p124,0,derived 'calc_pdf_p{pdf_page_number}' from pdf_page_number=124 per locator contract
P2IIB-REP-0754,calculation/chapter_03/section_3_1/notes.csv,CAL-NOT-P00125-001,source_locator_derivation,CAL-P00125,calc_pdf_p125,0,derived 'calc_pdf_p{pdf_page_number}' from pdf_page_number=125 per locator contract
P2IIB-REP-0755,calculation/chapter_03/section_3_1/notes.csv,CAL-NOT-P00128-001,source_locator_derivation,CAL-P00128,calc_pdf_p128,0,derived 'calc_pdf_p{pdf_page_number}' from pdf_page_number=128 per locator contract
P2IIB-REP-0756,calculation/chapter_03/section_3_1/notes.csv,CAL-NOT-P00129-001,source_locator_derivation,CAL-P00129,calc_pdf_p129,0,derived 'calc_pdf_p{pdf_page_number}' from pdf_page_number=129 per locator contract
P2IIB-REP-0757,calculation/chapter_03/section_3_1/notes.csv,CAL-NOT-P00129-002,source_locator_derivation,CAL-P00129,calc_pdf_p129,0,derived 'calc_pdf_p{pdf_page_number}' from pdf_page_number=129 per locator contract
P2IIB-REP-0758,calculation/chapter_03/section_3_1/notes.csv,CAL-NOT-P00129-003,source_locator_derivation,CAL-P00129,calc_pdf_p129,0,derived 'calc_pdf_p{pdf_page_number}' from pdf_page_number=129 per locator contract
P2IIB-REP-0759,calculation/chapter_03/section_3_1/notes.csv,CAL-NOT-P00131-001,source_locator_derivation,CAL-P00131,calc_pdf_p131,0,derived 'calc_pdf_p{pdf_page_number}' from pdf_page_number=131 per locator contract
P2IIB-REP-0760,calculation/chapter_03/section_3_1/notes.csv,CAL-NOT-P00133-001,source_locator_derivation,CAL-P00133,calc_pdf_p133,0,derived 'calc_pdf_p{pdf_page_number}' from pdf_page_number=133 per locator contract
P2IIB-REP-0761,calculation/chapter_03/section_3_1/notes.csv,CAL-NOT-P00133-002,source_locator_derivation,CAL-P00133,calc_pdf_p133,0,derived 'calc_pdf_p{pdf_page_number}' from pdf_page_number=133 per locator contract
P2IIB-REP-0762,calculation/chapter_03/section_3_1/notes.csv,CAL-NOT-P00133-003,source_locator_derivation,CAL-P00133,calc_pdf_p133,0,derived 'calc_pdf_p{pdf_page_number}' from pdf_page_number=133 per locator contract
P2IIB-REP-0763,calculation/chapter_03/section_3_1/notes.csv,CAL-NOT-P00135-001,source_locator_derivation,CAL-P00135,calc_pdf_p135,0,derived 'calc_pdf_p{pdf_page_number}' from pdf_page_number=135 per locator contract
P2IIB-REP-0764,calculation/chapter_03/section_3_1/notes.csv,CAL-NOT-P00136-001,source_locator_derivation,CAL-P00136,calc_pdf_p136,0,derived 'calc_pdf_p{pdf_page_number}' from pdf_page_number=136 per locator contract
P2IIB-REP-0765,calculation/chapter_03/section_3_1/notes.csv,CAL-NOT-P00140-001,source_locator_derivation,CAL-P00140,calc_pdf_p140,0,derived 'calc_pdf_p{pdf_page_number}' from pdf_page_number=140 per locator contract
P2IIB-REP-0766,calculation/chapter_03/section_3_1/notes.csv,CAL-NOT-P00145-001,source_locator_derivation,CAL-P00145,calc_pdf_p145,0,derived 'calc_pdf_p{pdf_page_number}' from pdf_page_number=145 per locator contract
P2IIB-REP-0767,calculation/chapter_03/section_3_1/notes.csv,CAL-NOT-P00149-001,source_locator_derivation,CAL-P00149,calc_pdf_p149,0,derived 'calc_pdf_p{pdf_page_number}' from pdf_page_number=149 per locator contract
P2IIB-REP-0768,calculation/chapter_03/section_3_1/notes.csv,CAL-NOT-P00222-001,source_locator_derivation,CAL-P00222,calc_pdf_p222,0,derived 'calc_pdf_p{pdf_page_number}' from pdf_page_number=222 per locator contract
P2IIB-REP-0769,calculation/chapter_03/section_3_1/notes.csv,CAL-NOT-P00223-001,source_locator_derivation,CAL-P00223,calc_pdf_p223,0,derived 'calc_pdf_p{pdf_page_number}' from pdf_page_number=223 per locator contract
P2IIB-REP-0770,calculation/chapter_03/section_3_1/notes.csv,CAL-NOT-P00223-002,source_locator_derivation,CAL-P00223,calc_pdf_p223,0,derived 'calc_pdf_p{pdf_page_number}' from pdf_page_number=223 per locator contract
P2IIB-REP-0771,calculation/chapter_03/section_3_1/page_elements.csv,CAL-P00125-CAL-SEC-3.1.2-002,column_shift,"[""CAL-P00125-CAL-SEC-3.1.2-002"", ""125"", ""120"", ""CAL-CH3"", ""CAL-SEC-3.1.2"", ""table"", ""ノーズ部地覆等の格点荷重"", ""CAL-P00125"", ""TEXT_EXTRACTED"", ""MEDIUM"", ""Nose curb panel point loads summary (S1=30kN"", "" C1=48kN)""]","[""CAL-P00125-CAL-SEC-3.1.2-002"", ""125"", ""120"", ""CAL-CH3"", ""CAL-SEC-3.1.2"", ""table"", ""ノーズ部地覆等の格点荷重"", ""CAL-P00125"", ""TEXT_EXTRACTED"", ""MEDIUM"", ""Nose curb panel point loads summary (S1=30kN, C1=48kN)""]",1,"page_elements re-aligned: title_raw='ノーズ部地覆等の格点荷重', source_locator='CAL-P00125', extraction_status='TEXT_EXTRACTED', confidence='MEDIUM'"
P2IIB-REP-0772,calculation/chapter_03/section_3_1/page_elements.csv,CAL-P00128-CAL-SEC-3.1.2-002,column_shift,"[""CAL-P00128-CAL-SEC-3.1.2-002"", ""128"", ""123"", ""CAL-CH3"", ""CAL-SEC-3.1.2"", ""table"", ""ノーズ部打下ろし荷重の格点荷重"", ""CAL-P00128"", ""TEXT_EXTRACTED"", ""MEDIUM"", ""Nose drooping panel point loads (S1=31kN"", "" C1=23kN"", "" C2=8kN)""]","[""CAL-P00128-CAL-SEC-3.1.2-002"", ""128"", ""123"", ""CAL-CH3"", ""CAL-SEC-3.1.2"", ""table"", ""ノーズ部打下ろし荷重の格点荷重"", ""CAL-P00128"", ""TEXT_EXTRACTED"", ""MEDIUM"", ""Nose drooping panel point loads (S1=31kN, C1=23kN, C2=8kN)""]",2,"page_elements re-aligned: title_raw='ノーズ部打下ろし荷重の格点荷重', source_locator='CAL-P00128', extraction_status='TEXT_EXTRACTED', confidence='MEDIUM'"
P2IIB-REP-0773,calculation/chapter_03/section_3_1/page_elements.csv,CAL-P00131-CAL-SEC-3.1.2-001,column_shift,"[""CAL-P00131-CAL-SEC-3.1.2-001"", ""131"", ""126"", ""CAL-CH3"", ""CAL-SEC-3.1.2"", ""subsection_header"", ""<中間支点部 PR1"", ""PR2>"", ""CAL-P00131"", ""TEXT_EXTRACTED"", ""MEDIUM"", ""Intermediate support PR1/PR2 slab drooping""]","[""CAL-P00131-CAL-SEC-3.1.2-001"", ""131"", ""126"", ""CAL-CH3"", ""CAL-SEC-3.1.2"", ""subsection_header"", ""<中間支点部 PR1,PR2>"", ""CAL-P00131"", ""TEXT_EXTRACTED"", ""MEDIUM"", ""Intermediate support PR1/PR2 slab drooping""]",1,"page_elements re-aligned: title_raw='<中間支点部 PR1,PR2>', source_locator='CAL-P00131', extraction_status='TEXT_EXTRACTED', confidence='MEDIUM'"
P2IIB-REP-0774,calculation/chapter_03/section_3_1/page_elements.csv,CAL-P00145-CAL-SEC-3.1.6-002,column_shift,"[""CAL-P00145-CAL-SEC-3.1.6-002"", ""145"", ""140"", ""CAL-CH3"", ""CAL-SEC-3.1.6"", ""table"", ""解析モデル概要"", ""CAL-P00145"", ""TEXT_EXTRACTED"", ""MEDIUM"", ""Analysis model summary (54 nodes"", "" 52 beams"", "" 27 supports)""]","[""CAL-P00145-CAL-SEC-3.1.6-002"", ""145"", ""140"", ""CAL-CH3"", ""CAL-SEC-3.1.6"", ""table"", ""解析モデル概要"", ""CAL-P00145"", ""TEXT_EXTRACTED"", ""MEDIUM"", ""Analysis model summary (54 nodes, 52 beams, 27 supports)""]",2,"page_elements re-aligned: title_raw='解析モデル概要', source_locator='CAL-P00145', extraction_status='TEXT_EXTRACTED', confidence='MEDIUM'"
P2IIB-REP-0775,calculation/chapter_03/section_3_1/page_elements.csv,CAL-P00149-CAL-SEC-3.1.6-001,column_shift,"[""CAL-P00149-CAL-SEC-3.1.6-001"", ""149"", ""144"", ""CAL-CH3"", ""CAL-SEC-3.1.6"", ""table"", ""材料定数データ MATE1"", ""CAL-P00149"", ""TEXT_EXTRACTED"", ""MEDIUM"", ""Material properties: E=2.0e8 kN/m2"", "" G=7.7e7 kN/m2"", "" nu=1.2e-5""]","[""CAL-P00149-CAL-SEC-3.1.6-001"", ""149"", ""144"", ""CAL-CH3"", ""CAL-SEC-3.1.6"", ""table"", ""材料定数データ MATE1"", ""CAL-P00149"", ""TEXT_EXTRACTED"", ""MEDIUM"", ""Material properties: E=2.0e8 kN/m2, G=7.7e7 kN/m2, nu=1.2e-5""]",2,"page_elements re-aligned: title_raw='材料定数データ MATE1', source_locator='CAL-P00149', extraction_status='TEXT_EXTRACTED', confidence='MEDIUM'"
P2IIB-REP-0776,calculation/chapter_03/section_3_1/page_elements.csv,CAL-P00115-CAL-SEC-3.1-001,source_locator_derivation,CAL-P00115,calc_pdf_p115,0,derived 'calc_pdf_p{pdf_page_number}' from pdf_page_number=115 per locator contract
P2IIB-REP-0777,calculation/chapter_03/section_3_1/page_elements.csv,CAL-P00116-CAL-SEC-3.1-001,source_locator_derivation,CAL-P00116,calc_pdf_p116,0,derived 'calc_pdf_p{pdf_page_number}' from pdf_page_number=116 per locator contract
P2IIB-REP-0778,calculation/chapter_03/section_3_1/page_elements.csv,CAL-P00117-CAL-SEC-3.1.1-001,source_locator_derivation,CAL-P00117,calc_pdf_p117,0,derived 'calc_pdf_p{pdf_page_number}' from pdf_page_number=117 per locator contract
P2IIB-REP-0779,calculation/chapter_03/section_3_1/page_elements.csv,CAL-P00117-CAL-SEC-3.1.1-002,source_locator_derivation,CAL-P00117,calc_pdf_p117,0,derived 'calc_pdf_p{pdf_page_number}' from pdf_page_number=117 per locator contract
P2IIB-REP-0780,calculation/chapter_03/section_3_1/page_elements.csv,CAL-P00117-CAL-SEC-3.1.1-003,source_locator_derivation,CAL-P00117,calc_pdf_p117,0,derived 'calc_pdf_p{pdf_page_number}' from pdf_page_number=117 per locator contract
P2IIB-REP-0781,calculation/chapter_03/section_3_1/page_elements.csv,CAL-P00118-CAL-SEC-3.1.2-001,source_locator_derivation,CAL-P00118,calc_pdf_p118,0,derived 'calc_pdf_p{pdf_page_number}' from pdf_page_number=118 per locator contract
P2IIB-REP-0782,calculation/chapter_03/section_3_1/page_elements.csv,CAL-P00118-CAL-SEC-3.1.2-002,source_locator_derivation,CAL-P00118,calc_pdf_p118,0,derived 'calc_pdf_p{pdf_page_number}' from pdf_page_number=118 per locator contract
P2IIB-REP-0783,calculation/chapter_03/section_3_1/page_elements.csv,CAL-P00119-CAL-SEC-3.1.2-001,source_locator_derivation,CAL-P00119,calc_pdf_p119,0,derived 'calc_pdf_p{pdf_page_number}' from pdf_page_number=119 per locator contract
P2IIB-REP-0784,calculation/chapter_03/section_3_1/page_elements.csv,CAL-P00119-CAL-SEC-3.1.2-002,source_locator_derivation,CAL-P00119,calc_pdf_p119,0,derived 'calc_pdf_p{pdf_page_number}' from pdf_page_number=119 per locator contract
P2IIB-REP-0785,calculation/chapter_03/section_3_1/page_elements.csv,CAL-P00121-CAL-SEC-3.1.2-001,source_locator_derivation,CAL-P00121,calc_pdf_p121,0,derived 'calc_pdf_p{pdf_page_number}' from pdf_page_number=121 per locator contract
P2IIB-REP-0786,calculation/chapter_03/section_3_1/page_elements.csv,CAL-P00121-CAL-SEC-3.1.2-002,source_locator_derivation,CAL-P00121,calc_pdf_p121,0,derived 'calc_pdf_p{pdf_page_number}' from pdf_page_number=121 per locator contract
P2IIB-REP-0787,calculation/chapter_03/section_3_1/page_elements.csv,CAL-P00122-CAL-SEC-3.1.2-001,source_locator_derivation,CAL-P00122,calc_pdf_p122,0,derived 'calc_pdf_p{pdf_page_number}' from pdf_page_number=122 per locator contract
P2IIB-REP-0788,calculation/chapter_03/section_3_1/page_elements.csv,CAL-P00122-CAL-SEC-3.1.2-002,source_locator_derivation,CAL-P00122,calc_pdf_p122,0,derived 'calc_pdf_p{pdf_page_number}' from pdf_page_number=122 per locator contract
P2IIB-REP-0789,calculation/chapter_03/section_3_1/page_elements.csv,CAL-P00123-CAL-SEC-3.1.2-001,source_locator_derivation,CAL-P00123,calc_pdf_p123,0,derived 'calc_pdf_p{pdf_page_number}' from pdf_page_number=123 per locator contract
P2IIB-REP-0790,calculation/chapter_03/section_3_1/page_elements.csv,CAL-P00123-CAL-SEC-3.1.2-002,source_locator_derivation,CAL-P00123,calc_pdf_p123,0,derived 'calc_pdf_p{pdf_page_number}' from pdf_page_number=123 per locator contract
P2IIB-REP-0791,calculation/chapter_03/section_3_1/page_elements.csv,CAL-P00124-CAL-SEC-3.1.2-001,source_locator_derivation,CAL-P00124,calc_pdf_p124,0,derived 'calc_pdf_p{pdf_page_number}' from pdf_page_number=124 per locator contract
P2IIB-REP-0792,calculation/chapter_03/section_3_1/page_elements.csv,CAL-P00125-CAL-SEC-3.1.2-001,source_locator_derivation,CAL-P00125,calc_pdf_p125,0,derived 'calc_pdf_p{pdf_page_number}' from pdf_page_number=125 per locator contract
P2IIB-REP-0793,calculation/chapter_03/section_3_1/page_elements.csv,CAL-P00125-CAL-SEC-3.1.2-002,source_locator_derivation,CAL-P00125,calc_pdf_p125,0,derived 'calc_pdf_p{pdf_page_number}' from pdf_page_number=125 per locator contract
P2IIB-REP-0794,calculation/chapter_03/section_3_1/page_elements.csv,CAL-P00126-CAL-SEC-3.1.2-001,source_locator_derivation,CAL-P00126,calc_pdf_p126,0,derived 'calc_pdf_p{pdf_page_number}' from pdf_page_number=126 per locator contract
P2IIB-REP-0795,calculation/chapter_03/section_3_1/page_elements.csv,CAL-P00126-CAL-SEC-3.1.2-002,source_locator_derivation,CAL-P00126,calc_pdf_p126,0,derived 'calc_pdf_p{pdf_page_number}' from pdf_page_number=126 per locator contract
P2IIB-REP-0796,calculation/chapter_03/section_3_1/page_elements.csv,CAL-P00127-CAL-SEC-3.1.2-001,source_locator_derivation,CAL-P00127,calc_pdf_p127,0,derived 'calc_pdf_p{pdf_page_number}' from pdf_page_number=127 per locator contract
P2IIB-REP-0797,calculation/chapter_03/section_3_1/page_elements.csv,CAL-P00128-CAL-SEC-3.1.2-001,source_locator_derivation,CAL-P00128,calc_pdf_p128,0,derived 'calc_pdf_p{pdf_page_number}' from pdf_page_number=128 per locator contract
P2IIB-REP-0798,calculation/chapter_03/section_3_1/page_elements.csv,CAL-P00128-CAL-SEC-3.1.2-002,source_locator_derivation,CAL-P00128,calc_pdf_p128,0,derived 'calc_pdf_p{pdf_page_number}' from pdf_page_number=128 per locator contract
P2IIB-REP-0799,calculation/chapter_03/section_3_1/page_elements.csv,CAL-P00129-CAL-SEC-3.1.2-001,source_locator_derivation,CAL-P00129,calc_pdf_p129,0,derived 'calc_pdf_p{pdf_page_number}' from pdf_page_number=129 per locator contract
P2IIB-REP-0800,calculation/chapter_03/section_3_1/page_elements.csv,CAL-P00130-CAL-SEC-3.1.2-001,source_locator_derivation,CAL-P00130,calc_pdf_p130,0,derived 'calc_pdf_p{pdf_page_number}' from pdf_page_number=130 per locator contract
P2IIB-REP-0801,calculation/chapter_03/section_3_1/page_elements.csv,CAL-P00131-CAL-SEC-3.1.2-001,source_locator_derivation,CAL-P00131,calc_pdf_p131,0,derived 'calc_pdf_p{pdf_page_number}' from pdf_page_number=131 per locator contract
P2IIB-REP-0802,calculation/chapter_03/section_3_1/page_elements.csv,CAL-P00131-CAL-SEC-3.1.2-002,source_locator_derivation,CAL-P00131,calc_pdf_p131,0,derived 'calc_pdf_p{pdf_page_number}' from pdf_page_number=131 per locator contract
P2IIB-REP-0803,calculation/chapter_03/section_3_1/page_elements.csv,CAL-P00132-CAL-SEC-3.1.2-001,source_locator_derivation,CAL-P00132,calc_pdf_p132,0,derived 'calc_pdf_p{pdf_page_number}' from pdf_page_number=132 per locator contract
P2IIB-REP-0804,calculation/chapter_03/section_3_1/page_elements.csv,CAL-P00132-CAL-SEC-3.1.2-002,source_locator_derivation,CAL-P00132,calc_pdf_p132,0,derived 'calc_pdf_p{pdf_page_number}' from pdf_page_number=132 per locator contract
P2IIB-REP-0805,calculation/chapter_03/section_3_1/page_elements.csv,CAL-P00133-CAL-SEC-3.1.2-001,source_locator_derivation,CAL-P00133,calc_pdf_p133,0,derived 'calc_pdf_p{pdf_page_number}' from pdf_page_number=133 per locator contract
P2IIB-REP-0806,calculation/chapter_03/section_3_1/page_elements.csv,CAL-P00133-CAL-SEC-3.1.2-002,source_locator_derivation,CAL-P00133,calc_pdf_p133,0,derived 'calc_pdf_p{pdf_page_number}' from pdf_page_number=133 per locator contract
P2IIB-REP-0807,calculation/chapter_03/section_3_1/page_elements.csv,CAL-P00134-CAL-SEC-3.1.2-001,source_locator_derivation,CAL-P00134,calc_pdf_p134,0,derived 'calc_pdf_p{pdf_page_number}' from pdf_page_number=134 per locator contract
P2IIB-REP-0808,calculation/chapter_03/section_3_1/page_elements.csv,CAL-P00135-CAL-SEC-3.1.2-001,source_locator_derivation,CAL-P00135,calc_pdf_p135,0,derived 'calc_pdf_p{pdf_page_number}' from pdf_page_number=135 per locator contract
P2IIB-REP-0809,calculation/chapter_03/section_3_1/page_elements.csv,CAL-P00135-CAL-SEC-3.1.2-002,source_locator_derivation,CAL-P00135,calc_pdf_p135,0,derived 'calc_pdf_p{pdf_page_number}' from pdf_page_number=135 per locator contract
P2IIB-REP-0810,calculation/chapter_03/section_3_1/page_elements.csv,CAL-P00135-CAL-SEC-3.1.2-003,source_locator_derivation,CAL-P00135,calc_pdf_p135,0,derived 'calc_pdf_p{pdf_page_number}' from pdf_page_number=135 per locator contract
P2IIB-REP-0811,calculation/chapter_03/section_3_1/page_elements.csv,CAL-P00135-CAL-SEC-3.1.2-004,source_locator_derivation,CAL-P00135,calc_pdf_p135,0,derived 'calc_pdf_p{pdf_page_number}' from pdf_page_number=135 per locator contract
P2IIB-REP-0812,calculation/chapter_03/section_3_1/page_elements.csv,CAL-P00136-CAL-SEC-3.1.2-001,source_locator_derivation,CAL-P00136,calc_pdf_p136,0,derived 'calc_pdf_p{pdf_page_number}' from pdf_page_number=136 per locator contract
P2IIB-REP-0813,calculation/chapter_03/section_3_1/page_elements.csv,CAL-P00137-CAL-SEC-3.1.2-001,source_locator_derivation,CAL-P00137,calc_pdf_p137,0,derived 'calc_pdf_p{pdf_page_number}' from pdf_page_number=137 per locator contract
P2IIB-REP-0814,calculation/chapter_03/section_3_1/page_elements.csv,CAL-P00138-CAL-SEC-3.1.2-001,source_locator_derivation,CAL-P00138,calc_pdf_p138,0,derived 'calc_pdf_p{pdf_page_number}' from pdf_page_number=138 per locator contract
P2IIB-REP-0815,calculation/chapter_03/section_3_1/page_elements.csv,CAL-P00138-CAL-SEC-3.1.2-002,source_locator_derivation,CAL-P00138,calc_pdf_p138,0,derived 'calc_pdf_p{pdf_page_number}' from pdf_page_number=138 per locator contract
P2IIB-REP-0816,calculation/chapter_03/section_3_1/page_elements.csv,CAL-P00139-CAL-SEC-3.1.2-001,source_locator_derivation,CAL-P00139,calc_pdf_p139,0,derived 'calc_pdf_p{pdf_page_number}' from pdf_page_number=139 per locator contract
P2IIB-REP-0817,calculation/chapter_03/section_3_1/page_elements.csv,CAL-P00139-CAL-SEC-3.1.2-002,source_locator_derivation,CAL-P00139,calc_pdf_p139,0,derived 'calc_pdf_p{pdf_page_number}' from pdf_page_number=139 per locator contract
P2IIB-REP-0818,calculation/chapter_03/section_3_1/page_elements.csv,CAL-P00140-CAL-SEC-3.1.2-001,source_locator_derivation,CAL-P00140,calc_pdf_p140,0,derived 'calc_pdf_p{pdf_page_number}' from pdf_page_number=140 per locator contract
P2IIB-REP-0819,calculation/chapter_03/section_3_1/page_elements.csv,CAL-P00140-CAL-SEC-3.1.2-002,source_locator_derivation,CAL-P00140,calc_pdf_p140,0,derived 'calc_pdf_p{pdf_page_number}' from pdf_page_number=140 per locator contract
P2IIB-REP-0820,calculation/chapter_03/section_3_1/page_elements.csv,CAL-P00141-CAL-SEC-3.1.3-001,source_locator_derivation,CAL-P00141,calc_pdf_p141,0,derived 'calc_pdf_p{pdf_page_number}' from pdf_page_number=141 per locator contract
P2IIB-REP-0821,calculation/chapter_03/section_3_1/page_elements.csv,CAL-P00141-CAL-SEC-3.1.3-002,source_locator_derivation,CAL-P00141,calc_pdf_p141,0,derived 'calc_pdf_p{pdf_page_number}' from pdf_page_number=141 per locator contract
P2IIB-REP-0822,calculation/chapter_03/section_3_1/page_elements.csv,CAL-P00141-CAL-SEC-3.1.3-003,source_locator_derivation,CAL-P00141,calc_pdf_p141,0,derived 'calc_pdf_p{pdf_page_number}' from pdf_page_number=141 per locator contract
P2IIB-REP-0823,calculation/chapter_03/section_3_1/page_elements.csv,CAL-P00142-CAL-SEC-3.1.4-001,source_locator_derivation,CAL-P00142,calc_pdf_p142,0,derived 'calc_pdf_p{pdf_page_number}' from pdf_page_number=142 per locator contract
P2IIB-REP-0824,calculation/chapter_03/section_3_1/page_elements.csv,CAL-P00142-CAL-SEC-3.1.4-002,source_locator_derivation,CAL-P00142,calc_pdf_p142,0,derived 'calc_pdf_p{pdf_page_number}' from pdf_page_number=142 per locator contract
P2IIB-REP-0825,calculation/chapter_03/section_3_1/page_elements.csv,CAL-P00143-CAL-SEC-3.1.5-001,source_locator_derivation,CAL-P00143,calc_pdf_p143,0,derived 'calc_pdf_p{pdf_page_number}' from pdf_page_number=143 per locator contract
P2IIB-REP-0826,calculation/chapter_03/section_3_1/page_elements.csv,CAL-P00143-CAL-SEC-3.1.5-002,source_locator_derivation,CAL-P00143,calc_pdf_p143,0,derived 'calc_pdf_p{pdf_page_number}' from pdf_page_number=143 per locator contract
P2IIB-REP-0827,calculation/chapter_03/section_3_1/page_elements.csv,CAL-P00144-CAL-SEC-3.1.5-001,source_locator_derivation,CAL-P00144,calc_pdf_p144,0,derived 'calc_pdf_p{pdf_page_number}' from pdf_page_number=144 per locator contract
P2IIB-REP-0828,calculation/chapter_03/section_3_1/page_elements.csv,CAL-P00145-CAL-SEC-3.1.6-001,source_locator_derivation,CAL-P00145,calc_pdf_p145,0,derived 'calc_pdf_p{pdf_page_number}' from pdf_page_number=145 per locator contract
P2IIB-REP-0829,calculation/chapter_03/section_3_1/page_elements.csv,CAL-P00145-CAL-SEC-3.1.6-002,source_locator_derivation,CAL-P00145,calc_pdf_p145,0,derived 'calc_pdf_p{pdf_page_number}' from pdf_page_number=145 per locator contract
P2IIB-REP-0830,calculation/chapter_03/section_3_1/page_elements.csv,CAL-P00146-CAL-SEC-3.1.6-001,source_locator_derivation,CAL-P00146,calc_pdf_p146,0,derived 'calc_pdf_p{pdf_page_number}' from pdf_page_number=146 per locator contract
P2IIB-REP-0831,calculation/chapter_03/section_3_1/page_elements.csv,CAL-P00147-CAL-SEC-3.1.6-001,source_locator_derivation,CAL-P00147,calc_pdf_p147,0,derived 'calc_pdf_p{pdf_page_number}' from pdf_page_number=147 per locator contract
P2IIB-REP-0832,calculation/chapter_03/section_3_1/page_elements.csv,CAL-P00148-CAL-SEC-3.1.6-001,source_locator_derivation,CAL-P00148,calc_pdf_p148,0,derived 'calc_pdf_p{pdf_page_number}' from pdf_page_number=148 per locator contract
P2IIB-REP-0833,calculation/chapter_03/section_3_1/page_elements.csv,CAL-P00149-CAL-SEC-3.1.6-001,source_locator_derivation,CAL-P00149,calc_pdf_p149,0,derived 'calc_pdf_p{pdf_page_number}' from pdf_page_number=149 per locator contract
P2IIB-REP-0834,calculation/chapter_03/section_3_1/page_elements.csv,CAL-P00150-CAL-SEC-3.1.6-001,source_locator_derivation,CAL-P00150,calc_pdf_p150,0,derived 'calc_pdf_p{pdf_page_number}' from pdf_page_number=150 per locator contract
P2IIB-REP-0835,calculation/chapter_03/section_3_1/page_elements.csv,CAL-P00151-CAL-SEC-3.1.6-001,source_locator_derivation,CAL-P00151,calc_pdf_p151,0,derived 'calc_pdf_p{pdf_page_number}' from pdf_page_number=151 per locator contract
P2IIB-REP-0836,calculation/chapter_03/section_3_1/page_elements.csv,CAL-P00178-CAL-SEC-3.1.6-001,source_locator_derivation,CAL-P00178,calc_pdf_p178,0,derived 'calc_pdf_p{pdf_page_number}' from pdf_page_number=178 per locator contract
P2IIB-REP-0837,calculation/chapter_03/section_3_1/page_elements.csv,CAL-P00179-CAL-SEC-3.1.6-001,source_locator_derivation,CAL-P00179,calc_pdf_p179,0,derived 'calc_pdf_p{pdf_page_number}' from pdf_page_number=179 per locator contract
P2IIB-REP-0838,calculation/chapter_03/section_3_1/page_elements.csv,CAL-P00180-CAL-SEC-3.1.7-001,source_locator_derivation,CAL-P00180,calc_pdf_p180,0,derived 'calc_pdf_p{pdf_page_number}' from pdf_page_number=180 per locator contract
P2IIB-REP-0839,calculation/chapter_03/section_3_1/page_elements.csv,CAL-P00180-CAL-SEC-3.1.7-002,source_locator_derivation,CAL-P00180,calc_pdf_p180,0,derived 'calc_pdf_p{pdf_page_number}' from pdf_page_number=180 per locator contract
P2IIB-REP-0840,calculation/chapter_03/section_3_1/page_elements.csv,CAL-P00182-CAL-SEC-3.1.7-001,source_locator_derivation,CAL-P00182,calc_pdf_p182,0,derived 'calc_pdf_p{pdf_page_number}' from pdf_page_number=182 per locator contract
P2IIB-REP-0841,calculation/chapter_03/section_3_1/page_elements.csv,CAL-P00221-CAL-SEC-3.1.7-001,source_locator_derivation,CAL-P00221,calc_pdf_p221,0,derived 'calc_pdf_p{pdf_page_number}' from pdf_page_number=221 per locator contract
P2IIB-REP-0842,calculation/chapter_03/section_3_1/page_elements.csv,CAL-P00222-CAL-SEC-3.1.8-001,source_locator_derivation,CAL-P00222,calc_pdf_p222,0,derived 'calc_pdf_p{pdf_page_number}' from pdf_page_number=222 per locator contract
P2IIB-REP-0843,calculation/chapter_03/section_3_1/page_elements.csv,CAL-P00222-CAL-SEC-3.1.8-002,source_locator_derivation,CAL-P00222,calc_pdf_p222,0,derived 'calc_pdf_p{pdf_page_number}' from pdf_page_number=222 per locator contract
P2IIB-REP-0844,calculation/chapter_03/section_3_1/page_elements.csv,CAL-P00223-CAL-SEC-3.1.8-001,source_locator_derivation,CAL-P00223,calc_pdf_p223,0,derived 'calc_pdf_p{pdf_page_number}' from pdf_page_number=223 per locator contract
P2IIB-REP-0845,calculation/chapter_03/section_3_1/page_elements.csv,CAL-P00276-CAL-SEC-3.1.8-001,source_locator_derivation,CAL-P00276,calc_pdf_p276,0,derived 'calc_pdf_p{pdf_page_number}' from pdf_page_number=276 per locator contract
P2IIB-REP-0846,calculation/chapter_03/section_3_1/page_elements.csv,CAL-P00277-CAL-SEC-3.1.9-001,source_locator_derivation,CAL-P00277,calc_pdf_p277,0,derived 'calc_pdf_p{pdf_page_number}' from pdf_page_number=277 per locator contract
P2IIB-REP-0847,calculation/chapter_03/section_3_1/page_elements.csv,CAL-P00290-CAL-SEC-3.1.9-001,source_locator_derivation,CAL-P00290,calc_pdf_p290,0,derived 'calc_pdf_p{pdf_page_number}' from pdf_page_number=290 per locator contract
P2IIB-REP-0848,calculation/chapter_03/section_3_1/tables.csv,CAL-TBL-P00135-002,column_shift,"[""CAL-TBL-P00135-002"", ""135"", ""130"", ""CAL-CH3"", ""CAL-SEC-3.1.2"", ""衝撃係数一覧"", ""適用箇所/平均支間長/衝撃係数"", ""第1支間"", ""衝撃係数i"", ""0.222"", """", ""0.222"", """", ""DERIVED_VALUE"", ""CAL-P00135-TBL"", ""HIGH"", ""UNVERIFIED""]","[""CAL-TBL-P00135-002"", ""135"", ""130"", ""CAL-CH3"", ""CAL-SEC-3.1.2"", ""衝撃係数一覧"", ""適用箇所/平均支間長/衝撃係数"", ""第1支間"", ""衝撃係数i"", ""0.222"", """", """", ""0.222"", """", ""DERIVED_VALUE"", ""CAL-P00135-TBL"", ""HIGH"", ""UNVERIFIED""]",-1,LEFT-shift: inserted 1 empty cell(s) at column index 10 (raw_value) to restore header alignment
P2IIB-REP-0849,calculation/chapter_03/section_3_1/tables.csv,CAL-TBL-P00135-004,column_shift,"[""CAL-TBL-P00135-004"", ""135"", ""130"", ""CAL-CH3"", ""CAL-SEC-3.1.2"", ""衝撃係数一覧"", ""適用箇所/平均支間長/衝撃係数"", ""第2支承線上"", ""衝撃係数i"", ""0.209"", """", ""0.209"", """", ""DERIVED_VALUE"", ""CAL-P00135-TBL"", ""HIGH"", ""UNVERIFIED""]","[""CAL-TBL-P00135-004"", ""135"", ""130"", ""CAL-CH3"", ""CAL-SEC-3.1.2"", ""衝撃係数一覧"", ""適用箇所/平均支間長/衝撃係数"", ""第2支承線上"", ""衝撃係数i"", ""0.209"", """", """", ""0.209"", """", ""DERIVED_VALUE"", ""CAL-P00135-TBL"", ""HIGH"", ""UNVERIFIED""]",-1,LEFT-shift: inserted 1 empty cell(s) at column index 10 (raw_value) to restore header alignment
P2IIB-REP-0850,calculation/chapter_03/section_3_1/tables.csv,CAL-TBL-P00135-006,column_shift,"[""CAL-TBL-P00135-006"", ""135"", ""130"", ""CAL-CH3"", ""CAL-SEC-3.1.2"", ""衝撃係数一覧"", ""適用箇所/平均支間長/衝撃係数"", ""第2支間"", ""衝撃係数i"", ""0.198"", """", ""0.198"", """", ""DERIVED_VALUE"", ""CAL-P00135-TBL"", ""HIGH"", ""UNVERIFIED""]","[""CAL-TBL-P00135-006"", ""135"", ""130"", ""CAL-CH3"", ""CAL-SEC-3.1.2"", ""衝撃係数一覧"", ""適用箇所/平均支間長/衝撃係数"", ""第2支間"", ""衝撃係数i"", ""0.198"", """", """", ""0.198"", """", ""DERIVED_VALUE"", ""CAL-P00135-TBL"", ""HIGH"", ""UNVERIFIED""]",-1,LEFT-shift: inserted 1 empty cell(s) at column index 10 (raw_value) to restore header alignment
P2IIB-REP-0851,calculation/chapter_03/section_3_1/tables.csv,CAL-TBL-P00135-008,column_shift,"[""CAL-TBL-P00135-008"", ""135"", ""130"", ""CAL-CH3"", ""CAL-SEC-3.1.2"", ""衝撃係数一覧"", ""適用箇所/平均支間長/衝撃係数"", ""第3支承線上"", ""衝撃係数i"", ""0.209"", """", ""0.209"", """", ""DERIVED_VALUE"", ""CAL-P00135-TBL"", ""HIGH"", ""UNVERIFIED""]","[""CAL-TBL-P00135-008"", ""135"", ""130"", ""CAL-CH3"", ""CAL-SEC-3.1.2"", ""衝撃係数一覧"", ""適用箇所/平均支間長/衝撃係数"", ""第3支承線上"", ""衝撃係数i"", ""0.209"", """", """", ""0.209"", """", ""DERIVED_VALUE"", ""CAL-P00135-TBL"", ""HIGH"", ""UNVERIFIED""]",-1,LEFT-shift: inserted 1 empty cell(s) at column index 10 (raw_value) to restore header alignment
P2IIB-REP-0852,calculation/chapter_03/section_3_1/tables.csv,CAL-TBL-P00135-010,column_shift,"[""CAL-TBL-P00135-010"", ""135"", ""130"", ""CAL-CH3"", ""CAL-SEC-3.1.2"", ""衝撃係数一覧"", ""適用箇所/平均支間長/衝撃係数"", ""第3支間"", ""衝撃係数i"", ""0.222"", """", ""0.222"", """", ""DERIVED_VALUE"", ""CAL-P00135-TBL"", ""HIGH"", ""UNVERIFIED""]","[""CAL-TBL-P00135-010"", ""135"", ""130"", ""CAL-CH3"", ""CAL-SEC-3.1.2"", ""衝撃係数一覧"", ""適用箇所/平均支間長/衝撃係数"", ""第3支間"", ""衝撃係数i"", ""0.222"", """", """", ""0.222"", """", ""DERIVED_VALUE"", ""CAL-P00135-TBL"", ""HIGH"", ""UNVERIFIED""]",-1,LEFT-shift: inserted 1 empty cell(s) at column index 10 (raw_value) to restore header alignment
P2IIB-REP-0853,calculation/chapter_03/section_3_1/tables.csv,CAL-TBL-P00149-003,column_shift,"[""CAL-TBL-P00149-003"", ""149"", ""144"", ""CAL-CH3"", ""CAL-SEC-3.1.6"", ""材料定数データ"", ""材料番号/ヤング率/せん断弾性係数/ポアソン比/線膨張係数"", ""材料1"", ""ポアソン比"", ""1.200000e-005"", """", ""0.000012"", """", ""MATERIAL_PROPERTY"", ""CAL-P00149-TBL"", ""HIGH"", ""UNVERIFIED""]","[""CAL-TBL-P00149-003"", ""149"", ""144"", ""CAL-CH3"", ""CAL-SEC-3.1.6"", ""材料定数データ"", ""材料番号/ヤング率/せん断弾性係数/ポアソン比/線膨張係数"", ""材料1"", ""ポアソン比"", ""1.200000e-005"", """", """", ""0.000012"", """", ""MATERIAL_PROPERTY"", ""CAL-P00149-TBL"", ""HIGH"", ""UNVERIFIED""]",-1,LEFT-shift: inserted 1 empty cell(s) at column index 10 (raw_value) to restore header alignment
P2IIB-REP-0854,calculation/chapter_03/section_3_1/tables.csv,CAL-TBL-P00149-004,column_shift,"[""CAL-TBL-P00149-004"", ""149"", ""144"", ""CAL-CH3"", ""CAL-SEC-3.1.6"", ""材料定数データ"", ""材料番号/ヤング率/せん断弾性係数/ポアソン比/線膨張係数"", ""材料1"", ""線膨張係数"", ""0.000000"", """", ""0"", """", ""MATERIAL_PROPERTY"", ""CAL-P00149-TBL"", ""MEDIUM"", ""UNVERIFIED""]","[""CAL-TBL-P00149-004"", ""149"", ""144"", ""CAL-CH3"", ""CAL-SEC-3.1.6"", ""材料定数データ"", ""材料番号/ヤング率/せん断弾性係数/ポアソン比/線膨張係数"", ""材料1"", ""線膨張係数"", ""0.000000"", """", """", ""0"", """", ""MATERIAL_PROPERTY"", ""CAL-P00149-TBL"", ""MEDIUM"", ""UNVERIFIED""]",-1,LEFT-shift: inserted 1 empty cell(s) at column index 10 (raw_value) to restore header alignment
P2IIB-REP-0855,calculation/chapter_03/section_3_1/tables.csv,CAL-TBL-P00119-001,source_locator_derivation,CAL-P00119-TBL,calc_pdf_p119,0,derived 'calc_pdf_p{pdf_page_number}' from pdf_page_number=119 per locator contract
P2IIB-REP-0856,calculation/chapter_03/section_3_1/tables.csv,CAL-TBL-P00119-002,source_locator_derivation,CAL-P00119-TBL,calc_pdf_p119,0,derived 'calc_pdf_p{pdf_page_number}' from pdf_page_number=119 per locator contract
P2IIB-REP-0857,calculation/chapter_03/section_3_1/tables.csv,CAL-TBL-P00119-003,source_locator_derivation,CAL-P00119-TBL,calc_pdf_p119,0,derived 'calc_pdf_p{pdf_page_number}' from pdf_page_number=119 per locator contract
P2IIB-REP-0858,calculation/chapter_03/section_3_1/tables.csv,CAL-TBL-P00119-004,source_locator_derivation,CAL-P00119-TBL,calc_pdf_p119,0,derived 'calc_pdf_p{pdf_page_number}' from pdf_page_number=119 per locator contract
P2IIB-REP-0859,calculation/chapter_03/section_3_1/tables.csv,CAL-TBL-P00119-005,source_locator_derivation,CAL-P00119-TBL,calc_pdf_p119,0,derived 'calc_pdf_p{pdf_page_number}' from pdf_page_number=119 per locator contract
P2IIB-REP-0860,calculation/chapter_03/section_3_1/tables.csv,CAL-TBL-P00119-006,source_locator_derivation,CAL-P00119-TBL,calc_pdf_p119,0,derived 'calc_pdf_p{pdf_page_number}' from pdf_page_number=119 per locator contract
P2IIB-REP-0861,calculation/chapter_03/section_3_1/tables.csv,CAL-TBL-P00119-007,source_locator_derivation,CAL-P00119-TBL,calc_pdf_p119,0,derived 'calc_pdf_p{pdf_page_number}' from pdf_page_number=119 per locator contract
P2IIB-REP-0862,calculation/chapter_03/section_3_1/tables.csv,CAL-TBL-P00119-008,source_locator_derivation,CAL-P00119-TBL,calc_pdf_p119,0,derived 'calc_pdf_p{pdf_page_number}' from pdf_page_number=119 per locator contract
P2IIB-REP-0863,calculation/chapter_03/section_3_1/tables.csv,CAL-TBL-P00119-009,source_locator_derivation,CAL-P00119-TBL,calc_pdf_p119,0,derived 'calc_pdf_p{pdf_page_number}' from pdf_page_number=119 per locator contract
P2IIB-REP-0864,calculation/chapter_03/section_3_1/tables.csv,CAL-TBL-P00119-010,source_locator_derivation,CAL-P00119-TBL,calc_pdf_p119,0,derived 'calc_pdf_p{pdf_page_number}' from pdf_page_number=119 per locator contract
P2IIB-REP-0865,calculation/chapter_03/section_3_1/tables.csv,CAL-TBL-P00119-011,source_locator_derivation,CAL-P00119-TBL,calc_pdf_p119,0,derived 'calc_pdf_p{pdf_page_number}' from pdf_page_number=119 per locator contract
P2IIB-REP-0866,calculation/chapter_03/section_3_1/tables.csv,CAL-TBL-P00119-012,source_locator_derivation,CAL-P00119-TBL,calc_pdf_p119,0,derived 'calc_pdf_p{pdf_page_number}' from pdf_page_number=119 per locator contract
P2IIB-REP-0867,calculation/chapter_03/section_3_1/tables.csv,CAL-TBL-P00119-013,source_locator_derivation,CAL-P00119-TBL,calc_pdf_p119,0,derived 'calc_pdf_p{pdf_page_number}' from pdf_page_number=119 per locator contract
P2IIB-REP-0868,calculation/chapter_03/section_3_1/tables.csv,CAL-TBL-P00125-001,source_locator_derivation,CAL-P00125-TBL,calc_pdf_p125,0,derived 'calc_pdf_p{pdf_page_number}' from pdf_page_number=125 per locator contract
P2IIB-REP-0869,calculation/chapter_03/section_3_1/tables.csv,CAL-TBL-P00125-002,source_locator_derivation,CAL-P00125-TBL,calc_pdf_p125,0,derived 'calc_pdf_p{pdf_page_number}' from pdf_page_number=125 per locator contract
P2IIB-REP-0870,calculation/chapter_03/section_3_1/tables.csv,CAL-TBL-P00125-003,source_locator_derivation,CAL-P00125-TBL,calc_pdf_p125,0,derived 'calc_pdf_p{pdf_page_number}' from pdf_page_number=125 per locator contract
P2IIB-REP-0871,calculation/chapter_03/section_3_1/tables.csv,CAL-TBL-P00125-004,source_locator_derivation,CAL-P00125-TBL,calc_pdf_p125,0,derived 'calc_pdf_p{pdf_page_number}' from pdf_page_number=125 per locator contract
P2IIB-REP-0872,calculation/chapter_03/section_3_1/tables.csv,CAL-TBL-P00128-001,source_locator_derivation,CAL-P00128-TBL,calc_pdf_p128,0,derived 'calc_pdf_p{pdf_page_number}' from pdf_page_number=128 per locator contract
P2IIB-REP-0873,calculation/chapter_03/section_3_1/tables.csv,CAL-TBL-P00128-002,source_locator_derivation,CAL-P00128-TBL,calc_pdf_p128,0,derived 'calc_pdf_p{pdf_page_number}' from pdf_page_number=128 per locator contract
P2IIB-REP-0874,calculation/chapter_03/section_3_1/tables.csv,CAL-TBL-P00128-003,source_locator_derivation,CAL-P00128-TBL,calc_pdf_p128,0,derived 'calc_pdf_p{pdf_page_number}' from pdf_page_number=128 per locator contract
P2IIB-REP-0875,calculation/chapter_03/section_3_1/tables.csv,CAL-TBL-P00131-001,source_locator_derivation,CAL-P00131-TBL,calc_pdf_p131,0,derived 'calc_pdf_p{pdf_page_number}' from pdf_page_number=131 per locator contract
P2IIB-REP-0876,calculation/chapter_03/section_3_1/tables.csv,CAL-TBL-P00131-002,source_locator_derivation,CAL-P00131-TBL,calc_pdf_p131,0,derived 'calc_pdf_p{pdf_page_number}' from pdf_page_number=131 per locator contract
P2IIB-REP-0877,calculation/chapter_03/section_3_1/tables.csv,CAL-TBL-P00131-003,source_locator_derivation,CAL-P00131-TBL,calc_pdf_p131,0,derived 'calc_pdf_p{pdf_page_number}' from pdf_page_number=131 per locator contract
P2IIB-REP-0878,calculation/chapter_03/section_3_1/tables.csv,CAL-TBL-P00131-004,source_locator_derivation,CAL-P00131-TBL,calc_pdf_p131,0,derived 'calc_pdf_p{pdf_page_number}' from pdf_page_number=131 per locator contract
P2IIB-REP-0879,calculation/chapter_03/section_3_1/tables.csv,CAL-TBL-P00131-005,source_locator_derivation,CAL-P00131-TBL,calc_pdf_p131,0,derived 'calc_pdf_p{pdf_page_number}' from pdf_page_number=131 per locator contract
P2IIB-REP-0880,calculation/chapter_03/section_3_1/tables.csv,CAL-TBL-P00131-006,source_locator_derivation,CAL-P00131-TBL,calc_pdf_p131,0,derived 'calc_pdf_p{pdf_page_number}' from pdf_page_number=131 per locator contract
P2IIB-REP-0881,calculation/chapter_03/section_3_1/tables.csv,CAL-TBL-P00131-007,source_locator_derivation,CAL-P00131-TBL,calc_pdf_p131,0,derived 'calc_pdf_p{pdf_page_number}' from pdf_page_number=131 per locator contract
P2IIB-REP-0882,calculation/chapter_03/section_3_1/tables.csv,CAL-TBL-P00131-008,source_locator_derivation,CAL-P00131-TBL,calc_pdf_p131,0,derived 'calc_pdf_p{pdf_page_number}' from pdf_page_number=131 per locator contract
P2IIB-REP-0883,calculation/chapter_03/section_3_1/tables.csv,CAL-TBL-P00132-001,source_locator_derivation,CAL-P00132-TBL,calc_pdf_p132,0,derived 'calc_pdf_p{pdf_page_number}' from pdf_page_number=132 per locator contract
P2IIB-REP-0884,calculation/chapter_03/section_3_1/tables.csv,CAL-TBL-P00132-002,source_locator_derivation,CAL-P00132-TBL,calc_pdf_p132,0,derived 'calc_pdf_p{pdf_page_number}' from pdf_page_number=132 per locator contract
P2IIB-REP-0885,calculation/chapter_03/section_3_1/tables.csv,CAL-TBL-P00132-003,source_locator_derivation,CAL-P00132-TBL,calc_pdf_p132,0,derived 'calc_pdf_p{pdf_page_number}' from pdf_page_number=132 per locator contract
P2IIB-REP-0886,calculation/chapter_03/section_3_1/tables.csv,CAL-TBL-P00132-004,source_locator_derivation,CAL-P00132-TBL,calc_pdf_p132,0,derived 'calc_pdf_p{pdf_page_number}' from pdf_page_number=132 per locator contract
P2IIB-REP-0887,calculation/chapter_03/section_3_1/tables.csv,CAL-TBL-P00133-001,source_locator_derivation,CAL-P00133-TBL,calc_pdf_p133,0,derived 'calc_pdf_p{pdf_page_number}' from pdf_page_number=133 per locator contract
P2IIB-REP-0888,calculation/chapter_03/section_3_1/tables.csv,CAL-TBL-P00133-002,source_locator_derivation,CAL-P00133-TBL,calc_pdf_p133,0,derived 'calc_pdf_p{pdf_page_number}' from pdf_page_number=133 per locator contract
P2IIB-REP-0889,calculation/chapter_03/section_3_1/tables.csv,CAL-TBL-P00133-003,source_locator_derivation,CAL-P00133-TBL,calc_pdf_p133,0,derived 'calc_pdf_p{pdf_page_number}' from pdf_page_number=133 per locator contract
P2IIB-REP-0890,calculation/chapter_03/section_3_1/tables.csv,CAL-TBL-P00133-004,source_locator_derivation,CAL-P00133-TBL,calc_pdf_p133,0,derived 'calc_pdf_p{pdf_page_number}' from pdf_page_number=133 per locator contract
P2IIB-REP-0891,calculation/chapter_03/section_3_1/tables.csv,CAL-TBL-P00133-005,source_locator_derivation,CAL-P00133-TBL,calc_pdf_p133,0,derived 'calc_pdf_p{pdf_page_number}' from pdf_page_number=133 per locator contract
P2IIB-REP-0892,calculation/chapter_03/section_3_1/tables.csv,CAL-TBL-P00133-006,source_locator_derivation,CAL-P00133-TBL,calc_pdf_p133,0,derived 'calc_pdf_p{pdf_page_number}' from pdf_page_number=133 per locator contract
P2IIB-REP-0893,calculation/chapter_03/section_3_1/tables.csv,CAL-TBL-P00133-007,source_locator_derivation,CAL-P00133-TBL,calc_pdf_p133,0,derived 'calc_pdf_p{pdf_page_number}' from pdf_page_number=133 per locator contract
P2IIB-REP-0894,calculation/chapter_03/section_3_1/tables.csv,CAL-TBL-P00133-008,source_locator_derivation,CAL-P00133-TBL,calc_pdf_p133,0,derived 'calc_pdf_p{pdf_page_number}' from pdf_page_number=133 per locator contract
P2IIB-REP-0895,calculation/chapter_03/section_3_1/tables.csv,CAL-TBL-P00133-009,source_locator_derivation,CAL-P00133-TBL,calc_pdf_p133,0,derived 'calc_pdf_p{pdf_page_number}' from pdf_page_number=133 per locator contract
P2IIB-REP-0896,calculation/chapter_03/section_3_1/tables.csv,CAL-TBL-P00133-010,source_locator_derivation,CAL-P00133-TBL,calc_pdf_p133,0,derived 'calc_pdf_p{pdf_page_number}' from pdf_page_number=133 per locator contract
P2IIB-REP-0897,calculation/chapter_03/section_3_1/tables.csv,CAL-TBL-P00133-011,source_locator_derivation,CAL-P00133-TBL,calc_pdf_p133,0,derived 'calc_pdf_p{pdf_page_number}' from pdf_page_number=133 per locator contract
P2IIB-REP-0898,calculation/chapter_03/section_3_1/tables.csv,CAL-TBL-P00133-012,source_locator_derivation,CAL-P00133-TBL,calc_pdf_p133,0,derived 'calc_pdf_p{pdf_page_number}' from pdf_page_number=133 per locator contract
P2IIB-REP-0899,calculation/chapter_03/section_3_1/tables.csv,CAL-TBL-P00134-001,source_locator_derivation,CAL-P00133-TBL,calc_pdf_p134,0,derived 'calc_pdf_p{pdf_page_number}' from pdf_page_number=134 per locator contract
P2IIB-REP-0900,calculation/chapter_03/section_3_1/tables.csv,CAL-TBL-P00134-002,source_locator_derivation,CAL-P00133-TBL,calc_pdf_p134,0,derived 'calc_pdf_p{pdf_page_number}' from pdf_page_number=134 per locator contract
P2IIB-REP-0901,calculation/chapter_03/section_3_1/tables.csv,CAL-TBL-P00134-003,source_locator_derivation,CAL-P00133-TBL,calc_pdf_p134,0,derived 'calc_pdf_p{pdf_page_number}' from pdf_page_number=134 per locator contract
P2IIB-REP-0902,calculation/chapter_03/section_3_1/tables.csv,CAL-TBL-P00134-004,source_locator_derivation,CAL-P00133-TBL,calc_pdf_p134,0,derived 'calc_pdf_p{pdf_page_number}' from pdf_page_number=134 per locator contract
P2IIB-REP-0903,calculation/chapter_03/section_3_1/tables.csv,CAL-TBL-P00134-005,source_locator_derivation,CAL-P00133-TBL,calc_pdf_p134,0,derived 'calc_pdf_p{pdf_page_number}' from pdf_page_number=134 per locator contract
P2IIB-REP-0904,calculation/chapter_03/section_3_1/tables.csv,CAL-TBL-P00134-006,source_locator_derivation,CAL-P00133-TBL,calc_pdf_p134,0,derived 'calc_pdf_p{pdf_page_number}' from pdf_page_number=134 per locator contract
P2IIB-REP-0905,calculation/chapter_03/section_3_1/tables.csv,CAL-TBL-P00135-001,source_locator_derivation,CAL-P00135-TBL,calc_pdf_p135,0,derived 'calc_pdf_p{pdf_page_number}' from pdf_page_number=135 per locator contract
P2IIB-REP-0906,calculation/chapter_03/section_3_1/tables.csv,CAL-TBL-P00135-002,source_locator_derivation,CAL-P00135-TBL,calc_pdf_p135,0,derived 'calc_pdf_p{pdf_page_number}' from pdf_page_number=135 per locator contract
P2IIB-REP-0907,calculation/chapter_03/section_3_1/tables.csv,CAL-TBL-P00135-003,source_locator_derivation,CAL-P00135-TBL,calc_pdf_p135,0,derived 'calc_pdf_p{pdf_page_number}' from pdf_page_number=135 per locator contract
P2IIB-REP-0908,calculation/chapter_03/section_3_1/tables.csv,CAL-TBL-P00135-004,source_locator_derivation,CAL-P00135-TBL,calc_pdf_p135,0,derived 'calc_pdf_p{pdf_page_number}' from pdf_page_number=135 per locator contract
P2IIB-REP-0909,calculation/chapter_03/section_3_1/tables.csv,CAL-TBL-P00135-005,source_locator_derivation,CAL-P00135-TBL,calc_pdf_p135,0,derived 'calc_pdf_p{pdf_page_number}' from pdf_page_number=135 per locator contract
P2IIB-REP-0910,calculation/chapter_03/section_3_1/tables.csv,CAL-TBL-P00135-006,source_locator_derivation,CAL-P00135-TBL,calc_pdf_p135,0,derived 'calc_pdf_p{pdf_page_number}' from pdf_page_number=135 per locator contract
P2IIB-REP-0911,calculation/chapter_03/section_3_1/tables.csv,CAL-TBL-P00135-007,source_locator_derivation,CAL-P00135-TBL,calc_pdf_p135,0,derived 'calc_pdf_p{pdf_page_number}' from pdf_page_number=135 per locator contract
P2IIB-REP-0912,calculation/chapter_03/section_3_1/tables.csv,CAL-TBL-P00135-008,source_locator_derivation,CAL-P00135-TBL,calc_pdf_p135,0,derived 'calc_pdf_p{pdf_page_number}' from pdf_page_number=135 per locator contract
P2IIB-REP-0913,calculation/chapter_03/section_3_1/tables.csv,CAL-TBL-P00135-009,source_locator_derivation,CAL-P00135-TBL,calc_pdf_p135,0,derived 'calc_pdf_p{pdf_page_number}' from pdf_page_number=135 per locator contract
P2IIB-REP-0914,calculation/chapter_03/section_3_1/tables.csv,CAL-TBL-P00135-010,source_locator_derivation,CAL-P00135-TBL,calc_pdf_p135,0,derived 'calc_pdf_p{pdf_page_number}' from pdf_page_number=135 per locator contract
P2IIB-REP-0915,calculation/chapter_03/section_3_1/tables.csv,CAL-TBL-P00141-001,source_locator_derivation,CAL-P00141-TBL,calc_pdf_p141,0,derived 'calc_pdf_p{pdf_page_number}' from pdf_page_number=141 per locator contract
P2IIB-REP-0916,calculation/chapter_03/section_3_1/tables.csv,CAL-TBL-P00141-002,source_locator_derivation,CAL-P00141-TBL,calc_pdf_p141,0,derived 'calc_pdf_p{pdf_page_number}' from pdf_page_number=141 per locator contract
P2IIB-REP-0917,calculation/chapter_03/section_3_1/tables.csv,CAL-TBL-P00141-003,source_locator_derivation,CAL-P00141-TBL,calc_pdf_p141,0,derived 'calc_pdf_p{pdf_page_number}' from pdf_page_number=141 per locator contract
P2IIB-REP-0918,calculation/chapter_03/section_3_1/tables.csv,CAL-TBL-P00141-004,source_locator_derivation,CAL-P00141-TBL,calc_pdf_p141,0,derived 'calc_pdf_p{pdf_page_number}' from pdf_page_number=141 per locator contract
P2IIB-REP-0919,calculation/chapter_03/section_3_1/tables.csv,CAL-TBL-P00141-005,source_locator_derivation,CAL-P00141-TBL,calc_pdf_p141,0,derived 'calc_pdf_p{pdf_page_number}' from pdf_page_number=141 per locator contract
P2IIB-REP-0920,calculation/chapter_03/section_3_1/tables.csv,CAL-TBL-P00141-006,source_locator_derivation,CAL-P00141-TBL,calc_pdf_p141,0,derived 'calc_pdf_p{pdf_page_number}' from pdf_page_number=141 per locator contract
P2IIB-REP-0921,calculation/chapter_03/section_3_1/tables.csv,CAL-TBL-P00141-007,source_locator_derivation,CAL-P00141-TBL,calc_pdf_p141,0,derived 'calc_pdf_p{pdf_page_number}' from pdf_page_number=141 per locator contract
P2IIB-REP-0922,calculation/chapter_03/section_3_1/tables.csv,CAL-TBL-P00141-008,source_locator_derivation,CAL-P00141-TBL,calc_pdf_p141,0,derived 'calc_pdf_p{pdf_page_number}' from pdf_page_number=141 per locator contract
P2IIB-REP-0923,calculation/chapter_03/section_3_1/tables.csv,CAL-TBL-P00143-001,source_locator_derivation,CAL-P00143-TBL,calc_pdf_p143,0,derived 'calc_pdf_p{pdf_page_number}' from pdf_page_number=143 per locator contract
P2IIB-REP-0924,calculation/chapter_03/section_3_1/tables.csv,CAL-TBL-P00143-002,source_locator_derivation,CAL-P00143-TBL,calc_pdf_p143,0,derived 'calc_pdf_p{pdf_page_number}' from pdf_page_number=143 per locator contract
P2IIB-REP-0925,calculation/chapter_03/section_3_1/tables.csv,CAL-TBL-P00143-003,source_locator_derivation,CAL-P00143-TBL,calc_pdf_p143,0,derived 'calc_pdf_p{pdf_page_number}' from pdf_page_number=143 per locator contract
P2IIB-REP-0926,calculation/chapter_03/section_3_1/tables.csv,CAL-TBL-P00143-004,source_locator_derivation,CAL-P00143-TBL,calc_pdf_p143,0,derived 'calc_pdf_p{pdf_page_number}' from pdf_page_number=143 per locator contract
P2IIB-REP-0927,calculation/chapter_03/section_3_1/tables.csv,CAL-TBL-P00143-005,source_locator_derivation,CAL-P00143-TBL,calc_pdf_p143,0,derived 'calc_pdf_p{pdf_page_number}' from pdf_page_number=143 per locator contract
P2IIB-REP-0928,calculation/chapter_03/section_3_1/tables.csv,CAL-TBL-P00143-006,source_locator_derivation,CAL-P00143-TBL,calc_pdf_p143,0,derived 'calc_pdf_p{pdf_page_number}' from pdf_page_number=143 per locator contract
P2IIB-REP-0929,calculation/chapter_03/section_3_1/tables.csv,CAL-TBL-P00143-007,source_locator_derivation,CAL-P00143-TBL,calc_pdf_p143,0,derived 'calc_pdf_p{pdf_page_number}' from pdf_page_number=143 per locator contract
P2IIB-REP-0930,calculation/chapter_03/section_3_1/tables.csv,CAL-TBL-P00144-001,source_locator_derivation,CAL-P00144-TBL,calc_pdf_p144,0,derived 'calc_pdf_p{pdf_page_number}' from pdf_page_number=144 per locator contract
P2IIB-REP-0931,calculation/chapter_03/section_3_1/tables.csv,CAL-TBL-P00144-002,source_locator_derivation,CAL-P00144-TBL,calc_pdf_p144,0,derived 'calc_pdf_p{pdf_page_number}' from pdf_page_number=144 per locator contract
P2IIB-REP-0932,calculation/chapter_03/section_3_1/tables.csv,CAL-TBL-P00144-003,source_locator_derivation,CAL-P00144-TBL,calc_pdf_p144,0,derived 'calc_pdf_p{pdf_page_number}' from pdf_page_number=144 per locator contract
P2IIB-REP-0933,calculation/chapter_03/section_3_1/tables.csv,CAL-TBL-P00144-004,source_locator_derivation,CAL-P00144-TBL,calc_pdf_p144,0,derived 'calc_pdf_p{pdf_page_number}' from pdf_page_number=144 per locator contract
P2IIB-REP-0934,calculation/chapter_03/section_3_1/tables.csv,CAL-TBL-P00149-001,source_locator_derivation,CAL-P00149-TBL,calc_pdf_p149,0,derived 'calc_pdf_p{pdf_page_number}' from pdf_page_number=149 per locator contract
P2IIB-REP-0935,calculation/chapter_03/section_3_1/tables.csv,CAL-TBL-P00149-002,source_locator_derivation,CAL-P00149-TBL,calc_pdf_p149,0,derived 'calc_pdf_p{pdf_page_number}' from pdf_page_number=149 per locator contract
P2IIB-REP-0936,calculation/chapter_03/section_3_1/tables.csv,CAL-TBL-P00149-003,source_locator_derivation,CAL-P00149-TBL,calc_pdf_p149,0,derived 'calc_pdf_p{pdf_page_number}' from pdf_page_number=149 per locator contract
P2IIB-REP-0937,calculation/chapter_03/section_3_1/tables.csv,CAL-TBL-P00149-004,source_locator_derivation,CAL-P00149-TBL,calc_pdf_p149,0,derived 'calc_pdf_p{pdf_page_number}' from pdf_page_number=149 per locator contract
P2IIB-REP-0938,calculation/chapter_03/section_3_1/tables.csv,CAL-TBL-P00222-001,source_locator_derivation,CAL-P00222-TBL,calc_pdf_p222,0,derived 'calc_pdf_p{pdf_page_number}' from pdf_page_number=222 per locator contract
P2IIB-REP-0939,calculation/chapter_03/section_3_1/tables.csv,CAL-TBL-P00222-002,source_locator_derivation,CAL-P00222-TBL,calc_pdf_p222,0,derived 'calc_pdf_p{pdf_page_number}' from pdf_page_number=222 per locator contract
P2IIB-REP-0940,calculation/chapter_03/section_3_1/tables.csv,CAL-TBL-P00222-003,source_locator_derivation,CAL-P00222-TBL,calc_pdf_p222,0,derived 'calc_pdf_p{pdf_page_number}' from pdf_page_number=222 per locator contract
P2IIB-REP-0941,calculation/chapter_03/section_3_1/tables.csv,CAL-TBL-P00222-004,source_locator_derivation,CAL-P00222-TBL,calc_pdf_p222,0,derived 'calc_pdf_p{pdf_page_number}' from pdf_page_number=222 per locator contract
P2IIB-REP-0942,calculation/chapter_03/section_3_1/tables.csv,CAL-TBL-P00222-005,source_locator_derivation,CAL-P00222-TBL,calc_pdf_p222,0,derived 'calc_pdf_p{pdf_page_number}' from pdf_page_number=222 per locator contract
P2IIB-REP-0943,calculation/chapter_03/section_3_1/tables.csv,CAL-TBL-P00222-006,source_locator_derivation,CAL-P00222-TBL,calc_pdf_p222,0,derived 'calc_pdf_p{pdf_page_number}' from pdf_page_number=222 per locator contract
P2IIB-REP-0944,calculation/chapter_03/section_3_1/tables.csv,CAL-TBL-P00222-007,source_locator_derivation,CAL-P00222-TBL,calc_pdf_p222,0,derived 'calc_pdf_p{pdf_page_number}' from pdf_page_number=222 per locator contract
P2IIB-REP-0945,calculation/chapter_03/section_3_1/tables.csv,CAL-TBL-P00222-008,source_locator_derivation,CAL-P00222-TBL,calc_pdf_p222,0,derived 'calc_pdf_p{pdf_page_number}' from pdf_page_number=222 per locator contract
P2IIB-REP-0946,calculation/chapter_03/section_3_1/tables.csv,CAL-TBL-P00222-009,source_locator_derivation,CAL-P00222-TBL,calc_pdf_p222,0,derived 'calc_pdf_p{pdf_page_number}' from pdf_page_number=222 per locator contract
P2IIB-REP-0947,calculation/chapter_03/section_3_1/tables.csv,CAL-TBL-P00222-010,source_locator_derivation,CAL-P00222-TBL,calc_pdf_p222,0,derived 'calc_pdf_p{pdf_page_number}' from pdf_page_number=222 per locator contract
P2IIB-REP-0948,calculation/chapter_03/section_3_1/tables.csv,CAL-TBL-P00222-011,source_locator_derivation,CAL-P00222-TBL,calc_pdf_p222,0,derived 'calc_pdf_p{pdf_page_number}' from pdf_page_number=222 per locator contract
P2IIB-REP-0949,calculation/chapter_03/section_3_1/tables.csv,CAL-TBL-P00222-012,source_locator_derivation,CAL-P00222-TBL,calc_pdf_p222,0,derived 'calc_pdf_p{pdf_page_number}' from pdf_page_number=222 per locator contract
P2IIB-REP-0950,calculation/chapter_03/section_3_1/tables.csv,CAL-TBL-P00222-013,source_locator_derivation,CAL-P00222-TBL,calc_pdf_p222,0,derived 'calc_pdf_p{pdf_page_number}' from pdf_page_number=222 per locator contract
P2IIB-REP-0951,calculation/chapter_03/section_3_1/tables.csv,CAL-TBL-P00222-014,source_locator_derivation,CAL-P00222-TBL,calc_pdf_p222,0,derived 'calc_pdf_p{pdf_page_number}' from pdf_page_number=222 per locator contract
P2IIB-REP-0952,calculation/chapter_03/section_3_1/tables.csv,CAL-TBL-P00222-015,source_locator_derivation,CAL-P00222-TBL,calc_pdf_p222,0,derived 'calc_pdf_p{pdf_page_number}' from pdf_page_number=222 per locator contract
P2IIB-REP-0953,calculation/chapter_03/section_3_1/tables.csv,CAL-TBL-P00222-016,source_locator_derivation,CAL-P00222-TBL,calc_pdf_p222,0,derived 'calc_pdf_p{pdf_page_number}' from pdf_page_number=222 per locator contract
P2IIB-REP-0954,calculation/chapter_03/section_3_1/tables.csv,CAL-TBL-P00223-001,source_locator_derivation,CAL-P00223-TBL,calc_pdf_p223,0,derived 'calc_pdf_p{pdf_page_number}' from pdf_page_number=223 per locator contract
P2IIB-REP-0955,calculation/chapter_03/section_3_1/tables.csv,CAL-TBL-P00223-002,source_locator_derivation,CAL-P00223-TBL,calc_pdf_p223,0,derived 'calc_pdf_p{pdf_page_number}' from pdf_page_number=223 per locator contract
P2IIB-REP-0956,calculation/chapter_03/section_3_1/tables.csv,CAL-TBL-P00223-003,source_locator_derivation,CAL-P00223-TBL,calc_pdf_p223,0,derived 'calc_pdf_p{pdf_page_number}' from pdf_page_number=223 per locator contract
P2IIB-REP-0957,calculation/chapter_03/section_3_1/tables.csv,CAL-TBL-P00223-004,source_locator_derivation,CAL-P00223-TBL,calc_pdf_p223,0,derived 'calc_pdf_p{pdf_page_number}' from pdf_page_number=223 per locator contract
P2IIB-REP-0958,calculation/chapter_03/section_3_1/tables.csv,CAL-TBL-P00223-005,source_locator_derivation,CAL-P00223-TBL,calc_pdf_p223,0,derived 'calc_pdf_p{pdf_page_number}' from pdf_page_number=223 per locator contract
P2IIB-REP-0959,calculation/chapter_03/section_3_1/tables.csv,CAL-TBL-P00223-006,source_locator_derivation,CAL-P00223-TBL,calc_pdf_p223,0,derived 'calc_pdf_p{pdf_page_number}' from pdf_page_number=223 per locator contract
P2IIB-REP-0960,calculation/chapter_03/section_3_1/tables.csv,CAL-TBL-P00223-007,source_locator_derivation,CAL-P00223-TBL,calc_pdf_p223,0,derived 'calc_pdf_p{pdf_page_number}' from pdf_page_number=223 per locator contract
P2IIB-REP-0961,calculation/chapter_03/section_3_1/tables.csv,CAL-TBL-P00223-008,source_locator_derivation,CAL-P00223-TBL,calc_pdf_p223,0,derived 'calc_pdf_p{pdf_page_number}' from pdf_page_number=223 per locator contract
P2IIB-REP-0962,calculation/chapter_03/section_3_1/tables.csv,CAL-TBL-P00223-009,source_locator_derivation,CAL-P00223-TBL,calc_pdf_p223,0,derived 'calc_pdf_p{pdf_page_number}' from pdf_page_number=223 per locator contract
P2IIB-REP-0963,calculation/chapter_03/section_3_1/tables.csv,CAL-TBL-P00223-010,source_locator_derivation,CAL-P00223-TBL,calc_pdf_p223,0,derived 'calc_pdf_p{pdf_page_number}' from pdf_page_number=223 per locator contract
P2IIB-REP-0964,calculation/chapter_03/section_3_1/values.csv,CAL-VAL-P00117-001,source_locator_derivation,CAL-P00117,calc_pdf_p117,0,derived 'calc_pdf_p{pdf_page_number}' from pdf_page_number=117 per locator contract
P2IIB-REP-0965,calculation/chapter_03/section_3_1/values.csv,CAL-VAL-P00117-002,source_locator_derivation,CAL-P00117,calc_pdf_p117,0,derived 'calc_pdf_p{pdf_page_number}' from pdf_page_number=117 per locator contract
P2IIB-REP-0966,calculation/chapter_03/section_3_1/values.csv,CAL-VAL-P00119-001,source_locator_derivation,CAL-P00119-TBL,calc_pdf_p119,0,derived 'calc_pdf_p{pdf_page_number}' from pdf_page_number=119 per locator contract
P2IIB-REP-0967,calculation/chapter_03/section_3_1/values.csv,CAL-VAL-P00119-002,source_locator_derivation,CAL-P00119-TBL,calc_pdf_p119,0,derived 'calc_pdf_p{pdf_page_number}' from pdf_page_number=119 per locator contract
P2IIB-REP-0968,calculation/chapter_03/section_3_1/values.csv,CAL-VAL-P00119-003,source_locator_derivation,CAL-P00119-TBL,calc_pdf_p119,0,derived 'calc_pdf_p{pdf_page_number}' from pdf_page_number=119 per locator contract
P2IIB-REP-0969,calculation/chapter_03/section_3_1/values.csv,CAL-VAL-P00119-004,source_locator_derivation,CAL-P00119-TBL,calc_pdf_p119,0,derived 'calc_pdf_p{pdf_page_number}' from pdf_page_number=119 per locator contract
P2IIB-REP-0970,calculation/chapter_03/section_3_1/values.csv,CAL-VAL-P00119-005,source_locator_derivation,CAL-P00119-TBL,calc_pdf_p119,0,derived 'calc_pdf_p{pdf_page_number}' from pdf_page_number=119 per locator contract
P2IIB-REP-0971,calculation/chapter_03/section_3_1/values.csv,CAL-VAL-P00119-006,source_locator_derivation,CAL-P00119-TBL,calc_pdf_p119,0,derived 'calc_pdf_p{pdf_page_number}' from pdf_page_number=119 per locator contract
P2IIB-REP-0972,calculation/chapter_03/section_3_1/values.csv,CAL-VAL-P00119-007,source_locator_derivation,CAL-P00119-TBL,calc_pdf_p119,0,derived 'calc_pdf_p{pdf_page_number}' from pdf_page_number=119 per locator contract
P2IIB-REP-0973,calculation/chapter_03/section_3_1/values.csv,CAL-VAL-P00119-008,source_locator_derivation,CAL-P00119-TBL,calc_pdf_p119,0,derived 'calc_pdf_p{pdf_page_number}' from pdf_page_number=119 per locator contract
P2IIB-REP-0974,calculation/chapter_03/section_3_1/values.csv,CAL-VAL-P00119-009,source_locator_derivation,CAL-P00119-TBL,calc_pdf_p119,0,derived 'calc_pdf_p{pdf_page_number}' from pdf_page_number=119 per locator contract
P2IIB-REP-0975,calculation/chapter_03/section_3_1/values.csv,CAL-VAL-P00119-010,source_locator_derivation,CAL-P00119-TBL,calc_pdf_p119,0,derived 'calc_pdf_p{pdf_page_number}' from pdf_page_number=119 per locator contract
P2IIB-REP-0976,calculation/chapter_03/section_3_1/values.csv,CAL-VAL-P00119-011,source_locator_derivation,CAL-P00119-TBL,calc_pdf_p119,0,derived 'calc_pdf_p{pdf_page_number}' from pdf_page_number=119 per locator contract
P2IIB-REP-0977,calculation/chapter_03/section_3_1/values.csv,CAL-VAL-P00119-012,source_locator_derivation,CAL-P00119-TBL,calc_pdf_p119,0,derived 'calc_pdf_p{pdf_page_number}' from pdf_page_number=119 per locator contract
P2IIB-REP-0978,calculation/chapter_03/section_3_1/values.csv,CAL-VAL-P00119-013,source_locator_derivation,CAL-P00119-TBL,calc_pdf_p119,0,derived 'calc_pdf_p{pdf_page_number}' from pdf_page_number=119 per locator contract
P2IIB-REP-0979,calculation/chapter_03/section_3_1/values.csv,CAL-VAL-P00121-001,source_locator_derivation,CAL-P00121-TBL,calc_pdf_p121,0,derived 'calc_pdf_p{pdf_page_number}' from pdf_page_number=121 per locator contract
P2IIB-REP-0980,calculation/chapter_03/section_3_1/values.csv,CAL-VAL-P00121-002,source_locator_derivation,CAL-P00121-TBL,calc_pdf_p121,0,derived 'calc_pdf_p{pdf_page_number}' from pdf_page_number=121 per locator contract
P2IIB-REP-0981,calculation/chapter_03/section_3_1/values.csv,CAL-VAL-P00121-003,source_locator_derivation,CAL-P00121-TBL,calc_pdf_p121,0,derived 'calc_pdf_p{pdf_page_number}' from pdf_page_number=121 per locator contract
P2IIB-REP-0982,calculation/chapter_03/section_3_1/values.csv,CAL-VAL-P00125-001,source_locator_derivation,CAL-P00125-TBL,calc_pdf_p125,0,derived 'calc_pdf_p{pdf_page_number}' from pdf_page_number=125 per locator contract
P2IIB-REP-0983,calculation/chapter_03/section_3_1/values.csv,CAL-VAL-P00125-002,source_locator_derivation,CAL-P00125-TBL,calc_pdf_p125,0,derived 'calc_pdf_p{pdf_page_number}' from pdf_page_number=125 per locator contract
P2IIB-REP-0984,calculation/chapter_03/section_3_1/values.csv,CAL-VAL-P00125-003,source_locator_derivation,CAL-P00125-TBL,calc_pdf_p125,0,derived 'calc_pdf_p{pdf_page_number}' from pdf_page_number=125 per locator contract
P2IIB-REP-0985,calculation/chapter_03/section_3_1/values.csv,CAL-VAL-P00125-004,source_locator_derivation,CAL-P00125-TBL,calc_pdf_p125,0,derived 'calc_pdf_p{pdf_page_number}' from pdf_page_number=125 per locator contract
P2IIB-REP-0986,calculation/chapter_03/section_3_1/values.csv,CAL-VAL-P00128-001,source_locator_derivation,CAL-P00128-TBL,calc_pdf_p128,0,derived 'calc_pdf_p{pdf_page_number}' from pdf_page_number=128 per locator contract
P2IIB-REP-0987,calculation/chapter_03/section_3_1/values.csv,CAL-VAL-P00128-002,source_locator_derivation,CAL-P00128-TBL,calc_pdf_p128,0,derived 'calc_pdf_p{pdf_page_number}' from pdf_page_number=128 per locator contract
P2IIB-REP-0988,calculation/chapter_03/section_3_1/values.csv,CAL-VAL-P00128-003,source_locator_derivation,CAL-P00128-TBL,calc_pdf_p128,0,derived 'calc_pdf_p{pdf_page_number}' from pdf_page_number=128 per locator contract
P2IIB-REP-0989,calculation/chapter_03/section_3_1/values.csv,CAL-VAL-P00135-001,source_locator_derivation,CAL-P00135,calc_pdf_p135,0,derived 'calc_pdf_p{pdf_page_number}' from pdf_page_number=135 per locator contract
P2IIB-REP-0990,calculation/chapter_03/section_3_1/values.csv,CAL-VAL-P00135-002,source_locator_derivation,CAL-P00135-TBL,calc_pdf_p135,0,derived 'calc_pdf_p{pdf_page_number}' from pdf_page_number=135 per locator contract
P2IIB-REP-0991,calculation/chapter_03/section_3_1/values.csv,CAL-VAL-P00135-003,source_locator_derivation,CAL-P00135-TBL,calc_pdf_p135,0,derived 'calc_pdf_p{pdf_page_number}' from pdf_page_number=135 per locator contract
P2IIB-REP-0992,calculation/chapter_03/section_3_1/values.csv,CAL-VAL-P00135-004,source_locator_derivation,CAL-P00135-TBL,calc_pdf_p135,0,derived 'calc_pdf_p{pdf_page_number}' from pdf_page_number=135 per locator contract
P2IIB-REP-0993,calculation/chapter_03/section_3_1/values.csv,CAL-VAL-P00135-005,source_locator_derivation,CAL-P00135-TBL,calc_pdf_p135,0,derived 'calc_pdf_p{pdf_page_number}' from pdf_page_number=135 per locator contract
P2IIB-REP-0994,calculation/chapter_03/section_3_1/values.csv,CAL-VAL-P00135-006,source_locator_derivation,CAL-P00135-TBL,calc_pdf_p135,0,derived 'calc_pdf_p{pdf_page_number}' from pdf_page_number=135 per locator contract
P2IIB-REP-0995,calculation/chapter_03/section_3_1/values.csv,CAL-VAL-P00135-007,source_locator_derivation,CAL-P00135-TBL,calc_pdf_p135,0,derived 'calc_pdf_p{pdf_page_number}' from pdf_page_number=135 per locator contract
P2IIB-REP-0996,calculation/chapter_03/section_3_1/values.csv,CAL-VAL-P00135-008,source_locator_derivation,CAL-P00135-TBL,calc_pdf_p135,0,derived 'calc_pdf_p{pdf_page_number}' from pdf_page_number=135 per locator contract
P2IIB-REP-0997,calculation/chapter_03/section_3_1/values.csv,CAL-VAL-P00135-009,source_locator_derivation,CAL-P00135-TBL,calc_pdf_p135,0,derived 'calc_pdf_p{pdf_page_number}' from pdf_page_number=135 per locator contract
P2IIB-REP-0998,calculation/chapter_03/section_3_1/values.csv,CAL-VAL-P00135-010,source_locator_derivation,CAL-P00135-TBL,calc_pdf_p135,0,derived 'calc_pdf_p{pdf_page_number}' from pdf_page_number=135 per locator contract
P2IIB-REP-0999,calculation/chapter_03/section_3_1/values.csv,CAL-VAL-P00135-011,source_locator_derivation,CAL-P00135-TBL,calc_pdf_p135,0,derived 'calc_pdf_p{pdf_page_number}' from pdf_page_number=135 per locator contract
P2IIB-REP-1000,calculation/chapter_03/section_3_1/values.csv,CAL-VAL-P00149-001,source_locator_derivation,CAL-P00149-TBL,calc_pdf_p149,0,derived 'calc_pdf_p{pdf_page_number}' from pdf_page_number=149 per locator contract
P2IIB-REP-1001,calculation/chapter_03/section_3_1/values.csv,CAL-VAL-P00149-002,source_locator_derivation,CAL-P00149-TBL,calc_pdf_p149,0,derived 'calc_pdf_p{pdf_page_number}' from pdf_page_number=149 per locator contract
P2IIB-REP-1002,calculation/chapter_03/section_3_1/values.csv,CAL-VAL-P00149-003,source_locator_derivation,CAL-P00149-TBL,calc_pdf_p149,0,derived 'calc_pdf_p{pdf_page_number}' from pdf_page_number=149 per locator contract
P2IIB-REP-1003,calculation/chapter_03/section_3_1/values.csv,CAL-VAL-P00223-001,source_locator_derivation,CAL-P00223-TBL,calc_pdf_p223,0,derived 'calc_pdf_p{pdf_page_number}' from pdf_page_number=223 per locator contract
P2IIB-REP-1004,calculation/chapter_03/section_3_1/values.csv,CAL-VAL-P00223-002,source_locator_derivation,CAL-P00223-TBL,calc_pdf_p223,0,derived 'calc_pdf_p{pdf_page_number}' from pdf_page_number=223 per locator contract
P2IIB-REP-1005,calculation/chapter_03/section_3_1/values.csv,CAL-VAL-P00223-003,source_locator_derivation,CAL-P00223-TBL,calc_pdf_p223,0,derived 'calc_pdf_p{pdf_page_number}' from pdf_page_number=223 per locator contract
P2IIB-REP-1006,calculation/chapter_03/section_3_1/values.csv,CAL-VAL-P00223-004,source_locator_derivation,CAL-P00223-TBL,calc_pdf_p223,0,derived 'calc_pdf_p{pdf_page_number}' from pdf_page_number=223 per locator contract
P2IIB-REP-1007,calculation/chapter_03/section_3_1/values.csv,CAL-VAL-P00223-005,source_locator_derivation,CAL-P00223-TBL,calc_pdf_p223,0,derived 'calc_pdf_p{pdf_page_number}' from pdf_page_number=223 per locator contract
P2IIB-REP-1008,calculation/chapter_03/section_3_1/values.csv,CAL-VAL-P00223-006,source_locator_derivation,CAL-P00223-TBL,calc_pdf_p223,0,derived 'calc_pdf_p{pdf_page_number}' from pdf_page_number=223 per locator contract
P2IIB-REP-1009,calculation/chapter_03/section_3_1/values.csv,CAL-VAL-P00223-007,source_locator_derivation,CAL-P00223-TBL,calc_pdf_p223,0,derived 'calc_pdf_p{pdf_page_number}' from pdf_page_number=223 per locator contract
P2IIB-REP-1010,calculation/chapter_03/section_3_1/values.csv,CAL-VAL-P00223-008,source_locator_derivation,CAL-P00223-TBL,calc_pdf_p223,0,derived 'calc_pdf_p{pdf_page_number}' from pdf_page_number=223 per locator contract
P2IIB-REP-1011,calculation/chapter_03/section_3_1/values.csv,CAL-VAL-P00223-009,source_locator_derivation,CAL-P00223-TBL,calc_pdf_p223,0,derived 'calc_pdf_p{pdf_page_number}' from pdf_page_number=223 per locator contract
P2IIB-REP-1012,calculation/chapter_03/section_3_1/values.csv,CAL-VAL-P00223-010,source_locator_derivation,CAL-P00223-TBL,calc_pdf_p223,0,derived 'calc_pdf_p{pdf_page_number}' from pdf_page_number=223 per locator contract
P2IIB-REP-1013,calculation/chapter_03/section_3_1/values.csv,CAL-VAL-P00223-011,source_locator_derivation,CAL-P00223-TBL,calc_pdf_p223,0,derived 'calc_pdf_p{pdf_page_number}' from pdf_page_number=223 per locator contract
P2IIB-REP-1014,calculation/chapter_03/section_3_1/values.csv,CAL-VAL-P00223-012,source_locator_derivation,CAL-P00223-TBL,calc_pdf_p223,0,derived 'calc_pdf_p{pdf_page_number}' from pdf_page_number=223 per locator contract
P2IIB-REP-1015,calculation/chapter_03/section_3_1/values.csv,CAL-VAL-P00223-013,source_locator_derivation,CAL-P00223-TBL,calc_pdf_p223,0,derived 'calc_pdf_p{pdf_page_number}' from pdf_page_number=223 per locator contract
P2IIB-REP-1016,calculation/chapter_03/section_3_1/values.csv,CAL-VAL-P00223-014,source_locator_derivation,CAL-P00223-TBL,calc_pdf_p223,0,derived 'calc_pdf_p{pdf_page_number}' from pdf_page_number=223 per locator contract
P2IIB-REP-1017,calculation/chapter_03/section_3_1/values.csv,CAL-VAL-P00223-015,source_locator_derivation,CAL-P00223-TBL,calc_pdf_p223,0,derived 'calc_pdf_p{pdf_page_number}' from pdf_page_number=223 per locator contract
P2IIB-REP-1018,calculation/chapter_03/section_3_1/values.csv,CAL-VAL-P00223-016,source_locator_derivation,CAL-P00223-TBL,calc_pdf_p223,0,derived 'calc_pdf_p{pdf_page_number}' from pdf_page_number=223 per locator contract
P2IIB-REP-1019,calculation/chapter_03/section_3_1/values.csv,CAL-VAL-P00223-017,source_locator_derivation,CAL-P00223-TBL,calc_pdf_p223,0,derived 'calc_pdf_p{pdf_page_number}' from pdf_page_number=223 per locator contract
P2IIB-REP-1020,calculation/chapter_03/section_3_1/values.csv,CAL-VAL-P00223-018,source_locator_derivation,CAL-P00223-TBL,calc_pdf_p223,0,derived 'calc_pdf_p{pdf_page_number}' from pdf_page_number=223 per locator contract
P2IIB-REP-1021,calculation/chapter_03/section_3_1/values.csv,CAL-VAL-P00222-001,source_locator_derivation,CAL-P00222-TBL,calc_pdf_p222,0,derived 'calc_pdf_p{pdf_page_number}' from pdf_page_number=222 per locator contract
P2IIB-REP-1022,calculation/chapter_03/section_3_1/values.csv,CAL-VAL-P00222-002,source_locator_derivation,CAL-P00222-TBL,calc_pdf_p222,0,derived 'calc_pdf_p{pdf_page_number}' from pdf_page_number=222 per locator contract
P2IIB-REP-1023,calculation/chapter_03/section_3_1/values.csv,CAL-VAL-P00222-003,source_locator_derivation,CAL-P00222-TBL,calc_pdf_p222,0,derived 'calc_pdf_p{pdf_page_number}' from pdf_page_number=222 per locator contract
P2IIB-REP-1024,calculation/chapter_03/section_3_1/values.csv,CAL-VAL-P00222-004,source_locator_derivation,CAL-P00222-TBL,calc_pdf_p222,0,derived 'calc_pdf_p{pdf_page_number}' from pdf_page_number=222 per locator contract
P2IIB-REP-1025,calculation/chapter_03/section_3_1/values.csv,CAL-VAL-P00222-005,source_locator_derivation,CAL-P00222-TBL,calc_pdf_p222,0,derived 'calc_pdf_p{pdf_page_number}' from pdf_page_number=222 per locator contract
P2IIB-REP-1026,calculation/chapter_03/section_3_1/values.csv,CAL-VAL-P00140-001,source_locator_derivation,CAL-P00140-TBL,calc_pdf_p140,0,derived 'calc_pdf_p{pdf_page_number}' from pdf_page_number=140 per locator contract
P2IIB-REP-1027,calculation/chapter_03/section_3_1/values.csv,CAL-VAL-P00140-002,source_locator_derivation,CAL-P00140-TBL,calc_pdf_p140,0,derived 'calc_pdf_p{pdf_page_number}' from pdf_page_number=140 per locator contract
P2IIB-REP-1028,calculation/chapter_03/section_3_1/values.csv,CAL-VAL-P00140-003,source_locator_derivation,CAL-P00140-TBL,calc_pdf_p140,0,derived 'calc_pdf_p{pdf_page_number}' from pdf_page_number=140 per locator contract
P2IIB-REP-1029,calculation/chapter_03/section_3_2/values.csv,AG1_Sec3_I,column_shift,"[""AG1_Sec3_I"", ""7714024"", ""cm4"", ""3.2.2.1""]","[""AG1_Sec3_I"", ""7714024"", ""cm4"", ""3.2.2.1"", """"]",-1,LEFT-shift: trailing empty 'notes' cell restored
P2IIB-REP-1030,calculation/chapter_03/section_3_2/values.csv,AG1_Sec5_I,column_shift,"[""AG1_Sec5_I"", ""8748717"", ""cm4"", ""3.2.2.1""]","[""AG1_Sec5_I"", ""8748717"", ""cm4"", ""3.2.2.1"", """"]",-1,LEFT-shift: trailing empty 'notes' cell restored
P2IIB-REP-1031,calculation/chapter_03/section_3_2/values.csv,AG1_Sec5_Yu,column_shift,"[""AG1_Sec5_Yu"", ""-141.48"", ""cm"", ""3.2.2.1""]","[""AG1_Sec5_Yu"", ""-141.48"", ""cm"", ""3.2.2.1"", """"]",-1,LEFT-shift: trailing empty 'notes' cell restored
P2IIB-REP-1032,calculation/chapter_03/section_3_2/values.csv,AG1_Sec5_YL,column_shift,"[""AG1_Sec5_YL"", ""128.52"", ""cm"", ""3.2.2.1""]","[""AG1_Sec5_YL"", ""128.52"", ""cm"", ""3.2.2.1"", """"]",-1,LEFT-shift: trailing empty 'notes' cell restored
P2IIB-REP-1033,calculation/chapter_03/section_3_2/values.csv,AG1_Sec6_I,column_shift,"[""AG1_Sec6_I"", ""11878499"", ""cm4"", ""3.2.2.1""]","[""AG1_Sec6_I"", ""11878499"", ""cm4"", ""3.2.2.1"", """"]",-1,LEFT-shift: trailing empty 'notes' cell restored
P2IIB-REP-1034,calculation/chapter_03/section_3_3/figures.csv,CAL-FIG-P00678-001,source_locator_derivation,CAL-P00678-TBL,calc_pdf_p678,0,derived 'calc_pdf_p{pdf_page_number}' from pdf_page_number=678 per locator contract
P2IIB-REP-1035,calculation/chapter_03/section_3_3/figures.csv,CAL-FIG-P00687-001,source_locator_derivation,CAL-P00687-TBL,calc_pdf_p687,0,derived 'calc_pdf_p{pdf_page_number}' from pdf_page_number=687 per locator contract
P2IIB-REP-1036,calculation/chapter_03/section_3_3/figures.csv,CAL-FIG-P00704-001,source_locator_derivation,CAL-P00704-TBL,calc_pdf_p704,0,derived 'calc_pdf_p{pdf_page_number}' from pdf_page_number=704 per locator contract
P2IIB-REP-1037,calculation/chapter_03/section_3_3/figures.csv,CAL-FIG-P00735-001,source_locator_derivation,CAL-P00735-TBL,calc_pdf_p735,0,derived 'calc_pdf_p{pdf_page_number}' from pdf_page_number=735 per locator contract
P2IIB-REP-1038,calculation/chapter_03/section_3_3/formulas.csv,CAL-FML-P00677-001,column_shift,"[""CAL-FML-P00677-001"", ""677"", ""672"", ""CAL-CH3"", ""CAL-SEC-3.3.1"", ""断面力換算"", ""Mi=ML0+(Mr0-ML0)*(Li/L0)"", ""Mi"", ""ML0"", ""Mr0"", ""Li"", ""L0"", """", ""FORMULA_DEFINITION"", ""CAL-P00677"", ""HIGH"", ""UNVERIFIED""]","[""CAL-FML-P00677-001"", ""677"", ""672"", ""CAL-CH3"", ""CAL-SEC-3.3.1"", ""断面力換算"", ""Mi=ML0+(Mr0-ML0)*(Li/L0)"", ""Mi, ML0, Mr0, Li, L0"", """", ""FORMULA_DEFINITION"", ""CAL-P00677"", ""HIGH"", ""UNVERIFIED""]",4,"formula row re-aligned: expression='Mi=ML0+(Mr0-ML0)*(Li/L0)', variable_symbols='Mi, ML0, Mr0, Li, L0'"
P2IIB-REP-1039,calculation/chapter_03/section_3_3/formulas.csv,CAL-FML-P00685-001,column_shift,"[""CAL-FML-P00685-001"", ""685"", ""680"", ""CAL-CH3"", ""CAL-SEC-3.3.3"", ""風荷重WS"", ""Ws=(V/40)^2*[4.0-0.2*(B/D)]*D*α"", ""V=40"", ""B=8.010"", ""D=8.110"", ""α=1.30"", ""道示I8.17"", ""FORMULA_DEFINITION"", ""CAL-P00685"", ""HIGH"", ""UNVERIFIED""]","[""CAL-FML-P00685-001"", ""685"", ""680"", ""CAL-CH3"", ""CAL-SEC-3.3.3"", ""風荷重WS"", ""Ws=(V/40)^2*[4.0-0.2*(B/D)]*D*α"", ""V=40, B=8.010, D=8.110, α=1.30"", ""道示I8.17"", ""FORMULA_DEFINITION"", ""CAL-P00685"", ""HIGH"", ""UNVERIFIED""]",3,"formula row re-aligned: expression='Ws=(V/40)^2*[4.0-0.2*(B/D)]*D*α', variable_symbols='V=40, B=8.010, D=8.110, α=1.30'"
P2IIB-REP-1040,calculation/chapter_03/section_3_3/formulas.csv,CAL-FML-P00685-002,column_shift,"[""CAL-FML-P00685-002"", ""685"", ""680"", ""CAL-CH3"", ""CAL-SEC-3.3.3"", ""風荷重数値代入"", ""Ws=(40/40)^2*[4.0-0.2]*8.110*1.30=40.06kN/m"", ""40"", ""4.0"", ""0.2"", ""8.110"", ""1.30"", ""道示I8.17"", ""NUMERIC_SUBSTITUTION"", ""CAL-P00685"", ""HIGH"", ""UNVERIFIED""]","[""CAL-FML-P00685-002"", ""685"", ""680"", ""CAL-CH3"", ""CAL-SEC-3.3.3"", ""風荷重数値代入"", ""Ws=(40/40)^2*[4.0-0.2]*8.110*1.30=40.06kN/m"", ""40, 4.0, 0.2, 8.110, 1.30"", ""道示I8.17"", ""NUMERIC_SUBSTITUTION"", ""CAL-P00685"", ""HIGH"", ""UNVERIFIED""]",4,"formula row re-aligned: expression='Ws=(40/40)^2*[4.0-0.2]*8.110*1.30=40.06kN/m', variable_symbols='40, 4.0, 0.2, 8.110, 1.30'"
P2IIB-REP-1041,calculation/chapter_03/section_3_3/formulas.csv,CAL-FML-P00686-001,column_shift,"[""CAL-FML-P00686-001"", ""686"", ""681"", ""CAL-CH3"", ""CAL-SEC-3.3.3"", ""地震荷重L1"", ""We=γd*Wd*Kh/Lspan=1.05*17955.7*0.25/131.325=35.89kN/m"", ""γd=1.05"", ""Wd=17955.7"", ""Kh=0.25"", ""Lspan=131.325"", ""道示V2.3"", ""NUMERIC_SUBSTITUTION"", ""CAL-P00686"", ""HIGH"", ""UNVERIFIED""]","[""CAL-FML-P00686-001"", ""686"", ""681"", ""CAL-CH3"", ""CAL-SEC-3.3.3"", ""地震荷重L1"", ""We=γd*Wd*Kh/Lspan=1.05*17955.7*0.25/131.325=35.89kN/m"", ""γd=1.05, Wd=17955.7, Kh=0.25, Lspan=131.325"", ""道示V2.3"", ""NUMERIC_SUBSTITUTION"", ""CAL-P00686"", ""HIGH"", ""UNVERIFIED""]",3,"formula row re-aligned: expression='We=γd*Wd*Kh/Lspan=1.05*17955.7*0.25/131.325=35.89kN/m', variable_symbols='γd=1.05, Wd=17955.7, Kh=0.25, Lspan=131.325'"
P2IIB-REP-1042,calculation/chapter_03/section_3_3/formulas.csv,CAL-FML-P00689-001,column_shift,"[""CAL-FML-P00689-001"", ""689"", ""684"", ""CAL-CH3"", ""CAL-SEC-3.3.4"", ""曲率付加軸力W"", ""W=-σ*(Af+Aw/3)/R"", ""σ"", ""Af"", ""Aw"", ""R"", """", ""FORMULA_DEFINITION"", ""CAL-P00689"", ""HIGH"", ""UNVERIFIED""]","[""CAL-FML-P00689-001"", ""689"", ""684"", ""CAL-CH3"", ""CAL-SEC-3.3.4"", ""曲率付加軸力W"", ""W=-σ*(Af+Aw/3)/R"", ""σ, Af, Aw, R"", """", ""FORMULA_DEFINITION"", ""CAL-P00689"", ""HIGH"", ""UNVERIFIED""]",3,"formula row re-aligned: expression='W=-σ*(Af+Aw/3)/R', variable_symbols='σ, Af, Aw, R'"
P2IIB-REP-1043,calculation/chapter_03/section_3_3/formulas.csv,CAL-FML-P00689-002,column_shift,"[""CAL-FML-P00689-002"", ""689"", ""684"", ""CAL-CH3"", ""CAL-SEC-3.3.4"", ""曲率付加軸力P"", ""P=w*λ"", ""w"", ""λ"", """", ""FORMULA_DEFINITION"", ""CAL-P00689"", ""HIGH"", ""UNVERIFIED""]","[""CAL-FML-P00689-002"", ""689"", ""684"", ""CAL-CH3"", ""CAL-SEC-3.3.4"", ""曲率付加軸力P"", ""P=w*λ"", ""w, λ"", """", ""FORMULA_DEFINITION"", ""CAL-P00689"", ""HIGH"", ""UNVERIFIED""]",1,"formula row re-aligned: expression='P=w*λ', variable_symbols='w, λ'"
P2IIB-REP-1044,calculation/chapter_03/section_3_3/formulas.csv,CAL-FML-P00677-001,source_locator_derivation,CAL-P00677,calc_pdf_p677,0,derived 'calc_pdf_p{pdf_page_number}' from pdf_page_number=677 per locator contract
P2IIB-REP-1045,calculation/chapter_03/section_3_3/formulas.csv,CAL-FML-P00685-001,source_locator_derivation,CAL-P00685,calc_pdf_p685,0,derived 'calc_pdf_p{pdf_page_number}' from pdf_page_number=685 per locator contract
P2IIB-REP-1046,calculation/chapter_03/section_3_3/formulas.csv,CAL-FML-P00685-002,source_locator_derivation,CAL-P00685,calc_pdf_p685,0,derived 'calc_pdf_p{pdf_page_number}' from pdf_page_number=685 per locator contract
P2IIB-REP-1047,calculation/chapter_03/section_3_3/formulas.csv,CAL-FML-P00686-001,source_locator_derivation,CAL-P00686,calc_pdf_p686,0,derived 'calc_pdf_p{pdf_page_number}' from pdf_page_number=686 per locator contract
P2IIB-REP-1048,calculation/chapter_03/section_3_3/formulas.csv,CAL-FML-P00689-001,source_locator_derivation,CAL-P00689,calc_pdf_p689,0,derived 'calc_pdf_p{pdf_page_number}' from pdf_page_number=689 per locator contract
P2IIB-REP-1049,calculation/chapter_03/section_3_3/formulas.csv,CAL-FML-P00689-002,source_locator_derivation,CAL-P00689,calc_pdf_p689,0,derived 'calc_pdf_p{pdf_page_number}' from pdf_page_number=689 per locator contract
P2IIB-REP-1050,calculation/chapter_03/section_3_3/notes.csv,CAL-NOT-P00676-001,source_locator_derivation,CAL-P00676,calc_pdf_p676,0,derived 'calc_pdf_p{pdf_page_number}' from pdf_page_number=676 per locator contract
P2IIB-REP-1051,calculation/chapter_03/section_3_3/notes.csv,CAL-NOT-P00676-002,source_locator_derivation,CAL-P00676,calc_pdf_p676,0,derived 'calc_pdf_p{pdf_page_number}' from pdf_page_number=676 per locator contract
P2IIB-REP-1052,calculation/chapter_03/section_3_3/notes.csv,CAL-NOT-P00676-003,source_locator_derivation,CAL-P00676,calc_pdf_p676,0,derived 'calc_pdf_p{pdf_page_number}' from pdf_page_number=676 per locator contract
P2IIB-REP-1053,calculation/chapter_03/section_3_3/notes.csv,CAL-NOT-P00677-001,source_locator_derivation,CAL-P00677,calc_pdf_p677,0,derived 'calc_pdf_p{pdf_page_number}' from pdf_page_number=677 per locator contract
P2IIB-REP-1054,calculation/chapter_03/section_3_3/notes.csv,CAL-NOT-P00677-002,source_locator_derivation,CAL-P00677,calc_pdf_p677,0,derived 'calc_pdf_p{pdf_page_number}' from pdf_page_number=677 per locator contract
P2IIB-REP-1055,calculation/chapter_03/section_3_3/notes.csv,CAL-NOT-P00679-001,source_locator_derivation,CAL-P00679,calc_pdf_p679,0,derived 'calc_pdf_p{pdf_page_number}' from pdf_page_number=679 per locator contract
P2IIB-REP-1056,calculation/chapter_03/section_3_3/notes.csv,CAL-NOT-P00685-001,source_locator_derivation,CAL-P00685,calc_pdf_p685,0,derived 'calc_pdf_p{pdf_page_number}' from pdf_page_number=685 per locator contract
P2IIB-REP-1057,calculation/chapter_03/section_3_3/notes.csv,CAL-NOT-P00686-001,source_locator_derivation,CAL-P00686,calc_pdf_p686,0,derived 'calc_pdf_p{pdf_page_number}' from pdf_page_number=686 per locator contract
P2IIB-REP-1058,calculation/chapter_03/section_3_3/notes.csv,CAL-NOT-P00689-001,source_locator_derivation,CAL-P00689,calc_pdf_p689,0,derived 'calc_pdf_p{pdf_page_number}' from pdf_page_number=689 per locator contract
P2IIB-REP-1059,calculation/chapter_03/section_3_3/page_elements.csv,CAL-P00705-CAL-SEC-3.3.5-001,column_shift,"[""CAL-P00705-CAL-SEC-3.3.5-001"", ""705"", ""700"", ""CAL-CH3"", ""CAL-SEC-3.3.5"", ""table"", ""端支点上横桁 荷重組合せ表/曲率付加軸力/CAL-P00705"", ""TEXT_EXTRACTED"", ""MEDIUM"", ""End pier load combinations""]","[""CAL-P00705-CAL-SEC-3.3.5-001"", ""705"", ""700"", ""CAL-CH3"", ""CAL-SEC-3.3.5"", ""table"", ""端支点上横桁 荷重組合せ表/曲率付加軸力"", ""CAL-P00705"", ""TEXT_EXTRACTED"", ""MEDIUM"", ""End pier load combinations""]",-1,"page_elements re-aligned: title_raw='端支点上横桁 荷重組合せ表/曲率付加軸力', source_locator='CAL-P00705', extraction_status='TEXT_EXTRACTED', confidence='MEDIUM'"
P2IIB-REP-1060,calculation/chapter_03/section_3_3/page_elements.csv,CAL-P00675-CAL-SEC-3.3-001,source_locator_derivation,CAL-P00675,calc_pdf_p675,0,derived 'calc_pdf_p{pdf_page_number}' from pdf_page_number=675 per locator contract
P2IIB-REP-1061,calculation/chapter_03/section_3_3/page_elements.csv,CAL-P00676-CAL-SEC-3.3.1-001,source_locator_derivation,CAL-P00676,calc_pdf_p676,0,derived 'calc_pdf_p{pdf_page_number}' from pdf_page_number=676 per locator contract
P2IIB-REP-1062,calculation/chapter_03/section_3_3/page_elements.csv,CAL-P00676-CAL-SEC-3.3.1-002,source_locator_derivation,CAL-P00676,calc_pdf_p676,0,derived 'calc_pdf_p{pdf_page_number}' from pdf_page_number=676 per locator contract
P2IIB-REP-1063,calculation/chapter_03/section_3_3/page_elements.csv,CAL-P00676-CAL-SEC-3.3.1-003,source_locator_derivation,CAL-P00676,calc_pdf_p676,0,derived 'calc_pdf_p{pdf_page_number}' from pdf_page_number=676 per locator contract
P2IIB-REP-1064,calculation/chapter_03/section_3_3/page_elements.csv,CAL-P00676-CAL-SEC-3.3.1-004,source_locator_derivation,CAL-P00676,calc_pdf_p676,0,derived 'calc_pdf_p{pdf_page_number}' from pdf_page_number=676 per locator contract
P2IIB-REP-1065,calculation/chapter_03/section_3_3/page_elements.csv,CAL-P00677-CAL-SEC-3.3.1-001,source_locator_derivation,CAL-P00677,calc_pdf_p677,0,derived 'calc_pdf_p{pdf_page_number}' from pdf_page_number=677 per locator contract
P2IIB-REP-1066,calculation/chapter_03/section_3_3/page_elements.csv,CAL-P00677-CAL-SEC-3.3.1-002,source_locator_derivation,CAL-P00677,calc_pdf_p677,0,derived 'calc_pdf_p{pdf_page_number}' from pdf_page_number=677 per locator contract
P2IIB-REP-1067,calculation/chapter_03/section_3_3/page_elements.csv,CAL-P00678-CAL-SEC-3.3.1-001,source_locator_derivation,CAL-P00678,calc_pdf_p678,0,derived 'calc_pdf_p{pdf_page_number}' from pdf_page_number=678 per locator contract
P2IIB-REP-1068,calculation/chapter_03/section_3_3/page_elements.csv,CAL-P00679-CAL-SEC-3.3.2-001,source_locator_derivation,CAL-P00679,calc_pdf_p679,0,derived 'calc_pdf_p{pdf_page_number}' from pdf_page_number=679 per locator contract
P2IIB-REP-1069,calculation/chapter_03/section_3_3/page_elements.csv,CAL-P00679-CAL-SEC-3.3.2-002,source_locator_derivation,CAL-P00679,calc_pdf_p679,0,derived 'calc_pdf_p{pdf_page_number}' from pdf_page_number=679 per locator contract
P2IIB-REP-1070,calculation/chapter_03/section_3_3/page_elements.csv,CAL-P00679-CAL-SEC-3.3.2-003,source_locator_derivation,CAL-P00679,calc_pdf_p679,0,derived 'calc_pdf_p{pdf_page_number}' from pdf_page_number=679 per locator contract
P2IIB-REP-1071,calculation/chapter_03/section_3_3/page_elements.csv,CAL-P00685-CAL-SEC-3.3.3-001,source_locator_derivation,CAL-P00685,calc_pdf_p685,0,derived 'calc_pdf_p{pdf_page_number}' from pdf_page_number=685 per locator contract
P2IIB-REP-1072,calculation/chapter_03/section_3_3/page_elements.csv,CAL-P00685-CAL-SEC-3.3.3-002,source_locator_derivation,CAL-P00685,calc_pdf_p685,0,derived 'calc_pdf_p{pdf_page_number}' from pdf_page_number=685 per locator contract
P2IIB-REP-1073,calculation/chapter_03/section_3_3/page_elements.csv,CAL-P00686-CAL-SEC-3.3.3-001,source_locator_derivation,CAL-P00686,calc_pdf_p686,0,derived 'calc_pdf_p{pdf_page_number}' from pdf_page_number=686 per locator contract
P2IIB-REP-1074,calculation/chapter_03/section_3_3/page_elements.csv,CAL-P00686-CAL-SEC-3.3.3-002,source_locator_derivation,CAL-P00686,calc_pdf_p686,0,derived 'calc_pdf_p{pdf_page_number}' from pdf_page_number=686 per locator contract
P2IIB-REP-1075,calculation/chapter_03/section_3_3/page_elements.csv,CAL-P00687-CAL-SEC-3.3.4-001,source_locator_derivation,CAL-P00687,calc_pdf_p687,0,derived 'calc_pdf_p{pdf_page_number}' from pdf_page_number=687 per locator contract
P2IIB-REP-1076,calculation/chapter_03/section_3_3/page_elements.csv,CAL-P00687-CAL-SEC-3.3.4-002,source_locator_derivation,CAL-P00687,calc_pdf_p687,0,derived 'calc_pdf_p{pdf_page_number}' from pdf_page_number=687 per locator contract
P2IIB-REP-1077,calculation/chapter_03/section_3_3/page_elements.csv,CAL-P00688-CAL-SEC-3.3.4-001,source_locator_derivation,CAL-P00688,calc_pdf_p688,0,derived 'calc_pdf_p{pdf_page_number}' from pdf_page_number=688 per locator contract
P2IIB-REP-1078,calculation/chapter_03/section_3_3/page_elements.csv,CAL-P00689-CAL-SEC-3.3.4-001,source_locator_derivation,CAL-P00689,calc_pdf_p689,0,derived 'calc_pdf_p{pdf_page_number}' from pdf_page_number=689 per locator contract
P2IIB-REP-1079,calculation/chapter_03/section_3_3/page_elements.csv,CAL-P00689-CAL-SEC-3.3.4-002,source_locator_derivation,CAL-P00689,calc_pdf_p689,0,derived 'calc_pdf_p{pdf_page_number}' from pdf_page_number=689 per locator contract
P2IIB-REP-1080,calculation/chapter_03/section_3_3/page_elements.csv,CAL-P00691-CAL-SEC-3.3.4-001,source_locator_derivation,CAL-P00691,calc_pdf_p691,0,derived 'calc_pdf_p{pdf_page_number}' from pdf_page_number=691 per locator contract
P2IIB-REP-1081,calculation/chapter_03/section_3_3/page_elements.csv,CAL-P00696-CAL-SEC-3.3.4-001,source_locator_derivation,CAL-P00696,calc_pdf_p696,0,derived 'calc_pdf_p{pdf_page_number}' from pdf_page_number=696 per locator contract
P2IIB-REP-1082,calculation/chapter_03/section_3_3/page_elements.csv,CAL-P00696-CAL-SEC-3.3.4-002,source_locator_derivation,CAL-P00696,calc_pdf_p696,0,derived 'calc_pdf_p{pdf_page_number}' from pdf_page_number=696 per locator contract
P2IIB-REP-1083,calculation/chapter_03/section_3_3/page_elements.csv,CAL-P00698-CAL-SEC-3.3.4-001,source_locator_derivation,CAL-P00698,calc_pdf_p698,0,derived 'calc_pdf_p{pdf_page_number}' from pdf_page_number=698 per locator contract
P2IIB-REP-1084,calculation/chapter_03/section_3_3/page_elements.csv,CAL-P00704-CAL-SEC-3.3.5-001,source_locator_derivation,CAL-P00704,calc_pdf_p704,0,derived 'calc_pdf_p{pdf_page_number}' from pdf_page_number=704 per locator contract
P2IIB-REP-1085,calculation/chapter_03/section_3_3/page_elements.csv,CAL-P00704-CAL-SEC-3.3.5-002,source_locator_derivation,CAL-P00704,calc_pdf_p704,0,derived 'calc_pdf_p{pdf_page_number}' from pdf_page_number=704 per locator contract
P2IIB-REP-1086,calculation/chapter_03/section_3_3/page_elements.csv,CAL-P00705-CAL-SEC-3.3.5-001,source_locator_derivation,CAL-P00705,calc_pdf_p705,0,derived 'calc_pdf_p{pdf_page_number}' from pdf_page_number=705 per locator contract
P2IIB-REP-1087,calculation/chapter_03/section_3_3/page_elements.csv,CAL-P00707-CAL-SEC-3.3.5-001,source_locator_derivation,CAL-P00707,calc_pdf_p707,0,derived 'calc_pdf_p{pdf_page_number}' from pdf_page_number=707 per locator contract
P2IIB-REP-1088,calculation/chapter_03/section_3_3/page_elements.csv,CAL-P00710-CAL-SEC-3.3.5-001,source_locator_derivation,CAL-P00710,calc_pdf_p710,0,derived 'calc_pdf_p{pdf_page_number}' from pdf_page_number=710 per locator contract
P2IIB-REP-1089,calculation/chapter_03/section_3_3/page_elements.csv,CAL-P00711-CAL-SEC-3.3.5-001,source_locator_derivation,CAL-P00711,calc_pdf_p711,0,derived 'calc_pdf_p{pdf_page_number}' from pdf_page_number=711 per locator contract
P2IIB-REP-1090,calculation/chapter_03/section_3_3/page_elements.csv,CAL-P00714-CAL-SEC-3.3.5-001,source_locator_derivation,CAL-P00714,calc_pdf_p714,0,derived 'calc_pdf_p{pdf_page_number}' from pdf_page_number=714 per locator contract
P2IIB-REP-1091,calculation/chapter_03/section_3_3/page_elements.csv,CAL-P00720-CAL-SEC-3.3.5-001,source_locator_derivation,CAL-P00720,calc_pdf_p720,0,derived 'calc_pdf_p{pdf_page_number}' from pdf_page_number=720 per locator contract
P2IIB-REP-1092,calculation/chapter_03/section_3_3/page_elements.csv,CAL-P00735-CAL-SEC-3.3.6-001,source_locator_derivation,CAL-P00735,calc_pdf_p735,0,derived 'calc_pdf_p{pdf_page_number}' from pdf_page_number=735 per locator contract
P2IIB-REP-1093,calculation/chapter_03/section_3_3/page_elements.csv,CAL-P00735-CAL-SEC-3.3.6-002,source_locator_derivation,CAL-P00735,calc_pdf_p735,0,derived 'calc_pdf_p{pdf_page_number}' from pdf_page_number=735 per locator contract
P2IIB-REP-1094,calculation/chapter_03/section_3_3/page_elements.csv,CAL-P00736-CAL-SEC-3.3.6-001,source_locator_derivation,CAL-P00736,calc_pdf_p736,0,derived 'calc_pdf_p{pdf_page_number}' from pdf_page_number=736 per locator contract
P2IIB-REP-1095,calculation/chapter_03/section_3_3/page_elements.csv,CAL-P00738-CAL-SEC-3.3.6-001,source_locator_derivation,CAL-P00738,calc_pdf_p738,0,derived 'calc_pdf_p{pdf_page_number}' from pdf_page_number=738 per locator contract
P2IIB-REP-1096,calculation/chapter_03/section_3_3/page_elements.csv,CAL-P00741-CAL-SEC-3.3.6-001,source_locator_derivation,CAL-P00741,calc_pdf_p741,0,derived 'calc_pdf_p{pdf_page_number}' from pdf_page_number=741 per locator contract
P2IIB-REP-1097,calculation/chapter_03/section_3_3/page_elements.csv,CAL-P00744-CAL-SEC-3.3.6-001,source_locator_derivation,CAL-P00744,calc_pdf_p744,0,derived 'calc_pdf_p{pdf_page_number}' from pdf_page_number=744 per locator contract
P2IIB-REP-1098,calculation/chapter_03/section_3_3/page_elements.csv,CAL-P00757-CAL-SEC-3.3.6-001,source_locator_derivation,CAL-P00757,calc_pdf_p757,0,derived 'calc_pdf_p{pdf_page_number}' from pdf_page_number=757 per locator contract
P2IIB-REP-1099,calculation/chapter_03/section_3_3/page_elements.csv,CAL-P00762-CAL-SEC-3.3.7-001,source_locator_derivation,CAL-P00762,calc_pdf_p762,0,derived 'calc_pdf_p{pdf_page_number}' from pdf_page_number=762 per locator contract
P2IIB-REP-1100,calculation/chapter_03/section_3_3/page_elements.csv,CAL-P00763-CAL-SEC-3.3.7-001,source_locator_derivation,CAL-P00763,calc_pdf_p763,0,derived 'calc_pdf_p{pdf_page_number}' from pdf_page_number=763 per locator contract
P2IIB-REP-1101,calculation/chapter_03/section_3_3/page_elements.csv,CAL-P00764-CAL-SEC-3.3.7-001,source_locator_derivation,CAL-P00764,calc_pdf_p764,0,derived 'calc_pdf_p{pdf_page_number}' from pdf_page_number=764 per locator contract
P2IIB-REP-1102,calculation/chapter_03/section_3_3/tables.csv,CAL-TBL-P00685-001,column_shift,"[""CAL-TBL-P00685-001"", ""685"", ""680"", ""CAL-CH3"", ""CAL-SEC-3.3.3"", ""風荷重計算"", ""項目/値"", ""設計基準風速V"", ""40 m/s"", ""40"", ""m/s"", ""40"", ""m/s"", ""DESIGN_PARAMETER"", ""CAL-P00685-TBL"", ""HIGH"", ""UNVERIFIED""]","[""CAL-TBL-P00685-001"", ""685"", ""680"", ""CAL-CH3"", ""CAL-SEC-3.3.3"", ""風荷重計算"", ""項目/値"", ""設計基準風速V"", """", ""40 m/s"", ""40"", ""m/s"", ""40"", ""m/s"", ""DESIGN_PARAMETER"", ""CAL-P00685-TBL"", ""HIGH"", ""UNVERIFIED""]",-1,LEFT-shift: inserted 1 empty cell(s) at column index 8 (column_key) to restore header alignment
P2IIB-REP-1103,calculation/chapter_03/section_3_3/tables.csv,CAL-TBL-P00685-002,column_shift,"[""CAL-TBL-P00685-002"", ""685"", ""680"", ""CAL-CH3"", ""CAL-SEC-3.3.3"", ""風荷重計算"", ""項目/値"", ""橋の総幅B"", ""8.010 m"", ""8.010"", ""m"", ""8.010"", ""m"", ""DIMENSION"", ""CAL-P00685-TBL"", ""HIGH"", ""UNVERIFIED""]","[""CAL-TBL-P00685-002"", ""685"", ""680"", ""CAL-CH3"", ""CAL-SEC-3.3.3"", ""風荷重計算"", ""項目/値"", ""橋の総幅B"", """", ""8.010 m"", ""8.010"", ""m"", ""8.010"", ""m"", ""DIMENSION"", ""CAL-P00685-TBL"", ""HIGH"", ""UNVERIFIED""]",-1,LEFT-shift: inserted 1 empty cell(s) at column index 8 (column_key) to restore header alignment
P2IIB-REP-1104,calculation/chapter_03/section_3_3/tables.csv,CAL-TBL-P00685-003,column_shift,"[""CAL-TBL-P00685-003"", ""685"", ""680"", ""CAL-CH3"", ""CAL-SEC-3.3.3"", ""風荷重計算"", ""項目/値"", ""橋の総高D"", ""8.110 m"", ""8.110"", ""m"", ""8.110"", ""m"", ""DIMENSION"", ""CAL-P00685-TBL"", ""HIGH"", ""UNVERIFIED""]","[""CAL-TBL-P00685-003"", ""685"", ""680"", ""CAL-CH3"", ""CAL-SEC-3.3.3"", ""風荷重計算"", ""項目/値"", ""橋の総高D"", """", ""8.110 m"", ""8.110"", ""m"", ""8.110"", ""m"", ""DIMENSION"", ""CAL-P00685-TBL"", ""HIGH"", ""UNVERIFIED""]",-1,LEFT-shift: inserted 1 empty cell(s) at column index 8 (column_key) to restore header alignment
P2IIB-REP-1105,calculation/chapter_03/section_3_3/tables.csv,CAL-TBL-P00685-004,column_shift,"[""CAL-TBL-P00685-004"", ""685"", ""680"", ""CAL-CH3"", ""CAL-SEC-3.3.3"", ""風荷重計算"", ""項目/値"", ""並列橋補正係数α"", ""1.30"", """", ""1.30"", """", ""COEFFICIENT"", ""CAL-P00685-TBL"", ""HIGH"", ""UNVERIFIED""]","[""CAL-TBL-P00685-004"", ""685"", ""680"", ""CAL-CH3"", ""CAL-SEC-3.3.3"", ""風荷重計算"", ""項目/値"", ""並列橋補正係数α"", """", """", ""1.30"", """", ""1.30"", """", ""COEFFICIENT"", ""CAL-P00685-TBL"", ""HIGH"", ""UNVERIFIED""]",-2,LEFT-shift: inserted 2 empty cell(s) at column index 8 (column_key) to restore header alignment
P2IIB-REP-1106,calculation/chapter_03/section_3_3/tables.csv,CAL-TBL-P00685-005,column_shift,"[""CAL-TBL-P00685-005"", ""685"", ""680"", ""CAL-CH3"", ""CAL-SEC-3.3.3"", ""風荷重計算"", ""項目/値"", ""風荷重WS"", ""40.06 kN/m"", ""40.06"", ""kN/m"", ""40.06"", ""kN/m"", ""LOAD_VALUE"", ""CAL-P00685-TBL"", ""HIGH"", ""UNVERIFIED""]","[""CAL-TBL-P00685-005"", ""685"", ""680"", ""CAL-CH3"", ""CAL-SEC-3.3.3"", ""風荷重計算"", ""項目/値"", ""風荷重WS"", """", ""40.06 kN/m"", ""40.06"", ""kN/m"", ""40.06"", ""kN/m"", ""LOAD_VALUE"", ""CAL-P00685-TBL"", ""HIGH"", ""UNVERIFIED""]",-1,LEFT-shift: inserted 1 empty cell(s) at column index 8 (column_key) to restore header alignment
P2IIB-REP-1107,calculation/chapter_03/section_3_3/tables.csv,CAL-TBL-P00686-001,column_shift,"[""CAL-TBL-P00686-001"", ""686"", ""681"", ""CAL-CH3"", ""CAL-SEC-3.3.3"", ""地震荷重"", ""項目/値"", ""全死荷重反力Wd"", ""17955.7 kN"", ""17955.7"", ""kN"", ""17955.7"", ""kN"", ""ANALYSIS_RESULT"", ""CAL-P00686-TBL"", ""HIGH"", ""UNVERIFIED""]","[""CAL-TBL-P00686-001"", ""686"", ""681"", ""CAL-CH3"", ""CAL-SEC-3.3.3"", ""地震荷重"", ""項目/値"", ""全死荷重反力Wd"", """", ""17955.7 kN"", ""17955.7"", ""kN"", ""17955.7"", ""kN"", ""ANALYSIS_RESULT"", ""CAL-P00686-TBL"", ""HIGH"", ""UNVERIFIED""]",-1,LEFT-shift: inserted 1 empty cell(s) at column index 8 (column_key) to restore header alignment
P2IIB-REP-1108,calculation/chapter_03/section_3_3/tables.csv,CAL-TBL-P00686-002,column_shift,"[""CAL-TBL-P00686-002"", ""686"", ""681"", ""CAL-CH3"", ""CAL-SEC-3.3.3"", ""地震荷重"", ""項目/値"", ""地震荷重L1 We"", ""35.89 kN/m"", ""35.89"", ""kN/m"", ""35.89"", ""kN/m"", ""LOAD_VALUE"", ""CAL-P00686-TBL"", ""HIGH"", ""UNVERIFIED""]","[""CAL-TBL-P00686-002"", ""686"", ""681"", ""CAL-CH3"", ""CAL-SEC-3.3.3"", ""地震荷重"", ""項目/値"", ""地震荷重L1 We"", """", ""35.89 kN/m"", ""35.89"", ""kN/m"", ""35.89"", ""kN/m"", ""LOAD_VALUE"", ""CAL-P00686-TBL"", ""HIGH"", ""UNVERIFIED""]",-1,LEFT-shift: inserted 1 empty cell(s) at column index 8 (column_key) to restore header alignment
P2IIB-REP-1109,calculation/chapter_03/section_3_3/tables.csv,CAL-TBL-P00686-003,column_shift,"[""CAL-TBL-P00686-003"", ""686"", ""681"", ""CAL-CH3"", ""CAL-SEC-3.3.3"", ""水平反力表"", ""支点/A(+)/A(-)/ΣA/Rw/Re"", ""PR1 A(+)"", ""53.892 m2"", ""53.892"", ""m2"", ""53.892"", ""m2"", ""AREA"", ""CAL-P00686-TBL"", ""HIGH"", ""UNVERIFIED""]","[""CAL-TBL-P00686-003"", ""686"", ""681"", ""CAL-CH3"", ""CAL-SEC-3.3.3"", ""水平反力表"", ""支点/A(+)/A(-)/ΣA/Rw/Re"", ""PR1 A(+)"", """", ""53.892 m2"", ""53.892"", ""m2"", ""53.892"", ""m2"", ""AREA"", ""CAL-P00686-TBL"", ""HIGH"", ""UNVERIFIED""]",-1,LEFT-shift: inserted 1 empty cell(s) at column index 8 (column_key) to restore header alignment
P2IIB-REP-1110,calculation/chapter_03/section_3_3/tables.csv,CAL-TBL-P00686-004,column_shift,"[""CAL-TBL-P00686-004"", ""686"", ""681"", ""CAL-CH3"", ""CAL-SEC-3.3.3"", ""水平反力表"", ""支点/A(+)/A(-)/ΣA/Rw/Re"", ""PR1 Rw"", ""2159.12 kN"", ""2159.12"", ""kN"", ""2159.12"", ""kN"", ""LOAD_VALUE"", ""CAL-P00686-TBL"", ""HIGH"", ""UNVERIFIED""]","[""CAL-TBL-P00686-004"", ""686"", ""681"", ""CAL-CH3"", ""CAL-SEC-3.3.3"", ""水平反力表"", ""支点/A(+)/A(-)/ΣA/Rw/Re"", ""PR1 Rw"", """", ""2159.12 kN"", ""2159.12"", ""kN"", ""2159.12"", ""kN"", ""LOAD_VALUE"", ""CAL-P00686-TBL"", ""HIGH"", ""UNVERIFIED""]",-1,LEFT-shift: inserted 1 empty cell(s) at column index 8 (column_key) to restore header alignment
P2IIB-REP-1111,calculation/chapter_03/section_3_3/tables.csv,CAL-TBL-P00686-005,column_shift,"[""CAL-TBL-P00686-005"", ""686"", ""681"", ""CAL-CH3"", ""CAL-SEC-3.3.3"", ""水平反力表"", ""支点/A(+)/A(-)/ΣA/Rw/Re"", ""PR1 Re"", ""1824.37 kN"", ""1824.37"", ""kN"", ""1824.37"", ""kN"", ""LOAD_VALUE"", ""CAL-P00686-TBL"", ""HIGH"", ""UNVERIFIED""]","[""CAL-TBL-P00686-005"", ""686"", ""681"", ""CAL-CH3"", ""CAL-SEC-3.3.3"", ""水平反力表"", ""支点/A(+)/A(-)/ΣA/Rw/Re"", ""PR1 Re"", """", ""1824.37 kN"", ""1824.37"", ""kN"", ""1824.37"", ""kN"", ""LOAD_VALUE"", ""CAL-P00686-TBL"", ""HIGH"", ""UNVERIFIED""]",-1,LEFT-shift: inserted 1 empty cell(s) at column index 8 (column_key) to restore header alignment
P2IIB-REP-1112,calculation/chapter_03/section_3_3/tables.csv,CAL-TBL-P00685-001,source_locator_derivation,CAL-P00685-TBL,calc_pdf_p685,0,derived 'calc_pdf_p{pdf_page_number}' from pdf_page_number=685 per locator contract
P2IIB-REP-1113,calculation/chapter_03/section_3_3/tables.csv,CAL-TBL-P00685-002,source_locator_derivation,CAL-P00685-TBL,calc_pdf_p685,0,derived 'calc_pdf_p{pdf_page_number}' from pdf_page_number=685 per locator contract
P2IIB-REP-1114,calculation/chapter_03/section_3_3/tables.csv,CAL-TBL-P00685-003,source_locator_derivation,CAL-P00685-TBL,calc_pdf_p685,0,derived 'calc_pdf_p{pdf_page_number}' from pdf_page_number=685 per locator contract
P2IIB-REP-1115,calculation/chapter_03/section_3_3/tables.csv,CAL-TBL-P00685-004,source_locator_derivation,CAL-P00685-TBL,calc_pdf_p685,0,derived 'calc_pdf_p{pdf_page_number}' from pdf_page_number=685 per locator contract
P2IIB-REP-1116,calculation/chapter_03/section_3_3/tables.csv,CAL-TBL-P00685-005,source_locator_derivation,CAL-P00685-TBL,calc_pdf_p685,0,derived 'calc_pdf_p{pdf_page_number}' from pdf_page_number=685 per locator contract
P2IIB-REP-1117,calculation/chapter_03/section_3_3/tables.csv,CAL-TBL-P00686-001,source_locator_derivation,CAL-P00686-TBL,calc_pdf_p686,0,derived 'calc_pdf_p{pdf_page_number}' from pdf_page_number=686 per locator contract
P2IIB-REP-1118,calculation/chapter_03/section_3_3/tables.csv,CAL-TBL-P00686-002,source_locator_derivation,CAL-P00686-TBL,calc_pdf_p686,0,derived 'calc_pdf_p{pdf_page_number}' from pdf_page_number=686 per locator contract
P2IIB-REP-1119,calculation/chapter_03/section_3_3/tables.csv,CAL-TBL-P00686-003,source_locator_derivation,CAL-P00686-TBL,calc_pdf_p686,0,derived 'calc_pdf_p{pdf_page_number}' from pdf_page_number=686 per locator contract
P2IIB-REP-1120,calculation/chapter_03/section_3_3/tables.csv,CAL-TBL-P00686-004,source_locator_derivation,CAL-P00686-TBL,calc_pdf_p686,0,derived 'calc_pdf_p{pdf_page_number}' from pdf_page_number=686 per locator contract
P2IIB-REP-1121,calculation/chapter_03/section_3_3/tables.csv,CAL-TBL-P00686-005,source_locator_derivation,CAL-P00686-TBL,calc_pdf_p686,0,derived 'calc_pdf_p{pdf_page_number}' from pdf_page_number=686 per locator contract
P2IIB-REP-1122,calculation/chapter_03/section_3_3/values.csv,CAL-VAL-P00685-001,source_locator_derivation,CAL-P00685-TBL,calc_pdf_p685,0,derived 'calc_pdf_p{pdf_page_number}' from pdf_page_number=685 per locator contract
P2IIB-REP-1123,calculation/chapter_03/section_3_3/values.csv,CAL-VAL-P00685-002,source_locator_derivation,CAL-P00685-TBL,calc_pdf_p685,0,derived 'calc_pdf_p{pdf_page_number}' from pdf_page_number=685 per locator contract
P2IIB-REP-1124,calculation/chapter_03/section_3_3/values.csv,CAL-VAL-P00685-003,source_locator_derivation,CAL-P00685-TBL,calc_pdf_p685,0,derived 'calc_pdf_p{pdf_page_number}' from pdf_page_number=685 per locator contract
P2IIB-REP-1125,calculation/chapter_03/section_3_3/values.csv,CAL-VAL-P00685-004,source_locator_derivation,CAL-P00685-TBL,calc_pdf_p685,0,derived 'calc_pdf_p{pdf_page_number}' from pdf_page_number=685 per locator contract
P2IIB-REP-1126,calculation/chapter_03/section_3_3/values.csv,CAL-VAL-P00685-005,source_locator_derivation,CAL-P00685-TBL,calc_pdf_p685,0,derived 'calc_pdf_p{pdf_page_number}' from pdf_page_number=685 per locator contract
P2IIB-REP-1127,calculation/chapter_03/section_3_3/values.csv,CAL-VAL-P00685-006,source_locator_derivation,CAL-P00685-TBL,calc_pdf_p685,0,derived 'calc_pdf_p{pdf_page_number}' from pdf_page_number=685 per locator contract
P2IIB-REP-1128,calculation/chapter_03/section_3_3/values.csv,CAL-VAL-P00686-001,source_locator_derivation,CAL-P00686-TBL,calc_pdf_p686,0,derived 'calc_pdf_p{pdf_page_number}' from pdf_page_number=686 per locator contract
P2IIB-REP-1129,calculation/chapter_03/section_3_3/values.csv,CAL-VAL-P00686-002,source_locator_derivation,CAL-P00686-TBL,calc_pdf_p686,0,derived 'calc_pdf_p{pdf_page_number}' from pdf_page_number=686 per locator contract
P2IIB-REP-1130,calculation/chapter_03/section_3_3/values.csv,CAL-VAL-P00686-003,source_locator_derivation,CAL-P00686-TBL,calc_pdf_p686,0,derived 'calc_pdf_p{pdf_page_number}' from pdf_page_number=686 per locator contract
P2IIB-REP-1131,calculation/chapter_03/section_3_3/values.csv,CAL-VAL-P00686-004,source_locator_derivation,CAL-P00686-TBL,calc_pdf_p686,0,derived 'calc_pdf_p{pdf_page_number}' from pdf_page_number=686 per locator contract
P2IIB-REP-1132,calculation/chapter_03/section_3_3/values.csv,CAL-VAL-P00686-005,source_locator_derivation,CAL-P00686-TBL,calc_pdf_p686,0,derived 'calc_pdf_p{pdf_page_number}' from pdf_page_number=686 per locator contract
P2IIB-REP-1133,calculation/chapter_03/section_3_3/values.csv,CAL-VAL-P00686-006,source_locator_derivation,CAL-P00686-TBL,calc_pdf_p686,0,derived 'calc_pdf_p{pdf_page_number}' from pdf_page_number=686 per locator contract
P2IIB-REP-1134,calculation/chapter_03/section_3_3/values.csv,CAL-VAL-P00686-007,source_locator_derivation,CAL-P00686-TBL,calc_pdf_p686,0,derived 'calc_pdf_p{pdf_page_number}' from pdf_page_number=686 per locator contract
P2IIB-REP-1135,calculation/chapter_03/section_3_3/values.csv,CAL-VAL-P00686-008,source_locator_derivation,CAL-P00686-TBL,calc_pdf_p686,0,derived 'calc_pdf_p{pdf_page_number}' from pdf_page_number=686 per locator contract
P2IIB-REP-1136,calculation/chapter_03/section_3_5/figures.csv,CAL-FIG-P00790-001,source_locator_derivation,CAL-P00790-TBL,calc_pdf_p790,0,derived 'calc_pdf_p{pdf_page_number}' from pdf_page_number=790 per locator contract
P2IIB-REP-1137,calculation/chapter_03/section_3_5/formulas.csv,CAL-FML-P00791-001,column_shift,"[""CAL-FML-P00791-001"", ""791"", ""786"", ""CAL-CH3"", ""CAL-SEC-3.5.2"", ""鋼桁風"", ""WS=40.06*2.700/8.110=13.34kN/m"", ""WS=40.06"", ""Dg=2.700"", ""D=8.110"", ""道示I8.17"", ""NUMERIC_SUBSTITUTION"", ""CAL-P00791"", ""HIGH"", ""UNVERIFIED""]","[""CAL-FML-P00791-001"", ""791"", ""786"", ""CAL-CH3"", ""CAL-SEC-3.5.2"", ""鋼桁風"", ""WS=40.06*2.700/8.110=13.34kN/m"", ""WS=40.06, Dg=2.700, D=8.110"", ""道示I8.17"", ""NUMERIC_SUBSTITUTION"", ""CAL-P00791"", ""HIGH"", ""UNVERIFIED""]",2,"formula row re-aligned: expression='WS=40.06*2.700/8.110=13.34kN/m', variable_symbols='WS=40.06, Dg=2.700, D=8.110'"
P2IIB-REP-1138,calculation/chapter_03/section_3_5/formulas.csv,CAL-FML-P00791-003,column_shift,"[""CAL-FML-P00791-003"", ""791"", ""786"", ""CAL-CH3"", ""CAL-SEC-3.5.2"", ""地震L2"", ""We=18853.5*1.36/131.325=195.25kN/m"", ""Wd=18853.5"", ""Kh=1.36"", ""L=131.325"", """", ""NUMERIC_SUBSTITUTION"", ""CAL-P00791"", ""HIGH"", ""UNVERIFIED""]","[""CAL-FML-P00791-003"", ""791"", ""786"", ""CAL-CH3"", ""CAL-SEC-3.5.2"", ""地震L2"", ""We=18853.5*1.36/131.325=195.25kN/m"", ""Wd=18853.5, Kh=1.36, L=131.325"", """", ""NUMERIC_SUBSTITUTION"", ""CAL-P00791"", ""HIGH"", ""UNVERIFIED""]",2,"formula row re-aligned: expression='We=18853.5*1.36/131.325=195.25kN/m', variable_symbols='Wd=18853.5, Kh=1.36, L=131.325'"
P2IIB-REP-1139,calculation/chapter_03/section_3_5/formulas.csv,CAL-FML-P00791-005,column_shift,"[""CAL-FML-P00791-005"", ""791"", ""786"", ""CAL-CH3"", ""CAL-SEC-3.5.2"", ""Pw"", ""Pw=1.00*1.25*6.67=8.34kN/m"", ""γp=1.00"", ""γq=1.25"", ""WS=6.67"", """", ""NUMERIC_SUBSTITUTION"", ""CAL-P00791"", ""HIGH"", ""UNVERIFIED""]","[""CAL-FML-P00791-005"", ""791"", ""786"", ""CAL-CH3"", ""CAL-SEC-3.5.2"", ""Pw"", ""Pw=1.00*1.25*6.67=8.34kN/m"", ""γp=1.00, γq=1.25, WS=6.67"", """", ""NUMERIC_SUBSTITUTION"", ""CAL-P00791"", ""HIGH"", ""UNVERIFIED""]",2,"formula row re-aligned: expression='Pw=1.00*1.25*6.67=8.34kN/m', variable_symbols='γp=1.00, γq=1.25, WS=6.67'"
P2IIB-REP-1140,calculation/chapter_03/section_3_5/formulas.csv,CAL-FML-P00791-006,column_shift,"[""CAL-FML-P00791-006"", ""791"", ""786"", ""CAL-CH3"", ""CAL-SEC-3.5.2"", ""Pe"", ""Pe=1.00*1.00*48.81*0.765=37.34kN/m"", ""γp=1.00"", ""γq=1.00"", ""We=48.81"", ""Keq=0.765"", """", ""NUMERIC_SUBSTITUTION"", ""CAL-P00791"", ""HIGH"", ""UNVERIFIED""]","[""CAL-FML-P00791-006"", ""791"", ""786"", ""CAL-CH3"", ""CAL-SEC-3.5.2"", ""Pe"", ""Pe=1.00*1.00*48.81*0.765=37.34kN/m"", ""γp=1.00, γq=1.00, We=48.81, Keq=0.765"", """", ""NUMERIC_SUBSTITUTION"", ""CAL-P00791"", ""HIGH"", ""UNVERIFIED""]",3,"formula row re-aligned: expression='Pe=1.00*1.00*48.81*0.765=37.34kN/m', variable_symbols='γp=1.00, γq=1.00, We=48.81, Keq=0.765'"
P2IIB-REP-1141,calculation/chapter_03/section_3_5/formulas.csv,CAL-FML-P00791-007,column_shift,"[""CAL-FML-P00791-007"", ""791"", ""786"", ""CAL-CH3"", ""CAL-SEC-3.5.2"", ""Keq"", ""Keq=0.90*0.85=0.765"", ""0.90"", ""0.85"", ""道示II表5.3.1"", ""FORMULA_DEFINITION"", ""CAL-P00791"", ""HIGH"", ""UNVERIFIED""]","[""CAL-FML-P00791-007"", ""791"", ""786"", ""CAL-CH3"", ""CAL-SEC-3.5.2"", ""Keq"", ""Keq=0.90*0.85=0.765"", ""0.90, 0.85"", ""道示II表5.3.1"", ""FORMULA_DEFINITION"", ""CAL-P00791"", ""HIGH"", ""UNVERIFIED""]",1,"formula row re-aligned: expression='Keq=0.90*0.85=0.765', variable_symbols='0.90, 0.85'"
P2IIB-REP-1142,calculation/chapter_03/section_3_5/formulas.csv,CAL-FML-P00791-001,source_locator_derivation,CAL-P00791,calc_pdf_p791,0,derived 'calc_pdf_p{pdf_page_number}' from pdf_page_number=791 per locator contract
P2IIB-REP-1143,calculation/chapter_03/section_3_5/formulas.csv,CAL-FML-P00791-002,source_locator_derivation,CAL-P00791,calc_pdf_p791,0,derived 'calc_pdf_p{pdf_page_number}' from pdf_page_number=791 per locator contract
P2IIB-REP-1144,calculation/chapter_03/section_3_5/formulas.csv,CAL-FML-P00791-003,source_locator_derivation,CAL-P00791,calc_pdf_p791,0,derived 'calc_pdf_p{pdf_page_number}' from pdf_page_number=791 per locator contract
P2IIB-REP-1145,calculation/chapter_03/section_3_5/formulas.csv,CAL-FML-P00791-004,source_locator_derivation,CAL-P00791,calc_pdf_p791,0,derived 'calc_pdf_p{pdf_page_number}' from pdf_page_number=791 per locator contract
P2IIB-REP-1146,calculation/chapter_03/section_3_5/formulas.csv,CAL-FML-P00791-005,source_locator_derivation,CAL-P00791,calc_pdf_p791,0,derived 'calc_pdf_p{pdf_page_number}' from pdf_page_number=791 per locator contract
P2IIB-REP-1147,calculation/chapter_03/section_3_5/formulas.csv,CAL-FML-P00791-006,source_locator_derivation,CAL-P00791,calc_pdf_p791,0,derived 'calc_pdf_p{pdf_page_number}' from pdf_page_number=791 per locator contract
P2IIB-REP-1148,calculation/chapter_03/section_3_5/formulas.csv,CAL-FML-P00791-007,source_locator_derivation,CAL-P00791,calc_pdf_p791,0,derived 'calc_pdf_p{pdf_page_number}' from pdf_page_number=791 per locator contract
P2IIB-REP-1149,calculation/chapter_03/section_3_5/notes.csv,CAL-NOT-P00789-001,source_locator_derivation,CAL-P00789,calc_pdf_p789,0,derived 'calc_pdf_p{pdf_page_number}' from pdf_page_number=789 per locator contract
P2IIB-REP-1150,calculation/chapter_03/section_3_5/notes.csv,CAL-NOT-P00789-002,source_locator_derivation,CAL-P00789,calc_pdf_p789,0,derived 'calc_pdf_p{pdf_page_number}' from pdf_page_number=789 per locator contract
P2IIB-REP-1151,calculation/chapter_03/section_3_5/notes.csv,CAL-NOT-P00789-003,source_locator_derivation,CAL-P00789,calc_pdf_p789,0,derived 'calc_pdf_p{pdf_page_number}' from pdf_page_number=789 per locator contract
P2IIB-REP-1152,calculation/chapter_03/section_3_5/notes.csv,CAL-NOT-P00791-001,source_locator_derivation,CAL-P00791,calc_pdf_p791,0,derived 'calc_pdf_p{pdf_page_number}' from pdf_page_number=791 per locator contract
P2IIB-REP-1153,calculation/chapter_03/section_3_5/notes.csv,CAL-NOT-P00792-001,source_locator_derivation,CAL-P00792,calc_pdf_p792,0,derived 'calc_pdf_p{pdf_page_number}' from pdf_page_number=792 per locator contract
P2IIB-REP-1154,calculation/chapter_03/section_3_5/page_elements.csv,CAL-P00788-CAL-SEC-3.5-001,source_locator_derivation,CAL-P00788,calc_pdf_p788,0,derived 'calc_pdf_p{pdf_page_number}' from pdf_page_number=788 per locator contract
P2IIB-REP-1155,calculation/chapter_03/section_3_5/page_elements.csv,CAL-P00789-CAL-SEC-3.5.1-001,source_locator_derivation,CAL-P00789,calc_pdf_p789,0,derived 'calc_pdf_p{pdf_page_number}' from pdf_page_number=789 per locator contract
P2IIB-REP-1156,calculation/chapter_03/section_3_5/page_elements.csv,CAL-P00789-CAL-SEC-3.5.1-002,source_locator_derivation,CAL-P00789,calc_pdf_p789,0,derived 'calc_pdf_p{pdf_page_number}' from pdf_page_number=789 per locator contract
P2IIB-REP-1157,calculation/chapter_03/section_3_5/page_elements.csv,CAL-P00789-CAL-SEC-3.5.1-003,source_locator_derivation,CAL-P00789,calc_pdf_p789,0,derived 'calc_pdf_p{pdf_page_number}' from pdf_page_number=789 per locator contract
P2IIB-REP-1158,calculation/chapter_03/section_3_5/page_elements.csv,CAL-P00790-CAL-SEC-3.5.1-001,source_locator_derivation,CAL-P00790,calc_pdf_p790,0,derived 'calc_pdf_p{pdf_page_number}' from pdf_page_number=790 per locator contract
P2IIB-REP-1159,calculation/chapter_03/section_3_5/page_elements.csv,CAL-P00790-CAL-SEC-3.5.1-002,source_locator_derivation,CAL-P00790,calc_pdf_p790,0,derived 'calc_pdf_p{pdf_page_number}' from pdf_page_number=790 per locator contract
P2IIB-REP-1160,calculation/chapter_03/section_3_5/page_elements.csv,CAL-P00791-CAL-SEC-3.5.2-001,source_locator_derivation,CAL-P00791,calc_pdf_p791,0,derived 'calc_pdf_p{pdf_page_number}' from pdf_page_number=791 per locator contract
P2IIB-REP-1161,calculation/chapter_03/section_3_5/page_elements.csv,CAL-P00791-CAL-SEC-3.5.2-002,source_locator_derivation,CAL-P00791,calc_pdf_p791,0,derived 'calc_pdf_p{pdf_page_number}' from pdf_page_number=791 per locator contract
P2IIB-REP-1162,calculation/chapter_03/section_3_5/page_elements.csv,CAL-P00791-CAL-SEC-3.5.2-003,source_locator_derivation,CAL-P00791,calc_pdf_p791,0,derived 'calc_pdf_p{pdf_page_number}' from pdf_page_number=791 per locator contract
P2IIB-REP-1163,calculation/chapter_03/section_3_5/page_elements.csv,CAL-P00792-CAL-SEC-3.5.3-001,source_locator_derivation,CAL-P00792,calc_pdf_p792,0,derived 'calc_pdf_p{pdf_page_number}' from pdf_page_number=792 per locator contract
P2IIB-REP-1164,calculation/chapter_03/section_3_5/page_elements.csv,CAL-P00792-CAL-SEC-3.5.3-002,source_locator_derivation,CAL-P00792,calc_pdf_p792,0,derived 'calc_pdf_p{pdf_page_number}' from pdf_page_number=792 per locator contract
P2IIB-REP-1165,calculation/chapter_03/section_3_5/page_elements.csv,CAL-P00793-CAL-SEC-3.5.4-001,source_locator_derivation,CAL-P00793,calc_pdf_p793,0,derived 'calc_pdf_p{pdf_page_number}' from pdf_page_number=793 per locator contract
P2IIB-REP-1166,calculation/chapter_03/section_3_5/page_elements.csv,CAL-P00793-CAL-SEC-3.5.4-002,source_locator_derivation,CAL-P00793,calc_pdf_p793,0,derived 'calc_pdf_p{pdf_page_number}' from pdf_page_number=793 per locator contract
P2IIB-REP-1167,calculation/chapter_03/section_3_5/page_elements.csv,CAL-P00797-CAL-SEC-3.5.5-001,source_locator_derivation,CAL-P00797,calc_pdf_p797,0,derived 'calc_pdf_p{pdf_page_number}' from pdf_page_number=797 per locator contract
P2IIB-REP-1168,calculation/chapter_03/section_3_5/page_elements.csv,CAL-P00797-CAL-SEC-3.5.5-002,source_locator_derivation,CAL-P00797,calc_pdf_p797,0,derived 'calc_pdf_p{pdf_page_number}' from pdf_page_number=797 per locator contract
P2IIB-REP-1169,calculation/chapter_03/section_3_5/page_elements.csv,CAL-P00800-CAL-SEC-3.5.6-001,source_locator_derivation,CAL-P00800,calc_pdf_p800,0,derived 'calc_pdf_p{pdf_page_number}' from pdf_page_number=800 per locator contract
P2IIB-REP-1170,calculation/chapter_03/section_3_5/page_elements.csv,CAL-P00800-CAL-SEC-3.5.6-002,source_locator_derivation,CAL-P00800,calc_pdf_p800,0,derived 'calc_pdf_p{pdf_page_number}' from pdf_page_number=800 per locator contract
P2IIB-REP-1171,calculation/chapter_03/section_3_5/page_elements.csv,CAL-P00816-CAL-SEC-3.5.6-001,source_locator_derivation,CAL-P00816,calc_pdf_p816,0,derived 'calc_pdf_p{pdf_page_number}' from pdf_page_number=816 per locator contract
P2IIB-REP-1172,calculation/chapter_03/section_3_5/tables.csv,CAL-TBL-P00790-001,column_shift,"[""CAL-TBL-P00790-001"", ""790"", ""785"", ""CAL-CH3"", ""CAL-SEC-3.5.1"", ""断面種類"", ""番号/構成/鋼種"", ""1"", ""FLG370x22 WEB200x22 SM490Y"", """", """", """", """", ""SECTION_PROPERTY"", ""CAL-P00790-TBL"", ""HIGH"", ""UNVERIFIED""]","[""CAL-TBL-P00790-001"", ""790"", ""785"", ""CAL-CH3"", ""CAL-SEC-3.5.1"", ""断面種類"", ""番号/構成/鋼種"", ""1"", """", ""FLG370x22 WEB200x22 SM490Y"", """", """", """", """", ""SECTION_PROPERTY"", ""CAL-P00790-TBL"", ""HIGH"", ""UNVERIFIED""]",-1,LEFT-shift: inserted 1 empty cell(s) at column index 8 (column_key) to restore header alignment
P2IIB-REP-1173,calculation/chapter_03/section_3_5/tables.csv,CAL-TBL-P00790-002,column_shift,"[""CAL-TBL-P00790-002"", ""790"", ""785"", ""CAL-CH3"", ""CAL-SEC-3.5.1"", ""断面種類"", ""番号/構成/鋼種"", ""2"", ""FLG250x19 WEB150x19 SM490Y"", """", """", """", """", ""SECTION_PROPERTY"", ""CAL-P00790-TBL"", ""HIGH"", ""UNVERIFIED""]","[""CAL-TBL-P00790-002"", ""790"", ""785"", ""CAL-CH3"", ""CAL-SEC-3.5.1"", ""断面種類"", ""番号/構成/鋼種"", ""2"", """", ""FLG250x19 WEB150x19 SM490Y"", """", """", """", """", ""SECTION_PROPERTY"", ""CAL-P00790-TBL"", ""HIGH"", ""UNVERIFIED""]",-1,LEFT-shift: inserted 1 empty cell(s) at column index 8 (column_key) to restore header alignment
P2IIB-REP-1174,calculation/chapter_03/section_3_5/tables.csv,CAL-TBL-P00790-003,column_shift,"[""CAL-TBL-P00790-003"", ""790"", ""785"", ""CAL-CH3"", ""CAL-SEC-3.5.1"", ""断面種類"", ""番号/構成/鋼種"", ""3"", ""FLG250x19 WEB150x19 SM400"", """", """", """", """", ""SECTION_PROPERTY"", ""CAL-P00790-TBL"", ""HIGH"", ""UNVERIFIED""]","[""CAL-TBL-P00790-003"", ""790"", ""785"", ""CAL-CH3"", ""CAL-SEC-3.5.1"", ""断面種類"", ""番号/構成/鋼種"", ""3"", """", ""FLG250x19 WEB150x19 SM400"", """", """", """", """", ""SECTION_PROPERTY"", ""CAL-P00790-TBL"", ""HIGH"", ""UNVERIFIED""]",-1,LEFT-shift: inserted 1 empty cell(s) at column index 8 (column_key) to restore header alignment
P2IIB-REP-1175,calculation/chapter_03/section_3_5/tables.csv,CAL-TBL-P00790-004,column_shift,"[""CAL-TBL-P00790-004"", ""790"", ""785"", ""CAL-CH3"", ""CAL-SEC-3.5.1"", ""断面種類"", ""番号/構成/鋼種"", ""4"", ""FLG250x12 WEB150x12 SM400"", """", """", """", """", ""SECTION_PROPERTY"", ""CAL-P00790-TBL"", ""HIGH"", ""UNVERIFIED""]","[""CAL-TBL-P00790-004"", ""790"", ""785"", ""CAL-CH3"", ""CAL-SEC-3.5.1"", ""断面種類"", ""番号/構成/鋼種"", ""4"", """", ""FLG250x12 WEB150x12 SM400"", """", """", """", """", ""SECTION_PROPERTY"", ""CAL-P00790-TBL"", ""HIGH"", ""UNVERIFIED""]",-1,LEFT-shift: inserted 1 empty cell(s) at column index 8 (column_key) to restore header alignment
P2IIB-REP-1176,calculation/chapter_03/section_3_5/tables.csv,CAL-TBL-P00791-001,column_shift,"[""CAL-TBL-P00791-001"", ""791"", ""786"", ""CAL-CH3"", ""CAL-SEC-3.5.2"", ""設計荷重"", ""項目/値"", ""風荷重Pw"", ""8.34 kN/m"", ""8.34"", ""kN/m"", ""8.34"", ""kN/m"", ""LOAD_VALUE"", ""CAL-P00791-TBL"", ""HIGH"", ""UNVERIFIED""]","[""CAL-TBL-P00791-001"", ""791"", ""786"", ""CAL-CH3"", ""CAL-SEC-3.5.2"", ""設計荷重"", ""項目/値"", ""風荷重Pw"", """", ""8.34 kN/m"", ""8.34"", ""kN/m"", ""8.34"", ""kN/m"", ""LOAD_VALUE"", ""CAL-P00791-TBL"", ""HIGH"", ""UNVERIFIED""]",-1,LEFT-shift: inserted 1 empty cell(s) at column index 8 (column_key) to restore header alignment
P2IIB-REP-1177,calculation/chapter_03/section_3_5/tables.csv,CAL-TBL-P00791-002,column_shift,"[""CAL-TBL-P00791-002"", ""791"", ""786"", ""CAL-CH3"", ""CAL-SEC-3.5.2"", ""設計荷重"", ""項目/値"", ""地震荷重Pe"", ""37.34 kN/m"", ""37.34"", ""kN/m"", ""37.34"", ""kN/m"", ""LOAD_VALUE"", ""CAL-P00791-TBL"", ""HIGH"", ""UNVERIFIED""]","[""CAL-TBL-P00791-002"", ""791"", ""786"", ""CAL-CH3"", ""CAL-SEC-3.5.2"", ""設計荷重"", ""項目/値"", ""地震荷重Pe"", """", ""37.34 kN/m"", ""37.34"", ""kN/m"", ""37.34"", ""kN/m"", ""LOAD_VALUE"", ""CAL-P00791-TBL"", ""HIGH"", ""UNVERIFIED""]",-1,LEFT-shift: inserted 1 empty cell(s) at column index 8 (column_key) to restore header alignment
P2IIB-REP-1178,calculation/chapter_03/section_3_5/tables.csv,CAL-TBL-P00792-001,column_shift,"[""CAL-TBL-P00792-001"", ""792"", ""787"", ""CAL-CH3"", ""CAL-SEC-3.5.3"", ""部材軸力"", ""コード/設計軸力"", ""D-10096"", ""N=1294.90 kN"", ""1294.90"", ""kN"", ""1294.90"", ""kN"", ""ANALYSIS_RESULT"", ""CAL-P00792-TBL"", ""HIGH"", ""UNVERIFIED""]","[""CAL-TBL-P00792-001"", ""792"", ""787"", ""CAL-CH3"", ""CAL-SEC-3.5.3"", ""部材軸力"", ""コード/設計軸力"", ""D-10096"", """", ""N=1294.90 kN"", ""1294.90"", ""kN"", ""1294.90"", ""kN"", ""ANALYSIS_RESULT"", ""CAL-P00792-TBL"", ""HIGH"", ""UNVERIFIED""]",-1,LEFT-shift: inserted 1 empty cell(s) at column index 8 (column_key) to restore header alignment
P2IIB-REP-1179,calculation/chapter_03/section_3_5/tables.csv,CAL-TBL-P00792-002,column_shift,"[""CAL-TBL-P00792-002"", ""792"", ""787"", ""CAL-CH3"", ""CAL-SEC-3.5.3"", ""部材軸力"", ""コード/設計軸力"", ""D-10086"", ""N=1274.69 kN"", ""1274.69"", ""kN"", ""1274.69"", ""kN"", ""ANALYSIS_RESULT"", ""CAL-P00792-TBL"", ""HIGH"", ""UNVERIFIED""]","[""CAL-TBL-P00792-002"", ""792"", ""787"", ""CAL-CH3"", ""CAL-SEC-3.5.3"", ""部材軸力"", ""コード/設計軸力"", ""D-10086"", """", ""N=1274.69 kN"", ""1274.69"", ""kN"", ""1274.69"", ""kN"", ""ANALYSIS_RESULT"", ""CAL-P00792-TBL"", ""HIGH"", ""UNVERIFIED""]",-1,LEFT-shift: inserted 1 empty cell(s) at column index 8 (column_key) to restore header alignment
P2IIB-REP-1180,calculation/chapter_03/section_3_5/tables.csv,CAL-TBL-P00792-003,column_shift,"[""CAL-TBL-P00792-003"", ""792"", ""787"", ""CAL-CH3"", ""CAL-SEC-3.5.3"", ""部材軸力"", ""コード/設計軸力"", ""D-10106"", ""N=1007.16 kN"", ""1007.16"", ""kN"", ""1007.16"", ""kN"", ""ANALYSIS_RESULT"", ""CAL-P00792-TBL"", ""HIGH"", ""UNVERIFIED""]","[""CAL-TBL-P00792-003"", ""792"", ""787"", ""CAL-CH3"", ""CAL-SEC-3.5.3"", ""部材軸力"", ""コード/設計軸力"", ""D-10106"", """", ""N=1007.16 kN"", ""1007.16"", ""kN"", ""1007.16"", ""kN"", ""ANALYSIS_RESULT"", ""CAL-P00792-TBL"", ""HIGH"", ""UNVERIFIED""]",-1,LEFT-shift: inserted 1 empty cell(s) at column index 8 (column_key) to restore header alignment
P2IIB-REP-1181,calculation/chapter_03/section_3_5/tables.csv,CAL-TBL-P00790-001,source_locator_derivation,CAL-P00790-TBL,calc_pdf_p790,0,derived 'calc_pdf_p{pdf_page_number}' from pdf_page_number=790 per locator contract
P2IIB-REP-1182,calculation/chapter_03/section_3_5/tables.csv,CAL-TBL-P00790-002,source_locator_derivation,CAL-P00790-TBL,calc_pdf_p790,0,derived 'calc_pdf_p{pdf_page_number}' from pdf_page_number=790 per locator contract
P2IIB-REP-1183,calculation/chapter_03/section_3_5/tables.csv,CAL-TBL-P00790-003,source_locator_derivation,CAL-P00790-TBL,calc_pdf_p790,0,derived 'calc_pdf_p{pdf_page_number}' from pdf_page_number=790 per locator contract
P2IIB-REP-1184,calculation/chapter_03/section_3_5/tables.csv,CAL-TBL-P00790-004,source_locator_derivation,CAL-P00790-TBL,calc_pdf_p790,0,derived 'calc_pdf_p{pdf_page_number}' from pdf_page_number=790 per locator contract
P2IIB-REP-1185,calculation/chapter_03/section_3_5/tables.csv,CAL-TBL-P00791-001,source_locator_derivation,CAL-P00791-TBL,calc_pdf_p791,0,derived 'calc_pdf_p{pdf_page_number}' from pdf_page_number=791 per locator contract
P2IIB-REP-1186,calculation/chapter_03/section_3_5/tables.csv,CAL-TBL-P00791-002,source_locator_derivation,CAL-P00791-TBL,calc_pdf_p791,0,derived 'calc_pdf_p{pdf_page_number}' from pdf_page_number=791 per locator contract
P2IIB-REP-1187,calculation/chapter_03/section_3_5/tables.csv,CAL-TBL-P00792-001,source_locator_derivation,CAL-P00792-TBL,calc_pdf_p792,0,derived 'calc_pdf_p{pdf_page_number}' from pdf_page_number=792 per locator contract
P2IIB-REP-1188,calculation/chapter_03/section_3_5/tables.csv,CAL-TBL-P00792-002,source_locator_derivation,CAL-P00792-TBL,calc_pdf_p792,0,derived 'calc_pdf_p{pdf_page_number}' from pdf_page_number=792 per locator contract
P2IIB-REP-1189,calculation/chapter_03/section_3_5/tables.csv,CAL-TBL-P00792-003,source_locator_derivation,CAL-P00792-TBL,calc_pdf_p792,0,derived 'calc_pdf_p{pdf_page_number}' from pdf_page_number=792 per locator contract
P2IIB-REP-1190,calculation/chapter_03/section_3_5/values.csv,CAL-VAL-P00791-001,source_locator_derivation,CAL-P00791-TBL,calc_pdf_p791,0,derived 'calc_pdf_p{pdf_page_number}' from pdf_page_number=791 per locator contract
P2IIB-REP-1191,calculation/chapter_03/section_3_5/values.csv,CAL-VAL-P00791-002,source_locator_derivation,CAL-P00791-TBL,calc_pdf_p791,0,derived 'calc_pdf_p{pdf_page_number}' from pdf_page_number=791 per locator contract
P2IIB-REP-1192,calculation/chapter_03/section_3_5/values.csv,CAL-VAL-P00791-003,source_locator_derivation,CAL-P00791-TBL,calc_pdf_p791,0,derived 'calc_pdf_p{pdf_page_number}' from pdf_page_number=791 per locator contract
P2IIB-REP-1193,calculation/chapter_03/section_3_5/values.csv,CAL-VAL-P00791-004,source_locator_derivation,CAL-P00791-TBL,calc_pdf_p791,0,derived 'calc_pdf_p{pdf_page_number}' from pdf_page_number=791 per locator contract
P2IIB-REP-1194,calculation/chapter_03/section_3_5/values.csv,CAL-VAL-P00791-005,source_locator_derivation,CAL-P00791-TBL,calc_pdf_p791,0,derived 'calc_pdf_p{pdf_page_number}' from pdf_page_number=791 per locator contract
P2IIB-REP-1195,calculation/chapter_03/section_3_5/values.csv,CAL-VAL-P00791-006,source_locator_derivation,CAL-P00791-TBL,calc_pdf_p791,0,derived 'calc_pdf_p{pdf_page_number}' from pdf_page_number=791 per locator contract
P2IIB-REP-1196,calculation/chapter_03/section_3_5/values.csv,CAL-VAL-P00791-007,source_locator_derivation,CAL-P00791-TBL,calc_pdf_p791,0,derived 'calc_pdf_p{pdf_page_number}' from pdf_page_number=791 per locator contract
P2IIB-REP-1197,calculation/chapter_03/section_3_5/values.csv,CAL-VAL-P00792-001,source_locator_derivation,CAL-P00792-TBL,calc_pdf_p792,0,derived 'calc_pdf_p{pdf_page_number}' from pdf_page_number=792 per locator contract
P2IIB-REP-1198,calculation/chapter_03/section_3_4/figures.csv,CAL-FIG-P00766-001,source_locator_derivation,CAL-P00766-TBL,calc_pdf_p766,0,derived 'calc_pdf_p{pdf_page_number}' from pdf_page_number=766 per locator contract
P2IIB-REP-1199,calculation/chapter_03/section_3_4/figures.csv,CAL-FIG-P00777-001,source_locator_derivation,CAL-P00777-TBL,calc_pdf_p777,0,derived 'calc_pdf_p{pdf_page_number}' from pdf_page_number=777 per locator contract
P2IIB-REP-1200,calculation/chapter_03/section_3_4/formulas.csv,CAL-FML-P00767-001,column_shift,"[""CAL-FML-P00767-001"", ""767"", ""762"", ""CAL-CH3"", ""CAL-SEC-3.4.1"", ""衝撃係数"", ""i=20/(50+L)=20/(50+1.003)=0.392"", ""i"", ""L=1.003"", ""道示I8.2"", ""NUMERIC_SUBSTITUTION"", ""CAL-P00767"", ""HIGH"", ""UNVERIFIED""]","[""CAL-FML-P00767-001"", ""767"", ""762"", ""CAL-CH3"", ""CAL-SEC-3.4.1"", ""衝撃係数"", ""i=20/(50+L)=20/(50+1.003)=0.392"", ""i, L=1.003"", ""道示I8.2"", ""NUMERIC_SUBSTITUTION"", ""CAL-P00767"", ""HIGH"", ""UNVERIFIED""]",1,"formula row re-aligned: expression='i=20/(50+L)=20/(50+1.003)=0.392', variable_symbols='i, L=1.003'"
P2IIB-REP-1201,calculation/chapter_03/section_3_4/formulas.csv,CAL-FML-P00767-002,column_shift,"[""CAL-FML-P00767-002"", ""767"", ""762"", ""CAL-CH3"", ""CAL-SEC-3.4.1"", ""衝撃係数衝突時"", ""i=20/(50+L)=20/(50+1.359)=0.389"", ""i"", ""L=1.359"", ""道示I8.2"", ""NUMERIC_SUBSTITUTION"", ""CAL-P00767"", ""HIGH"", ""UNVERIFIED""]","[""CAL-FML-P00767-002"", ""767"", ""762"", ""CAL-CH3"", ""CAL-SEC-3.4.1"", ""衝撃係数衝突時"", ""i=20/(50+L)=20/(50+1.359)=0.389"", ""i, L=1.359"", ""道示I8.2"", ""NUMERIC_SUBSTITUTION"", ""CAL-P00767"", ""HIGH"", ""UNVERIFIED""]",1,"formula row re-aligned: expression='i=20/(50+L)=20/(50+1.359)=0.389', variable_symbols='i, L=1.359'"
P2IIB-REP-1202,calculation/chapter_03/section_3_4/formulas.csv,CAL-FML-P00769-001,column_shift,"[""CAL-FML-P00769-001"", ""769"", ""764"", ""CAL-CH3"", ""CAL-SEC-3.4.1"", ""衝突換算k"", ""k=0.90*0.85=0.765"", ""k"", ""0.90"", ""0.85"", ""道示II表5.4.10"", ""FORMULA_DEFINITION"", ""CAL-P00769"", ""HIGH"", ""UNVERIFIED""]","[""CAL-FML-P00769-001"", ""769"", ""764"", ""CAL-CH3"", ""CAL-SEC-3.4.1"", ""衝突換算k"", ""k=0.90*0.85=0.765"", ""k, 0.90, 0.85"", ""道示II表5.4.10"", ""FORMULA_DEFINITION"", ""CAL-P00769"", ""HIGH"", ""UNVERIFIED""]",2,"formula row re-aligned: expression='k=0.90*0.85=0.765', variable_symbols='k, 0.90, 0.85'"
P2IIB-REP-1203,calculation/chapter_03/section_3_4/formulas.csv,CAL-FML-P00770-001,column_shift,"[""CAL-FML-P00770-001"", ""770"", ""765"", ""CAL-CH3"", ""CAL-SEC-3.4.1"", ""座屈パラメータα"", ""α=2/pi*sqrt(K)*sqrt(σyk/E)*(l/b)=0.678"", ""α"", ""K=2.045"", ""l=3800"", ""b=250"", ""σyk=235"", ""E=200000"", ""道示II式5.4.25"", ""NUMERIC_SUBSTITUTION"", ""CAL-P00770"", ""HIGH"", ""UNVERIFIED""]","[""CAL-FML-P00770-001"", ""770"", ""765"", ""CAL-CH3"", ""CAL-SEC-3.4.1"", ""座屈パラメータα"", ""α=2/pi*sqrt(K)*sqrt(σyk/E)*(l/b)=0.678"", ""α, K=2.045, l=3800, b=250, σyk=235, E=200000"", ""道示II式5.4.25"", ""NUMERIC_SUBSTITUTION"", ""CAL-P00770"", ""HIGH"", ""UNVERIFIED""]",5,"formula row re-aligned: expression='α=2/pi*sqrt(K)*sqrt(σyk/E)*(l/b)=0.678', variable_symbols='α, K=2.045, l=3800, b=250, σyk=235, E=200000'"
P2IIB-REP-1204,calculation/chapter_03/section_3_4/formulas.csv,CAL-FML-P00770-002,column_shift,"[""CAL-FML-P00770-002"", ""770"", ""765"", ""CAL-CH3"", ""CAL-SEC-3.4.1"", ""σbrgd"", ""σbrgd=ξ1*ξ2*Φu*ρbrg*σyk=144N/mm2"", ""ξ1=0.90"", ""ξ2=1.00"", ""Φu=0.85"", ""ρbrg=0.803"", ""σyk=235"", ""道示II式5.4.23"", ""NUMERIC_SUBSTITUTION"", ""CAL-P00770"", ""HIGH"", ""UNVERIFIED""]","[""CAL-FML-P00770-002"", ""770"", ""765"", ""CAL-CH3"", ""CAL-SEC-3.4.1"", ""σbrgd"", ""σbrgd=ξ1*ξ2*Φu*ρbrg*σyk=144N/mm2"", ""ξ1=0.90, ξ2=1.00, Φu=0.85, ρbrg=0.803, σyk=235"", ""道示II式5.4.23"", ""NUMERIC_SUBSTITUTION"", ""CAL-P00770"", ""HIGH"", ""UNVERIFIED""]",4,"formula row re-aligned: expression='σbrgd=ξ1*ξ2*Φu*ρbrg*σyk=144N/mm2', variable_symbols='ξ1=0.90, ξ2=1.00, Φu=0.85, ρbrg=0.803, σyk=235'"
P2IIB-REP-1205,calculation/chapter_03/section_3_4/formulas.csv,CAL-FML-P00772-001,column_shift,"[""CAL-FML-P00772-001"", ""772"", ""767"", ""CAL-CH3"", ""CAL-SEC-3.4.1"", ""τud"", ""τud=ξ1*ξ2*ΦUs*τyk=103N/mm2"", ""ξ1=0.90"", ""ξ2=1.00"", ""Φus=0.85"", ""τyk=135"", ""道示II式5.4.28"", ""NUMERIC_SUBSTITUTION"", ""CAL-P00772"", ""HIGH"", ""UNVERIFIED""]","[""CAL-FML-P00772-001"", ""772"", ""767"", ""CAL-CH3"", ""CAL-SEC-3.4.1"", ""τud"", ""τud=ξ1*ξ2*ΦUs*τyk=103N/mm2"", ""ξ1=0.90, ξ2=1.00, Φus=0.85, τyk=135"", ""道示II式5.4.28"", ""NUMERIC_SUBSTITUTION"", ""CAL-P00772"", ""HIGH"", ""UNVERIFIED""]",3,"formula row re-aligned: expression='τud=ξ1*ξ2*ΦUs*τyk=103N/mm2', variable_symbols='ξ1=0.90, ξ2=1.00, Φus=0.85, τyk=135'"
P2IIB-REP-1206,calculation/chapter_03/section_3_4/formulas.csv,CAL-FML-P00774-001,column_shift,"[""CAL-FML-P00774-001"", ""774"", ""769"", ""CAL-CH3"", ""CAL-SEC-3.4.1"", ""たわみδ"", ""δ=Pb^3/(6EI)*(3x/b-1)"", ""P=100"", ""b=1003"", ""E=2.0e5"", ""I=805393104"", ""x=1900"", """", ""NUMERIC_SUBSTITUTION"", ""CAL-P00774"", ""HIGH"", ""UNVERIFIED""]","[""CAL-FML-P00774-001"", ""774"", ""769"", ""CAL-CH3"", ""CAL-SEC-3.4.1"", ""たわみδ"", ""δ=Pb^3/(6EI)*(3x/b-1)"", ""P=100, b=1003, E=2.0e5, I=805393104, x=1900"", """", ""NUMERIC_SUBSTITUTION"", ""CAL-P00774"", ""HIGH"", ""UNVERIFIED""]",4,"formula row re-aligned: expression='δ=Pb^3/(6EI)*(3x/b-1)', variable_symbols='P=100, b=1003, E=2.0e5, I=805393104, x=1900'"
P2IIB-REP-1207,calculation/chapter_03/section_3_4/formulas.csv,CAL-FML-P00767-001,source_locator_derivation,CAL-P00767,calc_pdf_p767,0,derived 'calc_pdf_p{pdf_page_number}' from pdf_page_number=767 per locator contract
P2IIB-REP-1208,calculation/chapter_03/section_3_4/formulas.csv,CAL-FML-P00767-002,source_locator_derivation,CAL-P00767,calc_pdf_p767,0,derived 'calc_pdf_p{pdf_page_number}' from pdf_page_number=767 per locator contract
P2IIB-REP-1209,calculation/chapter_03/section_3_4/formulas.csv,CAL-FML-P00769-001,source_locator_derivation,CAL-P00769,calc_pdf_p769,0,derived 'calc_pdf_p{pdf_page_number}' from pdf_page_number=769 per locator contract
P2IIB-REP-1210,calculation/chapter_03/section_3_4/formulas.csv,CAL-FML-P00770-001,source_locator_derivation,CAL-P00770,calc_pdf_p770,0,derived 'calc_pdf_p{pdf_page_number}' from pdf_page_number=770 per locator contract
P2IIB-REP-1211,calculation/chapter_03/section_3_4/formulas.csv,CAL-FML-P00770-002,source_locator_derivation,CAL-P00770,calc_pdf_p770,0,derived 'calc_pdf_p{pdf_page_number}' from pdf_page_number=770 per locator contract
P2IIB-REP-1212,calculation/chapter_03/section_3_4/formulas.csv,CAL-FML-P00772-001,source_locator_derivation,CAL-P00772,calc_pdf_p772,0,derived 'calc_pdf_p{pdf_page_number}' from pdf_page_number=772 per locator contract
P2IIB-REP-1213,calculation/chapter_03/section_3_4/formulas.csv,CAL-FML-P00774-001,source_locator_derivation,CAL-P00774,calc_pdf_p774,0,derived 'calc_pdf_p{pdf_page_number}' from pdf_page_number=774 per locator contract
P2IIB-REP-1214,calculation/chapter_03/section_3_4/notes.csv,CAL-NOT-P00773-001,column_shift,"[""CAL-NOT-P00773-001"", ""773"", ""768"", ""CAL-CH3"", ""CAL-SEC-3.4.1"", ""design_result"", ""垂直補剛PL80x9 Iv=1"", ""536"", ""000mm4 水平省略"", ""NOTE"", ""CAL-P00773"", ""HIGH""]","[""CAL-NOT-P00773-001"", ""773"", ""768"", ""CAL-CH3"", ""CAL-SEC-3.4.1"", ""design_result"", ""垂直補剛PL80x9 Iv=1,536,000mm4 水平省略"", ""NOTE"", ""CAL-P00773"", ""HIGH""]",2,"notes re-aligned: note_summary='垂直補剛PL80x9 Iv=1,536,000mm4 水平省略'"
P2IIB-REP-1215,calculation/chapter_03/section_3_4/notes.csv,CAL-NOT-P00766-001,source_locator_derivation,CAL-P00766,calc_pdf_p766,0,derived 'calc_pdf_p{pdf_page_number}' from pdf_page_number=766 per locator contract
P2IIB-REP-1216,calculation/chapter_03/section_3_4/notes.csv,CAL-NOT-P00768-001,source_locator_derivation,CAL-P00768,calc_pdf_p768,0,derived 'calc_pdf_p{pdf_page_number}' from pdf_page_number=768 per locator contract
P2IIB-REP-1217,calculation/chapter_03/section_3_4/notes.csv,CAL-NOT-P00769-001,source_locator_derivation,CAL-P00769,calc_pdf_p769,0,derived 'calc_pdf_p{pdf_page_number}' from pdf_page_number=769 per locator contract
P2IIB-REP-1218,calculation/chapter_03/section_3_4/notes.csv,CAL-NOT-P00770-001,source_locator_derivation,CAL-P00770,calc_pdf_p770,0,derived 'calc_pdf_p{pdf_page_number}' from pdf_page_number=770 per locator contract
P2IIB-REP-1219,calculation/chapter_03/section_3_4/notes.csv,CAL-NOT-P00773-001,source_locator_derivation,CAL-P00773,calc_pdf_p773,0,derived 'calc_pdf_p{pdf_page_number}' from pdf_page_number=773 per locator contract
P2IIB-REP-1220,calculation/chapter_03/section_3_4/page_elements.csv,CAL-P00765-CAL-SEC-3.4-001,source_locator_derivation,CAL-P00765,calc_pdf_p765,0,derived 'calc_pdf_p{pdf_page_number}' from pdf_page_number=765 per locator contract
P2IIB-REP-1221,calculation/chapter_03/section_3_4/page_elements.csv,CAL-P00766-CAL-SEC-3.4.1-001,source_locator_derivation,CAL-P00766,calc_pdf_p766,0,derived 'calc_pdf_p{pdf_page_number}' from pdf_page_number=766 per locator contract
P2IIB-REP-1222,calculation/chapter_03/section_3_4/page_elements.csv,CAL-P00766-CAL-SEC-3.4.1-002,source_locator_derivation,CAL-P00766,calc_pdf_p766,0,derived 'calc_pdf_p{pdf_page_number}' from pdf_page_number=766 per locator contract
P2IIB-REP-1223,calculation/chapter_03/section_3_4/page_elements.csv,CAL-P00766-CAL-SEC-3.4.1-003,source_locator_derivation,CAL-P00766,calc_pdf_p766,0,derived 'calc_pdf_p{pdf_page_number}' from pdf_page_number=766 per locator contract
P2IIB-REP-1224,calculation/chapter_03/section_3_4/page_elements.csv,CAL-P00767-CAL-SEC-3.4.1-001,source_locator_derivation,CAL-P00767,calc_pdf_p767,0,derived 'calc_pdf_p{pdf_page_number}' from pdf_page_number=767 per locator contract
P2IIB-REP-1225,calculation/chapter_03/section_3_4/page_elements.csv,CAL-P00767-CAL-SEC-3.4.1-002,source_locator_derivation,CAL-P00767,calc_pdf_p767,0,derived 'calc_pdf_p{pdf_page_number}' from pdf_page_number=767 per locator contract
P2IIB-REP-1226,calculation/chapter_03/section_3_4/page_elements.csv,CAL-P00767-CAL-SEC-3.4.1-003,source_locator_derivation,CAL-P00767,calc_pdf_p767,0,derived 'calc_pdf_p{pdf_page_number}' from pdf_page_number=767 per locator contract
P2IIB-REP-1227,calculation/chapter_03/section_3_4/page_elements.csv,CAL-P00768-CAL-SEC-3.4.1-001,source_locator_derivation,CAL-P00768,calc_pdf_p768,0,derived 'calc_pdf_p{pdf_page_number}' from pdf_page_number=768 per locator contract
P2IIB-REP-1228,calculation/chapter_03/section_3_4/page_elements.csv,CAL-P00768-CAL-SEC-3.4.1-002,source_locator_derivation,CAL-P00768,calc_pdf_p768,0,derived 'calc_pdf_p{pdf_page_number}' from pdf_page_number=768 per locator contract
P2IIB-REP-1229,calculation/chapter_03/section_3_4/page_elements.csv,CAL-P00769-CAL-SEC-3.4.1-001,source_locator_derivation,CAL-P00769,calc_pdf_p769,0,derived 'calc_pdf_p{pdf_page_number}' from pdf_page_number=769 per locator contract
P2IIB-REP-1230,calculation/chapter_03/section_3_4/page_elements.csv,CAL-P00770-CAL-SEC-3.4.1-001,source_locator_derivation,CAL-P00770,calc_pdf_p770,0,derived 'calc_pdf_p{pdf_page_number}' from pdf_page_number=770 per locator contract
P2IIB-REP-1231,calculation/chapter_03/section_3_4/page_elements.csv,CAL-P00770-CAL-SEC-3.4.1-002,source_locator_derivation,CAL-P00770,calc_pdf_p770,0,derived 'calc_pdf_p{pdf_page_number}' from pdf_page_number=770 per locator contract
P2IIB-REP-1232,calculation/chapter_03/section_3_4/page_elements.csv,CAL-P00771-CAL-SEC-3.4.1-001,source_locator_derivation,CAL-P00771,calc_pdf_p771,0,derived 'calc_pdf_p{pdf_page_number}' from pdf_page_number=771 per locator contract
P2IIB-REP-1233,calculation/chapter_03/section_3_4/page_elements.csv,CAL-P00772-CAL-SEC-3.4.1-001,source_locator_derivation,CAL-P00772,calc_pdf_p772,0,derived 'calc_pdf_p{pdf_page_number}' from pdf_page_number=772 per locator contract
P2IIB-REP-1234,calculation/chapter_03/section_3_4/page_elements.csv,CAL-P00773-CAL-SEC-3.4.1-001,source_locator_derivation,CAL-P00773,calc_pdf_p773,0,derived 'calc_pdf_p{pdf_page_number}' from pdf_page_number=773 per locator contract
P2IIB-REP-1235,calculation/chapter_03/section_3_4/page_elements.csv,CAL-P00773-CAL-SEC-3.4.1-002,source_locator_derivation,CAL-P00773,calc_pdf_p773,0,derived 'calc_pdf_p{pdf_page_number}' from pdf_page_number=773 per locator contract
P2IIB-REP-1236,calculation/chapter_03/section_3_4/page_elements.csv,CAL-P00774-CAL-SEC-3.4.1-001,source_locator_derivation,CAL-P00774,calc_pdf_p774,0,derived 'calc_pdf_p{pdf_page_number}' from pdf_page_number=774 per locator contract
P2IIB-REP-1237,calculation/chapter_03/section_3_4/page_elements.csv,CAL-P00774-CAL-SEC-3.4.1-002,source_locator_derivation,CAL-P00774,calc_pdf_p774,0,derived 'calc_pdf_p{pdf_page_number}' from pdf_page_number=774 per locator contract
P2IIB-REP-1238,calculation/chapter_03/section_3_4/page_elements.csv,CAL-P00775-CAL-SEC-3.4.1-001,source_locator_derivation,CAL-P00775,calc_pdf_p775,0,derived 'calc_pdf_p{pdf_page_number}' from pdf_page_number=775 per locator contract
P2IIB-REP-1239,calculation/chapter_03/section_3_4/page_elements.csv,CAL-P00776-CAL-SEC-3.4.1-001,source_locator_derivation,CAL-P00776,calc_pdf_p776,0,derived 'calc_pdf_p{pdf_page_number}' from pdf_page_number=776 per locator contract
P2IIB-REP-1240,calculation/chapter_03/section_3_4/page_elements.csv,CAL-P00777-CAL-SEC-3.4.2-001,source_locator_derivation,CAL-P00777,calc_pdf_p777,0,derived 'calc_pdf_p{pdf_page_number}' from pdf_page_number=777 per locator contract
P2IIB-REP-1241,calculation/chapter_03/section_3_4/page_elements.csv,CAL-P00777-CAL-SEC-3.4.2-002,source_locator_derivation,CAL-P00777,calc_pdf_p777,0,derived 'calc_pdf_p{pdf_page_number}' from pdf_page_number=777 per locator contract
P2IIB-REP-1242,calculation/chapter_03/section_3_4/page_elements.csv,CAL-P00778-CAL-SEC-3.4.2-001,source_locator_derivation,CAL-P00778,calc_pdf_p778,0,derived 'calc_pdf_p{pdf_page_number}' from pdf_page_number=778 per locator contract
P2IIB-REP-1243,calculation/chapter_03/section_3_4/page_elements.csv,CAL-P00779-CAL-SEC-3.4.2-001,source_locator_derivation,CAL-P00779,calc_pdf_p779,0,derived 'calc_pdf_p{pdf_page_number}' from pdf_page_number=779 per locator contract
P2IIB-REP-1244,calculation/chapter_03/section_3_4/page_elements.csv,CAL-P00780-CAL-SEC-3.4.2-001,source_locator_derivation,CAL-P00780,calc_pdf_p780,0,derived 'calc_pdf_p{pdf_page_number}' from pdf_page_number=780 per locator contract
P2IIB-REP-1245,calculation/chapter_03/section_3_4/page_elements.csv,CAL-P00781-CAL-SEC-3.4.2-001,source_locator_derivation,CAL-P00781,calc_pdf_p781,0,derived 'calc_pdf_p{pdf_page_number}' from pdf_page_number=781 per locator contract
P2IIB-REP-1246,calculation/chapter_03/section_3_4/page_elements.csv,CAL-P00782-CAL-SEC-3.4.2-001,source_locator_derivation,CAL-P00782,calc_pdf_p782,0,derived 'calc_pdf_p{pdf_page_number}' from pdf_page_number=782 per locator contract
P2IIB-REP-1247,calculation/chapter_03/section_3_4/tables.csv,CAL-TBL-P00767-001,column_shift,"[""CAL-TBL-P00767-001"", ""767"", ""762"", ""CAL-CH3"", ""CAL-SEC-3.4.1"", ""死荷重曲げ"", ""項目/値"", ""舗装M"", ""-4.31 kNm"", ""-4.31"", ""kNm"", ""-4.31"", ""kNm"", ""LOAD_VALUE"", ""CAL-P00767-TBL"", ""HIGH"", ""UNVERIFIED""]","[""CAL-TBL-P00767-001"", ""767"", ""762"", ""CAL-CH3"", ""CAL-SEC-3.4.1"", ""死荷重曲げ"", ""項目/値"", ""舗装M"", """", ""-4.31 kNm"", ""-4.31"", ""kNm"", ""-4.31"", ""kNm"", ""LOAD_VALUE"", ""CAL-P00767-TBL"", ""HIGH"", ""UNVERIFIED""]",-1,LEFT-shift: inserted 1 empty cell(s) at column index 8 (column_key) to restore header alignment
P2IIB-REP-1248,calculation/chapter_03/section_3_4/tables.csv,CAL-TBL-P00767-002,column_shift,"[""CAL-TBL-P00767-002"", ""767"", ""762"", ""CAL-CH3"", ""CAL-SEC-3.4.1"", ""死荷重曲げ"", ""項目/値"", ""床版M"", ""-44.36 kNm"", ""-44.36"", ""kNm"", ""-44.36"", ""kNm"", ""LOAD_VALUE"", ""CAL-P00767-TBL"", ""HIGH"", ""UNVERIFIED""]","[""CAL-TBL-P00767-002"", ""767"", ""762"", ""CAL-CH3"", ""CAL-SEC-3.4.1"", ""死荷重曲げ"", ""項目/値"", ""床版M"", """", ""-44.36 kNm"", ""-44.36"", ""kNm"", ""-44.36"", ""kNm"", ""LOAD_VALUE"", ""CAL-P00767-TBL"", ""HIGH"", ""UNVERIFIED""]",-1,LEFT-shift: inserted 1 empty cell(s) at column index 8 (column_key) to restore header alignment
P2IIB-REP-1249,calculation/chapter_03/section_3_4/tables.csv,CAL-TBL-P00767-003,column_shift,"[""CAL-TBL-P00767-003"", ""767"", ""762"", ""CAL-CH3"", ""CAL-SEC-3.4.1"", ""死荷重曲げ"", ""項目/値"", ""打下ろしM"", ""-37.80 kNm"", ""-37.80"", ""kNm"", ""-37.80"", ""kNm"", ""LOAD_VALUE"", ""CAL-P00767-TBL"", ""HIGH"", ""UNVERIFIED""]","[""CAL-TBL-P00767-003"", ""767"", ""762"", ""CAL-CH3"", ""CAL-SEC-3.4.1"", ""死荷重曲げ"", ""項目/値"", ""打下ろしM"", """", ""-37.80 kNm"", ""-37.80"", ""kNm"", ""-37.80"", ""kNm"", ""LOAD_VALUE"", ""CAL-P00767-TBL"", ""HIGH"", ""UNVERIFIED""]",-1,LEFT-shift: inserted 1 empty cell(s) at column index 8 (column_key) to restore header alignment
P2IIB-REP-1250,calculation/chapter_03/section_3_4/tables.csv,CAL-TBL-P00767-004,column_shift,"[""CAL-TBL-P00767-004"", ""767"", ""762"", ""CAL-CH3"", ""CAL-SEC-3.4.1"", ""死荷重曲げ"", ""項目/値"", ""ガードレールM"", ""-6.05 kNm"", ""-6.05"", ""kNm"", ""-6.05"", ""kNm"", ""LOAD_VALUE"", ""CAL-P00767-TBL"", ""HIGH"", ""UNVERIFIED""]","[""CAL-TBL-P00767-004"", ""767"", ""762"", ""CAL-CH3"", ""CAL-SEC-3.4.1"", ""死荷重曲げ"", ""項目/値"", ""ガードレールM"", """", ""-6.05 kNm"", ""-6.05"", ""kNm"", ""-6.05"", ""kNm"", ""LOAD_VALUE"", ""CAL-P00767-TBL"", ""HIGH"", ""UNVERIFIED""]",-1,LEFT-shift: inserted 1 empty cell(s) at column index 8 (column_key) to restore header alignment
P2IIB-REP-1251,calculation/chapter_03/section_3_4/tables.csv,CAL-TBL-P00767-005,column_shift,"[""CAL-TBL-P00767-005"", ""767"", ""762"", ""CAL-CH3"", ""CAL-SEC-3.4.1"", ""死荷重曲げ"", ""項目/値"", ""地覆M"", ""-33.46 kNm"", ""-33.46"", ""kNm"", ""-33.46"", ""kNm"", ""LOAD_VALUE"", ""CAL-P00767-TBL"", ""HIGH"", ""UNVERIFIED""]","[""CAL-TBL-P00767-005"", ""767"", ""762"", ""CAL-CH3"", ""CAL-SEC-3.4.1"", ""死荷重曲げ"", ""項目/値"", ""地覆M"", """", ""-33.46 kNm"", ""-33.46"", ""kNm"", ""-33.46"", ""kNm"", ""LOAD_VALUE"", ""CAL-P00767-TBL"", ""HIGH"", ""UNVERIFIED""]",-1,LEFT-shift: inserted 1 empty cell(s) at column index 8 (column_key) to restore header alignment
P2IIB-REP-1252,calculation/chapter_03/section_3_4/tables.csv,CAL-TBL-P00767-006,column_shift,"[""CAL-TBL-P00767-006"", ""767"", ""762"", ""CAL-CH3"", ""CAL-SEC-3.4.1"", ""死荷重曲げ"", ""項目/値"", ""ブラケットM"", ""-1.99 kNm"", ""-1.99"", ""kNm"", ""-1.99"", ""kNm"", ""LOAD_VALUE"", ""CAL-P00767-TBL"", ""HIGH"", ""UNVERIFIED""]","[""CAL-TBL-P00767-006"", ""767"", ""762"", ""CAL-CH3"", ""CAL-SEC-3.4.1"", ""死荷重曲げ"", ""項目/値"", ""ブラケットM"", """", ""-1.99 kNm"", ""-1.99"", ""kNm"", ""-1.99"", ""kNm"", ""LOAD_VALUE"", ""CAL-P00767-TBL"", ""HIGH"", ""UNVERIFIED""]",-1,LEFT-shift: inserted 1 empty cell(s) at column index 8 (column_key) to restore header alignment
P2IIB-REP-1253,calculation/chapter_03/section_3_4/tables.csv,CAL-TBL-P00767-007,column_shift,"[""CAL-TBL-P00767-007"", ""767"", ""762"", ""CAL-CH3"", ""CAL-SEC-3.4.1"", ""死荷重曲げ"", ""項目/値"", ""Md合計"", ""-127.97 kNm"", ""-127.97"", ""kNm"", ""-127.97"", ""kNm"", ""LOAD_VALUE"", ""CAL-P00767-TBL"", ""HIGH"", ""UNVERIFIED""]","[""CAL-TBL-P00767-007"", ""767"", ""762"", ""CAL-CH3"", ""CAL-SEC-3.4.1"", ""死荷重曲げ"", ""項目/値"", ""Md合計"", """", ""-127.97 kNm"", ""-127.97"", ""kNm"", ""-127.97"", ""kNm"", ""LOAD_VALUE"", ""CAL-P00767-TBL"", ""HIGH"", ""UNVERIFIED""]",-1,LEFT-shift: inserted 1 empty cell(s) at column index 8 (column_key) to restore header alignment
P2IIB-REP-1254,calculation/chapter_03/section_3_4/tables.csv,CAL-TBL-P00767-008,column_shift,"[""CAL-TBL-P00767-008"", ""767"", ""762"", ""CAL-CH3"", ""CAL-SEC-3.4.1"", ""活荷重曲げ"", ""項目/値"", ""常時M1"", ""-139.62 kNm"", ""-139.62"", ""kNm"", ""-139.62"", ""kNm"", ""LOAD_VALUE"", ""CAL-P00767-TBL"", ""HIGH"", ""UNVERIFIED""]","[""CAL-TBL-P00767-008"", ""767"", ""762"", ""CAL-CH3"", ""CAL-SEC-3.4.1"", ""活荷重曲げ"", ""項目/値"", ""常時M1"", """", ""-139.62 kNm"", ""-139.62"", ""kNm"", ""-139.62"", ""kNm"", ""LOAD_VALUE"", ""CAL-P00767-TBL"", ""HIGH"", ""UNVERIFIED""]",-1,LEFT-shift: inserted 1 empty cell(s) at column index 8 (column_key) to restore header alignment
P2IIB-REP-1255,calculation/chapter_03/section_3_4/tables.csv,CAL-TBL-P00767-009,column_shift,"[""CAL-TBL-P00767-009"", ""767"", ""762"", ""CAL-CH3"", ""CAL-SEC-3.4.1"", ""活荷重曲げ"", ""項目/値"", ""衝突時M2"", ""-188.77 kNm"", ""-188.77"", ""kNm"", ""-188.77"", ""kNm"", ""LOAD_VALUE"", ""CAL-P00767-TBL"", ""HIGH"", ""UNVERIFIED""]","[""CAL-TBL-P00767-009"", ""767"", ""762"", ""CAL-CH3"", ""CAL-SEC-3.4.1"", ""活荷重曲げ"", ""項目/値"", ""衝突時M2"", """", ""-188.77 kNm"", ""-188.77"", ""kNm"", ""-188.77"", ""kNm"", ""LOAD_VALUE"", ""CAL-P00767-TBL"", ""HIGH"", ""UNVERIFIED""]",-1,LEFT-shift: inserted 1 empty cell(s) at column index 8 (column_key) to restore header alignment
P2IIB-REP-1256,calculation/chapter_03/section_3_4/tables.csv,CAL-TBL-P00769-001,column_shift,"[""CAL-TBL-P00769-001"", ""769"", ""764"", ""CAL-CH3"", ""CAL-SEC-3.4.1"", ""設計断面力"", ""組合せ/値"", ""M(組合せ1)"", ""-308.9 kNm"", ""-308.9"", ""kNm"", ""-308.9"", ""kNm"", ""ANALYSIS_RESULT"", ""CAL-P00769-TBL"", ""HIGH"", ""UNVERIFIED""]","[""CAL-TBL-P00769-001"", ""769"", ""764"", ""CAL-CH3"", ""CAL-SEC-3.4.1"", ""設計断面力"", ""組合せ/値"", ""M(組合せ1)"", """", ""-308.9 kNm"", ""-308.9"", ""kNm"", ""-308.9"", ""kNm"", ""ANALYSIS_RESULT"", ""CAL-P00769-TBL"", ""HIGH"", ""UNVERIFIED""]",-1,LEFT-shift: inserted 1 empty cell(s) at column index 8 (column_key) to restore header alignment
P2IIB-REP-1257,calculation/chapter_03/section_3_4/tables.csv,CAL-TBL-P00769-002,column_shift,"[""CAL-TBL-P00769-002"", ""769"", ""764"", ""CAL-CH3"", ""CAL-SEC-3.4.1"", ""設計断面力"", ""組合せ/値"", ""S(組合せ1)"", ""288.0 kN"", ""288.0"", ""kN"", ""288.0"", ""kN"", ""ANALYSIS_RESULT"", ""CAL-P00769-TBL"", ""HIGH"", ""UNVERIFIED""]","[""CAL-TBL-P00769-002"", ""769"", ""764"", ""CAL-CH3"", ""CAL-SEC-3.4.1"", ""設計断面力"", ""組合せ/値"", ""S(組合せ1)"", """", ""288.0 kN"", ""288.0"", ""kN"", ""288.0"", ""kN"", ""ANALYSIS_RESULT"", ""CAL-P00769-TBL"", ""HIGH"", ""UNVERIFIED""]",-1,LEFT-shift: inserted 1 empty cell(s) at column index 8 (column_key) to restore header alignment
P2IIB-REP-1258,calculation/chapter_03/section_3_4/tables.csv,CAL-TBL-P00770-001,column_shift,"[""CAL-TBL-P00770-001"", ""770"", ""765"", ""CAL-CH3"", ""CAL-SEC-3.4.1"", ""断面諸元"", ""部位/値"", ""UFLG250x12 A=30.00cm2"", ""30.00"", ""cm2"", ""30.00"", ""cm2"", ""SECTION_PROPERTY"", ""CAL-P00770-TBL"", ""HIGH"", ""UNVERIFIED""]","[""CAL-TBL-P00770-001"", ""770"", ""765"", ""CAL-CH3"", ""CAL-SEC-3.4.1"", ""断面諸元"", ""部位/値"", ""UFLG250x12 A=30.00cm2"", """", """", ""30.00"", ""cm2"", ""30.00"", ""cm2"", ""SECTION_PROPERTY"", ""CAL-P00770-TBL"", ""HIGH"", ""UNVERIFIED""]",-2,LEFT-shift: inserted 2 empty cell(s) at column index 8 (column_key) to restore header alignment
P2IIB-REP-1259,calculation/chapter_03/section_3_4/tables.csv,CAL-TBL-P00770-002,column_shift,"[""CAL-TBL-P00770-002"", ""770"", ""765"", ""CAL-CH3"", ""CAL-SEC-3.4.1"", ""断面諸元"", ""部位/値"", ""Web788x9 A=70.92cm2"", ""70.92"", ""cm2"", ""70.92"", ""cm2"", ""SECTION_PROPERTY"", ""CAL-P00770-TBL"", ""HIGH"", ""UNVERIFIED""]","[""CAL-TBL-P00770-002"", ""770"", ""765"", ""CAL-CH3"", ""CAL-SEC-3.4.1"", ""断面諸元"", ""部位/値"", ""Web788x9 A=70.92cm2"", """", """", ""70.92"", ""cm2"", ""70.92"", ""cm2"", ""SECTION_PROPERTY"", ""CAL-P00770-TBL"", ""HIGH"", ""UNVERIFIED""]",-2,LEFT-shift: inserted 2 empty cell(s) at column index 8 (column_key) to restore header alignment
P2IIB-REP-1260,calculation/chapter_03/section_3_4/tables.csv,CAL-TBL-P00770-003,column_shift,"[""CAL-TBL-P00770-003"", ""770"", ""765"", ""CAL-CH3"", ""CAL-SEC-3.4.1"", ""断面諸元"", ""部位/値"", ""LFLG250x12 A=30.00cm2"", ""30.00"", ""cm2"", ""30.00"", ""cm2"", ""SECTION_PROPERTY"", ""CAL-P00770-TBL"", ""HIGH"", ""UNVERIFIED""]","[""CAL-TBL-P00770-003"", ""770"", ""765"", ""CAL-CH3"", ""CAL-SEC-3.4.1"", ""断面諸元"", ""部位/値"", ""LFLG250x12 A=30.00cm2"", """", """", ""30.00"", ""cm2"", ""30.00"", ""cm2"", ""SECTION_PROPERTY"", ""CAL-P00770-TBL"", ""HIGH"", ""UNVERIFIED""]",-2,LEFT-shift: inserted 2 empty cell(s) at column index 8 (column_key) to restore header alignment
P2IIB-REP-1261,calculation/chapter_03/section_3_4/tables.csv,CAL-TBL-P00770-004,column_shift,"[""CAL-TBL-P00770-004"", ""770"", ""765"", ""CAL-CH3"", ""CAL-SEC-3.4.1"", ""断面諸元"", ""部位/値"", ""I=132705.0 cm4"", ""132705.0"", ""cm4"", ""132705.0"", ""cm4"", ""SECTION_PROPERTY"", ""CAL-P00770-TBL"", ""HIGH"", ""UNVERIFIED""]","[""CAL-TBL-P00770-004"", ""770"", ""765"", ""CAL-CH3"", ""CAL-SEC-3.4.1"", ""断面諸元"", ""部位/値"", ""I=132705.0 cm4"", """", """", ""132705.0"", ""cm4"", ""132705.0"", ""cm4"", ""SECTION_PROPERTY"", ""CAL-P00770-TBL"", ""HIGH"", ""UNVERIFIED""]",-2,LEFT-shift: inserted 2 empty cell(s) at column index 8 (column_key) to restore header alignment
P2IIB-REP-1262,calculation/chapter_03/section_3_4/tables.csv,CAL-TBL-P00771-001,column_shift,"[""CAL-TBL-P00771-001"", ""771"", ""766"", ""CAL-CH3"", ""CAL-SEC-3.4.1"", ""応力度照査"", ""項目/値"", ""sigma_u"", ""95 N/mm2"", ""95"", ""N/mm2"", ""95"", ""N/mm2"", ""ANALYSIS_RESULT"", ""CAL-P00771-TBL"", ""HIGH"", ""UNVERIFIED""]","[""CAL-TBL-P00771-001"", ""771"", ""766"", ""CAL-CH3"", ""CAL-SEC-3.4.1"", ""応力度照査"", ""項目/値"", ""sigma_u"", """", ""95 N/mm2"", ""95"", ""N/mm2"", ""95"", ""N/mm2"", ""ANALYSIS_RESULT"", ""CAL-P00771-TBL"", ""HIGH"", ""UNVERIFIED""]",-1,LEFT-shift: inserted 1 empty cell(s) at column index 8 (column_key) to restore header alignment
P2IIB-REP-1263,calculation/chapter_03/section_3_4/tables.csv,CAL-TBL-P00771-002,column_shift,"[""CAL-TBL-P00771-002"", ""771"", ""766"", ""CAL-CH3"", ""CAL-SEC-3.4.1"", ""応力度照査"", ""項目/値"", ""sigma_l"", ""-95 N/mm2"", ""-95"", ""N/mm2"", ""-95"", ""N/mm2"", ""ANALYSIS_RESULT"", ""CAL-P00771-TBL"", ""HIGH"", ""UNVERIFIED""]","[""CAL-TBL-P00771-002"", ""771"", ""766"", ""CAL-CH3"", ""CAL-SEC-3.4.1"", ""応力度照査"", ""項目/値"", ""sigma_l"", """", ""-95 N/mm2"", ""-95"", ""N/mm2"", ""-95"", ""N/mm2"", ""ANALYSIS_RESULT"", ""CAL-P00771-TBL"", ""HIGH"", ""UNVERIFIED""]",-1,LEFT-shift: inserted 1 empty cell(s) at column index 8 (column_key) to restore header alignment
P2IIB-REP-1264,calculation/chapter_03/section_3_4/tables.csv,CAL-TBL-P00772-001,column_shift,"[""CAL-TBL-P00772-001"", ""772"", ""767"", ""CAL-CH3"", ""CAL-SEC-3.4.1"", ""せん断照査"", ""項目/値"", ""tau"", ""41 N/mm2"", ""41"", ""N/mm2"", ""41"", ""N/mm2"", ""ANALYSIS_RESULT"", ""CAL-P00772-TBL"", ""HIGH"", ""UNVERIFIED""]","[""CAL-TBL-P00772-001"", ""772"", ""767"", ""CAL-CH3"", ""CAL-SEC-3.4.1"", ""せん断照査"", ""項目/値"", ""tau"", """", ""41 N/mm2"", ""41"", ""N/mm2"", ""41"", ""N/mm2"", ""ANALYSIS_RESULT"", ""CAL-P00772-TBL"", ""HIGH"", ""UNVERIFIED""]",-1,LEFT-shift: inserted 1 empty cell(s) at column index 8 (column_key) to restore header alignment
P2IIB-REP-1265,calculation/chapter_03/section_3_4/tables.csv,CAL-TBL-P00772-002,column_shift,"[""CAL-TBL-P00772-002"", ""772"", ""767"", ""CAL-CH3"", ""CAL-SEC-3.4.1"", ""せん断照査"", ""項目/値"", ""合成比"", ""0.42<=1.2"", ""0.42"", """", ""0.42"", """", ""VERIFICATION_RESULT"", ""CAL-P00772-TBL"", ""HIGH"", ""UNVERIFIED""]","[""CAL-TBL-P00772-002"", ""772"", ""767"", ""CAL-CH3"", ""CAL-SEC-3.4.1"", ""せん断照査"", ""項目/値"", ""合成比"", """", ""0.42<=1.2"", ""0.42"", """", ""0.42"", """", ""VERIFICATION_RESULT"", ""CAL-P00772-TBL"", ""HIGH"", ""UNVERIFIED""]",-1,LEFT-shift: inserted 1 empty cell(s) at column index 8 (column_key) to restore header alignment
P2IIB-REP-1266,calculation/chapter_03/section_3_4/tables.csv,CAL-TBL-P00767-001,source_locator_derivation,CAL-P00767-TBL,calc_pdf_p767,0,derived 'calc_pdf_p{pdf_page_number}' from pdf_page_number=767 per locator contract
P2IIB-REP-1267,calculation/chapter_03/section_3_4/tables.csv,CAL-TBL-P00767-002,source_locator_derivation,CAL-P00767-TBL,calc_pdf_p767,0,derived 'calc_pdf_p{pdf_page_number}' from pdf_page_number=767 per locator contract
P2IIB-REP-1268,calculation/chapter_03/section_3_4/tables.csv,CAL-TBL-P00767-003,source_locator_derivation,CAL-P00767-TBL,calc_pdf_p767,0,derived 'calc_pdf_p{pdf_page_number}' from pdf_page_number=767 per locator contract
P2IIB-REP-1269,calculation/chapter_03/section_3_4/tables.csv,CAL-TBL-P00767-004,source_locator_derivation,CAL-P00767-TBL,calc_pdf_p767,0,derived 'calc_pdf_p{pdf_page_number}' from pdf_page_number=767 per locator contract
P2IIB-REP-1270,calculation/chapter_03/section_3_4/tables.csv,CAL-TBL-P00767-005,source_locator_derivation,CAL-P00767-TBL,calc_pdf_p767,0,derived 'calc_pdf_p{pdf_page_number}' from pdf_page_number=767 per locator contract
P2IIB-REP-1271,calculation/chapter_03/section_3_4/tables.csv,CAL-TBL-P00767-006,source_locator_derivation,CAL-P00767-TBL,calc_pdf_p767,0,derived 'calc_pdf_p{pdf_page_number}' from pdf_page_number=767 per locator contract
P2IIB-REP-1272,calculation/chapter_03/section_3_4/tables.csv,CAL-TBL-P00767-007,source_locator_derivation,CAL-P00767-TBL,calc_pdf_p767,0,derived 'calc_pdf_p{pdf_page_number}' from pdf_page_number=767 per locator contract
P2IIB-REP-1273,calculation/chapter_03/section_3_4/tables.csv,CAL-TBL-P00767-008,source_locator_derivation,CAL-P00767-TBL,calc_pdf_p767,0,derived 'calc_pdf_p{pdf_page_number}' from pdf_page_number=767 per locator contract
P2IIB-REP-1274,calculation/chapter_03/section_3_4/tables.csv,CAL-TBL-P00767-009,source_locator_derivation,CAL-P00767-TBL,calc_pdf_p767,0,derived 'calc_pdf_p{pdf_page_number}' from pdf_page_number=767 per locator contract
P2IIB-REP-1275,calculation/chapter_03/section_3_4/tables.csv,CAL-TBL-P00769-001,source_locator_derivation,CAL-P00769-TBL,calc_pdf_p769,0,derived 'calc_pdf_p{pdf_page_number}' from pdf_page_number=769 per locator contract
P2IIB-REP-1276,calculation/chapter_03/section_3_4/tables.csv,CAL-TBL-P00769-002,source_locator_derivation,CAL-P00769-TBL,calc_pdf_p769,0,derived 'calc_pdf_p{pdf_page_number}' from pdf_page_number=769 per locator contract
P2IIB-REP-1277,calculation/chapter_03/section_3_4/tables.csv,CAL-TBL-P00770-001,source_locator_derivation,CAL-P00770-TBL,calc_pdf_p770,0,derived 'calc_pdf_p{pdf_page_number}' from pdf_page_number=770 per locator contract
P2IIB-REP-1278,calculation/chapter_03/section_3_4/tables.csv,CAL-TBL-P00770-002,source_locator_derivation,CAL-P00770-TBL,calc_pdf_p770,0,derived 'calc_pdf_p{pdf_page_number}' from pdf_page_number=770 per locator contract
P2IIB-REP-1279,calculation/chapter_03/section_3_4/tables.csv,CAL-TBL-P00770-003,source_locator_derivation,CAL-P00770-TBL,calc_pdf_p770,0,derived 'calc_pdf_p{pdf_page_number}' from pdf_page_number=770 per locator contract
P2IIB-REP-1280,calculation/chapter_03/section_3_4/tables.csv,CAL-TBL-P00770-004,source_locator_derivation,CAL-P00770-TBL,calc_pdf_p770,0,derived 'calc_pdf_p{pdf_page_number}' from pdf_page_number=770 per locator contract
P2IIB-REP-1281,calculation/chapter_03/section_3_4/tables.csv,CAL-TBL-P00771-001,source_locator_derivation,CAL-P00771-TBL,calc_pdf_p771,0,derived 'calc_pdf_p{pdf_page_number}' from pdf_page_number=771 per locator contract
P2IIB-REP-1282,calculation/chapter_03/section_3_4/tables.csv,CAL-TBL-P00771-002,source_locator_derivation,CAL-P00771-TBL,calc_pdf_p771,0,derived 'calc_pdf_p{pdf_page_number}' from pdf_page_number=771 per locator contract
P2IIB-REP-1283,calculation/chapter_03/section_3_4/tables.csv,CAL-TBL-P00772-001,source_locator_derivation,CAL-P00772-TBL,calc_pdf_p772,0,derived 'calc_pdf_p{pdf_page_number}' from pdf_page_number=772 per locator contract
P2IIB-REP-1284,calculation/chapter_03/section_3_4/tables.csv,CAL-TBL-P00772-002,source_locator_derivation,CAL-P00772-TBL,calc_pdf_p772,0,derived 'calc_pdf_p{pdf_page_number}' from pdf_page_number=772 per locator contract
P2IIB-REP-1285,calculation/chapter_03/section_3_4/values.csv,CAL-VAL-P00766-001,source_locator_derivation,CAL-P00766-TBL,calc_pdf_p766,0,derived 'calc_pdf_p{pdf_page_number}' from pdf_page_number=766 per locator contract
P2IIB-REP-1286,calculation/chapter_03/section_3_4/values.csv,CAL-VAL-P00767-001,source_locator_derivation,CAL-P00767-TBL,calc_pdf_p767,0,derived 'calc_pdf_p{pdf_page_number}' from pdf_page_number=767 per locator contract
P2IIB-REP-1287,calculation/chapter_03/section_3_4/values.csv,CAL-VAL-P00767-002,source_locator_derivation,CAL-P00767-TBL,calc_pdf_p767,0,derived 'calc_pdf_p{pdf_page_number}' from pdf_page_number=767 per locator contract
P2IIB-REP-1288,calculation/chapter_03/section_3_4/values.csv,CAL-VAL-P00767-003,source_locator_derivation,CAL-P00767-TBL,calc_pdf_p767,0,derived 'calc_pdf_p{pdf_page_number}' from pdf_page_number=767 per locator contract
P2IIB-REP-1289,calculation/chapter_03/section_3_4/values.csv,CAL-VAL-P00767-004,source_locator_derivation,CAL-P00767-TBL,calc_pdf_p767,0,derived 'calc_pdf_p{pdf_page_number}' from pdf_page_number=767 per locator contract
P2IIB-REP-1290,calculation/chapter_03/section_3_4/values.csv,CAL-VAL-P00767-005,source_locator_derivation,CAL-P00767-TBL,calc_pdf_p767,0,derived 'calc_pdf_p{pdf_page_number}' from pdf_page_number=767 per locator contract
P2IIB-REP-1291,calculation/chapter_03/section_3_4/values.csv,CAL-VAL-P00768-001,source_locator_derivation,CAL-P00768-TBL,calc_pdf_p768,0,derived 'calc_pdf_p{pdf_page_number}' from pdf_page_number=768 per locator contract
P2IIB-REP-1292,calculation/chapter_03/section_3_4/values.csv,CAL-VAL-P00769-001,source_locator_derivation,CAL-P00769-TBL,calc_pdf_p769,0,derived 'calc_pdf_p{pdf_page_number}' from pdf_page_number=769 per locator contract
P2IIB-REP-1293,calculation/chapter_03/section_3_4/values.csv,CAL-VAL-P00769-002,source_locator_derivation,CAL-P00769-TBL,calc_pdf_p769,0,derived 'calc_pdf_p{pdf_page_number}' from pdf_page_number=769 per locator contract
P2IIB-REP-1294,calculation/chapter_03/section_3_4/values.csv,CAL-VAL-P00770-001,source_locator_derivation,CAL-P00770-TBL,calc_pdf_p770,0,derived 'calc_pdf_p{pdf_page_number}' from pdf_page_number=770 per locator contract
P2IIB-REP-1295,calculation/chapter_03/section_3_4/values.csv,CAL-VAL-P00770-002,source_locator_derivation,CAL-P00770-TBL,calc_pdf_p770,0,derived 'calc_pdf_p{pdf_page_number}' from pdf_page_number=770 per locator contract
P2IIB-REP-1296,calculation/chapter_03/section_3_4/values.csv,CAL-VAL-P00771-001,source_locator_derivation,CAL-P00771-TBL,calc_pdf_p771,0,derived 'calc_pdf_p{pdf_page_number}' from pdf_page_number=771 per locator contract
P2IIB-REP-1297,calculation/chapter_03/section_3_4/values.csv,CAL-VAL-P00771-002,source_locator_derivation,CAL-P00771-TBL,calc_pdf_p771,0,derived 'calc_pdf_p{pdf_page_number}' from pdf_page_number=771 per locator contract
P2IIB-REP-1298,calculation/chapter_01/notes.csv,CH1-NOTE-001,source_locator_derivation,chapter_01/notes.csv,calc_pdf_p7,0,derived 'calc_pdf_p{pdf_page_number}' from pdf_page_number=7 per locator contract
P2IIB-REP-1299,calculation/chapter_01/notes.csv,CH1-NOTE-002,source_locator_derivation,chapter_01/notes.csv,calc_pdf_p7,0,derived 'calc_pdf_p{pdf_page_number}' from pdf_page_number=7 per locator contract
P2IIB-REP-1300,calculation/chapter_01/page_elements.csv,CH1-PE-001,source_locator_derivation,chapter_01/page_elements.csv,calc_pdf_p6,0,derived 'calc_pdf_p{pdf_page_number}' from pdf_page_number=6 per locator contract
P2IIB-REP-1301,calculation/chapter_01/page_elements.csv,CH1-PE-002,source_locator_derivation,chapter_01/page_elements.csv,calc_pdf_p7,0,derived 'calc_pdf_p{pdf_page_number}' from pdf_page_number=7 per locator contract
P2IIB-REP-1302,calculation/chapter_01/page_elements.csv,CH1-PE-003,source_locator_derivation,chapter_01/page_elements.csv,calc_pdf_p7,0,derived 'calc_pdf_p{pdf_page_number}' from pdf_page_number=7 per locator contract
P2IIB-REP-1303,calculation/chapter_01/page_elements.csv,CH1-PE-004,source_locator_derivation,chapter_01/page_elements.csv,calc_pdf_p7,0,derived 'calc_pdf_p{pdf_page_number}' from pdf_page_number=7 per locator contract
P2IIB-REP-1304,calculation/chapter_01/page_elements.csv,CH1-PE-005,source_locator_derivation,chapter_01/page_elements.csv,calc_pdf_p7,0,derived 'calc_pdf_p{pdf_page_number}' from pdf_page_number=7 per locator contract
P2IIB-REP-1305,calculation/chapter_01/page_elements.csv,CH1-PE-006,source_locator_derivation,chapter_01/page_elements.csv,calc_pdf_p7,0,derived 'calc_pdf_p{pdf_page_number}' from pdf_page_number=7 per locator contract
P2IIB-REP-1306,calculation/chapter_01/page_elements.csv,CH1-PE-007,source_locator_derivation,chapter_01/page_elements.csv,calc_pdf_p7,0,derived 'calc_pdf_p{pdf_page_number}' from pdf_page_number=7 per locator contract
P2IIB-REP-1307,calculation/chapter_01/page_elements.csv,CH1-PE-008,source_locator_derivation,chapter_01/page_elements.csv,calc_pdf_p7,0,derived 'calc_pdf_p{pdf_page_number}' from pdf_page_number=7 per locator contract
P2IIB-REP-1308,calculation/chapter_01/page_elements.csv,CH1-PE-009,source_locator_derivation,chapter_01/page_elements.csv,calc_pdf_p7,0,derived 'calc_pdf_p{pdf_page_number}' from pdf_page_number=7 per locator contract
P2IIB-REP-1309,calculation/chapter_01/page_elements.csv,CH1-PE-010,source_locator_derivation,chapter_01/page_elements.csv,calc_pdf_p7,0,derived 'calc_pdf_p{pdf_page_number}' from pdf_page_number=7 per locator contract
P2IIB-REP-1310,calculation/chapter_01/page_elements.csv,CH1-PE-011,source_locator_derivation,chapter_01/page_elements.csv,calc_pdf_p7,0,derived 'calc_pdf_p{pdf_page_number}' from pdf_page_number=7 per locator contract
P2IIB-REP-1311,calculation/chapter_01/page_elements.csv,CH1-PE-012,source_locator_derivation,chapter_01/page_elements.csv,calc_pdf_p7,0,derived 'calc_pdf_p{pdf_page_number}' from pdf_page_number=7 per locator contract
P2IIB-REP-1312,calculation/chapter_01/page_elements.csv,CH1-PE-013,source_locator_derivation,chapter_01/page_elements.csv,calc_pdf_p7,0,derived 'calc_pdf_p{pdf_page_number}' from pdf_page_number=7 per locator contract
P2IIB-REP-1313,calculation/chapter_01/page_elements.csv,CH1-PE-014,source_locator_derivation,chapter_01/page_elements.csv,calc_pdf_p7,0,derived 'calc_pdf_p{pdf_page_number}' from pdf_page_number=7 per locator contract
P2IIB-REP-1314,calculation/chapter_01/page_elements.csv,CH1-PE-015,source_locator_derivation,chapter_01/page_elements.csv,calc_pdf_p7,0,derived 'calc_pdf_p{pdf_page_number}' from pdf_page_number=7 per locator contract
P2IIB-REP-1315,calculation/chapter_01/page_elements.csv,CH1-PE-016,source_locator_derivation,chapter_01/page_elements.csv,calc_pdf_p7,0,derived 'calc_pdf_p{pdf_page_number}' from pdf_page_number=7 per locator contract
P2IIB-REP-1316,calculation/chapter_01/page_elements.csv,CH1-PE-017,source_locator_derivation,chapter_01/page_elements.csv,calc_pdf_p7,0,derived 'calc_pdf_p{pdf_page_number}' from pdf_page_number=7 per locator contract
P2IIB-REP-1317,calculation/chapter_01/page_elements.csv,CH1-PE-018,source_locator_derivation,chapter_01/page_elements.csv,calc_pdf_p7,0,derived 'calc_pdf_p{pdf_page_number}' from pdf_page_number=7 per locator contract
P2IIB-REP-1318,calculation/chapter_01/page_elements.csv,CH1-PE-019,source_locator_derivation,chapter_01/page_elements.csv,calc_pdf_p7,0,derived 'calc_pdf_p{pdf_page_number}' from pdf_page_number=7 per locator contract
P2IIB-REP-1319,calculation/chapter_01/page_elements.csv,CH1-PE-020,source_locator_derivation,chapter_01/page_elements.csv,calc_pdf_p7,0,derived 'calc_pdf_p{pdf_page_number}' from pdf_page_number=7 per locator contract
P2IIB-REP-1320,calculation/chapter_01/page_elements.csv,CH1-PE-021,source_locator_derivation,chapter_01/page_elements.csv,calc_pdf_p7,0,derived 'calc_pdf_p{pdf_page_number}' from pdf_page_number=7 per locator contract
P2IIB-REP-1321,calculation/chapter_01/page_elements.csv,CH1-PE-022,source_locator_derivation,chapter_01/page_elements.csv,calc_pdf_p7,0,derived 'calc_pdf_p{pdf_page_number}' from pdf_page_number=7 per locator contract
P2IIB-REP-1322,calculation/chapter_01/page_elements.csv,CH1-PE-023,source_locator_derivation,chapter_01/page_elements.csv,calc_pdf_p7,0,derived 'calc_pdf_p{pdf_page_number}' from pdf_page_number=7 per locator contract
P2IIB-REP-1323,calculation/chapter_01/page_elements.csv,CH1-PE-024,source_locator_derivation,chapter_01/page_elements.csv,calc_pdf_p7,0,derived 'calc_pdf_p{pdf_page_number}' from pdf_page_number=7 per locator contract
P2IIB-REP-1324,calculation/chapter_01/page_elements.csv,CH1-PE-025,source_locator_derivation,chapter_01/page_elements.csv,calc_pdf_p7,0,derived 'calc_pdf_p{pdf_page_number}' from pdf_page_number=7 per locator contract
P2IIB-REP-1325,calculation/chapter_01/page_elements.csv,CH1-PE-026,source_locator_derivation,chapter_01/page_elements.csv,calc_pdf_p7,0,derived 'calc_pdf_p{pdf_page_number}' from pdf_page_number=7 per locator contract
P2IIB-REP-1326,calculation/chapter_01/page_elements.csv,CH1-PE-027,source_locator_derivation,chapter_01/page_elements.csv,calc_pdf_p7,0,derived 'calc_pdf_p{pdf_page_number}' from pdf_page_number=7 per locator contract
P2IIB-REP-1327,calculation/chapter_01/page_elements.csv,CH1-PE-028,source_locator_derivation,chapter_01/page_elements.csv,calc_pdf_p7,0,derived 'calc_pdf_p{pdf_page_number}' from pdf_page_number=7 per locator contract
P2IIB-REP-1328,calculation/chapter_01/page_elements.csv,CH1-PE-029,source_locator_derivation,chapter_01/page_elements.csv,calc_pdf_p7,0,derived 'calc_pdf_p{pdf_page_number}' from pdf_page_number=7 per locator contract
P2IIB-REP-1329,calculation/chapter_01/page_elements.csv,CH1-PE-030,source_locator_derivation,chapter_01/page_elements.csv,calc_pdf_p7,0,derived 'calc_pdf_p{pdf_page_number}' from pdf_page_number=7 per locator contract
P2IIB-REP-1330,calculation/chapter_01/page_elements.csv,CH1-PE-031,source_locator_derivation,chapter_01/page_elements.csv,calc_pdf_p7,0,derived 'calc_pdf_p{pdf_page_number}' from pdf_page_number=7 per locator contract
P2IIB-REP-1331,calculation/chapter_01/page_elements.csv,CH1-PE-032,source_locator_derivation,chapter_01/page_elements.csv,calc_pdf_p8,0,derived 'calc_pdf_p{pdf_page_number}' from pdf_page_number=8 per locator contract
P2IIB-REP-1332,calculation/chapter_01/page_elements.csv,CH1-PE-033,source_locator_derivation,chapter_01/page_elements.csv,calc_pdf_p8,0,derived 'calc_pdf_p{pdf_page_number}' from pdf_page_number=8 per locator contract
P2IIB-REP-1333,calculation/chapter_01/page_elements.csv,CH1-PE-034,source_locator_derivation,chapter_01/page_elements.csv,calc_pdf_p9,0,derived 'calc_pdf_p{pdf_page_number}' from pdf_page_number=9 per locator contract
P2IIB-REP-1334,calculation/chapter_01/page_elements.csv,CH1-PE-035,source_locator_derivation,chapter_01/page_elements.csv,calc_pdf_p9,0,derived 'calc_pdf_p{pdf_page_number}' from pdf_page_number=9 per locator contract
P2IIB-REP-1335,calculation/chapter_01/page_elements.csv,CH1-PE-036,source_locator_derivation,chapter_01/page_elements.csv,calc_pdf_p10,0,derived 'calc_pdf_p{pdf_page_number}' from pdf_page_number=10 per locator contract
P2IIB-REP-1336,calculation/chapter_01/page_elements.csv,CH1-PE-037,source_locator_derivation,chapter_01/page_elements.csv,calc_pdf_p10,0,derived 'calc_pdf_p{pdf_page_number}' from pdf_page_number=10 per locator contract
P2IIB-REP-1337,calculation/chapter_01/page_elements.csv,CH1-PE-038,source_locator_derivation,chapter_01/page_elements.csv,calc_pdf_p10,0,derived 'calc_pdf_p{pdf_page_number}' from pdf_page_number=10 per locator contract
P2IIB-REP-1338,calculation/chapter_01/page_elements.csv,CH1-PE-039,source_locator_derivation,chapter_01/page_elements.csv,calc_pdf_p11,0,derived 'calc_pdf_p{pdf_page_number}' from pdf_page_number=11 per locator contract
P2IIB-REP-1339,calculation/chapter_01/tables.csv,CH1-TBL-083,column_shift,"[""CH1-TBL-083"", ""7"", ""2"", ""CH1"", ""CAL-SEC-1.1"", ""設計条件一覧"", ""(設計条件表)"", """", """", """", ""design_condition_table"", ""chapter_01/tables.csv"", ""MEDIUM"", ""UNVERIFIED""]","[""CH1-TBL-083"", ""7"", ""2"", ""CH1"", ""CAL-SEC-1.1"", ""設計条件一覧"", ""(設計条件表)"", """", """", """", """", """", """", """", ""design_condition_table"", ""chapter_01/tables.csv"", ""MEDIUM"", ""UNVERIFIED""]",-4,LEFT-shift: inserted 4 empty cell(s) at column index 8 (column_key) to restore header alignment
P2IIB-REP-1340,calculation/chapter_01/tables.csv,CH1-TBL-001,source_locator_derivation,chapter_01/tables.csv,calc_pdf_p10,0,derived 'calc_pdf_p{pdf_page_number}' from pdf_page_number=10 per locator contract
P2IIB-REP-1341,calculation/chapter_01/tables.csv,CH1-TBL-002,source_locator_derivation,chapter_01/tables.csv,calc_pdf_p10,0,derived 'calc_pdf_p{pdf_page_number}' from pdf_page_number=10 per locator contract
P2IIB-REP-1342,calculation/chapter_01/tables.csv,CH1-TBL-003,source_locator_derivation,chapter_01/tables.csv,calc_pdf_p10,0,derived 'calc_pdf_p{pdf_page_number}' from pdf_page_number=10 per locator contract
P2IIB-REP-1343,calculation/chapter_01/tables.csv,CH1-TBL-004,source_locator_derivation,chapter_01/tables.csv,calc_pdf_p10,0,derived 'calc_pdf_p{pdf_page_number}' from pdf_page_number=10 per locator contract
P2IIB-REP-1344,calculation/chapter_01/tables.csv,CH1-TBL-005,source_locator_derivation,chapter_01/tables.csv,calc_pdf_p10,0,derived 'calc_pdf_p{pdf_page_number}' from pdf_page_number=10 per locator contract
P2IIB-REP-1345,calculation/chapter_01/tables.csv,CH1-TBL-006,source_locator_derivation,chapter_01/tables.csv,calc_pdf_p10,0,derived 'calc_pdf_p{pdf_page_number}' from pdf_page_number=10 per locator contract
P2IIB-REP-1346,calculation/chapter_01/tables.csv,CH1-TBL-007,source_locator_derivation,chapter_01/tables.csv,calc_pdf_p10,0,derived 'calc_pdf_p{pdf_page_number}' from pdf_page_number=10 per locator contract
P2IIB-REP-1347,calculation/chapter_01/tables.csv,CH1-TBL-008,source_locator_derivation,chapter_01/tables.csv,calc_pdf_p10,0,derived 'calc_pdf_p{pdf_page_number}' from pdf_page_number=10 per locator contract
P2IIB-REP-1348,calculation/chapter_01/tables.csv,CH1-TBL-009,source_locator_derivation,chapter_01/tables.csv,calc_pdf_p10,0,derived 'calc_pdf_p{pdf_page_number}' from pdf_page_number=10 per locator contract
P2IIB-REP-1349,calculation/chapter_01/tables.csv,CH1-TBL-010,source_locator_derivation,chapter_01/tables.csv,calc_pdf_p10,0,derived 'calc_pdf_p{pdf_page_number}' from pdf_page_number=10 per locator contract
P2IIB-REP-1350,calculation/chapter_01/tables.csv,CH1-TBL-011,source_locator_derivation,chapter_01/tables.csv,calc_pdf_p10,0,derived 'calc_pdf_p{pdf_page_number}' from pdf_page_number=10 per locator contract
P2IIB-REP-1351,calculation/chapter_01/tables.csv,CH1-TBL-012,source_locator_derivation,chapter_01/tables.csv,calc_pdf_p10,0,derived 'calc_pdf_p{pdf_page_number}' from pdf_page_number=10 per locator contract
P2IIB-REP-1352,calculation/chapter_01/tables.csv,CH1-TBL-013,source_locator_derivation,chapter_01/tables.csv,calc_pdf_p10,0,derived 'calc_pdf_p{pdf_page_number}' from pdf_page_number=10 per locator contract
P2IIB-REP-1353,calculation/chapter_01/tables.csv,CH1-TBL-014,source_locator_derivation,chapter_01/tables.csv,calc_pdf_p10,0,derived 'calc_pdf_p{pdf_page_number}' from pdf_page_number=10 per locator contract
P2IIB-REP-1354,calculation/chapter_01/tables.csv,CH1-TBL-015,source_locator_derivation,chapter_01/tables.csv,calc_pdf_p10,0,derived 'calc_pdf_p{pdf_page_number}' from pdf_page_number=10 per locator contract
P2IIB-REP-1355,calculation/chapter_01/tables.csv,CH1-TBL-016,source_locator_derivation,chapter_01/tables.csv,calc_pdf_p10,0,derived 'calc_pdf_p{pdf_page_number}' from pdf_page_number=10 per locator contract
P2IIB-REP-1356,calculation/chapter_01/tables.csv,CH1-TBL-017,source_locator_derivation,chapter_01/tables.csv,calc_pdf_p10,0,derived 'calc_pdf_p{pdf_page_number}' from pdf_page_number=10 per locator contract
P2IIB-REP-1357,calculation/chapter_01/tables.csv,CH1-TBL-018,source_locator_derivation,chapter_01/tables.csv,calc_pdf_p10,0,derived 'calc_pdf_p{pdf_page_number}' from pdf_page_number=10 per locator contract
P2IIB-REP-1358,calculation/chapter_01/tables.csv,CH1-TBL-019,source_locator_derivation,chapter_01/tables.csv,calc_pdf_p10,0,derived 'calc_pdf_p{pdf_page_number}' from pdf_page_number=10 per locator contract
P2IIB-REP-1359,calculation/chapter_01/tables.csv,CH1-TBL-020,source_locator_derivation,chapter_01/tables.csv,calc_pdf_p10,0,derived 'calc_pdf_p{pdf_page_number}' from pdf_page_number=10 per locator contract
P2IIB-REP-1360,calculation/chapter_01/tables.csv,CH1-TBL-021,source_locator_derivation,chapter_01/tables.csv,calc_pdf_p10,0,derived 'calc_pdf_p{pdf_page_number}' from pdf_page_number=10 per locator contract
P2IIB-REP-1361,calculation/chapter_01/tables.csv,CH1-TBL-022,source_locator_derivation,chapter_01/tables.csv,calc_pdf_p10,0,derived 'calc_pdf_p{pdf_page_number}' from pdf_page_number=10 per locator contract
P2IIB-REP-1362,calculation/chapter_01/tables.csv,CH1-TBL-023,source_locator_derivation,chapter_01/tables.csv,calc_pdf_p10,0,derived 'calc_pdf_p{pdf_page_number}' from pdf_page_number=10 per locator contract
P2IIB-REP-1363,calculation/chapter_01/tables.csv,CH1-TBL-024,source_locator_derivation,chapter_01/tables.csv,calc_pdf_p10,0,derived 'calc_pdf_p{pdf_page_number}' from pdf_page_number=10 per locator contract
P2IIB-REP-1364,calculation/chapter_01/tables.csv,CH1-TBL-025,source_locator_derivation,chapter_01/tables.csv,calc_pdf_p10,0,derived 'calc_pdf_p{pdf_page_number}' from pdf_page_number=10 per locator contract
P2IIB-REP-1365,calculation/chapter_01/tables.csv,CH1-TBL-026,source_locator_derivation,chapter_01/tables.csv,calc_pdf_p10,0,derived 'calc_pdf_p{pdf_page_number}' from pdf_page_number=10 per locator contract
P2IIB-REP-1366,calculation/chapter_01/tables.csv,CH1-TBL-027,source_locator_derivation,chapter_01/tables.csv,calc_pdf_p10,0,derived 'calc_pdf_p{pdf_page_number}' from pdf_page_number=10 per locator contract
P2IIB-REP-1367,calculation/chapter_01/tables.csv,CH1-TBL-028,source_locator_derivation,chapter_01/tables.csv,calc_pdf_p10,0,derived 'calc_pdf_p{pdf_page_number}' from pdf_page_number=10 per locator contract
P2IIB-REP-1368,calculation/chapter_01/tables.csv,CH1-TBL-029,source_locator_derivation,chapter_01/tables.csv,calc_pdf_p10,0,derived 'calc_pdf_p{pdf_page_number}' from pdf_page_number=10 per locator contract
P2IIB-REP-1369,calculation/chapter_01/tables.csv,CH1-TBL-030,source_locator_derivation,chapter_01/tables.csv,calc_pdf_p10,0,derived 'calc_pdf_p{pdf_page_number}' from pdf_page_number=10 per locator contract
P2IIB-REP-1370,calculation/chapter_01/tables.csv,CH1-TBL-031,source_locator_derivation,chapter_01/tables.csv,calc_pdf_p10,0,derived 'calc_pdf_p{pdf_page_number}' from pdf_page_number=10 per locator contract
P2IIB-REP-1371,calculation/chapter_01/tables.csv,CH1-TBL-032,source_locator_derivation,chapter_01/tables.csv,calc_pdf_p10,0,derived 'calc_pdf_p{pdf_page_number}' from pdf_page_number=10 per locator contract
P2IIB-REP-1372,calculation/chapter_01/tables.csv,CH1-TBL-033,source_locator_derivation,chapter_01/tables.csv,calc_pdf_p10,0,derived 'calc_pdf_p{pdf_page_number}' from pdf_page_number=10 per locator contract
P2IIB-REP-1373,calculation/chapter_01/tables.csv,CH1-TBL-034,source_locator_derivation,chapter_01/tables.csv,calc_pdf_p10,0,derived 'calc_pdf_p{pdf_page_number}' from pdf_page_number=10 per locator contract
P2IIB-REP-1374,calculation/chapter_01/tables.csv,CH1-TBL-035,source_locator_derivation,chapter_01/tables.csv,calc_pdf_p10,0,derived 'calc_pdf_p{pdf_page_number}' from pdf_page_number=10 per locator contract
P2IIB-REP-1375,calculation/chapter_01/tables.csv,CH1-TBL-036,source_locator_derivation,chapter_01/tables.csv,calc_pdf_p10,0,derived 'calc_pdf_p{pdf_page_number}' from pdf_page_number=10 per locator contract
P2IIB-REP-1376,calculation/chapter_01/tables.csv,CH1-TBL-037,source_locator_derivation,chapter_01/tables.csv,calc_pdf_p10,0,derived 'calc_pdf_p{pdf_page_number}' from pdf_page_number=10 per locator contract
P2IIB-REP-1377,calculation/chapter_01/tables.csv,CH1-TBL-038,source_locator_derivation,chapter_01/tables.csv,calc_pdf_p10,0,derived 'calc_pdf_p{pdf_page_number}' from pdf_page_number=10 per locator contract
P2IIB-REP-1378,calculation/chapter_01/tables.csv,CH1-TBL-039,source_locator_derivation,chapter_01/tables.csv,calc_pdf_p10,0,derived 'calc_pdf_p{pdf_page_number}' from pdf_page_number=10 per locator contract
P2IIB-REP-1379,calculation/chapter_01/tables.csv,CH1-TBL-040,source_locator_derivation,chapter_01/tables.csv,calc_pdf_p10,0,derived 'calc_pdf_p{pdf_page_number}' from pdf_page_number=10 per locator contract
P2IIB-REP-1380,calculation/chapter_01/tables.csv,CH1-TBL-041,source_locator_derivation,chapter_01/tables.csv,calc_pdf_p10,0,derived 'calc_pdf_p{pdf_page_number}' from pdf_page_number=10 per locator contract
P2IIB-REP-1381,calculation/chapter_01/tables.csv,CH1-TBL-042,source_locator_derivation,chapter_01/tables.csv,calc_pdf_p10,0,derived 'calc_pdf_p{pdf_page_number}' from pdf_page_number=10 per locator contract
P2IIB-REP-1382,calculation/chapter_01/tables.csv,CH1-TBL-043,source_locator_derivation,chapter_01/tables.csv,calc_pdf_p10,0,derived 'calc_pdf_p{pdf_page_number}' from pdf_page_number=10 per locator contract
P2IIB-REP-1383,calculation/chapter_01/tables.csv,CH1-TBL-044,source_locator_derivation,chapter_01/tables.csv,calc_pdf_p10,0,derived 'calc_pdf_p{pdf_page_number}' from pdf_page_number=10 per locator contract
P2IIB-REP-1384,calculation/chapter_01/tables.csv,CH1-TBL-045,source_locator_derivation,chapter_01/tables.csv,calc_pdf_p10,0,derived 'calc_pdf_p{pdf_page_number}' from pdf_page_number=10 per locator contract
P2IIB-REP-1385,calculation/chapter_01/tables.csv,CH1-TBL-046,source_locator_derivation,chapter_01/tables.csv,calc_pdf_p10,0,derived 'calc_pdf_p{pdf_page_number}' from pdf_page_number=10 per locator contract
P2IIB-REP-1386,calculation/chapter_01/tables.csv,CH1-TBL-047,source_locator_derivation,chapter_01/tables.csv,calc_pdf_p10,0,derived 'calc_pdf_p{pdf_page_number}' from pdf_page_number=10 per locator contract
P2IIB-REP-1387,calculation/chapter_01/tables.csv,CH1-TBL-048,source_locator_derivation,chapter_01/tables.csv,calc_pdf_p10,0,derived 'calc_pdf_p{pdf_page_number}' from pdf_page_number=10 per locator contract
P2IIB-REP-1388,calculation/chapter_01/tables.csv,CH1-TBL-049,source_locator_derivation,chapter_01/tables.csv,calc_pdf_p10,0,derived 'calc_pdf_p{pdf_page_number}' from pdf_page_number=10 per locator contract
P2IIB-REP-1389,calculation/chapter_01/tables.csv,CH1-TBL-050,source_locator_derivation,chapter_01/tables.csv,calc_pdf_p10,0,derived 'calc_pdf_p{pdf_page_number}' from pdf_page_number=10 per locator contract
P2IIB-REP-1390,calculation/chapter_01/tables.csv,CH1-TBL-051,source_locator_derivation,chapter_01/tables.csv,calc_pdf_p10,0,derived 'calc_pdf_p{pdf_page_number}' from pdf_page_number=10 per locator contract
P2IIB-REP-1391,calculation/chapter_01/tables.csv,CH1-TBL-052,source_locator_derivation,chapter_01/tables.csv,calc_pdf_p10,0,derived 'calc_pdf_p{pdf_page_number}' from pdf_page_number=10 per locator contract
P2IIB-REP-1392,calculation/chapter_01/tables.csv,CH1-TBL-053,source_locator_derivation,chapter_01/tables.csv,calc_pdf_p10,0,derived 'calc_pdf_p{pdf_page_number}' from pdf_page_number=10 per locator contract
P2IIB-REP-1393,calculation/chapter_01/tables.csv,CH1-TBL-054,source_locator_derivation,chapter_01/tables.csv,calc_pdf_p10,0,derived 'calc_pdf_p{pdf_page_number}' from pdf_page_number=10 per locator contract
P2IIB-REP-1394,calculation/chapter_01/tables.csv,CH1-TBL-055,source_locator_derivation,chapter_01/tables.csv,calc_pdf_p10,0,derived 'calc_pdf_p{pdf_page_number}' from pdf_page_number=10 per locator contract
P2IIB-REP-1395,calculation/chapter_01/tables.csv,CH1-TBL-056,source_locator_derivation,chapter_01/tables.csv,calc_pdf_p10,0,derived 'calc_pdf_p{pdf_page_number}' from pdf_page_number=10 per locator contract
P2IIB-REP-1396,calculation/chapter_01/tables.csv,CH1-TBL-057,source_locator_derivation,chapter_01/tables.csv,calc_pdf_p10,0,derived 'calc_pdf_p{pdf_page_number}' from pdf_page_number=10 per locator contract
P2IIB-REP-1397,calculation/chapter_01/tables.csv,CH1-TBL-058,source_locator_derivation,chapter_01/tables.csv,calc_pdf_p10,0,derived 'calc_pdf_p{pdf_page_number}' from pdf_page_number=10 per locator contract
P2IIB-REP-1398,calculation/chapter_01/tables.csv,CH1-TBL-059,source_locator_derivation,chapter_01/tables.csv,calc_pdf_p11,0,derived 'calc_pdf_p{pdf_page_number}' from pdf_page_number=11 per locator contract
P2IIB-REP-1399,calculation/chapter_01/tables.csv,CH1-TBL-060,source_locator_derivation,chapter_01/tables.csv,calc_pdf_p11,0,derived 'calc_pdf_p{pdf_page_number}' from pdf_page_number=11 per locator contract
P2IIB-REP-1400,calculation/chapter_01/tables.csv,CH1-TBL-061,source_locator_derivation,chapter_01/tables.csv,calc_pdf_p11,0,derived 'calc_pdf_p{pdf_page_number}' from pdf_page_number=11 per locator contract
P2IIB-REP-1401,calculation/chapter_01/tables.csv,CH1-TBL-062,source_locator_derivation,chapter_01/tables.csv,calc_pdf_p11,0,derived 'calc_pdf_p{pdf_page_number}' from pdf_page_number=11 per locator contract
P2IIB-REP-1402,calculation/chapter_01/tables.csv,CH1-TBL-063,source_locator_derivation,chapter_01/tables.csv,calc_pdf_p11,0,derived 'calc_pdf_p{pdf_page_number}' from pdf_page_number=11 per locator contract
P2IIB-REP-1403,calculation/chapter_01/tables.csv,CH1-TBL-064,source_locator_derivation,chapter_01/tables.csv,calc_pdf_p11,0,derived 'calc_pdf_p{pdf_page_number}' from pdf_page_number=11 per locator contract
P2IIB-REP-1404,calculation/chapter_01/tables.csv,CH1-TBL-065,source_locator_derivation,chapter_01/tables.csv,calc_pdf_p11,0,derived 'calc_pdf_p{pdf_page_number}' from pdf_page_number=11 per locator contract
P2IIB-REP-1405,calculation/chapter_01/tables.csv,CH1-TBL-066,source_locator_derivation,chapter_01/tables.csv,calc_pdf_p11,0,derived 'calc_pdf_p{pdf_page_number}' from pdf_page_number=11 per locator contract
P2IIB-REP-1406,calculation/chapter_01/tables.csv,CH1-TBL-067,source_locator_derivation,chapter_01/tables.csv,calc_pdf_p11,0,derived 'calc_pdf_p{pdf_page_number}' from pdf_page_number=11 per locator contract
P2IIB-REP-1407,calculation/chapter_01/tables.csv,CH1-TBL-068,source_locator_derivation,chapter_01/tables.csv,calc_pdf_p11,0,derived 'calc_pdf_p{pdf_page_number}' from pdf_page_number=11 per locator contract
P2IIB-REP-1408,calculation/chapter_01/tables.csv,CH1-TBL-069,source_locator_derivation,chapter_01/tables.csv,calc_pdf_p11,0,derived 'calc_pdf_p{pdf_page_number}' from pdf_page_number=11 per locator contract
P2IIB-REP-1409,calculation/chapter_01/tables.csv,CH1-TBL-070,source_locator_derivation,chapter_01/tables.csv,calc_pdf_p11,0,derived 'calc_pdf_p{pdf_page_number}' from pdf_page_number=11 per locator contract
P2IIB-REP-1410,calculation/chapter_01/tables.csv,CH1-TBL-071,source_locator_derivation,chapter_01/tables.csv,calc_pdf_p11,0,derived 'calc_pdf_p{pdf_page_number}' from pdf_page_number=11 per locator contract
P2IIB-REP-1411,calculation/chapter_01/tables.csv,CH1-TBL-072,source_locator_derivation,chapter_01/tables.csv,calc_pdf_p11,0,derived 'calc_pdf_p{pdf_page_number}' from pdf_page_number=11 per locator contract
P2IIB-REP-1412,calculation/chapter_01/tables.csv,CH1-TBL-073,source_locator_derivation,chapter_01/tables.csv,calc_pdf_p11,0,derived 'calc_pdf_p{pdf_page_number}' from pdf_page_number=11 per locator contract
P2IIB-REP-1413,calculation/chapter_01/tables.csv,CH1-TBL-074,source_locator_derivation,chapter_01/tables.csv,calc_pdf_p11,0,derived 'calc_pdf_p{pdf_page_number}' from pdf_page_number=11 per locator contract
P2IIB-REP-1414,calculation/chapter_01/tables.csv,CH1-TBL-075,source_locator_derivation,chapter_01/tables.csv,calc_pdf_p11,0,derived 'calc_pdf_p{pdf_page_number}' from pdf_page_number=11 per locator contract
P2IIB-REP-1415,calculation/chapter_01/tables.csv,CH1-TBL-076,source_locator_derivation,chapter_01/tables.csv,calc_pdf_p11,0,derived 'calc_pdf_p{pdf_page_number}' from pdf_page_number=11 per locator contract
P2IIB-REP-1416,calculation/chapter_01/tables.csv,CH1-TBL-077,source_locator_derivation,chapter_01/tables.csv,calc_pdf_p11,0,derived 'calc_pdf_p{pdf_page_number}' from pdf_page_number=11 per locator contract
P2IIB-REP-1417,calculation/chapter_01/tables.csv,CH1-TBL-078,source_locator_derivation,chapter_01/tables.csv,calc_pdf_p11,0,derived 'calc_pdf_p{pdf_page_number}' from pdf_page_number=11 per locator contract
P2IIB-REP-1418,calculation/chapter_01/tables.csv,CH1-TBL-079,source_locator_derivation,chapter_01/tables.csv,calc_pdf_p11,0,derived 'calc_pdf_p{pdf_page_number}' from pdf_page_number=11 per locator contract
P2IIB-REP-1419,calculation/chapter_01/tables.csv,CH1-TBL-080,source_locator_derivation,chapter_01/tables.csv,calc_pdf_p11,0,derived 'calc_pdf_p{pdf_page_number}' from pdf_page_number=11 per locator contract
P2IIB-REP-1420,calculation/chapter_01/tables.csv,CH1-TBL-081,source_locator_derivation,chapter_01/tables.csv,calc_pdf_p11,0,derived 'calc_pdf_p{pdf_page_number}' from pdf_page_number=11 per locator contract
P2IIB-REP-1421,calculation/chapter_01/tables.csv,CH1-TBL-082,source_locator_derivation,chapter_01/tables.csv,calc_pdf_p11,0,derived 'calc_pdf_p{pdf_page_number}' from pdf_page_number=11 per locator contract
P2IIB-REP-1422,calculation/chapter_01/tables.csv,CH1-TBL-083,source_locator_derivation,chapter_01/tables.csv,calc_pdf_p7,0,derived 'calc_pdf_p{pdf_page_number}' from pdf_page_number=7 per locator contract
P2IIB-REP-1423,calculation/chapter_01/values.csv,CH1-VAL-004,column_shift,"[""CH1-VAL-004"", ""7"", ""2"", ""CH1"", ""CAL-SEC-1.1"", ""橋梁形式"", ""鋼3径間連続少数鈑桁橋(非合成桁"", ""合成断面担保)"", """", ""鋼3径間連続少数鈑桁橋(非合成桁"", ""合成断面担保)"", """", ""bridge_type"", """", ""chapter_01/values.csv"", ""HIGH"", ""UNVERIFIED""]","[""CH1-VAL-004"", ""7"", ""2"", ""CH1"", ""CAL-SEC-1.1"", ""橋梁形式"", ""鋼3径間連続少数鈑桁橋(非合成桁,合成断面担保)"", """", ""鋼3径間連続少数鈑桁橋(非合成桁,合成断面担保)"", """", ""bridge_type"", """", ""chapter_01/values.csv"", ""HIGH"", ""UNVERIFIED""]",2,"RIGHT-shift: raw_value/normalized_value split by unquoted comma; rejoined as '鋼3径間連続少数鈑桁橋(非合成桁,合成断面担保)'"
P2IIB-REP-1424,calculation/chapter_01/values.csv,CH1-VAL-001,source_locator_derivation,chapter_01/values.csv,calc_pdf_p7,0,derived 'calc_pdf_p{pdf_page_number}' from pdf_page_number=7 per locator contract
P2IIB-REP-1425,calculation/chapter_01/values.csv,CH1-VAL-002,source_locator_derivation,chapter_01/values.csv,calc_pdf_p7,0,derived 'calc_pdf_p{pdf_page_number}' from pdf_page_number=7 per locator contract
P2IIB-REP-1426,calculation/chapter_01/values.csv,CH1-VAL-003,source_locator_derivation,chapter_01/values.csv,calc_pdf_p7,0,derived 'calc_pdf_p{pdf_page_number}' from pdf_page_number=7 per locator contract
P2IIB-REP-1427,calculation/chapter_01/values.csv,CH1-VAL-004,source_locator_derivation,chapter_01/values.csv,calc_pdf_p7,0,derived 'calc_pdf_p{pdf_page_number}' from pdf_page_number=7 per locator contract
P2IIB-REP-1428,calculation/chapter_01/values.csv,CH1-VAL-005,source_locator_derivation,chapter_01/values.csv,calc_pdf_p7,0,derived 'calc_pdf_p{pdf_page_number}' from pdf_page_number=7 per locator contract
P2IIB-REP-1429,calculation/chapter_01/values.csv,CH1-VAL-006,source_locator_derivation,chapter_01/values.csv,calc_pdf_p7,0,derived 'calc_pdf_p{pdf_page_number}' from pdf_page_number=7 per locator contract
P2IIB-REP-1430,calculation/chapter_01/values.csv,CH1-VAL-007,source_locator_derivation,chapter_01/values.csv,calc_pdf_p7,0,derived 'calc_pdf_p{pdf_page_number}' from pdf_page_number=7 per locator contract
P2IIB-REP-1431,calculation/chapter_01/values.csv,CH1-VAL-008,source_locator_derivation,chapter_01/values.csv,calc_pdf_p7,0,derived 'calc_pdf_p{pdf_page_number}' from pdf_page_number=7 per locator contract
P2IIB-REP-1432,calculation/chapter_01/values.csv,CH1-VAL-009,source_locator_derivation,chapter_01/values.csv,calc_pdf_p7,0,derived 'calc_pdf_p{pdf_page_number}' from pdf_page_number=7 per locator contract
P2IIB-REP-1433,calculation/chapter_01/values.csv,CH1-VAL-010,source_locator_derivation,chapter_01/values.csv,calc_pdf_p7,0,derived 'calc_pdf_p{pdf_page_number}' from pdf_page_number=7 per locator contract
P2IIB-REP-1434,calculation/chapter_01/values.csv,CH1-VAL-011,source_locator_derivation,chapter_01/values.csv,calc_pdf_p7,0,derived 'calc_pdf_p{pdf_page_number}' from pdf_page_number=7 per locator contract
P2IIB-REP-1435,calculation/chapter_01/values.csv,CH1-VAL-012,source_locator_derivation,chapter_01/values.csv,calc_pdf_p7,0,derived 'calc_pdf_p{pdf_page_number}' from pdf_page_number=7 per locator contract
P2IIB-REP-1436,calculation/chapter_01/values.csv,CH1-VAL-013,source_locator_derivation,chapter_01/values.csv,calc_pdf_p7,0,derived 'calc_pdf_p{pdf_page_number}' from pdf_page_number=7 per locator contract
P2IIB-REP-1437,calculation/chapter_01/values.csv,CH1-VAL-014,source_locator_derivation,chapter_01/values.csv,calc_pdf_p7,0,derived 'calc_pdf_p{pdf_page_number}' from pdf_page_number=7 per locator contract
P2IIB-REP-1438,calculation/chapter_01/values.csv,CH1-VAL-015,source_locator_derivation,chapter_01/values.csv,calc_pdf_p7,0,derived 'calc_pdf_p{pdf_page_number}' from pdf_page_number=7 per locator contract
P2IIB-REP-1439,calculation/chapter_01/values.csv,CH1-VAL-016,source_locator_derivation,chapter_01/values.csv,calc_pdf_p7,0,derived 'calc_pdf_p{pdf_page_number}' from pdf_page_number=7 per locator contract
P2IIB-REP-1440,calculation/chapter_01/values.csv,CH1-VAL-017,source_locator_derivation,chapter_01/values.csv,calc_pdf_p7,0,derived 'calc_pdf_p{pdf_page_number}' from pdf_page_number=7 per locator contract
P2IIB-REP-1441,calculation/chapter_01/values.csv,CH1-VAL-018,source_locator_derivation,chapter_01/values.csv,calc_pdf_p7,0,derived 'calc_pdf_p{pdf_page_number}' from pdf_page_number=7 per locator contract
P2IIB-REP-1442,calculation/chapter_01/values.csv,CH1-VAL-019,source_locator_derivation,chapter_01/values.csv,calc_pdf_p7,0,derived 'calc_pdf_p{pdf_page_number}' from pdf_page_number=7 per locator contract
P2IIB-REP-1443,calculation/chapter_01/values.csv,CH1-VAL-020,source_locator_derivation,chapter_01/values.csv,calc_pdf_p7,0,derived 'calc_pdf_p{pdf_page_number}' from pdf_page_number=7 per locator contract
P2IIB-REP-1444,calculation/chapter_01/values.csv,CH1-VAL-021,source_locator_derivation,chapter_01/values.csv,calc_pdf_p7,0,derived 'calc_pdf_p{pdf_page_number}' from pdf_page_number=7 per locator contract
P2IIB-REP-1445,calculation/chapter_01/values.csv,CH1-VAL-022,source_locator_derivation,chapter_01/values.csv,calc_pdf_p7,0,derived 'calc_pdf_p{pdf_page_number}' from pdf_page_number=7 per locator contract
P2IIB-REP-1446,calculation/chapter_01/values.csv,CH1-VAL-023,source_locator_derivation,chapter_01/values.csv,calc_pdf_p7,0,derived 'calc_pdf_p{pdf_page_number}' from pdf_page_number=7 per locator contract
P2IIB-REP-1447,calculation/chapter_01/values.csv,CH1-VAL-024,source_locator_derivation,chapter_01/values.csv,calc_pdf_p7,0,derived 'calc_pdf_p{pdf_page_number}' from pdf_page_number=7 per locator contract
P2IIB-REP-1448,calculation/chapter_01/values.csv,CH1-VAL-025,source_locator_derivation,chapter_01/values.csv,calc_pdf_p7,0,derived 'calc_pdf_p{pdf_page_number}' from pdf_page_number=7 per locator contract
P2IIB-REP-1449,calculation/chapter_01/values.csv,CH1-VAL-026,source_locator_derivation,chapter_01/values.csv,calc_pdf_p7,0,derived 'calc_pdf_p{pdf_page_number}' from pdf_page_number=7 per locator contract
P2IIB-REP-1450,calculation/chapter_01/values.csv,CH1-VAL-027,source_locator_derivation,chapter_01/values.csv,calc_pdf_p7,0,derived 'calc_pdf_p{pdf_page_number}' from pdf_page_number=7 per locator contract
P2IIB-REP-1451,calculation/chapter_01/values.csv,CH1-VAL-028,source_locator_derivation,chapter_01/values.csv,calc_pdf_p7,0,derived 'calc_pdf_p{pdf_page_number}' from pdf_page_number=7 per locator contract
P2IIB-REP-1452,calculation/chapter_01/values.csv,CH1-VAL-029,source_locator_derivation,chapter_01/values.csv,calc_pdf_p7,0,derived 'calc_pdf_p{pdf_page_number}' from pdf_page_number=7 per locator contract
P2IIB-REP-1453,calculation/chapter_01/values.csv,CH1-VAL-030,source_locator_derivation,chapter_01/values.csv,calc_pdf_p7,0,derived 'calc_pdf_p{pdf_page_number}' from pdf_page_number=7 per locator contract
P2IIB-REP-1454,calculation/chapter_01/values.csv,CH1-VAL-031,source_locator_derivation,chapter_01/values.csv,calc_pdf_p7,0,derived 'calc_pdf_p{pdf_page_number}' from pdf_page_number=7 per locator contract
P2IIB-REP-1455,calculation/chapter_01/values.csv,CH1-VAL-032,source_locator_derivation,chapter_01/values.csv,calc_pdf_p7,0,derived 'calc_pdf_p{pdf_page_number}' from pdf_page_number=7 per locator contract
P2IIB-REP-1456,calculation/chapter_01/values.csv,CH1-VAL-033,source_locator_derivation,chapter_01/values.csv,calc_pdf_p7,0,derived 'calc_pdf_p{pdf_page_number}' from pdf_page_number=7 per locator contract
P2IIB-REP-1457,calculation/chapter_01/values.csv,CH1-VAL-034,source_locator_derivation,chapter_01/values.csv,calc_pdf_p7,0,derived 'calc_pdf_p{pdf_page_number}' from pdf_page_number=7 per locator contract
P2IIB-REP-1458,calculation/chapter_01/values.csv,CH1-VAL-035,source_locator_derivation,chapter_01/values.csv,calc_pdf_p7,0,derived 'calc_pdf_p{pdf_page_number}' from pdf_page_number=7 per locator contract
P2IIB-REP-1459,calculation/chapter_01/values.csv,CH1-VAL-036,source_locator_derivation,chapter_01/values.csv,calc_pdf_p7,0,derived 'calc_pdf_p{pdf_page_number}' from pdf_page_number=7 per locator contract
P2IIB-REP-1460,calculation/chapter_05/figures.csv,CH5-FIG-001,source_locator_derivation,chapter_05/figures.csv,calc_pdf_p2032,0,derived 'calc_pdf_p{pdf_page_number}' from pdf_page_number=2032 per locator contract
P2IIB-REP-1461,calculation/chapter_05/figures.csv,CH5-FIG-002,source_locator_derivation,chapter_05/figures.csv,calc_pdf_p2033,0,derived 'calc_pdf_p{pdf_page_number}' from pdf_page_number=2033 per locator contract
P2IIB-REP-1462,calculation/chapter_05/figures.csv,CH5-FIG-003,source_locator_derivation,chapter_05/figures.csv,calc_pdf_p2034,0,derived 'calc_pdf_p{pdf_page_number}' from pdf_page_number=2034 per locator contract
P2IIB-REP-1463,calculation/chapter_05/figures.csv,CH5-FIG-004,source_locator_derivation,chapter_05/figures.csv,calc_pdf_p2038,0,derived 'calc_pdf_p{pdf_page_number}' from pdf_page_number=2038 per locator contract
P2IIB-REP-1464,calculation/chapter_05/figures.csv,CH5-FIG-005,source_locator_derivation,chapter_05/figures.csv,calc_pdf_p2045,0,derived 'calc_pdf_p{pdf_page_number}' from pdf_page_number=2045 per locator contract
P2IIB-REP-1465,calculation/chapter_05/figures.csv,CH5-FIG-006,source_locator_derivation,chapter_05/figures.csv,calc_pdf_p2190,0,derived 'calc_pdf_p{pdf_page_number}' from pdf_page_number=2190 per locator contract
P2IIB-REP-1466,calculation/chapter_05/figures.csv,CH5-FIG-007,source_locator_derivation,chapter_05/figures.csv,calc_pdf_p2190,0,derived 'calc_pdf_p{pdf_page_number}' from pdf_page_number=2190 per locator contract
P2IIB-REP-1467,calculation/chapter_05/figures.csv,CH5-FIG-008,source_locator_derivation,chapter_05/figures.csv,calc_pdf_p2192,0,derived 'calc_pdf_p{pdf_page_number}' from pdf_page_number=2192 per locator contract
P2IIB-REP-1468,calculation/chapter_05/figures.csv,CH5-FIG-009,source_locator_derivation,chapter_05/figures.csv,calc_pdf_p2192,0,derived 'calc_pdf_p{pdf_page_number}' from pdf_page_number=2192 per locator contract
P2IIB-REP-1469,calculation/chapter_05/figures.csv,CH5-FIG-010,source_locator_derivation,chapter_05/figures.csv,calc_pdf_p2199,0,derived 'calc_pdf_p{pdf_page_number}' from pdf_page_number=2199 per locator contract
P2IIB-REP-1470,calculation/chapter_05/figures.csv,CH5-FIG-011,source_locator_derivation,chapter_05/figures.csv,calc_pdf_p2208,0,derived 'calc_pdf_p{pdf_page_number}' from pdf_page_number=2208 per locator contract
P2IIB-REP-1471,calculation/chapter_05/figures.csv,CH5-FIG-012,source_locator_derivation,chapter_05/figures.csv,calc_pdf_p2209,0,derived 'calc_pdf_p{pdf_page_number}' from pdf_page_number=2209 per locator contract
P2IIB-REP-1472,calculation/chapter_05/figures.csv,CH5-FIG-013,source_locator_derivation,chapter_05/figures.csv,calc_pdf_p2214,0,derived 'calc_pdf_p{pdf_page_number}' from pdf_page_number=2214 per locator contract
P2IIB-REP-1473,calculation/chapter_05/figures.csv,CH5-FIG-014,source_locator_derivation,chapter_05/figures.csv,calc_pdf_p2216,0,derived 'calc_pdf_p{pdf_page_number}' from pdf_page_number=2216 per locator contract
P2IIB-REP-1474,calculation/chapter_05/figures.csv,CH5-FIG-015,source_locator_derivation,chapter_05/figures.csv,calc_pdf_p2223,0,derived 'calc_pdf_p{pdf_page_number}' from pdf_page_number=2223 per locator contract
P2IIB-REP-1475,calculation/chapter_05/figures.csv,CH5-FIG-016,source_locator_derivation,chapter_05/figures.csv,calc_pdf_p2224,0,derived 'calc_pdf_p{pdf_page_number}' from pdf_page_number=2224 per locator contract
P2IIB-REP-1476,calculation/chapter_05/formulas.csv,CH5-FORM-001,column_shift,"[""CH5-FORM-001"", ""2032"", ""2027"", ""CH5"", ""CAL-SEC-5.1.1"", ""1次形状係数S1"", "" S1 = Ae / (2*(a+b)*te) (0.5≦b/a≦2) または S1 = a/(2*te) (b/a<0.5"", ""2<b/a)"", ""Ae:有効面積 a:橋軸方向寸法 b:橋軸直角方向寸法 te:一層厚"", ""shape_factor_1"", ""chapter_05/formulas.csv"", ""HIGH"", ""UNVERIFIED""]","[""CH5-FORM-001"", ""2032"", ""2027"", ""CH5"", ""CAL-SEC-5.1.1"", ""1次形状係数S1"", "" S1 = Ae / (2*(a+b)*te) (0.5≦b/a≦2) または S1 = a/(2*te) (b/a<0.5,2<b/a)"", ""Ae:有効面積 a:橋軸方向寸法 b:橋軸直角方向寸法 te:一層厚"", ""shape_factor_1"", ""chapter_05/formulas.csv"", ""HIGH"", ""UNVERIFIED""]",1,"formula row re-aligned: expression=' S1 = Ae / (2*(a+b)*te) (0.5≦b/a≦2) または S1 = a/(2*te) (b/a<0.5,2<b/a)', variable_symbols='Ae:有効面積 a:橋軸方向寸法 b:橋軸直角方向寸法 te:一層厚'"
P2IIB-REP-1477,calculation/chapter_05/formulas.csv,CH5-FORM-002,column_shift,"[""CH5-FORM-002"", ""2032"", ""2027"", ""CH5"", ""CAL-SEC-5.1.1"", ""2次形状係数S2"", "" S2 = Min(a"", ""b)/Σte"", ""a:橋軸方向寸法 b:橋軸直角方向寸法 Σte:ゴム総厚"", ""shape_factor_2"", ""chapter_05/formulas.csv"", ""HIGH"", ""UNVERIFIED""]","[""CH5-FORM-002"", ""2032"", ""2027"", ""CH5"", ""CAL-SEC-5.1.1"", ""2次形状係数S2"", "" S2 = Min(a,b)/Σte"", ""a:橋軸方向寸法 b:橋軸直角方向寸法 Σte:ゴム総厚"", ""shape_factor_2"", ""chapter_05/formulas.csv"", ""HIGH"", ""UNVERIFIED""]",1,"formula row re-aligned: expression=' S2 = Min(a,b)/Σte', variable_symbols='a:橋軸方向寸法 b:橋軸直角方向寸法 Σte:ゴム総厚'"
P2IIB-REP-1478,calculation/chapter_05/formulas.csv,CH5-FORM-017,column_shift,"[""CH5-FORM-017"", ""2138"", ""2133"", ""CH5"", ""CAL-SEC-5.1.3"", ""照査基本式"", "" ΣSi(γpi*γqi*Pi) ≦ ξ1*ξ2*ΦR(fc"", ""Δc)"", ""γpi:荷重係数 γqi:組合せ係数 ξ1:調査解析係数 ξ2:部材構造係数 ΦR:抵抗係数"", ""verification_formula"", ""chapter_05/formulas.csv"", ""HIGH"", ""UNVERIFIED""]","[""CH5-FORM-017"", ""2138"", ""2133"", ""CH5"", ""CAL-SEC-5.1.3"", ""照査基本式"", "" ΣSi(γpi*γqi*Pi) ≦ ξ1*ξ2*ΦR(fc,Δc)"", ""γpi:荷重係数 γqi:組合せ係数 ξ1:調査解析係数 ξ2:部材構造係数 ΦR:抵抗係数"", ""verification_formula"", ""chapter_05/formulas.csv"", ""HIGH"", ""UNVERIFIED""]",1,"formula row re-aligned: expression=' ΣSi(γpi*γqi*Pi) ≦ ξ1*ξ2*ΦR(fc,Δc)', variable_symbols='γpi:荷重係数 γqi:組合せ係数 ξ1:調査解析係数 ξ2:部材構造係数 ΦR:抵抗係数'"
P2IIB-REP-1479,calculation/chapter_05/formulas.csv,CH5-FORM-001,source_locator_derivation,chapter_05/formulas.csv,calc_pdf_p2032,0,derived 'calc_pdf_p{pdf_page_number}' from pdf_page_number=2032 per locator contract
P2IIB-REP-1480,calculation/chapter_05/formulas.csv,CH5-FORM-002,source_locator_derivation,chapter_05/formulas.csv,calc_pdf_p2032,0,derived 'calc_pdf_p{pdf_page_number}' from pdf_page_number=2032 per locator contract
P2IIB-REP-1481,calculation/chapter_05/formulas.csv,CH5-FORM-003,source_locator_derivation,chapter_05/formulas.csv,calc_pdf_p2032,0,derived 'calc_pdf_p{pdf_page_number}' from pdf_page_number=2032 per locator contract
P2IIB-REP-1482,calculation/chapter_05/formulas.csv,CH5-FORM-004,source_locator_derivation,chapter_05/formulas.csv,calc_pdf_p2032,0,derived 'calc_pdf_p{pdf_page_number}' from pdf_page_number=2032 per locator contract
P2IIB-REP-1483,calculation/chapter_05/formulas.csv,CH5-FORM-005,source_locator_derivation,chapter_05/formulas.csv,calc_pdf_p2032,0,derived 'calc_pdf_p{pdf_page_number}' from pdf_page_number=2032 per locator contract
P2IIB-REP-1484,calculation/chapter_05/formulas.csv,CH5-FORM-006,source_locator_derivation,chapter_05/formulas.csv,calc_pdf_p2032,0,derived 'calc_pdf_p{pdf_page_number}' from pdf_page_number=2032 per locator contract
P2IIB-REP-1485,calculation/chapter_05/formulas.csv,CH5-FORM-007,source_locator_derivation,chapter_05/formulas.csv,calc_pdf_p2032,0,derived 'calc_pdf_p{pdf_page_number}' from pdf_page_number=2032 per locator contract
P2IIB-REP-1486,calculation/chapter_05/formulas.csv,CH5-FORM-008,source_locator_derivation,chapter_05/formulas.csv,calc_pdf_p2033,0,derived 'calc_pdf_p{pdf_page_number}' from pdf_page_number=2033 per locator contract
P2IIB-REP-1487,calculation/chapter_05/formulas.csv,CH5-FORM-009,source_locator_derivation,chapter_05/formulas.csv,calc_pdf_p2035,0,derived 'calc_pdf_p{pdf_page_number}' from pdf_page_number=2035 per locator contract
P2IIB-REP-1488,calculation/chapter_05/formulas.csv,CH5-FORM-010,source_locator_derivation,chapter_05/formulas.csv,calc_pdf_p2037,0,derived 'calc_pdf_p{pdf_page_number}' from pdf_page_number=2037 per locator contract
P2IIB-REP-1489,calculation/chapter_05/formulas.csv,CH5-FORM-011,source_locator_derivation,chapter_05/formulas.csv,calc_pdf_p2040,0,derived 'calc_pdf_p{pdf_page_number}' from pdf_page_number=2040 per locator contract
P2IIB-REP-1490,calculation/chapter_05/formulas.csv,CH5-FORM-012,source_locator_derivation,chapter_05/formulas.csv,calc_pdf_p2040,0,derived 'calc_pdf_p{pdf_page_number}' from pdf_page_number=2040 per locator contract
P2IIB-REP-1491,calculation/chapter_05/formulas.csv,CH5-FORM-013,source_locator_derivation,chapter_05/formulas.csv,calc_pdf_p2041,0,derived 'calc_pdf_p{pdf_page_number}' from pdf_page_number=2041 per locator contract
P2IIB-REP-1492,calculation/chapter_05/formulas.csv,CH5-FORM-014,source_locator_derivation,chapter_05/formulas.csv,calc_pdf_p2042,0,derived 'calc_pdf_p{pdf_page_number}' from pdf_page_number=2042 per locator contract
P2IIB-REP-1493,calculation/chapter_05/formulas.csv,CH5-FORM-015,source_locator_derivation,chapter_05/formulas.csv,calc_pdf_p2042,0,derived 'calc_pdf_p{pdf_page_number}' from pdf_page_number=2042 per locator contract
P2IIB-REP-1494,calculation/chapter_05/formulas.csv,CH5-FORM-016,source_locator_derivation,chapter_05/formulas.csv,calc_pdf_p2042,0,derived 'calc_pdf_p{pdf_page_number}' from pdf_page_number=2042 per locator contract
P2IIB-REP-1495,calculation/chapter_05/formulas.csv,CH5-FORM-017,source_locator_derivation,chapter_05/formulas.csv,calc_pdf_p2138,0,derived 'calc_pdf_p{pdf_page_number}' from pdf_page_number=2138 per locator contract
P2IIB-REP-1496,calculation/chapter_05/formulas.csv,CH5-FORM-018,source_locator_derivation,chapter_05/formulas.csv,calc_pdf_p2138,0,derived 'calc_pdf_p{pdf_page_number}' from pdf_page_number=2138 per locator contract
P2IIB-REP-1497,calculation/chapter_05/formulas.csv,CH5-FORM-019,source_locator_derivation,chapter_05/formulas.csv,calc_pdf_p2138,0,derived 'calc_pdf_p{pdf_page_number}' from pdf_page_number=2138 per locator contract
P2IIB-REP-1498,calculation/chapter_05/formulas.csv,CH5-FORM-020,source_locator_derivation,chapter_05/formulas.csv,calc_pdf_p2138,0,derived 'calc_pdf_p{pdf_page_number}' from pdf_page_number=2138 per locator contract
P2IIB-REP-1499,calculation/chapter_05/formulas.csv,CH5-FORM-021,source_locator_derivation,chapter_05/formulas.csv,calc_pdf_p2199,0,derived 'calc_pdf_p{pdf_page_number}' from pdf_page_number=2199 per locator contract
P2IIB-REP-1500,calculation/chapter_05/formulas.csv,CH5-FORM-022,source_locator_derivation,chapter_05/formulas.csv,calc_pdf_p2199,0,derived 'calc_pdf_p{pdf_page_number}' from pdf_page_number=2199 per locator contract
P2IIB-REP-1501,calculation/chapter_05/formulas.csv,CH5-FORM-023,source_locator_derivation,chapter_05/formulas.csv,calc_pdf_p2199,0,derived 'calc_pdf_p{pdf_page_number}' from pdf_page_number=2199 per locator contract
P2IIB-REP-1502,calculation/chapter_05/formulas.csv,CH5-FORM-024,source_locator_derivation,chapter_05/formulas.csv,calc_pdf_p2200,0,derived 'calc_pdf_p{pdf_page_number}' from pdf_page_number=2200 per locator contract
P2IIB-REP-1503,calculation/chapter_05/formulas.csv,CH5-FORM-025,source_locator_derivation,chapter_05/formulas.csv,calc_pdf_p2207,0,derived 'calc_pdf_p{pdf_page_number}' from pdf_page_number=2207 per locator contract
P2IIB-REP-1504,calculation/chapter_05/formulas.csv,CH5-FORM-026,source_locator_derivation,chapter_05/formulas.csv,calc_pdf_p2207,0,derived 'calc_pdf_p{pdf_page_number}' from pdf_page_number=2207 per locator contract
P2IIB-REP-1505,calculation/chapter_05/formulas.csv,CH5-FORM-027,source_locator_derivation,chapter_05/formulas.csv,calc_pdf_p2222,0,derived 'calc_pdf_p{pdf_page_number}' from pdf_page_number=2222 per locator contract
P2IIB-REP-1506,calculation/chapter_05/formulas.csv,CH5-FORM-028,source_locator_derivation,chapter_05/formulas.csv,calc_pdf_p2222,0,derived 'calc_pdf_p{pdf_page_number}' from pdf_page_number=2222 per locator contract
P2IIB-REP-1507,calculation/chapter_05/formulas.csv,CH5-FORM-029,source_locator_derivation,chapter_05/formulas.csv,calc_pdf_p2222,0,derived 'calc_pdf_p{pdf_page_number}' from pdf_page_number=2222 per locator contract
P2IIB-REP-1508,calculation/chapter_05/formulas.csv,CH5-FORM-030,source_locator_derivation,chapter_05/formulas.csv,calc_pdf_p2224,0,derived 'calc_pdf_p{pdf_page_number}' from pdf_page_number=2224 per locator contract
P2IIB-REP-1509,calculation/chapter_05/formulas.csv,CH5-FORM-031,source_locator_derivation,chapter_05/formulas.csv,calc_pdf_p2224,0,derived 'calc_pdf_p{pdf_page_number}' from pdf_page_number=2224 per locator contract
P2IIB-REP-1510,calculation/chapter_05/formulas.csv,CH5-FORM-032,source_locator_derivation,chapter_05/formulas.csv,calc_pdf_p2225,0,derived 'calc_pdf_p{pdf_page_number}' from pdf_page_number=2225 per locator contract
P2IIB-REP-1511,calculation/chapter_05/notes.csv,CH5-NOTE-009,column_shift,"[""CH5-NOTE-009"", ""2138"", ""2133"", ""CH5"", ""CAL-SEC-5.1.3"", ""design_note"", ""ΔLe1"", ""ΔLe2:動的解析値"", ""seismic_displacement_note"", ""chapter_05/notes.csv"", ""HIGH""]","[""CH5-NOTE-009"", ""2138"", ""2133"", ""CH5"", ""CAL-SEC-5.1.3"", ""design_note"", ""ΔLe1,ΔLe2:動的解析値"", ""seismic_displacement_note"", ""chapter_05/notes.csv"", ""HIGH""]",1,"notes re-aligned: note_summary='ΔLe1,ΔLe2:動的解析値'"
P2IIB-REP-1512,calculation/chapter_05/notes.csv,CH5-NOTE-021,column_shift,"[""CH5-NOTE-021"", ""2225"", ""2220"", ""CH5"", ""CAL-SEC-5.4.2"", ""design_note"", ""孔あき鋼板ジベル計算式は「複合構造標準示方書」(2014年"", ""土木学会)による。"", ""perforated_plate_note"", ""chapter_05/notes.csv"", ""HIGH""]","[""CH5-NOTE-021"", ""2225"", ""2220"", ""CH5"", ""CAL-SEC-5.4.2"", ""design_note"", ""孔あき鋼板ジベル計算式は「複合構造標準示方書」(2014年,土木学会)による。"", ""perforated_plate_note"", ""chapter_05/notes.csv"", ""HIGH""]",1,"notes re-aligned: note_summary='孔あき鋼板ジベル計算式は「複合構造標準示方書」(2014年,土木学会)による。'"
P2IIB-REP-1513,calculation/chapter_05/notes.csv,CH5-NOTE-001,source_locator_derivation,chapter_05/notes.csv,calc_pdf_p2028,0,derived 'calc_pdf_p{pdf_page_number}' from pdf_page_number=2028 per locator contract
P2IIB-REP-1514,calculation/chapter_05/notes.csv,CH5-NOTE-002,source_locator_derivation,chapter_05/notes.csv,calc_pdf_p2028,0,derived 'calc_pdf_p{pdf_page_number}' from pdf_page_number=2028 per locator contract
P2IIB-REP-1515,calculation/chapter_05/notes.csv,CH5-NOTE-003,source_locator_derivation,chapter_05/notes.csv,calc_pdf_p2031,0,derived 'calc_pdf_p{pdf_page_number}' from pdf_page_number=2031 per locator contract
P2IIB-REP-1516,calculation/chapter_05/notes.csv,CH5-NOTE-004,source_locator_derivation,chapter_05/notes.csv,calc_pdf_p2031,0,derived 'calc_pdf_p{pdf_page_number}' from pdf_page_number=2031 per locator contract
P2IIB-REP-1517,calculation/chapter_05/notes.csv,CH5-NOTE-005,source_locator_derivation,chapter_05/notes.csv,calc_pdf_p2032,0,derived 'calc_pdf_p{pdf_page_number}' from pdf_page_number=2032 per locator contract
P2IIB-REP-1518,calculation/chapter_05/notes.csv,CH5-NOTE-006,source_locator_derivation,chapter_05/notes.csv,calc_pdf_p2035,0,derived 'calc_pdf_p{pdf_page_number}' from pdf_page_number=2035 per locator contract
P2IIB-REP-1519,calculation/chapter_05/notes.csv,CH5-NOTE-007,source_locator_derivation,chapter_05/notes.csv,calc_pdf_p2038,0,derived 'calc_pdf_p{pdf_page_number}' from pdf_page_number=2038 per locator contract
P2IIB-REP-1520,calculation/chapter_05/notes.csv,CH5-NOTE-008,source_locator_derivation,chapter_05/notes.csv,calc_pdf_p2138,0,derived 'calc_pdf_p{pdf_page_number}' from pdf_page_number=2138 per locator contract
P2IIB-REP-1521,calculation/chapter_05/notes.csv,CH5-NOTE-009,source_locator_derivation,chapter_05/notes.csv,calc_pdf_p2138,0,derived 'calc_pdf_p{pdf_page_number}' from pdf_page_number=2138 per locator contract
P2IIB-REP-1522,calculation/chapter_05/notes.csv,CH5-NOTE-010,source_locator_derivation,chapter_05/notes.csv,calc_pdf_p2139,0,derived 'calc_pdf_p{pdf_page_number}' from pdf_page_number=2139 per locator contract
P2IIB-REP-1523,calculation/chapter_05/notes.csv,CH5-NOTE-011,source_locator_derivation,chapter_05/notes.csv,calc_pdf_p2167,0,derived 'calc_pdf_p{pdf_page_number}' from pdf_page_number=2167 per locator contract
P2IIB-REP-1524,calculation/chapter_05/notes.csv,CH5-NOTE-012,source_locator_derivation,chapter_05/notes.csv,calc_pdf_p2191,0,derived 'calc_pdf_p{pdf_page_number}' from pdf_page_number=2191 per locator contract
P2IIB-REP-1525,calculation/chapter_05/notes.csv,CH5-NOTE-013,source_locator_derivation,chapter_05/notes.csv,calc_pdf_p2193,0,derived 'calc_pdf_p{pdf_page_number}' from pdf_page_number=2193 per locator contract
P2IIB-REP-1526,calculation/chapter_05/notes.csv,CH5-NOTE-014,source_locator_derivation,chapter_05/notes.csv,calc_pdf_p2195,0,derived 'calc_pdf_p{pdf_page_number}' from pdf_page_number=2195 per locator contract
P2IIB-REP-1527,calculation/chapter_05/notes.csv,CH5-NOTE-015,source_locator_derivation,chapter_05/notes.csv,calc_pdf_p2199,0,derived 'calc_pdf_p{pdf_page_number}' from pdf_page_number=2199 per locator contract
P2IIB-REP-1528,calculation/chapter_05/notes.csv,CH5-NOTE-016,source_locator_derivation,chapter_05/notes.csv,calc_pdf_p2205,0,derived 'calc_pdf_p{pdf_page_number}' from pdf_page_number=2205 per locator contract
P2IIB-REP-1529,calculation/chapter_05/notes.csv,CH5-NOTE-017,source_locator_derivation,chapter_05/notes.csv,calc_pdf_p2207,0,derived 'calc_pdf_p{pdf_page_number}' from pdf_page_number=2207 per locator contract
P2IIB-REP-1530,calculation/chapter_05/notes.csv,CH5-NOTE-018,source_locator_derivation,chapter_05/notes.csv,calc_pdf_p2210,0,derived 'calc_pdf_p{pdf_page_number}' from pdf_page_number=2210 per locator contract
P2IIB-REP-1531,calculation/chapter_05/notes.csv,CH5-NOTE-019,source_locator_derivation,chapter_05/notes.csv,calc_pdf_p2217,0,derived 'calc_pdf_p{pdf_page_number}' from pdf_page_number=2217 per locator contract
P2IIB-REP-1532,calculation/chapter_05/notes.csv,CH5-NOTE-020,source_locator_derivation,chapter_05/notes.csv,calc_pdf_p2224,0,derived 'calc_pdf_p{pdf_page_number}' from pdf_page_number=2224 per locator contract
P2IIB-REP-1533,calculation/chapter_05/notes.csv,CH5-NOTE-021,source_locator_derivation,chapter_05/notes.csv,calc_pdf_p2225,0,derived 'calc_pdf_p{pdf_page_number}' from pdf_page_number=2225 per locator contract
P2IIB-REP-1534,calculation/chapter_05/notes.csv,CH5-NOTE-022,source_locator_derivation,chapter_05/notes.csv,calc_pdf_p2226,0,derived 'calc_pdf_p{pdf_page_number}' from pdf_page_number=2226 per locator contract
P2IIB-REP-1535,calculation/chapter_05/page_elements.csv,CH5-PE-001,source_locator_derivation,chapter_05/page_elements.csv,calc_pdf_p2026,0,derived 'calc_pdf_p{pdf_page_number}' from pdf_page_number=2026 per locator contract
P2IIB-REP-1536,calculation/chapter_05/page_elements.csv,CH5-PE-002,source_locator_derivation,chapter_05/page_elements.csv,calc_pdf_p2027,0,derived 'calc_pdf_p{pdf_page_number}' from pdf_page_number=2027 per locator contract
P2IIB-REP-1537,calculation/chapter_05/page_elements.csv,CH5-PE-003,source_locator_derivation,chapter_05/page_elements.csv,calc_pdf_p2027,0,derived 'calc_pdf_p{pdf_page_number}' from pdf_page_number=2027 per locator contract
P2IIB-REP-1538,calculation/chapter_05/page_elements.csv,CH5-PE-004,source_locator_derivation,chapter_05/page_elements.csv,calc_pdf_p2027,0,derived 'calc_pdf_p{pdf_page_number}' from pdf_page_number=2027 per locator contract
P2IIB-REP-1539,calculation/chapter_05/page_elements.csv,CH5-PE-005,source_locator_derivation,chapter_05/page_elements.csv,calc_pdf_p2027,0,derived 'calc_pdf_p{pdf_page_number}' from pdf_page_number=2027 per locator contract
P2IIB-REP-1540,calculation/chapter_05/page_elements.csv,CH5-PE-006,source_locator_derivation,chapter_05/page_elements.csv,calc_pdf_p2027,0,derived 'calc_pdf_p{pdf_page_number}' from pdf_page_number=2027 per locator contract
P2IIB-REP-1541,calculation/chapter_05/page_elements.csv,CH5-PE-007,source_locator_derivation,chapter_05/page_elements.csv,calc_pdf_p2028,0,derived 'calc_pdf_p{pdf_page_number}' from pdf_page_number=2028 per locator contract
P2IIB-REP-1542,calculation/chapter_05/page_elements.csv,CH5-PE-008,source_locator_derivation,chapter_05/page_elements.csv,calc_pdf_p2028,0,derived 'calc_pdf_p{pdf_page_number}' from pdf_page_number=2028 per locator contract
P2IIB-REP-1543,calculation/chapter_05/page_elements.csv,CH5-PE-009,source_locator_derivation,chapter_05/page_elements.csv,calc_pdf_p2028,0,derived 'calc_pdf_p{pdf_page_number}' from pdf_page_number=2028 per locator contract
P2IIB-REP-1544,calculation/chapter_05/page_elements.csv,CH5-PE-010,source_locator_derivation,chapter_05/page_elements.csv,calc_pdf_p2028,0,derived 'calc_pdf_p{pdf_page_number}' from pdf_page_number=2028 per locator contract
P2IIB-REP-1545,calculation/chapter_05/page_elements.csv,CH5-PE-011,source_locator_derivation,chapter_05/page_elements.csv,calc_pdf_p2029,0,derived 'calc_pdf_p{pdf_page_number}' from pdf_page_number=2029 per locator contract
P2IIB-REP-1546,calculation/chapter_05/page_elements.csv,CH5-PE-012,source_locator_derivation,chapter_05/page_elements.csv,calc_pdf_p2030,0,derived 'calc_pdf_p{pdf_page_number}' from pdf_page_number=2030 per locator contract
P2IIB-REP-1547,calculation/chapter_05/page_elements.csv,CH5-PE-013,source_locator_derivation,chapter_05/page_elements.csv,calc_pdf_p2031,0,derived 'calc_pdf_p{pdf_page_number}' from pdf_page_number=2031 per locator contract
P2IIB-REP-1548,calculation/chapter_05/page_elements.csv,CH5-PE-014,source_locator_derivation,chapter_05/page_elements.csv,calc_pdf_p2031,0,derived 'calc_pdf_p{pdf_page_number}' from pdf_page_number=2031 per locator contract
P2IIB-REP-1549,calculation/chapter_05/page_elements.csv,CH5-PE-015,source_locator_derivation,chapter_05/page_elements.csv,calc_pdf_p2031,0,derived 'calc_pdf_p{pdf_page_number}' from pdf_page_number=2031 per locator contract
P2IIB-REP-1550,calculation/chapter_05/page_elements.csv,CH5-PE-016,source_locator_derivation,chapter_05/page_elements.csv,calc_pdf_p2031,0,derived 'calc_pdf_p{pdf_page_number}' from pdf_page_number=2031 per locator contract
P2IIB-REP-1551,calculation/chapter_05/page_elements.csv,CH5-PE-017,source_locator_derivation,chapter_05/page_elements.csv,calc_pdf_p2031,0,derived 'calc_pdf_p{pdf_page_number}' from pdf_page_number=2031 per locator contract
P2IIB-REP-1552,calculation/chapter_05/page_elements.csv,CH5-PE-018,source_locator_derivation,chapter_05/page_elements.csv,calc_pdf_p2031,0,derived 'calc_pdf_p{pdf_page_number}' from pdf_page_number=2031 per locator contract
P2IIB-REP-1553,calculation/chapter_05/page_elements.csv,CH5-PE-019,source_locator_derivation,chapter_05/page_elements.csv,calc_pdf_p2032,0,derived 'calc_pdf_p{pdf_page_number}' from pdf_page_number=2032 per locator contract
P2IIB-REP-1554,calculation/chapter_05/page_elements.csv,CH5-PE-020,source_locator_derivation,chapter_05/page_elements.csv,calc_pdf_p2032,0,derived 'calc_pdf_p{pdf_page_number}' from pdf_page_number=2032 per locator contract
P2IIB-REP-1555,calculation/chapter_05/page_elements.csv,CH5-PE-021,source_locator_derivation,chapter_05/page_elements.csv,calc_pdf_p2032,0,derived 'calc_pdf_p{pdf_page_number}' from pdf_page_number=2032 per locator contract
P2IIB-REP-1556,calculation/chapter_05/page_elements.csv,CH5-PE-022,source_locator_derivation,chapter_05/page_elements.csv,calc_pdf_p2033,0,derived 'calc_pdf_p{pdf_page_number}' from pdf_page_number=2033 per locator contract
P2IIB-REP-1557,calculation/chapter_05/page_elements.csv,CH5-PE-023,source_locator_derivation,chapter_05/page_elements.csv,calc_pdf_p2033,0,derived 'calc_pdf_p{pdf_page_number}' from pdf_page_number=2033 per locator contract
P2IIB-REP-1558,calculation/chapter_05/page_elements.csv,CH5-PE-024,source_locator_derivation,chapter_05/page_elements.csv,calc_pdf_p2034,0,derived 'calc_pdf_p{pdf_page_number}' from pdf_page_number=2034 per locator contract
P2IIB-REP-1559,calculation/chapter_05/page_elements.csv,CH5-PE-025,source_locator_derivation,chapter_05/page_elements.csv,calc_pdf_p2035,0,derived 'calc_pdf_p{pdf_page_number}' from pdf_page_number=2035 per locator contract
P2IIB-REP-1560,calculation/chapter_05/page_elements.csv,CH5-PE-026,source_locator_derivation,chapter_05/page_elements.csv,calc_pdf_p2036,0,derived 'calc_pdf_p{pdf_page_number}' from pdf_page_number=2036 per locator contract
P2IIB-REP-1561,calculation/chapter_05/page_elements.csv,CH5-PE-027,source_locator_derivation,chapter_05/page_elements.csv,calc_pdf_p2037,0,derived 'calc_pdf_p{pdf_page_number}' from pdf_page_number=2037 per locator contract
P2IIB-REP-1562,calculation/chapter_05/page_elements.csv,CH5-PE-028,source_locator_derivation,chapter_05/page_elements.csv,calc_pdf_p2038,0,derived 'calc_pdf_p{pdf_page_number}' from pdf_page_number=2038 per locator contract
P2IIB-REP-1563,calculation/chapter_05/page_elements.csv,CH5-PE-029,source_locator_derivation,chapter_05/page_elements.csv,calc_pdf_p2039,0,derived 'calc_pdf_p{pdf_page_number}' from pdf_page_number=2039 per locator contract
P2IIB-REP-1564,calculation/chapter_05/page_elements.csv,CH5-PE-030,source_locator_derivation,chapter_05/page_elements.csv,calc_pdf_p2039,0,derived 'calc_pdf_p{pdf_page_number}' from pdf_page_number=2039 per locator contract
P2IIB-REP-1565,calculation/chapter_05/page_elements.csv,CH5-PE-031,source_locator_derivation,chapter_05/page_elements.csv,calc_pdf_p2040,0,derived 'calc_pdf_p{pdf_page_number}' from pdf_page_number=2040 per locator contract
P2IIB-REP-1566,calculation/chapter_05/page_elements.csv,CH5-PE-032,source_locator_derivation,chapter_05/page_elements.csv,calc_pdf_p2041,0,derived 'calc_pdf_p{pdf_page_number}' from pdf_page_number=2041 per locator contract
P2IIB-REP-1567,calculation/chapter_05/page_elements.csv,CH5-PE-033,source_locator_derivation,chapter_05/page_elements.csv,calc_pdf_p2042,0,derived 'calc_pdf_p{pdf_page_number}' from pdf_page_number=2042 per locator contract
P2IIB-REP-1568,calculation/chapter_05/page_elements.csv,CH5-PE-034,source_locator_derivation,chapter_05/page_elements.csv,calc_pdf_p2042,0,derived 'calc_pdf_p{pdf_page_number}' from pdf_page_number=2042 per locator contract
P2IIB-REP-1569,calculation/chapter_05/page_elements.csv,CH5-PE-035,source_locator_derivation,chapter_05/page_elements.csv,calc_pdf_p2043,0,derived 'calc_pdf_p{pdf_page_number}' from pdf_page_number=2043 per locator contract
P2IIB-REP-1570,calculation/chapter_05/page_elements.csv,CH5-PE-036,source_locator_derivation,chapter_05/page_elements.csv,calc_pdf_p2043,0,derived 'calc_pdf_p{pdf_page_number}' from pdf_page_number=2043 per locator contract
P2IIB-REP-1571,calculation/chapter_05/page_elements.csv,CH5-PE-037,source_locator_derivation,chapter_05/page_elements.csv,calc_pdf_p2044,0,derived 'calc_pdf_p{pdf_page_number}' from pdf_page_number=2044 per locator contract
P2IIB-REP-1572,calculation/chapter_05/page_elements.csv,CH5-PE-038,source_locator_derivation,chapter_05/page_elements.csv,calc_pdf_p2045,0,derived 'calc_pdf_p{pdf_page_number}' from pdf_page_number=2045 per locator contract
P2IIB-REP-1573,calculation/chapter_05/page_elements.csv,CH5-PE-039,source_locator_derivation,chapter_05/page_elements.csv,calc_pdf_p2046,0,derived 'calc_pdf_p{pdf_page_number}' from pdf_page_number=2046 per locator contract
P2IIB-REP-1574,calculation/chapter_05/page_elements.csv,CH5-PE-040,source_locator_derivation,chapter_05/page_elements.csv,calc_pdf_p2047,0,derived 'calc_pdf_p{pdf_page_number}' from pdf_page_number=2047 per locator contract
P2IIB-REP-1575,calculation/chapter_05/page_elements.csv,CH5-PE-041,source_locator_derivation,chapter_05/page_elements.csv,calc_pdf_p2083,0,derived 'calc_pdf_p{pdf_page_number}' from pdf_page_number=2083 per locator contract
P2IIB-REP-1576,calculation/chapter_05/page_elements.csv,CH5-PE-042,source_locator_derivation,chapter_05/page_elements.csv,calc_pdf_p2138,0,derived 'calc_pdf_p{pdf_page_number}' from pdf_page_number=2138 per locator contract
P2IIB-REP-1577,calculation/chapter_05/page_elements.csv,CH5-PE-043,source_locator_derivation,chapter_05/page_elements.csv,calc_pdf_p2138,0,derived 'calc_pdf_p{pdf_page_number}' from pdf_page_number=2138 per locator contract
P2IIB-REP-1578,calculation/chapter_05/page_elements.csv,CH5-PE-044,source_locator_derivation,chapter_05/page_elements.csv,calc_pdf_p2138,0,derived 'calc_pdf_p{pdf_page_number}' from pdf_page_number=2138 per locator contract
P2IIB-REP-1579,calculation/chapter_05/page_elements.csv,CH5-PE-045,source_locator_derivation,chapter_05/page_elements.csv,calc_pdf_p2139,0,derived 'calc_pdf_p{pdf_page_number}' from pdf_page_number=2139 per locator contract
P2IIB-REP-1580,calculation/chapter_05/page_elements.csv,CH5-PE-046,source_locator_derivation,chapter_05/page_elements.csv,calc_pdf_p2167,0,derived 'calc_pdf_p{pdf_page_number}' from pdf_page_number=2167 per locator contract
P2IIB-REP-1581,calculation/chapter_05/page_elements.csv,CH5-PE-047,source_locator_derivation,chapter_05/page_elements.csv,calc_pdf_p2167,0,derived 'calc_pdf_p{pdf_page_number}' from pdf_page_number=2167 per locator contract
P2IIB-REP-1582,calculation/chapter_05/page_elements.csv,CH5-PE-048,source_locator_derivation,chapter_05/page_elements.csv,calc_pdf_p2190,0,derived 'calc_pdf_p{pdf_page_number}' from pdf_page_number=2190 per locator contract
P2IIB-REP-1583,calculation/chapter_05/page_elements.csv,CH5-PE-049,source_locator_derivation,chapter_05/page_elements.csv,calc_pdf_p2190,0,derived 'calc_pdf_p{pdf_page_number}' from pdf_page_number=2190 per locator contract
P2IIB-REP-1584,calculation/chapter_05/page_elements.csv,CH5-PE-050,source_locator_derivation,chapter_05/page_elements.csv,calc_pdf_p2190,0,derived 'calc_pdf_p{pdf_page_number}' from pdf_page_number=2190 per locator contract
P2IIB-REP-1585,calculation/chapter_05/page_elements.csv,CH5-PE-051,source_locator_derivation,chapter_05/page_elements.csv,calc_pdf_p2191,0,derived 'calc_pdf_p{pdf_page_number}' from pdf_page_number=2191 per locator contract
P2IIB-REP-1586,calculation/chapter_05/page_elements.csv,CH5-PE-052,source_locator_derivation,chapter_05/page_elements.csv,calc_pdf_p2192,0,derived 'calc_pdf_p{pdf_page_number}' from pdf_page_number=2192 per locator contract
P2IIB-REP-1587,calculation/chapter_05/page_elements.csv,CH5-PE-053,source_locator_derivation,chapter_05/page_elements.csv,calc_pdf_p2193,0,derived 'calc_pdf_p{pdf_page_number}' from pdf_page_number=2193 per locator contract
P2IIB-REP-1588,calculation/chapter_05/page_elements.csv,CH5-PE-054,source_locator_derivation,chapter_05/page_elements.csv,calc_pdf_p2193,0,derived 'calc_pdf_p{pdf_page_number}' from pdf_page_number=2193 per locator contract
P2IIB-REP-1589,calculation/chapter_05/page_elements.csv,CH5-PE-055,source_locator_derivation,chapter_05/page_elements.csv,calc_pdf_p2193,0,derived 'calc_pdf_p{pdf_page_number}' from pdf_page_number=2193 per locator contract
P2IIB-REP-1590,calculation/chapter_05/page_elements.csv,CH5-PE-056,source_locator_derivation,chapter_05/page_elements.csv,calc_pdf_p2194,0,derived 'calc_pdf_p{pdf_page_number}' from pdf_page_number=2194 per locator contract
P2IIB-REP-1591,calculation/chapter_05/page_elements.csv,CH5-PE-057,source_locator_derivation,chapter_05/page_elements.csv,calc_pdf_p2195,0,derived 'calc_pdf_p{pdf_page_number}' from pdf_page_number=2195 per locator contract
P2IIB-REP-1592,calculation/chapter_05/page_elements.csv,CH5-PE-058,source_locator_derivation,chapter_05/page_elements.csv,calc_pdf_p2196,0,derived 'calc_pdf_p{pdf_page_number}' from pdf_page_number=2196 per locator contract
P2IIB-REP-1593,calculation/chapter_05/page_elements.csv,CH5-PE-059,source_locator_derivation,chapter_05/page_elements.csv,calc_pdf_p2197,0,derived 'calc_pdf_p{pdf_page_number}' from pdf_page_number=2197 per locator contract
P2IIB-REP-1594,calculation/chapter_05/page_elements.csv,CH5-PE-060,source_locator_derivation,chapter_05/page_elements.csv,calc_pdf_p2197,0,derived 'calc_pdf_p{pdf_page_number}' from pdf_page_number=2197 per locator contract
P2IIB-REP-1595,calculation/chapter_05/page_elements.csv,CH5-PE-061,source_locator_derivation,chapter_05/page_elements.csv,calc_pdf_p2198,0,derived 'calc_pdf_p{pdf_page_number}' from pdf_page_number=2198 per locator contract
P2IIB-REP-1596,calculation/chapter_05/page_elements.csv,CH5-PE-062,source_locator_derivation,chapter_05/page_elements.csv,calc_pdf_p2199,0,derived 'calc_pdf_p{pdf_page_number}' from pdf_page_number=2199 per locator contract
P2IIB-REP-1597,calculation/chapter_05/page_elements.csv,CH5-PE-063,source_locator_derivation,chapter_05/page_elements.csv,calc_pdf_p2199,0,derived 'calc_pdf_p{pdf_page_number}' from pdf_page_number=2199 per locator contract
P2IIB-REP-1598,calculation/chapter_05/page_elements.csv,CH5-PE-064,source_locator_derivation,chapter_05/page_elements.csv,calc_pdf_p2199,0,derived 'calc_pdf_p{pdf_page_number}' from pdf_page_number=2199 per locator contract
P2IIB-REP-1599,calculation/chapter_05/page_elements.csv,CH5-PE-065,source_locator_derivation,chapter_05/page_elements.csv,calc_pdf_p2201,0,derived 'calc_pdf_p{pdf_page_number}' from pdf_page_number=2201 per locator contract
P2IIB-REP-1600,calculation/chapter_05/page_elements.csv,CH5-PE-066,source_locator_derivation,chapter_05/page_elements.csv,calc_pdf_p2204,0,derived 'calc_pdf_p{pdf_page_number}' from pdf_page_number=2204 per locator contract
P2IIB-REP-1601,calculation/chapter_05/page_elements.csv,CH5-PE-067,source_locator_derivation,chapter_05/page_elements.csv,calc_pdf_p2205,0,derived 'calc_pdf_p{pdf_page_number}' from pdf_page_number=2205 per locator contract
P2IIB-REP-1602,calculation/chapter_05/page_elements.csv,CH5-PE-068,source_locator_derivation,chapter_05/page_elements.csv,calc_pdf_p2205,0,derived 'calc_pdf_p{pdf_page_number}' from pdf_page_number=2205 per locator contract
P2IIB-REP-1603,calculation/chapter_05/page_elements.csv,CH5-PE-069,source_locator_derivation,chapter_05/page_elements.csv,calc_pdf_p2206,0,derived 'calc_pdf_p{pdf_page_number}' from pdf_page_number=2206 per locator contract
P2IIB-REP-1604,calculation/chapter_05/page_elements.csv,CH5-PE-070,source_locator_derivation,chapter_05/page_elements.csv,calc_pdf_p2207,0,derived 'calc_pdf_p{pdf_page_number}' from pdf_page_number=2207 per locator contract
P2IIB-REP-1605,calculation/chapter_05/page_elements.csv,CH5-PE-071,source_locator_derivation,chapter_05/page_elements.csv,calc_pdf_p2207,0,derived 'calc_pdf_p{pdf_page_number}' from pdf_page_number=2207 per locator contract
P2IIB-REP-1606,calculation/chapter_05/page_elements.csv,CH5-PE-072,source_locator_derivation,chapter_05/page_elements.csv,calc_pdf_p2207,0,derived 'calc_pdf_p{pdf_page_number}' from pdf_page_number=2207 per locator contract
P2IIB-REP-1607,calculation/chapter_05/page_elements.csv,CH5-PE-073,source_locator_derivation,chapter_05/page_elements.csv,calc_pdf_p2208,0,derived 'calc_pdf_p{pdf_page_number}' from pdf_page_number=2208 per locator contract
P2IIB-REP-1608,calculation/chapter_05/page_elements.csv,CH5-PE-074,source_locator_derivation,chapter_05/page_elements.csv,calc_pdf_p2208,0,derived 'calc_pdf_p{pdf_page_number}' from pdf_page_number=2208 per locator contract
P2IIB-REP-1609,calculation/chapter_05/page_elements.csv,CH5-PE-075,source_locator_derivation,chapter_05/page_elements.csv,calc_pdf_p2208,0,derived 'calc_pdf_p{pdf_page_number}' from pdf_page_number=2208 per locator contract
P2IIB-REP-1610,calculation/chapter_05/page_elements.csv,CH5-PE-076,source_locator_derivation,chapter_05/page_elements.csv,calc_pdf_p2209,0,derived 'calc_pdf_p{pdf_page_number}' from pdf_page_number=2209 per locator contract
P2IIB-REP-1611,calculation/chapter_05/page_elements.csv,CH5-PE-077,source_locator_derivation,chapter_05/page_elements.csv,calc_pdf_p2211,0,derived 'calc_pdf_p{pdf_page_number}' from pdf_page_number=2211 per locator contract
P2IIB-REP-1612,calculation/chapter_05/page_elements.csv,CH5-PE-078,source_locator_derivation,chapter_05/page_elements.csv,calc_pdf_p2212,0,derived 'calc_pdf_p{pdf_page_number}' from pdf_page_number=2212 per locator contract
P2IIB-REP-1613,calculation/chapter_05/page_elements.csv,CH5-PE-079,source_locator_derivation,chapter_05/page_elements.csv,calc_pdf_p2213,0,derived 'calc_pdf_p{pdf_page_number}' from pdf_page_number=2213 per locator contract
P2IIB-REP-1614,calculation/chapter_05/page_elements.csv,CH5-PE-080,source_locator_derivation,chapter_05/page_elements.csv,calc_pdf_p2214,0,derived 'calc_pdf_p{pdf_page_number}' from pdf_page_number=2214 per locator contract
P2IIB-REP-1615,calculation/chapter_05/page_elements.csv,CH5-PE-081,source_locator_derivation,chapter_05/page_elements.csv,calc_pdf_p2216,0,derived 'calc_pdf_p{pdf_page_number}' from pdf_page_number=2216 per locator contract
P2IIB-REP-1616,calculation/chapter_05/page_elements.csv,CH5-PE-082,source_locator_derivation,chapter_05/page_elements.csv,calc_pdf_p2220,0,derived 'calc_pdf_p{pdf_page_number}' from pdf_page_number=2220 per locator contract
P2IIB-REP-1617,calculation/chapter_05/page_elements.csv,CH5-PE-083,source_locator_derivation,chapter_05/page_elements.csv,calc_pdf_p2220,0,derived 'calc_pdf_p{pdf_page_number}' from pdf_page_number=2220 per locator contract
P2IIB-REP-1618,calculation/chapter_05/page_elements.csv,CH5-PE-084,source_locator_derivation,chapter_05/page_elements.csv,calc_pdf_p2220,0,derived 'calc_pdf_p{pdf_page_number}' from pdf_page_number=2220 per locator contract
P2IIB-REP-1619,calculation/chapter_05/page_elements.csv,CH5-PE-085,source_locator_derivation,chapter_05/page_elements.csv,calc_pdf_p2221,0,derived 'calc_pdf_p{pdf_page_number}' from pdf_page_number=2221 per locator contract
P2IIB-REP-1620,calculation/chapter_05/page_elements.csv,CH5-PE-086,source_locator_derivation,chapter_05/page_elements.csv,calc_pdf_p2222,0,derived 'calc_pdf_p{pdf_page_number}' from pdf_page_number=2222 per locator contract
P2IIB-REP-1621,calculation/chapter_05/page_elements.csv,CH5-PE-087,source_locator_derivation,chapter_05/page_elements.csv,calc_pdf_p2222,0,derived 'calc_pdf_p{pdf_page_number}' from pdf_page_number=2222 per locator contract
P2IIB-REP-1622,calculation/chapter_05/page_elements.csv,CH5-PE-088,source_locator_derivation,chapter_05/page_elements.csv,calc_pdf_p2223,0,derived 'calc_pdf_p{pdf_page_number}' from pdf_page_number=2223 per locator contract
P2IIB-REP-1623,calculation/chapter_05/page_elements.csv,CH5-PE-089,source_locator_derivation,chapter_05/page_elements.csv,calc_pdf_p2224,0,derived 'calc_pdf_p{pdf_page_number}' from pdf_page_number=2224 per locator contract
P2IIB-REP-1624,calculation/chapter_05/page_elements.csv,CH5-PE-090,source_locator_derivation,chapter_05/page_elements.csv,calc_pdf_p2224,0,derived 'calc_pdf_p{pdf_page_number}' from pdf_page_number=2224 per locator contract
P2IIB-REP-1625,calculation/chapter_05/page_elements.csv,CH5-PE-091,source_locator_derivation,chapter_05/page_elements.csv,calc_pdf_p2225,0,derived 'calc_pdf_p{pdf_page_number}' from pdf_page_number=2225 per locator contract
P2IIB-REP-1626,calculation/chapter_05/page_elements.csv,CH5-PE-092,source_locator_derivation,chapter_05/page_elements.csv,calc_pdf_p2226,0,derived 'calc_pdf_p{pdf_page_number}' from pdf_page_number=2226 per locator contract
P2IIB-REP-1627,calculation/chapter_05/page_elements.csv,CH5-PE-093,source_locator_derivation,chapter_05/page_elements.csv,calc_pdf_p2226,0,derived 'calc_pdf_p{pdf_page_number}' from pdf_page_number=2226 per locator contract
P2IIB-REP-1628,calculation/chapter_05/tables.csv,CH5-TBL-001,column_shift,"[""CH5-TBL-001"", ""2028"", ""2023"", ""CH5"", ""CAL-SEC-5.1.1"", ""支承条件"", ""支点|ゴム種|支承数N(基)|回転角Σαe(rad)|斜角θ(° '')"", ""PU15|NR|3|1/217|90 0 0"", ""PU15"", ""ゴム種"", ""NR"", ""NR"", """", ""NR"", """", ""rubber_type"", ""chapter_05/tables.csv"", ""HIGH"", ""UNVERIFIED""]","[""CH5-TBL-001"", ""2028"", ""2023"", ""CH5"", ""CAL-SEC-5.1.1"", ""支承条件"", ""支点|ゴム種|支承数N(基)|回転角Σαe(rad)|斜角θ(° '')"", ""PU15"", ""ゴム種"", ""NR"", ""NR"", """", ""NR"", """", ""rubber_type"", ""chapter_05/tables.csv"", ""HIGH"", ""UNVERIFIED""]",1,RIGHT-shift: dropped redundant full source-row line 'PU15|NR|3|1/217|90 0 0' (all values duplicated in row_key/column_key/cells)
P2IIB-REP-1629,calculation/chapter_05/tables.csv,CH5-TBL-002,column_shift,"[""CH5-TBL-002"", ""2028"", ""2023"", ""CH5"", ""CAL-SEC-5.1.1"", ""支承条件"", ""支点|ゴム種|支承数N(基)|回転角Σαe(rad)|斜角θ(° '')"", ""PU15|NR|3|1/217|90 0 0"", ""PU15"", ""支承数"", ""3"", ""3"", """", ""3"", """", ""bearing_count"", ""chapter_05/tables.csv"", ""HIGH"", ""UNVERIFIED""]","[""CH5-TBL-002"", ""2028"", ""2023"", ""CH5"", ""CAL-SEC-5.1.1"", ""支承条件"", ""支点|ゴム種|支承数N(基)|回転角Σαe(rad)|斜角θ(° '')"", ""PU15"", ""支承数"", ""3"", ""3"", """", ""3"", """", ""bearing_count"", ""chapter_05/tables.csv"", ""HIGH"", ""UNVERIFIED""]",1,RIGHT-shift: dropped redundant full source-row line 'PU15|NR|3|1/217|90 0 0' (all values duplicated in row_key/column_key/cells)
P2IIB-REP-1630,calculation/chapter_05/tables.csv,CH5-TBL-003,column_shift,"[""CH5-TBL-003"", ""2028"", ""2023"", ""CH5"", ""CAL-SEC-5.1.1"", ""支承条件"", ""支点|ゴム種|支承数N(基)|回転角Σαe(rad)|斜角θ(° '')"", ""PU15|NR|3|1/217|90 0 0"", ""PU15"", ""回転角"", ""1/217"", ""0.004608"", """", ""0.004608"", ""rad"", ""rotation_angle"", ""chapter_05/tables.csv"", ""HIGH"", ""UNVERIFIED""]","[""CH5-TBL-003"", ""2028"", ""2023"", ""CH5"", ""CAL-SEC-5.1.1"", ""支承条件"", ""支点|ゴム種|支承数N(基)|回転角Σαe(rad)|斜角θ(° '')"", ""PU15"", ""回転角"", ""1/217"", ""0.004608"", """", ""0.004608"", ""rad"", ""rotation_angle"", ""chapter_05/tables.csv"", ""HIGH"", ""UNVERIFIED""]",1,RIGHT-shift: dropped redundant full source-row line 'PU15|NR|3|1/217|90 0 0' (all values duplicated in row_key/column_key/cells)
P2IIB-REP-1631,calculation/chapter_05/tables.csv,CH5-TBL-004,column_shift,"[""CH5-TBL-004"", ""2028"", ""2023"", ""CH5"", ""CAL-SEC-5.1.1"", ""支承条件"", ""支点|ゴム種|支承数N(基)|回転角Σαe(rad)|斜角θ(° '')"", ""PR1|NR|3|1/287|90 0 0"", ""PR1"", ""回転角"", ""1/287"", ""0.003484"", """", ""0.003484"", ""rad"", ""rotation_angle"", ""chapter_05/tables.csv"", ""HIGH"", ""UNVERIFIED""]","[""CH5-TBL-004"", ""2028"", ""2023"", ""CH5"", ""CAL-SEC-5.1.1"", ""支承条件"", ""支点|ゴム種|支承数N(基)|回転角Σαe(rad)|斜角θ(° '')"", ""PR1"", ""回転角"", ""1/287"", ""0.003484"", """", ""0.003484"", ""rad"", ""rotation_angle"", ""chapter_05/tables.csv"", ""HIGH"", ""UNVERIFIED""]",1,RIGHT-shift: dropped redundant full source-row line 'PR1|NR|3|1/287|90 0 0' (all values duplicated in row_key/column_key/cells)
P2IIB-REP-1632,calculation/chapter_05/tables.csv,CH5-TBL-005,column_shift,"[""CH5-TBL-005"", ""2028"", ""2023"", ""CH5"", ""CAL-SEC-5.1.1"", ""支承条件"", ""支点|ゴム種|支承数N(基)|回転角Σαe(rad)|斜角θ(° '')"", ""PR2|NR|3|1/289|90 0 0"", ""PR2"", ""回転角"", ""1/289"", ""0.003460"", """", ""0.003460"", ""rad"", ""rotation_angle"", ""chapter_05/tables.csv"", ""HIGH"", ""UNVERIFIED""]","[""CH5-TBL-005"", ""2028"", ""2023"", ""CH5"", ""CAL-SEC-5.1.1"", ""支承条件"", ""支点|ゴム種|支承数N(基)|回転角Σαe(rad)|斜角θ(° '')"", ""PR2"", ""回転角"", ""1/289"", ""0.003460"", """", ""0.003460"", ""rad"", ""rotation_angle"", ""chapter_05/tables.csv"", ""HIGH"", ""UNVERIFIED""]",1,RIGHT-shift: dropped redundant full source-row line 'PR2|NR|3|1/289|90 0 0' (all values duplicated in row_key/column_key/cells)
P2IIB-REP-1633,calculation/chapter_05/tables.csv,CH5-TBL-006,column_shift,"[""CH5-TBL-006"", ""2028"", ""2023"", ""CH5"", ""CAL-SEC-5.1.1"", ""支承条件"", ""支点|ゴム種|支承数N(基)|回転角Σαe(rad)|斜角θ(° '')"", ""AR2|NR|3|1/215|90 0 0"", ""AR2"", ""回転角"", ""1/215"", ""0.004651"", """", ""0.004651"", ""rad"", ""rotation_angle"", ""chapter_05/tables.csv"", ""HIGH"", ""UNVERIFIED""]","[""CH5-TBL-006"", ""2028"", ""2023"", ""CH5"", ""CAL-SEC-5.1.1"", ""支承条件"", ""支点|ゴム種|支承数N(基)|回転角Σαe(rad)|斜角θ(° '')"", ""AR2"", ""回転角"", ""1/215"", ""0.004651"", """", ""0.004651"", ""rad"", ""rotation_angle"", ""chapter_05/tables.csv"", ""HIGH"", ""UNVERIFIED""]",1,RIGHT-shift: dropped redundant full source-row line 'AR2|NR|3|1/215|90 0 0' (all values duplicated in row_key/column_key/cells)
P2IIB-REP-1634,calculation/chapter_05/tables.csv,CH5-TBL-007,column_shift,"[""CH5-TBL-007"", ""2028"", ""2023"", ""CH5"", ""CAL-SEC-5.1.1"", ""下部剛性"", ""No|橋軸方向常時KP(kN/mm)|橋軸方向レベル1KP(kN/mm)|橋直方向レベル1KP(kN/mm)"", ""PU15|∞|∞|----"", ""PU15"", ""橋軸方向常時"", ""∞"", ""∞"", ""kN/mm"", ""∞"", ""kN/mm"", ""substructure_stiffness"", ""chapter_05/tables.csv"", ""HIGH"", ""UNVERIFIED""]","[""CH5-TBL-007"", ""2028"", ""2023"", ""CH5"", ""CAL-SEC-5.1.1"", ""下部剛性"", ""No|橋軸方向常時KP(kN/mm)|橋軸方向レベル1KP(kN/mm)|橋直方向レベル1KP(kN/mm)"", ""PU15"", ""橋軸方向常時"", ""∞"", ""∞"", ""kN/mm"", ""∞"", ""kN/mm"", ""substructure_stiffness"", ""chapter_05/tables.csv"", ""HIGH"", ""UNVERIFIED""]",1,RIGHT-shift: dropped redundant full source-row line 'PU15|∞|∞|----' (all values duplicated in row_key/column_key/cells)
P2IIB-REP-1635,calculation/chapter_05/tables.csv,CH5-TBL-008,column_shift,"[""CH5-TBL-008"", ""2028"", ""2023"", ""CH5"", ""CAL-SEC-5.1.1"", ""下部剛性"", ""No|橋軸方向常時KP(kN/mm)|橋軸方向レベル1KP(kN/mm)|橋直方向レベル1KP(kN/mm)"", ""PR1|231.592|232.773|----"", ""PR1"", ""橋軸方向常時"", ""231.592"", ""231.592"", ""kN/mm"", ""231.592"", ""kN/mm"", ""substructure_stiffness"", ""chapter_05/tables.csv"", ""HIGH"", ""UNVERIFIED""]","[""CH5-TBL-008"", ""2028"", ""2023"", ""CH5"", ""CAL-SEC-5.1.1"", ""下部剛性"", ""No|橋軸方向常時KP(kN/mm)|橋軸方向レベル1KP(kN/mm)|橋直方向レベル1KP(kN/mm)"", ""PR1"", ""橋軸方向常時"", ""231.592"", ""231.592"", ""kN/mm"", ""231.592"", ""kN/mm"", ""substructure_stiffness"", ""chapter_05/tables.csv"", ""HIGH"", ""UNVERIFIED""]",1,RIGHT-shift: dropped redundant full source-row line 'PR1|231.592|232.773|----' (all values duplicated in row_key/column_key/cells)
P2IIB-REP-1636,calculation/chapter_05/tables.csv,CH5-TBL-009,column_shift,"[""CH5-TBL-009"", ""2028"", ""2023"", ""CH5"", ""CAL-SEC-5.1.1"", ""下部剛性"", ""No|橋軸方向常時KP(kN/mm)|橋軸方向レベル1KP(kN/mm)|橋直方向レベル1KP(kN/mm)"", ""PR2|164.391|159.028|----"", ""PR2"", ""橋軸方向常時"", ""164.391"", ""164.391"", ""kN/mm"", ""164.391"", ""kN/mm"", ""substructure_stiffness"", ""chapter_05/tables.csv"", ""HIGH"", ""UNVERIFIED""]","[""CH5-TBL-009"", ""2028"", ""2023"", ""CH5"", ""CAL-SEC-5.1.1"", ""下部剛性"", ""No|橋軸方向常時KP(kN/mm)|橋軸方向レベル1KP(kN/mm)|橋直方向レベル1KP(kN/mm)"", ""PR2"", ""橋軸方向常時"", ""164.391"", ""164.391"", ""kN/mm"", ""164.391"", ""kN/mm"", ""substructure_stiffness"", ""chapter_05/tables.csv"", ""HIGH"", ""UNVERIFIED""]",1,RIGHT-shift: dropped redundant full source-row line 'PR2|164.391|159.028|----' (all values duplicated in row_key/column_key/cells)
P2IIB-REP-1637,calculation/chapter_05/tables.csv,CH5-TBL-010,column_shift,"[""CH5-TBL-010"", ""2028"", ""2023"", ""CH5"", ""CAL-SEC-5.1.1"", ""下部剛性"", ""No|橋軸方向常時KP(kN/mm)|橋軸方向レベル1KP(kN/mm)|橋直方向レベル1KP(kN/mm)"", ""AR2|759.392|742.568|----"", ""AR2"", ""橋軸方向常時"", ""759.392"", ""759.392"", ""kN/mm"", ""759.392"", ""kN/mm"", ""substructure_stiffness"", ""chapter_05/tables.csv"", ""HIGH"", ""UNVERIFIED""]","[""CH5-TBL-010"", ""2028"", ""2023"", ""CH5"", ""CAL-SEC-5.1.1"", ""下部剛性"", ""No|橋軸方向常時KP(kN/mm)|橋軸方向レベル1KP(kN/mm)|橋直方向レベル1KP(kN/mm)"", ""AR2"", ""橋軸方向常時"", ""759.392"", ""759.392"", ""kN/mm"", ""759.392"", ""kN/mm"", ""substructure_stiffness"", ""chapter_05/tables.csv"", ""HIGH"", ""UNVERIFIED""]",1,RIGHT-shift: dropped redundant full source-row line 'AR2|759.392|742.568|----' (all values duplicated in row_key/column_key/cells)
P2IIB-REP-1638,calculation/chapter_05/tables.csv,CH5-TBL-011,column_shift,"[""CH5-TBL-011"", ""2029"", ""2024"", ""CH5"", ""CAL-SEC-5.1.1"", ""径間移動量"", ""径間|支間長L(m)|温度変化⊿t(mm)|不静定水平力⊿t'(mm)|不静定乾･ク･弾⊿scp(mm)"", ""PU15-PR1|40.201|±14.5|±24.1|----"", ""PU15-PR1"", ""支間長"", ""40.201"", ""40.201"", ""m"", ""40.201"", ""m"", ""span_length"", ""chapter_05/tables.csv"", ""HIGH"", ""UNVERIFIED""]","[""CH5-TBL-011"", ""2029"", ""2024"", ""CH5"", ""CAL-SEC-5.1.1"", ""径間移動量"", ""径間|支間長L(m)|温度変化⊿t(mm)|不静定水平力⊿t'(mm)|不静定乾･ク･弾⊿scp(mm)"", ""PU15-PR1"", ""支間長"", ""40.201"", ""40.201"", ""m"", ""40.201"", ""m"", ""span_length"", ""chapter_05/tables.csv"", ""HIGH"", ""UNVERIFIED""]",1,RIGHT-shift: dropped redundant full source-row line 'PU15-PR1|40.201|±14.5|±24.1|----' (all values duplicated in row_key/column_key/cells)
P2IIB-REP-1639,calculation/chapter_05/tables.csv,CH5-TBL-012,column_shift,"[""CH5-TBL-012"", ""2029"", ""2024"", ""CH5"", ""CAL-SEC-5.1.1"", ""径間移動量"", ""径間|支間長L(m)|温度変化⊿t(mm)|不静定水平力⊿t'(mm)|不静定乾･ク･弾⊿scp(mm)"", ""PR1-PR2|51.000|±18.4|±30.6|----"", ""PR1-PR2"", ""支間長"", ""51.000"", ""51.000"", ""m"", ""51.000"", ""m"", ""span_length"", ""chapter_05/tables.csv"", ""HIGH"", ""UNVERIFIED""]","[""CH5-TBL-012"", ""2029"", ""2024"", ""CH5"", ""CAL-SEC-5.1.1"", ""径間移動量"", ""径間|支間長L(m)|温度変化⊿t(mm)|不静定水平力⊿t'(mm)|不静定乾･ク･弾⊿scp(mm)"", ""PR1-PR2"", ""支間長"", ""51.000"", ""51.000"", ""m"", ""51.000"", ""m"", ""span_length"", ""chapter_05/tables.csv"", ""HIGH"", ""UNVERIFIED""]",1,RIGHT-shift: dropped redundant full source-row line 'PR1-PR2|51.000|±18.4|±30.6|----' (all values duplicated in row_key/column_key/cells)
P2IIB-REP-1640,calculation/chapter_05/tables.csv,CH5-TBL-013,column_shift,"[""CH5-TBL-013"", ""2029"", ""2024"", ""CH5"", ""CAL-SEC-5.1.1"", ""径間移動量"", ""径間|支間長L(m)|温度変化⊿t(mm)|不静定水平力⊿t'(mm)|不静定乾･ク･弾⊿scp(mm)"", ""PR2-AR2|40.200|±14.5|±24.1|----"", ""PR2-AR2"", ""支間長"", ""40.200"", ""40.200"", ""m"", ""40.200"", ""m"", ""span_length"", ""chapter_05/tables.csv"", ""HIGH"", ""UNVERIFIED""]","[""CH5-TBL-013"", ""2029"", ""2024"", ""CH5"", ""CAL-SEC-5.1.1"", ""径間移動量"", ""径間|支間長L(m)|温度変化⊿t(mm)|不静定水平力⊿t'(mm)|不静定乾･ク･弾⊿scp(mm)"", ""PR2-AR2"", ""支間長"", ""40.200"", ""40.200"", ""m"", ""40.200"", ""m"", ""span_length"", ""chapter_05/tables.csv"", ""HIGH"", ""UNVERIFIED""]",1,RIGHT-shift: dropped redundant full source-row line 'PR2-AR2|40.200|±14.5|±24.1|----' (all values duplicated in row_key/column_key/cells)
P2IIB-REP-1641,calculation/chapter_05/tables.csv,CH5-TBL-014,column_shift,"[""CH5-TBL-014"", ""2031"", ""2026"", ""CH5"", ""CAL-SEC-5.1.1"", ""荷重条件(反力)"", ""支点|Rmax1(kN)|Rmax2(kN)|Rmax'(kN)|Rmin'(kN)|RL+i(kN)|Rdmax(kN)|Rdmin(kN)|ΣRd(kN)"", ""PU15|1950|1790|1950|1050|750|1210|1210|2410"", ""PU15"", ""Rmax1"", ""1950"", ""1950"", ""kN"", ""1950"", ""kN"", ""max_reaction"", ""chapter_05/tables.csv"", ""HIGH"", ""UNVERIFIED""]","[""CH5-TBL-014"", ""2031"", ""2026"", ""CH5"", ""CAL-SEC-5.1.1"", ""荷重条件(反力)"", ""支点|Rmax1(kN)|Rmax2(kN)|Rmax'(kN)|Rmin'(kN)|RL+i(kN)|Rdmax(kN)|Rdmin(kN)|ΣRd(kN)"", ""PU15"", ""Rmax1"", ""1950"", ""1950"", ""kN"", ""1950"", ""kN"", ""max_reaction"", ""chapter_05/tables.csv"", ""HIGH"", ""UNVERIFIED""]",1,RIGHT-shift: dropped redundant full source-row line 'PU15|1950|1790|1950|1050|750|1210|1210|2410' (all values duplicated in row_key/column_key/cells)
P2IIB-REP-1642,calculation/chapter_05/tables.csv,CH5-TBL-016,column_shift,"[""CH5-TBL-016"", ""2031"", ""2026"", ""CH5"", ""CAL-SEC-5.1.1"", ""支承形状(寸法)"", ""支点|適用|橋軸方向a(mm)|直角方向b(mm)|一層厚te(mm)|積層数n(層)|総厚Σte(mm)|弾性係数Ge(N/mm2)|鉛プラグ径φd(mm)|鉛プラグ本数NP(本)|補強鈑厚ts(mm)"", ""PU15|LRB|700|700|32|5|160|1.00|95|4|4.5"", ""PU15"", ""橋軸方向a"", ""700"", ""700"", ""mm"", ""700"", ""mm"", ""bearing_dimension"", ""chapter_05/tables.csv"", ""HIGH"", ""UNVERIFIED""]","[""CH5-TBL-016"", ""2031"", ""2026"", ""CH5"", ""CAL-SEC-5.1.1"", ""支承形状(寸法)"", ""支点|適用|橋軸方向a(mm)|直角方向b(mm)|一層厚te(mm)|積層数n(層)|総厚Σte(mm)|弾性係数Ge(N/mm2)|鉛プラグ径φd(mm)|鉛プラグ本数NP(本)|補強鈑厚ts(mm)"", ""PU15"", ""橋軸方向a"", ""700"", ""700"", ""mm"", ""700"", ""mm"", ""bearing_dimension"", ""chapter_05/tables.csv"", ""HIGH"", ""UNVERIFIED""]",1,RIGHT-shift: dropped redundant full source-row line 'PU15|LRB|700|700|32|5|160|1.00|95|4|4.5' (all values duplicated in row_key/column_key/cells)
P2IIB-REP-1643,calculation/chapter_05/tables.csv,CH5-TBL-020,column_shift,"[""CH5-TBL-020"", ""2032"", ""2027"", ""CH5"", ""CAL-SEC-5.1.1"", ""形状係数・縦弾性係数計算結果"", ""支点|S1|S2|β|E(N/mm2)|KV(kN/mm)|上限値"", ""PU15|5.15|4.38|1.0|231.9|669|----"", ""PU15"", ""S1"", ""5.15"", ""5.15"", """", ""5.15"", """", ""shape_factor_1"", ""chapter_05/tables.csv"", ""HIGH"", ""UNVERIFIED""]","[""CH5-TBL-020"", ""2032"", ""2027"", ""CH5"", ""CAL-SEC-5.1.1"", ""形状係数・縦弾性係数計算結果"", ""支点|S1|S2|β|E(N/mm2)|KV(kN/mm)|上限値"", ""PU15"", ""S1"", ""5.15"", ""5.15"", """", ""5.15"", """", ""shape_factor_1"", ""chapter_05/tables.csv"", ""HIGH"", ""UNVERIFIED""]",1,RIGHT-shift: dropped redundant full source-row line 'PU15|5.15|4.38|1.0|231.9|669|----' (all values duplicated in row_key/column_key/cells)
P2IIB-REP-1644,calculation/chapter_05/tables.csv,CH5-TBL-024,column_shift,"[""CH5-TBL-024"", ""2034"", ""2029"", ""CH5"", ""CAL-SEC-5.1.1"", ""温度変化時(±50℃)合成剛性"", ""支点|⊿Lt'x(mm)|γx(%/100)|q(γ)(N/mm2)|κ(%/100)|G(γ)(N/mm2)|KB(kN/mm)|N(基)|N･KB(kN/mm)|Km(kN/mm)"", ""PU15|38.9|0.243|1.707|0.061|1.43|4.130|3|12.391|12.391"", ""PU15"", ""⊿Lt'x"", ""38.9"", ""38.9"", ""mm"", ""38.9"", ""mm"", ""displacement"", ""chapter_05/tables.csv"", ""HIGH"", ""UNVERIFIED""]","[""CH5-TBL-024"", ""2034"", ""2029"", ""CH5"", ""CAL-SEC-5.1.1"", ""温度変化時(±50℃)合成剛性"", ""支点|⊿Lt'x(mm)|γx(%/100)|q(γ)(N/mm2)|κ(%/100)|G(γ)(N/mm2)|KB(kN/mm)|N(基)|N･KB(kN/mm)|Km(kN/mm)"", ""PU15"", ""⊿Lt'x"", ""38.9"", ""38.9"", ""mm"", ""38.9"", ""mm"", ""displacement"", ""chapter_05/tables.csv"", ""HIGH"", ""UNVERIFIED""]",1,RIGHT-shift: dropped redundant full source-row line 'PU15|38.9|0.243|1.707|0.061|1.43|4.130|3|12.391|12.391' (all values duplicated in row_key/column_key/cells)
P2IIB-REP-1645,calculation/chapter_05/tables.csv,CH5-TBL-028,column_shift,"[""CH5-TBL-028"", ""2035"", ""2030"", ""CH5"", ""CAL-SEC-5.1.1"", ""温度変化時(50℃)移動量"", ""支点|伸縮桁長(m)|+50℃⊿Lt'o(mm)|-50℃⊿Lt'o(mm)|⊿Lt'x(mm)|γx(%/100)|N･KB(kN/mm)|Km(kN/mm)"", ""PU15|-64.768|-38.9|38.9|38.9|0.243|12.391|12.391"", ""PU15"", ""⊿Lt'x"", ""38.9"", ""38.9"", ""mm"", ""38.9"", ""mm"", ""displacement"", ""chapter_05/tables.csv"", ""HIGH"", ""UNVERIFIED""]","[""CH5-TBL-028"", ""2035"", ""2030"", ""CH5"", ""CAL-SEC-5.1.1"", ""温度変化時(50℃)移動量"", ""支点|伸縮桁長(m)|+50℃⊿Lt'o(mm)|-50℃⊿Lt'o(mm)|⊿Lt'x(mm)|γx(%/100)|N･KB(kN/mm)|Km(kN/mm)"", ""PU15"", ""⊿Lt'x"", ""38.9"", ""38.9"", ""mm"", ""38.9"", ""mm"", ""displacement"", ""chapter_05/tables.csv"", ""HIGH"", ""UNVERIFIED""]",1,RIGHT-shift: dropped redundant full source-row line 'PU15|-64.768|-38.9|38.9|38.9|0.243|12.391|12.391' (all values duplicated in row_key/column_key/cells)
P2IIB-REP-1646,calculation/chapter_05/tables.csv,CH5-TBL-029,column_shift,"[""CH5-TBL-029"", ""2035"", ""2030"", ""CH5"", ""CAL-SEC-5.1.1"", ""温度変化時(30℃)移動量・水平力"", ""支点|伸縮桁長(m)|+30℃⊿Lt'o(mm)|-30℃⊿Lt'o(mm)|⊿Lt'x(mm)|γx(%/100)|N･KB(kN/mm)|Km(kN/mm)|Ht(kN)"", ""PU15|-64.729|-23.3|23.3|23.3|0.146|16.208|16.208|378"", ""PU15"", ""Ht"", ""378"", ""378"", ""kN"", ""378"", ""kN"", ""horizontal_force"", ""chapter_05/tables.csv"", ""HIGH"", ""UNVERIFIED""]","[""CH5-TBL-029"", ""2035"", ""2030"", ""CH5"", ""CAL-SEC-5.1.1"", ""温度変化時(30℃)移動量・水平力"", ""支点|伸縮桁長(m)|+30℃⊿Lt'o(mm)|-30℃⊿Lt'o(mm)|⊿Lt'x(mm)|γx(%/100)|N･KB(kN/mm)|Km(kN/mm)|Ht(kN)"", ""PU15"", ""Ht"", ""378"", ""378"", ""kN"", ""378"", ""kN"", ""horizontal_force"", ""chapter_05/tables.csv"", ""HIGH"", ""UNVERIFIED""]",1,RIGHT-shift: dropped redundant full source-row line 'PU15|-64.729|-23.3|23.3|23.3|0.146|16.208|16.208|378' (all values duplicated in row_key/column_key/cells)
P2IIB-REP-1647,calculation/chapter_05/tables.csv,CH5-TBL-033,column_shift,"[""CH5-TBL-033"", ""2040"", ""2035"", ""CH5"", ""CAL-SEC-5.1.1"", ""最大圧縮応力度照査"", ""支点|Rmax1(kN)|ΔL(mm)|Acn(m2)|σmax(N/mm2)|σmaxa(N/mm2)|判定"", ""PU15|1950|48.1|0.4280|4.56|8.0|OK"", ""PU15"", ""σmax"", ""4.56"", ""4.56"", ""N/mm2"", ""4.56"", ""N/mm2"", ""compressive_stress"", ""chapter_05/tables.csv"", ""HIGH"", ""UNVERIFIED""]","[""CH5-TBL-033"", ""2040"", ""2035"", ""CH5"", ""CAL-SEC-5.1.1"", ""最大圧縮応力度照査"", ""支点|Rmax1(kN)|ΔL(mm)|Acn(m2)|σmax(N/mm2)|σmaxa(N/mm2)|判定"", ""PU15"", ""σmax"", ""4.56"", ""4.56"", ""N/mm2"", ""4.56"", ""N/mm2"", ""compressive_stress"", ""chapter_05/tables.csv"", ""HIGH"", ""UNVERIFIED""]",1,RIGHT-shift: dropped redundant full source-row line 'PU15|1950|48.1|0.4280|4.56|8.0|OK' (all values duplicated in row_key/column_key/cells)
P2IIB-REP-1648,calculation/chapter_05/tables.csv,CH5-TBL-037,column_shift,"[""CH5-TBL-037"", ""2041"", ""2036"", ""CH5"", ""CAL-SEC-5.1.1"", ""繰返し水平変位照査"", ""支点|常時⊿L(mm)|⊿scp(mm)|レベル1UBⅠ(mm)|Σte(mm)|γs(%)|γsa(%)|γse(%)|γsea(%)|判定"", ""PU15|48.1|0.0|27.7|160|30.0|70|17.3|150|OK"", ""PU15"", ""γs"", ""30.0"", ""30.0"", ""%"", ""30.0"", ""%"", ""shear_strain"", ""chapter_05/tables.csv"", ""HIGH"", ""UNVERIFIED""]","[""CH5-TBL-037"", ""2041"", ""2036"", ""CH5"", ""CAL-SEC-5.1.1"", ""繰返し水平変位照査"", ""支点|常時⊿L(mm)|⊿scp(mm)|レベル1UBⅠ(mm)|Σte(mm)|γs(%)|γsa(%)|γse(%)|γsea(%)|判定"", ""PU15"", ""γs"", ""30.0"", ""30.0"", ""%"", ""30.0"", ""%"", ""shear_strain"", ""chapter_05/tables.csv"", ""HIGH"", ""UNVERIFIED""]",1,RIGHT-shift: dropped redundant full source-row line 'PU15|48.1|0.0|27.7|160|30.0|70|17.3|150|OK' (all values duplicated in row_key/column_key/cells)
P2IIB-REP-1649,calculation/chapter_05/tables.csv,CH5-TBL-041,column_shift,"[""CH5-TBL-041"", ""2139"", ""2134"", ""CH5"", ""CAL-SEC-5.1.3"", ""設計条件(鋼材計算書)"", ""No|Rmax(kN)|RD(kN)|ΣRD(kN)|RU1(kN)|RHeq1(kN)|RU2(kN)|RHeq2(kN)|RU(kN)"", ""PU15|1950|1210|2410|575|1354|-1056|2015|-1056"", ""PU15"", ""Rmax"", ""1950"", ""1950"", ""kN"", ""1950"", ""kN"", ""max_reaction"", ""chapter_05/tables.csv"", ""HIGH"", ""UNVERIFIED""]","[""CH5-TBL-041"", ""2139"", ""2134"", ""CH5"", ""CAL-SEC-5.1.3"", ""設計条件(鋼材計算書)"", ""No|Rmax(kN)|RD(kN)|ΣRD(kN)|RU1(kN)|RHeq1(kN)|RU2(kN)|RHeq2(kN)|RU(kN)"", ""PU15"", ""Rmax"", ""1950"", ""1950"", ""kN"", ""1950"", ""kN"", ""max_reaction"", ""chapter_05/tables.csv"", ""HIGH"", ""UNVERIFIED""]",1,RIGHT-shift: dropped redundant full source-row line 'PU15|1950|1210|2410|575|1354|-1056|2015|-1056' (all values duplicated in row_key/column_key/cells)
P2IIB-REP-1650,calculation/chapter_05/tables.csv,CH5-TBL-042,column_shift,"[""CH5-TBL-042"", ""2139"", ""2134"", ""CH5"", ""CAL-SEC-5.1.3"", ""設計条件(変位量)"", ""No|橋軸方向ΔLe1(mm)|橋軸直角ΔLe2(mm)|支承数(基)"", ""PU15|±400|±0|2"", ""PU15"", ""ΔLe1"", ""±400"", ""±400"", ""mm"", ""400"", ""mm"", ""seismic_displacement"", ""chapter_05/tables.csv"", ""HIGH"", ""UNVERIFIED""]","[""CH5-TBL-042"", ""2139"", ""2134"", ""CH5"", ""CAL-SEC-5.1.3"", ""設計条件(変位量)"", ""No|橋軸方向ΔLe1(mm)|橋軸直角ΔLe2(mm)|支承数(基)"", ""PU15"", ""ΔLe1"", ""±400"", ""±400"", ""mm"", ""400"", ""mm"", ""seismic_displacement"", ""chapter_05/tables.csv"", ""HIGH"", ""UNVERIFIED""]",1,RIGHT-shift: dropped redundant full source-row line 'PU15|±400|±0|2' (all values duplicated in row_key/column_key/cells)
P2IIB-REP-1651,calculation/chapter_05/tables.csv,CH5-TBL-046,column_shift,"[""CH5-TBL-046"", ""2139"", ""2134"", ""CH5"", ""CAL-SEC-5.1.3"", ""取付けボルト寸法"", ""No|強度区分|M|do(mm)|As(mm2)|a(mm)|b(mm)|hr(mm)|c1(mm)|d1(mm)|c2(mm)|d2(mm)|m1(本)|m2(本)|Σm(本)"", ""PU15|12.9|20|17.294|234.9|700|700|246|40|660|40|660|5|5|16"", ""PU15"", ""As"", ""234.9"", ""234.9"", ""mm2"", ""234.9"", ""mm2"", ""bolt_area"", ""chapter_05/tables.csv"", ""HIGH"", ""UNVERIFIED""]","[""CH5-TBL-046"", ""2139"", ""2134"", ""CH5"", ""CAL-SEC-5.1.3"", ""取付けボルト寸法"", ""No|強度区分|M|do(mm)|As(mm2)|a(mm)|b(mm)|hr(mm)|c1(mm)|d1(mm)|c2(mm)|d2(mm)|m1(本)|m2(本)|Σm(本)"", ""PU15"", ""As"", ""234.9"", ""234.9"", ""mm2"", ""234.9"", ""mm2"", ""bolt_area"", ""chapter_05/tables.csv"", ""HIGH"", ""UNVERIFIED""]",1,RIGHT-shift: dropped redundant full source-row line 'PU15|12.9|20|17.294|234.9|700|700|246|40|660|40|660|5|5|16' (all values duplicated in row_key/column_key/cells)
P2IIB-REP-1652,calculation/chapter_05/tables.csv,CH5-TBL-048,column_shift,"[""CH5-TBL-048"", ""2207"", ""2202"", ""CH5"", ""CAL-SEC-5.4.1"", ""レベル1移動量"", ""橋軸方向(mm)|橋軸直角方向(mm)"", ""左桁|±73.0|±64.2"", ""左桁"", ""橋軸方向"", ""±73.0"", ""±73.0"", ""mm"", ""73.0"", ""mm"", ""seismic_displacement"", ""chapter_05/tables.csv"", ""HIGH"", ""UNVERIFIED""]","[""CH5-TBL-048"", ""2207"", ""2202"", ""CH5"", ""CAL-SEC-5.4.1"", ""レベル1移動量"", ""橋軸方向(mm)|橋軸直角方向(mm)"", ""左桁"", ""橋軸方向"", ""±73.0"", ""±73.0"", ""mm"", ""73.0"", ""mm"", ""seismic_displacement"", ""chapter_05/tables.csv"", ""HIGH"", ""UNVERIFIED""]",1,RIGHT-shift: dropped redundant full source-row line '左桁|±73.0|±64.2' (all values duplicated in row_key/column_key/cells)
P2IIB-REP-1653,calculation/chapter_05/tables.csv,CH5-TBL-049,column_shift,"[""CH5-TBL-049"", ""2207"", ""2202"", ""CH5"", ""CAL-SEC-5.4.1"", ""レベル1移動量"", ""橋軸方向(mm)|橋軸直角方向(mm)"", ""右桁|±34.0|----"", ""右桁"", ""橋軸方向"", ""±34.0"", ""±34.0"", ""mm"", ""34.0"", ""mm"", ""seismic_displacement"", ""chapter_05/tables.csv"", ""HIGH"", ""UNVERIFIED""]","[""CH5-TBL-049"", ""2207"", ""2202"", ""CH5"", ""CAL-SEC-5.4.1"", ""レベル1移動量"", ""橋軸方向(mm)|橋軸直角方向(mm)"", ""右桁"", ""橋軸方向"", ""±34.0"", ""±34.0"", ""mm"", ""34.0"", ""mm"", ""seismic_displacement"", ""chapter_05/tables.csv"", ""HIGH"", ""UNVERIFIED""]",1,RIGHT-shift: dropped redundant full source-row line '右桁|±34.0|----' (all values duplicated in row_key/column_key/cells)
P2IIB-REP-1654,calculation/chapter_05/tables.csv,CH5-TBL-050,column_shift,"[""CH5-TBL-050"", ""2207"", ""2202"", ""CH5"", ""CAL-SEC-5.4.1"", ""レベル1固有周期"", ""橋軸方向(sec)|橋軸直角方向(sec)"", ""左桁|1.092|1.111"", ""左桁"", ""橋軸方向"", ""1.092"", ""1.092"", ""sec"", ""1.092"", ""sec"", ""natural_period"", ""chapter_05/tables.csv"", ""HIGH"", ""UNVERIFIED""]","[""CH5-TBL-050"", ""2207"", ""2202"", ""CH5"", ""CAL-SEC-5.4.1"", ""レベル1固有周期"", ""橋軸方向(sec)|橋軸直角方向(sec)"", ""左桁"", ""橋軸方向"", ""1.092"", ""1.092"", ""sec"", ""1.092"", ""sec"", ""natural_period"", ""chapter_05/tables.csv"", ""HIGH"", ""UNVERIFIED""]",1,RIGHT-shift: dropped redundant full source-row line '左桁|1.092|1.111' (all values duplicated in row_key/column_key/cells)
P2IIB-REP-1655,calculation/chapter_05/tables.csv,CH5-TBL-052,column_shift,"[""CH5-TBL-052"", ""2208"", ""2203"", ""CH5"", ""CAL-SEC-5.4.1"", ""ミドルビーム機械的性質"", ""材質|降伏点(N/mm2)|引張強さ(N/mm2)|伸び(%)"", ""S355J2+N|355以上|470-630|22以上"", ""S355J2+N"", ""降伏点"", ""355以上"", ""355"", ""N/mm2"", ""355"", ""N/mm2"", ""yield_strength"", ""chapter_05/tables.csv"", ""HIGH"", ""UNVERIFIED""]","[""CH5-TBL-052"", ""2208"", ""2203"", ""CH5"", ""CAL-SEC-5.4.1"", ""ミドルビーム機械的性質"", ""材質|降伏点(N/mm2)|引張強さ(N/mm2)|伸び(%)"", ""S355J2+N"", ""降伏点"", ""355以上"", ""355"", ""N/mm2"", ""355"", ""N/mm2"", ""yield_strength"", ""chapter_05/tables.csv"", ""HIGH"", ""UNVERIFIED""]",1,RIGHT-shift: dropped redundant full source-row line 'S355J2+N|355以上|470-630|22以上' (all values duplicated in row_key/column_key/cells)
P2IIB-REP-1656,calculation/chapter_05/tables.csv,CH5-TBL-053,column_shift,"[""CH5-TBL-053"", ""2222"", ""2217"", ""CH5"", ""CAL-SEC-5.4.2"", ""AR2伸縮量"", ""項目|計算値(mm)|(+)ΔL(mm)|(-)ΔL(mm)"", ""T:⊿LAT|62.0|25.0|37.0"", ""⊿LAT"", ""T"", ""62.0"", ""62.0"", ""mm"", ""62.0"", ""mm"", ""expansion_movement"", ""chapter_05/tables.csv"", ""HIGH"", ""UNVERIFIED""]","[""CH5-TBL-053"", ""2222"", ""2217"", ""CH5"", ""CAL-SEC-5.4.2"", ""AR2伸縮量"", ""項目|計算値(mm)|(+)ΔL(mm)|(-)ΔL(mm)"", ""⊿LAT"", ""T"", ""62.0"", ""62.0"", ""mm"", ""62.0"", ""mm"", ""expansion_movement"", ""chapter_05/tables.csv"", ""HIGH"", ""UNVERIFIED""]",1,RIGHT-shift: dropped redundant full source-row line 'T:⊿LAT|62.0|25.0|37.0' (all values duplicated in row_key/column_key/cells)
P2IIB-REP-1657,calculation/chapter_05/tables.csv,CH5-TBL-001,source_locator_derivation,chapter_05/tables.csv,calc_pdf_p2028,0,derived 'calc_pdf_p{pdf_page_number}' from pdf_page_number=2028 per locator contract
P2IIB-REP-1658,calculation/chapter_05/tables.csv,CH5-TBL-002,source_locator_derivation,chapter_05/tables.csv,calc_pdf_p2028,0,derived 'calc_pdf_p{pdf_page_number}' from pdf_page_number=2028 per locator contract
P2IIB-REP-1659,calculation/chapter_05/tables.csv,CH5-TBL-003,source_locator_derivation,chapter_05/tables.csv,calc_pdf_p2028,0,derived 'calc_pdf_p{pdf_page_number}' from pdf_page_number=2028 per locator contract
P2IIB-REP-1660,calculation/chapter_05/tables.csv,CH5-TBL-004,source_locator_derivation,chapter_05/tables.csv,calc_pdf_p2028,0,derived 'calc_pdf_p{pdf_page_number}' from pdf_page_number=2028 per locator contract
P2IIB-REP-1661,calculation/chapter_05/tables.csv,CH5-TBL-005,source_locator_derivation,chapter_05/tables.csv,calc_pdf_p2028,0,derived 'calc_pdf_p{pdf_page_number}' from pdf_page_number=2028 per locator contract
P2IIB-REP-1662,calculation/chapter_05/tables.csv,CH5-TBL-006,source_locator_derivation,chapter_05/tables.csv,calc_pdf_p2028,0,derived 'calc_pdf_p{pdf_page_number}' from pdf_page_number=2028 per locator contract
P2IIB-REP-1663,calculation/chapter_05/tables.csv,CH5-TBL-007,source_locator_derivation,chapter_05/tables.csv,calc_pdf_p2028,0,derived 'calc_pdf_p{pdf_page_number}' from pdf_page_number=2028 per locator contract
P2IIB-REP-1664,calculation/chapter_05/tables.csv,CH5-TBL-008,source_locator_derivation,chapter_05/tables.csv,calc_pdf_p2028,0,derived 'calc_pdf_p{pdf_page_number}' from pdf_page_number=2028 per locator contract
P2IIB-REP-1665,calculation/chapter_05/tables.csv,CH5-TBL-009,source_locator_derivation,chapter_05/tables.csv,calc_pdf_p2028,0,derived 'calc_pdf_p{pdf_page_number}' from pdf_page_number=2028 per locator contract
P2IIB-REP-1666,calculation/chapter_05/tables.csv,CH5-TBL-010,source_locator_derivation,chapter_05/tables.csv,calc_pdf_p2028,0,derived 'calc_pdf_p{pdf_page_number}' from pdf_page_number=2028 per locator contract
P2IIB-REP-1667,calculation/chapter_05/tables.csv,CH5-TBL-011,source_locator_derivation,chapter_05/tables.csv,calc_pdf_p2029,0,derived 'calc_pdf_p{pdf_page_number}' from pdf_page_number=2029 per locator contract
P2IIB-REP-1668,calculation/chapter_05/tables.csv,CH5-TBL-012,source_locator_derivation,chapter_05/tables.csv,calc_pdf_p2029,0,derived 'calc_pdf_p{pdf_page_number}' from pdf_page_number=2029 per locator contract
P2IIB-REP-1669,calculation/chapter_05/tables.csv,CH5-TBL-013,source_locator_derivation,chapter_05/tables.csv,calc_pdf_p2029,0,derived 'calc_pdf_p{pdf_page_number}' from pdf_page_number=2029 per locator contract
P2IIB-REP-1670,calculation/chapter_05/tables.csv,CH5-TBL-014,source_locator_derivation,chapter_05/tables.csv,calc_pdf_p2031,0,derived 'calc_pdf_p{pdf_page_number}' from pdf_page_number=2031 per locator contract
P2IIB-REP-1671,calculation/chapter_05/tables.csv,CH5-TBL-015,source_locator_derivation,chapter_05/tables.csv,calc_pdf_p2031,0,derived 'calc_pdf_p{pdf_page_number}' from pdf_page_number=2031 per locator contract
P2IIB-REP-1672,calculation/chapter_05/tables.csv,CH5-TBL-016,source_locator_derivation,chapter_05/tables.csv,calc_pdf_p2031,0,derived 'calc_pdf_p{pdf_page_number}' from pdf_page_number=2031 per locator contract
P2IIB-REP-1673,calculation/chapter_05/tables.csv,CH5-TBL-017,source_locator_derivation,chapter_05/tables.csv,calc_pdf_p2031,0,derived 'calc_pdf_p{pdf_page_number}' from pdf_page_number=2031 per locator contract
P2IIB-REP-1674,calculation/chapter_05/tables.csv,CH5-TBL-018,source_locator_derivation,chapter_05/tables.csv,calc_pdf_p2031,0,derived 'calc_pdf_p{pdf_page_number}' from pdf_page_number=2031 per locator contract
P2IIB-REP-1675,calculation/chapter_05/tables.csv,CH5-TBL-019,source_locator_derivation,chapter_05/tables.csv,calc_pdf_p2031,0,derived 'calc_pdf_p{pdf_page_number}' from pdf_page_number=2031 per locator contract
P2IIB-REP-1676,calculation/chapter_05/tables.csv,CH5-TBL-020,source_locator_derivation,chapter_05/tables.csv,calc_pdf_p2032,0,derived 'calc_pdf_p{pdf_page_number}' from pdf_page_number=2032 per locator contract
P2IIB-REP-1677,calculation/chapter_05/tables.csv,CH5-TBL-021,source_locator_derivation,chapter_05/tables.csv,calc_pdf_p2032,0,derived 'calc_pdf_p{pdf_page_number}' from pdf_page_number=2032 per locator contract
P2IIB-REP-1678,calculation/chapter_05/tables.csv,CH5-TBL-022,source_locator_derivation,chapter_05/tables.csv,calc_pdf_p2032,0,derived 'calc_pdf_p{pdf_page_number}' from pdf_page_number=2032 per locator contract
P2IIB-REP-1679,calculation/chapter_05/tables.csv,CH5-TBL-023,source_locator_derivation,chapter_05/tables.csv,calc_pdf_p2032,0,derived 'calc_pdf_p{pdf_page_number}' from pdf_page_number=2032 per locator contract
P2IIB-REP-1680,calculation/chapter_05/tables.csv,CH5-TBL-024,source_locator_derivation,chapter_05/tables.csv,calc_pdf_p2034,0,derived 'calc_pdf_p{pdf_page_number}' from pdf_page_number=2034 per locator contract
P2IIB-REP-1681,calculation/chapter_05/tables.csv,CH5-TBL-025,source_locator_derivation,chapter_05/tables.csv,calc_pdf_p2034,0,derived 'calc_pdf_p{pdf_page_number}' from pdf_page_number=2034 per locator contract
P2IIB-REP-1682,calculation/chapter_05/tables.csv,CH5-TBL-026,source_locator_derivation,chapter_05/tables.csv,calc_pdf_p2034,0,derived 'calc_pdf_p{pdf_page_number}' from pdf_page_number=2034 per locator contract
P2IIB-REP-1683,calculation/chapter_05/tables.csv,CH5-TBL-027,source_locator_derivation,chapter_05/tables.csv,calc_pdf_p2034,0,derived 'calc_pdf_p{pdf_page_number}' from pdf_page_number=2034 per locator contract
P2IIB-REP-1684,calculation/chapter_05/tables.csv,CH5-TBL-028,source_locator_derivation,chapter_05/tables.csv,calc_pdf_p2035,0,derived 'calc_pdf_p{pdf_page_number}' from pdf_page_number=2035 per locator contract
P2IIB-REP-1685,calculation/chapter_05/tables.csv,CH5-TBL-029,source_locator_derivation,chapter_05/tables.csv,calc_pdf_p2035,0,derived 'calc_pdf_p{pdf_page_number}' from pdf_page_number=2035 per locator contract
P2IIB-REP-1686,calculation/chapter_05/tables.csv,CH5-TBL-030,source_locator_derivation,chapter_05/tables.csv,calc_pdf_p2035,0,derived 'calc_pdf_p{pdf_page_number}' from pdf_page_number=2035 per locator contract
P2IIB-REP-1687,calculation/chapter_05/tables.csv,CH5-TBL-031,source_locator_derivation,chapter_05/tables.csv,calc_pdf_p2035,0,derived 'calc_pdf_p{pdf_page_number}' from pdf_page_number=2035 per locator contract
P2IIB-REP-1688,calculation/chapter_05/tables.csv,CH5-TBL-032,source_locator_derivation,chapter_05/tables.csv,calc_pdf_p2035,0,derived 'calc_pdf_p{pdf_page_number}' from pdf_page_number=2035 per locator contract
P2IIB-REP-1689,calculation/chapter_05/tables.csv,CH5-TBL-033,source_locator_derivation,chapter_05/tables.csv,calc_pdf_p2040,0,derived 'calc_pdf_p{pdf_page_number}' from pdf_page_number=2040 per locator contract
P2IIB-REP-1690,calculation/chapter_05/tables.csv,CH5-TBL-034,source_locator_derivation,chapter_05/tables.csv,calc_pdf_p2040,0,derived 'calc_pdf_p{pdf_page_number}' from pdf_page_number=2040 per locator contract
P2IIB-REP-1691,calculation/chapter_05/tables.csv,CH5-TBL-035,source_locator_derivation,chapter_05/tables.csv,calc_pdf_p2040,0,derived 'calc_pdf_p{pdf_page_number}' from pdf_page_number=2040 per locator contract
P2IIB-REP-1692,calculation/chapter_05/tables.csv,CH5-TBL-036,source_locator_derivation,chapter_05/tables.csv,calc_pdf_p2040,0,derived 'calc_pdf_p{pdf_page_number}' from pdf_page_number=2040 per locator contract
P2IIB-REP-1693,calculation/chapter_05/tables.csv,CH5-TBL-037,source_locator_derivation,chapter_05/tables.csv,calc_pdf_p2041,0,derived 'calc_pdf_p{pdf_page_number}' from pdf_page_number=2041 per locator contract
P2IIB-REP-1694,calculation/chapter_05/tables.csv,CH5-TBL-038,source_locator_derivation,chapter_05/tables.csv,calc_pdf_p2041,0,derived 'calc_pdf_p{pdf_page_number}' from pdf_page_number=2041 per locator contract
P2IIB-REP-1695,calculation/chapter_05/tables.csv,CH5-TBL-039,source_locator_derivation,chapter_05/tables.csv,calc_pdf_p2041,0,derived 'calc_pdf_p{pdf_page_number}' from pdf_page_number=2041 per locator contract
P2IIB-REP-1696,calculation/chapter_05/tables.csv,CH5-TBL-040,source_locator_derivation,chapter_05/tables.csv,calc_pdf_p2041,0,derived 'calc_pdf_p{pdf_page_number}' from pdf_page_number=2041 per locator contract
P2IIB-REP-1697,calculation/chapter_05/tables.csv,CH5-TBL-041,source_locator_derivation,chapter_05/tables.csv,calc_pdf_p2139,0,derived 'calc_pdf_p{pdf_page_number}' from pdf_page_number=2139 per locator contract
P2IIB-REP-1698,calculation/chapter_05/tables.csv,CH5-TBL-042,source_locator_derivation,chapter_05/tables.csv,calc_pdf_p2139,0,derived 'calc_pdf_p{pdf_page_number}' from pdf_page_number=2139 per locator contract
P2IIB-REP-1699,calculation/chapter_05/tables.csv,CH5-TBL-043,source_locator_derivation,chapter_05/tables.csv,calc_pdf_p2139,0,derived 'calc_pdf_p{pdf_page_number}' from pdf_page_number=2139 per locator contract
P2IIB-REP-1700,calculation/chapter_05/tables.csv,CH5-TBL-044,source_locator_derivation,chapter_05/tables.csv,calc_pdf_p2139,0,derived 'calc_pdf_p{pdf_page_number}' from pdf_page_number=2139 per locator contract
P2IIB-REP-1701,calculation/chapter_05/tables.csv,CH5-TBL-045,source_locator_derivation,chapter_05/tables.csv,calc_pdf_p2139,0,derived 'calc_pdf_p{pdf_page_number}' from pdf_page_number=2139 per locator contract
P2IIB-REP-1702,calculation/chapter_05/tables.csv,CH5-TBL-046,source_locator_derivation,chapter_05/tables.csv,calc_pdf_p2139,0,derived 'calc_pdf_p{pdf_page_number}' from pdf_page_number=2139 per locator contract
P2IIB-REP-1703,calculation/chapter_05/tables.csv,CH5-TBL-047,source_locator_derivation,chapter_05/tables.csv,calc_pdf_p2139,0,derived 'calc_pdf_p{pdf_page_number}' from pdf_page_number=2139 per locator contract
P2IIB-REP-1704,calculation/chapter_05/tables.csv,CH5-TBL-048,source_locator_derivation,chapter_05/tables.csv,calc_pdf_p2207,0,derived 'calc_pdf_p{pdf_page_number}' from pdf_page_number=2207 per locator contract
P2IIB-REP-1705,calculation/chapter_05/tables.csv,CH5-TBL-049,source_locator_derivation,chapter_05/tables.csv,calc_pdf_p2207,0,derived 'calc_pdf_p{pdf_page_number}' from pdf_page_number=2207 per locator contract
P2IIB-REP-1706,calculation/chapter_05/tables.csv,CH5-TBL-050,source_locator_derivation,chapter_05/tables.csv,calc_pdf_p2207,0,derived 'calc_pdf_p{pdf_page_number}' from pdf_page_number=2207 per locator contract
P2IIB-REP-1707,calculation/chapter_05/tables.csv,CH5-TBL-051,source_locator_derivation,chapter_05/tables.csv,calc_pdf_p2207,0,derived 'calc_pdf_p{pdf_page_number}' from pdf_page_number=2207 per locator contract
P2IIB-REP-1708,calculation/chapter_05/tables.csv,CH5-TBL-052,source_locator_derivation,chapter_05/tables.csv,calc_pdf_p2208,0,derived 'calc_pdf_p{pdf_page_number}' from pdf_page_number=2208 per locator contract
P2IIB-REP-1709,calculation/chapter_05/tables.csv,CH5-TBL-053,source_locator_derivation,chapter_05/tables.csv,calc_pdf_p2222,0,derived 'calc_pdf_p{pdf_page_number}' from pdf_page_number=2222 per locator contract
P2IIB-REP-1710,calculation/chapter_05/tables.csv,CH5-TBL-054,source_locator_derivation,chapter_05/tables.csv,calc_pdf_p2222,0,derived 'calc_pdf_p{pdf_page_number}' from pdf_page_number=2222 per locator contract
P2IIB-REP-1711,calculation/chapter_05/tables.csv,CH5-TBL-055,source_locator_derivation,chapter_05/tables.csv,calc_pdf_p2222,0,derived 'calc_pdf_p{pdf_page_number}' from pdf_page_number=2222 per locator contract
P2IIB-REP-1712,calculation/chapter_05/tables.csv,CH5-TBL-056,source_locator_derivation,chapter_05/tables.csv,calc_pdf_p2222,0,derived 'calc_pdf_p{pdf_page_number}' from pdf_page_number=2222 per locator contract
P2IIB-REP-1713,calculation/chapter_05/values.csv,CH5-VAL-001,source_locator_derivation,chapter_05/values.csv,calc_pdf_p2027,0,derived 'calc_pdf_p{pdf_page_number}' from pdf_page_number=2027 per locator contract
P2IIB-REP-1714,calculation/chapter_05/values.csv,CH5-VAL-002,source_locator_derivation,chapter_05/values.csv,calc_pdf_p2027,0,derived 'calc_pdf_p{pdf_page_number}' from pdf_page_number=2027 per locator contract
P2IIB-REP-1715,calculation/chapter_05/values.csv,CH5-VAL-003,source_locator_derivation,chapter_05/values.csv,calc_pdf_p2027,0,derived 'calc_pdf_p{pdf_page_number}' from pdf_page_number=2027 per locator contract
P2IIB-REP-1716,calculation/chapter_05/values.csv,CH5-VAL-004,source_locator_derivation,chapter_05/values.csv,calc_pdf_p2027,0,derived 'calc_pdf_p{pdf_page_number}' from pdf_page_number=2027 per locator contract
P2IIB-REP-1717,calculation/chapter_05/values.csv,CH5-VAL-005,source_locator_derivation,chapter_05/values.csv,calc_pdf_p2027,0,derived 'calc_pdf_p{pdf_page_number}' from pdf_page_number=2027 per locator contract
P2IIB-REP-1718,calculation/chapter_05/values.csv,CH5-VAL-006,source_locator_derivation,chapter_05/values.csv,calc_pdf_p2028,0,derived 'calc_pdf_p{pdf_page_number}' from pdf_page_number=2028 per locator contract
P2IIB-REP-1719,calculation/chapter_05/values.csv,CH5-VAL-007,source_locator_derivation,chapter_05/values.csv,calc_pdf_p2028,0,derived 'calc_pdf_p{pdf_page_number}' from pdf_page_number=2028 per locator contract
P2IIB-REP-1720,calculation/chapter_05/values.csv,CH5-VAL-008,source_locator_derivation,chapter_05/values.csv,calc_pdf_p2028,0,derived 'calc_pdf_p{pdf_page_number}' from pdf_page_number=2028 per locator contract
P2IIB-REP-1721,calculation/chapter_05/values.csv,CH5-VAL-009,source_locator_derivation,chapter_05/values.csv,calc_pdf_p2028,0,derived 'calc_pdf_p{pdf_page_number}' from pdf_page_number=2028 per locator contract
P2IIB-REP-1722,calculation/chapter_05/values.csv,CH5-VAL-010,source_locator_derivation,chapter_05/values.csv,calc_pdf_p2028,0,derived 'calc_pdf_p{pdf_page_number}' from pdf_page_number=2028 per locator contract
P2IIB-REP-1723,calculation/chapter_05/values.csv,CH5-VAL-011,source_locator_derivation,chapter_05/values.csv,calc_pdf_p2028,0,derived 'calc_pdf_p{pdf_page_number}' from pdf_page_number=2028 per locator contract
P2IIB-REP-1724,calculation/chapter_05/values.csv,CH5-VAL-012,source_locator_derivation,chapter_05/values.csv,calc_pdf_p2028,0,derived 'calc_pdf_p{pdf_page_number}' from pdf_page_number=2028 per locator contract
P2IIB-REP-1725,calculation/chapter_05/values.csv,CH5-VAL-013,source_locator_derivation,chapter_05/values.csv,calc_pdf_p2028,0,derived 'calc_pdf_p{pdf_page_number}' from pdf_page_number=2028 per locator contract
P2IIB-REP-1726,calculation/chapter_05/values.csv,CH5-VAL-014,source_locator_derivation,chapter_05/values.csv,calc_pdf_p2028,0,derived 'calc_pdf_p{pdf_page_number}' from pdf_page_number=2028 per locator contract
P2IIB-REP-1727,calculation/chapter_05/values.csv,CH5-VAL-015,source_locator_derivation,chapter_05/values.csv,calc_pdf_p2028,0,derived 'calc_pdf_p{pdf_page_number}' from pdf_page_number=2028 per locator contract
P2IIB-REP-1728,calculation/chapter_05/values.csv,CH5-VAL-016,source_locator_derivation,chapter_05/values.csv,calc_pdf_p2031,0,derived 'calc_pdf_p{pdf_page_number}' from pdf_page_number=2031 per locator contract
P2IIB-REP-1729,calculation/chapter_05/values.csv,CH5-VAL-017,source_locator_derivation,chapter_05/values.csv,calc_pdf_p2031,0,derived 'calc_pdf_p{pdf_page_number}' from pdf_page_number=2031 per locator contract
P2IIB-REP-1730,calculation/chapter_05/values.csv,CH5-VAL-018,source_locator_derivation,chapter_05/values.csv,calc_pdf_p2031,0,derived 'calc_pdf_p{pdf_page_number}' from pdf_page_number=2031 per locator contract
P2IIB-REP-1731,calculation/chapter_05/values.csv,CH5-VAL-019,source_locator_derivation,chapter_05/values.csv,calc_pdf_p2031,0,derived 'calc_pdf_p{pdf_page_number}' from pdf_page_number=2031 per locator contract
P2IIB-REP-1732,calculation/chapter_05/values.csv,CH5-VAL-020,source_locator_derivation,chapter_05/values.csv,calc_pdf_p2031,0,derived 'calc_pdf_p{pdf_page_number}' from pdf_page_number=2031 per locator contract
P2IIB-REP-1733,calculation/chapter_05/values.csv,CH5-VAL-021,source_locator_derivation,chapter_05/values.csv,calc_pdf_p2031,0,derived 'calc_pdf_p{pdf_page_number}' from pdf_page_number=2031 per locator contract
P2IIB-REP-1734,calculation/chapter_05/values.csv,CH5-VAL-022,source_locator_derivation,chapter_05/values.csv,calc_pdf_p2031,0,derived 'calc_pdf_p{pdf_page_number}' from pdf_page_number=2031 per locator contract
P2IIB-REP-1735,calculation/chapter_05/values.csv,CH5-VAL-023,source_locator_derivation,chapter_05/values.csv,calc_pdf_p2031,0,derived 'calc_pdf_p{pdf_page_number}' from pdf_page_number=2031 per locator contract
P2IIB-REP-1736,calculation/chapter_05/values.csv,CH5-VAL-024,source_locator_derivation,chapter_05/values.csv,calc_pdf_p2031,0,derived 'calc_pdf_p{pdf_page_number}' from pdf_page_number=2031 per locator contract
P2IIB-REP-1737,calculation/chapter_05/values.csv,CH5-VAL-025,source_locator_derivation,chapter_05/values.csv,calc_pdf_p2031,0,derived 'calc_pdf_p{pdf_page_number}' from pdf_page_number=2031 per locator contract
P2IIB-REP-1738,calculation/chapter_05/values.csv,CH5-VAL-026,source_locator_derivation,chapter_05/values.csv,calc_pdf_p2031,0,derived 'calc_pdf_p{pdf_page_number}' from pdf_page_number=2031 per locator contract
P2IIB-REP-1739,calculation/chapter_05/values.csv,CH5-VAL-027,source_locator_derivation,chapter_05/values.csv,calc_pdf_p2031,0,derived 'calc_pdf_p{pdf_page_number}' from pdf_page_number=2031 per locator contract
P2IIB-REP-1740,calculation/chapter_05/values.csv,CH5-VAL-028,source_locator_derivation,chapter_05/values.csv,calc_pdf_p2031,0,derived 'calc_pdf_p{pdf_page_number}' from pdf_page_number=2031 per locator contract
P2IIB-REP-1741,calculation/chapter_05/values.csv,CH5-VAL-029,source_locator_derivation,chapter_05/values.csv,calc_pdf_p2031,0,derived 'calc_pdf_p{pdf_page_number}' from pdf_page_number=2031 per locator contract
P2IIB-REP-1742,calculation/chapter_05/values.csv,CH5-VAL-030,source_locator_derivation,chapter_05/values.csv,calc_pdf_p2031,0,derived 'calc_pdf_p{pdf_page_number}' from pdf_page_number=2031 per locator contract
P2IIB-REP-1743,calculation/chapter_05/values.csv,CH5-VAL-031,source_locator_derivation,chapter_05/values.csv,calc_pdf_p2034,0,derived 'calc_pdf_p{pdf_page_number}' from pdf_page_number=2034 per locator contract
P2IIB-REP-1744,calculation/chapter_05/values.csv,CH5-VAL-032,source_locator_derivation,chapter_05/values.csv,calc_pdf_p2034,0,derived 'calc_pdf_p{pdf_page_number}' from pdf_page_number=2034 per locator contract
P2IIB-REP-1745,calculation/chapter_05/values.csv,CH5-VAL-033,source_locator_derivation,chapter_05/values.csv,calc_pdf_p2034,0,derived 'calc_pdf_p{pdf_page_number}' from pdf_page_number=2034 per locator contract
P2IIB-REP-1746,calculation/chapter_05/values.csv,CH5-VAL-034,source_locator_derivation,chapter_05/values.csv,calc_pdf_p2034,0,derived 'calc_pdf_p{pdf_page_number}' from pdf_page_number=2034 per locator contract
P2IIB-REP-1747,calculation/chapter_05/values.csv,CH5-VAL-035,source_locator_derivation,chapter_05/values.csv,calc_pdf_p2037,0,derived 'calc_pdf_p{pdf_page_number}' from pdf_page_number=2037 per locator contract
P2IIB-REP-1748,calculation/chapter_05/values.csv,CH5-VAL-036,source_locator_derivation,chapter_05/values.csv,calc_pdf_p2038,0,derived 'calc_pdf_p{pdf_page_number}' from pdf_page_number=2038 per locator contract
P2IIB-REP-1749,calculation/chapter_05/values.csv,CH5-VAL-037,source_locator_derivation,chapter_05/values.csv,calc_pdf_p2038,0,derived 'calc_pdf_p{pdf_page_number}' from pdf_page_number=2038 per locator contract
P2IIB-REP-1750,calculation/chapter_05/values.csv,CH5-VAL-038,source_locator_derivation,chapter_05/values.csv,calc_pdf_p2038,0,derived 'calc_pdf_p{pdf_page_number}' from pdf_page_number=2038 per locator contract
P2IIB-REP-1751,calculation/chapter_05/values.csv,CH5-VAL-039,source_locator_derivation,chapter_05/values.csv,calc_pdf_p2038,0,derived 'calc_pdf_p{pdf_page_number}' from pdf_page_number=2038 per locator contract
P2IIB-REP-1752,calculation/chapter_05/values.csv,CH5-VAL-040,source_locator_derivation,chapter_05/values.csv,calc_pdf_p2039,0,derived 'calc_pdf_p{pdf_page_number}' from pdf_page_number=2039 per locator contract
P2IIB-REP-1753,calculation/chapter_05/values.csv,CH5-VAL-041,source_locator_derivation,chapter_05/values.csv,calc_pdf_p2039,0,derived 'calc_pdf_p{pdf_page_number}' from pdf_page_number=2039 per locator contract
P2IIB-REP-1754,calculation/chapter_05/values.csv,CH5-VAL-042,source_locator_derivation,chapter_05/values.csv,calc_pdf_p2039,0,derived 'calc_pdf_p{pdf_page_number}' from pdf_page_number=2039 per locator contract
P2IIB-REP-1755,calculation/chapter_05/values.csv,CH5-VAL-043,source_locator_derivation,chapter_05/values.csv,calc_pdf_p2039,0,derived 'calc_pdf_p{pdf_page_number}' from pdf_page_number=2039 per locator contract
P2IIB-REP-1756,calculation/chapter_05/values.csv,CH5-VAL-044,source_locator_derivation,chapter_05/values.csv,calc_pdf_p2083,0,derived 'calc_pdf_p{pdf_page_number}' from pdf_page_number=2083 per locator contract
P2IIB-REP-1757,calculation/chapter_05/values.csv,CH5-VAL-045,source_locator_derivation,chapter_05/values.csv,calc_pdf_p2083,0,derived 'calc_pdf_p{pdf_page_number}' from pdf_page_number=2083 per locator contract
P2IIB-REP-1758,calculation/chapter_05/values.csv,CH5-VAL-046,source_locator_derivation,chapter_05/values.csv,calc_pdf_p2083,0,derived 'calc_pdf_p{pdf_page_number}' from pdf_page_number=2083 per locator contract
P2IIB-REP-1759,calculation/chapter_05/values.csv,CH5-VAL-047,source_locator_derivation,chapter_05/values.csv,calc_pdf_p2191,0,derived 'calc_pdf_p{pdf_page_number}' from pdf_page_number=2191 per locator contract
P2IIB-REP-1760,calculation/chapter_05/values.csv,CH5-VAL-048,source_locator_derivation,chapter_05/values.csv,calc_pdf_p2192,0,derived 'calc_pdf_p{pdf_page_number}' from pdf_page_number=2192 per locator contract
P2IIB-REP-1761,calculation/chapter_05/values.csv,CH5-VAL-049,source_locator_derivation,chapter_05/values.csv,calc_pdf_p2192,0,derived 'calc_pdf_p{pdf_page_number}' from pdf_page_number=2192 per locator contract
P2IIB-REP-1762,calculation/chapter_05/values.csv,CH5-VAL-050,source_locator_derivation,chapter_05/values.csv,calc_pdf_p2192,0,derived 'calc_pdf_p{pdf_page_number}' from pdf_page_number=2192 per locator contract
P2IIB-REP-1763,calculation/chapter_05/values.csv,CH5-VAL-051,source_locator_derivation,chapter_05/values.csv,calc_pdf_p2193,0,derived 'calc_pdf_p{pdf_page_number}' from pdf_page_number=2193 per locator contract
P2IIB-REP-1764,calculation/chapter_05/values.csv,CH5-VAL-052,source_locator_derivation,chapter_05/values.csv,calc_pdf_p2193,0,derived 'calc_pdf_p{pdf_page_number}' from pdf_page_number=2193 per locator contract
P2IIB-REP-1765,calculation/chapter_05/values.csv,CH5-VAL-053,source_locator_derivation,chapter_05/values.csv,calc_pdf_p2193,0,derived 'calc_pdf_p{pdf_page_number}' from pdf_page_number=2193 per locator contract
P2IIB-REP-1766,calculation/chapter_05/values.csv,CH5-VAL-054,source_locator_derivation,chapter_05/values.csv,calc_pdf_p2193,0,derived 'calc_pdf_p{pdf_page_number}' from pdf_page_number=2193 per locator contract
P2IIB-REP-1767,calculation/chapter_05/values.csv,CH5-VAL-055,source_locator_derivation,chapter_05/values.csv,calc_pdf_p2193,0,derived 'calc_pdf_p{pdf_page_number}' from pdf_page_number=2193 per locator contract
P2IIB-REP-1768,calculation/chapter_05/values.csv,CH5-VAL-056,source_locator_derivation,chapter_05/values.csv,calc_pdf_p2193,0,derived 'calc_pdf_p{pdf_page_number}' from pdf_page_number=2193 per locator contract
P2IIB-REP-1769,calculation/chapter_05/values.csv,CH5-VAL-057,source_locator_derivation,chapter_05/values.csv,calc_pdf_p2194,0,derived 'calc_pdf_p{pdf_page_number}' from pdf_page_number=2194 per locator contract
P2IIB-REP-1770,calculation/chapter_05/values.csv,CH5-VAL-058,source_locator_derivation,chapter_05/values.csv,calc_pdf_p2194,0,derived 'calc_pdf_p{pdf_page_number}' from pdf_page_number=2194 per locator contract
P2IIB-REP-1771,calculation/chapter_05/values.csv,CH5-VAL-059,source_locator_derivation,chapter_05/values.csv,calc_pdf_p2194,0,derived 'calc_pdf_p{pdf_page_number}' from pdf_page_number=2194 per locator contract
P2IIB-REP-1772,calculation/chapter_05/values.csv,CH5-VAL-060,source_locator_derivation,chapter_05/values.csv,calc_pdf_p2195,0,derived 'calc_pdf_p{pdf_page_number}' from pdf_page_number=2195 per locator contract
P2IIB-REP-1773,calculation/chapter_05/values.csv,CH5-VAL-061,source_locator_derivation,chapter_05/values.csv,calc_pdf_p2199,0,derived 'calc_pdf_p{pdf_page_number}' from pdf_page_number=2199 per locator contract
P2IIB-REP-1774,calculation/chapter_05/values.csv,CH5-VAL-062,source_locator_derivation,chapter_05/values.csv,calc_pdf_p2199,0,derived 'calc_pdf_p{pdf_page_number}' from pdf_page_number=2199 per locator contract
P2IIB-REP-1775,calculation/chapter_05/values.csv,CH5-VAL-063,source_locator_derivation,chapter_05/values.csv,calc_pdf_p2199,0,derived 'calc_pdf_p{pdf_page_number}' from pdf_page_number=2199 per locator contract
P2IIB-REP-1776,calculation/chapter_05/values.csv,CH5-VAL-064,source_locator_derivation,chapter_05/values.csv,calc_pdf_p2199,0,derived 'calc_pdf_p{pdf_page_number}' from pdf_page_number=2199 per locator contract
P2IIB-REP-1777,calculation/chapter_05/values.csv,CH5-VAL-065,source_locator_derivation,chapter_05/values.csv,calc_pdf_p2199,0,derived 'calc_pdf_p{pdf_page_number}' from pdf_page_number=2199 per locator contract
P2IIB-REP-1778,calculation/chapter_05/values.csv,CH5-VAL-066,source_locator_derivation,chapter_05/values.csv,calc_pdf_p2200,0,derived 'calc_pdf_p{pdf_page_number}' from pdf_page_number=2200 per locator contract
P2IIB-REP-1779,calculation/chapter_05/values.csv,CH5-VAL-067,source_locator_derivation,chapter_05/values.csv,calc_pdf_p2200,0,derived 'calc_pdf_p{pdf_page_number}' from pdf_page_number=2200 per locator contract
P2IIB-REP-1780,calculation/chapter_05/values.csv,CH5-VAL-068,source_locator_derivation,chapter_05/values.csv,calc_pdf_p2205,0,derived 'calc_pdf_p{pdf_page_number}' from pdf_page_number=2205 per locator contract
P2IIB-REP-1781,calculation/chapter_05/values.csv,CH5-VAL-069,source_locator_derivation,chapter_05/values.csv,calc_pdf_p2205,0,derived 'calc_pdf_p{pdf_page_number}' from pdf_page_number=2205 per locator contract
P2IIB-REP-1782,calculation/chapter_05/values.csv,CH5-VAL-070,source_locator_derivation,chapter_05/values.csv,calc_pdf_p2207,0,derived 'calc_pdf_p{pdf_page_number}' from pdf_page_number=2207 per locator contract
P2IIB-REP-1783,calculation/chapter_05/values.csv,CH5-VAL-071,source_locator_derivation,chapter_05/values.csv,calc_pdf_p2207,0,derived 'calc_pdf_p{pdf_page_number}' from pdf_page_number=2207 per locator contract
P2IIB-REP-1784,calculation/chapter_05/values.csv,CH5-VAL-072,source_locator_derivation,chapter_05/values.csv,calc_pdf_p2207,0,derived 'calc_pdf_p{pdf_page_number}' from pdf_page_number=2207 per locator contract
P2IIB-REP-1785,calculation/chapter_05/values.csv,CH5-VAL-073,source_locator_derivation,chapter_05/values.csv,calc_pdf_p2207,0,derived 'calc_pdf_p{pdf_page_number}' from pdf_page_number=2207 per locator contract
P2IIB-REP-1786,calculation/chapter_05/values.csv,CH5-VAL-074,source_locator_derivation,chapter_05/values.csv,calc_pdf_p2207,0,derived 'calc_pdf_p{pdf_page_number}' from pdf_page_number=2207 per locator contract
P2IIB-REP-1787,calculation/chapter_05/values.csv,CH5-VAL-075,source_locator_derivation,chapter_05/values.csv,calc_pdf_p2207,0,derived 'calc_pdf_p{pdf_page_number}' from pdf_page_number=2207 per locator contract
P2IIB-REP-1788,calculation/chapter_05/values.csv,CH5-VAL-076,source_locator_derivation,chapter_05/values.csv,calc_pdf_p2207,0,derived 'calc_pdf_p{pdf_page_number}' from pdf_page_number=2207 per locator contract
P2IIB-REP-1789,calculation/chapter_05/values.csv,CH5-VAL-077,source_locator_derivation,chapter_05/values.csv,calc_pdf_p2207,0,derived 'calc_pdf_p{pdf_page_number}' from pdf_page_number=2207 per locator contract
P2IIB-REP-1790,calculation/chapter_05/values.csv,CH5-VAL-078,source_locator_derivation,chapter_05/values.csv,calc_pdf_p2208,0,derived 'calc_pdf_p{pdf_page_number}' from pdf_page_number=2208 per locator contract
P2IIB-REP-1791,calculation/chapter_05/values.csv,CH5-VAL-079,source_locator_derivation,chapter_05/values.csv,calc_pdf_p2208,0,derived 'calc_pdf_p{pdf_page_number}' from pdf_page_number=2208 per locator contract
P2IIB-REP-1792,calculation/chapter_05/values.csv,CH5-VAL-080,source_locator_derivation,chapter_05/values.csv,calc_pdf_p2208,0,derived 'calc_pdf_p{pdf_page_number}' from pdf_page_number=2208 per locator contract
P2IIB-REP-1793,calculation/chapter_05/values.csv,CH5-VAL-081,source_locator_derivation,chapter_05/values.csv,calc_pdf_p2208,0,derived 'calc_pdf_p{pdf_page_number}' from pdf_page_number=2208 per locator contract
P2IIB-REP-1794,calculation/chapter_05/values.csv,CH5-VAL-082,source_locator_derivation,chapter_05/values.csv,calc_pdf_p2208,0,derived 'calc_pdf_p{pdf_page_number}' from pdf_page_number=2208 per locator contract
P2IIB-REP-1795,calculation/chapter_05/values.csv,CH5-VAL-083,source_locator_derivation,chapter_05/values.csv,calc_pdf_p2220,0,derived 'calc_pdf_p{pdf_page_number}' from pdf_page_number=2220 per locator contract
P2IIB-REP-1796,calculation/chapter_05/values.csv,CH5-VAL-084,source_locator_derivation,chapter_05/values.csv,calc_pdf_p2221,0,derived 'calc_pdf_p{pdf_page_number}' from pdf_page_number=2221 per locator contract
P2IIB-REP-1797,calculation/chapter_05/values.csv,CH5-VAL-085,source_locator_derivation,chapter_05/values.csv,calc_pdf_p2221,0,derived 'calc_pdf_p{pdf_page_number}' from pdf_page_number=2221 per locator contract
P2IIB-REP-1798,calculation/chapter_05/values.csv,CH5-VAL-086,source_locator_derivation,chapter_05/values.csv,calc_pdf_p2222,0,derived 'calc_pdf_p{pdf_page_number}' from pdf_page_number=2222 per locator contract
P2IIB-REP-1799,calculation/chapter_05/values.csv,CH5-VAL-087,source_locator_derivation,chapter_05/values.csv,calc_pdf_p2222,0,derived 'calc_pdf_p{pdf_page_number}' from pdf_page_number=2222 per locator contract
P2IIB-REP-1800,calculation/chapter_05/values.csv,CH5-VAL-088,source_locator_derivation,chapter_05/values.csv,calc_pdf_p2222,0,derived 'calc_pdf_p{pdf_page_number}' from pdf_page_number=2222 per locator contract
P2IIB-REP-1801,calculation/chapter_05/values.csv,CH5-VAL-089,source_locator_derivation,chapter_05/values.csv,calc_pdf_p2224,0,derived 'calc_pdf_p{pdf_page_number}' from pdf_page_number=2224 per locator contract
P2IIB-REP-1802,calculation/chapter_05/values.csv,CH5-VAL-090,source_locator_derivation,chapter_05/values.csv,calc_pdf_p2224,0,derived 'calc_pdf_p{pdf_page_number}' from pdf_page_number=2224 per locator contract
P2IIB-REP-1803,calculation/chapter_05/values.csv,CH5-VAL-091,source_locator_derivation,chapter_05/values.csv,calc_pdf_p2224,0,derived 'calc_pdf_p{pdf_page_number}' from pdf_page_number=2224 per locator contract
P2IIB-REP-1804,calculation/chapter_05/values.csv,CH5-VAL-092,source_locator_derivation,chapter_05/values.csv,calc_pdf_p2224,0,derived 'calc_pdf_p{pdf_page_number}' from pdf_page_number=2224 per locator contract
P2IIB-REP-1805,calculation/chapter_05/values.csv,CH5-VAL-093,source_locator_derivation,chapter_05/values.csv,calc_pdf_p2225,0,derived 'calc_pdf_p{pdf_page_number}' from pdf_page_number=2225 per locator contract
P2IIB-REP-1806,calculation/chapter_05/values.csv,CH5-VAL-094,source_locator_derivation,chapter_05/values.csv,calc_pdf_p2225,0,derived 'calc_pdf_p{pdf_page_number}' from pdf_page_number=2225 per locator contract
P2IIB-REP-1807,calculation/chapter_05/values.csv,CH5-VAL-095,source_locator_derivation,chapter_05/values.csv,calc_pdf_p2226,0,derived 'calc_pdf_p{pdf_page_number}' from pdf_page_number=2226 per locator contract
P2IIB-REP-1808,calculation/chapter_05/values.csv,CH5-VAL-096,source_locator_derivation,chapter_05/values.csv,calc_pdf_p2139,0,derived 'calc_pdf_p{pdf_page_number}' from pdf_page_number=2139 per locator contract
P2IIB-REP-1809,calculation/chapter_05/values.csv,CH5-VAL-097,source_locator_derivation,chapter_05/values.csv,calc_pdf_p2139,0,derived 'calc_pdf_p{pdf_page_number}' from pdf_page_number=2139 per locator contract
P2IIB-REP-1810,calculation/chapter_05/values.csv,CH5-VAL-098,source_locator_derivation,chapter_05/values.csv,calc_pdf_p2139,0,derived 'calc_pdf_p{pdf_page_number}' from pdf_page_number=2139 per locator contract
P2IIB-REP-1811,calculation/chapter_05/values.csv,CH5-VAL-099,source_locator_derivation,chapter_05/values.csv,calc_pdf_p2139,0,derived 'calc_pdf_p{pdf_page_number}' from pdf_page_number=2139 per locator contract
P2IIB-REP-1812,calculation/chapter_05/values.csv,CH5-VAL-100,source_locator_derivation,chapter_05/values.csv,calc_pdf_p2139,0,derived 'calc_pdf_p{pdf_page_number}' from pdf_page_number=2139 per locator contract
P2IIB-REP-1813,calculation/chapter_05/values.csv,CH5-VAL-101,source_locator_derivation,chapter_05/values.csv,calc_pdf_p2139,0,derived 'calc_pdf_p{pdf_page_number}' from pdf_page_number=2139 per locator contract
P2IIB-REP-1814,calculation/chapter_05/values.csv,CH5-VAL-102,source_locator_derivation,chapter_05/values.csv,calc_pdf_p2139,0,derived 'calc_pdf_p{pdf_page_number}' from pdf_page_number=2139 per locator contract
P2IIB-REP-1815,calculation/chapter_05/values.csv,CH5-VAL-103,source_locator_derivation,chapter_05/values.csv,calc_pdf_p2139,0,derived 'calc_pdf_p{pdf_page_number}' from pdf_page_number=2139 per locator contract
P2IIB-REP-1816,calculation/front_matter/figures.csv,FM-FIG-001,source_locator_derivation,front_matter/figures.csv,calc_pdf_p1,0,derived 'calc_pdf_p{pdf_page_number}' from pdf_page_number=1 per locator contract
P2IIB-REP-1817,calculation/front_matter/figures.csv,FM-FIG-002,source_locator_derivation,front_matter/figures.csv,calc_pdf_p3,0,derived 'calc_pdf_p{pdf_page_number}' from pdf_page_number=3 per locator contract
P2IIB-REP-1818,calculation/front_matter/page_elements.csv,FM-PE-001,source_locator_derivation,front_matter/page_elements.csv,calc_pdf_p1,0,derived 'calc_pdf_p{pdf_page_number}' from pdf_page_number=1 per locator contract
P2IIB-REP-1819,calculation/front_matter/page_elements.csv,FM-PE-002,source_locator_derivation,front_matter/page_elements.csv,calc_pdf_p1,0,derived 'calc_pdf_p{pdf_page_number}' from pdf_page_number=1 per locator contract
P2IIB-REP-1820,calculation/front_matter/page_elements.csv,FM-PE-003,source_locator_derivation,front_matter/page_elements.csv,calc_pdf_p1,0,derived 'calc_pdf_p{pdf_page_number}' from pdf_page_number=1 per locator contract
P2IIB-REP-1821,calculation/front_matter/page_elements.csv,FM-PE-004,source_locator_derivation,front_matter/page_elements.csv,calc_pdf_p1,0,derived 'calc_pdf_p{pdf_page_number}' from pdf_page_number=1 per locator contract
P2IIB-REP-1822,calculation/front_matter/page_elements.csv,FM-PE-005,source_locator_derivation,front_matter/page_elements.csv,calc_pdf_p2,0,derived 'calc_pdf_p{pdf_page_number}' from pdf_page_number=2 per locator contract
P2IIB-REP-1823,calculation/front_matter/page_elements.csv,FM-PE-006,source_locator_derivation,front_matter/page_elements.csv,calc_pdf_p2,0,derived 'calc_pdf_p{pdf_page_number}' from pdf_page_number=2 per locator contract
P2IIB-REP-1824,calculation/front_matter/page_elements.csv,FM-PE-007,source_locator_derivation,front_matter/page_elements.csv,calc_pdf_p2,0,derived 'calc_pdf_p{pdf_page_number}' from pdf_page_number=2 per locator contract
P2IIB-REP-1825,calculation/front_matter/page_elements.csv,FM-PE-008,source_locator_derivation,front_matter/page_elements.csv,calc_pdf_p3,0,derived 'calc_pdf_p{pdf_page_number}' from pdf_page_number=3 per locator contract
P2IIB-REP-1826,calculation/front_matter/page_elements.csv,FM-PE-009,source_locator_derivation,front_matter/page_elements.csv,calc_pdf_p3,0,derived 'calc_pdf_p{pdf_page_number}' from pdf_page_number=3 per locator contract
P2IIB-REP-1827,calculation/front_matter/page_elements.csv,FM-PE-010,source_locator_derivation,front_matter/page_elements.csv,calc_pdf_p3,0,derived 'calc_pdf_p{pdf_page_number}' from pdf_page_number=3 per locator contract
P2IIB-REP-1828,calculation/front_matter/page_elements.csv,FM-PE-011,source_locator_derivation,front_matter/page_elements.csv,calc_pdf_p3,0,derived 'calc_pdf_p{pdf_page_number}' from pdf_page_number=3 per locator contract
P2IIB-REP-1829,calculation/front_matter/page_elements.csv,FM-PE-012,source_locator_derivation,front_matter/page_elements.csv,calc_pdf_p3,0,derived 'calc_pdf_p{pdf_page_number}' from pdf_page_number=3 per locator contract
P2IIB-REP-1830,calculation/front_matter/page_elements.csv,FM-PE-013,source_locator_derivation,front_matter/page_elements.csv,calc_pdf_p3,0,derived 'calc_pdf_p{pdf_page_number}' from pdf_page_number=3 per locator contract
P2IIB-REP-1831,calculation/front_matter/page_elements.csv,FM-PE-014,source_locator_derivation,front_matter/page_elements.csv,calc_pdf_p3,0,derived 'calc_pdf_p{pdf_page_number}' from pdf_page_number=3 per locator contract
P2IIB-REP-1832,calculation/front_matter/page_elements.csv,FM-PE-015,source_locator_derivation,front_matter/page_elements.csv,calc_pdf_p3,0,derived 'calc_pdf_p{pdf_page_number}' from pdf_page_number=3 per locator contract
P2IIB-REP-1833,calculation/front_matter/page_elements.csv,FM-PE-016,source_locator_derivation,front_matter/page_elements.csv,calc_pdf_p3,0,derived 'calc_pdf_p{pdf_page_number}' from pdf_page_number=3 per locator contract
P2IIB-REP-1834,calculation/front_matter/page_elements.csv,FM-PE-017,source_locator_derivation,front_matter/page_elements.csv,calc_pdf_p3,0,derived 'calc_pdf_p{pdf_page_number}' from pdf_page_number=3 per locator contract
P2IIB-REP-1835,calculation/front_matter/page_elements.csv,FM-PE-018,source_locator_derivation,front_matter/page_elements.csv,calc_pdf_p3,0,derived 'calc_pdf_p{pdf_page_number}' from pdf_page_number=3 per locator contract
P2IIB-REP-1836,calculation/front_matter/page_elements.csv,FM-PE-019,source_locator_derivation,front_matter/page_elements.csv,calc_pdf_p3,0,derived 'calc_pdf_p{pdf_page_number}' from pdf_page_number=3 per locator contract
P2IIB-REP-1837,calculation/front_matter/page_elements.csv,FM-PE-020,source_locator_derivation,front_matter/page_elements.csv,calc_pdf_p3,0,derived 'calc_pdf_p{pdf_page_number}' from pdf_page_number=3 per locator contract
P2IIB-REP-1838,calculation/front_matter/page_elements.csv,FM-PE-021,source_locator_derivation,front_matter/page_elements.csv,calc_pdf_p3,0,derived 'calc_pdf_p{pdf_page_number}' from pdf_page_number=3 per locator contract
P2IIB-REP-1839,calculation/front_matter/page_elements.csv,FM-PE-022,source_locator_derivation,front_matter/page_elements.csv,calc_pdf_p3,0,derived 'calc_pdf_p{pdf_page_number}' from pdf_page_number=3 per locator contract
P2IIB-REP-1840,calculation/front_matter/page_elements.csv,FM-PE-023,source_locator_derivation,front_matter/page_elements.csv,calc_pdf_p3,0,derived 'calc_pdf_p{pdf_page_number}' from pdf_page_number=3 per locator contract
P2IIB-REP-1841,calculation/front_matter/page_elements.csv,FM-PE-024,source_locator_derivation,front_matter/page_elements.csv,calc_pdf_p3,0,derived 'calc_pdf_p{pdf_page_number}' from pdf_page_number=3 per locator contract
P2IIB-REP-1842,calculation/front_matter/page_elements.csv,FM-PE-025,source_locator_derivation,front_matter/page_elements.csv,calc_pdf_p3,0,derived 'calc_pdf_p{pdf_page_number}' from pdf_page_number=3 per locator contract
P2IIB-REP-1843,calculation/front_matter/page_elements.csv,FM-PE-026,source_locator_derivation,front_matter/page_elements.csv,calc_pdf_p3,0,derived 'calc_pdf_p{pdf_page_number}' from pdf_page_number=3 per locator contract
P2IIB-REP-1844,drawings/sheets_045_088/sheet_elements.csv,DLE1,column_shift,"[""88"", ""90"", ""bearing_detail"", ""displacement"", ""DLE1"", ""ΔLe1=346mm""]","[""88"", ""90"", ""bearing_detail"", ""displacement"", ""DLE1"", ""ΔLe1=346mm"", """"]",-1,restored 1 trailing empty column(s) to match header width
P2IIB-REP-1845,drawings/sheets_001_044/annotations.csv,<row>,column_shift,"[""1"", ""title"", ""旭高架橋 Aランプ PU15ｰAR2 位置図""]","[""1"", ""title"", ""旭高架橋 Aランプ PU15ｰAR2 位置図"", """"]",-1,restored 1 trailing empty column(s) to match header width
P2IIB-REP-1846,drawings/sheets_001_044/annotations.csv,<row>,column_shift,"[""5"", ""title"", ""旭高架橋 Aランプ PU15ｰAR2 数量総括表(その1)""]","[""5"", ""title"", ""旭高架橋 Aランプ PU15ｰAR2 数量総括表(その1)"", """"]",-1,restored 1 trailing empty column(s) to match header width
P2IIB-REP-1847,drawings/sheets_001_044/annotations.csv,<row>,column_shift,"[""6"", ""title"", ""旭高架橋 Aランプ PU15ｰAR2 数量総括表(その2)""]","[""6"", ""title"", ""旭高架橋 Aランプ PU15ｰAR2 数量総括表(その2)"", """"]",-1,restored 1 trailing empty column(s) to match header width
P2IIB-REP-1848,drawings/sheets_001_044/annotations.csv,<row>,column_shift,"[""7"", ""title"", ""旭高架橋 Aランプ PU15ｰAR2 数量総括表(その3)""]","[""7"", ""title"", ""旭高架橋 Aランプ PU15ｰAR2 数量総括表(その3)"", """"]",-1,restored 1 trailing empty column(s) to match header width
P2IIB-REP-1849,drawings/sheets_001_044/annotations.csv,<row>,column_shift,"[""8"", ""title"", ""旭高架橋 Aランプ PU15ｰAR2 上部工構造一般図(その1)""]","[""8"", ""title"", ""旭高架橋 Aランプ PU15ｰAR2 上部工構造一般図(その1)"", """"]",-1,restored 1 trailing empty column(s) to match header width
P2IIB-REP-1850,drawings/sheets_001_044/annotations.csv,<row>,column_shift,"[""9"", ""note"", ""巻き立てコンクリート range indicated""]","[""9"", ""note"", ""巻き立てコンクリート range indicated"", """"]",-1,restored 1 trailing empty column(s) to match header width
P2IIB-REP-1851,drawings/sheets_001_044/annotations.csv,<row>,column_shift,"[""12"", ""note"", ""※桁高には、上下フランジ厚を含む""]","[""12"", ""note"", ""※桁高には、上下フランジ厚を含む"", """"]",-1,restored 1 trailing empty column(s) to match header width
P2IIB-REP-1852,drawings/sheets_001_044/annotations.csv,<row>,column_shift,"[""12"", ""note"", ""※PU15(S1)の桁高とハンチ高は、伸縮装置高の切り欠きを考慮しない値""]","[""12"", ""note"", ""※PU15(S1)の桁高とハンチ高は、伸縮装置高の切り欠きを考慮しない値"", """"]",-1,restored 1 trailing empty column(s) to match header width
P2IIB-REP-1853,drawings/sheets_001_044/annotations.csv,<row>,column_shift,"[""17"", ""note"", ""非合成主体であるため交番部の下フランジ側は非合成断面の範囲とする""]","[""17"", ""note"", ""非合成主体であるため交番部の下フランジ側は非合成断面の範囲とする"", """"]",-1,restored 1 trailing empty column(s) to match header width
P2IIB-REP-1854,drawings/sheets_001_044/annotations.csv,<row>,column_shift,"[""19"", ""note"", ""ソールプレート幅は上沓幅に合わせ、下フランジ幅は上沓幅に溶接代を考慮する""]","[""19"", ""note"", ""ソールプレート幅は上沓幅に合わせ、下フランジ幅は上沓幅に溶接代を考慮する"", """"]",-1,restored 1 trailing empty column(s) to match header width
P2IIB-REP-1855,drawings/sheets_001_044/annotations.csv,<row>,column_shift,"[""20"", ""note"", ""S1のDh値は、桁端部付近の切り欠きを考慮していない""]","[""20"", ""note"", ""S1のDh値は、桁端部付近の切り欠きを考慮していない"", """"]",-1,restored 1 trailing empty column(s) to match header width
P2IIB-REP-1856,drawings/sheets_001_044/annotations.csv,<row>,column_shift,"[""23"", ""note"", ""2000 巻き立てコンクリート幅""]","[""23"", ""note"", ""2000 巻き立てコンクリート幅"", """"]",-1,restored 1 trailing empty column(s) to match header width
P2IIB-REP-1857,drawings/sheets_001_044/annotations.csv,<row>,column_shift,"[""26"", ""note"", ""2000 巻き立てコンクリート幅""]","[""26"", ""note"", ""2000 巻き立てコンクリート幅"", """"]",-1,restored 1 trailing empty column(s) to match header width
P2IIB-REP-1858,drawings/sheets_001_044/annotations.csv,<row>,column_shift,"[""44"", ""note"", ""添接板の前後の間隔が必要間隔を超える場合スタッド溶接""]","[""44"", ""note"", ""添接板の前後の間隔が必要間隔を超える場合スタッド溶接"", """"]",-1,restored 1 trailing empty column(s) to match header width
P2IIB-REP-1859,drawings/sheets_001_044/dimensions.csv,4,column_shift,"[""4"", ""all"", ""主桁間隔"", ""Girder spacing"", ""4500"", ""mm""]","[""4"", ""all"", ""主桁間隔"", ""Girder spacing"", ""4500"", ""mm"", """"]",-1,restored 1 trailing empty column(s) to match header width
P2IIB-REP-1860,drawings/sheets_001_044/dimensions.csv,5,column_shift,"[""5"", ""all"", ""主桁高"", ""Girder height"", ""2700"", ""mm""]","[""5"", ""all"", ""主桁高"", ""Girder height"", ""2700"", ""mm"", """"]",-1,restored 1 trailing empty column(s) to match header width
P2IIB-REP-1861,drawings/sheets_001_044/dimensions.csv,8,column_shift,"[""8"", ""9"", ""舗装厚"", ""Pavement thickness"", ""80"", ""mm""]","[""8"", ""9"", ""舗装厚"", ""Pavement thickness"", ""80"", ""mm"", """"]",-1,restored 1 trailing empty column(s) to match header width
P2IIB-REP-1862,drawings/sheets_001_044/dimensions.csv,9,column_shift,"[""9"", ""9"", ""片持張出"", ""Cantilever overhang"", ""2750/2750.1/2750"", ""mm""]","[""9"", ""9"", ""片持張出"", ""Cantilever overhang"", ""2750/2750.1/2750"", ""mm"", """"]",-1,restored 1 trailing empty column(s) to match header width
P2IIB-REP-1863,drawings/sheets_001_044/dimensions.csv,16,column_shift,"[""16"", ""13"", ""格間長"", ""Panel length"", ""5344/7@4992.5/10@5097.4/6@5094.6/4834.7/4885"", ""mm""]","[""16"", ""13"", ""格間長"", ""Panel length"", ""5344/7@4992.5/10@5097.4/6@5094.6/4834.7/4885"", ""mm"", """"]",-1,restored 1 trailing empty column(s) to match header width
P2IIB-REP-1864,drawings/sheets_001_044/dimensions.csv,17,column_shift,"[""17"", ""14"", ""AG2格間長"", ""AG2 panel length"", ""5020.1/7@5000/10@5105.1/6@5102.2/4700/4712.7"", ""mm""]","[""17"", ""14"", ""AG2格間長"", ""AG2 panel length"", ""5020.1/7@5000/10@5105.1/6@5102.2/4700/4712.7"", ""mm"", """"]",-1,restored 1 trailing empty column(s) to match header width
P2IIB-REP-1865,drawings/sheets_001_044/dimensions.csv,22,column_shift,"[""22"", ""21"", ""AG1下フランジ"", ""AG1 LFLG J-1"", ""PL 700x28x8148"", ""mm""]","[""22"", ""21"", ""AG1下フランジ"", ""AG1 LFLG J-1"", ""PL 700x28x8148"", ""mm"", """"]",-1,restored 1 trailing empty column(s) to match header width
P2IIB-REP-1866,drawings/sheets_001_044/dimensions.csv,23,column_shift,"[""23"", ""21"", ""AG1下フランジ"", ""AG1 LFLG J-2"", ""PL 700x32x6241"", ""mm""]","[""23"", ""21"", ""AG1下フランジ"", ""AG1 LFLG J-2"", ""PL 700x32x6241"", ""mm"", """"]",-1,restored 1 trailing empty column(s) to match header width
P2IIB-REP-1867,drawings/sheets_001_044/dimensions.csv,29,column_shift,"[""29"", ""30"", ""AG2下フランジ"", ""AG2 LFLG J-1"", ""PL 700x28x7814"", ""mm""]","[""29"", ""30"", ""AG2下フランジ"", ""AG2 LFLG J-1"", ""PL 700x28x7814"", ""mm"", """"]",-1,restored 1 trailing empty column(s) to match header width
P2IIB-REP-1868,drawings/sheets_001_044/dimensions.csv,30,column_shift,"[""30"", ""30"", ""AG2下フランジ"", ""AG2 LFLG J-2"", ""PL 700x32x6250"", ""mm""]","[""30"", ""30"", ""AG2下フランジ"", ""AG2 LFLG J-2"", ""PL 700x32x6250"", ""mm"", """"]",-1,restored 1 trailing empty column(s) to match header width
P2IIB-REP-1869,drawings/sheets_001_044/dimensions.csv,31,column_shift,"[""31"", ""38"", ""AG2端部フランジ"", ""AG2 end UFLG"", ""PL 620x25x7548"", ""mm""]","[""31"", ""38"", ""AG2端部フランジ"", ""AG2 end UFLG"", ""PL 620x25x7548"", ""mm"", """"]",-1,restored 1 trailing empty column(s) to match header width
P2IIB-REP-1870,domain_indexes/adopted_value_index.csv,ADV-001,source_locator_derivation,calculation/chapter_03/section_3_2/values.csv,calc_pdf_p297,0,derived 'calc_pdf_p{pdf_page_number}' from pdf_page=297 per locator contract
P2IIB-REP-1871,domain_indexes/adopted_value_index.csv,ADV-002,source_locator_derivation,calculation/chapter_03/section_3_2/values.csv,calc_pdf_p297,0,derived 'calc_pdf_p{pdf_page_number}' from pdf_page=297 per locator contract
P2IIB-REP-1872,domain_indexes/adopted_value_index.csv,ADV-003,source_locator_derivation,calculation/chapter_03/section_3_2/values.csv,calc_pdf_p297,0,derived 'calc_pdf_p{pdf_page_number}' from pdf_page=297 per locator contract
P2IIB-REP-1873,domain_indexes/adopted_value_index.csv,ADV-004,source_locator_derivation,calculation/chapter_03/section_3_2/values.csv,calc_pdf_p297,0,derived 'calc_pdf_p{pdf_page_number}' from pdf_page=297 per locator contract
P2IIB-REP-1874,domain_indexes/adopted_value_index.csv,ADV-005,source_locator_derivation,calculation/chapter_03/section_3_2/values.csv,calc_pdf_p297,0,derived 'calc_pdf_p{pdf_page_number}' from pdf_page=297 per locator contract
P2IIB-REP-1875,domain_indexes/adopted_value_index.csv,ADV-006,source_locator_derivation,calculation/chapter_03/section_3_2/values.csv,calc_pdf_p297,0,derived 'calc_pdf_p{pdf_page_number}' from pdf_page=297 per locator contract
P2IIB-REP-1876,domain_indexes/adopted_value_index.csv,ADV-007,source_locator_derivation,calculation/chapter_03/section_3_2/values.csv,calc_pdf_p297,0,derived 'calc_pdf_p{pdf_page_number}' from pdf_page=297 per locator contract
P2IIB-REP-1877,domain_indexes/adopted_value_index.csv,ADV-008,source_locator_derivation,calculation/chapter_02/values.csv,calc_pdf_p19,0,derived 'calc_pdf_p{pdf_page_number}' from pdf_page=19 per locator contract
P2IIB-REP-1878,domain_indexes/adopted_value_index.csv,ADV-009,source_locator_derivation,calculation/chapter_02/values.csv,calc_pdf_p20,0,derived 'calc_pdf_p{pdf_page_number}' from pdf_page=20 per locator contract
P2IIB-REP-1879,domain_indexes/adopted_value_index.csv,ADV-010,source_locator_derivation,calculation/chapter_02/values.csv,calc_pdf_p20,0,derived 'calc_pdf_p{pdf_page_number}' from pdf_page=20 per locator contract
P2IIB-REP-1880,domain_indexes/adopted_value_index.csv,ADV-011,source_locator_derivation,calculation/chapter_05/values.csv,calc_pdf_p2031,0,derived 'calc_pdf_p{pdf_page_number}' from pdf_page=2031 per locator contract
P2IIB-REP-1881,domain_indexes/adopted_value_index.csv,ADV-012,source_locator_derivation,calculation/chapter_05/values.csv,calc_pdf_p2031,0,derived 'calc_pdf_p{pdf_page_number}' from pdf_page=2031 per locator contract
P2IIB-REP-1882,domain_indexes/adopted_value_index.csv,ADV-013,source_locator_derivation,calculation/chapter_05/values.csv,calc_pdf_p2031,0,derived 'calc_pdf_p{pdf_page_number}' from pdf_page=2031 per locator contract
P2IIB-REP-1883,domain_indexes/adopted_value_index.csv,ADV-014,source_locator_derivation,calculation/chapter_05/values.csv,calc_pdf_p2031,0,derived 'calc_pdf_p{pdf_page_number}' from pdf_page=2031 per locator contract
P2IIB-REP-1884,domain_indexes/adopted_value_index.csv,ADV-015,source_locator_derivation,calculation/chapter_05/values.csv,calc_pdf_p2192,0,derived 'calc_pdf_p{pdf_page_number}' from pdf_page=2192 per locator contract
P2IIB-REP-1885,domain_indexes/adopted_value_index.csv,ADV-016,source_locator_derivation,calculation/chapter_02/values.csv,calc_pdf_p19,0,derived 'calc_pdf_p{pdf_page_number}' from pdf_page=19 per locator contract
P2IIB-REP-1886,domain_indexes/analysis_result_index.csv,AR-001,source_locator_derivation,calculation/chapter_03/section_3_1/values.csv,calc_pdf_p223,0,derived 'calc_pdf_p{pdf_page_number}' from pdf_page=223 per locator contract
P2IIB-REP-1887,domain_indexes/analysis_result_index.csv,AR-002,source_locator_derivation,calculation/chapter_03/section_3_1/values.csv,calc_pdf_p223,0,derived 'calc_pdf_p{pdf_page_number}' from pdf_page=223 per locator contract
P2IIB-REP-1888,domain_indexes/analysis_result_index.csv,AR-003,source_locator_derivation,calculation/chapter_03/section_3_1/values.csv,calc_pdf_p223,0,derived 'calc_pdf_p{pdf_page_number}' from pdf_page=223 per locator contract
P2IIB-REP-1889,domain_indexes/analysis_result_index.csv,AR-004,source_locator_derivation,calculation/chapter_03/section_3_1/values.csv,calc_pdf_p223,0,derived 'calc_pdf_p{pdf_page_number}' from pdf_page=223 per locator contract
P2IIB-REP-1890,domain_indexes/analysis_result_index.csv,AR-005,source_locator_derivation,calculation/chapter_03/section_3_1/values.csv,calc_pdf_p223,0,derived 'calc_pdf_p{pdf_page_number}' from pdf_page=223 per locator contract
P2IIB-REP-1891,domain_indexes/analysis_result_index.csv,AR-006,source_locator_derivation,calculation/chapter_03/section_3_1/values.csv,calc_pdf_p223,0,derived 'calc_pdf_p{pdf_page_number}' from pdf_page=223 per locator contract
P2IIB-REP-1892,domain_indexes/analysis_result_index.csv,AR-007,source_locator_derivation,calculation/chapter_03/section_3_1/values.csv,calc_pdf_p223,0,derived 'calc_pdf_p{pdf_page_number}' from pdf_page=223 per locator contract
P2IIB-REP-1893,domain_indexes/analysis_result_index.csv,AR-008,source_locator_derivation,calculation/chapter_03/section_3_3/values.csv,calc_pdf_p686,0,derived 'calc_pdf_p{pdf_page_number}' from pdf_page=686 per locator contract
P2IIB-REP-1894,domain_indexes/analysis_result_index.csv,AR-009,source_locator_derivation,calculation/chapter_03/section_3_3/values.csv,calc_pdf_p686,0,derived 'calc_pdf_p{pdf_page_number}' from pdf_page=686 per locator contract
P2IIB-REP-1895,domain_indexes/analysis_result_index.csv,AR-010,source_locator_derivation,calculation/chapter_03/section_3_3/values.csv,calc_pdf_p686,0,derived 'calc_pdf_p{pdf_page_number}' from pdf_page=686 per locator contract
P2IIB-REP-1896,domain_indexes/analysis_result_index.csv,AR-011,source_locator_derivation,calculation/chapter_03/section_3_3/values.csv,calc_pdf_p686,0,derived 'calc_pdf_p{pdf_page_number}' from pdf_page=686 per locator contract
P2IIB-REP-1897,domain_indexes/analysis_result_index.csv,AR-012,source_locator_derivation,calculation/chapter_03/section_3_3/values.csv,calc_pdf_p686,0,derived 'calc_pdf_p{pdf_page_number}' from pdf_page=686 per locator contract
P2IIB-REP-1898,domain_indexes/analysis_result_index.csv,AR-013,source_locator_derivation,calculation/chapter_03/section_3_4/values.csv,calc_pdf_p769,0,derived 'calc_pdf_p{pdf_page_number}' from pdf_page=769 per locator contract
P2IIB-REP-1899,domain_indexes/analysis_result_index.csv,AR-014,source_locator_derivation,calculation/chapter_03/section_3_4/values.csv,calc_pdf_p769,0,derived 'calc_pdf_p{pdf_page_number}' from pdf_page=769 per locator contract
P2IIB-REP-1900,domain_indexes/analysis_result_index.csv,AR-015,source_locator_derivation,calculation/chapter_03/section_3_5/values.csv,calc_pdf_p791,0,derived 'calc_pdf_p{pdf_page_number}' from pdf_page=791 per locator contract
P2IIB-REP-1901,domain_indexes/analysis_result_index.csv,AR-016,source_locator_derivation,calculation/chapter_03/section_3_5/values.csv,calc_pdf_p792,0,derived 'calc_pdf_p{pdf_page_number}' from pdf_page=792 per locator contract
P2IIB-REP-1902,domain_indexes/analysis_result_index.csv,AR-017,source_locator_derivation,calculation/chapter_03/section_3_7/values.csv,calc_pdf_p850,0,derived 'calc_pdf_p{pdf_page_number}' from pdf_page=850 per locator contract
P2IIB-REP-1903,domain_indexes/analysis_result_index.csv,AR-018,source_locator_derivation,calculation/chapter_03/section_3_7/values.csv,calc_pdf_p851,0,derived 'calc_pdf_p{pdf_page_number}' from pdf_page=851 per locator contract
P2IIB-REP-1904,domain_indexes/analysis_result_index.csv,AR-019,source_locator_derivation,calculation/chapter_03/section_3_7/values.csv,calc_pdf_p853,0,derived 'calc_pdf_p{pdf_page_number}' from pdf_page=853 per locator contract
P2IIB-REP-1905,domain_indexes/analysis_result_index.csv,AR-020,source_locator_derivation,calculation/chapter_03/section_3_7/values.csv,calc_pdf_p854,0,derived 'calc_pdf_p{pdf_page_number}' from pdf_page=854 per locator contract
P2IIB-REP-1906,domain_indexes/analysis_result_index.csv,AR-021,source_locator_derivation,calculation/chapter_04/section_4_2/values.csv,calc_pdf_p1319,0,derived 'calc_pdf_p{pdf_page_number}' from pdf_page=1319 per locator contract
P2IIB-REP-1907,domain_indexes/analysis_result_index.csv,AR-022,source_locator_derivation,calculation/chapter_04/section_4_2/values.csv,calc_pdf_p1319,0,derived 'calc_pdf_p{pdf_page_number}' from pdf_page=1319 per locator contract
P2IIB-REP-1908,domain_indexes/analysis_result_index.csv,AR-023,source_locator_derivation,calculation/chapter_04/section_4_2/values.csv,calc_pdf_p1319,0,derived 'calc_pdf_p{pdf_page_number}' from pdf_page=1319 per locator contract
P2IIB-REP-1909,domain_indexes/design_check_index.csv,DC-001,source_locator_derivation,calculation/chapter_03/section_3_2/values.csv,calc_pdf_p297,0,derived 'calc_pdf_p{pdf_page_number}' from pdf_page=297 per locator contract
P2IIB-REP-1910,domain_indexes/design_check_index.csv,DC-002,source_locator_derivation,calculation/chapter_03/section_3_2/values.csv,calc_pdf_p297,0,derived 'calc_pdf_p{pdf_page_number}' from pdf_page=297 per locator contract
P2IIB-REP-1911,domain_indexes/design_check_index.csv,DC-003,source_locator_derivation,calculation/chapter_03/section_3_2/values.csv,calc_pdf_p297,0,derived 'calc_pdf_p{pdf_page_number}' from pdf_page=297 per locator contract
P2IIB-REP-1912,domain_indexes/design_check_index.csv,DC-004,source_locator_derivation,calculation/chapter_03/section_3_2/values.csv,calc_pdf_p297,0,derived 'calc_pdf_p{pdf_page_number}' from pdf_page=297 per locator contract
P2IIB-REP-1913,domain_indexes/design_check_index.csv,DC-005,source_locator_derivation,calculation/chapter_03/section_3_2/values.csv,calc_pdf_p297,0,derived 'calc_pdf_p{pdf_page_number}' from pdf_page=297 per locator contract
P2IIB-REP-1914,domain_indexes/design_check_index.csv,DC-006,source_locator_derivation,calculation/chapter_03/section_3_2/values.csv,calc_pdf_p297,0,derived 'calc_pdf_p{pdf_page_number}' from pdf_page=297 per locator contract
P2IIB-REP-1915,domain_indexes/design_check_index.csv,DC-007,source_locator_derivation,calculation/chapter_03/section_3_7/values.csv,calc_pdf_p852,0,derived 'calc_pdf_p{pdf_page_number}' from pdf_page=852 per locator contract
P2IIB-REP-1916,domain_indexes/design_check_index.csv,DC-008,source_locator_derivation,calculation/chapter_04/section_4_2/values.csv,calc_pdf_p1319,0,derived 'calc_pdf_p{pdf_page_number}' from pdf_page=1319 per locator contract
P2IIB-REP-1917,domain_indexes/design_check_index.csv,DC-009,source_locator_derivation,calculation/chapter_04/section_4_2/values.csv,calc_pdf_p1319,0,derived 'calc_pdf_p{pdf_page_number}' from pdf_page=1319 per locator contract
P2IIB-REP-1918,domain_indexes/design_check_index.csv,DC-010,source_locator_derivation,calculation/chapter_03/section_3_2/values.csv,calc_pdf_p674,0,derived 'calc_pdf_p{pdf_page_number}' from pdf_page=674 per locator contract
P2IIB-REP-1919,domain_indexes/design_check_index.csv,DC-011,source_locator_derivation,calculation/chapter_04/section_4_2/values.csv,calc_pdf_p1319,0,derived 'calc_pdf_p{pdf_page_number}' from pdf_page=1319 per locator contract
P2IIB-REP-1920,domain_indexes/design_check_index.csv,DC-012,source_locator_derivation,calculation/chapter_04/section_4_2/values.csv,calc_pdf_p1319,0,derived 'calc_pdf_p{pdf_page_number}' from pdf_page=1319 per locator contract
P2IIB-REP-1921,domain_indexes/design_check_index.csv,DC-013,source_locator_derivation,calculation/chapter_04/section_4_2/values.csv,calc_pdf_p1319,0,derived 'calc_pdf_p{pdf_page_number}' from pdf_page=1319 per locator contract
P2IIB-REP-1922,domain_indexes/design_check_index.csv,DC-014,source_locator_derivation,calculation/chapter_03/section_3_4/values.csv,calc_pdf_p771,0,derived 'calc_pdf_p{pdf_page_number}' from pdf_page=771 per locator contract
P2IIB-REP-1923,domain_indexes/design_check_index.csv,DC-015,source_locator_derivation,calculation/chapter_03/section_3_4/values.csv,calc_pdf_p771,0,derived 'calc_pdf_p{pdf_page_number}' from pdf_page=771 per locator contract
P2IIB-REP-1924,domain_indexes/geometry_index.csv,GEO-001,source_locator_derivation,calculation/chapter_01/values.csv,calc_pdf_p7,0,derived 'calc_pdf_p{pdf_page_number}' from pdf_page=7 per locator contract
P2IIB-REP-1925,domain_indexes/geometry_index.csv,GEO-002,source_locator_derivation,calculation/chapter_01/values.csv,calc_pdf_p7,0,derived 'calc_pdf_p{pdf_page_number}' from pdf_page=7 per locator contract
P2IIB-REP-1926,domain_indexes/geometry_index.csv,GEO-003,source_locator_derivation,calculation/chapter_01/values.csv,calc_pdf_p7,0,derived 'calc_pdf_p{pdf_page_number}' from pdf_page=7 per locator contract
P2IIB-REP-1927,domain_indexes/geometry_index.csv,GEO-004,source_locator_derivation,calculation/chapter_01/values.csv,calc_pdf_p7,0,derived 'calc_pdf_p{pdf_page_number}' from pdf_page=7 per locator contract
P2IIB-REP-1928,domain_indexes/geometry_index.csv,GEO-005,source_locator_derivation,calculation/chapter_01/values.csv,calc_pdf_p7,0,derived 'calc_pdf_p{pdf_page_number}' from pdf_page=7 per locator contract
P2IIB-REP-1929,domain_indexes/geometry_index.csv,GEO-006,source_locator_derivation,calculation/chapter_01/values.csv,calc_pdf_p7,0,derived 'calc_pdf_p{pdf_page_number}' from pdf_page=7 per locator contract
P2IIB-REP-1930,domain_indexes/geometry_index.csv,GEO-007,source_locator_derivation,drawings/sheets_001_044/dimensions.csv,calc_pdf_p3,0,derived 'calc_pdf_p{pdf_page_number}' from pdf_page=3 per locator contract
P2IIB-REP-1931,domain_indexes/geometry_index.csv,GEO-008,source_locator_derivation,drawings/sheets_001_044/dimensions.csv,calc_pdf_p3,0,derived 'calc_pdf_p{pdf_page_number}' from pdf_page=3 per locator contract
P2IIB-REP-1932,domain_indexes/geometry_index.csv,GEO-009,source_locator_derivation,drawings/sheets_001_044/dimensions.csv,calc_pdf_p3,0,derived 'calc_pdf_p{pdf_page_number}' from pdf_page=3 per locator contract
P2IIB-REP-1933,domain_indexes/geometry_index.csv,GEO-010,source_locator_derivation,drawings/sheets_001_044/dimensions.csv,calc_pdf_p3,0,derived 'calc_pdf_p{pdf_page_number}' from pdf_page=3 per locator contract
P2IIB-REP-1934,domain_indexes/geometry_index.csv,GEO-011,source_locator_derivation,drawings/sheets_001_044/dimensions.csv,calc_pdf_p3,0,derived 'calc_pdf_p{pdf_page_number}' from pdf_page=3 per locator contract
P2IIB-REP-1935,domain_indexes/geometry_index.csv,GEO-012,source_locator_derivation,calculation/chapter_03/section_3_1/values.csv,calc_pdf_p135,0,derived 'calc_pdf_p{pdf_page_number}' from pdf_page=135 per locator contract
P2IIB-REP-1936,domain_indexes/geometry_index.csv,GEO-013,source_locator_derivation,calculation/chapter_03/section_3_1/values.csv,calc_pdf_p135,0,derived 'calc_pdf_p{pdf_page_number}' from pdf_page=135 per locator contract
P2IIB-REP-1937,domain_indexes/geometry_index.csv,GEO-014,source_locator_derivation,calculation/chapter_03/section_3_1/values.csv,calc_pdf_p135,0,derived 'calc_pdf_p{pdf_page_number}' from pdf_page=135 per locator contract
P2IIB-REP-1938,domain_indexes/geometry_index.csv,GEO-015,source_locator_derivation,drawings/sheets_001_044/dimensions.csv,calc_pdf_p15,0,derived 'calc_pdf_p{pdf_page_number}' from pdf_page=15 per locator contract
P2IIB-REP-1939,domain_indexes/geometry_index.csv,GEO-016,source_locator_derivation,drawings/sheets_001_044/dimensions.csv,calc_pdf_p15,0,derived 'calc_pdf_p{pdf_page_number}' from pdf_page=15 per locator contract
P2IIB-REP-1940,domain_indexes/geometry_index.csv,GEO-017,source_locator_derivation,drawings/sheets_001_044/dimensions.csv,calc_pdf_p15,0,derived 'calc_pdf_p{pdf_page_number}' from pdf_page=15 per locator contract
P2IIB-REP-1941,domain_indexes/geometry_index.csv,GEO-018,source_locator_derivation,drawings/sheets_001_044/dimensions.csv,calc_pdf_p15,0,derived 'calc_pdf_p{pdf_page_number}' from pdf_page=15 per locator contract
P2IIB-REP-1942,domain_indexes/geometry_index.csv,GEO-019,source_locator_derivation,calculation/chapter_03/section_3_1/figures.csv,calc_pdf_p118,0,derived 'calc_pdf_p{pdf_page_number}' from pdf_page=118 per locator contract
P2IIB-REP-1943,domain_indexes/geometry_index.csv,GEO-020,source_locator_derivation,calculation/chapter_03/section_3_1/values.csv,calc_pdf_p119,0,derived 'calc_pdf_p{pdf_page_number}' from pdf_page=119 per locator contract
P2IIB-REP-1944,domain_indexes/geometry_index.csv,GEO-021,source_locator_derivation,calculation/chapter_03/section_3_1/values.csv,calc_pdf_p119,0,derived 'calc_pdf_p{pdf_page_number}' from pdf_page=119 per locator contract
P2IIB-REP-1945,domain_indexes/geometry_index.csv,GEO-022,source_locator_derivation,calculation/chapter_03/section_3_2/values.csv,calc_pdf_p384,0,derived 'calc_pdf_p{pdf_page_number}' from pdf_page=384 per locator contract
P2IIB-REP-1946,domain_indexes/geometry_index.csv,GEO-023,source_locator_derivation,calculation/chapter_03/section_3_3/values.csv,calc_pdf_p685,0,derived 'calc_pdf_p{pdf_page_number}' from pdf_page=685 per locator contract
P2IIB-REP-1947,domain_indexes/geometry_index.csv,GEO-024,source_locator_derivation,calculation/chapter_03/section_3_3/values.csv,calc_pdf_p685,0,derived 'calc_pdf_p{pdf_page_number}' from pdf_page=685 per locator contract
P2IIB-REP-1948,domain_indexes/load_index.csv,LOAD-001,source_locator_derivation,calculation/chapter_03/section_3_1/values.csv,calc_pdf_p119,0,derived 'calc_pdf_p{pdf_page_number}' from pdf_page=119 per locator contract
P2IIB-REP-1949,domain_indexes/load_index.csv,LOAD-002,source_locator_derivation,calculation/chapter_03/section_3_1/values.csv,calc_pdf_p119,0,derived 'calc_pdf_p{pdf_page_number}' from pdf_page=119 per locator contract
P2IIB-REP-1950,domain_indexes/load_index.csv,LOAD-003,source_locator_derivation,calculation/chapter_03/section_3_1/values.csv,calc_pdf_p119,0,derived 'calc_pdf_p{pdf_page_number}' from pdf_page=119 per locator contract
P2IIB-REP-1951,domain_indexes/load_index.csv,LOAD-004,source_locator_derivation,calculation/chapter_03/section_3_1/values.csv,calc_pdf_p119,0,derived 'calc_pdf_p{pdf_page_number}' from pdf_page=119 per locator contract
P2IIB-REP-1952,domain_indexes/load_index.csv,LOAD-005,source_locator_derivation,calculation/chapter_03/section_3_1/values.csv,calc_pdf_p119,0,derived 'calc_pdf_p{pdf_page_number}' from pdf_page=119 per locator contract
P2IIB-REP-1953,domain_indexes/load_index.csv,LOAD-006,source_locator_derivation,calculation/chapter_03/section_3_1/values.csv,calc_pdf_p119,0,derived 'calc_pdf_p{pdf_page_number}' from pdf_page=119 per locator contract
P2IIB-REP-1954,domain_indexes/load_index.csv,LOAD-007,source_locator_derivation,calculation/chapter_03/section_3_1/values.csv,calc_pdf_p119,0,derived 'calc_pdf_p{pdf_page_number}' from pdf_page=119 per locator contract
P2IIB-REP-1955,domain_indexes/load_index.csv,LOAD-008,source_locator_derivation,calculation/chapter_03/section_3_1/values.csv,calc_pdf_p119,0,derived 'calc_pdf_p{pdf_page_number}' from pdf_page=119 per locator contract
P2IIB-REP-1956,domain_indexes/load_index.csv,LOAD-009,source_locator_derivation,calculation/chapter_03/section_3_1/values.csv,calc_pdf_p119,0,derived 'calc_pdf_p{pdf_page_number}' from pdf_page=119 per locator contract
P2IIB-REP-1957,domain_indexes/load_index.csv,LOAD-010,source_locator_derivation,calculation/chapter_03/section_3_1/values.csv,calc_pdf_p135,0,derived 'calc_pdf_p{pdf_page_number}' from pdf_page=135 per locator contract
P2IIB-REP-1958,domain_indexes/load_index.csv,LOAD-011,source_locator_derivation,calculation/chapter_03/section_3_1/values.csv,calc_pdf_p135,0,derived 'calc_pdf_p{pdf_page_number}' from pdf_page=135 per locator contract
P2IIB-REP-1959,domain_indexes/load_index.csv,LOAD-012,source_locator_derivation,calculation/chapter_03/section_3_1/values.csv,calc_pdf_p135,0,derived 'calc_pdf_p{pdf_page_number}' from pdf_page=135 per locator contract
P2IIB-REP-1960,domain_indexes/load_index.csv,LOAD-013,source_locator_derivation,calculation/chapter_01/values.csv,calc_pdf_p7,0,derived 'calc_pdf_p{pdf_page_number}' from pdf_page=7 per locator contract
P2IIB-REP-1961,domain_indexes/load_index.csv,LOAD-014,source_locator_derivation,calculation/chapter_02/values.csv,calc_pdf_p18,0,derived 'calc_pdf_p{pdf_page_number}' from pdf_page=18 per locator contract
P2IIB-REP-1962,domain_indexes/load_index.csv,LOAD-015,source_locator_derivation,calculation/chapter_02/values.csv,calc_pdf_p18,0,derived 'calc_pdf_p{pdf_page_number}' from pdf_page=18 per locator contract
P2IIB-REP-1963,domain_indexes/load_index.csv,LOAD-016,source_locator_derivation,calculation/chapter_02/values.csv,calc_pdf_p18,0,derived 'calc_pdf_p{pdf_page_number}' from pdf_page=18 per locator contract
P2IIB-REP-1964,domain_indexes/load_index.csv,LOAD-017,source_locator_derivation,calculation/chapter_01/values.csv,calc_pdf_p7,0,derived 'calc_pdf_p{pdf_page_number}' from pdf_page=7 per locator contract
P2IIB-REP-1965,domain_indexes/load_index.csv,LOAD-018,source_locator_derivation,calculation/chapter_03/section_3_3/values.csv,calc_pdf_p685,0,derived 'calc_pdf_p{pdf_page_number}' from pdf_page=685 per locator contract
P2IIB-REP-1966,domain_indexes/load_index.csv,LOAD-019,source_locator_derivation,calculation/chapter_03/section_3_3/values.csv,calc_pdf_p685,0,derived 'calc_pdf_p{pdf_page_number}' from pdf_page=685 per locator contract
P2IIB-REP-1967,domain_indexes/load_index.csv,LOAD-020,source_locator_derivation,calculation/chapter_03/section_3_3/values.csv,calc_pdf_p686,0,derived 'calc_pdf_p{pdf_page_number}' from pdf_page=686 per locator contract
P2IIB-REP-1968,domain_indexes/load_index.csv,LOAD-021,source_locator_derivation,calculation/chapter_03/section_3_3/values.csv,calc_pdf_p686,0,derived 'calc_pdf_p{pdf_page_number}' from pdf_page=686 per locator contract
P2IIB-REP-1969,domain_indexes/load_index.csv,LOAD-022,source_locator_derivation,calculation/chapter_03/section_3_4/values.csv,calc_pdf_p767,0,derived 'calc_pdf_p{pdf_page_number}' from pdf_page=767 per locator contract
P2IIB-REP-1970,domain_indexes/load_index.csv,LOAD-023,source_locator_derivation,calculation/chapter_03/section_3_4/values.csv,calc_pdf_p767,0,derived 'calc_pdf_p{pdf_page_number}' from pdf_page=767 per locator contract
P2IIB-REP-1971,domain_indexes/load_index.csv,LOAD-024,source_locator_derivation,calculation/chapter_03/section_3_4/values.csv,calc_pdf_p767,0,derived 'calc_pdf_p{pdf_page_number}' from pdf_page=767 per locator contract
P2IIB-REP-1972,domain_indexes/load_index.csv,LOAD-025,source_locator_derivation,calculation/chapter_03/section_3_4/values.csv,calc_pdf_p768,0,derived 'calc_pdf_p{pdf_page_number}' from pdf_page=768 per locator contract
P2IIB-REP-1973,domain_indexes/material_section_index.csv,MATSEC-001,source_locator_derivation,calculation/chapter_03/section_3_1/values.csv,calc_pdf_p149,0,derived 'calc_pdf_p{pdf_page_number}' from pdf_page=149 per locator contract
P2IIB-REP-1974,domain_indexes/material_section_index.csv,MATSEC-002,source_locator_derivation,calculation/chapter_03/section_3_1/values.csv,calc_pdf_p149,0,derived 'calc_pdf_p{pdf_page_number}' from pdf_page=149 per locator contract
P2IIB-REP-1975,domain_indexes/material_section_index.csv,MATSEC-003,source_locator_derivation,calculation/chapter_01/values.csv,calc_pdf_p7,0,derived 'calc_pdf_p{pdf_page_number}' from pdf_page=7 per locator contract
P2IIB-REP-1976,domain_indexes/material_section_index.csv,MATSEC-004,source_locator_derivation,calculation/chapter_01/values.csv,calc_pdf_p7,0,derived 'calc_pdf_p{pdf_page_number}' from pdf_page=7 per locator contract
P2IIB-REP-1977,domain_indexes/material_section_index.csv,MATSEC-005,source_locator_derivation,calculation/chapter_01/values.csv,calc_pdf_p7,0,derived 'calc_pdf_p{pdf_page_number}' from pdf_page=7 per locator contract
P2IIB-REP-1978,domain_indexes/material_section_index.csv,MATSEC-006,source_locator_derivation,calculation/chapter_01/values.csv,calc_pdf_p7,0,derived 'calc_pdf_p{pdf_page_number}' from pdf_page=7 per locator contract
P2IIB-REP-1979,domain_indexes/material_section_index.csv,MATSEC-007,source_locator_derivation,calculation/chapter_04/section_4_2/values.csv,calc_pdf_p1285,0,derived 'calc_pdf_p{pdf_page_number}' from pdf_page=1285 per locator contract
P2IIB-REP-1980,domain_indexes/material_section_index.csv,MATSEC-008,source_locator_derivation,calculation/chapter_04/section_4_2/values.csv,calc_pdf_p1285,0,derived 'calc_pdf_p{pdf_page_number}' from pdf_page=1285 per locator contract
P2IIB-REP-1981,domain_indexes/material_section_index.csv,MATSEC-009,source_locator_derivation,calculation/chapter_04/section_4_2/values.csv,calc_pdf_p1285,0,derived 'calc_pdf_p{pdf_page_number}' from pdf_page=1285 per locator contract
P2IIB-REP-1982,domain_indexes/material_section_index.csv,MATSEC-010,source_locator_derivation,calculation/chapter_02/values.csv,calc_pdf_p18,0,derived 'calc_pdf_p{pdf_page_number}' from pdf_page=18 per locator contract
P2IIB-REP-1983,domain_indexes/material_section_index.csv,MATSEC-011,source_locator_derivation,calculation/chapter_02/values.csv,calc_pdf_p18,0,derived 'calc_pdf_p{pdf_page_number}' from pdf_page=18 per locator contract
P2IIB-REP-1984,domain_indexes/material_section_index.csv,MATSEC-012,source_locator_derivation,calculation/chapter_02/values.csv,calc_pdf_p18,0,derived 'calc_pdf_p{pdf_page_number}' from pdf_page=18 per locator contract
P2IIB-REP-1985,domain_indexes/material_section_index.csv,MATSEC-013,source_locator_derivation,calculation/chapter_02/values.csv,calc_pdf_p18,0,derived 'calc_pdf_p{pdf_page_number}' from pdf_page=18 per locator contract
P2IIB-REP-1986,domain_indexes/material_section_index.csv,MATSEC-014,source_locator_derivation,calculation/chapter_02/values.csv,calc_pdf_p18,0,derived 'calc_pdf_p{pdf_page_number}' from pdf_page=18 per locator contract
P2IIB-REP-1987,domain_indexes/material_section_index.csv,MATSEC-015,source_locator_derivation,calculation/chapter_02/values.csv,calc_pdf_p18,0,derived 'calc_pdf_p{pdf_page_number}' from pdf_page=18 per locator contract
P2IIB-REP-1988,domain_indexes/material_section_index.csv,MATSEC-016,source_locator_derivation,calculation/chapter_02/values.csv,calc_pdf_p18,0,derived 'calc_pdf_p{pdf_page_number}' from pdf_page=18 per locator contract
P2IIB-REP-1989,domain_indexes/material_section_index.csv,MATSEC-017,source_locator_derivation,calculation/chapter_04/section_4_2/values.csv,calc_pdf_p1286,0,derived 'calc_pdf_p{pdf_page_number}' from pdf_page=1286 per locator contract
P2IIB-REP-1990,domain_indexes/material_section_index.csv,MATSEC-018,source_locator_derivation,calculation/chapter_04/section_4_2/values.csv,calc_pdf_p1286,0,derived 'calc_pdf_p{pdf_page_number}' from pdf_page=1286 per locator contract
P2IIB-REP-1991,domain_indexes/material_section_index.csv,MATSEC-019,source_locator_derivation,calculation/chapter_04/section_4_2/values.csv,calc_pdf_p1286,0,derived 'calc_pdf_p{pdf_page_number}' from pdf_page=1286 per locator contract
P2IIB-REP-1992,domain_indexes/material_section_index.csv,MATSEC-020,source_locator_derivation,calculation/chapter_04/section_4_2/values.csv,calc_pdf_p1286,0,derived 'calc_pdf_p{pdf_page_number}' from pdf_page=1286 per locator contract
P2IIB-REP-1993,domain_indexes/material_section_index.csv,MATSEC-021,source_locator_derivation,calculation/chapter_03/section_3_1/values.csv,calc_pdf_p121,0,derived 'calc_pdf_p{pdf_page_number}' from pdf_page=121 per locator contract
P2IIB-REP-1994,domain_indexes/material_section_index.csv,MATSEC-022,source_locator_derivation,calculation/chapter_03/section_3_1/values.csv,calc_pdf_p121,0,derived 'calc_pdf_p{pdf_page_number}' from pdf_page=121 per locator contract
P2IIB-REP-1995,domain_indexes/member_identifier_index.csv,MEMID-001,source_locator_derivation,drawings/sheets_001_044/members.csv,calc_pdf_p21,0,derived 'calc_pdf_p{pdf_page_number}' from pdf_page=21 per locator contract
P2IIB-REP-1996,domain_indexes/member_identifier_index.csv,MEMID-002,source_locator_derivation,drawings/sheets_001_044/members.csv,calc_pdf_p30,0,derived 'calc_pdf_p{pdf_page_number}' from pdf_page=30 per locator contract
P2IIB-REP-1997,domain_indexes/member_identifier_index.csv,MEMID-003,source_locator_derivation,drawings/sheets_001_044/members.csv,calc_pdf_p8,0,derived 'calc_pdf_p{pdf_page_number}' from pdf_page=8 per locator contract
P2IIB-REP-1998,domain_indexes/member_identifier_index.csv,MEMID-004,source_locator_derivation,drawings/sheets_001_044/members.csv,calc_pdf_p8,0,derived 'calc_pdf_p{pdf_page_number}' from pdf_page=8 per locator contract
P2IIB-REP-1999,domain_indexes/member_identifier_index.csv,MEMID-005,source_locator_derivation,drawings/sheets_001_044/members.csv,calc_pdf_p9,0,derived 'calc_pdf_p{pdf_page_number}' from pdf_page=9 per locator contract
P2IIB-REP-2000,domain_indexes/member_identifier_index.csv,MEMID-006,source_locator_derivation,drawings/sheets_001_044/members.csv,calc_pdf_p9,0,derived 'calc_pdf_p{pdf_page_number}' from pdf_page=9 per locator contract
P2IIB-REP-2001,domain_indexes/member_identifier_index.csv,MEMID-007,source_locator_derivation,drawings/sheets_001_044/members.csv,calc_pdf_p9,0,derived 'calc_pdf_p{pdf_page_number}' from pdf_page=9 per locator contract
P2IIB-REP-2002,domain_indexes/member_identifier_index.csv,MEMID-008,source_locator_derivation,drawings/sheets_001_044/members.csv,calc_pdf_p9,0,derived 'calc_pdf_p{pdf_page_number}' from pdf_page=9 per locator contract
P2IIB-REP-2003,domain_indexes/member_identifier_index.csv,MEMID-009,source_locator_derivation,drawings/sheets_001_044/members.csv,calc_pdf_p11,0,derived 'calc_pdf_p{pdf_page_number}' from pdf_page=11 per locator contract
P2IIB-REP-2004,domain_indexes/member_identifier_index.csv,MEMID-010,source_locator_derivation,drawings/sheets_001_044/members.csv,calc_pdf_p11,0,derived 'calc_pdf_p{pdf_page_number}' from pdf_page=11 per locator contract
P2IIB-REP-2005,domain_indexes/member_identifier_index.csv,MEMID-011,source_locator_derivation,drawings/sheets_001_044/members.csv,calc_pdf_p11,0,derived 'calc_pdf_p{pdf_page_number}' from pdf_page=11 per locator contract
P2IIB-REP-2006,domain_indexes/member_identifier_index.csv,MEMID-012,source_locator_derivation,drawings/sheets_001_044/members.csv,calc_pdf_p11,0,derived 'calc_pdf_p{pdf_page_number}' from pdf_page=11 per locator contract
P2IIB-REP-2007,domain_indexes/member_identifier_index.csv,MEMID-013,source_locator_derivation,drawings/sheets_001_044/members.csv,calc_pdf_p11,0,derived 'calc_pdf_p{pdf_page_number}' from pdf_page=11 per locator contract
P2IIB-REP-2008,domain_indexes/member_identifier_index.csv,MEMID-014,source_locator_derivation,drawings/sheets_001_044/members.csv,calc_pdf_p11,0,derived 'calc_pdf_p{pdf_page_number}' from pdf_page=11 per locator contract
P2IIB-REP-2009,domain_indexes/member_identifier_index.csv,MEMID-015,source_locator_derivation,drawings/sheets_001_044/members.csv,calc_pdf_p39,0,derived 'calc_pdf_p{pdf_page_number}' from pdf_page=39 per locator contract
P2IIB-REP-2010,domain_indexes/member_identifier_index.csv,MEMID-016,source_locator_derivation,drawings/sheets_001_044/members.csv,calc_pdf_p17,0,derived 'calc_pdf_p{pdf_page_number}' from pdf_page=17 per locator contract
P2IIB-REP-2011,domain_indexes/member_identifier_index.csv,MEMID-017,source_locator_derivation,drawings/sheets_001_044/members.csv,calc_pdf_p21,0,derived 'calc_pdf_p{pdf_page_number}' from pdf_page=21 per locator contract
P2IIB-REP-2012,domain_indexes/member_identifier_index.csv,MEMID-018,source_locator_derivation,drawings/sheets_001_044/members.csv,calc_pdf_p19,0,derived 'calc_pdf_p{pdf_page_number}' from pdf_page=19 per locator contract
P2IIB-REP-2013,domain_indexes/member_identifier_index.csv,MEMID-019,source_locator_derivation,drawings/sheets_001_044/members.csv,calc_pdf_p9,0,derived 'calc_pdf_p{pdf_page_number}' from pdf_page=9 per locator contract
P2IIB-REP-2014,domain_indexes/member_identifier_index.csv,MEMID-020,source_locator_derivation,drawings/sheets_001_044/members.csv,calc_pdf_p12,0,derived 'calc_pdf_p{pdf_page_number}' from pdf_page=12 per locator contract
P2IIB-REP-2015,domain_indexes/structural_model_index.csv,STRMOD-001,source_locator_derivation,calculation/chapter_03/section_3_1/values.csv,calc_pdf_p117,0,derived 'calc_pdf_p{pdf_page_number}' from pdf_page=117 per locator contract
P2IIB-REP-2016,domain_indexes/structural_model_index.csv,STRMOD-002,source_locator_derivation,calculation/chapter_03/section_3_1/values.csv,calc_pdf_p117,0,derived 'calc_pdf_p{pdf_page_number}' from pdf_page=117 per locator contract
P2IIB-REP-2017,domain_indexes/structural_model_index.csv,STRMOD-003,source_locator_derivation,calculation/chapter_03/section_3_1/figures.csv,calc_pdf_p142,0,derived 'calc_pdf_p{pdf_page_number}' from pdf_page=142 per locator contract
P2IIB-REP-2018,domain_indexes/structural_model_index.csv,STRMOD-004,source_locator_derivation,calculation/chapter_03/section_3_1/page_elements.csv,calc_pdf_p141,0,derived 'calc_pdf_p{pdf_page_number}' from pdf_page=141 per locator contract
P2IIB-REP-2019,domain_indexes/structural_model_index.csv,STRMOD-005,source_locator_derivation,calculation/chapter_03/section_3_1/page_elements.csv,calc_pdf_p141,0,derived 'calc_pdf_p{pdf_page_number}' from pdf_page=141 per locator contract
P2IIB-REP-2020,domain_indexes/structural_model_index.csv,STRMOD-006,source_locator_derivation,calculation/chapter_03/section_3_1/values.csv,calc_pdf_p149,0,derived 'calc_pdf_p{pdf_page_number}' from pdf_page=149 per locator contract
P2IIB-REP-2021,domain_indexes/structural_model_index.csv,STRMOD-007,source_locator_derivation,calculation/chapter_03/section_3_1/values.csv,calc_pdf_p149,0,derived 'calc_pdf_p{pdf_page_number}' from pdf_page=149 per locator contract
P2IIB-REP-2022,domain_indexes/structural_model_index.csv,STRMOD-008,source_locator_derivation,calculation/chapter_03/section_3_1/values.csv,calc_pdf_p149,0,derived 'calc_pdf_p{pdf_page_number}' from pdf_page=149 per locator contract
P2IIB-REP-2023,domain_indexes/structural_model_index.csv,STRMOD-009,source_locator_derivation,calculation/chapter_03/section_3_1/notes.csv,calc_pdf_p145,0,derived 'calc_pdf_p{pdf_page_number}' from pdf_page=145 per locator contract
P2IIB-REP-2024,domain_indexes/structural_model_index.csv,STRMOD-010,source_locator_derivation,calculation/chapter_04/section_4_1/values.csv,calc_pdf_p873,0,derived 'calc_pdf_p{pdf_page_number}' from pdf_page=873 per locator contract
P2IIB-REP-2025,domain_indexes/structural_model_index.csv,STRMOD-011,source_locator_derivation,drawings/sheets_001_044/members.csv,calc_pdf_p21,0,derived 'calc_pdf_p{pdf_page_number}' from pdf_page=21 per locator contract
P2IIB-REP-2026,domain_indexes/structural_model_index.csv,STRMOD-012,source_locator_derivation,drawings/sheets_001_044/members.csv,calc_pdf_p30,0,derived 'calc_pdf_p{pdf_page_number}' from pdf_page=30 per locator contract
P2IIB-REP-2027,domain_indexes/structural_model_index.csv,STRMOD-013,source_locator_derivation,drawings/sheets_001_044/members.csv,calc_pdf_p8,0,derived 'calc_pdf_p{pdf_page_number}' from pdf_page=8 per locator contract
P2IIB-REP-2028,domain_indexes/structural_model_index.csv,STRMOD-014,source_locator_derivation,drawings/sheets_001_044/members.csv,calc_pdf_p8,0,derived 'calc_pdf_p{pdf_page_number}' from pdf_page=8 per locator contract
P2IIB-REP-2029,domain_indexes/structural_model_index.csv,STRMOD-015,source_locator_derivation,drawings/sheets_001_044/members.csv,calc_pdf_p11,0,derived 'calc_pdf_p{pdf_page_number}' from pdf_page=11 per locator contract
P2IIB-REP-2030,domain_indexes/structural_model_index.csv,STRMOD-016,source_locator_derivation,drawings/sheets_001_044/members.csv,calc_pdf_p11,0,derived 'calc_pdf_p{pdf_page_number}' from pdf_page=11 per locator contract
P2IIB-REP-2031,domain_indexes/structural_model_index.csv,STRMOD-017,source_locator_derivation,drawings/sheets_001_044/members.csv,calc_pdf_p11,0,derived 'calc_pdf_p{pdf_page_number}' from pdf_page=11 per locator contract
