crosswalk_id,feature_id,traceability_id,handoff_id,external_requirement_id,external_research_id,stage5c_requirement_id,validation_rule_id,backlog_id,phase_class,topic,apollo_manual_id,apollo_pdf_page,external_source_document_id,external_source_page,evidence_image_path,stage5a_class,external_result_status,acceptance_status,ready_status,design_freeze_status,historical_or_target,source_edition,conflict_status,return_reason,open_reason,jis_gap_reason,unknown_reason,grok_review_status,notes
XWL-HOFF-H5A-0001,F4-P1-007,T5A-0007|T5A-0008,H5A-0001,REQ-5C-0001,R5B-PKG003-0001,REQ-5C-0001,UNMATCHED_VALIDATION_RULE,,Phase1_required,unit_system:単位系選択,MAN-021,27,DOC-RBS-I,386,stage5b/evidence/DOC-RBS-I_pdfp0386_300dpi-R5B-PKG003-0002c-386.png,MANUAL_DEFINED|STANDARD_TRACEABILITY_REQUIRED,LOCATED,READY_ACCEPTED,READY,READY_SUBSET_OK,HISTORICAL_BASELINE_UNKNOWN_EDITION;TARGET_STANDARD_NOT_SELECTED,令和7年10月版 Ver.2.00（表紙・奥付確認済み・Target未選定）,NONE,,,,,REVIEWED,UNMATCHED_research_result_stage5c_requirement | Do not copy APOLLO OCR full text
XWL-HOFF-H5A-0003,F4-P1-008,T5A-0009|T5A-0010,H5A-0003,,UNMATCHED_RESEARCH,,UNMATCHED_VALIDATION_RULE,BL-APOLLO-H5A-0003,Phase1_required,unit_system:単位系自動変換なし,MAN-021,27,,,,MANUAL_DEFINED|STANDARD_TRACEABILITY_REQUIRED,,APOLLO_RETURN_ACCEPTED,,NOT_EXTERNAL_BLOCK,HISTORICAL_BASELINE_UNKNOWN_EDITION; TARGET_STANDARD_NOT_SELECTED,,NONE,RETURN_TO_APOLLO,,,,REVIEWED,UNMATCHED_research_result_stage5c_requirement | Do not copy APOLLO OCR full text
XWL-HOFF-H5A-0004,F4-P1-008,T5A-0009|T5A-0010,H5A-0004,,UNMATCHED_RESEARCH,,UNMATCHED_VALIDATION_RULE,,Phase1_required,unit_system:単位系自動変換なし,MAN-021,27,,,,MANUAL_DEFINED|STANDARD_TRACEABILITY_REQUIRED,,UNMATCHED_APOLLO,,UNKNOWN,HISTORICAL_BASELINE_UNKNOWN_EDITION; TARGET_STANDARD_NOT_SELECTED,,NONE,,,,,REVIEWED,UNMATCHED_research_result_stage5c_requirement | Do not copy APOLLO OCR full text; handoff without package primary req (expected many-to-subset)
XWL-HOFF-H5A-0005,F4-P1-009,T5A-0011|T5A-0012,H5A-0005,,UNMATCHED_RESEARCH,,UNMATCHED_VALIDATION_RULE,BL-APOLLO-H5A-0005,Phase1_required,unit_system:ハンチ単位伝播,MAN-021,27,,,,MANUAL_DEFINED|STANDARD_TRACEABILITY_REQUIRED,,APOLLO_RETURN_ACCEPTED,,NOT_EXTERNAL_BLOCK,HISTORICAL_BASELINE_UNKNOWN_EDITION; TARGET_STANDARD_NOT_SELECTED,,NONE,RETURN_TO_APOLLO,,,,REVIEWED,UNMATCHED_research_result_stage5c_requirement | Do not copy APOLLO OCR full text
XWL-HOFF-H5A-0006,F4-P1-009,T5A-0011|T5A-0012,H5A-0006,,UNMATCHED_RESEARCH,,UNMATCHED_VALIDATION_RULE,,Phase1_required,unit_system:ハンチ単位伝播,MAN-021,27,,,,MANUAL_DEFINED|STANDARD_TRACEABILITY_REQUIRED,,UNMATCHED_APOLLO,,UNKNOWN,HISTORICAL_BASELINE_UNKNOWN_EDITION; TARGET_STANDARD_NOT_SELECTED,,NONE,,,,,REVIEWED,UNMATCHED_research_result_stage5c_requirement | Do not copy APOLLO OCR full text; handoff without package primary req (expected many-to-subset)
XWL-HOFF-H5A-0007,F4-P1-010,T5A-0013|T5A-0014,H5A-0007,,UNMATCHED_RESEARCH,,UNMATCHED_VALIDATION_RULE,BL-APOLLO-H5A-0007,Phase1_optional,unit_system:単体プログラム単位設定,MAN-021,27,,,,MANUAL_DEFINED|STANDARD_TRACEABILITY_REQUIRED,,APOLLO_RETURN_ACCEPTED,,NOT_EXTERNAL_BLOCK,HISTORICAL_BASELINE_UNKNOWN_EDITION; TARGET_STANDARD_NOT_SELECTED,,NONE,RETURN_TO_APOLLO,,,,REVIEWED,UNMATCHED_research_result_stage5c_requirement | Do not copy APOLLO OCR full text
XWL-HOFF-H5A-0008,F4-P1-010,T5A-0013|T5A-0014,H5A-0008,,UNMATCHED_RESEARCH,,UNMATCHED_VALIDATION_RULE,,Phase1_optional,unit_system:単体プログラム単位設定,MAN-021,27,,,,MANUAL_DEFINED|STANDARD_TRACEABILITY_REQUIRED,,UNMATCHED_APOLLO,,UNKNOWN,HISTORICAL_BASELINE_UNKNOWN_EDITION; TARGET_STANDARD_NOT_SELECTED,,NONE,,,,,REVIEWED,UNMATCHED_research_result_stage5c_requirement | Do not copy APOLLO OCR full text; handoff without package primary req (expected many-to-subset)
XWL-HOFF-H5A-0009,F4-P1-011,T5A-0015|T5A-0016,H5A-0009,,UNMATCHED_RESEARCH,,UNMATCHED_VALIDATION_RULE,BL-APOLLO-H5A-0009,Phase1_optional,unit_system:デフォルト単位ルト単位値,MAN-021,27,,,,MANUAL_DEFINED|STANDARD_TRACEABILITY_REQUIRED,,APOLLO_RETURN_ACCEPTED,,NOT_EXTERNAL_BLOCK,HISTORICAL_BASELINE_UNKNOWN_EDITION; TARGET_STANDARD_NOT_SELECTED,,NONE,RETURN_TO_APOLLO,,,,REVIEWED,UNMATCHED_research_result_stage5c_requirement | Do not copy APOLLO OCR full text
XWL-HOFF-H5A-0010,F4-P1-011,T5A-0015|T5A-0016,H5A-0010,,UNMATCHED_RESEARCH,,UNMATCHED_VALIDATION_RULE,,Phase1_optional,unit_system:デフォルト単位ルト単位値,MAN-021,27,,,,MANUAL_DEFINED|STANDARD_TRACEABILITY_REQUIRED,,UNMATCHED_APOLLO,,UNKNOWN,HISTORICAL_BASELINE_UNKNOWN_EDITION; TARGET_STANDARD_NOT_SELECTED,,NONE,,,,,REVIEWED,UNMATCHED_research_result_stage5c_requirement | Do not copy APOLLO OCR full text; handoff without package primary req (expected many-to-subset)
XWL-HOFF-H5A-0011,F4-P1-012,T5A-0017|T5A-0018,H5A-0011,,UNMATCHED_RESEARCH,,UNMATCHED_VALIDATION_RULE,BL-APOLLO-H5A-0011,Phase1_required,bridge_basic_conditions:適用規模_主桁本数,MAN-021,22,,,,PROJECT_DECISION|SOFTWARE_SPECIFIC,,APOLLO_RETURN_ACCEPTED,,NOT_EXTERNAL_BLOCK,HISTORICAL_BASELINE_UNKNOWN_EDITION; TARGET_STANDARD_NOT_SELECTED,,NONE,RETURN_TO_APOLLO,,,,REVIEWED,UNMATCHED_research_result_stage5c_requirement | Do not copy APOLLO OCR full text
XWL-HOFF-H5A-0012,F4-P1-012,T5A-0017|T5A-0018,H5A-0012,,UNMATCHED_RESEARCH,,UNMATCHED_VALIDATION_RULE,BL-APOLLO-H5A-0012,Phase1_required,bridge_basic_conditions:適用規模_主桁本数,MAN-021,22,,,,PROJECT_DECISION|SOFTWARE_SPECIFIC,,APOLLO_RETURN_ACCEPTED,,NOT_EXTERNAL_BLOCK,HISTORICAL_BASELINE_UNKNOWN_EDITION; TARGET_STANDARD_NOT_SELECTED,,NONE,RETURN_TO_APOLLO,,,,REVIEWED,UNMATCHED_research_result_stage5c_requirement | Do not copy APOLLO OCR full text
XWL-HOFF-H5A-0013,F4-P1-013,T5A-0019|T5A-0020,H5A-0013,,UNMATCHED_RESEARCH,,UNMATCHED_VALIDATION_RULE,BL-APOLLO-H5A-0013,Phase1_required,bridge_basic_conditions:適用規模_主桁本数_鋼床版,MAN-021,22,,,,PROJECT_DECISION|SOFTWARE_SPECIFIC,,APOLLO_RETURN_ACCEPTED,,NOT_EXTERNAL_BLOCK,HISTORICAL_BASELINE_UNKNOWN_EDITION; TARGET_STANDARD_NOT_SELECTED,,NONE,RETURN_TO_APOLLO,,,,REVIEWED,UNMATCHED_research_result_stage5c_requirement | Do not copy APOLLO OCR full text
XWL-HOFF-H5A-0014,F4-P1-013,T5A-0019|T5A-0020,H5A-0014,,UNMATCHED_RESEARCH,,UNMATCHED_VALIDATION_RULE,BL-APOLLO-H5A-0014,Phase1_required,bridge_basic_conditions:適用規模_主桁本数_鋼床版,MAN-021,22,,,,PROJECT_DECISION|SOFTWARE_SPECIFIC,,APOLLO_RETURN_ACCEPTED,,NOT_EXTERNAL_BLOCK,HISTORICAL_BASELINE_UNKNOWN_EDITION; TARGET_STANDARD_NOT_SELECTED,,NONE,RETURN_TO_APOLLO,,,,REVIEWED,UNMATCHED_research_result_stage5c_requirement | Do not copy APOLLO OCR full text
XWL-HOFF-H5A-0015,F4-P1-014,T5A-0021|T5A-0022,H5A-0015,,UNMATCHED_RESEARCH,,UNMATCHED_VALIDATION_RULE,BL-APOLLO-H5A-0015,Phase1_required,bridge_basic_conditions:適用規模_横断線数,MAN-021,22,,,,PROJECT_DECISION|SOFTWARE_SPECIFIC,,APOLLO_RETURN_ACCEPTED,,NOT_EXTERNAL_BLOCK,HISTORICAL_BASELINE_UNKNOWN_EDITION; TARGET_STANDARD_NOT_SELECTED,,NONE,RETURN_TO_APOLLO,,,,REVIEWED,UNMATCHED_research_result_stage5c_requirement | Do not copy APOLLO OCR full text
XWL-HOFF-H5A-0016,F4-P1-014,T5A-0021|T5A-0022,H5A-0016,,UNMATCHED_RESEARCH,,UNMATCHED_VALIDATION_RULE,BL-APOLLO-H5A-0016,Phase1_required,bridge_basic_conditions:適用規模_横断線数,MAN-021,22,,,,PROJECT_DECISION|SOFTWARE_SPECIFIC,,APOLLO_RETURN_ACCEPTED,,NOT_EXTERNAL_BLOCK,HISTORICAL_BASELINE_UNKNOWN_EDITION; TARGET_STANDARD_NOT_SELECTED,,NONE,RETURN_TO_APOLLO,,,,REVIEWED,UNMATCHED_research_result_stage5c_requirement | Do not copy APOLLO OCR full text
XWL-HOFF-H5A-0017,F4-P1-015,T5A-0023|T5A-0024,H5A-0017,,UNMATCHED_RESEARCH,,UNMATCHED_VALIDATION_RULE,BL-APOLLO-H5A-0017,Phase1_optional,bridge_basic_conditions:適用規模_格点数_RC鈑桁,MAN-021,22,,,,PROJECT_DECISION|SOFTWARE_SPECIFIC,,APOLLO_RETURN_ACCEPTED,,NOT_EXTERNAL_BLOCK,HISTORICAL_BASELINE_UNKNOWN_EDITION; TARGET_STANDARD_NOT_SELECTED,,NONE,RETURN_TO_APOLLO,,,,REVIEWED,UNMATCHED_research_result_stage5c_requirement | Do not copy APOLLO OCR full text
XWL-HOFF-H5A-0018,F4-P1-015,T5A-0023|T5A-0024,H5A-0018,,UNMATCHED_RESEARCH,,UNMATCHED_VALIDATION_RULE,BL-APOLLO-H5A-0018,Phase1_optional,bridge_basic_conditions:適用規模_格点数_RC鈑桁,MAN-021,22,,,,PROJECT_DECISION|SOFTWARE_SPECIFIC,,APOLLO_RETURN_ACCEPTED,,NOT_EXTERNAL_BLOCK,HISTORICAL_BASELINE_UNKNOWN_EDITION; TARGET_STANDARD_NOT_SELECTED,,NONE,RETURN_TO_APOLLO,,,,REVIEWED,UNMATCHED_research_result_stage5c_requirement | Do not copy APOLLO OCR full text
XWL-HOFF-H5A-0019,F4-P1-020,T5A-0029|T5A-0030,H5A-0019,,UNMATCHED_RESEARCH,,UNMATCHED_VALIDATION_RULE,BL-APOLLO-H5A-0019,Phase1_optional,bridge_basic_conditions:単位系ヘルプ記載,MAN-021,27,,,,PROJECT_DECISION|SOFTWARE_SPECIFIC,,APOLLO_RETURN_ACCEPTED,,NOT_EXTERNAL_BLOCK,HISTORICAL_BASELINE_UNKNOWN_EDITION; TARGET_STANDARD_NOT_SELECTED,,NONE,RETURN_TO_APOLLO,,,,REVIEWED,UNMATCHED_research_result_stage5c_requirement | Do not copy APOLLO OCR full text
XWL-HOFF-H5A-0020,F4-P1-020,T5A-0029|T5A-0030,H5A-0020,,UNMATCHED_RESEARCH,,UNMATCHED_VALIDATION_RULE,BL-APOLLO-H5A-0020,Phase1_optional,bridge_basic_conditions:単位系ヘルプ記載,MAN-021,27,,,,PROJECT_DECISION|SOFTWARE_SPECIFIC,,APOLLO_RETURN_ACCEPTED,,NOT_EXTERNAL_BLOCK,HISTORICAL_BASELINE_UNKNOWN_EDITION; TARGET_STANDARD_NOT_SELECTED,,NONE,RETURN_TO_APOLLO,,,,REVIEWED,UNMATCHED_research_result_stage5c_requirement | Do not copy APOLLO OCR full text
XWL-HOFF-H5A-0021,F4-P1-044,T5A-0054|T5A-0055,H5A-0021,,UNMATCHED_RESEARCH,,UNMATCHED_VALIDATION_RULE,BL-APOLLO-H5A-0021,Phase1_required,bridge_basic_conditions:適用規模_主桁本数,MAN-003,22,,,,PROJECT_DECISION|SOFTWARE_SPECIFIC,,APOLLO_RETURN_ACCEPTED,,NOT_EXTERNAL_BLOCK,HISTORICAL_BASELINE_UNKNOWN_EDITION; TARGET_STANDARD_NOT_SELECTED,,NONE,RETURN_TO_APOLLO,,,,REVIEWED,UNMATCHED_research_result_stage5c_requirement | Do not copy APOLLO OCR full text
XWL-HOFF-H5A-0022,F4-P1-044,T5A-0054|T5A-0055,H5A-0022,,UNMATCHED_RESEARCH,,UNMATCHED_VALIDATION_RULE,BL-APOLLO-H5A-0022,Phase1_required,bridge_basic_conditions:適用規模_主桁本数,MAN-003,22,,,,PROJECT_DECISION|SOFTWARE_SPECIFIC,,APOLLO_RETURN_ACCEPTED,,NOT_EXTERNAL_BLOCK,HISTORICAL_BASELINE_UNKNOWN_EDITION; TARGET_STANDARD_NOT_SELECTED,,NONE,RETURN_TO_APOLLO,,,,REVIEWED,UNMATCHED_research_result_stage5c_requirement | Do not copy APOLLO OCR full text
XWL-HOFF-H5A-0023,F4-P1-045,T5A-0056|T5A-0057,H5A-0023,,UNMATCHED_RESEARCH,,UNMATCHED_VALIDATION_RULE,BL-APOLLO-H5A-0023,Phase1_required,bridge_basic_conditions:適用規模_横断線数,MAN-003,22,,,,PROJECT_DECISION|SOFTWARE_SPECIFIC,,APOLLO_RETURN_ACCEPTED,,NOT_EXTERNAL_BLOCK,HISTORICAL_BASELINE_UNKNOWN_EDITION; TARGET_STANDARD_NOT_SELECTED,,NONE,RETURN_TO_APOLLO,,,,REVIEWED,UNMATCHED_research_result_stage5c_requirement | Do not copy APOLLO OCR full text
XWL-HOFF-H5A-0024,F4-P1-045,T5A-0056|T5A-0057,H5A-0024,,UNMATCHED_RESEARCH,,UNMATCHED_VALIDATION_RULE,BL-APOLLO-H5A-0024,Phase1_required,bridge_basic_conditions:適用規模_横断線数,MAN-003,22,,,,PROJECT_DECISION|SOFTWARE_SPECIFIC,,APOLLO_RETURN_ACCEPTED,,NOT_EXTERNAL_BLOCK,HISTORICAL_BASELINE_UNKNOWN_EDITION; TARGET_STANDARD_NOT_SELECTED,,NONE,RETURN_TO_APOLLO,,,,REVIEWED,UNMATCHED_research_result_stage5c_requirement | Do not copy APOLLO OCR full text
XWL-HOFF-H5A-0025,F4-P1-047,T5A-0059|T5A-0060,H5A-0025,,UNMATCHED_RESEARCH,,UNMATCHED_VALIDATION_RULE,BL-APOLLO-H5A-0025,Phase1_required,bearing:支承条件データ,MAN-005,12,,,,PROJECT_DECISION|STANDARD_TRACEABILITY_REQUIRED,,APOLLO_RETURN_ACCEPTED,,NOT_EXTERNAL_BLOCK,HISTORICAL_BASELINE_UNKNOWN_EDITION; TARGET_STANDARD_NOT_SELECTED,,NONE,RETURN_TO_APOLLO,,,,REVIEWED,UNMATCHED_research_result_stage5c_requirement | Do not copy APOLLO OCR full text
XWL-HOFF-H5A-0026,F4-P1-048,T5A-0061|T5A-0062,H5A-0026,,UNMATCHED_RESEARCH,,UNMATCHED_VALIDATION_RULE,BL-APOLLO-H5A-0026,Phase1_required,bearing:支承条件データ,MAN-005,20,,,,PROJECT_DECISION|STANDARD_TRACEABILITY_REQUIRED,,APOLLO_RETURN_ACCEPTED,,NOT_EXTERNAL_BLOCK,HISTORICAL_BASELINE_UNKNOWN_EDITION; TARGET_STANDARD_NOT_SELECTED,,NONE,RETURN_TO_APOLLO,,,,REVIEWED,UNMATCHED_research_result_stage5c_requirement | Do not copy APOLLO OCR full text
XWL-HOFF-H5A-0027,F4-P1-049,T5A-0063|T5A-0064,H5A-0027,,UNMATCHED_RESEARCH,,UNMATCHED_VALIDATION_RULE,BL-APOLLO-H5A-0027,Phase1_required,bearing:支承線作成,MAN-003,13,,,,PROJECT_DECISION|STANDARD_TRACEABILITY_REQUIRED,,APOLLO_RETURN_ACCEPTED,,NOT_EXTERNAL_BLOCK,HISTORICAL_BASELINE_UNKNOWN_EDITION; TARGET_STANDARD_NOT_SELECTED,,NONE,RETURN_TO_APOLLO,,,,REVIEWED,UNMATCHED_research_result_stage5c_requirement | Do not copy APOLLO OCR full text
XWL-HOFF-H5A-0028,F4-P1-050,T5A-0065|T5A-0066,H5A-0028,,UNMATCHED_RESEARCH,,UNMATCHED_VALIDATION_RULE,BL-APOLLO-H5A-0028,Phase1_required,bearing:支承線作成,MAN-003,13,,,,PROJECT_DECISION|STANDARD_TRACEABILITY_REQUIRED,,APOLLO_RETURN_ACCEPTED,,NOT_EXTERNAL_BLOCK,HISTORICAL_BASELINE_UNKNOWN_EDITION; TARGET_STANDARD_NOT_SELECTED,,NONE,RETURN_TO_APOLLO,,,,REVIEWED,UNMATCHED_research_result_stage5c_requirement | Do not copy APOLLO OCR full text
XWL-HOFF-H5A-0031,F4-P1-052,T5A-0069|T5A-0070,H5A-0031,,UNMATCHED_RESEARCH,,UNMATCHED_VALIDATION_RULE,,Phase1_required,standard_section:使用材料データ,MAN-005,7,,,,DESIGN_PRACTICE_TRACEABILITY_REQUIRED|STANDARD_TRACEABILITY_REQUIRED,,UNMATCHED_APOLLO,,UNKNOWN,HISTORICAL_BASELINE_UNKNOWN_EDITION; TARGET_STANDARD_NOT_SELECTED,,NONE,,,,,REVIEWED,UNMATCHED_research_result_stage5c_requirement | Do not copy APOLLO OCR full text; handoff without package primary req (expected many-to-subset)
XWL-HOFF-H5A-0032,F4-P1-052,T5A-0069|T5A-0070,H5A-0032,,UNMATCHED_RESEARCH,,UNMATCHED_VALIDATION_RULE,,Phase1_required,standard_section:使用材料データ,MAN-005,7,,,,DESIGN_PRACTICE_TRACEABILITY_REQUIRED|STANDARD_TRACEABILITY_REQUIRED,,UNMATCHED_APOLLO,,UNKNOWN,HISTORICAL_BASELINE_UNKNOWN_EDITION; TARGET_STANDARD_NOT_SELECTED,,NONE,,,,,REVIEWED,UNMATCHED_research_result_stage5c_requirement | Do not copy APOLLO OCR full text; handoff without package primary req (expected many-to-subset)
XWL-HOFF-H5A-0033,F4-P1-053,T5A-0071|T5A-0072,H5A-0033,,UNMATCHED_RESEARCH,,UNMATCHED_VALIDATION_RULE,,Phase1_required,standard_section:許容応力度データ,MAN-005,8,,,,DESIGN_PRACTICE_TRACEABILITY_REQUIRED|STANDARD_TRACEABILITY_REQUIRED,,UNMATCHED_APOLLO,,UNKNOWN,HISTORICAL_BASELINE_UNKNOWN_EDITION; TARGET_STANDARD_NOT_SELECTED,,NONE,,,,,REVIEWED,UNMATCHED_research_result_stage5c_requirement | Do not copy APOLLO OCR full text; handoff without package primary req (expected many-to-subset)
XWL-HOFF-H5A-0034,F4-P1-053,T5A-0071|T5A-0072,H5A-0034,,UNMATCHED_RESEARCH,,UNMATCHED_VALIDATION_RULE,,Phase1_required,standard_section:許容応力度データ,MAN-005,8,,,,DESIGN_PRACTICE_TRACEABILITY_REQUIRED|STANDARD_TRACEABILITY_REQUIRED,,UNMATCHED_APOLLO,,UNKNOWN,HISTORICAL_BASELINE_UNKNOWN_EDITION; TARGET_STANDARD_NOT_SELECTED,,NONE,,,,,REVIEWED,UNMATCHED_research_result_stage5c_requirement | Do not copy APOLLO OCR full text; handoff without package primary req (expected many-to-subset)
XWL-HOFF-H5A-0035,F4-P1-054,T5A-0073|T5A-0074,H5A-0035,,UNMATCHED_RESEARCH,,UNMATCHED_VALIDATION_RULE,,Phase1_optional,standard_section:主桁全体データ,MAN-005,22,,,,DESIGN_PRACTICE_TRACEABILITY_REQUIRED|STANDARD_TRACEABILITY_REQUIRED,,UNMATCHED_APOLLO,,UNKNOWN,HISTORICAL_BASELINE_UNKNOWN_EDITION; TARGET_STANDARD_NOT_SELECTED,,NONE,,,,,REVIEWED,UNMATCHED_research_result_stage5c_requirement | Do not copy APOLLO OCR full text; handoff without package primary req (expected many-to-subset)
XWL-HOFF-H5A-0036,F4-P1-054,T5A-0073|T5A-0074,H5A-0036,,UNMATCHED_RESEARCH,,UNMATCHED_VALIDATION_RULE,,Phase1_optional,standard_section:主桁全体データ,MAN-005,22,,,,DESIGN_PRACTICE_TRACEABILITY_REQUIRED|STANDARD_TRACEABILITY_REQUIRED,,UNMATCHED_APOLLO,,UNKNOWN,HISTORICAL_BASELINE_UNKNOWN_EDITION; TARGET_STANDARD_NOT_SELECTED,,NONE,,,,,REVIEWED,UNMATCHED_research_result_stage5c_requirement | Do not copy APOLLO OCR full text; handoff without package primary req (expected many-to-subset)
XWL-HOFF-H5A-0037,F4-P1-055,T5A-0075|T5A-0076,H5A-0037,,UNMATCHED_RESEARCH,,UNMATCHED_VALIDATION_RULE,,Phase1_required,standard_section:主桁桁高データ,MAN-005,23,,,,DESIGN_PRACTICE_TRACEABILITY_REQUIRED|STANDARD_TRACEABILITY_REQUIRED,,UNMATCHED_APOLLO,,UNKNOWN,HISTORICAL_BASELINE_UNKNOWN_EDITION; TARGET_STANDARD_NOT_SELECTED,,NONE,,,,,REVIEWED,UNMATCHED_research_result_stage5c_requirement | Do not copy APOLLO OCR full text; handoff without package primary req (expected many-to-subset)
XWL-HOFF-H5A-0038,F4-P1-055,T5A-0075|T5A-0076,H5A-0038,,UNMATCHED_RESEARCH,,UNMATCHED_VALIDATION_RULE,,Phase1_required,standard_section:主桁桁高データ,MAN-005,23,,,,DESIGN_PRACTICE_TRACEABILITY_REQUIRED|STANDARD_TRACEABILITY_REQUIRED,,UNMATCHED_APOLLO,,UNKNOWN,HISTORICAL_BASELINE_UNKNOWN_EDITION; TARGET_STANDARD_NOT_SELECTED,,NONE,,,,,REVIEWED,UNMATCHED_research_result_stage5c_requirement | Do not copy APOLLO OCR full text; handoff without package primary req (expected many-to-subset)
XWL-HOFF-H5A-0039,F4-P1-056,T5A-0077|T5A-0078,H5A-0039,,UNMATCHED_RESEARCH,,UNMATCHED_VALIDATION_RULE,,Phase1_required,standard_section:主桁桁高データ,MAN-005,23,,,,DESIGN_PRACTICE_TRACEABILITY_REQUIRED|STANDARD_TRACEABILITY_REQUIRED,,UNMATCHED_APOLLO,,UNKNOWN,HISTORICAL_BASELINE_UNKNOWN_EDITION; TARGET_STANDARD_NOT_SELECTED,,NONE,,,,,REVIEWED,UNMATCHED_research_result_stage5c_requirement | Do not copy APOLLO OCR full text; handoff without package primary req (expected many-to-subset)
XWL-HOFF-H5A-0040,F4-P1-056,T5A-0077|T5A-0078,H5A-0040,,UNMATCHED_RESEARCH,,UNMATCHED_VALIDATION_RULE,,Phase1_required,standard_section:主桁桁高データ,MAN-005,23,,,,DESIGN_PRACTICE_TRACEABILITY_REQUIRED|STANDARD_TRACEABILITY_REQUIRED,,UNMATCHED_APOLLO,,UNKNOWN,HISTORICAL_BASELINE_UNKNOWN_EDITION; TARGET_STANDARD_NOT_SELECTED,,NONE,,,,,REVIEWED,UNMATCHED_research_result_stage5c_requirement | Do not copy APOLLO OCR full text; handoff without package primary req (expected many-to-subset)
XWL-HOFF-H5A-0041,F4-P1-057,T5A-0079|T5A-0080,H5A-0041,,UNMATCHED_RESEARCH,,UNMATCHED_VALIDATION_RULE,,Phase1_required,standard_section:主桁断面データ,MAN-005,25,,,,DESIGN_PRACTICE_TRACEABILITY_REQUIRED|STANDARD_TRACEABILITY_REQUIRED,,UNMATCHED_APOLLO,,UNKNOWN,HISTORICAL_BASELINE_UNKNOWN_EDITION; TARGET_STANDARD_NOT_SELECTED,,NONE,,,,,REVIEWED,UNMATCHED_research_result_stage5c_requirement | Do not copy APOLLO OCR full text; handoff without package primary req (expected many-to-subset)
XWL-HOFF-H5A-0042,F4-P1-057,T5A-0079|T5A-0080,H5A-0042,,UNMATCHED_RESEARCH,,UNMATCHED_VALIDATION_RULE,,Phase1_required,standard_section:主桁断面データ,MAN-005,25,,,,DESIGN_PRACTICE_TRACEABILITY_REQUIRED|STANDARD_TRACEABILITY_REQUIRED,,UNMATCHED_APOLLO,,UNKNOWN,HISTORICAL_BASELINE_UNKNOWN_EDITION; TARGET_STANDARD_NOT_SELECTED,,NONE,,,,,REVIEWED,UNMATCHED_research_result_stage5c_requirement | Do not copy APOLLO OCR full text; handoff without package primary req (expected many-to-subset)
XWL-HOFF-H5A-0043,F4-P1-058,T5A-0081|T5A-0082,H5A-0043,,UNMATCHED_RESEARCH,,UNMATCHED_VALIDATION_RULE,,Phase1_required,standard_section:主桁断面データ,MAN-005,25,,,,DESIGN_PRACTICE_TRACEABILITY_REQUIRED|STANDARD_TRACEABILITY_REQUIRED,,UNMATCHED_APOLLO,,UNKNOWN,HISTORICAL_BASELINE_UNKNOWN_EDITION; TARGET_STANDARD_NOT_SELECTED,,NONE,,,,,REVIEWED,UNMATCHED_research_result_stage5c_requirement | Do not copy APOLLO OCR full text; handoff without package primary req (expected many-to-subset)
XWL-HOFF-H5A-0044,F4-P1-058,T5A-0081|T5A-0082,H5A-0044,,UNMATCHED_RESEARCH,,UNMATCHED_VALIDATION_RULE,,Phase1_required,standard_section:主桁断面データ,MAN-005,25,,,,DESIGN_PRACTICE_TRACEABILITY_REQUIRED|STANDARD_TRACEABILITY_REQUIRED,,UNMATCHED_APOLLO,,UNKNOWN,HISTORICAL_BASELINE_UNKNOWN_EDITION; TARGET_STANDARD_NOT_SELECTED,,NONE,,,,,REVIEWED,UNMATCHED_research_result_stage5c_requirement | Do not copy APOLLO OCR full text; handoff without package primary req (expected many-to-subset)
XWL-HOFF-H5A-0045,F4-P1-059,T5A-0083|T5A-0084,H5A-0045,,UNMATCHED_RESEARCH,,UNMATCHED_VALIDATION_RULE,,Phase1_required,standard_section:補剛材データ,MAN-005,26,,,,DESIGN_PRACTICE_TRACEABILITY_REQUIRED|STANDARD_TRACEABILITY_REQUIRED,,UNMATCHED_APOLLO,,UNKNOWN,HISTORICAL_BASELINE_UNKNOWN_EDITION; TARGET_STANDARD_NOT_SELECTED,,NONE,,,,,REVIEWED,UNMATCHED_research_result_stage5c_requirement | Do not copy APOLLO OCR full text; handoff without package primary req (expected many-to-subset)
XWL-HOFF-H5A-0046,F4-P1-059,T5A-0083|T5A-0084,H5A-0046,,UNMATCHED_RESEARCH,,UNMATCHED_VALIDATION_RULE,,Phase1_required,standard_section:補剛材データ,MAN-005,26,,,,DESIGN_PRACTICE_TRACEABILITY_REQUIRED|STANDARD_TRACEABILITY_REQUIRED,,UNMATCHED_APOLLO,,UNKNOWN,HISTORICAL_BASELINE_UNKNOWN_EDITION; TARGET_STANDARD_NOT_SELECTED,,NONE,,,,,REVIEWED,UNMATCHED_research_result_stage5c_requirement | Do not copy APOLLO OCR full text; handoff without package primary req (expected many-to-subset)
XWL-HOFF-H5A-0047,F4-P1-060,T5A-0085|T5A-0086,H5A-0047,,UNMATCHED_RESEARCH,,UNMATCHED_VALIDATION_RULE,,Phase1_optional,standard_section:補剛材データ,MAN-005,26,,,,DESIGN_PRACTICE_TRACEABILITY_REQUIRED|STANDARD_TRACEABILITY_REQUIRED,,UNMATCHED_APOLLO,,UNKNOWN,HISTORICAL_BASELINE_UNKNOWN_EDITION; TARGET_STANDARD_NOT_SELECTED,,NONE,,,,,REVIEWED,UNMATCHED_research_result_stage5c_requirement | Do not copy APOLLO OCR full text; handoff without package primary req (expected many-to-subset)
XWL-HOFF-H5A-0048,F4-P1-060,T5A-0085|T5A-0086,H5A-0048,,UNMATCHED_RESEARCH,,UNMATCHED_VALIDATION_RULE,,Phase1_optional,standard_section:補剛材データ,MAN-005,26,,,,DESIGN_PRACTICE_TRACEABILITY_REQUIRED|STANDARD_TRACEABILITY_REQUIRED,,UNMATCHED_APOLLO,,UNKNOWN,HISTORICAL_BASELINE_UNKNOWN_EDITION; TARGET_STANDARD_NOT_SELECTED,,NONE,,,,,REVIEWED,UNMATCHED_research_result_stage5c_requirement | Do not copy APOLLO OCR full text; handoff without package primary req (expected many-to-subset)
XWL-HOFF-H5A-0049,F4-P1-061,T5A-0087|T5A-0088,H5A-0049,,UNMATCHED_RESEARCH,,UNMATCHED_VALIDATION_RULE,,Phase1_required,standard_section:補剛材データ,MAN-005,26,,,,DESIGN_PRACTICE_TRACEABILITY_REQUIRED|STANDARD_TRACEABILITY_REQUIRED,,UNMATCHED_APOLLO,,UNKNOWN,HISTORICAL_BASELINE_UNKNOWN_EDITION; TARGET_STANDARD_NOT_SELECTED,,NONE,,,,,REVIEWED,UNMATCHED_research_result_stage5c_requirement | Do not copy APOLLO OCR full text; handoff without package primary req (expected many-to-subset)
XWL-HOFF-H5A-0050,F4-P1-061,T5A-0087|T5A-0088,H5A-0050,,UNMATCHED_RESEARCH,,UNMATCHED_VALIDATION_RULE,,Phase1_required,standard_section:補剛材データ,MAN-005,26,,,,DESIGN_PRACTICE_TRACEABILITY_REQUIRED|STANDARD_TRACEABILITY_REQUIRED,,UNMATCHED_APOLLO,,UNKNOWN,HISTORICAL_BASELINE_UNKNOWN_EDITION; TARGET_STANDARD_NOT_SELECTED,,NONE,,,,,REVIEWED,UNMATCHED_research_result_stage5c_requirement | Do not copy APOLLO OCR full text; handoff without package primary req (expected many-to-subset)
XWL-HOFF-H5A-0051,F4-P1-062,T5A-0089|T5A-0090,H5A-0051,,UNMATCHED_RESEARCH,,UNMATCHED_VALIDATION_RULE,,Phase1_required,standard_section:床組データ,MAN-005,27,,,,DESIGN_PRACTICE_TRACEABILITY_REQUIRED|STANDARD_TRACEABILITY_REQUIRED,,UNMATCHED_APOLLO,,UNKNOWN,HISTORICAL_BASELINE_UNKNOWN_EDITION; TARGET_STANDARD_NOT_SELECTED,,NONE,,,,,REVIEWED,UNMATCHED_research_result_stage5c_requirement | Do not copy APOLLO OCR full text; handoff without package primary req (expected many-to-subset)
XWL-HOFF-H5A-0052,F4-P1-062,T5A-0089|T5A-0090,H5A-0052,,UNMATCHED_RESEARCH,,UNMATCHED_VALIDATION_RULE,,Phase1_required,standard_section:床組データ,MAN-005,27,,,,DESIGN_PRACTICE_TRACEABILITY_REQUIRED|STANDARD_TRACEABILITY_REQUIRED,,UNMATCHED_APOLLO,,UNKNOWN,HISTORICAL_BASELINE_UNKNOWN_EDITION; TARGET_STANDARD_NOT_SELECTED,,NONE,,,,,REVIEWED,UNMATCHED_research_result_stage5c_requirement | Do not copy APOLLO OCR full text; handoff without package primary req (expected many-to-subset)
XWL-HOFF-H5A-0053,F4-P1-063,T5A-0091|T5A-0092,H5A-0053,,UNMATCHED_RESEARCH,,UNMATCHED_VALIDATION_RULE,,Phase1_required,standard_section:部材名称データ,MAN-005,11,,,,DESIGN_PRACTICE_TRACEABILITY_REQUIRED|STANDARD_TRACEABILITY_REQUIRED,,UNMATCHED_APOLLO,,UNKNOWN,HISTORICAL_BASELINE_UNKNOWN_EDITION; TARGET_STANDARD_NOT_SELECTED,,NONE,,,,,REVIEWED,UNMATCHED_research_result_stage5c_requirement | Do not copy APOLLO OCR full text; handoff without package primary req (expected many-to-subset)
XWL-HOFF-H5A-0054,F4-P1-063,T5A-0091|T5A-0092,H5A-0054,,UNMATCHED_RESEARCH,,UNMATCHED_VALIDATION_RULE,,Phase1_required,standard_section:部材名称データ,MAN-005,11,,,,DESIGN_PRACTICE_TRACEABILITY_REQUIRED|STANDARD_TRACEABILITY_REQUIRED,,UNMATCHED_APOLLO,,UNKNOWN,HISTORICAL_BASELINE_UNKNOWN_EDITION; TARGET_STANDARD_NOT_SELECTED,,NONE,,,,,REVIEWED,UNMATCHED_research_result_stage5c_requirement | Do not copy APOLLO OCR full text; handoff without package primary req (expected many-to-subset)
XWL-HOFF-H5A-0055,F4-P1-068,T5A-0097|T5A-0098,H5A-0055,,UNMATCHED_RESEARCH,,UNMATCHED_VALIDATION_RULE,,Phase1_optional,standard_section:床組データ,MAN-005,27,,,,DESIGN_PRACTICE_TRACEABILITY_REQUIRED|STANDARD_TRACEABILITY_REQUIRED,,UNMATCHED_APOLLO,,UNKNOWN,HISTORICAL_BASELINE_UNKNOWN_EDITION; TARGET_STANDARD_NOT_SELECTED,,NONE,,,,,REVIEWED,UNMATCHED_research_result_stage5c_requirement | Do not copy APOLLO OCR full text; handoff without package primary req (expected many-to-subset)
XWL-HOFF-H5A-0056,F4-P1-068,T5A-0097|T5A-0098,H5A-0056,,UNMATCHED_RESEARCH,,UNMATCHED_VALIDATION_RULE,,Phase1_optional,standard_section:床組データ,MAN-005,27,,,,DESIGN_PRACTICE_TRACEABILITY_REQUIRED|STANDARD_TRACEABILITY_REQUIRED,,UNMATCHED_APOLLO,,UNKNOWN,HISTORICAL_BASELINE_UNKNOWN_EDITION; TARGET_STANDARD_NOT_SELECTED,,NONE,,,,,REVIEWED,UNMATCHED_research_result_stage5c_requirement | Do not copy APOLLO OCR full text; handoff without package primary req (expected many-to-subset)
XWL-HOFF-H5A-0060,F4-P2-002,T5A-0105|T5A-0106,H5A-0060,REQ-5C-0084,R5B-PKG005-0002,REQ-5C-0084,UNMATCHED_VALIDATION_RULE,,Phase1_required,haunch:ハンチ高の設定,MAN-004,4,DOC-RBS-III,409,stage5b/evidence/DOC-RBS-III_pdfp0409_300dpi-R5B-PKG005-0002.png,DESIGN_PRACTICE_TRACEABILITY_REQUIRED|STANDARD_TRACEABILITY_REQUIRED,LOCATED,READY_ACCEPTED,READY,READY_SUBSET_OK,HISTORICAL_BASELINE_UNKNOWN_EDITION;TARGET_STANDARD_NOT_SELECTED,令和7年10月版 Ver.2.00（表紙・奥付確認済み・Target未選定）,NONE,,,,,REVIEWED,UNMATCHED_research_result_stage5c_requirement | Do not copy APOLLO OCR full text
XWL-HOFF-H5A-0062,F4-P2-003,T5A-0107|T5A-0108,H5A-0062,REQ-5C-0085,R5B-PKG005-0003,REQ-5C-0085,UNMATCHED_VALIDATION_RULE,,Phase1_required,haunch:単位系指定,MAN-004,5,DOC-RBS-III,409,stage5b/evidence/DOC-RBS-III_pdfp0409_300dpi-R5B-PKG005-0003.png,DESIGN_PRACTICE_TRACEABILITY_REQUIRED|STANDARD_TRACEABILITY_REQUIRED,LOCATED,READY_ACCEPTED,READY,READY_SUBSET_OK,HISTORICAL_BASELINE_UNKNOWN_EDITION;TARGET_STANDARD_NOT_SELECTED,令和7年10月版 Ver.2.00（表紙・奥付確認済み・Target未選定）,NONE,,,,,REVIEWED,UNMATCHED_research_result_stage5c_requirement | Do not copy APOLLO OCR full text
XWL-HOFF-H5A-0064,F4-P2-004,T5A-0109|T5A-0110,H5A-0064,REQ-5C-0086,R5B-PKG005-0004,REQ-5C-0086,UNMATCHED_VALIDATION_RULE,,Phase1_required,haunch_geometry:ハンチ形状の設定,MAN-004,5,DOC-RBS-III,409,stage5b/evidence/DOC-RBS-III_pdfp0409_300dpi-R5B-PKG005-0004.png,DESIGN_PRACTICE_TRACEABILITY_REQUIRED|STANDARD_TRACEABILITY_REQUIRED,LOCATED,READY_ACCEPTED,READY,READY_SUBSET_OK,HISTORICAL_BASELINE_UNKNOWN_EDITION;TARGET_STANDARD_NOT_SELECTED,令和7年10月版 Ver.2.00（表紙・奥付確認済み・Target未選定）,NONE,,,,,REVIEWED,UNMATCHED_research_result_stage5c_requirement | Do not copy APOLLO OCR full text
XWL-HOFF-H5A-0066,F4-P2-005,T5A-0111|T5A-0112,H5A-0066,REQ-5C-0087,R5B-PKG005-0005,REQ-5C-0087,UNMATCHED_VALIDATION_RULE,,Phase1_required,haunch_calculation:ハンチ計算結果の設計情報への反映,MAN-004,6,DOC-RBS-III,396,stage5b/evidence/DOC-RBS-III_pdfp0396_300dpi-R5B-PKG005-0005.png,DESIGN_PRACTICE_TRACEABILITY_REQUIRED|STANDARD_TRACEABILITY_REQUIRED,PARTIALLY_LOCATED,OPEN_ACCEPTED,OPEN,BLOCKED_OR_HOLD,HISTORICAL_BASELINE_UNKNOWN_EDITION;TARGET_STANDARD_NOT_SELECTED,令和7年10月版 Ver.2.00（表紙・奥付確認済み・Target未選定）,NONE,,BL-REQ-5C-0087: CROSS_REFERENCE_NOT_YET_CHECKED,,,REVIEWED,UNMATCHED_research_result_stage5c_requirement | Do not copy APOLLO OCR full text
XWL-HOFF-H5A-0068,F4-P2-006,T5A-0113|T5A-0114,H5A-0068,REQ-5C-0088,R5B-PKG005-0006,REQ-5C-0088,UNMATCHED_VALIDATION_RULE,,Phase1_required,rc_slab:床版照査位置決定,MAN-006,4,DOC-RBS-III,401,stage5b/evidence/DOC-RBS-III_pdfp0401_300dpi-R5B-PKG005-0006.png,DESIGN_PRACTICE_TRACEABILITY_REQUIRED|STANDARD_TRACEABILITY_REQUIRED,LOCATED,READY_ACCEPTED,READY,READY_SUBSET_OK,HISTORICAL_BASELINE_UNKNOWN_EDITION;TARGET_STANDARD_NOT_SELECTED,令和7年10月版 Ver.2.00（表紙・奥付確認済み・Target未選定）,NONE,,,,,REVIEWED,UNMATCHED_research_result_stage5c_requirement | Do not copy APOLLO OCR full text
XWL-HOFF-H5A-0070,F4-P2-007,T5A-0115|T5A-0116,H5A-0070,REQ-5C-0089,R5B-PKG005-0007,REQ-5C-0089,UNMATCHED_VALIDATION_RULE,,Phase1_required,rc_slab:かぶり量の指定,MAN-006,5,DOC-RBS-III,401,stage5b/evidence/DOC-RBS-III_pdfp0401_300dpi-R5B-PKG005-0007.png,DESIGN_PRACTICE_TRACEABILITY_REQUIRED|STANDARD_TRACEABILITY_REQUIRED,LOCATED,READY_ACCEPTED,READY,READY_SUBSET_OK,HISTORICAL_BASELINE_UNKNOWN_EDITION;TARGET_STANDARD_NOT_SELECTED,令和7年10月版 Ver.2.00（表紙・奥付確認済み・Target未選定）,NONE,,,,,REVIEWED,UNMATCHED_research_result_stage5c_requirement | Do not copy APOLLO OCR full text
XWL-HOFF-H5A-0072,F4-P2-008,T5A-0117|T5A-0118,H5A-0072,REQ-5C-0090,R5B-PKG005-0008,REQ-5C-0090,UNMATCHED_VALIDATION_RULE,,Phase1_required,rc_slab:配力筋照査の出力方法,MAN-006,6,DOC-RBS-III,401,stage5b/evidence/DOC-RBS-III_pdfp0401_300dpi-R5B-PKG005-0008.png,DESIGN_PRACTICE_TRACEABILITY_REQUIRED|STANDARD_TRACEABILITY_REQUIRED,LOCATED,READY_ACCEPTED,READY,READY_SUBSET_OK,HISTORICAL_BASELINE_UNKNOWN_EDITION;TARGET_STANDARD_NOT_SELECTED,令和7年10月版 Ver.2.00（表紙・奥付確認済み・Target未選定）,NONE,,,,,REVIEWED,UNMATCHED_research_result_stage5c_requirement | Do not copy APOLLO OCR full text
XWL-HOFF-H5A-0074,F4-P2-009,T5A-0119|T5A-0120,H5A-0074,REQ-5C-0091,R5B-PKG005-0009,REQ-5C-0091,UNMATCHED_VALIDATION_RULE,,Phase1_required,haunch:フランジ厚およびハンチ内鉄筋の指定,MAN-006,6,DOC-RBS-III,409,stage5b/evidence/DOC-RBS-III_pdfp0409_300dpi-R5B-PKG005-0009.png,DESIGN_PRACTICE_TRACEABILITY_REQUIRED|STANDARD_TRACEABILITY_REQUIRED,LOCATED,READY_ACCEPTED,READY,READY_SUBSET_OK,HISTORICAL_BASELINE_UNKNOWN_EDITION;TARGET_STANDARD_NOT_SELECTED,令和7年10月版 Ver.2.00（表紙・奥付確認済み・Target未選定）,NONE,,,,,REVIEWED,UNMATCHED_research_result_stage5c_requirement | Do not copy APOLLO OCR full text
XWL-HOFF-H5A-0076,F4-P2-011,T5A-0122|T5A-0123|T5A-0124,H5A-0076,REQ-5C-0092,R5B-PKG005-0010,REQ-5C-0092,UNMATCHED_VALIDATION_RULE,,Phase1_required,slab_reinforcement_input:主鉄筋および配力鉄筋の指定,MAN-006,8,DOC-RBS-III,113,stage5b/evidence/DOC-RBS-III_pdfp0113_300dpi-R5B-PKG005-0010.png,JIS_TRACEABILITY_REQUIRED|MULTIPLE_SOURCES_REQUIRED|STANDARD_TRACEABILITY_REQUIRED,LOCATED,READY_ACCEPTED,READY,READY_SUBSET_OK,HISTORICAL_BASELINE_UNKNOWN_EDITION;TARGET_STANDARD_NOT_SELECTED,令和7年10月版 Ver.2.00（表紙・奥付確認済み・Target未選定）,NONE,,,,,REVIEWED,UNMATCHED_research_result_stage5c_requirement | Do not copy APOLLO OCR full text
XWL-HOFF-H5A-0078,F4-P2-011,T5A-0122|T5A-0123|T5A-0124,H5A-0078,REQ-5C-0092,R5B-PKG005-0010,REQ-5C-0092,UNMATCHED_VALIDATION_RULE,,Phase1_required,slab_reinforcement_input:主鉄筋および配力鉄筋の指定,MAN-006,8,DOC-RBS-III,113,stage5b/evidence/DOC-RBS-III_pdfp0113_300dpi-R5B-PKG005-0010.png,JIS_TRACEABILITY_REQUIRED|MULTIPLE_SOURCES_REQUIRED|STANDARD_TRACEABILITY_REQUIRED,LOCATED,READY_ACCEPTED,READY,READY_SUBSET_OK,HISTORICAL_BASELINE_UNKNOWN_EDITION;TARGET_STANDARD_NOT_SELECTED,令和7年10月版 Ver.2.00（表紙・奥付確認済み・Target未選定）,NONE,,,,,REVIEWED,UNMATCHED_research_result_stage5c_requirement | Do not copy APOLLO OCR full text
XWL-HOFF-H5A-0080,F4-P2-012,T5A-0125|T5A-0126,H5A-0080,REQ-5C-0093,R5B-PKG005-0011,REQ-5C-0093,UNMATCHED_VALIDATION_RULE,,Phase1_required,rc_slab:計算書出力,MAN-006,9,DOC-RBS-III,401,stage5b/evidence/DOC-RBS-III_pdfp0401_300dpi-R5B-PKG005-0011.png,DESIGN_PRACTICE_TRACEABILITY_REQUIRED|STANDARD_TRACEABILITY_REQUIRED,LOCATED,READY_ACCEPTED,READY,READY_SUBSET_OK,HISTORICAL_BASELINE_UNKNOWN_EDITION;TARGET_STANDARD_NOT_SELECTED,令和7年10月版 Ver.2.00（表紙・奥付確認済み・Target未選定）,NONE,,,,,REVIEWED,UNMATCHED_research_result_stage5c_requirement | Do not copy APOLLO OCR full text
XWL-HOFF-H5A-0083,F4-P2-014,T5A-0129|T5A-0130,H5A-0083,REQ-5C-0094,R5B-PKG005-0012,REQ-5C-0094,UNMATCHED_VALIDATION_RULE,,Phase1_required,slab_result_output:支点補強筋 計算書出力（道路公団形式）,MAN-006,10,DOC-RBS-III,412,stage5b/evidence/DOC-RBS-III_pdfp0412_300dpi-R5B-PKG005-0012.png,DESIGN_PRACTICE_TRACEABILITY_REQUIRED|STANDARD_TRACEABILITY_REQUIRED,PARTIALLY_LOCATED,OPEN_ACCEPTED,OPEN,BLOCKED_OR_HOLD,HISTORICAL_BASELINE_UNKNOWN_EDITION;TARGET_STANDARD_NOT_SELECTED,令和7年10月版 Ver.2.00（表紙・奥付確認済み・Target未選定）,NONE,,BL-REQ-5C-0094: CROSS_REFERENCE_NOT_YET_CHECKED,,,REVIEWED,UNMATCHED_research_result_stage5c_requirement | Do not copy APOLLO OCR full text
XWL-HOFF-H5A-0084,F4-P2-015,T5A-0131|T5A-0132|T5A-0133,H5A-0084,,UNMATCHED_RESEARCH,,UNMATCHED_VALIDATION_RULE,BL-GAP-H5A-0084,Phase1_required,slab_reinforcement_input:支点補強筋 鉄筋径および本数の指定,MAN-006,10,,,,JIS_TRACEABILITY_REQUIRED|MULTIPLE_SOURCES_REQUIRED|STANDARD_TRACEABILITY_REQUIRED,,JIS_GAP_ACCEPTED,,BLOCKED,HISTORICAL_BASELINE_UNKNOWN_EDITION; TARGET_STANDARD_NOT_SELECTED,,NONE,,,BLOCKED_BY_SOURCE_GAP,,REVIEWED,UNMATCHED_research_result_stage5c_requirement | Do not copy APOLLO OCR full text
XWL-HOFF-H5A-0085,F4-P2-015,T5A-0131|T5A-0132|T5A-0133,H5A-0085,,UNMATCHED_RESEARCH,,UNMATCHED_VALIDATION_RULE,,Phase1_required,slab_reinforcement_input:支点補強筋 鉄筋径および本数の指定,MAN-006,10,,,,JIS_TRACEABILITY_REQUIRED|MULTIPLE_SOURCES_REQUIRED|STANDARD_TRACEABILITY_REQUIRED,,UNMATCHED_APOLLO,,UNKNOWN,HISTORICAL_BASELINE_UNKNOWN_EDITION; TARGET_STANDARD_NOT_SELECTED,,NONE,,,,,REVIEWED,UNMATCHED_research_result_stage5c_requirement | Do not copy APOLLO OCR full text; handoff without package primary req (expected many-to-subset)
XWL-HOFF-H5A-0086,F4-P2-015,T5A-0131|T5A-0132|T5A-0133,H5A-0086,,UNMATCHED_RESEARCH,,UNMATCHED_VALIDATION_RULE,BL-GAP-H5A-0086,Phase1_required,slab_reinforcement_input:支点補強筋 鉄筋径および本数の指定,MAN-006,10,,,,JIS_TRACEABILITY_REQUIRED|MULTIPLE_SOURCES_REQUIRED|STANDARD_TRACEABILITY_REQUIRED,,JIS_GAP_ACCEPTED,,BLOCKED,HISTORICAL_BASELINE_UNKNOWN_EDITION; TARGET_STANDARD_NOT_SELECTED,,NONE,,,BLOCKED_BY_SOURCE_GAP,,REVIEWED,UNMATCHED_research_result_stage5c_requirement | Do not copy APOLLO OCR full text
XWL-HOFF-H5A-0088,F4-P2-016,T5A-0134|T5A-0135,H5A-0088,REQ-5C-0095,R5B-PKG005-0013,REQ-5C-0095,UNMATCHED_VALIDATION_RULE,,unknown,slab_geometry:slab_geometry,MAN-006,NONE,DOC-RBS-III,396,stage5b/evidence/DOC-RBS-III_pdfp0396_300dpi-R5B-PKG005-0013.png,DESIGN_PRACTICE_TRACEABILITY_REQUIRED|STANDARD_TRACEABILITY_REQUIRED,LOCATED,READY_ACCEPTED,READY,READY_SUBSET_OK,HISTORICAL_BASELINE_UNKNOWN_EDITION;TARGET_STANDARD_NOT_SELECTED,令和7年10月版 Ver.2.00（表紙・奥付確認済み・Target未選定）,NONE,,,,,REVIEWED,UNMATCHED_research_result_stage5c_requirement | Do not copy APOLLO OCR full text
XWL-HOFF-H5A-0090,F4-P2-018,T5A-0137|T5A-0138|T5A-0139,H5A-0090,,UNMATCHED_RESEARCH,,UNMATCHED_VALIDATION_RULE,BL-GAP-H5A-0090,unknown,slab_material:slab_material,MAN-006,NONE,,,,JIS_TRACEABILITY_REQUIRED|MULTIPLE_SOURCES_REQUIRED|STANDARD_TRACEABILITY_REQUIRED,,JIS_GAP_ACCEPTED,,BLOCKED,HISTORICAL_BASELINE_UNKNOWN_EDITION; TARGET_STANDARD_NOT_SELECTED,,NONE,,,BLOCKED_BY_SOURCE_GAP,,REVIEWED,UNMATCHED_research_result_stage5c_requirement | Do not copy APOLLO OCR full text
XWL-HOFF-H5A-0091,F4-P2-018,T5A-0137|T5A-0138|T5A-0139,H5A-0091,,UNMATCHED_RESEARCH,,UNMATCHED_VALIDATION_RULE,,unknown,slab_material:slab_material,MAN-006,NONE,,,,JIS_TRACEABILITY_REQUIRED|MULTIPLE_SOURCES_REQUIRED|STANDARD_TRACEABILITY_REQUIRED,,UNMATCHED_APOLLO,,UNKNOWN,HISTORICAL_BASELINE_UNKNOWN_EDITION; TARGET_STANDARD_NOT_SELECTED,,NONE,,,,,REVIEWED,UNMATCHED_research_result_stage5c_requirement | Do not copy APOLLO OCR full text; handoff without package primary req (expected many-to-subset)
XWL-HOFF-H5A-0092,F4-P2-018,T5A-0137|T5A-0138|T5A-0139,H5A-0092,,UNMATCHED_RESEARCH,,UNMATCHED_VALIDATION_RULE,BL-GAP-H5A-0092,unknown,slab_material:slab_material,MAN-006,NONE,,,,JIS_TRACEABILITY_REQUIRED|MULTIPLE_SOURCES_REQUIRED|STANDARD_TRACEABILITY_REQUIRED,,JIS_GAP_ACCEPTED,,BLOCKED,HISTORICAL_BASELINE_UNKNOWN_EDITION; TARGET_STANDARD_NOT_SELECTED,,NONE,,,BLOCKED_BY_SOURCE_GAP,,REVIEWED,UNMATCHED_research_result_stage5c_requirement | Do not copy APOLLO OCR full text
XWL-HOFF-H5A-0101,F4-P3-009,T5A-0148,H5A-0101,,UNMATCHED_RESEARCH,,UNMATCHED_VALIDATION_RULE,,Phase1_required,section_check:断面計算書の出力,MAN-008,17,,,,STANDARD_TRACEABILITY_REQUIRED,,UNMATCHED_APOLLO,,UNKNOWN,HISTORICAL_BASELINE_UNKNOWN_EDITION; TARGET_STANDARD_NOT_SELECTED,,NONE,,,,,REVIEWED,UNMATCHED_research_result_stage5c_requirement | Do not copy APOLLO OCR full text; handoff without package primary req (expected many-to-subset)
XWL-HOFF-H5A-0103,F4-P3-010,T5A-0149|T5A-0150|T5A-0151,H5A-0103,REQ-5C-0022,R5B-PKG004-0010,REQ-5C-0022,UNMATCHED_VALIDATION_RULE,,Phase1_required,splice:添接計算の実行,MAN-008,21,DOC-RBS-II,303,stage5b/evidence/DOC-RBS-II_pdfp0303_300dpi-R5B-PKG004-0010.png,JIS_TRACEABILITY_REQUIRED|MULTIPLE_SOURCES_REQUIRED|STANDARD_TRACEABILITY_REQUIRED,LOCATED,READY_ACCEPTED,READY,READY_SUBSET_OK,HISTORICAL_BASELINE_UNKNOWN_EDITION;TARGET_STANDARD_NOT_SELECTED,令和7年10月版 Ver.2.00（表紙・奥付確認済み・Target未選定）,NONE,,,,,REVIEWED,UNMATCHED_research_result_stage5c_requirement | Do not copy APOLLO OCR full text
XWL-HOFF-H5A-0105,F4-P3-011,T5A-0152|T5A-0153|T5A-0154,H5A-0105,REQ-5C-0024,R5B-PKG004-0012,REQ-5C-0024,UNMATCHED_VALIDATION_RULE,,Phase1_required,splice_bolt:フランジボルト配置変更方法1,MAN-009,6,DOC-RBS-II,303,stage5b/evidence/DOC-RBS-II_pdfp0303_300dpi-R5B-PKG004-0012.png,JIS_TRACEABILITY_REQUIRED|MULTIPLE_SOURCES_REQUIRED|STANDARD_TRACEABILITY_REQUIRED,LOCATED,READY_ACCEPTED,READY,READY_SUBSET_OK,HISTORICAL_BASELINE_UNKNOWN_EDITION;TARGET_STANDARD_NOT_SELECTED,令和7年10月版 Ver.2.00（表紙・奥付確認済み・Target未選定）,NONE,,,,,REVIEWED,UNMATCHED_research_result_stage5c_requirement | Do not copy APOLLO OCR full text
XWL-HOFF-H5A-0107,F4-P3-011,T5A-0152|T5A-0153|T5A-0154,H5A-0107,REQ-5C-0024,R5B-PKG004-0012,REQ-5C-0024,UNMATCHED_VALIDATION_RULE,,Phase1_required,splice_bolt:フランジボルト配置変更方法1,MAN-009,6,DOC-RBS-II,303,stage5b/evidence/DOC-RBS-II_pdfp0303_300dpi-R5B-PKG004-0012.png,JIS_TRACEABILITY_REQUIRED|MULTIPLE_SOURCES_REQUIRED|STANDARD_TRACEABILITY_REQUIRED,LOCATED,READY_ACCEPTED,READY,READY_SUBSET_OK,HISTORICAL_BASELINE_UNKNOWN_EDITION;TARGET_STANDARD_NOT_SELECTED,令和7年10月版 Ver.2.00（表紙・奥付確認済み・Target未選定）,NONE,,,,,REVIEWED,UNMATCHED_research_result_stage5c_requirement | Do not copy APOLLO OCR full text
XWL-HOFF-H5A-0108,F4-P3-012,T5A-0155|T5A-0156|T5A-0157,H5A-0108,,UNMATCHED_RESEARCH,,UNMATCHED_VALIDATION_RULE,BL-GAP-H5A-0108,Phase1_required,splice_bolt:ボルト本数不足時の再計算,MAN-009,8,,,,JIS_TRACEABILITY_REQUIRED|MULTIPLE_SOURCES_REQUIRED|STANDARD_TRACEABILITY_REQUIRED,,JIS_GAP_ACCEPTED,,BLOCKED,HISTORICAL_BASELINE_UNKNOWN_EDITION; TARGET_STANDARD_NOT_SELECTED,,NONE,,,BLOCKED_BY_SOURCE_GAP,,REVIEWED,UNMATCHED_research_result_stage5c_requirement | Do not copy APOLLO OCR full text
XWL-HOFF-H5A-0109,F4-P3-012,T5A-0155|T5A-0156|T5A-0157,H5A-0109,,UNMATCHED_RESEARCH,,UNMATCHED_VALIDATION_RULE,,Phase1_required,splice_bolt:ボルト本数不足時の再計算,MAN-009,8,,,,JIS_TRACEABILITY_REQUIRED|MULTIPLE_SOURCES_REQUIRED|STANDARD_TRACEABILITY_REQUIRED,,UNMATCHED_APOLLO,,UNKNOWN,HISTORICAL_BASELINE_UNKNOWN_EDITION; TARGET_STANDARD_NOT_SELECTED,,NONE,,,,,REVIEWED,UNMATCHED_research_result_stage5c_requirement | Do not copy APOLLO OCR full text; handoff without package primary req (expected many-to-subset)
XWL-HOFF-H5A-0110,F4-P3-012,T5A-0155|T5A-0156|T5A-0157,H5A-0110,,UNMATCHED_RESEARCH,,UNMATCHED_VALIDATION_RULE,BL-GAP-H5A-0110,Phase1_required,splice_bolt:ボルト本数不足時の再計算,MAN-009,8,,,,JIS_TRACEABILITY_REQUIRED|MULTIPLE_SOURCES_REQUIRED|STANDARD_TRACEABILITY_REQUIRED,,JIS_GAP_ACCEPTED,,BLOCKED,HISTORICAL_BASELINE_UNKNOWN_EDITION; TARGET_STANDARD_NOT_SELECTED,,NONE,,,BLOCKED_BY_SOURCE_GAP,,REVIEWED,UNMATCHED_research_result_stage5c_requirement | Do not copy APOLLO OCR full text
XWL-HOFF-H5A-0111,F4-P3-013,T5A-0158|T5A-0159|T5A-0160,H5A-0111,,UNMATCHED_RESEARCH,,UNMATCHED_VALIDATION_RULE,BL-GAP-H5A-0111,Phase1_required,splice_bolt:フランジボルト配置変更方法2,MAN-009,9,,,,JIS_TRACEABILITY_REQUIRED|MULTIPLE_SOURCES_REQUIRED|STANDARD_TRACEABILITY_REQUIRED,,JIS_GAP_ACCEPTED,,BLOCKED,HISTORICAL_BASELINE_UNKNOWN_EDITION; TARGET_STANDARD_NOT_SELECTED,,NONE,,,BLOCKED_BY_SOURCE_GAP,,REVIEWED,UNMATCHED_research_result_stage5c_requirement | Do not copy APOLLO OCR full text
XWL-HOFF-H5A-0112,F4-P3-013,T5A-0158|T5A-0159|T5A-0160,H5A-0112,,UNMATCHED_RESEARCH,,UNMATCHED_VALIDATION_RULE,,Phase1_required,splice_bolt:フランジボルト配置変更方法2,MAN-009,9,,,,JIS_TRACEABILITY_REQUIRED|MULTIPLE_SOURCES_REQUIRED|STANDARD_TRACEABILITY_REQUIRED,,UNMATCHED_APOLLO,,UNKNOWN,HISTORICAL_BASELINE_UNKNOWN_EDITION; TARGET_STANDARD_NOT_SELECTED,,NONE,,,,,REVIEWED,UNMATCHED_research_result_stage5c_requirement | Do not copy APOLLO OCR full text; handoff without package primary req (expected many-to-subset)
XWL-HOFF-H5A-0113,F4-P3-013,T5A-0158|T5A-0159|T5A-0160,H5A-0113,,UNMATCHED_RESEARCH,,UNMATCHED_VALIDATION_RULE,BL-GAP-H5A-0113,Phase1_required,splice_bolt:フランジボルト配置変更方法2,MAN-009,9,,,,JIS_TRACEABILITY_REQUIRED|MULTIPLE_SOURCES_REQUIRED|STANDARD_TRACEABILITY_REQUIRED,,JIS_GAP_ACCEPTED,,BLOCKED,HISTORICAL_BASELINE_UNKNOWN_EDITION; TARGET_STANDARD_NOT_SELECTED,,NONE,,,BLOCKED_BY_SOURCE_GAP,,REVIEWED,UNMATCHED_research_result_stage5c_requirement | Do not copy APOLLO OCR full text
XWL-HOFF-H5A-0115,F4-P3-014,T5A-0161|T5A-0162|T5A-0163,H5A-0115,REQ-5C-0025,R5B-PKG004-0013,REQ-5C-0025,UNMATCHED_VALIDATION_RULE,,Phase1_required,splice_plate:添接板厚不足時の再計算,MAN-009,10,DOC-RBS-II,303,stage5b/evidence/DOC-RBS-II_pdfp0303_300dpi-R5B-PKG004-0013.png,JIS_TRACEABILITY_REQUIRED|MULTIPLE_SOURCES_REQUIRED|STANDARD_TRACEABILITY_REQUIRED,LOCATED,READY_ACCEPTED,READY,READY_SUBSET_OK,HISTORICAL_BASELINE_UNKNOWN_EDITION;TARGET_STANDARD_NOT_SELECTED,令和7年10月版 Ver.2.00（表紙・奥付確認済み・Target未選定）,NONE,,,,,REVIEWED,UNMATCHED_research_result_stage5c_requirement | Do not copy APOLLO OCR full text
XWL-HOFF-H5A-0116,F4-P3-014,T5A-0161|T5A-0162|T5A-0163,H5A-0116,REQ-5C-0025,R5B-PKG004-0013,REQ-5C-0025,UNMATCHED_VALIDATION_RULE,,Phase1_required,splice_plate:添接板厚不足時の再計算,MAN-009,10,DOC-RBS-II,303,stage5b/evidence/DOC-RBS-II_pdfp0303_300dpi-R5B-PKG004-0013.png,JIS_TRACEABILITY_REQUIRED|MULTIPLE_SOURCES_REQUIRED|STANDARD_TRACEABILITY_REQUIRED,LOCATED,READY_ACCEPTED,READY,READY_SUBSET_OK,HISTORICAL_BASELINE_UNKNOWN_EDITION;TARGET_STANDARD_NOT_SELECTED,令和7年10月版 Ver.2.00（表紙・奥付確認済み・Target未選定）,NONE,,,,,REVIEWED,UNMATCHED_research_result_stage5c_requirement | Do not copy APOLLO OCR full text
XWL-HOFF-H5A-0117,F4-P3-015,T5A-0164|T5A-0165|T5A-0166,H5A-0117,,UNMATCHED_RESEARCH,,UNMATCHED_VALIDATION_RULE,BL-GAP-H5A-0117,Phase1_required,splice_bolt:腹板ボルト配置変更方法,MAN-009,11,,,,JIS_TRACEABILITY_REQUIRED|MULTIPLE_SOURCES_REQUIRED|STANDARD_TRACEABILITY_REQUIRED,,JIS_GAP_ACCEPTED,,BLOCKED,HISTORICAL_BASELINE_UNKNOWN_EDITION; TARGET_STANDARD_NOT_SELECTED,,NONE,,,BLOCKED_BY_SOURCE_GAP,,REVIEWED,UNMATCHED_research_result_stage5c_requirement | Do not copy APOLLO OCR full text
XWL-HOFF-H5A-0118,F4-P3-015,T5A-0164|T5A-0165|T5A-0166,H5A-0118,,UNMATCHED_RESEARCH,,UNMATCHED_VALIDATION_RULE,,Phase1_required,splice_bolt:腹板ボルト配置変更方法,MAN-009,11,,,,JIS_TRACEABILITY_REQUIRED|MULTIPLE_SOURCES_REQUIRED|STANDARD_TRACEABILITY_REQUIRED,,UNMATCHED_APOLLO,,UNKNOWN,HISTORICAL_BASELINE_UNKNOWN_EDITION; TARGET_STANDARD_NOT_SELECTED,,NONE,,,,,REVIEWED,UNMATCHED_research_result_stage5c_requirement | Do not copy APOLLO OCR full text; handoff without package primary req (expected many-to-subset)
XWL-HOFF-H5A-0119,F4-P3-015,T5A-0164|T5A-0165|T5A-0166,H5A-0119,,UNMATCHED_RESEARCH,,UNMATCHED_VALIDATION_RULE,BL-GAP-H5A-0119,Phase1_required,splice_bolt:腹板ボルト配置変更方法,MAN-009,11,,,,JIS_TRACEABILITY_REQUIRED|MULTIPLE_SOURCES_REQUIRED|STANDARD_TRACEABILITY_REQUIRED,,JIS_GAP_ACCEPTED,,BLOCKED,HISTORICAL_BASELINE_UNKNOWN_EDITION; TARGET_STANDARD_NOT_SELECTED,,NONE,,,BLOCKED_BY_SOURCE_GAP,,REVIEWED,UNMATCHED_research_result_stage5c_requirement | Do not copy APOLLO OCR full text
XWL-HOFF-H5A-0121,F4-P3-016,T5A-0167|T5A-0168|T5A-0169,H5A-0121,REQ-5C-0026,R5B-PKG004-0014,REQ-5C-0026,UNMATCHED_VALIDATION_RULE,,Phase1_required,splice_plate:フランジ材端修正方法(母材-5mm),MAN-009,14,DOC-RBS-II,303,stage5b/evidence/DOC-RBS-II_pdfp0303_300dpi-R5B-PKG004-0014.png,JIS_TRACEABILITY_REQUIRED|MULTIPLE_SOURCES_REQUIRED|STANDARD_TRACEABILITY_REQUIRED,LOCATED,READY_ACCEPTED,READY,READY_SUBSET_OK,HISTORICAL_BASELINE_UNKNOWN_EDITION;TARGET_STANDARD_NOT_SELECTED,令和7年10月版 Ver.2.00（表紙・奥付確認済み・Target未選定）,NONE,,,,,REVIEWED,UNMATCHED_research_result_stage5c_requirement | Do not copy APOLLO OCR full text
XWL-HOFF-H5A-0122,F4-P3-016,T5A-0167|T5A-0168|T5A-0169,H5A-0122,REQ-5C-0026,R5B-PKG004-0014,REQ-5C-0026,UNMATCHED_VALIDATION_RULE,,Phase1_required,splice_plate:フランジ材端修正方法(母材-5mm),MAN-009,14,DOC-RBS-II,303,stage5b/evidence/DOC-RBS-II_pdfp0303_300dpi-R5B-PKG004-0014.png,JIS_TRACEABILITY_REQUIRED|MULTIPLE_SOURCES_REQUIRED|STANDARD_TRACEABILITY_REQUIRED,LOCATED,READY_ACCEPTED,READY,READY_SUBSET_OK,HISTORICAL_BASELINE_UNKNOWN_EDITION;TARGET_STANDARD_NOT_SELECTED,令和7年10月版 Ver.2.00（表紙・奥付確認済み・Target未選定）,NONE,,,,,REVIEWED,UNMATCHED_research_result_stage5c_requirement | Do not copy APOLLO OCR full text
XWL-HOFF-H5A-0124,F4-P3-017,T5A-0170|T5A-0171|T5A-0172,H5A-0124,REQ-5C-0027,R5B-PKG004-0015,REQ-5C-0027,UNMATCHED_VALIDATION_RULE,,Phase1_required,splice_check:添接計算実行方法,MAN-009,17,DOC-RBS-II,303,stage5b/evidence/DOC-RBS-II_pdfp0303_300dpi-R5B-PKG004-0015.png,JIS_TRACEABILITY_REQUIRED|MULTIPLE_SOURCES_REQUIRED|STANDARD_TRACEABILITY_REQUIRED,LOCATED,READY_ACCEPTED,READY,READY_SUBSET_OK,HISTORICAL_BASELINE_UNKNOWN_EDITION;TARGET_STANDARD_NOT_SELECTED,令和7年10月版 Ver.2.00（表紙・奥付確認済み・Target未選定）,NONE,,,,,REVIEWED,UNMATCHED_research_result_stage5c_requirement | Do not copy APOLLO OCR full text
XWL-HOFF-H5A-0125,F4-P3-017,T5A-0170|T5A-0171|T5A-0172,H5A-0125,REQ-5C-0027,R5B-PKG004-0015,REQ-5C-0027,UNMATCHED_VALIDATION_RULE,,Phase1_required,splice_check:添接計算実行方法,MAN-009,17,DOC-RBS-II,303,stage5b/evidence/DOC-RBS-II_pdfp0303_300dpi-R5B-PKG004-0015.png,JIS_TRACEABILITY_REQUIRED|MULTIPLE_SOURCES_REQUIRED|STANDARD_TRACEABILITY_REQUIRED,LOCATED,READY_ACCEPTED,READY,READY_SUBSET_OK,HISTORICAL_BASELINE_UNKNOWN_EDITION;TARGET_STANDARD_NOT_SELECTED,令和7年10月版 Ver.2.00（表紙・奥付確認済み・Target未選定）,NONE,,,,,REVIEWED,UNMATCHED_research_result_stage5c_requirement | Do not copy APOLLO OCR full text
XWL-HOFF-H5A-0127,F4-P3-018,T5A-0173|T5A-0174|T5A-0175,H5A-0127,REQ-5C-0028,R5B-PKG004-0016,REQ-5C-0028,UNMATCHED_VALIDATION_RULE,,Phase1_required,splice_check:設計計算書出力方法,MAN-009,18,DOC-RBS-II,303,stage5b/evidence/DOC-RBS-II_pdfp0303_300dpi-R5B-PKG004-0016.png,JIS_TRACEABILITY_REQUIRED|MULTIPLE_SOURCES_REQUIRED|STANDARD_TRACEABILITY_REQUIRED,LOCATED,READY_ACCEPTED,READY,READY_SUBSET_OK,HISTORICAL_BASELINE_UNKNOWN_EDITION;TARGET_STANDARD_NOT_SELECTED,令和7年10月版 Ver.2.00（表紙・奥付確認済み・Target未選定）,NONE,,,,,REVIEWED,UNMATCHED_research_result_stage5c_requirement | Do not copy APOLLO OCR full text
XWL-HOFF-H5A-0128,F4-P3-018,T5A-0173|T5A-0174|T5A-0175,H5A-0128,REQ-5C-0028,R5B-PKG004-0016,REQ-5C-0028,UNMATCHED_VALIDATION_RULE,,Phase1_required,splice_check:設計計算書出力方法,MAN-009,18,DOC-RBS-II,303,stage5b/evidence/DOC-RBS-II_pdfp0303_300dpi-R5B-PKG004-0016.png,JIS_TRACEABILITY_REQUIRED|MULTIPLE_SOURCES_REQUIRED|STANDARD_TRACEABILITY_REQUIRED,LOCATED,READY_ACCEPTED,READY,READY_SUBSET_OK,HISTORICAL_BASELINE_UNKNOWN_EDITION;TARGET_STANDARD_NOT_SELECTED,令和7年10月版 Ver.2.00（表紙・奥付確認済み・Target未選定）,NONE,,,,,REVIEWED,UNMATCHED_research_result_stage5c_requirement | Do not copy APOLLO OCR full text
XWL-HOFF-H5A-0135,F4-P3-025,T5A-0182,H5A-0135,,UNMATCHED_RESEARCH,,UNMATCHED_VALIDATION_RULE,,Phase1_required,section_check:適用不可事項,MAN-062,4,,,,STANDARD_TRACEABILITY_REQUIRED,,UNMATCHED_APOLLO,,UNKNOWN,HISTORICAL_BASELINE_UNKNOWN_EDITION; TARGET_STANDARD_NOT_SELECTED,,NONE,,,,,REVIEWED,UNMATCHED_research_result_stage5c_requirement | Do not copy APOLLO OCR full text; handoff without package primary req (expected many-to-subset)
XWL-HOFF-H5A-0137,F4-P3-026,T5A-0183|T5A-0184|T5A-0185,H5A-0137,REQ-5C-0035,R5B-PKG004-0023,REQ-5C-0035,UNMATCHED_VALIDATION_RULE,,Phase1_required,splice:添接計算の基本操作,MAN-063,3,DOC-RBS-II,303,stage5b/evidence/DOC-RBS-II_pdfp0303_300dpi-R5B-PKG004-0023.png,JIS_TRACEABILITY_REQUIRED|MULTIPLE_SOURCES_REQUIRED|STANDARD_TRACEABILITY_REQUIRED,LOCATED,READY_ACCEPTED,READY,READY_SUBSET_OK,HISTORICAL_BASELINE_UNKNOWN_EDITION;TARGET_STANDARD_NOT_SELECTED,令和7年10月版 Ver.2.00（表紙・奥付確認済み・Target未選定）,NONE,,,,,REVIEWED,UNMATCHED_research_result_stage5c_requirement | Do not copy APOLLO OCR full text
XWL-HOFF-H5A-0138,F4-P3-026,T5A-0183|T5A-0184|T5A-0185,H5A-0138,REQ-5C-0035,R5B-PKG004-0023,REQ-5C-0035,UNMATCHED_VALIDATION_RULE,,Phase1_required,splice:添接計算の基本操作,MAN-063,3,DOC-RBS-II,303,stage5b/evidence/DOC-RBS-II_pdfp0303_300dpi-R5B-PKG004-0023.png,JIS_TRACEABILITY_REQUIRED|MULTIPLE_SOURCES_REQUIRED|STANDARD_TRACEABILITY_REQUIRED,LOCATED,READY_ACCEPTED,READY,READY_SUBSET_OK,HISTORICAL_BASELINE_UNKNOWN_EDITION;TARGET_STANDARD_NOT_SELECTED,令和7年10月版 Ver.2.00（表紙・奥付確認済み・Target未選定）,NONE,,,,,REVIEWED,UNMATCHED_research_result_stage5c_requirement | Do not copy APOLLO OCR full text
XWL-HOFF-H5A-0140,F4-P3-027,T5A-0186|T5A-0187|T5A-0188,H5A-0140,REQ-5C-0036,R5B-PKG004-0024,REQ-5C-0036,UNMATCHED_VALIDATION_RULE,,Phase1_required,splice_geometry:部材寸法入力,MAN-063,3,DOC-RBS-II,303,stage5b/evidence/DOC-RBS-II_pdfp0303_300dpi-R5B-PKG004-0024.png,JIS_TRACEABILITY_REQUIRED|MULTIPLE_SOURCES_REQUIRED|STANDARD_TRACEABILITY_REQUIRED,LOCATED,READY_ACCEPTED,READY,READY_SUBSET_OK,HISTORICAL_BASELINE_UNKNOWN_EDITION;TARGET_STANDARD_NOT_SELECTED,令和7年10月版 Ver.2.00（表紙・奥付確認済み・Target未選定）,NONE,,,,,REVIEWED,UNMATCHED_research_result_stage5c_requirement | Do not copy APOLLO OCR full text
XWL-HOFF-H5A-0141,F4-P3-027,T5A-0186|T5A-0187|T5A-0188,H5A-0141,REQ-5C-0036,R5B-PKG004-0024,REQ-5C-0036,UNMATCHED_VALIDATION_RULE,,Phase1_required,splice_geometry:部材寸法入力,MAN-063,3,DOC-RBS-II,303,stage5b/evidence/DOC-RBS-II_pdfp0303_300dpi-R5B-PKG004-0024.png,JIS_TRACEABILITY_REQUIRED|MULTIPLE_SOURCES_REQUIRED|STANDARD_TRACEABILITY_REQUIRED,LOCATED,READY_ACCEPTED,READY,READY_SUBSET_OK,HISTORICAL_BASELINE_UNKNOWN_EDITION;TARGET_STANDARD_NOT_SELECTED,令和7年10月版 Ver.2.00（表紙・奥付確認済み・Target未選定）,NONE,,,,,REVIEWED,UNMATCHED_research_result_stage5c_requirement | Do not copy APOLLO OCR full text
XWL-HOFF-H5A-0142,F4-P3-028,T5A-0189|T5A-0190|T5A-0191,H5A-0142,,UNMATCHED_RESEARCH,,UNMATCHED_VALIDATION_RULE,BL-GAP-H5A-0142,Phase1_required,splice_bolt:ボルト配置の自動決定,MAN-063,3,,,,JIS_TRACEABILITY_REQUIRED|MULTIPLE_SOURCES_REQUIRED|STANDARD_TRACEABILITY_REQUIRED,,JIS_GAP_ACCEPTED,,BLOCKED,HISTORICAL_BASELINE_UNKNOWN_EDITION; TARGET_STANDARD_NOT_SELECTED,,NONE,,,BLOCKED_BY_SOURCE_GAP,,REVIEWED,UNMATCHED_research_result_stage5c_requirement | Do not copy APOLLO OCR full text
XWL-HOFF-H5A-0143,F4-P3-028,T5A-0189|T5A-0190|T5A-0191,H5A-0143,,UNMATCHED_RESEARCH,,UNMATCHED_VALIDATION_RULE,,Phase1_required,splice_bolt:ボルト配置の自動決定,MAN-063,3,,,,JIS_TRACEABILITY_REQUIRED|MULTIPLE_SOURCES_REQUIRED|STANDARD_TRACEABILITY_REQUIRED,,UNMATCHED_APOLLO,,UNKNOWN,HISTORICAL_BASELINE_UNKNOWN_EDITION; TARGET_STANDARD_NOT_SELECTED,,NONE,,,,,REVIEWED,UNMATCHED_research_result_stage5c_requirement | Do not copy APOLLO OCR full text; handoff without package primary req (expected many-to-subset)
XWL-HOFF-H5A-0144,F4-P3-028,T5A-0189|T5A-0190|T5A-0191,H5A-0144,,UNMATCHED_RESEARCH,,UNMATCHED_VALIDATION_RULE,BL-GAP-H5A-0144,Phase1_required,splice_bolt:ボルト配置の自動決定,MAN-063,3,,,,JIS_TRACEABILITY_REQUIRED|MULTIPLE_SOURCES_REQUIRED|STANDARD_TRACEABILITY_REQUIRED,,JIS_GAP_ACCEPTED,,BLOCKED,HISTORICAL_BASELINE_UNKNOWN_EDITION; TARGET_STANDARD_NOT_SELECTED,,NONE,,,BLOCKED_BY_SOURCE_GAP,,REVIEWED,UNMATCHED_research_result_stage5c_requirement | Do not copy APOLLO OCR full text
XWL-HOFF-H5A-0145,F4-P3-029,T5A-0192|T5A-0193|T5A-0194,H5A-0145,,UNMATCHED_RESEARCH,,UNMATCHED_VALIDATION_RULE,BL-GAP-H5A-0145,Phase1_required,splice_bolt:ボルト配置の変更,MAN-063,3,,,,JIS_TRACEABILITY_REQUIRED|MULTIPLE_SOURCES_REQUIRED|STANDARD_TRACEABILITY_REQUIRED,,JIS_GAP_ACCEPTED,,BLOCKED,HISTORICAL_BASELINE_UNKNOWN_EDITION; TARGET_STANDARD_NOT_SELECTED,,NONE,,,BLOCKED_BY_SOURCE_GAP,,REVIEWED,UNMATCHED_research_result_stage5c_requirement | Do not copy APOLLO OCR full text
XWL-HOFF-H5A-0146,F4-P3-029,T5A-0192|T5A-0193|T5A-0194,H5A-0146,,UNMATCHED_RESEARCH,,UNMATCHED_VALIDATION_RULE,,Phase1_required,splice_bolt:ボルト配置の変更,MAN-063,3,,,,JIS_TRACEABILITY_REQUIRED|MULTIPLE_SOURCES_REQUIRED|STANDARD_TRACEABILITY_REQUIRED,,UNMATCHED_APOLLO,,UNKNOWN,HISTORICAL_BASELINE_UNKNOWN_EDITION; TARGET_STANDARD_NOT_SELECTED,,NONE,,,,,REVIEWED,UNMATCHED_research_result_stage5c_requirement | Do not copy APOLLO OCR full text; handoff without package primary req (expected many-to-subset)
XWL-HOFF-H5A-0147,F4-P3-029,T5A-0192|T5A-0193|T5A-0194,H5A-0147,,UNMATCHED_RESEARCH,,UNMATCHED_VALIDATION_RULE,BL-GAP-H5A-0147,Phase1_required,splice_bolt:ボルト配置の変更,MAN-063,3,,,,JIS_TRACEABILITY_REQUIRED|MULTIPLE_SOURCES_REQUIRED|STANDARD_TRACEABILITY_REQUIRED,,JIS_GAP_ACCEPTED,,BLOCKED,HISTORICAL_BASELINE_UNKNOWN_EDITION; TARGET_STANDARD_NOT_SELECTED,,NONE,,,BLOCKED_BY_SOURCE_GAP,,REVIEWED,UNMATCHED_research_result_stage5c_requirement | Do not copy APOLLO OCR full text
XWL-HOFF-H5A-0149,F4-P3-030,T5A-0195|T5A-0196|T5A-0197,H5A-0149,REQ-5C-0037,R5B-PKG004-0025,REQ-5C-0037,UNMATCHED_VALIDATION_RULE,,Phase1_required,splice_check:適用範囲,MAN-063,7,DOC-RBS-II,303,stage5b/evidence/DOC-RBS-II_pdfp0303_300dpi-R5B-PKG004-0025.png,JIS_TRACEABILITY_REQUIRED|MULTIPLE_SOURCES_REQUIRED|STANDARD_TRACEABILITY_REQUIRED,LOCATED,READY_ACCEPTED,READY,READY_SUBSET_OK,HISTORICAL_BASELINE_UNKNOWN_EDITION;TARGET_STANDARD_NOT_SELECTED,令和7年10月版 Ver.2.00（表紙・奥付確認済み・Target未選定）,NONE,,,,,REVIEWED,UNMATCHED_research_result_stage5c_requirement | Do not copy APOLLO OCR full text
XWL-HOFF-H5A-0150,F4-P3-030,T5A-0195|T5A-0196|T5A-0197,H5A-0150,REQ-5C-0037,R5B-PKG004-0025,REQ-5C-0037,UNMATCHED_VALIDATION_RULE,,Phase1_required,splice_check:適用範囲,MAN-063,7,DOC-RBS-II,303,stage5b/evidence/DOC-RBS-II_pdfp0303_300dpi-R5B-PKG004-0025.png,JIS_TRACEABILITY_REQUIRED|MULTIPLE_SOURCES_REQUIRED|STANDARD_TRACEABILITY_REQUIRED,LOCATED,READY_ACCEPTED,READY,READY_SUBSET_OK,HISTORICAL_BASELINE_UNKNOWN_EDITION;TARGET_STANDARD_NOT_SELECTED,令和7年10月版 Ver.2.00（表紙・奥付確認済み・Target未選定）,NONE,,,,,REVIEWED,UNMATCHED_research_result_stage5c_requirement | Do not copy APOLLO OCR full text
XWL-HOFF-H5A-0152,F4-P3-031,T5A-0198|T5A-0199|T5A-0200,H5A-0152,REQ-5C-0038,R5B-PKG004-0026,REQ-5C-0038,UNMATCHED_VALIDATION_RULE,,Phase1_required,splice_check:計算方法の種類,MAN-063,7,DOC-RBS-II,303,stage5b/evidence/DOC-RBS-II_pdfp0303_300dpi-R5B-PKG004-0026.png,JIS_TRACEABILITY_REQUIRED|MULTIPLE_SOURCES_REQUIRED|STANDARD_TRACEABILITY_REQUIRED,LOCATED,READY_ACCEPTED,READY,READY_SUBSET_OK,HISTORICAL_BASELINE_UNKNOWN_EDITION;TARGET_STANDARD_NOT_SELECTED,令和7年10月版 Ver.2.00（表紙・奥付確認済み・Target未選定）,NONE,,,,,REVIEWED,UNMATCHED_research_result_stage5c_requirement | Do not copy APOLLO OCR full text
XWL-HOFF-H5A-0153,F4-P3-031,T5A-0198|T5A-0199|T5A-0200,H5A-0153,REQ-5C-0038,R5B-PKG004-0026,REQ-5C-0038,UNMATCHED_VALIDATION_RULE,,Phase1_required,splice_check:計算方法の種類,MAN-063,7,DOC-RBS-II,303,stage5b/evidence/DOC-RBS-II_pdfp0303_300dpi-R5B-PKG004-0026.png,JIS_TRACEABILITY_REQUIRED|MULTIPLE_SOURCES_REQUIRED|STANDARD_TRACEABILITY_REQUIRED,LOCATED,READY_ACCEPTED,READY,READY_SUBSET_OK,HISTORICAL_BASELINE_UNKNOWN_EDITION;TARGET_STANDARD_NOT_SELECTED,令和7年10月版 Ver.2.00（表紙・奥付確認済み・Target未選定）,NONE,,,,,REVIEWED,UNMATCHED_research_result_stage5c_requirement | Do not copy APOLLO OCR full text
XWL-HOFF-H5A-0154,F4-P3-032,T5A-0201|T5A-0202|T5A-0203,H5A-0154,,UNMATCHED_RESEARCH,,UNMATCHED_VALIDATION_RULE,BL-GAP-H5A-0154,Phase1_required,splice_bolt:ボルト自動配置の方法,MAN-063,7,,,,JIS_TRACEABILITY_REQUIRED|MULTIPLE_SOURCES_REQUIRED|STANDARD_TRACEABILITY_REQUIRED,,JIS_GAP_ACCEPTED,,BLOCKED,HISTORICAL_BASELINE_UNKNOWN_EDITION; TARGET_STANDARD_NOT_SELECTED,,NONE,,,BLOCKED_BY_SOURCE_GAP,,REVIEWED,UNMATCHED_research_result_stage5c_requirement | Do not copy APOLLO OCR full text
XWL-HOFF-H5A-0155,F4-P3-032,T5A-0201|T5A-0202|T5A-0203,H5A-0155,,UNMATCHED_RESEARCH,,UNMATCHED_VALIDATION_RULE,,Phase1_required,splice_bolt:ボルト自動配置の方法,MAN-063,7,,,,JIS_TRACEABILITY_REQUIRED|MULTIPLE_SOURCES_REQUIRED|STANDARD_TRACEABILITY_REQUIRED,,UNMATCHED_APOLLO,,UNKNOWN,HISTORICAL_BASELINE_UNKNOWN_EDITION; TARGET_STANDARD_NOT_SELECTED,,NONE,,,,,REVIEWED,UNMATCHED_research_result_stage5c_requirement | Do not copy APOLLO OCR full text; handoff without package primary req (expected many-to-subset)
XWL-HOFF-H5A-0156,F4-P3-032,T5A-0201|T5A-0202|T5A-0203,H5A-0156,,UNMATCHED_RESEARCH,,UNMATCHED_VALIDATION_RULE,BL-GAP-H5A-0156,Phase1_required,splice_bolt:ボルト自動配置の方法,MAN-063,7,,,,JIS_TRACEABILITY_REQUIRED|MULTIPLE_SOURCES_REQUIRED|STANDARD_TRACEABILITY_REQUIRED,,JIS_GAP_ACCEPTED,,BLOCKED,HISTORICAL_BASELINE_UNKNOWN_EDITION; TARGET_STANDARD_NOT_SELECTED,,NONE,,,BLOCKED_BY_SOURCE_GAP,,REVIEWED,UNMATCHED_research_result_stage5c_requirement | Do not copy APOLLO OCR full text
XWL-HOFF-H5A-0158,F4-P3-033,T5A-0204|T5A-0205|T5A-0206,H5A-0158,REQ-5C-0039,R5B-PKG004-0027,REQ-5C-0039,UNMATCHED_VALIDATION_RULE,,Phase1_required,splice_plate:フランジ方式の計算方法,MAN-063,7,DOC-RBS-II,303,stage5b/evidence/DOC-RBS-II_pdfp0303_300dpi-R5B-PKG004-0027.png,JIS_TRACEABILITY_REQUIRED|MULTIPLE_SOURCES_REQUIRED|STANDARD_TRACEABILITY_REQUIRED,LOCATED,READY_ACCEPTED,READY,READY_SUBSET_OK,HISTORICAL_BASELINE_UNKNOWN_EDITION;TARGET_STANDARD_NOT_SELECTED,令和7年10月版 Ver.2.00（表紙・奥付確認済み・Target未選定）,NONE,,,,,REVIEWED,UNMATCHED_research_result_stage5c_requirement | Do not copy APOLLO OCR full text
XWL-HOFF-H5A-0159,F4-P3-033,T5A-0204|T5A-0205|T5A-0206,H5A-0159,REQ-5C-0039,R5B-PKG004-0027,REQ-5C-0039,UNMATCHED_VALIDATION_RULE,,Phase1_required,splice_plate:フランジ方式の計算方法,MAN-063,7,DOC-RBS-II,303,stage5b/evidence/DOC-RBS-II_pdfp0303_300dpi-R5B-PKG004-0027.png,JIS_TRACEABILITY_REQUIRED|MULTIPLE_SOURCES_REQUIRED|STANDARD_TRACEABILITY_REQUIRED,LOCATED,READY_ACCEPTED,READY,READY_SUBSET_OK,HISTORICAL_BASELINE_UNKNOWN_EDITION;TARGET_STANDARD_NOT_SELECTED,令和7年10月版 Ver.2.00（表紙・奥付確認済み・Target未選定）,NONE,,,,,REVIEWED,UNMATCHED_research_result_stage5c_requirement | Do not copy APOLLO OCR full text
XWL-HOFF-H5A-0161,F4-P3-034,T5A-0207|T5A-0208|T5A-0209,H5A-0161,REQ-5C-0040,R5B-PKG004-0028,REQ-5C-0040,UNMATCHED_VALIDATION_RULE,,Phase1_required,splice_plate:腹板の計算方法,MAN-063,7,DOC-RBS-II,303,stage5b/evidence/DOC-RBS-II_pdfp0303_300dpi-R5B-PKG004-0028.png,JIS_TRACEABILITY_REQUIRED|MULTIPLE_SOURCES_REQUIRED|STANDARD_TRACEABILITY_REQUIRED,LOCATED,READY_ACCEPTED,READY,READY_SUBSET_OK,HISTORICAL_BASELINE_UNKNOWN_EDITION;TARGET_STANDARD_NOT_SELECTED,令和7年10月版 Ver.2.00（表紙・奥付確認済み・Target未選定）,NONE,,,,,REVIEWED,UNMATCHED_research_result_stage5c_requirement | Do not copy APOLLO OCR full text
XWL-HOFF-H5A-0162,F4-P3-034,T5A-0207|T5A-0208|T5A-0209,H5A-0162,REQ-5C-0040,R5B-PKG004-0028,REQ-5C-0040,UNMATCHED_VALIDATION_RULE,,Phase1_required,splice_plate:腹板の計算方法,MAN-063,7,DOC-RBS-II,303,stage5b/evidence/DOC-RBS-II_pdfp0303_300dpi-R5B-PKG004-0028.png,JIS_TRACEABILITY_REQUIRED|MULTIPLE_SOURCES_REQUIRED|STANDARD_TRACEABILITY_REQUIRED,LOCATED,READY_ACCEPTED,READY,READY_SUBSET_OK,HISTORICAL_BASELINE_UNKNOWN_EDITION;TARGET_STANDARD_NOT_SELECTED,令和7年10月版 Ver.2.00（表紙・奥付確認済み・Target未選定）,NONE,,,,,REVIEWED,UNMATCHED_research_result_stage5c_requirement | Do not copy APOLLO OCR full text
XWL-HOFF-H5A-0164,F4-P3-035,T5A-0210|T5A-0211|T5A-0212,H5A-0164,REQ-5C-0041,R5B-PKG004-0029,REQ-5C-0041,UNMATCHED_VALIDATION_RULE,,Phase1_required,splice_plate:フランジ添接板の必要断面積,MAN-063,7,DOC-RBS-II,303,stage5b/evidence/DOC-RBS-II_pdfp0303_300dpi-R5B-PKG004-0029.png,JIS_TRACEABILITY_REQUIRED|MULTIPLE_SOURCES_REQUIRED|STANDARD_TRACEABILITY_REQUIRED,LOCATED,READY_ACCEPTED,READY,READY_SUBSET_OK,HISTORICAL_BASELINE_UNKNOWN_EDITION;TARGET_STANDARD_NOT_SELECTED,令和7年10月版 Ver.2.00（表紙・奥付確認済み・Target未選定）,NONE,,,,,REVIEWED,UNMATCHED_research_result_stage5c_requirement | Do not copy APOLLO OCR full text
XWL-HOFF-H5A-0165,F4-P3-035,T5A-0210|T5A-0211|T5A-0212,H5A-0165,REQ-5C-0041,R5B-PKG004-0029,REQ-5C-0041,UNMATCHED_VALIDATION_RULE,,Phase1_required,splice_plate:フランジ添接板の必要断面積,MAN-063,7,DOC-RBS-II,303,stage5b/evidence/DOC-RBS-II_pdfp0303_300dpi-R5B-PKG004-0029.png,JIS_TRACEABILITY_REQUIRED|MULTIPLE_SOURCES_REQUIRED|STANDARD_TRACEABILITY_REQUIRED,LOCATED,READY_ACCEPTED,READY,READY_SUBSET_OK,HISTORICAL_BASELINE_UNKNOWN_EDITION;TARGET_STANDARD_NOT_SELECTED,令和7年10月版 Ver.2.00（表紙・奥付確認済み・Target未選定）,NONE,,,,,REVIEWED,UNMATCHED_research_result_stage5c_requirement | Do not copy APOLLO OCR full text
XWL-HOFF-H5A-0167,F4-P3-037,T5A-0214|T5A-0215|T5A-0216,H5A-0167,REQ-5C-0043,R5B-PKG004-0031,REQ-5C-0043,UNMATCHED_VALIDATION_RULE,,unknown,girder_material:girder_material,MAN-008,NONE,DOC-RBS-II,92,stage5b/evidence/DOC-RBS-II_pdfp0092_300dpi-R5B-PKG004-0031.png,JIS_TRACEABILITY_REQUIRED|MULTIPLE_SOURCES_REQUIRED|STANDARD_TRACEABILITY_REQUIRED,LOCATED,READY_ACCEPTED,READY,READY_SUBSET_OK,HISTORICAL_BASELINE_UNKNOWN_EDITION;TARGET_STANDARD_NOT_SELECTED,令和7年10月版 Ver.2.00（表紙・奥付確認済み・Target未選定）,NONE,,,,,REVIEWED,UNMATCHED_research_result_stage5c_requirement | Do not copy APOLLO OCR full text
XWL-HOFF-H5A-0169,F4-P3-037,T5A-0214|T5A-0215|T5A-0216,H5A-0169,REQ-5C-0043,R5B-PKG004-0031,REQ-5C-0043,UNMATCHED_VALIDATION_RULE,,unknown,girder_material:girder_material,MAN-008,NONE,DOC-RBS-II,92,stage5b/evidence/DOC-RBS-II_pdfp0092_300dpi-R5B-PKG004-0031.png,JIS_TRACEABILITY_REQUIRED|MULTIPLE_SOURCES_REQUIRED|STANDARD_TRACEABILITY_REQUIRED,LOCATED,READY_ACCEPTED,READY,READY_SUBSET_OK,HISTORICAL_BASELINE_UNKNOWN_EDITION;TARGET_STANDARD_NOT_SELECTED,令和7年10月版 Ver.2.00（表紙・奥付確認済み・Target未選定）,NONE,,,,,REVIEWED,UNMATCHED_research_result_stage5c_requirement | Do not copy APOLLO OCR full text
XWL-HOFF-H5A-0181,F4-P4-007,T5A-0227|T5A-0228,H5A-0181,REQ-5C-0053,R5B-PKG004-0041,REQ-5C-0053,UNMATCHED_VALIDATION_RULE,,Phase1_required,sway_bracing:対傾構骨組み寸法,MAN-011,7,DOC-RBS-II,431,stage5b/evidence/DOC-RBS-II_pdfp0431_300dpi-R5B-PKG004-0041.png,DESIGN_PRACTICE_TRACEABILITY_REQUIRED|STANDARD_TRACEABILITY_REQUIRED,LOCATED,READY_ACCEPTED,READY,READY_SUBSET_OK,HISTORICAL_BASELINE_UNKNOWN_EDITION;TARGET_STANDARD_NOT_SELECTED,令和7年10月版 Ver.2.00（表紙・奥付確認済み・Target未選定）,NONE,,,,,REVIEWED,UNMATCHED_research_result_stage5c_requirement | Do not copy APOLLO OCR full text
XWL-HOFF-H5A-0183,F4-P4-008,T5A-0229|T5A-0230,H5A-0183,REQ-5C-0054,R5B-PKG004-0042,REQ-5C-0054,UNMATCHED_VALIDATION_RULE,,Phase1_required,sway_bracing:対傾構水平荷重載荷方法,MAN-011,8,DOC-RBS-II,431,stage5b/evidence/DOC-RBS-II_pdfp0431_300dpi-R5B-PKG004-0042.png,DESIGN_PRACTICE_TRACEABILITY_REQUIRED|STANDARD_TRACEABILITY_REQUIRED,LOCATED,READY_ACCEPTED,READY,READY_SUBSET_OK,HISTORICAL_BASELINE_UNKNOWN_EDITION;TARGET_STANDARD_NOT_SELECTED,令和7年10月版 Ver.2.00（表紙・奥付確認済み・Target未選定）,NONE,,,,,REVIEWED,UNMATCHED_research_result_stage5c_requirement | Do not copy APOLLO OCR full text
XWL-HOFF-H5A-0185,F4-P4-009,T5A-0231|T5A-0232,H5A-0185,REQ-5C-0055,R5B-PKG004-0043,REQ-5C-0055,UNMATCHED_VALIDATION_RULE,,Phase1_required,sway_bracing:対傾構断面指定,MAN-011,8,DOC-RBS-II,431,stage5b/evidence/DOC-RBS-II_pdfp0431_300dpi-R5B-PKG004-0043.png,DESIGN_PRACTICE_TRACEABILITY_REQUIRED|STANDARD_TRACEABILITY_REQUIRED,LOCATED,READY_ACCEPTED,READY,READY_SUBSET_OK,HISTORICAL_BASELINE_UNKNOWN_EDITION;TARGET_STANDARD_NOT_SELECTED,令和7年10月版 Ver.2.00（表紙・奥付確認済み・Target未選定）,NONE,,,,,REVIEWED,UNMATCHED_research_result_stage5c_requirement | Do not copy APOLLO OCR full text
XWL-HOFF-H5A-0187,F4-P4-010,T5A-0233|T5A-0234,H5A-0187,REQ-5C-0056,R5B-PKG004-0044,REQ-5C-0056,UNMATCHED_VALIDATION_RULE,,Phase1_required,lateral_bracing:横構断面指定,MAN-011,9,DOC-RBS-II,433,stage5b/evidence/DOC-RBS-II_pdfp0433_300dpi-R5B-PKG004-0044.png,DESIGN_PRACTICE_TRACEABILITY_REQUIRED|STANDARD_TRACEABILITY_REQUIRED,LOCATED,READY_ACCEPTED,READY,READY_SUBSET_OK,HISTORICAL_BASELINE_UNKNOWN_EDITION;TARGET_STANDARD_NOT_SELECTED,令和7年10月版 Ver.2.00（表紙・奥付確認済み・Target未選定）,NONE,,,,,REVIEWED,UNMATCHED_research_result_stage5c_requirement | Do not copy APOLLO OCR full text
XWL-HOFF-H5A-0189,F4-P4-011,T5A-0235|T5A-0236,H5A-0189,REQ-5C-0057,R5B-PKG004-0045,REQ-5C-0057,UNMATCHED_VALIDATION_RULE,,Phase1_optional,sway_bracing:BuiltUP断面指定,MAN-011,9,DOC-RBS-II,431,stage5b/evidence/DOC-RBS-II_pdfp0431_300dpi-R5B-PKG004-0045.png,DESIGN_PRACTICE_TRACEABILITY_REQUIRED|STANDARD_TRACEABILITY_REQUIRED,LOCATED,READY_ACCEPTED,READY,READY_SUBSET_OK,HISTORICAL_BASELINE_UNKNOWN_EDITION;TARGET_STANDARD_NOT_SELECTED,令和7年10月版 Ver.2.00（表紙・奥付確認済み・Target未選定）,NONE,,,,,REVIEWED,UNMATCHED_research_result_stage5c_requirement | Do not copy APOLLO OCR full text
XWL-HOFF-H5A-0191,F4-P4-012,T5A-0237|T5A-0238,H5A-0191,REQ-5C-0058,R5B-PKG004-0046,REQ-5C-0058,UNMATCHED_VALIDATION_RULE,,Phase1_optional,sway_bracing:支点上対傾構横桁形状変更,MAN-011,10,DOC-RBS-II,431,stage5b/evidence/DOC-RBS-II_pdfp0431_300dpi-R5B-PKG004-0046.png,DESIGN_PRACTICE_TRACEABILITY_REQUIRED|STANDARD_TRACEABILITY_REQUIRED,LOCATED,READY_ACCEPTED,READY,READY_SUBSET_OK,HISTORICAL_BASELINE_UNKNOWN_EDITION;TARGET_STANDARD_NOT_SELECTED,令和7年10月版 Ver.2.00（表紙・奥付確認済み・Target未選定）,NONE,,,,,REVIEWED,UNMATCHED_research_result_stage5c_requirement | Do not copy APOLLO OCR full text
XWL-HOFF-H5A-0193,F4-P4-013,T5A-0239|T5A-0240,H5A-0193,REQ-5C-0059,R5B-PKG004-0047,REQ-5C-0059,UNMATCHED_VALIDATION_RULE,,Phase1_optional,lateral_bracing:横構骨組み組み方変更,MAN-011,13,DOC-RBS-II,433,stage5b/evidence/DOC-RBS-II_pdfp0433_300dpi-R5B-PKG004-0047.png,DESIGN_PRACTICE_TRACEABILITY_REQUIRED|STANDARD_TRACEABILITY_REQUIRED,LOCATED,READY_ACCEPTED,READY,READY_SUBSET_OK,HISTORICAL_BASELINE_UNKNOWN_EDITION;TARGET_STANDARD_NOT_SELECTED,令和7年10月版 Ver.2.00（表紙・奥付確認済み・Target未選定）,NONE,,,,,REVIEWED,UNMATCHED_research_result_stage5c_requirement | Do not copy APOLLO OCR full text
XWL-HOFF-H5A-0195,F4-P4-014,T5A-0241|T5A-0242,H5A-0195,REQ-5C-0060,R5B-PKG004-0048,REQ-5C-0060,UNMATCHED_VALIDATION_RULE,,Phase1_optional,sway_bracing:対傾構斜材溶接向き変更,MAN-011,14,DOC-RBS-II,431,stage5b/evidence/DOC-RBS-II_pdfp0431_300dpi-R5B-PKG004-0048.png,DESIGN_PRACTICE_TRACEABILITY_REQUIRED|STANDARD_TRACEABILITY_REQUIRED,LOCATED,READY_ACCEPTED,READY,READY_SUBSET_OK,HISTORICAL_BASELINE_UNKNOWN_EDITION;TARGET_STANDARD_NOT_SELECTED,令和7年10月版 Ver.2.00（表紙・奥付確認済み・Target未選定）,NONE,,,,,REVIEWED,UNMATCHED_research_result_stage5c_requirement | Do not copy APOLLO OCR full text
XWL-HOFF-H5A-0197,F4-P4-015,T5A-0243|T5A-0244,H5A-0197,REQ-5C-0061,R5B-PKG004-0049,REQ-5C-0061,UNMATCHED_VALIDATION_RULE,,Phase1_optional,sway_bracing:対傾構水平荷重受け持ち組数変更,MAN-011,14,DOC-RBS-II,431,stage5b/evidence/DOC-RBS-II_pdfp0431_300dpi-R5B-PKG004-0049.png,DESIGN_PRACTICE_TRACEABILITY_REQUIRED|STANDARD_TRACEABILITY_REQUIRED,LOCATED,READY_ACCEPTED,READY,READY_SUBSET_OK,HISTORICAL_BASELINE_UNKNOWN_EDITION;TARGET_STANDARD_NOT_SELECTED,令和7年10月版 Ver.2.00（表紙・奥付確認済み・Target未選定）,NONE,,,,,REVIEWED,UNMATCHED_research_result_stage5c_requirement | Do not copy APOLLO OCR full text
XWL-HOFF-H5A-0199,F4-P4-016,T5A-0245|T5A-0246,H5A-0199,REQ-5C-0062,R5B-PKG004-0050,REQ-5C-0062,UNMATCHED_VALIDATION_RULE,,Phase1_optional,lateral_bracing:横構配置図作成,MAN-011,15,DOC-RBS-II,433,stage5b/evidence/DOC-RBS-II_pdfp0433_300dpi-R5B-PKG004-0050.png,DESIGN_PRACTICE_TRACEABILITY_REQUIRED|STANDARD_TRACEABILITY_REQUIRED,LOCATED,READY_ACCEPTED,READY,READY_SUBSET_OK,HISTORICAL_BASELINE_UNKNOWN_EDITION;TARGET_STANDARD_NOT_SELECTED,令和7年10月版 Ver.2.00（表紙・奥付確認済み・Target未選定）,NONE,,,,,REVIEWED,UNMATCHED_research_result_stage5c_requirement | Do not copy APOLLO OCR full text
XWL-HOFF-H5A-0201,F4-P4-017,T5A-0247|T5A-0248,H5A-0201,REQ-5C-0063,R5B-PKG004-0051,REQ-5C-0063,UNMATCHED_VALIDATION_RULE,,Phase1_optional,lateral_bracing:横構細長比一次部材変更,MAN-011,16,DOC-RBS-II,433,stage5b/evidence/DOC-RBS-II_pdfp0433_300dpi-R5B-PKG004-0051.png,DESIGN_PRACTICE_TRACEABILITY_REQUIRED|STANDARD_TRACEABILITY_REQUIRED,LOCATED,READY_ACCEPTED,READY,READY_SUBSET_OK,HISTORICAL_BASELINE_UNKNOWN_EDITION;TARGET_STANDARD_NOT_SELECTED,令和7年10月版 Ver.2.00（表紙・奥付確認済み・Target未選定）,NONE,,,,,REVIEWED,UNMATCHED_research_result_stage5c_requirement | Do not copy APOLLO OCR full text
XWL-HOFF-H5A-0214,F4-P4-030,T5A-0261|T5A-0262,H5A-0214,,UNMATCHED_RESEARCH,,UNMATCHED_VALIDATION_RULE,BL-APOLLO-H5A-0214,Phase1_required,support_condition:支承条件データ,MAN-005,12,,,,PROJECT_DECISION|STANDARD_TRACEABILITY_REQUIRED,,APOLLO_RETURN_ACCEPTED,,NOT_EXTERNAL_BLOCK,HISTORICAL_BASELINE_UNKNOWN_EDITION; TARGET_STANDARD_NOT_SELECTED,,NONE,RETURN_TO_APOLLO,,,,REVIEWED,UNMATCHED_research_result_stage5c_requirement | Do not copy APOLLO OCR full text
XWL-HOFF-H5A-0218,F4-P5-001,T5A-0273|T5A-0274,H5A-0218,REQ-5C-0079,R5B-PKG004-0067,REQ-5C-0079,UNMATCHED_VALIDATION_RULE,,Phase1_required,analysis_input_generation:解析データ作成,MAN-007,4,DOC-RBS-II,80,stage5b/evidence/DOC-RBS-II_pdfp0080_300dpi-R5B-PKG004-0067.png,SOFTWARE_SPECIFIC|STANDARD_TRACEABILITY_REQUIRED,LOCATED,READY_ACCEPTED,READY,READY_SUBSET_OK,HISTORICAL_BASELINE_UNKNOWN_EDITION;TARGET_STANDARD_NOT_SELECTED,令和7年10月版 Ver.2.00（表紙・奥付確認済み・Target未選定）,NONE,,,,,REVIEWED,UNMATCHED_research_result_stage5c_requirement | Do not copy APOLLO OCR full text
XWL-HOFF-H5A-0220,F4-P5-002,T5A-0275|T5A-0276,H5A-0220,,UNMATCHED_RESEARCH,,UNMATCHED_VALIDATION_RULE,BL-APOLLO-H5A-0220,Phase1_required,analysis_input_generation:主桁仮定剛度,MAN-007,4,,,,SOFTWARE_SPECIFIC|STANDARD_TRACEABILITY_REQUIRED,,APOLLO_RETURN_ACCEPTED,,NOT_EXTERNAL_BLOCK,HISTORICAL_BASELINE_UNKNOWN_EDITION; TARGET_STANDARD_NOT_SELECTED,,NONE,RETURN_TO_APOLLO,,,,REVIEWED,UNMATCHED_research_result_stage5c_requirement | Do not copy APOLLO OCR full text
XWL-HOFF-H5A-0221,F4-P5-002,T5A-0275|T5A-0276,H5A-0221,,UNMATCHED_RESEARCH,,UNMATCHED_VALIDATION_RULE,,Phase1_required,analysis_input_generation:主桁仮定剛度,MAN-007,4,,,,SOFTWARE_SPECIFIC|STANDARD_TRACEABILITY_REQUIRED,,UNMATCHED_APOLLO,,UNKNOWN,HISTORICAL_BASELINE_UNKNOWN_EDITION; TARGET_STANDARD_NOT_SELECTED,,NONE,,,,,REVIEWED,UNMATCHED_research_result_stage5c_requirement | Do not copy APOLLO OCR full text; handoff without package primary req (expected many-to-subset)
XWL-HOFF-H5A-0222,F4-P5-003,T5A-0277|T5A-0278,H5A-0222,,UNMATCHED_RESEARCH,,UNMATCHED_VALIDATION_RULE,BL-APOLLO-H5A-0222,Phase1_required,analysis_input_generation:横桁・対傾構仮定剛度,MAN-007,5,,,,SOFTWARE_SPECIFIC|STANDARD_TRACEABILITY_REQUIRED,,APOLLO_RETURN_ACCEPTED,,NOT_EXTERNAL_BLOCK,HISTORICAL_BASELINE_UNKNOWN_EDITION; TARGET_STANDARD_NOT_SELECTED,,NONE,RETURN_TO_APOLLO,,,,REVIEWED,UNMATCHED_research_result_stage5c_requirement | Do not copy APOLLO OCR full text
XWL-HOFF-H5A-0223,F4-P5-003,T5A-0277|T5A-0278,H5A-0223,,UNMATCHED_RESEARCH,,UNMATCHED_VALIDATION_RULE,,Phase1_required,analysis_input_generation:横桁・対傾構仮定剛度,MAN-007,5,,,,SOFTWARE_SPECIFIC|STANDARD_TRACEABILITY_REQUIRED,,UNMATCHED_APOLLO,,UNKNOWN,HISTORICAL_BASELINE_UNKNOWN_EDITION; TARGET_STANDARD_NOT_SELECTED,,NONE,,,,,REVIEWED,UNMATCHED_research_result_stage5c_requirement | Do not copy APOLLO OCR full text; handoff without package primary req (expected many-to-subset)
XWL-HOFF-H5A-0224,F4-P5-004,T5A-0279|T5A-0280,H5A-0224,,UNMATCHED_RESEARCH,,UNMATCHED_VALIDATION_RULE,BL-APOLLO-H5A-0224,Phase1_required,analysis_input_generation:仮定鋼重,MAN-007,5,,,,SOFTWARE_SPECIFIC|STANDARD_TRACEABILITY_REQUIRED,,APOLLO_RETURN_ACCEPTED,,NOT_EXTERNAL_BLOCK,HISTORICAL_BASELINE_UNKNOWN_EDITION; TARGET_STANDARD_NOT_SELECTED,,NONE,RETURN_TO_APOLLO,,,,REVIEWED,UNMATCHED_research_result_stage5c_requirement | Do not copy APOLLO OCR full text
XWL-HOFF-H5A-0225,F4-P5-004,T5A-0279|T5A-0280,H5A-0225,,UNMATCHED_RESEARCH,,UNMATCHED_VALIDATION_RULE,,Phase1_required,analysis_input_generation:仮定鋼重,MAN-007,5,,,,SOFTWARE_SPECIFIC|STANDARD_TRACEABILITY_REQUIRED,,UNMATCHED_APOLLO,,UNKNOWN,HISTORICAL_BASELINE_UNKNOWN_EDITION; TARGET_STANDARD_NOT_SELECTED,,NONE,,,,,REVIEWED,UNMATCHED_research_result_stage5c_requirement | Do not copy APOLLO OCR full text; handoff without package primary req (expected many-to-subset)
XWL-HOFF-H5A-0226,F4-P5-005,T5A-0281|T5A-0282,H5A-0226,,UNMATCHED_RESEARCH,,UNMATCHED_VALIDATION_RULE,BL-APOLLO-H5A-0226,Phase1_required,analysis_model:Analyzer骨組み任意指定,MAN-007,6,,,,SOFTWARE_SPECIFIC|STANDARD_TRACEABILITY_REQUIRED,,APOLLO_RETURN_ACCEPTED,,NOT_EXTERNAL_BLOCK,HISTORICAL_BASELINE_UNKNOWN_EDITION; TARGET_STANDARD_NOT_SELECTED,,NONE,RETURN_TO_APOLLO,,,,REVIEWED,UNMATCHED_research_result_stage5c_requirement | Do not copy APOLLO OCR full text
XWL-HOFF-H5A-0227,F4-P5-005,T5A-0281|T5A-0282,H5A-0227,,UNMATCHED_RESEARCH,,UNMATCHED_VALIDATION_RULE,,Phase1_required,analysis_model:Analyzer骨組み任意指定,MAN-007,6,,,,SOFTWARE_SPECIFIC|STANDARD_TRACEABILITY_REQUIRED,,UNMATCHED_APOLLO,,UNKNOWN,HISTORICAL_BASELINE_UNKNOWN_EDITION; TARGET_STANDARD_NOT_SELECTED,,NONE,,,,,REVIEWED,UNMATCHED_research_result_stage5c_requirement | Do not copy APOLLO OCR full text; handoff without package primary req (expected many-to-subset)
XWL-HOFF-H5A-0228,F4-P5-006,T5A-0283|T5A-0284,H5A-0228,,UNMATCHED_RESEARCH,,UNMATCHED_VALIDATION_RULE,BL-APOLLO-H5A-0228,Phase1_required,analysis_model:節点変更,MAN-007,6,,,,SOFTWARE_SPECIFIC|STANDARD_TRACEABILITY_REQUIRED,,APOLLO_RETURN_ACCEPTED,,NOT_EXTERNAL_BLOCK,HISTORICAL_BASELINE_UNKNOWN_EDITION; TARGET_STANDARD_NOT_SELECTED,,NONE,RETURN_TO_APOLLO,,,,REVIEWED,UNMATCHED_research_result_stage5c_requirement | Do not copy APOLLO OCR full text
XWL-HOFF-H5A-0229,F4-P5-006,T5A-0283|T5A-0284,H5A-0229,,UNMATCHED_RESEARCH,,UNMATCHED_VALIDATION_RULE,,Phase1_required,analysis_model:節点変更,MAN-007,6,,,,SOFTWARE_SPECIFIC|STANDARD_TRACEABILITY_REQUIRED,,UNMATCHED_APOLLO,,UNKNOWN,HISTORICAL_BASELINE_UNKNOWN_EDITION; TARGET_STANDARD_NOT_SELECTED,,NONE,,,,,REVIEWED,UNMATCHED_research_result_stage5c_requirement | Do not copy APOLLO OCR full text; handoff without package primary req (expected many-to-subset)
XWL-HOFF-H5A-0230,F4-P5-007,T5A-0285|T5A-0286,H5A-0230,,UNMATCHED_RESEARCH,,UNMATCHED_VALIDATION_RULE,BL-APOLLO-H5A-0230,Phase1_required,analysis_model:要素変更,MAN-007,7,,,,SOFTWARE_SPECIFIC|STANDARD_TRACEABILITY_REQUIRED,,APOLLO_RETURN_ACCEPTED,,NOT_EXTERNAL_BLOCK,HISTORICAL_BASELINE_UNKNOWN_EDITION; TARGET_STANDARD_NOT_SELECTED,,NONE,RETURN_TO_APOLLO,,,,REVIEWED,UNMATCHED_research_result_stage5c_requirement | Do not copy APOLLO OCR full text
XWL-HOFF-H5A-0231,F4-P5-007,T5A-0285|T5A-0286,H5A-0231,,UNMATCHED_RESEARCH,,UNMATCHED_VALIDATION_RULE,,Phase1_required,analysis_model:要素変更,MAN-007,7,,,,SOFTWARE_SPECIFIC|STANDARD_TRACEABILITY_REQUIRED,,UNMATCHED_APOLLO,,UNKNOWN,HISTORICAL_BASELINE_UNKNOWN_EDITION; TARGET_STANDARD_NOT_SELECTED,,NONE,,,,,REVIEWED,UNMATCHED_research_result_stage5c_requirement | Do not copy APOLLO OCR full text; handoff without package primary req (expected many-to-subset)
XWL-HOFF-H5A-0232,F4-P5-008,T5A-0287|T5A-0288,H5A-0232,,UNMATCHED_RESEARCH,,UNMATCHED_VALIDATION_RULE,BL-APOLLO-H5A-0232,Phase1_required,analysis_model:支点変更,MAN-007,7,,,,SOFTWARE_SPECIFIC|STANDARD_TRACEABILITY_REQUIRED,,APOLLO_RETURN_ACCEPTED,,NOT_EXTERNAL_BLOCK,HISTORICAL_BASELINE_UNKNOWN_EDITION; TARGET_STANDARD_NOT_SELECTED,,NONE,RETURN_TO_APOLLO,,,,REVIEWED,UNMATCHED_research_result_stage5c_requirement | Do not copy APOLLO OCR full text
XWL-HOFF-H5A-0233,F4-P5-008,T5A-0287|T5A-0288,H5A-0233,,UNMATCHED_RESEARCH,,UNMATCHED_VALIDATION_RULE,,Phase1_required,analysis_model:支点変更,MAN-007,7,,,,SOFTWARE_SPECIFIC|STANDARD_TRACEABILITY_REQUIRED,,UNMATCHED_APOLLO,,UNKNOWN,HISTORICAL_BASELINE_UNKNOWN_EDITION; TARGET_STANDARD_NOT_SELECTED,,NONE,,,,,REVIEWED,UNMATCHED_research_result_stage5c_requirement | Do not copy APOLLO OCR full text; handoff without package primary req (expected many-to-subset)
XWL-HOFF-H5A-0234,F4-P5-014,T5A-0294|T5A-0295,H5A-0234,,UNMATCHED_RESEARCH,,UNMATCHED_VALIDATION_RULE,BL-APOLLO-H5A-0234,Phase1_required,analysis_input_generation:計算書出力,MAN-007,7,,,,SOFTWARE_SPECIFIC|STANDARD_TRACEABILITY_REQUIRED,,APOLLO_RETURN_ACCEPTED,,NOT_EXTERNAL_BLOCK,HISTORICAL_BASELINE_UNKNOWN_EDITION; TARGET_STANDARD_NOT_SELECTED,,NONE,RETURN_TO_APOLLO,,,,REVIEWED,UNMATCHED_research_result_stage5c_requirement | Do not copy APOLLO OCR full text
XWL-HOFF-H5A-0235,F4-P5-014,T5A-0294|T5A-0295,H5A-0235,,UNMATCHED_RESEARCH,,UNMATCHED_VALIDATION_RULE,,Phase1_required,analysis_input_generation:計算書出力,MAN-007,7,,,,SOFTWARE_SPECIFIC|STANDARD_TRACEABILITY_REQUIRED,,UNMATCHED_APOLLO,,UNKNOWN,HISTORICAL_BASELINE_UNKNOWN_EDITION; TARGET_STANDARD_NOT_SELECTED,,NONE,,,,,REVIEWED,UNMATCHED_research_result_stage5c_requirement | Do not copy APOLLO OCR full text; handoff without package primary req (expected many-to-subset)
XWL-HOFF-H5A-0243,F4-P5-022,T5A-0303|T5A-0304,H5A-0243,,UNMATCHED_RESEARCH,,UNMATCHED_VALIDATION_RULE,BL-APOLLO-H5A-0243,Phase1_required,analysis_input_generation:ハンチ・中分,MAN-005,16,,,,SOFTWARE_SPECIFIC|STANDARD_TRACEABILITY_REQUIRED,,APOLLO_RETURN_ACCEPTED,,NOT_EXTERNAL_BLOCK,HISTORICAL_BASELINE_UNKNOWN_EDITION; TARGET_STANDARD_NOT_SELECTED,,NONE,RETURN_TO_APOLLO,,,,REVIEWED,UNMATCHED_research_result_stage5c_requirement | Do not copy APOLLO OCR full text
XWL-HOFF-H5A-0244,F4-P5-022,T5A-0303|T5A-0304,H5A-0244,,UNMATCHED_RESEARCH,,UNMATCHED_VALIDATION_RULE,,Phase1_required,analysis_input_generation:ハンチ・中分,MAN-005,16,,,,SOFTWARE_SPECIFIC|STANDARD_TRACEABILITY_REQUIRED,,UNMATCHED_APOLLO,,UNKNOWN,HISTORICAL_BASELINE_UNKNOWN_EDITION; TARGET_STANDARD_NOT_SELECTED,,NONE,,,,,REVIEWED,UNMATCHED_research_result_stage5c_requirement | Do not copy APOLLO OCR full text; handoff without package primary req (expected many-to-subset)
XWL-HOFF-H5A-0246,F4-P5-024,T5A-0306,H5A-0246,,UNMATCHED_RESEARCH,,UNMATCHED_VALIDATION_RULE,,Phase1_required,deflection_check:活荷重たわみ,MAN-010,4,,,,STANDARD_TRACEABILITY_REQUIRED,,UNMATCHED_APOLLO,,UNKNOWN,HISTORICAL_BASELINE_UNKNOWN_EDITION; TARGET_STANDARD_NOT_SELECTED,,NONE,,,,,REVIEWED,UNMATCHED_research_result_stage5c_requirement | Do not copy APOLLO OCR full text; handoff without package primary req (expected many-to-subset)
XWL-HOFF-H5A-0247,F4-P5-027,T5A-0309|T5A-0310,H5A-0247,,UNMATCHED_RESEARCH,,UNMATCHED_VALIDATION_RULE,BL-APOLLO-H5A-0247,Phase1_required,analysis_model:格子解析ボタン,MAN-002,8,,,,SOFTWARE_SPECIFIC|STANDARD_TRACEABILITY_REQUIRED,,APOLLO_RETURN_ACCEPTED,,NOT_EXTERNAL_BLOCK,HISTORICAL_BASELINE_UNKNOWN_EDITION; TARGET_STANDARD_NOT_SELECTED,,NONE,RETURN_TO_APOLLO,,,,REVIEWED,UNMATCHED_research_result_stage5c_requirement | Do not copy APOLLO OCR full text
XWL-HOFF-H5A-0248,F4-P5-027,T5A-0309|T5A-0310,H5A-0248,,UNMATCHED_RESEARCH,,UNMATCHED_VALIDATION_RULE,,Phase1_required,analysis_model:格子解析ボタン,MAN-002,8,,,,SOFTWARE_SPECIFIC|STANDARD_TRACEABILITY_REQUIRED,,UNMATCHED_APOLLO,,UNKNOWN,HISTORICAL_BASELINE_UNKNOWN_EDITION; TARGET_STANDARD_NOT_SELECTED,,NONE,,,,,REVIEWED,UNMATCHED_research_result_stage5c_requirement | Do not copy APOLLO OCR full text; handoff without package primary req (expected many-to-subset)
XWL-HOFF-H5A-0249,F4-P5-028,T5A-0311|T5A-0312,H5A-0249,,UNMATCHED_RESEARCH,,UNMATCHED_VALIDATION_RULE,BL-APOLLO-H5A-0249,Phase1_required,analysis_input_generation:解析データ作成ボタン,MAN-002,8,,,,SOFTWARE_SPECIFIC|STANDARD_TRACEABILITY_REQUIRED,,APOLLO_RETURN_ACCEPTED,,NOT_EXTERNAL_BLOCK,HISTORICAL_BASELINE_UNKNOWN_EDITION; TARGET_STANDARD_NOT_SELECTED,,NONE,RETURN_TO_APOLLO,,,,REVIEWED,UNMATCHED_research_result_stage5c_requirement | Do not copy APOLLO OCR full text
XWL-HOFF-H5A-0250,F4-P5-028,T5A-0311|T5A-0312,H5A-0250,,UNMATCHED_RESEARCH,,UNMATCHED_VALIDATION_RULE,,Phase1_required,analysis_input_generation:解析データ作成ボタン,MAN-002,8,,,,SOFTWARE_SPECIFIC|STANDARD_TRACEABILITY_REQUIRED,,UNMATCHED_APOLLO,,UNKNOWN,HISTORICAL_BASELINE_UNKNOWN_EDITION; TARGET_STANDARD_NOT_SELECTED,,NONE,,,,,REVIEWED,UNMATCHED_research_result_stage5c_requirement | Do not copy APOLLO OCR full text; handoff without package primary req (expected many-to-subset)
XWL-HOFF-H5A-0252,F4-P5-032,T5A-0316|T5A-0317,H5A-0252,,UNMATCHED_RESEARCH,,UNMATCHED_VALIDATION_RULE,BL-APOLLO-H5A-0252,Phase1_required,analysis_input_generation:有効モーメント最小量,MAN-005,22,,,,SOFTWARE_SPECIFIC|STANDARD_TRACEABILITY_REQUIRED,,APOLLO_RETURN_ACCEPTED,,NOT_EXTERNAL_BLOCK,HISTORICAL_BASELINE_UNKNOWN_EDITION; TARGET_STANDARD_NOT_SELECTED,,NONE,RETURN_TO_APOLLO,,,,REVIEWED,UNMATCHED_research_result_stage5c_requirement | Do not copy APOLLO OCR full text
XWL-HOFF-H5A-0253,F4-P5-032,T5A-0316|T5A-0317,H5A-0253,,UNMATCHED_RESEARCH,,UNMATCHED_VALIDATION_RULE,,Phase1_required,analysis_input_generation:有効モーメント最小量,MAN-005,22,,,,SOFTWARE_SPECIFIC|STANDARD_TRACEABILITY_REQUIRED,,UNMATCHED_APOLLO,,UNKNOWN,HISTORICAL_BASELINE_UNKNOWN_EDITION; TARGET_STANDARD_NOT_SELECTED,,NONE,,,,,REVIEWED,UNMATCHED_research_result_stage5c_requirement | Do not copy APOLLO OCR full text; handoff without package primary req (expected many-to-subset)
XWL-HOFF-H5A-0257,F4-P5-039,T5A-0324|T5A-0325,H5A-0257,,UNMATCHED_RESEARCH,,UNMATCHED_VALIDATION_RULE,BL-APOLLO-H5A-0257,Phase1_required,grid_model:grid_model (covered under analysis_model),MULTI,NONE,,,,SOFTWARE_SPECIFIC|STANDARD_TRACEABILITY_REQUIRED,,APOLLO_RETURN_ACCEPTED,,NOT_EXTERNAL_BLOCK,HISTORICAL_BASELINE_UNKNOWN_EDITION; TARGET_STANDARD_NOT_SELECTED,,NONE,RETURN_TO_APOLLO,,,,REVIEWED,UNMATCHED_research_result_stage5c_requirement | Do not copy APOLLO OCR full text
XWL-HOFF-H5A-0258,F4-P5-039,T5A-0324|T5A-0325,H5A-0258,,UNMATCHED_RESEARCH,,UNMATCHED_VALIDATION_RULE,,Phase1_required,grid_model:grid_model (covered under analysis_model),MULTI,NONE,,,,SOFTWARE_SPECIFIC|STANDARD_TRACEABILITY_REQUIRED,,UNMATCHED_APOLLO,,UNKNOWN,HISTORICAL_BASELINE_UNKNOWN_EDITION; TARGET_STANDARD_NOT_SELECTED,,NONE,,,,,REVIEWED,UNMATCHED_research_result_stage5c_requirement | Do not copy APOLLO OCR full text; handoff without package primary req (expected many-to-subset)
XWL-HOFF-H5A-0259,F4-P5-040,T5A-0326|T5A-0327,H5A-0259,,UNMATCHED_RESEARCH,,UNMATCHED_VALIDATION_RULE,BL-APOLLO-H5A-0259,Phase1_required,node:node (covered under analysis_model),MULTI,NONE,,,,SOFTWARE_SPECIFIC|STANDARD_TRACEABILITY_REQUIRED,,APOLLO_RETURN_ACCEPTED,,NOT_EXTERNAL_BLOCK,HISTORICAL_BASELINE_UNKNOWN_EDITION; TARGET_STANDARD_NOT_SELECTED,,NONE,RETURN_TO_APOLLO,,,,REVIEWED,UNMATCHED_research_result_stage5c_requirement | Do not copy APOLLO OCR full text
XWL-HOFF-H5A-0260,F4-P5-040,T5A-0326|T5A-0327,H5A-0260,,UNMATCHED_RESEARCH,,UNMATCHED_VALIDATION_RULE,,Phase1_required,node:node (covered under analysis_model),MULTI,NONE,,,,SOFTWARE_SPECIFIC|STANDARD_TRACEABILITY_REQUIRED,,UNMATCHED_APOLLO,,UNKNOWN,HISTORICAL_BASELINE_UNKNOWN_EDITION; TARGET_STANDARD_NOT_SELECTED,,NONE,,,,,REVIEWED,UNMATCHED_research_result_stage5c_requirement | Do not copy APOLLO OCR full text; handoff without package primary req (expected many-to-subset)
XWL-HOFF-H5A-0261,F4-P5-041,T5A-0328|T5A-0329,H5A-0261,,UNMATCHED_RESEARCH,,UNMATCHED_VALIDATION_RULE,BL-APOLLO-H5A-0261,Phase1_required,member:member (covered under analysis_model),MULTI,NONE,,,,SOFTWARE_SPECIFIC|STANDARD_TRACEABILITY_REQUIRED,,APOLLO_RETURN_ACCEPTED,,NOT_EXTERNAL_BLOCK,HISTORICAL_BASELINE_UNKNOWN_EDITION; TARGET_STANDARD_NOT_SELECTED,,NONE,RETURN_TO_APOLLO,,,,REVIEWED,UNMATCHED_research_result_stage5c_requirement | Do not copy APOLLO OCR full text
XWL-HOFF-H5A-0262,F4-P5-041,T5A-0328|T5A-0329,H5A-0262,,UNMATCHED_RESEARCH,,UNMATCHED_VALIDATION_RULE,,Phase1_required,member:member (covered under analysis_model),MULTI,NONE,,,,SOFTWARE_SPECIFIC|STANDARD_TRACEABILITY_REQUIRED,,UNMATCHED_APOLLO,,UNKNOWN,HISTORICAL_BASELINE_UNKNOWN_EDITION; TARGET_STANDARD_NOT_SELECTED,,NONE,,,,,REVIEWED,UNMATCHED_research_result_stage5c_requirement | Do not copy APOLLO OCR full text; handoff without package primary req (expected many-to-subset)
XWL-HOFF-H5A-0263,F4-P5-042,T5A-0330|T5A-0331,H5A-0263,,UNMATCHED_RESEARCH,,UNMATCHED_VALIDATION_RULE,BL-APOLLO-H5A-0263,Phase1_required,support:support (covered under analysis_model),MULTI,NONE,,,,SOFTWARE_SPECIFIC|STANDARD_TRACEABILITY_REQUIRED,,APOLLO_RETURN_ACCEPTED,,NOT_EXTERNAL_BLOCK,HISTORICAL_BASELINE_UNKNOWN_EDITION; TARGET_STANDARD_NOT_SELECTED,,NONE,RETURN_TO_APOLLO,,,,REVIEWED,UNMATCHED_research_result_stage5c_requirement | Do not copy APOLLO OCR full text
XWL-HOFF-H5A-0264,F4-P5-042,T5A-0330|T5A-0331,H5A-0264,,UNMATCHED_RESEARCH,,UNMATCHED_VALIDATION_RULE,,Phase1_required,support:support (covered under analysis_model),MULTI,NONE,,,,SOFTWARE_SPECIFIC|STANDARD_TRACEABILITY_REQUIRED,,UNMATCHED_APOLLO,,UNKNOWN,HISTORICAL_BASELINE_UNKNOWN_EDITION; TARGET_STANDARD_NOT_SELECTED,,NONE,,,,,REVIEWED,UNMATCHED_research_result_stage5c_requirement | Do not copy APOLLO OCR full text; handoff without package primary req (expected many-to-subset)
XWL-HOFF-H5A-0267,F4-P6-032,T5A-0373|T5A-0374,H5A-0267,,UNMATCHED_RESEARCH,,UNMATCHED_VALIDATION_RULE,,Phase1_required,steel_weight:鋼重計算プログラム起動,MAN-013,3,,,,DESIGN_PRACTICE_TRACEABILITY_REQUIRED|SOFTWARE_SPECIFIC,,UNMATCHED_APOLLO,,UNKNOWN,HISTORICAL_BASELINE_UNKNOWN_EDITION; TARGET_STANDARD_NOT_SELECTED,,NONE,,,,,REVIEWED,UNMATCHED_research_result_stage5c_requirement | Do not copy APOLLO OCR full text; handoff without package primary req (expected many-to-subset)
XWL-HOFF-H5A-0268,F4-P6-033,T5A-0375|T5A-0376,H5A-0268,,UNMATCHED_RESEARCH,,UNMATCHED_VALIDATION_RULE,,Phase1_required,steel_weight:全体鋼重概算計算,MAN-013,3,,,,DESIGN_PRACTICE_TRACEABILITY_REQUIRED|SOFTWARE_SPECIFIC,,UNMATCHED_APOLLO,,UNKNOWN,HISTORICAL_BASELINE_UNKNOWN_EDITION; TARGET_STANDARD_NOT_SELECTED,,NONE,,,,,REVIEWED,UNMATCHED_research_result_stage5c_requirement | Do not copy APOLLO OCR full text; handoff without package primary req (expected many-to-subset)
XWL-HOFF-H5A-0269,F4-P6-034,T5A-0377|T5A-0378,H5A-0269,,UNMATCHED_RESEARCH,,UNMATCHED_VALIDATION_RULE,,Phase1_required,steel_weight:ブロック鋼重,MAN-013,3,,,,DESIGN_PRACTICE_TRACEABILITY_REQUIRED|SOFTWARE_SPECIFIC,,UNMATCHED_APOLLO,,UNKNOWN,HISTORICAL_BASELINE_UNKNOWN_EDITION; TARGET_STANDARD_NOT_SELECTED,,NONE,,,,,REVIEWED,UNMATCHED_research_result_stage5c_requirement | Do not copy APOLLO OCR full text; handoff without package primary req (expected many-to-subset)
XWL-HOFF-H5A-0270,F4-P6-035,T5A-0379|T5A-0380,H5A-0270,,UNMATCHED_RESEARCH,,UNMATCHED_VALIDATION_RULE,,Phase1_required,steel_weight:鋼重算出-主桁断面/添接板/ボルト本数/補剛材断面,MAN-013,3,,,,DESIGN_PRACTICE_TRACEABILITY_REQUIRED|SOFTWARE_SPECIFIC,,UNMATCHED_APOLLO,,UNKNOWN,HISTORICAL_BASELINE_UNKNOWN_EDITION; TARGET_STANDARD_NOT_SELECTED,,NONE,,,,,REVIEWED,UNMATCHED_research_result_stage5c_requirement | Do not copy APOLLO OCR full text; handoff without package primary req (expected many-to-subset)
XWL-HOFF-H5A-0271,F4-P6-036,T5A-0381|T5A-0382,H5A-0271,,UNMATCHED_RESEARCH,,UNMATCHED_VALIDATION_RULE,,Phase1_required,steel_weight:割増係数ユーザー指定,MAN-013,3,,,,DESIGN_PRACTICE_TRACEABILITY_REQUIRED|SOFTWARE_SPECIFIC,,UNMATCHED_APOLLO,,UNKNOWN,HISTORICAL_BASELINE_UNKNOWN_EDITION; TARGET_STANDARD_NOT_SELECTED,,NONE,,,,,REVIEWED,UNMATCHED_research_result_stage5c_requirement | Do not copy APOLLO OCR full text; handoff without package primary req (expected many-to-subset)
XWL-HOFF-H5A-0272,F4-P6-040,T5A-0386|T5A-0387,H5A-0272,,UNMATCHED_RESEARCH,,UNMATCHED_VALIDATION_RULE,,Phase1_required,steel_weight:実鋼重(概算値)の反映,MAN-013,5,,,,DESIGN_PRACTICE_TRACEABILITY_REQUIRED|SOFTWARE_SPECIFIC,,UNMATCHED_APOLLO,,UNKNOWN,HISTORICAL_BASELINE_UNKNOWN_EDITION; TARGET_STANDARD_NOT_SELECTED,,NONE,,,,,REVIEWED,UNMATCHED_research_result_stage5c_requirement | Do not copy APOLLO OCR full text; handoff without package primary req (expected many-to-subset)
XWL-HOFF-H5A-0273,F4-P6-048,T5A-0395|T5A-0396,H5A-0273,,UNMATCHED_RESEARCH,,UNMATCHED_VALIDATION_RULE,,Phase1_required,steel_weight:鋼重計算,MAN-002,8,,,,DESIGN_PRACTICE_TRACEABILITY_REQUIRED|SOFTWARE_SPECIFIC,,UNMATCHED_APOLLO,,UNKNOWN,HISTORICAL_BASELINE_UNKNOWN_EDITION; TARGET_STANDARD_NOT_SELECTED,,NONE,,,,,REVIEWED,UNMATCHED_research_result_stage5c_requirement | Do not copy APOLLO OCR full text; handoff without package primary req (expected many-to-subset)
XWL-REQ-5C-0001,F4-P1-007,T5A-0007|T5A-0008,H5A-0002,REQ-5C-0001,R5B-PKG003-0001,REQ-5C-0001,VAL-REQ-5C-0001,,Phase1_required,unit_system:単位系選択,MAN-021,27,DOC-RBS-I,386,stage5b/evidence/DOC-RBS-I_pdfp0386_300dpi-R5B-PKG003-0002c-386.png,MANUAL_DEFINED|STANDARD_TRACEABILITY_REQUIRED,LOCATED,READY_ACCEPTED,READY,READY_SUBSET_OK,HISTORICAL_BASELINE_UNKNOWN_EDITION;TARGET_STANDARD_NOT_SELECTED,令和7年10月版 Ver.2.00（表紙・奥付確認済み・Target未選定）,NONE,,,,,REVIEWED,Do not copy APOLLO OCR full text | 証拠: 換算率表+9.3
XWL-REQ-5C-0002,F4-P2-010,T5A-0121,H5A-0075,REQ-5C-0002,R5B-PKG003-0002,REQ-5C-0002,VAL-REQ-5C-0002,,Phase1_required,slab_load_input:床版設計荷重指定,MAN-006,7,DOC-RBS-I,233,stage5b/evidence/DOC-RBS-I_pdfp0233_300dpi-R5B-PKG003-0075-233.png,STANDARD_TRACEABILITY_REQUIRED,LOCATED,READY_ACCEPTED,READY,READY_SUBSET_OK,HISTORICAL_BASELINE_UNKNOWN_EDITION;TARGET_STANDARD_NOT_SELECTED,令和7年10月版 Ver.2.00（表紙・奥付確認済み・Target未選定）,NONE,,,,,REVIEWED,Do not copy APOLLO OCR full text | APOLLO用語「床版設計荷重指定」は道示上は8.2活荷重の床版適用規定に対応
XWL-REQ-5C-0003,F4-P5-015,T5A-0296,H5A-0236,REQ-5C-0003,R5B-PKG003-0003,REQ-5C-0003,VAL-REQ-5C-0003,,Phase1_required,live_load:路面荷重,MAN-005,13,DOC-RBS-I,232,stage5b/evidence/DOC-RBS-I_pdfp0232_300dpi-R5B-PKG003-0236c-232.png,STANDARD_TRACEABILITY_REQUIRED,LOCATED,READY_ACCEPTED,READY,READY_SUBSET_OK,HISTORICAL_BASELINE_UNKNOWN_EDITION;TARGET_STANDARD_NOT_SELECTED,令和7年10月版 Ver.2.00（表紙・奥付確認済み・Target未選定）,NONE,,,,,REVIEWED,Do not copy APOLLO OCR full text | 組合せ証拠はpdf109(3.3)も関連
XWL-REQ-5C-0004,F4-P5-016,T5A-0297,H5A-0237,REQ-5C-0004,R5B-PKG003-0004,REQ-5C-0004,VAL-REQ-5C-0004,BL-REQ-5C-0004,Phase1_required,live_load:片持部荷重,MAN-005,13,DOC-RBS-I,234,stage5b/evidence/DOC-RBS-I_pdfp0234_300dpi-R5B-PKG003-0237-234.png,STANDARD_TRACEABILITY_REQUIRED,PARTIALLY_LOCATED,OPEN_ACCEPTED,OPEN,BLOCKED_OR_HOLD,HISTORICAL_BASELINE_UNKNOWN_EDITION;TARGET_STANDARD_NOT_SELECTED,令和7年10月版 Ver.2.00（表紙・奥付確認済み・Target未選定）,NONE,,BL-REQ-5C-0004: CROSS_REFERENCE_NOT_YET_CHECKED,,,REVIEWED,Do not copy APOLLO OCR full text | APOLLO用語と道示用語の対応は監督レビュー要
XWL-REQ-5C-0005,F4-P5-017,T5A-0298,H5A-0238,REQ-5C-0005,R5B-PKG003-0005,REQ-5C-0005,VAL-REQ-5C-0005,BL-REQ-5C-0005,Phase1_required,arbitrary_load:その他面荷重,MAN-005,17,DOC-RBS-I,103,stage5b/evidence/DOC-RBS-I_pdfp0109_300dpi-R5B-PKG003-0236b-109.png,STANDARD_TRACEABILITY_REQUIRED,PARTIALLY_LOCATED,OPEN_ACCEPTED,OPEN,BLOCKED_OR_HOLD,HISTORICAL_BASELINE_UNKNOWN_EDITION;TARGET_STANDARD_NOT_SELECTED,令和7年10月版 Ver.2.00（表紙・奥付確認済み・Target未選定）,NONE,,BL-REQ-5C-0005: NOT_FOUND_IN_SEARCHED_SCOPE,,,REVIEWED,Do not copy APOLLO OCR full text | 検索範囲: 道示Ⅰ 3章・8章目次・8.2
XWL-REQ-5C-0006,F4-P5-018,T5A-0299,H5A-0239,REQ-5C-0006,R5B-PKG003-0006,REQ-5C-0006,VAL-REQ-5C-0006,BL-REQ-5C-0006,Phase1_required,arbitrary_load:その他線荷重,MAN-005,17,DOC-RBS-I,103,stage5b/evidence/DOC-RBS-I_pdfp0109_300dpi-R5B-PKG003-0236b-109.png,STANDARD_TRACEABILITY_REQUIRED,PARTIALLY_LOCATED,OPEN_ACCEPTED,OPEN,BLOCKED_OR_HOLD,HISTORICAL_BASELINE_UNKNOWN_EDITION;TARGET_STANDARD_NOT_SELECTED,令和7年10月版 Ver.2.00（表紙・奥付確認済み・Target未選定）,NONE,,BL-REQ-5C-0006: NOT_FOUND_IN_SEARCHED_SCOPE,,,REVIEWED,Do not copy APOLLO OCR full text | H5A-0238と同根拠
XWL-REQ-5C-0007,F4-P5-019,T5A-0300,H5A-0240,REQ-5C-0007,R5B-PKG003-0007,REQ-5C-0007,VAL-REQ-5C-0007,BL-REQ-5C-0007,Phase1_required,arbitrary_load:その他点荷重,MAN-005,18,DOC-RBS-I,233,stage5b/evidence/DOC-RBS-I_pdfp0233_300dpi-R5B-PKG003-0075-233.png,STANDARD_TRACEABILITY_REQUIRED,PARTIALLY_LOCATED,OPEN_ACCEPTED,OPEN,BLOCKED_OR_HOLD,HISTORICAL_BASELINE_UNKNOWN_EDITION;TARGET_STANDARD_NOT_SELECTED,令和7年10月版 Ver.2.00（表紙・奥付確認済み・Target未選定）,NONE,,BL-REQ-5C-0007: CROSS_REFERENCE_NOT_YET_CHECKED,,,REVIEWED,Do not copy APOLLO OCR full text | T荷重は集中載荷の規定例
XWL-REQ-5C-0008,F4-P5-020,T5A-0301,H5A-0241,REQ-5C-0008,R5B-PKG003-0008,REQ-5C-0008,VAL-REQ-5C-0008,BL-REQ-5C-0008,Phase1_required,arbitrary_load:支点沈下バネ,MAN-005,20,DOC-RBS-I,272,stage5b/evidence/DOC-RBS-I_pdfp0272_300dpi-R5B-PKG003-0241-272.png,STANDARD_TRACEABILITY_REQUIRED,PARTIALLY_LOCATED,OPEN_ACCEPTED,OPEN,BLOCKED_OR_HOLD,HISTORICAL_BASELINE_UNKNOWN_EDITION;TARGET_STANDARD_NOT_SELECTED,令和7年10月版 Ver.2.00（表紙・奥付確認済み・Target未選定）,NONE,,BL-REQ-5C-0008: CROSS_REFERENCE_NOT_YET_CHECKED,,,REVIEWED,Do not copy APOLLO OCR full text | APOLLOバネ入力と道示SD規定の対応要レビュー
XWL-REQ-5C-0009,F4-P5-021,T5A-0302,H5A-0242,REQ-5C-0009,R5B-PKG003-0009,REQ-5C-0009,VAL-REQ-5C-0009,BL-REQ-5C-0009,Phase1_required,arbitrary_load:水平荷重,MAN-005,21,DOC-RBS-I,272,stage5b/evidence/DOC-RBS-I_pdfp0272_300dpi-R5B-PKG003-0242-272.png,STANDARD_TRACEABILITY_REQUIRED,PARTIALLY_LOCATED,OPEN_ACCEPTED,OPEN,BLOCKED_OR_HOLD,HISTORICAL_BASELINE_UNKNOWN_EDITION;TARGET_STANDARD_NOT_SELECTED,令和7年10月版 Ver.2.00（表紙・奥付確認済み・Target未選定）,NONE,,BL-REQ-5C-0009: CROSS_REFERENCE_NOT_YET_CHECKED,,,REVIEWED,Do not copy APOLLO OCR full text | 風荷重詳細は8.17（別頁）要参照
XWL-REQ-5C-0010,F4-P5-034,T5A-0319,H5A-0254,REQ-5C-0010,R5B-PKG003-0010,REQ-5C-0010,VAL-REQ-5C-0010,BL-REQ-5C-0010,Phase1_required,point_load:point_load (covered under arbitrary_load),MULTI,NONE,DOC-RBS-I,233,stage5b/evidence/DOC-RBS-I_pdfp0233_300dpi-R5B-PKG003-0075-233.png,STANDARD_TRACEABILITY_REQUIRED,PARTIALLY_LOCATED,OPEN_ACCEPTED,OPEN,BLOCKED_OR_HOLD,HISTORICAL_BASELINE_UNKNOWN_EDITION;TARGET_STANDARD_NOT_SELECTED,令和7年10月版 Ver.2.00（表紙・奥付確認済み・Target未選定）,NONE,,BL-REQ-5C-0010: CROSS_REFERENCE_NOT_YET_CHECKED,,,REVIEWED,Do not copy APOLLO OCR full text | 0240と同一候補頁
XWL-REQ-5C-0011,F4-P5-035,T5A-0320,H5A-0255,REQ-5C-0011,R5B-PKG003-0011,REQ-5C-0011,VAL-REQ-5C-0011,BL-REQ-5C-0011,Phase1_required,line_load:line_load (covered under arbitrary_load),MULTI,NONE,DOC-RBS-I,103,stage5b/evidence/DOC-RBS-I_pdfp0109_300dpi-R5B-PKG003-0236b-109.png,STANDARD_TRACEABILITY_REQUIRED,PARTIALLY_LOCATED,OPEN_ACCEPTED,OPEN,BLOCKED_OR_HOLD,HISTORICAL_BASELINE_UNKNOWN_EDITION;TARGET_STANDARD_NOT_SELECTED,令和7年10月版 Ver.2.00（表紙・奥付確認済み・Target未選定）,NONE,,BL-REQ-5C-0011: NOT_FOUND_IN_SEARCHED_SCOPE,,,REVIEWED,Do not copy APOLLO OCR full text | 0239と同一候補
XWL-REQ-5C-0012,F4-P5-036,T5A-0321,H5A-0256,REQ-5C-0012,R5B-PKG003-0012,REQ-5C-0012,VAL-REQ-5C-0012,BL-REQ-5C-0012,Phase1_required,surface_load:surface_load (covered under arbitrary_load),MULTI,NONE,DOC-RBS-I,103,stage5b/evidence/DOC-RBS-I_pdfp0109_300dpi-R5B-PKG003-0236b-109.png,STANDARD_TRACEABILITY_REQUIRED,PARTIALLY_LOCATED,OPEN_ACCEPTED,OPEN,BLOCKED_OR_HOLD,HISTORICAL_BASELINE_UNKNOWN_EDITION;TARGET_STANDARD_NOT_SELECTED,令和7年10月版 Ver.2.00（表紙・奥付確認済み・Target未選定）,NONE,,BL-REQ-5C-0012: NOT_FOUND_IN_SEARCHED_SCOPE,,,REVIEWED,Do not copy APOLLO OCR full text | 0238と同一候補
XWL-REQ-5C-0013,F4-P1-051,T5A-0067|T5A-0068,H5A-0030,REQ-5C-0013,R5B-PKG004-0001,REQ-5C-0013,VAL-REQ-5C-0013,,Phase1_required,standard_section:単位重量・物理定数データ,MAN-005,7,DOC-RBS-II,117,stage5b/evidence/DOC-RBS-II_pdfp0117_300dpi-R5B-PKG004-0001.png,DESIGN_PRACTICE_TRACEABILITY_REQUIRED|STANDARD_TRACEABILITY_REQUIRED,LOCATED,READY_ACCEPTED,READY,READY_SUBSET_OK,HISTORICAL_BASELINE_UNKNOWN_EDITION;TARGET_STANDARD_NOT_SELECTED,令和7年10月版 Ver.2.00（表紙・奥付確認済み・Target未選定）,NONE,,,,,REVIEWED,Do not copy APOLLO OCR full text
XWL-REQ-5C-0014,F4-P3-001,T5A-0140,H5A-0093,REQ-5C-0014,R5B-PKG004-0002,REQ-5C-0014,VAL-REQ-5C-0014,BL-REQ-5C-0014,Phase1_required,section_change:断面変化位置の追加方法,MAN-008,5,DOC-RBS-II,117,stage5b/evidence/DOC-RBS-II_pdfp0117_300dpi-R5B-PKG004-0002.png,STANDARD_TRACEABILITY_REQUIRED,PARTIALLY_LOCATED,OPEN_ACCEPTED,OPEN,BLOCKED_OR_HOLD,HISTORICAL_BASELINE_UNKNOWN_EDITION;TARGET_STANDARD_NOT_SELECTED,令和7年10月版 Ver.2.00（表紙・奥付確認済み・Target未選定）,NONE,,BL-REQ-5C-0014: CROSS_REFERENCE_NOT_YET_CHECKED,,,REVIEWED,Do not copy APOLLO OCR full text | APOLLO操作名と道示条文の直接対応は監督レビュー要
XWL-REQ-5C-0015,F4-P3-002,T5A-0141,H5A-0094,REQ-5C-0015,R5B-PKG004-0003,REQ-5C-0015,VAL-REQ-5C-0015,BL-REQ-5C-0015,Phase1_required,section_change:断面変化位置の自動決定,MAN-008,5,DOC-RBS-II,117,stage5b/evidence/DOC-RBS-II_pdfp0117_300dpi-R5B-PKG004-0003.png,STANDARD_TRACEABILITY_REQUIRED,PARTIALLY_LOCATED,OPEN_ACCEPTED,OPEN,BLOCKED_OR_HOLD,HISTORICAL_BASELINE_UNKNOWN_EDITION;TARGET_STANDARD_NOT_SELECTED,令和7年10月版 Ver.2.00（表紙・奥付確認済み・Target未選定）,NONE,,BL-REQ-5C-0015: CROSS_REFERENCE_NOT_YET_CHECKED,,,REVIEWED,Do not copy APOLLO OCR full text | APOLLO操作名と道示条文の直接対応は監督レビュー要
XWL-REQ-5C-0016,F4-P3-003,T5A-0142,H5A-0095,REQ-5C-0016,R5B-PKG004-0004,REQ-5C-0016,VAL-REQ-5C-0016,BL-REQ-5C-0016,Phase1_required,section_change:断面変化位置の手動入力,MAN-008,7,DOC-RBS-II,117,stage5b/evidence/DOC-RBS-II_pdfp0117_300dpi-R5B-PKG004-0004.png,STANDARD_TRACEABILITY_REQUIRED,PARTIALLY_LOCATED,OPEN_ACCEPTED,OPEN,BLOCKED_OR_HOLD,HISTORICAL_BASELINE_UNKNOWN_EDITION;TARGET_STANDARD_NOT_SELECTED,令和7年10月版 Ver.2.00（表紙・奥付確認済み・Target未選定）,NONE,,BL-REQ-5C-0016: CROSS_REFERENCE_NOT_YET_CHECKED,,,REVIEWED,Do not copy APOLLO OCR full text | APOLLO操作名と道示条文の直接対応は監督レビュー要
XWL-REQ-5C-0017,F4-P3-004,T5A-0143,H5A-0096,REQ-5C-0017,R5B-PKG004-0005,REQ-5C-0017,VAL-REQ-5C-0017,BL-REQ-5C-0017,Phase1_required,section_change:断面変化位置の微調整,MAN-008,8,DOC-RBS-II,117,stage5b/evidence/DOC-RBS-II_pdfp0117_300dpi-R5B-PKG004-0005.png,STANDARD_TRACEABILITY_REQUIRED,PARTIALLY_LOCATED,OPEN_ACCEPTED,OPEN,BLOCKED_OR_HOLD,HISTORICAL_BASELINE_UNKNOWN_EDITION;TARGET_STANDARD_NOT_SELECTED,令和7年10月版 Ver.2.00（表紙・奥付確認済み・Target未選定）,NONE,,BL-REQ-5C-0017: CROSS_REFERENCE_NOT_YET_CHECKED,,,REVIEWED,Do not copy APOLLO OCR full text | APOLLO操作名と道示条文の直接対応は監督レビュー要
XWL-REQ-5C-0018,F4-P3-005,T5A-0144,H5A-0097,REQ-5C-0018,R5B-PKG004-0006,REQ-5C-0018,VAL-REQ-5C-0018,BL-REQ-5C-0018,Phase1_required,section_change:断面長の直接入力,MAN-008,9,DOC-RBS-II,117,stage5b/evidence/DOC-RBS-II_pdfp0117_300dpi-R5B-PKG004-0006.png,STANDARD_TRACEABILITY_REQUIRED,PARTIALLY_LOCATED,OPEN_ACCEPTED,OPEN,BLOCKED_OR_HOLD,HISTORICAL_BASELINE_UNKNOWN_EDITION;TARGET_STANDARD_NOT_SELECTED,令和7年10月版 Ver.2.00（表紙・奥付確認済み・Target未選定）,NONE,,BL-REQ-5C-0018: CROSS_REFERENCE_NOT_YET_CHECKED,,,REVIEWED,Do not copy APOLLO OCR full text | APOLLO操作名と道示条文の直接対応は監督レビュー要
XWL-REQ-5C-0019,F4-P3-006,T5A-0145,H5A-0098,REQ-5C-0019,R5B-PKG004-0007,REQ-5C-0019,VAL-REQ-5C-0019,BL-REQ-5C-0019,Phase1_required,section_change:断面計算の実行,MAN-008,11,DOC-RBS-II,117,stage5b/evidence/DOC-RBS-II_pdfp0117_300dpi-R5B-PKG004-0007.png,STANDARD_TRACEABILITY_REQUIRED,PARTIALLY_LOCATED,OPEN_ACCEPTED,OPEN,BLOCKED_OR_HOLD,HISTORICAL_BASELINE_UNKNOWN_EDITION;TARGET_STANDARD_NOT_SELECTED,令和7年10月版 Ver.2.00（表紙・奥付確認済み・Target未選定）,NONE,,BL-REQ-5C-0019: CROSS_REFERENCE_NOT_YET_CHECKED,,,REVIEWED,Do not copy APOLLO OCR full text | APOLLO操作名と道示条文の直接対応は監督レビュー要
XWL-REQ-5C-0020,F4-P3-007,T5A-0146,H5A-0099,REQ-5C-0020,R5B-PKG004-0008,REQ-5C-0020,VAL-REQ-5C-0020,BL-REQ-5C-0020,Phase1_required,section_change:断面推定機能,MAN-008,11,DOC-RBS-II,117,stage5b/evidence/DOC-RBS-II_pdfp0117_300dpi-R5B-PKG004-0008.png,STANDARD_TRACEABILITY_REQUIRED,PARTIALLY_LOCATED,OPEN_ACCEPTED,OPEN,BLOCKED_OR_HOLD,HISTORICAL_BASELINE_UNKNOWN_EDITION;TARGET_STANDARD_NOT_SELECTED,令和7年10月版 Ver.2.00（表紙・奥付確認済み・Target未選定）,NONE,,BL-REQ-5C-0020: CROSS_REFERENCE_NOT_YET_CHECKED,,,REVIEWED,Do not copy APOLLO OCR full text | APOLLO操作名と道示条文の直接対応は監督レビュー要
XWL-REQ-5C-0021,F4-P3-008,T5A-0147,H5A-0100,REQ-5C-0021,R5B-PKG004-0009,REQ-5C-0021,VAL-REQ-5C-0021,,Phase1_required,section_check:断面チェック機能,MAN-008,16,DOC-RBS-II,117,stage5b/evidence/DOC-RBS-II_pdfp0117_300dpi-R5B-PKG004-0009.png,STANDARD_TRACEABILITY_REQUIRED,LOCATED,READY_ACCEPTED,READY,READY_SUBSET_OK,HISTORICAL_BASELINE_UNKNOWN_EDITION;TARGET_STANDARD_NOT_SELECTED,令和7年10月版 Ver.2.00（表紙・奥付確認済み・Target未選定）,NONE,,,,,REVIEWED,Do not copy APOLLO OCR full text
XWL-REQ-5C-0022,F4-P3-010,T5A-0149|T5A-0150|T5A-0151,H5A-0102,REQ-5C-0022,R5B-PKG004-0010,REQ-5C-0022,VAL-REQ-5C-0022,,Phase1_required,splice:添接計算の実行,MAN-008,21,DOC-RBS-II,303,stage5b/evidence/DOC-RBS-II_pdfp0303_300dpi-R5B-PKG004-0010.png,JIS_TRACEABILITY_REQUIRED|MULTIPLE_SOURCES_REQUIRED|STANDARD_TRACEABILITY_REQUIRED,LOCATED,READY_ACCEPTED,READY,READY_SUBSET_OK,HISTORICAL_BASELINE_UNKNOWN_EDITION;TARGET_STANDARD_NOT_SELECTED,令和7年10月版 Ver.2.00（表紙・奥付確認済み・Target未選定）,NONE,,,,,REVIEWED,Do not copy APOLLO OCR full text
XWL-REQ-5C-0023,F4-P3-010,T5A-0149|T5A-0150|T5A-0151,H5A-0104,REQ-5C-0023,R5B-PKG004-0011,REQ-5C-0023,VAL-REQ-5C-0023,,Phase1_required,splice:添接計算の実行,MAN-008,21,DOC-RBS-II,303,stage5b/evidence/DOC-RBS-II_pdfp0303_300dpi-R5B-PKG004-0011.png,JIS_TRACEABILITY_REQUIRED|MULTIPLE_SOURCES_REQUIRED|STANDARD_TRACEABILITY_REQUIRED,LOCATED,READY_ACCEPTED,READY,READY_SUBSET_OK,HISTORICAL_BASELINE_UNKNOWN_EDITION;TARGET_STANDARD_NOT_SELECTED,令和7年10月版 Ver.2.00（表紙・奥付確認済み・Target未選定）,NONE,,,,,REVIEWED,Do not copy APOLLO OCR full text
XWL-REQ-5C-0024,F4-P3-011,T5A-0152|T5A-0153|T5A-0154,H5A-0106,REQ-5C-0024,R5B-PKG004-0012,REQ-5C-0024,VAL-REQ-5C-0024,,Phase1_required,splice_bolt:フランジボルト配置変更方法1,MAN-009,6,DOC-RBS-II,303,stage5b/evidence/DOC-RBS-II_pdfp0303_300dpi-R5B-PKG004-0012.png,JIS_TRACEABILITY_REQUIRED|MULTIPLE_SOURCES_REQUIRED|STANDARD_TRACEABILITY_REQUIRED,LOCATED,READY_ACCEPTED,READY,READY_SUBSET_OK,HISTORICAL_BASELINE_UNKNOWN_EDITION;TARGET_STANDARD_NOT_SELECTED,令和7年10月版 Ver.2.00（表紙・奥付確認済み・Target未選定）,NONE,,,,,REVIEWED,Do not copy APOLLO OCR full text
XWL-REQ-5C-0025,F4-P3-014,T5A-0161|T5A-0162|T5A-0163,H5A-0114,REQ-5C-0025,R5B-PKG004-0013,REQ-5C-0025,VAL-REQ-5C-0025,,Phase1_required,splice_plate:添接板厚不足時の再計算,MAN-009,10,DOC-RBS-II,303,stage5b/evidence/DOC-RBS-II_pdfp0303_300dpi-R5B-PKG004-0013.png,JIS_TRACEABILITY_REQUIRED|MULTIPLE_SOURCES_REQUIRED|STANDARD_TRACEABILITY_REQUIRED,LOCATED,READY_ACCEPTED,READY,READY_SUBSET_OK,HISTORICAL_BASELINE_UNKNOWN_EDITION;TARGET_STANDARD_NOT_SELECTED,令和7年10月版 Ver.2.00（表紙・奥付確認済み・Target未選定）,NONE,,,,,REVIEWED,Do not copy APOLLO OCR full text
XWL-REQ-5C-0026,F4-P3-016,T5A-0167|T5A-0168|T5A-0169,H5A-0120,REQ-5C-0026,R5B-PKG004-0014,REQ-5C-0026,VAL-REQ-5C-0026,,Phase1_required,splice_plate:フランジ材端修正方法(母材-5mm),MAN-009,14,DOC-RBS-II,303,stage5b/evidence/DOC-RBS-II_pdfp0303_300dpi-R5B-PKG004-0014.png,JIS_TRACEABILITY_REQUIRED|MULTIPLE_SOURCES_REQUIRED|STANDARD_TRACEABILITY_REQUIRED,LOCATED,READY_ACCEPTED,READY,READY_SUBSET_OK,HISTORICAL_BASELINE_UNKNOWN_EDITION;TARGET_STANDARD_NOT_SELECTED,令和7年10月版 Ver.2.00（表紙・奥付確認済み・Target未選定）,NONE,,,,,REVIEWED,Do not copy APOLLO OCR full text
XWL-REQ-5C-0027,F4-P3-017,T5A-0170|T5A-0171|T5A-0172,H5A-0123,REQ-5C-0027,R5B-PKG004-0015,REQ-5C-0027,VAL-REQ-5C-0027,,Phase1_required,splice_check:添接計算実行方法,MAN-009,17,DOC-RBS-II,303,stage5b/evidence/DOC-RBS-II_pdfp0303_300dpi-R5B-PKG004-0015.png,JIS_TRACEABILITY_REQUIRED|MULTIPLE_SOURCES_REQUIRED|STANDARD_TRACEABILITY_REQUIRED,LOCATED,READY_ACCEPTED,READY,READY_SUBSET_OK,HISTORICAL_BASELINE_UNKNOWN_EDITION;TARGET_STANDARD_NOT_SELECTED,令和7年10月版 Ver.2.00（表紙・奥付確認済み・Target未選定）,NONE,,,,,REVIEWED,Do not copy APOLLO OCR full text
XWL-REQ-5C-0028,F4-P3-018,T5A-0173|T5A-0174|T5A-0175,H5A-0126,REQ-5C-0028,R5B-PKG004-0016,REQ-5C-0028,VAL-REQ-5C-0028,,Phase1_required,splice_check:設計計算書出力方法,MAN-009,18,DOC-RBS-II,303,stage5b/evidence/DOC-RBS-II_pdfp0303_300dpi-R5B-PKG004-0016.png,JIS_TRACEABILITY_REQUIRED|MULTIPLE_SOURCES_REQUIRED|STANDARD_TRACEABILITY_REQUIRED,LOCATED,READY_ACCEPTED,READY,READY_SUBSET_OK,HISTORICAL_BASELINE_UNKNOWN_EDITION;TARGET_STANDARD_NOT_SELECTED,令和7年10月版 Ver.2.00（表紙・奥付確認済み・Target未選定）,NONE,,,,,REVIEWED,Do not copy APOLLO OCR full text
XWL-REQ-5C-0029,F4-P3-019,T5A-0176,H5A-0129,REQ-5C-0029,R5B-PKG004-0017,REQ-5C-0029,VAL-REQ-5C-0029,,Phase1_required,section_definition:システムの構成,MAN-062,2,DOC-RBS-II,92,stage5b/evidence/DOC-RBS-II_pdfp0092_300dpi-R5B-PKG004-0017.png,STANDARD_TRACEABILITY_REQUIRED,LOCATED,READY_ACCEPTED,READY,READY_SUBSET_OK,HISTORICAL_BASELINE_UNKNOWN_EDITION;TARGET_STANDARD_NOT_SELECTED,令和7年10月版 Ver.2.00（表紙・奥付確認済み・Target未選定）,NONE,,,,,REVIEWED,Do not copy APOLLO OCR full text
XWL-REQ-5C-0030,F4-P3-020,T5A-0177,H5A-0130,REQ-5C-0030,R5B-PKG004-0018,REQ-5C-0030,VAL-REQ-5C-0030,,Phase1_required,main_girder:主桁の設計（Girder）の機能,MAN-062,3,DOC-RBS-II,421,stage5b/evidence/DOC-RBS-II_pdfp0421_300dpi-R5B-PKG004-0018.png,STANDARD_TRACEABILITY_REQUIRED,LOCATED,READY_ACCEPTED,READY,READY_SUBSET_OK,HISTORICAL_BASELINE_UNKNOWN_EDITION;TARGET_STANDARD_NOT_SELECTED,令和7年10月版 Ver.2.00（表紙・奥付確認済み・Target未選定）,NONE,,,,,REVIEWED,Do not copy APOLLO OCR full text
XWL-REQ-5C-0031,F4-P3-021,T5A-0178,H5A-0131,REQ-5C-0031,R5B-PKG004-0019,REQ-5C-0031,VAL-REQ-5C-0031,,Phase1_required,section_definition:断面設計（Section）の機能,MAN-062,3,DOC-RBS-II,92,stage5b/evidence/DOC-RBS-II_pdfp0092_300dpi-R5B-PKG004-0019.png,STANDARD_TRACEABILITY_REQUIRED,LOCATED,READY_ACCEPTED,READY,READY_SUBSET_OK,HISTORICAL_BASELINE_UNKNOWN_EDITION;TARGET_STANDARD_NOT_SELECTED,令和7年10月版 Ver.2.00（表紙・奥付確認済み・Target未選定）,NONE,,,,,REVIEWED,Do not copy APOLLO OCR full text
XWL-REQ-5C-0032,F4-P3-022,T5A-0179,H5A-0132,REQ-5C-0032,R5B-PKG004-0020,REQ-5C-0032,VAL-REQ-5C-0032,,Phase1_required,section_definition:適用断面形状,MAN-062,4,DOC-RBS-II,92,stage5b/evidence/DOC-RBS-II_pdfp0092_300dpi-R5B-PKG004-0020.png,STANDARD_TRACEABILITY_REQUIRED,LOCATED,READY_ACCEPTED,READY,READY_SUBSET_OK,HISTORICAL_BASELINE_UNKNOWN_EDITION;TARGET_STANDARD_NOT_SELECTED,令和7年10月版 Ver.2.00（表紙・奥付確認済み・Target未選定）,NONE,,,,,REVIEWED,Do not copy APOLLO OCR full text
XWL-REQ-5C-0033,F4-P3-023,T5A-0180,H5A-0133,REQ-5C-0033,R5B-PKG004-0021,REQ-5C-0033,VAL-REQ-5C-0033,BL-REQ-5C-0033,Phase1_required,section_property:断面諸量の計算方法,MAN-062,6,DOC-RBS-II,117,stage5b/evidence/DOC-RBS-II_pdfp0117_300dpi-R5B-PKG004-0021.png,STANDARD_TRACEABILITY_REQUIRED,PARTIALLY_LOCATED,OPEN_ACCEPTED,OPEN,BLOCKED_OR_HOLD,HISTORICAL_BASELINE_UNKNOWN_EDITION;TARGET_STANDARD_NOT_SELECTED,令和7年10月版 Ver.2.00（表紙・奥付確認済み・Target未選定）,NONE,,BL-REQ-5C-0033: CROSS_REFERENCE_NOT_YET_CHECKED,,,REVIEWED,Do not copy APOLLO OCR full text | APOLLO操作名と道示条文の直接対応は監督レビュー要
XWL-REQ-5C-0034,F4-P3-024,T5A-0181,H5A-0134,REQ-5C-0034,R5B-PKG004-0022,REQ-5C-0034,VAL-REQ-5C-0034,,Phase1_required,section_force_assignment:断面力の適用,MAN-062,4,DOC-RBS-II,117,stage5b/evidence/DOC-RBS-II_pdfp0117_300dpi-R5B-PKG004-0022.png,STANDARD_TRACEABILITY_REQUIRED,LOCATED,READY_ACCEPTED,READY,READY_SUBSET_OK,HISTORICAL_BASELINE_UNKNOWN_EDITION;TARGET_STANDARD_NOT_SELECTED,令和7年10月版 Ver.2.00（表紙・奥付確認済み・Target未選定）,NONE,,,,,REVIEWED,Do not copy APOLLO OCR full text
XWL-REQ-5C-0035,F4-P3-026,T5A-0183|T5A-0184|T5A-0185,H5A-0136,REQ-5C-0035,R5B-PKG004-0023,REQ-5C-0035,VAL-REQ-5C-0035,,Phase1_required,splice:添接計算の基本操作,MAN-063,3,DOC-RBS-II,303,stage5b/evidence/DOC-RBS-II_pdfp0303_300dpi-R5B-PKG004-0023.png,JIS_TRACEABILITY_REQUIRED|MULTIPLE_SOURCES_REQUIRED|STANDARD_TRACEABILITY_REQUIRED,LOCATED,READY_ACCEPTED,READY,READY_SUBSET_OK,HISTORICAL_BASELINE_UNKNOWN_EDITION;TARGET_STANDARD_NOT_SELECTED,令和7年10月版 Ver.2.00（表紙・奥付確認済み・Target未選定）,NONE,,,,,REVIEWED,Do not copy APOLLO OCR full text
XWL-REQ-5C-0036,F4-P3-027,T5A-0186|T5A-0187|T5A-0188,H5A-0139,REQ-5C-0036,R5B-PKG004-0024,REQ-5C-0036,VAL-REQ-5C-0036,,Phase1_required,splice_geometry:部材寸法入力,MAN-063,3,DOC-RBS-II,303,stage5b/evidence/DOC-RBS-II_pdfp0303_300dpi-R5B-PKG004-0024.png,JIS_TRACEABILITY_REQUIRED|MULTIPLE_SOURCES_REQUIRED|STANDARD_TRACEABILITY_REQUIRED,LOCATED,READY_ACCEPTED,READY,READY_SUBSET_OK,HISTORICAL_BASELINE_UNKNOWN_EDITION;TARGET_STANDARD_NOT_SELECTED,令和7年10月版 Ver.2.00（表紙・奥付確認済み・Target未選定）,NONE,,,,,REVIEWED,Do not copy APOLLO OCR full text
XWL-REQ-5C-0037,F4-P3-030,T5A-0195|T5A-0196|T5A-0197,H5A-0148,REQ-5C-0037,R5B-PKG004-0025,REQ-5C-0037,VAL-REQ-5C-0037,,Phase1_required,splice_check:適用範囲,MAN-063,7,DOC-RBS-II,303,stage5b/evidence/DOC-RBS-II_pdfp0303_300dpi-R5B-PKG004-0025.png,JIS_TRACEABILITY_REQUIRED|MULTIPLE_SOURCES_REQUIRED|STANDARD_TRACEABILITY_REQUIRED,LOCATED,READY_ACCEPTED,READY,READY_SUBSET_OK,HISTORICAL_BASELINE_UNKNOWN_EDITION;TARGET_STANDARD_NOT_SELECTED,令和7年10月版 Ver.2.00（表紙・奥付確認済み・Target未選定）,NONE,,,,,REVIEWED,Do not copy APOLLO OCR full text
XWL-REQ-5C-0038,F4-P3-031,T5A-0198|T5A-0199|T5A-0200,H5A-0151,REQ-5C-0038,R5B-PKG004-0026,REQ-5C-0038,VAL-REQ-5C-0038,,Phase1_required,splice_check:計算方法の種類,MAN-063,7,DOC-RBS-II,303,stage5b/evidence/DOC-RBS-II_pdfp0303_300dpi-R5B-PKG004-0026.png,JIS_TRACEABILITY_REQUIRED|MULTIPLE_SOURCES_REQUIRED|STANDARD_TRACEABILITY_REQUIRED,LOCATED,READY_ACCEPTED,READY,READY_SUBSET_OK,HISTORICAL_BASELINE_UNKNOWN_EDITION;TARGET_STANDARD_NOT_SELECTED,令和7年10月版 Ver.2.00（表紙・奥付確認済み・Target未選定）,NONE,,,,,REVIEWED,Do not copy APOLLO OCR full text
XWL-REQ-5C-0039,F4-P3-033,T5A-0204|T5A-0205|T5A-0206,H5A-0157,REQ-5C-0039,R5B-PKG004-0027,REQ-5C-0039,VAL-REQ-5C-0039,,Phase1_required,splice_plate:フランジ方式の計算方法,MAN-063,7,DOC-RBS-II,303,stage5b/evidence/DOC-RBS-II_pdfp0303_300dpi-R5B-PKG004-0027.png,JIS_TRACEABILITY_REQUIRED|MULTIPLE_SOURCES_REQUIRED|STANDARD_TRACEABILITY_REQUIRED,LOCATED,READY_ACCEPTED,READY,READY_SUBSET_OK,HISTORICAL_BASELINE_UNKNOWN_EDITION;TARGET_STANDARD_NOT_SELECTED,令和7年10月版 Ver.2.00（表紙・奥付確認済み・Target未選定）,NONE,,,,,REVIEWED,Do not copy APOLLO OCR full text
XWL-REQ-5C-0040,F4-P3-034,T5A-0207|T5A-0208|T5A-0209,H5A-0160,REQ-5C-0040,R5B-PKG004-0028,REQ-5C-0040,VAL-REQ-5C-0040,,Phase1_required,splice_plate:腹板の計算方法,MAN-063,7,DOC-RBS-II,303,stage5b/evidence/DOC-RBS-II_pdfp0303_300dpi-R5B-PKG004-0028.png,JIS_TRACEABILITY_REQUIRED|MULTIPLE_SOURCES_REQUIRED|STANDARD_TRACEABILITY_REQUIRED,LOCATED,READY_ACCEPTED,READY,READY_SUBSET_OK,HISTORICAL_BASELINE_UNKNOWN_EDITION;TARGET_STANDARD_NOT_SELECTED,令和7年10月版 Ver.2.00（表紙・奥付確認済み・Target未選定）,NONE,,,,,REVIEWED,Do not copy APOLLO OCR full text
XWL-REQ-5C-0041,F4-P3-035,T5A-0210|T5A-0211|T5A-0212,H5A-0163,REQ-5C-0041,R5B-PKG004-0029,REQ-5C-0041,VAL-REQ-5C-0041,,Phase1_required,splice_plate:フランジ添接板の必要断面積,MAN-063,7,DOC-RBS-II,303,stage5b/evidence/DOC-RBS-II_pdfp0303_300dpi-R5B-PKG004-0029.png,JIS_TRACEABILITY_REQUIRED|MULTIPLE_SOURCES_REQUIRED|STANDARD_TRACEABILITY_REQUIRED,LOCATED,READY_ACCEPTED,READY,READY_SUBSET_OK,HISTORICAL_BASELINE_UNKNOWN_EDITION;TARGET_STANDARD_NOT_SELECTED,令和7年10月版 Ver.2.00（表紙・奥付確認済み・Target未選定）,NONE,,,,,REVIEWED,Do not copy APOLLO OCR full text
XWL-REQ-5C-0042,F4-P3-036,T5A-0213,H5A-0166,REQ-5C-0042,R5B-PKG004-0030,REQ-5C-0042,VAL-REQ-5C-0042,BL-REQ-5C-0042,unknown,girder_geometry:girder_geometry,MAN-008,NONE,DOC-RBS-II,421,stage5b/evidence/DOC-RBS-II_pdfp0421_300dpi-R5B-PKG004-0030.png,STANDARD_TRACEABILITY_REQUIRED,PARTIALLY_LOCATED,OPEN_ACCEPTED,OPEN,BLOCKED_OR_HOLD,HISTORICAL_BASELINE_UNKNOWN_EDITION;TARGET_STANDARD_NOT_SELECTED,令和7年10月版 Ver.2.00（表紙・奥付確認済み・Target未選定）,NONE,,BL-REQ-5C-0042: CROSS_REFERENCE_NOT_YET_CHECKED,,,REVIEWED,Do not copy APOLLO OCR full text | APOLLO操作名と道示条文の直接対応は監督レビュー要
XWL-REQ-5C-0043,F4-P3-037,T5A-0214|T5A-0215|T5A-0216,H5A-0168,REQ-5C-0043,R5B-PKG004-0031,REQ-5C-0043,VAL-REQ-5C-0043,,unknown,girder_material:girder_material,MAN-008,NONE,DOC-RBS-II,92,stage5b/evidence/DOC-RBS-II_pdfp0092_300dpi-R5B-PKG004-0031.png,JIS_TRACEABILITY_REQUIRED|MULTIPLE_SOURCES_REQUIRED|STANDARD_TRACEABILITY_REQUIRED,LOCATED,READY_ACCEPTED,READY,READY_SUBSET_OK,HISTORICAL_BASELINE_UNKNOWN_EDITION;TARGET_STANDARD_NOT_SELECTED,令和7年10月版 Ver.2.00（表紙・奥付確認済み・Target未選定）,NONE,,,,,REVIEWED,Do not copy APOLLO OCR full text
XWL-REQ-5C-0044,F4-P3-038,T5A-0217,H5A-0170,REQ-5C-0044,R5B-PKG004-0032,REQ-5C-0044,VAL-REQ-5C-0044,BL-REQ-5C-0044,unknown,girder_section:girder_section,MAN-008,NONE,DOC-RBS-II,421,stage5b/evidence/DOC-RBS-II_pdfp0421_300dpi-R5B-PKG004-0032.png,STANDARD_TRACEABILITY_REQUIRED,PARTIALLY_LOCATED,OPEN_ACCEPTED,OPEN,BLOCKED_OR_HOLD,HISTORICAL_BASELINE_UNKNOWN_EDITION;TARGET_STANDARD_NOT_SELECTED,令和7年10月版 Ver.2.00（表紙・奥付確認済み・Target未選定）,NONE,,BL-REQ-5C-0044: CROSS_REFERENCE_NOT_YET_CHECKED,,,REVIEWED,Do not copy APOLLO OCR full text | APOLLO操作名と道示条文の直接対応は監督レビュー要
XWL-REQ-5C-0045,F4-P3-039,T5A-0218,H5A-0171,REQ-5C-0045,R5B-PKG004-0033,REQ-5C-0045,VAL-REQ-5C-0045,,unknown,flange:flange,MAN-008,NONE,DOC-RBS-II,421,stage5b/evidence/DOC-RBS-II_pdfp0421_300dpi-R5B-PKG004-0033.png,STANDARD_TRACEABILITY_REQUIRED,LOCATED,READY_ACCEPTED,READY,READY_SUBSET_OK,HISTORICAL_BASELINE_UNKNOWN_EDITION;TARGET_STANDARD_NOT_SELECTED,令和7年10月版 Ver.2.00（表紙・奥付確認済み・Target未選定）,NONE,,,,,REVIEWED,Do not copy APOLLO OCR full text
XWL-REQ-5C-0046,F4-P3-040,T5A-0219,H5A-0172,REQ-5C-0046,R5B-PKG004-0034,REQ-5C-0046,VAL-REQ-5C-0046,,unknown,web:web,MAN-008,NONE,DOC-RBS-II,421,stage5b/evidence/DOC-RBS-II_pdfp0421_300dpi-R5B-PKG004-0034.png,STANDARD_TRACEABILITY_REQUIRED,LOCATED,READY_ACCEPTED,READY,READY_SUBSET_OK,HISTORICAL_BASELINE_UNKNOWN_EDITION;TARGET_STANDARD_NOT_SELECTED,令和7年10月版 Ver.2.00（表紙・奥付確認済み・Target未選定）,NONE,,,,,REVIEWED,Do not copy APOLLO OCR full text
XWL-REQ-5C-0047,F4-P4-001,T5A-0220,H5A-0173,REQ-5C-0047,R5B-PKG004-0035,REQ-5C-0047,VAL-REQ-5C-0047,BL-REQ-5C-0047,Phase1_required,cross_girder:横桁設計,MAN-011,3,DOC-RBS-II,534,stage5b/evidence/DOC-RBS-II_pdfp0534_300dpi-R5B-PKG004-0035.png,STANDARD_TRACEABILITY_REQUIRED,PARTIALLY_LOCATED,OPEN_ACCEPTED,OPEN,BLOCKED_OR_HOLD,HISTORICAL_BASELINE_UNKNOWN_EDITION;TARGET_STANDARD_NOT_SELECTED,令和7年10月版 Ver.2.00（表紙・奥付確認済み・Target未選定）,NONE,,BL-REQ-5C-0047: CROSS_REFERENCE_NOT_YET_CHECKED,,,REVIEWED,Do not copy APOLLO OCR full text | APOLLO操作名と道示条文の直接対応は監督レビュー要
XWL-REQ-5C-0048,F4-P4-002,T5A-0221,H5A-0174,REQ-5C-0048,R5B-PKG004-0036,REQ-5C-0048,VAL-REQ-5C-0048,BL-REQ-5C-0048,Phase1_required,cross_girder:横桁断面力計算,MAN-011,4,DOC-RBS-II,534,stage5b/evidence/DOC-RBS-II_pdfp0534_300dpi-R5B-PKG004-0036.png,STANDARD_TRACEABILITY_REQUIRED,PARTIALLY_LOCATED,OPEN_ACCEPTED,OPEN,BLOCKED_OR_HOLD,HISTORICAL_BASELINE_UNKNOWN_EDITION;TARGET_STANDARD_NOT_SELECTED,令和7年10月版 Ver.2.00（表紙・奥付確認済み・Target未選定）,NONE,,BL-REQ-5C-0048: CROSS_REFERENCE_NOT_YET_CHECKED,,,REVIEWED,Do not copy APOLLO OCR full text | APOLLO操作名と道示条文の直接対応は監督レビュー要
XWL-REQ-5C-0049,F4-P4-003,T5A-0222,H5A-0175,REQ-5C-0049,R5B-PKG004-0037,REQ-5C-0049,VAL-REQ-5C-0049,BL-REQ-5C-0049,Phase1_required,cross_girder:横桁断面計算,MAN-011,5,DOC-RBS-II,534,stage5b/evidence/DOC-RBS-II_pdfp0534_300dpi-R5B-PKG004-0037.png,STANDARD_TRACEABILITY_REQUIRED,PARTIALLY_LOCATED,OPEN_ACCEPTED,OPEN,BLOCKED_OR_HOLD,HISTORICAL_BASELINE_UNKNOWN_EDITION;TARGET_STANDARD_NOT_SELECTED,令和7年10月版 Ver.2.00（表紙・奥付確認済み・Target未選定）,NONE,,BL-REQ-5C-0049: CROSS_REFERENCE_NOT_YET_CHECKED,,,REVIEWED,Do not copy APOLLO OCR full text | APOLLO操作名と道示条文の直接対応は監督レビュー要
XWL-REQ-5C-0050,F4-P4-004,T5A-0223,H5A-0176,REQ-5C-0050,R5B-PKG004-0038,REQ-5C-0050,VAL-REQ-5C-0050,BL-REQ-5C-0050,Phase1_required,cross_girder:横桁添接計算,MAN-011,6,DOC-RBS-II,534,stage5b/evidence/DOC-RBS-II_pdfp0534_300dpi-R5B-PKG004-0038.png,STANDARD_TRACEABILITY_REQUIRED,PARTIALLY_LOCATED,OPEN_ACCEPTED,OPEN,BLOCKED_OR_HOLD,HISTORICAL_BASELINE_UNKNOWN_EDITION;TARGET_STANDARD_NOT_SELECTED,令和7年10月版 Ver.2.00（表紙・奥付確認済み・Target未選定）,NONE,,BL-REQ-5C-0050: CROSS_REFERENCE_NOT_YET_CHECKED,,,REVIEWED,Do not copy APOLLO OCR full text | APOLLO操作名と道示条文の直接対応は監督レビュー要
XWL-REQ-5C-0051,F4-P4-005,T5A-0224,H5A-0177,REQ-5C-0051,R5B-PKG004-0039,REQ-5C-0051,VAL-REQ-5C-0051,BL-REQ-5C-0051,Phase1_required,cross_girder:横桁補剛材計算,MAN-011,6,DOC-RBS-II,534,stage5b/evidence/DOC-RBS-II_pdfp0534_300dpi-R5B-PKG004-0039.png,STANDARD_TRACEABILITY_REQUIRED,PARTIALLY_LOCATED,OPEN_ACCEPTED,OPEN,BLOCKED_OR_HOLD,HISTORICAL_BASELINE_UNKNOWN_EDITION;TARGET_STANDARD_NOT_SELECTED,令和7年10月版 Ver.2.00（表紙・奥付確認済み・Target未選定）,NONE,,BL-REQ-5C-0051: CROSS_REFERENCE_NOT_YET_CHECKED,,,REVIEWED,Do not copy APOLLO OCR full text | APOLLO操作名と道示条文の直接対応は監督レビュー要
XWL-REQ-5C-0052,F4-P4-006,T5A-0225|T5A-0226,H5A-0178,REQ-5C-0052,R5B-PKG004-0040,REQ-5C-0052,VAL-REQ-5C-0052,,Phase1_required,sway_bracing:対傾構設計,MAN-011,7,DOC-RBS-II,431,stage5b/evidence/DOC-RBS-II_pdfp0431_300dpi-R5B-PKG004-0040.png,DESIGN_PRACTICE_TRACEABILITY_REQUIRED|STANDARD_TRACEABILITY_REQUIRED,LOCATED,READY_ACCEPTED,READY,READY_SUBSET_OK,HISTORICAL_BASELINE_UNKNOWN_EDITION;TARGET_STANDARD_NOT_SELECTED,令和7年10月版 Ver.2.00（表紙・奥付確認済み・Target未選定）,NONE,,,,,REVIEWED,Do not copy APOLLO OCR full text
XWL-REQ-5C-0053,F4-P4-007,T5A-0227|T5A-0228,H5A-0180,REQ-5C-0053,R5B-PKG004-0041,REQ-5C-0053,VAL-REQ-5C-0053,,Phase1_required,sway_bracing:対傾構骨組み寸法,MAN-011,7,DOC-RBS-II,431,stage5b/evidence/DOC-RBS-II_pdfp0431_300dpi-R5B-PKG004-0041.png,DESIGN_PRACTICE_TRACEABILITY_REQUIRED|STANDARD_TRACEABILITY_REQUIRED,LOCATED,READY_ACCEPTED,READY,READY_SUBSET_OK,HISTORICAL_BASELINE_UNKNOWN_EDITION;TARGET_STANDARD_NOT_SELECTED,令和7年10月版 Ver.2.00（表紙・奥付確認済み・Target未選定）,NONE,,,,,REVIEWED,Do not copy APOLLO OCR full text
XWL-REQ-5C-0054,F4-P4-008,T5A-0229|T5A-0230,H5A-0182,REQ-5C-0054,R5B-PKG004-0042,REQ-5C-0054,VAL-REQ-5C-0054,,Phase1_required,sway_bracing:対傾構水平荷重載荷方法,MAN-011,8,DOC-RBS-II,431,stage5b/evidence/DOC-RBS-II_pdfp0431_300dpi-R5B-PKG004-0042.png,DESIGN_PRACTICE_TRACEABILITY_REQUIRED|STANDARD_TRACEABILITY_REQUIRED,LOCATED,READY_ACCEPTED,READY,READY_SUBSET_OK,HISTORICAL_BASELINE_UNKNOWN_EDITION;TARGET_STANDARD_NOT_SELECTED,令和7年10月版 Ver.2.00（表紙・奥付確認済み・Target未選定）,NONE,,,,,REVIEWED,Do not copy APOLLO OCR full text
XWL-REQ-5C-0055,F4-P4-009,T5A-0231|T5A-0232,H5A-0184,REQ-5C-0055,R5B-PKG004-0043,REQ-5C-0055,VAL-REQ-5C-0055,,Phase1_required,sway_bracing:対傾構断面指定,MAN-011,8,DOC-RBS-II,431,stage5b/evidence/DOC-RBS-II_pdfp0431_300dpi-R5B-PKG004-0043.png,DESIGN_PRACTICE_TRACEABILITY_REQUIRED|STANDARD_TRACEABILITY_REQUIRED,LOCATED,READY_ACCEPTED,READY,READY_SUBSET_OK,HISTORICAL_BASELINE_UNKNOWN_EDITION;TARGET_STANDARD_NOT_SELECTED,令和7年10月版 Ver.2.00（表紙・奥付確認済み・Target未選定）,NONE,,,,,REVIEWED,Do not copy APOLLO OCR full text
XWL-REQ-5C-0056,F4-P4-010,T5A-0233|T5A-0234,H5A-0186,REQ-5C-0056,R5B-PKG004-0044,REQ-5C-0056,VAL-REQ-5C-0056,,Phase1_required,lateral_bracing:横構断面指定,MAN-011,9,DOC-RBS-II,433,stage5b/evidence/DOC-RBS-II_pdfp0433_300dpi-R5B-PKG004-0044.png,DESIGN_PRACTICE_TRACEABILITY_REQUIRED|STANDARD_TRACEABILITY_REQUIRED,LOCATED,READY_ACCEPTED,READY,READY_SUBSET_OK,HISTORICAL_BASELINE_UNKNOWN_EDITION;TARGET_STANDARD_NOT_SELECTED,令和7年10月版 Ver.2.00（表紙・奥付確認済み・Target未選定）,NONE,,,,,REVIEWED,Do not copy APOLLO OCR full text
XWL-REQ-5C-0057,F4-P4-011,T5A-0235|T5A-0236,H5A-0188,REQ-5C-0057,R5B-PKG004-0045,REQ-5C-0057,VAL-REQ-5C-0057,,Phase1_optional,sway_bracing:BuiltUP断面指定,MAN-011,9,DOC-RBS-II,431,stage5b/evidence/DOC-RBS-II_pdfp0431_300dpi-R5B-PKG004-0045.png,DESIGN_PRACTICE_TRACEABILITY_REQUIRED|STANDARD_TRACEABILITY_REQUIRED,LOCATED,READY_ACCEPTED,READY,READY_SUBSET_OK,HISTORICAL_BASELINE_UNKNOWN_EDITION;TARGET_STANDARD_NOT_SELECTED,令和7年10月版 Ver.2.00（表紙・奥付確認済み・Target未選定）,NONE,,,,,REVIEWED,Do not copy APOLLO OCR full text
XWL-REQ-5C-0058,F4-P4-012,T5A-0237|T5A-0238,H5A-0190,REQ-5C-0058,R5B-PKG004-0046,REQ-5C-0058,VAL-REQ-5C-0058,,Phase1_optional,sway_bracing:支点上対傾構横桁形状変更,MAN-011,10,DOC-RBS-II,431,stage5b/evidence/DOC-RBS-II_pdfp0431_300dpi-R5B-PKG004-0046.png,DESIGN_PRACTICE_TRACEABILITY_REQUIRED|STANDARD_TRACEABILITY_REQUIRED,LOCATED,READY_ACCEPTED,READY,READY_SUBSET_OK,HISTORICAL_BASELINE_UNKNOWN_EDITION;TARGET_STANDARD_NOT_SELECTED,令和7年10月版 Ver.2.00（表紙・奥付確認済み・Target未選定）,NONE,,,,,REVIEWED,Do not copy APOLLO OCR full text
XWL-REQ-5C-0059,F4-P4-013,T5A-0239|T5A-0240,H5A-0192,REQ-5C-0059,R5B-PKG004-0047,REQ-5C-0059,VAL-REQ-5C-0059,,Phase1_optional,lateral_bracing:横構骨組み組み方変更,MAN-011,13,DOC-RBS-II,433,stage5b/evidence/DOC-RBS-II_pdfp0433_300dpi-R5B-PKG004-0047.png,DESIGN_PRACTICE_TRACEABILITY_REQUIRED|STANDARD_TRACEABILITY_REQUIRED,LOCATED,READY_ACCEPTED,READY,READY_SUBSET_OK,HISTORICAL_BASELINE_UNKNOWN_EDITION;TARGET_STANDARD_NOT_SELECTED,令和7年10月版 Ver.2.00（表紙・奥付確認済み・Target未選定）,NONE,,,,,REVIEWED,Do not copy APOLLO OCR full text
XWL-REQ-5C-0060,F4-P4-014,T5A-0241|T5A-0242,H5A-0194,REQ-5C-0060,R5B-PKG004-0048,REQ-5C-0060,VAL-REQ-5C-0060,,Phase1_optional,sway_bracing:対傾構斜材溶接向き変更,MAN-011,14,DOC-RBS-II,431,stage5b/evidence/DOC-RBS-II_pdfp0431_300dpi-R5B-PKG004-0048.png,DESIGN_PRACTICE_TRACEABILITY_REQUIRED|STANDARD_TRACEABILITY_REQUIRED,LOCATED,READY_ACCEPTED,READY,READY_SUBSET_OK,HISTORICAL_BASELINE_UNKNOWN_EDITION;TARGET_STANDARD_NOT_SELECTED,令和7年10月版 Ver.2.00（表紙・奥付確認済み・Target未選定）,NONE,,,,,REVIEWED,Do not copy APOLLO OCR full text
XWL-REQ-5C-0061,F4-P4-015,T5A-0243|T5A-0244,H5A-0196,REQ-5C-0061,R5B-PKG004-0049,REQ-5C-0061,VAL-REQ-5C-0061,,Phase1_optional,sway_bracing:対傾構水平荷重受け持ち組数変更,MAN-011,14,DOC-RBS-II,431,stage5b/evidence/DOC-RBS-II_pdfp0431_300dpi-R5B-PKG004-0049.png,DESIGN_PRACTICE_TRACEABILITY_REQUIRED|STANDARD_TRACEABILITY_REQUIRED,LOCATED,READY_ACCEPTED,READY,READY_SUBSET_OK,HISTORICAL_BASELINE_UNKNOWN_EDITION;TARGET_STANDARD_NOT_SELECTED,令和7年10月版 Ver.2.00（表紙・奥付確認済み・Target未選定）,NONE,,,,,REVIEWED,Do not copy APOLLO OCR full text
XWL-REQ-5C-0062,F4-P4-016,T5A-0245|T5A-0246,H5A-0198,REQ-5C-0062,R5B-PKG004-0050,REQ-5C-0062,VAL-REQ-5C-0062,,Phase1_optional,lateral_bracing:横構配置図作成,MAN-011,15,DOC-RBS-II,433,stage5b/evidence/DOC-RBS-II_pdfp0433_300dpi-R5B-PKG004-0050.png,DESIGN_PRACTICE_TRACEABILITY_REQUIRED|STANDARD_TRACEABILITY_REQUIRED,LOCATED,READY_ACCEPTED,READY,READY_SUBSET_OK,HISTORICAL_BASELINE_UNKNOWN_EDITION;TARGET_STANDARD_NOT_SELECTED,令和7年10月版 Ver.2.00（表紙・奥付確認済み・Target未選定）,NONE,,,,,REVIEWED,Do not copy APOLLO OCR full text
XWL-REQ-5C-0063,F4-P4-017,T5A-0247|T5A-0248,H5A-0200,REQ-5C-0063,R5B-PKG004-0051,REQ-5C-0063,VAL-REQ-5C-0063,,Phase1_optional,lateral_bracing:横構細長比一次部材変更,MAN-011,16,DOC-RBS-II,433,stage5b/evidence/DOC-RBS-II_pdfp0433_300dpi-R5B-PKG004-0051.png,DESIGN_PRACTICE_TRACEABILITY_REQUIRED|STANDARD_TRACEABILITY_REQUIRED,LOCATED,READY_ACCEPTED,READY,READY_SUBSET_OK,HISTORICAL_BASELINE_UNKNOWN_EDITION;TARGET_STANDARD_NOT_SELECTED,令和7年10月版 Ver.2.00（表紙・奥付確認済み・Target未選定）,NONE,,,,,REVIEWED,Do not copy APOLLO OCR full text
XWL-REQ-5C-0064,F4-P4-018,T5A-0249,H5A-0202,REQ-5C-0064,R5B-PKG004-0052,REQ-5C-0064,VAL-REQ-5C-0064,,Phase1_required,support_stiffener:支点上補剛材設計,MAN-012,4,DOC-RBS-II,427,stage5b/evidence/DOC-RBS-II_pdfp0427_300dpi-R5B-PKG004-0052.png,STANDARD_TRACEABILITY_REQUIRED,LOCATED,READY_ACCEPTED,READY,READY_SUBSET_OK,HISTORICAL_BASELINE_UNKNOWN_EDITION;TARGET_STANDARD_NOT_SELECTED,令和7年10月版 Ver.2.00（表紙・奥付確認済み・Target未選定）,NONE,,,,,REVIEWED,Do not copy APOLLO OCR full text
XWL-REQ-5C-0065,F4-P4-019,T5A-0250,H5A-0203,REQ-5C-0065,R5B-PKG004-0053,REQ-5C-0065,VAL-REQ-5C-0065,,Phase1_required,support_stiffener:支点上補剛材入力項目,MAN-012,4,DOC-RBS-II,427,stage5b/evidence/DOC-RBS-II_pdfp0427_300dpi-R5B-PKG004-0053.png,STANDARD_TRACEABILITY_REQUIRED,LOCATED,READY_ACCEPTED,READY,READY_SUBSET_OK,HISTORICAL_BASELINE_UNKNOWN_EDITION;TARGET_STANDARD_NOT_SELECTED,令和7年10月版 Ver.2.00（表紙・奥付確認済み・Target未選定）,NONE,,,,,REVIEWED,Do not copy APOLLO OCR full text
XWL-REQ-5C-0066,F4-P4-020,T5A-0251,H5A-0204,REQ-5C-0066,R5B-PKG004-0054,REQ-5C-0066,VAL-REQ-5C-0066,,Phase1_required,support_stiffener:支点上補剛材グループ番号,MAN-012,5,DOC-RBS-II,427,stage5b/evidence/DOC-RBS-II_pdfp0427_300dpi-R5B-PKG004-0054.png,STANDARD_TRACEABILITY_REQUIRED,LOCATED,READY_ACCEPTED,READY,READY_SUBSET_OK,HISTORICAL_BASELINE_UNKNOWN_EDITION;TARGET_STANDARD_NOT_SELECTED,令和7年10月版 Ver.2.00（表紙・奥付確認済み・Target未選定）,NONE,,,,,REVIEWED,Do not copy APOLLO OCR full text
XWL-REQ-5C-0067,F4-P4-021,T5A-0252,H5A-0205,REQ-5C-0067,R5B-PKG004-0055,REQ-5C-0067,VAL-REQ-5C-0067,,Phase1_required,support_stiffener:支点上補剛材計算条件,MAN-012,6,DOC-RBS-II,427,stage5b/evidence/DOC-RBS-II_pdfp0427_300dpi-R5B-PKG004-0055.png,STANDARD_TRACEABILITY_REQUIRED,LOCATED,READY_ACCEPTED,READY,READY_SUBSET_OK,HISTORICAL_BASELINE_UNKNOWN_EDITION;TARGET_STANDARD_NOT_SELECTED,令和7年10月版 Ver.2.00（表紙・奥付確認済み・Target未選定）,NONE,,,,,REVIEWED,Do not copy APOLLO OCR full text
XWL-REQ-5C-0068,F4-P4-022,T5A-0253,H5A-0206,REQ-5C-0068,R5B-PKG004-0056,REQ-5C-0068,VAL-REQ-5C-0068,,Phase1_optional,support_stiffener:支点上補強リブ照査,MAN-012,6,DOC-RBS-II,427,stage5b/evidence/DOC-RBS-II_pdfp0427_300dpi-R5B-PKG004-0056.png,STANDARD_TRACEABILITY_REQUIRED,LOCATED,READY_ACCEPTED,READY,READY_SUBSET_OK,HISTORICAL_BASELINE_UNKNOWN_EDITION;TARGET_STANDARD_NOT_SELECTED,令和7年10月版 Ver.2.00（表紙・奥付確認済み・Target未選定）,NONE,,,,,REVIEWED,Do not copy APOLLO OCR full text
XWL-REQ-5C-0069,F4-P4-023,T5A-0254,H5A-0207,REQ-5C-0069,R5B-PKG004-0057,REQ-5C-0069,VAL-REQ-5C-0069,,Phase1_required,intermediate_stiffener:中間補剛材設計,MAN-012,8,DOC-RBS-II,201,stage5b/evidence/DOC-RBS-II_pdfp0201_300dpi-R5B-PKG004-0057.png,STANDARD_TRACEABILITY_REQUIRED,LOCATED,READY_ACCEPTED,READY,READY_SUBSET_OK,HISTORICAL_BASELINE_UNKNOWN_EDITION;TARGET_STANDARD_NOT_SELECTED,令和7年10月版 Ver.2.00（表紙・奥付確認済み・Target未選定）,NONE,,,,,REVIEWED,Do not copy APOLLO OCR full text
XWL-REQ-5C-0070,F4-P4-024,T5A-0255,H5A-0208,REQ-5C-0070,R5B-PKG004-0058,REQ-5C-0070,VAL-REQ-5C-0070,,Phase1_required,intermediate_stiffener:中間補剛材格点断面指定,MAN-012,9,DOC-RBS-II,201,stage5b/evidence/DOC-RBS-II_pdfp0201_300dpi-R5B-PKG004-0058.png,STANDARD_TRACEABILITY_REQUIRED,LOCATED,READY_ACCEPTED,READY,READY_SUBSET_OK,HISTORICAL_BASELINE_UNKNOWN_EDITION;TARGET_STANDARD_NOT_SELECTED,令和7年10月版 Ver.2.00（表紙・奥付確認済み・Target未選定）,NONE,,,,,REVIEWED,Do not copy APOLLO OCR full text
XWL-REQ-5C-0071,F4-P4-025,T5A-0256,H5A-0209,REQ-5C-0071,R5B-PKG004-0059,REQ-5C-0071,VAL-REQ-5C-0071,,Phase1_required,intermediate_stiffener:中間補剛材計算書書式,MAN-012,10,DOC-RBS-II,201,stage5b/evidence/DOC-RBS-II_pdfp0201_300dpi-R5B-PKG004-0059.png,STANDARD_TRACEABILITY_REQUIRED,LOCATED,READY_ACCEPTED,READY,READY_SUBSET_OK,HISTORICAL_BASELINE_UNKNOWN_EDITION;TARGET_STANDARD_NOT_SELECTED,令和7年10月版 Ver.2.00（表紙・奥付確認済み・Target未選定）,NONE,,,,,REVIEWED,Do not copy APOLLO OCR full text
XWL-REQ-5C-0072,F4-P4-026,T5A-0257,H5A-0210,REQ-5C-0072,R5B-PKG004-0060,REQ-5C-0072,VAL-REQ-5C-0072,,Phase1_required,intermediate_stiffener:水平補剛材ラップ照査,MAN-012,11,DOC-RBS-II,201,stage5b/evidence/DOC-RBS-II_pdfp0201_300dpi-R5B-PKG004-0060.png,STANDARD_TRACEABILITY_REQUIRED,LOCATED,READY_ACCEPTED,READY,READY_SUBSET_OK,HISTORICAL_BASELINE_UNKNOWN_EDITION;TARGET_STANDARD_NOT_SELECTED,令和7年10月版 Ver.2.00（表紙・奥付確認済み・Target未選定）,NONE,,,,,REVIEWED,Do not copy APOLLO OCR full text
XWL-REQ-5C-0073,F4-P4-027,T5A-0258,H5A-0211,REQ-5C-0073,R5B-PKG004-0061,REQ-5C-0073,VAL-REQ-5C-0073,,Phase1_required,intermediate_stiffener:水平補剛材ラップ照査計算書内容,MAN-012,12,DOC-RBS-II,201,stage5b/evidence/DOC-RBS-II_pdfp0201_300dpi-R5B-PKG004-0061.png,STANDARD_TRACEABILITY_REQUIRED,LOCATED,READY_ACCEPTED,READY,READY_SUBSET_OK,HISTORICAL_BASELINE_UNKNOWN_EDITION;TARGET_STANDARD_NOT_SELECTED,令和7年10月版 Ver.2.00（表紙・奥付確認済み・Target未選定）,NONE,,,,,REVIEWED,Do not copy APOLLO OCR full text
XWL-REQ-5C-0074,F4-P4-028,T5A-0259,H5A-0212,REQ-5C-0074,R5B-PKG004-0062,REQ-5C-0074,VAL-REQ-5C-0074,BL-REQ-5C-0074,Phase1_required,floor_system:床組設計ボタン説明,MAN-002,8,DOC-RBS-II,479,stage5b/evidence/DOC-RBS-II_pdfp0479_300dpi-R5B-PKG004-0062.png,STANDARD_TRACEABILITY_REQUIRED,PARTIALLY_LOCATED,OPEN_ACCEPTED,OPEN,BLOCKED_OR_HOLD,HISTORICAL_BASELINE_UNKNOWN_EDITION;TARGET_STANDARD_NOT_SELECTED,令和7年10月版 Ver.2.00（表紙・奥付確認済み・Target未選定）,NONE,,BL-REQ-5C-0074: CROSS_REFERENCE_NOT_YET_CHECKED,,,REVIEWED,Do not copy APOLLO OCR full text | APOLLO操作名と道示条文の直接対応は監督レビュー要
XWL-REQ-5C-0075,F4-P4-029,T5A-0260,H5A-0213,REQ-5C-0075,R5B-PKG004-0063,REQ-5C-0075,VAL-REQ-5C-0075,,Phase1_required,support_stiffener:支点補剛材ボタン説明,MAN-002,8,DOC-RBS-II,427,stage5b/evidence/DOC-RBS-II_pdfp0427_300dpi-R5B-PKG004-0063.png,STANDARD_TRACEABILITY_REQUIRED,LOCATED,READY_ACCEPTED,READY,READY_SUBSET_OK,HISTORICAL_BASELINE_UNKNOWN_EDITION;TARGET_STANDARD_NOT_SELECTED,令和7年10月版 Ver.2.00（表紙・奥付確認済み・Target未選定）,NONE,,,,,REVIEWED,Do not copy APOLLO OCR full text
XWL-REQ-5C-0076,F4-P4-031,T5A-0263,H5A-0215,REQ-5C-0076,R5B-PKG004-0064,REQ-5C-0076,VAL-REQ-5C-0076,BL-REQ-5C-0076,Phase1_required,floor_system:床組データ横桁基本寸法,MAN-005,27,DOC-RBS-II,479,stage5b/evidence/DOC-RBS-II_pdfp0479_300dpi-R5B-PKG004-0064.png,STANDARD_TRACEABILITY_REQUIRED,PARTIALLY_LOCATED,OPEN_ACCEPTED,OPEN,BLOCKED_OR_HOLD,HISTORICAL_BASELINE_UNKNOWN_EDITION;TARGET_STANDARD_NOT_SELECTED,令和7年10月版 Ver.2.00（表紙・奥付確認済み・Target未選定）,NONE,,BL-REQ-5C-0076: CROSS_REFERENCE_NOT_YET_CHECKED,,,REVIEWED,Do not copy APOLLO OCR full text | APOLLO操作名と道示条文の直接対応は監督レビュー要
XWL-REQ-5C-0077,F4-P4-032,T5A-0264,H5A-0216,REQ-5C-0077,R5B-PKG004-0065,REQ-5C-0077,VAL-REQ-5C-0077,BL-REQ-5C-0077,Phase1_required,stiffener:垂直補剛材データ,MAN-005,26,DOC-RBS-II,201,stage5b/evidence/DOC-RBS-II_pdfp0201_300dpi-R5B-PKG004-0065.png,STANDARD_TRACEABILITY_REQUIRED,PARTIALLY_LOCATED,OPEN_ACCEPTED,OPEN,BLOCKED_OR_HOLD,HISTORICAL_BASELINE_UNKNOWN_EDITION;TARGET_STANDARD_NOT_SELECTED,令和7年10月版 Ver.2.00（表紙・奥付確認済み・Target未選定）,NONE,,BL-REQ-5C-0077: CROSS_REFERENCE_NOT_YET_CHECKED,,,REVIEWED,Do not copy APOLLO OCR full text | APOLLO操作名と道示条文の直接対応は監督レビュー要
XWL-REQ-5C-0078,F4-P4-033,T5A-0265,H5A-0217,REQ-5C-0078,R5B-PKG004-0066,REQ-5C-0078,VAL-REQ-5C-0078,BL-REQ-5C-0078,Phase1_required,stiffener:水平補剛材データ,MAN-005,26,DOC-RBS-II,201,stage5b/evidence/DOC-RBS-II_pdfp0201_300dpi-R5B-PKG004-0066.png,STANDARD_TRACEABILITY_REQUIRED,PARTIALLY_LOCATED,OPEN_ACCEPTED,OPEN,BLOCKED_OR_HOLD,HISTORICAL_BASELINE_UNKNOWN_EDITION;TARGET_STANDARD_NOT_SELECTED,令和7年10月版 Ver.2.00（表紙・奥付確認済み・Target未選定）,NONE,,BL-REQ-5C-0078: CROSS_REFERENCE_NOT_YET_CHECKED,,,REVIEWED,Do not copy APOLLO OCR full text | APOLLO操作名と道示条文の直接対応は監督レビュー要
XWL-REQ-5C-0079,F4-P5-001,T5A-0273|T5A-0274,H5A-0219,REQ-5C-0079,R5B-PKG004-0067,REQ-5C-0079,VAL-REQ-5C-0079,,Phase1_required,analysis_input_generation:解析データ作成,MAN-007,4,DOC-RBS-II,80,stage5b/evidence/DOC-RBS-II_pdfp0080_300dpi-R5B-PKG004-0067.png,SOFTWARE_SPECIFIC|STANDARD_TRACEABILITY_REQUIRED,LOCATED,READY_ACCEPTED,READY,READY_SUBSET_OK,HISTORICAL_BASELINE_UNKNOWN_EDITION;TARGET_STANDARD_NOT_SELECTED,令和7年10月版 Ver.2.00（表紙・奥付確認済み・Target未選定）,NONE,,,,,REVIEWED,Do not copy APOLLO OCR full text
XWL-REQ-5C-0080,F4-P5-023,T5A-0305,H5A-0245,REQ-5C-0080,R5B-PKG004-0068,REQ-5C-0080,VAL-REQ-5C-0080,BL-REQ-5C-0080,Phase1_required,deflection_check:たわみ剛比,MAN-010,4,DOC-RBS-II,80,stage5b/evidence/DOC-RBS-II_pdfp0080_300dpi-R5B-PKG004-0068.png,STANDARD_TRACEABILITY_REQUIRED,PARTIALLY_LOCATED,OPEN_ACCEPTED,OPEN,BLOCKED_OR_HOLD,HISTORICAL_BASELINE_UNKNOWN_EDITION;TARGET_STANDARD_NOT_SELECTED,令和7年10月版 Ver.2.00（表紙・奥付確認済み・Target未選定）,NONE,,BL-REQ-5C-0080: CROSS_REFERENCE_NOT_YET_CHECKED,,,REVIEWED,Do not copy APOLLO OCR full text | APOLLO操作名と道示条文の直接対応は監督レビュー要
XWL-REQ-5C-0081,F4-P5-031,T5A-0315,H5A-0251,REQ-5C-0081,R5B-PKG004-0069,REQ-5C-0081,VAL-REQ-5C-0081,,Phase1_required,stress_check:許容応力度,MAN-005,8,DOC-RBS-II,117,stage5b/evidence/DOC-RBS-II_pdfp0117_300dpi-R5B-PKG004-0069.png,STANDARD_TRACEABILITY_REQUIRED,LOCATED,READY_ACCEPTED,READY,READY_SUBSET_OK,HISTORICAL_BASELINE_UNKNOWN_EDITION;TARGET_STANDARD_NOT_SELECTED,令和7年10月版 Ver.2.00（表紙・奥付確認済み・Target未選定）,NONE,,,,,REVIEWED,Do not copy APOLLO OCR full text
XWL-REQ-5C-0082,F4-P5-049,T5A-0338,H5A-0265,REQ-5C-0082,R5B-PKG004-0070,REQ-5C-0082,VAL-REQ-5C-0082,,Phase1_required,strength_check:strength_check (covered under stress_check),MULTI,NONE,DOC-RBS-II,117,stage5b/evidence/DOC-RBS-II_pdfp0117_300dpi-R5B-PKG004-0070.png,STANDARD_TRACEABILITY_REQUIRED,LOCATED,READY_ACCEPTED,READY,READY_SUBSET_OK,HISTORICAL_BASELINE_UNKNOWN_EDITION;TARGET_STANDARD_NOT_SELECTED,令和7年10月版 Ver.2.00（表紙・奥付確認済み・Target未選定）,NONE,,,,,REVIEWED,Do not copy APOLLO OCR full text
XWL-REQ-5C-0083,F4-P2-001,T5A-0103|T5A-0104,H5A-0057,REQ-5C-0083,R5B-PKG005-0001,REQ-5C-0083,VAL-REQ-5C-0083,,Phase1_required,slab_thickness:床版厚の指定,MAN-004,4,DOC-RBS-III,404,stage5b/evidence/DOC-RBS-III_pdfp0404_300dpi-R5B-PKG005-0001.png,DESIGN_PRACTICE_TRACEABILITY_REQUIRED|STANDARD_TRACEABILITY_REQUIRED,LOCATED,READY_ACCEPTED,READY,READY_SUBSET_OK,HISTORICAL_BASELINE_UNKNOWN_EDITION;TARGET_STANDARD_NOT_SELECTED,令和7年10月版 Ver.2.00（表紙・奥付確認済み・Target未選定）,NONE,,,,,REVIEWED,Do not copy APOLLO OCR full text
XWL-REQ-5C-0084,F4-P2-002,T5A-0105|T5A-0106,H5A-0059,REQ-5C-0084,R5B-PKG005-0002,REQ-5C-0084,VAL-REQ-5C-0084,,Phase1_required,haunch:ハンチ高の設定,MAN-004,4,DOC-RBS-III,409,stage5b/evidence/DOC-RBS-III_pdfp0409_300dpi-R5B-PKG005-0002.png,DESIGN_PRACTICE_TRACEABILITY_REQUIRED|STANDARD_TRACEABILITY_REQUIRED,LOCATED,READY_ACCEPTED,READY,READY_SUBSET_OK,HISTORICAL_BASELINE_UNKNOWN_EDITION;TARGET_STANDARD_NOT_SELECTED,令和7年10月版 Ver.2.00（表紙・奥付確認済み・Target未選定）,NONE,,,,,REVIEWED,Do not copy APOLLO OCR full text
XWL-REQ-5C-0085,F4-P2-003,T5A-0107|T5A-0108,H5A-0061,REQ-5C-0085,R5B-PKG005-0003,REQ-5C-0085,VAL-REQ-5C-0085,,Phase1_required,haunch:単位系指定,MAN-004,5,DOC-RBS-III,409,stage5b/evidence/DOC-RBS-III_pdfp0409_300dpi-R5B-PKG005-0003.png,DESIGN_PRACTICE_TRACEABILITY_REQUIRED|STANDARD_TRACEABILITY_REQUIRED,LOCATED,READY_ACCEPTED,READY,READY_SUBSET_OK,HISTORICAL_BASELINE_UNKNOWN_EDITION;TARGET_STANDARD_NOT_SELECTED,令和7年10月版 Ver.2.00（表紙・奥付確認済み・Target未選定）,NONE,,,,,REVIEWED,Do not copy APOLLO OCR full text
XWL-REQ-5C-0086,F4-P2-004,T5A-0109|T5A-0110,H5A-0063,REQ-5C-0086,R5B-PKG005-0004,REQ-5C-0086,VAL-REQ-5C-0086,,Phase1_required,haunch_geometry:ハンチ形状の設定,MAN-004,5,DOC-RBS-III,409,stage5b/evidence/DOC-RBS-III_pdfp0409_300dpi-R5B-PKG005-0004.png,DESIGN_PRACTICE_TRACEABILITY_REQUIRED|STANDARD_TRACEABILITY_REQUIRED,LOCATED,READY_ACCEPTED,READY,READY_SUBSET_OK,HISTORICAL_BASELINE_UNKNOWN_EDITION;TARGET_STANDARD_NOT_SELECTED,令和7年10月版 Ver.2.00（表紙・奥付確認済み・Target未選定）,NONE,,,,,REVIEWED,Do not copy APOLLO OCR full text
XWL-REQ-5C-0087,F4-P2-005,T5A-0111|T5A-0112,H5A-0065,REQ-5C-0087,R5B-PKG005-0005,REQ-5C-0087,VAL-REQ-5C-0087,BL-REQ-5C-0087,Phase1_required,haunch_calculation:ハンチ計算結果の設計情報への反映,MAN-004,6,DOC-RBS-III,396,stage5b/evidence/DOC-RBS-III_pdfp0396_300dpi-R5B-PKG005-0005.png,DESIGN_PRACTICE_TRACEABILITY_REQUIRED|STANDARD_TRACEABILITY_REQUIRED,PARTIALLY_LOCATED,OPEN_ACCEPTED,OPEN,BLOCKED_OR_HOLD,HISTORICAL_BASELINE_UNKNOWN_EDITION;TARGET_STANDARD_NOT_SELECTED,令和7年10月版 Ver.2.00（表紙・奥付確認済み・Target未選定）,NONE,,BL-REQ-5C-0087: CROSS_REFERENCE_NOT_YET_CHECKED,,,REVIEWED,Do not copy APOLLO OCR full text
XWL-REQ-5C-0088,F4-P2-006,T5A-0113|T5A-0114,H5A-0067,REQ-5C-0088,R5B-PKG005-0006,REQ-5C-0088,VAL-REQ-5C-0088,,Phase1_required,rc_slab:床版照査位置決定,MAN-006,4,DOC-RBS-III,401,stage5b/evidence/DOC-RBS-III_pdfp0401_300dpi-R5B-PKG005-0006.png,DESIGN_PRACTICE_TRACEABILITY_REQUIRED|STANDARD_TRACEABILITY_REQUIRED,LOCATED,READY_ACCEPTED,READY,READY_SUBSET_OK,HISTORICAL_BASELINE_UNKNOWN_EDITION;TARGET_STANDARD_NOT_SELECTED,令和7年10月版 Ver.2.00（表紙・奥付確認済み・Target未選定）,NONE,,,,,REVIEWED,Do not copy APOLLO OCR full text
XWL-REQ-5C-0089,F4-P2-007,T5A-0115|T5A-0116,H5A-0069,REQ-5C-0089,R5B-PKG005-0007,REQ-5C-0089,VAL-REQ-5C-0089,,Phase1_required,rc_slab:かぶり量の指定,MAN-006,5,DOC-RBS-III,401,stage5b/evidence/DOC-RBS-III_pdfp0401_300dpi-R5B-PKG005-0007.png,DESIGN_PRACTICE_TRACEABILITY_REQUIRED|STANDARD_TRACEABILITY_REQUIRED,LOCATED,READY_ACCEPTED,READY,READY_SUBSET_OK,HISTORICAL_BASELINE_UNKNOWN_EDITION;TARGET_STANDARD_NOT_SELECTED,令和7年10月版 Ver.2.00（表紙・奥付確認済み・Target未選定）,NONE,,,,,REVIEWED,Do not copy APOLLO OCR full text
XWL-REQ-5C-0090,F4-P2-008,T5A-0117|T5A-0118,H5A-0071,REQ-5C-0090,R5B-PKG005-0008,REQ-5C-0090,VAL-REQ-5C-0090,,Phase1_required,rc_slab:配力筋照査の出力方法,MAN-006,6,DOC-RBS-III,401,stage5b/evidence/DOC-RBS-III_pdfp0401_300dpi-R5B-PKG005-0008.png,DESIGN_PRACTICE_TRACEABILITY_REQUIRED|STANDARD_TRACEABILITY_REQUIRED,LOCATED,READY_ACCEPTED,READY,READY_SUBSET_OK,HISTORICAL_BASELINE_UNKNOWN_EDITION;TARGET_STANDARD_NOT_SELECTED,令和7年10月版 Ver.2.00（表紙・奥付確認済み・Target未選定）,NONE,,,,,REVIEWED,Do not copy APOLLO OCR full text
XWL-REQ-5C-0091,F4-P2-009,T5A-0119|T5A-0120,H5A-0073,REQ-5C-0091,R5B-PKG005-0009,REQ-5C-0091,VAL-REQ-5C-0091,,Phase1_required,haunch:フランジ厚およびハンチ内鉄筋の指定,MAN-006,6,DOC-RBS-III,409,stage5b/evidence/DOC-RBS-III_pdfp0409_300dpi-R5B-PKG005-0009.png,DESIGN_PRACTICE_TRACEABILITY_REQUIRED|STANDARD_TRACEABILITY_REQUIRED,LOCATED,READY_ACCEPTED,READY,READY_SUBSET_OK,HISTORICAL_BASELINE_UNKNOWN_EDITION;TARGET_STANDARD_NOT_SELECTED,令和7年10月版 Ver.2.00（表紙・奥付確認済み・Target未選定）,NONE,,,,,REVIEWED,Do not copy APOLLO OCR full text
XWL-REQ-5C-0092,F4-P2-011,T5A-0122|T5A-0123|T5A-0124,H5A-0077,REQ-5C-0092,R5B-PKG005-0010,REQ-5C-0092,VAL-REQ-5C-0092,,Phase1_required,slab_reinforcement_input:主鉄筋および配力鉄筋の指定,MAN-006,8,DOC-RBS-III,113,stage5b/evidence/DOC-RBS-III_pdfp0113_300dpi-R5B-PKG005-0010.png,JIS_TRACEABILITY_REQUIRED|MULTIPLE_SOURCES_REQUIRED|STANDARD_TRACEABILITY_REQUIRED,LOCATED,READY_ACCEPTED,READY,READY_SUBSET_OK,HISTORICAL_BASELINE_UNKNOWN_EDITION;TARGET_STANDARD_NOT_SELECTED,令和7年10月版 Ver.2.00（表紙・奥付確認済み・Target未選定）,NONE,,,,,REVIEWED,Do not copy APOLLO OCR full text
XWL-REQ-5C-0093,F4-P2-012,T5A-0125|T5A-0126,H5A-0079,REQ-5C-0093,R5B-PKG005-0011,REQ-5C-0093,VAL-REQ-5C-0093,,Phase1_required,rc_slab:計算書出力,MAN-006,9,DOC-RBS-III,401,stage5b/evidence/DOC-RBS-III_pdfp0401_300dpi-R5B-PKG005-0011.png,DESIGN_PRACTICE_TRACEABILITY_REQUIRED|STANDARD_TRACEABILITY_REQUIRED,LOCATED,READY_ACCEPTED,READY,READY_SUBSET_OK,HISTORICAL_BASELINE_UNKNOWN_EDITION;TARGET_STANDARD_NOT_SELECTED,令和7年10月版 Ver.2.00（表紙・奥付確認済み・Target未選定）,NONE,,,,,REVIEWED,Do not copy APOLLO OCR full text
XWL-REQ-5C-0094,F4-P2-014,T5A-0129|T5A-0130,H5A-0082,REQ-5C-0094,R5B-PKG005-0012,REQ-5C-0094,VAL-REQ-5C-0094,BL-REQ-5C-0094,Phase1_required,slab_result_output:支点補強筋 計算書出力（道路公団形式）,MAN-006,10,DOC-RBS-III,412,stage5b/evidence/DOC-RBS-III_pdfp0412_300dpi-R5B-PKG005-0012.png,DESIGN_PRACTICE_TRACEABILITY_REQUIRED|STANDARD_TRACEABILITY_REQUIRED,PARTIALLY_LOCATED,OPEN_ACCEPTED,OPEN,BLOCKED_OR_HOLD,HISTORICAL_BASELINE_UNKNOWN_EDITION;TARGET_STANDARD_NOT_SELECTED,令和7年10月版 Ver.2.00（表紙・奥付確認済み・Target未選定）,NONE,,BL-REQ-5C-0094: CROSS_REFERENCE_NOT_YET_CHECKED,,,REVIEWED,Do not copy APOLLO OCR full text
XWL-REQ-5C-0095,F4-P2-016,T5A-0134|T5A-0135,H5A-0087,REQ-5C-0095,R5B-PKG005-0013,REQ-5C-0095,VAL-REQ-5C-0095,,unknown,slab_geometry:slab_geometry,MAN-006,NONE,DOC-RBS-III,396,stage5b/evidence/DOC-RBS-III_pdfp0396_300dpi-R5B-PKG005-0013.png,DESIGN_PRACTICE_TRACEABILITY_REQUIRED|STANDARD_TRACEABILITY_REQUIRED,LOCATED,READY_ACCEPTED,READY,READY_SUBSET_OK,HISTORICAL_BASELINE_UNKNOWN_EDITION;TARGET_STANDARD_NOT_SELECTED,令和7年10月版 Ver.2.00（表紙・奥付確認済み・Target未選定）,NONE,,,,,REVIEWED,Do not copy APOLLO OCR full text
XWL-REQ-5C-0096,F4-P2-017,T5A-0136,H5A-0089,REQ-5C-0096,R5B-PKG005-0014,REQ-5C-0096,VAL-REQ-5C-0096,,unknown,slab_support_condition:slab_support_condition,MAN-006,NONE,DOC-RBS-III,399,stage5b/evidence/DOC-RBS-III_pdfp0399_300dpi-R5B-PKG005-0014.png,STANDARD_TRACEABILITY_REQUIRED,LOCATED,READY_ACCEPTED,READY,READY_SUBSET_OK,HISTORICAL_BASELINE_UNKNOWN_EDITION;TARGET_STANDARD_NOT_SELECTED,令和7年10月版 Ver.2.00（表紙・奥付確認済み・Target未選定）,NONE,,,,,REVIEWED,Do not copy APOLLO OCR full text
XWL-REQ-5C-0097,F4-P2-013,T5A-0127|T5A-0128,H5A-0081,REQ-5C-0097,R5B-PKG006-0001,REQ-5C-0097,VAL-REQ-5C-0097,BL-REQ-5C-0097,Phase1_required,slab_result_output:支点補強筋 計算書出力（国土交通省形式）,MAN-006,10,DOC-R2,54,stage5b/evidence/DOC-R2_pdfp0054_300dpi-R5B-PKG006-0001.png,DESIGN_PRACTICE_TRACEABILITY_REQUIRED|SOFTWARE_SPECIFIC,PARTIALLY_LOCATED,OPEN_ACCEPTED,OPEN,BLOCKED_OR_HOLD,HISTORICAL_BASELINE_UNKNOWN_EDITION;TARGET_STANDARD_NOT_SELECTED,令和2年9月版（日本道路協会）,NONE,,BL-REQ-5C-0097: CROSS_REFERENCE_NOT_YET_CHECKED,,,REVIEWED,Do not copy APOLLO OCR full text | 変局点という用語の明示記載は未確認。4.3.2-4.3.3で支点部折曲げ鉄筋設計実務
XWL-REQ-5C-0098,F4-P1-051,T5A-0067|T5A-0068,H5A-0029,REQ-5C-0098,R5B-PKG007-0001,REQ-5C-0098,VAL-REQ-5C-0098,,Phase1_required,standard_section:単位重量・物理定数データ,MAN-005,7,DOC-DDB,168,stage5b/evidence/DOC-DDB_pdfp0168_300dpi-R5B-PKG007-0001.png,DESIGN_PRACTICE_TRACEABILITY_REQUIRED|STANDARD_TRACEABILITY_REQUIRED,LOCATED,READY_ACCEPTED,READY,READY_SUBSET_OK,HISTORICAL_BASELINE_UNKNOWN_EDITION;TARGET_STANDARD_NOT_SELECTED,2021年版（日本橋梁建設協会）,NONE,,,,,REVIEWED,Do not copy APOLLO OCR full text
XWL-REQ-5C-0099,F4-P2-001,T5A-0103|T5A-0104,H5A-0058,REQ-5C-0099,R5B-PKG007-0002,REQ-5C-0099,VAL-REQ-5C-0099,,Phase1_required,slab_thickness:床版厚の指定,MAN-004,4,DOC-DDB,72,stage5b/evidence/DOC-DDB_pdfp0072_300dpi-R5B-PKG007-0002.png,DESIGN_PRACTICE_TRACEABILITY_REQUIRED|STANDARD_TRACEABILITY_REQUIRED,LOCATED,READY_ACCEPTED,READY,READY_SUBSET_OK,HISTORICAL_BASELINE_UNKNOWN_EDITION;TARGET_STANDARD_NOT_SELECTED,2021年版（日本橋梁建設協会）,NONE,,,,,REVIEWED,Do not copy APOLLO OCR full text
XWL-REQ-5C-0100,F4-P4-006,T5A-0225|T5A-0226,H5A-0179,REQ-5C-0100,R5B-PKG007-0003,REQ-5C-0100,VAL-REQ-5C-0100,,Phase1_required,sway_bracing:対傾構設計,MAN-011,7,DOC-DDB,99,stage5b/evidence/DOC-DDB_pdfp0099_300dpi-R5B-PKG007-0003.png,DESIGN_PRACTICE_TRACEABILITY_REQUIRED|STANDARD_TRACEABILITY_REQUIRED,LOCATED,READY_ACCEPTED,READY,READY_SUBSET_OK,HISTORICAL_BASELINE_UNKNOWN_EDITION;TARGET_STANDARD_NOT_SELECTED,2021年版（日本橋梁建設協会）,NONE,,,,,REVIEWED,Do not copy APOLLO OCR full text
XWL-REQ-5C-0101,F4-P6-019,T5A-0359|T5A-0360,H5A-0266,REQ-5C-0101,R5B-PKG007-0004,REQ-5C-0101,VAL-REQ-5C-0101,,Phase1_required,steel_weight:鋼重計算機能,MAN-021,22,DOC-DDB,28,stage5b/evidence/DOC-DDB_pdfp0028_300dpi-R5B-PKG007-0004.png,DESIGN_PRACTICE_TRACEABILITY_REQUIRED|SOFTWARE_SPECIFIC,LOCATED,READY_ACCEPTED,READY,READY_SUBSET_OK,HISTORICAL_BASELINE_UNKNOWN_EDITION;TARGET_STANDARD_NOT_SELECTED,2021年版（日本橋梁建設協会）,NONE,,,,,REVIEWED,Do not copy APOLLO OCR full text
XWL-T5A-T5A-0001,F4-P1-001,T5A-0001,UNMATCHED_HANDOFF,,UNMATCHED_RESEARCH,,UNMATCHED_VALIDATION_RULE,,Phase1_required,,MAN-021,10,,,,SOFTWARE_SPECIFIC,,UNMATCHED_APOLLO,,UNKNOWN,,,NONE,,,,,REVIEWED,UNMATCHED_handoff_id_research_result_stage5c_requirement; handoff without package primary req (expected many-to-subset)
XWL-T5A-T5A-0002,F4-P1-002,T5A-0002,UNMATCHED_HANDOFF,,UNMATCHED_RESEARCH,,UNMATCHED_VALIDATION_RULE,,Phase1_required,,MAN-021,10; 4,,,,SOFTWARE_SPECIFIC,,UNMATCHED_APOLLO,,UNKNOWN,,,NONE,,,,,REVIEWED,UNMATCHED_handoff_id_research_result_stage5c_requirement; handoff without package primary req (expected many-to-subset)
XWL-T5A-T5A-0003,F4-P1-003,T5A-0003,UNMATCHED_HANDOFF,,UNMATCHED_RESEARCH,,UNMATCHED_VALIDATION_RULE,,Phase1_required,,MAN-002,6,,,,SOFTWARE_SPECIFIC,,UNMATCHED_APOLLO,,UNKNOWN,,,NONE,,,,,REVIEWED,UNMATCHED_handoff_id_research_result_stage5c_requirement; handoff without package primary req (expected many-to-subset)
XWL-T5A-T5A-0004,F4-P1-004,T5A-0004,UNMATCHED_HANDOFF,,UNMATCHED_RESEARCH,,UNMATCHED_VALIDATION_RULE,,Phase1_required,,MAN-021,12,,,,SOFTWARE_SPECIFIC,,UNMATCHED_APOLLO,,UNKNOWN,,,NONE,,,,,REVIEWED,UNMATCHED_handoff_id_research_result_stage5c_requirement; handoff without package primary req (expected many-to-subset)
XWL-T5A-T5A-0005,F4-P1-005,T5A-0005,UNMATCHED_HANDOFF,,UNMATCHED_RESEARCH,,UNMATCHED_VALIDATION_RULE,,Phase1_required,,MAN-021,13,,,,SOFTWARE_SPECIFIC,,UNMATCHED_APOLLO,,UNKNOWN,,,NONE,,,,,REVIEWED,UNMATCHED_handoff_id_research_result_stage5c_requirement; handoff without package primary req (expected many-to-subset)
XWL-T5A-T5A-0006,F4-P1-006,T5A-0006,UNMATCHED_HANDOFF,,UNMATCHED_RESEARCH,,UNMATCHED_VALIDATION_RULE,,Phase1_required,,MAN-021,13,,,,SOFTWARE_SPECIFIC,,UNMATCHED_APOLLO,,UNKNOWN,,,NONE,,,,,REVIEWED,UNMATCHED_handoff_id_research_result_stage5c_requirement; handoff without package primary req (expected many-to-subset)
XWL-T5A-T5A-0025,F4-P1-016,T5A-0025,UNMATCHED_HANDOFF,,UNMATCHED_RESEARCH,,UNMATCHED_VALIDATION_RULE,,Phase1_required,,MAN-021,9,,,,SOFTWARE_SPECIFIC,,UNMATCHED_APOLLO,,UNKNOWN,,,NONE,,,,,REVIEWED,UNMATCHED_handoff_id_research_result_stage5c_requirement; handoff without package primary req (expected many-to-subset)
XWL-T5A-T5A-0026,F4-P1-017,T5A-0026,UNMATCHED_HANDOFF,,UNMATCHED_RESEARCH,,UNMATCHED_VALIDATION_RULE,,Phase1_required,,MAN-021,27,,,,SOFTWARE_SPECIFIC,,UNMATCHED_APOLLO,,UNKNOWN,,,NONE,,,,,REVIEWED,UNMATCHED_handoff_id_research_result_stage5c_requirement; handoff without package primary req (expected many-to-subset)
XWL-T5A-T5A-0027,F4-P1-018,T5A-0027,UNMATCHED_HANDOFF,,UNMATCHED_RESEARCH,,UNMATCHED_VALIDATION_RULE,,Phase1_required,,MAN-021; MAN-002,NONE,,,,SOFTWARE_SPECIFIC,,UNMATCHED_APOLLO,,UNKNOWN,,,NONE,,,,,REVIEWED,UNMATCHED_handoff_id_research_result_stage5c_requirement; handoff without package primary req (expected many-to-subset)
XWL-T5A-T5A-0028,F4-P1-019,T5A-0028,UNMATCHED_HANDOFF,,UNMATCHED_RESEARCH,,UNMATCHED_VALIDATION_RULE,,Phase1_required,,MAN-021; MAN-002,NONE,,,,SOFTWARE_SPECIFIC,,UNMATCHED_APOLLO,,UNKNOWN,,,NONE,,,,,REVIEWED,UNMATCHED_handoff_id_research_result_stage5c_requirement; handoff without package primary req (expected many-to-subset)
XWL-T5A-T5A-0031,F4-P1-021,T5A-0031,UNMATCHED_HANDOFF,,UNMATCHED_RESEARCH,,UNMATCHED_VALIDATION_RULE,,Phase1_required,,MAN-003,3,,,,SOFTWARE_SPECIFIC,,UNMATCHED_APOLLO,,UNKNOWN,,,NONE,,,,,REVIEWED,UNMATCHED_handoff_id_research_result_stage5c_requirement; handoff without package primary req (expected many-to-subset)
XWL-T5A-T5A-0032,F4-P1-022,T5A-0032,UNMATCHED_HANDOFF,,UNMATCHED_RESEARCH,,UNMATCHED_VALIDATION_RULE,,Phase1_required,,MAN-003,3,,,,SOFTWARE_SPECIFIC,,UNMATCHED_APOLLO,,UNKNOWN,,,NONE,,,,,REVIEWED,UNMATCHED_handoff_id_research_result_stage5c_requirement; handoff without package primary req (expected many-to-subset)
XWL-T5A-T5A-0033,F4-P1-023,T5A-0033,UNMATCHED_HANDOFF,,UNMATCHED_RESEARCH,,UNMATCHED_VALIDATION_RULE,,Phase1_required,,MAN-003,4,,,,SOFTWARE_SPECIFIC,,UNMATCHED_APOLLO,,UNKNOWN,,,NONE,,,,,REVIEWED,UNMATCHED_handoff_id_research_result_stage5c_requirement; handoff without package primary req (expected many-to-subset)
XWL-T5A-T5A-0034,F4-P1-024,T5A-0034,UNMATCHED_HANDOFF,,UNMATCHED_RESEARCH,,UNMATCHED_VALIDATION_RULE,,Phase1_required,,MAN-003,4-5,,,,SOFTWARE_SPECIFIC,,UNMATCHED_APOLLO,,UNKNOWN,,,NONE,,,,,REVIEWED,UNMATCHED_handoff_id_research_result_stage5c_requirement; handoff without package primary req (expected many-to-subset)
XWL-T5A-T5A-0035,F4-P1-025,T5A-0035,UNMATCHED_HANDOFF,,UNMATCHED_RESEARCH,,UNMATCHED_VALIDATION_RULE,,Phase1_required,,MAN-003,5,,,,SOFTWARE_SPECIFIC,,UNMATCHED_APOLLO,,UNKNOWN,,,NONE,,,,,REVIEWED,UNMATCHED_handoff_id_research_result_stage5c_requirement; handoff without package primary req (expected many-to-subset)
XWL-T5A-T5A-0036,F4-P1-026,T5A-0036,UNMATCHED_HANDOFF,,UNMATCHED_RESEARCH,,UNMATCHED_VALIDATION_RULE,,Phase1_required,,MAN-003,6,,,,SOFTWARE_SPECIFIC,,UNMATCHED_APOLLO,,UNKNOWN,,,NONE,,,,,REVIEWED,UNMATCHED_handoff_id_research_result_stage5c_requirement; handoff without package primary req (expected many-to-subset)
XWL-T5A-T5A-0037,F4-P1-027,T5A-0037,UNMATCHED_HANDOFF,,UNMATCHED_RESEARCH,,UNMATCHED_VALIDATION_RULE,,Phase1_required,,MAN-003,7,,,,SOFTWARE_SPECIFIC,,UNMATCHED_APOLLO,,UNKNOWN,,,NONE,,,,,REVIEWED,UNMATCHED_handoff_id_research_result_stage5c_requirement; handoff without package primary req (expected many-to-subset)
XWL-T5A-T5A-0038,F4-P1-028,T5A-0038,UNMATCHED_HANDOFF,,UNMATCHED_RESEARCH,,UNMATCHED_VALIDATION_RULE,,Phase1_required,,MAN-003,8,,,,PROJECT_DECISION,,UNMATCHED_APOLLO,,UNKNOWN,,,NONE,,,,,REVIEWED,UNMATCHED_handoff_id_research_result_stage5c_requirement; handoff without package primary req (expected many-to-subset)
XWL-T5A-T5A-0039,F4-P1-029,T5A-0039,UNMATCHED_HANDOFF,,UNMATCHED_RESEARCH,,UNMATCHED_VALIDATION_RULE,,Phase1_required,,MAN-003,8,,,,SOFTWARE_SPECIFIC,,UNMATCHED_APOLLO,,UNKNOWN,,,NONE,,,,,REVIEWED,UNMATCHED_handoff_id_research_result_stage5c_requirement; handoff without package primary req (expected many-to-subset)
XWL-T5A-T5A-0040,F4-P1-030,T5A-0040,UNMATCHED_HANDOFF,,UNMATCHED_RESEARCH,,UNMATCHED_VALIDATION_RULE,,Phase1_required,,MAN-003,10,,,,SOFTWARE_SPECIFIC,,UNMATCHED_APOLLO,,UNKNOWN,,,NONE,,,,,REVIEWED,UNMATCHED_handoff_id_research_result_stage5c_requirement; handoff without package primary req (expected many-to-subset)
XWL-T5A-T5A-0041,F4-P1-031,T5A-0041,UNMATCHED_HANDOFF,,UNMATCHED_RESEARCH,,UNMATCHED_VALIDATION_RULE,,Phase1_required,,MAN-003,10,,,,PROJECT_DECISION,,UNMATCHED_APOLLO,,UNKNOWN,,,NONE,,,,,REVIEWED,UNMATCHED_handoff_id_research_result_stage5c_requirement; handoff without package primary req (expected many-to-subset)
XWL-T5A-T5A-0042,F4-P1-032,T5A-0042,UNMATCHED_HANDOFF,,UNMATCHED_RESEARCH,,UNMATCHED_VALIDATION_RULE,,Phase1_required,,MAN-003,11,,,,PROJECT_DECISION,,UNMATCHED_APOLLO,,UNKNOWN,,,NONE,,,,,REVIEWED,UNMATCHED_handoff_id_research_result_stage5c_requirement; handoff without package primary req (expected many-to-subset)
XWL-T5A-T5A-0043,F4-P1-033,T5A-0043,UNMATCHED_HANDOFF,,UNMATCHED_RESEARCH,,UNMATCHED_VALIDATION_RULE,,Phase1_required,,MAN-003,12,,,,SOFTWARE_SPECIFIC,,UNMATCHED_APOLLO,,UNKNOWN,,,NONE,,,,,REVIEWED,UNMATCHED_handoff_id_research_result_stage5c_requirement; handoff without package primary req (expected many-to-subset)
XWL-T5A-T5A-0044,F4-P1-034,T5A-0044,UNMATCHED_HANDOFF,,UNMATCHED_RESEARCH,,UNMATCHED_VALIDATION_RULE,,Phase1_required,,MAN-003,13,,,,SOFTWARE_SPECIFIC,,UNMATCHED_APOLLO,,UNKNOWN,,,NONE,,,,,REVIEWED,UNMATCHED_handoff_id_research_result_stage5c_requirement; handoff without package primary req (expected many-to-subset)
XWL-T5A-T5A-0045,F4-P1-035,T5A-0045,UNMATCHED_HANDOFF,,UNMATCHED_RESEARCH,,UNMATCHED_VALIDATION_RULE,,Phase1_required,,MAN-003,13,,,,SOFTWARE_SPECIFIC,,UNMATCHED_APOLLO,,UNKNOWN,,,NONE,,,,,REVIEWED,UNMATCHED_handoff_id_research_result_stage5c_requirement; handoff without package primary req (expected many-to-subset)
XWL-T5A-T5A-0046,F4-P1-036,T5A-0046,UNMATCHED_HANDOFF,,UNMATCHED_RESEARCH,,UNMATCHED_VALIDATION_RULE,,Phase1_required,,MAN-003,14,,,,SOFTWARE_SPECIFIC,,UNMATCHED_APOLLO,,UNKNOWN,,,NONE,,,,,REVIEWED,UNMATCHED_handoff_id_research_result_stage5c_requirement; handoff without package primary req (expected many-to-subset)
XWL-T5A-T5A-0047,F4-P1-037,T5A-0047,UNMATCHED_HANDOFF,,UNMATCHED_RESEARCH,,UNMATCHED_VALIDATION_RULE,,Phase1_required,,MAN-003,15,,,,SOFTWARE_SPECIFIC,,UNMATCHED_APOLLO,,UNKNOWN,,,NONE,,,,,REVIEWED,UNMATCHED_handoff_id_research_result_stage5c_requirement; handoff without package primary req (expected many-to-subset)
XWL-T5A-T5A-0048,F4-P1-038,T5A-0048,UNMATCHED_HANDOFF,,UNMATCHED_RESEARCH,,UNMATCHED_VALIDATION_RULE,,Phase1_required,,MAN-003,16,,,,SOFTWARE_SPECIFIC,,UNMATCHED_APOLLO,,UNKNOWN,,,NONE,,,,,REVIEWED,UNMATCHED_handoff_id_research_result_stage5c_requirement; handoff without package primary req (expected many-to-subset)
XWL-T5A-T5A-0049,F4-P1-039,T5A-0049,UNMATCHED_HANDOFF,,UNMATCHED_RESEARCH,,UNMATCHED_VALIDATION_RULE,,Phase1_optional,,MAN-003,16,,,,SOFTWARE_SPECIFIC,,UNMATCHED_APOLLO,,UNKNOWN,,,NONE,,,,,REVIEWED,UNMATCHED_handoff_id_research_result_stage5c_requirement; handoff without package primary req (expected many-to-subset)
XWL-T5A-T5A-0050,F4-P1-040,T5A-0050,UNMATCHED_HANDOFF,,UNMATCHED_RESEARCH,,UNMATCHED_VALIDATION_RULE,,Phase1_required,,MAN-003,16,,,,SOFTWARE_SPECIFIC,,UNMATCHED_APOLLO,,UNKNOWN,,,NONE,,,,,REVIEWED,UNMATCHED_handoff_id_research_result_stage5c_requirement; handoff without package primary req (expected many-to-subset)
XWL-T5A-T5A-0051,F4-P1-041,T5A-0051,UNMATCHED_HANDOFF,,UNMATCHED_RESEARCH,,UNMATCHED_VALIDATION_RULE,,Phase1_required,,MAN-003,17,,,,SOFTWARE_SPECIFIC,,UNMATCHED_APOLLO,,UNKNOWN,,,NONE,,,,,REVIEWED,UNMATCHED_handoff_id_research_result_stage5c_requirement; handoff without package primary req (expected many-to-subset)
XWL-T5A-T5A-0052,F4-P1-042,T5A-0052,UNMATCHED_HANDOFF,,UNMATCHED_RESEARCH,,UNMATCHED_VALIDATION_RULE,,Phase1_required,,MAN-003,18,,,,SOFTWARE_SPECIFIC,,UNMATCHED_APOLLO,,UNKNOWN,,,NONE,,,,,REVIEWED,UNMATCHED_handoff_id_research_result_stage5c_requirement; handoff without package primary req (expected many-to-subset)
XWL-T5A-T5A-0053,F4-P1-043,T5A-0053,UNMATCHED_HANDOFF,,UNMATCHED_RESEARCH,,UNMATCHED_VALIDATION_RULE,,Phase1_required,,MAN-003,18,,,,SOFTWARE_SPECIFIC,,UNMATCHED_APOLLO,,UNKNOWN,,,NONE,,,,,REVIEWED,UNMATCHED_handoff_id_research_result_stage5c_requirement; handoff without package primary req (expected many-to-subset)
XWL-T5A-T5A-0058,F4-P1-046,T5A-0058,UNMATCHED_HANDOFF,,UNMATCHED_RESEARCH,,UNMATCHED_VALIDATION_RULE,,Phase1_required,,MAN-003,NONE,,,,SOFTWARE_SPECIFIC,,UNMATCHED_APOLLO,,UNKNOWN,,,NONE,,,,,REVIEWED,UNMATCHED_handoff_id_research_result_stage5c_requirement; handoff without package primary req (expected many-to-subset)
XWL-T5A-T5A-0093,F4-P1-064,T5A-0093,UNMATCHED_HANDOFF,,UNMATCHED_RESEARCH,,UNMATCHED_VALIDATION_RULE,,Phase1_required,,MAN-005,NONE,,,,SOFTWARE_SPECIFIC,,UNMATCHED_APOLLO,,UNKNOWN,,,NONE,,,,,REVIEWED,UNMATCHED_handoff_id_research_result_stage5c_requirement; handoff without package primary req (expected many-to-subset)
XWL-T5A-T5A-0094,F4-P1-065,T5A-0094,UNMATCHED_HANDOFF,,UNMATCHED_RESEARCH,,UNMATCHED_VALIDATION_RULE,,Phase1_required,,MAN-005,10,,,,PROJECT_DECISION,,UNMATCHED_APOLLO,,UNKNOWN,,,NONE,,,,,REVIEWED,UNMATCHED_handoff_id_research_result_stage5c_requirement; handoff without package primary req (expected many-to-subset)
XWL-T5A-T5A-0095,F4-P1-066,T5A-0095,UNMATCHED_HANDOFF,,UNMATCHED_RESEARCH,,UNMATCHED_VALIDATION_RULE,,Phase1_required,,MAN-005,10,,,,PROJECT_DECISION,,UNMATCHED_APOLLO,,UNKNOWN,,,NONE,,,,,REVIEWED,UNMATCHED_handoff_id_research_result_stage5c_requirement; handoff without package primary req (expected many-to-subset)
XWL-T5A-T5A-0096,F4-P1-067,T5A-0096,UNMATCHED_HANDOFF,,UNMATCHED_RESEARCH,,UNMATCHED_VALIDATION_RULE,,Phase1_required,,MAN-005,11,,,,PROJECT_DECISION,,UNMATCHED_APOLLO,,UNKNOWN,,,NONE,,,,,REVIEWED,UNMATCHED_handoff_id_research_result_stage5c_requirement; handoff without package primary req (expected many-to-subset)
XWL-T5A-T5A-0099,F4-P1-069,T5A-0099,UNMATCHED_HANDOFF,,UNMATCHED_RESEARCH,,UNMATCHED_VALIDATION_RULE,,Phase1_required,,MAN-002,NONE,,,,PROJECT_DECISION,,UNMATCHED_APOLLO,,UNKNOWN,,,NONE,,,,,REVIEWED,UNMATCHED_handoff_id_research_result_stage5c_requirement; handoff without package primary req (expected many-to-subset)
XWL-T5A-T5A-0100,F4-P1-070,T5A-0100,UNMATCHED_HANDOFF,,UNMATCHED_RESEARCH,,UNMATCHED_VALIDATION_RULE,,unknown,,MAN-005,NONE,,,,PROJECT_DECISION,,UNMATCHED_APOLLO,,UNKNOWN,,,NONE,,,,,REVIEWED,UNMATCHED_handoff_id_research_result_stage5c_requirement; handoff without package primary req (expected many-to-subset)
XWL-T5A-T5A-0101,F4-P1-071,T5A-0101,UNMATCHED_HANDOFF,,UNMATCHED_RESEARCH,,UNMATCHED_VALIDATION_RULE,,unknown,,MAN-005,NONE,,,,PROJECT_DECISION,,UNMATCHED_APOLLO,,UNKNOWN,,,NONE,,,,,REVIEWED,UNMATCHED_handoff_id_research_result_stage5c_requirement; handoff without package primary req (expected many-to-subset)
XWL-T5A-T5A-0102,F4-P1-072,T5A-0102,UNMATCHED_HANDOFF,,UNMATCHED_RESEARCH,,UNMATCHED_VALIDATION_RULE,,Phase1_required,,MAN-005,NONE,,,,PROJECT_DECISION,,UNMATCHED_APOLLO,,UNKNOWN,,,NONE,,,,,REVIEWED,UNMATCHED_handoff_id_research_result_stage5c_requirement; handoff without package primary req (expected many-to-subset)
XWL-T5A-T5A-0266,F4-P4-034,T5A-0266,UNMATCHED_HANDOFF,,UNMATCHED_RESEARCH,,UNMATCHED_VALIDATION_RULE,,unknown,,UNKNOWN,NONE,,,,UNKNOWN,,UNMATCHED_APOLLO,,UNKNOWN,,,NONE,,,,,REVIEWED,UNMATCHED_handoff_id_research_result_stage5c_requirement; handoff without package primary req (expected many-to-subset)
XWL-T5A-T5A-0267,F4-P4-035,T5A-0267,UNMATCHED_HANDOFF,,UNMATCHED_RESEARCH,,UNMATCHED_VALIDATION_RULE,,unknown,,UNKNOWN,NONE,,,,UNKNOWN,,UNMATCHED_APOLLO,,UNKNOWN,,,NONE,,,,,REVIEWED,UNMATCHED_handoff_id_research_result_stage5c_requirement; handoff without package primary req (expected many-to-subset)
XWL-T5A-T5A-0268,F4-P4-036,T5A-0268,UNMATCHED_HANDOFF,,UNMATCHED_RESEARCH,,UNMATCHED_VALIDATION_RULE,,unknown,,UNKNOWN,NONE,,,,UNKNOWN,,UNMATCHED_APOLLO,,UNKNOWN,,,NONE,,,,,REVIEWED,UNMATCHED_handoff_id_research_result_stage5c_requirement; handoff without package primary req (expected many-to-subset)
XWL-T5A-T5A-0269,F4-P4-037,T5A-0269,UNMATCHED_HANDOFF,,UNMATCHED_RESEARCH,,UNMATCHED_VALIDATION_RULE,,unknown,,UNKNOWN,NONE,,,,UNKNOWN,,UNMATCHED_APOLLO,,UNKNOWN,,,NONE,,,,,REVIEWED,UNMATCHED_handoff_id_research_result_stage5c_requirement; handoff without package primary req (expected many-to-subset)
XWL-T5A-T5A-0270,F4-P4-038,T5A-0270,UNMATCHED_HANDOFF,,UNMATCHED_RESEARCH,,UNMATCHED_VALIDATION_RULE,,unknown,,UNKNOWN,NONE,,,,UNKNOWN,,UNMATCHED_APOLLO,,UNKNOWN,,,NONE,,,,,REVIEWED,UNMATCHED_handoff_id_research_result_stage5c_requirement; handoff without package primary req (expected many-to-subset)
XWL-T5A-T5A-0271,F4-P4-039,T5A-0271,UNMATCHED_HANDOFF,,UNMATCHED_RESEARCH,,UNMATCHED_VALIDATION_RULE,,unknown,,UNKNOWN,NONE,,,,UNKNOWN,,UNMATCHED_APOLLO,,UNKNOWN,,,NONE,,,,,REVIEWED,UNMATCHED_handoff_id_research_result_stage5c_requirement; handoff without package primary req (expected many-to-subset)
XWL-T5A-T5A-0272,F4-P4-040,T5A-0272,UNMATCHED_HANDOFF,,UNMATCHED_RESEARCH,,UNMATCHED_VALIDATION_RULE,,unknown,,UNKNOWN,NONE,,,,UNKNOWN,,UNMATCHED_APOLLO,,UNKNOWN,,,NONE,,,,,REVIEWED,UNMATCHED_handoff_id_research_result_stage5c_requirement; handoff without package primary req (expected many-to-subset)
XWL-T5A-T5A-0289,F4-P5-009,T5A-0289,UNMATCHED_HANDOFF,,UNMATCHED_RESEARCH,,UNMATCHED_VALIDATION_RULE,,Phase1_required,,MAN-007,8,,,,SOFTWARE_SPECIFIC,,UNMATCHED_APOLLO,,UNKNOWN,,,NONE,,,,,REVIEWED,UNMATCHED_handoff_id_research_result_stage5c_requirement; handoff without package primary req (expected many-to-subset)
XWL-T5A-T5A-0290,F4-P5-010,T5A-0290,UNMATCHED_HANDOFF,,UNMATCHED_RESEARCH,,UNMATCHED_VALIDATION_RULE,,Phase1_required,,MAN-007,9,,,,SOFTWARE_SPECIFIC,,UNMATCHED_APOLLO,,UNKNOWN,,,NONE,,,,,REVIEWED,UNMATCHED_handoff_id_research_result_stage5c_requirement; handoff without package primary req (expected many-to-subset)
XWL-T5A-T5A-0291,F4-P5-011,T5A-0291,UNMATCHED_HANDOFF,,UNMATCHED_RESEARCH,,UNMATCHED_VALIDATION_RULE,,Phase1_required,,MAN-007,9,,,,SOFTWARE_SPECIFIC,,UNMATCHED_APOLLO,,UNKNOWN,,,NONE,,,,,REVIEWED,UNMATCHED_handoff_id_research_result_stage5c_requirement; handoff without package primary req (expected many-to-subset)
XWL-T5A-T5A-0292,F4-P5-012,T5A-0292,UNMATCHED_HANDOFF,,UNMATCHED_RESEARCH,,UNMATCHED_VALIDATION_RULE,,Phase1_required,,MAN-007,10,,,,SOFTWARE_SPECIFIC,,UNMATCHED_APOLLO,,UNKNOWN,,,NONE,,,,,REVIEWED,UNMATCHED_handoff_id_research_result_stage5c_requirement; handoff without package primary req (expected many-to-subset)
XWL-T5A-T5A-0293,F4-P5-013,T5A-0293,UNMATCHED_HANDOFF,,UNMATCHED_RESEARCH,,UNMATCHED_VALIDATION_RULE,,Phase1_required,,MAN-007,11,,,,SOFTWARE_SPECIFIC,,UNMATCHED_APOLLO,,UNKNOWN,,,NONE,,,,,REVIEWED,UNMATCHED_handoff_id_research_result_stage5c_requirement; handoff without package primary req (expected many-to-subset)
XWL-T5A-T5A-0307,F4-P5-025,T5A-0307,UNMATCHED_HANDOFF,,UNMATCHED_RESEARCH,,UNMATCHED_VALIDATION_RULE,,Phase1_required,,MAN-010,5,,,,SOFTWARE_SPECIFIC,,UNMATCHED_APOLLO,,UNKNOWN,,,NONE,,,,,REVIEWED,UNMATCHED_handoff_id_research_result_stage5c_requirement; handoff without package primary req (expected many-to-subset)
XWL-T5A-T5A-0308,F4-P5-026,T5A-0308,UNMATCHED_HANDOFF,,UNMATCHED_RESEARCH,,UNMATCHED_VALIDATION_RULE,,Phase1_required,,MAN-010,5,,,,SOFTWARE_SPECIFIC,,UNMATCHED_APOLLO,,UNKNOWN,,,NONE,,,,,REVIEWED,UNMATCHED_handoff_id_research_result_stage5c_requirement; handoff without package primary req (expected many-to-subset)
XWL-T5A-T5A-0313,F4-P5-029,T5A-0313,UNMATCHED_HANDOFF,,UNMATCHED_RESEARCH,,UNMATCHED_VALIDATION_RULE,,Phase1_required,,MAN-002,8,,,,SOFTWARE_SPECIFIC,,UNMATCHED_APOLLO,,UNKNOWN,,,NONE,,,,,REVIEWED,UNMATCHED_handoff_id_research_result_stage5c_requirement; handoff without package primary req (expected many-to-subset)
XWL-T5A-T5A-0314,F4-P5-030,T5A-0314,UNMATCHED_HANDOFF,,UNMATCHED_RESEARCH,,UNMATCHED_VALIDATION_RULE,,Phase1_required,,MAN-002,8,,,,SOFTWARE_SPECIFIC,,UNMATCHED_APOLLO,,UNKNOWN,,,NONE,,,,,REVIEWED,UNMATCHED_handoff_id_research_result_stage5c_requirement; handoff without package primary req (expected many-to-subset)
XWL-T5A-T5A-0318,F4-P5-033,T5A-0318,UNMATCHED_HANDOFF,,UNMATCHED_RESEARCH,,UNMATCHED_VALIDATION_RULE,,unknown,,UNKNOWN,NONE,,,,UNKNOWN,,UNMATCHED_APOLLO,,UNKNOWN,,,NONE,,,,,REVIEWED,UNMATCHED_handoff_id_research_result_stage5c_requirement; handoff without package primary req (expected many-to-subset)
XWL-T5A-T5A-0322,F4-P5-037,T5A-0322,UNMATCHED_HANDOFF,,UNMATCHED_RESEARCH,,UNMATCHED_VALIDATION_RULE,,unknown,,UNKNOWN,NONE,,,,UNKNOWN,,UNMATCHED_APOLLO,,UNKNOWN,,,NONE,,,,,REVIEWED,UNMATCHED_handoff_id_research_result_stage5c_requirement; handoff without package primary req (expected many-to-subset)
XWL-T5A-T5A-0323,F4-P5-038,T5A-0323,UNMATCHED_HANDOFF,,UNMATCHED_RESEARCH,,UNMATCHED_VALIDATION_RULE,,unknown,,UNKNOWN,NONE,,,,UNKNOWN,,UNMATCHED_APOLLO,,UNKNOWN,,,NONE,,,,,REVIEWED,UNMATCHED_handoff_id_research_result_stage5c_requirement; handoff without package primary req (expected many-to-subset)
XWL-T5A-T5A-0332,F4-P5-043,T5A-0332,UNMATCHED_HANDOFF,,UNMATCHED_RESEARCH,,UNMATCHED_VALIDATION_RULE,,Phase1_required,,MULTI,NONE,,,,SOFTWARE_SPECIFIC,,UNMATCHED_APOLLO,,UNKNOWN,,,NONE,,,,,REVIEWED,UNMATCHED_handoff_id_research_result_stage5c_requirement; handoff without package primary req (expected many-to-subset)
XWL-T5A-T5A-0333,F4-P5-044,T5A-0333,UNMATCHED_HANDOFF,,UNMATCHED_RESEARCH,,UNMATCHED_VALIDATION_RULE,,Phase1_required,,MULTI,NONE,,,,SOFTWARE_SPECIFIC,,UNMATCHED_APOLLO,,UNKNOWN,,,NONE,,,,,REVIEWED,UNMATCHED_handoff_id_research_result_stage5c_requirement; handoff without package primary req (expected many-to-subset)
XWL-T5A-T5A-0334,F4-P5-045,T5A-0334,UNMATCHED_HANDOFF,,UNMATCHED_RESEARCH,,UNMATCHED_VALIDATION_RULE,,Phase1_required,,MULTI,NONE,,,,SOFTWARE_SPECIFIC,,UNMATCHED_APOLLO,,UNKNOWN,,,NONE,,,,,REVIEWED,UNMATCHED_handoff_id_research_result_stage5c_requirement; handoff without package primary req (expected many-to-subset)
XWL-T5A-T5A-0335,F4-P5-046,T5A-0335,UNMATCHED_HANDOFF,,UNMATCHED_RESEARCH,,UNMATCHED_VALIDATION_RULE,,unknown,,UNKNOWN,NONE,,,,UNKNOWN,,UNMATCHED_APOLLO,,UNKNOWN,,,NONE,,,,,REVIEWED,UNMATCHED_handoff_id_research_result_stage5c_requirement; handoff without package primary req (expected many-to-subset)
XWL-T5A-T5A-0336,F4-P5-047,T5A-0336,UNMATCHED_HANDOFF,,UNMATCHED_RESEARCH,,UNMATCHED_VALIDATION_RULE,,unknown,,UNKNOWN,NONE,,,,UNKNOWN,,UNMATCHED_APOLLO,,UNKNOWN,,,NONE,,,,,REVIEWED,UNMATCHED_handoff_id_research_result_stage5c_requirement; handoff without package primary req (expected many-to-subset)
XWL-T5A-T5A-0337,F4-P5-048,T5A-0337,UNMATCHED_HANDOFF,,UNMATCHED_RESEARCH,,UNMATCHED_VALIDATION_RULE,,unknown,,UNKNOWN,NONE,,,,UNKNOWN,,UNMATCHED_APOLLO,,UNKNOWN,,,NONE,,,,,REVIEWED,UNMATCHED_handoff_id_research_result_stage5c_requirement; handoff without package primary req (expected many-to-subset)
XWL-T5A-T5A-0339,F4-P5-050,T5A-0339,UNMATCHED_HANDOFF,,UNMATCHED_RESEARCH,,UNMATCHED_VALIDATION_RULE,,unknown,,UNKNOWN,NONE,,,,UNKNOWN,,UNMATCHED_APOLLO,,UNKNOWN,,,NONE,,,,,REVIEWED,UNMATCHED_handoff_id_research_result_stage5c_requirement; handoff without package primary req (expected many-to-subset)
XWL-T5A-T5A-0340,F4-P5-051,T5A-0340,UNMATCHED_HANDOFF,,UNMATCHED_RESEARCH,,UNMATCHED_VALIDATION_RULE,,unknown,,UNKNOWN,NONE,,,,UNKNOWN,,UNMATCHED_APOLLO,,UNKNOWN,,,NONE,,,,,REVIEWED,UNMATCHED_handoff_id_research_result_stage5c_requirement; handoff without package primary req (expected many-to-subset)
XWL-T5A-T5A-0341,F4-P6-001,T5A-0341,UNMATCHED_HANDOFF,,UNMATCHED_RESEARCH,,UNMATCHED_VALIDATION_RULE,,Phase1_required,,MAN-021,14,,,,SOFTWARE_SPECIFIC,,UNMATCHED_APOLLO,,UNKNOWN,,,NONE,,,,,REVIEWED,UNMATCHED_handoff_id_research_result_stage5c_requirement; handoff without package primary req (expected many-to-subset)
XWL-T5A-T5A-0342,F4-P6-002,T5A-0342,UNMATCHED_HANDOFF,,UNMATCHED_RESEARCH,,UNMATCHED_VALIDATION_RULE,,Phase1_required,,MAN-021,14,,,,SOFTWARE_SPECIFIC,,UNMATCHED_APOLLO,,UNKNOWN,,,NONE,,,,,REVIEWED,UNMATCHED_handoff_id_research_result_stage5c_requirement; handoff without package primary req (expected many-to-subset)
XWL-T5A-T5A-0343,F4-P6-003,T5A-0343,UNMATCHED_HANDOFF,,UNMATCHED_RESEARCH,,UNMATCHED_VALIDATION_RULE,,Phase1_required,,MAN-021,15,,,,SOFTWARE_SPECIFIC,,UNMATCHED_APOLLO,,UNKNOWN,,,NONE,,,,,REVIEWED,UNMATCHED_handoff_id_research_result_stage5c_requirement; handoff without package primary req (expected many-to-subset)
XWL-T5A-T5A-0344,F4-P6-004,T5A-0344,UNMATCHED_HANDOFF,,UNMATCHED_RESEARCH,,UNMATCHED_VALIDATION_RULE,,Phase1_required,,MAN-021,8,,,,SOFTWARE_SPECIFIC,,UNMATCHED_APOLLO,,UNKNOWN,,,NONE,,,,,REVIEWED,UNMATCHED_handoff_id_research_result_stage5c_requirement; handoff without package primary req (expected many-to-subset)
XWL-T5A-T5A-0345,F4-P6-005,T5A-0345,UNMATCHED_HANDOFF,,UNMATCHED_RESEARCH,,UNMATCHED_VALIDATION_RULE,,Phase1_required,,MAN-021,16,,,,SOFTWARE_SPECIFIC,,UNMATCHED_APOLLO,,UNKNOWN,,,NONE,,,,,REVIEWED,UNMATCHED_handoff_id_research_result_stage5c_requirement; handoff without package primary req (expected many-to-subset)
XWL-T5A-T5A-0346,F4-P6-006,T5A-0346,UNMATCHED_HANDOFF,,UNMATCHED_RESEARCH,,UNMATCHED_VALIDATION_RULE,,Phase1_required,,MAN-021,17,,,,SOFTWARE_SPECIFIC,,UNMATCHED_APOLLO,,UNKNOWN,,,NONE,,,,,REVIEWED,UNMATCHED_handoff_id_research_result_stage5c_requirement; handoff without package primary req (expected many-to-subset)
XWL-T5A-T5A-0347,F4-P6-007,T5A-0347,UNMATCHED_HANDOFF,,UNMATCHED_RESEARCH,,UNMATCHED_VALIDATION_RULE,,Phase1_required,,MAN-021,17,,,,SOFTWARE_SPECIFIC,,UNMATCHED_APOLLO,,UNKNOWN,,,NONE,,,,,REVIEWED,UNMATCHED_handoff_id_research_result_stage5c_requirement; handoff without package primary req (expected many-to-subset)
XWL-T5A-T5A-0348,F4-P6-008,T5A-0348,UNMATCHED_HANDOFF,,UNMATCHED_RESEARCH,,UNMATCHED_VALIDATION_RULE,,Phase1_required,,MAN-021,18,,,,SOFTWARE_SPECIFIC,,UNMATCHED_APOLLO,,UNKNOWN,,,NONE,,,,,REVIEWED,UNMATCHED_handoff_id_research_result_stage5c_requirement; handoff without package primary req (expected many-to-subset)
XWL-T5A-T5A-0349,F4-P6-009,T5A-0349,UNMATCHED_HANDOFF,,UNMATCHED_RESEARCH,,UNMATCHED_VALIDATION_RULE,,Phase1_required,,MAN-021,19,,,,SOFTWARE_SPECIFIC,,UNMATCHED_APOLLO,,UNKNOWN,,,NONE,,,,,REVIEWED,UNMATCHED_handoff_id_research_result_stage5c_requirement; handoff without package primary req (expected many-to-subset)
XWL-T5A-T5A-0350,F4-P6-010,T5A-0350,UNMATCHED_HANDOFF,,UNMATCHED_RESEARCH,,UNMATCHED_VALIDATION_RULE,,Phase1_required,,MAN-021,19,,,,SOFTWARE_SPECIFIC,,UNMATCHED_APOLLO,,UNKNOWN,,,NONE,,,,,REVIEWED,UNMATCHED_handoff_id_research_result_stage5c_requirement; handoff without package primary req (expected many-to-subset)
XWL-T5A-T5A-0351,F4-P6-011,T5A-0351,UNMATCHED_HANDOFF,,UNMATCHED_RESEARCH,,UNMATCHED_VALIDATION_RULE,,Phase1_required,,MAN-021,19,,,,SOFTWARE_SPECIFIC,,UNMATCHED_APOLLO,,UNKNOWN,,,NONE,,,,,REVIEWED,UNMATCHED_handoff_id_research_result_stage5c_requirement; handoff without package primary req (expected many-to-subset)
XWL-T5A-T5A-0352,F4-P6-012,T5A-0352,UNMATCHED_HANDOFF,,UNMATCHED_RESEARCH,,UNMATCHED_VALIDATION_RULE,,Phase1_required,,MAN-021,20,,,,SOFTWARE_SPECIFIC,,UNMATCHED_APOLLO,,UNKNOWN,,,NONE,,,,,REVIEWED,UNMATCHED_handoff_id_research_result_stage5c_requirement; handoff without package primary req (expected many-to-subset)
XWL-T5A-T5A-0353,F4-P6-013,T5A-0353,UNMATCHED_HANDOFF,,UNMATCHED_RESEARCH,,UNMATCHED_VALIDATION_RULE,,Phase1_required,,MAN-021,20,,,,SOFTWARE_SPECIFIC,,UNMATCHED_APOLLO,,UNKNOWN,,,NONE,,,,,REVIEWED,UNMATCHED_handoff_id_research_result_stage5c_requirement; handoff without package primary req (expected many-to-subset)
XWL-T5A-T5A-0354,F4-P6-014,T5A-0354,UNMATCHED_HANDOFF,,UNMATCHED_RESEARCH,,UNMATCHED_VALIDATION_RULE,,Phase1_required,,MAN-021,20,,,,SOFTWARE_SPECIFIC,,UNMATCHED_APOLLO,,UNKNOWN,,,NONE,,,,,REVIEWED,UNMATCHED_handoff_id_research_result_stage5c_requirement; handoff without package primary req (expected many-to-subset)
XWL-T5A-T5A-0355,F4-P6-015,T5A-0355,UNMATCHED_HANDOFF,,UNMATCHED_RESEARCH,,UNMATCHED_VALIDATION_RULE,,Phase1_required,,MAN-021,20,,,,SOFTWARE_SPECIFIC,,UNMATCHED_APOLLO,,UNKNOWN,,,NONE,,,,,REVIEWED,UNMATCHED_handoff_id_research_result_stage5c_requirement; handoff without package primary req (expected many-to-subset)
XWL-T5A-T5A-0356,F4-P6-016,T5A-0356,UNMATCHED_HANDOFF,,UNMATCHED_RESEARCH,,UNMATCHED_VALIDATION_RULE,,Phase1_required,,MAN-021,20,,,,SOFTWARE_SPECIFIC,,UNMATCHED_APOLLO,,UNKNOWN,,,NONE,,,,,REVIEWED,UNMATCHED_handoff_id_research_result_stage5c_requirement; handoff without package primary req (expected many-to-subset)
XWL-T5A-T5A-0357,F4-P6-017,T5A-0357,UNMATCHED_HANDOFF,,UNMATCHED_RESEARCH,,UNMATCHED_VALIDATION_RULE,,Phase1_required,,MAN-021,24,,,,SOFTWARE_SPECIFIC,,UNMATCHED_APOLLO,,UNKNOWN,,,NONE,,,,,REVIEWED,UNMATCHED_handoff_id_research_result_stage5c_requirement; handoff without package primary req (expected many-to-subset)
XWL-T5A-T5A-0358,F4-P6-018,T5A-0358,UNMATCHED_HANDOFF,,UNMATCHED_RESEARCH,,UNMATCHED_VALIDATION_RULE,,Phase1_required,,MAN-021,24,,,,SOFTWARE_SPECIFIC,,UNMATCHED_APOLLO,,UNKNOWN,,,NONE,,,,,REVIEWED,UNMATCHED_handoff_id_research_result_stage5c_requirement; handoff without package primary req (expected many-to-subset)
XWL-T5A-T5A-0361,F4-P6-020,T5A-0361,UNMATCHED_HANDOFF,,UNMATCHED_RESEARCH,,UNMATCHED_VALIDATION_RULE,,Phase1_required,,MAN-021,22,,,,SOFTWARE_SPECIFIC,,UNMATCHED_APOLLO,,UNKNOWN,,,NONE,,,,,REVIEWED,UNMATCHED_handoff_id_research_result_stage5c_requirement; handoff without package primary req (expected many-to-subset)
XWL-T5A-T5A-0362,F4-P6-021,T5A-0362,UNMATCHED_HANDOFF,,UNMATCHED_RESEARCH,,UNMATCHED_VALIDATION_RULE,,Phase1_required,,MAN-021,21,,,,SOFTWARE_SPECIFIC,,UNMATCHED_APOLLO,,UNKNOWN,,,NONE,,,,,REVIEWED,UNMATCHED_handoff_id_research_result_stage5c_requirement; handoff without package primary req (expected many-to-subset)
XWL-T5A-T5A-0363,F4-P6-022,T5A-0363,UNMATCHED_HANDOFF,,UNMATCHED_RESEARCH,,UNMATCHED_VALIDATION_RULE,,Phase1_required,,MAN-021,21,,,,SOFTWARE_SPECIFIC,,UNMATCHED_APOLLO,,UNKNOWN,,,NONE,,,,,REVIEWED,UNMATCHED_handoff_id_research_result_stage5c_requirement; handoff without package primary req (expected many-to-subset)
XWL-T5A-T5A-0364,F4-P6-023,T5A-0364,UNMATCHED_HANDOFF,,UNMATCHED_RESEARCH,,UNMATCHED_VALIDATION_RULE,,Phase1_required,,MAN-021,21,,,,SOFTWARE_SPECIFIC,,UNMATCHED_APOLLO,,UNKNOWN,,,NONE,,,,,REVIEWED,UNMATCHED_handoff_id_research_result_stage5c_requirement; handoff without package primary req (expected many-to-subset)
XWL-T5A-T5A-0365,F4-P6-024,T5A-0365,UNMATCHED_HANDOFF,,UNMATCHED_RESEARCH,,UNMATCHED_VALIDATION_RULE,,Phase1_required,,MAN-021,28,,,,SOFTWARE_SPECIFIC,,UNMATCHED_APOLLO,,UNKNOWN,,,NONE,,,,,REVIEWED,UNMATCHED_handoff_id_research_result_stage5c_requirement; handoff without package primary req (expected many-to-subset)
XWL-T5A-T5A-0366,F4-P6-025,T5A-0366,UNMATCHED_HANDOFF,,UNMATCHED_RESEARCH,,UNMATCHED_VALIDATION_RULE,,Phase1_required,,MAN-021,27,,,,SOFTWARE_SPECIFIC,,UNMATCHED_APOLLO,,UNKNOWN,,,NONE,,,,,REVIEWED,UNMATCHED_handoff_id_research_result_stage5c_requirement; handoff without package primary req (expected many-to-subset)
XWL-T5A-T5A-0367,F4-P6-026,T5A-0367,UNMATCHED_HANDOFF,,UNMATCHED_RESEARCH,,UNMATCHED_VALIDATION_RULE,,Phase1_required,,MAN-021,29,,,,SOFTWARE_SPECIFIC,,UNMATCHED_APOLLO,,UNKNOWN,,,NONE,,,,,REVIEWED,UNMATCHED_handoff_id_research_result_stage5c_requirement; handoff without package primary req (expected many-to-subset)
XWL-T5A-T5A-0368,F4-P6-027,T5A-0368,UNMATCHED_HANDOFF,,UNMATCHED_RESEARCH,,UNMATCHED_VALIDATION_RULE,,Phase1_required,,MAN-021,24,,,,SOFTWARE_SPECIFIC,,UNMATCHED_APOLLO,,UNKNOWN,,,NONE,,,,,REVIEWED,UNMATCHED_handoff_id_research_result_stage5c_requirement; handoff without package primary req (expected many-to-subset)
XWL-T5A-T5A-0369,F4-P6-028,T5A-0369,UNMATCHED_HANDOFF,,UNMATCHED_RESEARCH,,UNMATCHED_VALIDATION_RULE,,Phase1_optional,,MAN-021,24,,,,SOFTWARE_SPECIFIC,,UNMATCHED_APOLLO,,UNKNOWN,,,NONE,,,,,REVIEWED,UNMATCHED_handoff_id_research_result_stage5c_requirement; handoff without package primary req (expected many-to-subset)
XWL-T5A-T5A-0370,F4-P6-029,T5A-0370,UNMATCHED_HANDOFF,,UNMATCHED_RESEARCH,,UNMATCHED_VALIDATION_RULE,,Phase1_required,,MAN-021,24,,,,SOFTWARE_SPECIFIC,,UNMATCHED_APOLLO,,UNKNOWN,,,NONE,,,,,REVIEWED,UNMATCHED_handoff_id_research_result_stage5c_requirement; handoff without package primary req (expected many-to-subset)
XWL-T5A-T5A-0371,F4-P6-030,T5A-0371,UNMATCHED_HANDOFF,,UNMATCHED_RESEARCH,,UNMATCHED_VALIDATION_RULE,,Phase1_required,,MAN-021,24,,,,SOFTWARE_SPECIFIC,,UNMATCHED_APOLLO,,UNKNOWN,,,NONE,,,,,REVIEWED,UNMATCHED_handoff_id_research_result_stage5c_requirement; handoff without package primary req (expected many-to-subset)
XWL-T5A-T5A-0372,F4-P6-031,T5A-0372,UNMATCHED_HANDOFF,,UNMATCHED_RESEARCH,,UNMATCHED_VALIDATION_RULE,,Phase1_optional,,MAN-021,24,,,,SOFTWARE_SPECIFIC,,UNMATCHED_APOLLO,,UNKNOWN,,,NONE,,,,,REVIEWED,UNMATCHED_handoff_id_research_result_stage5c_requirement; handoff without package primary req (expected many-to-subset)
XWL-T5A-T5A-0383,F4-P6-037,T5A-0383,UNMATCHED_HANDOFF,,UNMATCHED_RESEARCH,,UNMATCHED_VALIDATION_RULE,,Phase1_required,,MAN-013,4,,,,SOFTWARE_SPECIFIC,,UNMATCHED_APOLLO,,UNKNOWN,,,NONE,,,,,REVIEWED,UNMATCHED_handoff_id_research_result_stage5c_requirement; handoff without package primary req (expected many-to-subset)
XWL-T5A-T5A-0384,F4-P6-038,T5A-0384,UNMATCHED_HANDOFF,,UNMATCHED_RESEARCH,,UNMATCHED_VALIDATION_RULE,,Phase1_required,,MAN-013,4,,,,SOFTWARE_SPECIFIC,,UNMATCHED_APOLLO,,UNKNOWN,,,NONE,,,,,REVIEWED,UNMATCHED_handoff_id_research_result_stage5c_requirement; handoff without package primary req (expected many-to-subset)
XWL-T5A-T5A-0385,F4-P6-039,T5A-0385,UNMATCHED_HANDOFF,,UNMATCHED_RESEARCH,,UNMATCHED_VALIDATION_RULE,,Phase1_required,,MAN-013,4,,,,SOFTWARE_SPECIFIC,,UNMATCHED_APOLLO,,UNKNOWN,,,NONE,,,,,REVIEWED,UNMATCHED_handoff_id_research_result_stage5c_requirement; handoff without package primary req (expected many-to-subset)
XWL-T5A-T5A-0388,F4-P6-041,T5A-0388,UNMATCHED_HANDOFF,,UNMATCHED_RESEARCH,,UNMATCHED_VALIDATION_RULE,,Phase1_required,,MAN-002,11,,,,SOFTWARE_SPECIFIC,,UNMATCHED_APOLLO,,UNKNOWN,,,NONE,,,,,REVIEWED,UNMATCHED_handoff_id_research_result_stage5c_requirement; handoff without package primary req (expected many-to-subset)
XWL-T5A-T5A-0389,F4-P6-042,T5A-0389,UNMATCHED_HANDOFF,,UNMATCHED_RESEARCH,,UNMATCHED_VALIDATION_RULE,,Phase1_required,,MAN-002,11,,,,SOFTWARE_SPECIFIC,,UNMATCHED_APOLLO,,UNKNOWN,,,NONE,,,,,REVIEWED,UNMATCHED_handoff_id_research_result_stage5c_requirement; handoff without package primary req (expected many-to-subset)
XWL-T5A-T5A-0390,F4-P6-043,T5A-0390,UNMATCHED_HANDOFF,,UNMATCHED_RESEARCH,,UNMATCHED_VALIDATION_RULE,,Phase1_required,,MAN-002,11,,,,SOFTWARE_SPECIFIC,,UNMATCHED_APOLLO,,UNKNOWN,,,NONE,,,,,REVIEWED,UNMATCHED_handoff_id_research_result_stage5c_requirement; handoff without package primary req (expected many-to-subset)
XWL-T5A-T5A-0391,F4-P6-044,T5A-0391,UNMATCHED_HANDOFF,,UNMATCHED_RESEARCH,,UNMATCHED_VALIDATION_RULE,,Phase1_required,,MAN-002,11,,,,SOFTWARE_SPECIFIC,,UNMATCHED_APOLLO,,UNKNOWN,,,NONE,,,,,REVIEWED,UNMATCHED_handoff_id_research_result_stage5c_requirement; handoff without package primary req (expected many-to-subset)
XWL-T5A-T5A-0392,F4-P6-045,T5A-0392,UNMATCHED_HANDOFF,,UNMATCHED_RESEARCH,,UNMATCHED_VALIDATION_RULE,,Phase1_required,,MAN-002,12,,,,SOFTWARE_SPECIFIC,,UNMATCHED_APOLLO,,UNKNOWN,,,NONE,,,,,REVIEWED,UNMATCHED_handoff_id_research_result_stage5c_requirement; handoff without package primary req (expected many-to-subset)
XWL-T5A-T5A-0393,F4-P6-046,T5A-0393,UNMATCHED_HANDOFF,,UNMATCHED_RESEARCH,,UNMATCHED_VALIDATION_RULE,,Phase1_required,,MAN-002,12,,,,SOFTWARE_SPECIFIC,,UNMATCHED_APOLLO,,UNKNOWN,,,NONE,,,,,REVIEWED,UNMATCHED_handoff_id_research_result_stage5c_requirement; handoff without package primary req (expected many-to-subset)
XWL-T5A-T5A-0394,F4-P6-047,T5A-0394,UNMATCHED_HANDOFF,,UNMATCHED_RESEARCH,,UNMATCHED_VALIDATION_RULE,,Phase1_required,,MAN-002,9,,,,SOFTWARE_SPECIFIC,,UNMATCHED_APOLLO,,UNKNOWN,,,NONE,,,,,REVIEWED,UNMATCHED_handoff_id_research_result_stage5c_requirement; handoff without package primary req (expected many-to-subset)
XWL-T5A-T5A-0397,F4-P6-049,T5A-0397,UNMATCHED_HANDOFF,,UNMATCHED_RESEARCH,,UNMATCHED_VALIDATION_RULE,,Phase1_required,,MAN-007,3,,,,SOFTWARE_SPECIFIC,,UNMATCHED_APOLLO,,UNKNOWN,,,NONE,,,,,REVIEWED,UNMATCHED_handoff_id_research_result_stage5c_requirement; handoff without package primary req (expected many-to-subset)
XWL-T5A-T5A-0398,F4-P6-050,T5A-0398,UNMATCHED_HANDOFF,,UNMATCHED_RESEARCH,,UNMATCHED_VALIDATION_RULE,,Phase1_required,,MAN-007,3,,,,SOFTWARE_SPECIFIC,,UNMATCHED_APOLLO,,UNKNOWN,,,NONE,,,,,REVIEWED,UNMATCHED_handoff_id_research_result_stage5c_requirement; handoff without package primary req (expected many-to-subset)
XWL-T5A-T5A-0399,F4-P6-051,T5A-0399,UNMATCHED_HANDOFF,,UNMATCHED_RESEARCH,,UNMATCHED_VALIDATION_RULE,,Phase1_required,,MAN-007,7,,,,SOFTWARE_SPECIFIC,,UNMATCHED_APOLLO,,UNKNOWN,,,NONE,,,,,REVIEWED,UNMATCHED_handoff_id_research_result_stage5c_requirement; handoff without package primary req (expected many-to-subset)
XWL-T5A-T5A-0400,F4-P6-052,T5A-0400,UNMATCHED_HANDOFF,,UNMATCHED_RESEARCH,,UNMATCHED_VALIDATION_RULE,,Phase1_required,,MAN-007,9,,,,SOFTWARE_SPECIFIC,,UNMATCHED_APOLLO,,UNKNOWN,,,NONE,,,,,REVIEWED,UNMATCHED_handoff_id_research_result_stage5c_requirement; handoff without package primary req (expected many-to-subset)
XWL-T5A-T5A-0401,F4-P6-053,T5A-0401,UNMATCHED_HANDOFF,,UNMATCHED_RESEARCH,,UNMATCHED_VALIDATION_RULE,,Phase1_required,,MAN-007,10,,,,SOFTWARE_SPECIFIC,,UNMATCHED_APOLLO,,UNKNOWN,,,NONE,,,,,REVIEWED,UNMATCHED_handoff_id_research_result_stage5c_requirement; handoff without package primary req (expected many-to-subset)
XWL-T5A-T5A-0402,F4-P6-054,T5A-0402,UNMATCHED_HANDOFF,,UNMATCHED_RESEARCH,,UNMATCHED_VALIDATION_RULE,,Phase1_required,,MAN-007,10,,,,SOFTWARE_SPECIFIC,,UNMATCHED_APOLLO,,UNKNOWN,,,NONE,,,,,REVIEWED,UNMATCHED_handoff_id_research_result_stage5c_requirement; handoff without package primary req (expected many-to-subset)
XWL-T5A-T5A-0403,F4-P6-055,T5A-0403,UNMATCHED_HANDOFF,,UNMATCHED_RESEARCH,,UNMATCHED_VALIDATION_RULE,,Phase1_required,,MAN-007,11,,,,SOFTWARE_SPECIFIC,,UNMATCHED_APOLLO,,UNKNOWN,,,NONE,,,,,REVIEWED,UNMATCHED_handoff_id_research_result_stage5c_requirement; handoff without package primary req (expected many-to-subset)
XWL-T5A-T5A-0404,F4-P6-056,T5A-0404,UNMATCHED_HANDOFF,,UNMATCHED_RESEARCH,,UNMATCHED_VALIDATION_RULE,,Phase1_required,,MAN-007,11,,,,SOFTWARE_SPECIFIC,,UNMATCHED_APOLLO,,UNKNOWN,,,NONE,,,,,REVIEWED,UNMATCHED_handoff_id_research_result_stage5c_requirement; handoff without package primary req (expected many-to-subset)
XWL-T5A-T5A-0405,F4-P6-057,T5A-0405,UNMATCHED_HANDOFF,,UNMATCHED_RESEARCH,,UNMATCHED_VALIDATION_RULE,,Phase1_required,,MAN-021,18,,,,SOFTWARE_SPECIFIC,,UNMATCHED_APOLLO,,UNKNOWN,,,NONE,,,,,REVIEWED,UNMATCHED_handoff_id_research_result_stage5c_requirement; handoff without package primary req (expected many-to-subset)
XWL-T5A-T5A-0406,F4-P6-058,T5A-0406,UNMATCHED_HANDOFF,,UNMATCHED_RESEARCH,,UNMATCHED_VALIDATION_RULE,,Phase1_required,,MAN-021,NONE,,,,SOFTWARE_SPECIFIC,,UNMATCHED_APOLLO,,UNKNOWN,,,NONE,,,,,REVIEWED,UNMATCHED_handoff_id_research_result_stage5c_requirement; handoff without package primary req (expected many-to-subset)
XWL-T5A-T5A-0407,F4-P6-059,T5A-0407,UNMATCHED_HANDOFF,,UNMATCHED_RESEARCH,,UNMATCHED_VALIDATION_RULE,,Phase1_required,,MAN-021,NONE,,,,SOFTWARE_SPECIFIC,,UNMATCHED_APOLLO,,UNKNOWN,,,NONE,,,,,REVIEWED,UNMATCHED_handoff_id_research_result_stage5c_requirement; handoff without package primary req (expected many-to-subset)
XWL-T5A-T5A-0408,F4-P6-060,T5A-0408,UNMATCHED_HANDOFF,,UNMATCHED_RESEARCH,,UNMATCHED_VALIDATION_RULE,,Phase1_required,,MAN-013,NONE,,,,SOFTWARE_SPECIFIC,,UNMATCHED_APOLLO,,UNKNOWN,,,NONE,,,,,REVIEWED,UNMATCHED_handoff_id_research_result_stage5c_requirement; handoff without package primary req (expected many-to-subset)
