trace_id,source_record_id,candidate_id,source_type,source_locator,candidate_layer,notes
TR-013,SRC-calculation_chapter_03_section_3_2_tables-005,DS-063,table,calc_pdf_p293,design,
TR-014,SRC-calculation_chapter_03_section_3_2_tables-010,DS-067,table,calc_pdf_p294,design,
TR-015,SRC-calculation_chapter_03_section_3_2_tables-011,DS-071,table,calc_pdf_p295,design,
TR-016,SRC-calculation_chapter_03_section_3_2_tables-012,DS-075,table,calc_pdf_p296,design,
TR-017,SRC-calculation_chapter_03_section_3_2_tables-013,DS-079,table,calc_pdf_p297,design,
TR-018,SRC-calculation_chapter_03_section_3_2_tables-015,DS-085,table,calc_pdf_p298,design,
TR-019,SRC-calculation_chapter_03_section_3_2_tables-015,DS-086,table,calc_pdf_p298,design,
TR-020,SRC-calculation_chapter_03_section_3_2_tables-017,DS-092,table,calc_pdf_p299,design,
TR-021,SRC-calculation_chapter_03_section_3_2_tables-017,DS-093,table,calc_pdf_p299,design,
TR-022,SRC-calculation_chapter_03_section_3_2_tables-018,DS-097,table,calc_pdf_p300,design,
TR-023,SRC-calculation_chapter_03_section_3_2_tables-019,DS-101,table,calc_pdf_p301,design,
TR-024,SRC-calculation_chapter_03_section_3_2_tables-020,DS-105,table,calc_pdf_p302,design,
TR-025,SRC-calculation_chapter_03_section_3_2_tables-021,DS-109,table,calc_pdf_p303,design,
TR-026,SRC-calculation_chapter_03_section_3_2_tables-024,DS-118,table,calc_pdf_p306,design,
TR-027,SRC-calculation_chapter_03_section_3_2_tables-025,DS-122,table,calc_pdf_p307,design,
TR-028,SRC-calculation_chapter_03_section_3_2_tables-026,DS-126,table,calc_pdf_p308,design,
TR-029,SRC-calculation_chapter_03_section_3_2_tables-029,DS-136,table,calc_pdf_p311,design,
TR-030,SRC-calculation_chapter_03_section_3_2_tables-030,DS-140,table,calc_pdf_p312,design,
TR-031,SRC-calculation_chapter_03_section_3_2_tables-031,DS-144,table,calc_pdf_p313,design,
TR-032,SRC-calculation_chapter_03_section_3_2_tables-032,DS-148,table,calc_pdf_p314,design,
TR-033,SRC-calculation_chapter_03_section_3_2_tables-035,DS-158,table,calc_pdf_p317,design,
TR-034,SRC-calculation_chapter_03_section_3_2_tables-036,DS-162,table,calc_pdf_p318,design,
TR-035,SRC-calculation_chapter_03_section_3_2_tables-037,DS-166,table,calc_pdf_p319,design,
TR-036,SRC-calculation_chapter_03_section_3_2_tables-038,DS-170,table,calc_pdf_p320,design,
TR-037,DC-006,DS-194,domain_index,calc_pdf_p297,design,
TR-038,SRC-calculation_chapter_03_section_3_2_values-055,DS-194,value,,design,
TR-039,DC-008,DS-195,domain_index,calc_pdf_p1319,design,
TR-040,CAL-VAL-P01319-029,DS-195,value,calc_pdf_p1319,design,
TR-041,DC-007,DS-196,domain_index,calc_pdf_p852,design,
TR-042,CAL-VAL-P00852-003,DS-196,value,calc_pdf_p852,design,
TR-043,DC-010,DS-197,domain_index,calc_pdf_p674,design,
TR-044,SRC-calculation_chapter_03_section_3_2_values-025,DS-197,value,,design,
TR-045,CH5-TBL-034,DS-198,table,calc_pdf_p2040,design,
TR-046,CH5-TBL-035,DS-199,table,calc_pdf_p2040,design,
TR-047,CH5-TBL-036,DS-200,table,calc_pdf_p2040,design,
TR-048,CH5-TBL-033,DS-201,table,calc_pdf_p2040,design,
TR-049,CH5-TBL-038,DS-202,table,calc_pdf_p2041,design,
TR-050,CH5-TBL-039,DS-203,table,calc_pdf_p2041,design,
TR-051,CH5-TBL-040,DS-204,table,calc_pdf_p2041,design,
TR-052,SRC-calculation_chapter_03_section_3_2_formulas-005,DS-224,formula,,design,
TR-053,SRC-calculation_chapter_03_section_3_2_formulas-006,DS-225,formula,,design,
TR-054,SRC-calculation_chapter_03_section_3_2_formulas-008,DS-226,formula,,design,
TR-055,CAL-FML-P01321-001,DS-227,formula,calc_pdf_p1321,design,
TR-056,CAL-FML-P01321-011,DS-228,formula,calc_pdf_p1321,design,
TR-057,CAL-FML-P01319-005,DS-229,formula,calc_pdf_p1319,design,
TR-058,CAL-FML-P00850-002,DS-230,formula,calc_pdf_p850,design,
TR-059,CAL-FML-P00852-001,DS-231,formula,calc_pdf_p852,design,
TR-060,CAL-VAL-P00852-003,DS-232,value,calc_pdf_p852,design,
TR-061,DC-007,DS-232,domain_index,calc_pdf_p852,design,
TR-062,CAL-FML-P00685-002,DS-233,formula,calc_pdf_p685,design,
TR-063,CAL-FML-P00686-001,DS-234,formula,calc_pdf_p686,design,
TR-064,CAL-FML-P00770-002,DS-235,formula,calc_pdf_p770,design,
TR-065,CAL-FML-P00772-001,DS-236,formula,calc_pdf_p772,design,
TR-066,CAL-FML-P00791-005,DS-237,formula,calc_pdf_p791,design,
TR-067,CAL-FML-P00791-006,DS-238,formula,calc_pdf_p791,design,
TR-068,CAL-FML-P00819-001,DS-239,formula,calc_pdf_p819,design,
TR-069,CAL-FML-P00819-002,DS-240,formula,calc_pdf_p819,design,
TR-070,CH2-VAL-038,DS-241,value,calc_pdf_p19,design,
TR-071,DC-001,DS-205,domain_index,calc_pdf_p297,design,
TR-072,DC-002,DS-206,domain_index,calc_pdf_p297,design,
TR-073,DC-003,DS-207,domain_index,calc_pdf_p297,design,
TR-074,DC-004,DS-208,domain_index,calc_pdf_p297,design,
TR-075,DC-005,DS-209,domain_index,calc_pdf_p297,design,
TR-076,DC-006,DS-210,domain_index,calc_pdf_p297,design,
TR-077,DC-007,DS-211,domain_index,calc_pdf_p852,design,
TR-078,DC-008,DS-212,domain_index,calc_pdf_p1319,design,
TR-079,DC-009,DS-213,domain_index,calc_pdf_p1319,design,
TR-080,DC-010,DS-214,domain_index,calc_pdf_p674,design,
TR-081,CH5-TBL-033,DS-215,table,calc_pdf_p2040,design,
TR-082,CH5-TBL-034,DS-216,table,calc_pdf_p2040,design,
TR-083,CH5-TBL-035,DS-217,table,calc_pdf_p2040,design,
TR-084,CH5-TBL-036,DS-218,table,calc_pdf_p2040,design,
TR-085,CH5-TBL-038,DS-219,table,calc_pdf_p2041,design,
TR-086,CH5-TBL-039,DS-220,table,calc_pdf_p2041,design,
TR-087,CH5-TBL-040,DS-221,table,calc_pdf_p2041,design,
TR-088,CAL-VAL-P00819-004,DS-222,value,calc_pdf_p819,design,
TR-089,CAL-VAL-P00820-003,DS-222,value,calc_pdf_p820,design,
TR-090,CAL-VAL-P00821-004,DS-222,value,calc_pdf_p821,design,
TR-091,SRC-calculation_chapter_03_section_3_2_values-019,DS-223,value,,design,
TR-092,SRC-calculation_chapter_03_section_3_2_notes-014,DS-242,note,calc_pdf_p291,design,
TR-093,SRC-calculation_chapter_03_section_3_2_notes-036,DS-243,note,calc_pdf_p382,design,
TR-094,SRC-calculation_chapter_03_section_3_2_tables-044,DS-243,table,calc_pdf_p379,design,
TR-095,SRC-calculation_chapter_03_section_3_2_tables-047,DS-244,table,calc_pdf_p667-669,design,
TR-096,SRC-calculation_chapter_03_section_3_2_values-019,DS-245,value,,design,
TR-097,DC-011,DS-178,domain_index,calc_pdf_p1319,design,
TR-098,CAL-VAL-P01319-016,DS-178,value,calc_pdf_p1319,design,
TR-099,SRC-calculation_chapter_03_section_3_2_values-017,DS-178,value,,design,
TR-100,DC-001,DS-179,domain_index,calc_pdf_p297,design,
TR-101,DC-004,DS-180,domain_index,calc_pdf_p297,design,
TR-102,DC-012,DS-181,domain_index,calc_pdf_p1319,design,
TR-103,CAL-VAL-P01319-017,DS-181,value,calc_pdf_p1319,design,
TR-104,CAL-VAL-P01319-019,DS-182,value,calc_pdf_p1319,design,
TR-105,DC-005,DS-183,domain_index,calc_pdf_p297,design,
TR-106,DC-013,DS-183,domain_index,calc_pdf_p1319,design,
TR-107,CAL-VAL-P01319-020,DS-183,value,calc_pdf_p1319,design,
TR-108,SRC-calculation_chapter_03_section_3_2_values-018,DS-183,value,,design,
TR-109,DC-006,DS-184,domain_index,calc_pdf_p297,design,
TR-110,DC-007,DS-185,domain_index,calc_pdf_p852,design,
TR-111,DC-014,DS-186,domain_index,calc_pdf_p771,design,
TR-112,CAL-VAL-P00771-001,DS-186,value,calc_pdf_p771,design,
TR-113,DC-015,DS-187,domain_index,calc_pdf_p771,design,
TR-114,CAL-VAL-P00771-002,DS-187,value,calc_pdf_p771,design,
TR-115,CAL-VAL-P01319-004,DS-188,value,calc_pdf_p1319,design,
TR-116,CH1-VAL-030,DS-188,value,calc_pdf_p7,design,
TR-117,CH5-TBL-034,DS-189,table,calc_pdf_p2040,design,
TR-118,CH5-TBL-035,DS-189,table,calc_pdf_p2040,design,
TR-119,CH5-TBL-036,DS-189,table,calc_pdf_p2040,design,
TR-120,CH5-VAL-042,DS-190,value,calc_pdf_p2039,design,
TR-121,CH5-VAL-043,DS-191,value,calc_pdf_p2039,design,
TR-122,CH5-TBL-038,DS-192,table,calc_pdf_p2041,design,
TR-123,CH5-TBL-039,DS-192,table,calc_pdf_p2041,design,
TR-124,CH5-TBL-040,DS-192,table,calc_pdf_p2041,design,
TR-125,DC-010,DS-193,domain_index,calc_pdf_p674,design,
TR-126,SRC-calculation_chapter_03_section_3_2_values-029,DS-001,value,,design,
TR-127,ADV-001,DS-001,domain_index,calc_pdf_p297,design,
TR-128,SRC-calculation_chapter_03_section_3_2_values-030,DS-002,value,,design,
TR-129,ADV-002,DS-002,domain_index,calc_pdf_p297,design,
TR-130,SRC-calculation_chapter_03_section_3_2_values-031,DS-003,value,,design,
TR-131,ADV-003,DS-003,domain_index,calc_pdf_p297,design,
TR-132,SRC-calculation_chapter_03_section_3_2_values-032,DS-004,value,,design,
TR-133,SRC-calculation_chapter_03_section_3_2_values-033,DS-005,value,,design,
TR-134,SRC-calculation_chapter_03_section_3_2_values-034,DS-006,value,,design,
TR-135,SRC-calculation_chapter_03_section_3_2_values-035,DS-007,value,,design,
TR-136,SRC-calculation_chapter_03_section_3_2_values-036,DS-008,value,,design,
TR-137,ADV-004,DS-008,domain_index,calc_pdf_p297,design,
TR-138,SRC-calculation_chapter_03_section_3_2_values-037,DS-009,value,,design,
TR-139,ADV-005,DS-009,domain_index,calc_pdf_p297,design,
TR-140,SRC-calculation_chapter_03_section_3_2_values-038,DS-010,value,,design,
TR-141,SRC-calculation_chapter_03_section_3_2_values-039,DS-011,value,,design,
TR-142,SRC-calculation_chapter_03_section_3_2_values-042,DS-012,value,,design,
TR-143,SRC-calculation_chapter_03_section_3_2_values-043,DS-013,value,,design,
TR-144,SRC-calculation_chapter_03_section_3_2_values-044,DS-014,value,,design,
TR-145,SRC-calculation_chapter_03_section_3_2_values-045,DS-015,value,,design,
TR-146,SRC-calculation_chapter_03_section_3_2_values-046,DS-016,value,,design,
TR-147,SRC-calculation_chapter_03_section_3_2_values-047,DS-017,value,,design,
TR-148,SRC-calculation_chapter_03_section_3_2_values-048,DS-018,value,,design,
TR-149,ADV-006,DS-018,domain_index,calc_pdf_p297,design,
TR-150,SRC-calculation_chapter_03_section_3_2_values-049,DS-019,value,,design,
TR-151,ADV-007,DS-019,domain_index,calc_pdf_p297,design,
TR-152,SRC-calculation_chapter_03_section_3_2_values-050,DS-020,value,,design,
TR-153,SRC-calculation_chapter_03_section_3_2_values-051,DS-021,value,,design,
TR-154,SRC-calculation_chapter_03_section_3_2_values-056,DS-022,value,,design,
TR-155,SRC-calculation_chapter_03_section_3_2_values-057,DS-023,value,,design,
TR-156,SRC-calculation_chapter_03_section_3_2_values-058,DS-024,value,,design,
TR-157,SRC-calculation_chapter_03_section_3_2_values-059,DS-025,value,,design,
TR-158,SRC-calculation_chapter_03_section_3_2_values-060,DS-026,value,,design,
TR-159,SRC-calculation_chapter_03_section_3_2_values-061,DS-027,value,,design,
TR-160,SRC-calculation_chapter_03_section_3_2_values-062,DS-028,value,,design,
TR-161,SRC-calculation_chapter_03_section_3_2_values-063,DS-029,value,,design,
TR-162,SRC-calculation_chapter_03_section_3_2_values-064,DS-030,value,,design,
TR-163,SRC-calculation_chapter_03_section_3_2_values-065,DS-031,value,,design,
TR-164,SRC-calculation_chapter_03_section_3_2_values-066,DS-032,value,,design,
TR-165,SRC-calculation_chapter_03_section_3_2_values-067,DS-033,value,,design,
TR-166,SRC-calculation_chapter_03_section_3_2_values-068,DS-034,value,,design,
TR-167,SRC-calculation_chapter_03_section_3_2_values-069,DS-035,value,,design,
TR-168,SRC-calculation_chapter_03_section_3_2_values-070,DS-036,value,,design,
TR-169,SRC-calculation_chapter_03_section_3_2_values-071,DS-037,value,,design,
TR-170,SRC-calculation_chapter_03_section_3_2_values-072,DS-038,value,,design,
TR-171,SRC-calculation_chapter_03_section_3_2_values-073,DS-039,value,,design,
TR-172,SRC-calculation_chapter_03_section_3_2_values-074,DS-040,value,,design,
TR-173,SRC-calculation_chapter_03_section_3_2_values-075,DS-041,value,,design,
TR-174,SRC-calculation_chapter_03_section_3_2_tables-040,DS-042,table,calc_pdf_p323-349,design,
TR-175,CAL-VAL-P01319-021,DS-043,value,calc_pdf_p1319,design,
TR-176,CAL-VAL-P01319-022,DS-044,value,calc_pdf_p1319,design,
TR-177,CAL-VAL-P01319-023,DS-045,value,calc_pdf_p1319,design,
TR-178,CAL-VAL-P01319-024,DS-046,value,calc_pdf_p1319,design,
TR-179,CAL-VAL-P01319-025,DS-047,value,calc_pdf_p1319,design,
TR-180,CAL-VAL-P01319-026,DS-048,value,calc_pdf_p1319,design,
TR-181,CAL-VAL-P01319-027,DS-049,value,calc_pdf_p1319,design,
TR-182,DC-001,DS-050,domain_index,calc_pdf_p297,design,
TR-183,SRC-calculation_chapter_03_section_3_2_values-040,DS-050,value,,design,
TR-184,DC-002,DS-051,domain_index,calc_pdf_p297,design,
TR-185,SRC-calculation_chapter_03_section_3_2_values-041,DS-051,value,,design,
TR-186,DC-003,DS-052,domain_index,calc_pdf_p297,design,
TR-187,SRC-calculation_chapter_03_section_3_2_values-052,DS-052,value,,design,
TR-188,DC-004,DS-053,domain_index,calc_pdf_p297,design,
TR-189,SRC-calculation_chapter_03_section_3_2_values-053,DS-053,value,,design,
TR-190,DC-005,DS-054,domain_index,calc_pdf_p297,design,
TR-191,SRC-calculation_chapter_03_section_3_2_values-054,DS-054,value,,design,
TR-192,DC-009,DS-055,domain_index,calc_pdf_p1319,design,
TR-193,CAL-VAL-P01319-028,DS-055,value,calc_pdf_p1319,design,
TR-194,AR-017,DS-056,domain_index,calc_pdf_p850,design,
TR-195,CAL-VAL-P00850-003,DS-056,value,calc_pdf_p850,design,
TR-196,AR-018,DS-057,domain_index,calc_pdf_p851,design,
TR-197,CAL-VAL-P00851-001,DS-057,value,calc_pdf_p851,design,
TR-198,AR-019,DS-058,domain_index,calc_pdf_p853,design,
TR-199,CAL-VAL-P00853-003,DS-058,value,calc_pdf_p853,design,
TR-200,AR-020,DS-059,domain_index,calc_pdf_p854,design,
TR-201,CAL-VAL-P00854-001,DS-059,value,calc_pdf_p854,design,
TR-202,SRC-calculation_chapter_03_section_3_2_tables-005,DS-060,table,calc_pdf_p293,design,
TR-203,SRC-calculation_chapter_03_section_3_2_tables-005,DS-061,table,calc_pdf_p293,design,
TR-204,SRC-calculation_chapter_03_section_3_2_tables-005,DS-062,table,calc_pdf_p293,design,
TR-205,SRC-calculation_chapter_03_section_3_2_tables-010,DS-064,table,calc_pdf_p294,design,
TR-206,SRC-calculation_chapter_03_section_3_2_tables-010,DS-065,table,calc_pdf_p294,design,
TR-207,SRC-calculation_chapter_03_section_3_2_tables-010,DS-066,table,calc_pdf_p294,design,
TR-208,SRC-calculation_chapter_03_section_3_2_tables-011,DS-068,table,calc_pdf_p295,design,
TR-209,SRC-calculation_chapter_03_section_3_2_tables-011,DS-069,table,calc_pdf_p295,design,
TR-210,SRC-calculation_chapter_03_section_3_2_tables-011,DS-070,table,calc_pdf_p295,design,
TR-211,SRC-calculation_chapter_03_section_3_2_tables-012,DS-072,table,calc_pdf_p296,design,
TR-212,SRC-calculation_chapter_03_section_3_2_tables-012,DS-073,table,calc_pdf_p296,design,
TR-213,SRC-calculation_chapter_03_section_3_2_tables-012,DS-074,table,calc_pdf_p296,design,
TR-214,SRC-calculation_chapter_03_section_3_2_tables-013,DS-076,table,calc_pdf_p297,design,
TR-215,SRC-calculation_chapter_03_section_3_2_tables-013,DS-077,table,calc_pdf_p297,design,
TR-216,SRC-calculation_chapter_03_section_3_2_tables-013,DS-078,table,calc_pdf_p297,design,
TR-217,SRC-calculation_chapter_03_section_3_2_tables-014,DS-080,table,calc_pdf_p298,design,
TR-218,SRC-calculation_chapter_03_section_3_2_tables-014,DS-081,table,calc_pdf_p298,design,
TR-219,SRC-calculation_chapter_03_section_3_2_tables-015,DS-082,table,calc_pdf_p298,design,
TR-220,SRC-calculation_chapter_03_section_3_2_tables-015,DS-083,table,calc_pdf_p298,design,
TR-221,SRC-calculation_chapter_03_section_3_2_tables-015,DS-084,table,calc_pdf_p298,design,
TR-222,SRC-calculation_chapter_03_section_3_2_tables-016,DS-087,table,calc_pdf_p299,design,
TR-223,SRC-calculation_chapter_03_section_3_2_tables-016,DS-088,table,calc_pdf_p299,design,
TR-224,SRC-calculation_chapter_03_section_3_2_tables-017,DS-089,table,calc_pdf_p299,design,
TR-225,SRC-calculation_chapter_03_section_3_2_tables-017,DS-090,table,calc_pdf_p299,design,
TR-226,SRC-calculation_chapter_03_section_3_2_tables-017,DS-091,table,calc_pdf_p299,design,
TR-227,SRC-calculation_chapter_03_section_3_2_tables-018,DS-094,table,calc_pdf_p300,design,
TR-228,SRC-calculation_chapter_03_section_3_2_tables-018,DS-095,table,calc_pdf_p300,design,
TR-229,SRC-calculation_chapter_03_section_3_2_tables-018,DS-096,table,calc_pdf_p300,design,
TR-230,SRC-calculation_chapter_03_section_3_2_tables-019,DS-098,table,calc_pdf_p301,design,
TR-231,SRC-calculation_chapter_03_section_3_2_tables-019,DS-099,table,calc_pdf_p301,design,
TR-232,SRC-calculation_chapter_03_section_3_2_tables-019,DS-100,table,calc_pdf_p301,design,
TR-233,SRC-calculation_chapter_03_section_3_2_tables-020,DS-102,table,calc_pdf_p302,design,
TR-234,SRC-calculation_chapter_03_section_3_2_tables-020,DS-103,table,calc_pdf_p302,design,
TR-235,SRC-calculation_chapter_03_section_3_2_tables-020,DS-104,table,calc_pdf_p302,design,
TR-236,SRC-calculation_chapter_03_section_3_2_tables-021,DS-106,table,calc_pdf_p303,design,
TR-237,SRC-calculation_chapter_03_section_3_2_tables-021,DS-107,table,calc_pdf_p303,design,
TR-238,SRC-calculation_chapter_03_section_3_2_tables-021,DS-108,table,calc_pdf_p303,design,
TR-239,SRC-calculation_chapter_03_section_3_2_tables-022,DS-110,table,calc_pdf_p304,design,
TR-240,SRC-calculation_chapter_03_section_3_2_tables-022,DS-111,table,calc_pdf_p304,design,
TR-241,SRC-calculation_chapter_03_section_3_2_tables-023,DS-112,table,calc_pdf_p305,design,
TR-242,SRC-calculation_chapter_03_section_3_2_tables-023,DS-113,table,calc_pdf_p305,design,
TR-243,SRC-calculation_chapter_03_section_3_2_tables-023,DS-114,table,calc_pdf_p305,design,
TR-244,SRC-calculation_chapter_03_section_3_2_tables-024,DS-115,table,calc_pdf_p306,design,
TR-245,SRC-calculation_chapter_03_section_3_2_tables-024,DS-116,table,calc_pdf_p306,design,
TR-246,SRC-calculation_chapter_03_section_3_2_tables-024,DS-117,table,calc_pdf_p306,design,
TR-247,SRC-calculation_chapter_03_section_3_2_tables-025,DS-119,table,calc_pdf_p307,design,
TR-248,SRC-calculation_chapter_03_section_3_2_tables-025,DS-120,table,calc_pdf_p307,design,
TR-249,SRC-calculation_chapter_03_section_3_2_tables-025,DS-121,table,calc_pdf_p307,design,
TR-250,SRC-calculation_chapter_03_section_3_2_tables-026,DS-123,table,calc_pdf_p308,design,
TR-251,SRC-calculation_chapter_03_section_3_2_tables-026,DS-124,table,calc_pdf_p308,design,
TR-252,SRC-calculation_chapter_03_section_3_2_tables-026,DS-125,table,calc_pdf_p308,design,
TR-253,SRC-calculation_chapter_03_section_3_2_tables-027,DS-127,table,calc_pdf_p309,design,
TR-254,SRC-calculation_chapter_03_section_3_2_tables-027,DS-128,table,calc_pdf_p309,design,
TR-255,SRC-calculation_chapter_03_section_3_2_tables-027,DS-129,table,calc_pdf_p309,design,
TR-256,SRC-calculation_chapter_03_section_3_2_tables-028,DS-130,table,calc_pdf_p310,design,
TR-257,SRC-calculation_chapter_03_section_3_2_tables-028,DS-131,table,calc_pdf_p310,design,
TR-258,SRC-calculation_chapter_03_section_3_2_tables-028,DS-132,table,calc_pdf_p310,design,
TR-259,SRC-calculation_chapter_03_section_3_2_tables-029,DS-133,table,calc_pdf_p311,design,
TR-260,SRC-calculation_chapter_03_section_3_2_tables-029,DS-134,table,calc_pdf_p311,design,
TR-261,SRC-calculation_chapter_03_section_3_2_tables-029,DS-135,table,calc_pdf_p311,design,
TR-262,SRC-calculation_chapter_03_section_3_2_tables-030,DS-137,table,calc_pdf_p312,design,
TR-263,SRC-calculation_chapter_03_section_3_2_tables-030,DS-138,table,calc_pdf_p312,design,
TR-264,SRC-calculation_chapter_03_section_3_2_tables-030,DS-139,table,calc_pdf_p312,design,
TR-265,SRC-calculation_chapter_03_section_3_2_tables-031,DS-141,table,calc_pdf_p313,design,
TR-266,SRC-calculation_chapter_03_section_3_2_tables-031,DS-142,table,calc_pdf_p313,design,
TR-267,SRC-calculation_chapter_03_section_3_2_tables-031,DS-143,table,calc_pdf_p313,design,
TR-268,SRC-calculation_chapter_03_section_3_2_tables-032,DS-145,table,calc_pdf_p314,design,
TR-269,SRC-calculation_chapter_03_section_3_2_tables-032,DS-146,table,calc_pdf_p314,design,
TR-270,SRC-calculation_chapter_03_section_3_2_tables-032,DS-147,table,calc_pdf_p314,design,
TR-271,SRC-calculation_chapter_03_section_3_2_tables-033,DS-149,table,calc_pdf_p315,design,
TR-272,SRC-calculation_chapter_03_section_3_2_tables-033,DS-150,table,calc_pdf_p315,design,
TR-273,SRC-calculation_chapter_03_section_3_2_tables-033,DS-151,table,calc_pdf_p315,design,
TR-274,SRC-calculation_chapter_03_section_3_2_tables-034,DS-152,table,calc_pdf_p316,design,
TR-275,SRC-calculation_chapter_03_section_3_2_tables-034,DS-153,table,calc_pdf_p316,design,
TR-276,SRC-calculation_chapter_03_section_3_2_tables-034,DS-154,table,calc_pdf_p316,design,
TR-277,SRC-calculation_chapter_03_section_3_2_tables-035,DS-155,table,calc_pdf_p317,design,
TR-278,SRC-calculation_chapter_03_section_3_2_tables-035,DS-156,table,calc_pdf_p317,design,
TR-279,SRC-calculation_chapter_03_section_3_2_tables-035,DS-157,table,calc_pdf_p317,design,
TR-280,SRC-calculation_chapter_03_section_3_2_tables-036,DS-159,table,calc_pdf_p318,design,
TR-281,SRC-calculation_chapter_03_section_3_2_tables-036,DS-160,table,calc_pdf_p318,design,
TR-282,SRC-calculation_chapter_03_section_3_2_tables-036,DS-161,table,calc_pdf_p318,design,
TR-283,SRC-calculation_chapter_03_section_3_2_tables-037,DS-163,table,calc_pdf_p319,design,
TR-284,SRC-calculation_chapter_03_section_3_2_tables-037,DS-164,table,calc_pdf_p319,design,
TR-285,SRC-calculation_chapter_03_section_3_2_tables-037,DS-165,table,calc_pdf_p319,design,
TR-286,SRC-calculation_chapter_03_section_3_2_tables-038,DS-167,table,calc_pdf_p320,design,
TR-287,SRC-calculation_chapter_03_section_3_2_tables-038,DS-168,table,calc_pdf_p320,design,
TR-288,SRC-calculation_chapter_03_section_3_2_tables-038,DS-169,table,calc_pdf_p320,design,
TR-289,SRC-calculation_chapter_03_section_3_2_tables-039,DS-171,table,calc_pdf_p321,design,
TR-290,SRC-calculation_chapter_03_section_3_2_tables-039,DS-172,table,calc_pdf_p321,design,
TR-291,SRC-calculation_chapter_03_section_3_2_tables-039,DS-173,table,calc_pdf_p321,design,
TR-292,SRC-calculation_chapter_03_section_3_2_tables-041,DS-174,table,calc_pdf_p350,design,
TR-293,SRC-calculation_chapter_03_section_3_2_tables-041,DS-175,table,calc_pdf_p350,design,
TR-294,SRC-calculation_chapter_03_section_3_2_tables-042,DS-176,table,calc_pdf_p351,design,
TR-295,SRC-calculation_chapter_03_section_3_2_tables-042,DS-177,table,calc_pdf_p351,design,
TR-296,CH5-VAL-004,AD-021,value,calc_pdf_p2027,adopted_design,
TR-297,ADV-011,AD-022,domain_index,calc_pdf_p2031,adopted_design,
TR-298,CH5-VAL-016,AD-022,value,calc_pdf_p2031,adopted_design,
TR-299,CH5-VAL-017,AD-023,value,calc_pdf_p2031,adopted_design,
TR-300,CH5-VAL-020,AD-024,value,calc_pdf_p2031,adopted_design,
TR-301,ADV-013,AD-025,domain_index,calc_pdf_p2031,adopted_design,
TR-302,CH5-VAL-024,AD-025,value,calc_pdf_p2031,adopted_design,
TR-303,CH5-VAL-026,AD-026,value,calc_pdf_p2031,adopted_design,
TR-304,CH5-VAL-031,AD-027,value,calc_pdf_p2034,adopted_design,
TR-305,CH5-VAL-004,AD-028,value,calc_pdf_p2027,adopted_design,
TR-306,ADV-012,AD-029,domain_index,calc_pdf_p2031,adopted_design,
TR-307,CH5-VAL-018,AD-029,value,calc_pdf_p2031,adopted_design,
TR-308,CH5-VAL-019,AD-030,value,calc_pdf_p2031,adopted_design,
TR-309,ADV-014,AD-031,domain_index,calc_pdf_p2031,adopted_design,
TR-310,CH5-VAL-025,AD-031,value,calc_pdf_p2031,adopted_design,
TR-311,CH5-VAL-032,AD-032,value,calc_pdf_p2034,adopted_design,
TR-312,CH5-VAL-033,AD-033,value,calc_pdf_p2034,adopted_design,
TR-313,CH5-VAL-034,AD-034,value,calc_pdf_p2034,adopted_design,
TR-314,ADV-015,AD-035,domain_index,calc_pdf_p2192,adopted_design,
TR-315,CH5-VAL-048,AD-035,value,calc_pdf_p2192,adopted_design,
TR-316,CH5-VAL-050,AD-036,value,calc_pdf_p2192,adopted_design,
TR-317,CH1-VAL-005,AD-037,value,calc_pdf_p7,adopted_design,
TR-318,GEO-001,AD-037,domain_index,calc_pdf_p7,adopted_design,
TR-319,DWG-DIM-S001-001,AD-037,drawing_dimension,calc_pdf_p3,adopted_design,
TR-320,CH1-VAL-006,AD-038,value,calc_pdf_p7,adopted_design,
TR-321,GEO-008,AD-038,domain_index,calc_pdf_p3,adopted_design,
TR-322,SRC-calculation_chapter_03_section_3_2_values-020,AD-039,value,,adopted_design,
TR-323,GEO-008,AD-039,domain_index,calc_pdf_p3,adopted_design,
TR-324,CH1-VAL-007,AD-040,value,calc_pdf_p7,adopted_design,
TR-325,GEO-002,AD-040,domain_index,calc_pdf_p7,adopted_design,
TR-326,DWG-DIM-S001-003,AD-040,drawing_dimension,calc_pdf_p3,adopted_design,
TR-327,CH1-VAL-008,AD-041,value,calc_pdf_p7,adopted_design,
TR-328,GEO-003,AD-041,domain_index,calc_pdf_p7,adopted_design,
TR-329,DWG-DIM-S001-003,AD-041,drawing_dimension,calc_pdf_p3,adopted_design,
TR-330,CH1-VAL-009,AD-042,value,calc_pdf_p7,adopted_design,
TR-331,GEO-004,AD-042,domain_index,calc_pdf_p7,adopted_design,
TR-332,DWG-DIM-S001-003,AD-042,drawing_dimension,calc_pdf_p3,adopted_design,
TR-333,CH1-VAL-010,AD-043,value,calc_pdf_p7,adopted_design,
TR-334,GEO-005,AD-043,domain_index,calc_pdf_p7,adopted_design,
TR-335,DWG-DIM-S009-006,AD-043,drawing_dimension,calc_pdf_p11,adopted_design,
TR-336,CH1-VAL-011,AD-044,value,calc_pdf_p7,adopted_design,
TR-337,GEO-006,AD-044,domain_index,calc_pdf_p7,adopted_design,
TR-338,DWG-DIM-S001-004,AD-045,drawing_dimension,calc_pdf_p3,adopted_design,
TR-339,CH1-TBL-064,AD-045,table,calc_pdf_p11,adopted_design,
TR-340,DWG-DIM-S001-005,AD-046,drawing_dimension,calc_pdf_p3,adopted_design,
TR-341,SRC-calculation_chapter_03_section_3_2_values-009,AD-046,value,,adopted_design,
TR-342,CH1-VAL-022,AD-047,value,calc_pdf_p7,adopted_design,
TR-343,CH2-VAL-022,AD-047,value,calc_pdf_p19,adopted_design,
TR-344,DWG-DIM-S009-007,AD-047,drawing_dimension,calc_pdf_p11,adopted_design,
TR-345,CH1-VAL-021,AD-048,value,calc_pdf_p7,adopted_design,
TR-346,DWG-DIM-S009-008,AD-048,drawing_dimension,calc_pdf_p11,adopted_design,
TR-347,ADV-008,AD-049,domain_index,calc_pdf_p19,adopted_design,
TR-348,CH2-VAL-030,AD-049,value,calc_pdf_p19,adopted_design,
TR-349,ADV-009,AD-050,domain_index,calc_pdf_p20,adopted_design,
TR-350,CH2-VAL-034,AD-050,value,calc_pdf_p20,adopted_design,
TR-351,ADV-010,AD-051,domain_index,calc_pdf_p20,adopted_design,
TR-352,CH2-VAL-037,AD-051,value,calc_pdf_p20,adopted_design,
TR-353,ADV-016,AD-052,domain_index,calc_pdf_p19,adopted_design,
TR-354,CH2-VAL-028,AD-052,value,calc_pdf_p19,adopted_design,
TR-355,MATSEC-004,AD-008,domain_index,calc_pdf_p7,adopted_design,
TR-356,CH1-VAL-027,AD-008,value,calc_pdf_p7,adopted_design,
TR-357,CH2-VAL-009,AD-008,value,calc_pdf_p18,adopted_design,
TR-358,MATSEC-005,AD-009,domain_index,calc_pdf_p7,adopted_design,
TR-359,CH1-VAL-028,AD-009,value,calc_pdf_p7,adopted_design,
TR-360,MATSEC-003,AD-010,domain_index,calc_pdf_p7,adopted_design,
TR-361,CH1-VAL-026,AD-010,value,calc_pdf_p7,adopted_design,
TR-362,MATSEC-006,AD-011,domain_index,calc_pdf_p7,adopted_design,
TR-363,CH1-VAL-029,AD-011,value,calc_pdf_p7,adopted_design,
TR-364,SRC-calculation_chapter_03_section_3_2_values-006,AD-012,value,,adopted_design,
TR-365,ADV-007,AD-012,domain_index,calc_pdf_p297,adopted_design,
TR-366,MATSEC-013,AD-013,domain_index,calc_pdf_p18,adopted_design,
TR-367,CH1-VAL-033,AD-013,value,calc_pdf_p7,adopted_design,
TR-368,MATSEC-010,AD-014,domain_index,calc_pdf_p18,adopted_design,
TR-369,CH1-VAL-030,AD-014,value,calc_pdf_p7,adopted_design,
TR-370,CH2-VAL-020,AD-014,value,calc_pdf_p18,adopted_design,
TR-371,CH1-VAL-031,AD-015,value,calc_pdf_p7,adopted_design,
TR-372,MATSEC-001,AD-016,domain_index,calc_pdf_p149,adopted_design,
TR-373,CAL-VAL-P00149-001,AD-016,value,calc_pdf_p149,adopted_design,
TR-374,MATSEC-002,AD-017,domain_index,calc_pdf_p149,adopted_design,
TR-375,CAL-VAL-P00149-002,AD-017,value,calc_pdf_p149,adopted_design,
TR-376,MATSEC-007,AD-018,domain_index,calc_pdf_p1285,adopted_design,
TR-377,CAL-VAL-P01285-001,AD-018,value,calc_pdf_p1285,adopted_design,
TR-378,CH2-VAL-011,AD-018,value,calc_pdf_p18,adopted_design,
TR-379,MATSEC-008,AD-019,domain_index,calc_pdf_p1285,adopted_design,
TR-380,CAL-VAL-P01285-002,AD-019,value,calc_pdf_p1285,adopted_design,
TR-381,MATSEC-009,AD-020,domain_index,calc_pdf_p1285,adopted_design,
TR-382,CAL-VAL-P01285-003,AD-020,value,calc_pdf_p1285,adopted_design,
TR-383,ADV-001,AD-001,domain_index,calc_pdf_p297,adopted_design,
TR-384,SRC-calculation_chapter_03_section_3_2_values-029,AD-001,value,,adopted_design,
TR-385,ADV-002,AD-002,domain_index,calc_pdf_p297,adopted_design,
TR-386,SRC-calculation_chapter_03_section_3_2_values-030,AD-002,value,,adopted_design,
TR-387,ADV-003,AD-003,domain_index,calc_pdf_p297,adopted_design,
TR-388,SRC-calculation_chapter_03_section_3_2_values-031,AD-003,value,,adopted_design,
TR-389,ADV-004,AD-004,domain_index,calc_pdf_p297,adopted_design,
TR-390,SRC-calculation_chapter_03_section_3_2_values-036,AD-004,value,,adopted_design,
TR-391,ADV-005,AD-005,domain_index,calc_pdf_p297,adopted_design,
TR-392,SRC-calculation_chapter_03_section_3_2_values-037,AD-005,value,,adopted_design,
TR-393,ADV-006,AD-006,domain_index,calc_pdf_p297,adopted_design,
TR-394,SRC-calculation_chapter_03_section_3_2_values-048,AD-006,value,,adopted_design,
TR-395,ADV-007,AD-007,domain_index,calc_pdf_p297,adopted_design,
TR-396,SRC-calculation_chapter_03_section_3_2_values-049,AD-007,value,,adopted_design,
TR-397,FM-PE-001,RP-001,page_element,calc_pdf_p1,report,
TR-398,FM-PE-002,RP-001,page_element,calc_pdf_p1,report,
TR-399,FM-PE-008,RP-001,page_element,calc_pdf_p3,report,
TR-400,CH1-PE-001,RP-005,page_element,calc_pdf_p6,report,
TR-401,CH2-PE-001,RP-154,page_element,calc_pdf_p16,report,
TR-402,CAL-P00115-CAL-SEC-3.1-001,RP-295,page_element,calc_pdf_p115,report,
TR-403,CAL-P00871-CAL-SEC-ch4-001,RP-1041,page_element,calc_pdf_p871,report,
TR-404,CH5-PE-001,RP-1404,page_element,calc_pdf_p2026,report,
TR-405,CAL-FIG-P00118-001,RP-234,figure,calc_pdf_p118,report,
TR-406,CAL-FIG-P00121-001,RP-235,figure,calc_pdf_p121,report,
TR-407,CAL-FIG-P00121-002,RP-236,figure,calc_pdf_p121,report,
TR-408,CAL-FIG-P00122-001,RP-237,figure,calc_pdf_p122,report,
TR-409,CAL-FIG-P00123-001,RP-238,figure,calc_pdf_p123,report,
TR-410,CAL-FIG-P00126-001,RP-239,figure,calc_pdf_p126,report,
TR-411,CAL-FIG-P00129-001,RP-240,figure,calc_pdf_p129,report,
TR-412,CAL-FIG-P00130-001,RP-241,figure,calc_pdf_p130,report,
TR-413,CAL-FIG-P00131-001,RP-242,figure,calc_pdf_p131,report,
TR-414,CAL-FIG-P00133-001,RP-243,figure,calc_pdf_p133,report,
TR-415,CAL-FIG-P00137-001,RP-244,figure,calc_pdf_p137,report,
TR-416,CAL-FIG-P00138-001,RP-245,figure,calc_pdf_p138,report,
TR-417,CAL-FIG-P00142-001,RP-246,figure,calc_pdf_p142,report,
TR-418,SRC-calculation_chapter_03_section_3_2_figures-001,RP-509,figure,calc_pdf_p379,report,
TR-419,SRC-calculation_chapter_03_section_3_2_figures-002,RP-510,figure,calc_pdf_p380-381,report,
TR-420,SRC-calculation_chapter_03_section_3_2_figures-003,RP-511,figure,calc_pdf_p382,report,
TR-421,SRC-calculation_chapter_03_section_3_2_figures-004,RP-512,figure,calc_pdf_p383,report,
TR-422,SRC-calculation_chapter_03_section_3_2_figures-005,RP-513,figure,calc_pdf_p382,report,
TR-423,SRC-calculation_chapter_03_section_3_2_figures-006,RP-514,figure,calc_pdf_p382-514,report,
TR-424,SRC-calculation_chapter_03_section_3_2_figures-007,RP-515,figure,calc_pdf_p524,report,
TR-425,SRC-calculation_chapter_03_section_3_2_figures-008,RP-516,figure,calc_pdf_p579,report,
TR-426,SRC-calculation_chapter_03_section_3_2_figures-009,RP-517,figure,calc_pdf_p667,report,
TR-427,SRC-calculation_chapter_03_section_3_2_figures-010,RP-518,figure,calc_pdf_p667,report,
TR-428,CAL-FIG-P00678-001,RP-707,figure,calc_pdf_p678,report,
TR-429,CAL-FIG-P00687-001,RP-708,figure,calc_pdf_p687,report,
TR-430,CAL-FIG-P00704-001,RP-709,figure,calc_pdf_p704,report,
TR-431,CAL-FIG-P00735-001,RP-710,figure,calc_pdf_p735,report,
TR-432,CAL-FIG-P00766-001,RP-788,figure,calc_pdf_p766,report,
TR-433,CAL-FIG-P00777-001,RP-789,figure,calc_pdf_p777,report,
TR-434,CAL-FIG-P00790-001,RP-855,figure,calc_pdf_p790,report,
TR-435,CAL-FIG-P00818-001,RP-902,figure,calc_pdf_p818,report,
TR-436,CAL-FIG-P00843-001,RP-958,figure,calc_pdf_p843,report,
TR-437,CAL-FIG-P00844-001,RP-959,figure,calc_pdf_p844,report,
TR-438,CAL-FIG-P00874-001,RP-1015,figure,calc_pdf_p874,report,
TR-439,CAL-FIG-P00900-001,RP-1016,figure,calc_pdf_p900,report,
TR-440,CAL-FIG-P01776-001,RP-1135,figure,calc_pdf_p1776,report,
TR-441,CAL-FIG-P01776-002,RP-1136,figure,calc_pdf_p1776,report,
TR-442,CH5-FIG-001,RP-1333,figure,calc_pdf_p2032,report,
TR-443,CH5-FIG-002,RP-1334,figure,calc_pdf_p2033,report,
TR-444,CH5-FIG-003,RP-1335,figure,calc_pdf_p2034,report,
TR-445,CH5-FIG-004,RP-1336,figure,calc_pdf_p2038,report,
TR-446,CH5-FIG-005,RP-1337,figure,calc_pdf_p2045,report,
TR-447,CH5-FIG-006,RP-1338,figure,calc_pdf_p2190,report,
TR-448,CH5-FIG-007,RP-1339,figure,calc_pdf_p2190,report,
TR-449,CH5-FIG-008,RP-1340,figure,calc_pdf_p2192,report,
TR-450,CH5-FIG-009,RP-1341,figure,calc_pdf_p2192,report,
TR-451,CH5-FIG-010,RP-1342,figure,calc_pdf_p2199,report,
TR-452,CH5-FIG-011,RP-1343,figure,calc_pdf_p2208,report,
TR-453,CH5-FIG-012,RP-1344,figure,calc_pdf_p2209,report,
TR-454,CH5-FIG-013,RP-1345,figure,calc_pdf_p2214,report,
TR-455,CH5-FIG-014,RP-1346,figure,calc_pdf_p2216,report,
TR-456,CH5-FIG-015,RP-1347,figure,calc_pdf_p2223,report,
TR-457,CH5-FIG-016,RP-1348,figure,calc_pdf_p2224,report,
TR-458,FM-FIG-001,RP-1641,figure,calc_pdf_p1,report,
TR-459,FM-FIG-002,RP-1642,figure,calc_pdf_p3,report,
TR-460,CH2-FML-001,RP-133,formula,calc_pdf_p19,report,
TR-461,CH2-FML-002,RP-134,formula,calc_pdf_p20,report,
TR-462,CH2-FML-003,RP-135,formula,calc_pdf_p20,report,
TR-463,CH2-FML-004,RP-136,formula,calc_pdf_p21,report,
TR-464,CH2-FML-005,RP-137,formula,calc_pdf_p22,report,
TR-465,CH2-FML-006,RP-138,formula,calc_pdf_p22,report,
TR-466,CH2-FML-007,RP-139,formula,calc_pdf_p22,report,
TR-467,CH2-FML-008,RP-140,formula,calc_pdf_p22,report,
TR-468,CH2-FML-009,RP-141,formula,calc_pdf_p23,report,
TR-469,CH2-FML-010,RP-142,formula,calc_pdf_p30,report,
TR-470,CH2-FML-011,RP-143,formula,calc_pdf_p31,report,
TR-471,CAL-FML-P00121-001,RP-247,formula,calc_pdf_p121,report,
TR-472,CAL-FML-P00121-002,RP-248,formula,calc_pdf_p121,report,
TR-473,CAL-FML-P00121-003,RP-249,formula,calc_pdf_p121,report,
TR-474,CAL-FML-P00122-001,RP-250,formula,calc_pdf_p122,report,
TR-475,CAL-FML-P00122-002,RP-251,formula,calc_pdf_p122,report,
TR-476,CAL-FML-P00122-003,RP-252,formula,calc_pdf_p122,report,
TR-477,CAL-FML-P00122-004,RP-253,formula,calc_pdf_p122,report,
TR-478,CAL-FML-P00124-001,RP-254,formula,calc_pdf_p124,report,
TR-479,CAL-FML-P00124-002,RP-255,formula,calc_pdf_p124,report,
TR-480,CAL-FML-P00124-003,RP-256,formula,calc_pdf_p124,report,
TR-481,CAL-FML-P00124-004,RP-257,formula,calc_pdf_p124,report,
TR-482,CAL-FML-P00124-005,RP-258,formula,calc_pdf_p124,report,
TR-483,CAL-FML-P00124-006,RP-259,formula,calc_pdf_p124,report,
TR-484,CAL-FML-P00124-007,RP-260,formula,calc_pdf_p124,report,
TR-485,CAL-FML-P00135-001,RP-261,formula,calc_pdf_p135,report,
TR-486,CAL-FML-P00135-002,RP-262,formula,calc_pdf_p135,report,
TR-487,CAL-FML-P00135-003,RP-263,formula,calc_pdf_p135,report,
TR-488,CAL-FML-P00135-004,RP-264,formula,calc_pdf_p135,report,
TR-489,CAL-FML-P00135-005,RP-265,formula,calc_pdf_p135,report,
TR-490,SRC-calculation_chapter_03_section_3_2_formulas-001,RP-519,formula,,report,
TR-491,SRC-calculation_chapter_03_section_3_2_formulas-002,RP-520,formula,,report,
TR-492,SRC-calculation_chapter_03_section_3_2_formulas-003,RP-521,formula,,report,
TR-493,SRC-calculation_chapter_03_section_3_2_formulas-004,RP-522,formula,,report,
TR-494,SRC-calculation_chapter_03_section_3_2_formulas-005,RP-523,formula,,report,
TR-495,SRC-calculation_chapter_03_section_3_2_formulas-006,RP-524,formula,,report,
TR-496,SRC-calculation_chapter_03_section_3_2_formulas-007,RP-525,formula,,report,
TR-497,SRC-calculation_chapter_03_section_3_2_formulas-008,RP-526,formula,,report,
TR-498,SRC-calculation_chapter_03_section_3_2_formulas-009,RP-527,formula,,report,
TR-499,SRC-calculation_chapter_03_section_3_2_formulas-010,RP-528,formula,,report,
TR-500,SRC-calculation_chapter_03_section_3_2_formulas-011,RP-529,formula,,report,
TR-501,SRC-calculation_chapter_03_section_3_2_formulas-012,RP-530,formula,,report,
TR-502,SRC-calculation_chapter_03_section_3_2_formulas-013,RP-531,formula,,report,
TR-503,SRC-calculation_chapter_03_section_3_2_formulas-014,RP-532,formula,,report,
TR-504,SRC-calculation_chapter_03_section_3_2_formulas-015,RP-533,formula,,report,
TR-505,SRC-calculation_chapter_03_section_3_2_formulas-016,RP-534,formula,,report,
TR-506,SRC-calculation_chapter_03_section_3_2_formulas-017,RP-535,formula,,report,
TR-507,SRC-calculation_chapter_03_section_3_2_formulas-018,RP-536,formula,,report,
TR-508,SRC-calculation_chapter_03_section_3_2_formulas-019,RP-537,formula,,report,
TR-509,SRC-calculation_chapter_03_section_3_2_formulas-020,RP-538,formula,,report,
TR-510,SRC-calculation_chapter_03_section_3_2_formulas-021,RP-539,formula,,report,
TR-511,SRC-calculation_chapter_03_section_3_2_formulas-022,RP-540,formula,,report,
TR-512,SRC-calculation_chapter_03_section_3_2_formulas-023,RP-541,formula,,report,
TR-513,SRC-calculation_chapter_03_section_3_2_formulas-024,RP-542,formula,,report,
TR-514,SRC-calculation_chapter_03_section_3_2_formulas-025,RP-543,formula,,report,
TR-515,SRC-calculation_chapter_03_section_3_2_formulas-026,RP-544,formula,,report,
TR-516,CAL-FML-P00677-001,RP-711,formula,calc_pdf_p677,report,
TR-517,CAL-FML-P00685-001,RP-712,formula,calc_pdf_p685,report,
TR-518,CAL-FML-P00685-002,RP-713,formula,calc_pdf_p685,report,
TR-519,CAL-FML-P00686-001,RP-714,formula,calc_pdf_p686,report,
TR-520,CAL-FML-P00689-001,RP-715,formula,calc_pdf_p689,report,
TR-521,CAL-FML-P00689-002,RP-716,formula,calc_pdf_p689,report,
TR-522,CAL-FML-P00767-001,RP-790,formula,calc_pdf_p767,report,
TR-523,CAL-FML-P00767-002,RP-791,formula,calc_pdf_p767,report,
TR-524,CAL-FML-P00769-001,RP-792,formula,calc_pdf_p769,report,
TR-525,CAL-FML-P00770-001,RP-793,formula,calc_pdf_p770,report,
TR-526,CAL-FML-P00770-002,RP-794,formula,calc_pdf_p770,report,
TR-527,CAL-FML-P00772-001,RP-795,formula,calc_pdf_p772,report,
TR-528,CAL-FML-P00774-001,RP-796,formula,calc_pdf_p774,report,
TR-529,CAL-FML-P00791-001,RP-856,formula,calc_pdf_p791,report,
TR-530,CAL-FML-P00791-002,RP-857,formula,calc_pdf_p791,report,
TR-531,CAL-FML-P00791-003,RP-858,formula,calc_pdf_p791,report,
TR-532,CAL-FML-P00791-004,RP-859,formula,calc_pdf_p791,report,
TR-533,CAL-FML-P00791-005,RP-860,formula,calc_pdf_p791,report,
TR-534,CAL-FML-P00791-006,RP-861,formula,calc_pdf_p791,report,
TR-535,CAL-FML-P00791-007,RP-862,formula,calc_pdf_p791,report,
TR-536,CAL-FML-P00819-001,RP-903,formula,calc_pdf_p819,report,
TR-537,CAL-FML-P00819-002,RP-904,formula,calc_pdf_p819,report,
TR-538,CAL-FML-P00819-003,RP-905,formula,calc_pdf_p819,report,
TR-539,CAL-FML-P00820-001,RP-906,formula,calc_pdf_p820,report,
TR-540,CAL-FML-P00820-002,RP-907,formula,calc_pdf_p820,report,
TR-541,CAL-FML-P00820-003,RP-908,formula,calc_pdf_p820,report,
TR-542,CAL-FML-P00821-001,RP-909,formula,calc_pdf_p821,report,
TR-543,CAL-FML-P00821-002,RP-910,formula,calc_pdf_p821,report,
TR-544,CAL-FML-P00821-003,RP-911,formula,calc_pdf_p821,report,
TR-545,CAL-FML-P00845-001,RP-960,formula,calc_pdf_p845,report,
TR-546,CAL-FML-P00846-001,RP-961,formula,calc_pdf_p846,report,
TR-547,CAL-FML-P00850-001,RP-962,formula,calc_pdf_p850,report,
TR-548,CAL-FML-P00850-002,RP-963,formula,calc_pdf_p850,report,
TR-549,CAL-FML-P00852-001,RP-964,formula,calc_pdf_p852,report,
TR-550,CAL-FML-P00852-002,RP-965,formula,calc_pdf_p852,report,
TR-551,CAL-FML-P00873-001,RP-1017,formula,calc_pdf_p873,report,
TR-552,CAL-FML-P00873-002,RP-1018,formula,calc_pdf_p873,report,
TR-553,CAL-FML-P00873-003,RP-1019,formula,calc_pdf_p873,report,
TR-554,CAL-FML-P00873-004,RP-1020,formula,calc_pdf_p873,report,
TR-555,CAL-FML-P00873-005,RP-1021,formula,calc_pdf_p873,report,
TR-556,CAL-FML-P00873-006,RP-1022,formula,calc_pdf_p873,report,
TR-557,CAL-FML-P00893-001,RP-1023,formula,calc_pdf_p893,report,
TR-558,CAL-FML-P01284-001,RP-1137,formula,calc_pdf_p1284,report,
TR-559,CAL-FML-P01284-002,RP-1138,formula,calc_pdf_p1284,report,
TR-560,CAL-FML-P01321-001,RP-1139,formula,calc_pdf_p1321,report,
TR-561,CAL-FML-P01321-002,RP-1140,formula,calc_pdf_p1321,report,
TR-562,CAL-FML-P01321-003,RP-1141,formula,calc_pdf_p1321,report,
TR-563,CAL-FML-P01321-004,RP-1142,formula,calc_pdf_p1321,report,
TR-564,CAL-FML-P01321-005,RP-1143,formula,calc_pdf_p1321,report,
TR-565,CAL-FML-P01321-006,RP-1144,formula,calc_pdf_p1321,report,
TR-566,CAL-FML-P01321-007,RP-1145,formula,calc_pdf_p1321,report,
TR-567,CAL-FML-P01321-008,RP-1146,formula,calc_pdf_p1321,report,
TR-568,CAL-FML-P01321-009,RP-1147,formula,calc_pdf_p1321,report,
TR-569,CAL-FML-P01321-010,RP-1148,formula,calc_pdf_p1321,report,
TR-570,CAL-FML-P01321-011,RP-1149,formula,calc_pdf_p1321,report,
TR-571,CAL-FML-P01319-001,RP-1150,formula,calc_pdf_p1319,report,
TR-572,CAL-FML-P01319-002,RP-1151,formula,calc_pdf_p1319,report,
TR-573,CAL-FML-P01319-003,RP-1152,formula,calc_pdf_p1319,report,
TR-574,CAL-FML-P01319-004,RP-1153,formula,calc_pdf_p1319,report,
TR-575,CAL-FML-P01319-005,RP-1154,formula,calc_pdf_p1319,report,
TR-576,CH5-FORM-001,RP-1349,formula,calc_pdf_p2032,report,
TR-577,CH5-FORM-002,RP-1350,formula,calc_pdf_p2032,report,
TR-578,CH5-FORM-003,RP-1351,formula,calc_pdf_p2032,report,
TR-579,CH5-FORM-004,RP-1352,formula,calc_pdf_p2032,report,
TR-580,CH5-FORM-005,RP-1353,formula,calc_pdf_p2032,report,
TR-581,CH5-FORM-006,RP-1354,formula,calc_pdf_p2032,report,
TR-582,CH5-FORM-007,RP-1355,formula,calc_pdf_p2032,report,
TR-583,CH5-FORM-008,RP-1356,formula,calc_pdf_p2033,report,
TR-584,CH5-FORM-009,RP-1357,formula,calc_pdf_p2035,report,
TR-585,CH5-FORM-010,RP-1358,formula,calc_pdf_p2037,report,
TR-586,CH5-FORM-011,RP-1359,formula,calc_pdf_p2040,report,
TR-587,CH5-FORM-012,RP-1360,formula,calc_pdf_p2040,report,
TR-588,CH5-FORM-013,RP-1361,formula,calc_pdf_p2041,report,
TR-589,CH5-FORM-014,RP-1362,formula,calc_pdf_p2042,report,
TR-590,CH5-FORM-015,RP-1363,formula,calc_pdf_p2042,report,
TR-591,CH5-FORM-016,RP-1364,formula,calc_pdf_p2042,report,
TR-592,CH5-FORM-017,RP-1365,formula,calc_pdf_p2138,report,
TR-593,CH5-FORM-018,RP-1366,formula,calc_pdf_p2138,report,
TR-594,CH5-FORM-019,RP-1367,formula,calc_pdf_p2138,report,
TR-595,CH5-FORM-020,RP-1368,formula,calc_pdf_p2138,report,
TR-596,CH5-FORM-021,RP-1369,formula,calc_pdf_p2199,report,
TR-597,CH5-FORM-022,RP-1370,formula,calc_pdf_p2199,report,
TR-598,CH5-FORM-023,RP-1371,formula,calc_pdf_p2199,report,
TR-599,CH5-FORM-024,RP-1372,formula,calc_pdf_p2200,report,
TR-600,CH5-FORM-025,RP-1373,formula,calc_pdf_p2207,report,
TR-601,CH5-FORM-026,RP-1374,formula,calc_pdf_p2207,report,
TR-602,CH5-FORM-027,RP-1375,formula,calc_pdf_p2222,report,
TR-603,CH5-FORM-028,RP-1376,formula,calc_pdf_p2222,report,
TR-604,CH5-FORM-029,RP-1377,formula,calc_pdf_p2222,report,
TR-605,CH5-FORM-030,RP-1378,formula,calc_pdf_p2224,report,
TR-606,CH5-FORM-031,RP-1379,formula,calc_pdf_p2224,report,
TR-607,CH5-FORM-032,RP-1380,formula,calc_pdf_p2225,report,
TR-608,CH1-PE-001,RP-004,page_element,calc_pdf_p6,report,
TR-609,CH1-PE-002,RP-006,page_element,calc_pdf_p7,report,
TR-610,CH1-PE-003,RP-008,page_element,calc_pdf_p7,report,
TR-611,CH1-PE-004,RP-009,page_element,calc_pdf_p7,report,
TR-612,CH1-PE-005,RP-010,page_element,calc_pdf_p7,report,
TR-613,CH1-PE-006,RP-011,page_element,calc_pdf_p7,report,
TR-614,CH1-PE-007,RP-012,page_element,calc_pdf_p7,report,
TR-615,CH1-PE-008,RP-013,page_element,calc_pdf_p7,report,
TR-616,CH1-PE-009,RP-014,page_element,calc_pdf_p7,report,
TR-617,CH1-PE-010,RP-015,page_element,calc_pdf_p7,report,
TR-618,CH1-PE-011,RP-016,page_element,calc_pdf_p7,report,
TR-619,CH1-PE-012,RP-017,page_element,calc_pdf_p7,report,
TR-620,CH1-PE-013,RP-018,page_element,calc_pdf_p7,report,
TR-621,CH1-PE-014,RP-019,page_element,calc_pdf_p7,report,
TR-622,CH1-PE-015,RP-020,page_element,calc_pdf_p7,report,
TR-623,CH1-PE-016,RP-021,page_element,calc_pdf_p7,report,
TR-624,CH1-PE-017,RP-022,page_element,calc_pdf_p7,report,
TR-625,CH1-PE-018,RP-023,page_element,calc_pdf_p7,report,
TR-626,CH1-PE-019,RP-024,page_element,calc_pdf_p7,report,
TR-627,CH1-PE-020,RP-025,page_element,calc_pdf_p7,report,
TR-628,CH1-PE-021,RP-026,page_element,calc_pdf_p7,report,
TR-629,CH1-PE-022,RP-027,page_element,calc_pdf_p7,report,
TR-630,CH1-PE-023,RP-028,page_element,calc_pdf_p7,report,
TR-631,CH1-PE-024,RP-029,page_element,calc_pdf_p7,report,
TR-632,CH1-PE-025,RP-030,page_element,calc_pdf_p7,report,
TR-633,CH1-PE-026,RP-031,page_element,calc_pdf_p7,report,
TR-634,CH1-PE-027,RP-032,page_element,calc_pdf_p7,report,
TR-635,CH1-PE-028,RP-033,page_element,calc_pdf_p7,report,
TR-636,CH1-PE-029,RP-034,page_element,calc_pdf_p7,report,
TR-637,CH1-PE-030,RP-035,page_element,calc_pdf_p7,report,
TR-638,CH1-PE-031,RP-036,page_element,calc_pdf_p7,report,
TR-639,CH1-PE-032,RP-037,page_element,calc_pdf_p8,report,
TR-640,CH1-PE-033,RP-039,page_element,calc_pdf_p8,report,
TR-641,CH1-PE-034,RP-040,page_element,calc_pdf_p9,report,
TR-642,CH1-PE-035,RP-041,page_element,calc_pdf_p9,report,
TR-643,CH1-PE-036,RP-042,page_element,calc_pdf_p10,report,
TR-644,CH1-PE-037,RP-044,page_element,calc_pdf_p10,report,
TR-645,CH1-PE-038,RP-046,page_element,calc_pdf_p10,report,
TR-646,CH1-PE-039,RP-048,page_element,calc_pdf_p11,report,
TR-647,CH2-PE-001,RP-153,page_element,calc_pdf_p16,report,
TR-648,CH2-PE-002,RP-155,page_element,calc_pdf_p16,report,
TR-649,CH2-PE-003,RP-156,page_element,calc_pdf_p17,report,
TR-650,CH2-PE-004,RP-158,page_element,calc_pdf_p17,report,
TR-651,CH2-PE-005,RP-159,page_element,calc_pdf_p18,report,
TR-652,CH2-PE-006,RP-161,page_element,calc_pdf_p18,report,
TR-653,CH2-PE-007,RP-163,page_element,calc_pdf_p18,report,
TR-654,CH2-PE-008,RP-165,page_element,calc_pdf_p18,report,
TR-655,CH2-PE-009,RP-167,page_element,calc_pdf_p19,report,
TR-656,CH2-PE-010,RP-169,page_element,calc_pdf_p19,report,
TR-657,CH2-PE-011,RP-171,page_element,calc_pdf_p19,report,
TR-658,CH2-PE-012,RP-173,page_element,calc_pdf_p19,report,
TR-659,CH2-PE-013,RP-175,page_element,calc_pdf_p20,report,
TR-660,CH2-PE-014,RP-177,page_element,calc_pdf_p20,report,
TR-661,CH2-PE-015,RP-179,page_element,calc_pdf_p20,report,
TR-662,CH2-PE-016,RP-181,page_element,calc_pdf_p21,report,
TR-663,CH2-PE-017,RP-183,page_element,calc_pdf_p21,report,
TR-664,CH2-PE-018,RP-185,page_element,calc_pdf_p22,report,
TR-665,CH2-PE-019,RP-187,page_element,calc_pdf_p27,report,
TR-666,CH2-PE-020,RP-189,page_element,calc_pdf_p29,report,
TR-667,CH2-PE-021,RP-191,page_element,calc_pdf_p30,report,
TR-668,CH2-PE-022,RP-193,page_element,calc_pdf_p38,report,
TR-669,CH2-PE-023,RP-195,page_element,calc_pdf_p41,report,
TR-670,CH2-PE-024,RP-197,page_element,calc_pdf_p70,report,
TR-671,CH2-PE-025,RP-199,page_element,calc_pdf_p114,report,
TR-672,CAL-P00115-CAL-SEC-3.1-001,RP-294,page_element,calc_pdf_p115,report,
TR-673,CAL-P00116-CAL-SEC-3.1-001,RP-297,page_element,calc_pdf_p116,report,
TR-674,CAL-P00117-CAL-SEC-3.1.1-001,RP-299,page_element,calc_pdf_p117,report,
TR-675,CAL-P00117-CAL-SEC-3.1.1-002,RP-301,page_element,calc_pdf_p117,report,
TR-676,CAL-P00117-CAL-SEC-3.1.1-003,RP-302,page_element,calc_pdf_p117,report,
TR-677,CAL-P00118-CAL-SEC-3.1.2-001,RP-303,page_element,calc_pdf_p118,report,
TR-678,CAL-P00118-CAL-SEC-3.1.2-002,RP-305,page_element,calc_pdf_p118,report,
TR-679,CAL-P00119-CAL-SEC-3.1.2-001,RP-306,page_element,calc_pdf_p119,report,
TR-680,CAL-P00119-CAL-SEC-3.1.2-002,RP-308,page_element,calc_pdf_p119,report,
TR-681,CAL-P00121-CAL-SEC-3.1.2-001,RP-309,page_element,calc_pdf_p121,report,
TR-682,CAL-P00121-CAL-SEC-3.1.2-002,RP-311,page_element,calc_pdf_p121,report,
TR-683,CAL-P00122-CAL-SEC-3.1.2-001,RP-313,page_element,calc_pdf_p122,report,
TR-684,CAL-P00122-CAL-SEC-3.1.2-002,RP-315,page_element,calc_pdf_p122,report,
TR-685,CAL-P00123-CAL-SEC-3.1.2-001,RP-317,page_element,calc_pdf_p123,report,
TR-686,CAL-P00123-CAL-SEC-3.1.2-002,RP-319,page_element,calc_pdf_p123,report,
TR-687,CAL-P00124-CAL-SEC-3.1.2-001,RP-320,page_element,calc_pdf_p124,report,
TR-688,CAL-P00125-CAL-SEC-3.1.2-001,RP-322,page_element,calc_pdf_p125,report,
TR-689,CAL-P00125-CAL-SEC-3.1.2-002,RP-324,page_element,calc_pdf_p125,report,
TR-690,CAL-P00126-CAL-SEC-3.1.2-001,RP-325,page_element,calc_pdf_p126,report,
TR-691,CAL-P00126-CAL-SEC-3.1.2-002,RP-327,page_element,calc_pdf_p126,report,
TR-692,CAL-P00127-CAL-SEC-3.1.2-001,RP-328,page_element,calc_pdf_p127,report,
TR-693,CAL-P00128-CAL-SEC-3.1.2-001,RP-330,page_element,calc_pdf_p128,report,
TR-694,CAL-P00128-CAL-SEC-3.1.2-002,RP-332,page_element,calc_pdf_p128,report,
TR-695,CAL-P00129-CAL-SEC-3.1.2-001,RP-333,page_element,calc_pdf_p129,report,
TR-696,CAL-P00130-CAL-SEC-3.1.2-001,RP-335,page_element,calc_pdf_p130,report,
TR-697,CAL-P00131-CAL-SEC-3.1.2-001,RP-337,page_element,calc_pdf_p131,report,
TR-698,CAL-P00131-CAL-SEC-3.1.2-002,RP-339,page_element,calc_pdf_p131,report,
TR-699,CAL-P00132-CAL-SEC-3.1.2-001,RP-340,page_element,calc_pdf_p132,report,
TR-700,CAL-P00132-CAL-SEC-3.1.2-002,RP-342,page_element,calc_pdf_p132,report,
TR-701,CAL-P00133-CAL-SEC-3.1.2-001,RP-344,page_element,calc_pdf_p133,report,
TR-702,CAL-P00133-CAL-SEC-3.1.2-002,RP-346,page_element,calc_pdf_p133,report,
TR-703,CAL-P00134-CAL-SEC-3.1.2-001,RP-347,page_element,calc_pdf_p134,report,
TR-704,CAL-P00135-CAL-SEC-3.1.2-001,RP-348,page_element,calc_pdf_p135,report,
TR-705,CAL-P00135-CAL-SEC-3.1.2-002,RP-349,page_element,calc_pdf_p135,report,
TR-706,CAL-P00135-CAL-SEC-3.1.2-003,RP-351,page_element,calc_pdf_p135,report,
TR-707,CAL-P00135-CAL-SEC-3.1.2-004,RP-353,page_element,calc_pdf_p135,report,
TR-708,CAL-P00136-CAL-SEC-3.1.2-001,RP-354,page_element,calc_pdf_p136,report,
TR-709,CAL-P00137-CAL-SEC-3.1.2-001,RP-356,page_element,calc_pdf_p137,report,
TR-710,CAL-P00138-CAL-SEC-3.1.2-001,RP-358,page_element,calc_pdf_p138,report,
TR-711,CAL-P00138-CAL-SEC-3.1.2-002,RP-359,page_element,calc_pdf_p138,report,
TR-712,CAL-P00139-CAL-SEC-3.1.2-001,RP-360,page_element,calc_pdf_p139,report,
TR-713,CAL-P00139-CAL-SEC-3.1.2-002,RP-362,page_element,calc_pdf_p139,report,
TR-714,CAL-P00140-CAL-SEC-3.1.2-001,RP-363,page_element,calc_pdf_p140,report,
TR-715,CAL-P00140-CAL-SEC-3.1.2-002,RP-364,page_element,calc_pdf_p140,report,
TR-716,CAL-P00141-CAL-SEC-3.1.3-001,RP-365,page_element,calc_pdf_p141,report,
TR-717,CAL-P00141-CAL-SEC-3.1.3-002,RP-367,page_element,calc_pdf_p141,report,
TR-718,CAL-P00141-CAL-SEC-3.1.3-003,RP-368,page_element,calc_pdf_p141,report,
TR-719,CAL-P00142-CAL-SEC-3.1.4-001,RP-369,page_element,calc_pdf_p142,report,
TR-720,CAL-P00142-CAL-SEC-3.1.4-002,RP-371,page_element,calc_pdf_p142,report,
TR-721,CAL-P00143-CAL-SEC-3.1.5-001,RP-372,page_element,calc_pdf_p143,report,
TR-722,CAL-P00143-CAL-SEC-3.1.5-002,RP-374,page_element,calc_pdf_p143,report,
TR-723,CAL-P00144-CAL-SEC-3.1.5-001,RP-375,page_element,calc_pdf_p144,report,
TR-724,CAL-P00145-CAL-SEC-3.1.6-001,RP-376,page_element,calc_pdf_p145,report,
TR-725,CAL-P00145-CAL-SEC-3.1.6-002,RP-378,page_element,calc_pdf_p145,report,
TR-726,CAL-P00146-CAL-SEC-3.1.6-001,RP-379,page_element,calc_pdf_p146,report,
TR-727,CAL-P00147-CAL-SEC-3.1.6-001,RP-380,page_element,calc_pdf_p147,report,
TR-728,CAL-P00148-CAL-SEC-3.1.6-001,RP-381,page_element,calc_pdf_p148,report,
TR-729,CAL-P00149-CAL-SEC-3.1.6-001,RP-382,page_element,calc_pdf_p149,report,
TR-730,CAL-P00150-CAL-SEC-3.1.6-001,RP-383,page_element,calc_pdf_p150,report,
TR-731,CAL-P00151-CAL-SEC-3.1.6-001,RP-384,page_element,calc_pdf_p151,report,
TR-732,CAL-P00178-CAL-SEC-3.1.6-001,RP-385,page_element,calc_pdf_p178,report,
TR-733,CAL-P00179-CAL-SEC-3.1.6-001,RP-386,page_element,calc_pdf_p179,report,
TR-734,CAL-P00180-CAL-SEC-3.1.7-001,RP-387,page_element,calc_pdf_p180,report,
TR-735,CAL-P00180-CAL-SEC-3.1.7-002,RP-389,page_element,calc_pdf_p180,report,
TR-736,CAL-P00182-CAL-SEC-3.1.7-001,RP-390,page_element,calc_pdf_p182,report,
TR-737,CAL-P00221-CAL-SEC-3.1.7-001,RP-391,page_element,calc_pdf_p221,report,
TR-738,CAL-P00222-CAL-SEC-3.1.8-001,RP-392,page_element,calc_pdf_p222,report,
TR-739,CAL-P00222-CAL-SEC-3.1.8-002,RP-394,page_element,calc_pdf_p222,report,
TR-740,CAL-P00223-CAL-SEC-3.1.8-001,RP-395,page_element,calc_pdf_p223,report,
TR-741,CAL-P00276-CAL-SEC-3.1.8-001,RP-396,page_element,calc_pdf_p276,report,
TR-742,CAL-P00277-CAL-SEC-3.1.9-001,RP-397,page_element,calc_pdf_p277,report,
TR-743,CAL-P00290-CAL-SEC-3.1.9-001,RP-399,page_element,calc_pdf_p290,report,
TR-744,SRC-calculation_chapter_03_section_3_2_page_elements-001,RP-581,page_element,calc_pdf_p291,report,
TR-745,SRC-calculation_chapter_03_section_3_2_page_elements-002,RP-582,page_element,calc_pdf_p292,report,
TR-746,SRC-calculation_chapter_03_section_3_2_page_elements-003,RP-583,page_element,calc_pdf_p293,report,
TR-747,SRC-calculation_chapter_03_section_3_2_page_elements-004,RP-584,page_element,calc_pdf_p294,report,
TR-748,SRC-calculation_chapter_03_section_3_2_page_elements-005,RP-585,page_element,calc_pdf_p295,report,
TR-749,SRC-calculation_chapter_03_section_3_2_page_elements-006,RP-586,page_element,calc_pdf_p296,report,
TR-750,SRC-calculation_chapter_03_section_3_2_page_elements-007,RP-587,page_element,calc_pdf_p297,report,
TR-751,SRC-calculation_chapter_03_section_3_2_page_elements-008,RP-588,page_element,calc_pdf_p298,report,
TR-752,SRC-calculation_chapter_03_section_3_2_page_elements-009,RP-589,page_element,calc_pdf_p299,report,
TR-753,SRC-calculation_chapter_03_section_3_2_page_elements-010,RP-590,page_element,calc_pdf_p300,report,
TR-754,SRC-calculation_chapter_03_section_3_2_page_elements-011,RP-591,page_element,calc_pdf_p301,report,
TR-755,SRC-calculation_chapter_03_section_3_2_page_elements-012,RP-592,page_element,calc_pdf_p302,report,
TR-756,SRC-calculation_chapter_03_section_3_2_page_elements-013,RP-593,page_element,calc_pdf_p303,report,
TR-757,SRC-calculation_chapter_03_section_3_2_page_elements-014,RP-594,page_element,calc_pdf_p304,report,
TR-758,SRC-calculation_chapter_03_section_3_2_page_elements-015,RP-595,page_element,calc_pdf_p305,report,
TR-759,SRC-calculation_chapter_03_section_3_2_page_elements-016,RP-596,page_element,calc_pdf_p306,report,
TR-760,SRC-calculation_chapter_03_section_3_2_page_elements-017,RP-597,page_element,calc_pdf_p307,report,
TR-761,SRC-calculation_chapter_03_section_3_2_page_elements-018,RP-598,page_element,calc_pdf_p308,report,
TR-762,SRC-calculation_chapter_03_section_3_2_page_elements-019,RP-599,page_element,calc_pdf_p309,report,
TR-763,SRC-calculation_chapter_03_section_3_2_page_elements-020,RP-600,page_element,calc_pdf_p310,report,
TR-764,SRC-calculation_chapter_03_section_3_2_page_elements-021,RP-601,page_element,calc_pdf_p311,report,
TR-765,SRC-calculation_chapter_03_section_3_2_page_elements-022,RP-602,page_element,calc_pdf_p312,report,
TR-766,SRC-calculation_chapter_03_section_3_2_page_elements-023,RP-603,page_element,calc_pdf_p313,report,
TR-767,SRC-calculation_chapter_03_section_3_2_page_elements-024,RP-604,page_element,calc_pdf_p314,report,
TR-768,SRC-calculation_chapter_03_section_3_2_page_elements-025,RP-605,page_element,calc_pdf_p315,report,
TR-769,SRC-calculation_chapter_03_section_3_2_page_elements-026,RP-606,page_element,calc_pdf_p316,report,
TR-770,SRC-calculation_chapter_03_section_3_2_page_elements-027,RP-607,page_element,calc_pdf_p317,report,
TR-771,SRC-calculation_chapter_03_section_3_2_page_elements-028,RP-608,page_element,calc_pdf_p318,report,
TR-772,SRC-calculation_chapter_03_section_3_2_page_elements-029,RP-609,page_element,calc_pdf_p319,report,
TR-773,SRC-calculation_chapter_03_section_3_2_page_elements-030,RP-610,page_element,calc_pdf_p320,report,
TR-774,SRC-calculation_chapter_03_section_3_2_page_elements-031,RP-611,page_element,calc_pdf_p321,report,
TR-775,SRC-calculation_chapter_03_section_3_2_page_elements-032,RP-612,page_element,calc_pdf_p322,report,
TR-776,SRC-calculation_chapter_03_section_3_2_page_elements-033,RP-613,page_element,calc_pdf_p323,report,
TR-777,SRC-calculation_chapter_03_section_3_2_page_elements-034,RP-614,page_element,calc_pdf_p324,report,
TR-778,SRC-calculation_chapter_03_section_3_2_page_elements-035,RP-615,page_element,calc_pdf_p325,report,
TR-779,SRC-calculation_chapter_03_section_3_2_page_elements-036,RP-616,page_element,calc_pdf_p326,report,
TR-780,SRC-calculation_chapter_03_section_3_2_page_elements-037,RP-617,page_element,calc_pdf_p327,report,
TR-781,SRC-calculation_chapter_03_section_3_2_page_elements-038,RP-618,page_element,calc_pdf_p328,report,
TR-782,SRC-calculation_chapter_03_section_3_2_page_elements-039,RP-619,page_element,calc_pdf_p329,report,
TR-783,SRC-calculation_chapter_03_section_3_2_page_elements-040,RP-620,page_element,calc_pdf_p330-348,report,
TR-784,SRC-calculation_chapter_03_section_3_2_page_elements-041,RP-621,page_element,calc_pdf_p349,report,
TR-785,SRC-calculation_chapter_03_section_3_2_page_elements-042,RP-622,page_element,calc_pdf_p350,report,
TR-786,SRC-calculation_chapter_03_section_3_2_page_elements-043,RP-623,page_element,calc_pdf_p351-376,report,
TR-787,SRC-calculation_chapter_03_section_3_2_page_elements-044,RP-624,page_element,calc_pdf_p377,report,
TR-788,SRC-calculation_chapter_03_section_3_2_page_elements-045,RP-625,page_element,calc_pdf_p378,report,
TR-789,SRC-calculation_chapter_03_section_3_2_page_elements-046,RP-626,page_element,calc_pdf_p379,report,
TR-790,SRC-calculation_chapter_03_section_3_2_page_elements-047,RP-627,page_element,calc_pdf_p380,report,
TR-791,SRC-calculation_chapter_03_section_3_2_page_elements-048,RP-628,page_element,calc_pdf_p381,report,
TR-792,SRC-calculation_chapter_03_section_3_2_page_elements-049,RP-629,page_element,calc_pdf_p382,report,
TR-793,SRC-calculation_chapter_03_section_3_2_page_elements-050,RP-630,page_element,calc_pdf_p383,report,
TR-794,SRC-calculation_chapter_03_section_3_2_page_elements-051,RP-631,page_element,calc_pdf_p384,report,
TR-795,SRC-calculation_chapter_03_section_3_2_page_elements-052,RP-632,page_element,calc_pdf_p385-519,report,
TR-796,SRC-calculation_chapter_03_section_3_2_page_elements-053,RP-633,page_element,calc_pdf_p520,report,
TR-797,SRC-calculation_chapter_03_section_3_2_page_elements-054,RP-634,page_element,calc_pdf_p521,report,
TR-798,SRC-calculation_chapter_03_section_3_2_page_elements-055,RP-635,page_element,calc_pdf_p522-526,report,
TR-799,SRC-calculation_chapter_03_section_3_2_page_elements-056,RP-636,page_element,calc_pdf_p527,report,
TR-800,SRC-calculation_chapter_03_section_3_2_page_elements-057,RP-637,page_element,calc_pdf_p528-544,report,
TR-801,SRC-calculation_chapter_03_section_3_2_page_elements-058,RP-638,page_element,calc_pdf_p545,report,
TR-802,SRC-calculation_chapter_03_section_3_2_page_elements-059,RP-639,page_element,calc_pdf_p546-563,report,
TR-803,SRC-calculation_chapter_03_section_3_2_page_elements-060,RP-640,page_element,calc_pdf_p564,report,
TR-804,SRC-calculation_chapter_03_section_3_2_page_elements-061,RP-641,page_element,calc_pdf_p565-572,report,
TR-805,SRC-calculation_chapter_03_section_3_2_page_elements-062,RP-642,page_element,calc_pdf_p573,report,
TR-806,SRC-calculation_chapter_03_section_3_2_page_elements-063,RP-643,page_element,calc_pdf_p574-584,report,
TR-807,SRC-calculation_chapter_03_section_3_2_page_elements-064,RP-644,page_element,calc_pdf_p585,report,
TR-808,SRC-calculation_chapter_03_section_3_2_page_elements-065,RP-645,page_element,calc_pdf_p586-622,report,
TR-809,SRC-calculation_chapter_03_section_3_2_page_elements-066,RP-646,page_element,calc_pdf_p623,report,
TR-810,SRC-calculation_chapter_03_section_3_2_page_elements-067,RP-647,page_element,calc_pdf_p624-650,report,
TR-811,SRC-calculation_chapter_03_section_3_2_page_elements-068,RP-648,page_element,calc_pdf_p651,report,
TR-812,SRC-calculation_chapter_03_section_3_2_page_elements-069,RP-649,page_element,calc_pdf_p652-660,report,
TR-813,SRC-calculation_chapter_03_section_3_2_page_elements-070,RP-650,page_element,calc_pdf_p661,report,
TR-814,SRC-calculation_chapter_03_section_3_2_page_elements-071,RP-651,page_element,calc_pdf_p662-665,report,
TR-815,SRC-calculation_chapter_03_section_3_2_page_elements-072,RP-652,page_element,calc_pdf_p666,report,
TR-816,SRC-calculation_chapter_03_section_3_2_page_elements-073,RP-653,page_element,calc_pdf_p667-669,report,
TR-817,SRC-calculation_chapter_03_section_3_2_page_elements-074,RP-654,page_element,calc_pdf_p670,report,
TR-818,SRC-calculation_chapter_03_section_3_2_page_elements-075,RP-655,page_element,calc_pdf_p671-672,report,
TR-819,SRC-calculation_chapter_03_section_3_2_page_elements-076,RP-656,page_element,calc_pdf_p673,report,
TR-820,SRC-calculation_chapter_03_section_3_2_page_elements-077,RP-657,page_element,calc_pdf_p674,report,
TR-821,CAL-P00675-CAL-SEC-3.3-001,RP-726,page_element,calc_pdf_p675,report,
TR-822,CAL-P00676-CAL-SEC-3.3.1-001,RP-728,page_element,calc_pdf_p676,report,
TR-823,CAL-P00676-CAL-SEC-3.3.1-002,RP-730,page_element,calc_pdf_p676,report,
TR-824,CAL-P00676-CAL-SEC-3.3.1-003,RP-731,page_element,calc_pdf_p676,report,
TR-825,CAL-P00676-CAL-SEC-3.3.1-004,RP-732,page_element,calc_pdf_p676,report,
TR-826,CAL-P00677-CAL-SEC-3.3.1-001,RP-733,page_element,calc_pdf_p677,report,
TR-827,CAL-P00677-CAL-SEC-3.3.1-002,RP-734,page_element,calc_pdf_p677,report,
TR-828,CAL-P00678-CAL-SEC-3.3.1-001,RP-735,page_element,calc_pdf_p678,report,
TR-829,CAL-P00679-CAL-SEC-3.3.2-001,RP-736,page_element,calc_pdf_p679,report,
TR-830,CAL-P00679-CAL-SEC-3.3.2-002,RP-738,page_element,calc_pdf_p679,report,
TR-831,CAL-P00679-CAL-SEC-3.3.2-003,RP-739,page_element,calc_pdf_p679,report,
TR-832,CAL-P00685-CAL-SEC-3.3.3-001,RP-740,page_element,calc_pdf_p685,report,
TR-833,CAL-P00685-CAL-SEC-3.3.3-002,RP-742,page_element,calc_pdf_p685,report,
TR-834,CAL-P00686-CAL-SEC-3.3.3-001,RP-743,page_element,calc_pdf_p686,report,
TR-835,CAL-P00686-CAL-SEC-3.3.3-002,RP-744,page_element,calc_pdf_p686,report,
TR-836,CAL-P00687-CAL-SEC-3.3.4-001,RP-745,page_element,calc_pdf_p687,report,
TR-837,CAL-P00687-CAL-SEC-3.3.4-002,RP-747,page_element,calc_pdf_p687,report,
TR-838,CAL-P00688-CAL-SEC-3.3.4-001,RP-748,page_element,calc_pdf_p688,report,
TR-839,CAL-P00689-CAL-SEC-3.3.4-001,RP-750,page_element,calc_pdf_p689,report,
TR-840,CAL-P00689-CAL-SEC-3.3.4-002,RP-751,page_element,calc_pdf_p689,report,
TR-841,CAL-P00691-CAL-SEC-3.3.4-001,RP-752,page_element,calc_pdf_p691,report,
TR-842,CAL-P00696-CAL-SEC-3.3.4-001,RP-753,page_element,calc_pdf_p696,report,
TR-843,CAL-P00696-CAL-SEC-3.3.4-002,RP-755,page_element,calc_pdf_p696,report,
TR-844,CAL-P00698-CAL-SEC-3.3.4-001,RP-756,page_element,calc_pdf_p698,report,
TR-845,CAL-P00704-CAL-SEC-3.3.5-001,RP-757,page_element,calc_pdf_p704,report,
TR-846,CAL-P00704-CAL-SEC-3.3.5-002,RP-759,page_element,calc_pdf_p704,report,
TR-847,CAL-P00705-CAL-SEC-3.3.5-001,RP-760,page_element,calc_pdf_p705,report,
TR-848,CAL-P00707-CAL-SEC-3.3.5-001,RP-761,page_element,calc_pdf_p707,report,
TR-849,CAL-P00710-CAL-SEC-3.3.5-001,RP-762,page_element,calc_pdf_p710,report,
TR-850,CAL-P00711-CAL-SEC-3.3.5-001,RP-763,page_element,calc_pdf_p711,report,
TR-851,CAL-P00714-CAL-SEC-3.3.5-001,RP-764,page_element,calc_pdf_p714,report,
TR-852,CAL-P00720-CAL-SEC-3.3.5-001,RP-765,page_element,calc_pdf_p720,report,
TR-853,CAL-P00735-CAL-SEC-3.3.6-001,RP-766,page_element,calc_pdf_p735,report,
TR-854,CAL-P00735-CAL-SEC-3.3.6-002,RP-768,page_element,calc_pdf_p735,report,
TR-855,CAL-P00736-CAL-SEC-3.3.6-001,RP-769,page_element,calc_pdf_p736,report,
TR-856,CAL-P00738-CAL-SEC-3.3.6-001,RP-770,page_element,calc_pdf_p738,report,
TR-857,CAL-P00741-CAL-SEC-3.3.6-001,RP-771,page_element,calc_pdf_p741,report,
TR-858,CAL-P00744-CAL-SEC-3.3.6-001,RP-772,page_element,calc_pdf_p744,report,
TR-859,CAL-P00757-CAL-SEC-3.3.6-001,RP-773,page_element,calc_pdf_p757,report,
TR-860,CAL-P00762-CAL-SEC-3.3.7-001,RP-774,page_element,calc_pdf_p762,report,
TR-861,CAL-P00763-CAL-SEC-3.3.7-001,RP-776,page_element,calc_pdf_p763,report,
TR-862,CAL-P00764-CAL-SEC-3.3.7-001,RP-777,page_element,calc_pdf_p764,report,
TR-863,CAL-P00765-CAL-SEC-3.4-001,RP-802,page_element,calc_pdf_p765,report,
TR-864,CAL-P00766-CAL-SEC-3.4.1-001,RP-804,page_element,calc_pdf_p766,report,
TR-865,CAL-P00766-CAL-SEC-3.4.1-002,RP-806,page_element,calc_pdf_p766,report,
TR-866,CAL-P00766-CAL-SEC-3.4.1-003,RP-807,page_element,calc_pdf_p766,report,
TR-867,CAL-P00767-CAL-SEC-3.4.1-001,RP-808,page_element,calc_pdf_p767,report,
TR-868,CAL-P00767-CAL-SEC-3.4.1-002,RP-810,page_element,calc_pdf_p767,report,
TR-869,CAL-P00767-CAL-SEC-3.4.1-003,RP-811,page_element,calc_pdf_p767,report,
TR-870,CAL-P00768-CAL-SEC-3.4.1-001,RP-812,page_element,calc_pdf_p768,report,
TR-871,CAL-P00768-CAL-SEC-3.4.1-002,RP-813,page_element,calc_pdf_p768,report,
TR-872,CAL-P00769-CAL-SEC-3.4.1-001,RP-814,page_element,calc_pdf_p769,report,
TR-873,CAL-P00770-CAL-SEC-3.4.1-001,RP-815,page_element,calc_pdf_p770,report,
TR-874,CAL-P00770-CAL-SEC-3.4.1-002,RP-817,page_element,calc_pdf_p770,report,
TR-875,CAL-P00771-CAL-SEC-3.4.1-001,RP-818,page_element,calc_pdf_p771,report,
TR-876,CAL-P00772-CAL-SEC-3.4.1-001,RP-819,page_element,calc_pdf_p772,report,
TR-877,CAL-P00773-CAL-SEC-3.4.1-001,RP-820,page_element,calc_pdf_p773,report,
TR-878,CAL-P00773-CAL-SEC-3.4.1-002,RP-822,page_element,calc_pdf_p773,report,
TR-879,CAL-P00774-CAL-SEC-3.4.1-001,RP-823,page_element,calc_pdf_p774,report,
TR-880,CAL-P00774-CAL-SEC-3.4.1-002,RP-825,page_element,calc_pdf_p774,report,
TR-881,CAL-P00775-CAL-SEC-3.4.1-001,RP-826,page_element,calc_pdf_p775,report,
TR-882,CAL-P00776-CAL-SEC-3.4.1-001,RP-827,page_element,calc_pdf_p776,report,
TR-883,CAL-P00777-CAL-SEC-3.4.2-001,RP-828,page_element,calc_pdf_p777,report,
TR-884,CAL-P00777-CAL-SEC-3.4.2-002,RP-830,page_element,calc_pdf_p777,report,
TR-885,CAL-P00778-CAL-SEC-3.4.2-001,RP-831,page_element,calc_pdf_p778,report,
TR-886,CAL-P00779-CAL-SEC-3.4.2-001,RP-832,page_element,calc_pdf_p779,report,
TR-887,CAL-P00780-CAL-SEC-3.4.2-001,RP-833,page_element,calc_pdf_p780,report,
TR-888,CAL-P00781-CAL-SEC-3.4.2-001,RP-834,page_element,calc_pdf_p781,report,
TR-889,CAL-P00782-CAL-SEC-3.4.2-001,RP-835,page_element,calc_pdf_p782,report,
TR-890,CAL-P00788-CAL-SEC-3.5-001,RP-868,page_element,calc_pdf_p788,report,
TR-891,CAL-P00789-CAL-SEC-3.5.1-001,RP-870,page_element,calc_pdf_p789,report,
TR-892,CAL-P00789-CAL-SEC-3.5.1-002,RP-872,page_element,calc_pdf_p789,report,
TR-893,CAL-P00789-CAL-SEC-3.5.1-003,RP-873,page_element,calc_pdf_p789,report,
TR-894,CAL-P00790-CAL-SEC-3.5.1-001,RP-874,page_element,calc_pdf_p790,report,
TR-895,CAL-P00790-CAL-SEC-3.5.1-002,RP-875,page_element,calc_pdf_p790,report,
TR-896,CAL-P00791-CAL-SEC-3.5.2-001,RP-876,page_element,calc_pdf_p791,report,
TR-897,CAL-P00791-CAL-SEC-3.5.2-002,RP-878,page_element,calc_pdf_p791,report,
TR-898,CAL-P00791-CAL-SEC-3.5.2-003,RP-879,page_element,calc_pdf_p791,report,
TR-899,CAL-P00792-CAL-SEC-3.5.3-001,RP-880,page_element,calc_pdf_p792,report,
TR-900,CAL-P00792-CAL-SEC-3.5.3-002,RP-882,page_element,calc_pdf_p792,report,
TR-901,CAL-P00793-CAL-SEC-3.5.4-001,RP-883,page_element,calc_pdf_p793,report,
TR-902,CAL-P00793-CAL-SEC-3.5.4-002,RP-885,page_element,calc_pdf_p793,report,
TR-903,CAL-P00797-CAL-SEC-3.5.5-001,RP-886,page_element,calc_pdf_p797,report,
TR-904,CAL-P00797-CAL-SEC-3.5.5-002,RP-888,page_element,calc_pdf_p797,report,
TR-905,CAL-P00800-CAL-SEC-3.5.6-001,RP-889,page_element,calc_pdf_p800,report,
TR-906,CAL-P00800-CAL-SEC-3.5.6-002,RP-891,page_element,calc_pdf_p800,report,
TR-907,CAL-P00816-CAL-SEC-3.5.6-001,RP-892,page_element,calc_pdf_p816,report,
TR-908,CAL-P00817-CAL-SEC-3.6-001,RP-919,page_element,calc_pdf_p817,report,
TR-909,CAL-P00818-CAL-SEC-3.6.1-001,RP-921,page_element,calc_pdf_p818,report,
TR-910,CAL-P00818-CAL-SEC-3.6.1-002,RP-923,page_element,calc_pdf_p818,report,
TR-911,CAL-P00818-CAL-SEC-3.6.1-003,RP-924,page_element,calc_pdf_p818,report,
TR-912,CAL-P00818-CAL-SEC-3.6.1-004,RP-925,page_element,calc_pdf_p818,report,
TR-913,CAL-P00819-CAL-SEC-3.6.2-001,RP-926,page_element,calc_pdf_p819,report,
TR-914,CAL-P00819-CAL-SEC-3.6.2-002,RP-928,page_element,calc_pdf_p819,report,
TR-915,CAL-P00819-CAL-SEC-3.6.2-003,RP-929,page_element,calc_pdf_p819,report,
TR-916,CAL-P00820-CAL-SEC-3.6.2-001,RP-930,page_element,calc_pdf_p820,report,
TR-917,CAL-P00820-CAL-SEC-3.6.2-002,RP-932,page_element,calc_pdf_p820,report,
TR-918,CAL-P00820-CAL-SEC-3.6.2-003,RP-933,page_element,calc_pdf_p820,report,
TR-919,CAL-P00821-CAL-SEC-3.6.2-001,RP-934,page_element,calc_pdf_p821,report,
TR-920,CAL-P00821-CAL-SEC-3.6.2-002,RP-936,page_element,calc_pdf_p821,report,
TR-921,CAL-P00821-CAL-SEC-3.6.2-003,RP-937,page_element,calc_pdf_p821,report,
TR-922,CAL-P00822-CAL-SEC-3.6.3-001,RP-938,page_element,calc_pdf_p822,report,
TR-923,CAL-P00822-CAL-SEC-3.6.3-002,RP-940,page_element,calc_pdf_p822,report,
TR-924,CAL-P00823-CAL-SEC-3.6.3-001,RP-941,page_element,calc_pdf_p823,report,
TR-925,CAL-P00824-CAL-SEC-3.6.3-001,RP-942,page_element,calc_pdf_p824,report,
TR-926,CAL-P00832-CAL-SEC-3.6.3-001,RP-943,page_element,calc_pdf_p832,report,
TR-927,CAL-P00833-CAL-SEC-3.6.3-001,RP-944,page_element,calc_pdf_p833,report,
TR-928,CAL-P00839-CAL-SEC-3.6.3-001,RP-945,page_element,calc_pdf_p839,report,
TR-929,CAL-P00840-CAL-SEC-3.6.4-001,RP-946,page_element,calc_pdf_p840,report,
TR-930,CAL-P00840-CAL-SEC-3.6.4-002,RP-948,page_element,calc_pdf_p840,report,
TR-931,CAL-P00842-CAL-SEC-3.7-001,RP-973,page_element,calc_pdf_p842,report,
TR-932,CAL-P00843-CAL-SEC-3.7.1-001,RP-975,page_element,calc_pdf_p843,report,
TR-933,CAL-P00843-CAL-SEC-3.7.1-002,RP-977,page_element,calc_pdf_p843,report,
TR-934,CAL-P00844-CAL-SEC-3.7.1-001,RP-978,page_element,calc_pdf_p844,report,
TR-935,CAL-P00845-CAL-SEC-3.7.1-001,RP-979,page_element,calc_pdf_p845,report,
TR-936,CAL-P00845-CAL-SEC-3.7.1-002,RP-981,page_element,calc_pdf_p845,report,
TR-937,CAL-P00845-CAL-SEC-3.7.1-003,RP-982,page_element,calc_pdf_p845,report,
TR-938,CAL-P00846-CAL-SEC-3.7.1-001,RP-983,page_element,calc_pdf_p846,report,
TR-939,CAL-P00847-CAL-SEC-3.7.1-001,RP-984,page_element,calc_pdf_p847,report,
TR-940,CAL-P00848-CAL-SEC-3.7.1-001,RP-985,page_element,calc_pdf_p848,report,
TR-941,CAL-P00849-CAL-SEC-3.7.1-001,RP-986,page_element,calc_pdf_p849,report,
TR-942,CAL-P00850-CAL-SEC-3.7.1-001,RP-987,page_element,calc_pdf_p850,report,
TR-943,CAL-P00851-CAL-SEC-3.7.1-001,RP-988,page_element,calc_pdf_p851,report,
TR-944,CAL-P00852-CAL-SEC-3.7.1-001,RP-989,page_element,calc_pdf_p852,report,
TR-945,CAL-P00853-CAL-SEC-3.7.1-001,RP-990,page_element,calc_pdf_p853,report,
TR-946,CAL-P00854-CAL-SEC-3.7.1-001,RP-991,page_element,calc_pdf_p854,report,
TR-947,CAL-P00855-CAL-SEC-3.7.1-001,RP-992,page_element,calc_pdf_p855,report,
TR-948,CAL-P00856-CAL-SEC-3.7.1-001,RP-993,page_element,calc_pdf_p856,report,
TR-949,CAL-P00859-CAL-SEC-3.7.1-001,RP-994,page_element,calc_pdf_p859,report,
TR-950,CAL-P00860-CAL-SEC-3.7.2-001,RP-995,page_element,calc_pdf_p860,report,
TR-951,CAL-P00860-CAL-SEC-3.7.2-002,RP-997,page_element,calc_pdf_p860,report,
TR-952,CAL-P00870-CAL-SEC-3.7.2-001,RP-998,page_element,calc_pdf_p870,report,
TR-953,CAL-P00871-CAL-SEC-ch4-001,RP-1040,page_element,calc_pdf_p871,report,
TR-954,CAL-P00872-CAL-SEC-4.1-001,RP-1042,page_element,calc_pdf_p872,report,
TR-955,CAL-P00873-CAL-SEC-4.1.1-001,RP-1044,page_element,calc_pdf_p873,report,
TR-956,CAL-P00873-CAL-SEC-4.1.1-002,RP-1046,page_element,calc_pdf_p873,report,
TR-957,CAL-P00873-CAL-SEC-4.1.1-003,RP-1047,page_element,calc_pdf_p873,report,
TR-958,CAL-P00873-CAL-SEC-4.1.1-004,RP-1048,page_element,calc_pdf_p873,report,
TR-959,CAL-P00873-CAL-SEC-4.1.1-005,RP-1049,page_element,calc_pdf_p873,report,
TR-960,CAL-P00873-CAL-SEC-4.1.1-006,RP-1050,page_element,calc_pdf_p873,report,
TR-961,CAL-P00873-CAL-SEC-4.1.1-007,RP-1051,page_element,calc_pdf_p873,report,
TR-962,CAL-P00874-CAL-SEC-4.1.2-001,RP-1052,page_element,calc_pdf_p874,report,
TR-963,CAL-P00874-CAL-SEC-4.1.2-002,RP-1054,page_element,calc_pdf_p874,report,
TR-964,CAL-P00874-CAL-SEC-4.1.2-003,RP-1055,page_element,calc_pdf_p874,report,
TR-965,CAL-P00876-CAL-SEC-4.1.2-001,RP-1056,page_element,calc_pdf_p876,report,
TR-966,CAL-P00876-CAL-SEC-4.1.2-002,RP-1058,page_element,calc_pdf_p876,report,
TR-967,CAL-P00881-CAL-SEC-4.1.2-001,RP-1059,page_element,calc_pdf_p881,report,
TR-968,CAL-P00882-CAL-SEC-4.1.2-001,RP-1061,page_element,calc_pdf_p882,report,
TR-969,CAL-P00893-CAL-SEC-4.1.2-001,RP-1062,page_element,calc_pdf_p893,report,
TR-970,CAL-P00893-CAL-SEC-4.1.2-002,RP-1064,page_element,calc_pdf_p893,report,
TR-971,CAL-P00893-CAL-SEC-4.1.2-003,RP-1065,page_element,calc_pdf_p893,report,
TR-972,CAL-P00893-CAL-SEC-4.1.2-004,RP-1067,page_element,calc_pdf_p893,report,
TR-973,CAL-P00894-CAL-SEC-4.1.2-001,RP-1068,page_element,calc_pdf_p894,report,
TR-974,CAL-P00894-CAL-SEC-4.1.2-002,RP-1070,page_element,calc_pdf_p894,report,
TR-975,CAL-P00894-CAL-SEC-4.1.2-003,RP-1071,page_element,calc_pdf_p894,report,
TR-976,CAL-P00900-CAL-SEC-4.1.3-001,RP-1072,page_element,calc_pdf_p900,report,
TR-977,CAL-P00900-CAL-SEC-4.1.3-002,RP-1074,page_element,calc_pdf_p900,report,
TR-978,CAL-P00901-CAL-SEC-4.1.4-001,RP-1075,page_element,calc_pdf_p901,report,
TR-979,CAL-P00901-CAL-SEC-4.1.4-002,RP-1077,page_element,calc_pdf_p901,report,
TR-980,CAL-P00901-CAL-SEC-4.1.4-003,RP-1078,page_element,calc_pdf_p901,report,
TR-981,CAL-P00902-CAL-SEC-4.1.4-001,RP-1079,page_element,calc_pdf_p902,report,
TR-982,CAL-P00904-CAL-SEC-4.1.5-001,RP-1080,page_element,calc_pdf_p904,report,
TR-983,CAL-P00904-CAL-SEC-4.1.5-002,RP-1082,page_element,calc_pdf_p904,report,
TR-984,CAL-P00904-CAL-SEC-4.1.5-003,RP-1084,page_element,calc_pdf_p904,report,
TR-985,CAL-P01026-CAL-SEC-4.1.5-001,RP-1085,page_element,calc_pdf_p1026,report,
TR-986,CAL-P01026-CAL-SEC-4.1.5-002,RP-1087,page_element,calc_pdf_p1026,report,
TR-987,CAL-P01115-CAL-SEC-4.1.6-001,RP-1088,page_element,calc_pdf_p1115,report,
TR-988,CAL-P01115-CAL-SEC-4.1.6-002,RP-1090,page_element,calc_pdf_p1115,report,
TR-989,CAL-P01115-CAL-SEC-4.1.6-003,RP-1092,page_element,calc_pdf_p1115,report,
TR-990,CAL-P01130-CAL-SEC-4.1.6-001,RP-1093,page_element,calc_pdf_p1130,report,
TR-991,CAL-P01130-CAL-SEC-4.1.6-002,RP-1095,page_element,calc_pdf_p1130,report,
TR-992,CAL-P01266-CAL-SEC-4.1.7-001,RP-1096,page_element,calc_pdf_p1266,report,
TR-993,CAL-P01266-CAL-SEC-4.1.7-002,RP-1098,page_element,calc_pdf_p1266,report,
TR-994,CAL-P01266-CAL-SEC-4.1.7-003,RP-1100,page_element,calc_pdf_p1266,report,
TR-995,CAL-P01275-CAL-SEC-4.1.7-001,RP-1101,page_element,calc_pdf_p1275,report,
TR-996,CAL-P01275-CAL-SEC-4.1.7-002,RP-1103,page_element,calc_pdf_p1275,report,
TR-997,CAL-P01280-CAL-SEC-4.1.7-001,RP-1104,page_element,calc_pdf_p1280,report,
TR-998,CAL-P01280-CAL-SEC-4.1.7-002,RP-1106,page_element,calc_pdf_p1280,report,
TR-999,CAL-P01280-CAL-SEC-4.1.7-003,RP-1107,page_element,calc_pdf_p1280,report,
TR-1000,CAL-P01280-CAL-SEC-4.1.7-004,RP-1108,page_element,calc_pdf_p1280,report,
TR-1001,CAL-P01282-CAL-SEC-4.1.7-001,RP-1109,page_element,calc_pdf_p1282,report,
TR-1002,CAL-P01282-CAL-SEC-4.1.7-002,RP-1111,page_element,calc_pdf_p1282,report,
TR-1003,CAL-P01283-CAL-SEC-4.2-001,RP-1171,page_element,calc_pdf_p1283,report,
TR-1004,CAL-P01284-CAL-SEC-4.2.1-001,RP-1173,page_element,calc_pdf_p1284,report,
TR-1005,CAL-P01284-CAL-SEC-4.2.1-002,RP-1175,page_element,calc_pdf_p1284,report,
TR-1006,CAL-P01284-CAL-SEC-4.2.1-003,RP-1176,page_element,calc_pdf_p1284,report,
TR-1007,CAL-P01284-CAL-SEC-4.2.1-004,RP-1177,page_element,calc_pdf_p1284,report,
TR-1008,CAL-P01284-CAL-SEC-4.2.1-005,RP-1178,page_element,calc_pdf_p1284,report,
TR-1009,CAL-P01285-CAL-SEC-4.2.1-001,RP-1179,page_element,calc_pdf_p1285,report,
TR-1010,CAL-P01285-CAL-SEC-4.2.1-002,RP-1180,page_element,calc_pdf_p1285,report,
TR-1011,CAL-P01285-CAL-SEC-4.2.1-003,RP-1181,page_element,calc_pdf_p1285,report,
TR-1012,CAL-P01286-CAL-SEC-4.2.1-001,RP-1182,page_element,calc_pdf_p1286,report,
TR-1013,CAL-P01286-CAL-SEC-4.2.1-002,RP-1183,page_element,calc_pdf_p1286,report,
TR-1014,CAL-P01287-CAL-SEC-4.2.2-001,RP-1184,page_element,calc_pdf_p1287,report,
TR-1015,CAL-P01287-CAL-SEC-4.2.2-002,RP-1186,page_element,calc_pdf_p1287,report,
TR-1016,CAL-P01299-CAL-SEC-4.2.3-001,RP-1187,page_element,calc_pdf_p1299,report,
TR-1017,CAL-P01299-CAL-SEC-4.2.3-002,RP-1189,page_element,calc_pdf_p1299,report,
TR-1018,CAL-P01299-CAL-SEC-4.2.3-003,RP-1190,page_element,calc_pdf_p1299,report,
TR-1019,CAL-P01299-CAL-SEC-4.2.3-004,RP-1191,page_element,calc_pdf_p1299,report,
TR-1020,CAL-P01299-CAL-SEC-4.2.3-005,RP-1192,page_element,calc_pdf_p1299,report,
TR-1021,CAL-P01299-CAL-SEC-4.2.3-006,RP-1193,page_element,calc_pdf_p1299,report,
TR-1022,CAL-P01318-CAL-SEC-4.2.4-001,RP-1194,page_element,calc_pdf_p1318,report,
TR-1023,CAL-P01318-CAL-SEC-4.2.4-002,RP-1196,page_element,calc_pdf_p1318,report,
TR-1024,CAL-P01319-CAL-SEC-4.2.4-001,RP-1197,page_element,calc_pdf_p1319,report,
TR-1025,CAL-P01319-CAL-SEC-4.2.4-002,RP-1199,page_element,calc_pdf_p1319,report,
TR-1026,CAL-P01319-CAL-SEC-4.2.4-003,RP-1200,page_element,calc_pdf_p1319,report,
TR-1027,CAL-P01319-CAL-SEC-4.2.4-004,RP-1201,page_element,calc_pdf_p1319,report,
TR-1028,CAL-P01319-CAL-SEC-4.2.4-005,RP-1202,page_element,calc_pdf_p1319,report,
TR-1029,CAL-P01320-CAL-SEC-4.2.4-001,RP-1203,page_element,calc_pdf_p1320,report,
TR-1030,CAL-P01321-CAL-SEC-4.2.4-001,RP-1204,page_element,calc_pdf_p1321,report,
TR-1031,CAL-P01321-CAL-SEC-4.2.4-002,RP-1205,page_element,calc_pdf_p1321,report,
TR-1032,CAL-P01321-CAL-SEC-4.2.4-003,RP-1206,page_element,calc_pdf_p1321,report,
TR-1033,CAL-P01322-CAL-SEC-4.2.4-001,RP-1207,page_element,calc_pdf_p1322,report,
TR-1034,CAL-P01322-CAL-SEC-4.2.4-002,RP-1208,page_element,calc_pdf_p1322,report,
TR-1035,CAL-P01400-CAL-SEC-4.2.4-001,RP-1209,page_element,calc_pdf_p1400,report,
TR-1036,CAL-P01451-CAL-SEC-4.2.4-001,RP-1211,page_element,calc_pdf_p1451,report,
TR-1037,CAL-P01520-CAL-SEC-4.2.4-001,RP-1213,page_element,calc_pdf_p1520,report,
TR-1038,CAL-P01598-CAL-SEC-4.2.4-001,RP-1215,page_element,calc_pdf_p1598,report,
TR-1039,CAL-P01680-CAL-SEC-4.2.4-001,RP-1217,page_element,calc_pdf_p1680,report,
TR-1040,CAL-P01776-CAL-SEC-4.2.5-001,RP-1219,page_element,calc_pdf_p1776,report,
TR-1041,CAL-P01776-CAL-SEC-4.2.5-002,RP-1221,page_element,calc_pdf_p1776,report,
TR-1042,CAL-P01776-CAL-SEC-4.2.5-003,RP-1222,page_element,calc_pdf_p1776,report,
TR-1043,CAL-P01778-CAL-SEC-4.2.6-001,RP-1223,page_element,calc_pdf_p1778,report,
TR-1044,CAL-P01778-CAL-SEC-4.2.6-002,RP-1225,page_element,calc_pdf_p1778,report,
TR-1045,CAL-P01947-CAL-SEC-4.2.7-001,RP-1226,page_element,calc_pdf_p1947,report,
TR-1046,CAL-P01947-CAL-SEC-4.2.7-002,RP-1228,page_element,calc_pdf_p1947,report,
TR-1047,CAL-P01955-CAL-SEC-4.2.8-001,RP-1229,page_element,calc_pdf_p1955,report,
TR-1048,CAL-P01955-CAL-SEC-4.2.8-002,RP-1231,page_element,calc_pdf_p1955,report,
TR-1049,CAL-P01955-CAL-SEC-4.2.8-003,RP-1233,page_element,calc_pdf_p1955,report,
TR-1050,CAL-P01958-CAL-SEC-4.2.8-001,RP-1234,page_element,calc_pdf_p1958,report,
TR-1051,CAL-P02003-CAL-SEC-4.2.8-001,RP-1236,page_element,calc_pdf_p2003,report,
TR-1052,CAL-P02003-CAL-SEC-4.2.8-002,RP-1238,page_element,calc_pdf_p2003,report,
TR-1053,CAL-P02076-CAL-SEC-4.2.8-001,RP-1239,page_element,calc_pdf_p2076,report,
TR-1054,CAL-P02076-CAL-SEC-4.2.8-002,RP-1241,page_element,calc_pdf_p2076,report,
TR-1055,CAL-P02098-CAL-SEC-4.2.8-001,RP-1242,page_element,calc_pdf_p2098,report,
TR-1056,CAL-P02098-CAL-SEC-4.2.8-002,RP-1244,page_element,calc_pdf_p2098,report,
TR-1057,CAL-P02100-CAL-SEC-4.2.8-001,RP-1245,page_element,calc_pdf_p2100,report,
TR-1058,CAL-P02100-CAL-SEC-4.2.8-002,RP-1247,page_element,calc_pdf_p2100,report,
TR-1059,CAL-P02114-CAL-SEC-4.2.8-001,RP-1248,page_element,calc_pdf_p2114,report,
TR-1060,CAL-P02114-CAL-SEC-4.2.8-002,RP-1250,page_element,calc_pdf_p2114,report,
TR-1061,CAL-P02003-CAL-SEC-4.2.9-001,RP-1251,page_element,calc_pdf_p2003,report,
TR-1062,CAL-P02003-CAL-SEC-4.2.9-002,RP-1253,page_element,calc_pdf_p2003,report,
TR-1063,CAL-P02003-CAL-SEC-4.2.9-003,RP-1255,page_element,calc_pdf_p2003,report,
TR-1064,CAL-P02003-CAL-SEC-4.2.9-004,RP-1257,page_element,calc_pdf_p2003,report,
TR-1065,CAL-P02003-CAL-SEC-4.2.9-005,RP-1259,page_element,calc_pdf_p2003,report,
TR-1066,CAL-P02023-CAL-SEC-4.2.10-001,RP-1261,page_element,calc_pdf_p2023,report,
TR-1067,CAL-P02023-CAL-SEC-4.2.10-002,RP-1263,page_element,calc_pdf_p2023,report,
TR-1068,CH5-PE-001,RP-1403,page_element,calc_pdf_p2026,report,
TR-1069,CH5-PE-002,RP-1405,page_element,calc_pdf_p2027,report,
TR-1070,CH5-PE-003,RP-1407,page_element,calc_pdf_p2027,report,
TR-1071,CH5-PE-004,RP-1409,page_element,calc_pdf_p2027,report,
TR-1072,CH5-PE-005,RP-1411,page_element,calc_pdf_p2027,report,
TR-1073,CH5-PE-006,RP-1412,page_element,calc_pdf_p2027,report,
TR-1074,CH5-PE-007,RP-1413,page_element,calc_pdf_p2028,report,
TR-1075,CH5-PE-008,RP-1415,page_element,calc_pdf_p2028,report,
TR-1076,CH5-PE-009,RP-1417,page_element,calc_pdf_p2028,report,
TR-1077,CH5-PE-010,RP-1419,page_element,calc_pdf_p2028,report,
TR-1078,CH5-PE-011,RP-1421,page_element,calc_pdf_p2029,report,
TR-1079,CH5-PE-012,RP-1423,page_element,calc_pdf_p2030,report,
TR-1080,CH5-PE-013,RP-1425,page_element,calc_pdf_p2031,report,
TR-1081,CH5-PE-014,RP-1427,page_element,calc_pdf_p2031,report,
TR-1082,CH5-PE-015,RP-1429,page_element,calc_pdf_p2031,report,
TR-1083,CH5-PE-016,RP-1431,page_element,calc_pdf_p2031,report,
TR-1084,CH5-PE-017,RP-1433,page_element,calc_pdf_p2031,report,
TR-1085,CH5-PE-018,RP-1435,page_element,calc_pdf_p2031,report,
TR-1086,CH5-PE-019,RP-1437,page_element,calc_pdf_p2032,report,
TR-1087,CH5-PE-020,RP-1439,page_element,calc_pdf_p2032,report,
TR-1088,CH5-PE-021,RP-1441,page_element,calc_pdf_p2032,report,
TR-1089,CH5-PE-022,RP-1443,page_element,calc_pdf_p2033,report,
TR-1090,CH5-PE-023,RP-1445,page_element,calc_pdf_p2033,report,
TR-1091,CH5-PE-024,RP-1447,page_element,calc_pdf_p2034,report,
TR-1092,CH5-PE-025,RP-1449,page_element,calc_pdf_p2035,report,
TR-1093,CH5-PE-026,RP-1451,page_element,calc_pdf_p2036,report,
TR-1094,CH5-PE-027,RP-1453,page_element,calc_pdf_p2037,report,
TR-1095,CH5-PE-028,RP-1455,page_element,calc_pdf_p2038,report,
TR-1096,CH5-PE-029,RP-1457,page_element,calc_pdf_p2039,report,
TR-1097,CH5-PE-030,RP-1459,page_element,calc_pdf_p2039,report,
TR-1098,CH5-PE-031,RP-1461,page_element,calc_pdf_p2040,report,
TR-1099,CH5-PE-032,RP-1463,page_element,calc_pdf_p2041,report,
TR-1100,CH5-PE-033,RP-1465,page_element,calc_pdf_p2042,report,
TR-1101,CH5-PE-034,RP-1467,page_element,calc_pdf_p2042,report,
TR-1102,CH5-PE-035,RP-1469,page_element,calc_pdf_p2043,report,
TR-1103,CH5-PE-036,RP-1471,page_element,calc_pdf_p2043,report,
TR-1104,CH5-PE-037,RP-1473,page_element,calc_pdf_p2044,report,
TR-1105,CH5-PE-038,RP-1475,page_element,calc_pdf_p2045,report,
TR-1106,CH5-PE-039,RP-1477,page_element,calc_pdf_p2046,report,
TR-1107,CH5-PE-040,RP-1479,page_element,calc_pdf_p2047,report,
TR-1108,CH5-PE-041,RP-1481,page_element,calc_pdf_p2083,report,
TR-1109,CH5-PE-042,RP-1483,page_element,calc_pdf_p2138,report,
TR-1110,CH5-PE-043,RP-1485,page_element,calc_pdf_p2138,report,
TR-1111,CH5-PE-044,RP-1487,page_element,calc_pdf_p2138,report,
TR-1112,CH5-PE-045,RP-1489,page_element,calc_pdf_p2139,report,
TR-1113,CH5-PE-046,RP-1491,page_element,calc_pdf_p2167,report,
TR-1114,CH5-PE-047,RP-1493,page_element,calc_pdf_p2167,report,
TR-1115,CH5-PE-048,RP-1495,page_element,calc_pdf_p2190,report,
TR-1116,CH5-PE-049,RP-1497,page_element,calc_pdf_p2190,report,
TR-1117,CH5-PE-050,RP-1499,page_element,calc_pdf_p2190,report,
TR-1118,CH5-PE-051,RP-1500,page_element,calc_pdf_p2191,report,
TR-1119,CH5-PE-052,RP-1502,page_element,calc_pdf_p2192,report,
TR-1120,CH5-PE-053,RP-1504,page_element,calc_pdf_p2193,report,
TR-1121,CH5-PE-054,RP-1506,page_element,calc_pdf_p2193,report,
TR-1122,CH5-PE-055,RP-1508,page_element,calc_pdf_p2193,report,
TR-1123,CH5-PE-056,RP-1510,page_element,calc_pdf_p2194,report,
TR-1124,CH5-PE-057,RP-1512,page_element,calc_pdf_p2195,report,
TR-1125,CH5-PE-058,RP-1514,page_element,calc_pdf_p2196,report,
TR-1126,CH5-PE-059,RP-1516,page_element,calc_pdf_p2197,report,
TR-1127,CH5-PE-060,RP-1518,page_element,calc_pdf_p2197,report,
TR-1128,CH5-PE-061,RP-1520,page_element,calc_pdf_p2198,report,
TR-1129,CH5-PE-062,RP-1522,page_element,calc_pdf_p2199,report,
TR-1130,CH5-PE-063,RP-1524,page_element,calc_pdf_p2199,report,
TR-1131,CH5-PE-064,RP-1526,page_element,calc_pdf_p2199,report,
TR-1132,CH5-PE-065,RP-1528,page_element,calc_pdf_p2201,report,
TR-1133,CH5-PE-066,RP-1530,page_element,calc_pdf_p2204,report,
TR-1134,CH5-PE-067,RP-1532,page_element,calc_pdf_p2205,report,
TR-1135,CH5-PE-068,RP-1534,page_element,calc_pdf_p2205,report,
TR-1136,CH5-PE-069,RP-1536,page_element,calc_pdf_p2206,report,
TR-1137,CH5-PE-070,RP-1538,page_element,calc_pdf_p2207,report,
TR-1138,CH5-PE-071,RP-1540,page_element,calc_pdf_p2207,report,
TR-1139,CH5-PE-072,RP-1542,page_element,calc_pdf_p2207,report,
TR-1140,CH5-PE-073,RP-1544,page_element,calc_pdf_p2208,report,
TR-1141,CH5-PE-074,RP-1546,page_element,calc_pdf_p2208,report,
TR-1142,CH5-PE-075,RP-1548,page_element,calc_pdf_p2208,report,
TR-1143,CH5-PE-076,RP-1550,page_element,calc_pdf_p2209,report,
TR-1144,CH5-PE-077,RP-1552,page_element,calc_pdf_p2211,report,
TR-1145,CH5-PE-078,RP-1554,page_element,calc_pdf_p2212,report,
TR-1146,CH5-PE-079,RP-1556,page_element,calc_pdf_p2213,report,
TR-1147,CH5-PE-080,RP-1558,page_element,calc_pdf_p2214,report,
TR-1148,CH5-PE-081,RP-1560,page_element,calc_pdf_p2216,report,
TR-1149,CH5-PE-082,RP-1562,page_element,calc_pdf_p2220,report,
TR-1150,CH5-PE-083,RP-1564,page_element,calc_pdf_p2220,report,
TR-1151,CH5-PE-084,RP-1566,page_element,calc_pdf_p2220,report,
TR-1152,CH5-PE-085,RP-1568,page_element,calc_pdf_p2221,report,
TR-1153,CH5-PE-086,RP-1570,page_element,calc_pdf_p2222,report,
TR-1154,CH5-PE-087,RP-1572,page_element,calc_pdf_p2222,report,
TR-1155,CH5-PE-088,RP-1574,page_element,calc_pdf_p2223,report,
TR-1156,CH5-PE-089,RP-1576,page_element,calc_pdf_p2224,report,
TR-1157,CH5-PE-090,RP-1578,page_element,calc_pdf_p2224,report,
TR-1158,CH5-PE-091,RP-1580,page_element,calc_pdf_p2225,report,
TR-1159,CH5-PE-092,RP-1582,page_element,calc_pdf_p2226,report,
TR-1160,CH5-PE-093,RP-1584,page_element,calc_pdf_p2226,report,
TR-1161,FM-PE-001,RP-1643,page_element,calc_pdf_p1,report,
TR-1162,FM-PE-002,RP-1644,page_element,calc_pdf_p1,report,
TR-1163,FM-PE-003,RP-1645,page_element,calc_pdf_p1,report,
TR-1164,FM-PE-004,RP-1646,page_element,calc_pdf_p1,report,
TR-1165,FM-PE-005,RP-1647,page_element,calc_pdf_p2,report,
TR-1166,FM-PE-006,RP-1648,page_element,calc_pdf_p2,report,
TR-1167,FM-PE-007,RP-1649,page_element,calc_pdf_p2,report,
TR-1168,FM-PE-008,RP-1650,page_element,calc_pdf_p3,report,
TR-1169,FM-PE-009,RP-1651,page_element,calc_pdf_p3,report,
TR-1170,FM-PE-010,RP-1652,page_element,calc_pdf_p3,report,
TR-1171,FM-PE-011,RP-1653,page_element,calc_pdf_p3,report,
TR-1172,FM-PE-012,RP-1654,page_element,calc_pdf_p3,report,
TR-1173,FM-PE-013,RP-1655,page_element,calc_pdf_p3,report,
TR-1174,FM-PE-014,RP-1656,page_element,calc_pdf_p3,report,
TR-1175,FM-PE-015,RP-1657,page_element,calc_pdf_p3,report,
TR-1176,FM-PE-016,RP-1658,page_element,calc_pdf_p3,report,
TR-1177,FM-PE-017,RP-1659,page_element,calc_pdf_p3,report,
TR-1178,FM-PE-018,RP-1660,page_element,calc_pdf_p3,report,
TR-1179,FM-PE-019,RP-1661,page_element,calc_pdf_p3,report,
TR-1180,FM-PE-020,RP-1662,page_element,calc_pdf_p3,report,
TR-1181,FM-PE-021,RP-1663,page_element,calc_pdf_p3,report,
TR-1182,FM-PE-022,RP-1664,page_element,calc_pdf_p3,report,
TR-1183,FM-PE-023,RP-1665,page_element,calc_pdf_p3,report,
TR-1184,FM-PE-024,RP-1666,page_element,calc_pdf_p3,report,
TR-1185,FM-PE-025,RP-1667,page_element,calc_pdf_p3,report,
TR-1186,FM-PE-026,RP-1668,page_element,calc_pdf_p3,report,
TR-1187,CH1-NOTE-001,RP-002,note,calc_pdf_p7,report,
TR-1188,CH1-NOTE-002,RP-003,note,calc_pdf_p7,report,
TR-1189,CH2-NOTE-001,RP-144,note,calc_pdf_p16,report,
TR-1190,CH2-NOTE-002,RP-145,note,calc_pdf_p18,report,
TR-1191,CH2-NOTE-003,RP-146,note,calc_pdf_p19,report,
TR-1192,CH2-NOTE-004,RP-147,note,calc_pdf_p20,report,
TR-1193,CH2-NOTE-005,RP-148,note,calc_pdf_p21,report,
TR-1194,CH2-NOTE-006,RP-149,note,calc_pdf_p21,report,
TR-1195,CH2-NOTE-007,RP-150,note,calc_pdf_p21,report,
TR-1196,CH2-NOTE-008,RP-151,note,calc_pdf_p29,report,
TR-1197,CH2-NOTE-009,RP-152,note,calc_pdf_p33,report,
TR-1198,CAL-NOT-P00117-001,RP-266,note,calc_pdf_p117,report,
TR-1199,CAL-NOT-P00117-002,RP-267,note,calc_pdf_p117,report,
TR-1200,CAL-NOT-P00117-003,RP-268,note,calc_pdf_p117,report,
TR-1201,CAL-NOT-P00118-001,RP-269,note,calc_pdf_p118,report,
TR-1202,CAL-NOT-P00118-002,RP-270,note,calc_pdf_p118,report,
TR-1203,CAL-NOT-P00119-001,RP-271,note,calc_pdf_p119,report,
TR-1204,CAL-NOT-P00119-002,RP-272,note,calc_pdf_p119,report,
TR-1205,CAL-NOT-P00119-003,RP-273,note,calc_pdf_p119,report,
TR-1206,CAL-NOT-P00122-001,RP-274,note,calc_pdf_p122,report,
TR-1207,CAL-NOT-P00122-002,RP-275,note,calc_pdf_p122,report,
TR-1208,CAL-NOT-P00124-001,RP-276,note,calc_pdf_p124,report,
TR-1209,CAL-NOT-P00125-001,RP-277,note,calc_pdf_p125,report,
TR-1210,CAL-NOT-P00128-001,RP-278,note,calc_pdf_p128,report,
TR-1211,CAL-NOT-P00129-001,RP-279,note,calc_pdf_p129,report,
TR-1212,CAL-NOT-P00129-002,RP-280,note,calc_pdf_p129,report,
TR-1213,CAL-NOT-P00129-003,RP-281,note,calc_pdf_p129,report,
TR-1214,CAL-NOT-P00131-001,RP-282,note,calc_pdf_p131,report,
TR-1215,CAL-NOT-P00133-001,RP-283,note,calc_pdf_p133,report,
TR-1216,CAL-NOT-P00133-002,RP-284,note,calc_pdf_p133,report,
TR-1217,CAL-NOT-P00133-003,RP-285,note,calc_pdf_p133,report,
TR-1218,CAL-NOT-P00135-001,RP-286,note,calc_pdf_p135,report,
TR-1219,CAL-NOT-P00136-001,RP-287,note,calc_pdf_p136,report,
TR-1220,CAL-NOT-P00140-001,RP-288,note,calc_pdf_p140,report,
TR-1221,CAL-NOT-P00145-001,RP-289,note,calc_pdf_p145,report,
TR-1222,CAL-NOT-P00149-001,RP-290,note,calc_pdf_p149,report,
TR-1223,CAL-NOT-P00222-001,RP-291,note,calc_pdf_p222,report,
TR-1224,CAL-NOT-P00223-001,RP-292,note,calc_pdf_p223,report,
TR-1225,CAL-NOT-P00223-002,RP-293,note,calc_pdf_p223,report,
TR-1226,SRC-calculation_chapter_03_section_3_2_notes-001,RP-545,note,calc_pdf_p292,report,
TR-1227,SRC-calculation_chapter_03_section_3_2_notes-002,RP-546,note,calc_pdf_p292,report,
TR-1228,SRC-calculation_chapter_03_section_3_2_notes-003,RP-547,note,calc_pdf_p292,report,
TR-1229,SRC-calculation_chapter_03_section_3_2_notes-004,RP-548,note,calc_pdf_p291,report,
TR-1230,SRC-calculation_chapter_03_section_3_2_notes-005,RP-549,note,calc_pdf_p291,report,
TR-1231,SRC-calculation_chapter_03_section_3_2_notes-006,RP-550,note,calc_pdf_p291,report,
TR-1232,SRC-calculation_chapter_03_section_3_2_notes-007,RP-551,note,calc_pdf_p291,report,
TR-1233,SRC-calculation_chapter_03_section_3_2_notes-008,RP-552,note,calc_pdf_p291,report,
TR-1234,SRC-calculation_chapter_03_section_3_2_notes-009,RP-553,note,calc_pdf_p291,report,
TR-1235,SRC-calculation_chapter_03_section_3_2_notes-010,RP-554,note,calc_pdf_p291,report,
TR-1236,SRC-calculation_chapter_03_section_3_2_notes-011,RP-555,note,calc_pdf_p291,report,
TR-1237,SRC-calculation_chapter_03_section_3_2_notes-012,RP-556,note,calc_pdf_p291,report,
TR-1238,SRC-calculation_chapter_03_section_3_2_notes-013,RP-557,note,calc_pdf_p291,report,
TR-1239,SRC-calculation_chapter_03_section_3_2_notes-014,RP-558,note,calc_pdf_p291,report,
TR-1240,SRC-calculation_chapter_03_section_3_2_notes-015,RP-559,note,calc_pdf_p291,report,
TR-1241,SRC-calculation_chapter_03_section_3_2_notes-016,RP-560,note,calc_pdf_p291,report,
TR-1242,SRC-calculation_chapter_03_section_3_2_notes-017,RP-561,note,calc_pdf_p291,report,
TR-1243,SRC-calculation_chapter_03_section_3_2_notes-018,RP-562,note,calc_pdf_p291,report,
TR-1244,SRC-calculation_chapter_03_section_3_2_notes-019,RP-563,note,calc_pdf_p291,report,
TR-1245,SRC-calculation_chapter_03_section_3_2_notes-020,RP-564,note,calc_pdf_p291,report,
TR-1246,SRC-calculation_chapter_03_section_3_2_notes-021,RP-565,note,calc_pdf_p291,report,
TR-1247,SRC-calculation_chapter_03_section_3_2_notes-022,RP-566,note,calc_pdf_p291,report,
TR-1248,SRC-calculation_chapter_03_section_3_2_notes-023,RP-567,note,calc_pdf_p291,report,
TR-1249,SRC-calculation_chapter_03_section_3_2_notes-024,RP-568,note,calc_pdf_p291,report,
TR-1250,SRC-calculation_chapter_03_section_3_2_notes-025,RP-569,note,calc_pdf_p290,report,
TR-1251,SRC-calculation_chapter_03_section_3_2_notes-026,RP-570,note,calc_pdf_p379,report,
TR-1252,SRC-calculation_chapter_03_section_3_2_notes-027,RP-571,note,calc_pdf_p382,report,
TR-1253,SRC-calculation_chapter_03_section_3_2_notes-028,RP-572,note,calc_pdf_p350,report,
TR-1254,SRC-calculation_chapter_03_section_3_2_notes-029,RP-573,note,calc_pdf_p666,report,
TR-1255,SRC-calculation_chapter_03_section_3_2_notes-030,RP-574,note,calc_pdf_p666,report,
TR-1256,SRC-calculation_chapter_03_section_3_2_notes-031,RP-575,note,calc_pdf_p666,report,
TR-1257,SRC-calculation_chapter_03_section_3_2_notes-032,RP-576,note,calc_pdf_p666,report,
TR-1258,SRC-calculation_chapter_03_section_3_2_notes-033,RP-577,note,calc_pdf_p669,report,
TR-1259,SRC-calculation_chapter_03_section_3_2_notes-034,RP-578,note,calc_pdf_p669,report,
TR-1260,SRC-calculation_chapter_03_section_3_2_notes-035,RP-579,note,calc_pdf_p662,report,
TR-1261,SRC-calculation_chapter_03_section_3_2_notes-036,RP-580,note,calc_pdf_p382,report,
TR-1262,CAL-NOT-P00676-001,RP-717,note,calc_pdf_p676,report,
TR-1263,CAL-NOT-P00676-002,RP-718,note,calc_pdf_p676,report,
TR-1264,CAL-NOT-P00676-003,RP-719,note,calc_pdf_p676,report,
TR-1265,CAL-NOT-P00677-001,RP-720,note,calc_pdf_p677,report,
TR-1266,CAL-NOT-P00677-002,RP-721,note,calc_pdf_p677,report,
TR-1267,CAL-NOT-P00679-001,RP-722,note,calc_pdf_p679,report,
TR-1268,CAL-NOT-P00685-001,RP-723,note,calc_pdf_p685,report,
TR-1269,CAL-NOT-P00686-001,RP-724,note,calc_pdf_p686,report,
TR-1270,CAL-NOT-P00689-001,RP-725,note,calc_pdf_p689,report,
TR-1271,CAL-NOT-P00766-001,RP-797,note,calc_pdf_p766,report,
TR-1272,CAL-NOT-P00768-001,RP-798,note,calc_pdf_p768,report,
TR-1273,CAL-NOT-P00769-001,RP-799,note,calc_pdf_p769,report,
TR-1274,CAL-NOT-P00770-001,RP-800,note,calc_pdf_p770,report,
TR-1275,CAL-NOT-P00773-001,RP-801,note,calc_pdf_p773,report,
TR-1276,CAL-NOT-P00789-001,RP-863,note,calc_pdf_p789,report,
TR-1277,CAL-NOT-P00789-002,RP-864,note,calc_pdf_p789,report,
TR-1278,CAL-NOT-P00789-003,RP-865,note,calc_pdf_p789,report,
TR-1279,CAL-NOT-P00791-001,RP-866,note,calc_pdf_p791,report,
TR-1280,CAL-NOT-P00792-001,RP-867,note,calc_pdf_p792,report,
TR-1281,CAL-NOT-P00818-001,RP-912,note,calc_pdf_p818,report,
TR-1282,CAL-NOT-P00818-002,RP-913,note,calc_pdf_p818,report,
TR-1283,CAL-NOT-P00818-003,RP-914,note,calc_pdf_p818,report,
TR-1284,CAL-NOT-P00818-004,RP-915,note,calc_pdf_p818,report,
TR-1285,CAL-NOT-P00819-001,RP-916,note,calc_pdf_p819,report,
TR-1286,CAL-NOT-P00820-001,RP-917,note,calc_pdf_p820,report,
TR-1287,CAL-NOT-P00821-001,RP-918,note,calc_pdf_p821,report,
TR-1288,CAL-NOT-P00843-001,RP-966,note,calc_pdf_p843,report,
TR-1289,CAL-NOT-P00845-001,RP-967,note,calc_pdf_p845,report,
TR-1290,CAL-NOT-P00846-001,RP-968,note,calc_pdf_p846,report,
TR-1291,CAL-NOT-P00848-001,RP-969,note,calc_pdf_p848,report,
TR-1292,CAL-NOT-P00851-001,RP-970,note,calc_pdf_p851,report,
TR-1293,CAL-NOT-P00854-001,RP-971,note,calc_pdf_p854,report,
TR-1294,CAL-NOT-P00860-001,RP-972,note,calc_pdf_p860,report,
TR-1295,CAL-NOT-P00873-001,RP-1024,note,calc_pdf_p873,report,
TR-1296,CAL-NOT-P00873-002,RP-1025,note,calc_pdf_p873,report,
TR-1297,CAL-NOT-P00873-003,RP-1026,note,calc_pdf_p873,report,
TR-1298,CAL-NOT-P00873-004,RP-1027,note,calc_pdf_p873,report,
TR-1299,CAL-NOT-P00873-005,RP-1028,note,calc_pdf_p873,report,
TR-1300,CAL-NOT-P00873-006,RP-1029,note,calc_pdf_p873,report,
TR-1301,CAL-NOT-P00873-007,RP-1030,note,calc_pdf_p873,report,
TR-1302,CAL-NOT-P00873-008,RP-1031,note,calc_pdf_p873,report,
TR-1303,CAL-NOT-P00873-009,RP-1032,note,calc_pdf_p873,report,
TR-1304,CAL-NOT-P00873-010,RP-1033,note,calc_pdf_p873,report,
TR-1305,CAL-NOT-P00873-011,RP-1034,note,calc_pdf_p873,report,
TR-1306,CAL-NOT-P00873-012,RP-1035,note,calc_pdf_p873,report,
TR-1307,CAL-NOT-P00874-001,RP-1036,note,calc_pdf_p874,report,
TR-1308,CAL-NOT-P00874-002,RP-1037,note,calc_pdf_p874,report,
TR-1309,CAL-NOT-P00894-001,RP-1038,note,calc_pdf_p894,report,
TR-1310,CAL-NOT-P00904-001,RP-1039,note,calc_pdf_p904,report,
TR-1311,CAL-NOT-P01284-001,RP-1155,note,calc_pdf_p1284,report,
TR-1312,CAL-NOT-P01284-002,RP-1156,note,calc_pdf_p1284,report,
TR-1313,CAL-NOT-P01284-003,RP-1157,note,calc_pdf_p1284,report,
TR-1314,CAL-NOT-P01284-004,RP-1158,note,calc_pdf_p1284,report,
TR-1315,CAL-NOT-P01285-001,RP-1159,note,calc_pdf_p1285,report,
TR-1316,CAL-NOT-P01286-001,RP-1160,note,calc_pdf_p1286,report,
TR-1317,CAL-NOT-P01286-002,RP-1161,note,calc_pdf_p1286,report,
TR-1318,CAL-NOT-P01318-001,RP-1162,note,calc_pdf_p1318,report,
TR-1319,CAL-NOT-P01318-002,RP-1163,note,calc_pdf_p1318,report,
TR-1320,CAL-NOT-P01319-001,RP-1164,note,calc_pdf_p1319,report,
TR-1321,CAL-NOT-P01319-002,RP-1165,note,calc_pdf_p1319,report,
TR-1322,CAL-NOT-P01319-003,RP-1166,note,calc_pdf_p1319,report,
TR-1323,CAL-NOT-P01319-004,RP-1167,note,calc_pdf_p1319,report,
TR-1324,CAL-NOT-P01322-001,RP-1168,note,calc_pdf_p1322,report,
TR-1325,CAL-NOT-P01778-001,RP-1169,note,calc_pdf_p1778,report,
TR-1326,CAL-NOT-P01947-001,RP-1170,note,calc_pdf_p1947,report,
TR-1327,CH5-NOTE-001,RP-1381,note,calc_pdf_p2028,report,
TR-1328,CH5-NOTE-002,RP-1382,note,calc_pdf_p2028,report,
TR-1329,CH5-NOTE-003,RP-1383,note,calc_pdf_p2031,report,
TR-1330,CH5-NOTE-004,RP-1384,note,calc_pdf_p2031,report,
TR-1331,CH5-NOTE-005,RP-1385,note,calc_pdf_p2032,report,
TR-1332,CH5-NOTE-006,RP-1386,note,calc_pdf_p2035,report,
TR-1333,CH5-NOTE-007,RP-1387,note,calc_pdf_p2038,report,
TR-1334,CH5-NOTE-008,RP-1388,note,calc_pdf_p2138,report,
TR-1335,CH5-NOTE-009,RP-1389,note,calc_pdf_p2138,report,
TR-1336,CH5-NOTE-010,RP-1390,note,calc_pdf_p2139,report,
TR-1337,CH5-NOTE-011,RP-1391,note,calc_pdf_p2167,report,
TR-1338,CH5-NOTE-012,RP-1392,note,calc_pdf_p2191,report,
TR-1339,CH5-NOTE-013,RP-1393,note,calc_pdf_p2193,report,
TR-1340,CH5-NOTE-014,RP-1394,note,calc_pdf_p2195,report,
TR-1341,CH5-NOTE-015,RP-1395,note,calc_pdf_p2199,report,
TR-1342,CH5-NOTE-016,RP-1396,note,calc_pdf_p2205,report,
TR-1343,CH5-NOTE-017,RP-1397,note,calc_pdf_p2207,report,
TR-1344,CH5-NOTE-018,RP-1398,note,calc_pdf_p2210,report,
TR-1345,CH5-NOTE-019,RP-1399,note,calc_pdf_p2217,report,
TR-1346,CH5-NOTE-020,RP-1400,note,calc_pdf_p2224,report,
TR-1347,CH5-NOTE-021,RP-1401,note,calc_pdf_p2225,report,
TR-1348,CH5-NOTE-022,RP-1402,note,calc_pdf_p2226,report,
TR-1349,CH1-PE-002,RP-007,page_element,calc_pdf_p7,report,
TR-1350,CH1-PE-032,RP-038,page_element,calc_pdf_p8,report,
TR-1351,CH1-PE-036,RP-043,page_element,calc_pdf_p10,report,
TR-1352,CH1-PE-037,RP-045,page_element,calc_pdf_p10,report,
TR-1353,CH1-PE-038,RP-047,page_element,calc_pdf_p10,report,
TR-1354,CH1-PE-039,RP-049,page_element,calc_pdf_p11,report,
TR-1355,CH2-PE-003,RP-157,page_element,calc_pdf_p17,report,
TR-1356,CH2-PE-005,RP-160,page_element,calc_pdf_p18,report,
TR-1357,CH2-PE-006,RP-162,page_element,calc_pdf_p18,report,
TR-1358,CH2-PE-007,RP-164,page_element,calc_pdf_p18,report,
TR-1359,CH2-PE-008,RP-166,page_element,calc_pdf_p18,report,
TR-1360,CH2-PE-009,RP-168,page_element,calc_pdf_p19,report,
TR-1361,CH2-PE-010,RP-170,page_element,calc_pdf_p19,report,
TR-1362,CH2-PE-011,RP-172,page_element,calc_pdf_p19,report,
TR-1363,CH2-PE-012,RP-174,page_element,calc_pdf_p19,report,
TR-1364,CH2-PE-013,RP-176,page_element,calc_pdf_p20,report,
TR-1365,CH2-PE-014,RP-178,page_element,calc_pdf_p20,report,
TR-1366,CH2-PE-015,RP-180,page_element,calc_pdf_p20,report,
TR-1367,CH2-PE-016,RP-182,page_element,calc_pdf_p21,report,
TR-1368,CH2-PE-017,RP-184,page_element,calc_pdf_p21,report,
TR-1369,CH2-PE-018,RP-186,page_element,calc_pdf_p22,report,
TR-1370,CH2-PE-019,RP-188,page_element,calc_pdf_p27,report,
TR-1371,CH2-PE-020,RP-190,page_element,calc_pdf_p29,report,
TR-1372,CH2-PE-021,RP-192,page_element,calc_pdf_p30,report,
TR-1373,CH2-PE-022,RP-194,page_element,calc_pdf_p38,report,
TR-1374,CH2-PE-023,RP-196,page_element,calc_pdf_p41,report,
TR-1375,CH2-PE-024,RP-198,page_element,calc_pdf_p70,report,
TR-1376,CAL-P00115-CAL-SEC-3.1-001,RP-296,page_element,calc_pdf_p115,report,
TR-1377,CAL-P00116-CAL-SEC-3.1-001,RP-298,page_element,calc_pdf_p116,report,
TR-1378,CAL-P00117-CAL-SEC-3.1.1-001,RP-300,page_element,calc_pdf_p117,report,
TR-1379,CAL-P00118-CAL-SEC-3.1.2-001,RP-304,page_element,calc_pdf_p118,report,
TR-1380,CAL-P00119-CAL-SEC-3.1.2-001,RP-307,page_element,calc_pdf_p119,report,
TR-1381,CAL-P00121-CAL-SEC-3.1.2-001,RP-310,page_element,calc_pdf_p121,report,
TR-1382,CAL-P00121-CAL-SEC-3.1.2-002,RP-312,page_element,calc_pdf_p121,report,
TR-1383,CAL-P00122-CAL-SEC-3.1.2-001,RP-314,page_element,calc_pdf_p122,report,
TR-1384,CAL-P00122-CAL-SEC-3.1.2-002,RP-316,page_element,calc_pdf_p122,report,
TR-1385,CAL-P00123-CAL-SEC-3.1.2-001,RP-318,page_element,calc_pdf_p123,report,
TR-1386,CAL-P00124-CAL-SEC-3.1.2-001,RP-321,page_element,calc_pdf_p124,report,
TR-1387,CAL-P00125-CAL-SEC-3.1.2-001,RP-323,page_element,calc_pdf_p125,report,
TR-1388,CAL-P00126-CAL-SEC-3.1.2-001,RP-326,page_element,calc_pdf_p126,report,
TR-1389,CAL-P00127-CAL-SEC-3.1.2-001,RP-329,page_element,calc_pdf_p127,report,
TR-1390,CAL-P00128-CAL-SEC-3.1.2-001,RP-331,page_element,calc_pdf_p128,report,
TR-1391,CAL-P00129-CAL-SEC-3.1.2-001,RP-334,page_element,calc_pdf_p129,report,
TR-1392,CAL-P00130-CAL-SEC-3.1.2-001,RP-336,page_element,calc_pdf_p130,report,
TR-1393,CAL-P00131-CAL-SEC-3.1.2-001,RP-338,page_element,calc_pdf_p131,report,
TR-1394,CAL-P00132-CAL-SEC-3.1.2-001,RP-341,page_element,calc_pdf_p132,report,
TR-1395,CAL-P00132-CAL-SEC-3.1.2-002,RP-343,page_element,calc_pdf_p132,report,
TR-1396,CAL-P00133-CAL-SEC-3.1.2-001,RP-345,page_element,calc_pdf_p133,report,
TR-1397,CAL-P00135-CAL-SEC-3.1.2-002,RP-350,page_element,calc_pdf_p135,report,
TR-1398,CAL-P00135-CAL-SEC-3.1.2-003,RP-352,page_element,calc_pdf_p135,report,
TR-1399,CAL-P00136-CAL-SEC-3.1.2-001,RP-355,page_element,calc_pdf_p136,report,
TR-1400,CAL-P00137-CAL-SEC-3.1.2-001,RP-357,page_element,calc_pdf_p137,report,
TR-1401,CAL-P00139-CAL-SEC-3.1.2-001,RP-361,page_element,calc_pdf_p139,report,
TR-1402,CAL-P00141-CAL-SEC-3.1.3-001,RP-366,page_element,calc_pdf_p141,report,
TR-1403,CAL-P00142-CAL-SEC-3.1.4-001,RP-370,page_element,calc_pdf_p142,report,
TR-1404,CAL-P00143-CAL-SEC-3.1.5-001,RP-373,page_element,calc_pdf_p143,report,
TR-1405,CAL-P00145-CAL-SEC-3.1.6-001,RP-377,page_element,calc_pdf_p145,report,
TR-1406,CAL-P00180-CAL-SEC-3.1.7-001,RP-388,page_element,calc_pdf_p180,report,
TR-1407,CAL-P00222-CAL-SEC-3.1.8-001,RP-393,page_element,calc_pdf_p222,report,
TR-1408,CAL-P00277-CAL-SEC-3.1.9-001,RP-398,page_element,calc_pdf_p277,report,
TR-1409,CAL-P00675-CAL-SEC-3.3-001,RP-727,page_element,calc_pdf_p675,report,
TR-1410,CAL-P00676-CAL-SEC-3.3.1-001,RP-729,page_element,calc_pdf_p676,report,
TR-1411,CAL-P00679-CAL-SEC-3.3.2-001,RP-737,page_element,calc_pdf_p679,report,
TR-1412,CAL-P00685-CAL-SEC-3.3.3-001,RP-741,page_element,calc_pdf_p685,report,
TR-1413,CAL-P00687-CAL-SEC-3.3.4-001,RP-746,page_element,calc_pdf_p687,report,
TR-1414,CAL-P00688-CAL-SEC-3.3.4-001,RP-749,page_element,calc_pdf_p688,report,
TR-1415,CAL-P00696-CAL-SEC-3.3.4-001,RP-754,page_element,calc_pdf_p696,report,
TR-1416,CAL-P00704-CAL-SEC-3.3.5-001,RP-758,page_element,calc_pdf_p704,report,
TR-1417,CAL-P00735-CAL-SEC-3.3.6-001,RP-767,page_element,calc_pdf_p735,report,
TR-1418,CAL-P00762-CAL-SEC-3.3.7-001,RP-775,page_element,calc_pdf_p762,report,
TR-1419,CAL-P00765-CAL-SEC-3.4-001,RP-803,page_element,calc_pdf_p765,report,
TR-1420,CAL-P00766-CAL-SEC-3.4.1-001,RP-805,page_element,calc_pdf_p766,report,
TR-1421,CAL-P00767-CAL-SEC-3.4.1-001,RP-809,page_element,calc_pdf_p767,report,
TR-1422,CAL-P00770-CAL-SEC-3.4.1-001,RP-816,page_element,calc_pdf_p770,report,
TR-1423,CAL-P00773-CAL-SEC-3.4.1-001,RP-821,page_element,calc_pdf_p773,report,
TR-1424,CAL-P00774-CAL-SEC-3.4.1-001,RP-824,page_element,calc_pdf_p774,report,
TR-1425,CAL-P00777-CAL-SEC-3.4.2-001,RP-829,page_element,calc_pdf_p777,report,
TR-1426,CAL-P00788-CAL-SEC-3.5-001,RP-869,page_element,calc_pdf_p788,report,
TR-1427,CAL-P00789-CAL-SEC-3.5.1-001,RP-871,page_element,calc_pdf_p789,report,
TR-1428,CAL-P00791-CAL-SEC-3.5.2-001,RP-877,page_element,calc_pdf_p791,report,
TR-1429,CAL-P00792-CAL-SEC-3.5.3-001,RP-881,page_element,calc_pdf_p792,report,
TR-1430,CAL-P00793-CAL-SEC-3.5.4-001,RP-884,page_element,calc_pdf_p793,report,
TR-1431,CAL-P00797-CAL-SEC-3.5.5-001,RP-887,page_element,calc_pdf_p797,report,
TR-1432,CAL-P00800-CAL-SEC-3.5.6-001,RP-890,page_element,calc_pdf_p800,report,
TR-1433,CAL-P00817-CAL-SEC-3.6-001,RP-920,page_element,calc_pdf_p817,report,
TR-1434,CAL-P00818-CAL-SEC-3.6.1-001,RP-922,page_element,calc_pdf_p818,report,
TR-1435,CAL-P00819-CAL-SEC-3.6.2-001,RP-927,page_element,calc_pdf_p819,report,
TR-1436,CAL-P00820-CAL-SEC-3.6.2-001,RP-931,page_element,calc_pdf_p820,report,
TR-1437,CAL-P00821-CAL-SEC-3.6.2-001,RP-935,page_element,calc_pdf_p821,report,
TR-1438,CAL-P00822-CAL-SEC-3.6.3-001,RP-939,page_element,calc_pdf_p822,report,
TR-1439,CAL-P00840-CAL-SEC-3.6.4-001,RP-947,page_element,calc_pdf_p840,report,
TR-1440,CAL-P00842-CAL-SEC-3.7-001,RP-974,page_element,calc_pdf_p842,report,
TR-1441,CAL-P00843-CAL-SEC-3.7.1-001,RP-976,page_element,calc_pdf_p843,report,
TR-1442,CAL-P00845-CAL-SEC-3.7.1-001,RP-980,page_element,calc_pdf_p845,report,
TR-1443,CAL-P00860-CAL-SEC-3.7.2-001,RP-996,page_element,calc_pdf_p860,report,
TR-1444,CAL-P00872-CAL-SEC-4.1-001,RP-1043,page_element,calc_pdf_p872,report,
TR-1445,CAL-P00873-CAL-SEC-4.1.1-001,RP-1045,page_element,calc_pdf_p873,report,
TR-1446,CAL-P00874-CAL-SEC-4.1.2-001,RP-1053,page_element,calc_pdf_p874,report,
TR-1447,CAL-P00876-CAL-SEC-4.1.2-001,RP-1057,page_element,calc_pdf_p876,report,
TR-1448,CAL-P00881-CAL-SEC-4.1.2-001,RP-1060,page_element,calc_pdf_p881,report,
TR-1449,CAL-P00893-CAL-SEC-4.1.2-001,RP-1063,page_element,calc_pdf_p893,report,
TR-1450,CAL-P00893-CAL-SEC-4.1.2-003,RP-1066,page_element,calc_pdf_p893,report,
TR-1451,CAL-P00894-CAL-SEC-4.1.2-001,RP-1069,page_element,calc_pdf_p894,report,
TR-1452,CAL-P00900-CAL-SEC-4.1.3-001,RP-1073,page_element,calc_pdf_p900,report,
TR-1453,CAL-P00901-CAL-SEC-4.1.4-001,RP-1076,page_element,calc_pdf_p901,report,
TR-1454,CAL-P00904-CAL-SEC-4.1.5-001,RP-1081,page_element,calc_pdf_p904,report,
TR-1455,CAL-P00904-CAL-SEC-4.1.5-002,RP-1083,page_element,calc_pdf_p904,report,
TR-1456,CAL-P01026-CAL-SEC-4.1.5-001,RP-1086,page_element,calc_pdf_p1026,report,
TR-1457,CAL-P01115-CAL-SEC-4.1.6-001,RP-1089,page_element,calc_pdf_p1115,report,
TR-1458,CAL-P01115-CAL-SEC-4.1.6-002,RP-1091,page_element,calc_pdf_p1115,report,
TR-1459,CAL-P01130-CAL-SEC-4.1.6-001,RP-1094,page_element,calc_pdf_p1130,report,
TR-1460,CAL-P01266-CAL-SEC-4.1.7-001,RP-1097,page_element,calc_pdf_p1266,report,
TR-1461,CAL-P01266-CAL-SEC-4.1.7-002,RP-1099,page_element,calc_pdf_p1266,report,
TR-1462,CAL-P01275-CAL-SEC-4.1.7-001,RP-1102,page_element,calc_pdf_p1275,report,
TR-1463,CAL-P01280-CAL-SEC-4.1.7-001,RP-1105,page_element,calc_pdf_p1280,report,
TR-1464,CAL-P01282-CAL-SEC-4.1.7-001,RP-1110,page_element,calc_pdf_p1282,report,
TR-1465,CAL-P01283-CAL-SEC-4.2-001,RP-1172,page_element,calc_pdf_p1283,report,
TR-1466,CAL-P01284-CAL-SEC-4.2.1-001,RP-1174,page_element,calc_pdf_p1284,report,
TR-1467,CAL-P01287-CAL-SEC-4.2.2-001,RP-1185,page_element,calc_pdf_p1287,report,
TR-1468,CAL-P01299-CAL-SEC-4.2.3-001,RP-1188,page_element,calc_pdf_p1299,report,
TR-1469,CAL-P01318-CAL-SEC-4.2.4-001,RP-1195,page_element,calc_pdf_p1318,report,
TR-1470,CAL-P01319-CAL-SEC-4.2.4-001,RP-1198,page_element,calc_pdf_p1319,report,
TR-1471,CAL-P01400-CAL-SEC-4.2.4-001,RP-1210,page_element,calc_pdf_p1400,report,
TR-1472,CAL-P01451-CAL-SEC-4.2.4-001,RP-1212,page_element,calc_pdf_p1451,report,
TR-1473,CAL-P01520-CAL-SEC-4.2.4-001,RP-1214,page_element,calc_pdf_p1520,report,
TR-1474,CAL-P01598-CAL-SEC-4.2.4-001,RP-1216,page_element,calc_pdf_p1598,report,
TR-1475,CAL-P01680-CAL-SEC-4.2.4-001,RP-1218,page_element,calc_pdf_p1680,report,
TR-1476,CAL-P01776-CAL-SEC-4.2.5-001,RP-1220,page_element,calc_pdf_p1776,report,
TR-1477,CAL-P01778-CAL-SEC-4.2.6-001,RP-1224,page_element,calc_pdf_p1778,report,
TR-1478,CAL-P01947-CAL-SEC-4.2.7-001,RP-1227,page_element,calc_pdf_p1947,report,
TR-1479,CAL-P01955-CAL-SEC-4.2.8-001,RP-1230,page_element,calc_pdf_p1955,report,
TR-1480,CAL-P01955-CAL-SEC-4.2.8-002,RP-1232,page_element,calc_pdf_p1955,report,
TR-1481,CAL-P01958-CAL-SEC-4.2.8-001,RP-1235,page_element,calc_pdf_p1958,report,
TR-1482,CAL-P02003-CAL-SEC-4.2.8-001,RP-1237,page_element,calc_pdf_p2003,report,
TR-1483,CAL-P02076-CAL-SEC-4.2.8-001,RP-1240,page_element,calc_pdf_p2076,report,
TR-1484,CAL-P02098-CAL-SEC-4.2.8-001,RP-1243,page_element,calc_pdf_p2098,report,
TR-1485,CAL-P02100-CAL-SEC-4.2.8-001,RP-1246,page_element,calc_pdf_p2100,report,
TR-1486,CAL-P02114-CAL-SEC-4.2.8-001,RP-1249,page_element,calc_pdf_p2114,report,
TR-1487,CAL-P02003-CAL-SEC-4.2.9-001,RP-1252,page_element,calc_pdf_p2003,report,
TR-1488,CAL-P02003-CAL-SEC-4.2.9-002,RP-1254,page_element,calc_pdf_p2003,report,
TR-1489,CAL-P02003-CAL-SEC-4.2.9-003,RP-1256,page_element,calc_pdf_p2003,report,
TR-1490,CAL-P02003-CAL-SEC-4.2.9-004,RP-1258,page_element,calc_pdf_p2003,report,
TR-1491,CAL-P02003-CAL-SEC-4.2.9-005,RP-1260,page_element,calc_pdf_p2003,report,
TR-1492,CAL-P02023-CAL-SEC-4.2.10-001,RP-1262,page_element,calc_pdf_p2023,report,
TR-1493,CH5-PE-002,RP-1406,page_element,calc_pdf_p2027,report,
TR-1494,CH5-PE-003,RP-1408,page_element,calc_pdf_p2027,report,
TR-1495,CH5-PE-004,RP-1410,page_element,calc_pdf_p2027,report,
TR-1496,CH5-PE-007,RP-1414,page_element,calc_pdf_p2028,report,
TR-1497,CH5-PE-008,RP-1416,page_element,calc_pdf_p2028,report,
TR-1498,CH5-PE-009,RP-1418,page_element,calc_pdf_p2028,report,
TR-1499,CH5-PE-010,RP-1420,page_element,calc_pdf_p2028,report,
TR-1500,CH5-PE-011,RP-1422,page_element,calc_pdf_p2029,report,
TR-1501,CH5-PE-012,RP-1424,page_element,calc_pdf_p2030,report,
TR-1502,CH5-PE-013,RP-1426,page_element,calc_pdf_p2031,report,
TR-1503,CH5-PE-014,RP-1428,page_element,calc_pdf_p2031,report,
TR-1504,CH5-PE-015,RP-1430,page_element,calc_pdf_p2031,report,
TR-1505,CH5-PE-016,RP-1432,page_element,calc_pdf_p2031,report,
TR-1506,CH5-PE-017,RP-1434,page_element,calc_pdf_p2031,report,
TR-1507,CH5-PE-018,RP-1436,page_element,calc_pdf_p2031,report,
TR-1508,CH5-PE-019,RP-1438,page_element,calc_pdf_p2032,report,
TR-1509,CH5-PE-020,RP-1440,page_element,calc_pdf_p2032,report,
TR-1510,CH5-PE-021,RP-1442,page_element,calc_pdf_p2032,report,
TR-1511,CH5-PE-022,RP-1444,page_element,calc_pdf_p2033,report,
TR-1512,CH5-PE-023,RP-1446,page_element,calc_pdf_p2033,report,
TR-1513,CH5-PE-024,RP-1448,page_element,calc_pdf_p2034,report,
TR-1514,CH5-PE-025,RP-1450,page_element,calc_pdf_p2035,report,
TR-1515,CH5-PE-026,RP-1452,page_element,calc_pdf_p2036,report,
TR-1516,CH5-PE-027,RP-1454,page_element,calc_pdf_p2037,report,
TR-1517,CH5-PE-028,RP-1456,page_element,calc_pdf_p2038,report,
TR-1518,CH5-PE-029,RP-1458,page_element,calc_pdf_p2039,report,
TR-1519,CH5-PE-030,RP-1460,page_element,calc_pdf_p2039,report,
TR-1520,CH5-PE-031,RP-1462,page_element,calc_pdf_p2040,report,
TR-1521,CH5-PE-032,RP-1464,page_element,calc_pdf_p2041,report,
TR-1522,CH5-PE-033,RP-1466,page_element,calc_pdf_p2042,report,
TR-1523,CH5-PE-034,RP-1468,page_element,calc_pdf_p2042,report,
TR-1524,CH5-PE-035,RP-1470,page_element,calc_pdf_p2043,report,
TR-1525,CH5-PE-036,RP-1472,page_element,calc_pdf_p2043,report,
TR-1526,CH5-PE-037,RP-1474,page_element,calc_pdf_p2044,report,
TR-1527,CH5-PE-038,RP-1476,page_element,calc_pdf_p2045,report,
TR-1528,CH5-PE-039,RP-1478,page_element,calc_pdf_p2046,report,
TR-1529,CH5-PE-040,RP-1480,page_element,calc_pdf_p2047,report,
TR-1530,CH5-PE-041,RP-1482,page_element,calc_pdf_p2083,report,
TR-1531,CH5-PE-042,RP-1484,page_element,calc_pdf_p2138,report,
TR-1532,CH5-PE-043,RP-1486,page_element,calc_pdf_p2138,report,
TR-1533,CH5-PE-044,RP-1488,page_element,calc_pdf_p2138,report,
TR-1534,CH5-PE-045,RP-1490,page_element,calc_pdf_p2139,report,
TR-1535,CH5-PE-046,RP-1492,page_element,calc_pdf_p2167,report,
TR-1536,CH5-PE-047,RP-1494,page_element,calc_pdf_p2167,report,
TR-1537,CH5-PE-048,RP-1496,page_element,calc_pdf_p2190,report,
TR-1538,CH5-PE-049,RP-1498,page_element,calc_pdf_p2190,report,
TR-1539,CH5-PE-051,RP-1501,page_element,calc_pdf_p2191,report,
TR-1540,CH5-PE-052,RP-1503,page_element,calc_pdf_p2192,report,
TR-1541,CH5-PE-053,RP-1505,page_element,calc_pdf_p2193,report,
TR-1542,CH5-PE-054,RP-1507,page_element,calc_pdf_p2193,report,
TR-1543,CH5-PE-055,RP-1509,page_element,calc_pdf_p2193,report,
TR-1544,CH5-PE-056,RP-1511,page_element,calc_pdf_p2194,report,
TR-1545,CH5-PE-057,RP-1513,page_element,calc_pdf_p2195,report,
TR-1546,CH5-PE-058,RP-1515,page_element,calc_pdf_p2196,report,
TR-1547,CH5-PE-059,RP-1517,page_element,calc_pdf_p2197,report,
TR-1548,CH5-PE-060,RP-1519,page_element,calc_pdf_p2197,report,
TR-1549,CH5-PE-061,RP-1521,page_element,calc_pdf_p2198,report,
TR-1550,CH5-PE-062,RP-1523,page_element,calc_pdf_p2199,report,
TR-1551,CH5-PE-063,RP-1525,page_element,calc_pdf_p2199,report,
TR-1552,CH5-PE-064,RP-1527,page_element,calc_pdf_p2199,report,
TR-1553,CH5-PE-065,RP-1529,page_element,calc_pdf_p2201,report,
TR-1554,CH5-PE-066,RP-1531,page_element,calc_pdf_p2204,report,
TR-1555,CH5-PE-067,RP-1533,page_element,calc_pdf_p2205,report,
TR-1556,CH5-PE-068,RP-1535,page_element,calc_pdf_p2205,report,
TR-1557,CH5-PE-069,RP-1537,page_element,calc_pdf_p2206,report,
TR-1558,CH5-PE-070,RP-1539,page_element,calc_pdf_p2207,report,
TR-1559,CH5-PE-071,RP-1541,page_element,calc_pdf_p2207,report,
TR-1560,CH5-PE-072,RP-1543,page_element,calc_pdf_p2207,report,
TR-1561,CH5-PE-073,RP-1545,page_element,calc_pdf_p2208,report,
TR-1562,CH5-PE-074,RP-1547,page_element,calc_pdf_p2208,report,
TR-1563,CH5-PE-075,RP-1549,page_element,calc_pdf_p2208,report,
TR-1564,CH5-PE-076,RP-1551,page_element,calc_pdf_p2209,report,
TR-1565,CH5-PE-077,RP-1553,page_element,calc_pdf_p2211,report,
TR-1566,CH5-PE-078,RP-1555,page_element,calc_pdf_p2212,report,
TR-1567,CH5-PE-079,RP-1557,page_element,calc_pdf_p2213,report,
TR-1568,CH5-PE-080,RP-1559,page_element,calc_pdf_p2214,report,
TR-1569,CH5-PE-081,RP-1561,page_element,calc_pdf_p2216,report,
TR-1570,CH5-PE-082,RP-1563,page_element,calc_pdf_p2220,report,
TR-1571,CH5-PE-083,RP-1565,page_element,calc_pdf_p2220,report,
TR-1572,CH5-PE-084,RP-1567,page_element,calc_pdf_p2220,report,
TR-1573,CH5-PE-085,RP-1569,page_element,calc_pdf_p2221,report,
TR-1574,CH5-PE-086,RP-1571,page_element,calc_pdf_p2222,report,
TR-1575,CH5-PE-087,RP-1573,page_element,calc_pdf_p2222,report,
TR-1576,CH5-PE-088,RP-1575,page_element,calc_pdf_p2223,report,
TR-1577,CH5-PE-089,RP-1577,page_element,calc_pdf_p2224,report,
TR-1578,CH5-PE-090,RP-1579,page_element,calc_pdf_p2224,report,
TR-1579,CH5-PE-091,RP-1581,page_element,calc_pdf_p2225,report,
TR-1580,CH5-PE-092,RP-1583,page_element,calc_pdf_p2226,report,
TR-1581,CH1-TBL-001,RP-050,table,calc_pdf_p10,report,
TR-1582,CH1-TBL-002,RP-051,table,calc_pdf_p10,report,
TR-1583,CH1-TBL-003,RP-052,table,calc_pdf_p10,report,
TR-1584,CH1-TBL-004,RP-053,table,calc_pdf_p10,report,
TR-1585,CH1-TBL-005,RP-054,table,calc_pdf_p10,report,
TR-1586,CH1-TBL-006,RP-055,table,calc_pdf_p10,report,
TR-1587,CH1-TBL-007,RP-056,table,calc_pdf_p10,report,
TR-1588,CH1-TBL-008,RP-057,table,calc_pdf_p10,report,
TR-1589,CH1-TBL-009,RP-058,table,calc_pdf_p10,report,
TR-1590,CH1-TBL-010,RP-059,table,calc_pdf_p10,report,
TR-1591,CH1-TBL-011,RP-060,table,calc_pdf_p10,report,
TR-1592,CH1-TBL-012,RP-061,table,calc_pdf_p10,report,
TR-1593,CH1-TBL-013,RP-062,table,calc_pdf_p10,report,
TR-1594,CH1-TBL-014,RP-063,table,calc_pdf_p10,report,
TR-1595,CH1-TBL-015,RP-064,table,calc_pdf_p10,report,
TR-1596,CH1-TBL-016,RP-065,table,calc_pdf_p10,report,
TR-1597,CH1-TBL-017,RP-066,table,calc_pdf_p10,report,
TR-1598,CH1-TBL-018,RP-067,table,calc_pdf_p10,report,
TR-1599,CH1-TBL-019,RP-068,table,calc_pdf_p10,report,
TR-1600,CH1-TBL-020,RP-069,table,calc_pdf_p10,report,
TR-1601,CH1-TBL-021,RP-070,table,calc_pdf_p10,report,
TR-1602,CH1-TBL-022,RP-071,table,calc_pdf_p10,report,
TR-1603,CH1-TBL-023,RP-072,table,calc_pdf_p10,report,
TR-1604,CH1-TBL-024,RP-073,table,calc_pdf_p10,report,
TR-1605,CH1-TBL-025,RP-074,table,calc_pdf_p10,report,
TR-1606,CH1-TBL-026,RP-075,table,calc_pdf_p10,report,
TR-1607,CH1-TBL-027,RP-076,table,calc_pdf_p10,report,
TR-1608,CH1-TBL-028,RP-077,table,calc_pdf_p10,report,
TR-1609,CH1-TBL-029,RP-078,table,calc_pdf_p10,report,
TR-1610,CH1-TBL-030,RP-079,table,calc_pdf_p10,report,
TR-1611,CH1-TBL-031,RP-080,table,calc_pdf_p10,report,
TR-1612,CH1-TBL-032,RP-081,table,calc_pdf_p10,report,
TR-1613,CH1-TBL-033,RP-082,table,calc_pdf_p10,report,
TR-1614,CH1-TBL-034,RP-083,table,calc_pdf_p10,report,
TR-1615,CH1-TBL-035,RP-084,table,calc_pdf_p10,report,
TR-1616,CH1-TBL-036,RP-085,table,calc_pdf_p10,report,
TR-1617,CH1-TBL-037,RP-086,table,calc_pdf_p10,report,
TR-1618,CH1-TBL-038,RP-087,table,calc_pdf_p10,report,
TR-1619,CH1-TBL-039,RP-088,table,calc_pdf_p10,report,
TR-1620,CH1-TBL-040,RP-089,table,calc_pdf_p10,report,
TR-1621,CH1-TBL-041,RP-090,table,calc_pdf_p10,report,
TR-1622,CH1-TBL-042,RP-091,table,calc_pdf_p10,report,
TR-1623,CH1-TBL-043,RP-092,table,calc_pdf_p10,report,
TR-1624,CH1-TBL-044,RP-093,table,calc_pdf_p10,report,
TR-1625,CH1-TBL-045,RP-094,table,calc_pdf_p10,report,
TR-1626,CH1-TBL-046,RP-095,table,calc_pdf_p10,report,
TR-1627,CH1-TBL-047,RP-096,table,calc_pdf_p10,report,
TR-1628,CH1-TBL-048,RP-097,table,calc_pdf_p10,report,
TR-1629,CH1-TBL-049,RP-098,table,calc_pdf_p10,report,
TR-1630,CH1-TBL-050,RP-099,table,calc_pdf_p10,report,
TR-1631,CH1-TBL-051,RP-100,table,calc_pdf_p10,report,
TR-1632,CH1-TBL-052,RP-101,table,calc_pdf_p10,report,
TR-1633,CH1-TBL-053,RP-102,table,calc_pdf_p10,report,
TR-1634,CH1-TBL-054,RP-103,table,calc_pdf_p10,report,
TR-1635,CH1-TBL-055,RP-104,table,calc_pdf_p10,report,
TR-1636,CH1-TBL-056,RP-105,table,calc_pdf_p10,report,
TR-1637,CH1-TBL-057,RP-106,table,calc_pdf_p10,report,
TR-1638,CH1-TBL-058,RP-107,table,calc_pdf_p10,report,
TR-1639,CH1-TBL-059,RP-108,table,calc_pdf_p11,report,
TR-1640,CH1-TBL-060,RP-109,table,calc_pdf_p11,report,
TR-1641,CH1-TBL-061,RP-110,table,calc_pdf_p11,report,
TR-1642,CH1-TBL-062,RP-111,table,calc_pdf_p11,report,
TR-1643,CH1-TBL-063,RP-112,table,calc_pdf_p11,report,
TR-1644,CH1-TBL-064,RP-113,table,calc_pdf_p11,report,
TR-1645,CH1-TBL-065,RP-114,table,calc_pdf_p11,report,
TR-1646,CH1-TBL-066,RP-115,table,calc_pdf_p11,report,
TR-1647,CH1-TBL-067,RP-116,table,calc_pdf_p11,report,
TR-1648,CH1-TBL-068,RP-117,table,calc_pdf_p11,report,
TR-1649,CH1-TBL-069,RP-118,table,calc_pdf_p11,report,
TR-1650,CH1-TBL-070,RP-119,table,calc_pdf_p11,report,
TR-1651,CH1-TBL-071,RP-120,table,calc_pdf_p11,report,
TR-1652,CH1-TBL-072,RP-121,table,calc_pdf_p11,report,
TR-1653,CH1-TBL-073,RP-122,table,calc_pdf_p11,report,
TR-1654,CH1-TBL-074,RP-123,table,calc_pdf_p11,report,
TR-1655,CH1-TBL-075,RP-124,table,calc_pdf_p11,report,
TR-1656,CH1-TBL-076,RP-125,table,calc_pdf_p11,report,
TR-1657,CH1-TBL-077,RP-126,table,calc_pdf_p11,report,
TR-1658,CH1-TBL-078,RP-127,table,calc_pdf_p11,report,
TR-1659,CH1-TBL-079,RP-128,table,calc_pdf_p11,report,
TR-1660,CH1-TBL-080,RP-129,table,calc_pdf_p11,report,
TR-1661,CH1-TBL-081,RP-130,table,calc_pdf_p11,report,
TR-1662,CH1-TBL-082,RP-131,table,calc_pdf_p11,report,
TR-1663,CH1-TBL-083,RP-132,table,calc_pdf_p7,report,
TR-1664,CH2-TBL-001,RP-200,table,calc_pdf_p18,report,
TR-1665,CH2-TBL-002,RP-201,table,calc_pdf_p18,report,
TR-1666,CH2-TBL-003,RP-202,table,calc_pdf_p18,report,
TR-1667,CH2-TBL-004,RP-203,table,calc_pdf_p18,report,
TR-1668,CH2-TBL-005,RP-204,table,calc_pdf_p18,report,
TR-1669,CH2-TBL-006,RP-205,table,calc_pdf_p18,report,
TR-1670,CH2-TBL-007,RP-206,table,calc_pdf_p18,report,
TR-1671,CH2-TBL-008,RP-207,table,calc_pdf_p18,report,
TR-1672,CH2-TBL-009,RP-208,table,calc_pdf_p18,report,
TR-1673,CH2-TBL-010,RP-209,table,calc_pdf_p18,report,
TR-1674,CH2-TBL-011,RP-210,table,calc_pdf_p18,report,
TR-1675,CH2-TBL-012,RP-211,table,calc_pdf_p18,report,
TR-1676,CH2-TBL-013,RP-212,table,calc_pdf_p18,report,
TR-1677,CH2-TBL-014,RP-213,table,calc_pdf_p18,report,
TR-1678,CH2-TBL-015,RP-214,table,calc_pdf_p18,report,
TR-1679,CH2-TBL-016,RP-215,table,calc_pdf_p18,report,
TR-1680,CH2-TBL-017,RP-216,table,calc_pdf_p18,report,
TR-1681,CH2-TBL-018,RP-217,table,calc_pdf_p18,report,
TR-1682,CH2-TBL-019,RP-218,table,calc_pdf_p19,report,
TR-1683,CH2-TBL-020,RP-219,table,calc_pdf_p19,report,
TR-1684,CH2-TBL-021,RP-220,table,calc_pdf_p19,report,
TR-1685,CH2-TBL-022,RP-221,table,calc_pdf_p19,report,
TR-1686,CH2-TBL-023,RP-222,table,calc_pdf_p19,report,
TR-1687,CH2-TBL-024,RP-223,table,calc_pdf_p19,report,
TR-1688,CH2-TBL-025,RP-224,table,calc_pdf_p19,report,
TR-1689,CH2-TBL-026,RP-225,table,calc_pdf_p19,report,
TR-1690,CH2-TBL-027,RP-226,table,calc_pdf_p19,report,
TR-1691,CH2-TBL-028,RP-227,table,calc_pdf_p19,report,
TR-1692,CH2-TBL-029,RP-228,table,calc_pdf_p19,report,
TR-1693,CH2-TBL-030,RP-229,table,calc_pdf_p19,report,
TR-1694,CH2-TBL-031,RP-230,table,calc_pdf_p20,report,
TR-1695,CH2-TBL-032,RP-231,table,calc_pdf_p20,report,
TR-1696,CH2-TBL-033,RP-232,table,calc_pdf_p20,report,
TR-1697,CH2-TBL-034,RP-233,table,calc_pdf_p20,report,
TR-1698,CAL-TBL-P00119-001,RP-400,table,calc_pdf_p119,report,
TR-1699,CAL-TBL-P00119-002,RP-401,table,calc_pdf_p119,report,
TR-1700,CAL-TBL-P00119-003,RP-402,table,calc_pdf_p119,report,
TR-1701,CAL-TBL-P00119-004,RP-403,table,calc_pdf_p119,report,
TR-1702,CAL-TBL-P00119-005,RP-404,table,calc_pdf_p119,report,
TR-1703,CAL-TBL-P00119-006,RP-405,table,calc_pdf_p119,report,
TR-1704,CAL-TBL-P00119-007,RP-406,table,calc_pdf_p119,report,
TR-1705,CAL-TBL-P00119-008,RP-407,table,calc_pdf_p119,report,
TR-1706,CAL-TBL-P00119-009,RP-408,table,calc_pdf_p119,report,
TR-1707,CAL-TBL-P00119-010,RP-409,table,calc_pdf_p119,report,
TR-1708,CAL-TBL-P00119-011,RP-410,table,calc_pdf_p119,report,
TR-1709,CAL-TBL-P00119-012,RP-411,table,calc_pdf_p119,report,
TR-1710,CAL-TBL-P00119-013,RP-412,table,calc_pdf_p119,report,
TR-1711,CAL-TBL-P00125-001,RP-413,table,calc_pdf_p125,report,
TR-1712,CAL-TBL-P00125-002,RP-414,table,calc_pdf_p125,report,
TR-1713,CAL-TBL-P00125-003,RP-415,table,calc_pdf_p125,report,
TR-1714,CAL-TBL-P00125-004,RP-416,table,calc_pdf_p125,report,
TR-1715,CAL-TBL-P00128-001,RP-417,table,calc_pdf_p128,report,
TR-1716,CAL-TBL-P00128-002,RP-418,table,calc_pdf_p128,report,
TR-1717,CAL-TBL-P00128-003,RP-419,table,calc_pdf_p128,report,
TR-1718,CAL-TBL-P00131-001,RP-420,table,calc_pdf_p131,report,
TR-1719,CAL-TBL-P00131-002,RP-421,table,calc_pdf_p131,report,
TR-1720,CAL-TBL-P00131-003,RP-422,table,calc_pdf_p131,report,
TR-1721,CAL-TBL-P00131-004,RP-423,table,calc_pdf_p131,report,
TR-1722,CAL-TBL-P00131-005,RP-424,table,calc_pdf_p131,report,
TR-1723,CAL-TBL-P00131-006,RP-425,table,calc_pdf_p131,report,
TR-1724,CAL-TBL-P00131-007,RP-426,table,calc_pdf_p131,report,
TR-1725,CAL-TBL-P00131-008,RP-427,table,calc_pdf_p131,report,
TR-1726,CAL-TBL-P00132-001,RP-428,table,calc_pdf_p132,report,
TR-1727,CAL-TBL-P00132-002,RP-429,table,calc_pdf_p132,report,
TR-1728,CAL-TBL-P00132-003,RP-430,table,calc_pdf_p132,report,
TR-1729,CAL-TBL-P00132-004,RP-431,table,calc_pdf_p132,report,
TR-1730,CAL-TBL-P00133-001,RP-432,table,calc_pdf_p133,report,
TR-1731,CAL-TBL-P00133-002,RP-433,table,calc_pdf_p133,report,
TR-1732,CAL-TBL-P00133-003,RP-434,table,calc_pdf_p133,report,
TR-1733,CAL-TBL-P00133-004,RP-435,table,calc_pdf_p133,report,
TR-1734,CAL-TBL-P00133-005,RP-436,table,calc_pdf_p133,report,
TR-1735,CAL-TBL-P00133-006,RP-437,table,calc_pdf_p133,report,
TR-1736,CAL-TBL-P00133-007,RP-438,table,calc_pdf_p133,report,
TR-1737,CAL-TBL-P00133-008,RP-439,table,calc_pdf_p133,report,
TR-1738,CAL-TBL-P00133-009,RP-440,table,calc_pdf_p133,report,
TR-1739,CAL-TBL-P00133-010,RP-441,table,calc_pdf_p133,report,
TR-1740,CAL-TBL-P00133-011,RP-442,table,calc_pdf_p133,report,
TR-1741,CAL-TBL-P00133-012,RP-443,table,calc_pdf_p133,report,
TR-1742,CAL-TBL-P00134-001,RP-444,table,calc_pdf_p134,report,
TR-1743,CAL-TBL-P00134-002,RP-445,table,calc_pdf_p134,report,
TR-1744,CAL-TBL-P00134-003,RP-446,table,calc_pdf_p134,report,
TR-1745,CAL-TBL-P00134-004,RP-447,table,calc_pdf_p134,report,
TR-1746,CAL-TBL-P00134-005,RP-448,table,calc_pdf_p134,report,
TR-1747,CAL-TBL-P00134-006,RP-449,table,calc_pdf_p134,report,
TR-1748,CAL-TBL-P00135-001,RP-450,table,calc_pdf_p135,report,
TR-1749,CAL-TBL-P00135-002,RP-451,table,calc_pdf_p135,report,
TR-1750,CAL-TBL-P00135-003,RP-452,table,calc_pdf_p135,report,
TR-1751,CAL-TBL-P00135-004,RP-453,table,calc_pdf_p135,report,
TR-1752,CAL-TBL-P00135-005,RP-454,table,calc_pdf_p135,report,
TR-1753,CAL-TBL-P00135-006,RP-455,table,calc_pdf_p135,report,
TR-1754,CAL-TBL-P00135-007,RP-456,table,calc_pdf_p135,report,
TR-1755,CAL-TBL-P00135-008,RP-457,table,calc_pdf_p135,report,
TR-1756,CAL-TBL-P00135-009,RP-458,table,calc_pdf_p135,report,
TR-1757,CAL-TBL-P00135-010,RP-459,table,calc_pdf_p135,report,
TR-1758,CAL-TBL-P00141-001,RP-460,table,calc_pdf_p141,report,
TR-1759,CAL-TBL-P00141-002,RP-461,table,calc_pdf_p141,report,
TR-1760,CAL-TBL-P00141-003,RP-462,table,calc_pdf_p141,report,
TR-1761,CAL-TBL-P00141-004,RP-463,table,calc_pdf_p141,report,
TR-1762,CAL-TBL-P00141-005,RP-464,table,calc_pdf_p141,report,
TR-1763,CAL-TBL-P00141-006,RP-465,table,calc_pdf_p141,report,
TR-1764,CAL-TBL-P00141-007,RP-466,table,calc_pdf_p141,report,
TR-1765,CAL-TBL-P00141-008,RP-467,table,calc_pdf_p141,report,
TR-1766,CAL-TBL-P00143-001,RP-468,table,calc_pdf_p143,report,
TR-1767,CAL-TBL-P00143-002,RP-469,table,calc_pdf_p143,report,
TR-1768,CAL-TBL-P00143-003,RP-470,table,calc_pdf_p143,report,
TR-1769,CAL-TBL-P00143-004,RP-471,table,calc_pdf_p143,report,
TR-1770,CAL-TBL-P00143-005,RP-472,table,calc_pdf_p143,report,
TR-1771,CAL-TBL-P00143-006,RP-473,table,calc_pdf_p143,report,
TR-1772,CAL-TBL-P00143-007,RP-474,table,calc_pdf_p143,report,
TR-1773,CAL-TBL-P00144-001,RP-475,table,calc_pdf_p144,report,
TR-1774,CAL-TBL-P00144-002,RP-476,table,calc_pdf_p144,report,
TR-1775,CAL-TBL-P00144-003,RP-477,table,calc_pdf_p144,report,
TR-1776,CAL-TBL-P00144-004,RP-478,table,calc_pdf_p144,report,
TR-1777,CAL-TBL-P00149-001,RP-479,table,calc_pdf_p149,report,
TR-1778,CAL-TBL-P00149-002,RP-480,table,calc_pdf_p149,report,
TR-1779,CAL-TBL-P00149-003,RP-481,table,calc_pdf_p149,report,
TR-1780,CAL-TBL-P00149-004,RP-482,table,calc_pdf_p149,report,
TR-1781,CAL-TBL-P00222-001,RP-483,table,calc_pdf_p222,report,
TR-1782,CAL-TBL-P00222-002,RP-484,table,calc_pdf_p222,report,
TR-1783,CAL-TBL-P00222-003,RP-485,table,calc_pdf_p222,report,
TR-1784,CAL-TBL-P00222-004,RP-486,table,calc_pdf_p222,report,
TR-1785,CAL-TBL-P00222-005,RP-487,table,calc_pdf_p222,report,
TR-1786,CAL-TBL-P00222-006,RP-488,table,calc_pdf_p222,report,
TR-1787,CAL-TBL-P00222-007,RP-489,table,calc_pdf_p222,report,
TR-1788,CAL-TBL-P00222-008,RP-490,table,calc_pdf_p222,report,
TR-1789,CAL-TBL-P00222-009,RP-491,table,calc_pdf_p222,report,
TR-1790,CAL-TBL-P00222-010,RP-492,table,calc_pdf_p222,report,
TR-1791,CAL-TBL-P00222-011,RP-493,table,calc_pdf_p222,report,
TR-1792,CAL-TBL-P00222-012,RP-494,table,calc_pdf_p222,report,
TR-1793,CAL-TBL-P00222-013,RP-495,table,calc_pdf_p222,report,
TR-1794,CAL-TBL-P00222-014,RP-496,table,calc_pdf_p222,report,
TR-1795,CAL-TBL-P00222-015,RP-497,table,calc_pdf_p222,report,
TR-1796,CAL-TBL-P00222-016,RP-498,table,calc_pdf_p222,report,
TR-1797,CAL-TBL-P00223-001,RP-499,table,calc_pdf_p223,report,
TR-1798,CAL-TBL-P00223-002,RP-500,table,calc_pdf_p223,report,
TR-1799,CAL-TBL-P00223-003,RP-501,table,calc_pdf_p223,report,
TR-1800,CAL-TBL-P00223-004,RP-502,table,calc_pdf_p223,report,
TR-1801,CAL-TBL-P00223-005,RP-503,table,calc_pdf_p223,report,
TR-1802,CAL-TBL-P00223-006,RP-504,table,calc_pdf_p223,report,
TR-1803,CAL-TBL-P00223-007,RP-505,table,calc_pdf_p223,report,
TR-1804,CAL-TBL-P00223-008,RP-506,table,calc_pdf_p223,report,
TR-1805,CAL-TBL-P00223-009,RP-507,table,calc_pdf_p223,report,
TR-1806,CAL-TBL-P00223-010,RP-508,table,calc_pdf_p223,report,
TR-1807,SRC-calculation_chapter_03_section_3_2_tables-001,RP-658,table,calc_pdf_p293,report,
TR-1808,SRC-calculation_chapter_03_section_3_2_tables-002,RP-659,table,calc_pdf_p293,report,
TR-1809,SRC-calculation_chapter_03_section_3_2_tables-003,RP-660,table,calc_pdf_p293,report,
TR-1810,SRC-calculation_chapter_03_section_3_2_tables-004,RP-661,table,calc_pdf_p293,report,
TR-1811,SRC-calculation_chapter_03_section_3_2_tables-005,RP-662,table,calc_pdf_p293,report,
TR-1812,SRC-calculation_chapter_03_section_3_2_tables-006,RP-663,table,calc_pdf_p294,report,
TR-1813,SRC-calculation_chapter_03_section_3_2_tables-007,RP-664,table,calc_pdf_p294,report,
TR-1814,SRC-calculation_chapter_03_section_3_2_tables-008,RP-665,table,calc_pdf_p294,report,
TR-1815,SRC-calculation_chapter_03_section_3_2_tables-009,RP-666,table,calc_pdf_p294,report,
TR-1816,SRC-calculation_chapter_03_section_3_2_tables-010,RP-667,table,calc_pdf_p294,report,
TR-1817,SRC-calculation_chapter_03_section_3_2_tables-011,RP-668,table,calc_pdf_p295,report,
TR-1818,SRC-calculation_chapter_03_section_3_2_tables-012,RP-669,table,calc_pdf_p296,report,
TR-1819,SRC-calculation_chapter_03_section_3_2_tables-013,RP-670,table,calc_pdf_p297,report,
TR-1820,SRC-calculation_chapter_03_section_3_2_tables-014,RP-671,table,calc_pdf_p298,report,
TR-1821,SRC-calculation_chapter_03_section_3_2_tables-015,RP-672,table,calc_pdf_p298,report,
TR-1822,SRC-calculation_chapter_03_section_3_2_tables-016,RP-673,table,calc_pdf_p299,report,
TR-1823,SRC-calculation_chapter_03_section_3_2_tables-017,RP-674,table,calc_pdf_p299,report,
TR-1824,SRC-calculation_chapter_03_section_3_2_tables-018,RP-675,table,calc_pdf_p300,report,
TR-1825,SRC-calculation_chapter_03_section_3_2_tables-019,RP-676,table,calc_pdf_p301,report,
TR-1826,SRC-calculation_chapter_03_section_3_2_tables-020,RP-677,table,calc_pdf_p302,report,
TR-1827,SRC-calculation_chapter_03_section_3_2_tables-021,RP-678,table,calc_pdf_p303,report,
TR-1828,SRC-calculation_chapter_03_section_3_2_tables-022,RP-679,table,calc_pdf_p304,report,
TR-1829,SRC-calculation_chapter_03_section_3_2_tables-023,RP-680,table,calc_pdf_p305,report,
TR-1830,SRC-calculation_chapter_03_section_3_2_tables-024,RP-681,table,calc_pdf_p306,report,
TR-1831,SRC-calculation_chapter_03_section_3_2_tables-025,RP-682,table,calc_pdf_p307,report,
TR-1832,SRC-calculation_chapter_03_section_3_2_tables-026,RP-683,table,calc_pdf_p308,report,
TR-1833,SRC-calculation_chapter_03_section_3_2_tables-027,RP-684,table,calc_pdf_p309,report,
TR-1834,SRC-calculation_chapter_03_section_3_2_tables-028,RP-685,table,calc_pdf_p310,report,
TR-1835,SRC-calculation_chapter_03_section_3_2_tables-029,RP-686,table,calc_pdf_p311,report,
TR-1836,SRC-calculation_chapter_03_section_3_2_tables-030,RP-687,table,calc_pdf_p312,report,
TR-1837,SRC-calculation_chapter_03_section_3_2_tables-031,RP-688,table,calc_pdf_p313,report,
TR-1838,SRC-calculation_chapter_03_section_3_2_tables-032,RP-689,table,calc_pdf_p314,report,
TR-1839,SRC-calculation_chapter_03_section_3_2_tables-033,RP-690,table,calc_pdf_p315,report,
TR-1840,SRC-calculation_chapter_03_section_3_2_tables-034,RP-691,table,calc_pdf_p316,report,
TR-1841,SRC-calculation_chapter_03_section_3_2_tables-035,RP-692,table,calc_pdf_p317,report,
TR-1842,SRC-calculation_chapter_03_section_3_2_tables-036,RP-693,table,calc_pdf_p318,report,
TR-1843,SRC-calculation_chapter_03_section_3_2_tables-037,RP-694,table,calc_pdf_p319,report,
TR-1844,SRC-calculation_chapter_03_section_3_2_tables-038,RP-695,table,calc_pdf_p320,report,
TR-1845,SRC-calculation_chapter_03_section_3_2_tables-039,RP-696,table,calc_pdf_p321,report,
TR-1846,SRC-calculation_chapter_03_section_3_2_tables-040,RP-697,table,calc_pdf_p323-349,report,
TR-1847,SRC-calculation_chapter_03_section_3_2_tables-041,RP-698,table,calc_pdf_p350,report,
TR-1848,SRC-calculation_chapter_03_section_3_2_tables-042,RP-699,table,calc_pdf_p351,report,
TR-1849,SRC-calculation_chapter_03_section_3_2_tables-043,RP-700,table,calc_pdf_p352,report,
TR-1850,SRC-calculation_chapter_03_section_3_2_tables-044,RP-701,table,calc_pdf_p379,report,
TR-1851,SRC-calculation_chapter_03_section_3_2_tables-045,RP-702,table,calc_pdf_p382,report,
TR-1852,SRC-calculation_chapter_03_section_3_2_tables-046,RP-703,table,calc_pdf_p382-514,report,
TR-1853,SRC-calculation_chapter_03_section_3_2_tables-047,RP-704,table,calc_pdf_p667-669,report,
TR-1854,SRC-calculation_chapter_03_section_3_2_tables-048,RP-705,table,calc_pdf_p669,report,
TR-1855,SRC-calculation_chapter_03_section_3_2_tables-049,RP-706,table,calc_pdf_p669,report,
TR-1856,CAL-TBL-P00685-001,RP-778,table,calc_pdf_p685,report,
TR-1857,CAL-TBL-P00685-002,RP-779,table,calc_pdf_p685,report,
TR-1858,CAL-TBL-P00685-003,RP-780,table,calc_pdf_p685,report,
TR-1859,CAL-TBL-P00685-004,RP-781,table,calc_pdf_p685,report,
TR-1860,CAL-TBL-P00685-005,RP-782,table,calc_pdf_p685,report,
TR-1861,CAL-TBL-P00686-001,RP-783,table,calc_pdf_p686,report,
TR-1862,CAL-TBL-P00686-002,RP-784,table,calc_pdf_p686,report,
TR-1863,CAL-TBL-P00686-003,RP-785,table,calc_pdf_p686,report,
TR-1864,CAL-TBL-P00686-004,RP-786,table,calc_pdf_p686,report,
TR-1865,CAL-TBL-P00686-005,RP-787,table,calc_pdf_p686,report,
TR-1866,CAL-TBL-P00767-001,RP-836,table,calc_pdf_p767,report,
TR-1867,CAL-TBL-P00767-002,RP-837,table,calc_pdf_p767,report,
TR-1868,CAL-TBL-P00767-003,RP-838,table,calc_pdf_p767,report,
TR-1869,CAL-TBL-P00767-004,RP-839,table,calc_pdf_p767,report,
TR-1870,CAL-TBL-P00767-005,RP-840,table,calc_pdf_p767,report,
TR-1871,CAL-TBL-P00767-006,RP-841,table,calc_pdf_p767,report,
TR-1872,CAL-TBL-P00767-007,RP-842,table,calc_pdf_p767,report,
TR-1873,CAL-TBL-P00767-008,RP-843,table,calc_pdf_p767,report,
TR-1874,CAL-TBL-P00767-009,RP-844,table,calc_pdf_p767,report,
TR-1875,CAL-TBL-P00769-001,RP-845,table,calc_pdf_p769,report,
TR-1876,CAL-TBL-P00769-002,RP-846,table,calc_pdf_p769,report,
TR-1877,CAL-TBL-P00770-001,RP-847,table,calc_pdf_p770,report,
TR-1878,CAL-TBL-P00770-002,RP-848,table,calc_pdf_p770,report,
TR-1879,CAL-TBL-P00770-003,RP-849,table,calc_pdf_p770,report,
TR-1880,CAL-TBL-P00770-004,RP-850,table,calc_pdf_p770,report,
TR-1881,CAL-TBL-P00771-001,RP-851,table,calc_pdf_p771,report,
TR-1882,CAL-TBL-P00771-002,RP-852,table,calc_pdf_p771,report,
TR-1883,CAL-TBL-P00772-001,RP-853,table,calc_pdf_p772,report,
TR-1884,CAL-TBL-P00772-002,RP-854,table,calc_pdf_p772,report,
TR-1885,CAL-TBL-P00790-001,RP-893,table,calc_pdf_p790,report,
TR-1886,CAL-TBL-P00790-002,RP-894,table,calc_pdf_p790,report,
TR-1887,CAL-TBL-P00790-003,RP-895,table,calc_pdf_p790,report,
TR-1888,CAL-TBL-P00790-004,RP-896,table,calc_pdf_p790,report,
TR-1889,CAL-TBL-P00791-001,RP-897,table,calc_pdf_p791,report,
TR-1890,CAL-TBL-P00791-002,RP-898,table,calc_pdf_p791,report,
TR-1891,CAL-TBL-P00792-001,RP-899,table,calc_pdf_p792,report,
TR-1892,CAL-TBL-P00792-002,RP-900,table,calc_pdf_p792,report,
TR-1893,CAL-TBL-P00792-003,RP-901,table,calc_pdf_p792,report,
TR-1894,CAL-TBL-P00819-001,RP-949,table,calc_pdf_p819,report,
TR-1895,CAL-TBL-P00819-002,RP-950,table,calc_pdf_p819,report,
TR-1896,CAL-TBL-P00819-003,RP-951,table,calc_pdf_p819,report,
TR-1897,CAL-TBL-P00820-001,RP-952,table,calc_pdf_p820,report,
TR-1898,CAL-TBL-P00820-002,RP-953,table,calc_pdf_p820,report,
TR-1899,CAL-TBL-P00820-003,RP-954,table,calc_pdf_p820,report,
TR-1900,CAL-TBL-P00821-001,RP-955,table,calc_pdf_p821,report,
TR-1901,CAL-TBL-P00821-002,RP-956,table,calc_pdf_p821,report,
TR-1902,CAL-TBL-P00821-003,RP-957,table,calc_pdf_p821,report,
TR-1903,CAL-TBL-P00845-001,RP-999,table,calc_pdf_p845,report,
TR-1904,CAL-TBL-P00845-002,RP-1000,table,calc_pdf_p845,report,
TR-1905,CAL-TBL-P00845-003,RP-1001,table,calc_pdf_p845,report,
TR-1906,CAL-TBL-P00850-001,RP-1002,table,calc_pdf_p850,report,
TR-1907,CAL-TBL-P00850-002,RP-1003,table,calc_pdf_p850,report,
TR-1908,CAL-TBL-P00850-003,RP-1004,table,calc_pdf_p850,report,
TR-1909,CAL-TBL-P00851-001,RP-1005,table,calc_pdf_p851,report,
TR-1910,CAL-TBL-P00851-002,RP-1006,table,calc_pdf_p851,report,
TR-1911,CAL-TBL-P00851-003,RP-1007,table,calc_pdf_p851,report,
TR-1912,CAL-TBL-P00852-001,RP-1008,table,calc_pdf_p852,report,
TR-1913,CAL-TBL-P00852-002,RP-1009,table,calc_pdf_p852,report,
TR-1914,CAL-TBL-P00852-003,RP-1010,table,calc_pdf_p852,report,
TR-1915,CAL-TBL-P00853-001,RP-1011,table,calc_pdf_p853,report,
TR-1916,CAL-TBL-P00853-002,RP-1012,table,calc_pdf_p853,report,
TR-1917,CAL-TBL-P00854-001,RP-1013,table,calc_pdf_p854,report,
TR-1918,CAL-TBL-P00854-002,RP-1014,table,calc_pdf_p854,report,
TR-1919,CAL-TBL-P00876-001,RP-1112,table,calc_pdf_p876,report,
TR-1920,CAL-TBL-P00876-002,RP-1113,table,calc_pdf_p876,report,
TR-1921,CAL-TBL-P00876-003,RP-1114,table,calc_pdf_p876,report,
TR-1922,CAL-TBL-P00876-004,RP-1115,table,calc_pdf_p876,report,
TR-1923,CAL-TBL-P00876-005,RP-1116,table,calc_pdf_p876,report,
TR-1924,CAL-TBL-P00876-006,RP-1117,table,calc_pdf_p876,report,
TR-1925,CAL-TBL-P00882-001,RP-1118,table,calc_pdf_p882,report,
TR-1926,CAL-TBL-P00882-002,RP-1119,table,calc_pdf_p882,report,
TR-1927,CAL-TBL-P00882-003,RP-1120,table,calc_pdf_p882,report,
TR-1928,CAL-TBL-P00882-004,RP-1121,table,calc_pdf_p882,report,
TR-1929,CAL-TBL-P00882-005,RP-1122,table,calc_pdf_p882,report,
TR-1930,CAL-TBL-P00882-006,RP-1123,table,calc_pdf_p882,report,
TR-1931,CAL-TBL-P00882-007,RP-1124,table,calc_pdf_p882,report,
TR-1932,CAL-TBL-P00882-008,RP-1125,table,calc_pdf_p882,report,
TR-1933,CAL-TBL-P00893-001,RP-1126,table,calc_pdf_p893,report,
TR-1934,CAL-TBL-P00893-002,RP-1127,table,calc_pdf_p893,report,
TR-1935,CAL-TBL-P00893-003,RP-1128,table,calc_pdf_p893,report,
TR-1936,CAL-TBL-P00893-004,RP-1129,table,calc_pdf_p893,report,
TR-1937,CAL-TBL-P00893-005,RP-1130,table,calc_pdf_p893,report,
TR-1938,CAL-TBL-P00893-006,RP-1131,table,calc_pdf_p893,report,
TR-1939,CAL-TBL-P00893-007,RP-1132,table,calc_pdf_p893,report,
TR-1940,CAL-TBL-P00901-001,RP-1133,table,calc_pdf_p901,report,
TR-1941,CAL-TBL-P00901-002,RP-1134,table,calc_pdf_p901,report,
TR-1942,CAL-TBL-P01299-001,RP-1264,table,calc_pdf_p1299,report,
TR-1943,CAL-TBL-P01299-002,RP-1265,table,calc_pdf_p1299,report,
TR-1944,CAL-TBL-P01299-003,RP-1266,table,calc_pdf_p1299,report,
TR-1945,CAL-TBL-P01299-004,RP-1267,table,calc_pdf_p1299,report,
TR-1946,CAL-TBL-P01299-005,RP-1268,table,calc_pdf_p1299,report,
TR-1947,CAL-TBL-P01299-006,RP-1269,table,calc_pdf_p1299,report,
TR-1948,CAL-TBL-P01299-007,RP-1270,table,calc_pdf_p1299,report,
TR-1949,CAL-TBL-P01299-008,RP-1271,table,calc_pdf_p1299,report,
TR-1950,CAL-TBL-P01299-009,RP-1272,table,calc_pdf_p1299,report,
TR-1951,CAL-TBL-P01299-010,RP-1273,table,calc_pdf_p1299,report,
TR-1952,CAL-TBL-P01299-011,RP-1274,table,calc_pdf_p1299,report,
TR-1953,CAL-TBL-P01299-012,RP-1275,table,calc_pdf_p1299,report,
TR-1954,CAL-TBL-P01299-013,RP-1276,table,calc_pdf_p1299,report,
TR-1955,CAL-TBL-P01299-014,RP-1277,table,calc_pdf_p1299,report,
TR-1956,CAL-TBL-P01299-015,RP-1278,table,calc_pdf_p1299,report,
TR-1957,CAL-TBL-P01299-016,RP-1279,table,calc_pdf_p1299,report,
TR-1958,CAL-TBL-P01299-017,RP-1280,table,calc_pdf_p1299,report,
TR-1959,CAL-TBL-P01299-018,RP-1281,table,calc_pdf_p1299,report,
TR-1960,CAL-TBL-P01299-019,RP-1282,table,calc_pdf_p1299,report,
TR-1961,CAL-TBL-P01299-020,RP-1283,table,calc_pdf_p1299,report,
TR-1962,CAL-TBL-P01299-021,RP-1284,table,calc_pdf_p1299,report,
TR-1963,CAL-TBL-P01319-001,RP-1285,table,calc_pdf_p1319,report,
TR-1964,CAL-TBL-P01319-002,RP-1286,table,calc_pdf_p1319,report,
TR-1965,CAL-TBL-P01319-003,RP-1287,table,calc_pdf_p1319,report,
TR-1966,CAL-TBL-P01319-004,RP-1288,table,calc_pdf_p1319,report,
TR-1967,CAL-TBL-P01319-005,RP-1289,table,calc_pdf_p1319,report,
TR-1968,CAL-TBL-P01319-006,RP-1290,table,calc_pdf_p1319,report,
TR-1969,CAL-TBL-P01319-007,RP-1291,table,calc_pdf_p1319,report,
TR-1970,CAL-TBL-P01319-008,RP-1292,table,calc_pdf_p1319,report,
TR-1971,CAL-TBL-P01319-009,RP-1293,table,calc_pdf_p1319,report,
TR-1972,CAL-TBL-P01319-010,RP-1294,table,calc_pdf_p1319,report,
TR-1973,CAL-TBL-P01319-011,RP-1295,table,calc_pdf_p1319,report,
TR-1974,CAL-TBL-P01319-012,RP-1296,table,calc_pdf_p1319,report,
TR-1975,CAL-TBL-P01319-013,RP-1297,table,calc_pdf_p1319,report,
TR-1976,CAL-TBL-P01319-014,RP-1298,table,calc_pdf_p1319,report,
TR-1977,CAL-TBL-P01319-015,RP-1299,table,calc_pdf_p1319,report,
TR-1978,CAL-TBL-P01319-016,RP-1300,table,calc_pdf_p1319,report,
TR-1979,CAL-TBL-P01319-017,RP-1301,table,calc_pdf_p1319,report,
TR-1980,CAL-TBL-P01319-018,RP-1302,table,calc_pdf_p1319,report,
TR-1981,CAL-TBL-P01319-019,RP-1303,table,calc_pdf_p1319,report,
TR-1982,CAL-TBL-P01319-020,RP-1304,table,calc_pdf_p1319,report,
TR-1983,CAL-TBL-P01319-021,RP-1305,table,calc_pdf_p1319,report,
TR-1984,CAL-TBL-P01319-022,RP-1306,table,calc_pdf_p1319,report,
TR-1985,CAL-TBL-P01319-023,RP-1307,table,calc_pdf_p1319,report,
TR-1986,CAL-TBL-P01319-024,RP-1308,table,calc_pdf_p1319,report,
TR-1987,CAL-TBL-P01319-025,RP-1309,table,calc_pdf_p1319,report,
TR-1988,CAL-TBL-P01319-026,RP-1310,table,calc_pdf_p1319,report,
TR-1989,CAL-TBL-P01319-027,RP-1311,table,calc_pdf_p1319,report,
TR-1990,CAL-TBL-P01319-028,RP-1312,table,calc_pdf_p1319,report,
TR-1991,CAL-TBL-P01319-029,RP-1313,table,calc_pdf_p1319,report,
TR-1992,CAL-TBL-P01322-001,RP-1314,table,calc_pdf_p1322,report,
TR-1993,CAL-TBL-P01322-002,RP-1315,table,calc_pdf_p1322,report,
TR-1994,CAL-TBL-P01322-003,RP-1316,table,calc_pdf_p1322,report,
TR-1995,CAL-TBL-P01322-004,RP-1317,table,calc_pdf_p1322,report,
TR-1996,CAL-TBL-P01322-005,RP-1318,table,calc_pdf_p1322,report,
TR-1997,CAL-TBL-P01322-006,RP-1319,table,calc_pdf_p1322,report,
TR-1998,CAL-TBL-P01322-007,RP-1320,table,calc_pdf_p1322,report,
TR-1999,CAL-TBL-P01322-008,RP-1321,table,calc_pdf_p1322,report,
TR-2000,CAL-TBL-P01322-009,RP-1322,table,calc_pdf_p1322,report,
TR-2001,CAL-TBL-P01322-010,RP-1323,table,calc_pdf_p1322,report,
TR-2002,CAL-TBL-P01322-011,RP-1324,table,calc_pdf_p1322,report,
TR-2003,CAL-TBL-P01322-012,RP-1325,table,calc_pdf_p1322,report,
TR-2004,CAL-TBL-P01322-013,RP-1326,table,calc_pdf_p1322,report,
TR-2005,CAL-TBL-P01322-014,RP-1327,table,calc_pdf_p1322,report,
TR-2006,CAL-TBL-P01322-015,RP-1328,table,calc_pdf_p1322,report,
TR-2007,CAL-TBL-P01322-016,RP-1329,table,calc_pdf_p1322,report,
TR-2008,CAL-TBL-P01947-001,RP-1330,table,calc_pdf_p1947,report,
TR-2009,CAL-TBL-P01947-002,RP-1331,table,calc_pdf_p1947,report,
TR-2010,CAL-TBL-P01947-003,RP-1332,table,calc_pdf_p1947,report,
TR-2011,CH5-TBL-001,RP-1585,table,calc_pdf_p2028,report,
TR-2012,CH5-TBL-002,RP-1586,table,calc_pdf_p2028,report,
TR-2013,CH5-TBL-003,RP-1587,table,calc_pdf_p2028,report,
TR-2014,CH5-TBL-004,RP-1588,table,calc_pdf_p2028,report,
TR-2015,CH5-TBL-005,RP-1589,table,calc_pdf_p2028,report,
TR-2016,CH5-TBL-006,RP-1590,table,calc_pdf_p2028,report,
TR-2017,CH5-TBL-007,RP-1591,table,calc_pdf_p2028,report,
TR-2018,CH5-TBL-008,RP-1592,table,calc_pdf_p2028,report,
TR-2019,CH5-TBL-009,RP-1593,table,calc_pdf_p2028,report,
TR-2020,CH5-TBL-010,RP-1594,table,calc_pdf_p2028,report,
TR-2021,CH5-TBL-011,RP-1595,table,calc_pdf_p2029,report,
TR-2022,CH5-TBL-012,RP-1596,table,calc_pdf_p2029,report,
TR-2023,CH5-TBL-013,RP-1597,table,calc_pdf_p2029,report,
TR-2024,CH5-TBL-014,RP-1598,table,calc_pdf_p2031,report,
TR-2025,CH5-TBL-015,RP-1599,table,calc_pdf_p2031,report,
TR-2026,CH5-TBL-016,RP-1600,table,calc_pdf_p2031,report,
TR-2027,CH5-TBL-017,RP-1601,table,calc_pdf_p2031,report,
TR-2028,CH5-TBL-018,RP-1602,table,calc_pdf_p2031,report,
TR-2029,CH5-TBL-019,RP-1603,table,calc_pdf_p2031,report,
TR-2030,CH5-TBL-020,RP-1604,table,calc_pdf_p2032,report,
TR-2031,CH5-TBL-021,RP-1605,table,calc_pdf_p2032,report,
TR-2032,CH5-TBL-022,RP-1606,table,calc_pdf_p2032,report,
TR-2033,CH5-TBL-023,RP-1607,table,calc_pdf_p2032,report,
TR-2034,CH5-TBL-024,RP-1608,table,calc_pdf_p2034,report,
TR-2035,CH5-TBL-025,RP-1609,table,calc_pdf_p2034,report,
TR-2036,CH5-TBL-026,RP-1610,table,calc_pdf_p2034,report,
TR-2037,CH5-TBL-027,RP-1611,table,calc_pdf_p2034,report,
TR-2038,CH5-TBL-028,RP-1612,table,calc_pdf_p2035,report,
TR-2039,CH5-TBL-029,RP-1613,table,calc_pdf_p2035,report,
TR-2040,CH5-TBL-030,RP-1614,table,calc_pdf_p2035,report,
TR-2041,CH5-TBL-031,RP-1615,table,calc_pdf_p2035,report,
TR-2042,CH5-TBL-032,RP-1616,table,calc_pdf_p2035,report,
TR-2043,CH5-TBL-033,RP-1617,table,calc_pdf_p2040,report,
TR-2044,CH5-TBL-034,RP-1618,table,calc_pdf_p2040,report,
TR-2045,CH5-TBL-035,RP-1619,table,calc_pdf_p2040,report,
TR-2046,CH5-TBL-036,RP-1620,table,calc_pdf_p2040,report,
TR-2047,CH5-TBL-037,RP-1621,table,calc_pdf_p2041,report,
TR-2048,CH5-TBL-038,RP-1622,table,calc_pdf_p2041,report,
TR-2049,CH5-TBL-039,RP-1623,table,calc_pdf_p2041,report,
TR-2050,CH5-TBL-040,RP-1624,table,calc_pdf_p2041,report,
TR-2051,CH5-TBL-041,RP-1625,table,calc_pdf_p2139,report,
TR-2052,CH5-TBL-042,RP-1626,table,calc_pdf_p2139,report,
TR-2053,CH5-TBL-043,RP-1627,table,calc_pdf_p2139,report,
TR-2054,CH5-TBL-044,RP-1628,table,calc_pdf_p2139,report,
TR-2055,CH5-TBL-045,RP-1629,table,calc_pdf_p2139,report,
TR-2056,CH5-TBL-046,RP-1630,table,calc_pdf_p2139,report,
TR-2057,CH5-TBL-047,RP-1631,table,calc_pdf_p2139,report,
TR-2058,CH5-TBL-048,RP-1632,table,calc_pdf_p2207,report,
TR-2059,CH5-TBL-049,RP-1633,table,calc_pdf_p2207,report,
TR-2060,CH5-TBL-050,RP-1634,table,calc_pdf_p2207,report,
TR-2061,CH5-TBL-051,RP-1635,table,calc_pdf_p2207,report,
TR-2062,CH5-TBL-052,RP-1636,table,calc_pdf_p2208,report,
TR-2063,CH5-TBL-053,RP-1637,table,calc_pdf_p2222,report,
TR-2064,CH5-TBL-054,RP-1638,table,calc_pdf_p2222,report,
TR-2065,CH5-TBL-055,RP-1639,table,calc_pdf_p2222,report,
TR-2066,CH5-TBL-056,RP-1640,table,calc_pdf_p2222,report,
TR-2067,DWG-ANO-S001-001,DR-241,drawing_annotation,calc_pdf_p3,drawing,
TR-2068,DWG-ANO-S002-001,DR-242,drawing_annotation,calc_pdf_p4,drawing,
TR-2069,DWG-ANO-S003-001,DR-243,drawing_annotation,calc_pdf_p5,drawing,
TR-2070,DWG-ANO-S004-001,DR-244,drawing_annotation,calc_pdf_p6,drawing,
TR-2071,DWG-ANO-S008-001,DR-245,drawing_annotation,calc_pdf_p10,drawing,
TR-2072,DWG-ANO-S009-001,DR-246,drawing_annotation,calc_pdf_p11,drawing,
TR-2073,DWG-ANO-S010-001,DR-247,drawing_annotation,calc_pdf_p12,drawing,
TR-2074,DWG-ANO-S011-001,DR-248,drawing_annotation,calc_pdf_p13,drawing,
TR-2075,DWG-ANO-S012-001,DR-249,drawing_annotation,calc_pdf_p14,drawing,
TR-2076,DWG-ANO-S017-001,DR-250,drawing_annotation,calc_pdf_p19,drawing,
TR-2077,DWG-ANO-S018-001,DR-251,drawing_annotation,calc_pdf_p20,drawing,
TR-2078,DWG-ANO-S019-001,DR-252,drawing_annotation,calc_pdf_p21,drawing,
TR-2079,DWG-ANO-S020-001,DR-253,drawing_annotation,calc_pdf_p22,drawing,
TR-2080,DWG-ANO-S021-001,DR-254,drawing_annotation,calc_pdf_p23,drawing,
TR-2081,DWG-ANO-S022-001,DR-255,drawing_annotation,calc_pdf_p24,drawing,
TR-2082,DWG-ANO-S023-001,DR-256,drawing_annotation,calc_pdf_p25,drawing,
TR-2083,DWG-ANO-S024-001,DR-257,drawing_annotation,calc_pdf_p26,drawing,
TR-2084,DWG-ANO-S025-001,DR-258,drawing_annotation,calc_pdf_p27,drawing,
TR-2085,DWG-ANO-S026-001,DR-259,drawing_annotation,calc_pdf_p28,drawing,
TR-2086,DWG-ANO-S027-001,DR-260,drawing_annotation,calc_pdf_p29,drawing,
TR-2087,DWG-ANO-S028-001,DR-261,drawing_annotation,calc_pdf_p30,drawing,
TR-2088,DWG-ANO-S029-001,DR-262,drawing_annotation,calc_pdf_p31,drawing,
TR-2089,DWG-ANO-S030-001,DR-263,drawing_annotation,calc_pdf_p32,drawing,
TR-2090,DWG-ANO-S031-001,DR-264,drawing_annotation,calc_pdf_p33,drawing,
TR-2091,DWG-ANO-S032-001,DR-265,drawing_annotation,calc_pdf_p34,drawing,
TR-2092,DWG-ANO-S033-001,DR-266,drawing_annotation,calc_pdf_p35,drawing,
TR-2093,DWG-ANO-S034-001,DR-267,drawing_annotation,calc_pdf_p36,drawing,
TR-2094,DWG-ANO-S035-001,DR-268,drawing_annotation,calc_pdf_p37,drawing,
TR-2095,DWG-ANO-S036-001,DR-269,drawing_annotation,calc_pdf_p38,drawing,
TR-2096,DWG-ANO-S037-001,DR-270,drawing_annotation,calc_pdf_p39,drawing,
TR-2097,DWG-ANO-S038-001,DR-271,drawing_annotation,calc_pdf_p40,drawing,
TR-2098,DWG-ANO-S039-001,DR-272,drawing_annotation,calc_pdf_p41,drawing,
TR-2099,DWG-ANO-S040-001,DR-273,drawing_annotation,calc_pdf_p42,drawing,
TR-2100,DWG-ANO-S041-001,DR-274,drawing_annotation,calc_pdf_p43,drawing,
TR-2101,DWG-ANO-S042-001,DR-275,drawing_annotation,calc_pdf_p44,drawing,
TR-2102,DWG-ANO-S043-001,DR-276,drawing_annotation,calc_pdf_p45,drawing,
TR-2103,DWG-ANO-S044-001,DR-277,drawing_annotation,calc_pdf_p46,drawing,
TR-2104,DWG-ANO-S001-002,DR-278,drawing_annotation,calc_pdf_p3,drawing,
TR-2105,DWG-ANO-S005-001,DR-279,drawing_annotation,calc_pdf_p7,drawing,
TR-2106,DWG-ANO-S006-001,DR-280,drawing_annotation,calc_pdf_p8,drawing,
TR-2107,DWG-ANO-S007-001,DR-281,drawing_annotation,calc_pdf_p9,drawing,
TR-2108,DWG-ANO-S008-002,DR-282,drawing_annotation,calc_pdf_p10,drawing,
TR-2109,DWG-ANO-S009-002,DR-283,drawing_annotation,calc_pdf_p11,drawing,
TR-2110,DWG-ANO-S012-002,DR-284,drawing_annotation,calc_pdf_p14,drawing,
TR-2111,DWG-ANO-S012-003,DR-285,drawing_annotation,calc_pdf_p14,drawing,
TR-2112,DWG-ANO-S017-002,DR-286,drawing_annotation,calc_pdf_p19,drawing,
TR-2113,DWG-ANO-S019-002,DR-287,drawing_annotation,calc_pdf_p21,drawing,
TR-2114,DWG-ANO-S020-002,DR-288,drawing_annotation,calc_pdf_p22,drawing,
TR-2115,DWG-ANO-S023-002,DR-289,drawing_annotation,calc_pdf_p25,drawing,
TR-2116,DWG-ANO-S026-002,DR-290,drawing_annotation,calc_pdf_p28,drawing,
TR-2117,DWG-ANO-S044-002,DR-291,drawing_annotation,calc_pdf_p46,drawing,
TR-2118,DWG-ANO-S001-003,DR-292,drawing_annotation,calc_pdf_p3,drawing,
TR-2119,DWG-ANO-S002-002,DR-293,drawing_annotation,calc_pdf_p4,drawing,
TR-2120,DWG-ANO-S003-002,DR-294,drawing_annotation,calc_pdf_p5,drawing,
TR-2121,DWG-ANO-S004-002,DR-295,drawing_annotation,calc_pdf_p6,drawing,
TR-2122,DWG-ANO-S005-002,DR-296,drawing_annotation,calc_pdf_p7,drawing,
TR-2123,DWG-ANO-S006-002,DR-297,drawing_annotation,calc_pdf_p8,drawing,
TR-2124,DWG-ANO-S007-002,DR-298,drawing_annotation,calc_pdf_p9,drawing,
TR-2125,DWG-ANO-S008-003,DR-299,drawing_annotation,calc_pdf_p10,drawing,
TR-2126,DWG-ANO-S009-003,DR-300,drawing_annotation,calc_pdf_p11,drawing,
TR-2127,DWG-ANO-S010-002,DR-301,drawing_annotation,calc_pdf_p12,drawing,
TR-2128,DWG-ANO-S011-002,DR-302,drawing_annotation,calc_pdf_p13,drawing,
TR-2129,DWG-ANO-S012-004,DR-303,drawing_annotation,calc_pdf_p14,drawing,
TR-2130,DWG-ANO-S013-001,DR-304,drawing_annotation,calc_pdf_p15,drawing,
TR-2131,DWG-ANO-S014-001,DR-305,drawing_annotation,calc_pdf_p16,drawing,
TR-2132,DWG-ANO-S015-001,DR-306,drawing_annotation,calc_pdf_p17,drawing,
TR-2133,DWG-ANO-S016-001,DR-307,drawing_annotation,calc_pdf_p18,drawing,
TR-2134,DWG-ANO-S017-003,DR-308,drawing_annotation,calc_pdf_p19,drawing,
TR-2135,DWG-ANO-S018-002,DR-309,drawing_annotation,calc_pdf_p20,drawing,
TR-2136,DWG-ANO-S019-003,DR-310,drawing_annotation,calc_pdf_p21,drawing,
TR-2137,DWG-ANO-S020-003,DR-311,drawing_annotation,calc_pdf_p22,drawing,
TR-2138,DWG-ANO-S021-002,DR-312,drawing_annotation,calc_pdf_p23,drawing,
TR-2139,DWG-ANO-S022-002,DR-313,drawing_annotation,calc_pdf_p24,drawing,
TR-2140,DWG-ANO-S023-003,DR-314,drawing_annotation,calc_pdf_p25,drawing,
TR-2141,DWG-ANO-S024-002,DR-315,drawing_annotation,calc_pdf_p26,drawing,
TR-2142,DWG-ANO-S025-002,DR-316,drawing_annotation,calc_pdf_p27,drawing,
TR-2143,DWG-ANO-S026-003,DR-317,drawing_annotation,calc_pdf_p28,drawing,
TR-2144,DWG-ANO-S027-002,DR-318,drawing_annotation,calc_pdf_p29,drawing,
TR-2145,DWG-ANO-S028-002,DR-319,drawing_annotation,calc_pdf_p30,drawing,
TR-2146,DWG-ANO-S029-002,DR-320,drawing_annotation,calc_pdf_p31,drawing,
TR-2147,DWG-ANO-S030-002,DR-321,drawing_annotation,calc_pdf_p32,drawing,
TR-2148,DWG-ANO-S031-002,DR-322,drawing_annotation,calc_pdf_p33,drawing,
TR-2149,DWG-ANO-S032-002,DR-323,drawing_annotation,calc_pdf_p34,drawing,
TR-2150,DWG-ANO-S033-002,DR-324,drawing_annotation,calc_pdf_p35,drawing,
TR-2151,DWG-ANO-S034-002,DR-325,drawing_annotation,calc_pdf_p36,drawing,
TR-2152,DWG-ANO-S035-002,DR-326,drawing_annotation,calc_pdf_p37,drawing,
TR-2153,DWG-ANO-S036-002,DR-327,drawing_annotation,calc_pdf_p38,drawing,
TR-2154,DWG-ANO-S037-002,DR-328,drawing_annotation,calc_pdf_p39,drawing,
TR-2155,DWG-ANO-S038-002,DR-329,drawing_annotation,calc_pdf_p40,drawing,
TR-2156,DWG-ANO-S039-002,DR-330,drawing_annotation,calc_pdf_p41,drawing,
TR-2157,DWG-ANO-S040-002,DR-331,drawing_annotation,calc_pdf_p42,drawing,
TR-2158,DWG-ANO-S041-002,DR-332,drawing_annotation,calc_pdf_p43,drawing,
TR-2159,DWG-ANO-S042-002,DR-333,drawing_annotation,calc_pdf_p44,drawing,
TR-2160,DWG-ANO-S043-002,DR-334,drawing_annotation,calc_pdf_p45,drawing,
TR-2161,DWG-ANO-S044-003,DR-335,drawing_annotation,calc_pdf_p46,drawing,
TR-2162,DWG-ANO-S001-004,DR-336,drawing_annotation,calc_pdf_p3,drawing,
TR-2163,DWG-ANO-S001-005,DR-337,drawing_annotation,calc_pdf_p3,drawing,
TR-2164,DWG-ANO-S002-003,DR-338,drawing_annotation,calc_pdf_p4,drawing,
TR-2165,DWG-ANO-S002-004,DR-339,drawing_annotation,calc_pdf_p4,drawing,
TR-2166,DWG-ANO-S003-003,DR-340,drawing_annotation,calc_pdf_p5,drawing,
TR-2167,DWG-ANO-S003-004,DR-341,drawing_annotation,calc_pdf_p5,drawing,
TR-2168,DWG-ANO-S004-003,DR-342,drawing_annotation,calc_pdf_p6,drawing,
TR-2169,DWG-ANO-S004-004,DR-343,drawing_annotation,calc_pdf_p6,drawing,
TR-2170,DWG-ANO-S005-003,DR-344,drawing_annotation,calc_pdf_p7,drawing,
TR-2171,DWG-ANO-S005-004,DR-345,drawing_annotation,calc_pdf_p7,drawing,
TR-2172,DWG-ANO-S006-003,DR-346,drawing_annotation,calc_pdf_p8,drawing,
TR-2173,DWG-ANO-S006-004,DR-347,drawing_annotation,calc_pdf_p8,drawing,
TR-2174,DWG-ANO-S007-003,DR-348,drawing_annotation,calc_pdf_p9,drawing,
TR-2175,DWG-ANO-S007-004,DR-349,drawing_annotation,calc_pdf_p9,drawing,
TR-2176,DWG-ANO-S008-004,DR-350,drawing_annotation,calc_pdf_p10,drawing,
TR-2177,DWG-ANO-S008-005,DR-351,drawing_annotation,calc_pdf_p10,drawing,
TR-2178,DWG-ANO-S009-004,DR-352,drawing_annotation,calc_pdf_p11,drawing,
TR-2179,DWG-ANO-S009-005,DR-353,drawing_annotation,calc_pdf_p11,drawing,
TR-2180,DWG-ANO-S010-003,DR-354,drawing_annotation,calc_pdf_p12,drawing,
TR-2181,DWG-ANO-S010-004,DR-355,drawing_annotation,calc_pdf_p12,drawing,
TR-2182,DWG-ANO-S011-003,DR-356,drawing_annotation,calc_pdf_p13,drawing,
TR-2183,DWG-ANO-S011-004,DR-357,drawing_annotation,calc_pdf_p13,drawing,
TR-2184,DWG-ANO-S012-005,DR-358,drawing_annotation,calc_pdf_p14,drawing,
TR-2185,DWG-ANO-S012-006,DR-359,drawing_annotation,calc_pdf_p14,drawing,
TR-2186,DWG-ANO-S013-002,DR-360,drawing_annotation,calc_pdf_p15,drawing,
TR-2187,DWG-ANO-S013-003,DR-361,drawing_annotation,calc_pdf_p15,drawing,
TR-2188,DWG-ANO-S014-002,DR-362,drawing_annotation,calc_pdf_p16,drawing,
TR-2189,DWG-ANO-S014-003,DR-363,drawing_annotation,calc_pdf_p16,drawing,
TR-2190,DWG-ANO-S015-002,DR-364,drawing_annotation,calc_pdf_p17,drawing,
TR-2191,DWG-ANO-S015-003,DR-365,drawing_annotation,calc_pdf_p17,drawing,
TR-2192,DWG-ANO-S016-002,DR-366,drawing_annotation,calc_pdf_p18,drawing,
TR-2193,DWG-ANO-S016-003,DR-367,drawing_annotation,calc_pdf_p18,drawing,
TR-2194,DWG-ANO-S017-004,DR-368,drawing_annotation,calc_pdf_p19,drawing,
TR-2195,DWG-ANO-S017-005,DR-369,drawing_annotation,calc_pdf_p19,drawing,
TR-2196,DWG-ANO-S018-003,DR-370,drawing_annotation,calc_pdf_p20,drawing,
TR-2197,DWG-ANO-S018-004,DR-371,drawing_annotation,calc_pdf_p20,drawing,
TR-2198,DWG-ANO-S019-004,DR-372,drawing_annotation,calc_pdf_p21,drawing,
TR-2199,DWG-ANO-S019-005,DR-373,drawing_annotation,calc_pdf_p21,drawing,
TR-2200,DWG-ANO-S020-004,DR-374,drawing_annotation,calc_pdf_p22,drawing,
TR-2201,DWG-ANO-S020-005,DR-375,drawing_annotation,calc_pdf_p22,drawing,
TR-2202,DWG-ANO-S021-003,DR-376,drawing_annotation,calc_pdf_p23,drawing,
TR-2203,DWG-ANO-S021-004,DR-377,drawing_annotation,calc_pdf_p23,drawing,
TR-2204,DWG-ANO-S022-003,DR-378,drawing_annotation,calc_pdf_p24,drawing,
TR-2205,DWG-ANO-S022-004,DR-379,drawing_annotation,calc_pdf_p24,drawing,
TR-2206,DWG-ANO-S023-004,DR-380,drawing_annotation,calc_pdf_p25,drawing,
TR-2207,DWG-ANO-S023-005,DR-381,drawing_annotation,calc_pdf_p25,drawing,
TR-2208,DWG-ANO-S024-003,DR-382,drawing_annotation,calc_pdf_p26,drawing,
TR-2209,DWG-ANO-S024-004,DR-383,drawing_annotation,calc_pdf_p26,drawing,
TR-2210,DWG-ANO-S025-003,DR-384,drawing_annotation,calc_pdf_p27,drawing,
TR-2211,DWG-ANO-S025-004,DR-385,drawing_annotation,calc_pdf_p27,drawing,
TR-2212,DWG-ANO-S026-004,DR-386,drawing_annotation,calc_pdf_p28,drawing,
TR-2213,DWG-ANO-S026-005,DR-387,drawing_annotation,calc_pdf_p28,drawing,
TR-2214,DWG-ANO-S027-003,DR-388,drawing_annotation,calc_pdf_p29,drawing,
TR-2215,DWG-ANO-S027-004,DR-389,drawing_annotation,calc_pdf_p29,drawing,
TR-2216,DWG-ANO-S028-003,DR-390,drawing_annotation,calc_pdf_p30,drawing,
TR-2217,DWG-ANO-S028-004,DR-391,drawing_annotation,calc_pdf_p30,drawing,
TR-2218,DWG-ANO-S029-003,DR-392,drawing_annotation,calc_pdf_p31,drawing,
TR-2219,DWG-ANO-S029-004,DR-393,drawing_annotation,calc_pdf_p31,drawing,
TR-2220,DWG-ANO-S030-003,DR-394,drawing_annotation,calc_pdf_p32,drawing,
TR-2221,DWG-ANO-S030-004,DR-395,drawing_annotation,calc_pdf_p32,drawing,
TR-2222,DWG-ANO-S031-003,DR-396,drawing_annotation,calc_pdf_p33,drawing,
TR-2223,DWG-ANO-S031-004,DR-397,drawing_annotation,calc_pdf_p33,drawing,
TR-2224,DWG-ANO-S032-003,DR-398,drawing_annotation,calc_pdf_p34,drawing,
TR-2225,DWG-ANO-S032-004,DR-399,drawing_annotation,calc_pdf_p34,drawing,
TR-2226,DWG-ANO-S033-003,DR-400,drawing_annotation,calc_pdf_p35,drawing,
TR-2227,DWG-ANO-S033-004,DR-401,drawing_annotation,calc_pdf_p35,drawing,
TR-2228,DWG-ANO-S034-003,DR-402,drawing_annotation,calc_pdf_p36,drawing,
TR-2229,DWG-ANO-S034-004,DR-403,drawing_annotation,calc_pdf_p36,drawing,
TR-2230,DWG-ANO-S035-003,DR-404,drawing_annotation,calc_pdf_p37,drawing,
TR-2231,DWG-ANO-S035-004,DR-405,drawing_annotation,calc_pdf_p37,drawing,
TR-2232,DWG-ANO-S036-003,DR-406,drawing_annotation,calc_pdf_p38,drawing,
TR-2233,DWG-ANO-S036-004,DR-407,drawing_annotation,calc_pdf_p38,drawing,
TR-2234,DWG-ANO-S037-003,DR-408,drawing_annotation,calc_pdf_p39,drawing,
TR-2235,DWG-ANO-S037-004,DR-409,drawing_annotation,calc_pdf_p39,drawing,
TR-2236,DWG-ANO-S038-003,DR-410,drawing_annotation,calc_pdf_p40,drawing,
TR-2237,DWG-ANO-S038-004,DR-411,drawing_annotation,calc_pdf_p40,drawing,
TR-2238,DWG-ANO-S039-003,DR-412,drawing_annotation,calc_pdf_p41,drawing,
TR-2239,DWG-ANO-S039-004,DR-413,drawing_annotation,calc_pdf_p41,drawing,
TR-2240,DWG-ANO-S040-003,DR-414,drawing_annotation,calc_pdf_p42,drawing,
TR-2241,DWG-ANO-S040-004,DR-415,drawing_annotation,calc_pdf_p42,drawing,
TR-2242,DWG-ANO-S041-003,DR-416,drawing_annotation,calc_pdf_p43,drawing,
TR-2243,DWG-ANO-S041-004,DR-417,drawing_annotation,calc_pdf_p43,drawing,
TR-2244,DWG-ANO-S042-003,DR-418,drawing_annotation,calc_pdf_p44,drawing,
TR-2245,DWG-ANO-S042-004,DR-419,drawing_annotation,calc_pdf_p44,drawing,
TR-2246,DWG-ANO-S043-003,DR-420,drawing_annotation,calc_pdf_p45,drawing,
TR-2247,DWG-ANO-S043-004,DR-421,drawing_annotation,calc_pdf_p45,drawing,
TR-2248,DWG-ANO-S044-004,DR-422,drawing_annotation,calc_pdf_p46,drawing,
TR-2249,DWG-ANO-S044-005,DR-423,drawing_annotation,calc_pdf_p46,drawing,
TR-2250,DWG-ANO-S021-005,DR-424,drawing_annotation,calc_pdf_p23,drawing,
TR-2251,DWG-ANO-S021-006,DR-425,drawing_annotation,calc_pdf_p23,drawing,
TR-2252,DWG-ANO-S021-007,DR-426,drawing_annotation,calc_pdf_p23,drawing,
TR-2253,DWG-ANO-S021-008,DR-427,drawing_annotation,calc_pdf_p23,drawing,
TR-2254,DWG-ANO-S021-009,DR-428,drawing_annotation,calc_pdf_p23,drawing,
TR-2255,DWG-ANO-S021-010,DR-429,drawing_annotation,calc_pdf_p23,drawing,
TR-2256,DWG-ANO-S021-011,DR-430,drawing_annotation,calc_pdf_p23,drawing,
TR-2257,DWG-ANO-S021-012,DR-431,drawing_annotation,calc_pdf_p23,drawing,
TR-2258,DWG-ANO-S021-013,DR-432,drawing_annotation,calc_pdf_p23,drawing,
TR-2259,DWG-ANO-S021-014,DR-433,drawing_annotation,calc_pdf_p23,drawing,
TR-2260,DWG-ANO-S021-015,DR-434,drawing_annotation,calc_pdf_p23,drawing,
TR-2261,DWG-ANO-S021-016,DR-435,drawing_annotation,calc_pdf_p23,drawing,
TR-2262,DWG-ANO-S021-017,DR-436,drawing_annotation,calc_pdf_p23,drawing,
TR-2263,DWG-ANO-S021-018,DR-437,drawing_annotation,calc_pdf_p23,drawing,
TR-2264,DWG-ANO-S021-019,DR-438,drawing_annotation,calc_pdf_p23,drawing,
TR-2265,DWG-ANO-S021-020,DR-439,drawing_annotation,calc_pdf_p23,drawing,
TR-2266,DWG-ANO-S022-005,DR-440,drawing_annotation,calc_pdf_p24,drawing,
TR-2267,DWG-ANO-S022-006,DR-441,drawing_annotation,calc_pdf_p24,drawing,
TR-2268,DWG-ANO-S022-007,DR-442,drawing_annotation,calc_pdf_p24,drawing,
TR-2269,DWG-ANO-S022-008,DR-443,drawing_annotation,calc_pdf_p24,drawing,
TR-2270,DWG-ANO-S022-009,DR-444,drawing_annotation,calc_pdf_p24,drawing,
TR-2271,DWG-ANO-S022-010,DR-445,drawing_annotation,calc_pdf_p24,drawing,
TR-2272,DWG-ANO-S022-011,DR-446,drawing_annotation,calc_pdf_p24,drawing,
TR-2273,DWG-ANO-S022-012,DR-447,drawing_annotation,calc_pdf_p24,drawing,
TR-2274,DWG-ANO-S022-013,DR-448,drawing_annotation,calc_pdf_p24,drawing,
TR-2275,DWG-ANO-S022-014,DR-449,drawing_annotation,calc_pdf_p24,drawing,
TR-2276,DWG-ANO-S022-015,DR-450,drawing_annotation,calc_pdf_p24,drawing,
TR-2277,DWG-ANO-S022-016,DR-451,drawing_annotation,calc_pdf_p24,drawing,
TR-2278,DWG-ANO-S022-017,DR-452,drawing_annotation,calc_pdf_p24,drawing,
TR-2279,DWG-ANO-S022-018,DR-453,drawing_annotation,calc_pdf_p24,drawing,
TR-2280,DWG-ANO-S022-019,DR-454,drawing_annotation,calc_pdf_p24,drawing,
TR-2281,DWG-ANO-S022-020,DR-455,drawing_annotation,calc_pdf_p24,drawing,
TR-2282,DWG-ANO-S023-006,DR-456,drawing_annotation,calc_pdf_p25,drawing,
TR-2283,DWG-ANO-S023-007,DR-457,drawing_annotation,calc_pdf_p25,drawing,
TR-2284,DWG-ANO-S023-008,DR-458,drawing_annotation,calc_pdf_p25,drawing,
TR-2285,DWG-ANO-S023-009,DR-459,drawing_annotation,calc_pdf_p25,drawing,
TR-2286,DWG-ANO-S023-010,DR-460,drawing_annotation,calc_pdf_p25,drawing,
TR-2287,DWG-ANO-S023-011,DR-461,drawing_annotation,calc_pdf_p25,drawing,
TR-2288,DWG-ANO-S023-012,DR-462,drawing_annotation,calc_pdf_p25,drawing,
TR-2289,DWG-ANO-S023-013,DR-463,drawing_annotation,calc_pdf_p25,drawing,
TR-2290,DWG-ANO-S023-014,DR-464,drawing_annotation,calc_pdf_p25,drawing,
TR-2291,DWG-ANO-S023-015,DR-465,drawing_annotation,calc_pdf_p25,drawing,
TR-2292,DWG-ANO-S023-016,DR-466,drawing_annotation,calc_pdf_p25,drawing,
TR-2293,DWG-ANO-S023-017,DR-467,drawing_annotation,calc_pdf_p25,drawing,
TR-2294,DWG-ANO-S023-018,DR-468,drawing_annotation,calc_pdf_p25,drawing,
TR-2295,DWG-ANO-S023-019,DR-469,drawing_annotation,calc_pdf_p25,drawing,
TR-2296,DWG-ANO-S023-020,DR-470,drawing_annotation,calc_pdf_p25,drawing,
TR-2297,DWG-ANO-S023-021,DR-471,drawing_annotation,calc_pdf_p25,drawing,
TR-2298,DWG-ANO-S024-005,DR-472,drawing_annotation,calc_pdf_p26,drawing,
TR-2299,DWG-ANO-S024-006,DR-473,drawing_annotation,calc_pdf_p26,drawing,
TR-2300,DWG-ANO-S024-007,DR-474,drawing_annotation,calc_pdf_p26,drawing,
TR-2301,DWG-ANO-S024-008,DR-475,drawing_annotation,calc_pdf_p26,drawing,
TR-2302,DWG-ANO-S024-009,DR-476,drawing_annotation,calc_pdf_p26,drawing,
TR-2303,DWG-ANO-S024-010,DR-477,drawing_annotation,calc_pdf_p26,drawing,
TR-2304,DWG-ANO-S024-011,DR-478,drawing_annotation,calc_pdf_p26,drawing,
TR-2305,DWG-ANO-S024-012,DR-479,drawing_annotation,calc_pdf_p26,drawing,
TR-2306,DWG-ANO-S024-013,DR-480,drawing_annotation,calc_pdf_p26,drawing,
TR-2307,DWG-ANO-S024-014,DR-481,drawing_annotation,calc_pdf_p26,drawing,
TR-2308,DWG-ANO-S024-015,DR-482,drawing_annotation,calc_pdf_p26,drawing,
TR-2309,DWG-ANO-S024-016,DR-483,drawing_annotation,calc_pdf_p26,drawing,
TR-2310,DWG-ANO-S024-017,DR-484,drawing_annotation,calc_pdf_p26,drawing,
TR-2311,DWG-ANO-S024-018,DR-485,drawing_annotation,calc_pdf_p26,drawing,
TR-2312,DWG-ANO-S024-019,DR-486,drawing_annotation,calc_pdf_p26,drawing,
TR-2313,DWG-ANO-S024-020,DR-487,drawing_annotation,calc_pdf_p26,drawing,
TR-2314,DWG-ANO-S025-005,DR-488,drawing_annotation,calc_pdf_p27,drawing,
TR-2315,DWG-ANO-S025-006,DR-489,drawing_annotation,calc_pdf_p27,drawing,
TR-2316,DWG-ANO-S025-007,DR-490,drawing_annotation,calc_pdf_p27,drawing,
TR-2317,DWG-ANO-S025-008,DR-491,drawing_annotation,calc_pdf_p27,drawing,
TR-2318,DWG-ANO-S025-009,DR-492,drawing_annotation,calc_pdf_p27,drawing,
TR-2319,DWG-ANO-S025-010,DR-493,drawing_annotation,calc_pdf_p27,drawing,
TR-2320,DWG-ANO-S025-011,DR-494,drawing_annotation,calc_pdf_p27,drawing,
TR-2321,DWG-ANO-S025-012,DR-495,drawing_annotation,calc_pdf_p27,drawing,
TR-2322,DWG-ANO-S025-013,DR-496,drawing_annotation,calc_pdf_p27,drawing,
TR-2323,DWG-ANO-S025-014,DR-497,drawing_annotation,calc_pdf_p27,drawing,
TR-2324,DWG-ANO-S025-015,DR-498,drawing_annotation,calc_pdf_p27,drawing,
TR-2325,DWG-ANO-S025-016,DR-499,drawing_annotation,calc_pdf_p27,drawing,
TR-2326,DWG-ANO-S025-017,DR-500,drawing_annotation,calc_pdf_p27,drawing,
TR-2327,DWG-ANO-S025-018,DR-501,drawing_annotation,calc_pdf_p27,drawing,
TR-2328,DWG-ANO-S025-019,DR-502,drawing_annotation,calc_pdf_p27,drawing,
TR-2329,DWG-ANO-S025-020,DR-503,drawing_annotation,calc_pdf_p27,drawing,
TR-2330,DWG-ANO-S026-006,DR-504,drawing_annotation,calc_pdf_p28,drawing,
TR-2331,DWG-ANO-S026-007,DR-505,drawing_annotation,calc_pdf_p28,drawing,
TR-2332,DWG-ANO-S026-008,DR-506,drawing_annotation,calc_pdf_p28,drawing,
TR-2333,DWG-ANO-S026-009,DR-507,drawing_annotation,calc_pdf_p28,drawing,
TR-2334,DWG-ANO-S026-010,DR-508,drawing_annotation,calc_pdf_p28,drawing,
TR-2335,DWG-ANO-S026-011,DR-509,drawing_annotation,calc_pdf_p28,drawing,
TR-2336,DWG-ANO-S026-012,DR-510,drawing_annotation,calc_pdf_p28,drawing,
TR-2337,DWG-ANO-S026-013,DR-511,drawing_annotation,calc_pdf_p28,drawing,
TR-2338,DWG-ANO-S026-014,DR-512,drawing_annotation,calc_pdf_p28,drawing,
TR-2339,DWG-ANO-S026-015,DR-513,drawing_annotation,calc_pdf_p28,drawing,
TR-2340,DWG-ANO-S026-016,DR-514,drawing_annotation,calc_pdf_p28,drawing,
TR-2341,DWG-ANO-S026-017,DR-515,drawing_annotation,calc_pdf_p28,drawing,
TR-2342,DWG-ANO-S026-018,DR-516,drawing_annotation,calc_pdf_p28,drawing,
TR-2343,DWG-ANO-S026-019,DR-517,drawing_annotation,calc_pdf_p28,drawing,
TR-2344,DWG-ANO-S026-020,DR-518,drawing_annotation,calc_pdf_p28,drawing,
TR-2345,DWG-ANO-S026-021,DR-519,drawing_annotation,calc_pdf_p28,drawing,
TR-2346,DWG-ANO-S027-005,DR-520,drawing_annotation,calc_pdf_p29,drawing,
TR-2347,DWG-ANO-S027-006,DR-521,drawing_annotation,calc_pdf_p29,drawing,
TR-2348,DWG-ANO-S027-007,DR-522,drawing_annotation,calc_pdf_p29,drawing,
TR-2349,DWG-ANO-S027-008,DR-523,drawing_annotation,calc_pdf_p29,drawing,
TR-2350,DWG-ANO-S027-009,DR-524,drawing_annotation,calc_pdf_p29,drawing,
TR-2351,DWG-ANO-S027-010,DR-525,drawing_annotation,calc_pdf_p29,drawing,
TR-2352,DWG-ANO-S027-011,DR-526,drawing_annotation,calc_pdf_p29,drawing,
TR-2353,DWG-ANO-S027-012,DR-527,drawing_annotation,calc_pdf_p29,drawing,
TR-2354,DWG-ANO-S027-013,DR-528,drawing_annotation,calc_pdf_p29,drawing,
TR-2355,DWG-ANO-S027-014,DR-529,drawing_annotation,calc_pdf_p29,drawing,
TR-2356,DWG-ANO-S027-015,DR-530,drawing_annotation,calc_pdf_p29,drawing,
TR-2357,DWG-ANO-S027-016,DR-531,drawing_annotation,calc_pdf_p29,drawing,
TR-2358,DWG-ANO-S027-017,DR-532,drawing_annotation,calc_pdf_p29,drawing,
TR-2359,DWG-ANO-S027-018,DR-533,drawing_annotation,calc_pdf_p29,drawing,
TR-2360,DWG-ANO-S027-019,DR-534,drawing_annotation,calc_pdf_p29,drawing,
TR-2361,DWG-ANO-S027-020,DR-535,drawing_annotation,calc_pdf_p29,drawing,
TR-2362,DWG-ANO-S028-005,DR-536,drawing_annotation,calc_pdf_p30,drawing,
TR-2363,DWG-ANO-S028-006,DR-537,drawing_annotation,calc_pdf_p30,drawing,
TR-2364,DWG-ANO-S028-007,DR-538,drawing_annotation,calc_pdf_p30,drawing,
TR-2365,DWG-ANO-S028-008,DR-539,drawing_annotation,calc_pdf_p30,drawing,
TR-2366,DWG-ANO-S028-009,DR-540,drawing_annotation,calc_pdf_p30,drawing,
TR-2367,DWG-ANO-S028-010,DR-541,drawing_annotation,calc_pdf_p30,drawing,
TR-2368,DWG-ANO-S028-011,DR-542,drawing_annotation,calc_pdf_p30,drawing,
TR-2369,DWG-ANO-S028-012,DR-543,drawing_annotation,calc_pdf_p30,drawing,
TR-2370,DWG-ANO-S028-013,DR-544,drawing_annotation,calc_pdf_p30,drawing,
TR-2371,DWG-ANO-S028-014,DR-545,drawing_annotation,calc_pdf_p30,drawing,
TR-2372,DWG-ANO-S028-015,DR-546,drawing_annotation,calc_pdf_p30,drawing,
TR-2373,DWG-ANO-S028-016,DR-547,drawing_annotation,calc_pdf_p30,drawing,
TR-2374,DWG-ANO-S028-017,DR-548,drawing_annotation,calc_pdf_p30,drawing,
TR-2375,DWG-ANO-S028-018,DR-549,drawing_annotation,calc_pdf_p30,drawing,
TR-2376,DWG-ANO-S028-019,DR-550,drawing_annotation,calc_pdf_p30,drawing,
TR-2377,DWG-ANO-S028-020,DR-551,drawing_annotation,calc_pdf_p30,drawing,
TR-2378,DWG-ANO-S029-005,DR-552,drawing_annotation,calc_pdf_p31,drawing,
TR-2379,DWG-ANO-S029-006,DR-553,drawing_annotation,calc_pdf_p31,drawing,
TR-2380,DWG-ANO-S029-007,DR-554,drawing_annotation,calc_pdf_p31,drawing,
TR-2381,DWG-ANO-S029-008,DR-555,drawing_annotation,calc_pdf_p31,drawing,
TR-2382,DWG-ANO-S029-009,DR-556,drawing_annotation,calc_pdf_p31,drawing,
TR-2383,DWG-ANO-S029-010,DR-557,drawing_annotation,calc_pdf_p31,drawing,
TR-2384,DWG-ANO-S029-011,DR-558,drawing_annotation,calc_pdf_p31,drawing,
TR-2385,DWG-ANO-S029-012,DR-559,drawing_annotation,calc_pdf_p31,drawing,
TR-2386,DWG-ANO-S029-013,DR-560,drawing_annotation,calc_pdf_p31,drawing,
TR-2387,DWG-ANO-S029-014,DR-561,drawing_annotation,calc_pdf_p31,drawing,
TR-2388,DWG-ANO-S029-015,DR-562,drawing_annotation,calc_pdf_p31,drawing,
TR-2389,DWG-ANO-S029-016,DR-563,drawing_annotation,calc_pdf_p31,drawing,
TR-2390,DWG-ANO-S029-017,DR-564,drawing_annotation,calc_pdf_p31,drawing,
TR-2391,DWG-ANO-S029-018,DR-565,drawing_annotation,calc_pdf_p31,drawing,
TR-2392,DWG-ANO-S029-019,DR-566,drawing_annotation,calc_pdf_p31,drawing,
TR-2393,DWG-ANO-S029-020,DR-567,drawing_annotation,calc_pdf_p31,drawing,
TR-2394,DWG-ANO-S030-005,DR-568,drawing_annotation,calc_pdf_p32,drawing,
TR-2395,DWG-ANO-S030-006,DR-569,drawing_annotation,calc_pdf_p32,drawing,
TR-2396,DWG-ANO-S030-007,DR-570,drawing_annotation,calc_pdf_p32,drawing,
TR-2397,DWG-ANO-S030-008,DR-571,drawing_annotation,calc_pdf_p32,drawing,
TR-2398,DWG-ANO-S030-009,DR-572,drawing_annotation,calc_pdf_p32,drawing,
TR-2399,DWG-ANO-S030-010,DR-573,drawing_annotation,calc_pdf_p32,drawing,
TR-2400,DWG-ANO-S030-011,DR-574,drawing_annotation,calc_pdf_p32,drawing,
TR-2401,DWG-ANO-S030-012,DR-575,drawing_annotation,calc_pdf_p32,drawing,
TR-2402,DWG-ANO-S030-013,DR-576,drawing_annotation,calc_pdf_p32,drawing,
TR-2403,DWG-ANO-S030-014,DR-577,drawing_annotation,calc_pdf_p32,drawing,
TR-2404,DWG-ANO-S030-015,DR-578,drawing_annotation,calc_pdf_p32,drawing,
TR-2405,DWG-ANO-S030-016,DR-579,drawing_annotation,calc_pdf_p32,drawing,
TR-2406,DWG-ANO-S030-017,DR-580,drawing_annotation,calc_pdf_p32,drawing,
TR-2407,DWG-ANO-S030-018,DR-581,drawing_annotation,calc_pdf_p32,drawing,
TR-2408,DWG-ANO-S030-019,DR-582,drawing_annotation,calc_pdf_p32,drawing,
TR-2409,DWG-ANO-S030-020,DR-583,drawing_annotation,calc_pdf_p32,drawing,
TR-2410,DWG-ANO-S031-005,DR-584,drawing_annotation,calc_pdf_p33,drawing,
TR-2411,DWG-ANO-S031-006,DR-585,drawing_annotation,calc_pdf_p33,drawing,
TR-2412,DWG-ANO-S031-007,DR-586,drawing_annotation,calc_pdf_p33,drawing,
TR-2413,DWG-ANO-S031-008,DR-587,drawing_annotation,calc_pdf_p33,drawing,
TR-2414,DWG-ANO-S031-009,DR-588,drawing_annotation,calc_pdf_p33,drawing,
TR-2415,DWG-ANO-S031-010,DR-589,drawing_annotation,calc_pdf_p33,drawing,
TR-2416,DWG-ANO-S031-011,DR-590,drawing_annotation,calc_pdf_p33,drawing,
TR-2417,DWG-ANO-S031-012,DR-591,drawing_annotation,calc_pdf_p33,drawing,
TR-2418,DWG-ANO-S031-013,DR-592,drawing_annotation,calc_pdf_p33,drawing,
TR-2419,DWG-ANO-S031-014,DR-593,drawing_annotation,calc_pdf_p33,drawing,
TR-2420,DWG-ANO-S031-015,DR-594,drawing_annotation,calc_pdf_p33,drawing,
TR-2421,DWG-ANO-S031-016,DR-595,drawing_annotation,calc_pdf_p33,drawing,
TR-2422,DWG-ANO-S031-017,DR-596,drawing_annotation,calc_pdf_p33,drawing,
TR-2423,DWG-ANO-S031-018,DR-597,drawing_annotation,calc_pdf_p33,drawing,
TR-2424,DWG-ANO-S031-019,DR-598,drawing_annotation,calc_pdf_p33,drawing,
TR-2425,DWG-ANO-S031-020,DR-599,drawing_annotation,calc_pdf_p33,drawing,
TR-2426,DWG-ANO-S032-005,DR-600,drawing_annotation,calc_pdf_p34,drawing,
TR-2427,DWG-ANO-S032-006,DR-601,drawing_annotation,calc_pdf_p34,drawing,
TR-2428,DWG-ANO-S032-007,DR-602,drawing_annotation,calc_pdf_p34,drawing,
TR-2429,DWG-ANO-S032-008,DR-603,drawing_annotation,calc_pdf_p34,drawing,
TR-2430,DWG-ANO-S032-009,DR-604,drawing_annotation,calc_pdf_p34,drawing,
TR-2431,DWG-ANO-S032-010,DR-605,drawing_annotation,calc_pdf_p34,drawing,
TR-2432,DWG-ANO-S032-011,DR-606,drawing_annotation,calc_pdf_p34,drawing,
TR-2433,DWG-ANO-S032-012,DR-607,drawing_annotation,calc_pdf_p34,drawing,
TR-2434,DWG-ANO-S032-013,DR-608,drawing_annotation,calc_pdf_p34,drawing,
TR-2435,DWG-ANO-S032-014,DR-609,drawing_annotation,calc_pdf_p34,drawing,
TR-2436,DWG-ANO-S032-015,DR-610,drawing_annotation,calc_pdf_p34,drawing,
TR-2437,DWG-ANO-S032-016,DR-611,drawing_annotation,calc_pdf_p34,drawing,
TR-2438,DWG-ANO-S032-017,DR-612,drawing_annotation,calc_pdf_p34,drawing,
TR-2439,DWG-ANO-S032-018,DR-613,drawing_annotation,calc_pdf_p34,drawing,
TR-2440,DWG-ANO-S032-019,DR-614,drawing_annotation,calc_pdf_p34,drawing,
TR-2441,DWG-ANO-S032-020,DR-615,drawing_annotation,calc_pdf_p34,drawing,
TR-2442,DWG-ANO-S033-005,DR-616,drawing_annotation,calc_pdf_p35,drawing,
TR-2443,DWG-ANO-S033-006,DR-617,drawing_annotation,calc_pdf_p35,drawing,
TR-2444,DWG-ANO-S033-007,DR-618,drawing_annotation,calc_pdf_p35,drawing,
TR-2445,DWG-ANO-S033-008,DR-619,drawing_annotation,calc_pdf_p35,drawing,
TR-2446,DWG-ANO-S033-009,DR-620,drawing_annotation,calc_pdf_p35,drawing,
TR-2447,DWG-ANO-S033-010,DR-621,drawing_annotation,calc_pdf_p35,drawing,
TR-2448,DWG-ANO-S033-011,DR-622,drawing_annotation,calc_pdf_p35,drawing,
TR-2449,DWG-ANO-S033-012,DR-623,drawing_annotation,calc_pdf_p35,drawing,
TR-2450,DWG-ANO-S033-013,DR-624,drawing_annotation,calc_pdf_p35,drawing,
TR-2451,DWG-ANO-S033-014,DR-625,drawing_annotation,calc_pdf_p35,drawing,
TR-2452,DWG-ANO-S033-015,DR-626,drawing_annotation,calc_pdf_p35,drawing,
TR-2453,DWG-ANO-S033-016,DR-627,drawing_annotation,calc_pdf_p35,drawing,
TR-2454,DWG-ANO-S033-017,DR-628,drawing_annotation,calc_pdf_p35,drawing,
TR-2455,DWG-ANO-S033-018,DR-629,drawing_annotation,calc_pdf_p35,drawing,
TR-2456,DWG-ANO-S033-019,DR-630,drawing_annotation,calc_pdf_p35,drawing,
TR-2457,DWG-ANO-S033-020,DR-631,drawing_annotation,calc_pdf_p35,drawing,
TR-2458,DWG-ANO-S034-005,DR-632,drawing_annotation,calc_pdf_p36,drawing,
TR-2459,DWG-ANO-S034-006,DR-633,drawing_annotation,calc_pdf_p36,drawing,
TR-2460,DWG-ANO-S034-007,DR-634,drawing_annotation,calc_pdf_p36,drawing,
TR-2461,DWG-ANO-S034-008,DR-635,drawing_annotation,calc_pdf_p36,drawing,
TR-2462,DWG-ANO-S034-009,DR-636,drawing_annotation,calc_pdf_p36,drawing,
TR-2463,DWG-ANO-S034-010,DR-637,drawing_annotation,calc_pdf_p36,drawing,
TR-2464,DWG-ANO-S034-011,DR-638,drawing_annotation,calc_pdf_p36,drawing,
TR-2465,DWG-ANO-S034-012,DR-639,drawing_annotation,calc_pdf_p36,drawing,
TR-2466,DWG-ANO-S034-013,DR-640,drawing_annotation,calc_pdf_p36,drawing,
TR-2467,DWG-ANO-S034-014,DR-641,drawing_annotation,calc_pdf_p36,drawing,
TR-2468,DWG-ANO-S034-015,DR-642,drawing_annotation,calc_pdf_p36,drawing,
TR-2469,DWG-ANO-S034-016,DR-643,drawing_annotation,calc_pdf_p36,drawing,
TR-2470,DWG-ANO-S034-017,DR-644,drawing_annotation,calc_pdf_p36,drawing,
TR-2471,DWG-ANO-S034-018,DR-645,drawing_annotation,calc_pdf_p36,drawing,
TR-2472,DWG-ANO-S034-019,DR-646,drawing_annotation,calc_pdf_p36,drawing,
TR-2473,DWG-ANO-S034-020,DR-647,drawing_annotation,calc_pdf_p36,drawing,
TR-2474,DWG-ANO-S035-005,DR-648,drawing_annotation,calc_pdf_p37,drawing,
TR-2475,DWG-ANO-S035-006,DR-649,drawing_annotation,calc_pdf_p37,drawing,
TR-2476,DWG-ANO-S035-007,DR-650,drawing_annotation,calc_pdf_p37,drawing,
TR-2477,DWG-ANO-S035-008,DR-651,drawing_annotation,calc_pdf_p37,drawing,
TR-2478,DWG-ANO-S035-009,DR-652,drawing_annotation,calc_pdf_p37,drawing,
TR-2479,DWG-ANO-S035-010,DR-653,drawing_annotation,calc_pdf_p37,drawing,
TR-2480,DWG-ANO-S035-011,DR-654,drawing_annotation,calc_pdf_p37,drawing,
TR-2481,DWG-ANO-S035-012,DR-655,drawing_annotation,calc_pdf_p37,drawing,
TR-2482,DWG-ANO-S035-013,DR-656,drawing_annotation,calc_pdf_p37,drawing,
TR-2483,DWG-ANO-S035-014,DR-657,drawing_annotation,calc_pdf_p37,drawing,
TR-2484,DWG-ANO-S035-015,DR-658,drawing_annotation,calc_pdf_p37,drawing,
TR-2485,DWG-ANO-S035-016,DR-659,drawing_annotation,calc_pdf_p37,drawing,
TR-2486,DWG-ANO-S035-017,DR-660,drawing_annotation,calc_pdf_p37,drawing,
TR-2487,DWG-ANO-S035-018,DR-661,drawing_annotation,calc_pdf_p37,drawing,
TR-2488,DWG-ANO-S035-019,DR-662,drawing_annotation,calc_pdf_p37,drawing,
TR-2489,DWG-ANO-S035-020,DR-663,drawing_annotation,calc_pdf_p37,drawing,
TR-2490,DWG-ANO-S036-005,DR-664,drawing_annotation,calc_pdf_p38,drawing,
TR-2491,DWG-ANO-S036-006,DR-665,drawing_annotation,calc_pdf_p38,drawing,
TR-2492,DWG-ANO-S036-007,DR-666,drawing_annotation,calc_pdf_p38,drawing,
TR-2493,DWG-ANO-S036-008,DR-667,drawing_annotation,calc_pdf_p38,drawing,
TR-2494,DWG-ANO-S036-009,DR-668,drawing_annotation,calc_pdf_p38,drawing,
TR-2495,DWG-ANO-S036-010,DR-669,drawing_annotation,calc_pdf_p38,drawing,
TR-2496,DWG-ANO-S036-011,DR-670,drawing_annotation,calc_pdf_p38,drawing,
TR-2497,DWG-ANO-S036-012,DR-671,drawing_annotation,calc_pdf_p38,drawing,
TR-2498,DWG-ANO-S036-013,DR-672,drawing_annotation,calc_pdf_p38,drawing,
TR-2499,DWG-ANO-S036-014,DR-673,drawing_annotation,calc_pdf_p38,drawing,
TR-2500,DWG-ANO-S036-015,DR-674,drawing_annotation,calc_pdf_p38,drawing,
TR-2501,DWG-ANO-S036-016,DR-675,drawing_annotation,calc_pdf_p38,drawing,
TR-2502,DWG-ANO-S036-017,DR-676,drawing_annotation,calc_pdf_p38,drawing,
TR-2503,DWG-ANO-S036-018,DR-677,drawing_annotation,calc_pdf_p38,drawing,
TR-2504,DWG-ANO-S036-019,DR-678,drawing_annotation,calc_pdf_p38,drawing,
TR-2505,DWG-ANO-S036-020,DR-679,drawing_annotation,calc_pdf_p38,drawing,
TR-2506,DWG-ANO-S037-005,DR-680,drawing_annotation,calc_pdf_p39,drawing,
TR-2507,DWG-ANO-S037-006,DR-681,drawing_annotation,calc_pdf_p39,drawing,
TR-2508,DWG-ANO-S037-007,DR-682,drawing_annotation,calc_pdf_p39,drawing,
TR-2509,DWG-ANO-S037-008,DR-683,drawing_annotation,calc_pdf_p39,drawing,
TR-2510,DWG-ANO-S037-009,DR-684,drawing_annotation,calc_pdf_p39,drawing,
TR-2511,DWG-ANO-S037-010,DR-685,drawing_annotation,calc_pdf_p39,drawing,
TR-2512,DWG-ANO-S037-011,DR-686,drawing_annotation,calc_pdf_p39,drawing,
TR-2513,DWG-ANO-S037-012,DR-687,drawing_annotation,calc_pdf_p39,drawing,
TR-2514,DWG-ANO-S037-013,DR-688,drawing_annotation,calc_pdf_p39,drawing,
TR-2515,DWG-ANO-S037-014,DR-689,drawing_annotation,calc_pdf_p39,drawing,
TR-2516,DWG-ANO-S037-015,DR-690,drawing_annotation,calc_pdf_p39,drawing,
TR-2517,DWG-ANO-S037-016,DR-691,drawing_annotation,calc_pdf_p39,drawing,
TR-2518,DWG-ANO-S037-017,DR-692,drawing_annotation,calc_pdf_p39,drawing,
TR-2519,DWG-ANO-S037-018,DR-693,drawing_annotation,calc_pdf_p39,drawing,
TR-2520,DWG-ANO-S037-019,DR-694,drawing_annotation,calc_pdf_p39,drawing,
TR-2521,DWG-ANO-S037-020,DR-695,drawing_annotation,calc_pdf_p39,drawing,
TR-2522,DWG-ANO-S038-005,DR-696,drawing_annotation,calc_pdf_p40,drawing,
TR-2523,DWG-ANO-S038-006,DR-697,drawing_annotation,calc_pdf_p40,drawing,
TR-2524,DWG-ANO-S038-007,DR-698,drawing_annotation,calc_pdf_p40,drawing,
TR-2525,DWG-ANO-S038-008,DR-699,drawing_annotation,calc_pdf_p40,drawing,
TR-2526,DWG-ANO-S038-009,DR-700,drawing_annotation,calc_pdf_p40,drawing,
TR-2527,DWG-ANO-S038-010,DR-701,drawing_annotation,calc_pdf_p40,drawing,
TR-2528,DWG-ANO-S038-011,DR-702,drawing_annotation,calc_pdf_p40,drawing,
TR-2529,DWG-ANO-S038-012,DR-703,drawing_annotation,calc_pdf_p40,drawing,
TR-2530,DWG-ANO-S038-013,DR-704,drawing_annotation,calc_pdf_p40,drawing,
TR-2531,DWG-ANO-S038-014,DR-705,drawing_annotation,calc_pdf_p40,drawing,
TR-2532,DWG-ANO-S038-015,DR-706,drawing_annotation,calc_pdf_p40,drawing,
TR-2533,DWG-ANO-S038-016,DR-707,drawing_annotation,calc_pdf_p40,drawing,
TR-2534,DWG-ANO-S038-017,DR-708,drawing_annotation,calc_pdf_p40,drawing,
TR-2535,DWG-ANO-S038-018,DR-709,drawing_annotation,calc_pdf_p40,drawing,
TR-2536,DWG-ANO-S038-019,DR-710,drawing_annotation,calc_pdf_p40,drawing,
TR-2537,DWG-ANO-S038-020,DR-711,drawing_annotation,calc_pdf_p40,drawing,
TR-2538,DWG-ANO-S045-001,DR-1053,drawing_annotation,calc_pdf_p47,drawing,
TR-2539,DWG-ANO-S045-002,DR-1054,drawing_annotation,calc_pdf_p47,drawing,
TR-2540,DWG-ANO-S045-003,DR-1055,drawing_annotation,calc_pdf_p47,drawing,
TR-2541,DWG-ANO-S045-004,DR-1056,drawing_annotation,calc_pdf_p47,drawing,
TR-2542,DWG-ANO-S045-005,DR-1057,drawing_annotation,calc_pdf_p47,drawing,
TR-2543,DWG-ANO-S045-006,DR-1058,drawing_annotation,calc_pdf_p47,drawing,
TR-2544,DWG-ANO-S045-007,DR-1059,drawing_annotation,calc_pdf_p47,drawing,
TR-2545,DWG-ANO-S045-008,DR-1060,drawing_annotation,calc_pdf_p47,drawing,
TR-2546,DWG-ANO-S045-009,DR-1061,drawing_annotation,calc_pdf_p47,drawing,
TR-2547,DWG-ANO-S045-010,DR-1062,drawing_annotation,calc_pdf_p47,drawing,
TR-2548,DWG-ANO-S045-011,DR-1063,drawing_annotation,calc_pdf_p47,drawing,
TR-2549,DWG-ANO-S045-012,DR-1064,drawing_annotation,calc_pdf_p47,drawing,
TR-2550,DWG-ANO-S045-013,DR-1065,drawing_annotation,calc_pdf_p47,drawing,
TR-2551,DWG-ANO-S045-014,DR-1066,drawing_annotation,calc_pdf_p47,drawing,
TR-2552,DWG-ANO-S045-015,DR-1067,drawing_annotation,calc_pdf_p47,drawing,
TR-2553,DWG-ANO-S045-016,DR-1068,drawing_annotation,calc_pdf_p47,drawing,
TR-2554,DWG-ANO-S045-017,DR-1069,drawing_annotation,calc_pdf_p47,drawing,
TR-2555,DWG-ANO-S045-018,DR-1070,drawing_annotation,calc_pdf_p47,drawing,
TR-2556,DWG-ANO-S045-019,DR-1071,drawing_annotation,calc_pdf_p47,drawing,
TR-2557,DWG-ANO-S045-020,DR-1072,drawing_annotation,calc_pdf_p47,drawing,
TR-2558,DWG-ANO-S045-021,DR-1073,drawing_annotation,calc_pdf_p47,drawing,
TR-2559,DWG-ANO-S045-022,DR-1074,drawing_annotation,calc_pdf_p47,drawing,
TR-2560,DWG-ANO-S045-023,DR-1075,drawing_annotation,calc_pdf_p47,drawing,
TR-2561,DWG-ANO-S045-024,DR-1076,drawing_annotation,calc_pdf_p47,drawing,
TR-2562,DWG-ANO-S045-025,DR-1077,drawing_annotation,calc_pdf_p47,drawing,
TR-2563,DWG-ANO-S045-026,DR-1078,drawing_annotation,calc_pdf_p47,drawing,
TR-2564,DWG-ANO-S046-001,DR-1079,drawing_annotation,calc_pdf_p48,drawing,
TR-2565,DWG-ANO-S046-002,DR-1080,drawing_annotation,calc_pdf_p48,drawing,
TR-2566,DWG-ANO-S046-003,DR-1081,drawing_annotation,calc_pdf_p48,drawing,
TR-2567,DWG-ANO-S047-001,DR-1082,drawing_annotation,calc_pdf_p49,drawing,
TR-2568,DWG-ANO-S047-002,DR-1083,drawing_annotation,calc_pdf_p49,drawing,
TR-2569,DWG-ANO-S047-003,DR-1084,drawing_annotation,calc_pdf_p49,drawing,
TR-2570,DWG-ANO-S047-004,DR-1085,drawing_annotation,calc_pdf_p49,drawing,
TR-2571,DWG-ANO-S047-005,DR-1086,drawing_annotation,calc_pdf_p49,drawing,
TR-2572,DWG-ANO-S047-006,DR-1087,drawing_annotation,calc_pdf_p49,drawing,
TR-2573,DWG-ANO-S047-007,DR-1088,drawing_annotation,calc_pdf_p49,drawing,
TR-2574,DWG-ANO-S047-008,DR-1089,drawing_annotation,calc_pdf_p49,drawing,
TR-2575,DWG-ANO-S049-001,DR-1090,drawing_annotation,calc_pdf_p51,drawing,
TR-2576,DWG-ANO-S049-002,DR-1091,drawing_annotation,calc_pdf_p51,drawing,
TR-2577,DWG-ANO-S049-003,DR-1092,drawing_annotation,calc_pdf_p51,drawing,
TR-2578,DWG-ANO-S049-004,DR-1093,drawing_annotation,calc_pdf_p51,drawing,
TR-2579,DWG-ANO-S049-005,DR-1094,drawing_annotation,calc_pdf_p51,drawing,
TR-2580,DWG-ANO-S049-006,DR-1095,drawing_annotation,calc_pdf_p51,drawing,
TR-2581,DWG-ANO-S049-007,DR-1096,drawing_annotation,calc_pdf_p51,drawing,
TR-2582,DWG-ANO-S049-008,DR-1097,drawing_annotation,calc_pdf_p51,drawing,
TR-2583,DWG-ANO-S050-001,DR-1098,drawing_annotation,calc_pdf_p52,drawing,
TR-2584,DWG-ANO-S050-002,DR-1099,drawing_annotation,calc_pdf_p52,drawing,
TR-2585,DWG-ANO-S051-001,DR-1100,drawing_annotation,calc_pdf_p53,drawing,
TR-2586,DWG-ANO-S052-001,DR-1101,drawing_annotation,calc_pdf_p54,drawing,
TR-2587,DWG-ANO-S053-001,DR-1102,drawing_annotation,calc_pdf_p55,drawing,
TR-2588,DWG-ANO-S054-001,DR-1103,drawing_annotation,calc_pdf_p56,drawing,
TR-2589,DWG-ANO-S055-001,DR-1104,drawing_annotation,calc_pdf_p57,drawing,
TR-2590,DWG-ANO-S056-001,DR-1105,drawing_annotation,calc_pdf_p58,drawing,
TR-2591,DWG-ANO-S057-001,DR-1106,drawing_annotation,calc_pdf_p59,drawing,
TR-2592,DWG-ANO-S058-001,DR-1107,drawing_annotation,calc_pdf_p60,drawing,
TR-2593,DWG-ANO-S058-002,DR-1108,drawing_annotation,calc_pdf_p60,drawing,
TR-2594,DWG-ANO-S058-003,DR-1109,drawing_annotation,calc_pdf_p60,drawing,
TR-2595,DWG-ANO-S058-004,DR-1110,drawing_annotation,calc_pdf_p60,drawing,
TR-2596,DWG-ANO-S061-001,DR-1111,drawing_annotation,calc_pdf_p63,drawing,
TR-2597,DWG-ANO-S061-002,DR-1112,drawing_annotation,calc_pdf_p63,drawing,
TR-2598,DWG-ANO-S061-003,DR-1113,drawing_annotation,calc_pdf_p63,drawing,
TR-2599,DWG-ANO-S061-004,DR-1114,drawing_annotation,calc_pdf_p63,drawing,
TR-2600,DWG-ANO-S061-005,DR-1115,drawing_annotation,calc_pdf_p63,drawing,
TR-2601,DWG-ANO-S061-006,DR-1116,drawing_annotation,calc_pdf_p63,drawing,
TR-2602,DWG-ANO-S061-007,DR-1117,drawing_annotation,calc_pdf_p63,drawing,
TR-2603,DWG-ANO-S061-008,DR-1118,drawing_annotation,calc_pdf_p63,drawing,
TR-2604,DWG-ANO-S061-009,DR-1119,drawing_annotation,calc_pdf_p63,drawing,
TR-2605,DWG-ANO-S062-001,DR-1120,drawing_annotation,calc_pdf_p64,drawing,
TR-2606,DWG-ANO-S062-002,DR-1121,drawing_annotation,calc_pdf_p64,drawing,
TR-2607,DWG-ANO-S068-001,DR-1122,drawing_annotation,calc_pdf_p70,drawing,
TR-2608,DWG-ANO-S068-002,DR-1123,drawing_annotation,calc_pdf_p70,drawing,
TR-2609,DWG-ANO-S068-003,DR-1124,drawing_annotation,calc_pdf_p70,drawing,
TR-2610,DWG-ANO-S068-004,DR-1125,drawing_annotation,calc_pdf_p70,drawing,
TR-2611,DWG-ANO-S072-001,DR-1126,drawing_annotation,calc_pdf_p74,drawing,
TR-2612,DWG-ANO-S072-002,DR-1127,drawing_annotation,calc_pdf_p74,drawing,
TR-2613,DWG-ANO-S072-003,DR-1128,drawing_annotation,calc_pdf_p74,drawing,
TR-2614,DWG-ANO-S072-004,DR-1129,drawing_annotation,calc_pdf_p74,drawing,
TR-2615,DWG-ANO-S073-001,DR-1130,drawing_annotation,calc_pdf_p75,drawing,
TR-2616,DWG-ANO-S073-002,DR-1131,drawing_annotation,calc_pdf_p75,drawing,
TR-2617,DWG-ANO-S074-001,DR-1132,drawing_annotation,calc_pdf_p76,drawing,
TR-2618,DWG-ANO-S074-002,DR-1133,drawing_annotation,calc_pdf_p76,drawing,
TR-2619,DWG-ANO-S074-003,DR-1134,drawing_annotation,calc_pdf_p76,drawing,
TR-2620,DWG-ANO-S074-004,DR-1135,drawing_annotation,calc_pdf_p76,drawing,
TR-2621,DWG-ANO-S085-001,DR-1136,drawing_annotation,calc_pdf_p87,drawing,
TR-2622,DWG-ANO-S085-002,DR-1137,drawing_annotation,calc_pdf_p87,drawing,
TR-2623,DWG-ANO-S085-003,DR-1138,drawing_annotation,calc_pdf_p87,drawing,
TR-2624,DWG-ANO-S085-004,DR-1139,drawing_annotation,calc_pdf_p87,drawing,
TR-2625,DWG-ANO-S085-005,DR-1140,drawing_annotation,calc_pdf_p87,drawing,
TR-2626,DWG-ANO-S085-006,DR-1141,drawing_annotation,calc_pdf_p87,drawing,
TR-2627,DWG-ANO-S085-007,DR-1142,drawing_annotation,calc_pdf_p87,drawing,
TR-2628,DWG-ANO-S085-008,DR-1143,drawing_annotation,calc_pdf_p87,drawing,
TR-2629,DWG-ANO-S085-009,DR-1144,drawing_annotation,calc_pdf_p87,drawing,
TR-2630,DWG-ANO-S085-010,DR-1145,drawing_annotation,calc_pdf_p87,drawing,
TR-2631,DWG-ANO-S085-011,DR-1146,drawing_annotation,calc_pdf_p87,drawing,
TR-2632,DWG-ANO-S085-012,DR-1147,drawing_annotation,calc_pdf_p87,drawing,
TR-2633,DWG-ANO-S085-013,DR-1148,drawing_annotation,calc_pdf_p87,drawing,
TR-2634,DWG-ANO-S085-014,DR-1149,drawing_annotation,calc_pdf_p87,drawing,
TR-2635,DWG-ANO-S085-015,DR-1150,drawing_annotation,calc_pdf_p87,drawing,
TR-2636,DWG-ANO-S085-016,DR-1151,drawing_annotation,calc_pdf_p87,drawing,
TR-2637,DWG-ANO-S086-001,DR-1152,drawing_annotation,calc_pdf_p88,drawing,
TR-2638,DWG-ANO-S086-002,DR-1153,drawing_annotation,calc_pdf_p88,drawing,
TR-2639,DWG-ANO-S086-003,DR-1154,drawing_annotation,calc_pdf_p88,drawing,
TR-2640,DWG-ANO-S086-004,DR-1155,drawing_annotation,calc_pdf_p88,drawing,
TR-2641,DWG-ANO-S086-005,DR-1156,drawing_annotation,calc_pdf_p88,drawing,
TR-2642,DWG-ANO-S086-006,DR-1157,drawing_annotation,calc_pdf_p88,drawing,
TR-2643,DWG-ANO-S086-007,DR-1158,drawing_annotation,calc_pdf_p88,drawing,
TR-2644,DWG-ANO-S086-008,DR-1159,drawing_annotation,calc_pdf_p88,drawing,
TR-2645,DWG-ANO-S087-001,DR-1160,drawing_annotation,calc_pdf_p89,drawing,
TR-2646,DWG-ANO-S087-002,DR-1161,drawing_annotation,calc_pdf_p89,drawing,
TR-2647,DWG-ANO-S087-003,DR-1162,drawing_annotation,calc_pdf_p89,drawing,
TR-2648,DWG-ANO-S087-004,DR-1163,drawing_annotation,calc_pdf_p89,drawing,
TR-2649,DWG-ANO-S087-005,DR-1164,drawing_annotation,calc_pdf_p89,drawing,
TR-2650,DWG-ANO-S087-006,DR-1165,drawing_annotation,calc_pdf_p89,drawing,
TR-2651,DWG-ANO-S088-001,DR-1166,drawing_annotation,calc_pdf_p90,drawing,
TR-2652,DWG-ANO-S088-002,DR-1167,drawing_annotation,calc_pdf_p90,drawing,
TR-2653,DWG-ANO-S088-003,DR-1168,drawing_annotation,calc_pdf_p90,drawing,
TR-2654,DWG-ANO-S088-004,DR-1169,drawing_annotation,calc_pdf_p90,drawing,
TR-2655,DWG-ANO-S088-005,DR-1170,drawing_annotation,calc_pdf_p90,drawing,
TR-2656,DWG-ANO-S088-006,DR-1171,drawing_annotation,calc_pdf_p90,drawing,
TR-2657,DWG-ANO-S089-001,DR-1626,drawing_annotation,calc_pdf_p91,drawing,
TR-2658,DWG-ANO-S089-002,DR-1627,drawing_annotation,calc_pdf_p91,drawing,
TR-2659,DWG-ANO-S089-003,DR-1628,drawing_annotation,calc_pdf_p91,drawing,
TR-2660,DWG-ANO-S089-004,DR-1629,drawing_annotation,calc_pdf_p91,drawing,
TR-2661,DWG-ANO-S090-001,DR-1630,drawing_annotation,calc_pdf_p92,drawing,
TR-2662,DWG-ANO-S090-002,DR-1631,drawing_annotation,calc_pdf_p92,drawing,
TR-2663,DWG-ANO-S090-003,DR-1632,drawing_annotation,calc_pdf_p92,drawing,
TR-2664,DWG-ANO-S090-004,DR-1633,drawing_annotation,calc_pdf_p92,drawing,
TR-2665,DWG-ANO-S090-005,DR-1634,drawing_annotation,calc_pdf_p92,drawing,
TR-2666,DWG-ANO-S090-006,DR-1635,drawing_annotation,calc_pdf_p92,drawing,
TR-2667,DWG-ANO-S090-007,DR-1636,drawing_annotation,calc_pdf_p92,drawing,
TR-2668,DWG-ANO-S090-008,DR-1637,drawing_annotation,calc_pdf_p92,drawing,
TR-2669,DWG-ANO-S091-001,DR-1638,drawing_annotation,calc_pdf_p93,drawing,
TR-2670,DWG-ANO-S091-002,DR-1639,drawing_annotation,calc_pdf_p93,drawing,
TR-2671,DWG-ANO-S091-003,DR-1640,drawing_annotation,calc_pdf_p93,drawing,
TR-2672,DWG-ANO-S092-001,DR-1641,drawing_annotation,calc_pdf_p94,drawing,
TR-2673,DWG-ANO-S093-001,DR-1642,drawing_annotation,calc_pdf_p95,drawing,
TR-2674,DWG-ANO-S093-002,DR-1643,drawing_annotation,calc_pdf_p95,drawing,
TR-2675,DWG-ANO-S101-001,DR-1644,drawing_annotation,calc_pdf_p103,drawing,
TR-2676,DWG-ANO-S101-002,DR-1645,drawing_annotation,calc_pdf_p103,drawing,
TR-2677,DWG-ANO-S141-001,DR-1646,drawing_annotation,calc_pdf_p143,drawing,
TR-2678,S141-A01,DR-1989,drawing_unread_resolution,calc_pdf_p143,drawing,
TR-2679,S141-A02,DR-1990,drawing_unread_resolution,calc_pdf_p143,drawing,
TR-2680,S141-A03,DR-1991,drawing_unread_resolution,calc_pdf_p143,drawing,
TR-2681,S141-A04,DR-1992,drawing_unread_resolution,calc_pdf_p143,drawing,
TR-2682,S141-A05,DR-1993,drawing_unread_resolution,calc_pdf_p143,drawing,
TR-2683,S141-A06,DR-1994,drawing_unread_resolution,calc_pdf_p143,drawing,
TR-2684,S141-E01,DR-1995,drawing_unread_resolution,calc_pdf_p143,drawing,
TR-2685,S141-E02,DR-1996,drawing_unread_resolution,calc_pdf_p143,drawing,
TR-2686,S141-E03,DR-1997,drawing_unread_resolution,calc_pdf_p143,drawing,
TR-2687,S141-E04,DR-1998,drawing_unread_resolution,calc_pdf_p143,drawing,
TR-2688,S141-E05,DR-1999,drawing_unread_resolution,calc_pdf_p143,drawing,
TR-2689,S141-E06,DR-2000,drawing_unread_resolution,calc_pdf_p143,drawing,
TR-2690,S141-E07,DR-2001,drawing_unread_resolution,calc_pdf_p143,drawing,
TR-2691,S141-E08,DR-2002,drawing_unread_resolution,calc_pdf_p143,drawing,
TR-2692,S141-E09,DR-2003,drawing_unread_resolution,calc_pdf_p143,drawing,
TR-2693,S141-E10,DR-2004,drawing_unread_resolution,calc_pdf_p143,drawing,
TR-2694,S141-E11,DR-2005,drawing_unread_resolution,calc_pdf_p143,drawing,
TR-2695,S141-E12,DR-2006,drawing_unread_resolution,calc_pdf_p143,drawing,
TR-2696,S141-E13,DR-2007,drawing_unread_resolution,calc_pdf_p143,drawing,
TR-2697,S141-E14,DR-2008,drawing_unread_resolution,calc_pdf_p143,drawing,
TR-2698,S141-E15,DR-2009,drawing_unread_resolution,calc_pdf_p143,drawing,
TR-2699,S141-E16,DR-2010,drawing_unread_resolution,calc_pdf_p143,drawing,
TR-2700,S141-E17,DR-2011,drawing_unread_resolution,calc_pdf_p143,drawing,
TR-2701,S141-B01,DR-2012,drawing_unread_resolution,calc_pdf_p143,drawing,
TR-2702,S141-B02,DR-2013,drawing_unread_resolution,calc_pdf_p143,drawing,
TR-2703,S141-B03,DR-2014,drawing_unread_resolution,calc_pdf_p143,drawing,
TR-2704,S141-B04,DR-2015,drawing_unread_resolution,calc_pdf_p143,drawing,
TR-2705,S141-B05,DR-2016,drawing_unread_resolution,calc_pdf_p143,drawing,
TR-2706,S141-B06,DR-2017,drawing_unread_resolution,calc_pdf_p143,drawing,
TR-2707,S141-B07,DR-2018,drawing_unread_resolution,calc_pdf_p143,drawing,
TR-2708,S141-B08,DR-2019,drawing_unread_resolution,calc_pdf_p143,drawing,
TR-2709,S141-B09,DR-2020,drawing_unread_resolution,calc_pdf_p143,drawing,
TR-2710,DWG-DIM-S001-001,DR-207,drawing_dimension,calc_pdf_p3,drawing,
TR-2711,DWG-DIM-S001-002,DR-208,drawing_dimension,calc_pdf_p3,drawing,
TR-2712,DWG-DIM-S001-003,DR-209,drawing_dimension,calc_pdf_p3,drawing,
TR-2713,DWG-DIM-S001-004,DR-210,drawing_dimension,calc_pdf_p3,drawing,
TR-2714,DWG-DIM-S001-005,DR-211,drawing_dimension,calc_pdf_p3,drawing,
TR-2715,DWG-DIM-S009-006,DR-212,drawing_dimension,calc_pdf_p11,drawing,
TR-2716,DWG-DIM-S009-007,DR-213,drawing_dimension,calc_pdf_p11,drawing,
TR-2717,DWG-DIM-S009-008,DR-214,drawing_dimension,calc_pdf_p11,drawing,
TR-2718,DWG-DIM-S009-009,DR-215,drawing_dimension,calc_pdf_p11,drawing,
TR-2719,DWG-DIM-S013-010,DR-216,drawing_dimension,calc_pdf_p15,drawing,
TR-2720,DWG-DIM-S013-011,DR-217,drawing_dimension,calc_pdf_p15,drawing,
TR-2721,DWG-DIM-S013-012,DR-218,drawing_dimension,calc_pdf_p15,drawing,
TR-2722,DWG-DIM-S013-013,DR-219,drawing_dimension,calc_pdf_p15,drawing,
TR-2723,DWG-DIM-S013-014,DR-220,drawing_dimension,calc_pdf_p15,drawing,
TR-2724,DWG-DIM-S013-015,DR-221,drawing_dimension,calc_pdf_p15,drawing,
TR-2725,DWG-DIM-S013-016,DR-222,drawing_dimension,calc_pdf_p15,drawing,
TR-2726,DWG-DIM-S014-017,DR-223,drawing_dimension,calc_pdf_p16,drawing,
TR-2727,DWG-DIM-S021-018,DR-224,drawing_dimension,calc_pdf_p23,drawing,
TR-2728,DWG-DIM-S021-019,DR-225,drawing_dimension,calc_pdf_p23,drawing,
TR-2729,DWG-DIM-S021-020,DR-226,drawing_dimension,calc_pdf_p23,drawing,
TR-2730,DWG-DIM-S021-021,DR-227,drawing_dimension,calc_pdf_p23,drawing,
TR-2731,DWG-DIM-S021-022,DR-228,drawing_dimension,calc_pdf_p23,drawing,
TR-2732,DWG-DIM-S021-023,DR-229,drawing_dimension,calc_pdf_p23,drawing,
TR-2733,DWG-DIM-S029-024,DR-230,drawing_dimension,calc_pdf_p31,drawing,
TR-2734,DWG-DIM-S030-025,DR-231,drawing_dimension,calc_pdf_p32,drawing,
TR-2735,DWG-DIM-S030-026,DR-232,drawing_dimension,calc_pdf_p32,drawing,
TR-2736,DWG-DIM-S030-027,DR-233,drawing_dimension,calc_pdf_p32,drawing,
TR-2737,DWG-DIM-S030-028,DR-234,drawing_dimension,calc_pdf_p32,drawing,
TR-2738,DWG-DIM-S030-029,DR-235,drawing_dimension,calc_pdf_p32,drawing,
TR-2739,DWG-DIM-S030-030,DR-236,drawing_dimension,calc_pdf_p32,drawing,
TR-2740,DWG-DIM-S038-031,DR-237,drawing_dimension,calc_pdf_p40,drawing,
TR-2741,DWG-DIM-S039-032,DR-238,drawing_dimension,calc_pdf_p41,drawing,
TR-2742,DWG-DIM-S039-033,DR-239,drawing_dimension,calc_pdf_p41,drawing,
TR-2743,DWG-DIM-S039-034,DR-240,drawing_dimension,calc_pdf_p41,drawing,
TR-2744,DWG-DIM-S045-001,DR-947,drawing_dimension,calc_pdf_p47,drawing,
TR-2745,DWG-DIM-S045-002,DR-948,drawing_dimension,calc_pdf_p47,drawing,
TR-2746,DWG-DIM-S045-003,DR-949,drawing_dimension,calc_pdf_p47,drawing,
TR-2747,DWG-DIM-S045-004,DR-950,drawing_dimension,calc_pdf_p47,drawing,
TR-2748,DWG-DIM-S045-005,DR-951,drawing_dimension,calc_pdf_p47,drawing,
TR-2749,DWG-DIM-S045-006,DR-952,drawing_dimension,calc_pdf_p47,drawing,
TR-2750,DWG-DIM-S045-007,DR-953,drawing_dimension,calc_pdf_p47,drawing,
TR-2751,DWG-DIM-S045-008,DR-954,drawing_dimension,calc_pdf_p47,drawing,
TR-2752,DWG-DIM-S045-009,DR-955,drawing_dimension,calc_pdf_p47,drawing,
TR-2753,DWG-DIM-S045-010,DR-956,drawing_dimension,calc_pdf_p47,drawing,
TR-2754,DWG-DIM-S045-011,DR-957,drawing_dimension,calc_pdf_p47,drawing,
TR-2755,DWG-DIM-S045-012,DR-958,drawing_dimension,calc_pdf_p47,drawing,
TR-2756,DWG-DIM-S045-013,DR-959,drawing_dimension,calc_pdf_p47,drawing,
TR-2757,DWG-DIM-S045-014,DR-960,drawing_dimension,calc_pdf_p47,drawing,
TR-2758,DWG-DIM-S045-015,DR-961,drawing_dimension,calc_pdf_p47,drawing,
TR-2759,DWG-DIM-S045-016,DR-962,drawing_dimension,calc_pdf_p47,drawing,
TR-2760,DWG-DIM-S045-017,DR-963,drawing_dimension,calc_pdf_p47,drawing,
TR-2761,DWG-DIM-S045-018,DR-964,drawing_dimension,calc_pdf_p47,drawing,
TR-2762,DWG-DIM-S045-019,DR-965,drawing_dimension,calc_pdf_p47,drawing,
TR-2763,DWG-DIM-S045-020,DR-966,drawing_dimension,calc_pdf_p47,drawing,
TR-2764,DWG-DIM-S045-021,DR-967,drawing_dimension,calc_pdf_p47,drawing,
TR-2765,DWG-DIM-S045-022,DR-968,drawing_dimension,calc_pdf_p47,drawing,
TR-2766,DWG-DIM-S046-023,DR-969,drawing_dimension,calc_pdf_p48,drawing,
TR-2767,DWG-DIM-S046-024,DR-970,drawing_dimension,calc_pdf_p48,drawing,
TR-2768,DWG-DIM-S046-025,DR-971,drawing_dimension,calc_pdf_p48,drawing,
TR-2769,DWG-DIM-S046-026,DR-972,drawing_dimension,calc_pdf_p48,drawing,
TR-2770,DWG-DIM-S046-027,DR-973,drawing_dimension,calc_pdf_p48,drawing,
TR-2771,DWG-DIM-S046-028,DR-974,drawing_dimension,calc_pdf_p48,drawing,
TR-2772,DWG-DIM-S046-029,DR-975,drawing_dimension,calc_pdf_p48,drawing,
TR-2773,DWG-DIM-S047-030,DR-976,drawing_dimension,calc_pdf_p49,drawing,
TR-2774,DWG-DIM-S047-031,DR-977,drawing_dimension,calc_pdf_p49,drawing,
TR-2775,DWG-DIM-S047-032,DR-978,drawing_dimension,calc_pdf_p49,drawing,
TR-2776,DWG-DIM-S047-033,DR-979,drawing_dimension,calc_pdf_p49,drawing,
TR-2777,DWG-DIM-S047-034,DR-980,drawing_dimension,calc_pdf_p49,drawing,
TR-2778,DWG-DIM-S047-035,DR-981,drawing_dimension,calc_pdf_p49,drawing,
TR-2779,DWG-DIM-S047-036,DR-982,drawing_dimension,calc_pdf_p49,drawing,
TR-2780,DWG-DIM-S048-037,DR-983,drawing_dimension,calc_pdf_p50,drawing,
TR-2781,DWG-DIM-S049-038,DR-984,drawing_dimension,calc_pdf_p51,drawing,
TR-2782,DWG-DIM-S049-039,DR-985,drawing_dimension,calc_pdf_p51,drawing,
TR-2783,DWG-DIM-S049-040,DR-986,drawing_dimension,calc_pdf_p51,drawing,
TR-2784,DWG-DIM-S049-041,DR-987,drawing_dimension,calc_pdf_p51,drawing,
TR-2785,DWG-DIM-S049-042,DR-988,drawing_dimension,calc_pdf_p51,drawing,
TR-2786,DWG-DIM-S049-043,DR-989,drawing_dimension,calc_pdf_p51,drawing,
TR-2787,DWG-DIM-S050-044,DR-990,drawing_dimension,calc_pdf_p52,drawing,
TR-2788,DWG-DIM-S051-045,DR-991,drawing_dimension,calc_pdf_p53,drawing,
TR-2789,DWG-DIM-S052-046,DR-992,drawing_dimension,calc_pdf_p54,drawing,
TR-2790,DWG-DIM-S053-047,DR-993,drawing_dimension,calc_pdf_p55,drawing,
TR-2791,DWG-DIM-S054-048,DR-994,drawing_dimension,calc_pdf_p56,drawing,
TR-2792,DWG-DIM-S055-049,DR-995,drawing_dimension,calc_pdf_p57,drawing,
TR-2793,DWG-DIM-S056-050,DR-996,drawing_dimension,calc_pdf_p58,drawing,
TR-2794,DWG-DIM-S057-051,DR-997,drawing_dimension,calc_pdf_p59,drawing,
TR-2795,DWG-DIM-S058-052,DR-998,drawing_dimension,calc_pdf_p60,drawing,
TR-2796,DWG-DIM-S058-053,DR-999,drawing_dimension,calc_pdf_p60,drawing,
TR-2797,DWG-DIM-S058-054,DR-1000,drawing_dimension,calc_pdf_p60,drawing,
TR-2798,DWG-DIM-S061-055,DR-1001,drawing_dimension,calc_pdf_p63,drawing,
TR-2799,DWG-DIM-S061-056,DR-1002,drawing_dimension,calc_pdf_p63,drawing,
TR-2800,DWG-DIM-S061-057,DR-1003,drawing_dimension,calc_pdf_p63,drawing,
TR-2801,DWG-DIM-S061-058,DR-1004,drawing_dimension,calc_pdf_p63,drawing,
TR-2802,DWG-DIM-S061-059,DR-1005,drawing_dimension,calc_pdf_p63,drawing,
TR-2803,DWG-DIM-S061-060,DR-1006,drawing_dimension,calc_pdf_p63,drawing,
TR-2804,DWG-DIM-S061-061,DR-1007,drawing_dimension,calc_pdf_p63,drawing,
TR-2805,DWG-DIM-S062-062,DR-1008,drawing_dimension,calc_pdf_p64,drawing,
TR-2806,DWG-DIM-S062-063,DR-1009,drawing_dimension,calc_pdf_p64,drawing,
TR-2807,DWG-DIM-S062-064,DR-1010,drawing_dimension,calc_pdf_p64,drawing,
TR-2808,DWG-DIM-S062-065,DR-1011,drawing_dimension,calc_pdf_p64,drawing,
TR-2809,DWG-DIM-S068-066,DR-1012,drawing_dimension,calc_pdf_p70,drawing,
TR-2810,DWG-DIM-S068-067,DR-1013,drawing_dimension,calc_pdf_p70,drawing,
TR-2811,DWG-DIM-S068-068,DR-1014,drawing_dimension,calc_pdf_p70,drawing,
TR-2812,DWG-DIM-S068-069,DR-1015,drawing_dimension,calc_pdf_p70,drawing,
TR-2813,DWG-DIM-S068-070,DR-1016,drawing_dimension,calc_pdf_p70,drawing,
TR-2814,DWG-DIM-S072-071,DR-1017,drawing_dimension,calc_pdf_p74,drawing,
TR-2815,DWG-DIM-S072-072,DR-1018,drawing_dimension,calc_pdf_p74,drawing,
TR-2816,DWG-DIM-S072-073,DR-1019,drawing_dimension,calc_pdf_p74,drawing,
TR-2817,DWG-DIM-S072-074,DR-1020,drawing_dimension,calc_pdf_p74,drawing,
TR-2818,DWG-DIM-S073-075,DR-1021,drawing_dimension,calc_pdf_p75,drawing,
TR-2819,DWG-DIM-S080-076,DR-1022,drawing_dimension,calc_pdf_p82,drawing,
TR-2820,DWG-DIM-S080-077,DR-1023,drawing_dimension,calc_pdf_p82,drawing,
TR-2821,DWG-DIM-S080-078,DR-1024,drawing_dimension,calc_pdf_p82,drawing,
TR-2822,DWG-DIM-S082-079,DR-1025,drawing_dimension,calc_pdf_p84,drawing,
TR-2823,DWG-DIM-S082-080,DR-1026,drawing_dimension,calc_pdf_p84,drawing,
TR-2824,DWG-DIM-S084-081,DR-1027,drawing_dimension,calc_pdf_p86,drawing,
TR-2825,DWG-DIM-S085-082,DR-1028,drawing_dimension,calc_pdf_p87,drawing,
TR-2826,DWG-DIM-S085-083,DR-1029,drawing_dimension,calc_pdf_p87,drawing,
TR-2827,DWG-DIM-S085-084,DR-1030,drawing_dimension,calc_pdf_p87,drawing,
TR-2828,DWG-DIM-S085-085,DR-1031,drawing_dimension,calc_pdf_p87,drawing,
TR-2829,DWG-DIM-S085-086,DR-1032,drawing_dimension,calc_pdf_p87,drawing,
TR-2830,DWG-DIM-S085-087,DR-1033,drawing_dimension,calc_pdf_p87,drawing,
TR-2831,DWG-DIM-S085-088,DR-1034,drawing_dimension,calc_pdf_p87,drawing,
TR-2832,DWG-DIM-S085-089,DR-1035,drawing_dimension,calc_pdf_p87,drawing,
TR-2833,DWG-DIM-S086-090,DR-1036,drawing_dimension,calc_pdf_p88,drawing,
TR-2834,DWG-DIM-S086-091,DR-1037,drawing_dimension,calc_pdf_p88,drawing,
TR-2835,DWG-DIM-S086-092,DR-1038,drawing_dimension,calc_pdf_p88,drawing,
TR-2836,DWG-DIM-S086-093,DR-1039,drawing_dimension,calc_pdf_p88,drawing,
TR-2837,DWG-DIM-S086-094,DR-1040,drawing_dimension,calc_pdf_p88,drawing,
TR-2838,DWG-DIM-S086-095,DR-1041,drawing_dimension,calc_pdf_p88,drawing,
TR-2839,DWG-DIM-S087-096,DR-1042,drawing_dimension,calc_pdf_p89,drawing,
TR-2840,DWG-DIM-S087-097,DR-1043,drawing_dimension,calc_pdf_p89,drawing,
TR-2841,DWG-DIM-S087-098,DR-1044,drawing_dimension,calc_pdf_p89,drawing,
TR-2842,DWG-DIM-S087-099,DR-1045,drawing_dimension,calc_pdf_p89,drawing,
TR-2843,DWG-DIM-S087-100,DR-1046,drawing_dimension,calc_pdf_p89,drawing,
TR-2844,DWG-DIM-S088-101,DR-1047,drawing_dimension,calc_pdf_p90,drawing,
TR-2845,DWG-DIM-S088-102,DR-1048,drawing_dimension,calc_pdf_p90,drawing,
TR-2846,DWG-DIM-S088-103,DR-1049,drawing_dimension,calc_pdf_p90,drawing,
TR-2847,DWG-DIM-S088-104,DR-1050,drawing_dimension,calc_pdf_p90,drawing,
TR-2848,DWG-DIM-S088-105,DR-1051,drawing_dimension,calc_pdf_p90,drawing,
TR-2849,DWG-DIM-S088-106,DR-1052,drawing_dimension,calc_pdf_p90,drawing,
TR-2850,DWG-DIM-S089-001,DR-1594,drawing_dimension,calc_pdf_p91,drawing,
TR-2851,DWG-DIM-S089-002,DR-1595,drawing_dimension,calc_pdf_p91,drawing,
TR-2852,DWG-DIM-S089-003,DR-1596,drawing_dimension,calc_pdf_p91,drawing,
TR-2853,DWG-DIM-S089-004,DR-1597,drawing_dimension,calc_pdf_p91,drawing,
TR-2854,DWG-DIM-S089-005,DR-1598,drawing_dimension,calc_pdf_p91,drawing,
TR-2855,DWG-DIM-S089-006,DR-1599,drawing_dimension,calc_pdf_p91,drawing,
TR-2856,DWG-DIM-S089-007,DR-1600,drawing_dimension,calc_pdf_p91,drawing,
TR-2857,DWG-DIM-S089-008,DR-1601,drawing_dimension,calc_pdf_p91,drawing,
TR-2858,DWG-DIM-S089-009,DR-1602,drawing_dimension,calc_pdf_p91,drawing,
TR-2859,DWG-DIM-S089-010,DR-1603,drawing_dimension,calc_pdf_p91,drawing,
TR-2860,DWG-DIM-S089-011,DR-1604,drawing_dimension,calc_pdf_p91,drawing,
TR-2861,DWG-DIM-S090-001,DR-1605,drawing_dimension,calc_pdf_p92,drawing,
TR-2862,DWG-DIM-S090-002,DR-1606,drawing_dimension,calc_pdf_p92,drawing,
TR-2863,DWG-DIM-S090-003,DR-1607,drawing_dimension,calc_pdf_p92,drawing,
TR-2864,DWG-DIM-S092-001,DR-1608,drawing_dimension,calc_pdf_p94,drawing,
TR-2865,DWG-DIM-S092-002,DR-1609,drawing_dimension,calc_pdf_p94,drawing,
TR-2866,DWG-DIM-S092-003,DR-1610,drawing_dimension,calc_pdf_p94,drawing,
TR-2867,DWG-DIM-S092-004,DR-1611,drawing_dimension,calc_pdf_p94,drawing,
TR-2868,DWG-DIM-S102-001,DR-1612,drawing_dimension,calc_pdf_p104,drawing,
TR-2869,DWG-DIM-S102-002,DR-1613,drawing_dimension,calc_pdf_p104,drawing,
TR-2870,DWG-DIM-S102-003,DR-1614,drawing_dimension,calc_pdf_p104,drawing,
TR-2871,DWG-DIM-S102-004,DR-1615,drawing_dimension,calc_pdf_p104,drawing,
TR-2872,DWG-DIM-S102-005,DR-1616,drawing_dimension,calc_pdf_p104,drawing,
TR-2873,DWG-DIM-S102-006,DR-1617,drawing_dimension,calc_pdf_p104,drawing,
TR-2874,DWG-DIM-S102-007,DR-1618,drawing_dimension,calc_pdf_p104,drawing,
TR-2875,DWG-DIM-S102-008,DR-1619,drawing_dimension,calc_pdf_p104,drawing,
TR-2876,DWG-DIM-S102-009,DR-1620,drawing_dimension,calc_pdf_p104,drawing,
TR-2877,DWG-DIM-S102-010,DR-1621,drawing_dimension,calc_pdf_p104,drawing,
TR-2878,DWG-DIM-S093-001,DR-1622,drawing_dimension,calc_pdf_p95,drawing,
TR-2879,DWG-DIM-S093-002,DR-1623,drawing_dimension,calc_pdf_p95,drawing,
TR-2880,DWG-DIM-S094-001,DR-1624,drawing_dimension,calc_pdf_p96,drawing,
TR-2881,DWG-DIM-S094-002,DR-1625,drawing_dimension,calc_pdf_p96,drawing,
TR-2882,S141-D01,DR-1978,drawing_unread_resolution,calc_pdf_p143,drawing,
TR-2883,S141-D02,DR-1979,drawing_unread_resolution,calc_pdf_p143,drawing,
TR-2884,S141-D03,DR-1980,drawing_unread_resolution,calc_pdf_p143,drawing,
TR-2885,S141-D04,DR-1981,drawing_unread_resolution,calc_pdf_p143,drawing,
TR-2886,S141-D05,DR-1982,drawing_unread_resolution,calc_pdf_p143,drawing,
TR-2887,S141-D06,DR-1983,drawing_unread_resolution,calc_pdf_p143,drawing,
TR-2888,S141-D07,DR-1984,drawing_unread_resolution,calc_pdf_p143,drawing,
TR-2889,S141-D08,DR-1985,drawing_unread_resolution,calc_pdf_p143,drawing,
TR-2890,S141-D09,DR-1986,drawing_unread_resolution,calc_pdf_p143,drawing,
TR-2891,S141-D10,DR-1987,drawing_unread_resolution,calc_pdf_p143,drawing,
TR-2892,S141-D11,DR-1988,drawing_unread_resolution,calc_pdf_p143,drawing,
TR-2893,DWG-MEM-AG1,DR-712,drawing_member,calc_pdf_p3,drawing,
TR-2894,DWG-MEM-AG2,DR-713,drawing_member,calc_pdf_p3,drawing,
TR-2895,DWG-MEM-GE1,DR-714,drawing_member,calc_pdf_p3,drawing,
TR-2896,DWG-MEM-GE2,DR-715,drawing_member,calc_pdf_p3,drawing,
TR-2897,DWG-MEM-S1,DR-716,drawing_member,calc_pdf_p3,drawing,
TR-2898,DWG-MEM-S2,DR-717,drawing_member,calc_pdf_p3,drawing,
TR-2899,DWG-MEM-PR1,DR-718,drawing_member,calc_pdf_p3,drawing,
TR-2900,DWG-MEM-PR2,DR-719,drawing_member,calc_pdf_p3,drawing,
TR-2901,DWG-MEM-C1C7,DR-720,drawing_member,calc_pdf_p3,drawing,
TR-2902,DWG-MEM-C8C13,DR-721,drawing_member,calc_pdf_p3,drawing,
TR-2903,DWG-MEM-C14C20,DR-722,drawing_member,calc_pdf_p3,drawing,
TR-2904,DWG-MEM-C21C23,DR-723,drawing_member,calc_pdf_p3,drawing,
TR-2905,DWG-MEM-AL1,DR-724,drawing_member,calc_pdf_p3,drawing,
TR-2906,DWG-MEM-AL2,DR-725,drawing_member,calc_pdf_p3,drawing,
TR-2907,DWG-MEM-STUD,DR-726,drawing_member,calc_pdf_p3,drawing,
TR-2908,DWG-MEM-SPLJ1,DR-727,drawing_member,calc_pdf_p3,drawing,
TR-2909,DWG-MEM-SPLJ2,DR-728,drawing_member,calc_pdf_p3,drawing,
TR-2910,DWG-MEM-SPLJ3,DR-729,drawing_member,calc_pdf_p3,drawing,
TR-2911,DWG-MEM-SPLJ4,DR-730,drawing_member,calc_pdf_p3,drawing,
TR-2912,DWG-MEM-SPLJ5,DR-731,drawing_member,calc_pdf_p3,drawing,
TR-2913,DWG-MEM-SPLJ6,DR-732,drawing_member,calc_pdf_p3,drawing,
TR-2914,DWG-MEM-SPLJ7,DR-733,drawing_member,calc_pdf_p3,drawing,
TR-2915,DWG-MEM-SPLJ8,DR-734,drawing_member,calc_pdf_p3,drawing,
TR-2916,DWG-MEM-SPLJ9,DR-735,drawing_member,calc_pdf_p3,drawing,
TR-2917,DWG-MEM-SPLJ10,DR-736,drawing_member,calc_pdf_p3,drawing,
TR-2918,DWG-MEM-SPLJ11,DR-737,drawing_member,calc_pdf_p3,drawing,
TR-2919,DWG-MEM-SPLJ12,DR-738,drawing_member,calc_pdf_p3,drawing,
TR-2920,DWG-MEM-SPLJ13,DR-739,drawing_member,calc_pdf_p3,drawing,
TR-2921,DWG-MEM-SPLJ14,DR-740,drawing_member,calc_pdf_p3,drawing,
TR-2922,DWG-MEM-SPLJ15,DR-741,drawing_member,calc_pdf_p3,drawing,
TR-2923,DWG-MEM-SPLJ16,DR-742,drawing_member,calc_pdf_p3,drawing,
TR-2924,DWG-MEM-SPLAG2J1,DR-743,drawing_member,calc_pdf_p3,drawing,
TR-2925,DWG-MEM-SPLAG2J2,DR-744,drawing_member,calc_pdf_p3,drawing,
TR-2926,DWG-MEM-SPLAG2J3,DR-745,drawing_member,calc_pdf_p3,drawing,
TR-2927,DWG-MEM-SPLAG2J4,DR-746,drawing_member,calc_pdf_p3,drawing,
TR-2928,DWG-MEM-SPLAG2J5,DR-747,drawing_member,calc_pdf_p3,drawing,
TR-2929,DWG-MEM-SPLAG2J6,DR-748,drawing_member,calc_pdf_p3,drawing,
TR-2930,DWG-MEM-SPLAG2J7,DR-749,drawing_member,calc_pdf_p3,drawing,
TR-2931,DWG-MEM-SPLAG2J8,DR-750,drawing_member,calc_pdf_p3,drawing,
TR-2932,DWG-MEM-SPLAG2J9,DR-751,drawing_member,calc_pdf_p3,drawing,
TR-2933,DWG-MEM-SPLAG2J10,DR-752,drawing_member,calc_pdf_p3,drawing,
TR-2934,DWG-MEM-SPLAG2J11,DR-753,drawing_member,calc_pdf_p3,drawing,
TR-2935,DWG-MEM-SPLAG2J12,DR-754,drawing_member,calc_pdf_p3,drawing,
TR-2936,DWG-MEM-SPLAG2J13,DR-755,drawing_member,calc_pdf_p3,drawing,
TR-2937,DWG-MEM-SPLAG2J14,DR-756,drawing_member,calc_pdf_p3,drawing,
TR-2938,DWG-MEM-SPLAG2J15,DR-757,drawing_member,calc_pdf_p3,drawing,
TR-2939,DWG-MEM-SPLAG2J16,DR-758,drawing_member,calc_pdf_p3,drawing,
TR-2940,DWG-MEM-VSTIFF,DR-759,drawing_member,calc_pdf_p3,drawing,
TR-2941,DWG-MEM-JACKSTIFF,DR-760,drawing_member,calc_pdf_p3,drawing,
TR-2942,DWG-MEM-WTRSTOP,DR-761,drawing_member,calc_pdf_p3,drawing,
TR-2943,DWG-MEM-HANGR,DR-762,drawing_member,calc_pdf_p3,drawing,
TR-2944,DWG-MEM-SOLEPL,DR-763,drawing_member,calc_pdf_p3,drawing,
TR-2945,DWG-MEM-NOSE,DR-764,drawing_member,calc_pdf_p3,drawing,
TR-2946,DWG-MEM-HNO1,DR-765,drawing_member,calc_pdf_p3,drawing,
TR-2947,DWG-MEM-PU15,DR-766,drawing_member,calc_pdf_p3,drawing,
TR-2948,DWG-MEM-AR2,DR-767,drawing_member,calc_pdf_p3,drawing,
TR-2949,DWG-MEM-S045-001,DR-1172,drawing_member,calc_pdf_p47,drawing,
TR-2950,DWG-MEM-S045-002,DR-1173,drawing_member,calc_pdf_p47,drawing,
TR-2951,DWG-MEM-S045-003,DR-1174,drawing_member,calc_pdf_p47,drawing,
TR-2952,DWG-MEM-S045-004,DR-1175,drawing_member,calc_pdf_p47,drawing,
TR-2953,DWG-MEM-S045-005,DR-1176,drawing_member,calc_pdf_p47,drawing,
TR-2954,DWG-MEM-S045-006,DR-1177,drawing_member,calc_pdf_p47,drawing,
TR-2955,DWG-MEM-S045-007,DR-1178,drawing_member,calc_pdf_p47,drawing,
TR-2956,DWG-MEM-S045-008,DR-1179,drawing_member,calc_pdf_p47,drawing,
TR-2957,DWG-MEM-S045-009,DR-1180,drawing_member,calc_pdf_p47,drawing,
TR-2958,DWG-MEM-S045-010,DR-1181,drawing_member,calc_pdf_p47,drawing,
TR-2959,DWG-MEM-S045-011,DR-1182,drawing_member,calc_pdf_p47,drawing,
TR-2960,DWG-MEM-S045-012,DR-1183,drawing_member,calc_pdf_p47,drawing,
TR-2961,DWG-MEM-S045-013,DR-1184,drawing_member,calc_pdf_p47,drawing,
TR-2962,DWG-MEM-S045-014,DR-1185,drawing_member,calc_pdf_p47,drawing,
TR-2963,DWG-MEM-S045-015,DR-1186,drawing_member,calc_pdf_p47,drawing,
TR-2964,DWG-MEM-S045-016,DR-1187,drawing_member,calc_pdf_p47,drawing,
TR-2965,DWG-MEM-S046-001,DR-1188,drawing_member,calc_pdf_p48,drawing,
TR-2966,DWG-MEM-S046-002,DR-1189,drawing_member,calc_pdf_p48,drawing,
TR-2967,DWG-MEM-S046-003,DR-1190,drawing_member,calc_pdf_p48,drawing,
TR-2968,DWG-MEM-S046-004,DR-1191,drawing_member,calc_pdf_p48,drawing,
TR-2969,DWG-MEM-S046-005,DR-1192,drawing_member,calc_pdf_p48,drawing,
TR-2970,DWG-MEM-S046-006,DR-1193,drawing_member,calc_pdf_p48,drawing,
TR-2971,DWG-MEM-S047-001,DR-1194,drawing_member,calc_pdf_p49,drawing,
TR-2972,DWG-MEM-S047-002,DR-1195,drawing_member,calc_pdf_p49,drawing,
TR-2973,DWG-MEM-S047-003,DR-1196,drawing_member,calc_pdf_p49,drawing,
TR-2974,DWG-MEM-S047-004,DR-1197,drawing_member,calc_pdf_p49,drawing,
TR-2975,DWG-MEM-S047-005,DR-1198,drawing_member,calc_pdf_p49,drawing,
TR-2976,DWG-MEM-S047-006,DR-1199,drawing_member,calc_pdf_p49,drawing,
TR-2977,DWG-MEM-S047-007,DR-1200,drawing_member,calc_pdf_p49,drawing,
TR-2978,DWG-MEM-S049-001,DR-1201,drawing_member,calc_pdf_p51,drawing,
TR-2979,DWG-MEM-S049-002,DR-1202,drawing_member,calc_pdf_p51,drawing,
TR-2980,DWG-MEM-S049-003,DR-1203,drawing_member,calc_pdf_p51,drawing,
TR-2981,DWG-MEM-S049-004,DR-1204,drawing_member,calc_pdf_p51,drawing,
TR-2982,DWG-MEM-S049-005,DR-1205,drawing_member,calc_pdf_p51,drawing,
TR-2983,DWG-MEM-S050-001,DR-1206,drawing_member,calc_pdf_p52,drawing,
TR-2984,DWG-MEM-S050-002,DR-1207,drawing_member,calc_pdf_p52,drawing,
TR-2985,DWG-MEM-S058-001,DR-1208,drawing_member,calc_pdf_p60,drawing,
TR-2986,DWG-MEM-S058-002,DR-1209,drawing_member,calc_pdf_p60,drawing,
TR-2987,DWG-MEM-S061-001,DR-1210,drawing_member,calc_pdf_p63,drawing,
TR-2988,DWG-MEM-S061-002,DR-1211,drawing_member,calc_pdf_p63,drawing,
TR-2989,DWG-MEM-S061-003,DR-1212,drawing_member,calc_pdf_p63,drawing,
TR-2990,DWG-MEM-S061-004,DR-1213,drawing_member,calc_pdf_p63,drawing,
TR-2991,DWG-MEM-S061-005,DR-1214,drawing_member,calc_pdf_p63,drawing,
TR-2992,DWG-MEM-S062-001,DR-1215,drawing_member,calc_pdf_p64,drawing,
TR-2993,DWG-MEM-S062-002,DR-1216,drawing_member,calc_pdf_p64,drawing,
TR-2994,DWG-MEM-S062-003,DR-1217,drawing_member,calc_pdf_p64,drawing,
TR-2995,DWG-MEM-S068-001,DR-1218,drawing_member,calc_pdf_p70,drawing,
TR-2996,DWG-MEM-S068-002,DR-1219,drawing_member,calc_pdf_p70,drawing,
TR-2997,DWG-MEM-S068-003,DR-1220,drawing_member,calc_pdf_p70,drawing,
TR-2998,DWG-MEM-S085-001,DR-1221,drawing_member,calc_pdf_p87,drawing,
TR-2999,DWG-MEM-S085-002,DR-1222,drawing_member,calc_pdf_p87,drawing,
TR-3000,DWG-MEM-S086-001,DR-1223,drawing_member,calc_pdf_p88,drawing,
TR-3001,DWG-MEM-S086-002,DR-1224,drawing_member,calc_pdf_p88,drawing,
TR-3002,DWG-MEM-S087-001,DR-1225,drawing_member,calc_pdf_p89,drawing,
TR-3003,DWG-MEM-S088-001,DR-1226,drawing_member,calc_pdf_p90,drawing,
TR-3004,DWG-MEM-S090-001,DR-1647,drawing_member,calc_pdf_p92,drawing,
TR-3005,DWG-MEM-S090-002,DR-1648,drawing_member,calc_pdf_p92,drawing,
TR-3006,DWG-MEM-S090-003,DR-1649,drawing_member,calc_pdf_p92,drawing,
TR-3007,DWG-MEM-S090-004,DR-1650,drawing_member,calc_pdf_p92,drawing,
TR-3008,DWG-MEM-S090-005,DR-1651,drawing_member,calc_pdf_p92,drawing,
TR-3009,DWG-MEM-S090-006,DR-1652,drawing_member,calc_pdf_p92,drawing,
TR-3010,DWG-MEM-S090-007,DR-1653,drawing_member,calc_pdf_p92,drawing,
TR-3011,DWG-MEM-S090-008,DR-1654,drawing_member,calc_pdf_p92,drawing,
TR-3012,DWG-MEM-S090-009,DR-1655,drawing_member,calc_pdf_p92,drawing,
TR-3013,DWG-MEM-S090-010,DR-1656,drawing_member,calc_pdf_p92,drawing,
TR-3014,DWG-MEM-S090-011,DR-1657,drawing_member,calc_pdf_p92,drawing,
TR-3015,DWG-MEM-S090-012,DR-1658,drawing_member,calc_pdf_p92,drawing,
TR-3016,DWG-MEM-S090-013,DR-1659,drawing_member,calc_pdf_p92,drawing,
TR-3017,DWG-MEM-S090-014,DR-1660,drawing_member,calc_pdf_p92,drawing,
TR-3018,DWG-MEM-S090-015,DR-1661,drawing_member,calc_pdf_p92,drawing,
TR-3019,DWG-MEM-S090-016,DR-1662,drawing_member,calc_pdf_p92,drawing,
TR-3020,DWG-MEM-S090-017,DR-1663,drawing_member,calc_pdf_p92,drawing,
TR-3021,DWG-MEM-S090-018,DR-1664,drawing_member,calc_pdf_p92,drawing,
TR-3022,DWG-MEM-S090-019,DR-1665,drawing_member,calc_pdf_p92,drawing,
TR-3023,DWG-MEM-S090-020,DR-1666,drawing_member,calc_pdf_p92,drawing,
TR-3024,DWG-MEM-S090-021,DR-1667,drawing_member,calc_pdf_p92,drawing,
TR-3025,DWG-MEM-S090-022,DR-1668,drawing_member,calc_pdf_p92,drawing,
TR-3026,DWG-MEM-S090-023,DR-1669,drawing_member,calc_pdf_p92,drawing,
TR-3027,DWG-MEM-S090-024,DR-1670,drawing_member,calc_pdf_p92,drawing,
TR-3028,DWG-MEM-S090-025,DR-1671,drawing_member,calc_pdf_p92,drawing,
TR-3029,DWG-MEM-S090-026,DR-1672,drawing_member,calc_pdf_p92,drawing,
TR-3030,DWG-MEM-S090-027,DR-1673,drawing_member,calc_pdf_p92,drawing,
TR-3031,DWG-MEM-S090-028,DR-1674,drawing_member,calc_pdf_p92,drawing,
TR-3032,DWG-MEM-S090-029,DR-1675,drawing_member,calc_pdf_p92,drawing,
TR-3033,DWG-MEM-S090-030,DR-1676,drawing_member,calc_pdf_p92,drawing,
TR-3034,DWG-MEM-S090-031,DR-1677,drawing_member,calc_pdf_p92,drawing,
TR-3035,DWG-MEM-S091-001,DR-1678,drawing_member,calc_pdf_p93,drawing,
TR-3036,DWG-MEM-S091-002,DR-1679,drawing_member,calc_pdf_p93,drawing,
TR-3037,DWG-MEM-S091-003,DR-1680,drawing_member,calc_pdf_p93,drawing,
TR-3038,DWG-MEM-S091-004,DR-1681,drawing_member,calc_pdf_p93,drawing,
TR-3039,DWG-MEM-S091-005,DR-1682,drawing_member,calc_pdf_p93,drawing,
TR-3040,DWG-MEM-S091-006,DR-1683,drawing_member,calc_pdf_p93,drawing,
TR-3041,DWG-MEM-S092-001,DR-1684,drawing_member,calc_pdf_p94,drawing,
TR-3042,DWG-MEM-S092-002,DR-1685,drawing_member,calc_pdf_p94,drawing,
TR-3043,DWG-MEM-S092-003,DR-1686,drawing_member,calc_pdf_p94,drawing,
TR-3044,DWG-MEM-S092-004,DR-1687,drawing_member,calc_pdf_p94,drawing,
TR-3045,DWG-MEM-S092-005,DR-1688,drawing_member,calc_pdf_p94,drawing,
TR-3046,DWG-REF-S001-001,DR-822,drawing_reference,calc_pdf_p3,drawing,
TR-3047,DWG-REF-S002-001,DR-823,drawing_reference,calc_pdf_p4,drawing,
TR-3048,DWG-REF-S003-001,DR-824,drawing_reference,calc_pdf_p5,drawing,
TR-3049,DWG-REF-S004-001,DR-825,drawing_reference,calc_pdf_p6,drawing,
TR-3050,DWG-REF-S005-001,DR-826,drawing_reference,calc_pdf_p7,drawing,
TR-3051,DWG-REF-S006-001,DR-827,drawing_reference,calc_pdf_p8,drawing,
TR-3052,DWG-REF-S007-001,DR-828,drawing_reference,calc_pdf_p9,drawing,
TR-3053,DWG-REF-S008-001,DR-829,drawing_reference,calc_pdf_p10,drawing,
TR-3054,DWG-REF-S009-001,DR-830,drawing_reference,calc_pdf_p11,drawing,
TR-3055,DWG-REF-S010-001,DR-831,drawing_reference,calc_pdf_p12,drawing,
TR-3056,DWG-REF-S011-001,DR-832,drawing_reference,calc_pdf_p13,drawing,
TR-3057,DWG-REF-S012-001,DR-833,drawing_reference,calc_pdf_p14,drawing,
TR-3058,DWG-REF-S013-001,DR-834,drawing_reference,calc_pdf_p15,drawing,
TR-3059,DWG-REF-S014-001,DR-835,drawing_reference,calc_pdf_p16,drawing,
TR-3060,DWG-REF-S015-001,DR-836,drawing_reference,calc_pdf_p17,drawing,
TR-3061,DWG-REF-S016-001,DR-837,drawing_reference,calc_pdf_p18,drawing,
TR-3062,DWG-REF-S017-001,DR-838,drawing_reference,calc_pdf_p19,drawing,
TR-3063,DWG-REF-S018-001,DR-839,drawing_reference,calc_pdf_p20,drawing,
TR-3064,DWG-REF-S019-001,DR-840,drawing_reference,calc_pdf_p21,drawing,
TR-3065,DWG-REF-S020-001,DR-841,drawing_reference,calc_pdf_p22,drawing,
TR-3066,DWG-REF-S021-001,DR-842,drawing_reference,calc_pdf_p23,drawing,
TR-3067,DWG-REF-S022-001,DR-843,drawing_reference,calc_pdf_p24,drawing,
TR-3068,DWG-REF-S023-001,DR-844,drawing_reference,calc_pdf_p25,drawing,
TR-3069,DWG-REF-S024-001,DR-845,drawing_reference,calc_pdf_p26,drawing,
TR-3070,DWG-REF-S025-001,DR-846,drawing_reference,calc_pdf_p27,drawing,
TR-3071,DWG-REF-S026-001,DR-847,drawing_reference,calc_pdf_p28,drawing,
TR-3072,DWG-REF-S027-001,DR-848,drawing_reference,calc_pdf_p29,drawing,
TR-3073,DWG-REF-S028-001,DR-849,drawing_reference,calc_pdf_p30,drawing,
TR-3074,DWG-REF-S029-001,DR-850,drawing_reference,calc_pdf_p31,drawing,
TR-3075,DWG-REF-S030-001,DR-851,drawing_reference,calc_pdf_p32,drawing,
TR-3076,DWG-REF-S031-001,DR-852,drawing_reference,calc_pdf_p33,drawing,
TR-3077,DWG-REF-S032-001,DR-853,drawing_reference,calc_pdf_p34,drawing,
TR-3078,DWG-REF-S033-001,DR-854,drawing_reference,calc_pdf_p35,drawing,
TR-3079,DWG-REF-S034-001,DR-855,drawing_reference,calc_pdf_p36,drawing,
TR-3080,DWG-REF-S035-001,DR-856,drawing_reference,calc_pdf_p37,drawing,
TR-3081,DWG-REF-S036-001,DR-857,drawing_reference,calc_pdf_p38,drawing,
TR-3082,DWG-REF-S037-001,DR-858,drawing_reference,calc_pdf_p39,drawing,
TR-3083,DWG-REF-S038-001,DR-859,drawing_reference,calc_pdf_p40,drawing,
TR-3084,DWG-REF-S039-001,DR-860,drawing_reference,calc_pdf_p41,drawing,
TR-3085,DWG-REF-S040-001,DR-861,drawing_reference,calc_pdf_p42,drawing,
TR-3086,DWG-REF-S041-001,DR-862,drawing_reference,calc_pdf_p43,drawing,
TR-3087,DWG-REF-S042-001,DR-863,drawing_reference,calc_pdf_p44,drawing,
TR-3088,DWG-REF-S043-001,DR-864,drawing_reference,calc_pdf_p45,drawing,
TR-3089,DWG-REF-S044-001,DR-865,drawing_reference,calc_pdf_p46,drawing,
TR-3090,DWG-REF-S045-001,DR-1522,drawing_reference,calc_pdf_p47,drawing,
TR-3091,DWG-REF-S046-001,DR-1523,drawing_reference,calc_pdf_p48,drawing,
TR-3092,DWG-REF-S047-001,DR-1524,drawing_reference,calc_pdf_p49,drawing,
TR-3093,DWG-REF-S048-001,DR-1525,drawing_reference,calc_pdf_p50,drawing,
TR-3094,DWG-REF-S049-001,DR-1526,drawing_reference,calc_pdf_p51,drawing,
TR-3095,DWG-REF-S050-001,DR-1527,drawing_reference,calc_pdf_p52,drawing,
TR-3096,DWG-REF-S051-001,DR-1528,drawing_reference,calc_pdf_p53,drawing,
TR-3097,DWG-REF-S052-001,DR-1529,drawing_reference,calc_pdf_p54,drawing,
TR-3098,DWG-REF-S053-001,DR-1530,drawing_reference,calc_pdf_p55,drawing,
TR-3099,DWG-REF-S054-001,DR-1531,drawing_reference,calc_pdf_p56,drawing,
TR-3100,DWG-REF-S055-001,DR-1532,drawing_reference,calc_pdf_p57,drawing,
TR-3101,DWG-REF-S056-001,DR-1533,drawing_reference,calc_pdf_p58,drawing,
TR-3102,DWG-REF-S057-001,DR-1534,drawing_reference,calc_pdf_p59,drawing,
TR-3103,DWG-REF-S058-001,DR-1535,drawing_reference,calc_pdf_p60,drawing,
TR-3104,DWG-REF-S059-001,DR-1536,drawing_reference,calc_pdf_p61,drawing,
TR-3105,DWG-REF-S060-001,DR-1537,drawing_reference,calc_pdf_p62,drawing,
TR-3106,DWG-REF-S061-001,DR-1538,drawing_reference,calc_pdf_p63,drawing,
TR-3107,DWG-REF-S062-001,DR-1539,drawing_reference,calc_pdf_p64,drawing,
TR-3108,DWG-REF-S063-001,DR-1540,drawing_reference,calc_pdf_p65,drawing,
TR-3109,DWG-REF-S064-001,DR-1541,drawing_reference,calc_pdf_p66,drawing,
TR-3110,DWG-REF-S065-001,DR-1542,drawing_reference,calc_pdf_p67,drawing,
TR-3111,DWG-REF-S066-001,DR-1543,drawing_reference,calc_pdf_p68,drawing,
TR-3112,DWG-REF-S067-001,DR-1544,drawing_reference,calc_pdf_p69,drawing,
TR-3113,DWG-REF-S068-001,DR-1545,drawing_reference,calc_pdf_p70,drawing,
TR-3114,DWG-REF-S069-001,DR-1546,drawing_reference,calc_pdf_p71,drawing,
TR-3115,DWG-REF-S070-001,DR-1547,drawing_reference,calc_pdf_p72,drawing,
TR-3116,DWG-REF-S071-001,DR-1548,drawing_reference,calc_pdf_p73,drawing,
TR-3117,DWG-REF-S072-001,DR-1549,drawing_reference,calc_pdf_p74,drawing,
TR-3118,DWG-REF-S073-001,DR-1550,drawing_reference,calc_pdf_p75,drawing,
TR-3119,DWG-REF-S074-001,DR-1551,drawing_reference,calc_pdf_p76,drawing,
TR-3120,DWG-REF-S075-001,DR-1552,drawing_reference,calc_pdf_p77,drawing,
TR-3121,DWG-REF-S076-001,DR-1553,drawing_reference,calc_pdf_p78,drawing,
TR-3122,DWG-REF-S077-001,DR-1554,drawing_reference,calc_pdf_p79,drawing,
TR-3123,DWG-REF-S078-001,DR-1555,drawing_reference,calc_pdf_p80,drawing,
TR-3124,DWG-REF-S079-001,DR-1556,drawing_reference,calc_pdf_p81,drawing,
TR-3125,DWG-REF-S080-001,DR-1557,drawing_reference,calc_pdf_p82,drawing,
TR-3126,DWG-REF-S081-001,DR-1558,drawing_reference,calc_pdf_p83,drawing,
TR-3127,DWG-REF-S082-001,DR-1559,drawing_reference,calc_pdf_p84,drawing,
TR-3128,DWG-REF-S083-001,DR-1560,drawing_reference,calc_pdf_p85,drawing,
TR-3129,DWG-REF-S084-001,DR-1561,drawing_reference,calc_pdf_p86,drawing,
TR-3130,DWG-REF-S085-001,DR-1562,drawing_reference,calc_pdf_p87,drawing,
TR-3131,DWG-REF-S086-001,DR-1563,drawing_reference,calc_pdf_p88,drawing,
TR-3132,DWG-REF-S087-001,DR-1564,drawing_reference,calc_pdf_p89,drawing,
TR-3133,DWG-REF-S088-001,DR-1565,drawing_reference,calc_pdf_p90,drawing,
TR-3134,DWG-REF-S089-001,DR-1957,drawing_reference,calc_pdf_p91,drawing,
TR-3135,DWG-REF-S090-001,DR-1958,drawing_reference,calc_pdf_p92,drawing,
TR-3136,DWG-REF-S091-001,DR-1959,drawing_reference,calc_pdf_p93,drawing,
TR-3137,DWG-REF-S093-001,DR-1960,drawing_reference,calc_pdf_p95,drawing,
TR-3138,DWG-REF-S101-001,DR-1961,drawing_reference,calc_pdf_p103,drawing,
TR-3139,DWG-REF-S102-001,DR-1962,drawing_reference,calc_pdf_p104,drawing,
TR-3140,DWG-REF-S102-002,DR-1963,drawing_reference,calc_pdf_p104,drawing,
TR-3141,DWG-REF-S091-002,DR-1964,drawing_reference,calc_pdf_p93,drawing,
TR-3142,DWG-REF-S091-003,DR-1965,drawing_reference,calc_pdf_p93,drawing,
TR-3143,DWG-REF-S090-002,DR-1966,drawing_reference,calc_pdf_p92,drawing,
TR-3144,DWG-REF-S092-001,DR-1967,drawing_reference,calc_pdf_p94,drawing,
TR-3145,DWG-REF-S092-002,DR-1968,drawing_reference,calc_pdf_p94,drawing,
TR-3146,DWG-REF-S132-001,DR-1969,drawing_reference,calc_pdf_p134,drawing,
TR-3147,DWG-REF-S137-001,DR-1970,drawing_reference,calc_pdf_p139,drawing,
TR-3148,DWG-REF-S138-001,DR-1971,drawing_reference,calc_pdf_p140,drawing,
TR-3149,DWG-REF-S139-001,DR-1972,drawing_reference,calc_pdf_p141,drawing,
TR-3150,DWG-REF-S140-001,DR-1973,drawing_reference,calc_pdf_p142,drawing,
TR-3151,DWG-TB-S001-001,DR-001,drawing_title_block,calc_pdf_p3,drawing,
TR-3152,DWG-TB-S002-001,DR-002,drawing_title_block,calc_pdf_p4,drawing,
TR-3153,DWG-TB-S003-001,DR-003,drawing_title_block,calc_pdf_p5,drawing,
TR-3154,DWG-TB-S004-001,DR-004,drawing_title_block,calc_pdf_p6,drawing,
TR-3155,DWG-TB-S005-001,DR-005,drawing_title_block,calc_pdf_p7,drawing,
TR-3156,DWG-TB-S006-001,DR-006,drawing_title_block,calc_pdf_p8,drawing,
TR-3157,DWG-TB-S007-001,DR-007,drawing_title_block,calc_pdf_p9,drawing,
TR-3158,DWG-TB-S008-001,DR-008,drawing_title_block,calc_pdf_p10,drawing,
TR-3159,DWG-TB-S009-001,DR-009,drawing_title_block,calc_pdf_p11,drawing,
TR-3160,DWG-TB-S010-001,DR-010,drawing_title_block,calc_pdf_p12,drawing,
TR-3161,DWG-TB-S011-001,DR-011,drawing_title_block,calc_pdf_p13,drawing,
TR-3162,DWG-TB-S012-001,DR-012,drawing_title_block,calc_pdf_p14,drawing,
TR-3163,DWG-TB-S013-001,DR-013,drawing_title_block,calc_pdf_p15,drawing,
TR-3164,DWG-TB-S014-001,DR-014,drawing_title_block,calc_pdf_p16,drawing,
TR-3165,DWG-TB-S015-001,DR-015,drawing_title_block,calc_pdf_p17,drawing,
TR-3166,DWG-TB-S016-001,DR-016,drawing_title_block,calc_pdf_p18,drawing,
TR-3167,DWG-TB-S017-001,DR-017,drawing_title_block,calc_pdf_p19,drawing,
TR-3168,DWG-TB-S018-001,DR-018,drawing_title_block,calc_pdf_p20,drawing,
TR-3169,DWG-TB-S019-001,DR-019,drawing_title_block,calc_pdf_p21,drawing,
TR-3170,DWG-TB-S020-001,DR-020,drawing_title_block,calc_pdf_p22,drawing,
TR-3171,DWG-TB-S021-001,DR-021,drawing_title_block,calc_pdf_p23,drawing,
TR-3172,DWG-TB-S022-001,DR-022,drawing_title_block,calc_pdf_p24,drawing,
TR-3173,DWG-TB-S023-001,DR-023,drawing_title_block,calc_pdf_p25,drawing,
TR-3174,DWG-TB-S024-001,DR-024,drawing_title_block,calc_pdf_p26,drawing,
TR-3175,DWG-TB-S025-001,DR-025,drawing_title_block,calc_pdf_p27,drawing,
TR-3176,DWG-TB-S026-001,DR-026,drawing_title_block,calc_pdf_p28,drawing,
TR-3177,DWG-TB-S027-001,DR-027,drawing_title_block,calc_pdf_p29,drawing,
TR-3178,DWG-TB-S028-001,DR-028,drawing_title_block,calc_pdf_p30,drawing,
TR-3179,DWG-TB-S029-001,DR-029,drawing_title_block,calc_pdf_p31,drawing,
TR-3180,DWG-TB-S030-001,DR-030,drawing_title_block,calc_pdf_p32,drawing,
TR-3181,DWG-TB-S031-001,DR-031,drawing_title_block,calc_pdf_p33,drawing,
TR-3182,DWG-TB-S032-001,DR-032,drawing_title_block,calc_pdf_p34,drawing,
TR-3183,DWG-TB-S033-001,DR-033,drawing_title_block,calc_pdf_p35,drawing,
TR-3184,DWG-TB-S034-001,DR-034,drawing_title_block,calc_pdf_p36,drawing,
TR-3185,DWG-TB-S035-001,DR-035,drawing_title_block,calc_pdf_p37,drawing,
TR-3186,DWG-TB-S036-001,DR-036,drawing_title_block,calc_pdf_p38,drawing,
TR-3187,DWG-TB-S037-001,DR-037,drawing_title_block,calc_pdf_p39,drawing,
TR-3188,DWG-TB-S038-001,DR-038,drawing_title_block,calc_pdf_p40,drawing,
TR-3189,DWG-TB-S039-001,DR-039,drawing_title_block,calc_pdf_p41,drawing,
TR-3190,DWG-TB-S040-001,DR-040,drawing_title_block,calc_pdf_p42,drawing,
TR-3191,DWG-TB-S041-001,DR-041,drawing_title_block,calc_pdf_p43,drawing,
TR-3192,DWG-TB-S042-001,DR-042,drawing_title_block,calc_pdf_p44,drawing,
TR-3193,DWG-TB-S043-001,DR-043,drawing_title_block,calc_pdf_p45,drawing,
TR-3194,DWG-TB-S044-001,DR-044,drawing_title_block,calc_pdf_p46,drawing,
TR-3195,DWG-TB-S045-001,DR-045,drawing_title_block,calc_pdf_p47,drawing,
TR-3196,DWG-TB-S046-001,DR-046,drawing_title_block,calc_pdf_p48,drawing,
TR-3197,DWG-TB-S047-001,DR-047,drawing_title_block,calc_pdf_p49,drawing,
TR-3198,DWG-TB-S048-001,DR-048,drawing_title_block,calc_pdf_p50,drawing,
TR-3199,DWG-TB-S049-001,DR-049,drawing_title_block,calc_pdf_p51,drawing,
TR-3200,DWG-TB-S050-001,DR-050,drawing_title_block,calc_pdf_p52,drawing,
TR-3201,DWG-TB-S051-001,DR-051,drawing_title_block,calc_pdf_p53,drawing,
TR-3202,DWG-TB-S052-001,DR-052,drawing_title_block,calc_pdf_p54,drawing,
TR-3203,DWG-TB-S053-001,DR-053,drawing_title_block,calc_pdf_p55,drawing,
TR-3204,DWG-TB-S054-001,DR-054,drawing_title_block,calc_pdf_p56,drawing,
TR-3205,DWG-TB-S055-001,DR-055,drawing_title_block,calc_pdf_p57,drawing,
TR-3206,DWG-TB-S056-001,DR-056,drawing_title_block,calc_pdf_p58,drawing,
TR-3207,DWG-TB-S057-001,DR-057,drawing_title_block,calc_pdf_p59,drawing,
TR-3208,DWG-TB-S058-001,DR-058,drawing_title_block,calc_pdf_p60,drawing,
TR-3209,DWG-TB-S059-001,DR-059,drawing_title_block,calc_pdf_p61,drawing,
TR-3210,DWG-TB-S060-001,DR-060,drawing_title_block,calc_pdf_p62,drawing,
TR-3211,DWG-TB-S061-001,DR-061,drawing_title_block,calc_pdf_p63,drawing,
TR-3212,DWG-TB-S062-001,DR-062,drawing_title_block,calc_pdf_p64,drawing,
TR-3213,DWG-TB-S063-001,DR-063,drawing_title_block,calc_pdf_p65,drawing,
TR-3214,DWG-TB-S064-001,DR-064,drawing_title_block,calc_pdf_p66,drawing,
TR-3215,DWG-TB-S065-001,DR-065,drawing_title_block,calc_pdf_p67,drawing,
TR-3216,DWG-TB-S066-001,DR-066,drawing_title_block,calc_pdf_p68,drawing,
TR-3217,DWG-TB-S067-001,DR-067,drawing_title_block,calc_pdf_p69,drawing,
TR-3218,DWG-TB-S068-001,DR-068,drawing_title_block,calc_pdf_p70,drawing,
TR-3219,DWG-TB-S069-001,DR-069,drawing_title_block,calc_pdf_p71,drawing,
TR-3220,DWG-TB-S070-001,DR-070,drawing_title_block,calc_pdf_p72,drawing,
TR-3221,DWG-TB-S071-001,DR-071,drawing_title_block,calc_pdf_p73,drawing,
TR-3222,DWG-TB-S072-001,DR-072,drawing_title_block,calc_pdf_p74,drawing,
TR-3223,DWG-TB-S073-001,DR-073,drawing_title_block,calc_pdf_p75,drawing,
TR-3224,DWG-TB-S074-001,DR-074,drawing_title_block,calc_pdf_p76,drawing,
TR-3225,DWG-TB-S075-001,DR-075,drawing_title_block,calc_pdf_p77,drawing,
TR-3226,DWG-TB-S076-001,DR-076,drawing_title_block,calc_pdf_p78,drawing,
TR-3227,DWG-TB-S077-001,DR-077,drawing_title_block,calc_pdf_p79,drawing,
TR-3228,DWG-TB-S078-001,DR-078,drawing_title_block,calc_pdf_p80,drawing,
TR-3229,DWG-TB-S079-001,DR-079,drawing_title_block,calc_pdf_p81,drawing,
TR-3230,DWG-TB-S080-001,DR-080,drawing_title_block,calc_pdf_p82,drawing,
TR-3231,DWG-TB-S081-001,DR-081,drawing_title_block,calc_pdf_p83,drawing,
TR-3232,DWG-TB-S082-001,DR-082,drawing_title_block,calc_pdf_p84,drawing,
TR-3233,DWG-TB-S083-001,DR-083,drawing_title_block,calc_pdf_p85,drawing,
TR-3234,DWG-TB-S084-001,DR-084,drawing_title_block,calc_pdf_p86,drawing,
TR-3235,DWG-TB-S085-001,DR-085,drawing_title_block,calc_pdf_p87,drawing,
TR-3236,DWG-TB-S086-001,DR-086,drawing_title_block,calc_pdf_p88,drawing,
TR-3237,DWG-TB-S087-001,DR-087,drawing_title_block,calc_pdf_p89,drawing,
TR-3238,DWG-TB-S088-001,DR-088,drawing_title_block,calc_pdf_p90,drawing,
TR-3239,DWG-TB-S089-001,DR-089,drawing_title_block,calc_pdf_p91,drawing,
TR-3240,DWG-TB-S090-001,DR-090,drawing_title_block,calc_pdf_p92,drawing,
TR-3241,DWG-TB-S091-001,DR-091,drawing_title_block,calc_pdf_p93,drawing,
TR-3242,DWG-TB-S092-001,DR-092,drawing_title_block,calc_pdf_p94,drawing,
TR-3243,DWG-TB-S093-001,DR-093,drawing_title_block,calc_pdf_p95,drawing,
TR-3244,DWG-TB-S094-001,DR-094,drawing_title_block,calc_pdf_p96,drawing,
TR-3245,DWG-TB-S095-001,DR-095,drawing_title_block,calc_pdf_p97,drawing,
TR-3246,DWG-TB-S096-001,DR-096,drawing_title_block,calc_pdf_p98,drawing,
TR-3247,DWG-TB-S097-001,DR-097,drawing_title_block,calc_pdf_p99,drawing,
TR-3248,DWG-TB-S098-001,DR-098,drawing_title_block,calc_pdf_p100,drawing,
TR-3249,DWG-TB-S099-001,DR-099,drawing_title_block,calc_pdf_p101,drawing,
TR-3250,DWG-TB-S100-001,DR-100,drawing_title_block,calc_pdf_p102,drawing,
TR-3251,DWG-TB-S101-001,DR-101,drawing_title_block,calc_pdf_p103,drawing,
TR-3252,DWG-TB-S102-001,DR-102,drawing_title_block,calc_pdf_p104,drawing,
TR-3253,DWG-TB-S103-001,DR-103,drawing_title_block,calc_pdf_p105,drawing,
TR-3254,DWG-TB-S104-001,DR-104,drawing_title_block,calc_pdf_p106,drawing,
TR-3255,DWG-TB-S105-001,DR-105,drawing_title_block,calc_pdf_p107,drawing,
TR-3256,DWG-TB-S106-001,DR-106,drawing_title_block,calc_pdf_p108,drawing,
TR-3257,DWG-TB-S107-001,DR-107,drawing_title_block,calc_pdf_p109,drawing,
TR-3258,DWG-TB-S108-001,DR-108,drawing_title_block,calc_pdf_p110,drawing,
TR-3259,DWG-TB-S109-001,DR-109,drawing_title_block,calc_pdf_p111,drawing,
TR-3260,DWG-TB-S110-001,DR-110,drawing_title_block,calc_pdf_p112,drawing,
TR-3261,DWG-TB-S111-001,DR-111,drawing_title_block,calc_pdf_p113,drawing,
TR-3262,DWG-TB-S112-001,DR-112,drawing_title_block,calc_pdf_p114,drawing,
TR-3263,DWG-TB-S113-001,DR-113,drawing_title_block,calc_pdf_p115,drawing,
TR-3264,DWG-TB-S114-001,DR-114,drawing_title_block,calc_pdf_p116,drawing,
TR-3265,DWG-TB-S115-001,DR-115,drawing_title_block,calc_pdf_p117,drawing,
TR-3266,DWG-TB-S116-001,DR-116,drawing_title_block,calc_pdf_p118,drawing,
TR-3267,DWG-TB-S117-001,DR-117,drawing_title_block,calc_pdf_p119,drawing,
TR-3268,DWG-TB-S118-001,DR-118,drawing_title_block,calc_pdf_p120,drawing,
TR-3269,DWG-TB-S119-001,DR-119,drawing_title_block,calc_pdf_p121,drawing,
TR-3270,DWG-TB-S120-001,DR-120,drawing_title_block,calc_pdf_p122,drawing,
TR-3271,DWG-TB-S121-001,DR-121,drawing_title_block,calc_pdf_p123,drawing,
TR-3272,DWG-TB-S122-001,DR-122,drawing_title_block,calc_pdf_p124,drawing,
TR-3273,DWG-TB-S123-001,DR-123,drawing_title_block,calc_pdf_p125,drawing,
TR-3274,DWG-TB-S124-001,DR-124,drawing_title_block,calc_pdf_p126,drawing,
TR-3275,DWG-TB-S125-001,DR-125,drawing_title_block,calc_pdf_p127,drawing,
TR-3276,DWG-TB-S126-001,DR-126,drawing_title_block,calc_pdf_p128,drawing,
TR-3277,DWG-TB-S127-001,DR-127,drawing_title_block,calc_pdf_p129,drawing,
TR-3278,DWG-TB-S128-001,DR-128,drawing_title_block,calc_pdf_p130,drawing,
TR-3279,DWG-TB-S129-001,DR-129,drawing_title_block,calc_pdf_p131,drawing,
TR-3280,DWG-TB-S130-001,DR-130,drawing_title_block,calc_pdf_p132,drawing,
TR-3281,DWG-TB-S131-001,DR-131,drawing_title_block,calc_pdf_p133,drawing,
TR-3282,DWG-TB-S132-001,DR-132,drawing_title_block,calc_pdf_p134,drawing,
TR-3283,DWG-TB-S133-001,DR-133,drawing_title_block,calc_pdf_p135,drawing,
TR-3284,DWG-TB-S134-001,DR-134,drawing_title_block,calc_pdf_p136,drawing,
TR-3285,DWG-TB-S135-001,DR-135,drawing_title_block,calc_pdf_p137,drawing,
TR-3286,DWG-TB-S136-001,DR-136,drawing_title_block,calc_pdf_p138,drawing,
TR-3287,DWG-TB-S137-001,DR-137,drawing_title_block,calc_pdf_p139,drawing,
TR-3288,DWG-TB-S138-001,DR-138,drawing_title_block,calc_pdf_p140,drawing,
TR-3289,DWG-TB-S139-001,DR-139,drawing_title_block,calc_pdf_p141,drawing,
TR-3290,DWG-TB-S140-001,DR-140,drawing_title_block,calc_pdf_p142,drawing,
TR-3291,S141-E01,DR-141,drawing_unread_resolution,calc_pdf_p143,drawing,
TR-3292,TB01,DR-141,drawing_unread_resolution,calc_pdf_p143,drawing,
TR-3293,DWG-TBL-S005-001,DR-768,drawing_table,calc_pdf_p7,drawing,
TR-3294,DWG-TBL-S005-002,DR-769,drawing_table,calc_pdf_p7,drawing,
TR-3295,DWG-TBL-S005-003,DR-770,drawing_table,calc_pdf_p7,drawing,
TR-3296,DWG-TBL-S006-001,DR-771,drawing_table,calc_pdf_p8,drawing,
TR-3297,DWG-TBL-S006-002,DR-772,drawing_table,calc_pdf_p8,drawing,
TR-3298,DWG-TBL-S006-003,DR-773,drawing_table,calc_pdf_p8,drawing,
TR-3299,DWG-TBL-S006-004,DR-774,drawing_table,calc_pdf_p8,drawing,
TR-3300,DWG-TBL-S007-001,DR-775,drawing_table,calc_pdf_p9,drawing,
TR-3301,DWG-TBL-S007-002,DR-776,drawing_table,calc_pdf_p9,drawing,
TR-3302,DWG-TBL-S007-003,DR-777,drawing_table,calc_pdf_p9,drawing,
TR-3303,DWG-TBL-S045-001,DR-1227,drawing_table,calc_pdf_p47,drawing,
TR-3304,DWG-TBL-S045-002,DR-1228,drawing_table,calc_pdf_p47,drawing,
TR-3305,DWG-TBL-S045-003,DR-1229,drawing_table,calc_pdf_p47,drawing,
TR-3306,DWG-TBL-S046-001,DR-1230,drawing_table,calc_pdf_p48,drawing,
TR-3307,DWG-TBL-S046-002,DR-1231,drawing_table,calc_pdf_p48,drawing,
TR-3308,DWG-TBL-S047-001,DR-1232,drawing_table,calc_pdf_p49,drawing,
TR-3309,DWG-TBL-S047-002,DR-1233,drawing_table,calc_pdf_p49,drawing,
TR-3310,DWG-TBL-S049-001,DR-1234,drawing_table,calc_pdf_p51,drawing,
TR-3311,DWG-TBL-S049-002,DR-1235,drawing_table,calc_pdf_p51,drawing,
TR-3312,DWG-TBL-S050-001,DR-1236,drawing_table,calc_pdf_p52,drawing,
TR-3313,DWG-TBL-S058-001,DR-1237,drawing_table,calc_pdf_p60,drawing,
TR-3314,DWG-TBL-S061-001,DR-1238,drawing_table,calc_pdf_p63,drawing,
TR-3315,DWG-TBL-S061-002,DR-1239,drawing_table,calc_pdf_p63,drawing,
TR-3316,DWG-TBL-S062-001,DR-1240,drawing_table,calc_pdf_p64,drawing,
TR-3317,DWG-TBL-S062-002,DR-1241,drawing_table,calc_pdf_p64,drawing,
TR-3318,DWG-TBL-S068-001,DR-1242,drawing_table,calc_pdf_p70,drawing,
TR-3319,DWG-TBL-S068-002,DR-1243,drawing_table,calc_pdf_p70,drawing,
TR-3320,DWG-TBL-S085-001,DR-1244,drawing_table,calc_pdf_p87,drawing,
TR-3321,DWG-TBL-S085-002,DR-1245,drawing_table,calc_pdf_p87,drawing,
TR-3322,DWG-TBL-S085-003,DR-1246,drawing_table,calc_pdf_p87,drawing,
TR-3323,DWG-TBL-S086-001,DR-1247,drawing_table,calc_pdf_p88,drawing,
TR-3324,DWG-TBL-S086-002,DR-1248,drawing_table,calc_pdf_p88,drawing,
TR-3325,DWG-TBL-S086-003,DR-1249,drawing_table,calc_pdf_p88,drawing,
TR-3326,DWG-TBL-S087-001,DR-1250,drawing_table,calc_pdf_p89,drawing,
TR-3327,DWG-TBL-S087-002,DR-1251,drawing_table,calc_pdf_p89,drawing,
TR-3328,DWG-TBL-S087-003,DR-1252,drawing_table,calc_pdf_p89,drawing,
TR-3329,DWG-TBL-S088-001,DR-1253,drawing_table,calc_pdf_p90,drawing,
TR-3330,DWG-TBL-S088-002,DR-1254,drawing_table,calc_pdf_p90,drawing,
TR-3331,DWG-TBL-S088-003,DR-1255,drawing_table,calc_pdf_p90,drawing,
TR-3332,DWG-TBL-S072-001,DR-1256,drawing_table,calc_pdf_p74,drawing,
TR-3333,DWG-TBL-S073-001,DR-1257,drawing_table,calc_pdf_p75,drawing,
TR-3334,DWG-TBL-S074-001,DR-1258,drawing_table,calc_pdf_p76,drawing,
TR-3335,DWG-TBL-S091-001,DR-1689,drawing_table,calc_pdf_p93,drawing,
TR-3336,DWG-TBL-S092-001,DR-1690,drawing_table,calc_pdf_p94,drawing,
TR-3337,DWG-TBL-S102-001,DR-1691,drawing_table,calc_pdf_p104,drawing,
TR-3338,DWG-TBL-S102-002,DR-1692,drawing_table,calc_pdf_p104,drawing,
TR-3339,DWG-TBL-S090-001,DR-1693,drawing_table,calc_pdf_p92,drawing,
TR-3340,DWG-TBL-S099-001,DR-1694,drawing_table,calc_pdf_p101,drawing,
TR-3341,S141-V04,DR-2021,drawing_unread_resolution,calc_pdf_p143,drawing,
TR-3342,S141-C01,DR-2021,drawing_unread_resolution,calc_pdf_p143,drawing,
TR-3343,S141-C30,DR-2021,drawing_unread_resolution,calc_pdf_p143,drawing,
TR-3344,S141-C01,DR-2022,drawing_unread_resolution,calc_pdf_p143,drawing,
TR-3345,S141-C02,DR-2023,drawing_unread_resolution,calc_pdf_p143,drawing,
TR-3346,S141-C03,DR-2024,drawing_unread_resolution,calc_pdf_p143,drawing,
TR-3347,S141-C04,DR-2025,drawing_unread_resolution,calc_pdf_p143,drawing,
TR-3348,S141-C05,DR-2026,drawing_unread_resolution,calc_pdf_p143,drawing,
TR-3349,S141-C06,DR-2027,drawing_unread_resolution,calc_pdf_p143,drawing,
TR-3350,S141-C07,DR-2028,drawing_unread_resolution,calc_pdf_p143,drawing,
TR-3351,S141-C08,DR-2029,drawing_unread_resolution,calc_pdf_p143,drawing,
TR-3352,S141-C09,DR-2030,drawing_unread_resolution,calc_pdf_p143,drawing,
TR-3353,S141-C10,DR-2031,drawing_unread_resolution,calc_pdf_p143,drawing,
TR-3354,S141-C11,DR-2032,drawing_unread_resolution,calc_pdf_p143,drawing,
TR-3355,S141-C12,DR-2033,drawing_unread_resolution,calc_pdf_p143,drawing,
TR-3356,S141-C13,DR-2034,drawing_unread_resolution,calc_pdf_p143,drawing,
TR-3357,S141-C14,DR-2035,drawing_unread_resolution,calc_pdf_p143,drawing,
TR-3358,S141-C15,DR-2036,drawing_unread_resolution,calc_pdf_p143,drawing,
TR-3359,S141-C16,DR-2037,drawing_unread_resolution,calc_pdf_p143,drawing,
TR-3360,S141-C17,DR-2038,drawing_unread_resolution,calc_pdf_p143,drawing,
TR-3361,S141-C18,DR-2039,drawing_unread_resolution,calc_pdf_p143,drawing,
TR-3362,S141-C19,DR-2040,drawing_unread_resolution,calc_pdf_p143,drawing,
TR-3363,S141-C20,DR-2041,drawing_unread_resolution,calc_pdf_p143,drawing,
TR-3364,S141-C21,DR-2042,drawing_unread_resolution,calc_pdf_p143,drawing,
TR-3365,S141-C22,DR-2043,drawing_unread_resolution,calc_pdf_p143,drawing,
TR-3366,S141-C23,DR-2044,drawing_unread_resolution,calc_pdf_p143,drawing,
TR-3367,S141-C24,DR-2045,drawing_unread_resolution,calc_pdf_p143,drawing,
TR-3368,S141-C25,DR-2046,drawing_unread_resolution,calc_pdf_p143,drawing,
TR-3369,S141-C26,DR-2047,drawing_unread_resolution,calc_pdf_p143,drawing,
TR-3370,S141-C27,DR-2048,drawing_unread_resolution,calc_pdf_p143,drawing,
TR-3371,S141-C28,DR-2049,drawing_unread_resolution,calc_pdf_p143,drawing,
TR-3372,S141-C29,DR-2050,drawing_unread_resolution,calc_pdf_p143,drawing,
TR-3373,S141-C30,DR-2051,drawing_unread_resolution,calc_pdf_p143,drawing,
TR-3374,DWG-TB-S001-001,DR-778,drawing_title_block,calc_pdf_p3,drawing,
TR-3375,DWG-TB-S002-001,DR-779,drawing_title_block,calc_pdf_p4,drawing,
TR-3376,DWG-TB-S003-001,DR-780,drawing_title_block,calc_pdf_p5,drawing,
TR-3377,DWG-TB-S004-001,DR-781,drawing_title_block,calc_pdf_p6,drawing,
TR-3378,DWG-TB-S005-001,DR-782,drawing_title_block,calc_pdf_p7,drawing,
TR-3379,DWG-TB-S006-001,DR-783,drawing_title_block,calc_pdf_p8,drawing,
TR-3380,DWG-TB-S007-001,DR-784,drawing_title_block,calc_pdf_p9,drawing,
TR-3381,DWG-TB-S008-001,DR-785,drawing_title_block,calc_pdf_p10,drawing,
TR-3382,DWG-TB-S009-001,DR-786,drawing_title_block,calc_pdf_p11,drawing,
TR-3383,DWG-TB-S010-001,DR-787,drawing_title_block,calc_pdf_p12,drawing,
TR-3384,DWG-TB-S011-001,DR-788,drawing_title_block,calc_pdf_p13,drawing,
TR-3385,DWG-TB-S012-001,DR-789,drawing_title_block,calc_pdf_p14,drawing,
TR-3386,DWG-TB-S013-001,DR-790,drawing_title_block,calc_pdf_p15,drawing,
TR-3387,DWG-TB-S014-001,DR-791,drawing_title_block,calc_pdf_p16,drawing,
TR-3388,DWG-TB-S015-001,DR-792,drawing_title_block,calc_pdf_p17,drawing,
TR-3389,DWG-TB-S016-001,DR-793,drawing_title_block,calc_pdf_p18,drawing,
TR-3390,DWG-TB-S017-001,DR-794,drawing_title_block,calc_pdf_p19,drawing,
TR-3391,DWG-TB-S018-001,DR-795,drawing_title_block,calc_pdf_p20,drawing,
TR-3392,DWG-TB-S019-001,DR-796,drawing_title_block,calc_pdf_p21,drawing,
TR-3393,DWG-TB-S020-001,DR-797,drawing_title_block,calc_pdf_p22,drawing,
TR-3394,DWG-TB-S021-001,DR-798,drawing_title_block,calc_pdf_p23,drawing,
TR-3395,DWG-TB-S022-001,DR-799,drawing_title_block,calc_pdf_p24,drawing,
TR-3396,DWG-TB-S023-001,DR-800,drawing_title_block,calc_pdf_p25,drawing,
TR-3397,DWG-TB-S024-001,DR-801,drawing_title_block,calc_pdf_p26,drawing,
TR-3398,DWG-TB-S025-001,DR-802,drawing_title_block,calc_pdf_p27,drawing,
TR-3399,DWG-TB-S026-001,DR-803,drawing_title_block,calc_pdf_p28,drawing,
TR-3400,DWG-TB-S027-001,DR-804,drawing_title_block,calc_pdf_p29,drawing,
TR-3401,DWG-TB-S028-001,DR-805,drawing_title_block,calc_pdf_p30,drawing,
TR-3402,DWG-TB-S029-001,DR-806,drawing_title_block,calc_pdf_p31,drawing,
TR-3403,DWG-TB-S030-001,DR-807,drawing_title_block,calc_pdf_p32,drawing,
TR-3404,DWG-TB-S031-001,DR-808,drawing_title_block,calc_pdf_p33,drawing,
TR-3405,DWG-TB-S032-001,DR-809,drawing_title_block,calc_pdf_p34,drawing,
TR-3406,DWG-TB-S033-001,DR-810,drawing_title_block,calc_pdf_p35,drawing,
TR-3407,DWG-TB-S034-001,DR-811,drawing_title_block,calc_pdf_p36,drawing,
TR-3408,DWG-TB-S035-001,DR-812,drawing_title_block,calc_pdf_p37,drawing,
TR-3409,DWG-TB-S036-001,DR-813,drawing_title_block,calc_pdf_p38,drawing,
TR-3410,DWG-TB-S037-001,DR-814,drawing_title_block,calc_pdf_p39,drawing,
TR-3411,DWG-TB-S038-001,DR-815,drawing_title_block,calc_pdf_p40,drawing,
TR-3412,DWG-TB-S039-001,DR-816,drawing_title_block,calc_pdf_p41,drawing,
TR-3413,DWG-TB-S040-001,DR-817,drawing_title_block,calc_pdf_p42,drawing,
TR-3414,DWG-TB-S041-001,DR-818,drawing_title_block,calc_pdf_p43,drawing,
TR-3415,DWG-TB-S042-001,DR-819,drawing_title_block,calc_pdf_p44,drawing,
TR-3416,DWG-TB-S043-001,DR-820,drawing_title_block,calc_pdf_p45,drawing,
TR-3417,DWG-TB-S044-001,DR-821,drawing_title_block,calc_pdf_p46,drawing,
TR-3418,DWG-TB-S045-001,DR-1259,drawing_title_block,calc_pdf_p47,drawing,
TR-3419,DWG-TB-S045-002,DR-1260,drawing_title_block,calc_pdf_p47,drawing,
TR-3420,DWG-TB-S045-003,DR-1261,drawing_title_block,calc_pdf_p47,drawing,
TR-3421,DWG-TB-S045-004,DR-1262,drawing_title_block,calc_pdf_p47,drawing,
TR-3422,DWG-TB-S045-005,DR-1263,drawing_title_block,calc_pdf_p47,drawing,
TR-3423,DWG-TB-S045-006,DR-1264,drawing_title_block,calc_pdf_p47,drawing,
TR-3424,DWG-TB-S046-001,DR-1265,drawing_title_block,calc_pdf_p48,drawing,
TR-3425,DWG-TB-S046-002,DR-1266,drawing_title_block,calc_pdf_p48,drawing,
TR-3426,DWG-TB-S046-003,DR-1267,drawing_title_block,calc_pdf_p48,drawing,
TR-3427,DWG-TB-S046-004,DR-1268,drawing_title_block,calc_pdf_p48,drawing,
TR-3428,DWG-TB-S046-005,DR-1269,drawing_title_block,calc_pdf_p48,drawing,
TR-3429,DWG-TB-S046-006,DR-1270,drawing_title_block,calc_pdf_p48,drawing,
TR-3430,DWG-TB-S047-001,DR-1271,drawing_title_block,calc_pdf_p49,drawing,
TR-3431,DWG-TB-S047-002,DR-1272,drawing_title_block,calc_pdf_p49,drawing,
TR-3432,DWG-TB-S047-003,DR-1273,drawing_title_block,calc_pdf_p49,drawing,
TR-3433,DWG-TB-S047-004,DR-1274,drawing_title_block,calc_pdf_p49,drawing,
TR-3434,DWG-TB-S047-005,DR-1275,drawing_title_block,calc_pdf_p49,drawing,
TR-3435,DWG-TB-S047-006,DR-1276,drawing_title_block,calc_pdf_p49,drawing,
TR-3436,DWG-TB-S048-001,DR-1277,drawing_title_block,calc_pdf_p50,drawing,
TR-3437,DWG-TB-S048-002,DR-1278,drawing_title_block,calc_pdf_p50,drawing,
TR-3438,DWG-TB-S048-003,DR-1279,drawing_title_block,calc_pdf_p50,drawing,
TR-3439,DWG-TB-S048-004,DR-1280,drawing_title_block,calc_pdf_p50,drawing,
TR-3440,DWG-TB-S048-005,DR-1281,drawing_title_block,calc_pdf_p50,drawing,
TR-3441,DWG-TB-S048-006,DR-1282,drawing_title_block,calc_pdf_p50,drawing,
TR-3442,DWG-TB-S049-001,DR-1283,drawing_title_block,calc_pdf_p51,drawing,
TR-3443,DWG-TB-S049-002,DR-1284,drawing_title_block,calc_pdf_p51,drawing,
TR-3444,DWG-TB-S049-003,DR-1285,drawing_title_block,calc_pdf_p51,drawing,
TR-3445,DWG-TB-S049-004,DR-1286,drawing_title_block,calc_pdf_p51,drawing,
TR-3446,DWG-TB-S049-005,DR-1287,drawing_title_block,calc_pdf_p51,drawing,
TR-3447,DWG-TB-S049-006,DR-1288,drawing_title_block,calc_pdf_p51,drawing,
TR-3448,DWG-TB-S050-001,DR-1289,drawing_title_block,calc_pdf_p52,drawing,
TR-3449,DWG-TB-S050-002,DR-1290,drawing_title_block,calc_pdf_p52,drawing,
TR-3450,DWG-TB-S050-003,DR-1291,drawing_title_block,calc_pdf_p52,drawing,
TR-3451,DWG-TB-S050-004,DR-1292,drawing_title_block,calc_pdf_p52,drawing,
TR-3452,DWG-TB-S050-005,DR-1293,drawing_title_block,calc_pdf_p52,drawing,
TR-3453,DWG-TB-S050-006,DR-1294,drawing_title_block,calc_pdf_p52,drawing,
TR-3454,DWG-TB-S051-001,DR-1295,drawing_title_block,calc_pdf_p53,drawing,
TR-3455,DWG-TB-S051-002,DR-1296,drawing_title_block,calc_pdf_p53,drawing,
TR-3456,DWG-TB-S051-003,DR-1297,drawing_title_block,calc_pdf_p53,drawing,
TR-3457,DWG-TB-S051-004,DR-1298,drawing_title_block,calc_pdf_p53,drawing,
TR-3458,DWG-TB-S051-005,DR-1299,drawing_title_block,calc_pdf_p53,drawing,
TR-3459,DWG-TB-S051-006,DR-1300,drawing_title_block,calc_pdf_p53,drawing,
TR-3460,DWG-TB-S052-001,DR-1301,drawing_title_block,calc_pdf_p54,drawing,
TR-3461,DWG-TB-S052-002,DR-1302,drawing_title_block,calc_pdf_p54,drawing,
TR-3462,DWG-TB-S052-003,DR-1303,drawing_title_block,calc_pdf_p54,drawing,
TR-3463,DWG-TB-S052-004,DR-1304,drawing_title_block,calc_pdf_p54,drawing,
TR-3464,DWG-TB-S052-005,DR-1305,drawing_title_block,calc_pdf_p54,drawing,
TR-3465,DWG-TB-S052-006,DR-1306,drawing_title_block,calc_pdf_p54,drawing,
TR-3466,DWG-TB-S053-001,DR-1307,drawing_title_block,calc_pdf_p55,drawing,
TR-3467,DWG-TB-S053-002,DR-1308,drawing_title_block,calc_pdf_p55,drawing,
TR-3468,DWG-TB-S053-003,DR-1309,drawing_title_block,calc_pdf_p55,drawing,
TR-3469,DWG-TB-S053-004,DR-1310,drawing_title_block,calc_pdf_p55,drawing,
TR-3470,DWG-TB-S053-005,DR-1311,drawing_title_block,calc_pdf_p55,drawing,
TR-3471,DWG-TB-S053-006,DR-1312,drawing_title_block,calc_pdf_p55,drawing,
TR-3472,DWG-TB-S054-001,DR-1313,drawing_title_block,calc_pdf_p56,drawing,
TR-3473,DWG-TB-S054-002,DR-1314,drawing_title_block,calc_pdf_p56,drawing,
TR-3474,DWG-TB-S054-003,DR-1315,drawing_title_block,calc_pdf_p56,drawing,
TR-3475,DWG-TB-S054-004,DR-1316,drawing_title_block,calc_pdf_p56,drawing,
TR-3476,DWG-TB-S054-005,DR-1317,drawing_title_block,calc_pdf_p56,drawing,
TR-3477,DWG-TB-S054-006,DR-1318,drawing_title_block,calc_pdf_p56,drawing,
TR-3478,DWG-TB-S055-001,DR-1319,drawing_title_block,calc_pdf_p57,drawing,
TR-3479,DWG-TB-S055-002,DR-1320,drawing_title_block,calc_pdf_p57,drawing,
TR-3480,DWG-TB-S055-003,DR-1321,drawing_title_block,calc_pdf_p57,drawing,
TR-3481,DWG-TB-S055-004,DR-1322,drawing_title_block,calc_pdf_p57,drawing,
TR-3482,DWG-TB-S055-005,DR-1323,drawing_title_block,calc_pdf_p57,drawing,
TR-3483,DWG-TB-S055-006,DR-1324,drawing_title_block,calc_pdf_p57,drawing,
TR-3484,DWG-TB-S056-001,DR-1325,drawing_title_block,calc_pdf_p58,drawing,
TR-3485,DWG-TB-S056-002,DR-1326,drawing_title_block,calc_pdf_p58,drawing,
TR-3486,DWG-TB-S056-003,DR-1327,drawing_title_block,calc_pdf_p58,drawing,
TR-3487,DWG-TB-S056-004,DR-1328,drawing_title_block,calc_pdf_p58,drawing,
TR-3488,DWG-TB-S056-005,DR-1329,drawing_title_block,calc_pdf_p58,drawing,
TR-3489,DWG-TB-S056-006,DR-1330,drawing_title_block,calc_pdf_p58,drawing,
TR-3490,DWG-TB-S057-001,DR-1331,drawing_title_block,calc_pdf_p59,drawing,
TR-3491,DWG-TB-S057-002,DR-1332,drawing_title_block,calc_pdf_p59,drawing,
TR-3492,DWG-TB-S057-003,DR-1333,drawing_title_block,calc_pdf_p59,drawing,
TR-3493,DWG-TB-S057-004,DR-1334,drawing_title_block,calc_pdf_p59,drawing,
TR-3494,DWG-TB-S057-005,DR-1335,drawing_title_block,calc_pdf_p59,drawing,
TR-3495,DWG-TB-S057-006,DR-1336,drawing_title_block,calc_pdf_p59,drawing,
TR-3496,DWG-TB-S058-001,DR-1337,drawing_title_block,calc_pdf_p60,drawing,
TR-3497,DWG-TB-S058-002,DR-1338,drawing_title_block,calc_pdf_p60,drawing,
TR-3498,DWG-TB-S058-003,DR-1339,drawing_title_block,calc_pdf_p60,drawing,
TR-3499,DWG-TB-S058-004,DR-1340,drawing_title_block,calc_pdf_p60,drawing,
TR-3500,DWG-TB-S058-005,DR-1341,drawing_title_block,calc_pdf_p60,drawing,
TR-3501,DWG-TB-S058-006,DR-1342,drawing_title_block,calc_pdf_p60,drawing,
TR-3502,DWG-TB-S059-001,DR-1343,drawing_title_block,calc_pdf_p61,drawing,
TR-3503,DWG-TB-S059-002,DR-1344,drawing_title_block,calc_pdf_p61,drawing,
TR-3504,DWG-TB-S059-003,DR-1345,drawing_title_block,calc_pdf_p61,drawing,
TR-3505,DWG-TB-S059-004,DR-1346,drawing_title_block,calc_pdf_p61,drawing,
TR-3506,DWG-TB-S059-005,DR-1347,drawing_title_block,calc_pdf_p61,drawing,
TR-3507,DWG-TB-S059-006,DR-1348,drawing_title_block,calc_pdf_p61,drawing,
TR-3508,DWG-TB-S060-001,DR-1349,drawing_title_block,calc_pdf_p62,drawing,
TR-3509,DWG-TB-S060-002,DR-1350,drawing_title_block,calc_pdf_p62,drawing,
TR-3510,DWG-TB-S060-003,DR-1351,drawing_title_block,calc_pdf_p62,drawing,
TR-3511,DWG-TB-S060-004,DR-1352,drawing_title_block,calc_pdf_p62,drawing,
TR-3512,DWG-TB-S060-005,DR-1353,drawing_title_block,calc_pdf_p62,drawing,
TR-3513,DWG-TB-S060-006,DR-1354,drawing_title_block,calc_pdf_p62,drawing,
TR-3514,DWG-TB-S061-001,DR-1355,drawing_title_block,calc_pdf_p63,drawing,
TR-3515,DWG-TB-S061-002,DR-1356,drawing_title_block,calc_pdf_p63,drawing,
TR-3516,DWG-TB-S061-003,DR-1357,drawing_title_block,calc_pdf_p63,drawing,
TR-3517,DWG-TB-S061-004,DR-1358,drawing_title_block,calc_pdf_p63,drawing,
TR-3518,DWG-TB-S061-005,DR-1359,drawing_title_block,calc_pdf_p63,drawing,
TR-3519,DWG-TB-S061-006,DR-1360,drawing_title_block,calc_pdf_p63,drawing,
TR-3520,DWG-TB-S062-001,DR-1361,drawing_title_block,calc_pdf_p64,drawing,
TR-3521,DWG-TB-S062-002,DR-1362,drawing_title_block,calc_pdf_p64,drawing,
TR-3522,DWG-TB-S062-003,DR-1363,drawing_title_block,calc_pdf_p64,drawing,
TR-3523,DWG-TB-S062-004,DR-1364,drawing_title_block,calc_pdf_p64,drawing,
TR-3524,DWG-TB-S062-005,DR-1365,drawing_title_block,calc_pdf_p64,drawing,
TR-3525,DWG-TB-S062-006,DR-1366,drawing_title_block,calc_pdf_p64,drawing,
TR-3526,DWG-TB-S063-001,DR-1367,drawing_title_block,calc_pdf_p65,drawing,
TR-3527,DWG-TB-S063-002,DR-1368,drawing_title_block,calc_pdf_p65,drawing,
TR-3528,DWG-TB-S063-003,DR-1369,drawing_title_block,calc_pdf_p65,drawing,
TR-3529,DWG-TB-S063-004,DR-1370,drawing_title_block,calc_pdf_p65,drawing,
TR-3530,DWG-TB-S063-005,DR-1371,drawing_title_block,calc_pdf_p65,drawing,
TR-3531,DWG-TB-S063-006,DR-1372,drawing_title_block,calc_pdf_p65,drawing,
TR-3532,DWG-TB-S064-001,DR-1373,drawing_title_block,calc_pdf_p66,drawing,
TR-3533,DWG-TB-S064-002,DR-1374,drawing_title_block,calc_pdf_p66,drawing,
TR-3534,DWG-TB-S064-003,DR-1375,drawing_title_block,calc_pdf_p66,drawing,
TR-3535,DWG-TB-S064-004,DR-1376,drawing_title_block,calc_pdf_p66,drawing,
TR-3536,DWG-TB-S064-005,DR-1377,drawing_title_block,calc_pdf_p66,drawing,
TR-3537,DWG-TB-S064-006,DR-1378,drawing_title_block,calc_pdf_p66,drawing,
TR-3538,DWG-TB-S065-001,DR-1379,drawing_title_block,calc_pdf_p67,drawing,
TR-3539,DWG-TB-S065-002,DR-1380,drawing_title_block,calc_pdf_p67,drawing,
TR-3540,DWG-TB-S065-003,DR-1381,drawing_title_block,calc_pdf_p67,drawing,
TR-3541,DWG-TB-S065-004,DR-1382,drawing_title_block,calc_pdf_p67,drawing,
TR-3542,DWG-TB-S065-005,DR-1383,drawing_title_block,calc_pdf_p67,drawing,
TR-3543,DWG-TB-S065-006,DR-1384,drawing_title_block,calc_pdf_p67,drawing,
TR-3544,DWG-TB-S066-001,DR-1385,drawing_title_block,calc_pdf_p68,drawing,
TR-3545,DWG-TB-S066-002,DR-1386,drawing_title_block,calc_pdf_p68,drawing,
TR-3546,DWG-TB-S066-003,DR-1387,drawing_title_block,calc_pdf_p68,drawing,
TR-3547,DWG-TB-S066-004,DR-1388,drawing_title_block,calc_pdf_p68,drawing,
TR-3548,DWG-TB-S066-005,DR-1389,drawing_title_block,calc_pdf_p68,drawing,
TR-3549,DWG-TB-S066-006,DR-1390,drawing_title_block,calc_pdf_p68,drawing,
TR-3550,DWG-TB-S067-001,DR-1391,drawing_title_block,calc_pdf_p69,drawing,
TR-3551,DWG-TB-S067-002,DR-1392,drawing_title_block,calc_pdf_p69,drawing,
TR-3552,DWG-TB-S067-003,DR-1393,drawing_title_block,calc_pdf_p69,drawing,
TR-3553,DWG-TB-S067-004,DR-1394,drawing_title_block,calc_pdf_p69,drawing,
TR-3554,DWG-TB-S067-005,DR-1395,drawing_title_block,calc_pdf_p69,drawing,
TR-3555,DWG-TB-S067-006,DR-1396,drawing_title_block,calc_pdf_p69,drawing,
TR-3556,DWG-TB-S068-001,DR-1397,drawing_title_block,calc_pdf_p70,drawing,
TR-3557,DWG-TB-S068-002,DR-1398,drawing_title_block,calc_pdf_p70,drawing,
TR-3558,DWG-TB-S068-003,DR-1399,drawing_title_block,calc_pdf_p70,drawing,
TR-3559,DWG-TB-S068-004,DR-1400,drawing_title_block,calc_pdf_p70,drawing,
TR-3560,DWG-TB-S068-005,DR-1401,drawing_title_block,calc_pdf_p70,drawing,
TR-3561,DWG-TB-S068-006,DR-1402,drawing_title_block,calc_pdf_p70,drawing,
TR-3562,DWG-TB-S069-001,DR-1403,drawing_title_block,calc_pdf_p71,drawing,
TR-3563,DWG-TB-S069-002,DR-1404,drawing_title_block,calc_pdf_p71,drawing,
TR-3564,DWG-TB-S069-003,DR-1405,drawing_title_block,calc_pdf_p71,drawing,
TR-3565,DWG-TB-S069-004,DR-1406,drawing_title_block,calc_pdf_p71,drawing,
TR-3566,DWG-TB-S069-005,DR-1407,drawing_title_block,calc_pdf_p71,drawing,
TR-3567,DWG-TB-S069-006,DR-1408,drawing_title_block,calc_pdf_p71,drawing,
TR-3568,DWG-TB-S070-001,DR-1409,drawing_title_block,calc_pdf_p72,drawing,
TR-3569,DWG-TB-S070-002,DR-1410,drawing_title_block,calc_pdf_p72,drawing,
TR-3570,DWG-TB-S070-003,DR-1411,drawing_title_block,calc_pdf_p72,drawing,
TR-3571,DWG-TB-S070-004,DR-1412,drawing_title_block,calc_pdf_p72,drawing,
TR-3572,DWG-TB-S070-005,DR-1413,drawing_title_block,calc_pdf_p72,drawing,
TR-3573,DWG-TB-S070-006,DR-1414,drawing_title_block,calc_pdf_p72,drawing,
TR-3574,DWG-TB-S071-001,DR-1415,drawing_title_block,calc_pdf_p73,drawing,
TR-3575,DWG-TB-S071-002,DR-1416,drawing_title_block,calc_pdf_p73,drawing,
TR-3576,DWG-TB-S071-003,DR-1417,drawing_title_block,calc_pdf_p73,drawing,
TR-3577,DWG-TB-S071-004,DR-1418,drawing_title_block,calc_pdf_p73,drawing,
TR-3578,DWG-TB-S071-005,DR-1419,drawing_title_block,calc_pdf_p73,drawing,
TR-3579,DWG-TB-S071-006,DR-1420,drawing_title_block,calc_pdf_p73,drawing,
TR-3580,DWG-TB-S072-001,DR-1421,drawing_title_block,calc_pdf_p74,drawing,
TR-3581,DWG-TB-S072-002,DR-1422,drawing_title_block,calc_pdf_p74,drawing,
TR-3582,DWG-TB-S072-003,DR-1423,drawing_title_block,calc_pdf_p74,drawing,
TR-3583,DWG-TB-S072-004,DR-1424,drawing_title_block,calc_pdf_p74,drawing,
TR-3584,DWG-TB-S072-005,DR-1425,drawing_title_block,calc_pdf_p74,drawing,
TR-3585,DWG-TB-S072-006,DR-1426,drawing_title_block,calc_pdf_p74,drawing,
TR-3586,DWG-TB-S073-001,DR-1427,drawing_title_block,calc_pdf_p75,drawing,
TR-3587,DWG-TB-S073-002,DR-1428,drawing_title_block,calc_pdf_p75,drawing,
TR-3588,DWG-TB-S073-003,DR-1429,drawing_title_block,calc_pdf_p75,drawing,
TR-3589,DWG-TB-S073-004,DR-1430,drawing_title_block,calc_pdf_p75,drawing,
TR-3590,DWG-TB-S073-005,DR-1431,drawing_title_block,calc_pdf_p75,drawing,
TR-3591,DWG-TB-S073-006,DR-1432,drawing_title_block,calc_pdf_p75,drawing,
TR-3592,DWG-TB-S074-001,DR-1433,drawing_title_block,calc_pdf_p76,drawing,
TR-3593,DWG-TB-S074-002,DR-1434,drawing_title_block,calc_pdf_p76,drawing,
TR-3594,DWG-TB-S074-003,DR-1435,drawing_title_block,calc_pdf_p76,drawing,
TR-3595,DWG-TB-S074-004,DR-1436,drawing_title_block,calc_pdf_p76,drawing,
TR-3596,DWG-TB-S074-005,DR-1437,drawing_title_block,calc_pdf_p76,drawing,
TR-3597,DWG-TB-S074-006,DR-1438,drawing_title_block,calc_pdf_p76,drawing,
TR-3598,DWG-TB-S075-001,DR-1439,drawing_title_block,calc_pdf_p77,drawing,
TR-3599,DWG-TB-S075-002,DR-1440,drawing_title_block,calc_pdf_p77,drawing,
TR-3600,DWG-TB-S075-003,DR-1441,drawing_title_block,calc_pdf_p77,drawing,
TR-3601,DWG-TB-S075-004,DR-1442,drawing_title_block,calc_pdf_p77,drawing,
TR-3602,DWG-TB-S075-005,DR-1443,drawing_title_block,calc_pdf_p77,drawing,
TR-3603,DWG-TB-S075-006,DR-1444,drawing_title_block,calc_pdf_p77,drawing,
TR-3604,DWG-TB-S076-001,DR-1445,drawing_title_block,calc_pdf_p78,drawing,
TR-3605,DWG-TB-S076-002,DR-1446,drawing_title_block,calc_pdf_p78,drawing,
TR-3606,DWG-TB-S076-003,DR-1447,drawing_title_block,calc_pdf_p78,drawing,
TR-3607,DWG-TB-S076-004,DR-1448,drawing_title_block,calc_pdf_p78,drawing,
TR-3608,DWG-TB-S076-005,DR-1449,drawing_title_block,calc_pdf_p78,drawing,
TR-3609,DWG-TB-S076-006,DR-1450,drawing_title_block,calc_pdf_p78,drawing,
TR-3610,DWG-TB-S077-001,DR-1451,drawing_title_block,calc_pdf_p79,drawing,
TR-3611,DWG-TB-S077-002,DR-1452,drawing_title_block,calc_pdf_p79,drawing,
TR-3612,DWG-TB-S077-003,DR-1453,drawing_title_block,calc_pdf_p79,drawing,
TR-3613,DWG-TB-S077-004,DR-1454,drawing_title_block,calc_pdf_p79,drawing,
TR-3614,DWG-TB-S077-005,DR-1455,drawing_title_block,calc_pdf_p79,drawing,
TR-3615,DWG-TB-S077-006,DR-1456,drawing_title_block,calc_pdf_p79,drawing,
TR-3616,DWG-TB-S078-001,DR-1457,drawing_title_block,calc_pdf_p80,drawing,
TR-3617,DWG-TB-S078-002,DR-1458,drawing_title_block,calc_pdf_p80,drawing,
TR-3618,DWG-TB-S078-003,DR-1459,drawing_title_block,calc_pdf_p80,drawing,
TR-3619,DWG-TB-S078-004,DR-1460,drawing_title_block,calc_pdf_p80,drawing,
TR-3620,DWG-TB-S078-005,DR-1461,drawing_title_block,calc_pdf_p80,drawing,
TR-3621,DWG-TB-S078-006,DR-1462,drawing_title_block,calc_pdf_p80,drawing,
TR-3622,DWG-TB-S079-001,DR-1463,drawing_title_block,calc_pdf_p81,drawing,
TR-3623,DWG-TB-S079-002,DR-1464,drawing_title_block,calc_pdf_p81,drawing,
TR-3624,DWG-TB-S079-003,DR-1465,drawing_title_block,calc_pdf_p81,drawing,
TR-3625,DWG-TB-S079-004,DR-1466,drawing_title_block,calc_pdf_p81,drawing,
TR-3626,DWG-TB-S079-005,DR-1467,drawing_title_block,calc_pdf_p81,drawing,
TR-3627,DWG-TB-S079-006,DR-1468,drawing_title_block,calc_pdf_p81,drawing,
TR-3628,DWG-TB-S080-001,DR-1469,drawing_title_block,calc_pdf_p82,drawing,
TR-3629,DWG-TB-S080-002,DR-1470,drawing_title_block,calc_pdf_p82,drawing,
TR-3630,DWG-TB-S080-003,DR-1471,drawing_title_block,calc_pdf_p82,drawing,
TR-3631,DWG-TB-S080-004,DR-1472,drawing_title_block,calc_pdf_p82,drawing,
TR-3632,DWG-TB-S080-005,DR-1473,drawing_title_block,calc_pdf_p82,drawing,
TR-3633,DWG-TB-S080-006,DR-1474,drawing_title_block,calc_pdf_p82,drawing,
TR-3634,DWG-TB-S081-001,DR-1475,drawing_title_block,calc_pdf_p83,drawing,
TR-3635,DWG-TB-S081-002,DR-1476,drawing_title_block,calc_pdf_p83,drawing,
TR-3636,DWG-TB-S081-003,DR-1477,drawing_title_block,calc_pdf_p83,drawing,
TR-3637,DWG-TB-S081-004,DR-1478,drawing_title_block,calc_pdf_p83,drawing,
TR-3638,DWG-TB-S081-005,DR-1479,drawing_title_block,calc_pdf_p83,drawing,
TR-3639,DWG-TB-S081-006,DR-1480,drawing_title_block,calc_pdf_p83,drawing,
TR-3640,DWG-TB-S082-001,DR-1481,drawing_title_block,calc_pdf_p84,drawing,
TR-3641,DWG-TB-S082-002,DR-1482,drawing_title_block,calc_pdf_p84,drawing,
TR-3642,DWG-TB-S082-003,DR-1483,drawing_title_block,calc_pdf_p84,drawing,
TR-3643,DWG-TB-S082-004,DR-1484,drawing_title_block,calc_pdf_p84,drawing,
TR-3644,DWG-TB-S082-005,DR-1485,drawing_title_block,calc_pdf_p84,drawing,
TR-3645,DWG-TB-S082-006,DR-1486,drawing_title_block,calc_pdf_p84,drawing,
TR-3646,DWG-TB-S083-001,DR-1487,drawing_title_block,calc_pdf_p85,drawing,
TR-3647,DWG-TB-S083-002,DR-1488,drawing_title_block,calc_pdf_p85,drawing,
TR-3648,DWG-TB-S083-003,DR-1489,drawing_title_block,calc_pdf_p85,drawing,
TR-3649,DWG-TB-S083-004,DR-1490,drawing_title_block,calc_pdf_p85,drawing,
TR-3650,DWG-TB-S083-005,DR-1491,drawing_title_block,calc_pdf_p85,drawing,
TR-3651,DWG-TB-S083-006,DR-1492,drawing_title_block,calc_pdf_p85,drawing,
TR-3652,DWG-TB-S084-001,DR-1493,drawing_title_block,calc_pdf_p86,drawing,
TR-3653,DWG-TB-S084-002,DR-1494,drawing_title_block,calc_pdf_p86,drawing,
TR-3654,DWG-TB-S084-003,DR-1495,drawing_title_block,calc_pdf_p86,drawing,
TR-3655,DWG-TB-S084-004,DR-1496,drawing_title_block,calc_pdf_p86,drawing,
TR-3656,DWG-TB-S084-005,DR-1497,drawing_title_block,calc_pdf_p86,drawing,
TR-3657,DWG-TB-S085-001,DR-1498,drawing_title_block,calc_pdf_p87,drawing,
TR-3658,DWG-TB-S085-002,DR-1499,drawing_title_block,calc_pdf_p87,drawing,
TR-3659,DWG-TB-S085-003,DR-1500,drawing_title_block,calc_pdf_p87,drawing,
TR-3660,DWG-TB-S085-004,DR-1501,drawing_title_block,calc_pdf_p87,drawing,
TR-3661,DWG-TB-S085-005,DR-1502,drawing_title_block,calc_pdf_p87,drawing,
TR-3662,DWG-TB-S085-006,DR-1503,drawing_title_block,calc_pdf_p87,drawing,
TR-3663,DWG-TB-S086-001,DR-1504,drawing_title_block,calc_pdf_p88,drawing,
TR-3664,DWG-TB-S086-002,DR-1505,drawing_title_block,calc_pdf_p88,drawing,
TR-3665,DWG-TB-S086-003,DR-1506,drawing_title_block,calc_pdf_p88,drawing,
TR-3666,DWG-TB-S086-004,DR-1507,drawing_title_block,calc_pdf_p88,drawing,
TR-3667,DWG-TB-S086-005,DR-1508,drawing_title_block,calc_pdf_p88,drawing,
TR-3668,DWG-TB-S086-006,DR-1509,drawing_title_block,calc_pdf_p88,drawing,
TR-3669,DWG-TB-S087-001,DR-1510,drawing_title_block,calc_pdf_p89,drawing,
TR-3670,DWG-TB-S087-002,DR-1511,drawing_title_block,calc_pdf_p89,drawing,
TR-3671,DWG-TB-S087-003,DR-1512,drawing_title_block,calc_pdf_p89,drawing,
TR-3672,DWG-TB-S087-004,DR-1513,drawing_title_block,calc_pdf_p89,drawing,
TR-3673,DWG-TB-S087-005,DR-1514,drawing_title_block,calc_pdf_p89,drawing,
TR-3674,DWG-TB-S087-006,DR-1515,drawing_title_block,calc_pdf_p89,drawing,
TR-3675,DWG-TB-S088-001,DR-1516,drawing_title_block,calc_pdf_p90,drawing,
TR-3676,DWG-TB-S088-002,DR-1517,drawing_title_block,calc_pdf_p90,drawing,
TR-3677,DWG-TB-S088-003,DR-1518,drawing_title_block,calc_pdf_p90,drawing,
TR-3678,DWG-TB-S088-004,DR-1519,drawing_title_block,calc_pdf_p90,drawing,
TR-3679,DWG-TB-S088-005,DR-1520,drawing_title_block,calc_pdf_p90,drawing,
TR-3680,DWG-TB-S088-006,DR-1521,drawing_title_block,calc_pdf_p90,drawing,
TR-3681,DWG-TB-S089-001,DR-1695,drawing_title_block,calc_pdf_p91,drawing,
TR-3682,DWG-TB-S089-002,DR-1696,drawing_title_block,calc_pdf_p91,drawing,
TR-3683,DWG-TB-S089-003,DR-1697,drawing_title_block,calc_pdf_p91,drawing,
TR-3684,DWG-TB-S089-004,DR-1698,drawing_title_block,calc_pdf_p91,drawing,
TR-3685,DWG-TB-S090-001,DR-1699,drawing_title_block,calc_pdf_p92,drawing,
TR-3686,DWG-TB-S090-002,DR-1700,drawing_title_block,calc_pdf_p92,drawing,
TR-3687,DWG-TB-S090-003,DR-1701,drawing_title_block,calc_pdf_p92,drawing,
TR-3688,DWG-TB-S090-004,DR-1702,drawing_title_block,calc_pdf_p92,drawing,
TR-3689,DWG-TB-S091-001,DR-1703,drawing_title_block,calc_pdf_p93,drawing,
TR-3690,DWG-TB-S091-002,DR-1704,drawing_title_block,calc_pdf_p93,drawing,
TR-3691,DWG-TB-S091-003,DR-1705,drawing_title_block,calc_pdf_p93,drawing,
TR-3692,DWG-TB-S091-004,DR-1706,drawing_title_block,calc_pdf_p93,drawing,
TR-3693,DWG-TB-S092-001,DR-1707,drawing_title_block,calc_pdf_p94,drawing,
TR-3694,DWG-TB-S092-002,DR-1708,drawing_title_block,calc_pdf_p94,drawing,
TR-3695,DWG-TB-S092-003,DR-1709,drawing_title_block,calc_pdf_p94,drawing,
TR-3696,DWG-TB-S092-004,DR-1710,drawing_title_block,calc_pdf_p94,drawing,
TR-3697,DWG-TB-S093-001,DR-1711,drawing_title_block,calc_pdf_p95,drawing,
TR-3698,DWG-TB-S093-002,DR-1712,drawing_title_block,calc_pdf_p95,drawing,
TR-3699,DWG-TB-S093-003,DR-1713,drawing_title_block,calc_pdf_p95,drawing,
TR-3700,DWG-TB-S093-004,DR-1714,drawing_title_block,calc_pdf_p95,drawing,
TR-3701,DWG-TB-S094-001,DR-1715,drawing_title_block,calc_pdf_p96,drawing,
TR-3702,DWG-TB-S094-002,DR-1716,drawing_title_block,calc_pdf_p96,drawing,
TR-3703,DWG-TB-S094-003,DR-1717,drawing_title_block,calc_pdf_p96,drawing,
TR-3704,DWG-TB-S094-004,DR-1718,drawing_title_block,calc_pdf_p96,drawing,
TR-3705,DWG-TB-S095-001,DR-1719,drawing_title_block,calc_pdf_p97,drawing,
TR-3706,DWG-TB-S095-002,DR-1720,drawing_title_block,calc_pdf_p97,drawing,
TR-3707,DWG-TB-S095-003,DR-1721,drawing_title_block,calc_pdf_p97,drawing,
TR-3708,DWG-TB-S095-004,DR-1722,drawing_title_block,calc_pdf_p97,drawing,
TR-3709,DWG-TB-S096-001,DR-1723,drawing_title_block,calc_pdf_p98,drawing,
TR-3710,DWG-TB-S096-002,DR-1724,drawing_title_block,calc_pdf_p98,drawing,
TR-3711,DWG-TB-S096-003,DR-1725,drawing_title_block,calc_pdf_p98,drawing,
TR-3712,DWG-TB-S096-004,DR-1726,drawing_title_block,calc_pdf_p98,drawing,
TR-3713,DWG-TB-S097-001,DR-1727,drawing_title_block,calc_pdf_p99,drawing,
TR-3714,DWG-TB-S097-002,DR-1728,drawing_title_block,calc_pdf_p99,drawing,
TR-3715,DWG-TB-S097-003,DR-1729,drawing_title_block,calc_pdf_p99,drawing,
TR-3716,DWG-TB-S097-004,DR-1730,drawing_title_block,calc_pdf_p99,drawing,
TR-3717,DWG-TB-S098-001,DR-1731,drawing_title_block,calc_pdf_p100,drawing,
TR-3718,DWG-TB-S098-002,DR-1732,drawing_title_block,calc_pdf_p100,drawing,
TR-3719,DWG-TB-S098-003,DR-1733,drawing_title_block,calc_pdf_p100,drawing,
TR-3720,DWG-TB-S098-004,DR-1734,drawing_title_block,calc_pdf_p100,drawing,
TR-3721,DWG-TB-S099-001,DR-1735,drawing_title_block,calc_pdf_p101,drawing,
TR-3722,DWG-TB-S099-002,DR-1736,drawing_title_block,calc_pdf_p101,drawing,
TR-3723,DWG-TB-S099-003,DR-1737,drawing_title_block,calc_pdf_p101,drawing,
TR-3724,DWG-TB-S099-004,DR-1738,drawing_title_block,calc_pdf_p101,drawing,
TR-3725,DWG-TB-S100-001,DR-1739,drawing_title_block,calc_pdf_p102,drawing,
TR-3726,DWG-TB-S100-002,DR-1740,drawing_title_block,calc_pdf_p102,drawing,
TR-3727,DWG-TB-S100-003,DR-1741,drawing_title_block,calc_pdf_p102,drawing,
TR-3728,DWG-TB-S100-004,DR-1742,drawing_title_block,calc_pdf_p102,drawing,
TR-3729,DWG-TB-S101-001,DR-1743,drawing_title_block,calc_pdf_p103,drawing,
TR-3730,DWG-TB-S101-002,DR-1744,drawing_title_block,calc_pdf_p103,drawing,
TR-3731,DWG-TB-S101-003,DR-1745,drawing_title_block,calc_pdf_p103,drawing,
TR-3732,DWG-TB-S101-004,DR-1746,drawing_title_block,calc_pdf_p103,drawing,
TR-3733,DWG-TB-S102-001,DR-1747,drawing_title_block,calc_pdf_p104,drawing,
TR-3734,DWG-TB-S102-002,DR-1748,drawing_title_block,calc_pdf_p104,drawing,
TR-3735,DWG-TB-S102-003,DR-1749,drawing_title_block,calc_pdf_p104,drawing,
TR-3736,DWG-TB-S102-004,DR-1750,drawing_title_block,calc_pdf_p104,drawing,
TR-3737,DWG-TB-S103-001,DR-1751,drawing_title_block,calc_pdf_p105,drawing,
TR-3738,DWG-TB-S103-002,DR-1752,drawing_title_block,calc_pdf_p105,drawing,
TR-3739,DWG-TB-S103-003,DR-1753,drawing_title_block,calc_pdf_p105,drawing,
TR-3740,DWG-TB-S103-004,DR-1754,drawing_title_block,calc_pdf_p105,drawing,
TR-3741,DWG-TB-S104-001,DR-1755,drawing_title_block,calc_pdf_p106,drawing,
TR-3742,DWG-TB-S104-002,DR-1756,drawing_title_block,calc_pdf_p106,drawing,
TR-3743,DWG-TB-S104-003,DR-1757,drawing_title_block,calc_pdf_p106,drawing,
TR-3744,DWG-TB-S104-004,DR-1758,drawing_title_block,calc_pdf_p106,drawing,
TR-3745,DWG-TB-S105-001,DR-1759,drawing_title_block,calc_pdf_p107,drawing,
TR-3746,DWG-TB-S105-002,DR-1760,drawing_title_block,calc_pdf_p107,drawing,
TR-3747,DWG-TB-S105-003,DR-1761,drawing_title_block,calc_pdf_p107,drawing,
TR-3748,DWG-TB-S105-004,DR-1762,drawing_title_block,calc_pdf_p107,drawing,
TR-3749,DWG-TB-S106-001,DR-1763,drawing_title_block,calc_pdf_p108,drawing,
TR-3750,DWG-TB-S106-002,DR-1764,drawing_title_block,calc_pdf_p108,drawing,
TR-3751,DWG-TB-S106-003,DR-1765,drawing_title_block,calc_pdf_p108,drawing,
TR-3752,DWG-TB-S106-004,DR-1766,drawing_title_block,calc_pdf_p108,drawing,
TR-3753,DWG-TB-S107-001,DR-1767,drawing_title_block,calc_pdf_p109,drawing,
TR-3754,DWG-TB-S107-002,DR-1768,drawing_title_block,calc_pdf_p109,drawing,
TR-3755,DWG-TB-S107-003,DR-1769,drawing_title_block,calc_pdf_p109,drawing,
TR-3756,DWG-TB-S107-004,DR-1770,drawing_title_block,calc_pdf_p109,drawing,
TR-3757,DWG-TB-S108-001,DR-1771,drawing_title_block,calc_pdf_p110,drawing,
TR-3758,DWG-TB-S108-002,DR-1772,drawing_title_block,calc_pdf_p110,drawing,
TR-3759,DWG-TB-S108-003,DR-1773,drawing_title_block,calc_pdf_p110,drawing,
TR-3760,DWG-TB-S108-004,DR-1774,drawing_title_block,calc_pdf_p110,drawing,
TR-3761,DWG-TB-S109-001,DR-1775,drawing_title_block,calc_pdf_p111,drawing,
TR-3762,DWG-TB-S109-002,DR-1776,drawing_title_block,calc_pdf_p111,drawing,
TR-3763,DWG-TB-S109-003,DR-1777,drawing_title_block,calc_pdf_p111,drawing,
TR-3764,DWG-TB-S109-004,DR-1778,drawing_title_block,calc_pdf_p111,drawing,
TR-3765,DWG-TB-S110-001,DR-1779,drawing_title_block,calc_pdf_p112,drawing,
TR-3766,DWG-TB-S110-002,DR-1780,drawing_title_block,calc_pdf_p112,drawing,
TR-3767,DWG-TB-S110-003,DR-1781,drawing_title_block,calc_pdf_p112,drawing,
TR-3768,DWG-TB-S110-004,DR-1782,drawing_title_block,calc_pdf_p112,drawing,
TR-3769,DWG-TB-S111-001,DR-1783,drawing_title_block,calc_pdf_p113,drawing,
TR-3770,DWG-TB-S111-002,DR-1784,drawing_title_block,calc_pdf_p113,drawing,
TR-3771,DWG-TB-S111-003,DR-1785,drawing_title_block,calc_pdf_p113,drawing,
TR-3772,DWG-TB-S111-004,DR-1786,drawing_title_block,calc_pdf_p113,drawing,
TR-3773,DWG-TB-S112-001,DR-1787,drawing_title_block,calc_pdf_p114,drawing,
TR-3774,DWG-TB-S112-002,DR-1788,drawing_title_block,calc_pdf_p114,drawing,
TR-3775,DWG-TB-S112-003,DR-1789,drawing_title_block,calc_pdf_p114,drawing,
TR-3776,DWG-TB-S112-004,DR-1790,drawing_title_block,calc_pdf_p114,drawing,
TR-3777,DWG-TB-S113-001,DR-1791,drawing_title_block,calc_pdf_p115,drawing,
TR-3778,DWG-TB-S113-002,DR-1792,drawing_title_block,calc_pdf_p115,drawing,
TR-3779,DWG-TB-S113-003,DR-1793,drawing_title_block,calc_pdf_p115,drawing,
TR-3780,DWG-TB-S113-004,DR-1794,drawing_title_block,calc_pdf_p115,drawing,
TR-3781,DWG-TB-S114-001,DR-1795,drawing_title_block,calc_pdf_p116,drawing,
TR-3782,DWG-TB-S114-002,DR-1796,drawing_title_block,calc_pdf_p116,drawing,
TR-3783,DWG-TB-S114-003,DR-1797,drawing_title_block,calc_pdf_p116,drawing,
TR-3784,DWG-TB-S114-004,DR-1798,drawing_title_block,calc_pdf_p116,drawing,
TR-3785,DWG-TB-S115-001,DR-1799,drawing_title_block,calc_pdf_p117,drawing,
TR-3786,DWG-TB-S115-002,DR-1800,drawing_title_block,calc_pdf_p117,drawing,
TR-3787,DWG-TB-S115-003,DR-1801,drawing_title_block,calc_pdf_p117,drawing,
TR-3788,DWG-TB-S115-004,DR-1802,drawing_title_block,calc_pdf_p117,drawing,
TR-3789,DWG-TB-S116-001,DR-1803,drawing_title_block,calc_pdf_p118,drawing,
TR-3790,DWG-TB-S116-002,DR-1804,drawing_title_block,calc_pdf_p118,drawing,
TR-3791,DWG-TB-S116-003,DR-1805,drawing_title_block,calc_pdf_p118,drawing,
TR-3792,DWG-TB-S116-004,DR-1806,drawing_title_block,calc_pdf_p118,drawing,
TR-3793,DWG-TB-S117-001,DR-1807,drawing_title_block,calc_pdf_p119,drawing,
TR-3794,DWG-TB-S117-002,DR-1808,drawing_title_block,calc_pdf_p119,drawing,
TR-3795,DWG-TB-S117-003,DR-1809,drawing_title_block,calc_pdf_p119,drawing,
TR-3796,DWG-TB-S117-004,DR-1810,drawing_title_block,calc_pdf_p119,drawing,
TR-3797,DWG-TB-S118-001,DR-1811,drawing_title_block,calc_pdf_p120,drawing,
TR-3798,DWG-TB-S118-002,DR-1812,drawing_title_block,calc_pdf_p120,drawing,
TR-3799,DWG-TB-S118-003,DR-1813,drawing_title_block,calc_pdf_p120,drawing,
TR-3800,DWG-TB-S118-004,DR-1814,drawing_title_block,calc_pdf_p120,drawing,
TR-3801,DWG-TB-S119-001,DR-1815,drawing_title_block,calc_pdf_p121,drawing,
TR-3802,DWG-TB-S119-002,DR-1816,drawing_title_block,calc_pdf_p121,drawing,
TR-3803,DWG-TB-S119-003,DR-1817,drawing_title_block,calc_pdf_p121,drawing,
TR-3804,DWG-TB-S119-004,DR-1818,drawing_title_block,calc_pdf_p121,drawing,
TR-3805,DWG-TB-S120-001,DR-1819,drawing_title_block,calc_pdf_p122,drawing,
TR-3806,DWG-TB-S120-002,DR-1820,drawing_title_block,calc_pdf_p122,drawing,
TR-3807,DWG-TB-S120-003,DR-1821,drawing_title_block,calc_pdf_p122,drawing,
TR-3808,DWG-TB-S120-004,DR-1822,drawing_title_block,calc_pdf_p122,drawing,
TR-3809,DWG-TB-S121-001,DR-1823,drawing_title_block,calc_pdf_p123,drawing,
TR-3810,DWG-TB-S121-002,DR-1824,drawing_title_block,calc_pdf_p123,drawing,
TR-3811,DWG-TB-S121-003,DR-1825,drawing_title_block,calc_pdf_p123,drawing,
TR-3812,DWG-TB-S121-004,DR-1826,drawing_title_block,calc_pdf_p123,drawing,
TR-3813,DWG-TB-S122-001,DR-1827,drawing_title_block,calc_pdf_p124,drawing,
TR-3814,DWG-TB-S122-002,DR-1828,drawing_title_block,calc_pdf_p124,drawing,
TR-3815,DWG-TB-S122-003,DR-1829,drawing_title_block,calc_pdf_p124,drawing,
TR-3816,DWG-TB-S122-004,DR-1830,drawing_title_block,calc_pdf_p124,drawing,
TR-3817,DWG-TB-S123-001,DR-1831,drawing_title_block,calc_pdf_p125,drawing,
TR-3818,DWG-TB-S123-002,DR-1832,drawing_title_block,calc_pdf_p125,drawing,
TR-3819,DWG-TB-S123-003,DR-1833,drawing_title_block,calc_pdf_p125,drawing,
TR-3820,DWG-TB-S123-004,DR-1834,drawing_title_block,calc_pdf_p125,drawing,
TR-3821,DWG-TB-S124-001,DR-1835,drawing_title_block,calc_pdf_p126,drawing,
TR-3822,DWG-TB-S124-002,DR-1836,drawing_title_block,calc_pdf_p126,drawing,
TR-3823,DWG-TB-S124-003,DR-1837,drawing_title_block,calc_pdf_p126,drawing,
TR-3824,DWG-TB-S124-004,DR-1838,drawing_title_block,calc_pdf_p126,drawing,
TR-3825,DWG-TB-S125-001,DR-1839,drawing_title_block,calc_pdf_p127,drawing,
TR-3826,DWG-TB-S125-002,DR-1840,drawing_title_block,calc_pdf_p127,drawing,
TR-3827,DWG-TB-S125-003,DR-1841,drawing_title_block,calc_pdf_p127,drawing,
TR-3828,DWG-TB-S125-004,DR-1842,drawing_title_block,calc_pdf_p127,drawing,
TR-3829,DWG-TB-S126-001,DR-1843,drawing_title_block,calc_pdf_p128,drawing,
TR-3830,DWG-TB-S126-002,DR-1844,drawing_title_block,calc_pdf_p128,drawing,
TR-3831,DWG-TB-S126-003,DR-1845,drawing_title_block,calc_pdf_p128,drawing,
TR-3832,DWG-TB-S126-004,DR-1846,drawing_title_block,calc_pdf_p128,drawing,
TR-3833,DWG-TB-S127-001,DR-1847,drawing_title_block,calc_pdf_p129,drawing,
TR-3834,DWG-TB-S127-002,DR-1848,drawing_title_block,calc_pdf_p129,drawing,
TR-3835,DWG-TB-S127-003,DR-1849,drawing_title_block,calc_pdf_p129,drawing,
TR-3836,DWG-TB-S127-004,DR-1850,drawing_title_block,calc_pdf_p129,drawing,
TR-3837,DWG-TB-S128-001,DR-1851,drawing_title_block,calc_pdf_p130,drawing,
TR-3838,DWG-TB-S128-002,DR-1852,drawing_title_block,calc_pdf_p130,drawing,
TR-3839,DWG-TB-S128-003,DR-1853,drawing_title_block,calc_pdf_p130,drawing,
TR-3840,DWG-TB-S128-004,DR-1854,drawing_title_block,calc_pdf_p130,drawing,
TR-3841,DWG-TB-S129-001,DR-1855,drawing_title_block,calc_pdf_p131,drawing,
TR-3842,DWG-TB-S129-002,DR-1856,drawing_title_block,calc_pdf_p131,drawing,
TR-3843,DWG-TB-S129-003,DR-1857,drawing_title_block,calc_pdf_p131,drawing,
TR-3844,DWG-TB-S129-004,DR-1858,drawing_title_block,calc_pdf_p131,drawing,
TR-3845,DWG-TB-S130-001,DR-1859,drawing_title_block,calc_pdf_p132,drawing,
TR-3846,DWG-TB-S130-002,DR-1860,drawing_title_block,calc_pdf_p132,drawing,
TR-3847,DWG-TB-S130-003,DR-1861,drawing_title_block,calc_pdf_p132,drawing,
TR-3848,DWG-TB-S130-004,DR-1862,drawing_title_block,calc_pdf_p132,drawing,
TR-3849,DWG-TB-S131-001,DR-1863,drawing_title_block,calc_pdf_p133,drawing,
TR-3850,DWG-TB-S131-002,DR-1864,drawing_title_block,calc_pdf_p133,drawing,
TR-3851,DWG-TB-S131-003,DR-1865,drawing_title_block,calc_pdf_p133,drawing,
TR-3852,DWG-TB-S131-004,DR-1866,drawing_title_block,calc_pdf_p133,drawing,
TR-3853,DWG-TB-S132-001,DR-1867,drawing_title_block,calc_pdf_p134,drawing,
TR-3854,DWG-TB-S132-002,DR-1868,drawing_title_block,calc_pdf_p134,drawing,
TR-3855,DWG-TB-S132-003,DR-1869,drawing_title_block,calc_pdf_p134,drawing,
TR-3856,DWG-TB-S132-004,DR-1870,drawing_title_block,calc_pdf_p134,drawing,
TR-3857,DWG-TB-S133-001,DR-1871,drawing_title_block,calc_pdf_p135,drawing,
TR-3858,DWG-TB-S133-002,DR-1872,drawing_title_block,calc_pdf_p135,drawing,
TR-3859,DWG-TB-S133-003,DR-1873,drawing_title_block,calc_pdf_p135,drawing,
TR-3860,DWG-TB-S133-004,DR-1874,drawing_title_block,calc_pdf_p135,drawing,
TR-3861,DWG-TB-S134-001,DR-1875,drawing_title_block,calc_pdf_p136,drawing,
TR-3862,DWG-TB-S134-002,DR-1876,drawing_title_block,calc_pdf_p136,drawing,
TR-3863,DWG-TB-S134-003,DR-1877,drawing_title_block,calc_pdf_p136,drawing,
TR-3864,DWG-TB-S134-004,DR-1878,drawing_title_block,calc_pdf_p136,drawing,
TR-3865,DWG-TB-S135-001,DR-1879,drawing_title_block,calc_pdf_p137,drawing,
TR-3866,DWG-TB-S135-002,DR-1880,drawing_title_block,calc_pdf_p137,drawing,
TR-3867,DWG-TB-S135-003,DR-1881,drawing_title_block,calc_pdf_p137,drawing,
TR-3868,DWG-TB-S135-004,DR-1882,drawing_title_block,calc_pdf_p137,drawing,
TR-3869,DWG-TB-S136-001,DR-1883,drawing_title_block,calc_pdf_p138,drawing,
TR-3870,DWG-TB-S136-002,DR-1884,drawing_title_block,calc_pdf_p138,drawing,
TR-3871,DWG-TB-S136-003,DR-1885,drawing_title_block,calc_pdf_p138,drawing,
TR-3872,DWG-TB-S136-004,DR-1886,drawing_title_block,calc_pdf_p138,drawing,
TR-3873,DWG-TB-S137-001,DR-1887,drawing_title_block,calc_pdf_p139,drawing,
TR-3874,DWG-TB-S137-002,DR-1888,drawing_title_block,calc_pdf_p139,drawing,
TR-3875,DWG-TB-S137-003,DR-1889,drawing_title_block,calc_pdf_p139,drawing,
TR-3876,DWG-TB-S137-004,DR-1890,drawing_title_block,calc_pdf_p139,drawing,
TR-3877,DWG-TB-S138-001,DR-1891,drawing_title_block,calc_pdf_p140,drawing,
TR-3878,DWG-TB-S138-002,DR-1892,drawing_title_block,calc_pdf_p140,drawing,
TR-3879,DWG-TB-S138-003,DR-1893,drawing_title_block,calc_pdf_p140,drawing,
TR-3880,DWG-TB-S138-004,DR-1894,drawing_title_block,calc_pdf_p140,drawing,
TR-3881,DWG-TB-S139-001,DR-1895,drawing_title_block,calc_pdf_p141,drawing,
TR-3882,DWG-TB-S139-002,DR-1896,drawing_title_block,calc_pdf_p141,drawing,
TR-3883,DWG-TB-S139-003,DR-1897,drawing_title_block,calc_pdf_p141,drawing,
TR-3884,DWG-TB-S139-004,DR-1898,drawing_title_block,calc_pdf_p141,drawing,
TR-3885,DWG-TB-S140-001,DR-1899,drawing_title_block,calc_pdf_p142,drawing,
TR-3886,DWG-TB-S140-002,DR-1900,drawing_title_block,calc_pdf_p142,drawing,
TR-3887,DWG-TB-S140-003,DR-1901,drawing_title_block,calc_pdf_p142,drawing,
TR-3888,DWG-TB-S140-004,DR-1902,drawing_title_block,calc_pdf_p142,drawing,
TR-3889,DWG-TB-S089-005,DR-1903,drawing_title_block,calc_pdf_p91,drawing,
TR-3890,DWG-TB-S090-005,DR-1904,drawing_title_block,calc_pdf_p92,drawing,
TR-3891,DWG-TB-S091-005,DR-1905,drawing_title_block,calc_pdf_p93,drawing,
TR-3892,DWG-TB-S092-005,DR-1906,drawing_title_block,calc_pdf_p94,drawing,
TR-3893,DWG-TB-S093-005,DR-1907,drawing_title_block,calc_pdf_p95,drawing,
TR-3894,DWG-TB-S094-005,DR-1908,drawing_title_block,calc_pdf_p96,drawing,
TR-3895,DWG-TB-S095-005,DR-1909,drawing_title_block,calc_pdf_p97,drawing,
TR-3896,DWG-TB-S096-005,DR-1910,drawing_title_block,calc_pdf_p98,drawing,
TR-3897,DWG-TB-S097-005,DR-1911,drawing_title_block,calc_pdf_p99,drawing,
TR-3898,DWG-TB-S098-005,DR-1912,drawing_title_block,calc_pdf_p100,drawing,
TR-3899,DWG-TB-S099-005,DR-1913,drawing_title_block,calc_pdf_p101,drawing,
TR-3900,DWG-TB-S100-005,DR-1914,drawing_title_block,calc_pdf_p102,drawing,
TR-3901,DWG-TB-S101-005,DR-1915,drawing_title_block,calc_pdf_p103,drawing,
TR-3902,DWG-TB-S102-005,DR-1916,drawing_title_block,calc_pdf_p104,drawing,
TR-3903,DWG-TB-S103-005,DR-1917,drawing_title_block,calc_pdf_p105,drawing,
TR-3904,DWG-TB-S104-005,DR-1918,drawing_title_block,calc_pdf_p106,drawing,
TR-3905,DWG-TB-S105-005,DR-1919,drawing_title_block,calc_pdf_p107,drawing,
TR-3906,DWG-TB-S106-005,DR-1920,drawing_title_block,calc_pdf_p108,drawing,
TR-3907,DWG-TB-S107-005,DR-1921,drawing_title_block,calc_pdf_p109,drawing,
TR-3908,DWG-TB-S108-005,DR-1922,drawing_title_block,calc_pdf_p110,drawing,
TR-3909,DWG-TB-S109-005,DR-1923,drawing_title_block,calc_pdf_p111,drawing,
TR-3910,DWG-TB-S110-005,DR-1924,drawing_title_block,calc_pdf_p112,drawing,
TR-3911,DWG-TB-S111-005,DR-1925,drawing_title_block,calc_pdf_p113,drawing,
TR-3912,DWG-TB-S112-005,DR-1926,drawing_title_block,calc_pdf_p114,drawing,
TR-3913,DWG-TB-S113-005,DR-1927,drawing_title_block,calc_pdf_p115,drawing,
TR-3914,DWG-TB-S114-005,DR-1928,drawing_title_block,calc_pdf_p116,drawing,
TR-3915,DWG-TB-S115-005,DR-1929,drawing_title_block,calc_pdf_p117,drawing,
TR-3916,DWG-TB-S116-005,DR-1930,drawing_title_block,calc_pdf_p118,drawing,
TR-3917,DWG-TB-S117-005,DR-1931,drawing_title_block,calc_pdf_p119,drawing,
TR-3918,DWG-TB-S118-005,DR-1932,drawing_title_block,calc_pdf_p120,drawing,
TR-3919,DWG-TB-S119-005,DR-1933,drawing_title_block,calc_pdf_p121,drawing,
TR-3920,DWG-TB-S120-005,DR-1934,drawing_title_block,calc_pdf_p122,drawing,
TR-3921,DWG-TB-S121-005,DR-1935,drawing_title_block,calc_pdf_p123,drawing,
TR-3922,DWG-TB-S122-005,DR-1936,drawing_title_block,calc_pdf_p124,drawing,
TR-3923,DWG-TB-S123-005,DR-1937,drawing_title_block,calc_pdf_p125,drawing,
TR-3924,DWG-TB-S124-005,DR-1938,drawing_title_block,calc_pdf_p126,drawing,
TR-3925,DWG-TB-S125-005,DR-1939,drawing_title_block,calc_pdf_p127,drawing,
TR-3926,DWG-TB-S126-005,DR-1940,drawing_title_block,calc_pdf_p128,drawing,
TR-3927,DWG-TB-S127-005,DR-1941,drawing_title_block,calc_pdf_p129,drawing,
TR-3928,DWG-TB-S128-005,DR-1942,drawing_title_block,calc_pdf_p130,drawing,
TR-3929,DWG-TB-S129-005,DR-1943,drawing_title_block,calc_pdf_p131,drawing,
TR-3930,DWG-TB-S130-005,DR-1944,drawing_title_block,calc_pdf_p132,drawing,
TR-3931,DWG-TB-S131-005,DR-1945,drawing_title_block,calc_pdf_p133,drawing,
TR-3932,DWG-TB-S132-005,DR-1946,drawing_title_block,calc_pdf_p134,drawing,
TR-3933,DWG-TB-S133-005,DR-1947,drawing_title_block,calc_pdf_p135,drawing,
TR-3934,DWG-TB-S134-005,DR-1948,drawing_title_block,calc_pdf_p136,drawing,
TR-3935,DWG-TB-S135-005,DR-1949,drawing_title_block,calc_pdf_p137,drawing,
TR-3936,DWG-TB-S136-005,DR-1950,drawing_title_block,calc_pdf_p138,drawing,
TR-3937,DWG-TB-S137-005,DR-1951,drawing_title_block,calc_pdf_p139,drawing,
TR-3938,DWG-TB-S138-005,DR-1952,drawing_title_block,calc_pdf_p140,drawing,
TR-3939,DWG-TB-S139-005,DR-1953,drawing_title_block,calc_pdf_p141,drawing,
TR-3940,DWG-TB-S140-005,DR-1954,drawing_title_block,calc_pdf_p142,drawing,
TR-3941,DWG-TB-S141-001,DR-1955,drawing_title_block,calc_pdf_p143,drawing,
TR-3942,DWG-TB-S141-002,DR-1956,drawing_title_block,calc_pdf_p143,drawing,
TR-3943,TB01,DR-2052,drawing_unread_resolution,calc_pdf_p143,drawing,
TR-3944,TB02,DR-2053,drawing_unread_resolution,calc_pdf_p143,drawing,
TR-3945,TB03,DR-2054,drawing_unread_resolution,calc_pdf_p143,drawing,
TR-3946,TB04,DR-2055,drawing_unread_resolution,calc_pdf_p143,drawing,
TR-3947,TB05,DR-2056,drawing_unread_resolution,calc_pdf_p143,drawing,
TR-3948,TB06,DR-2057,drawing_unread_resolution,calc_pdf_p143,drawing,
TR-3949,TB07,DR-2058,drawing_unread_resolution,calc_pdf_p143,drawing,
TR-3950,TB08,DR-2059,drawing_unread_resolution,calc_pdf_p143,drawing,
TR-3951,DWG-VW-S001-001,DR-142,drawing_view,calc_pdf_p3,drawing,
TR-3952,DWG-VW-S002-001,DR-143,drawing_view,calc_pdf_p4,drawing,
TR-3953,DWG-VW-S002-002,DR-144,drawing_view,calc_pdf_p4,drawing,
TR-3954,DWG-VW-S003-001,DR-145,drawing_view,calc_pdf_p5,drawing,
TR-3955,DWG-VW-S003-002,DR-146,drawing_view,calc_pdf_p5,drawing,
TR-3956,DWG-VW-S004-001,DR-147,drawing_view,calc_pdf_p6,drawing,
TR-3957,DWG-VW-S004-002,DR-148,drawing_view,calc_pdf_p6,drawing,
TR-3958,DWG-VW-S005-001,DR-149,drawing_view,calc_pdf_p7,drawing,
TR-3959,DWG-VW-S006-001,DR-150,drawing_view,calc_pdf_p8,drawing,
TR-3960,DWG-VW-S006-002,DR-151,drawing_view,calc_pdf_p8,drawing,
TR-3961,DWG-VW-S006-003,DR-152,drawing_view,calc_pdf_p8,drawing,
TR-3962,DWG-VW-S007-001,DR-153,drawing_view,calc_pdf_p9,drawing,
TR-3963,DWG-VW-S007-002,DR-154,drawing_view,calc_pdf_p9,drawing,
TR-3964,DWG-VW-S007-003,DR-155,drawing_view,calc_pdf_p9,drawing,
TR-3965,DWG-VW-S008-001,DR-156,drawing_view,calc_pdf_p10,drawing,
TR-3966,DWG-VW-S008-002,DR-157,drawing_view,calc_pdf_p10,drawing,
TR-3967,DWG-VW-S009-001,DR-158,drawing_view,calc_pdf_p11,drawing,
TR-3968,DWG-VW-S010-001,DR-159,drawing_view,calc_pdf_p12,drawing,
TR-3969,DWG-VW-S010-002,DR-160,drawing_view,calc_pdf_p12,drawing,
TR-3970,DWG-VW-S011-001,DR-161,drawing_view,calc_pdf_p13,drawing,
TR-3971,DWG-VW-S011-002,DR-162,drawing_view,calc_pdf_p13,drawing,
TR-3972,DWG-VW-S012-001,DR-163,drawing_view,calc_pdf_p14,drawing,
TR-3973,DWG-VW-S012-002,DR-164,drawing_view,calc_pdf_p14,drawing,
TR-3974,DWG-VW-S013-001,DR-165,drawing_view,calc_pdf_p15,drawing,
TR-3975,DWG-VW-S013-002,DR-166,drawing_view,calc_pdf_p15,drawing,
TR-3976,DWG-VW-S014-001,DR-167,drawing_view,calc_pdf_p16,drawing,
TR-3977,DWG-VW-S014-002,DR-168,drawing_view,calc_pdf_p16,drawing,
TR-3978,DWG-VW-S015-001,DR-169,drawing_view,calc_pdf_p17,drawing,
TR-3979,DWG-VW-S015-002,DR-170,drawing_view,calc_pdf_p17,drawing,
TR-3980,DWG-VW-S016-001,DR-171,drawing_view,calc_pdf_p18,drawing,
TR-3981,DWG-VW-S016-002,DR-172,drawing_view,calc_pdf_p18,drawing,
TR-3982,DWG-VW-S017-001,DR-173,drawing_view,calc_pdf_p19,drawing,
TR-3983,DWG-VW-S017-002,DR-174,drawing_view,calc_pdf_p19,drawing,
TR-3984,DWG-VW-S018-001,DR-175,drawing_view,calc_pdf_p20,drawing,
TR-3985,DWG-VW-S018-002,DR-176,drawing_view,calc_pdf_p20,drawing,
TR-3986,DWG-VW-S019-001,DR-177,drawing_view,calc_pdf_p21,drawing,
TR-3987,DWG-VW-S020-001,DR-178,drawing_view,calc_pdf_p22,drawing,
TR-3988,DWG-VW-S020-002,DR-179,drawing_view,calc_pdf_p22,drawing,
TR-3989,DWG-VW-S021-001,DR-180,drawing_view,calc_pdf_p23,drawing,
TR-3990,DWG-VW-S021-002,DR-181,drawing_view,calc_pdf_p23,drawing,
TR-3991,DWG-VW-S022-001,DR-182,drawing_view,calc_pdf_p24,drawing,
TR-3992,DWG-VW-S023-001,DR-183,drawing_view,calc_pdf_p25,drawing,
TR-3993,DWG-VW-S024-001,DR-184,drawing_view,calc_pdf_p26,drawing,
TR-3994,DWG-VW-S025-001,DR-185,drawing_view,calc_pdf_p27,drawing,
TR-3995,DWG-VW-S026-001,DR-186,drawing_view,calc_pdf_p28,drawing,
TR-3996,DWG-VW-S027-001,DR-187,drawing_view,calc_pdf_p29,drawing,
TR-3997,DWG-VW-S028-001,DR-188,drawing_view,calc_pdf_p30,drawing,
TR-3998,DWG-VW-S029-001,DR-189,drawing_view,calc_pdf_p31,drawing,
TR-3999,DWG-VW-S030-001,DR-190,drawing_view,calc_pdf_p32,drawing,
TR-4000,DWG-VW-S030-002,DR-191,drawing_view,calc_pdf_p32,drawing,
TR-4001,DWG-VW-S031-001,DR-192,drawing_view,calc_pdf_p33,drawing,
TR-4002,DWG-VW-S032-001,DR-193,drawing_view,calc_pdf_p34,drawing,
TR-4003,DWG-VW-S033-001,DR-194,drawing_view,calc_pdf_p35,drawing,
TR-4004,DWG-VW-S034-001,DR-195,drawing_view,calc_pdf_p36,drawing,
TR-4005,DWG-VW-S035-001,DR-196,drawing_view,calc_pdf_p37,drawing,
TR-4006,DWG-VW-S036-001,DR-197,drawing_view,calc_pdf_p38,drawing,
TR-4007,DWG-VW-S037-001,DR-198,drawing_view,calc_pdf_p39,drawing,
TR-4008,DWG-VW-S038-001,DR-199,drawing_view,calc_pdf_p40,drawing,
TR-4009,DWG-VW-S039-001,DR-200,drawing_view,calc_pdf_p41,drawing,
TR-4010,DWG-VW-S040-001,DR-201,drawing_view,calc_pdf_p42,drawing,
TR-4011,DWG-VW-S041-001,DR-202,drawing_view,calc_pdf_p43,drawing,
TR-4012,DWG-VW-S042-001,DR-203,drawing_view,calc_pdf_p44,drawing,
TR-4013,DWG-VW-S043-001,DR-204,drawing_view,calc_pdf_p45,drawing,
TR-4014,DWG-VW-S044-001,DR-205,drawing_view,calc_pdf_p46,drawing,
TR-4015,DWG-VW-S044-002,DR-206,drawing_view,calc_pdf_p46,drawing,
TR-4016,DWG-VW-S045-001,DR-866,drawing_view,calc_pdf_p47,drawing,
TR-4017,DWG-VW-S045-002,DR-867,drawing_view,calc_pdf_p47,drawing,
TR-4018,DWG-VW-S045-003,DR-868,drawing_view,calc_pdf_p47,drawing,
TR-4019,DWG-VW-S045-004,DR-869,drawing_view,calc_pdf_p47,drawing,
TR-4020,DWG-VW-S045-005,DR-870,drawing_view,calc_pdf_p47,drawing,
TR-4021,DWG-VW-S045-006,DR-871,drawing_view,calc_pdf_p47,drawing,
TR-4022,DWG-VW-S045-007,DR-872,drawing_view,calc_pdf_p47,drawing,
TR-4023,DWG-VW-S045-008,DR-873,drawing_view,calc_pdf_p47,drawing,
TR-4024,DWG-VW-S045-009,DR-874,drawing_view,calc_pdf_p47,drawing,
TR-4025,DWG-VW-S045-010,DR-875,drawing_view,calc_pdf_p47,drawing,
TR-4026,DWG-VW-S046-001,DR-876,drawing_view,calc_pdf_p48,drawing,
TR-4027,DWG-VW-S046-002,DR-877,drawing_view,calc_pdf_p48,drawing,
TR-4028,DWG-VW-S046-003,DR-878,drawing_view,calc_pdf_p48,drawing,
TR-4029,DWG-VW-S046-004,DR-879,drawing_view,calc_pdf_p48,drawing,
TR-4030,DWG-VW-S047-001,DR-880,drawing_view,calc_pdf_p49,drawing,
TR-4031,DWG-VW-S047-002,DR-881,drawing_view,calc_pdf_p49,drawing,
TR-4032,DWG-VW-S048-001,DR-882,drawing_view,calc_pdf_p50,drawing,
TR-4033,DWG-VW-S048-002,DR-883,drawing_view,calc_pdf_p50,drawing,
TR-4034,DWG-VW-S048-003,DR-884,drawing_view,calc_pdf_p50,drawing,
TR-4035,DWG-VW-S048-004,DR-885,drawing_view,calc_pdf_p50,drawing,
TR-4036,DWG-VW-S048-005,DR-886,drawing_view,calc_pdf_p50,drawing,
TR-4037,DWG-VW-S049-001,DR-887,drawing_view,calc_pdf_p51,drawing,
TR-4038,DWG-VW-S050-001,DR-888,drawing_view,calc_pdf_p52,drawing,
TR-4039,DWG-VW-S051-001,DR-889,drawing_view,calc_pdf_p53,drawing,
TR-4040,DWG-VW-S052-001,DR-890,drawing_view,calc_pdf_p54,drawing,
TR-4041,DWG-VW-S053-001,DR-891,drawing_view,calc_pdf_p55,drawing,
TR-4042,DWG-VW-S054-001,DR-892,drawing_view,calc_pdf_p56,drawing,
TR-4043,DWG-VW-S055-001,DR-893,drawing_view,calc_pdf_p57,drawing,
TR-4044,DWG-VW-S056-001,DR-894,drawing_view,calc_pdf_p58,drawing,
TR-4045,DWG-VW-S057-001,DR-895,drawing_view,calc_pdf_p59,drawing,
TR-4046,DWG-VW-S058-001,DR-896,drawing_view,calc_pdf_p60,drawing,
TR-4047,DWG-VW-S059-001,DR-897,drawing_view,calc_pdf_p61,drawing,
TR-4048,DWG-VW-S060-001,DR-898,drawing_view,calc_pdf_p62,drawing,
TR-4049,DWG-VW-S061-001,DR-899,drawing_view,calc_pdf_p63,drawing,
TR-4050,DWG-VW-S061-002,DR-900,drawing_view,calc_pdf_p63,drawing,
TR-4051,DWG-VW-S061-003,DR-901,drawing_view,calc_pdf_p63,drawing,
TR-4052,DWG-VW-S061-004,DR-902,drawing_view,calc_pdf_p63,drawing,
TR-4053,DWG-VW-S061-005,DR-903,drawing_view,calc_pdf_p63,drawing,
TR-4054,DWG-VW-S062-001,DR-904,drawing_view,calc_pdf_p64,drawing,
TR-4055,DWG-VW-S063-001,DR-905,drawing_view,calc_pdf_p65,drawing,
TR-4056,DWG-VW-S064-001,DR-906,drawing_view,calc_pdf_p66,drawing,
TR-4057,DWG-VW-S065-001,DR-907,drawing_view,calc_pdf_p67,drawing,
TR-4058,DWG-VW-S066-001,DR-908,drawing_view,calc_pdf_p68,drawing,
TR-4059,DWG-VW-S067-001,DR-909,drawing_view,calc_pdf_p69,drawing,
TR-4060,DWG-VW-S068-001,DR-910,drawing_view,calc_pdf_p70,drawing,
TR-4061,DWG-VW-S068-002,DR-911,drawing_view,calc_pdf_p70,drawing,
TR-4062,DWG-VW-S068-003,DR-912,drawing_view,calc_pdf_p70,drawing,
TR-4063,DWG-VW-S069-001,DR-913,drawing_view,calc_pdf_p71,drawing,
TR-4064,DWG-VW-S070-001,DR-914,drawing_view,calc_pdf_p72,drawing,
TR-4065,DWG-VW-S071-001,DR-915,drawing_view,calc_pdf_p73,drawing,
TR-4066,DWG-VW-S072-001,DR-916,drawing_view,calc_pdf_p74,drawing,
TR-4067,DWG-VW-S072-002,DR-917,drawing_view,calc_pdf_p74,drawing,
TR-4068,DWG-VW-S072-003,DR-918,drawing_view,calc_pdf_p74,drawing,
TR-4069,DWG-VW-S072-004,DR-919,drawing_view,calc_pdf_p74,drawing,
TR-4070,DWG-VW-S073-001,DR-920,drawing_view,calc_pdf_p75,drawing,
TR-4071,DWG-VW-S073-002,DR-921,drawing_view,calc_pdf_p75,drawing,
TR-4072,DWG-VW-S073-003,DR-922,drawing_view,calc_pdf_p75,drawing,
TR-4073,DWG-VW-S073-004,DR-923,drawing_view,calc_pdf_p75,drawing,
TR-4074,DWG-VW-S073-005,DR-924,drawing_view,calc_pdf_p75,drawing,
TR-4075,DWG-VW-S074-001,DR-925,drawing_view,calc_pdf_p76,drawing,
TR-4076,DWG-VW-S074-002,DR-926,drawing_view,calc_pdf_p76,drawing,
TR-4077,DWG-VW-S074-003,DR-927,drawing_view,calc_pdf_p76,drawing,
TR-4078,DWG-VW-S075-001,DR-928,drawing_view,calc_pdf_p77,drawing,
TR-4079,DWG-VW-S078-001,DR-929,drawing_view,calc_pdf_p80,drawing,
TR-4080,DWG-VW-S079-001,DR-930,drawing_view,calc_pdf_p81,drawing,
TR-4081,DWG-VW-S080-001,DR-931,drawing_view,calc_pdf_p82,drawing,
TR-4082,DWG-VW-S081-001,DR-932,drawing_view,calc_pdf_p83,drawing,
TR-4083,DWG-VW-S082-001,DR-933,drawing_view,calc_pdf_p84,drawing,
TR-4084,DWG-VW-S082-002,DR-934,drawing_view,calc_pdf_p84,drawing,
TR-4085,DWG-VW-S085-001,DR-935,drawing_view,calc_pdf_p87,drawing,
TR-4086,DWG-VW-S085-002,DR-936,drawing_view,calc_pdf_p87,drawing,
TR-4087,DWG-VW-S085-003,DR-937,drawing_view,calc_pdf_p87,drawing,
TR-4088,DWG-VW-S086-001,DR-938,drawing_view,calc_pdf_p88,drawing,
TR-4089,DWG-VW-S086-002,DR-939,drawing_view,calc_pdf_p88,drawing,
TR-4090,DWG-VW-S086-003,DR-940,drawing_view,calc_pdf_p88,drawing,
TR-4091,DWG-VW-S087-001,DR-941,drawing_view,calc_pdf_p89,drawing,
TR-4092,DWG-VW-S087-002,DR-942,drawing_view,calc_pdf_p89,drawing,
TR-4093,DWG-VW-S087-003,DR-943,drawing_view,calc_pdf_p89,drawing,
TR-4094,DWG-VW-S088-001,DR-944,drawing_view,calc_pdf_p90,drawing,
TR-4095,DWG-VW-S088-002,DR-945,drawing_view,calc_pdf_p90,drawing,
TR-4096,DWG-VW-S088-003,DR-946,drawing_view,calc_pdf_p90,drawing,
TR-4097,DWG-VW-S089-001,DR-1566,drawing_view,calc_pdf_p91,drawing,
TR-4098,DWG-VW-S089-002,DR-1567,drawing_view,calc_pdf_p91,drawing,
TR-4099,DWG-VW-S089-003,DR-1568,drawing_view,calc_pdf_p91,drawing,
TR-4100,DWG-VW-S089-004,DR-1569,drawing_view,calc_pdf_p91,drawing,
TR-4101,DWG-VW-S090-001,DR-1570,drawing_view,calc_pdf_p92,drawing,
TR-4102,DWG-VW-S090-002,DR-1571,drawing_view,calc_pdf_p92,drawing,
TR-4103,DWG-VW-S090-003,DR-1572,drawing_view,calc_pdf_p92,drawing,
TR-4104,DWG-VW-S090-004,DR-1573,drawing_view,calc_pdf_p92,drawing,
TR-4105,DWG-VW-S090-005,DR-1574,drawing_view,calc_pdf_p92,drawing,
TR-4106,DWG-VW-S090-006,DR-1575,drawing_view,calc_pdf_p92,drawing,
TR-4107,DWG-VW-S090-007,DR-1576,drawing_view,calc_pdf_p92,drawing,
TR-4108,DWG-VW-S090-008,DR-1577,drawing_view,calc_pdf_p92,drawing,
TR-4109,DWG-VW-S090-009,DR-1578,drawing_view,calc_pdf_p92,drawing,
TR-4110,DWG-VW-S091-001,DR-1579,drawing_view,calc_pdf_p93,drawing,
TR-4111,DWG-VW-S091-002,DR-1580,drawing_view,calc_pdf_p93,drawing,
TR-4112,DWG-VW-S091-003,DR-1581,drawing_view,calc_pdf_p93,drawing,
TR-4113,DWG-VW-S092-001,DR-1582,drawing_view,calc_pdf_p94,drawing,
TR-4114,DWG-VW-S092-002,DR-1583,drawing_view,calc_pdf_p94,drawing,
TR-4115,DWG-VW-S092-003,DR-1584,drawing_view,calc_pdf_p94,drawing,
TR-4116,DWG-VW-S092-004,DR-1585,drawing_view,calc_pdf_p94,drawing,
TR-4117,DWG-VW-S099-001,DR-1586,drawing_view,calc_pdf_p101,drawing,
TR-4118,DWG-VW-S100-001,DR-1587,drawing_view,calc_pdf_p102,drawing,
TR-4119,DWG-VW-S101-001,DR-1588,drawing_view,calc_pdf_p103,drawing,
TR-4120,DWG-VW-S102-001,DR-1589,drawing_view,calc_pdf_p104,drawing,
TR-4121,DWG-VW-S111-001,DR-1590,drawing_view,calc_pdf_p113,drawing,
TR-4122,DWG-VW-S131-001,DR-1591,drawing_view,calc_pdf_p133,drawing,
TR-4123,DWG-VW-S132-001,DR-1592,drawing_view,calc_pdf_p134,drawing,
TR-4124,DWG-VW-S141-001,DR-1593,drawing_view,calc_pdf_p143,drawing,
TR-4125,S141-V01,DR-1974,drawing_unread_resolution,calc_pdf_p143,drawing,
TR-4126,S141-V02,DR-1975,drawing_unread_resolution,calc_pdf_p143,drawing,
TR-4127,S141-V03,DR-1976,drawing_unread_resolution,calc_pdf_p143,drawing,
TR-4128,S141-V04,DR-1977,drawing_unread_resolution,calc_pdf_p143,drawing,
