golden_id,domain,field_path,entity_id,raw_value,raw_unit,normalized_value,normalized_unit,semantic_class,source_record_ids,candidate_ids,calculation_locator,drawing_locator,source_priority,confidence,verification_status,promotion_status,promotion_reason,human_confirmation_id,conflict_id,standard_profile,notes
G-RPT-0001,report,report.chapter.front_matter,ENT-LINE-ACL,表紙・目次,,,,text,"FM-PE-001,FM-PE-002,FM-PE-008",RP-001,calc_pdf_p1,,CALCULATION,HIGH,UNVERIFIED,APPROVED_REPORT_DRAWING_GOLDEN,report Golden from Phase 2-II candidate; HIGH confidence,,,H29_REFERENCE,"Calculation book front matter (cover pages 1-2, TOC page 3)."
G-RPT-0002,report,report.chapter.CH1-PE-001,ENT-LINE-ACL,第1章 設計条件,,,,text,CH1-PE-001,RP-005,calc_pdf_p6,,CALCULATION,HIGH,UNVERIFIED,APPROVED_REPORT_DRAWING_GOLDEN,report Golden from Phase 2-II candidate; HIGH confidence,,,H29_REFERENCE,Calculation chapter heading.
G-RPT-0003,report,report.chapter.CH2-PE-001,ENT-LINE-ACL,第2章 合成床版の設計,,,,text,CH2-PE-001,RP-154,calc_pdf_p16,,CALCULATION,HIGH,UNVERIFIED,APPROVED_REPORT_DRAWING_GOLDEN,report Golden from Phase 2-II candidate; HIGH confidence,,,H29_REFERENCE,Calculation chapter heading.
G-RPT-0004,report,report.chapter.CAL-P00115-CAL-SEC-3.1-001,ENT-LINE-ACL,第3章 非合成桁の設計,,,,text,CAL-P00115-CAL-SEC-3.1-001,RP-295,calc_pdf_p115,,CALCULATION,HIGH,UNVERIFIED,APPROVED_REPORT_DRAWING_GOLDEN,report Golden from Phase 2-II candidate; HIGH confidence,,,H29_REFERENCE,Calculation chapter heading.
G-RPT-0005,report,report.chapter.CAL-P00871-CAL-SEC-ch4-001,ENT-LINE-ACL,第4章 合成桁の設計,,,,text,CAL-P00871-CAL-SEC-ch4-001,RP-1041,calc_pdf_p871,,CALCULATION,HIGH,UNVERIFIED,APPROVED_REPORT_DRAWING_GOLDEN,report Golden from Phase 2-II candidate; HIGH confidence,,,H29_REFERENCE,Calculation chapter heading.
G-RPT-0006,report,report.chapter.CH5-PE-001,ENT-LINE-ACL,第5章 付属物の設計,,,,text,CH5-PE-001,RP-1404,calc_pdf_p2026,,CALCULATION,HIGH,UNVERIFIED,APPROVED_REPORT_DRAWING_GOLDEN,report Golden from Phase 2-II candidate; HIGH confidence,,,H29_REFERENCE,Calculation chapter heading.
G-RPT-0007,report,report.section.CH1-PE-002,ENT-LINE-ACL,1.1 設計条件,,,,text,CH1-PE-002,RP-007,calc_pdf_p7,,CALCULATION,HIGH,UNVERIFIED,APPROVED_REPORT_DRAWING_GOLDEN,report Golden from Phase 2-II candidate; HIGH confidence,,,H29_REFERENCE,Calculation section heading (type section_title).
G-RPT-0008,report,report.section.CH1-PE-032,ENT-LINE-ACL,1.2 上部工構造一般図,,,,text,CH1-PE-032,RP-038,calc_pdf_p8,,CALCULATION,HIGH,UNVERIFIED,APPROVED_REPORT_DRAWING_GOLDEN,report Golden from Phase 2-II candidate; HIGH confidence,,,H29_REFERENCE,Calculation section heading (type section_title).
G-RPT-0009,report,report.section.CH1-PE-036,ENT-LINE-ACL,1.3 基本寸法一覧,,,,text,CH1-PE-036,RP-043,calc_pdf_p10,,CALCULATION,HIGH,UNVERIFIED,APPROVED_REPORT_DRAWING_GOLDEN,report Golden from Phase 2-II candidate; HIGH confidence,,,H29_REFERENCE,Calculation section heading (type section_title).
G-RPT-0010,report,report.section.CH1-PE-037,ENT-LINE-ACL,主桁支間長,,,,text,CH1-PE-037,RP-045,calc_pdf_p10,,CALCULATION,HIGH,UNVERIFIED,APPROVED_REPORT_DRAWING_GOLDEN,report Golden from Phase 2-II candidate; HIGH confidence,,,H29_REFERENCE,Calculation section heading (type subsection_title).
G-RPT-0011,report,report.section.CH1-PE-038,ENT-LINE-ACL,主桁格間長,,,,text,CH1-PE-038,RP-047,calc_pdf_p10,,CALCULATION,HIGH,UNVERIFIED,APPROVED_REPORT_DRAWING_GOLDEN,report Golden from Phase 2-II candidate; HIGH confidence,,,H29_REFERENCE,Calculation section heading (type subsection_title).
G-RPT-0012,report,report.section.CH1-PE-039,ENT-LINE-ACL,横断間隔長,,,,text,CH1-PE-039,RP-049,calc_pdf_p11,,CALCULATION,HIGH,UNVERIFIED,APPROVED_REPORT_DRAWING_GOLDEN,report Golden from Phase 2-II candidate; HIGH confidence,,,H29_REFERENCE,Calculation section heading (type subsection_title).
G-RPT-0013,report,report.section.CH2-PE-003,ENT-LINE-ACL,2.1 一般部,,,,text,CH2-PE-003,RP-157,calc_pdf_p17,,CALCULATION,HIGH,UNVERIFIED,APPROVED_REPORT_DRAWING_GOLDEN,report Golden from Phase 2-II candidate; HIGH confidence,,,H29_REFERENCE,Calculation section heading (type section_title).
G-RPT-0014,report,report.section.CH2-PE-005,ENT-LINE-ACL,§1. 設計条件,,,,text,CH2-PE-005,RP-160,calc_pdf_p18,,CALCULATION,HIGH,UNVERIFIED,APPROVED_REPORT_DRAWING_GOLDEN,report Golden from Phase 2-II candidate; HIGH confidence,,,H29_REFERENCE,Calculation section heading (type subsection_title).
G-RPT-0015,report,report.section.CH2-PE-006,ENT-LINE-ACL,1-1 各部構成,,,,text,CH2-PE-006,RP-162,calc_pdf_p18,,CALCULATION,HIGH,UNVERIFIED,APPROVED_REPORT_DRAWING_GOLDEN,report Golden from Phase 2-II candidate; HIGH confidence,,,H29_REFERENCE,Calculation section heading (type subsection_title).
G-RPT-0016,report,report.section.CH2-PE-007,ENT-LINE-ACL,1-2 荷重,,,,text,CH2-PE-007,RP-164,calc_pdf_p18,,CALCULATION,HIGH,UNVERIFIED,APPROVED_REPORT_DRAWING_GOLDEN,report Golden from Phase 2-II candidate; HIGH confidence,,,H29_REFERENCE,Calculation section heading (type subsection_title).
G-RPT-0017,report,report.section.CH2-PE-008,ENT-LINE-ACL,1-3 材料,,,,text,CH2-PE-008,RP-166,calc_pdf_p18,,CALCULATION,HIGH,UNVERIFIED,APPROVED_REPORT_DRAWING_GOLDEN,report Golden from Phase 2-II candidate; HIGH confidence,,,H29_REFERENCE,Calculation section heading (type subsection_title).
G-RPT-0018,report,report.section.CH2-PE-009,ENT-LINE-ACL,§2. 断面寸法,,,,text,CH2-PE-009,RP-168,calc_pdf_p19,,CALCULATION,HIGH,UNVERIFIED,APPROVED_REPORT_DRAWING_GOLDEN,report Golden from Phase 2-II candidate; HIGH confidence,,,H29_REFERENCE,Calculation section heading (type subsection_title).
G-RPT-0019,report,report.section.CH2-PE-010,ENT-LINE-ACL,2-1 合成床版厚,,,,text,CH2-PE-010,RP-170,calc_pdf_p19,,CALCULATION,HIGH,UNVERIFIED,APPROVED_REPORT_DRAWING_GOLDEN,report Golden from Phase 2-II candidate; HIGH confidence,,,H29_REFERENCE,Calculation section heading (type subsection_title).
G-RPT-0020,report,report.section.CH2-PE-011,ENT-LINE-ACL,2-2 鋼材寸法,,,,text,CH2-PE-011,RP-172,calc_pdf_p19,,CALCULATION,HIGH,UNVERIFIED,APPROVED_REPORT_DRAWING_GOLDEN,report Golden from Phase 2-II candidate; HIGH confidence,,,H29_REFERENCE,Calculation section heading (type subsection_title).
G-RPT-0021,report,report.section.CH2-PE-012,ENT-LINE-ACL,2-3 スタッド,,,,text,CH2-PE-012,RP-174,calc_pdf_p19,,CALCULATION,HIGH,UNVERIFIED,APPROVED_REPORT_DRAWING_GOLDEN,report Golden from Phase 2-II candidate; HIGH confidence,,,H29_REFERENCE,Calculation section heading (type subsection_title).
G-RPT-0022,report,report.section.CH2-PE-013,ENT-LINE-ACL,2-4 鉄筋配置,,,,text,CH2-PE-013,RP-176,calc_pdf_p20,,CALCULATION,HIGH,UNVERIFIED,APPROVED_REPORT_DRAWING_GOLDEN,report Golden from Phase 2-II candidate; HIGH confidence,,,H29_REFERENCE,Calculation section heading (type subsection_title).
G-RPT-0023,report,report.section.CH2-PE-014,ENT-LINE-ACL,§3. 断面力の計算,,,,text,CH2-PE-014,RP-178,calc_pdf_p20,,CALCULATION,HIGH,UNVERIFIED,APPROVED_REPORT_DRAWING_GOLDEN,report Golden from Phase 2-II candidate; HIGH confidence,,,H29_REFERENCE,Calculation section heading (type subsection_title).
G-RPT-0024,report,report.section.CH2-PE-015,ENT-LINE-ACL,3-1 支間部,,,,text,CH2-PE-015,RP-180,calc_pdf_p20,,CALCULATION,HIGH,UNVERIFIED,APPROVED_REPORT_DRAWING_GOLDEN,report Golden from Phase 2-II candidate; HIGH confidence,,,H29_REFERENCE,Calculation section heading (type subsection_title).
G-RPT-0025,report,report.section.CH2-PE-016,ENT-LINE-ACL,3-1-1 合成前断面,,,,text,CH2-PE-016,RP-182,calc_pdf_p21,,CALCULATION,HIGH,UNVERIFIED,APPROVED_REPORT_DRAWING_GOLDEN,report Golden from Phase 2-II candidate; HIGH confidence,,,H29_REFERENCE,Calculation section heading (type subsection_title).
G-RPT-0026,report,report.section.CH2-PE-017,ENT-LINE-ACL,3-1-2 合成後断面,,,,text,CH2-PE-017,RP-184,calc_pdf_p21,,CALCULATION,HIGH,UNVERIFIED,APPROVED_REPORT_DRAWING_GOLDEN,report Golden from Phase 2-II candidate; HIGH confidence,,,H29_REFERENCE,Calculation section heading (type subsection_title).
G-RPT-0027,report,report.section.CH2-PE-018,ENT-LINE-ACL,3-2 張出部,,,,text,CH2-PE-018,RP-186,calc_pdf_p22,,CALCULATION,HIGH,UNVERIFIED,APPROVED_REPORT_DRAWING_GOLDEN,report Golden from Phase 2-II candidate; HIGH confidence,,,H29_REFERENCE,Calculation section heading (type subsection_title).
G-RPT-0028,report,report.section.CH2-PE-019,ENT-LINE-ACL,3-2-3 張出-ハンチ折れ点,,,,text,CH2-PE-019,RP-188,calc_pdf_p27,,CALCULATION,HIGH,UNVERIFIED,APPROVED_REPORT_DRAWING_GOLDEN,report Golden from Phase 2-II candidate; HIGH confidence,,,H29_REFERENCE,Calculation section heading (type subsection_title).
G-RPT-0029,report,report.section.CH2-PE-020,ENT-LINE-ACL,3-3 断面力の集計,,,,text,CH2-PE-020,RP-190,calc_pdf_p29,,CALCULATION,HIGH,UNVERIFIED,APPROVED_REPORT_DRAWING_GOLDEN,report Golden from Phase 2-II candidate; HIGH confidence,,,H29_REFERENCE,Calculation section heading (type subsection_title).
G-RPT-0030,report,report.section.CH2-PE-021,ENT-LINE-ACL,§4. 疲労に対する耐久性能の照査,,,,text,CH2-PE-021,RP-192,calc_pdf_p30,,CALCULATION,HIGH,UNVERIFIED,APPROVED_REPORT_DRAWING_GOLDEN,report Golden from Phase 2-II candidate; HIGH confidence,,,H29_REFERENCE,Calculation section heading (type subsection_title).
G-RPT-0031,report,report.section.CH2-PE-022,ENT-LINE-ACL,4-5 ずれ止めの照査,,,,text,CH2-PE-022,RP-194,calc_pdf_p38,,CALCULATION,HIGH,UNVERIFIED,APPROVED_REPORT_DRAWING_GOLDEN,report Golden from Phase 2-II candidate; HIGH confidence,,,H29_REFERENCE,Calculation section heading (type subsection_title).
G-RPT-0032,report,report.section.CH2-PE-023,ENT-LINE-ACL,§5. 耐荷性能の照査,,,,text,CH2-PE-023,RP-196,calc_pdf_p41,,CALCULATION,HIGH,UNVERIFIED,APPROVED_REPORT_DRAWING_GOLDEN,report Golden from Phase 2-II candidate; HIGH confidence,,,H29_REFERENCE,Calculation section heading (type subsection_title).
G-RPT-0033,report,report.section.CH2-PE-024,ENT-LINE-ACL,2.2 桁端部,,,,text,CH2-PE-024,RP-198,calc_pdf_p70,,CALCULATION,HIGH,UNVERIFIED,APPROVED_REPORT_DRAWING_GOLDEN,report Golden from Phase 2-II candidate; HIGH confidence,,,H29_REFERENCE,Calculation section heading (type section_title).
G-RPT-0034,report,report.section.CAL-P00115-CAL-SEC-3.1-001,ENT-LINE-ACL,第3章 非合成桁の設計,,,,text,CAL-P00115-CAL-SEC-3.1-001,RP-296,calc_pdf_p115,,CALCULATION,HIGH,UNVERIFIED,APPROVED_REPORT_DRAWING_GOLDEN,report Golden from Phase 2-II candidate; HIGH confidence,,,H29_REFERENCE,Calculation section heading (type section_header).
G-RPT-0035,report,report.section.CAL-P00116-CAL-SEC-3.1-001,ENT-LINE-ACL,3.1 主構断面力の計算,,,,text,CAL-P00116-CAL-SEC-3.1-001,RP-298,calc_pdf_p116,,CALCULATION,HIGH,UNVERIFIED,APPROVED_REPORT_DRAWING_GOLDEN,report Golden from Phase 2-II candidate; HIGH confidence,,,H29_REFERENCE,Calculation section heading (type section_header).
G-RPT-0036,report,report.section.CAL-P00117-CAL-SEC-3.1.1-001,ENT-LINE-ACL,3.1.1 解析方針,,,,text,CAL-P00117-CAL-SEC-3.1.1-001,RP-300,calc_pdf_p117,,CALCULATION,HIGH,UNVERIFIED,APPROVED_REPORT_DRAWING_GOLDEN,report Golden from Phase 2-II candidate; HIGH confidence,,,H29_REFERENCE,Calculation section heading (type subsection_header).
G-RPT-0037,report,report.section.CAL-P00118-CAL-SEC-3.1.2-001,ENT-LINE-ACL,3.1.2 荷重強度,,,,text,CAL-P00118-CAL-SEC-3.1.2-001,RP-304,calc_pdf_p118,,CALCULATION,HIGH,UNVERIFIED,APPROVED_REPORT_DRAWING_GOLDEN,report Golden from Phase 2-II candidate; HIGH confidence,,,H29_REFERENCE,Calculation section heading (type subsection_header).
G-RPT-0038,report,report.section.CAL-P00119-CAL-SEC-3.1.2-001,ENT-LINE-ACL,(2) 死荷重,,,,text,CAL-P00119-CAL-SEC-3.1.2-001,RP-307,calc_pdf_p119,,CALCULATION,HIGH,UNVERIFIED,APPROVED_REPORT_DRAWING_GOLDEN,report Golden from Phase 2-II candidate; HIGH confidence,,,H29_REFERENCE,Calculation section heading (type subsection_header).
G-RPT-0039,report,report.section.CAL-P00121-CAL-SEC-3.1.2-001,ENT-LINE-ACL,1) 死荷重詳細計算 A) ハンチ荷重,,,,text,CAL-P00121-CAL-SEC-3.1.2-001,RP-310,calc_pdf_p121,,CALCULATION,HIGH,UNVERIFIED,APPROVED_REPORT_DRAWING_GOLDEN,report Golden from Phase 2-II candidate; HIGH confidence,,,H29_REFERENCE,Calculation section heading (type subsection_header).
G-RPT-0040,report,report.section.CAL-P00121-CAL-SEC-3.1.2-002,ENT-LINE-ACL,B) 壁高欄荷重,,,,text,CAL-P00121-CAL-SEC-3.1.2-002,RP-312,calc_pdf_p121,,CALCULATION,HIGH,UNVERIFIED,APPROVED_REPORT_DRAWING_GOLDEN,report Golden from Phase 2-II candidate; HIGH confidence,,,H29_REFERENCE,Calculation section heading (type subsection_header).
G-RPT-0041,report,report.section.CAL-P00122-CAL-SEC-3.1.2-001,ENT-LINE-ACL,C) 左側壁高欄の荷重載荷,,,,text,CAL-P00122-CAL-SEC-3.1.2-001,RP-314,calc_pdf_p122,,CALCULATION,HIGH,UNVERIFIED,APPROVED_REPORT_DRAWING_GOLDEN,report Golden from Phase 2-II candidate; HIGH confidence,,,H29_REFERENCE,Calculation section heading (type subsection_header).
G-RPT-0042,report,report.section.CAL-P00122-CAL-SEC-3.1.2-002,ENT-LINE-ACL,D) 左側遮音壁の荷重載荷,,,,text,CAL-P00122-CAL-SEC-3.1.2-002,RP-316,calc_pdf_p122,,CALCULATION,HIGH,UNVERIFIED,APPROVED_REPORT_DRAWING_GOLDEN,report Golden from Phase 2-II candidate; HIGH confidence,,,H29_REFERENCE,Calculation section heading (type subsection_header).
G-RPT-0043,report,report.section.CAL-P00123-CAL-SEC-3.1.2-001,ENT-LINE-ACL,E) ノーズ部,,,,text,CAL-P00123-CAL-SEC-3.1.2-001,RP-318,calc_pdf_p123,,CALCULATION,HIGH,UNVERIFIED,APPROVED_REPORT_DRAWING_GOLDEN,report Golden from Phase 2-II candidate; HIGH confidence,,,H29_REFERENCE,Calculation section heading (type subsection_header).
G-RPT-0044,report,report.section.CAL-P00124-CAL-SEC-3.1.2-001,ENT-LINE-ACL,a) ノーズ部の地覆荷重および壁高欄荷重(ガードレール含む),,,,text,CAL-P00124-CAL-SEC-3.1.2-001,RP-321,calc_pdf_p124,,CALCULATION,HIGH,UNVERIFIED,APPROVED_REPORT_DRAWING_GOLDEN,report Golden from Phase 2-II candidate; HIGH confidence,,,H29_REFERENCE,Calculation section heading (type subsection_header).
G-RPT-0045,report,report.section.CAL-P00125-CAL-SEC-3.1.2-001,ENT-LINE-ACL,b) 床版拡幅部荷重,,,,text,CAL-P00125-CAL-SEC-3.1.2-001,RP-323,calc_pdf_p125,,CALCULATION,HIGH,UNVERIFIED,APPROVED_REPORT_DRAWING_GOLDEN,report Golden from Phase 2-II candidate; HIGH confidence,,,H29_REFERENCE,Calculation section heading (type subsection_header).
G-RPT-0046,report,report.section.CAL-P00126-CAL-SEC-3.1.2-001,ENT-LINE-ACL,F) ノーズ部の床版打下ろし荷重,,,,text,CAL-P00126-CAL-SEC-3.1.2-001,RP-326,calc_pdf_p126,,CALCULATION,HIGH,UNVERIFIED,APPROVED_REPORT_DRAWING_GOLDEN,report Golden from Phase 2-II candidate; HIGH confidence,,,H29_REFERENCE,Calculation section heading (type subsection_header).
G-RPT-0047,report,report.section.CAL-P00127-CAL-SEC-3.1.2-001,ENT-LINE-ACL,a) ノーズ部の打下ろし荷重(詳細),,,,text,CAL-P00127-CAL-SEC-3.1.2-001,RP-329,calc_pdf_p127,,CALCULATION,HIGH,UNVERIFIED,APPROVED_REPORT_DRAWING_GOLDEN,report Golden from Phase 2-II candidate; HIGH confidence,,,H29_REFERENCE,Calculation section heading (type subsection_header).
G-RPT-0048,report,report.section.CAL-P00128-CAL-SEC-3.1.2-001,ENT-LINE-ACL,ノーズ部打下ろし荷重(続き),,,,text,CAL-P00128-CAL-SEC-3.1.2-001,RP-331,calc_pdf_p128,,CALCULATION,HIGH,UNVERIFIED,APPROVED_REPORT_DRAWING_GOLDEN,report Golden from Phase 2-II candidate; HIGH confidence,,,H29_REFERENCE,Calculation section heading (type subsection_header).
G-RPT-0049,report,report.section.CAL-P00129-CAL-SEC-3.1.2-001,ENT-LINE-ACL,G) 床版打下し荷重 <桁端部 S1側>,,,,text,CAL-P00129-CAL-SEC-3.1.2-001,RP-334,calc_pdf_p129,,CALCULATION,HIGH,UNVERIFIED,APPROVED_REPORT_DRAWING_GOLDEN,report Golden from Phase 2-II candidate; HIGH confidence,,,H29_REFERENCE,Calculation section heading (type subsection_header).
G-RPT-0050,report,report.section.CAL-P00130-CAL-SEC-3.1.2-001,ENT-LINE-ACL,<桁端部 S2側>,,,,text,CAL-P00130-CAL-SEC-3.1.2-001,RP-336,calc_pdf_p130,,CALCULATION,HIGH,UNVERIFIED,APPROVED_REPORT_DRAWING_GOLDEN,report Golden from Phase 2-II candidate; HIGH confidence,,,H29_REFERENCE,Calculation section heading (type subsection_header).
G-RPT-0051,report,report.section.CAL-P00131-CAL-SEC-3.1.2-001,ENT-LINE-ACL,"<中間支点部 PR1,PR2>",,,,text,CAL-P00131-CAL-SEC-3.1.2-001,RP-338,calc_pdf_p131,,CALCULATION,HIGH,UNVERIFIED,APPROVED_REPORT_DRAWING_GOLDEN,report Golden from Phase 2-II candidate; HIGH confidence,,,H29_REFERENCE,Calculation section heading (type subsection_header).
G-RPT-0052,report,report.section.CAL-P00132-CAL-SEC-3.1.2-001,ENT-LINE-ACL,H) 桁端部荷重 <S1側>,,,,text,CAL-P00132-CAL-SEC-3.1.2-001,RP-341,calc_pdf_p132,,CALCULATION,HIGH,UNVERIFIED,APPROVED_REPORT_DRAWING_GOLDEN,report Golden from Phase 2-II candidate; HIGH confidence,,,H29_REFERENCE,Calculation section heading (type subsection_header).
G-RPT-0053,report,report.section.CAL-P00132-CAL-SEC-3.1.2-002,ENT-LINE-ACL,<S2側>,,,,text,CAL-P00132-CAL-SEC-3.1.2-002,RP-343,calc_pdf_p132,,CALCULATION,HIGH,UNVERIFIED,APPROVED_REPORT_DRAWING_GOLDEN,report Golden from Phase 2-II candidate; HIGH confidence,,,H29_REFERENCE,Calculation section heading (type subsection_header).
G-RPT-0054,report,report.section.CAL-P00133-CAL-SEC-3.1.2-001,ENT-LINE-ACL,I) 巻き立てコンクリート荷重,,,,text,CAL-P00133-CAL-SEC-3.1.2-001,RP-345,calc_pdf_p133,,CALCULATION,HIGH,UNVERIFIED,APPROVED_REPORT_DRAWING_GOLDEN,report Golden from Phase 2-II candidate; HIGH confidence,,,H29_REFERENCE,Calculation section heading (type subsection_header).
G-RPT-0055,report,report.section.CAL-P00135-CAL-SEC-3.1.2-002,ENT-LINE-ACL,(3) 活荷重 (a) 活荷重,,,,text,CAL-P00135-CAL-SEC-3.1.2-002,RP-350,calc_pdf_p135,,CALCULATION,HIGH,UNVERIFIED,APPROVED_REPORT_DRAWING_GOLDEN,report Golden from Phase 2-II candidate; HIGH confidence,,,H29_REFERENCE,Calculation section heading (type subsection_header).
G-RPT-0056,report,report.section.CAL-P00135-CAL-SEC-3.1.2-003,ENT-LINE-ACL,(b) 衝撃係数,,,,text,CAL-P00135-CAL-SEC-3.1.2-003,RP-352,calc_pdf_p135,,CALCULATION,HIGH,UNVERIFIED,APPROVED_REPORT_DRAWING_GOLDEN,report Golden from Phase 2-II candidate; HIGH confidence,,,H29_REFERENCE,Calculation section heading (type subsection_header).
G-RPT-0057,report,report.section.CAL-P00136-CAL-SEC-3.1.2-001,ENT-LINE-ACL,(4) 組み合わせ係数および荷重係数,,,,text,CAL-P00136-CAL-SEC-3.1.2-001,RP-355,calc_pdf_p136,,CALCULATION,HIGH,UNVERIFIED,APPROVED_REPORT_DRAWING_GOLDEN,report Golden from Phase 2-II candidate; HIGH confidence,,,H29_REFERENCE,Calculation section heading (type subsection_header).
G-RPT-0058,report,report.section.CAL-P00137-CAL-SEC-3.1.2-001,ENT-LINE-ACL,(5) 荷重載荷図,,,,text,CAL-P00137-CAL-SEC-3.1.2-001,RP-357,calc_pdf_p137,,CALCULATION,HIGH,UNVERIFIED,APPROVED_REPORT_DRAWING_GOLDEN,report Golden from Phase 2-II candidate; HIGH confidence,,,H29_REFERENCE,Calculation section heading (type subsection_header).
G-RPT-0059,report,report.section.CAL-P00139-CAL-SEC-3.1.2-001,ENT-LINE-ACL,(6) 死荷重反力の確認,,,,text,CAL-P00139-CAL-SEC-3.1.2-001,RP-361,calc_pdf_p139,,CALCULATION,HIGH,UNVERIFIED,APPROVED_REPORT_DRAWING_GOLDEN,report Golden from Phase 2-II candidate; HIGH confidence,,,H29_REFERENCE,Calculation section heading (type subsection_header).
G-RPT-0060,report,report.section.CAL-P00141-CAL-SEC-3.1.3-001,ENT-LINE-ACL,3.1.3 格点座標,,,,text,CAL-P00141-CAL-SEC-3.1.3-001,RP-366,calc_pdf_p141,,CALCULATION,HIGH,UNVERIFIED,APPROVED_REPORT_DRAWING_GOLDEN,report Golden from Phase 2-II candidate; HIGH confidence,,,H29_REFERENCE,Calculation section heading (type subsection_header).
G-RPT-0061,report,report.section.CAL-P00142-CAL-SEC-3.1.4-001,ENT-LINE-ACL,3.1.4 格点番号および部材番号,,,,text,CAL-P00142-CAL-SEC-3.1.4-001,RP-370,calc_pdf_p142,,CALCULATION,HIGH,UNVERIFIED,APPROVED_REPORT_DRAWING_GOLDEN,report Golden from Phase 2-II candidate; HIGH confidence,,,H29_REFERENCE,Calculation section heading (type subsection_header).
G-RPT-0062,report,report.section.CAL-P00143-CAL-SEC-3.1.5-001,ENT-LINE-ACL,3.1.5 仮定剛度,,,,text,CAL-P00143-CAL-SEC-3.1.5-001,RP-373,calc_pdf_p143,,CALCULATION,HIGH,UNVERIFIED,APPROVED_REPORT_DRAWING_GOLDEN,report Golden from Phase 2-II candidate; HIGH confidence,,,H29_REFERENCE,Calculation section heading (type subsection_header).
G-RPT-0063,report,report.section.CAL-P00145-CAL-SEC-3.1.6-001,ENT-LINE-ACL,3.1.6 格子解析データ,,,,text,CAL-P00145-CAL-SEC-3.1.6-001,RP-377,calc_pdf_p145,,CALCULATION,HIGH,UNVERIFIED,APPROVED_REPORT_DRAWING_GOLDEN,report Golden from Phase 2-II candidate; HIGH confidence,,,H29_REFERENCE,Calculation section heading (type subsection_header).
G-RPT-0064,report,report.section.CAL-P00180-CAL-SEC-3.1.7-001,ENT-LINE-ACL,3.1.7 格子解析結果,,,,text,CAL-P00180-CAL-SEC-3.1.7-001,RP-388,calc_pdf_p180,,CALCULATION,HIGH,UNVERIFIED,APPROVED_REPORT_DRAWING_GOLDEN,report Golden from Phase 2-II candidate; HIGH confidence,,,H29_REFERENCE,Calculation section heading (type subsection_header).
G-RPT-0065,report,report.section.CAL-P00222-CAL-SEC-3.1.8-001,ENT-LINE-ACL,3.1.8 反力および活荷重回転角,,,,text,CAL-P00222-CAL-SEC-3.1.8-001,RP-393,calc_pdf_p222,,CALCULATION,HIGH,UNVERIFIED,APPROVED_REPORT_DRAWING_GOLDEN,report Golden from Phase 2-II candidate; HIGH confidence,,,H29_REFERENCE,Calculation section heading (type subsection_header).
G-RPT-0066,report,report.section.CAL-P00277-CAL-SEC-3.1.9-001,ENT-LINE-ACL,3.1.9 設計断面力,,,,text,CAL-P00277-CAL-SEC-3.1.9-001,RP-398,calc_pdf_p277,,CALCULATION,HIGH,UNVERIFIED,APPROVED_REPORT_DRAWING_GOLDEN,report Golden from Phase 2-II candidate; HIGH confidence,,,H29_REFERENCE,Calculation section heading (type subsection_header).
G-RPT-0067,report,report.section.CAL-P00675-CAL-SEC-3.3-001,ENT-LINE-ACL,3.3 横桁の設計,,,,text,CAL-P00675-CAL-SEC-3.3-001,RP-727,calc_pdf_p675,,CALCULATION,HIGH,UNVERIFIED,APPROVED_REPORT_DRAWING_GOLDEN,report Golden from Phase 2-II candidate; HIGH confidence,,,H29_REFERENCE,Calculation section heading (type section_header).
G-RPT-0068,report,report.section.CAL-P00676-CAL-SEC-3.3.1-001,ENT-LINE-ACL,3.3.1 設計方針,,,,text,CAL-P00676-CAL-SEC-3.3.1-001,RP-729,calc_pdf_p676,,CALCULATION,HIGH,UNVERIFIED,APPROVED_REPORT_DRAWING_GOLDEN,report Golden from Phase 2-II candidate; HIGH confidence,,,H29_REFERENCE,Calculation section heading (type subsection_header).
G-RPT-0069,report,report.section.CAL-P00679-CAL-SEC-3.3.2-001,ENT-LINE-ACL,3.3.2 主構作用断面力,,,,text,CAL-P00679-CAL-SEC-3.3.2-001,RP-737,calc_pdf_p679,,CALCULATION,HIGH,UNVERIFIED,APPROVED_REPORT_DRAWING_GOLDEN,report Golden from Phase 2-II candidate; HIGH confidence,,,H29_REFERENCE,Calculation section heading (type subsection_header).
G-RPT-0070,report,report.section.CAL-P00685-CAL-SEC-3.3.3-001,ENT-LINE-ACL,3.3.3 風荷重および地震荷重の影響,,,,text,CAL-P00685-CAL-SEC-3.3.3-001,RP-741,calc_pdf_p685,,CALCULATION,HIGH,UNVERIFIED,APPROVED_REPORT_DRAWING_GOLDEN,report Golden from Phase 2-II candidate; HIGH confidence,,,H29_REFERENCE,Calculation section heading (type subsection_header).
G-RPT-0071,report,report.section.CAL-P00687-CAL-SEC-3.3.4-001,ENT-LINE-ACL,3.3.4 中間横桁の設計 グループ1代表CR1-026,,,,text,CAL-P00687-CAL-SEC-3.3.4-001,RP-746,calc_pdf_p687,,CALCULATION,HIGH,UNVERIFIED,APPROVED_REPORT_DRAWING_GOLDEN,report Golden from Phase 2-II candidate; HIGH confidence,,,H29_REFERENCE,Calculation section heading (type subsection_header).
G-RPT-0072,report,report.section.CAL-P00688-CAL-SEC-3.3.4-001,ENT-LINE-ACL,(1)設計荷重 荷重組合せ表,,,,text,CAL-P00688-CAL-SEC-3.3.4-001,RP-749,calc_pdf_p688,,CALCULATION,HIGH,UNVERIFIED,APPROVED_REPORT_DRAWING_GOLDEN,report Golden from Phase 2-II candidate; HIGH confidence,,,H29_REFERENCE,Calculation section heading (type subsection_header).
G-RPT-0073,report,report.section.CAL-P00696-CAL-SEC-3.3.4-001,ENT-LINE-ACL,(3)断面計算 代表グループ1 CR1-026,,,,text,CAL-P00696-CAL-SEC-3.3.4-001,RP-754,calc_pdf_p696,,CALCULATION,HIGH,UNVERIFIED,APPROVED_REPORT_DRAWING_GOLDEN,report Golden from Phase 2-II candidate; HIGH confidence,,,H29_REFERENCE,Calculation section heading (type subsection_header).
G-RPT-0074,report,report.section.CAL-P00704-CAL-SEC-3.3.5-001,ENT-LINE-ACL,3.3.5 端支点上横桁の設計 代表CR1-001(端支点S1側),,,,text,CAL-P00704-CAL-SEC-3.3.5-001,RP-758,calc_pdf_p704,,CALCULATION,HIGH,UNVERIFIED,APPROVED_REPORT_DRAWING_GOLDEN,report Golden from Phase 2-II candidate; HIGH confidence,,,H29_REFERENCE,Calculation section heading (type subsection_header).
G-RPT-0075,report,report.section.CAL-P00735-CAL-SEC-3.3.6-001,ENT-LINE-ACL,3.3.6 中間支点上横桁の設計 代表CR1-009(中間支点PR1側),,,,text,CAL-P00735-CAL-SEC-3.3.6-001,RP-767,calc_pdf_p735,,CALCULATION,HIGH,UNVERIFIED,APPROVED_REPORT_DRAWING_GOLDEN,report Golden from Phase 2-II candidate; HIGH confidence,,,H29_REFERENCE,Calculation section heading (type subsection_header).
G-RPT-0076,report,report.section.CAL-P00762-CAL-SEC-3.3.7-001,ENT-LINE-ACL,3.3.7 横桁補剛材の計算 道示II13.4垂直/水平補剛材,,,,text,CAL-P00762-CAL-SEC-3.3.7-001,RP-775,calc_pdf_p762,,CALCULATION,HIGH,UNVERIFIED,APPROVED_REPORT_DRAWING_GOLDEN,report Golden from Phase 2-II candidate; HIGH confidence,,,H29_REFERENCE,Calculation section heading (type subsection_header).
G-RPT-0077,report,report.section.CAL-P00765-CAL-SEC-3.4-001,ENT-LINE-ACL,3.4 端部ブラケットの設計,,,,text,CAL-P00765-CAL-SEC-3.4-001,RP-803,calc_pdf_p765,,CALCULATION,HIGH,UNVERIFIED,APPROVED_REPORT_DRAWING_GOLDEN,report Golden from Phase 2-II candidate; HIGH confidence,,,H29_REFERENCE,Calculation section heading (type section_header).
G-RPT-0078,report,report.section.CAL-P00766-CAL-SEC-3.4.1-001,ENT-LINE-ACL,3.4.1 S1側 設計方針,,,,text,CAL-P00766-CAL-SEC-3.4.1-001,RP-805,calc_pdf_p766,,CALCULATION,HIGH,UNVERIFIED,APPROVED_REPORT_DRAWING_GOLDEN,report Golden from Phase 2-II candidate; HIGH confidence,,,H29_REFERENCE,Calculation section heading (type subsection_header).
G-RPT-0079,report,report.section.CAL-P00767-CAL-SEC-3.4.1-001,ENT-LINE-ACL,3.4.1.2 断面力 取付部断面力,,,,text,CAL-P00767-CAL-SEC-3.4.1-001,RP-809,calc_pdf_p767,,CALCULATION,HIGH,UNVERIFIED,APPROVED_REPORT_DRAWING_GOLDEN,report Golden from Phase 2-II candidate; HIGH confidence,,,H29_REFERENCE,Calculation section heading (type subsection_header).
G-RPT-0080,report,report.section.CAL-P00770-CAL-SEC-3.4.1-001,ENT-LINE-ACL,3.4.1.3 断面計算,,,,text,CAL-P00770-CAL-SEC-3.4.1-001,RP-816,calc_pdf_p770,,CALCULATION,HIGH,UNVERIFIED,APPROVED_REPORT_DRAWING_GOLDEN,report Golden from Phase 2-II candidate; HIGH confidence,,,H29_REFERENCE,Calculation section heading (type subsection_header).
G-RPT-0081,report,report.section.CAL-P00773-CAL-SEC-3.4.1-001,ENT-LINE-ACL,3.4.1.4 補剛材の計算,,,,text,CAL-P00773-CAL-SEC-3.4.1-001,RP-821,calc_pdf_p773,,CALCULATION,HIGH,UNVERIFIED,APPROVED_REPORT_DRAWING_GOLDEN,report Golden from Phase 2-II candidate; HIGH confidence,,,H29_REFERENCE,Calculation section heading (type subsection_header).
G-RPT-0082,report,report.section.CAL-P00774-CAL-SEC-3.4.1-001,ENT-LINE-ACL,3.4.1.5 活荷重たわみの照査,,,,text,CAL-P00774-CAL-SEC-3.4.1-001,RP-824,calc_pdf_p774,,CALCULATION,HIGH,UNVERIFIED,APPROVED_REPORT_DRAWING_GOLDEN,report Golden from Phase 2-II candidate; HIGH confidence,,,H29_REFERENCE,Calculation section heading (type subsection_header).
G-RPT-0083,report,report.section.CAL-P00777-CAL-SEC-3.4.2-001,ENT-LINE-ACL,3.4.2 S2側 S2側ブラケット設計,,,,text,CAL-P00777-CAL-SEC-3.4.2-001,RP-829,calc_pdf_p777,,CALCULATION,HIGH,UNVERIFIED,APPROVED_REPORT_DRAWING_GOLDEN,report Golden from Phase 2-II candidate; HIGH confidence,,,H29_REFERENCE,Calculation section heading (type subsection_header).
G-RPT-0084,report,report.section.CAL-P00788-CAL-SEC-3.5-001,ENT-LINE-ACL,3.5 横構の設計,,,,text,CAL-P00788-CAL-SEC-3.5-001,RP-869,calc_pdf_p788,,CALCULATION,HIGH,UNVERIFIED,APPROVED_REPORT_DRAWING_GOLDEN,report Golden from Phase 2-II candidate; HIGH confidence,,,H29_REFERENCE,Calculation section heading (type section_header).
G-RPT-0085,report,report.section.CAL-P00789-CAL-SEC-3.5.1-001,ENT-LINE-ACL,3.5.1 設計方針,,,,text,CAL-P00789-CAL-SEC-3.5.1-001,RP-871,calc_pdf_p789,,CALCULATION,HIGH,UNVERIFIED,APPROVED_REPORT_DRAWING_GOLDEN,report Golden from Phase 2-II candidate; HIGH confidence,,,H29_REFERENCE,Calculation section heading (type subsection_header).
G-RPT-0086,report,report.section.CAL-P00791-CAL-SEC-3.5.2-001,ENT-LINE-ACL,3.5.2 風荷重および地震の影響,,,,text,CAL-P00791-CAL-SEC-3.5.2-001,RP-877,calc_pdf_p791,,CALCULATION,HIGH,UNVERIFIED,APPROVED_REPORT_DRAWING_GOLDEN,report Golden from Phase 2-II candidate; HIGH confidence,,,H29_REFERENCE,Calculation section heading (type subsection_header).
G-RPT-0087,report,report.section.CAL-P00792-CAL-SEC-3.5.3-001,ENT-LINE-ACL,3.5.3 設計断面力 部材軸力表(コード/長さ/Secθ/Nw/Ne/N),,,,text,CAL-P00792-CAL-SEC-3.5.3-001,RP-881,calc_pdf_p792,,CALCULATION,HIGH,UNVERIFIED,APPROVED_REPORT_DRAWING_GOLDEN,report Golden from Phase 2-II candidate; HIGH confidence,,,H29_REFERENCE,Calculation section heading (type subsection_header).
G-RPT-0088,report,report.section.CAL-P00793-CAL-SEC-3.5.4-001,ENT-LINE-ACL,3.5.4 断面の決定,,,,text,CAL-P00793-CAL-SEC-3.5.4-001,RP-884,calc_pdf_p793,,CALCULATION,HIGH,UNVERIFIED,APPROVED_REPORT_DRAWING_GOLDEN,report Golden from Phase 2-II candidate; HIGH confidence,,,H29_REFERENCE,Calculation section heading (type subsection_header).
G-RPT-0089,report,report.section.CAL-P00797-CAL-SEC-3.5.5-001,ENT-LINE-ACL,3.5.5 計算結果一覧,,,,text,CAL-P00797-CAL-SEC-3.5.5-001,RP-887,calc_pdf_p797,,CALCULATION,HIGH,UNVERIFIED,APPROVED_REPORT_DRAWING_GOLDEN,report Golden from Phase 2-II candidate; HIGH confidence,,,H29_REFERENCE,Calculation section heading (type subsection_header).
G-RPT-0090,report,report.section.CAL-P00800-CAL-SEC-3.5.6-001,ENT-LINE-ACL,3.5.6 支点部水平支承補強計算 PU15/PR1/PR2/AR2,,,,text,CAL-P00800-CAL-SEC-3.5.6-001,RP-890,calc_pdf_p800,,CALCULATION,HIGH,UNVERIFIED,APPROVED_REPORT_DRAWING_GOLDEN,report Golden from Phase 2-II candidate; HIGH confidence,,,H29_REFERENCE,Calculation section heading (type subsection_header).
G-RPT-0091,report,report.section.CAL-P00817-CAL-SEC-3.6-001,ENT-LINE-ACL,3.6 巻き立てコンクリートの設計,,,,text,CAL-P00817-CAL-SEC-3.6-001,RP-920,calc_pdf_p817,,CALCULATION,HIGH,UNVERIFIED,APPROVED_REPORT_DRAWING_GOLDEN,report Golden from Phase 2-II candidate; HIGH confidence,,,H29_REFERENCE,Calculation section heading (type section_header).
G-RPT-0092,report,report.section.CAL-P00818-CAL-SEC-3.6.1-001,ENT-LINE-ACL,3.6.1 設計方針,,,,text,CAL-P00818-CAL-SEC-3.6.1-001,RP-922,calc_pdf_p818,,CALCULATION,HIGH,UNVERIFIED,APPROVED_REPORT_DRAWING_GOLDEN,report Golden from Phase 2-II candidate; HIGH confidence,,,H29_REFERENCE,Calculation section heading (type subsection_header).
G-RPT-0093,report,report.section.CAL-P00819-CAL-SEC-3.6.2-001,ENT-LINE-ACL,3.6.2 本体部 端支点S1,,,,text,CAL-P00819-CAL-SEC-3.6.2-001,RP-927,calc_pdf_p819,,CALCULATION,HIGH,UNVERIFIED,APPROVED_REPORT_DRAWING_GOLDEN,report Golden from Phase 2-II candidate; HIGH confidence,,,H29_REFERENCE,Calculation section heading (type subsection_header).
G-RPT-0094,report,report.section.CAL-P00820-CAL-SEC-3.6.2-001,ENT-LINE-ACL,端支点S2 本体部,,,,text,CAL-P00820-CAL-SEC-3.6.2-001,RP-931,calc_pdf_p820,,CALCULATION,HIGH,UNVERIFIED,APPROVED_REPORT_DRAWING_GOLDEN,report Golden from Phase 2-II candidate; HIGH confidence,,,H29_REFERENCE,Calculation section heading (type subsection_header).
G-RPT-0095,report,report.section.CAL-P00821-CAL-SEC-3.6.2-001,ENT-LINE-ACL,中間支点PR1/PR2 本体部,,,,text,CAL-P00821-CAL-SEC-3.6.2-001,RP-935,calc_pdf_p821,,CALCULATION,HIGH,UNVERIFIED,APPROVED_REPORT_DRAWING_GOLDEN,report Golden from Phase 2-II candidate; HIGH confidence,,,H29_REFERENCE,Calculation section heading (type subsection_header).
G-RPT-0096,report,report.section.CAL-P00822-CAL-SEC-3.6.3-001,ENT-LINE-ACL,3.6.3 下端突起部 端支点S1/S2,,,,text,CAL-P00822-CAL-SEC-3.6.3-001,RP-939,calc_pdf_p822,,CALCULATION,HIGH,UNVERIFIED,APPROVED_REPORT_DRAWING_GOLDEN,report Golden from Phase 2-II candidate; HIGH confidence,,,H29_REFERENCE,Calculation section heading (type subsection_header).
G-RPT-0097,report,report.section.CAL-P00840-CAL-SEC-3.6.4-001,ENT-LINE-ACL,3.6.4 支点上横桁ずれ止め計算,,,,text,CAL-P00840-CAL-SEC-3.6.4-001,RP-947,calc_pdf_p840,,CALCULATION,HIGH,UNVERIFIED,APPROVED_REPORT_DRAWING_GOLDEN,report Golden from Phase 2-II candidate; HIGH confidence,,,H29_REFERENCE,Calculation section heading (type subsection_header).
G-RPT-0098,report,report.section.CAL-P00842-CAL-SEC-3.7-001,ENT-LINE-ACL,3.7 疲労設計,,,,text,CAL-P00842-CAL-SEC-3.7-001,RP-974,calc_pdf_p842,,CALCULATION,HIGH,UNVERIFIED,APPROVED_REPORT_DRAWING_GOLDEN,report Golden from Phase 2-II candidate; HIGH confidence,,,H29_REFERENCE,Calculation section heading (type section_header).
G-RPT-0099,report,report.section.CAL-P00843-CAL-SEC-3.7.1-001,ENT-LINE-ACL,3.7.1 主桁の疲労設計,,,,text,CAL-P00843-CAL-SEC-3.7.1-001,RP-976,calc_pdf_p843,,CALCULATION,HIGH,UNVERIFIED,APPROVED_REPORT_DRAWING_GOLDEN,report Golden from Phase 2-II candidate; HIGH confidence,,,H29_REFERENCE,Calculation section heading (type subsection_header).
G-RPT-0100,report,report.section.CAL-P00845-CAL-SEC-3.7.1-001,ENT-LINE-ACL,3.7.1.2 疲労照査必要性判定,,,,text,CAL-P00845-CAL-SEC-3.7.1-001,RP-980,calc_pdf_p845,,CALCULATION,HIGH,UNVERIFIED,APPROVED_REPORT_DRAWING_GOLDEN,report Golden from Phase 2-II candidate; HIGH confidence,,,H29_REFERENCE,Calculation section heading (type subsection_header).
G-RPT-0101,report,report.section.CAL-P00860-CAL-SEC-3.7.2-001,ENT-LINE-ACL,3.7.2 横桁の疲労設計,,,,text,CAL-P00860-CAL-SEC-3.7.2-001,RP-996,calc_pdf_p860,,CALCULATION,HIGH,UNVERIFIED,APPROVED_REPORT_DRAWING_GOLDEN,report Golden from Phase 2-II candidate; HIGH confidence,,,H29_REFERENCE,Calculation section heading (type subsection_header).
G-RPT-0102,report,report.section.CAL-P00872-CAL-SEC-4.1-001,ENT-LINE-ACL,4.1 主構断面力の計算,,,,text,CAL-P00872-CAL-SEC-4.1-001,RP-1043,calc_pdf_p872,,CALCULATION,HIGH,UNVERIFIED,APPROVED_REPORT_DRAWING_GOLDEN,report Golden from Phase 2-II candidate; HIGH confidence,,,H29_REFERENCE,Calculation section heading (type section_header).
G-RPT-0103,report,report.section.CAL-P00873-CAL-SEC-4.1.1-001,ENT-LINE-ACL,4.1.1 解析方針,,,,text,CAL-P00873-CAL-SEC-4.1.1-001,RP-1045,calc_pdf_p873,,CALCULATION,HIGH,UNVERIFIED,APPROVED_REPORT_DRAWING_GOLDEN,report Golden from Phase 2-II candidate; HIGH confidence,,,H29_REFERENCE,Calculation section heading (type subsection_header).
G-RPT-0104,report,report.section.CAL-P00874-CAL-SEC-4.1.2-001,ENT-LINE-ACL,4.1.2 荷重強度,,,,text,CAL-P00874-CAL-SEC-4.1.2-001,RP-1053,calc_pdf_p874,,CALCULATION,HIGH,UNVERIFIED,APPROVED_REPORT_DRAWING_GOLDEN,report Golden from Phase 2-II candidate; HIGH confidence,,,H29_REFERENCE,Calculation section heading (type subsection_header).
G-RPT-0105,report,report.section.CAL-P00876-CAL-SEC-4.1.2-001,ENT-LINE-ACL,(2) 死荷重 1) 合成前死荷重,,,,text,CAL-P00876-CAL-SEC-4.1.2-001,RP-1057,calc_pdf_p876,,CALCULATION,HIGH,UNVERIFIED,APPROVED_REPORT_DRAWING_GOLDEN,report Golden from Phase 2-II candidate; HIGH confidence,,,H29_REFERENCE,Calculation section heading (type subsection_header).
G-RPT-0106,report,report.section.CAL-P00881-CAL-SEC-4.1.2-001,ENT-LINE-ACL,2) 合成後死荷重,,,,text,CAL-P00881-CAL-SEC-4.1.2-001,RP-1060,calc_pdf_p881,,CALCULATION,HIGH,UNVERIFIED,APPROVED_REPORT_DRAWING_GOLDEN,report Golden from Phase 2-II candidate; HIGH confidence,,,H29_REFERENCE,Calculation section heading (type subsection_header).
G-RPT-0107,report,report.section.CAL-P00893-CAL-SEC-4.1.2-001,ENT-LINE-ACL,(3) 活荷重,,,,text,CAL-P00893-CAL-SEC-4.1.2-001,RP-1063,calc_pdf_p893,,CALCULATION,HIGH,UNVERIFIED,APPROVED_REPORT_DRAWING_GOLDEN,report Golden from Phase 2-II candidate; HIGH confidence,,,H29_REFERENCE,Calculation section heading (type subsection_header).
G-RPT-0108,report,report.section.CAL-P00893-CAL-SEC-4.1.2-003,ENT-LINE-ACL,(4) 組み合わせ係数および荷重係数,,,,text,CAL-P00893-CAL-SEC-4.1.2-003,RP-1066,calc_pdf_p893,,CALCULATION,HIGH,UNVERIFIED,APPROVED_REPORT_DRAWING_GOLDEN,report Golden from Phase 2-II candidate; HIGH confidence,,,H29_REFERENCE,Calculation section heading (type subsection_header).
G-RPT-0109,report,report.section.CAL-P00894-CAL-SEC-4.1.2-001,ENT-LINE-ACL,(5) 巻き立てコンクリート荷重,,,,text,CAL-P00894-CAL-SEC-4.1.2-001,RP-1069,calc_pdf_p894,,CALCULATION,HIGH,UNVERIFIED,APPROVED_REPORT_DRAWING_GOLDEN,report Golden from Phase 2-II candidate; HIGH confidence,,,H29_REFERENCE,Calculation section heading (type subsection_header).
G-RPT-0110,report,report.section.CAL-P00900-CAL-SEC-4.1.3-001,ENT-LINE-ACL,4.1.3 格点番号および部材番号,,,,text,CAL-P00900-CAL-SEC-4.1.3-001,RP-1073,calc_pdf_p900,,CALCULATION,HIGH,UNVERIFIED,APPROVED_REPORT_DRAWING_GOLDEN,report Golden from Phase 2-II candidate; HIGH confidence,,,H29_REFERENCE,Calculation section heading (type subsection_header).
G-RPT-0111,report,report.section.CAL-P00901-CAL-SEC-4.1.4-001,ENT-LINE-ACL,4.1.4 格点座標および仮定剛度,,,,text,CAL-P00901-CAL-SEC-4.1.4-001,RP-1076,calc_pdf_p901,,CALCULATION,HIGH,UNVERIFIED,APPROVED_REPORT_DRAWING_GOLDEN,report Golden from Phase 2-II candidate; HIGH confidence,,,H29_REFERENCE,Calculation section heading (type subsection_header).
G-RPT-0112,report,report.section.CAL-P00904-CAL-SEC-4.1.5-001,ENT-LINE-ACL,4.1.5 格子解析データ,,,,text,CAL-P00904-CAL-SEC-4.1.5-001,RP-1081,calc_pdf_p904,,CALCULATION,HIGH,UNVERIFIED,APPROVED_REPORT_DRAWING_GOLDEN,report Golden from Phase 2-II candidate; HIGH confidence,,,H29_REFERENCE,Calculation section heading (type subsection_header).
G-RPT-0113,report,report.section.CAL-P00904-CAL-SEC-4.1.5-002,ENT-LINE-ACL,4.1.5.1 前死荷重,,,,text,CAL-P00904-CAL-SEC-4.1.5-002,RP-1083,calc_pdf_p904,,CALCULATION,HIGH,UNVERIFIED,APPROVED_REPORT_DRAWING_GOLDEN,report Golden from Phase 2-II candidate; HIGH confidence,,,H29_REFERENCE,Calculation section heading (type subsection_header).
G-RPT-0114,report,report.section.CAL-P01026-CAL-SEC-4.1.5-001,ENT-LINE-ACL,4.1.5.2 後死荷重,,,,text,CAL-P01026-CAL-SEC-4.1.5-001,RP-1086,calc_pdf_p1026,,CALCULATION,HIGH,UNVERIFIED,APPROVED_REPORT_DRAWING_GOLDEN,report Golden from Phase 2-II candidate; HIGH confidence,,,H29_REFERENCE,Calculation section heading (type subsection_header).
G-RPT-0115,report,report.section.CAL-P01115-CAL-SEC-4.1.6-001,ENT-LINE-ACL,4.1.6 格子解析結果,,,,text,CAL-P01115-CAL-SEC-4.1.6-001,RP-1089,calc_pdf_p1115,,CALCULATION,HIGH,UNVERIFIED,APPROVED_REPORT_DRAWING_GOLDEN,report Golden from Phase 2-II candidate; HIGH confidence,,,H29_REFERENCE,Calculation section heading (type subsection_header).
G-RPT-0116,report,report.section.CAL-P01115-CAL-SEC-4.1.6-002,ENT-LINE-ACL,4.1.6.1 前死荷重結果,,,,text,CAL-P01115-CAL-SEC-4.1.6-002,RP-1091,calc_pdf_p1115,,CALCULATION,HIGH,UNVERIFIED,APPROVED_REPORT_DRAWING_GOLDEN,report Golden from Phase 2-II candidate; HIGH confidence,,,H29_REFERENCE,Calculation section heading (type subsection_header).
G-RPT-0117,report,report.section.CAL-P01130-CAL-SEC-4.1.6-001,ENT-LINE-ACL,4.1.6.2 後死荷重結果,,,,text,CAL-P01130-CAL-SEC-4.1.6-001,RP-1094,calc_pdf_p1130,,CALCULATION,HIGH,UNVERIFIED,APPROVED_REPORT_DRAWING_GOLDEN,report Golden from Phase 2-II candidate; HIGH confidence,,,H29_REFERENCE,Calculation section heading (type subsection_header).
G-RPT-0118,report,report.section.CAL-P01266-CAL-SEC-4.1.7-001,ENT-LINE-ACL,4.1.7 断面力,,,,text,CAL-P01266-CAL-SEC-4.1.7-001,RP-1097,calc_pdf_p1266,,CALCULATION,HIGH,UNVERIFIED,APPROVED_REPORT_DRAWING_GOLDEN,report Golden from Phase 2-II candidate; HIGH confidence,,,H29_REFERENCE,Calculation section heading (type subsection_header).
G-RPT-0119,report,report.section.CAL-P01266-CAL-SEC-4.1.7-002,ENT-LINE-ACL,(1)主桁断面力,,,,text,CAL-P01266-CAL-SEC-4.1.7-002,RP-1099,calc_pdf_p1266,,CALCULATION,HIGH,UNVERIFIED,APPROVED_REPORT_DRAWING_GOLDEN,report Golden from Phase 2-II candidate; HIGH confidence,,,H29_REFERENCE,Calculation section heading (type subsection_header).
G-RPT-0120,report,report.section.CAL-P01275-CAL-SEC-4.1.7-001,ENT-LINE-ACL,(2)横桁断面力,,,,text,CAL-P01275-CAL-SEC-4.1.7-001,RP-1102,calc_pdf_p1275,,CALCULATION,HIGH,UNVERIFIED,APPROVED_REPORT_DRAWING_GOLDEN,report Golden from Phase 2-II candidate; HIGH confidence,,,H29_REFERENCE,Calculation section heading (type subsection_header).
G-RPT-0121,report,report.section.CAL-P01280-CAL-SEC-4.1.7-001,ENT-LINE-ACL,(3)クリープ・乾燥収縮・温度差の断面力,,,,text,CAL-P01280-CAL-SEC-4.1.7-001,RP-1105,calc_pdf_p1280,,CALCULATION,HIGH,UNVERIFIED,APPROVED_REPORT_DRAWING_GOLDEN,report Golden from Phase 2-II candidate; HIGH confidence,,,H29_REFERENCE,Calculation section heading (type subsection_header).
G-RPT-0122,report,report.section.CAL-P01282-CAL-SEC-4.1.7-001,ENT-LINE-ACL,(4)断面照査用断面力,,,,text,CAL-P01282-CAL-SEC-4.1.7-001,RP-1110,calc_pdf_p1282,,CALCULATION,HIGH,UNVERIFIED,APPROVED_REPORT_DRAWING_GOLDEN,report Golden from Phase 2-II candidate; HIGH confidence,,,H29_REFERENCE,Calculation section heading (type subsection_header).
G-RPT-0123,report,report.section.CAL-P01283-CAL-SEC-4.2-001,ENT-LINE-ACL,4.2 主桁の設計,,,,text,CAL-P01283-CAL-SEC-4.2-001,RP-1172,calc_pdf_p1283,,CALCULATION,HIGH,UNVERIFIED,APPROVED_REPORT_DRAWING_GOLDEN,report Golden from Phase 2-II candidate; HIGH confidence,,,H29_REFERENCE,Calculation section heading (type section_header).
G-RPT-0124,report,report.section.CAL-P01284-CAL-SEC-4.2.1-001,ENT-LINE-ACL,4.2.1 設計方針,,,,text,CAL-P01284-CAL-SEC-4.2.1-001,RP-1174,calc_pdf_p1284,,CALCULATION,HIGH,UNVERIFIED,APPROVED_REPORT_DRAWING_GOLDEN,report Golden from Phase 2-II candidate; HIGH confidence,,,H29_REFERENCE,Calculation section heading (type subsection_header).
G-RPT-0125,report,report.section.CAL-P01287-CAL-SEC-4.2.2-001,ENT-LINE-ACL,4.2.2 床版有効幅の計算,,,,text,CAL-P01287-CAL-SEC-4.2.2-001,RP-1185,calc_pdf_p1287,,CALCULATION,HIGH,UNVERIFIED,APPROVED_REPORT_DRAWING_GOLDEN,report Golden from Phase 2-II candidate; HIGH confidence,,,H29_REFERENCE,Calculation section heading (type subsection_header).
G-RPT-0126,report,report.section.CAL-P01299-CAL-SEC-4.2.3-001,ENT-LINE-ACL,4.2.3 断面諸量,,,,text,CAL-P01299-CAL-SEC-4.2.3-001,RP-1188,calc_pdf_p1299,,CALCULATION,HIGH,UNVERIFIED,APPROVED_REPORT_DRAWING_GOLDEN,report Golden from Phase 2-II candidate; HIGH confidence,,,H29_REFERENCE,Calculation section heading (type subsection_header).
G-RPT-0127,report,report.section.CAL-P01318-CAL-SEC-4.2.4-001,ENT-LINE-ACL,4.2.4 断面の応力度照査(耐荷性能の照査),,,,text,CAL-P01318-CAL-SEC-4.2.4-001,RP-1195,calc_pdf_p1318,,CALCULATION,HIGH,UNVERIFIED,APPROVED_REPORT_DRAWING_GOLDEN,report Golden from Phase 2-II candidate; HIGH confidence,,,H29_REFERENCE,Calculation section heading (type subsection_header).
G-RPT-0128,report,report.section.CAL-P01319-CAL-SEC-4.2.4-001,ENT-LINE-ACL,AG1 Sec-1(Sup-1) その1(完成時),,,,text,CAL-P01319-CAL-SEC-4.2.4-001,RP-1198,calc_pdf_p1319,,CALCULATION,HIGH,UNVERIFIED,APPROVED_REPORT_DRAWING_GOLDEN,report Golden from Phase 2-II candidate; HIGH confidence,,,H29_REFERENCE,Calculation section heading (type subsection_header).
G-RPT-0129,report,report.section.CAL-P01400-CAL-SEC-4.2.4-001,ENT-LINE-ACL,AG1 Sec-2(Span 1) その2-1(完成時),,,,text,CAL-P01400-CAL-SEC-4.2.4-001,RP-1210,calc_pdf_p1400,,CALCULATION,HIGH,UNVERIFIED,APPROVED_REPORT_DRAWING_GOLDEN,report Golden from Phase 2-II candidate; HIGH confidence,,,H29_REFERENCE,Calculation section heading (type subsection_header).
G-RPT-0130,report,report.section.CAL-P01451-CAL-SEC-4.2.4-001,ENT-LINE-ACL,AG1 Sec-3(C1) 断面照査(完成時),,,,text,CAL-P01451-CAL-SEC-4.2.4-001,RP-1212,calc_pdf_p1451,,CALCULATION,HIGH,UNVERIFIED,APPROVED_REPORT_DRAWING_GOLDEN,report Golden from Phase 2-II candidate; HIGH confidence,,,H29_REFERENCE,Calculation section heading (type subsection_header).
G-RPT-0131,report,report.section.CAL-P01520-CAL-SEC-4.2.4-001,ENT-LINE-ACL,AG1 Sec-4(PK前) 断面照査,,,,text,CAL-P01520-CAL-SEC-4.2.4-001,RP-1214,calc_pdf_p1520,,CALCULATION,HIGH,UNVERIFIED,APPROVED_REPORT_DRAWING_GOLDEN,report Golden from Phase 2-II candidate; HIGH confidence,,,H29_REFERENCE,Calculation section heading (type subsection_header).
G-RPT-0132,report,report.section.CAL-P01598-CAL-SEC-4.2.4-001,ENT-LINE-ACL,AG1 Sec-5(PK後活) 断面照査,,,,text,CAL-P01598-CAL-SEC-4.2.4-001,RP-1216,calc_pdf_p1598,,CALCULATION,HIGH,UNVERIFIED,APPROVED_REPORT_DRAWING_GOLDEN,report Golden from Phase 2-II candidate; HIGH confidence,,,H29_REFERENCE,Calculation section heading (type subsection_header).
G-RPT-0133,report,report.section.CAL-P01680-CAL-SEC-4.2.4-001,ENT-LINE-ACL,AG1 Sec-6(PR1) 断面照査(完成時),,,,text,CAL-P01680-CAL-SEC-4.2.4-001,RP-1218,calc_pdf_p1680,,CALCULATION,HIGH,UNVERIFIED,APPROVED_REPORT_DRAWING_GOLDEN,report Golden from Phase 2-II candidate; HIGH confidence,,,H29_REFERENCE,Calculation section heading (type subsection_header).
G-RPT-0134,report,report.section.CAL-P01776-CAL-SEC-4.2.5-001,ENT-LINE-ACL,4.2.5 断面構成図,,,,text,CAL-P01776-CAL-SEC-4.2.5-001,RP-1220,calc_pdf_p1776,,CALCULATION,HIGH,UNVERIFIED,APPROVED_REPORT_DRAWING_GOLDEN,report Golden from Phase 2-II candidate; HIGH confidence,,,H29_REFERENCE,Calculation section heading (type subsection_header).
G-RPT-0135,report,report.section.CAL-P01778-CAL-SEC-4.2.6-001,ENT-LINE-ACL,4.2.6 現場継手の計算,,,,text,CAL-P01778-CAL-SEC-4.2.6-001,RP-1224,calc_pdf_p1778,,CALCULATION,HIGH,UNVERIFIED,APPROVED_REPORT_DRAWING_GOLDEN,report Golden from Phase 2-II candidate; HIGH confidence,,,H29_REFERENCE,Calculation section heading (type subsection_header).
G-RPT-0136,report,report.section.CAL-P01947-CAL-SEC-4.2.7-001,ENT-LINE-ACL,4.2.7 たわみおよび剛比の照査,,,,text,CAL-P01947-CAL-SEC-4.2.7-001,RP-1227,calc_pdf_p1947,,CALCULATION,HIGH,UNVERIFIED,APPROVED_REPORT_DRAWING_GOLDEN,report Golden from Phase 2-II candidate; HIGH confidence,,,H29_REFERENCE,Calculation section heading (type subsection_header).
G-RPT-0137,report,report.section.CAL-P01955-CAL-SEC-4.2.8-001,ENT-LINE-ACL,4.2.8 各計算応力度,,,,text,CAL-P01955-CAL-SEC-4.2.8-001,RP-1230,calc_pdf_p1955,,CALCULATION,HIGH,UNVERIFIED,APPROVED_REPORT_DRAWING_GOLDEN,report Golden from Phase 2-II candidate; HIGH confidence,,,H29_REFERENCE,Calculation section heading (type subsection_header).
G-RPT-0138,report,report.section.CAL-P01955-CAL-SEC-4.2.8-002,ENT-LINE-ACL,(1) 床版応力度,,,,text,CAL-P01955-CAL-SEC-4.2.8-002,RP-1232,calc_pdf_p1955,,CALCULATION,HIGH,UNVERIFIED,APPROVED_REPORT_DRAWING_GOLDEN,report Golden from Phase 2-II candidate; HIGH confidence,,,H29_REFERENCE,Calculation section heading (type subsection_header).
G-RPT-0139,report,report.section.CAL-P01958-CAL-SEC-4.2.8-001,ENT-LINE-ACL,(2) 曲率による応力度,,,,text,CAL-P01958-CAL-SEC-4.2.8-001,RP-1235,calc_pdf_p1958,,CALCULATION,HIGH,UNVERIFIED,APPROVED_REPORT_DRAWING_GOLDEN,report Golden from Phase 2-II candidate; HIGH confidence,,,H29_REFERENCE,Calculation section heading (type subsection_header).
G-RPT-0140,report,report.section.CAL-P02003-CAL-SEC-4.2.8-001,ENT-LINE-ACL,(3)完成系応力度(活荷重最大),,,,text,CAL-P02003-CAL-SEC-4.2.8-001,RP-1237,calc_pdf_p2003,,CALCULATION,HIGH,UNVERIFIED,APPROVED_REPORT_DRAWING_GOLDEN,report Golden from Phase 2-II candidate; HIGH confidence,,,H29_REFERENCE,Calculation section heading (type subsection_header).
G-RPT-0141,report,report.section.CAL-P02076-CAL-SEC-4.2.8-001,ENT-LINE-ACL,(4)完成系応力度(活荷重最小),,,,text,CAL-P02076-CAL-SEC-4.2.8-001,RP-1240,calc_pdf_p2076,,CALCULATION,HIGH,UNVERIFIED,APPROVED_REPORT_DRAWING_GOLDEN,report Golden from Phase 2-II candidate; HIGH confidence,,,H29_REFERENCE,Calculation section heading (type subsection_header).
G-RPT-0142,report,report.section.CAL-P02098-CAL-SEC-4.2.8-001,ENT-LINE-ACL,(5) 鉄筋応力度,,,,text,CAL-P02098-CAL-SEC-4.2.8-001,RP-1243,calc_pdf_p2098,,CALCULATION,HIGH,UNVERIFIED,APPROVED_REPORT_DRAWING_GOLDEN,report Golden from Phase 2-II candidate; HIGH confidence,,,H29_REFERENCE,Calculation section heading (type subsection_header).
G-RPT-0143,report,report.section.CAL-P02100-CAL-SEC-4.2.8-001,ENT-LINE-ACL,(6) 常時換算応力度,,,,text,CAL-P02100-CAL-SEC-4.2.8-001,RP-1246,calc_pdf_p2100,,CALCULATION,HIGH,UNVERIFIED,APPROVED_REPORT_DRAWING_GOLDEN,report Golden from Phase 2-II candidate; HIGH confidence,,,H29_REFERENCE,Calculation section heading (type subsection_header).
G-RPT-0144,report,report.section.CAL-P02114-CAL-SEC-4.2.8-001,ENT-LINE-ACL,(7) 断面毎応力度,,,,text,CAL-P02114-CAL-SEC-4.2.8-001,RP-1249,calc_pdf_p2114,,CALCULATION,HIGH,UNVERIFIED,APPROVED_REPORT_DRAWING_GOLDEN,report Golden from Phase 2-II candidate; HIGH confidence,,,H29_REFERENCE,Calculation section heading (type subsection_header).
G-RPT-0145,report,report.section.CAL-P02003-CAL-SEC-4.2.9-001,ENT-LINE-ACL,4.2.9 中間補剛材の計算,,,,text,CAL-P02003-CAL-SEC-4.2.9-001,RP-1252,calc_pdf_p2003,,CALCULATION,HIGH,UNVERIFIED,APPROVED_REPORT_DRAWING_GOLDEN,report Golden from Phase 2-II candidate; HIGH confidence,,,H29_REFERENCE,Calculation section heading (type subsection_header).
G-RPT-0146,report,report.section.CAL-P02003-CAL-SEC-4.2.9-002,ENT-LINE-ACL,4.2.9.1 垂直補剛材の計算,,,,text,CAL-P02003-CAL-SEC-4.2.9-002,RP-1254,calc_pdf_p2003,,CALCULATION,HIGH,UNVERIFIED,APPROVED_REPORT_DRAWING_GOLDEN,report Golden from Phase 2-II candidate; HIGH confidence,,,H29_REFERENCE,Calculation section heading (type subsection_header).
G-RPT-0147,report,report.section.CAL-P02003-CAL-SEC-4.2.9-003,ENT-LINE-ACL,4.2.9.2 垂直補剛材端部の処理,,,,text,CAL-P02003-CAL-SEC-4.2.9-003,RP-1256,calc_pdf_p2003,,CALCULATION,HIGH,UNVERIFIED,APPROVED_REPORT_DRAWING_GOLDEN,report Golden from Phase 2-II candidate; HIGH confidence,,,H29_REFERENCE,Calculation section heading (type subsection_header).
G-RPT-0148,report,report.section.CAL-P02003-CAL-SEC-4.2.9-004,ENT-LINE-ACL,4.2.9.3 水平補剛材の応力度照査,,,,text,CAL-P02003-CAL-SEC-4.2.9-004,RP-1258,calc_pdf_p2003,,CALCULATION,HIGH,UNVERIFIED,APPROVED_REPORT_DRAWING_GOLDEN,report Golden from Phase 2-II candidate; HIGH confidence,,,H29_REFERENCE,Calculation section heading (type subsection_header).
G-RPT-0149,report,report.section.CAL-P02003-CAL-SEC-4.2.9-005,ENT-LINE-ACL,4.2.9.4 中間補剛材の剛性照査,,,,text,CAL-P02003-CAL-SEC-4.2.9-005,RP-1260,calc_pdf_p2003,,CALCULATION,HIGH,UNVERIFIED,APPROVED_REPORT_DRAWING_GOLDEN,report Golden from Phase 2-II candidate; HIGH confidence,,,H29_REFERENCE,Calculation section heading (type subsection_header).
G-RPT-0150,report,report.section.CAL-P02023-CAL-SEC-4.2.10-001,ENT-LINE-ACL,4.2.10 主桁溶接計算,,,,text,CAL-P02023-CAL-SEC-4.2.10-001,RP-1262,calc_pdf_p2023,,CALCULATION,HIGH,UNVERIFIED,APPROVED_REPORT_DRAWING_GOLDEN,report Golden from Phase 2-II candidate; HIGH confidence,,,H29_REFERENCE,Calculation section heading (type subsection_header).
G-RPT-0151,report,report.section.CH5-PE-002,ENT-LINE-ACL,5.1 支承の設計,,,,text,CH5-PE-002,RP-1406,calc_pdf_p2027,,CALCULATION,HIGH,UNVERIFIED,APPROVED_REPORT_DRAWING_GOLDEN,report Golden from Phase 2-II candidate; HIGH confidence,,,H29_REFERENCE,Calculation section heading (type section_title).
G-RPT-0152,report,report.section.CH5-PE-003,ENT-LINE-ACL,適用示方書・便覧,,,,text,CH5-PE-003,RP-1408,calc_pdf_p2027,,CALCULATION,HIGH,UNVERIFIED,APPROVED_REPORT_DRAWING_GOLDEN,report Golden from Phase 2-II candidate; HIGH confidence,,,H29_REFERENCE,Calculation section heading (type sub_section).
G-RPT-0153,report,report.section.CH5-PE-004,ENT-LINE-ACL,諸元,,,,text,CH5-PE-004,RP-1410,calc_pdf_p2027,,CALCULATION,HIGH,UNVERIFIED,APPROVED_REPORT_DRAWING_GOLDEN,report Golden from Phase 2-II candidate; HIGH confidence,,,H29_REFERENCE,Calculation section heading (type sub_section).
G-RPT-0154,report,report.section.CH5-PE-007,ENT-LINE-ACL,5.1.1 ゴム支承計算書(Ⅰ種地盤),,,,text,CH5-PE-007,RP-1414,calc_pdf_p2028,,CALCULATION,HIGH,UNVERIFIED,APPROVED_REPORT_DRAWING_GOLDEN,report Golden from Phase 2-II candidate; HIGH confidence,,,H29_REFERENCE,Calculation section heading (type sub_section).
G-RPT-0155,report,report.section.CH5-PE-008,ENT-LINE-ACL,設計条件(支承条件),,,,text,CH5-PE-008,RP-1416,calc_pdf_p2028,,CALCULATION,HIGH,UNVERIFIED,APPROVED_REPORT_DRAWING_GOLDEN,report Golden from Phase 2-II candidate; HIGH confidence,,,H29_REFERENCE,Calculation section heading (type sub_sub_section).
G-RPT-0156,report,report.section.CH5-PE-009,ENT-LINE-ACL,地盤条件・設計水平震度,,,,text,CH5-PE-009,RP-1418,calc_pdf_p2028,,CALCULATION,HIGH,UNVERIFIED,APPROVED_REPORT_DRAWING_GOLDEN,report Golden from Phase 2-II candidate; HIGH confidence,,,H29_REFERENCE,Calculation section heading (type sub_sub_section).
G-RPT-0157,report,report.section.CH5-PE-010,ENT-LINE-ACL,下部剛性,,,,text,CH5-PE-010,RP-1420,calc_pdf_p2028,,CALCULATION,HIGH,UNVERIFIED,APPROVED_REPORT_DRAWING_GOLDEN,report Golden from Phase 2-II candidate; HIGH confidence,,,H29_REFERENCE,Calculation section heading (type sub_sub_section).
G-RPT-0158,report,report.section.CH5-PE-011,ENT-LINE-ACL,径間移動量,,,,text,CH5-PE-011,RP-1422,calc_pdf_p2029,,CALCULATION,HIGH,UNVERIFIED,APPROVED_REPORT_DRAWING_GOLDEN,report Golden from Phase 2-II candidate; HIGH confidence,,,H29_REFERENCE,Calculation section heading (type sub_sub_section).
G-RPT-0159,report,report.section.CH5-PE-012,ENT-LINE-ACL,作用の組合せ及び荷重組合せ係数と荷重係数,,,,text,CH5-PE-012,RP-1424,calc_pdf_p2030,,CALCULATION,HIGH,UNVERIFIED,APPROVED_REPORT_DRAWING_GOLDEN,report Golden from Phase 2-II candidate; HIGH confidence,,,H29_REFERENCE,Calculation section heading (type sub_sub_section).
G-RPT-0160,report,report.section.CH5-PE-013,ENT-LINE-ACL,ゴム支承本体の耐久性能の照査,,,,text,CH5-PE-013,RP-1426,calc_pdf_p2031,,CALCULATION,HIGH,UNVERIFIED,APPROVED_REPORT_DRAWING_GOLDEN,report Golden from Phase 2-II candidate; HIGH confidence,,,H29_REFERENCE,Calculation section heading (type sub_sub_section).
G-RPT-0161,report,report.section.CH5-PE-014,ENT-LINE-ACL,耐久性能の設計条件(荷重条件),,,,text,CH5-PE-014,RP-1428,calc_pdf_p2031,,CALCULATION,HIGH,UNVERIFIED,APPROVED_REPORT_DRAWING_GOLDEN,report Golden from Phase 2-II candidate; HIGH confidence,,,H29_REFERENCE,Calculation section heading (type sub_sub_section).
G-RPT-0162,report,report.section.CH5-PE-015,ENT-LINE-ACL,支承形状,,,,text,CH5-PE-015,RP-1430,calc_pdf_p2031,,CALCULATION,HIGH,UNVERIFIED,APPROVED_REPORT_DRAWING_GOLDEN,report Golden from Phase 2-II candidate; HIGH confidence,,,H29_REFERENCE,Calculation section heading (type sub_sub_section).
G-RPT-0163,report,report.section.CH5-PE-016,ENT-LINE-ACL,鉛プラグ入りゴム支承のcγ(γ)算定に用いる係数,,,,text,CH5-PE-016,RP-1432,calc_pdf_p2031,,CALCULATION,HIGH,UNVERIFIED,APPROVED_REPORT_DRAWING_GOLDEN,report Golden from Phase 2-II candidate; HIGH confidence,,,H29_REFERENCE,Calculation section heading (type sub_sub_section).
G-RPT-0164,report,report.section.CH5-PE-017,ENT-LINE-ACL,鉛プラグ入りゴム支承のq(γ)算定に用いる係数,,,,text,CH5-PE-017,RP-1434,calc_pdf_p2031,,CALCULATION,HIGH,UNVERIFIED,APPROVED_REPORT_DRAWING_GOLDEN,report Golden from Phase 2-II candidate; HIGH confidence,,,H29_REFERENCE,Calculation section heading (type sub_sub_section).
G-RPT-0165,report,report.section.CH5-PE-018,ENT-LINE-ACL,鉛プラグ入りゴム支承のqo(γe)算定に用いる係数,,,,text,CH5-PE-018,RP-1436,calc_pdf_p2031,,CALCULATION,HIGH,UNVERIFIED,APPROVED_REPORT_DRAWING_GOLDEN,report Golden from Phase 2-II candidate; HIGH confidence,,,H29_REFERENCE,Calculation section heading (type sub_sub_section).
G-RPT-0166,report,report.section.CH5-PE-019,ENT-LINE-ACL,支承特性値の算出(形状係数・縦弾性係数・支承剛性),,,,text,CH5-PE-019,RP-1438,calc_pdf_p2032,,CALCULATION,HIGH,UNVERIFIED,APPROVED_REPORT_DRAWING_GOLDEN,report Golden from Phase 2-II candidate; HIGH confidence,,,H29_REFERENCE,Calculation section heading (type sub_sub_section).
G-RPT-0167,report,report.section.CH5-PE-020,ENT-LINE-ACL,形状係数・縦弾性係数,,,,text,CH5-PE-020,RP-1440,calc_pdf_p2032,,CALCULATION,HIGH,UNVERIFIED,APPROVED_REPORT_DRAWING_GOLDEN,report Golden from Phase 2-II candidate; HIGH confidence,,,H29_REFERENCE,Calculation section heading (type sub_sub_section).
G-RPT-0168,report,report.section.CH5-PE-021,ENT-LINE-ACL,支承剛性,,,,text,CH5-PE-021,RP-1442,calc_pdf_p2032,,CALCULATION,HIGH,UNVERIFIED,APPROVED_REPORT_DRAWING_GOLDEN,report Golden from Phase 2-II candidate; HIGH confidence,,,H29_REFERENCE,Calculation section heading (type sub_sub_section).
G-RPT-0169,report,report.section.CH5-PE-022,ENT-LINE-ACL,計算結果(形状係数・圧縮剛性),,,,text,CH5-PE-022,RP-1444,calc_pdf_p2033,,CALCULATION,HIGH,UNVERIFIED,APPROVED_REPORT_DRAWING_GOLDEN,report Golden from Phase 2-II candidate; HIGH confidence,,,H29_REFERENCE,Calculation section heading (type sub_sub_section).
G-RPT-0170,report,report.section.CH5-PE-023,ENT-LINE-ACL,合成剛性の算出,,,,text,CH5-PE-023,RP-1446,calc_pdf_p2033,,CALCULATION,HIGH,UNVERIFIED,APPROVED_REPORT_DRAWING_GOLDEN,report Golden from Phase 2-II candidate; HIGH confidence,,,H29_REFERENCE,Calculation section heading (type sub_sub_section).
G-RPT-0171,report,report.section.CH5-PE-024,ENT-LINE-ACL,温度変化時および不静定時移動量・水平力の算出,,,,text,CH5-PE-024,RP-1448,calc_pdf_p2034,,CALCULATION,HIGH,UNVERIFIED,APPROVED_REPORT_DRAWING_GOLDEN,report Golden from Phase 2-II candidate; HIGH confidence,,,H29_REFERENCE,Calculation section heading (type sub_sub_section).
G-RPT-0172,report,report.section.CH5-PE-025,ENT-LINE-ACL,温度変化時(50℃/30℃)移動量,,,,text,CH5-PE-025,RP-1450,calc_pdf_p2035,,CALCULATION,HIGH,UNVERIFIED,APPROVED_REPORT_DRAWING_GOLDEN,report Golden from Phase 2-II candidate; HIGH confidence,,,H29_REFERENCE,Calculation section heading (type sub_sub_section).
G-RPT-0173,report,report.section.CH5-PE-026,ENT-LINE-ACL,不静定時移動量・合計移動量・水平力,,,,text,CH5-PE-026,RP-1452,calc_pdf_p2036,,CALCULATION,HIGH,UNVERIFIED,APPROVED_REPORT_DRAWING_GOLDEN,report Golden from Phase 2-II candidate; HIGH confidence,,,H29_REFERENCE,Calculation section heading (type sub_sub_section).
G-RPT-0174,report,report.section.CH5-PE-027,ENT-LINE-ACL,レベル１地震時移動量・水平力の算出,,,,text,CH5-PE-027,RP-1454,calc_pdf_p2037,,CALCULATION,HIGH,UNVERIFIED,APPROVED_REPORT_DRAWING_GOLDEN,report Golden from Phase 2-II candidate; HIGH confidence,,,H29_REFERENCE,Calculation section heading (type sub_sub_section).
G-RPT-0175,report,report.section.CH5-PE-028,ENT-LINE-ACL,レベル１地震時計算結果,,,,text,CH5-PE-028,RP-1456,calc_pdf_p2038,,CALCULATION,HIGH,UNVERIFIED,APPROVED_REPORT_DRAWING_GOLDEN,report Golden from Phase 2-II candidate; HIGH confidence,,,H29_REFERENCE,Calculation section heading (type sub_sub_section).
G-RPT-0176,report,report.section.CH5-PE-029,ENT-LINE-ACL,制限値,,,,text,CH5-PE-029,RP-1458,calc_pdf_p2039,,CALCULATION,HIGH,UNVERIFIED,APPROVED_REPORT_DRAWING_GOLDEN,report Golden from Phase 2-II candidate; HIGH confidence,,,H29_REFERENCE,Calculation section heading (type sub_sub_section).
G-RPT-0177,report,report.section.CH5-PE-030,ENT-LINE-ACL,ゴム材料の呼びと設計に用いる標準値,,,,text,CH5-PE-030,RP-1460,calc_pdf_p2039,,CALCULATION,HIGH,UNVERIFIED,APPROVED_REPORT_DRAWING_GOLDEN,report Golden from Phase 2-II candidate; HIGH confidence,,,H29_REFERENCE,Calculation section heading (type sub_sub_section).
G-RPT-0178,report,report.section.CH5-PE-031,ENT-LINE-ACL,疲労に対する設計(繰返し圧縮作用),,,,text,CH5-PE-031,RP-1462,calc_pdf_p2040,,CALCULATION,HIGH,UNVERIFIED,APPROVED_REPORT_DRAWING_GOLDEN,report Golden from Phase 2-II candidate; HIGH confidence,,,H29_REFERENCE,Calculation section heading (type sub_sub_section).
G-RPT-0179,report,report.section.CH5-PE-032,ENT-LINE-ACL,繰返し水平変位に対する設計,,,,text,CH5-PE-032,RP-1464,calc_pdf_p2041,,CALCULATION,HIGH,UNVERIFIED,APPROVED_REPORT_DRAWING_GOLDEN,report Golden from Phase 2-II candidate; HIGH confidence,,,H29_REFERENCE,Calculation section heading (type sub_sub_section).
G-RPT-0180,report,report.section.CH5-PE-033,ENT-LINE-ACL,繰返し引張作用に対する設計,,,,text,CH5-PE-033,RP-1466,calc_pdf_p2042,,CALCULATION,HIGH,UNVERIFIED,APPROVED_REPORT_DRAWING_GOLDEN,report Golden from Phase 2-II candidate; HIGH confidence,,,H29_REFERENCE,Calculation section heading (type sub_sub_section).
G-RPT-0181,report,report.section.CH5-PE-034,ENT-LINE-ACL,圧縮作用・水平変位・回転変位に対する設計,,,,text,CH5-PE-034,RP-1468,calc_pdf_p2042,,CALCULATION,HIGH,UNVERIFIED,APPROVED_REPORT_DRAWING_GOLDEN,report Golden from Phase 2-II candidate; HIGH confidence,,,H29_REFERENCE,Calculation section heading (type sub_sub_section).
G-RPT-0182,report,report.section.CH5-PE-035,ENT-LINE-ACL,その他の照査(端支点部圧縮変位量),,,,text,CH5-PE-035,RP-1470,calc_pdf_p2043,,CALCULATION,HIGH,UNVERIFIED,APPROVED_REPORT_DRAWING_GOLDEN,report Golden from Phase 2-II candidate; HIGH confidence,,,H29_REFERENCE,Calculation section heading (type sub_sub_section).
G-RPT-0183,report,report.section.CH5-PE-036,ENT-LINE-ACL,ゴム支承本体の耐荷性能の照査,,,,text,CH5-PE-036,RP-1472,calc_pdf_p2043,,CALCULATION,HIGH,UNVERIFIED,APPROVED_REPORT_DRAWING_GOLDEN,report Golden from Phase 2-II candidate; HIGH confidence,,,H29_REFERENCE,Calculation section heading (type sub_sub_section).
G-RPT-0184,report,report.section.CH5-PE-037,ENT-LINE-ACL,永続作用および変動作用支配状況(①②⑤)荷重条件,,,,text,CH5-PE-037,RP-1474,calc_pdf_p2044,,CALCULATION,HIGH,UNVERIFIED,APPROVED_REPORT_DRAWING_GOLDEN,report Golden from Phase 2-II candidate; HIGH confidence,,,H29_REFERENCE,Calculation section heading (type sub_sub_section).
G-RPT-0185,report,report.section.CH5-PE-038,ENT-LINE-ACL,変動作用支配状況(⑨)荷重条件,,,,text,CH5-PE-038,RP-1476,calc_pdf_p2045,,CALCULATION,HIGH,UNVERIFIED,APPROVED_REPORT_DRAWING_GOLDEN,report Golden from Phase 2-II candidate; HIGH confidence,,,H29_REFERENCE,Calculation section heading (type sub_sub_section).
G-RPT-0186,report,report.section.CH5-PE-039,ENT-LINE-ACL,変動作用支配状況(⑩)荷重条件,,,,text,CH5-PE-039,RP-1478,calc_pdf_p2046,,CALCULATION,HIGH,UNVERIFIED,APPROVED_REPORT_DRAWING_GOLDEN,report Golden from Phase 2-II candidate; HIGH confidence,,,H29_REFERENCE,Calculation section heading (type sub_sub_section).
G-RPT-0187,report,report.section.CH5-PE-040,ENT-LINE-ACL,変動作用支配状況(⑪)荷重条件(レベル2),,,,text,CH5-PE-040,RP-1480,calc_pdf_p2047,,CALCULATION,HIGH,UNVERIFIED,APPROVED_REPORT_DRAWING_GOLDEN,report Golden from Phase 2-II candidate; HIGH confidence,,,H29_REFERENCE,Calculation section heading (type sub_sub_section).
G-RPT-0188,report,report.section.CH5-PE-041,ENT-LINE-ACL,5.1.2 ゴム支承計算書(Ⅱ種地盤),,,,text,CH5-PE-041,RP-1482,calc_pdf_p2083,,CALCULATION,HIGH,UNVERIFIED,APPROVED_REPORT_DRAWING_GOLDEN,report Golden from Phase 2-II candidate; HIGH confidence,,,H29_REFERENCE,Calculation section heading (type sub_section).
G-RPT-0189,report,report.section.CH5-PE-042,ENT-LINE-ACL,5.1.3 鋼材計算書,,,,text,CH5-PE-042,RP-1484,calc_pdf_p2138,,CALCULATION,HIGH,UNVERIFIED,APPROVED_REPORT_DRAWING_GOLDEN,report Golden from Phase 2-II candidate; HIGH confidence,,,H29_REFERENCE,Calculation section heading (type sub_section).
G-RPT-0190,report,report.section.CH5-PE-043,ENT-LINE-ACL,設計条件(反力・変位量・特性値),,,,text,CH5-PE-043,RP-1486,calc_pdf_p2138,,CALCULATION,HIGH,UNVERIFIED,APPROVED_REPORT_DRAWING_GOLDEN,report Golden from Phase 2-II candidate; HIGH confidence,,,H29_REFERENCE,Calculation section heading (type sub_sub_section).
G-RPT-0191,report,report.section.CH5-PE-044,ENT-LINE-ACL,照査方法(鋼板・ボルト・アンカーボルト制限値),,,,text,CH5-PE-044,RP-1488,calc_pdf_p2138,,CALCULATION,HIGH,UNVERIFIED,APPROVED_REPORT_DRAWING_GOLDEN,report Golden from Phase 2-II candidate; HIGH confidence,,,H29_REFERENCE,Calculation section heading (type sub_sub_section).
G-RPT-0192,report,report.section.CH5-PE-045,ENT-LINE-ACL,ゴム支承本体取付けボルトの設計,,,,text,CH5-PE-045,RP-1490,calc_pdf_p2139,,CALCULATION,HIGH,UNVERIFIED,APPROVED_REPORT_DRAWING_GOLDEN,report Golden from Phase 2-II candidate; HIGH confidence,,,H29_REFERENCE,Calculation section heading (type sub_sub_section).
G-RPT-0193,report,report.section.CH5-PE-046,ENT-LINE-ACL,5.1.4 水平支承鋼材計算書,,,,text,CH5-PE-046,RP-1492,calc_pdf_p2167,,CALCULATION,HIGH,UNVERIFIED,APPROVED_REPORT_DRAWING_GOLDEN,report Golden from Phase 2-II candidate; HIGH confidence,,,H29_REFERENCE,Calculation section heading (type sub_section).
G-RPT-0194,report,report.section.CH5-PE-047,ENT-LINE-ACL,設計条件(水平支承),,,,text,CH5-PE-047,RP-1494,calc_pdf_p2167,,CALCULATION,HIGH,UNVERIFIED,APPROVED_REPORT_DRAWING_GOLDEN,report Golden from Phase 2-II candidate; HIGH confidence,,,H29_REFERENCE,Calculation section heading (type sub_sub_section).
G-RPT-0195,report,report.section.CH5-PE-048,ENT-LINE-ACL,5.2 段差防止構造の設計,,,,text,CH5-PE-048,RP-1496,calc_pdf_p2190,,CALCULATION,HIGH,UNVERIFIED,APPROVED_REPORT_DRAWING_GOLDEN,report Golden from Phase 2-II candidate; HIGH confidence,,,H29_REFERENCE,Calculation section heading (type section_title).
G-RPT-0196,report,report.section.CH5-PE-049,ENT-LINE-ACL,5.2.1 設計方針,,,,text,CH5-PE-049,RP-1498,calc_pdf_p2190,,CALCULATION,HIGH,UNVERIFIED,APPROVED_REPORT_DRAWING_GOLDEN,report Golden from Phase 2-II candidate; HIGH confidence,,,H29_REFERENCE,Calculation section heading (type sub_section).
G-RPT-0197,report,report.section.CH5-PE-051,ENT-LINE-ACL,5.2.2 設計荷重,,,,text,CH5-PE-051,RP-1501,calc_pdf_p2191,,CALCULATION,HIGH,UNVERIFIED,APPROVED_REPORT_DRAWING_GOLDEN,report Golden from Phase 2-II candidate; HIGH confidence,,,H29_REFERENCE,Calculation section heading (type sub_section).
G-RPT-0198,report,report.section.CH5-PE-052,ENT-LINE-ACL,5.2.3 台座寸法図,,,,text,CH5-PE-052,RP-1503,calc_pdf_p2192,,CALCULATION,HIGH,UNVERIFIED,APPROVED_REPORT_DRAWING_GOLDEN,report Golden from Phase 2-II candidate; HIGH confidence,,,H29_REFERENCE,Calculation section heading (type sub_section).
G-RPT-0199,report,report.section.CH5-PE-053,ENT-LINE-ACL,5.2.4 緩衝材の計算,,,,text,CH5-PE-053,RP-1505,calc_pdf_p2193,,CALCULATION,HIGH,UNVERIFIED,APPROVED_REPORT_DRAWING_GOLDEN,report Golden from Phase 2-II candidate; HIGH confidence,,,H29_REFERENCE,Calculation section heading (type sub_section).
G-RPT-0200,report,report.section.CH5-PE-054,ENT-LINE-ACL,5.2.5 台座の計算,,,,text,CH5-PE-054,RP-1507,calc_pdf_p2193,,CALCULATION,HIGH,UNVERIFIED,APPROVED_REPORT_DRAWING_GOLDEN,report Golden from Phase 2-II candidate; HIGH confidence,,,H29_REFERENCE,Calculation section heading (type sub_section).
G-RPT-0201,report,report.section.CH5-PE-055,ENT-LINE-ACL,軸方向圧縮力に対する照査,,,,text,CH5-PE-055,RP-1509,calc_pdf_p2193,,CALCULATION,HIGH,UNVERIFIED,APPROVED_REPORT_DRAWING_GOLDEN,report Golden from Phase 2-II candidate; HIGH confidence,,,H29_REFERENCE,Calculation section heading (type sub_sub_section).
G-RPT-0202,report,report.section.CH5-PE-056,ENT-LINE-ACL,天板の計算,,,,text,CH5-PE-056,RP-1511,calc_pdf_p2194,,CALCULATION,HIGH,UNVERIFIED,APPROVED_REPORT_DRAWING_GOLDEN,report Golden from Phase 2-II candidate; HIGH confidence,,,H29_REFERENCE,Calculation section heading (type sub_sub_section).
G-RPT-0203,report,report.section.CH5-PE-057,ENT-LINE-ACL,溶接の照査,,,,text,CH5-PE-057,RP-1513,calc_pdf_p2195,,CALCULATION,HIGH,UNVERIFIED,APPROVED_REPORT_DRAWING_GOLDEN,report Golden from Phase 2-II candidate; HIGH confidence,,,H29_REFERENCE,Calculation section heading (type sub_sub_section).
G-RPT-0204,report,report.section.CH5-PE-058,ENT-LINE-ACL,BaseとRibおよびWebの溶接,,,,text,CH5-PE-058,RP-1515,calc_pdf_p2196,,CALCULATION,HIGH,UNVERIFIED,APPROVED_REPORT_DRAWING_GOLDEN,report Golden from Phase 2-II candidate; HIGH confidence,,,H29_REFERENCE,Calculation section heading (type sub_sub_section).
G-RPT-0205,report,report.section.CH5-PE-059,ENT-LINE-ACL,アンカーボルト,,,,text,CH5-PE-059,RP-1517,calc_pdf_p2197,,CALCULATION,HIGH,UNVERIFIED,APPROVED_REPORT_DRAWING_GOLDEN,report Golden from Phase 2-II candidate; HIGH confidence,,,H29_REFERENCE,Calculation section heading (type sub_sub_section).
G-RPT-0206,report,report.section.CH5-PE-060,ENT-LINE-ACL,5.2.6 巻き立てコンクリートへの影響の検討,,,,text,CH5-PE-060,RP-1519,calc_pdf_p2197,,CALCULATION,HIGH,UNVERIFIED,APPROVED_REPORT_DRAWING_GOLDEN,report Golden from Phase 2-II candidate; HIGH confidence,,,H29_REFERENCE,Calculation section heading (type sub_section).
G-RPT-0207,report,report.section.CH5-PE-061,ENT-LINE-ACL,段差防止構造作用時の断面力の確認,,,,text,CH5-PE-061,RP-1521,calc_pdf_p2198,,CALCULATION,HIGH,UNVERIFIED,APPROVED_REPORT_DRAWING_GOLDEN,report Golden from Phase 2-II candidate; HIGH confidence,,,H29_REFERENCE,Calculation section heading (type sub_sub_section).
G-RPT-0208,report,report.section.CH5-PE-062,ENT-LINE-ACL,5.3 排水の設計,,,,text,CH5-PE-062,RP-1523,calc_pdf_p2199,,CALCULATION,HIGH,UNVERIFIED,APPROVED_REPORT_DRAWING_GOLDEN,report Golden from Phase 2-II candidate; HIGH confidence,,,H29_REFERENCE,Calculation section heading (type section_title).
G-RPT-0209,report,report.section.CH5-PE-063,ENT-LINE-ACL,条件等,,,,text,CH5-PE-063,RP-1525,calc_pdf_p2199,,CALCULATION,HIGH,UNVERIFIED,APPROVED_REPORT_DRAWING_GOLDEN,report Golden from Phase 2-II candidate; HIGH confidence,,,H29_REFERENCE,Calculation section heading (type sub_sub_section).
G-RPT-0210,report,report.section.CH5-PE-064,ENT-LINE-ACL,計算式,,,,text,CH5-PE-064,RP-1527,calc_pdf_p2199,,CALCULATION,HIGH,UNVERIFIED,APPROVED_REPORT_DRAWING_GOLDEN,report Golden from Phase 2-II candidate; HIGH confidence,,,H29_REFERENCE,Calculation section heading (type sub_sub_section).
G-RPT-0211,report,report.section.CH5-PE-065,ENT-LINE-ACL,排水桝間隔の計算(S1-PR1/PR1-PR2/PR2-S2),,,,text,CH5-PE-065,RP-1529,calc_pdf_p2201,,CALCULATION,HIGH,UNVERIFIED,APPROVED_REPORT_DRAWING_GOLDEN,report Golden from Phase 2-II candidate; HIGH confidence,,,H29_REFERENCE,Calculation section heading (type sub_sub_section).
G-RPT-0212,report,report.section.CH5-PE-066,ENT-LINE-ACL,各部寸法表(幅員方向寸法・横断勾配・路面計画高),,,,text,CH5-PE-066,RP-1531,calc_pdf_p2204,,CALCULATION,HIGH,UNVERIFIED,APPROVED_REPORT_DRAWING_GOLDEN,report Golden from Phase 2-II candidate; HIGH confidence,,,H29_REFERENCE,Calculation section heading (type sub_sub_section).
G-RPT-0213,report,report.section.CH5-PE-067,ENT-LINE-ACL,計算用数値表,,,,text,CH5-PE-067,RP-1533,calc_pdf_p2205,,CALCULATION,HIGH,UNVERIFIED,APPROVED_REPORT_DRAWING_GOLDEN,report Golden from Phase 2-II candidate; HIGH confidence,,,H29_REFERENCE,Calculation section heading (type sub_sub_section).
G-RPT-0214,report,report.section.CH5-PE-068,ENT-LINE-ACL,排水管の確認,,,,text,CH5-PE-068,RP-1535,calc_pdf_p2205,,CALCULATION,HIGH,UNVERIFIED,APPROVED_REPORT_DRAWING_GOLDEN,report Golden from Phase 2-II candidate; HIGH confidence,,,H29_REFERENCE,Calculation section heading (type sub_sub_section).
G-RPT-0215,report,report.section.CH5-PE-069,ENT-LINE-ACL,5.4 伸縮装置の設計,,,,text,CH5-PE-069,RP-1537,calc_pdf_p2206,,CALCULATION,HIGH,UNVERIFIED,APPROVED_REPORT_DRAWING_GOLDEN,report Golden from Phase 2-II candidate; HIGH confidence,,,H29_REFERENCE,Calculation section heading (type section_title).
G-RPT-0216,report,report.section.CH5-PE-070,ENT-LINE-ACL,5.4.1 PU15,,,,text,CH5-PE-070,RP-1539,calc_pdf_p2207,,CALCULATION,HIGH,UNVERIFIED,APPROVED_REPORT_DRAWING_GOLDEN,report Golden from Phase 2-II candidate; HIGH confidence,,,H29_REFERENCE,Calculation section heading (type sub_section).
G-RPT-0217,report,report.section.CH5-PE-071,ENT-LINE-ACL,設計条件(橋種・温度範囲・レベル1移動量),,,,text,CH5-PE-071,RP-1541,calc_pdf_p2207,,CALCULATION,HIGH,UNVERIFIED,APPROVED_REPORT_DRAWING_GOLDEN,report Golden from Phase 2-II candidate; HIGH confidence,,,H29_REFERENCE,Calculation section heading (type sub_sub_section).
G-RPT-0218,report,report.section.CH5-PE-072,ENT-LINE-ACL,伸縮量(常時/地震時),,,,text,CH5-PE-072,RP-1543,calc_pdf_p2207,,CALCULATION,HIGH,UNVERIFIED,APPROVED_REPORT_DRAWING_GOLDEN,report Golden from Phase 2-II candidate; HIGH confidence,,,H29_REFERENCE,Calculation section heading (type sub_sub_section).
G-RPT-0219,report,report.section.CH5-PE-073,ENT-LINE-ACL,形式選定(移動量/桁遊間),,,,text,CH5-PE-073,RP-1545,calc_pdf_p2208,,CALCULATION,HIGH,UNVERIFIED,APPROVED_REPORT_DRAWING_GOLDEN,report Golden from Phase 2-II candidate; HIGH confidence,,,H29_REFERENCE,Calculation section heading (type sub_sub_section).
G-RPT-0220,report,report.section.CH5-PE-074,ENT-LINE-ACL,荷重条件,,,,text,CH5-PE-074,RP-1547,calc_pdf_p2208,,CALCULATION,HIGH,UNVERIFIED,APPROVED_REPORT_DRAWING_GOLDEN,report Golden from Phase 2-II candidate; HIGH confidence,,,H29_REFERENCE,Calculation section heading (type sub_sub_section).
G-RPT-0221,report,report.section.CH5-PE-075,ENT-LINE-ACL,ミドルビーム(機械的性質・曲げモーメント),,,,text,CH5-PE-075,RP-1549,calc_pdf_p2208,,CALCULATION,HIGH,UNVERIFIED,APPROVED_REPORT_DRAWING_GOLDEN,report Golden from Phase 2-II candidate; HIGH confidence,,,H29_REFERENCE,Calculation section heading (type sub_sub_section).
G-RPT-0222,report,report.section.CH5-PE-076,ENT-LINE-ACL,ミドルビーム曲げモーメント(4径間連続梁),,,,text,CH5-PE-076,RP-1551,calc_pdf_p2209,,CALCULATION,HIGH,UNVERIFIED,APPROVED_REPORT_DRAWING_GOLDEN,report Golden from Phase 2-II candidate; HIGH confidence,,,H29_REFERENCE,Calculation section heading (type sub_sub_section).
G-RPT-0223,report,report.section.CH5-PE-077,ENT-LINE-ACL,荷重項の計算・三連モーメントの式,,,,text,CH5-PE-077,RP-1553,calc_pdf_p2211,,CALCULATION,HIGH,UNVERIFIED,APPROVED_REPORT_DRAWING_GOLDEN,report Golden from Phase 2-II candidate; HIGH confidence,,,H29_REFERENCE,Calculation section heading (type sub_sub_section).
G-RPT-0224,report,report.section.CH5-PE-078,ENT-LINE-ACL,各支点反力・最大曲げモーメント,,,,text,CH5-PE-078,RP-1555,calc_pdf_p2212,,CALCULATION,HIGH,UNVERIFIED,APPROVED_REPORT_DRAWING_GOLDEN,report Golden from Phase 2-II candidate; HIGH confidence,,,H29_REFERENCE,Calculation section heading (type sub_sub_section).
G-RPT-0225,report,report.section.CH5-PE-079,ENT-LINE-ACL,ミドルビーム曲げ応力度・せん断応力度・合成応力度,,,,text,CH5-PE-079,RP-1557,calc_pdf_p2213,,CALCULATION,HIGH,UNVERIFIED,APPROVED_REPORT_DRAWING_GOLDEN,report Golden from Phase 2-II candidate; HIGH confidence,,,H29_REFERENCE,Calculation section heading (type sub_sub_section).
G-RPT-0226,report,report.section.CH5-PE-080,ENT-LINE-ACL,サポートビーム(SM490A)の計算,,,,text,CH5-PE-080,RP-1559,calc_pdf_p2214,,CALCULATION,HIGH,UNVERIFIED,APPROVED_REPORT_DRAWING_GOLDEN,report Golden from Phase 2-II candidate; HIGH confidence,,,H29_REFERENCE,Calculation section heading (type sub_sub_section).
G-RPT-0227,report,report.section.CH5-PE-081,ENT-LINE-ACL,伸縮装置張出部の応力度,,,,text,CH5-PE-081,RP-1561,calc_pdf_p2216,,CALCULATION,HIGH,UNVERIFIED,APPROVED_REPORT_DRAWING_GOLDEN,report Golden from Phase 2-II candidate; HIGH confidence,,,H29_REFERENCE,Calculation section heading (type sub_sub_section).
G-RPT-0228,report,report.section.CH5-PE-082,ENT-LINE-ACL,A-A断面合成応力度,,,,text,CH5-PE-082,RP-1563,calc_pdf_p2220,,CALCULATION,HIGH,UNVERIFIED,APPROVED_REPORT_DRAWING_GOLDEN,report Golden from Phase 2-II candidate; HIGH confidence,,,H29_REFERENCE,Calculation section heading (type sub_sub_section).
G-RPT-0229,report,report.section.CH5-PE-083,ENT-LINE-ACL,5.4.2 AR2,,,,text,CH5-PE-083,RP-1565,calc_pdf_p2220,,CALCULATION,HIGH,UNVERIFIED,APPROVED_REPORT_DRAWING_GOLDEN,report Golden from Phase 2-II candidate; HIGH confidence,,,H29_REFERENCE,Calculation section heading (type sub_section).
G-RPT-0230,report,report.section.CH5-PE-084,ENT-LINE-ACL,伸縮装置の移動量(温度/地震/設計伸縮量),,,,text,CH5-PE-084,RP-1567,calc_pdf_p2220,,CALCULATION,HIGH,UNVERIFIED,APPROVED_REPORT_DRAWING_GOLDEN,report Golden from Phase 2-II candidate; HIGH confidence,,,H29_REFERENCE,Calculation section heading (type sub_sub_section).
G-RPT-0231,report,report.section.CH5-PE-085,ENT-LINE-ACL,設計条件(SEFジョイント100-325),,,,text,CH5-PE-085,RP-1569,calc_pdf_p2221,,CALCULATION,HIGH,UNVERIFIED,APPROVED_REPORT_DRAWING_GOLDEN,report Golden from Phase 2-II candidate; HIGH confidence,,,H29_REFERENCE,Calculation section heading (type sub_sub_section).
G-RPT-0232,report,report.section.CH5-PE-086,ENT-LINE-ACL,伸縮量の算定,,,,text,CH5-PE-086,RP-1571,calc_pdf_p2222,,CALCULATION,HIGH,UNVERIFIED,APPROVED_REPORT_DRAWING_GOLDEN,report Golden from Phase 2-II candidate; HIGH confidence,,,H29_REFERENCE,Calculation section heading (type sub_sub_section).
G-RPT-0233,report,report.section.CH5-PE-087,ENT-LINE-ACL,フィンガー長およびウェブ遊間の決定,,,,text,CH5-PE-087,RP-1573,calc_pdf_p2222,,CALCULATION,HIGH,UNVERIFIED,APPROVED_REPORT_DRAWING_GOLDEN,report Golden from Phase 2-II candidate; HIGH confidence,,,H29_REFERENCE,Calculation section heading (type sub_sub_section).
G-RPT-0234,report,report.section.CH5-PE-088,ENT-LINE-ACL,フィンガー形状,,,,text,CH5-PE-088,RP-1575,calc_pdf_p2223,,CALCULATION,HIGH,UNVERIFIED,APPROVED_REPORT_DRAWING_GOLDEN,report Golden from Phase 2-II candidate; HIGH confidence,,,H29_REFERENCE,Calculation section heading (type sub_sub_section).
G-RPT-0235,report,report.section.CH5-PE-089,ENT-LINE-ACL,ウェブ遊間の決定,,,,text,CH5-PE-089,RP-1577,calc_pdf_p2224,,CALCULATION,HIGH,UNVERIFIED,APPROVED_REPORT_DRAWING_GOLDEN,report Golden from Phase 2-II candidate; HIGH confidence,,,H29_REFERENCE,Calculation section heading (type sub_sub_section).
G-RPT-0236,report,report.section.CH5-PE-090,ENT-LINE-ACL,フェイスプレートの設計(耐荷性能の照査),,,,text,CH5-PE-090,RP-1579,calc_pdf_p2224,,CALCULATION,HIGH,UNVERIFIED,APPROVED_REPORT_DRAWING_GOLDEN,report Golden from Phase 2-II candidate; HIGH confidence,,,H29_REFERENCE,Calculation section heading (type sub_sub_section).
G-RPT-0237,report,report.section.CH5-PE-091,ENT-LINE-ACL,孔あき鋼板ジベルの計算(耐荷性能の照査),,,,text,CH5-PE-091,RP-1581,calc_pdf_p2225,,CALCULATION,HIGH,UNVERIFIED,APPROVED_REPORT_DRAWING_GOLDEN,report Golden from Phase 2-II candidate; HIGH confidence,,,H29_REFERENCE,Calculation section heading (type sub_sub_section).
G-RPT-0238,report,report.section.CH5-PE-092,ENT-LINE-ACL,孔あき鋼板ジベルの板厚の決定,,,,text,CH5-PE-092,RP-1583,calc_pdf_p2226,,CALCULATION,HIGH,UNVERIFIED,APPROVED_REPORT_DRAWING_GOLDEN,report Golden from Phase 2-II candidate; HIGH confidence,,,H29_REFERENCE,Calculation section heading (type sub_sub_section).
G-RPT-0239,report,report.table.CH1-TBL-001,ENT-LINE-ACL,主桁支間長,,,,table,CH1-TBL-001,RP-050,calc_pdf_p10,,CALCULATION,HIGH,UNVERIFIED,APPROVED_REPORT_DRAWING_GOLDEN,report Golden from Phase 2-II candidate; HIGH confidence,,,H29_REFERENCE,Calculation table record.
G-RPT-0240,report,report.table.CH1-TBL-002,ENT-LINE-ACL,主桁支間長,,,,table,CH1-TBL-002,RP-051,calc_pdf_p10,,CALCULATION,HIGH,UNVERIFIED,APPROVED_REPORT_DRAWING_GOLDEN,report Golden from Phase 2-II candidate; HIGH confidence,,,H29_REFERENCE,Calculation table record.
G-RPT-0241,report,report.table.CH1-TBL-003,ENT-LINE-ACL,主桁支間長,,,,table,CH1-TBL-003,RP-052,calc_pdf_p10,,CALCULATION,HIGH,UNVERIFIED,APPROVED_REPORT_DRAWING_GOLDEN,report Golden from Phase 2-II candidate; HIGH confidence,,,H29_REFERENCE,Calculation table record.
G-RPT-0242,report,report.table.CH1-TBL-004,ENT-LINE-ACL,主桁支間長,,,,table,CH1-TBL-004,RP-053,calc_pdf_p10,,CALCULATION,HIGH,UNVERIFIED,APPROVED_REPORT_DRAWING_GOLDEN,report Golden from Phase 2-II candidate; HIGH confidence,,,H29_REFERENCE,Calculation table record.
G-RPT-0243,report,report.table.CH1-TBL-005,ENT-LINE-ACL,主桁支間長,,,,table,CH1-TBL-005,RP-054,calc_pdf_p10,,CALCULATION,HIGH,UNVERIFIED,APPROVED_REPORT_DRAWING_GOLDEN,report Golden from Phase 2-II candidate; HIGH confidence,,,H29_REFERENCE,Calculation table record.
G-RPT-0244,report,report.table.CH1-TBL-006,ENT-LINE-ACL,主桁支間長,,,,table,CH1-TBL-006,RP-055,calc_pdf_p10,,CALCULATION,HIGH,UNVERIFIED,APPROVED_REPORT_DRAWING_GOLDEN,report Golden from Phase 2-II candidate; HIGH confidence,,,H29_REFERENCE,Calculation table record.
G-RPT-0245,report,report.table.CH1-TBL-007,ENT-LINE-ACL,主桁格間長,,,,table,CH1-TBL-007,RP-056,calc_pdf_p10,,CALCULATION,HIGH,UNVERIFIED,APPROVED_REPORT_DRAWING_GOLDEN,report Golden from Phase 2-II candidate; HIGH confidence,,,H29_REFERENCE,Calculation table record.
G-RPT-0246,report,report.table.CH1-TBL-008,ENT-LINE-ACL,主桁格間長,,,,table,CH1-TBL-008,RP-057,calc_pdf_p10,,CALCULATION,HIGH,UNVERIFIED,APPROVED_REPORT_DRAWING_GOLDEN,report Golden from Phase 2-II candidate; HIGH confidence,,,H29_REFERENCE,Calculation table record.
G-RPT-0247,report,report.table.CH1-TBL-009,ENT-LINE-ACL,主桁格間長,,,,table,CH1-TBL-009,RP-058,calc_pdf_p10,,CALCULATION,HIGH,UNVERIFIED,APPROVED_REPORT_DRAWING_GOLDEN,report Golden from Phase 2-II candidate; HIGH confidence,,,H29_REFERENCE,Calculation table record.
G-RPT-0248,report,report.table.CH1-TBL-010,ENT-LINE-ACL,主桁格間長,,,,table,CH1-TBL-010,RP-059,calc_pdf_p10,,CALCULATION,HIGH,UNVERIFIED,APPROVED_REPORT_DRAWING_GOLDEN,report Golden from Phase 2-II candidate; HIGH confidence,,,H29_REFERENCE,Calculation table record.
G-RPT-0249,report,report.table.CH1-TBL-011,ENT-LINE-ACL,主桁格間長,,,,table,CH1-TBL-011,RP-060,calc_pdf_p10,,CALCULATION,HIGH,UNVERIFIED,APPROVED_REPORT_DRAWING_GOLDEN,report Golden from Phase 2-II candidate; HIGH confidence,,,H29_REFERENCE,Calculation table record.
G-RPT-0250,report,report.table.CH1-TBL-012,ENT-LINE-ACL,主桁格間長,,,,table,CH1-TBL-012,RP-061,calc_pdf_p10,,CALCULATION,HIGH,UNVERIFIED,APPROVED_REPORT_DRAWING_GOLDEN,report Golden from Phase 2-II candidate; HIGH confidence,,,H29_REFERENCE,Calculation table record.
G-RPT-0251,report,report.table.CH1-TBL-013,ENT-LINE-ACL,主桁格間長,,,,table,CH1-TBL-013,RP-062,calc_pdf_p10,,CALCULATION,HIGH,UNVERIFIED,APPROVED_REPORT_DRAWING_GOLDEN,report Golden from Phase 2-II candidate; HIGH confidence,,,H29_REFERENCE,Calculation table record.
G-RPT-0252,report,report.table.CH1-TBL-014,ENT-LINE-ACL,主桁格間長,,,,table,CH1-TBL-014,RP-063,calc_pdf_p10,,CALCULATION,HIGH,UNVERIFIED,APPROVED_REPORT_DRAWING_GOLDEN,report Golden from Phase 2-II candidate; HIGH confidence,,,H29_REFERENCE,Calculation table record.
G-RPT-0253,report,report.table.CH1-TBL-015,ENT-LINE-ACL,主桁格間長,,,,table,CH1-TBL-015,RP-064,calc_pdf_p10,,CALCULATION,HIGH,UNVERIFIED,APPROVED_REPORT_DRAWING_GOLDEN,report Golden from Phase 2-II candidate; HIGH confidence,,,H29_REFERENCE,Calculation table record.
G-RPT-0254,report,report.table.CH1-TBL-016,ENT-LINE-ACL,主桁格間長,,,,table,CH1-TBL-016,RP-065,calc_pdf_p10,,CALCULATION,HIGH,UNVERIFIED,APPROVED_REPORT_DRAWING_GOLDEN,report Golden from Phase 2-II candidate; HIGH confidence,,,H29_REFERENCE,Calculation table record.
G-RPT-0255,report,report.table.CH1-TBL-017,ENT-LINE-ACL,主桁格間長,,,,table,CH1-TBL-017,RP-066,calc_pdf_p10,,CALCULATION,HIGH,UNVERIFIED,APPROVED_REPORT_DRAWING_GOLDEN,report Golden from Phase 2-II candidate; HIGH confidence,,,H29_REFERENCE,Calculation table record.
G-RPT-0256,report,report.table.CH1-TBL-018,ENT-LINE-ACL,主桁格間長,,,,table,CH1-TBL-018,RP-067,calc_pdf_p10,,CALCULATION,HIGH,UNVERIFIED,APPROVED_REPORT_DRAWING_GOLDEN,report Golden from Phase 2-II candidate; HIGH confidence,,,H29_REFERENCE,Calculation table record.
G-RPT-0257,report,report.table.CH1-TBL-019,ENT-LINE-ACL,主桁格間長,,,,table,CH1-TBL-019,RP-068,calc_pdf_p10,,CALCULATION,HIGH,UNVERIFIED,APPROVED_REPORT_DRAWING_GOLDEN,report Golden from Phase 2-II candidate; HIGH confidence,,,H29_REFERENCE,Calculation table record.
G-RPT-0258,report,report.table.CH1-TBL-020,ENT-LINE-ACL,主桁格間長,,,,table,CH1-TBL-020,RP-069,calc_pdf_p10,,CALCULATION,HIGH,UNVERIFIED,APPROVED_REPORT_DRAWING_GOLDEN,report Golden from Phase 2-II candidate; HIGH confidence,,,H29_REFERENCE,Calculation table record.
G-RPT-0259,report,report.table.CH1-TBL-021,ENT-LINE-ACL,主桁格間長,,,,table,CH1-TBL-021,RP-070,calc_pdf_p10,,CALCULATION,HIGH,UNVERIFIED,APPROVED_REPORT_DRAWING_GOLDEN,report Golden from Phase 2-II candidate; HIGH confidence,,,H29_REFERENCE,Calculation table record.
G-RPT-0260,report,report.table.CH1-TBL-022,ENT-LINE-ACL,主桁格間長,,,,table,CH1-TBL-022,RP-071,calc_pdf_p10,,CALCULATION,HIGH,UNVERIFIED,APPROVED_REPORT_DRAWING_GOLDEN,report Golden from Phase 2-II candidate; HIGH confidence,,,H29_REFERENCE,Calculation table record.
G-RPT-0261,report,report.table.CH1-TBL-023,ENT-LINE-ACL,主桁格間長,,,,table,CH1-TBL-023,RP-072,calc_pdf_p10,,CALCULATION,HIGH,UNVERIFIED,APPROVED_REPORT_DRAWING_GOLDEN,report Golden from Phase 2-II candidate; HIGH confidence,,,H29_REFERENCE,Calculation table record.
G-RPT-0262,report,report.table.CH1-TBL-024,ENT-LINE-ACL,主桁格間長,,,,table,CH1-TBL-024,RP-073,calc_pdf_p10,,CALCULATION,HIGH,UNVERIFIED,APPROVED_REPORT_DRAWING_GOLDEN,report Golden from Phase 2-II candidate; HIGH confidence,,,H29_REFERENCE,Calculation table record.
G-RPT-0263,report,report.table.CH1-TBL-025,ENT-LINE-ACL,主桁格間長,,,,table,CH1-TBL-025,RP-074,calc_pdf_p10,,CALCULATION,HIGH,UNVERIFIED,APPROVED_REPORT_DRAWING_GOLDEN,report Golden from Phase 2-II candidate; HIGH confidence,,,H29_REFERENCE,Calculation table record.
G-RPT-0264,report,report.table.CH1-TBL-026,ENT-LINE-ACL,主桁格間長,,,,table,CH1-TBL-026,RP-075,calc_pdf_p10,,CALCULATION,HIGH,UNVERIFIED,APPROVED_REPORT_DRAWING_GOLDEN,report Golden from Phase 2-II candidate; HIGH confidence,,,H29_REFERENCE,Calculation table record.
G-RPT-0265,report,report.table.CH1-TBL-027,ENT-LINE-ACL,主桁格間長,,,,table,CH1-TBL-027,RP-076,calc_pdf_p10,,CALCULATION,HIGH,UNVERIFIED,APPROVED_REPORT_DRAWING_GOLDEN,report Golden from Phase 2-II candidate; HIGH confidence,,,H29_REFERENCE,Calculation table record.
G-RPT-0266,report,report.table.CH1-TBL-028,ENT-LINE-ACL,主桁格間長,,,,table,CH1-TBL-028,RP-077,calc_pdf_p10,,CALCULATION,HIGH,UNVERIFIED,APPROVED_REPORT_DRAWING_GOLDEN,report Golden from Phase 2-II candidate; HIGH confidence,,,H29_REFERENCE,Calculation table record.
G-RPT-0267,report,report.table.CH1-TBL-029,ENT-LINE-ACL,主桁格間長,,,,table,CH1-TBL-029,RP-078,calc_pdf_p10,,CALCULATION,HIGH,UNVERIFIED,APPROVED_REPORT_DRAWING_GOLDEN,report Golden from Phase 2-II candidate; HIGH confidence,,,H29_REFERENCE,Calculation table record.
G-RPT-0268,report,report.table.CH1-TBL-030,ENT-LINE-ACL,主桁格間長,,,,table,CH1-TBL-030,RP-079,calc_pdf_p10,,CALCULATION,HIGH,UNVERIFIED,APPROVED_REPORT_DRAWING_GOLDEN,report Golden from Phase 2-II candidate; HIGH confidence,,,H29_REFERENCE,Calculation table record.
G-RPT-0269,report,report.table.CH1-TBL-031,ENT-LINE-ACL,主桁格間長,,,,table,CH1-TBL-031,RP-080,calc_pdf_p10,,CALCULATION,HIGH,UNVERIFIED,APPROVED_REPORT_DRAWING_GOLDEN,report Golden from Phase 2-II candidate; HIGH confidence,,,H29_REFERENCE,Calculation table record.
G-RPT-0270,report,report.table.CH1-TBL-032,ENT-LINE-ACL,主桁格間長,,,,table,CH1-TBL-032,RP-081,calc_pdf_p10,,CALCULATION,HIGH,UNVERIFIED,APPROVED_REPORT_DRAWING_GOLDEN,report Golden from Phase 2-II candidate; HIGH confidence,,,H29_REFERENCE,Calculation table record.
G-RPT-0271,report,report.table.CH1-TBL-033,ENT-LINE-ACL,主桁格間長,,,,table,CH1-TBL-033,RP-082,calc_pdf_p10,,CALCULATION,HIGH,UNVERIFIED,APPROVED_REPORT_DRAWING_GOLDEN,report Golden from Phase 2-II candidate; HIGH confidence,,,H29_REFERENCE,Calculation table record.
G-RPT-0272,report,report.table.CH1-TBL-034,ENT-LINE-ACL,主桁格間長,,,,table,CH1-TBL-034,RP-083,calc_pdf_p10,,CALCULATION,HIGH,UNVERIFIED,APPROVED_REPORT_DRAWING_GOLDEN,report Golden from Phase 2-II candidate; HIGH confidence,,,H29_REFERENCE,Calculation table record.
G-RPT-0273,report,report.table.CH1-TBL-035,ENT-LINE-ACL,主桁格間長,,,,table,CH1-TBL-035,RP-084,calc_pdf_p10,,CALCULATION,HIGH,UNVERIFIED,APPROVED_REPORT_DRAWING_GOLDEN,report Golden from Phase 2-II candidate; HIGH confidence,,,H29_REFERENCE,Calculation table record.
G-RPT-0274,report,report.table.CH1-TBL-036,ENT-LINE-ACL,主桁格間長,,,,table,CH1-TBL-036,RP-085,calc_pdf_p10,,CALCULATION,HIGH,UNVERIFIED,APPROVED_REPORT_DRAWING_GOLDEN,report Golden from Phase 2-II candidate; HIGH confidence,,,H29_REFERENCE,Calculation table record.
G-RPT-0275,report,report.table.CH1-TBL-037,ENT-LINE-ACL,主桁格間長,,,,table,CH1-TBL-037,RP-086,calc_pdf_p10,,CALCULATION,HIGH,UNVERIFIED,APPROVED_REPORT_DRAWING_GOLDEN,report Golden from Phase 2-II candidate; HIGH confidence,,,H29_REFERENCE,Calculation table record.
G-RPT-0276,report,report.table.CH1-TBL-038,ENT-LINE-ACL,主桁格間長,,,,table,CH1-TBL-038,RP-087,calc_pdf_p10,,CALCULATION,HIGH,UNVERIFIED,APPROVED_REPORT_DRAWING_GOLDEN,report Golden from Phase 2-II candidate; HIGH confidence,,,H29_REFERENCE,Calculation table record.
G-RPT-0277,report,report.table.CH1-TBL-039,ENT-LINE-ACL,主桁格間長,,,,table,CH1-TBL-039,RP-088,calc_pdf_p10,,CALCULATION,HIGH,UNVERIFIED,APPROVED_REPORT_DRAWING_GOLDEN,report Golden from Phase 2-II candidate; HIGH confidence,,,H29_REFERENCE,Calculation table record.
G-RPT-0278,report,report.table.CH1-TBL-040,ENT-LINE-ACL,主桁格間長,,,,table,CH1-TBL-040,RP-089,calc_pdf_p10,,CALCULATION,HIGH,UNVERIFIED,APPROVED_REPORT_DRAWING_GOLDEN,report Golden from Phase 2-II candidate; HIGH confidence,,,H29_REFERENCE,Calculation table record.
G-RPT-0279,report,report.table.CH1-TBL-041,ENT-LINE-ACL,主桁格間長,,,,table,CH1-TBL-041,RP-090,calc_pdf_p10,,CALCULATION,HIGH,UNVERIFIED,APPROVED_REPORT_DRAWING_GOLDEN,report Golden from Phase 2-II candidate; HIGH confidence,,,H29_REFERENCE,Calculation table record.
G-RPT-0280,report,report.table.CH1-TBL-042,ENT-LINE-ACL,主桁格間長,,,,table,CH1-TBL-042,RP-091,calc_pdf_p10,,CALCULATION,HIGH,UNVERIFIED,APPROVED_REPORT_DRAWING_GOLDEN,report Golden from Phase 2-II candidate; HIGH confidence,,,H29_REFERENCE,Calculation table record.
G-RPT-0281,report,report.table.CH1-TBL-043,ENT-LINE-ACL,主桁格間長,,,,table,CH1-TBL-043,RP-092,calc_pdf_p10,,CALCULATION,HIGH,UNVERIFIED,APPROVED_REPORT_DRAWING_GOLDEN,report Golden from Phase 2-II candidate; HIGH confidence,,,H29_REFERENCE,Calculation table record.
G-RPT-0282,report,report.table.CH1-TBL-044,ENT-LINE-ACL,主桁格間長,,,,table,CH1-TBL-044,RP-093,calc_pdf_p10,,CALCULATION,HIGH,UNVERIFIED,APPROVED_REPORT_DRAWING_GOLDEN,report Golden from Phase 2-II candidate; HIGH confidence,,,H29_REFERENCE,Calculation table record.
G-RPT-0283,report,report.table.CH1-TBL-045,ENT-LINE-ACL,主桁格間長,,,,table,CH1-TBL-045,RP-094,calc_pdf_p10,,CALCULATION,HIGH,UNVERIFIED,APPROVED_REPORT_DRAWING_GOLDEN,report Golden from Phase 2-II candidate; HIGH confidence,,,H29_REFERENCE,Calculation table record.
G-RPT-0284,report,report.table.CH1-TBL-046,ENT-LINE-ACL,主桁格間長,,,,table,CH1-TBL-046,RP-095,calc_pdf_p10,,CALCULATION,HIGH,UNVERIFIED,APPROVED_REPORT_DRAWING_GOLDEN,report Golden from Phase 2-II candidate; HIGH confidence,,,H29_REFERENCE,Calculation table record.
G-RPT-0285,report,report.table.CH1-TBL-047,ENT-LINE-ACL,主桁格間長,,,,table,CH1-TBL-047,RP-096,calc_pdf_p10,,CALCULATION,HIGH,UNVERIFIED,APPROVED_REPORT_DRAWING_GOLDEN,report Golden from Phase 2-II candidate; HIGH confidence,,,H29_REFERENCE,Calculation table record.
G-RPT-0286,report,report.table.CH1-TBL-048,ENT-LINE-ACL,主桁格間長,,,,table,CH1-TBL-048,RP-097,calc_pdf_p10,,CALCULATION,HIGH,UNVERIFIED,APPROVED_REPORT_DRAWING_GOLDEN,report Golden from Phase 2-II candidate; HIGH confidence,,,H29_REFERENCE,Calculation table record.
G-RPT-0287,report,report.table.CH1-TBL-049,ENT-LINE-ACL,主桁格間長,,,,table,CH1-TBL-049,RP-098,calc_pdf_p10,,CALCULATION,HIGH,UNVERIFIED,APPROVED_REPORT_DRAWING_GOLDEN,report Golden from Phase 2-II candidate; HIGH confidence,,,H29_REFERENCE,Calculation table record.
G-RPT-0288,report,report.table.CH1-TBL-050,ENT-LINE-ACL,主桁格間長,,,,table,CH1-TBL-050,RP-099,calc_pdf_p10,,CALCULATION,HIGH,UNVERIFIED,APPROVED_REPORT_DRAWING_GOLDEN,report Golden from Phase 2-II candidate; HIGH confidence,,,H29_REFERENCE,Calculation table record.
G-RPT-0289,report,report.table.CH1-TBL-051,ENT-LINE-ACL,主桁格間長,,,,table,CH1-TBL-051,RP-100,calc_pdf_p10,,CALCULATION,HIGH,UNVERIFIED,APPROVED_REPORT_DRAWING_GOLDEN,report Golden from Phase 2-II candidate; HIGH confidence,,,H29_REFERENCE,Calculation table record.
G-RPT-0290,report,report.table.CH1-TBL-052,ENT-LINE-ACL,主桁格間長,,,,table,CH1-TBL-052,RP-101,calc_pdf_p10,,CALCULATION,HIGH,UNVERIFIED,APPROVED_REPORT_DRAWING_GOLDEN,report Golden from Phase 2-II candidate; HIGH confidence,,,H29_REFERENCE,Calculation table record.
G-RPT-0291,report,report.table.CH1-TBL-053,ENT-LINE-ACL,主桁格間長,,,,table,CH1-TBL-053,RP-102,calc_pdf_p10,,CALCULATION,HIGH,UNVERIFIED,APPROVED_REPORT_DRAWING_GOLDEN,report Golden from Phase 2-II candidate; HIGH confidence,,,H29_REFERENCE,Calculation table record.
G-RPT-0292,report,report.table.CH1-TBL-054,ENT-LINE-ACL,主桁格間長,,,,table,CH1-TBL-054,RP-103,calc_pdf_p10,,CALCULATION,HIGH,UNVERIFIED,APPROVED_REPORT_DRAWING_GOLDEN,report Golden from Phase 2-II candidate; HIGH confidence,,,H29_REFERENCE,Calculation table record.
G-RPT-0293,report,report.table.CH1-TBL-055,ENT-LINE-ACL,主桁格間長,,,,table,CH1-TBL-055,RP-104,calc_pdf_p10,,CALCULATION,HIGH,UNVERIFIED,APPROVED_REPORT_DRAWING_GOLDEN,report Golden from Phase 2-II candidate; HIGH confidence,,,H29_REFERENCE,Calculation table record.
G-RPT-0294,report,report.table.CH1-TBL-056,ENT-LINE-ACL,主桁格間長,,,,table,CH1-TBL-056,RP-105,calc_pdf_p10,,CALCULATION,HIGH,UNVERIFIED,APPROVED_REPORT_DRAWING_GOLDEN,report Golden from Phase 2-II candidate; HIGH confidence,,,H29_REFERENCE,Calculation table record.
G-RPT-0295,report,report.table.CH1-TBL-057,ENT-LINE-ACL,主桁格間長,,,,table,CH1-TBL-057,RP-106,calc_pdf_p10,,CALCULATION,HIGH,UNVERIFIED,APPROVED_REPORT_DRAWING_GOLDEN,report Golden from Phase 2-II candidate; HIGH confidence,,,H29_REFERENCE,Calculation table record.
G-RPT-0296,report,report.table.CH1-TBL-058,ENT-LINE-ACL,主桁格間長,,,,table,CH1-TBL-058,RP-107,calc_pdf_p10,,CALCULATION,HIGH,UNVERIFIED,APPROVED_REPORT_DRAWING_GOLDEN,report Golden from Phase 2-II candidate; HIGH confidence,,,H29_REFERENCE,Calculation table record.
G-RPT-0297,report,report.table.CH1-TBL-059,ENT-LINE-ACL,横断間隔長,,,,table,CH1-TBL-059,RP-108,calc_pdf_p11,,CALCULATION,HIGH,UNVERIFIED,APPROVED_REPORT_DRAWING_GOLDEN,report Golden from Phase 2-II candidate; HIGH confidence,,,H29_REFERENCE,Calculation table record.
G-RPT-0298,report,report.table.CH1-TBL-060,ENT-LINE-ACL,横断間隔長,,,,table,CH1-TBL-060,RP-109,calc_pdf_p11,,CALCULATION,HIGH,UNVERIFIED,APPROVED_REPORT_DRAWING_GOLDEN,report Golden from Phase 2-II candidate; HIGH confidence,,,H29_REFERENCE,Calculation table record.
G-RPT-0299,report,report.table.CH1-TBL-061,ENT-LINE-ACL,横断間隔長,,,,table,CH1-TBL-061,RP-110,calc_pdf_p11,,CALCULATION,HIGH,UNVERIFIED,APPROVED_REPORT_DRAWING_GOLDEN,report Golden from Phase 2-II candidate; HIGH confidence,,,H29_REFERENCE,Calculation table record.
G-RPT-0300,report,report.table.CH1-TBL-062,ENT-LINE-ACL,横断間隔長,,,,table,CH1-TBL-062,RP-111,calc_pdf_p11,,CALCULATION,HIGH,UNVERIFIED,APPROVED_REPORT_DRAWING_GOLDEN,report Golden from Phase 2-II candidate; HIGH confidence,,,H29_REFERENCE,Calculation table record.
G-RPT-0301,report,report.table.CH1-TBL-063,ENT-LINE-ACL,横断間隔長,,,,table,CH1-TBL-063,RP-112,calc_pdf_p11,,CALCULATION,HIGH,UNVERIFIED,APPROVED_REPORT_DRAWING_GOLDEN,report Golden from Phase 2-II candidate; HIGH confidence,,,H29_REFERENCE,Calculation table record.
G-RPT-0302,report,report.table.CH1-TBL-064,ENT-LINE-ACL,横断間隔長,,,,table,CH1-TBL-064,RP-113,calc_pdf_p11,,CALCULATION,HIGH,UNVERIFIED,APPROVED_REPORT_DRAWING_GOLDEN,report Golden from Phase 2-II candidate; HIGH confidence,,,H29_REFERENCE,Calculation table record.
G-RPT-0303,report,report.table.CH1-TBL-065,ENT-LINE-ACL,横断間隔長,,,,table,CH1-TBL-065,RP-114,calc_pdf_p11,,CALCULATION,HIGH,UNVERIFIED,APPROVED_REPORT_DRAWING_GOLDEN,report Golden from Phase 2-II candidate; HIGH confidence,,,H29_REFERENCE,Calculation table record.
G-RPT-0304,report,report.table.CH1-TBL-066,ENT-LINE-ACL,横断間隔長,,,,table,CH1-TBL-066,RP-115,calc_pdf_p11,,CALCULATION,HIGH,UNVERIFIED,APPROVED_REPORT_DRAWING_GOLDEN,report Golden from Phase 2-II candidate; HIGH confidence,,,H29_REFERENCE,Calculation table record.
G-RPT-0305,report,report.table.CH1-TBL-067,ENT-LINE-ACL,横断間隔長,,,,table,CH1-TBL-067,RP-116,calc_pdf_p11,,CALCULATION,HIGH,UNVERIFIED,APPROVED_REPORT_DRAWING_GOLDEN,report Golden from Phase 2-II candidate; HIGH confidence,,,H29_REFERENCE,Calculation table record.
G-RPT-0306,report,report.table.CH1-TBL-068,ENT-LINE-ACL,横断間隔長,,,,table,CH1-TBL-068,RP-117,calc_pdf_p11,,CALCULATION,HIGH,UNVERIFIED,APPROVED_REPORT_DRAWING_GOLDEN,report Golden from Phase 2-II candidate; HIGH confidence,,,H29_REFERENCE,Calculation table record.
G-RPT-0307,report,report.table.CH1-TBL-069,ENT-LINE-ACL,横断間隔長,,,,table,CH1-TBL-069,RP-118,calc_pdf_p11,,CALCULATION,HIGH,UNVERIFIED,APPROVED_REPORT_DRAWING_GOLDEN,report Golden from Phase 2-II candidate; HIGH confidence,,,H29_REFERENCE,Calculation table record.
G-RPT-0308,report,report.table.CH1-TBL-070,ENT-LINE-ACL,横断間隔長,,,,table,CH1-TBL-070,RP-119,calc_pdf_p11,,CALCULATION,HIGH,UNVERIFIED,APPROVED_REPORT_DRAWING_GOLDEN,report Golden from Phase 2-II candidate; HIGH confidence,,,H29_REFERENCE,Calculation table record.
G-RPT-0309,report,report.table.CH1-TBL-071,ENT-LINE-ACL,横断間隔長,,,,table,CH1-TBL-071,RP-120,calc_pdf_p11,,CALCULATION,HIGH,UNVERIFIED,APPROVED_REPORT_DRAWING_GOLDEN,report Golden from Phase 2-II candidate; HIGH confidence,,,H29_REFERENCE,Calculation table record.
G-RPT-0310,report,report.table.CH1-TBL-072,ENT-LINE-ACL,横断間隔長,,,,table,CH1-TBL-072,RP-121,calc_pdf_p11,,CALCULATION,HIGH,UNVERIFIED,APPROVED_REPORT_DRAWING_GOLDEN,report Golden from Phase 2-II candidate; HIGH confidence,,,H29_REFERENCE,Calculation table record.
G-RPT-0311,report,report.table.CH1-TBL-073,ENT-LINE-ACL,横断間隔長,,,,table,CH1-TBL-073,RP-122,calc_pdf_p11,,CALCULATION,HIGH,UNVERIFIED,APPROVED_REPORT_DRAWING_GOLDEN,report Golden from Phase 2-II candidate; HIGH confidence,,,H29_REFERENCE,Calculation table record.
G-RPT-0312,report,report.table.CH1-TBL-074,ENT-LINE-ACL,横断間隔長,,,,table,CH1-TBL-074,RP-123,calc_pdf_p11,,CALCULATION,HIGH,UNVERIFIED,APPROVED_REPORT_DRAWING_GOLDEN,report Golden from Phase 2-II candidate; HIGH confidence,,,H29_REFERENCE,Calculation table record.
G-RPT-0313,report,report.table.CH1-TBL-075,ENT-LINE-ACL,横断間隔長,,,,table,CH1-TBL-075,RP-124,calc_pdf_p11,,CALCULATION,HIGH,UNVERIFIED,APPROVED_REPORT_DRAWING_GOLDEN,report Golden from Phase 2-II candidate; HIGH confidence,,,H29_REFERENCE,Calculation table record.
G-RPT-0314,report,report.table.CH1-TBL-076,ENT-LINE-ACL,横断間隔長,,,,table,CH1-TBL-076,RP-125,calc_pdf_p11,,CALCULATION,HIGH,UNVERIFIED,APPROVED_REPORT_DRAWING_GOLDEN,report Golden from Phase 2-II candidate; HIGH confidence,,,H29_REFERENCE,Calculation table record.
G-RPT-0315,report,report.table.CH1-TBL-077,ENT-LINE-ACL,横断間隔長,,,,table,CH1-TBL-077,RP-126,calc_pdf_p11,,CALCULATION,HIGH,UNVERIFIED,APPROVED_REPORT_DRAWING_GOLDEN,report Golden from Phase 2-II candidate; HIGH confidence,,,H29_REFERENCE,Calculation table record.
G-RPT-0316,report,report.table.CH1-TBL-078,ENT-LINE-ACL,横断間隔長,,,,table,CH1-TBL-078,RP-127,calc_pdf_p11,,CALCULATION,HIGH,UNVERIFIED,APPROVED_REPORT_DRAWING_GOLDEN,report Golden from Phase 2-II candidate; HIGH confidence,,,H29_REFERENCE,Calculation table record.
G-RPT-0317,report,report.table.CH1-TBL-079,ENT-LINE-ACL,横断間隔長,,,,table,CH1-TBL-079,RP-128,calc_pdf_p11,,CALCULATION,HIGH,UNVERIFIED,APPROVED_REPORT_DRAWING_GOLDEN,report Golden from Phase 2-II candidate; HIGH confidence,,,H29_REFERENCE,Calculation table record.
G-RPT-0318,report,report.table.CH1-TBL-080,ENT-LINE-ACL,横断間隔長,,,,table,CH1-TBL-080,RP-129,calc_pdf_p11,,CALCULATION,HIGH,UNVERIFIED,APPROVED_REPORT_DRAWING_GOLDEN,report Golden from Phase 2-II candidate; HIGH confidence,,,H29_REFERENCE,Calculation table record.
G-RPT-0319,report,report.table.CH1-TBL-081,ENT-LINE-ACL,横断間隔長,,,,table,CH1-TBL-081,RP-130,calc_pdf_p11,,CALCULATION,HIGH,UNVERIFIED,APPROVED_REPORT_DRAWING_GOLDEN,report Golden from Phase 2-II candidate; HIGH confidence,,,H29_REFERENCE,Calculation table record.
G-RPT-0320,report,report.table.CH1-TBL-082,ENT-LINE-ACL,横断間隔長,,,,table,CH1-TBL-082,RP-131,calc_pdf_p11,,CALCULATION,HIGH,UNVERIFIED,APPROVED_REPORT_DRAWING_GOLDEN,report Golden from Phase 2-II candidate; HIGH confidence,,,H29_REFERENCE,Calculation table record.
G-RPT-0321,report,report.table.CH1-TBL-083,ENT-LINE-ACL,設計条件一覧,,,,table,CH1-TBL-083,RP-132,calc_pdf_p7,,CALCULATION,HIGH,UNVERIFIED,APPROVED_REPORT_DRAWING_GOLDEN,report Golden from Phase 2-II candidate; HIGH confidence,,,H29_REFERENCE,Calculation table record.
G-RPT-0322,report,report.table.CH2-TBL-001,ENT-LINE-ACL,各部構成,,,,table,CH2-TBL-001,RP-200,calc_pdf_p18,,CALCULATION,HIGH,UNVERIFIED,APPROVED_REPORT_DRAWING_GOLDEN,report Golden from Phase 2-II candidate; HIGH confidence,,,H29_REFERENCE,Calculation table record.
G-RPT-0323,report,report.table.CH2-TBL-002,ENT-LINE-ACL,各部構成,,,,table,CH2-TBL-002,RP-201,calc_pdf_p18,,CALCULATION,HIGH,UNVERIFIED,APPROVED_REPORT_DRAWING_GOLDEN,report Golden from Phase 2-II candidate; HIGH confidence,,,H29_REFERENCE,Calculation table record.
G-RPT-0324,report,report.table.CH2-TBL-003,ENT-LINE-ACL,各部構成,,,,table,CH2-TBL-003,RP-202,calc_pdf_p18,,CALCULATION,HIGH,UNVERIFIED,APPROVED_REPORT_DRAWING_GOLDEN,report Golden from Phase 2-II candidate; HIGH confidence,,,H29_REFERENCE,Calculation table record.
G-RPT-0325,report,report.table.CH2-TBL-004,ENT-LINE-ACL,各部構成,,,,table,CH2-TBL-004,RP-203,calc_pdf_p18,,CALCULATION,HIGH,UNVERIFIED,APPROVED_REPORT_DRAWING_GOLDEN,report Golden from Phase 2-II candidate; HIGH confidence,,,H29_REFERENCE,Calculation table record.
G-RPT-0326,report,report.table.CH2-TBL-005,ENT-LINE-ACL,材料(鋼板),,,,table,CH2-TBL-005,RP-204,calc_pdf_p18,,CALCULATION,HIGH,UNVERIFIED,APPROVED_REPORT_DRAWING_GOLDEN,report Golden from Phase 2-II candidate; HIGH confidence,,,H29_REFERENCE,Calculation table record.
G-RPT-0327,report,report.table.CH2-TBL-006,ENT-LINE-ACL,材料(鋼板),,,,table,CH2-TBL-006,RP-205,calc_pdf_p18,,CALCULATION,HIGH,UNVERIFIED,APPROVED_REPORT_DRAWING_GOLDEN,report Golden from Phase 2-II candidate; HIGH confidence,,,H29_REFERENCE,Calculation table record.
G-RPT-0328,report,report.table.CH2-TBL-007,ENT-LINE-ACL,材料(鋼板),,,,table,CH2-TBL-007,RP-206,calc_pdf_p18,,CALCULATION,HIGH,UNVERIFIED,APPROVED_REPORT_DRAWING_GOLDEN,report Golden from Phase 2-II candidate; HIGH confidence,,,H29_REFERENCE,Calculation table record.
G-RPT-0329,report,report.table.CH2-TBL-008,ENT-LINE-ACL,材料(鋼板),,,,table,CH2-TBL-008,RP-207,calc_pdf_p18,,CALCULATION,HIGH,UNVERIFIED,APPROVED_REPORT_DRAWING_GOLDEN,report Golden from Phase 2-II candidate; HIGH confidence,,,H29_REFERENCE,Calculation table record.
G-RPT-0330,report,report.table.CH2-TBL-009,ENT-LINE-ACL,材料(横リブ),,,,table,CH2-TBL-009,RP-208,calc_pdf_p18,,CALCULATION,HIGH,UNVERIFIED,APPROVED_REPORT_DRAWING_GOLDEN,report Golden from Phase 2-II candidate; HIGH confidence,,,H29_REFERENCE,Calculation table record.
G-RPT-0331,report,report.table.CH2-TBL-010,ENT-LINE-ACL,材料(横リブ),,,,table,CH2-TBL-010,RP-209,calc_pdf_p18,,CALCULATION,HIGH,UNVERIFIED,APPROVED_REPORT_DRAWING_GOLDEN,report Golden from Phase 2-II candidate; HIGH confidence,,,H29_REFERENCE,Calculation table record.
G-RPT-0332,report,report.table.CH2-TBL-011,ENT-LINE-ACL,材料(横リブ),,,,table,CH2-TBL-011,RP-210,calc_pdf_p18,,CALCULATION,HIGH,UNVERIFIED,APPROVED_REPORT_DRAWING_GOLDEN,report Golden from Phase 2-II candidate; HIGH confidence,,,H29_REFERENCE,Calculation table record.
G-RPT-0333,report,report.table.CH2-TBL-012,ENT-LINE-ACL,材料(鉄筋),,,,table,CH2-TBL-012,RP-211,calc_pdf_p18,,CALCULATION,HIGH,UNVERIFIED,APPROVED_REPORT_DRAWING_GOLDEN,report Golden from Phase 2-II candidate; HIGH confidence,,,H29_REFERENCE,Calculation table record.
G-RPT-0334,report,report.table.CH2-TBL-013,ENT-LINE-ACL,材料(鉄筋),,,,table,CH2-TBL-013,RP-212,calc_pdf_p18,,CALCULATION,HIGH,UNVERIFIED,APPROVED_REPORT_DRAWING_GOLDEN,report Golden from Phase 2-II candidate; HIGH confidence,,,H29_REFERENCE,Calculation table record.
G-RPT-0335,report,report.table.CH2-TBL-014,ENT-LINE-ACL,材料(鉄筋),,,,table,CH2-TBL-014,RP-213,calc_pdf_p18,,CALCULATION,HIGH,UNVERIFIED,APPROVED_REPORT_DRAWING_GOLDEN,report Golden from Phase 2-II candidate; HIGH confidence,,,H29_REFERENCE,Calculation table record.
G-RPT-0336,report,report.table.CH2-TBL-015,ENT-LINE-ACL,材料(鉄筋),,,,table,CH2-TBL-015,RP-214,calc_pdf_p18,,CALCULATION,HIGH,UNVERIFIED,APPROVED_REPORT_DRAWING_GOLDEN,report Golden from Phase 2-II candidate; HIGH confidence,,,H29_REFERENCE,Calculation table record.
G-RPT-0337,report,report.table.CH2-TBL-016,ENT-LINE-ACL,材料(鉄筋),,,,table,CH2-TBL-016,RP-215,calc_pdf_p18,,CALCULATION,HIGH,UNVERIFIED,APPROVED_REPORT_DRAWING_GOLDEN,report Golden from Phase 2-II candidate; HIGH confidence,,,H29_REFERENCE,Calculation table record.
G-RPT-0338,report,report.table.CH2-TBL-017,ENT-LINE-ACL,材料(コンクリート),,,,table,CH2-TBL-017,RP-216,calc_pdf_p18,,CALCULATION,HIGH,UNVERIFIED,APPROVED_REPORT_DRAWING_GOLDEN,report Golden from Phase 2-II candidate; HIGH confidence,,,H29_REFERENCE,Calculation table record.
G-RPT-0339,report,report.table.CH2-TBL-018,ENT-LINE-ACL,材料(コンクリート),,,,table,CH2-TBL-018,RP-217,calc_pdf_p18,,CALCULATION,HIGH,UNVERIFIED,APPROVED_REPORT_DRAWING_GOLDEN,report Golden from Phase 2-II candidate; HIGH confidence,,,H29_REFERENCE,Calculation table record.
G-RPT-0340,report,report.table.CH2-TBL-019,ENT-LINE-ACL,合成床版厚,,,,table,CH2-TBL-019,RP-218,calc_pdf_p19,,CALCULATION,HIGH,UNVERIFIED,APPROVED_REPORT_DRAWING_GOLDEN,report Golden from Phase 2-II candidate; HIGH confidence,,,H29_REFERENCE,Calculation table record.
G-RPT-0341,report,report.table.CH2-TBL-020,ENT-LINE-ACL,合成床版厚,,,,table,CH2-TBL-020,RP-219,calc_pdf_p19,,CALCULATION,HIGH,UNVERIFIED,APPROVED_REPORT_DRAWING_GOLDEN,report Golden from Phase 2-II candidate; HIGH confidence,,,H29_REFERENCE,Calculation table record.
G-RPT-0342,report,report.table.CH2-TBL-021,ENT-LINE-ACL,合成床版厚,,,,table,CH2-TBL-021,RP-220,calc_pdf_p19,,CALCULATION,HIGH,UNVERIFIED,APPROVED_REPORT_DRAWING_GOLDEN,report Golden from Phase 2-II candidate; HIGH confidence,,,H29_REFERENCE,Calculation table record.
G-RPT-0343,report,report.table.CH2-TBL-022,ENT-LINE-ACL,合成床版厚,,,,table,CH2-TBL-022,RP-221,calc_pdf_p19,,CALCULATION,HIGH,UNVERIFIED,APPROVED_REPORT_DRAWING_GOLDEN,report Golden from Phase 2-II candidate; HIGH confidence,,,H29_REFERENCE,Calculation table record.
G-RPT-0344,report,report.table.CH2-TBL-023,ENT-LINE-ACL,鋼材寸法,,,,table,CH2-TBL-023,RP-222,calc_pdf_p19,,CALCULATION,HIGH,UNVERIFIED,APPROVED_REPORT_DRAWING_GOLDEN,report Golden from Phase 2-II candidate; HIGH confidence,,,H29_REFERENCE,Calculation table record.
G-RPT-0345,report,report.table.CH2-TBL-024,ENT-LINE-ACL,鋼材寸法,,,,table,CH2-TBL-024,RP-223,calc_pdf_p19,,CALCULATION,HIGH,UNVERIFIED,APPROVED_REPORT_DRAWING_GOLDEN,report Golden from Phase 2-II candidate; HIGH confidence,,,H29_REFERENCE,Calculation table record.
G-RPT-0346,report,report.table.CH2-TBL-025,ENT-LINE-ACL,鋼材寸法,,,,table,CH2-TBL-025,RP-224,calc_pdf_p19,,CALCULATION,HIGH,UNVERIFIED,APPROVED_REPORT_DRAWING_GOLDEN,report Golden from Phase 2-II candidate; HIGH confidence,,,H29_REFERENCE,Calculation table record.
G-RPT-0347,report,report.table.CH2-TBL-026,ENT-LINE-ACL,鋼材寸法,,,,table,CH2-TBL-026,RP-225,calc_pdf_p19,,CALCULATION,HIGH,UNVERIFIED,APPROVED_REPORT_DRAWING_GOLDEN,report Golden from Phase 2-II candidate; HIGH confidence,,,H29_REFERENCE,Calculation table record.
G-RPT-0348,report,report.table.CH2-TBL-027,ENT-LINE-ACL,鋼材寸法,,,,table,CH2-TBL-027,RP-226,calc_pdf_p19,,CALCULATION,HIGH,UNVERIFIED,APPROVED_REPORT_DRAWING_GOLDEN,report Golden from Phase 2-II candidate; HIGH confidence,,,H29_REFERENCE,Calculation table record.
G-RPT-0349,report,report.table.CH2-TBL-028,ENT-LINE-ACL,スタッド仕様,,,,table,CH2-TBL-028,RP-227,calc_pdf_p19,,CALCULATION,HIGH,UNVERIFIED,APPROVED_REPORT_DRAWING_GOLDEN,report Golden from Phase 2-II candidate; HIGH confidence,,,H29_REFERENCE,Calculation table record.
G-RPT-0350,report,report.table.CH2-TBL-029,ENT-LINE-ACL,スタッド仕様,,,,table,CH2-TBL-029,RP-228,calc_pdf_p19,,CALCULATION,HIGH,UNVERIFIED,APPROVED_REPORT_DRAWING_GOLDEN,report Golden from Phase 2-II candidate; HIGH confidence,,,H29_REFERENCE,Calculation table record.
G-RPT-0351,report,report.table.CH2-TBL-030,ENT-LINE-ACL,スタッド仕様,,,,table,CH2-TBL-030,RP-229,calc_pdf_p19,,CALCULATION,HIGH,UNVERIFIED,APPROVED_REPORT_DRAWING_GOLDEN,report Golden from Phase 2-II candidate; HIGH confidence,,,H29_REFERENCE,Calculation table record.
G-RPT-0352,report,report.table.CH2-TBL-031,ENT-LINE-ACL,鉄筋配置(一般部),,,,table,CH2-TBL-031,RP-230,calc_pdf_p20,,CALCULATION,HIGH,UNVERIFIED,APPROVED_REPORT_DRAWING_GOLDEN,report Golden from Phase 2-II candidate; HIGH confidence,,,H29_REFERENCE,Calculation table record.
G-RPT-0353,report,report.table.CH2-TBL-032,ENT-LINE-ACL,鉄筋配置(一般部),,,,table,CH2-TBL-032,RP-231,calc_pdf_p20,,CALCULATION,HIGH,UNVERIFIED,APPROVED_REPORT_DRAWING_GOLDEN,report Golden from Phase 2-II candidate; HIGH confidence,,,H29_REFERENCE,Calculation table record.
G-RPT-0354,report,report.table.CH2-TBL-033,ENT-LINE-ACL,鉄筋配置(一般部),,,,table,CH2-TBL-033,RP-232,calc_pdf_p20,,CALCULATION,HIGH,UNVERIFIED,APPROVED_REPORT_DRAWING_GOLDEN,report Golden from Phase 2-II candidate; HIGH confidence,,,H29_REFERENCE,Calculation table record.
G-RPT-0355,report,report.table.CH2-TBL-034,ENT-LINE-ACL,鉄筋配置(中間支点部),,,,table,CH2-TBL-034,RP-233,calc_pdf_p20,,CALCULATION,HIGH,UNVERIFIED,APPROVED_REPORT_DRAWING_GOLDEN,report Golden from Phase 2-II candidate; HIGH confidence,,,H29_REFERENCE,Calculation table record.
G-RPT-0356,report,report.table.CAL-TBL-P00119-001,ENT-LINE-ACL,死荷重一覧(舗装),,,,table,CAL-TBL-P00119-001,RP-400,calc_pdf_p119,,CALCULATION,HIGH,UNVERIFIED,APPROVED_REPORT_DRAWING_GOLDEN,report Golden from Phase 2-II candidate; HIGH confidence,,,H29_REFERENCE,Calculation table record.
G-RPT-0357,report,report.table.CAL-TBL-P00119-002,ENT-LINE-ACL,死荷重一覧(舗装),,,,table,CAL-TBL-P00119-002,RP-401,calc_pdf_p119,,CALCULATION,HIGH,UNVERIFIED,APPROVED_REPORT_DRAWING_GOLDEN,report Golden from Phase 2-II candidate; HIGH confidence,,,H29_REFERENCE,Calculation table record.
G-RPT-0358,report,report.table.CAL-TBL-P00119-003,ENT-LINE-ACL,死荷重一覧(床版),,,,table,CAL-TBL-P00119-003,RP-402,calc_pdf_p119,,CALCULATION,HIGH,UNVERIFIED,APPROVED_REPORT_DRAWING_GOLDEN,report Golden from Phase 2-II candidate; HIGH confidence,,,H29_REFERENCE,Calculation table record.
G-RPT-0359,report,report.table.CAL-TBL-P00119-004,ENT-LINE-ACL,死荷重一覧(床版),,,,table,CAL-TBL-P00119-004,RP-403,calc_pdf_p119,,CALCULATION,HIGH,UNVERIFIED,APPROVED_REPORT_DRAWING_GOLDEN,report Golden from Phase 2-II candidate; HIGH confidence,,,H29_REFERENCE,Calculation table record.
G-RPT-0360,report,report.table.CAL-TBL-P00119-005,ENT-LINE-ACL,死荷重一覧(ハンチ),,,,table,CAL-TBL-P00119-005,RP-404,calc_pdf_p119,,CALCULATION,HIGH,UNVERIFIED,APPROVED_REPORT_DRAWING_GOLDEN,report Golden from Phase 2-II candidate; HIGH confidence,,,H29_REFERENCE,Calculation table record.
G-RPT-0361,report,report.table.CAL-TBL-P00119-006,ENT-LINE-ACL,死荷重一覧(壁高欄),,,,table,CAL-TBL-P00119-006,RP-405,calc_pdf_p119,,CALCULATION,HIGH,UNVERIFIED,APPROVED_REPORT_DRAWING_GOLDEN,report Golden from Phase 2-II candidate; HIGH confidence,,,H29_REFERENCE,Calculation table record.
G-RPT-0362,report,report.table.CAL-TBL-P00119-007,ENT-LINE-ACL,死荷重一覧(遮音壁),,,,table,CAL-TBL-P00119-007,RP-406,calc_pdf_p119,,CALCULATION,HIGH,UNVERIFIED,APPROVED_REPORT_DRAWING_GOLDEN,report Golden from Phase 2-II candidate; HIGH confidence,,,H29_REFERENCE,Calculation table record.
G-RPT-0363,report,report.table.CAL-TBL-P00119-008,ENT-LINE-ACL,死荷重一覧(鋼重),,,,table,CAL-TBL-P00119-008,RP-407,calc_pdf_p119,,CALCULATION,HIGH,UNVERIFIED,APPROVED_REPORT_DRAWING_GOLDEN,report Golden from Phase 2-II candidate; HIGH confidence,,,H29_REFERENCE,Calculation table record.
G-RPT-0364,report,report.table.CAL-TBL-P00119-009,ENT-LINE-ACL,死荷重一覧(検査路),,,,table,CAL-TBL-P00119-009,RP-408,calc_pdf_p119,,CALCULATION,HIGH,UNVERIFIED,APPROVED_REPORT_DRAWING_GOLDEN,report Golden from Phase 2-II candidate; HIGH confidence,,,H29_REFERENCE,Calculation table record.
G-RPT-0365,report,report.table.CAL-TBL-P00119-010,ENT-LINE-ACL,死荷重一覧(舗装),,,,table,CAL-TBL-P00119-010,RP-409,calc_pdf_p119,,CALCULATION,HIGH,UNVERIFIED,APPROVED_REPORT_DRAWING_GOLDEN,report Golden from Phase 2-II candidate; HIGH confidence,,,H29_REFERENCE,Calculation table record.
G-RPT-0366,report,report.table.CAL-TBL-P00119-011,ENT-LINE-ACL,死荷重一覧(床版),,,,table,CAL-TBL-P00119-011,RP-410,calc_pdf_p119,,CALCULATION,HIGH,UNVERIFIED,APPROVED_REPORT_DRAWING_GOLDEN,report Golden from Phase 2-II candidate; HIGH confidence,,,H29_REFERENCE,Calculation table record.
G-RPT-0367,report,report.table.CAL-TBL-P00119-012,ENT-LINE-ACL,死荷重一覧(ノーズ部),,,,table,CAL-TBL-P00119-012,RP-411,calc_pdf_p119,,CALCULATION,HIGH,UNVERIFIED,APPROVED_REPORT_DRAWING_GOLDEN,report Golden from Phase 2-II candidate; HIGH confidence,,,H29_REFERENCE,Calculation table record.
G-RPT-0368,report,report.table.CAL-TBL-P00119-013,ENT-LINE-ACL,死荷重一覧(地覆),,,,table,CAL-TBL-P00119-013,RP-412,calc_pdf_p119,,CALCULATION,HIGH,UNVERIFIED,APPROVED_REPORT_DRAWING_GOLDEN,report Golden from Phase 2-II candidate; HIGH confidence,,,H29_REFERENCE,Calculation table record.
G-RPT-0369,report,report.table.CAL-TBL-P00125-001,ENT-LINE-ACL,ノーズ部地覆等の格点荷重,,,,table,CAL-TBL-P00125-001,RP-413,calc_pdf_p125,,CALCULATION,HIGH,UNVERIFIED,APPROVED_REPORT_DRAWING_GOLDEN,report Golden from Phase 2-II candidate; HIGH confidence,,,H29_REFERENCE,Calculation table record.
G-RPT-0370,report,report.table.CAL-TBL-P00125-002,ENT-LINE-ACL,ノーズ部地覆等の格点荷重,,,,table,CAL-TBL-P00125-002,RP-414,calc_pdf_p125,,CALCULATION,HIGH,UNVERIFIED,APPROVED_REPORT_DRAWING_GOLDEN,report Golden from Phase 2-II candidate; HIGH confidence,,,H29_REFERENCE,Calculation table record.
G-RPT-0371,report,report.table.CAL-TBL-P00125-003,ENT-LINE-ACL,床版拡幅格点荷重,,,,table,CAL-TBL-P00125-003,RP-415,calc_pdf_p125,,CALCULATION,HIGH,UNVERIFIED,APPROVED_REPORT_DRAWING_GOLDEN,report Golden from Phase 2-II candidate; HIGH confidence,,,H29_REFERENCE,Calculation table record.
G-RPT-0372,report,report.table.CAL-TBL-P00125-004,ENT-LINE-ACL,床版拡幅格点荷重,,,,table,CAL-TBL-P00125-004,RP-416,calc_pdf_p125,,CALCULATION,HIGH,UNVERIFIED,APPROVED_REPORT_DRAWING_GOLDEN,report Golden from Phase 2-II candidate; HIGH confidence,,,H29_REFERENCE,Calculation table record.
G-RPT-0373,report,report.table.CAL-TBL-P00128-001,ENT-LINE-ACL,ノーズ部打下ろし格点荷重,,,,table,CAL-TBL-P00128-001,RP-417,calc_pdf_p128,,CALCULATION,HIGH,UNVERIFIED,APPROVED_REPORT_DRAWING_GOLDEN,report Golden from Phase 2-II candidate; HIGH confidence,,,H29_REFERENCE,Calculation table record.
G-RPT-0374,report,report.table.CAL-TBL-P00128-002,ENT-LINE-ACL,ノーズ部打下ろし格点荷重,,,,table,CAL-TBL-P00128-002,RP-418,calc_pdf_p128,,CALCULATION,HIGH,UNVERIFIED,APPROVED_REPORT_DRAWING_GOLDEN,report Golden from Phase 2-II candidate; HIGH confidence,,,H29_REFERENCE,Calculation table record.
G-RPT-0375,report,report.table.CAL-TBL-P00128-003,ENT-LINE-ACL,ノーズ部打下ろし格点荷重,,,,table,CAL-TBL-P00128-003,RP-419,calc_pdf_p128,,CALCULATION,HIGH,UNVERIFIED,APPROVED_REPORT_DRAWING_GOLDEN,report Golden from Phase 2-II candidate; HIGH confidence,,,H29_REFERENCE,Calculation table record.
G-RPT-0376,report,report.table.CAL-TBL-P00131-001,ENT-LINE-ACL,床版打下し格点荷重一覧,,,,table,CAL-TBL-P00131-001,RP-420,calc_pdf_p131,,CALCULATION,HIGH,UNVERIFIED,APPROVED_REPORT_DRAWING_GOLDEN,report Golden from Phase 2-II candidate; HIGH confidence,,,H29_REFERENCE,Calculation table record.
G-RPT-0377,report,report.table.CAL-TBL-P00131-002,ENT-LINE-ACL,床版打下し格点荷重一覧,,,,table,CAL-TBL-P00131-002,RP-421,calc_pdf_p131,,CALCULATION,HIGH,UNVERIFIED,APPROVED_REPORT_DRAWING_GOLDEN,report Golden from Phase 2-II candidate; HIGH confidence,,,H29_REFERENCE,Calculation table record.
G-RPT-0378,report,report.table.CAL-TBL-P00131-003,ENT-LINE-ACL,床版打下し格点荷重一覧,,,,table,CAL-TBL-P00131-003,RP-422,calc_pdf_p131,,CALCULATION,HIGH,UNVERIFIED,APPROVED_REPORT_DRAWING_GOLDEN,report Golden from Phase 2-II candidate; HIGH confidence,,,H29_REFERENCE,Calculation table record.
G-RPT-0379,report,report.table.CAL-TBL-P00131-004,ENT-LINE-ACL,床版打下し格点荷重一覧,,,,table,CAL-TBL-P00131-004,RP-423,calc_pdf_p131,,CALCULATION,HIGH,UNVERIFIED,APPROVED_REPORT_DRAWING_GOLDEN,report Golden from Phase 2-II candidate; HIGH confidence,,,H29_REFERENCE,Calculation table record.
G-RPT-0380,report,report.table.CAL-TBL-P00131-005,ENT-LINE-ACL,床版打下し格点荷重一覧,,,,table,CAL-TBL-P00131-005,RP-424,calc_pdf_p131,,CALCULATION,HIGH,UNVERIFIED,APPROVED_REPORT_DRAWING_GOLDEN,report Golden from Phase 2-II candidate; HIGH confidence,,,H29_REFERENCE,Calculation table record.
G-RPT-0381,report,report.table.CAL-TBL-P00131-006,ENT-LINE-ACL,床版打下し格点荷重一覧,,,,table,CAL-TBL-P00131-006,RP-425,calc_pdf_p131,,CALCULATION,HIGH,UNVERIFIED,APPROVED_REPORT_DRAWING_GOLDEN,report Golden from Phase 2-II candidate; HIGH confidence,,,H29_REFERENCE,Calculation table record.
G-RPT-0382,report,report.table.CAL-TBL-P00131-007,ENT-LINE-ACL,床版打下し格点荷重一覧,,,,table,CAL-TBL-P00131-007,RP-426,calc_pdf_p131,,CALCULATION,HIGH,UNVERIFIED,APPROVED_REPORT_DRAWING_GOLDEN,report Golden from Phase 2-II candidate; HIGH confidence,,,H29_REFERENCE,Calculation table record.
G-RPT-0383,report,report.table.CAL-TBL-P00131-008,ENT-LINE-ACL,床版打下し格点荷重一覧,,,,table,CAL-TBL-P00131-008,RP-427,calc_pdf_p131,,CALCULATION,HIGH,UNVERIFIED,APPROVED_REPORT_DRAWING_GOLDEN,report Golden from Phase 2-II candidate; HIGH confidence,,,H29_REFERENCE,Calculation table record.
G-RPT-0384,report,report.table.CAL-TBL-P00132-001,ENT-LINE-ACL,桁端部荷重一覧,,,,table,CAL-TBL-P00132-001,RP-428,calc_pdf_p132,,CALCULATION,HIGH,UNVERIFIED,APPROVED_REPORT_DRAWING_GOLDEN,report Golden from Phase 2-II candidate; HIGH confidence,,,H29_REFERENCE,Calculation table record.
G-RPT-0385,report,report.table.CAL-TBL-P00132-002,ENT-LINE-ACL,桁端部荷重一覧,,,,table,CAL-TBL-P00132-002,RP-429,calc_pdf_p132,,CALCULATION,HIGH,UNVERIFIED,APPROVED_REPORT_DRAWING_GOLDEN,report Golden from Phase 2-II candidate; HIGH confidence,,,H29_REFERENCE,Calculation table record.
G-RPT-0386,report,report.table.CAL-TBL-P00132-003,ENT-LINE-ACL,桁端部荷重一覧,,,,table,CAL-TBL-P00132-003,RP-430,calc_pdf_p132,,CALCULATION,HIGH,UNVERIFIED,APPROVED_REPORT_DRAWING_GOLDEN,report Golden from Phase 2-II candidate; HIGH confidence,,,H29_REFERENCE,Calculation table record.
G-RPT-0387,report,report.table.CAL-TBL-P00132-004,ENT-LINE-ACL,桁端部荷重一覧,,,,table,CAL-TBL-P00132-004,RP-431,calc_pdf_p132,,CALCULATION,HIGH,UNVERIFIED,APPROVED_REPORT_DRAWING_GOLDEN,report Golden from Phase 2-II candidate; HIGH confidence,,,H29_REFERENCE,Calculation table record.
G-RPT-0388,report,report.table.CAL-TBL-P00133-001,ENT-LINE-ACL,巻き立てコンクリート寸法表,,,,table,CAL-TBL-P00133-001,RP-432,calc_pdf_p133,,CALCULATION,HIGH,UNVERIFIED,APPROVED_REPORT_DRAWING_GOLDEN,report Golden from Phase 2-II candidate; HIGH confidence,,,H29_REFERENCE,Calculation table record.
G-RPT-0389,report,report.table.CAL-TBL-P00133-002,ENT-LINE-ACL,巻き立てコンクリート寸法表,,,,table,CAL-TBL-P00133-002,RP-433,calc_pdf_p133,,CALCULATION,HIGH,UNVERIFIED,APPROVED_REPORT_DRAWING_GOLDEN,report Golden from Phase 2-II candidate; HIGH confidence,,,H29_REFERENCE,Calculation table record.
G-RPT-0390,report,report.table.CAL-TBL-P00133-003,ENT-LINE-ACL,巻き立てコンクリート寸法表,,,,table,CAL-TBL-P00133-003,RP-434,calc_pdf_p133,,CALCULATION,HIGH,UNVERIFIED,APPROVED_REPORT_DRAWING_GOLDEN,report Golden from Phase 2-II candidate; HIGH confidence,,,H29_REFERENCE,Calculation table record.
G-RPT-0391,report,report.table.CAL-TBL-P00133-004,ENT-LINE-ACL,巻き立てコンクリート寸法表,,,,table,CAL-TBL-P00133-004,RP-435,calc_pdf_p133,,CALCULATION,HIGH,UNVERIFIED,APPROVED_REPORT_DRAWING_GOLDEN,report Golden from Phase 2-II candidate; HIGH confidence,,,H29_REFERENCE,Calculation table record.
G-RPT-0392,report,report.table.CAL-TBL-P00133-005,ENT-LINE-ACL,巻き立てコンクリート寸法表,,,,table,CAL-TBL-P00133-005,RP-436,calc_pdf_p133,,CALCULATION,HIGH,UNVERIFIED,APPROVED_REPORT_DRAWING_GOLDEN,report Golden from Phase 2-II candidate; HIGH confidence,,,H29_REFERENCE,Calculation table record.
G-RPT-0393,report,report.table.CAL-TBL-P00133-006,ENT-LINE-ACL,巻き立てコンクリート寸法表,,,,table,CAL-TBL-P00133-006,RP-437,calc_pdf_p133,,CALCULATION,HIGH,UNVERIFIED,APPROVED_REPORT_DRAWING_GOLDEN,report Golden from Phase 2-II candidate; HIGH confidence,,,H29_REFERENCE,Calculation table record.
G-RPT-0394,report,report.table.CAL-TBL-P00133-007,ENT-LINE-ACL,巻き立てコンクリート寸法表,,,,table,CAL-TBL-P00133-007,RP-438,calc_pdf_p133,,CALCULATION,HIGH,UNVERIFIED,APPROVED_REPORT_DRAWING_GOLDEN,report Golden from Phase 2-II candidate; HIGH confidence,,,H29_REFERENCE,Calculation table record.
G-RPT-0395,report,report.table.CAL-TBL-P00133-008,ENT-LINE-ACL,巻き立てコンクリート寸法表,,,,table,CAL-TBL-P00133-008,RP-439,calc_pdf_p133,,CALCULATION,HIGH,UNVERIFIED,APPROVED_REPORT_DRAWING_GOLDEN,report Golden from Phase 2-II candidate; HIGH confidence,,,H29_REFERENCE,Calculation table record.
G-RPT-0396,report,report.table.CAL-TBL-P00133-009,ENT-LINE-ACL,巻き立てコンクリート寸法表,,,,table,CAL-TBL-P00133-009,RP-440,calc_pdf_p133,,CALCULATION,HIGH,UNVERIFIED,APPROVED_REPORT_DRAWING_GOLDEN,report Golden from Phase 2-II candidate; HIGH confidence,,,H29_REFERENCE,Calculation table record.
G-RPT-0397,report,report.table.CAL-TBL-P00133-010,ENT-LINE-ACL,巻き立てコンクリート寸法表,,,,table,CAL-TBL-P00133-010,RP-441,calc_pdf_p133,,CALCULATION,HIGH,UNVERIFIED,APPROVED_REPORT_DRAWING_GOLDEN,report Golden from Phase 2-II candidate; HIGH confidence,,,H29_REFERENCE,Calculation table record.
G-RPT-0398,report,report.table.CAL-TBL-P00133-011,ENT-LINE-ACL,巻き立てコンクリート荷重 S1,,,,table,CAL-TBL-P00133-011,RP-442,calc_pdf_p133,,CALCULATION,HIGH,UNVERIFIED,APPROVED_REPORT_DRAWING_GOLDEN,report Golden from Phase 2-II candidate; HIGH confidence,,,H29_REFERENCE,Calculation table record.
G-RPT-0399,report,report.table.CAL-TBL-P00133-012,ENT-LINE-ACL,巻き立てコンクリート荷重 S1,,,,table,CAL-TBL-P00133-012,RP-443,calc_pdf_p133,,CALCULATION,HIGH,UNVERIFIED,APPROVED_REPORT_DRAWING_GOLDEN,report Golden from Phase 2-II candidate; HIGH confidence,,,H29_REFERENCE,Calculation table record.
G-RPT-0400,report,report.table.CAL-TBL-P00134-001,ENT-LINE-ACL,巻き立てコンクリート荷重 S2,,,,table,CAL-TBL-P00134-001,RP-444,calc_pdf_p134,,CALCULATION,HIGH,UNVERIFIED,APPROVED_REPORT_DRAWING_GOLDEN,report Golden from Phase 2-II candidate; HIGH confidence,,,H29_REFERENCE,Calculation table record.
G-RPT-0401,report,report.table.CAL-TBL-P00134-002,ENT-LINE-ACL,巻き立てコンクリート荷重 S2,,,,table,CAL-TBL-P00134-002,RP-445,calc_pdf_p134,,CALCULATION,HIGH,UNVERIFIED,APPROVED_REPORT_DRAWING_GOLDEN,report Golden from Phase 2-II candidate; HIGH confidence,,,H29_REFERENCE,Calculation table record.
G-RPT-0402,report,report.table.CAL-TBL-P00134-003,ENT-LINE-ACL,巻き立てコンクリート荷重 PR1,,,,table,CAL-TBL-P00134-003,RP-446,calc_pdf_p134,,CALCULATION,HIGH,UNVERIFIED,APPROVED_REPORT_DRAWING_GOLDEN,report Golden from Phase 2-II candidate; HIGH confidence,,,H29_REFERENCE,Calculation table record.
G-RPT-0403,report,report.table.CAL-TBL-P00134-004,ENT-LINE-ACL,巻き立てコンクリート荷重 PR1,,,,table,CAL-TBL-P00134-004,RP-447,calc_pdf_p134,,CALCULATION,HIGH,UNVERIFIED,APPROVED_REPORT_DRAWING_GOLDEN,report Golden from Phase 2-II candidate; HIGH confidence,,,H29_REFERENCE,Calculation table record.
G-RPT-0404,report,report.table.CAL-TBL-P00134-005,ENT-LINE-ACL,巻き立てコンクリート荷重 PR2,,,,table,CAL-TBL-P00134-005,RP-448,calc_pdf_p134,,CALCULATION,HIGH,UNVERIFIED,APPROVED_REPORT_DRAWING_GOLDEN,report Golden from Phase 2-II candidate; HIGH confidence,,,H29_REFERENCE,Calculation table record.
G-RPT-0405,report,report.table.CAL-TBL-P00134-006,ENT-LINE-ACL,巻き立てコンクリート荷重 PR2,,,,table,CAL-TBL-P00134-006,RP-449,calc_pdf_p134,,CALCULATION,HIGH,UNVERIFIED,APPROVED_REPORT_DRAWING_GOLDEN,report Golden from Phase 2-II candidate; HIGH confidence,,,H29_REFERENCE,Calculation table record.
G-RPT-0406,report,report.table.CAL-TBL-P00135-001,ENT-LINE-ACL,衝撃係数一覧,,,,table,CAL-TBL-P00135-001,RP-450,calc_pdf_p135,,CALCULATION,HIGH,UNVERIFIED,APPROVED_REPORT_DRAWING_GOLDEN,report Golden from Phase 2-II candidate; HIGH confidence,,,H29_REFERENCE,Calculation table record.
G-RPT-0407,report,report.table.CAL-TBL-P00135-002,ENT-LINE-ACL,衝撃係数一覧,,,,table,CAL-TBL-P00135-002,RP-451,calc_pdf_p135,,CALCULATION,HIGH,UNVERIFIED,APPROVED_REPORT_DRAWING_GOLDEN,report Golden from Phase 2-II candidate; HIGH confidence,,,H29_REFERENCE,Calculation table record.
G-RPT-0408,report,report.table.CAL-TBL-P00135-003,ENT-LINE-ACL,衝撃係数一覧,,,,table,CAL-TBL-P00135-003,RP-452,calc_pdf_p135,,CALCULATION,HIGH,UNVERIFIED,APPROVED_REPORT_DRAWING_GOLDEN,report Golden from Phase 2-II candidate; HIGH confidence,,,H29_REFERENCE,Calculation table record.
G-RPT-0409,report,report.table.CAL-TBL-P00135-004,ENT-LINE-ACL,衝撃係数一覧,,,,table,CAL-TBL-P00135-004,RP-453,calc_pdf_p135,,CALCULATION,HIGH,UNVERIFIED,APPROVED_REPORT_DRAWING_GOLDEN,report Golden from Phase 2-II candidate; HIGH confidence,,,H29_REFERENCE,Calculation table record.
G-RPT-0410,report,report.table.CAL-TBL-P00135-005,ENT-LINE-ACL,衝撃係数一覧,,,,table,CAL-TBL-P00135-005,RP-454,calc_pdf_p135,,CALCULATION,HIGH,UNVERIFIED,APPROVED_REPORT_DRAWING_GOLDEN,report Golden from Phase 2-II candidate; HIGH confidence,,,H29_REFERENCE,Calculation table record.
G-RPT-0411,report,report.table.CAL-TBL-P00135-006,ENT-LINE-ACL,衝撃係数一覧,,,,table,CAL-TBL-P00135-006,RP-455,calc_pdf_p135,,CALCULATION,HIGH,UNVERIFIED,APPROVED_REPORT_DRAWING_GOLDEN,report Golden from Phase 2-II candidate; HIGH confidence,,,H29_REFERENCE,Calculation table record.
G-RPT-0412,report,report.table.CAL-TBL-P00135-007,ENT-LINE-ACL,衝撃係数一覧,,,,table,CAL-TBL-P00135-007,RP-456,calc_pdf_p135,,CALCULATION,HIGH,UNVERIFIED,APPROVED_REPORT_DRAWING_GOLDEN,report Golden from Phase 2-II candidate; HIGH confidence,,,H29_REFERENCE,Calculation table record.
G-RPT-0413,report,report.table.CAL-TBL-P00135-008,ENT-LINE-ACL,衝撃係数一覧,,,,table,CAL-TBL-P00135-008,RP-457,calc_pdf_p135,,CALCULATION,HIGH,UNVERIFIED,APPROVED_REPORT_DRAWING_GOLDEN,report Golden from Phase 2-II candidate; HIGH confidence,,,H29_REFERENCE,Calculation table record.
G-RPT-0414,report,report.table.CAL-TBL-P00135-009,ENT-LINE-ACL,衝撃係数一覧,,,,table,CAL-TBL-P00135-009,RP-458,calc_pdf_p135,,CALCULATION,HIGH,UNVERIFIED,APPROVED_REPORT_DRAWING_GOLDEN,report Golden from Phase 2-II candidate; HIGH confidence,,,H29_REFERENCE,Calculation table record.
G-RPT-0415,report,report.table.CAL-TBL-P00135-010,ENT-LINE-ACL,衝撃係数一覧,,,,table,CAL-TBL-P00135-010,RP-459,calc_pdf_p135,,CALCULATION,HIGH,UNVERIFIED,APPROVED_REPORT_DRAWING_GOLDEN,report Golden from Phase 2-II candidate; HIGH confidence,,,H29_REFERENCE,Calculation table record.
G-RPT-0416,report,report.table.CAL-TBL-P00141-001,ENT-LINE-ACL,AG1桁格点座標,,,,table,CAL-TBL-P00141-001,RP-460,calc_pdf_p141,,CALCULATION,HIGH,UNVERIFIED,APPROVED_REPORT_DRAWING_GOLDEN,report Golden from Phase 2-II candidate; HIGH confidence,,,H29_REFERENCE,Calculation table record.
G-RPT-0417,report,report.table.CAL-TBL-P00141-002,ENT-LINE-ACL,AG1桁格点座標,,,,table,CAL-TBL-P00141-002,RP-461,calc_pdf_p141,,CALCULATION,HIGH,UNVERIFIED,APPROVED_REPORT_DRAWING_GOLDEN,report Golden from Phase 2-II candidate; HIGH confidence,,,H29_REFERENCE,Calculation table record.
G-RPT-0418,report,report.table.CAL-TBL-P00141-003,ENT-LINE-ACL,AG1桁格点座標,,,,table,CAL-TBL-P00141-003,RP-462,calc_pdf_p141,,CALCULATION,HIGH,UNVERIFIED,APPROVED_REPORT_DRAWING_GOLDEN,report Golden from Phase 2-II candidate; HIGH confidence,,,H29_REFERENCE,Calculation table record.
G-RPT-0419,report,report.table.CAL-TBL-P00141-004,ENT-LINE-ACL,AG1桁格点座標,,,,table,CAL-TBL-P00141-004,RP-463,calc_pdf_p141,,CALCULATION,HIGH,UNVERIFIED,APPROVED_REPORT_DRAWING_GOLDEN,report Golden from Phase 2-II candidate; HIGH confidence,,,H29_REFERENCE,Calculation table record.
G-RPT-0420,report,report.table.CAL-TBL-P00141-005,ENT-LINE-ACL,AG2桁格点座標,,,,table,CAL-TBL-P00141-005,RP-464,calc_pdf_p141,,CALCULATION,HIGH,UNVERIFIED,APPROVED_REPORT_DRAWING_GOLDEN,report Golden from Phase 2-II candidate; HIGH confidence,,,H29_REFERENCE,Calculation table record.
G-RPT-0421,report,report.table.CAL-TBL-P00141-006,ENT-LINE-ACL,AG2桁格点座標,,,,table,CAL-TBL-P00141-006,RP-465,calc_pdf_p141,,CALCULATION,HIGH,UNVERIFIED,APPROVED_REPORT_DRAWING_GOLDEN,report Golden from Phase 2-II candidate; HIGH confidence,,,H29_REFERENCE,Calculation table record.
G-RPT-0422,report,report.table.CAL-TBL-P00141-007,ENT-LINE-ACL,AG2桁格点座標,,,,table,CAL-TBL-P00141-007,RP-466,calc_pdf_p141,,CALCULATION,HIGH,UNVERIFIED,APPROVED_REPORT_DRAWING_GOLDEN,report Golden from Phase 2-II candidate; HIGH confidence,,,H29_REFERENCE,Calculation table record.
G-RPT-0423,report,report.table.CAL-TBL-P00141-008,ENT-LINE-ACL,AG2桁格点座標,,,,table,CAL-TBL-P00141-008,RP-467,calc_pdf_p141,,CALCULATION,HIGH,UNVERIFIED,APPROVED_REPORT_DRAWING_GOLDEN,report Golden from Phase 2-II candidate; HIGH confidence,,,H29_REFERENCE,Calculation table record.
G-RPT-0424,report,report.table.CAL-TBL-P00143-001,ENT-LINE-ACL,AG1桁仮定剛度,,,,table,CAL-TBL-P00143-001,RP-468,calc_pdf_p143,,CALCULATION,HIGH,UNVERIFIED,APPROVED_REPORT_DRAWING_GOLDEN,report Golden from Phase 2-II candidate; HIGH confidence,,,H29_REFERENCE,Calculation table record.
G-RPT-0425,report,report.table.CAL-TBL-P00143-002,ENT-LINE-ACL,AG1桁仮定剛度,,,,table,CAL-TBL-P00143-002,RP-469,calc_pdf_p143,,CALCULATION,HIGH,UNVERIFIED,APPROVED_REPORT_DRAWING_GOLDEN,report Golden from Phase 2-II candidate; HIGH confidence,,,H29_REFERENCE,Calculation table record.
G-RPT-0426,report,report.table.CAL-TBL-P00143-003,ENT-LINE-ACL,AG1桁仮定剛度,,,,table,CAL-TBL-P00143-003,RP-470,calc_pdf_p143,,CALCULATION,HIGH,UNVERIFIED,APPROVED_REPORT_DRAWING_GOLDEN,report Golden from Phase 2-II candidate; HIGH confidence,,,H29_REFERENCE,Calculation table record.
G-RPT-0427,report,report.table.CAL-TBL-P00143-004,ENT-LINE-ACL,AG1桁仮定剛度,,,,table,CAL-TBL-P00143-004,RP-471,calc_pdf_p143,,CALCULATION,HIGH,UNVERIFIED,APPROVED_REPORT_DRAWING_GOLDEN,report Golden from Phase 2-II candidate; HIGH confidence,,,H29_REFERENCE,Calculation table record.
G-RPT-0428,report,report.table.CAL-TBL-P00143-005,ENT-LINE-ACL,AG1桁仮定剛度,,,,table,CAL-TBL-P00143-005,RP-472,calc_pdf_p143,,CALCULATION,HIGH,UNVERIFIED,APPROVED_REPORT_DRAWING_GOLDEN,report Golden from Phase 2-II candidate; HIGH confidence,,,H29_REFERENCE,Calculation table record.
G-RPT-0429,report,report.table.CAL-TBL-P00143-006,ENT-LINE-ACL,AG2桁仮定剛度,,,,table,CAL-TBL-P00143-006,RP-473,calc_pdf_p143,,CALCULATION,HIGH,UNVERIFIED,APPROVED_REPORT_DRAWING_GOLDEN,report Golden from Phase 2-II candidate; HIGH confidence,,,H29_REFERENCE,Calculation table record.
G-RPT-0430,report,report.table.CAL-TBL-P00143-007,ENT-LINE-ACL,AG2桁仮定剛度,,,,table,CAL-TBL-P00143-007,RP-474,calc_pdf_p143,,CALCULATION,HIGH,UNVERIFIED,APPROVED_REPORT_DRAWING_GOLDEN,report Golden from Phase 2-II candidate; HIGH confidence,,,H29_REFERENCE,Calculation table record.
G-RPT-0431,report,report.table.CAL-TBL-P00144-001,ENT-LINE-ACL,横桁仮定剛度,,,,table,CAL-TBL-P00144-001,RP-475,calc_pdf_p144,,CALCULATION,HIGH,UNVERIFIED,APPROVED_REPORT_DRAWING_GOLDEN,report Golden from Phase 2-II candidate; HIGH confidence,,,H29_REFERENCE,Calculation table record.
G-RPT-0432,report,report.table.CAL-TBL-P00144-002,ENT-LINE-ACL,横桁仮定剛度,,,,table,CAL-TBL-P00144-002,RP-476,calc_pdf_p144,,CALCULATION,HIGH,UNVERIFIED,APPROVED_REPORT_DRAWING_GOLDEN,report Golden from Phase 2-II candidate; HIGH confidence,,,H29_REFERENCE,Calculation table record.
G-RPT-0433,report,report.table.CAL-TBL-P00144-003,ENT-LINE-ACL,横桁仮定剛度,,,,table,CAL-TBL-P00144-003,RP-477,calc_pdf_p144,,CALCULATION,HIGH,UNVERIFIED,APPROVED_REPORT_DRAWING_GOLDEN,report Golden from Phase 2-II candidate; HIGH confidence,,,H29_REFERENCE,Calculation table record.
G-RPT-0434,report,report.table.CAL-TBL-P00144-004,ENT-LINE-ACL,横桁仮定剛度,,,,table,CAL-TBL-P00144-004,RP-478,calc_pdf_p144,,CALCULATION,HIGH,UNVERIFIED,APPROVED_REPORT_DRAWING_GOLDEN,report Golden from Phase 2-II candidate; HIGH confidence,,,H29_REFERENCE,Calculation table record.
G-RPT-0435,report,report.table.CAL-TBL-P00149-001,ENT-LINE-ACL,材料定数データ,,,,table,CAL-TBL-P00149-001,RP-479,calc_pdf_p149,,CALCULATION,HIGH,UNVERIFIED,APPROVED_REPORT_DRAWING_GOLDEN,report Golden from Phase 2-II candidate; HIGH confidence,,,H29_REFERENCE,Calculation table record.
G-RPT-0436,report,report.table.CAL-TBL-P00149-002,ENT-LINE-ACL,材料定数データ,,,,table,CAL-TBL-P00149-002,RP-480,calc_pdf_p149,,CALCULATION,HIGH,UNVERIFIED,APPROVED_REPORT_DRAWING_GOLDEN,report Golden from Phase 2-II candidate; HIGH confidence,,,H29_REFERENCE,Calculation table record.
G-RPT-0437,report,report.table.CAL-TBL-P00149-003,ENT-LINE-ACL,材料定数データ,,,,table,CAL-TBL-P00149-003,RP-481,calc_pdf_p149,,CALCULATION,HIGH,UNVERIFIED,APPROVED_REPORT_DRAWING_GOLDEN,report Golden from Phase 2-II candidate; HIGH confidence,,,H29_REFERENCE,Calculation table record.
G-RPT-0438,report,report.table.CAL-TBL-P00149-004,ENT-LINE-ACL,材料定数データ,,,,table,CAL-TBL-P00149-004,RP-482,calc_pdf_p149,,CALCULATION,HIGH,UNVERIFIED,APPROVED_REPORT_DRAWING_GOLDEN,report Golden from Phase 2-II candidate; HIGH confidence,,,H29_REFERENCE,Calculation table record.
G-RPT-0439,report,report.table.CAL-TBL-P00222-001,ENT-LINE-ACL,鉛直方向死荷重反力,,,,table,CAL-TBL-P00222-001,RP-483,calc_pdf_p222,,CALCULATION,HIGH,UNVERIFIED,APPROVED_REPORT_DRAWING_GOLDEN,report Golden from Phase 2-II candidate; HIGH confidence,,,H29_REFERENCE,Calculation table record.
G-RPT-0440,report,report.table.CAL-TBL-P00222-002,ENT-LINE-ACL,鉛直方向死荷重反力,,,,table,CAL-TBL-P00222-002,RP-484,calc_pdf_p222,,CALCULATION,HIGH,UNVERIFIED,APPROVED_REPORT_DRAWING_GOLDEN,report Golden from Phase 2-II candidate; HIGH confidence,,,H29_REFERENCE,Calculation table record.
G-RPT-0441,report,report.table.CAL-TBL-P00222-003,ENT-LINE-ACL,鉛直方向死荷重反力,,,,table,CAL-TBL-P00222-003,RP-485,calc_pdf_p222,,CALCULATION,HIGH,UNVERIFIED,APPROVED_REPORT_DRAWING_GOLDEN,report Golden from Phase 2-II candidate; HIGH confidence,,,H29_REFERENCE,Calculation table record.
G-RPT-0442,report,report.table.CAL-TBL-P00222-004,ENT-LINE-ACL,鉛直方向死荷重反力,,,,table,CAL-TBL-P00222-004,RP-486,calc_pdf_p222,,CALCULATION,HIGH,UNVERIFIED,APPROVED_REPORT_DRAWING_GOLDEN,report Golden from Phase 2-II candidate; HIGH confidence,,,H29_REFERENCE,Calculation table record.
G-RPT-0443,report,report.table.CAL-TBL-P00222-005,ENT-LINE-ACL,鉛直方向死荷重反力,,,,table,CAL-TBL-P00222-005,RP-487,calc_pdf_p222,,CALCULATION,HIGH,UNVERIFIED,APPROVED_REPORT_DRAWING_GOLDEN,report Golden from Phase 2-II candidate; HIGH confidence,,,H29_REFERENCE,Calculation table record.
G-RPT-0444,report,report.table.CAL-TBL-P00222-006,ENT-LINE-ACL,鉛直方向死荷重反力,,,,table,CAL-TBL-P00222-006,RP-488,calc_pdf_p222,,CALCULATION,HIGH,UNVERIFIED,APPROVED_REPORT_DRAWING_GOLDEN,report Golden from Phase 2-II candidate; HIGH confidence,,,H29_REFERENCE,Calculation table record.
G-RPT-0445,report,report.table.CAL-TBL-P00222-007,ENT-LINE-ACL,鉛直方向死荷重反力,,,,table,CAL-TBL-P00222-007,RP-489,calc_pdf_p222,,CALCULATION,HIGH,UNVERIFIED,APPROVED_REPORT_DRAWING_GOLDEN,report Golden from Phase 2-II candidate; HIGH confidence,,,H29_REFERENCE,Calculation table record.
G-RPT-0446,report,report.table.CAL-TBL-P00222-008,ENT-LINE-ACL,鉛直方向死荷重反力,,,,table,CAL-TBL-P00222-008,RP-490,calc_pdf_p222,,CALCULATION,HIGH,UNVERIFIED,APPROVED_REPORT_DRAWING_GOLDEN,report Golden from Phase 2-II candidate; HIGH confidence,,,H29_REFERENCE,Calculation table record.
G-RPT-0447,report,report.table.CAL-TBL-P00222-009,ENT-LINE-ACL,鉛直方向死荷重反力,,,,table,CAL-TBL-P00222-009,RP-491,calc_pdf_p222,,CALCULATION,HIGH,UNVERIFIED,APPROVED_REPORT_DRAWING_GOLDEN,report Golden from Phase 2-II candidate; HIGH confidence,,,H29_REFERENCE,Calculation table record.
G-RPT-0448,report,report.table.CAL-TBL-P00222-010,ENT-LINE-ACL,鉛直方向死荷重反力,,,,table,CAL-TBL-P00222-010,RP-492,calc_pdf_p222,,CALCULATION,HIGH,UNVERIFIED,APPROVED_REPORT_DRAWING_GOLDEN,report Golden from Phase 2-II candidate; HIGH confidence,,,H29_REFERENCE,Calculation table record.
G-RPT-0449,report,report.table.CAL-TBL-P00222-011,ENT-LINE-ACL,鉛直方向死荷重反力,,,,table,CAL-TBL-P00222-011,RP-493,calc_pdf_p222,,CALCULATION,HIGH,UNVERIFIED,APPROVED_REPORT_DRAWING_GOLDEN,report Golden from Phase 2-II candidate; HIGH confidence,,,H29_REFERENCE,Calculation table record.
G-RPT-0450,report,report.table.CAL-TBL-P00222-012,ENT-LINE-ACL,鉛直方向死荷重反力,,,,table,CAL-TBL-P00222-012,RP-494,calc_pdf_p222,,CALCULATION,HIGH,UNVERIFIED,APPROVED_REPORT_DRAWING_GOLDEN,report Golden from Phase 2-II candidate; HIGH confidence,,,H29_REFERENCE,Calculation table record.
G-RPT-0451,report,report.table.CAL-TBL-P00222-013,ENT-LINE-ACL,鉛直方向死荷重反力,,,,table,CAL-TBL-P00222-013,RP-495,calc_pdf_p222,,CALCULATION,HIGH,UNVERIFIED,APPROVED_REPORT_DRAWING_GOLDEN,report Golden from Phase 2-II candidate; HIGH confidence,,,H29_REFERENCE,Calculation table record.
G-RPT-0452,report,report.table.CAL-TBL-P00222-014,ENT-LINE-ACL,鉛直方向死荷重反力,,,,table,CAL-TBL-P00222-014,RP-496,calc_pdf_p222,,CALCULATION,HIGH,UNVERIFIED,APPROVED_REPORT_DRAWING_GOLDEN,report Golden from Phase 2-II candidate; HIGH confidence,,,H29_REFERENCE,Calculation table record.
G-RPT-0453,report,report.table.CAL-TBL-P00222-015,ENT-LINE-ACL,鉛直方向死荷重反力,,,,table,CAL-TBL-P00222-015,RP-497,calc_pdf_p222,,CALCULATION,HIGH,UNVERIFIED,APPROVED_REPORT_DRAWING_GOLDEN,report Golden from Phase 2-II candidate; HIGH confidence,,,H29_REFERENCE,Calculation table record.
G-RPT-0454,report,report.table.CAL-TBL-P00222-016,ENT-LINE-ACL,鉛直方向死荷重反力,,,,table,CAL-TBL-P00222-016,RP-498,calc_pdf_p222,,CALCULATION,HIGH,UNVERIFIED,APPROVED_REPORT_DRAWING_GOLDEN,report Golden from Phase 2-II candidate; HIGH confidence,,,H29_REFERENCE,Calculation table record.
G-RPT-0455,report,report.table.CAL-TBL-P00223-001,ENT-LINE-ACL,上部工反力 死荷重/活荷重,,,,table,CAL-TBL-P00223-001,RP-499,calc_pdf_p223,,CALCULATION,HIGH,UNVERIFIED,APPROVED_REPORT_DRAWING_GOLDEN,report Golden from Phase 2-II candidate; HIGH confidence,,,H29_REFERENCE,Calculation table record.
G-RPT-0456,report,report.table.CAL-TBL-P00223-002,ENT-LINE-ACL,上部工反力 死荷重/活荷重,,,,table,CAL-TBL-P00223-002,RP-500,calc_pdf_p223,,CALCULATION,HIGH,UNVERIFIED,APPROVED_REPORT_DRAWING_GOLDEN,report Golden from Phase 2-II candidate; HIGH confidence,,,H29_REFERENCE,Calculation table record.
G-RPT-0457,report,report.table.CAL-TBL-P00223-003,ENT-LINE-ACL,上部工反力 死荷重/活荷重,,,,table,CAL-TBL-P00223-003,RP-501,calc_pdf_p223,,CALCULATION,HIGH,UNVERIFIED,APPROVED_REPORT_DRAWING_GOLDEN,report Golden from Phase 2-II candidate; HIGH confidence,,,H29_REFERENCE,Calculation table record.
G-RPT-0458,report,report.table.CAL-TBL-P00223-004,ENT-LINE-ACL,上部工反力 死荷重/活荷重,,,,table,CAL-TBL-P00223-004,RP-502,calc_pdf_p223,,CALCULATION,HIGH,UNVERIFIED,APPROVED_REPORT_DRAWING_GOLDEN,report Golden from Phase 2-II candidate; HIGH confidence,,,H29_REFERENCE,Calculation table record.
G-RPT-0459,report,report.table.CAL-TBL-P00223-005,ENT-LINE-ACL,上部工反力 死荷重/活荷重,,,,table,CAL-TBL-P00223-005,RP-503,calc_pdf_p223,,CALCULATION,HIGH,UNVERIFIED,APPROVED_REPORT_DRAWING_GOLDEN,report Golden from Phase 2-II candidate; HIGH confidence,,,H29_REFERENCE,Calculation table record.
G-RPT-0460,report,report.table.CAL-TBL-P00223-006,ENT-LINE-ACL,上部工反力 死荷重/活荷重,,,,table,CAL-TBL-P00223-006,RP-504,calc_pdf_p223,,CALCULATION,HIGH,UNVERIFIED,APPROVED_REPORT_DRAWING_GOLDEN,report Golden from Phase 2-II candidate; HIGH confidence,,,H29_REFERENCE,Calculation table record.
G-RPT-0461,report,report.table.CAL-TBL-P00223-007,ENT-LINE-ACL,上部工反力 死荷重/活荷重,,,,table,CAL-TBL-P00223-007,RP-505,calc_pdf_p223,,CALCULATION,HIGH,UNVERIFIED,APPROVED_REPORT_DRAWING_GOLDEN,report Golden from Phase 2-II candidate; HIGH confidence,,,H29_REFERENCE,Calculation table record.
G-RPT-0462,report,report.table.CAL-TBL-P00223-008,ENT-LINE-ACL,上部工反力 死荷重/活荷重,,,,table,CAL-TBL-P00223-008,RP-506,calc_pdf_p223,,CALCULATION,HIGH,UNVERIFIED,APPROVED_REPORT_DRAWING_GOLDEN,report Golden from Phase 2-II candidate; HIGH confidence,,,H29_REFERENCE,Calculation table record.
G-RPT-0463,report,report.table.CAL-TBL-P00223-009,ENT-LINE-ACL,上部工反力 死荷重/活荷重,,,,table,CAL-TBL-P00223-009,RP-507,calc_pdf_p223,,CALCULATION,HIGH,UNVERIFIED,APPROVED_REPORT_DRAWING_GOLDEN,report Golden from Phase 2-II candidate; HIGH confidence,,,H29_REFERENCE,Calculation table record.
G-RPT-0464,report,report.table.CAL-TBL-P00223-010,ENT-LINE-ACL,上部工反力 死荷重/活荷重,,,,table,CAL-TBL-P00223-010,RP-508,calc_pdf_p223,,CALCULATION,HIGH,UNVERIFIED,APPROVED_REPORT_DRAWING_GOLDEN,report Golden from Phase 2-II candidate; HIGH confidence,,,H29_REFERENCE,Calculation table record.
G-RPT-0465,report,report.table.SRC-calculation_chapter_03_section_3_2_tables-001,ENT-LINE-ACL,AG1 Sec-1 section properties,,,,table,SRC-calculation_chapter_03_section_3_2_tables-001,RP-658,calc_pdf_p293,,CALCULATION,HIGH,UNVERIFIED,APPROVED_REPORT_DRAWING_GOLDEN,report Golden from Phase 2-II candidate; HIGH confidence,,,H29_REFERENCE,Calculation table record.
G-RPT-0466,report,report.table.SRC-calculation_chapter_03_section_3_2_tables-002,ENT-LINE-ACL,AG1 Sec-1 section properties,,,,table,SRC-calculation_chapter_03_section_3_2_tables-002,RP-659,calc_pdf_p293,,CALCULATION,HIGH,UNVERIFIED,APPROVED_REPORT_DRAWING_GOLDEN,report Golden from Phase 2-II candidate; HIGH confidence,,,H29_REFERENCE,Calculation table record.
G-RPT-0467,report,report.table.SRC-calculation_chapter_03_section_3_2_tables-003,ENT-LINE-ACL,AG1 Sec-1 section properties,,,,table,SRC-calculation_chapter_03_section_3_2_tables-003,RP-660,calc_pdf_p293,,CALCULATION,HIGH,UNVERIFIED,APPROVED_REPORT_DRAWING_GOLDEN,report Golden from Phase 2-II candidate; HIGH confidence,,,H29_REFERENCE,Calculation table record.
G-RPT-0468,report,report.table.SRC-calculation_chapter_03_section_3_2_tables-004,ENT-LINE-ACL,AG1 Sec-1 section properties,,,,table,SRC-calculation_chapter_03_section_3_2_tables-004,RP-661,calc_pdf_p293,,CALCULATION,HIGH,UNVERIFIED,APPROVED_REPORT_DRAWING_GOLDEN,report Golden from Phase 2-II candidate; HIGH confidence,,,H29_REFERENCE,Calculation table record.
G-RPT-0469,report,report.table.SRC-calculation_chapter_03_section_3_2_tables-005,ENT-LINE-ACL,AG1 Sec-1 results,,,,table,SRC-calculation_chapter_03_section_3_2_tables-005,RP-662,calc_pdf_p293,,CALCULATION,HIGH,UNVERIFIED,APPROVED_REPORT_DRAWING_GOLDEN,report Golden from Phase 2-II candidate; HIGH confidence,,,H29_REFERENCE,Calculation table record.
G-RPT-0470,report,report.table.SRC-calculation_chapter_03_section_3_2_tables-006,ENT-LINE-ACL,AG1 Sec-1(J-1) section,,,,table,SRC-calculation_chapter_03_section_3_2_tables-006,RP-663,calc_pdf_p294,,CALCULATION,HIGH,UNVERIFIED,APPROVED_REPORT_DRAWING_GOLDEN,report Golden from Phase 2-II candidate; HIGH confidence,,,H29_REFERENCE,Calculation table record.
G-RPT-0471,report,report.table.SRC-calculation_chapter_03_section_3_2_tables-007,ENT-LINE-ACL,AG1 Sec-1(J-1) section,,,,table,SRC-calculation_chapter_03_section_3_2_tables-007,RP-664,calc_pdf_p294,,CALCULATION,HIGH,UNVERIFIED,APPROVED_REPORT_DRAWING_GOLDEN,report Golden from Phase 2-II candidate; HIGH confidence,,,H29_REFERENCE,Calculation table record.
G-RPT-0472,report,report.table.SRC-calculation_chapter_03_section_3_2_tables-008,ENT-LINE-ACL,AG1 Sec-1(J-1) section,,,,table,SRC-calculation_chapter_03_section_3_2_tables-008,RP-665,calc_pdf_p294,,CALCULATION,HIGH,UNVERIFIED,APPROVED_REPORT_DRAWING_GOLDEN,report Golden from Phase 2-II candidate; HIGH confidence,,,H29_REFERENCE,Calculation table record.
G-RPT-0473,report,report.table.SRC-calculation_chapter_03_section_3_2_tables-009,ENT-LINE-ACL,AG1 Sec-1(J-1) results,,,,table,SRC-calculation_chapter_03_section_3_2_tables-009,RP-666,calc_pdf_p294,,CALCULATION,HIGH,UNVERIFIED,APPROVED_REPORT_DRAWING_GOLDEN,report Golden from Phase 2-II candidate; HIGH confidence,,,H29_REFERENCE,Calculation table record.
G-RPT-0474,report,report.table.SRC-calculation_chapter_03_section_3_2_tables-010,ENT-LINE-ACL,AG1 Sec-1(J-1) stresses,,,,table,SRC-calculation_chapter_03_section_3_2_tables-010,RP-667,calc_pdf_p294,,CALCULATION,HIGH,UNVERIFIED,APPROVED_REPORT_DRAWING_GOLDEN,report Golden from Phase 2-II candidate; HIGH confidence,,,H29_REFERENCE,Calculation table record.
G-RPT-0475,report,report.table.SRC-calculation_chapter_03_section_3_2_tables-011,ENT-LINE-ACL,AG1 Sec-2(J-2) section,,,,table,SRC-calculation_chapter_03_section_3_2_tables-011,RP-668,calc_pdf_p295,,CALCULATION,HIGH,UNVERIFIED,APPROVED_REPORT_DRAWING_GOLDEN,report Golden from Phase 2-II candidate; HIGH confidence,,,H29_REFERENCE,Calculation table record.
G-RPT-0476,report,report.table.SRC-calculation_chapter_03_section_3_2_tables-012,ENT-LINE-ACL,AG1 Sec-3(Mx-Max) section,,,,table,SRC-calculation_chapter_03_section_3_2_tables-012,RP-669,calc_pdf_p296,,CALCULATION,HIGH,UNVERIFIED,APPROVED_REPORT_DRAWING_GOLDEN,report Golden from Phase 2-II candidate; HIGH confidence,,,H29_REFERENCE,Calculation table record.
G-RPT-0477,report,report.table.SRC-calculation_chapter_03_section_3_2_tables-013,ENT-LINE-ACL,AG1 Sec-4(J-3) section,,,,table,SRC-calculation_chapter_03_section_3_2_tables-013,RP-670,calc_pdf_p297,,CALCULATION,HIGH,UNVERIFIED,APPROVED_REPORT_DRAWING_GOLDEN,report Golden from Phase 2-II candidate; HIGH confidence,,,H29_REFERENCE,Calculation table record.
G-RPT-0478,report,report.table.SRC-calculation_chapter_03_section_3_2_tables-014,ENT-LINE-ACL,AG1 Sec-4(J-4) section,,,,table,SRC-calculation_chapter_03_section_3_2_tables-014,RP-671,calc_pdf_p298,,CALCULATION,HIGH,UNVERIFIED,APPROVED_REPORT_DRAWING_GOLDEN,report Golden from Phase 2-II candidate; HIGH confidence,,,H29_REFERENCE,Calculation table record.
G-RPT-0479,report,report.table.SRC-calculation_chapter_03_section_3_2_tables-015,ENT-LINE-ACL,AG1 Sec-4(J-4) negative,,,,table,SRC-calculation_chapter_03_section_3_2_tables-015,RP-672,calc_pdf_p298,,CALCULATION,HIGH,UNVERIFIED,APPROVED_REPORT_DRAWING_GOLDEN,report Golden from Phase 2-II candidate; HIGH confidence,,,H29_REFERENCE,Calculation table record.
G-RPT-0480,report,report.table.SRC-calculation_chapter_03_section_3_2_tables-016,ENT-LINE-ACL,AG1 Sec-5(左) section,,,,table,SRC-calculation_chapter_03_section_3_2_tables-016,RP-673,calc_pdf_p299,,CALCULATION,HIGH,UNVERIFIED,APPROVED_REPORT_DRAWING_GOLDEN,report Golden from Phase 2-II candidate; HIGH confidence,,,H29_REFERENCE,Calculation table record.
G-RPT-0481,report,report.table.SRC-calculation_chapter_03_section_3_2_tables-017,ENT-LINE-ACL,AG1 Sec-5(左) negative,,,,table,SRC-calculation_chapter_03_section_3_2_tables-017,RP-674,calc_pdf_p299,,CALCULATION,HIGH,UNVERIFIED,APPROVED_REPORT_DRAWING_GOLDEN,report Golden from Phase 2-II candidate; HIGH confidence,,,H29_REFERENCE,Calculation table record.
G-RPT-0482,report,report.table.SRC-calculation_chapter_03_section_3_2_tables-018,ENT-LINE-ACL,AG1 Sec-5(J-5) section,,,,table,SRC-calculation_chapter_03_section_3_2_tables-018,RP-675,calc_pdf_p300,,CALCULATION,HIGH,UNVERIFIED,APPROVED_REPORT_DRAWING_GOLDEN,report Golden from Phase 2-II candidate; HIGH confidence,,,H29_REFERENCE,Calculation table record.
G-RPT-0483,report,report.table.SRC-calculation_chapter_03_section_3_2_tables-019,ENT-LINE-ACL,AG1 Sec-6(Mx-Min_L),,,,table,SRC-calculation_chapter_03_section_3_2_tables-019,RP-676,calc_pdf_p301,,CALCULATION,HIGH,UNVERIFIED,APPROVED_REPORT_DRAWING_GOLDEN,report Golden from Phase 2-II candidate; HIGH confidence,,,H29_REFERENCE,Calculation table record.
G-RPT-0484,report,report.table.SRC-calculation_chapter_03_section_3_2_tables-020,ENT-LINE-ACL,AG1 Sec-6(Mx-Min_R),,,,table,SRC-calculation_chapter_03_section_3_2_tables-020,RP-677,calc_pdf_p302,,CALCULATION,HIGH,UNVERIFIED,APPROVED_REPORT_DRAWING_GOLDEN,report Golden from Phase 2-II candidate; HIGH confidence,,,H29_REFERENCE,Calculation table record.
G-RPT-0485,report,report.table.SRC-calculation_chapter_03_section_3_2_tables-021,ENT-LINE-ACL,AG1 Sec-7(J-6),,,,table,SRC-calculation_chapter_03_section_3_2_tables-021,RP-678,calc_pdf_p303,,CALCULATION,HIGH,UNVERIFIED,APPROVED_REPORT_DRAWING_GOLDEN,report Golden from Phase 2-II candidate; HIGH confidence,,,H29_REFERENCE,Calculation table record.
G-RPT-0486,report,report.table.SRC-calculation_chapter_03_section_3_2_tables-022,ENT-LINE-ACL,AG1 Sec-7(右),,,,table,SRC-calculation_chapter_03_section_3_2_tables-022,RP-679,calc_pdf_p304,,CALCULATION,HIGH,UNVERIFIED,APPROVED_REPORT_DRAWING_GOLDEN,report Golden from Phase 2-II candidate; HIGH confidence,,,H29_REFERENCE,Calculation table record.
G-RPT-0487,report,report.table.SRC-calculation_chapter_03_section_3_2_tables-023,ENT-LINE-ACL,AG1 Sec-8(J-7),,,,table,SRC-calculation_chapter_03_section_3_2_tables-023,RP-680,calc_pdf_p305,,CALCULATION,HIGH,UNVERIFIED,APPROVED_REPORT_DRAWING_GOLDEN,report Golden from Phase 2-II candidate; HIGH confidence,,,H29_REFERENCE,Calculation table record.
G-RPT-0488,report,report.table.SRC-calculation_chapter_03_section_3_2_tables-024,ENT-LINE-ACL,AG1 Sec-8(J-8),,,,table,SRC-calculation_chapter_03_section_3_2_tables-024,RP-681,calc_pdf_p306,,CALCULATION,HIGH,UNVERIFIED,APPROVED_REPORT_DRAWING_GOLDEN,report Golden from Phase 2-II candidate; HIGH confidence,,,H29_REFERENCE,Calculation table record.
G-RPT-0489,report,report.table.SRC-calculation_chapter_03_section_3_2_tables-025,ENT-LINE-ACL,AG1 Sec-9(Mx-Max),,,,table,SRC-calculation_chapter_03_section_3_2_tables-025,RP-682,calc_pdf_p307,,CALCULATION,HIGH,UNVERIFIED,APPROVED_REPORT_DRAWING_GOLDEN,report Golden from Phase 2-II candidate; HIGH confidence,,,H29_REFERENCE,Calculation table record.
G-RPT-0490,report,report.table.SRC-calculation_chapter_03_section_3_2_tables-026,ENT-LINE-ACL,AG1 Sec-10(J-9),,,,table,SRC-calculation_chapter_03_section_3_2_tables-026,RP-683,calc_pdf_p308,,CALCULATION,HIGH,UNVERIFIED,APPROVED_REPORT_DRAWING_GOLDEN,report Golden from Phase 2-II candidate; HIGH confidence,,,H29_REFERENCE,Calculation table record.
G-RPT-0491,report,report.table.SRC-calculation_chapter_03_section_3_2_tables-027,ENT-LINE-ACL,AG1 Sec-10(J-10),,,,table,SRC-calculation_chapter_03_section_3_2_tables-027,RP-684,calc_pdf_p309,,CALCULATION,HIGH,UNVERIFIED,APPROVED_REPORT_DRAWING_GOLDEN,report Golden from Phase 2-II candidate; HIGH confidence,,,H29_REFERENCE,Calculation table record.
G-RPT-0492,report,report.table.SRC-calculation_chapter_03_section_3_2_tables-028,ENT-LINE-ACL,AG1 Sec-11(左),,,,table,SRC-calculation_chapter_03_section_3_2_tables-028,RP-685,calc_pdf_p310,,CALCULATION,HIGH,UNVERIFIED,APPROVED_REPORT_DRAWING_GOLDEN,report Golden from Phase 2-II candidate; HIGH confidence,,,H29_REFERENCE,Calculation table record.
G-RPT-0493,report,report.table.SRC-calculation_chapter_03_section_3_2_tables-029,ENT-LINE-ACL,AG1 Sec-11(J-11),,,,table,SRC-calculation_chapter_03_section_3_2_tables-029,RP-686,calc_pdf_p311,,CALCULATION,HIGH,UNVERIFIED,APPROVED_REPORT_DRAWING_GOLDEN,report Golden from Phase 2-II candidate; HIGH confidence,,,H29_REFERENCE,Calculation table record.
G-RPT-0494,report,report.table.SRC-calculation_chapter_03_section_3_2_tables-030,ENT-LINE-ACL,AG1 Sec-12(Mx-Min_L),,,,table,SRC-calculation_chapter_03_section_3_2_tables-030,RP-687,calc_pdf_p312,,CALCULATION,HIGH,UNVERIFIED,APPROVED_REPORT_DRAWING_GOLDEN,report Golden from Phase 2-II candidate; HIGH confidence,,,H29_REFERENCE,Calculation table record.
G-RPT-0495,report,report.table.SRC-calculation_chapter_03_section_3_2_tables-031,ENT-LINE-ACL,AG1 Sec-12(Mx-Min_R),,,,table,SRC-calculation_chapter_03_section_3_2_tables-031,RP-688,calc_pdf_p313,,CALCULATION,HIGH,UNVERIFIED,APPROVED_REPORT_DRAWING_GOLDEN,report Golden from Phase 2-II candidate; HIGH confidence,,,H29_REFERENCE,Calculation table record.
G-RPT-0496,report,report.table.SRC-calculation_chapter_03_section_3_2_tables-032,ENT-LINE-ACL,AG1 Sec-13(J-12),,,,table,SRC-calculation_chapter_03_section_3_2_tables-032,RP-689,calc_pdf_p314,,CALCULATION,HIGH,UNVERIFIED,APPROVED_REPORT_DRAWING_GOLDEN,report Golden from Phase 2-II candidate; HIGH confidence,,,H29_REFERENCE,Calculation table record.
G-RPT-0497,report,report.table.SRC-calculation_chapter_03_section_3_2_tables-033,ENT-LINE-ACL,AG1 Sec-13(右),,,,table,SRC-calculation_chapter_03_section_3_2_tables-033,RP-690,calc_pdf_p315,,CALCULATION,HIGH,UNVERIFIED,APPROVED_REPORT_DRAWING_GOLDEN,report Golden from Phase 2-II candidate; HIGH confidence,,,H29_REFERENCE,Calculation table record.
G-RPT-0498,report,report.table.SRC-calculation_chapter_03_section_3_2_tables-034,ENT-LINE-ACL,AG1 Sec-14(J-13),,,,table,SRC-calculation_chapter_03_section_3_2_tables-034,RP-691,calc_pdf_p316,,CALCULATION,HIGH,UNVERIFIED,APPROVED_REPORT_DRAWING_GOLDEN,report Golden from Phase 2-II candidate; HIGH confidence,,,H29_REFERENCE,Calculation table record.
G-RPT-0499,report,report.table.SRC-calculation_chapter_03_section_3_2_tables-035,ENT-LINE-ACL,AG1 Sec-14(J-14),,,,table,SRC-calculation_chapter_03_section_3_2_tables-035,RP-692,calc_pdf_p317,,CALCULATION,HIGH,UNVERIFIED,APPROVED_REPORT_DRAWING_GOLDEN,report Golden from Phase 2-II candidate; HIGH confidence,,,H29_REFERENCE,Calculation table record.
G-RPT-0500,report,report.table.SRC-calculation_chapter_03_section_3_2_tables-036,ENT-LINE-ACL,AG1 Sec-15(Mx-Max),,,,table,SRC-calculation_chapter_03_section_3_2_tables-036,RP-693,calc_pdf_p318,,CALCULATION,HIGH,UNVERIFIED,APPROVED_REPORT_DRAWING_GOLDEN,report Golden from Phase 2-II candidate; HIGH confidence,,,H29_REFERENCE,Calculation table record.
G-RPT-0501,report,report.table.SRC-calculation_chapter_03_section_3_2_tables-037,ENT-LINE-ACL,AG1 Sec-16(J-15),,,,table,SRC-calculation_chapter_03_section_3_2_tables-037,RP-694,calc_pdf_p319,,CALCULATION,HIGH,UNVERIFIED,APPROVED_REPORT_DRAWING_GOLDEN,report Golden from Phase 2-II candidate; HIGH confidence,,,H29_REFERENCE,Calculation table record.
G-RPT-0502,report,report.table.SRC-calculation_chapter_03_section_3_2_tables-038,ENT-LINE-ACL,AG1 Sec-17(J-16),,,,table,SRC-calculation_chapter_03_section_3_2_tables-038,RP-695,calc_pdf_p320,,CALCULATION,HIGH,UNVERIFIED,APPROVED_REPORT_DRAWING_GOLDEN,report Golden from Phase 2-II candidate; HIGH confidence,,,H29_REFERENCE,Calculation table record.
G-RPT-0503,report,report.table.SRC-calculation_chapter_03_section_3_2_tables-039,ENT-LINE-ACL,AG1 Sec-17(右),,,,table,SRC-calculation_chapter_03_section_3_2_tables-039,RP-696,calc_pdf_p321,,CALCULATION,HIGH,UNVERIFIED,APPROVED_REPORT_DRAWING_GOLDEN,report Golden from Phase 2-II candidate; HIGH confidence,,,H29_REFERENCE,Calculation table record.
G-RPT-0504,report,report.table.SRC-calculation_chapter_03_section_3_2_tables-040,ENT-LINE-ACL,AG2 sections (28 sections),,,,table,SRC-calculation_chapter_03_section_3_2_tables-040,RP-697,calc_pdf_p323-349,,CALCULATION,HIGH,UNVERIFIED,APPROVED_REPORT_DRAWING_GOLDEN,report Golden from Phase 2-II candidate; HIGH confidence,,,H29_REFERENCE,Calculation table record.
G-RPT-0505,report,report.table.SRC-calculation_chapter_03_section_3_2_tables-041,ENT-LINE-ACL,Dead load AG1 Sec-3(Mx-Max),,,,table,SRC-calculation_chapter_03_section_3_2_tables-041,RP-698,calc_pdf_p350,,CALCULATION,HIGH,UNVERIFIED,APPROVED_REPORT_DRAWING_GOLDEN,report Golden from Phase 2-II candidate; HIGH confidence,,,H29_REFERENCE,Calculation table record.
G-RPT-0506,report,report.table.SRC-calculation_chapter_03_section_3_2_tables-042,ENT-LINE-ACL,Dead load AG1 Sec-5(J-5),,,,table,SRC-calculation_chapter_03_section_3_2_tables-042,RP-699,calc_pdf_p351,,CALCULATION,HIGH,UNVERIFIED,APPROVED_REPORT_DRAWING_GOLDEN,report Golden from Phase 2-II candidate; HIGH confidence,,,H29_REFERENCE,Calculation table record.
G-RPT-0507,report,report.table.SRC-calculation_chapter_03_section_3_2_tables-043,ENT-LINE-ACL,Dead load AG1 Sec-6(Mx-Min_L),,,,table,SRC-calculation_chapter_03_section_3_2_tables-043,RP-700,calc_pdf_p352,,CALCULATION,HIGH,UNVERIFIED,APPROVED_REPORT_DRAWING_GOLDEN,report Golden from Phase 2-II candidate; HIGH confidence,,,H29_REFERENCE,Calculation table record.
G-RPT-0508,report,report.table.SRC-calculation_chapter_03_section_3_2_tables-044,ENT-LINE-ACL,Field splice - design equations,,,,table,SRC-calculation_chapter_03_section_3_2_tables-044,RP-701,calc_pdf_p379,,CALCULATION,HIGH,UNVERIFIED,APPROVED_REPORT_DRAWING_GOLDEN,report Golden from Phase 2-II candidate; HIGH confidence,,,H29_REFERENCE,Calculation table record.
G-RPT-0509,report,report.table.SRC-calculation_chapter_03_section_3_2_tables-045,ENT-LINE-ACL,AG1 J-1 UFLG splice,,,,table,SRC-calculation_chapter_03_section_3_2_tables-045,RP-702,calc_pdf_p382,,CALCULATION,HIGH,UNVERIFIED,APPROVED_REPORT_DRAWING_GOLDEN,report Golden from Phase 2-II candidate; HIGH confidence,,,H29_REFERENCE,Calculation table record.
G-RPT-0510,report,report.table.SRC-calculation_chapter_03_section_3_2_tables-046,ENT-LINE-ACL,Field splice bolt tables per joint,,,,table,SRC-calculation_chapter_03_section_3_2_tables-046,RP-703,calc_pdf_p382-514,,CALCULATION,HIGH,UNVERIFIED,APPROVED_REPORT_DRAWING_GOLDEN,report Golden from Phase 2-II candidate; HIGH confidence,,,H29_REFERENCE,Calculation table record.
G-RPT-0511,report,report.table.SRC-calculation_chapter_03_section_3_2_tables-047,ENT-LINE-ACL,Flange-web weld verification table,,,,table,SRC-calculation_chapter_03_section_3_2_tables-047,RP-704,calc_pdf_p667-669,,CALCULATION,HIGH,UNVERIFIED,APPROVED_REPORT_DRAWING_GOLDEN,report Golden from Phase 2-II candidate; HIGH confidence,,,H29_REFERENCE,Calculation table record.
G-RPT-0512,report,report.table.SRC-calculation_chapter_03_section_3_2_tables-048,ENT-LINE-ACL,Steel weight comparison,,,,table,SRC-calculation_chapter_03_section_3_2_tables-048,RP-705,calc_pdf_p669,,CALCULATION,HIGH,UNVERIFIED,APPROVED_REPORT_DRAWING_GOLDEN,report Golden from Phase 2-II candidate; HIGH confidence,,,H29_REFERENCE,Calculation table record.
G-RPT-0513,report,report.table.SRC-calculation_chapter_03_section_3_2_tables-049,ENT-LINE-ACL,Steel weight totals,,,,table,SRC-calculation_chapter_03_section_3_2_tables-049,RP-706,calc_pdf_p669,,CALCULATION,HIGH,UNVERIFIED,APPROVED_REPORT_DRAWING_GOLDEN,report Golden from Phase 2-II candidate; HIGH confidence,,,H29_REFERENCE,Calculation table record.
G-RPT-0514,report,report.table.CAL-TBL-P00685-001,ENT-LINE-ACL,風荷重計算,,,,table,CAL-TBL-P00685-001,RP-778,calc_pdf_p685,,CALCULATION,HIGH,UNVERIFIED,APPROVED_REPORT_DRAWING_GOLDEN,report Golden from Phase 2-II candidate; HIGH confidence,,,H29_REFERENCE,Calculation table record.
G-RPT-0515,report,report.table.CAL-TBL-P00685-002,ENT-LINE-ACL,風荷重計算,,,,table,CAL-TBL-P00685-002,RP-779,calc_pdf_p685,,CALCULATION,HIGH,UNVERIFIED,APPROVED_REPORT_DRAWING_GOLDEN,report Golden from Phase 2-II candidate; HIGH confidence,,,H29_REFERENCE,Calculation table record.
G-RPT-0516,report,report.table.CAL-TBL-P00685-003,ENT-LINE-ACL,風荷重計算,,,,table,CAL-TBL-P00685-003,RP-780,calc_pdf_p685,,CALCULATION,HIGH,UNVERIFIED,APPROVED_REPORT_DRAWING_GOLDEN,report Golden from Phase 2-II candidate; HIGH confidence,,,H29_REFERENCE,Calculation table record.
G-RPT-0517,report,report.table.CAL-TBL-P00685-004,ENT-LINE-ACL,風荷重計算,,,,table,CAL-TBL-P00685-004,RP-781,calc_pdf_p685,,CALCULATION,HIGH,UNVERIFIED,APPROVED_REPORT_DRAWING_GOLDEN,report Golden from Phase 2-II candidate; HIGH confidence,,,H29_REFERENCE,Calculation table record.
G-RPT-0518,report,report.table.CAL-TBL-P00685-005,ENT-LINE-ACL,風荷重計算,,,,table,CAL-TBL-P00685-005,RP-782,calc_pdf_p685,,CALCULATION,HIGH,UNVERIFIED,APPROVED_REPORT_DRAWING_GOLDEN,report Golden from Phase 2-II candidate; HIGH confidence,,,H29_REFERENCE,Calculation table record.
G-RPT-0519,report,report.table.CAL-TBL-P00686-001,ENT-LINE-ACL,地震荷重,,,,table,CAL-TBL-P00686-001,RP-783,calc_pdf_p686,,CALCULATION,HIGH,UNVERIFIED,APPROVED_REPORT_DRAWING_GOLDEN,report Golden from Phase 2-II candidate; HIGH confidence,,,H29_REFERENCE,Calculation table record.
G-RPT-0520,report,report.table.CAL-TBL-P00686-002,ENT-LINE-ACL,地震荷重,,,,table,CAL-TBL-P00686-002,RP-784,calc_pdf_p686,,CALCULATION,HIGH,UNVERIFIED,APPROVED_REPORT_DRAWING_GOLDEN,report Golden from Phase 2-II candidate; HIGH confidence,,,H29_REFERENCE,Calculation table record.
G-RPT-0521,report,report.table.CAL-TBL-P00686-003,ENT-LINE-ACL,水平反力表,,,,table,CAL-TBL-P00686-003,RP-785,calc_pdf_p686,,CALCULATION,HIGH,UNVERIFIED,APPROVED_REPORT_DRAWING_GOLDEN,report Golden from Phase 2-II candidate; HIGH confidence,,,H29_REFERENCE,Calculation table record.
G-RPT-0522,report,report.table.CAL-TBL-P00686-004,ENT-LINE-ACL,水平反力表,,,,table,CAL-TBL-P00686-004,RP-786,calc_pdf_p686,,CALCULATION,HIGH,UNVERIFIED,APPROVED_REPORT_DRAWING_GOLDEN,report Golden from Phase 2-II candidate; HIGH confidence,,,H29_REFERENCE,Calculation table record.
G-RPT-0523,report,report.table.CAL-TBL-P00686-005,ENT-LINE-ACL,水平反力表,,,,table,CAL-TBL-P00686-005,RP-787,calc_pdf_p686,,CALCULATION,HIGH,UNVERIFIED,APPROVED_REPORT_DRAWING_GOLDEN,report Golden from Phase 2-II candidate; HIGH confidence,,,H29_REFERENCE,Calculation table record.
G-RPT-0524,report,report.table.CAL-TBL-P00767-001,ENT-LINE-ACL,死荷重曲げ,,,,table,CAL-TBL-P00767-001,RP-836,calc_pdf_p767,,CALCULATION,HIGH,UNVERIFIED,APPROVED_REPORT_DRAWING_GOLDEN,report Golden from Phase 2-II candidate; HIGH confidence,,,H29_REFERENCE,Calculation table record.
G-RPT-0525,report,report.table.CAL-TBL-P00767-002,ENT-LINE-ACL,死荷重曲げ,,,,table,CAL-TBL-P00767-002,RP-837,calc_pdf_p767,,CALCULATION,HIGH,UNVERIFIED,APPROVED_REPORT_DRAWING_GOLDEN,report Golden from Phase 2-II candidate; HIGH confidence,,,H29_REFERENCE,Calculation table record.
G-RPT-0526,report,report.table.CAL-TBL-P00767-003,ENT-LINE-ACL,死荷重曲げ,,,,table,CAL-TBL-P00767-003,RP-838,calc_pdf_p767,,CALCULATION,HIGH,UNVERIFIED,APPROVED_REPORT_DRAWING_GOLDEN,report Golden from Phase 2-II candidate; HIGH confidence,,,H29_REFERENCE,Calculation table record.
G-RPT-0527,report,report.table.CAL-TBL-P00767-004,ENT-LINE-ACL,死荷重曲げ,,,,table,CAL-TBL-P00767-004,RP-839,calc_pdf_p767,,CALCULATION,HIGH,UNVERIFIED,APPROVED_REPORT_DRAWING_GOLDEN,report Golden from Phase 2-II candidate; HIGH confidence,,,H29_REFERENCE,Calculation table record.
G-RPT-0528,report,report.table.CAL-TBL-P00767-005,ENT-LINE-ACL,死荷重曲げ,,,,table,CAL-TBL-P00767-005,RP-840,calc_pdf_p767,,CALCULATION,HIGH,UNVERIFIED,APPROVED_REPORT_DRAWING_GOLDEN,report Golden from Phase 2-II candidate; HIGH confidence,,,H29_REFERENCE,Calculation table record.
G-RPT-0529,report,report.table.CAL-TBL-P00767-006,ENT-LINE-ACL,死荷重曲げ,,,,table,CAL-TBL-P00767-006,RP-841,calc_pdf_p767,,CALCULATION,HIGH,UNVERIFIED,APPROVED_REPORT_DRAWING_GOLDEN,report Golden from Phase 2-II candidate; HIGH confidence,,,H29_REFERENCE,Calculation table record.
G-RPT-0530,report,report.table.CAL-TBL-P00767-007,ENT-LINE-ACL,死荷重曲げ,,,,table,CAL-TBL-P00767-007,RP-842,calc_pdf_p767,,CALCULATION,HIGH,UNVERIFIED,APPROVED_REPORT_DRAWING_GOLDEN,report Golden from Phase 2-II candidate; HIGH confidence,,,H29_REFERENCE,Calculation table record.
G-RPT-0531,report,report.table.CAL-TBL-P00767-008,ENT-LINE-ACL,活荷重曲げ,,,,table,CAL-TBL-P00767-008,RP-843,calc_pdf_p767,,CALCULATION,HIGH,UNVERIFIED,APPROVED_REPORT_DRAWING_GOLDEN,report Golden from Phase 2-II candidate; HIGH confidence,,,H29_REFERENCE,Calculation table record.
G-RPT-0532,report,report.table.CAL-TBL-P00767-009,ENT-LINE-ACL,活荷重曲げ,,,,table,CAL-TBL-P00767-009,RP-844,calc_pdf_p767,,CALCULATION,HIGH,UNVERIFIED,APPROVED_REPORT_DRAWING_GOLDEN,report Golden from Phase 2-II candidate; HIGH confidence,,,H29_REFERENCE,Calculation table record.
G-RPT-0533,report,report.table.CAL-TBL-P00769-001,ENT-LINE-ACL,設計断面力,,,,table,CAL-TBL-P00769-001,RP-845,calc_pdf_p769,,CALCULATION,HIGH,UNVERIFIED,APPROVED_REPORT_DRAWING_GOLDEN,report Golden from Phase 2-II candidate; HIGH confidence,,,H29_REFERENCE,Calculation table record.
G-RPT-0534,report,report.table.CAL-TBL-P00769-002,ENT-LINE-ACL,設計断面力,,,,table,CAL-TBL-P00769-002,RP-846,calc_pdf_p769,,CALCULATION,HIGH,UNVERIFIED,APPROVED_REPORT_DRAWING_GOLDEN,report Golden from Phase 2-II candidate; HIGH confidence,,,H29_REFERENCE,Calculation table record.
G-RPT-0535,report,report.table.CAL-TBL-P00770-001,ENT-LINE-ACL,断面諸元,,,,table,CAL-TBL-P00770-001,RP-847,calc_pdf_p770,,CALCULATION,HIGH,UNVERIFIED,APPROVED_REPORT_DRAWING_GOLDEN,report Golden from Phase 2-II candidate; HIGH confidence,,,H29_REFERENCE,Calculation table record.
G-RPT-0536,report,report.table.CAL-TBL-P00770-002,ENT-LINE-ACL,断面諸元,,,,table,CAL-TBL-P00770-002,RP-848,calc_pdf_p770,,CALCULATION,HIGH,UNVERIFIED,APPROVED_REPORT_DRAWING_GOLDEN,report Golden from Phase 2-II candidate; HIGH confidence,,,H29_REFERENCE,Calculation table record.
G-RPT-0537,report,report.table.CAL-TBL-P00770-003,ENT-LINE-ACL,断面諸元,,,,table,CAL-TBL-P00770-003,RP-849,calc_pdf_p770,,CALCULATION,HIGH,UNVERIFIED,APPROVED_REPORT_DRAWING_GOLDEN,report Golden from Phase 2-II candidate; HIGH confidence,,,H29_REFERENCE,Calculation table record.
G-RPT-0538,report,report.table.CAL-TBL-P00770-004,ENT-LINE-ACL,断面諸元,,,,table,CAL-TBL-P00770-004,RP-850,calc_pdf_p770,,CALCULATION,HIGH,UNVERIFIED,APPROVED_REPORT_DRAWING_GOLDEN,report Golden from Phase 2-II candidate; HIGH confidence,,,H29_REFERENCE,Calculation table record.
G-RPT-0539,report,report.table.CAL-TBL-P00771-001,ENT-LINE-ACL,応力度照査,,,,table,CAL-TBL-P00771-001,RP-851,calc_pdf_p771,,CALCULATION,HIGH,UNVERIFIED,APPROVED_REPORT_DRAWING_GOLDEN,report Golden from Phase 2-II candidate; HIGH confidence,,,H29_REFERENCE,Calculation table record.
G-RPT-0540,report,report.table.CAL-TBL-P00771-002,ENT-LINE-ACL,応力度照査,,,,table,CAL-TBL-P00771-002,RP-852,calc_pdf_p771,,CALCULATION,HIGH,UNVERIFIED,APPROVED_REPORT_DRAWING_GOLDEN,report Golden from Phase 2-II candidate; HIGH confidence,,,H29_REFERENCE,Calculation table record.
G-RPT-0541,report,report.table.CAL-TBL-P00772-001,ENT-LINE-ACL,せん断照査,,,,table,CAL-TBL-P00772-001,RP-853,calc_pdf_p772,,CALCULATION,HIGH,UNVERIFIED,APPROVED_REPORT_DRAWING_GOLDEN,report Golden from Phase 2-II candidate; HIGH confidence,,,H29_REFERENCE,Calculation table record.
G-RPT-0542,report,report.table.CAL-TBL-P00772-002,ENT-LINE-ACL,せん断照査,,,,table,CAL-TBL-P00772-002,RP-854,calc_pdf_p772,,CALCULATION,HIGH,UNVERIFIED,APPROVED_REPORT_DRAWING_GOLDEN,report Golden from Phase 2-II candidate; HIGH confidence,,,H29_REFERENCE,Calculation table record.
G-RPT-0543,report,report.table.CAL-TBL-P00790-001,ENT-LINE-ACL,断面種類,,,,table,CAL-TBL-P00790-001,RP-893,calc_pdf_p790,,CALCULATION,HIGH,UNVERIFIED,APPROVED_REPORT_DRAWING_GOLDEN,report Golden from Phase 2-II candidate; HIGH confidence,,,H29_REFERENCE,Calculation table record.
G-RPT-0544,report,report.table.CAL-TBL-P00790-002,ENT-LINE-ACL,断面種類,,,,table,CAL-TBL-P00790-002,RP-894,calc_pdf_p790,,CALCULATION,HIGH,UNVERIFIED,APPROVED_REPORT_DRAWING_GOLDEN,report Golden from Phase 2-II candidate; HIGH confidence,,,H29_REFERENCE,Calculation table record.
G-RPT-0545,report,report.table.CAL-TBL-P00790-003,ENT-LINE-ACL,断面種類,,,,table,CAL-TBL-P00790-003,RP-895,calc_pdf_p790,,CALCULATION,HIGH,UNVERIFIED,APPROVED_REPORT_DRAWING_GOLDEN,report Golden from Phase 2-II candidate; HIGH confidence,,,H29_REFERENCE,Calculation table record.
G-RPT-0546,report,report.table.CAL-TBL-P00790-004,ENT-LINE-ACL,断面種類,,,,table,CAL-TBL-P00790-004,RP-896,calc_pdf_p790,,CALCULATION,HIGH,UNVERIFIED,APPROVED_REPORT_DRAWING_GOLDEN,report Golden from Phase 2-II candidate; HIGH confidence,,,H29_REFERENCE,Calculation table record.
G-RPT-0547,report,report.table.CAL-TBL-P00791-001,ENT-LINE-ACL,設計荷重,,,,table,CAL-TBL-P00791-001,RP-897,calc_pdf_p791,,CALCULATION,HIGH,UNVERIFIED,APPROVED_REPORT_DRAWING_GOLDEN,report Golden from Phase 2-II candidate; HIGH confidence,,,H29_REFERENCE,Calculation table record.
G-RPT-0548,report,report.table.CAL-TBL-P00791-002,ENT-LINE-ACL,設計荷重,,,,table,CAL-TBL-P00791-002,RP-898,calc_pdf_p791,,CALCULATION,HIGH,UNVERIFIED,APPROVED_REPORT_DRAWING_GOLDEN,report Golden from Phase 2-II candidate; HIGH confidence,,,H29_REFERENCE,Calculation table record.
G-RPT-0549,report,report.table.CAL-TBL-P00792-001,ENT-LINE-ACL,部材軸力,,,,table,CAL-TBL-P00792-001,RP-899,calc_pdf_p792,,CALCULATION,HIGH,UNVERIFIED,APPROVED_REPORT_DRAWING_GOLDEN,report Golden from Phase 2-II candidate; HIGH confidence,,,H29_REFERENCE,Calculation table record.
G-RPT-0550,report,report.table.CAL-TBL-P00792-002,ENT-LINE-ACL,部材軸力,,,,table,CAL-TBL-P00792-002,RP-900,calc_pdf_p792,,CALCULATION,HIGH,UNVERIFIED,APPROVED_REPORT_DRAWING_GOLDEN,report Golden from Phase 2-II candidate; HIGH confidence,,,H29_REFERENCE,Calculation table record.
G-RPT-0551,report,report.table.CAL-TBL-P00792-003,ENT-LINE-ACL,部材軸力,,,,table,CAL-TBL-P00792-003,RP-901,calc_pdf_p792,,CALCULATION,HIGH,UNVERIFIED,APPROVED_REPORT_DRAWING_GOLDEN,report Golden from Phase 2-II candidate; HIGH confidence,,,H29_REFERENCE,Calculation table record.
G-RPT-0552,report,report.table.CAL-TBL-P00819-001,ENT-LINE-ACL,S1 Ac,,,,table,CAL-TBL-P00819-001,RP-949,calc_pdf_p819,,CALCULATION,HIGH,UNVERIFIED,APPROVED_REPORT_DRAWING_GOLDEN,report Golden from Phase 2-II candidate; HIGH confidence,,,H29_REFERENCE,Calculation table record.
G-RPT-0553,report,report.table.CAL-TBL-P00819-002,ENT-LINE-ACL,S1 Asreq,,,,table,CAL-TBL-P00819-002,RP-950,calc_pdf_p819,,CALCULATION,HIGH,UNVERIFIED,APPROVED_REPORT_DRAWING_GOLDEN,report Golden from Phase 2-II candidate; HIGH confidence,,,H29_REFERENCE,Calculation table record.
G-RPT-0554,report,report.table.CAL-TBL-P00819-003,ENT-LINE-ACL,S1 D19 nreq,,,,table,CAL-TBL-P00819-003,RP-951,calc_pdf_p819,,CALCULATION,HIGH,UNVERIFIED,APPROVED_REPORT_DRAWING_GOLDEN,report Golden from Phase 2-II candidate; HIGH confidence,,,H29_REFERENCE,Calculation table record.
G-RPT-0555,report,report.table.CAL-TBL-P00820-001,ENT-LINE-ACL,S2 Ac,,,,table,CAL-TBL-P00820-001,RP-952,calc_pdf_p820,,CALCULATION,HIGH,UNVERIFIED,APPROVED_REPORT_DRAWING_GOLDEN,report Golden from Phase 2-II candidate; HIGH confidence,,,H29_REFERENCE,Calculation table record.
G-RPT-0556,report,report.table.CAL-TBL-P00820-002,ENT-LINE-ACL,S2 Asreq,,,,table,CAL-TBL-P00820-002,RP-953,calc_pdf_p820,,CALCULATION,HIGH,UNVERIFIED,APPROVED_REPORT_DRAWING_GOLDEN,report Golden from Phase 2-II candidate; HIGH confidence,,,H29_REFERENCE,Calculation table record.
G-RPT-0557,report,report.table.CAL-TBL-P00820-003,ENT-LINE-ACL,S2 D19 nreq,,,,table,CAL-TBL-P00820-003,RP-954,calc_pdf_p820,,CALCULATION,HIGH,UNVERIFIED,APPROVED_REPORT_DRAWING_GOLDEN,report Golden from Phase 2-II candidate; HIGH confidence,,,H29_REFERENCE,Calculation table record.
G-RPT-0558,report,report.table.CAL-TBL-P00821-001,ENT-LINE-ACL,PR1 Ac,,,,table,CAL-TBL-P00821-001,RP-955,calc_pdf_p821,,CALCULATION,HIGH,UNVERIFIED,APPROVED_REPORT_DRAWING_GOLDEN,report Golden from Phase 2-II candidate; HIGH confidence,,,H29_REFERENCE,Calculation table record.
G-RPT-0559,report,report.table.CAL-TBL-P00821-002,ENT-LINE-ACL,PR1 Asreq,,,,table,CAL-TBL-P00821-002,RP-956,calc_pdf_p821,,CALCULATION,HIGH,UNVERIFIED,APPROVED_REPORT_DRAWING_GOLDEN,report Golden from Phase 2-II candidate; HIGH confidence,,,H29_REFERENCE,Calculation table record.
G-RPT-0560,report,report.table.CAL-TBL-P00821-003,ENT-LINE-ACL,PR1 D19 nreq,,,,table,CAL-TBL-P00821-003,RP-957,calc_pdf_p821,,CALCULATION,HIGH,UNVERIFIED,APPROVED_REPORT_DRAWING_GOLDEN,report Golden from Phase 2-II candidate; HIGH confidence,,,H29_REFERENCE,Calculation table record.
G-RPT-0561,report,report.table.CAL-TBL-P00845-001,ENT-LINE-ACL,照査条件,,,,table,CAL-TBL-P00845-001,RP-999,calc_pdf_p845,,CALCULATION,HIGH,UNVERIFIED,APPROVED_REPORT_DRAWING_GOLDEN,report Golden from Phase 2-II candidate; HIGH confidence,,,H29_REFERENCE,Calculation table record.
G-RPT-0562,report,report.table.CAL-TBL-P00845-002,ENT-LINE-ACL,照査条件,,,,table,CAL-TBL-P00845-002,RP-1000,calc_pdf_p845,,CALCULATION,HIGH,UNVERIFIED,APPROVED_REPORT_DRAWING_GOLDEN,report Golden from Phase 2-II candidate; HIGH confidence,,,H29_REFERENCE,Calculation table record.
G-RPT-0563,report,report.table.CAL-TBL-P00845-003,ENT-LINE-ACL,照査条件,,,,table,CAL-TBL-P00845-003,RP-1001,calc_pdf_p845,,CALCULATION,HIGH,UNVERIFIED,APPROVED_REPORT_DRAWING_GOLDEN,report Golden from Phase 2-II candidate; HIGH confidence,,,H29_REFERENCE,Calculation table record.
G-RPT-0564,report,report.table.CAL-TBL-P00850-001,ENT-LINE-ACL,No.1断面,,,,table,CAL-TBL-P00850-001,RP-1002,calc_pdf_p850,,CALCULATION,HIGH,UNVERIFIED,APPROVED_REPORT_DRAWING_GOLDEN,report Golden from Phase 2-II candidate; HIGH confidence,,,H29_REFERENCE,Calculation table record.
G-RPT-0565,report,report.table.CAL-TBL-P00850-002,ENT-LINE-ACL,No.1断面,,,,table,CAL-TBL-P00850-002,RP-1003,calc_pdf_p850,,CALCULATION,HIGH,UNVERIFIED,APPROVED_REPORT_DRAWING_GOLDEN,report Golden from Phase 2-II candidate; HIGH confidence,,,H29_REFERENCE,Calculation table record.
G-RPT-0566,report,report.table.CAL-TBL-P00850-003,ENT-LINE-ACL,No.1断面,,,,table,CAL-TBL-P00850-003,RP-1004,calc_pdf_p850,,CALCULATION,HIGH,UNVERIFIED,APPROVED_REPORT_DRAWING_GOLDEN,report Golden from Phase 2-II candidate; HIGH confidence,,,H29_REFERENCE,Calculation table record.
G-RPT-0567,report,report.table.CAL-TBL-P00851-001,ENT-LINE-ACL,No.1応力範囲,,,,table,CAL-TBL-P00851-001,RP-1005,calc_pdf_p851,,CALCULATION,HIGH,UNVERIFIED,APPROVED_REPORT_DRAWING_GOLDEN,report Golden from Phase 2-II candidate; HIGH confidence,,,H29_REFERENCE,Calculation table record.
G-RPT-0568,report,report.table.CAL-TBL-P00851-002,ENT-LINE-ACL,No.1応力範囲,,,,table,CAL-TBL-P00851-002,RP-1006,calc_pdf_p851,,CALCULATION,HIGH,UNVERIFIED,APPROVED_REPORT_DRAWING_GOLDEN,report Golden from Phase 2-II candidate; HIGH confidence,,,H29_REFERENCE,Calculation table record.
G-RPT-0569,report,report.table.CAL-TBL-P00851-003,ENT-LINE-ACL,No.1応力範囲,,,,table,CAL-TBL-P00851-003,RP-1007,calc_pdf_p851,,CALCULATION,HIGH,UNVERIFIED,APPROVED_REPORT_DRAWING_GOLDEN,report Golden from Phase 2-II candidate; HIGH confidence,,,H29_REFERENCE,Calculation table record.
G-RPT-0570,report,report.table.CAL-TBL-P00852-001,ENT-LINE-ACL,No.1損傷度,,,,table,CAL-TBL-P00852-001,RP-1008,calc_pdf_p852,,CALCULATION,HIGH,UNVERIFIED,APPROVED_REPORT_DRAWING_GOLDEN,report Golden from Phase 2-II candidate; HIGH confidence,,,H29_REFERENCE,Calculation table record.
G-RPT-0571,report,report.table.CAL-TBL-P00852-002,ENT-LINE-ACL,No.1損傷度,,,,table,CAL-TBL-P00852-002,RP-1009,calc_pdf_p852,,CALCULATION,HIGH,UNVERIFIED,APPROVED_REPORT_DRAWING_GOLDEN,report Golden from Phase 2-II candidate; HIGH confidence,,,H29_REFERENCE,Calculation table record.
G-RPT-0572,report,report.table.CAL-TBL-P00852-003,ENT-LINE-ACL,No.1損傷度,,,,table,CAL-TBL-P00852-003,RP-1010,calc_pdf_p852,,CALCULATION,HIGH,UNVERIFIED,APPROVED_REPORT_DRAWING_GOLDEN,report Golden from Phase 2-II candidate; HIGH confidence,,,H29_REFERENCE,Calculation table record.
G-RPT-0573,report,report.table.CAL-TBL-P00853-001,ENT-LINE-ACL,No.2断面,,,,table,CAL-TBL-P00853-001,RP-1011,calc_pdf_p853,,CALCULATION,HIGH,UNVERIFIED,APPROVED_REPORT_DRAWING_GOLDEN,report Golden from Phase 2-II candidate; HIGH confidence,,,H29_REFERENCE,Calculation table record.
G-RPT-0574,report,report.table.CAL-TBL-P00853-002,ENT-LINE-ACL,No.2断面,,,,table,CAL-TBL-P00853-002,RP-1012,calc_pdf_p853,,CALCULATION,HIGH,UNVERIFIED,APPROVED_REPORT_DRAWING_GOLDEN,report Golden from Phase 2-II candidate; HIGH confidence,,,H29_REFERENCE,Calculation table record.
G-RPT-0575,report,report.table.CAL-TBL-P00854-001,ENT-LINE-ACL,No.2応力範囲,,,,table,CAL-TBL-P00854-001,RP-1013,calc_pdf_p854,,CALCULATION,HIGH,UNVERIFIED,APPROVED_REPORT_DRAWING_GOLDEN,report Golden from Phase 2-II candidate; HIGH confidence,,,H29_REFERENCE,Calculation table record.
G-RPT-0576,report,report.table.CAL-TBL-P00854-002,ENT-LINE-ACL,No.2応力範囲,,,,table,CAL-TBL-P00854-002,RP-1014,calc_pdf_p854,,CALCULATION,HIGH,UNVERIFIED,APPROVED_REPORT_DRAWING_GOLDEN,report Golden from Phase 2-II candidate; HIGH confidence,,,H29_REFERENCE,Calculation table record.
G-RPT-0577,report,report.table.CAL-TBL-P00876-001,ENT-LINE-ACL,合成前死荷重一覧(床版),,,,table,CAL-TBL-P00876-001,RP-1112,calc_pdf_p876,,CALCULATION,HIGH,UNVERIFIED,APPROVED_REPORT_DRAWING_GOLDEN,report Golden from Phase 2-II candidate; HIGH confidence,,,H29_REFERENCE,Calculation table record.
G-RPT-0578,report,report.table.CAL-TBL-P00876-002,ENT-LINE-ACL,合成前死荷重一覧(床版),,,,table,CAL-TBL-P00876-002,RP-1113,calc_pdf_p876,,CALCULATION,HIGH,UNVERIFIED,APPROVED_REPORT_DRAWING_GOLDEN,report Golden from Phase 2-II candidate; HIGH confidence,,,H29_REFERENCE,Calculation table record.
G-RPT-0579,report,report.table.CAL-TBL-P00876-003,ENT-LINE-ACL,合成前死荷重一覧(床版),,,,table,CAL-TBL-P00876-003,RP-1114,calc_pdf_p876,,CALCULATION,HIGH,UNVERIFIED,APPROVED_REPORT_DRAWING_GOLDEN,report Golden from Phase 2-II candidate; HIGH confidence,,,H29_REFERENCE,Calculation table record.
G-RPT-0580,report,report.table.CAL-TBL-P00876-004,ENT-LINE-ACL,合成前死荷重一覧(ハンチ),,,,table,CAL-TBL-P00876-004,RP-1115,calc_pdf_p876,,CALCULATION,HIGH,UNVERIFIED,APPROVED_REPORT_DRAWING_GOLDEN,report Golden from Phase 2-II candidate; HIGH confidence,,,H29_REFERENCE,Calculation table record.
G-RPT-0581,report,report.table.CAL-TBL-P00876-005,ENT-LINE-ACL,合成前死荷重一覧(鋼重),,,,table,CAL-TBL-P00876-005,RP-1116,calc_pdf_p876,,CALCULATION,HIGH,UNVERIFIED,APPROVED_REPORT_DRAWING_GOLDEN,report Golden from Phase 2-II candidate; HIGH confidence,,,H29_REFERENCE,Calculation table record.
G-RPT-0582,report,report.table.CAL-TBL-P00876-006,ENT-LINE-ACL,合成前死荷重一覧(検査路),,,,table,CAL-TBL-P00876-006,RP-1117,calc_pdf_p876,,CALCULATION,HIGH,UNVERIFIED,APPROVED_REPORT_DRAWING_GOLDEN,report Golden from Phase 2-II candidate; HIGH confidence,,,H29_REFERENCE,Calculation table record.
G-RPT-0583,report,report.table.CAL-TBL-P00882-001,ENT-LINE-ACL,合成後死荷重一覧(舗装),,,,table,CAL-TBL-P00882-001,RP-1118,calc_pdf_p882,,CALCULATION,HIGH,UNVERIFIED,APPROVED_REPORT_DRAWING_GOLDEN,report Golden from Phase 2-II candidate; HIGH confidence,,,H29_REFERENCE,Calculation table record.
G-RPT-0584,report,report.table.CAL-TBL-P00882-002,ENT-LINE-ACL,合成後死荷重一覧(舗装),,,,table,CAL-TBL-P00882-002,RP-1119,calc_pdf_p882,,CALCULATION,HIGH,UNVERIFIED,APPROVED_REPORT_DRAWING_GOLDEN,report Golden from Phase 2-II candidate; HIGH confidence,,,H29_REFERENCE,Calculation table record.
G-RPT-0585,report,report.table.CAL-TBL-P00882-003,ENT-LINE-ACL,合成後死荷重一覧(舗装),,,,table,CAL-TBL-P00882-003,RP-1120,calc_pdf_p882,,CALCULATION,HIGH,UNVERIFIED,APPROVED_REPORT_DRAWING_GOLDEN,report Golden from Phase 2-II candidate; HIGH confidence,,,H29_REFERENCE,Calculation table record.
G-RPT-0586,report,report.table.CAL-TBL-P00882-004,ENT-LINE-ACL,合成後死荷重一覧(壁高欄),,,,table,CAL-TBL-P00882-004,RP-1121,calc_pdf_p882,,CALCULATION,HIGH,UNVERIFIED,APPROVED_REPORT_DRAWING_GOLDEN,report Golden from Phase 2-II candidate; HIGH confidence,,,H29_REFERENCE,Calculation table record.
G-RPT-0587,report,report.table.CAL-TBL-P00882-005,ENT-LINE-ACL,合成後死荷重一覧(壁高欄),,,,table,CAL-TBL-P00882-005,RP-1122,calc_pdf_p882,,CALCULATION,HIGH,UNVERIFIED,APPROVED_REPORT_DRAWING_GOLDEN,report Golden from Phase 2-II candidate; HIGH confidence,,,H29_REFERENCE,Calculation table record.
G-RPT-0588,report,report.table.CAL-TBL-P00882-006,ENT-LINE-ACL,合成後死荷重一覧(遮音壁),,,,table,CAL-TBL-P00882-006,RP-1123,calc_pdf_p882,,CALCULATION,HIGH,UNVERIFIED,APPROVED_REPORT_DRAWING_GOLDEN,report Golden from Phase 2-II candidate; HIGH confidence,,,H29_REFERENCE,Calculation table record.
G-RPT-0589,report,report.table.CAL-TBL-P00882-007,ENT-LINE-ACL,合成後死荷重一覧(遮音壁),,,,table,CAL-TBL-P00882-007,RP-1124,calc_pdf_p882,,CALCULATION,HIGH,UNVERIFIED,APPROVED_REPORT_DRAWING_GOLDEN,report Golden from Phase 2-II candidate; HIGH confidence,,,H29_REFERENCE,Calculation table record.
G-RPT-0590,report,report.table.CAL-TBL-P00882-008,ENT-LINE-ACL,合成後死荷重一覧(地覆),,,,table,CAL-TBL-P00882-008,RP-1125,calc_pdf_p882,,CALCULATION,HIGH,UNVERIFIED,APPROVED_REPORT_DRAWING_GOLDEN,report Golden from Phase 2-II candidate; HIGH confidence,,,H29_REFERENCE,Calculation table record.
G-RPT-0591,report,report.table.CAL-TBL-P00893-001,ENT-LINE-ACL,衝撃係数一覧,,,,table,CAL-TBL-P00893-001,RP-1126,calc_pdf_p893,,CALCULATION,HIGH,UNVERIFIED,APPROVED_REPORT_DRAWING_GOLDEN,report Golden from Phase 2-II candidate; HIGH confidence,,,H29_REFERENCE,Calculation table record.
G-RPT-0592,report,report.table.CAL-TBL-P00893-002,ENT-LINE-ACL,衝撃係数一覧,,,,table,CAL-TBL-P00893-002,RP-1127,calc_pdf_p893,,CALCULATION,HIGH,UNVERIFIED,APPROVED_REPORT_DRAWING_GOLDEN,report Golden from Phase 2-II candidate; HIGH confidence,,,H29_REFERENCE,Calculation table record.
G-RPT-0593,report,report.table.CAL-TBL-P00893-003,ENT-LINE-ACL,衝撃係数一覧,,,,table,CAL-TBL-P00893-003,RP-1128,calc_pdf_p893,,CALCULATION,HIGH,UNVERIFIED,APPROVED_REPORT_DRAWING_GOLDEN,report Golden from Phase 2-II candidate; HIGH confidence,,,H29_REFERENCE,Calculation table record.
G-RPT-0594,report,report.table.CAL-TBL-P00893-004,ENT-LINE-ACL,衝撃係数一覧,,,,table,CAL-TBL-P00893-004,RP-1129,calc_pdf_p893,,CALCULATION,HIGH,UNVERIFIED,APPROVED_REPORT_DRAWING_GOLDEN,report Golden from Phase 2-II candidate; HIGH confidence,,,H29_REFERENCE,Calculation table record.
G-RPT-0595,report,report.table.CAL-TBL-P00893-005,ENT-LINE-ACL,衝撃係数一覧,,,,table,CAL-TBL-P00893-005,RP-1130,calc_pdf_p893,,CALCULATION,HIGH,UNVERIFIED,APPROVED_REPORT_DRAWING_GOLDEN,report Golden from Phase 2-II candidate; HIGH confidence,,,H29_REFERENCE,Calculation table record.
G-RPT-0596,report,report.table.CAL-TBL-P00893-006,ENT-LINE-ACL,衝撃係数一覧,,,,table,CAL-TBL-P00893-006,RP-1131,calc_pdf_p893,,CALCULATION,HIGH,UNVERIFIED,APPROVED_REPORT_DRAWING_GOLDEN,report Golden from Phase 2-II candidate; HIGH confidence,,,H29_REFERENCE,Calculation table record.
G-RPT-0597,report,report.table.CAL-TBL-P00893-007,ENT-LINE-ACL,衝撃係数一覧,,,,table,CAL-TBL-P00893-007,RP-1132,calc_pdf_p893,,CALCULATION,HIGH,UNVERIFIED,APPROVED_REPORT_DRAWING_GOLDEN,report Golden from Phase 2-II candidate; HIGH confidence,,,H29_REFERENCE,Calculation table record.
G-RPT-0598,report,report.table.CAL-TBL-P00901-001,ENT-LINE-ACL,格点座標 AG1桁,,,,table,CAL-TBL-P00901-001,RP-1133,calc_pdf_p901,,CALCULATION,HIGH,UNVERIFIED,APPROVED_REPORT_DRAWING_GOLDEN,report Golden from Phase 2-II candidate; HIGH confidence,,,H29_REFERENCE,Calculation table record.
G-RPT-0599,report,report.table.CAL-TBL-P00901-002,ENT-LINE-ACL,格点座標 AG2桁,,,,table,CAL-TBL-P00901-002,RP-1134,calc_pdf_p901,,CALCULATION,HIGH,UNVERIFIED,APPROVED_REPORT_DRAWING_GOLDEN,report Golden from Phase 2-II candidate; HIGH confidence,,,H29_REFERENCE,Calculation table record.
G-RPT-0600,report,report.table.CAL-TBL-P01299-001,ENT-LINE-ACL,鋼桁断面諸量 AG1 Sec-1,,,,table,CAL-TBL-P01299-001,RP-1264,calc_pdf_p1299,,CALCULATION,HIGH,UNVERIFIED,APPROVED_REPORT_DRAWING_GOLDEN,report Golden from Phase 2-II candidate; HIGH confidence,,,H29_REFERENCE,Calculation table record.
G-RPT-0601,report,report.table.CAL-TBL-P01299-002,ENT-LINE-ACL,鋼桁断面諸量 AG1 Sec-1,,,,table,CAL-TBL-P01299-002,RP-1265,calc_pdf_p1299,,CALCULATION,HIGH,UNVERIFIED,APPROVED_REPORT_DRAWING_GOLDEN,report Golden from Phase 2-II candidate; HIGH confidence,,,H29_REFERENCE,Calculation table record.
G-RPT-0602,report,report.table.CAL-TBL-P01299-003,ENT-LINE-ACL,鋼桁断面諸量 AG1 Sec-1,,,,table,CAL-TBL-P01299-003,RP-1266,calc_pdf_p1299,,CALCULATION,HIGH,UNVERIFIED,APPROVED_REPORT_DRAWING_GOLDEN,report Golden from Phase 2-II candidate; HIGH confidence,,,H29_REFERENCE,Calculation table record.
G-RPT-0603,report,report.table.CAL-TBL-P01299-004,ENT-LINE-ACL,鋼桁断面諸量 AG1 Sec-1,,,,table,CAL-TBL-P01299-004,RP-1267,calc_pdf_p1299,,CALCULATION,HIGH,UNVERIFIED,APPROVED_REPORT_DRAWING_GOLDEN,report Golden from Phase 2-II candidate; HIGH confidence,,,H29_REFERENCE,Calculation table record.
G-RPT-0604,report,report.table.CAL-TBL-P01299-005,ENT-LINE-ACL,鋼桁断面諸量 AG1 Sec-1,,,,table,CAL-TBL-P01299-005,RP-1268,calc_pdf_p1299,,CALCULATION,HIGH,UNVERIFIED,APPROVED_REPORT_DRAWING_GOLDEN,report Golden from Phase 2-II candidate; HIGH confidence,,,H29_REFERENCE,Calculation table record.
G-RPT-0605,report,report.table.CAL-TBL-P01299-006,ENT-LINE-ACL,鋼桁断面諸量 AG1 Sec-1,,,,table,CAL-TBL-P01299-006,RP-1269,calc_pdf_p1299,,CALCULATION,HIGH,UNVERIFIED,APPROVED_REPORT_DRAWING_GOLDEN,report Golden from Phase 2-II candidate; HIGH confidence,,,H29_REFERENCE,Calculation table record.
G-RPT-0606,report,report.table.CAL-TBL-P01299-007,ENT-LINE-ACL,鋼桁断面諸量 AG1 Sec-1,,,,table,CAL-TBL-P01299-007,RP-1270,calc_pdf_p1299,,CALCULATION,HIGH,UNVERIFIED,APPROVED_REPORT_DRAWING_GOLDEN,report Golden from Phase 2-II candidate; HIGH confidence,,,H29_REFERENCE,Calculation table record.
G-RPT-0607,report,report.table.CAL-TBL-P01299-008,ENT-LINE-ACL,鋼桁断面諸量 AG1 Sec-1,,,,table,CAL-TBL-P01299-008,RP-1271,calc_pdf_p1299,,CALCULATION,HIGH,UNVERIFIED,APPROVED_REPORT_DRAWING_GOLDEN,report Golden from Phase 2-II candidate; HIGH confidence,,,H29_REFERENCE,Calculation table record.
G-RPT-0608,report,report.table.CAL-TBL-P01299-009,ENT-LINE-ACL,合成断面諸量(n=7) AG1 Sec-1,,,,table,CAL-TBL-P01299-009,RP-1272,calc_pdf_p1299,,CALCULATION,HIGH,UNVERIFIED,APPROVED_REPORT_DRAWING_GOLDEN,report Golden from Phase 2-II candidate; HIGH confidence,,,H29_REFERENCE,Calculation table record.
G-RPT-0609,report,report.table.CAL-TBL-P01299-010,ENT-LINE-ACL,合成断面諸量(n=7) AG1 Sec-1,,,,table,CAL-TBL-P01299-010,RP-1273,calc_pdf_p1299,,CALCULATION,HIGH,UNVERIFIED,APPROVED_REPORT_DRAWING_GOLDEN,report Golden from Phase 2-II candidate; HIGH confidence,,,H29_REFERENCE,Calculation table record.
G-RPT-0610,report,report.table.CAL-TBL-P01299-011,ENT-LINE-ACL,合成断面諸量(n=7) AG1 Sec-1,,,,table,CAL-TBL-P01299-011,RP-1274,calc_pdf_p1299,,CALCULATION,HIGH,UNVERIFIED,APPROVED_REPORT_DRAWING_GOLDEN,report Golden from Phase 2-II candidate; HIGH confidence,,,H29_REFERENCE,Calculation table record.
G-RPT-0611,report,report.table.CAL-TBL-P01299-012,ENT-LINE-ACL,合成断面諸量(n=7) AG1 Sec-1,,,,table,CAL-TBL-P01299-012,RP-1275,calc_pdf_p1299,,CALCULATION,HIGH,UNVERIFIED,APPROVED_REPORT_DRAWING_GOLDEN,report Golden from Phase 2-II candidate; HIGH confidence,,,H29_REFERENCE,Calculation table record.
G-RPT-0612,report,report.table.CAL-TBL-P01299-013,ENT-LINE-ACL,合成断面諸量(n=7) AG1 Sec-1,,,,table,CAL-TBL-P01299-013,RP-1276,calc_pdf_p1299,,CALCULATION,HIGH,UNVERIFIED,APPROVED_REPORT_DRAWING_GOLDEN,report Golden from Phase 2-II candidate; HIGH confidence,,,H29_REFERENCE,Calculation table record.
G-RPT-0613,report,report.table.CAL-TBL-P01299-014,ENT-LINE-ACL,合成断面諸量(n=7) AG1 Sec-1,,,,table,CAL-TBL-P01299-014,RP-1277,calc_pdf_p1299,,CALCULATION,HIGH,UNVERIFIED,APPROVED_REPORT_DRAWING_GOLDEN,report Golden from Phase 2-II candidate; HIGH confidence,,,H29_REFERENCE,Calculation table record.
G-RPT-0614,report,report.table.CAL-TBL-P01299-015,ENT-LINE-ACL,合成断面諸量(n=7) AG1 Sec-1,,,,table,CAL-TBL-P01299-015,RP-1278,calc_pdf_p1299,,CALCULATION,HIGH,UNVERIFIED,APPROVED_REPORT_DRAWING_GOLDEN,report Golden from Phase 2-II candidate; HIGH confidence,,,H29_REFERENCE,Calculation table record.
G-RPT-0615,report,report.table.CAL-TBL-P01299-016,ENT-LINE-ACL,合成断面諸量(クリープn=14) AG1 Sec-1,,,,table,CAL-TBL-P01299-016,RP-1279,calc_pdf_p1299,,CALCULATION,HIGH,UNVERIFIED,APPROVED_REPORT_DRAWING_GOLDEN,report Golden from Phase 2-II candidate; HIGH confidence,,,H29_REFERENCE,Calculation table record.
G-RPT-0616,report,report.table.CAL-TBL-P01299-017,ENT-LINE-ACL,合成断面諸量(クリープn=14) AG1 Sec-1,,,,table,CAL-TBL-P01299-017,RP-1280,calc_pdf_p1299,,CALCULATION,HIGH,UNVERIFIED,APPROVED_REPORT_DRAWING_GOLDEN,report Golden from Phase 2-II candidate; HIGH confidence,,,H29_REFERENCE,Calculation table record.
G-RPT-0617,report,report.table.CAL-TBL-P01299-018,ENT-LINE-ACL,合成断面諸量(クリープn=14) AG1 Sec-1,,,,table,CAL-TBL-P01299-018,RP-1281,calc_pdf_p1299,,CALCULATION,HIGH,UNVERIFIED,APPROVED_REPORT_DRAWING_GOLDEN,report Golden from Phase 2-II candidate; HIGH confidence,,,H29_REFERENCE,Calculation table record.
G-RPT-0618,report,report.table.CAL-TBL-P01299-019,ENT-LINE-ACL,合成断面諸量(乾燥収縮n=21) AG1 Sec-1,,,,table,CAL-TBL-P01299-019,RP-1282,calc_pdf_p1299,,CALCULATION,HIGH,UNVERIFIED,APPROVED_REPORT_DRAWING_GOLDEN,report Golden from Phase 2-II candidate; HIGH confidence,,,H29_REFERENCE,Calculation table record.
G-RPT-0619,report,report.table.CAL-TBL-P01299-020,ENT-LINE-ACL,合成断面諸量(乾燥収縮n=21) AG1 Sec-1,,,,table,CAL-TBL-P01299-020,RP-1283,calc_pdf_p1299,,CALCULATION,HIGH,UNVERIFIED,APPROVED_REPORT_DRAWING_GOLDEN,report Golden from Phase 2-II candidate; HIGH confidence,,,H29_REFERENCE,Calculation table record.
G-RPT-0620,report,report.table.CAL-TBL-P01299-021,ENT-LINE-ACL,合成断面諸量(乾燥収縮n=21) AG1 Sec-1,,,,table,CAL-TBL-P01299-021,RP-1284,calc_pdf_p1299,,CALCULATION,HIGH,UNVERIFIED,APPROVED_REPORT_DRAWING_GOLDEN,report Golden from Phase 2-II candidate; HIGH confidence,,,H29_REFERENCE,Calculation table record.
G-RPT-0621,report,report.table.CAL-TBL-P01319-001,ENT-LINE-ACL,断面力及び計算条件 AG1 Sec-1 Sup-1,,,,table,CAL-TBL-P01319-001,RP-1285,calc_pdf_p1319,,CALCULATION,HIGH,UNVERIFIED,APPROVED_REPORT_DRAWING_GOLDEN,report Golden from Phase 2-II candidate; HIGH confidence,,,H29_REFERENCE,Calculation table record.
G-RPT-0622,report,report.table.CAL-TBL-P01319-002,ENT-LINE-ACL,断面力及び計算条件 AG1 Sec-1 Sup-1,,,,table,CAL-TBL-P01319-002,RP-1286,calc_pdf_p1319,,CALCULATION,HIGH,UNVERIFIED,APPROVED_REPORT_DRAWING_GOLDEN,report Golden from Phase 2-II candidate; HIGH confidence,,,H29_REFERENCE,Calculation table record.
G-RPT-0623,report,report.table.CAL-TBL-P01319-003,ENT-LINE-ACL,断面力及び計算条件 AG1 Sec-1 Sup-1,,,,table,CAL-TBL-P01319-003,RP-1287,calc_pdf_p1319,,CALCULATION,HIGH,UNVERIFIED,APPROVED_REPORT_DRAWING_GOLDEN,report Golden from Phase 2-II candidate; HIGH confidence,,,H29_REFERENCE,Calculation table record.
G-RPT-0624,report,report.table.CAL-TBL-P01319-004,ENT-LINE-ACL,断面力及び計算条件 AG1 Sec-1 Sup-1,,,,table,CAL-TBL-P01319-004,RP-1288,calc_pdf_p1319,,CALCULATION,HIGH,UNVERIFIED,APPROVED_REPORT_DRAWING_GOLDEN,report Golden from Phase 2-II candidate; HIGH confidence,,,H29_REFERENCE,Calculation table record.
G-RPT-0625,report,report.table.CAL-TBL-P01319-005,ENT-LINE-ACL,断面力及び計算条件 AG1 Sec-1 Sup-1,,,,table,CAL-TBL-P01319-005,RP-1289,calc_pdf_p1319,,CALCULATION,HIGH,UNVERIFIED,APPROVED_REPORT_DRAWING_GOLDEN,report Golden from Phase 2-II candidate; HIGH confidence,,,H29_REFERENCE,Calculation table record.
G-RPT-0626,report,report.table.CAL-TBL-P01319-006,ENT-LINE-ACL,断面力及び計算条件 AG1 Sec-1 Sup-1,,,,table,CAL-TBL-P01319-006,RP-1290,calc_pdf_p1319,,CALCULATION,HIGH,UNVERIFIED,APPROVED_REPORT_DRAWING_GOLDEN,report Golden from Phase 2-II candidate; HIGH confidence,,,H29_REFERENCE,Calculation table record.
G-RPT-0627,report,report.table.CAL-TBL-P01319-007,ENT-LINE-ACL,断面力及び計算条件 AG1 Sec-1 Sup-1,,,,table,CAL-TBL-P01319-007,RP-1291,calc_pdf_p1319,,CALCULATION,HIGH,UNVERIFIED,APPROVED_REPORT_DRAWING_GOLDEN,report Golden from Phase 2-II candidate; HIGH confidence,,,H29_REFERENCE,Calculation table record.
G-RPT-0628,report,report.table.CAL-TBL-P01319-008,ENT-LINE-ACL,断面力及び計算条件 AG1 Sec-1 Sup-1,,,,table,CAL-TBL-P01319-008,RP-1292,calc_pdf_p1319,,CALCULATION,HIGH,UNVERIFIED,APPROVED_REPORT_DRAWING_GOLDEN,report Golden from Phase 2-II candidate; HIGH confidence,,,H29_REFERENCE,Calculation table record.
G-RPT-0629,report,report.table.CAL-TBL-P01319-009,ENT-LINE-ACL,断面力及び計算条件 AG1 Sec-1 Sup-1,,,,table,CAL-TBL-P01319-009,RP-1293,calc_pdf_p1319,,CALCULATION,HIGH,UNVERIFIED,APPROVED_REPORT_DRAWING_GOLDEN,report Golden from Phase 2-II candidate; HIGH confidence,,,H29_REFERENCE,Calculation table record.
G-RPT-0630,report,report.table.CAL-TBL-P01319-010,ENT-LINE-ACL,断面力及び計算条件 AG1 Sec-1 Sup-1,,,,table,CAL-TBL-P01319-010,RP-1294,calc_pdf_p1319,,CALCULATION,HIGH,UNVERIFIED,APPROVED_REPORT_DRAWING_GOLDEN,report Golden from Phase 2-II candidate; HIGH confidence,,,H29_REFERENCE,Calculation table record.
G-RPT-0631,report,report.table.CAL-TBL-P01319-011,ENT-LINE-ACL,断面力及び計算条件 AG1 Sec-1 Sup-1,,,,table,CAL-TBL-P01319-011,RP-1295,calc_pdf_p1319,,CALCULATION,HIGH,UNVERIFIED,APPROVED_REPORT_DRAWING_GOLDEN,report Golden from Phase 2-II candidate; HIGH confidence,,,H29_REFERENCE,Calculation table record.
G-RPT-0632,report,report.table.CAL-TBL-P01319-012,ENT-LINE-ACL,断面諸量一覧 AG1 Sup-1,,,,table,CAL-TBL-P01319-012,RP-1296,calc_pdf_p1319,,CALCULATION,HIGH,UNVERIFIED,APPROVED_REPORT_DRAWING_GOLDEN,report Golden from Phase 2-II candidate; HIGH confidence,,,H29_REFERENCE,Calculation table record.
G-RPT-0633,report,report.table.CAL-TBL-P01319-013,ENT-LINE-ACL,断面諸量一覧 AG1 Sup-1,,,,table,CAL-TBL-P01319-013,RP-1297,calc_pdf_p1319,,CALCULATION,HIGH,UNVERIFIED,APPROVED_REPORT_DRAWING_GOLDEN,report Golden from Phase 2-II candidate; HIGH confidence,,,H29_REFERENCE,Calculation table record.
G-RPT-0634,report,report.table.CAL-TBL-P01319-014,ENT-LINE-ACL,断面諸量一覧 AG1 Sup-1,,,,table,CAL-TBL-P01319-014,RP-1298,calc_pdf_p1319,,CALCULATION,HIGH,UNVERIFIED,APPROVED_REPORT_DRAWING_GOLDEN,report Golden from Phase 2-II candidate; HIGH confidence,,,H29_REFERENCE,Calculation table record.
G-RPT-0635,report,report.table.CAL-TBL-P01319-015,ENT-LINE-ACL,断面諸量一覧 AG1 Sup-1,,,,table,CAL-TBL-P01319-015,RP-1299,calc_pdf_p1319,,CALCULATION,HIGH,UNVERIFIED,APPROVED_REPORT_DRAWING_GOLDEN,report Golden from Phase 2-II candidate; HIGH confidence,,,H29_REFERENCE,Calculation table record.
G-RPT-0636,report,report.table.CAL-TBL-P01319-016,ENT-LINE-ACL,断面諸量一覧 AG1 Sup-1,,,,table,CAL-TBL-P01319-016,RP-1300,calc_pdf_p1319,,CALCULATION,HIGH,UNVERIFIED,APPROVED_REPORT_DRAWING_GOLDEN,report Golden from Phase 2-II candidate; HIGH confidence,,,H29_REFERENCE,Calculation table record.
G-RPT-0637,report,report.table.CAL-TBL-P01319-017,ENT-LINE-ACL,断面諸量一覧 AG1 Sup-1,,,,table,CAL-TBL-P01319-017,RP-1301,calc_pdf_p1319,,CALCULATION,HIGH,UNVERIFIED,APPROVED_REPORT_DRAWING_GOLDEN,report Golden from Phase 2-II candidate; HIGH confidence,,,H29_REFERENCE,Calculation table record.
G-RPT-0638,report,report.table.CAL-TBL-P01319-018,ENT-LINE-ACL,断面諸量一覧 AG1 Sup-1,,,,table,CAL-TBL-P01319-018,RP-1302,calc_pdf_p1319,,CALCULATION,HIGH,UNVERIFIED,APPROVED_REPORT_DRAWING_GOLDEN,report Golden from Phase 2-II candidate; HIGH confidence,,,H29_REFERENCE,Calculation table record.
G-RPT-0639,report,report.table.CAL-TBL-P01319-019,ENT-LINE-ACL,断面諸量一覧 AG1 Sup-1,,,,table,CAL-TBL-P01319-019,RP-1303,calc_pdf_p1319,,CALCULATION,HIGH,UNVERIFIED,APPROVED_REPORT_DRAWING_GOLDEN,report Golden from Phase 2-II candidate; HIGH confidence,,,H29_REFERENCE,Calculation table record.
G-RPT-0640,report,report.table.CAL-TBL-P01319-020,ENT-LINE-ACL,断面諸量一覧 AG1 Sup-1,,,,table,CAL-TBL-P01319-020,RP-1304,calc_pdf_p1319,,CALCULATION,HIGH,UNVERIFIED,APPROVED_REPORT_DRAWING_GOLDEN,report Golden from Phase 2-II candidate; HIGH confidence,,,H29_REFERENCE,Calculation table record.
G-RPT-0641,report,report.table.CAL-TBL-P01319-021,ENT-LINE-ACL,断面諸量一覧 AG1 Sup-1,,,,table,CAL-TBL-P01319-021,RP-1305,calc_pdf_p1319,,CALCULATION,HIGH,UNVERIFIED,APPROVED_REPORT_DRAWING_GOLDEN,report Golden from Phase 2-II candidate; HIGH confidence,,,H29_REFERENCE,Calculation table record.
G-RPT-0642,report,report.table.CAL-TBL-P01319-022,ENT-LINE-ACL,断面諸量一覧 AG1 Sup-1,,,,table,CAL-TBL-P01319-022,RP-1306,calc_pdf_p1319,,CALCULATION,HIGH,UNVERIFIED,APPROVED_REPORT_DRAWING_GOLDEN,report Golden from Phase 2-II candidate; HIGH confidence,,,H29_REFERENCE,Calculation table record.
G-RPT-0643,report,report.table.CAL-TBL-P01319-023,ENT-LINE-ACL,断面諸量一覧 AG1 Sup-1,,,,table,CAL-TBL-P01319-023,RP-1307,calc_pdf_p1319,,CALCULATION,HIGH,UNVERIFIED,APPROVED_REPORT_DRAWING_GOLDEN,report Golden from Phase 2-II candidate; HIGH confidence,,,H29_REFERENCE,Calculation table record.
G-RPT-0644,report,report.table.CAL-TBL-P01319-024,ENT-LINE-ACL,断面諸量一覧 AG1 Sup-1,,,,table,CAL-TBL-P01319-024,RP-1308,calc_pdf_p1319,,CALCULATION,HIGH,UNVERIFIED,APPROVED_REPORT_DRAWING_GOLDEN,report Golden from Phase 2-II candidate; HIGH confidence,,,H29_REFERENCE,Calculation table record.
G-RPT-0645,report,report.table.CAL-TBL-P01319-025,ENT-LINE-ACL,断面諸量一覧 AG1 Sup-1,,,,table,CAL-TBL-P01319-025,RP-1309,calc_pdf_p1319,,CALCULATION,HIGH,UNVERIFIED,APPROVED_REPORT_DRAWING_GOLDEN,report Golden from Phase 2-II candidate; HIGH confidence,,,H29_REFERENCE,Calculation table record.
G-RPT-0646,report,report.table.CAL-TBL-P01319-026,ENT-LINE-ACL,断面諸量一覧 AG1 Sup-1,,,,table,CAL-TBL-P01319-026,RP-1310,calc_pdf_p1319,,CALCULATION,HIGH,UNVERIFIED,APPROVED_REPORT_DRAWING_GOLDEN,report Golden from Phase 2-II candidate; HIGH confidence,,,H29_REFERENCE,Calculation table record.
G-RPT-0647,report,report.table.CAL-TBL-P01319-027,ENT-LINE-ACL,断面諸量一覧 AG1 Sup-1,,,,table,CAL-TBL-P01319-027,RP-1311,calc_pdf_p1319,,CALCULATION,HIGH,UNVERIFIED,APPROVED_REPORT_DRAWING_GOLDEN,report Golden from Phase 2-II candidate; HIGH confidence,,,H29_REFERENCE,Calculation table record.
G-RPT-0648,report,report.table.CAL-TBL-P01319-028,ENT-LINE-ACL,断面諸量一覧 AG1 Sup-1,,,,table,CAL-TBL-P01319-028,RP-1312,calc_pdf_p1319,,CALCULATION,HIGH,UNVERIFIED,APPROVED_REPORT_DRAWING_GOLDEN,report Golden from Phase 2-II candidate; HIGH confidence,,,H29_REFERENCE,Calculation table record.
G-RPT-0649,report,report.table.CAL-TBL-P01319-029,ENT-LINE-ACL,断面諸量一覧 AG1 Sup-1,,,,table,CAL-TBL-P01319-029,RP-1313,calc_pdf_p1319,,CALCULATION,HIGH,UNVERIFIED,APPROVED_REPORT_DRAWING_GOLDEN,report Golden from Phase 2-II candidate; HIGH confidence,,,H29_REFERENCE,Calculation table record.
G-RPT-0650,report,report.table.CAL-TBL-P01322-001,ENT-LINE-ACL,応力度照査一覧 AG1 Sec-1 Sup-1,,,,table,CAL-TBL-P01322-001,RP-1314,calc_pdf_p1322,,CALCULATION,HIGH,UNVERIFIED,APPROVED_REPORT_DRAWING_GOLDEN,report Golden from Phase 2-II candidate; HIGH confidence,,,H29_REFERENCE,Calculation table record.
G-RPT-0651,report,report.table.CAL-TBL-P01322-002,ENT-LINE-ACL,応力度照査一覧 AG1 Sec-1 Sup-1,,,,table,CAL-TBL-P01322-002,RP-1315,calc_pdf_p1322,,CALCULATION,HIGH,UNVERIFIED,APPROVED_REPORT_DRAWING_GOLDEN,report Golden from Phase 2-II candidate; HIGH confidence,,,H29_REFERENCE,Calculation table record.
G-RPT-0652,report,report.table.CAL-TBL-P01322-003,ENT-LINE-ACL,応力度照査一覧 AG1 Sec-1 Sup-1,,,,table,CAL-TBL-P01322-003,RP-1316,calc_pdf_p1322,,CALCULATION,HIGH,UNVERIFIED,APPROVED_REPORT_DRAWING_GOLDEN,report Golden from Phase 2-II candidate; HIGH confidence,,,H29_REFERENCE,Calculation table record.
G-RPT-0653,report,report.table.CAL-TBL-P01322-004,ENT-LINE-ACL,応力度照査一覧 AG1 Sec-1 Sup-1,,,,table,CAL-TBL-P01322-004,RP-1317,calc_pdf_p1322,,CALCULATION,HIGH,UNVERIFIED,APPROVED_REPORT_DRAWING_GOLDEN,report Golden from Phase 2-II candidate; HIGH confidence,,,H29_REFERENCE,Calculation table record.
G-RPT-0654,report,report.table.CAL-TBL-P01322-005,ENT-LINE-ACL,応力度照査一覧 AG1 Sec-1 Sup-1,,,,table,CAL-TBL-P01322-005,RP-1318,calc_pdf_p1322,,CALCULATION,HIGH,UNVERIFIED,APPROVED_REPORT_DRAWING_GOLDEN,report Golden from Phase 2-II candidate; HIGH confidence,,,H29_REFERENCE,Calculation table record.
G-RPT-0655,report,report.table.CAL-TBL-P01322-006,ENT-LINE-ACL,応力度照査一覧 AG1 Sec-1 Sup-1,,,,table,CAL-TBL-P01322-006,RP-1319,calc_pdf_p1322,,CALCULATION,HIGH,UNVERIFIED,APPROVED_REPORT_DRAWING_GOLDEN,report Golden from Phase 2-II candidate; HIGH confidence,,,H29_REFERENCE,Calculation table record.
G-RPT-0656,report,report.table.CAL-TBL-P01322-007,ENT-LINE-ACL,応力度照査一覧 AG1 Sec-1 Sup-1,,,,table,CAL-TBL-P01322-007,RP-1320,calc_pdf_p1322,,CALCULATION,HIGH,UNVERIFIED,APPROVED_REPORT_DRAWING_GOLDEN,report Golden from Phase 2-II candidate; HIGH confidence,,,H29_REFERENCE,Calculation table record.
G-RPT-0657,report,report.table.CAL-TBL-P01322-008,ENT-LINE-ACL,応力度照査一覧 AG1 Sec-1 Sup-1,,,,table,CAL-TBL-P01322-008,RP-1321,calc_pdf_p1322,,CALCULATION,HIGH,UNVERIFIED,APPROVED_REPORT_DRAWING_GOLDEN,report Golden from Phase 2-II candidate; HIGH confidence,,,H29_REFERENCE,Calculation table record.
G-RPT-0658,report,report.table.CAL-TBL-P01322-009,ENT-LINE-ACL,応力度照査一覧 AG1 Sec-1 Sup-1,,,,table,CAL-TBL-P01322-009,RP-1322,calc_pdf_p1322,,CALCULATION,HIGH,UNVERIFIED,APPROVED_REPORT_DRAWING_GOLDEN,report Golden from Phase 2-II candidate; HIGH confidence,,,H29_REFERENCE,Calculation table record.
G-RPT-0659,report,report.table.CAL-TBL-P01322-010,ENT-LINE-ACL,応力度照査一覧 AG1 Sec-1 Sup-1,,,,table,CAL-TBL-P01322-010,RP-1323,calc_pdf_p1322,,CALCULATION,HIGH,UNVERIFIED,APPROVED_REPORT_DRAWING_GOLDEN,report Golden from Phase 2-II candidate; HIGH confidence,,,H29_REFERENCE,Calculation table record.
G-RPT-0660,report,report.table.CAL-TBL-P01322-011,ENT-LINE-ACL,応力度照査一覧 AG1 Sec-1 Sup-1,,,,table,CAL-TBL-P01322-011,RP-1324,calc_pdf_p1322,,CALCULATION,HIGH,UNVERIFIED,APPROVED_REPORT_DRAWING_GOLDEN,report Golden from Phase 2-II candidate; HIGH confidence,,,H29_REFERENCE,Calculation table record.
G-RPT-0661,report,report.table.CAL-TBL-P01322-012,ENT-LINE-ACL,応力度照査一覧 AG1 Sec-1 Sup-1,,,,table,CAL-TBL-P01322-012,RP-1325,calc_pdf_p1322,,CALCULATION,HIGH,UNVERIFIED,APPROVED_REPORT_DRAWING_GOLDEN,report Golden from Phase 2-II candidate; HIGH confidence,,,H29_REFERENCE,Calculation table record.
G-RPT-0662,report,report.table.CAL-TBL-P01322-013,ENT-LINE-ACL,応力度照査一覧 AG1 Sec-1 Sup-1,,,,table,CAL-TBL-P01322-013,RP-1326,calc_pdf_p1322,,CALCULATION,HIGH,UNVERIFIED,APPROVED_REPORT_DRAWING_GOLDEN,report Golden from Phase 2-II candidate; HIGH confidence,,,H29_REFERENCE,Calculation table record.
G-RPT-0663,report,report.table.CAL-TBL-P01322-014,ENT-LINE-ACL,応力度照査一覧 AG1 Sec-1 Sup-1,,,,table,CAL-TBL-P01322-014,RP-1327,calc_pdf_p1322,,CALCULATION,HIGH,UNVERIFIED,APPROVED_REPORT_DRAWING_GOLDEN,report Golden from Phase 2-II candidate; HIGH confidence,,,H29_REFERENCE,Calculation table record.
G-RPT-0664,report,report.table.CAL-TBL-P01322-015,ENT-LINE-ACL,応力度照査一覧 AG1 Sec-1 Sup-1,,,,table,CAL-TBL-P01322-015,RP-1328,calc_pdf_p1322,,CALCULATION,HIGH,UNVERIFIED,APPROVED_REPORT_DRAWING_GOLDEN,report Golden from Phase 2-II candidate; HIGH confidence,,,H29_REFERENCE,Calculation table record.
G-RPT-0665,report,report.table.CAL-TBL-P01322-016,ENT-LINE-ACL,応力度照査一覧 AG1 Sec-1 Sup-1,,,,table,CAL-TBL-P01322-016,RP-1329,calc_pdf_p1322,,CALCULATION,HIGH,UNVERIFIED,APPROVED_REPORT_DRAWING_GOLDEN,report Golden from Phase 2-II candidate; HIGH confidence,,,H29_REFERENCE,Calculation table record.
G-RPT-0666,report,report.table.CAL-TBL-P01947-001,ENT-LINE-ACL,たわみ計算結果,,,,table,CAL-TBL-P01947-001,RP-1330,calc_pdf_p1947,,CALCULATION,HIGH,UNVERIFIED,APPROVED_REPORT_DRAWING_GOLDEN,report Golden from Phase 2-II candidate; HIGH confidence,,,H29_REFERENCE,Calculation table record.
G-RPT-0667,report,report.table.CAL-TBL-P01947-002,ENT-LINE-ACL,たわみ計算結果,,,,table,CAL-TBL-P01947-002,RP-1331,calc_pdf_p1947,,CALCULATION,HIGH,UNVERIFIED,APPROVED_REPORT_DRAWING_GOLDEN,report Golden from Phase 2-II candidate; HIGH confidence,,,H29_REFERENCE,Calculation table record.
G-RPT-0668,report,report.table.CAL-TBL-P01947-003,ENT-LINE-ACL,たわみ計算結果,,,,table,CAL-TBL-P01947-003,RP-1332,calc_pdf_p1947,,CALCULATION,HIGH,UNVERIFIED,APPROVED_REPORT_DRAWING_GOLDEN,report Golden from Phase 2-II candidate; HIGH confidence,,,H29_REFERENCE,Calculation table record.
G-RPT-0669,report,report.table.CH5-TBL-001,ENT-LINE-ACL,支承条件,,,,table,CH5-TBL-001,RP-1585,calc_pdf_p2028,,CALCULATION,HIGH,UNVERIFIED,APPROVED_REPORT_DRAWING_GOLDEN,report Golden from Phase 2-II candidate; HIGH confidence,,,H29_REFERENCE,Calculation table record.
G-RPT-0670,report,report.table.CH5-TBL-002,ENT-LINE-ACL,支承条件,,,,table,CH5-TBL-002,RP-1586,calc_pdf_p2028,,CALCULATION,HIGH,UNVERIFIED,APPROVED_REPORT_DRAWING_GOLDEN,report Golden from Phase 2-II candidate; HIGH confidence,,,H29_REFERENCE,Calculation table record.
G-RPT-0671,report,report.table.CH5-TBL-003,ENT-LINE-ACL,支承条件,,,,table,CH5-TBL-003,RP-1587,calc_pdf_p2028,,CALCULATION,HIGH,UNVERIFIED,APPROVED_REPORT_DRAWING_GOLDEN,report Golden from Phase 2-II candidate; HIGH confidence,,,H29_REFERENCE,Calculation table record.
G-RPT-0672,report,report.table.CH5-TBL-004,ENT-LINE-ACL,支承条件,,,,table,CH5-TBL-004,RP-1588,calc_pdf_p2028,,CALCULATION,HIGH,UNVERIFIED,APPROVED_REPORT_DRAWING_GOLDEN,report Golden from Phase 2-II candidate; HIGH confidence,,,H29_REFERENCE,Calculation table record.
G-RPT-0673,report,report.table.CH5-TBL-005,ENT-LINE-ACL,支承条件,,,,table,CH5-TBL-005,RP-1589,calc_pdf_p2028,,CALCULATION,HIGH,UNVERIFIED,APPROVED_REPORT_DRAWING_GOLDEN,report Golden from Phase 2-II candidate; HIGH confidence,,,H29_REFERENCE,Calculation table record.
G-RPT-0674,report,report.table.CH5-TBL-006,ENT-LINE-ACL,支承条件,,,,table,CH5-TBL-006,RP-1590,calc_pdf_p2028,,CALCULATION,HIGH,UNVERIFIED,APPROVED_REPORT_DRAWING_GOLDEN,report Golden from Phase 2-II candidate; HIGH confidence,,,H29_REFERENCE,Calculation table record.
G-RPT-0675,report,report.table.CH5-TBL-007,ENT-LINE-ACL,下部剛性,,,,table,CH5-TBL-007,RP-1591,calc_pdf_p2028,,CALCULATION,HIGH,UNVERIFIED,APPROVED_REPORT_DRAWING_GOLDEN,report Golden from Phase 2-II candidate; HIGH confidence,,,H29_REFERENCE,Calculation table record.
G-RPT-0676,report,report.table.CH5-TBL-008,ENT-LINE-ACL,下部剛性,,,,table,CH5-TBL-008,RP-1592,calc_pdf_p2028,,CALCULATION,HIGH,UNVERIFIED,APPROVED_REPORT_DRAWING_GOLDEN,report Golden from Phase 2-II candidate; HIGH confidence,,,H29_REFERENCE,Calculation table record.
G-RPT-0677,report,report.table.CH5-TBL-009,ENT-LINE-ACL,下部剛性,,,,table,CH5-TBL-009,RP-1593,calc_pdf_p2028,,CALCULATION,HIGH,UNVERIFIED,APPROVED_REPORT_DRAWING_GOLDEN,report Golden from Phase 2-II candidate; HIGH confidence,,,H29_REFERENCE,Calculation table record.
G-RPT-0678,report,report.table.CH5-TBL-010,ENT-LINE-ACL,下部剛性,,,,table,CH5-TBL-010,RP-1594,calc_pdf_p2028,,CALCULATION,HIGH,UNVERIFIED,APPROVED_REPORT_DRAWING_GOLDEN,report Golden from Phase 2-II candidate; HIGH confidence,,,H29_REFERENCE,Calculation table record.
G-RPT-0679,report,report.table.CH5-TBL-011,ENT-LINE-ACL,径間移動量,,,,table,CH5-TBL-011,RP-1595,calc_pdf_p2029,,CALCULATION,HIGH,UNVERIFIED,APPROVED_REPORT_DRAWING_GOLDEN,report Golden from Phase 2-II candidate; HIGH confidence,,,H29_REFERENCE,Calculation table record.
G-RPT-0680,report,report.table.CH5-TBL-012,ENT-LINE-ACL,径間移動量,,,,table,CH5-TBL-012,RP-1596,calc_pdf_p2029,,CALCULATION,HIGH,UNVERIFIED,APPROVED_REPORT_DRAWING_GOLDEN,report Golden from Phase 2-II candidate; HIGH confidence,,,H29_REFERENCE,Calculation table record.
G-RPT-0681,report,report.table.CH5-TBL-013,ENT-LINE-ACL,径間移動量,,,,table,CH5-TBL-013,RP-1597,calc_pdf_p2029,,CALCULATION,HIGH,UNVERIFIED,APPROVED_REPORT_DRAWING_GOLDEN,report Golden from Phase 2-II candidate; HIGH confidence,,,H29_REFERENCE,Calculation table record.
G-RPT-0682,report,report.table.CH5-TBL-014,ENT-LINE-ACL,荷重条件(反力),,,,table,CH5-TBL-014,RP-1598,calc_pdf_p2031,,CALCULATION,HIGH,UNVERIFIED,APPROVED_REPORT_DRAWING_GOLDEN,report Golden from Phase 2-II candidate; HIGH confidence,,,H29_REFERENCE,Calculation table record.
G-RPT-0683,report,report.table.CH5-TBL-015,ENT-LINE-ACL,荷重条件(反力),,,,table,CH5-TBL-015,RP-1599,calc_pdf_p2031,,CALCULATION,HIGH,UNVERIFIED,APPROVED_REPORT_DRAWING_GOLDEN,report Golden from Phase 2-II candidate; HIGH confidence,,,H29_REFERENCE,Calculation table record.
G-RPT-0684,report,report.table.CH5-TBL-016,ENT-LINE-ACL,支承形状(寸法),,,,table,CH5-TBL-016,RP-1600,calc_pdf_p2031,,CALCULATION,HIGH,UNVERIFIED,APPROVED_REPORT_DRAWING_GOLDEN,report Golden from Phase 2-II candidate; HIGH confidence,,,H29_REFERENCE,Calculation table record.
G-RPT-0685,report,report.table.CH5-TBL-017,ENT-LINE-ACL,支承形状(寸法),,,,table,CH5-TBL-017,RP-1601,calc_pdf_p2031,,CALCULATION,HIGH,UNVERIFIED,APPROVED_REPORT_DRAWING_GOLDEN,report Golden from Phase 2-II candidate; HIGH confidence,,,H29_REFERENCE,Calculation table record.
G-RPT-0686,report,report.table.CH5-TBL-018,ENT-LINE-ACL,支承形状(寸法),,,,table,CH5-TBL-018,RP-1602,calc_pdf_p2031,,CALCULATION,HIGH,UNVERIFIED,APPROVED_REPORT_DRAWING_GOLDEN,report Golden from Phase 2-II candidate; HIGH confidence,,,H29_REFERENCE,Calculation table record.
G-RPT-0687,report,report.table.CH5-TBL-019,ENT-LINE-ACL,支承形状(寸法),,,,table,CH5-TBL-019,RP-1603,calc_pdf_p2031,,CALCULATION,HIGH,UNVERIFIED,APPROVED_REPORT_DRAWING_GOLDEN,report Golden from Phase 2-II candidate; HIGH confidence,,,H29_REFERENCE,Calculation table record.
G-RPT-0688,report,report.table.CH5-TBL-020,ENT-LINE-ACL,形状係数・縦弾性係数計算結果,,,,table,CH5-TBL-020,RP-1604,calc_pdf_p2032,,CALCULATION,HIGH,UNVERIFIED,APPROVED_REPORT_DRAWING_GOLDEN,report Golden from Phase 2-II candidate; HIGH confidence,,,H29_REFERENCE,Calculation table record.
G-RPT-0689,report,report.table.CH5-TBL-021,ENT-LINE-ACL,形状係数・縦弾性係数計算結果,,,,table,CH5-TBL-021,RP-1605,calc_pdf_p2032,,CALCULATION,HIGH,UNVERIFIED,APPROVED_REPORT_DRAWING_GOLDEN,report Golden from Phase 2-II candidate; HIGH confidence,,,H29_REFERENCE,Calculation table record.
G-RPT-0690,report,report.table.CH5-TBL-022,ENT-LINE-ACL,形状係数・縦弾性係数計算結果,,,,table,CH5-TBL-022,RP-1606,calc_pdf_p2032,,CALCULATION,HIGH,UNVERIFIED,APPROVED_REPORT_DRAWING_GOLDEN,report Golden from Phase 2-II candidate; HIGH confidence,,,H29_REFERENCE,Calculation table record.
G-RPT-0691,report,report.table.CH5-TBL-023,ENT-LINE-ACL,形状係数・縦弾性係数計算結果,,,,table,CH5-TBL-023,RP-1607,calc_pdf_p2032,,CALCULATION,HIGH,UNVERIFIED,APPROVED_REPORT_DRAWING_GOLDEN,report Golden from Phase 2-II candidate; HIGH confidence,,,H29_REFERENCE,Calculation table record.
G-RPT-0692,report,report.table.CH5-TBL-024,ENT-LINE-ACL,温度変化時(±50℃)合成剛性,,,,table,CH5-TBL-024,RP-1608,calc_pdf_p2034,,CALCULATION,HIGH,UNVERIFIED,APPROVED_REPORT_DRAWING_GOLDEN,report Golden from Phase 2-II candidate; HIGH confidence,,,H29_REFERENCE,Calculation table record.
G-RPT-0693,report,report.table.CH5-TBL-025,ENT-LINE-ACL,温度変化時(±50℃)合成剛性,,,,table,CH5-TBL-025,RP-1609,calc_pdf_p2034,,CALCULATION,HIGH,UNVERIFIED,APPROVED_REPORT_DRAWING_GOLDEN,report Golden from Phase 2-II candidate; HIGH confidence,,,H29_REFERENCE,Calculation table record.
G-RPT-0694,report,report.table.CH5-TBL-026,ENT-LINE-ACL,温度変化時(±50℃)合成剛性,,,,table,CH5-TBL-026,RP-1610,calc_pdf_p2034,,CALCULATION,HIGH,UNVERIFIED,APPROVED_REPORT_DRAWING_GOLDEN,report Golden from Phase 2-II candidate; HIGH confidence,,,H29_REFERENCE,Calculation table record.
G-RPT-0695,report,report.table.CH5-TBL-027,ENT-LINE-ACL,温度変化時(±50℃)合成剛性,,,,table,CH5-TBL-027,RP-1611,calc_pdf_p2034,,CALCULATION,HIGH,UNVERIFIED,APPROVED_REPORT_DRAWING_GOLDEN,report Golden from Phase 2-II candidate; HIGH confidence,,,H29_REFERENCE,Calculation table record.
G-RPT-0696,report,report.table.CH5-TBL-028,ENT-LINE-ACL,温度変化時(50℃)移動量,,,,table,CH5-TBL-028,RP-1612,calc_pdf_p2035,,CALCULATION,HIGH,UNVERIFIED,APPROVED_REPORT_DRAWING_GOLDEN,report Golden from Phase 2-II candidate; HIGH confidence,,,H29_REFERENCE,Calculation table record.
G-RPT-0697,report,report.table.CH5-TBL-029,ENT-LINE-ACL,温度変化時(30℃)移動量・水平力,,,,table,CH5-TBL-029,RP-1613,calc_pdf_p2035,,CALCULATION,HIGH,UNVERIFIED,APPROVED_REPORT_DRAWING_GOLDEN,report Golden from Phase 2-II candidate; HIGH confidence,,,H29_REFERENCE,Calculation table record.
G-RPT-0698,report,report.table.CH5-TBL-030,ENT-LINE-ACL,温度変化時(30℃)水平力,,,,table,CH5-TBL-030,RP-1614,calc_pdf_p2035,,CALCULATION,HIGH,UNVERIFIED,APPROVED_REPORT_DRAWING_GOLDEN,report Golden from Phase 2-II candidate; HIGH confidence,,,H29_REFERENCE,Calculation table record.
G-RPT-0699,report,report.table.CH5-TBL-031,ENT-LINE-ACL,温度変化時(30℃)水平力,,,,table,CH5-TBL-031,RP-1615,calc_pdf_p2035,,CALCULATION,HIGH,UNVERIFIED,APPROVED_REPORT_DRAWING_GOLDEN,report Golden from Phase 2-II candidate; HIGH confidence,,,H29_REFERENCE,Calculation table record.
G-RPT-0700,report,report.table.CH5-TBL-032,ENT-LINE-ACL,温度変化時(30℃)水平力,,,,table,CH5-TBL-032,RP-1616,calc_pdf_p2035,,CALCULATION,HIGH,UNVERIFIED,APPROVED_REPORT_DRAWING_GOLDEN,report Golden from Phase 2-II candidate; HIGH confidence,,,H29_REFERENCE,Calculation table record.
G-RPT-0701,report,report.table.CH5-TBL-033,ENT-LINE-ACL,最大圧縮応力度照査,,,,table,CH5-TBL-033,RP-1617,calc_pdf_p2040,,CALCULATION,HIGH,UNVERIFIED,APPROVED_REPORT_DRAWING_GOLDEN,report Golden from Phase 2-II candidate; HIGH confidence,,,H29_REFERENCE,Calculation table record.
G-RPT-0702,report,report.table.CH5-TBL-034,ENT-LINE-ACL,最大圧縮応力度照査,,,,table,CH5-TBL-034,RP-1618,calc_pdf_p2040,,CALCULATION,HIGH,UNVERIFIED,APPROVED_REPORT_DRAWING_GOLDEN,report Golden from Phase 2-II candidate; HIGH confidence,,,H29_REFERENCE,Calculation table record.
G-RPT-0703,report,report.table.CH5-TBL-035,ENT-LINE-ACL,最大圧縮応力度照査,,,,table,CH5-TBL-035,RP-1619,calc_pdf_p2040,,CALCULATION,HIGH,UNVERIFIED,APPROVED_REPORT_DRAWING_GOLDEN,report Golden from Phase 2-II candidate; HIGH confidence,,,H29_REFERENCE,Calculation table record.
G-RPT-0704,report,report.table.CH5-TBL-036,ENT-LINE-ACL,最大圧縮応力度照査,,,,table,CH5-TBL-036,RP-1620,calc_pdf_p2040,,CALCULATION,HIGH,UNVERIFIED,APPROVED_REPORT_DRAWING_GOLDEN,report Golden from Phase 2-II candidate; HIGH confidence,,,H29_REFERENCE,Calculation table record.
G-RPT-0705,report,report.table.CH5-TBL-037,ENT-LINE-ACL,繰返し水平変位照査,,,,table,CH5-TBL-037,RP-1621,calc_pdf_p2041,,CALCULATION,HIGH,UNVERIFIED,APPROVED_REPORT_DRAWING_GOLDEN,report Golden from Phase 2-II candidate; HIGH confidence,,,H29_REFERENCE,Calculation table record.
G-RPT-0706,report,report.table.CH5-TBL-038,ENT-LINE-ACL,繰返し水平変位照査,,,,table,CH5-TBL-038,RP-1622,calc_pdf_p2041,,CALCULATION,HIGH,UNVERIFIED,APPROVED_REPORT_DRAWING_GOLDEN,report Golden from Phase 2-II candidate; HIGH confidence,,,H29_REFERENCE,Calculation table record.
G-RPT-0707,report,report.table.CH5-TBL-039,ENT-LINE-ACL,繰返し水平変位照査,,,,table,CH5-TBL-039,RP-1623,calc_pdf_p2041,,CALCULATION,HIGH,UNVERIFIED,APPROVED_REPORT_DRAWING_GOLDEN,report Golden from Phase 2-II candidate; HIGH confidence,,,H29_REFERENCE,Calculation table record.
G-RPT-0708,report,report.table.CH5-TBL-040,ENT-LINE-ACL,繰返し水平変位照査,,,,table,CH5-TBL-040,RP-1624,calc_pdf_p2041,,CALCULATION,HIGH,UNVERIFIED,APPROVED_REPORT_DRAWING_GOLDEN,report Golden from Phase 2-II candidate; HIGH confidence,,,H29_REFERENCE,Calculation table record.
G-RPT-0709,report,report.table.CH5-TBL-041,ENT-LINE-ACL,設計条件(鋼材計算書),,,,table,CH5-TBL-041,RP-1625,calc_pdf_p2139,,CALCULATION,HIGH,UNVERIFIED,APPROVED_REPORT_DRAWING_GOLDEN,report Golden from Phase 2-II candidate; HIGH confidence,,,H29_REFERENCE,Calculation table record.
G-RPT-0710,report,report.table.CH5-TBL-042,ENT-LINE-ACL,設計条件(変位量),,,,table,CH5-TBL-042,RP-1626,calc_pdf_p2139,,CALCULATION,HIGH,UNVERIFIED,APPROVED_REPORT_DRAWING_GOLDEN,report Golden from Phase 2-II candidate; HIGH confidence,,,H29_REFERENCE,Calculation table record.
G-RPT-0711,report,report.table.CH5-TBL-043,ENT-LINE-ACL,設計条件(変位量),,,,table,CH5-TBL-043,RP-1627,calc_pdf_p2139,,CALCULATION,HIGH,UNVERIFIED,APPROVED_REPORT_DRAWING_GOLDEN,report Golden from Phase 2-II candidate; HIGH confidence,,,H29_REFERENCE,Calculation table record.
G-RPT-0712,report,report.table.CH5-TBL-044,ENT-LINE-ACL,設計条件(変位量),,,,table,CH5-TBL-044,RP-1628,calc_pdf_p2139,,CALCULATION,HIGH,UNVERIFIED,APPROVED_REPORT_DRAWING_GOLDEN,report Golden from Phase 2-II candidate; HIGH confidence,,,H29_REFERENCE,Calculation table record.
G-RPT-0713,report,report.table.CH5-TBL-045,ENT-LINE-ACL,設計条件(変位量),,,,table,CH5-TBL-045,RP-1629,calc_pdf_p2139,,CALCULATION,HIGH,UNVERIFIED,APPROVED_REPORT_DRAWING_GOLDEN,report Golden from Phase 2-II candidate; HIGH confidence,,,H29_REFERENCE,Calculation table record.
G-RPT-0714,report,report.table.CH5-TBL-046,ENT-LINE-ACL,取付けボルト寸法,,,,table,CH5-TBL-046,RP-1630,calc_pdf_p2139,,CALCULATION,HIGH,UNVERIFIED,APPROVED_REPORT_DRAWING_GOLDEN,report Golden from Phase 2-II candidate; HIGH confidence,,,H29_REFERENCE,Calculation table record.
G-RPT-0715,report,report.table.CH5-TBL-047,ENT-LINE-ACL,取付けボルト寸法,,,,table,CH5-TBL-047,RP-1631,calc_pdf_p2139,,CALCULATION,HIGH,UNVERIFIED,APPROVED_REPORT_DRAWING_GOLDEN,report Golden from Phase 2-II candidate; HIGH confidence,,,H29_REFERENCE,Calculation table record.
G-RPT-0716,report,report.table.CH5-TBL-048,ENT-LINE-ACL,レベル1移動量,,,,table,CH5-TBL-048,RP-1632,calc_pdf_p2207,,CALCULATION,HIGH,UNVERIFIED,APPROVED_REPORT_DRAWING_GOLDEN,report Golden from Phase 2-II candidate; HIGH confidence,,,H29_REFERENCE,Calculation table record.
G-RPT-0717,report,report.table.CH5-TBL-049,ENT-LINE-ACL,レベル1移動量,,,,table,CH5-TBL-049,RP-1633,calc_pdf_p2207,,CALCULATION,HIGH,UNVERIFIED,APPROVED_REPORT_DRAWING_GOLDEN,report Golden from Phase 2-II candidate; HIGH confidence,,,H29_REFERENCE,Calculation table record.
G-RPT-0718,report,report.table.CH5-TBL-050,ENT-LINE-ACL,レベル1固有周期,,,,table,CH5-TBL-050,RP-1634,calc_pdf_p2207,,CALCULATION,HIGH,UNVERIFIED,APPROVED_REPORT_DRAWING_GOLDEN,report Golden from Phase 2-II candidate; HIGH confidence,,,H29_REFERENCE,Calculation table record.
G-RPT-0719,report,report.table.CH5-TBL-051,ENT-LINE-ACL,レベル1固有周期,,,,table,CH5-TBL-051,RP-1635,calc_pdf_p2207,,CALCULATION,HIGH,UNVERIFIED,APPROVED_REPORT_DRAWING_GOLDEN,report Golden from Phase 2-II candidate; HIGH confidence,,,H29_REFERENCE,Calculation table record.
G-RPT-0720,report,report.table.CH5-TBL-052,ENT-LINE-ACL,ミドルビーム機械的性質,,,,table,CH5-TBL-052,RP-1636,calc_pdf_p2208,,CALCULATION,HIGH,UNVERIFIED,APPROVED_REPORT_DRAWING_GOLDEN,report Golden from Phase 2-II candidate; HIGH confidence,,,H29_REFERENCE,Calculation table record.
G-RPT-0721,report,report.table.CH5-TBL-053,ENT-LINE-ACL,AR2伸縮量,,,,table,CH5-TBL-053,RP-1637,calc_pdf_p2222,,CALCULATION,HIGH,UNVERIFIED,APPROVED_REPORT_DRAWING_GOLDEN,report Golden from Phase 2-II candidate; HIGH confidence,,,H29_REFERENCE,Calculation table record.
G-RPT-0722,report,report.table.CH5-TBL-054,ENT-LINE-ACL,AR2伸縮量,,,,table,CH5-TBL-054,RP-1638,calc_pdf_p2222,,CALCULATION,HIGH,UNVERIFIED,APPROVED_REPORT_DRAWING_GOLDEN,report Golden from Phase 2-II candidate; HIGH confidence,,,H29_REFERENCE,Calculation table record.
G-RPT-0723,report,report.table.CH5-TBL-055,ENT-LINE-ACL,AR2伸縮量,,,,table,CH5-TBL-055,RP-1639,calc_pdf_p2222,,CALCULATION,HIGH,UNVERIFIED,APPROVED_REPORT_DRAWING_GOLDEN,report Golden from Phase 2-II candidate; HIGH confidence,,,H29_REFERENCE,Calculation table record.
G-RPT-0724,report,report.table.CH5-TBL-056,ENT-LINE-ACL,AR2設計伸縮量,,,,table,CH5-TBL-056,RP-1640,calc_pdf_p2222,,CALCULATION,HIGH,UNVERIFIED,APPROVED_REPORT_DRAWING_GOLDEN,report Golden from Phase 2-II candidate; HIGH confidence,,,H29_REFERENCE,Calculation table record.
G-RPT-0725,report,report.figure.CAL-FIG-P00118-001,ENT-LINE-ACL,標準断面図,,,,figure,CAL-FIG-P00118-001,RP-234,calc_pdf_p118,,CALCULATION,HIGH,UNVERIFIED,APPROVED_REPORT_DRAWING_GOLDEN,report Golden from Phase 2-II candidate; HIGH confidence,,,H29_REFERENCE,Calculation figure record.
G-RPT-0726,report,report.figure.CAL-FIG-P00121-001,ENT-LINE-ACL,ハンチ荷重 断面図,,,,figure,CAL-FIG-P00121-001,RP-235,calc_pdf_p121,,CALCULATION,HIGH,UNVERIFIED,APPROVED_REPORT_DRAWING_GOLDEN,report Golden from Phase 2-II candidate; HIGH confidence,,,H29_REFERENCE,Calculation figure record.
G-RPT-0727,report,report.figure.CAL-FIG-P00121-002,ENT-LINE-ACL,壁高欄 断面図,,,,figure,CAL-FIG-P00121-002,RP-236,calc_pdf_p121,,CALCULATION,HIGH,UNVERIFIED,APPROVED_REPORT_DRAWING_GOLDEN,report Golden from Phase 2-II candidate; HIGH confidence,,,H29_REFERENCE,Calculation figure record.
G-RPT-0728,report,report.figure.CAL-FIG-P00122-001,ENT-LINE-ACL,左側壁高欄荷重載荷図,,,,figure,CAL-FIG-P00122-001,RP-237,calc_pdf_p122,,CALCULATION,HIGH,UNVERIFIED,APPROVED_REPORT_DRAWING_GOLDEN,report Golden from Phase 2-II candidate; HIGH confidence,,,H29_REFERENCE,Calculation figure record.
G-RPT-0729,report,report.figure.CAL-FIG-P00123-001,ENT-LINE-ACL,ノーズ部詳細図,,,,figure,CAL-FIG-P00123-001,RP-238,calc_pdf_p123,,CALCULATION,HIGH,UNVERIFIED,APPROVED_REPORT_DRAWING_GOLDEN,report Golden from Phase 2-II candidate; HIGH confidence,,,H29_REFERENCE,Calculation figure record.
G-RPT-0730,report,report.figure.CAL-FIG-P00126-001,ENT-LINE-ACL,ノーズ部床版打下ろし断面図,,,,figure,CAL-FIG-P00126-001,RP-239,calc_pdf_p126,,CALCULATION,HIGH,UNVERIFIED,APPROVED_REPORT_DRAWING_GOLDEN,report Golden from Phase 2-II candidate; HIGH confidence,,,H29_REFERENCE,Calculation figure record.
G-RPT-0731,report,report.figure.CAL-FIG-P00129-001,ENT-LINE-ACL,桁端部S1側 床版打下し図,,,,figure,CAL-FIG-P00129-001,RP-240,calc_pdf_p129,,CALCULATION,HIGH,UNVERIFIED,APPROVED_REPORT_DRAWING_GOLDEN,report Golden from Phase 2-II candidate; HIGH confidence,,,H29_REFERENCE,Calculation figure record.
G-RPT-0732,report,report.figure.CAL-FIG-P00130-001,ENT-LINE-ACL,桁端部S2側 床版打下し図,,,,figure,CAL-FIG-P00130-001,RP-241,calc_pdf_p130,,CALCULATION,HIGH,UNVERIFIED,APPROVED_REPORT_DRAWING_GOLDEN,report Golden from Phase 2-II candidate; HIGH confidence,,,H29_REFERENCE,Calculation figure record.
G-RPT-0733,report,report.figure.CAL-FIG-P00131-001,ENT-LINE-ACL,中間支点PR1/PR2床版打下し図,,,,figure,CAL-FIG-P00131-001,RP-242,calc_pdf_p131,,CALCULATION,HIGH,UNVERIFIED,APPROVED_REPORT_DRAWING_GOLDEN,report Golden from Phase 2-II candidate; HIGH confidence,,,H29_REFERENCE,Calculation figure record.
G-RPT-0734,report,report.figure.CAL-FIG-P00133-001,ENT-LINE-ACL,巻き立てコンクリート概要図,,,,figure,CAL-FIG-P00133-001,RP-243,calc_pdf_p133,,CALCULATION,HIGH,UNVERIFIED,APPROVED_REPORT_DRAWING_GOLDEN,report Golden from Phase 2-II candidate; HIGH confidence,,,H29_REFERENCE,Calculation figure record.
G-RPT-0735,report,report.figure.CAL-FIG-P00137-001,ENT-LINE-ACL,荷重載荷図,,,,figure,CAL-FIG-P00137-001,RP-244,calc_pdf_p137,,CALCULATION,HIGH,UNVERIFIED,APPROVED_REPORT_DRAWING_GOLDEN,report Golden from Phase 2-II candidate; HIGH confidence,,,H29_REFERENCE,Calculation figure record.
G-RPT-0736,report,report.figure.CAL-FIG-P00138-001,ENT-LINE-ACL,荷重載荷図(格点集中荷重),,,,figure,CAL-FIG-P00138-001,RP-245,calc_pdf_p138,,CALCULATION,HIGH,UNVERIFIED,APPROVED_REPORT_DRAWING_GOLDEN,report Golden from Phase 2-II candidate; HIGH confidence,,,H29_REFERENCE,Calculation figure record.
G-RPT-0737,report,report.figure.CAL-FIG-P00142-001,ENT-LINE-ACL,格点番号および部材番号図,,,,figure,CAL-FIG-P00142-001,RP-246,calc_pdf_p142,,CALCULATION,HIGH,UNVERIFIED,APPROVED_REPORT_DRAWING_GOLDEN,report Golden from Phase 2-II candidate; HIGH confidence,,,H29_REFERENCE,Calculation figure record.
G-RPT-0738,report,report.figure.SRC-calculation_chapter_03_section_3_2_figures-001,ENT-LINE-ACL,非合成断面 AG1 断面構成図,,,,figure,SRC-calculation_chapter_03_section_3_2_figures-001,RP-509,,,UNKNOWN,HIGH,UNVERIFIED,APPROVED_REPORT_DRAWING_GOLDEN,report Golden from Phase 2-II candidate; HIGH confidence,,,H29_REFERENCE,Calculation figure record.
G-RPT-0739,report,report.figure.SRC-calculation_chapter_03_section_3_2_figures-002,ENT-LINE-ACL,非合成断面 AG1 断面構成図(続き),,,,figure,SRC-calculation_chapter_03_section_3_2_figures-002,RP-510,,,UNKNOWN,HIGH,UNVERIFIED,APPROVED_REPORT_DRAWING_GOLDEN,report Golden from Phase 2-II candidate; HIGH confidence,,,H29_REFERENCE,Calculation figure record.
G-RPT-0740,report,report.figure.SRC-calculation_chapter_03_section_3_2_figures-003,ENT-LINE-ACL,非合成断面 AG2 断面構成図,,,,figure,SRC-calculation_chapter_03_section_3_2_figures-003,RP-511,,,UNKNOWN,HIGH,UNVERIFIED,APPROVED_REPORT_DRAWING_GOLDEN,report Golden from Phase 2-II candidate; HIGH confidence,,,H29_REFERENCE,Calculation figure record.
G-RPT-0741,report,report.figure.SRC-calculation_chapter_03_section_3_2_figures-004,ENT-LINE-ACL,非合成断面 AG2 断面構成図(続き),,,,figure,SRC-calculation_chapter_03_section_3_2_figures-004,RP-512,,,UNKNOWN,HIGH,UNVERIFIED,APPROVED_REPORT_DRAWING_GOLDEN,report Golden from Phase 2-II candidate; HIGH confidence,,,H29_REFERENCE,Calculation figure record.
G-RPT-0742,report,report.figure.SRC-calculation_chapter_03_section_3_2_figures-005,ENT-LINE-ACL,AG1 J-1 UFLG field splice,,,,figure,SRC-calculation_chapter_03_section_3_2_figures-005,RP-513,,,UNKNOWN,HIGH,UNVERIFIED,APPROVED_REPORT_DRAWING_GOLDEN,report Golden from Phase 2-II candidate; HIGH confidence,,,H29_REFERENCE,Calculation figure record.
G-RPT-0743,report,report.figure.SRC-calculation_chapter_03_section_3_2_figures-006,ENT-LINE-ACL,Field splice bolt arrangement per joint,,,,figure,SRC-calculation_chapter_03_section_3_2_figures-006,RP-514,,,UNKNOWN,HIGH,UNVERIFIED,APPROVED_REPORT_DRAWING_GOLDEN,report Golden from Phase 2-II candidate; HIGH confidence,,,H29_REFERENCE,Calculation figure record.
G-RPT-0744,report,report.figure.SRC-calculation_chapter_03_section_3_2_figures-007,ENT-LINE-ACL,Bearing stiffener - horizontal load arm,,,,figure,SRC-calculation_chapter_03_section_3_2_figures-007,RP-515,,,UNKNOWN,HIGH,UNVERIFIED,APPROVED_REPORT_DRAWING_GOLDEN,report Golden from Phase 2-II candidate; HIGH confidence,,,H29_REFERENCE,Calculation figure record.
G-RPT-0745,report,report.figure.SRC-calculation_chapter_03_section_3_2_figures-008,ENT-LINE-ACL,Jack-up stiffener - jacking point,,,,figure,SRC-calculation_chapter_03_section_3_2_figures-008,RP-516,,,UNKNOWN,HIGH,UNVERIFIED,APPROVED_REPORT_DRAWING_GOLDEN,report Golden from Phase 2-II candidate; HIGH confidence,,,H29_REFERENCE,Calculation figure record.
G-RPT-0746,report,report.figure.SRC-calculation_chapter_03_section_3_2_figures-009,ENT-LINE-ACL,Sole plate - end support,,,,figure,SRC-calculation_chapter_03_section_3_2_figures-009,RP-517,,,UNKNOWN,HIGH,UNVERIFIED,APPROVED_REPORT_DRAWING_GOLDEN,report Golden from Phase 2-II candidate; HIGH confidence,,,H29_REFERENCE,Calculation figure record.
G-RPT-0747,report,report.figure.SRC-calculation_chapter_03_section_3_2_figures-010,ENT-LINE-ACL,Sole plate - intermediate support,,,,figure,SRC-calculation_chapter_03_section_3_2_figures-010,RP-518,,,UNKNOWN,HIGH,UNVERIFIED,APPROVED_REPORT_DRAWING_GOLDEN,report Golden from Phase 2-II candidate; HIGH confidence,,,H29_REFERENCE,Calculation figure record.
G-RPT-0748,report,report.figure.CAL-FIG-P00678-001,ENT-LINE-ACL,横桁部材番号図,,,,figure,CAL-FIG-P00678-001,RP-707,calc_pdf_p678,,CALCULATION,HIGH,UNVERIFIED,APPROVED_REPORT_DRAWING_GOLDEN,report Golden from Phase 2-II candidate; HIGH confidence,,,H29_REFERENCE,Calculation figure record.
G-RPT-0749,report,report.figure.CAL-FIG-P00687-001,ENT-LINE-ACL,中間横桁代表CR1-026断面図,,,,figure,CAL-FIG-P00687-001,RP-708,calc_pdf_p687,,CALCULATION,HIGH,UNVERIFIED,APPROVED_REPORT_DRAWING_GOLDEN,report Golden from Phase 2-II candidate; HIGH confidence,,,H29_REFERENCE,Calculation figure record.
G-RPT-0750,report,report.figure.CAL-FIG-P00704-001,ENT-LINE-ACL,端支点上横桁断面図+荷重載荷図,,,,figure,CAL-FIG-P00704-001,RP-709,calc_pdf_p704,,CALCULATION,HIGH,UNVERIFIED,APPROVED_REPORT_DRAWING_GOLDEN,report Golden from Phase 2-II candidate; HIGH confidence,,,H29_REFERENCE,Calculation figure record.
G-RPT-0751,report,report.figure.CAL-FIG-P00735-001,ENT-LINE-ACL,中間支点上横桁断面図+荷重載荷図,,,,figure,CAL-FIG-P00735-001,RP-710,calc_pdf_p735,,CALCULATION,HIGH,UNVERIFIED,APPROVED_REPORT_DRAWING_GOLDEN,report Golden from Phase 2-II candidate; HIGH confidence,,,H29_REFERENCE,Calculation figure record.
G-RPT-0752,report,report.figure.CAL-FIG-P00766-001,ENT-LINE-ACL,端ブラケットS1側断面図,,,,figure,CAL-FIG-P00766-001,RP-788,calc_pdf_p766,,CALCULATION,HIGH,UNVERIFIED,APPROVED_REPORT_DRAWING_GOLDEN,report Golden from Phase 2-II candidate; HIGH confidence,,,H29_REFERENCE,Calculation figure record.
G-RPT-0753,report,report.figure.CAL-FIG-P00777-001,ENT-LINE-ACL,端ブラケットS2側断面図,,,,figure,CAL-FIG-P00777-001,RP-789,calc_pdf_p777,,CALCULATION,HIGH,UNVERIFIED,APPROVED_REPORT_DRAWING_GOLDEN,report Golden from Phase 2-II candidate; HIGH confidence,,,H29_REFERENCE,Calculation figure record.
G-RPT-0754,report,report.figure.CAL-FIG-P00790-001,ENT-LINE-ACL,横構骨組図(格点/部材/断面番号),,,,figure,CAL-FIG-P00790-001,RP-855,calc_pdf_p790,,CALCULATION,HIGH,UNVERIFIED,APPROVED_REPORT_DRAWING_GOLDEN,report Golden from Phase 2-II candidate; HIGH confidence,,,H29_REFERENCE,Calculation figure record.
G-RPT-0755,report,report.figure.CAL-FIG-P00818-001,ENT-LINE-ACL,巻き立てコンクリート概要図,,,,figure,CAL-FIG-P00818-001,RP-902,calc_pdf_p818,,CALCULATION,HIGH,UNVERIFIED,APPROVED_REPORT_DRAWING_GOLDEN,report Golden from Phase 2-II candidate; HIGH confidence,,,H29_REFERENCE,Calculation figure record.
G-RPT-0756,report,report.figure.CAL-FIG-P00843-001,ENT-LINE-ACL,疲労照査フローチャート,,,,figure,CAL-FIG-P00843-001,RP-958,calc_pdf_p843,,CALCULATION,HIGH,UNVERIFIED,APPROVED_REPORT_DRAWING_GOLDEN,report Golden from Phase 2-II candidate; HIGH confidence,,,H29_REFERENCE,Calculation figure record.
G-RPT-0757,report,report.figure.CAL-FIG-P00844-001,ENT-LINE-ACL,疲労照査荷重位置図,,,,figure,CAL-FIG-P00844-001,RP-959,calc_pdf_p844,,CALCULATION,HIGH,UNVERIFIED,APPROVED_REPORT_DRAWING_GOLDEN,report Golden from Phase 2-II candidate; HIGH confidence,,,H29_REFERENCE,Calculation figure record.
G-RPT-0758,report,report.figure.CAL-FIG-P00874-001,ENT-LINE-ACL,標準断面図,,,,figure,CAL-FIG-P00874-001,RP-1015,calc_pdf_p874,,CALCULATION,HIGH,UNVERIFIED,APPROVED_REPORT_DRAWING_GOLDEN,report Golden from Phase 2-II candidate; HIGH confidence,,,H29_REFERENCE,Calculation figure record.
G-RPT-0759,report,report.figure.CAL-FIG-P00900-001,ENT-LINE-ACL,格点番号および部材番号図,,,,figure,CAL-FIG-P00900-001,RP-1016,calc_pdf_p900,,CALCULATION,HIGH,UNVERIFIED,APPROVED_REPORT_DRAWING_GOLDEN,report Golden from Phase 2-II candidate; HIGH confidence,,,H29_REFERENCE,Calculation figure record.
G-RPT-0760,report,report.figure.CAL-FIG-P01776-001,ENT-LINE-ACL,断面構成図 AG1,,,,figure,CAL-FIG-P01776-001,RP-1135,calc_pdf_p1776,,CALCULATION,HIGH,UNVERIFIED,APPROVED_REPORT_DRAWING_GOLDEN,report Golden from Phase 2-II candidate; HIGH confidence,,,H29_REFERENCE,Calculation figure record.
G-RPT-0761,report,report.figure.CAL-FIG-P01776-002,ENT-LINE-ACL,断面構成図 AG2,,,,figure,CAL-FIG-P01776-002,RP-1136,calc_pdf_p1776,,CALCULATION,HIGH,UNVERIFIED,APPROVED_REPORT_DRAWING_GOLDEN,report Golden from Phase 2-II candidate; HIGH confidence,,,H29_REFERENCE,Calculation figure record.
G-RPT-0762,report,report.figure.CH5-FIG-001,ENT-LINE-ACL,形状係数・縦弾性係数説明図,,,,figure,CH5-FIG-001,RP-1333,calc_pdf_p2032,,CALCULATION,HIGH,UNVERIFIED,APPROVED_REPORT_DRAWING_GOLDEN,report Golden from Phase 2-II candidate; HIGH confidence,,,H29_REFERENCE,Calculation figure record.
G-RPT-0763,report,report.figure.CH5-FIG-002,ENT-LINE-ACL,合成剛性概念図,,,,figure,CH5-FIG-002,RP-1334,calc_pdf_p2033,,CALCULATION,HIGH,UNVERIFIED,APPROVED_REPORT_DRAWING_GOLDEN,report Golden from Phase 2-II candidate; HIGH confidence,,,H29_REFERENCE,Calculation figure record.
G-RPT-0764,report,report.figure.CH5-FIG-003,ENT-LINE-ACL,不動点および温度変化移動量概念図,,,,figure,CH5-FIG-003,RP-1335,calc_pdf_p2034,,CALCULATION,HIGH,UNVERIFIED,APPROVED_REPORT_DRAWING_GOLDEN,report Golden from Phase 2-II candidate; HIGH confidence,,,H29_REFERENCE,Calculation figure record.
G-RPT-0765,report,report.figure.CH5-FIG-004,ENT-LINE-ACL,レベル1地震時作用概念図,,,,figure,CH5-FIG-004,RP-1336,calc_pdf_p2038,,CALCULATION,HIGH,UNVERIFIED,APPROVED_REPORT_DRAWING_GOLDEN,report Golden from Phase 2-II candidate; HIGH confidence,,,H29_REFERENCE,Calculation figure record.
G-RPT-0766,report,report.figure.CH5-FIG-005,ENT-LINE-ACL,耐荷性能照査用鉛直力算出概念図,,,,figure,CH5-FIG-005,RP-1337,calc_pdf_p2045,,CALCULATION,HIGH,UNVERIFIED,APPROVED_REPORT_DRAWING_GOLDEN,report Golden from Phase 2-II candidate; HIGH confidence,,,H29_REFERENCE,Calculation figure record.
G-RPT-0767,report,report.figure.CH5-FIG-006,ENT-LINE-ACL,段差防止構造 正面図,,,,figure,CH5-FIG-006,RP-1338,calc_pdf_p2190,,CALCULATION,HIGH,UNVERIFIED,APPROVED_REPORT_DRAWING_GOLDEN,report Golden from Phase 2-II candidate; HIGH confidence,,,H29_REFERENCE,Calculation figure record.
G-RPT-0768,report,report.figure.CH5-FIG-007,ENT-LINE-ACL,段差防止構造 側面図,,,,figure,CH5-FIG-007,RP-1339,calc_pdf_p2190,,CALCULATION,HIGH,UNVERIFIED,APPROVED_REPORT_DRAWING_GOLDEN,report Golden from Phase 2-II candidate; HIGH confidence,,,H29_REFERENCE,Calculation figure record.
G-RPT-0769,report,report.figure.CH5-FIG-008,ENT-LINE-ACL,台座寸法図,,,,figure,CH5-FIG-008,RP-1340,calc_pdf_p2192,,CALCULATION,HIGH,UNVERIFIED,APPROVED_REPORT_DRAWING_GOLDEN,report Golden from Phase 2-II candidate; HIGH confidence,,,H29_REFERENCE,Calculation figure record.
G-RPT-0770,report,report.figure.CH5-FIG-009,ENT-LINE-ACL,台座断面図(緩衝材),,,,figure,CH5-FIG-009,RP-1341,calc_pdf_p2192,,CALCULATION,HIGH,UNVERIFIED,APPROVED_REPORT_DRAWING_GOLDEN,report Golden from Phase 2-II candidate; HIGH confidence,,,H29_REFERENCE,Calculation figure record.
G-RPT-0771,report,report.figure.CH5-FIG-010,ENT-LINE-ACL,通水断面形状図,,,,figure,CH5-FIG-010,RP-1342,calc_pdf_p2199,,CALCULATION,HIGH,UNVERIFIED,APPROVED_REPORT_DRAWING_GOLDEN,report Golden from Phase 2-II candidate; HIGH confidence,,,H29_REFERENCE,Calculation figure record.
G-RPT-0772,report,report.figure.CH5-FIG-011,ENT-LINE-ACL,ミドルビーム断面図,,,,figure,CH5-FIG-011,RP-1343,calc_pdf_p2208,,CALCULATION,HIGH,UNVERIFIED,APPROVED_REPORT_DRAWING_GOLDEN,report Golden from Phase 2-II candidate; HIGH confidence,,,H29_REFERENCE,Calculation figure record.
G-RPT-0773,report,report.figure.CH5-FIG-012,ENT-LINE-ACL,ミドルビーム4径間連続梁載荷図,,,,figure,CH5-FIG-012,RP-1344,calc_pdf_p2209,,CALCULATION,HIGH,UNVERIFIED,APPROVED_REPORT_DRAWING_GOLDEN,report Golden from Phase 2-II candidate; HIGH confidence,,,H29_REFERENCE,Calculation figure record.
G-RPT-0774,report,report.figure.CH5-FIG-013,ENT-LINE-ACL,サポートビーム載荷イメージ図,,,,figure,CH5-FIG-013,RP-1345,calc_pdf_p2214,,CALCULATION,HIGH,UNVERIFIED,APPROVED_REPORT_DRAWING_GOLDEN,report Golden from Phase 2-II candidate; HIGH confidence,,,H29_REFERENCE,Calculation figure record.
G-RPT-0775,report,report.figure.CH5-FIG-014,ENT-LINE-ACL,伸縮装置張出部断面図,,,,figure,CH5-FIG-014,RP-1346,calc_pdf_p2216,,CALCULATION,HIGH,UNVERIFIED,APPROVED_REPORT_DRAWING_GOLDEN,report Golden from Phase 2-II candidate; HIGH confidence,,,H29_REFERENCE,Calculation figure record.
G-RPT-0776,report,report.figure.CH5-FIG-015,ENT-LINE-ACL,フィンガー形状図,,,,figure,CH5-FIG-015,RP-1347,calc_pdf_p2223,,CALCULATION,HIGH,UNVERIFIED,APPROVED_REPORT_DRAWING_GOLDEN,report Golden from Phase 2-II candidate; HIGH confidence,,,H29_REFERENCE,Calculation figure record.
G-RPT-0777,report,report.figure.CH5-FIG-016,ENT-LINE-ACL,フェイスプレート断面図,,,,figure,CH5-FIG-016,RP-1348,calc_pdf_p2224,,CALCULATION,HIGH,UNVERIFIED,APPROVED_REPORT_DRAWING_GOLDEN,report Golden from Phase 2-II candidate; HIGH confidence,,,H29_REFERENCE,Calculation figure record.
G-RPT-0778,report,report.figure.FM-FIG-001,ENT-LINE-ACL,金沢IC Aランプ橋 3径間連続鈑桁橋,,,,figure,FM-FIG-001,RP-1641,calc_pdf_p1,,CALCULATION,HIGH,UNVERIFIED,APPROVED_REPORT_DRAWING_GOLDEN,report Golden from Phase 2-II candidate; HIGH confidence,,,H29_REFERENCE,Calculation figure record.
G-RPT-0779,report,report.figure.FM-FIG-002,ENT-LINE-ACL,目次,,,,figure,FM-FIG-002,RP-1642,calc_pdf_p3,,CALCULATION,HIGH,UNVERIFIED,APPROVED_REPORT_DRAWING_GOLDEN,report Golden from Phase 2-II candidate; HIGH confidence,,,H29_REFERENCE,Calculation figure record.
G-RPT-0780,report,report.note.CH1-NOTE-001,ENT-LINE-ACL,本橋の設計について - 非合成桁を主体とし合成断面の照査を行う。主桁断面決定および継手計算は非合成断面と合成断面の双方を満足させる。中間補剛材も同様。床版・支点補剛材・横桁・横構・疲労設計は非合成桁で代表する。,,,,NOTE,CH1-NOTE-001,RP-002,calc_pdf_p7,,CALCULATION,HIGH,UNVERIFIED,APPROVED_REPORT_DRAWING_GOLDEN,report Golden from Phase 2-II candidate; HIGH confidence,,,H29_REFERENCE,Calculation note (kind design_policy).
G-RPT-0781,report,report.note.CH1-NOTE-002,ENT-LINE-ACL,本橋の支承について - 回転照査を満足させるため機能分離型支承と荷重調整型支承の形式比較を行い荷重調整型支承を採用。詳細は報告書2編設計概要書を参照。,,,,NOTE,CH1-NOTE-002,RP-003,calc_pdf_p7,,CALCULATION,HIGH,UNVERIFIED,APPROVED_REPORT_DRAWING_GOLDEN,report Golden from Phase 2-II candidate; HIGH confidence,,,H29_REFERENCE,Calculation note (kind design_policy).
G-RPT-0782,report,report.note.CH2-NOTE-001,ENT-LINE-ACL,計算はノーズ部を考慮しない標準幅員で行う。,,,,NOTE,CH2-NOTE-001,RP-144,calc_pdf_p16,,CALCULATION,HIGH,UNVERIFIED,APPROVED_REPORT_DRAWING_GOLDEN,report Golden from Phase 2-II candidate; HIGH confidence,,,H29_REFERENCE,Calculation note (kind scope_note).
G-RPT-0783,report,report.note.CH2-NOTE-002,ENT-LINE-ACL,寸法は標準幅員のS1で代表,,,,NOTE,CH2-NOTE-002,RP-145,calc_pdf_p18,,CALCULATION,HIGH,UNVERIFIED,APPROVED_REPORT_DRAWING_GOLDEN,report Golden from Phase 2-II candidate; HIGH confidence,,,H29_REFERENCE,Calculation note (kind design_scope).
G-RPT-0784,report,report.note.CH2-NOTE-003,ENT-LINE-ACL,スラッド高さ: 0.7×hc=0.7×222=155.4≒160mm,,,,NOTE,CH2-NOTE-003,RP-146,calc_pdf_p19,,CALCULATION,HIGH,UNVERIFIED,APPROVED_REPORT_DRAWING_GOLDEN,report Golden from Phase 2-II candidate; HIGH confidence,,,H29_REFERENCE,Calculation note (kind design_note).
G-RPT-0785,report,report.note.CH2-NOTE-004,ENT-LINE-ACL,ハンチ筋は設計断面に考慮する。,,,,NOTE,CH2-NOTE-004,RP-147,calc_pdf_p20,,CALCULATION,HIGH,UNVERIFIED,APPROVED_REPORT_DRAWING_GOLDEN,report Golden from Phase 2-II candidate; HIGH confidence,,,H29_REFERENCE,Calculation note (kind design_note).
G-RPT-0786,report,report.note.CH2-NOTE-005,ENT-LINE-ACL,鋼板の膜作用による曲げモーメントと鋼板+横リブの梁としての曲げモーメントを照査する。,,,,NOTE,CH2-NOTE-005,RP-148,calc_pdf_p21,,CALCULATION,HIGH,UNVERIFIED,APPROVED_REPORT_DRAWING_GOLDEN,report Golden from Phase 2-II candidate; HIGH confidence,,,H29_REFERENCE,Calculation note (kind method_note).
G-RPT-0787,report,report.note.CH2-NOTE-006,ENT-LINE-ACL,鋼板を主桁と横リブで囲まれた4辺固定支持板としてモデル化。,,,,NOTE,CH2-NOTE-006,RP-149,calc_pdf_p21,,CALCULATION,HIGH,UNVERIFIED,APPROVED_REPORT_DRAWING_GOLDEN,report Golden from Phase 2-II candidate; HIGH confidence,,,H29_REFERENCE,Calculation note (kind method_note).
G-RPT-0788,report,report.note.CH2-NOTE-007,ENT-LINE-ACL,係数βx、βyは構造力学公式集:平板の数値表により算出する。,,,,NOTE,CH2-NOTE-007,RP-150,calc_pdf_p21,,CALCULATION,HIGH,UNVERIFIED,APPROVED_REPORT_DRAWING_GOLDEN,report Golden from Phase 2-II candidate; HIGH confidence,,,H29_REFERENCE,Calculation note (kind method_note).
G-RPT-0789,report,report.note.CH2-NOTE-008,ENT-LINE-ACL,道示Ⅱ 11.5 式11.5.2,,,,NOTE,CH2-NOTE-008,RP-151,calc_pdf_p29,,CALCULATION,HIGH,UNVERIFIED,APPROVED_REPORT_DRAWING_GOLDEN,report Golden from Phase 2-II candidate; HIGH confidence,,,H29_REFERENCE,Calculation note (kind reference_note).
G-RPT-0790,report,report.note.CH2-NOTE-009,ENT-LINE-ACL,道示Ⅱ 11.2.3 表-11.2.4,,,,NOTE,CH2-NOTE-009,RP-152,calc_pdf_p33,,CALCULATION,HIGH,UNVERIFIED,APPROVED_REPORT_DRAWING_GOLDEN,report Golden from Phase 2-II candidate; HIGH confidence,,,H29_REFERENCE,Calculation note (kind reference_note).
G-RPT-0791,report,report.note.CAL-NOT-P00117-001,ENT-LINE-ACL,主桁/横桁を骨組とした平面格子構造物として変形法による解析,,,,NOTE,CAL-NOT-P00117-001,RP-266,calc_pdf_p117,,CALCULATION,HIGH,UNVERIFIED,APPROVED_REPORT_DRAWING_GOLDEN,report Golden from Phase 2-II candidate; HIGH confidence,,,H29_REFERENCE,Calculation note (kind design_approach).
G-RPT-0792,report,report.note.CAL-NOT-P00117-002,ENT-LINE-ACL,全死荷重及び活荷重に対し横桁で荷重分配を行う,,,,NOTE,CAL-NOT-P00117-002,RP-267,calc_pdf_p117,,CALCULATION,HIGH,UNVERIFIED,APPROVED_REPORT_DRAWING_GOLDEN,report Golden from Phase 2-II candidate; HIGH confidence,,,H29_REFERENCE,Calculation note (kind design_approach).
G-RPT-0793,report,report.note.CAL-NOT-P00117-003,ENT-LINE-ACL,解析プログラム: 鋼橋自動設計システム APOLLO Analyzer 株式会社横河技術情報,,,,NOTE,CAL-NOT-P00117-003,RP-268,calc_pdf_p117,,CALCULATION,HIGH,UNVERIFIED,APPROVED_REPORT_DRAWING_GOLDEN,report Golden from Phase 2-II candidate; HIGH confidence,,,H29_REFERENCE,Calculation note (kind tool_reference).
G-RPT-0794,report,report.note.CAL-NOT-P00118-001,ENT-LINE-ACL,荷重強度は荷重係数を乗じていない荷重の特性値である,,,,NOTE,CAL-NOT-P00118-001,RP-269,calc_pdf_p118,,CALCULATION,HIGH,UNVERIFIED,APPROVED_REPORT_DRAWING_GOLDEN,report Golden from Phase 2-II candidate; HIGH confidence,,,H29_REFERENCE,Calculation note (kind design_condition).
G-RPT-0795,report,report.note.CAL-NOT-P00118-002,ENT-LINE-ACL,PU15付近の左側壁高欄部はノーズ部荷重を考慮する,,,,NOTE,CAL-NOT-P00118-002,RP-270,calc_pdf_p118,,CALCULATION,HIGH,UNVERIFIED,APPROVED_REPORT_DRAWING_GOLDEN,report Golden from Phase 2-II candidate; HIGH confidence,,,H29_REFERENCE,Calculation note (kind design_condition).
G-RPT-0796,report,report.note.CAL-NOT-P00119-001,ENT-LINE-ACL,走行車線直下に載荷 (検査路),,,,NOTE,CAL-NOT-P00119-001,RP-271,calc_pdf_p119,,CALCULATION,HIGH,UNVERIFIED,APPROVED_REPORT_DRAWING_GOLDEN,report Golden from Phase 2-II candidate; HIGH confidence,,,H29_REFERENCE,Calculation note (kind design_note).
G-RPT-0797,report,report.note.CAL-NOT-P00119-002,ENT-LINE-ACL,高欄外側に載荷 (遮音壁),,,,NOTE,CAL-NOT-P00119-002,RP-272,calc_pdf_p119,,CALCULATION,HIGH,UNVERIFIED,APPROVED_REPORT_DRAWING_GOLDEN,report Golden from Phase 2-II candidate; HIGH confidence,,,H29_REFERENCE,Calculation note (kind design_note).
G-RPT-0798,report,report.note.CAL-NOT-P00119-003,ENT-LINE-ACL,荷重は格点に載荷する (ノーズ部/床版拡幅/床版打下し),,,,NOTE,CAL-NOT-P00119-003,RP-273,calc_pdf_p119,,CALCULATION,HIGH,UNVERIFIED,APPROVED_REPORT_DRAWING_GOLDEN,report Golden from Phase 2-II candidate; HIGH confidence,,,H29_REFERENCE,Calculation note (kind design_note).
G-RPT-0799,report,report.note.CAL-NOT-P00122-001,ENT-LINE-ACL,左側の高欄荷重と遮音壁荷重はノーズ部の控除を行う,,,,NOTE,CAL-NOT-P00122-001,RP-274,calc_pdf_p122,,CALCULATION,HIGH,UNVERIFIED,APPROVED_REPORT_DRAWING_GOLDEN,report Golden from Phase 2-II candidate; HIGH confidence,,,H29_REFERENCE,Calculation note (kind design_note).
G-RPT-0800,report,report.note.CAL-NOT-P00122-002,ENT-LINE-ACL,載荷する荷重強度は計算プログラムの様式に合わせて調整する,,,,NOTE,CAL-NOT-P00122-002,RP-275,calc_pdf_p122,,CALCULATION,HIGH,UNVERIFIED,APPROVED_REPORT_DRAWING_GOLDEN,report Golden from Phase 2-II candidate; HIGH confidence,,,H29_REFERENCE,Calculation note (kind design_note).
G-RPT-0801,report,report.note.CAL-NOT-P00124-001,ENT-LINE-ACL,C1-C2間の荷重についてはC1からの距離が小さいためC2には考慮せずC1に載荷する,,,,NOTE,CAL-NOT-P00124-001,RP-276,calc_pdf_p124,,CALCULATION,HIGH,UNVERIFIED,APPROVED_REPORT_DRAWING_GOLDEN,report Golden from Phase 2-II candidate; HIGH confidence,,,H29_REFERENCE,Calculation note (kind design_note).
G-RPT-0802,report,report.note.CAL-NOT-P00125-001,ENT-LINE-ACL,AG1桁の各格点に格点集中荷重とし整数1位に切り上げる,,,,NOTE,CAL-NOT-P00125-001,RP-277,calc_pdf_p125,,CALCULATION,HIGH,UNVERIFIED,APPROVED_REPORT_DRAWING_GOLDEN,report Golden from Phase 2-II candidate; HIGH confidence,,,H29_REFERENCE,Calculation note (kind design_result).
G-RPT-0803,report,report.note.CAL-NOT-P00128-001,ENT-LINE-ACL,AG1桁の各格点に格点集中荷重とし整数1位に切り上げる,,,,NOTE,CAL-NOT-P00128-001,RP-278,calc_pdf_p128,,CALCULATION,HIGH,UNVERIFIED,APPROVED_REPORT_DRAWING_GOLDEN,report Golden from Phase 2-II candidate; HIGH confidence,,,H29_REFERENCE,Calculation note (kind design_result).
G-RPT-0804,report,report.note.CAL-NOT-P00129-001,ENT-LINE-ACL,床版支間の1/2 (道示Ⅱ 11.2.13)以上,,,,NOTE,CAL-NOT-P00129-001,RP-279,calc_pdf_p129,,CALCULATION,HIGH,UNVERIFIED,APPROVED_REPORT_DRAWING_GOLDEN,report Golden from Phase 2-II candidate; HIGH confidence,,,H29_REFERENCE,Calculation note (kind standard_reference).
G-RPT-0805,report,report.note.CAL-NOT-P00129-002,ENT-LINE-ACL,打下ろしは伸縮装置の切り欠き高を考慮する,,,,NOTE,CAL-NOT-P00129-002,RP-280,calc_pdf_p129,,CALCULATION,HIGH,UNVERIFIED,APPROVED_REPORT_DRAWING_GOLDEN,report Golden from Phase 2-II candidate; HIGH confidence,,,H29_REFERENCE,Calculation note (kind design_note).
G-RPT-0806,report,report.note.CAL-NOT-P00129-003,ENT-LINE-ACL,ハンチ荷重控除は桁端部荷重で行う (AG1は内側のみ),,,,NOTE,CAL-NOT-P00129-003,RP-281,calc_pdf_p129,,CALCULATION,HIGH,UNVERIFIED,APPROVED_REPORT_DRAWING_GOLDEN,report Golden from Phase 2-II candidate; HIGH confidence,,,H29_REFERENCE,Calculation note (kind design_note).
G-RPT-0807,report,report.note.CAL-NOT-P00131-001,ENT-LINE-ACL,格点集中荷重とし整数1位に切り上げる,,,,NOTE,CAL-NOT-P00131-001,RP-282,calc_pdf_p131,,CALCULATION,HIGH,UNVERIFIED,APPROVED_REPORT_DRAWING_GOLDEN,report Golden from Phase 2-II candidate; HIGH confidence,,,H29_REFERENCE,Calculation note (kind design_note).
G-RPT-0808,report,report.note.CAL-NOT-P00133-001,ENT-LINE-ACL,巻き立てコンクリート幅は横桁フランジ幅+300mmが基本,,,,NOTE,CAL-NOT-P00133-001,RP-283,calc_pdf_p133,,CALCULATION,HIGH,UNVERIFIED,APPROVED_REPORT_DRAWING_GOLDEN,report Golden from Phase 2-II candidate; HIGH confidence,,,H29_REFERENCE,Calculation note (kind design_note).
G-RPT-0809,report,report.note.CAL-NOT-P00133-002,ENT-LINE-ACL,水平支承部寸法からなる幅を最小とし下端部突起に作用する断面力に対し十分な耐力を有する幅を採用,,,,NOTE,CAL-NOT-P00133-002,RP-284,calc_pdf_p133,,CALCULATION,HIGH,UNVERIFIED,APPROVED_REPORT_DRAWING_GOLDEN,report Golden from Phase 2-II candidate; HIGH confidence,,,H29_REFERENCE,Calculation note (kind design_note).
G-RPT-0810,report,report.note.CAL-NOT-P00133-003,ENT-LINE-ACL,Bは最内の鉄筋(鉛直方向)のかぶりを125mmと想定,,,,NOTE,CAL-NOT-P00133-003,RP-285,calc_pdf_p133,,CALCULATION,HIGH,UNVERIFIED,APPROVED_REPORT_DRAWING_GOLDEN,report Golden from Phase 2-II candidate; HIGH confidence,,,H29_REFERENCE,Calculation note (kind design_note).
G-RPT-0811,report,report.note.CAL-NOT-P00135-001,ENT-LINE-ACL,Ｂ活荷重 「道示Ⅰ 8.2」より抜粋,,,,NOTE,CAL-NOT-P00135-001,RP-286,calc_pdf_p135,,CALCULATION,HIGH,UNVERIFIED,APPROVED_REPORT_DRAWING_GOLDEN,report Golden from Phase 2-II candidate; HIGH confidence,,,H29_REFERENCE,Calculation note (kind standard_reference).
G-RPT-0812,report,report.note.CAL-NOT-P00136-001,ENT-LINE-ACL,作用の組み合わせに対する荷重組み合わせ係数および荷重係数 (道示Ⅰ 3.3 表3-3.1),,,,NOTE,CAL-NOT-P00136-001,RP-287,calc_pdf_p136,,CALCULATION,HIGH,UNVERIFIED,APPROVED_REPORT_DRAWING_GOLDEN,report Golden from Phase 2-II candidate; HIGH confidence,,,H29_REFERENCE,Calculation note (kind standard_reference).
G-RPT-0813,report,report.note.CAL-NOT-P00140-001,ENT-LINE-ACL,死荷重反力の確認 計算値と解析値の比が全て1.000で一致確認OK,,,,NOTE,CAL-NOT-P00140-001,RP-288,calc_pdf_p140,,CALCULATION,HIGH,UNVERIFIED,APPROVED_REPORT_DRAWING_GOLDEN,report Golden from Phase 2-II candidate; HIGH confidence,,,H29_REFERENCE,Calculation note (kind verification_result).
G-RPT-0814,report,report.note.CAL-NOT-P00145-001,ENT-LINE-ACL,解析モデル: 旭高架橋 ランプ 節点数54 梁要素52 支点要素27,,,,NOTE,CAL-NOT-P00145-001,RP-289,calc_pdf_p145,,CALCULATION,HIGH,UNVERIFIED,APPROVED_REPORT_DRAWING_GOLDEN,report Golden from Phase 2-II candidate; HIGH confidence,,,H29_REFERENCE,Calculation note (kind model_summary).
G-RPT-0815,report,report.note.CAL-NOT-P00149-001,ENT-LINE-ACL,鋼材: E=2.0e8 kN/m2 G=7.7e7 kN/m2 ν=1.2e-5,,,,NOTE,CAL-NOT-P00149-001,RP-290,calc_pdf_p149,,CALCULATION,HIGH,UNVERIFIED,APPROVED_REPORT_DRAWING_GOLDEN,report Golden from Phase 2-II candidate; HIGH confidence,,,H29_REFERENCE,Calculation note (kind material_property).
G-RPT-0816,report,report.note.CAL-NOT-P00222-001,ENT-LINE-ACL,表内数値は特性値を示す,,,,NOTE,CAL-NOT-P00222-001,RP-291,calc_pdf_p222,,CALCULATION,HIGH,UNVERIFIED,APPROVED_REPORT_DRAWING_GOLDEN,report Golden from Phase 2-II candidate; HIGH confidence,,,H29_REFERENCE,Calculation note (kind note).
G-RPT-0817,report,report.note.CAL-NOT-P00223-001,ENT-LINE-ACL,*印部は特性値を示す,,,,NOTE,CAL-NOT-P00223-001,RP-292,calc_pdf_p223,,CALCULATION,HIGH,UNVERIFIED,APPROVED_REPORT_DRAWING_GOLDEN,report Golden from Phase 2-II candidate; HIGH confidence,,,H29_REFERENCE,Calculation note (kind note).
G-RPT-0818,report,report.note.CAL-NOT-P00223-002,ENT-LINE-ACL,合計は作用の組合せ(D+L)に対する荷重組合せ係数(γp)荷重係数(γq)を考慮した値を示す,,,,NOTE,CAL-NOT-P00223-002,RP-293,calc_pdf_p223,,CALCULATION,HIGH,UNVERIFIED,APPROVED_REPORT_DRAWING_GOLDEN,report Golden from Phase 2-II candidate; HIGH confidence,,,H29_REFERENCE,Calculation note (kind note).
G-RPT-0819,report,report.note.SRC-calculation_chapter_03_section_3_2_notes-001,ENT-LINE-ACL,Limit state 1 for tension can be omitted; only limit state 3 is checked (tension side limit is same or stricter than LS1),,,,NOTE,SRC-calculation_chapter_03_section_3_2_notes-001,RP-545,,,UNKNOWN,HIGH,UNVERIFIED,APPROVED_REPORT_DRAWING_GOLDEN,report Golden from Phase 2-II candidate; HIGH confidence,,,H29_REFERENCE,Calculation note (kind design_policy).
G-RPT-0820,report,report.note.SRC-calculation_chapter_03_section_3_2_notes-002,ENT-LINE-ACL,"Compression side checked at limit state 3, deemed not to exceed limit state 1",,,,NOTE,SRC-calculation_chapter_03_section_3_2_notes-002,RP-546,,,UNKNOWN,HIGH,UNVERIFIED,APPROVED_REPORT_DRAWING_GOLDEN,report Golden from Phase 2-II candidate; HIGH confidence,,,H29_REFERENCE,Calculation note (kind design_policy).
G-RPT-0821,report,report.note.SRC-calculation_chapter_03_section_3_2_notes-003,ENT-LINE-ACL,"Combined bending+shear checked at limit state 1, deemed not to exceed limit state 3",,,,NOTE,SRC-calculation_chapter_03_section_3_2_notes-003,RP-547,,,UNKNOWN,HIGH,UNVERIFIED,APPROVED_REPORT_DRAWING_GOLDEN,report Golden from Phase 2-II candidate; HIGH confidence,,,H29_REFERENCE,Calculation note (kind design_policy).
G-RPT-0822,report,report.note.SRC-calculation_chapter_03_section_3_2_notes-004,ENT-LINE-ACL,"Steel materials: SM520, SM490Y, SM400. Plates >40mm use constant yield point steel (except sole plates)",,,,NOTE,SRC-calculation_chapter_03_section_3_2_notes-004,RP-548,,,UNKNOWN,HIGH,UNVERIFIED,APPROVED_REPORT_DRAWING_GOLDEN,report Golden from Phase 2-II candidate; HIGH confidence,,,H29_REFERENCE,Calculation note (kind material).
G-RPT-0823,report,report.note.SRC-calculation_chapter_03_section_3_2_notes-005,ENT-LINE-ACL,"Flange width constant: upper 620mm, lower 680mm. Web thickness constant: 14mm",,,,NOTE,SRC-calculation_chapter_03_section_3_2_notes-005,RP-549,,,UNKNOWN,HIGH,UNVERIFIED,APPROVED_REPORT_DRAWING_GOLDEN,report Golden from Phase 2-II candidate; HIGH confidence,,,H29_REFERENCE,Calculation note (kind geometry).
G-RPT-0824,report,report.note.SRC-calculation_chapter_03_section_3_2_notes-006,ENT-LINE-ACL,"Flange plate thickness relief direction: upper flange downward, lower flange upward",,,,NOTE,SRC-calculation_chapter_03_section_3_2_notes-006,RP-550,,,UNKNOWN,HIGH,UNVERIFIED,APPROVED_REPORT_DRAWING_GOLDEN,report Golden from Phase 2-II candidate; HIGH confidence,,,H29_REFERENCE,Calculation note (kind geometry).
G-RPT-0825,report,report.note.SRC-calculation_chapter_03_section_3_2_notes-007,ENT-LINE-ACL,Minimum plate thickness difference: 2mm (based on filler plate thickness). Max flange thickness difference: ≤1/2 of thicker plate (max 25mm),,,,NOTE,SRC-calculation_chapter_03_section_3_2_notes-007,RP-551,,,UNKNOWN,HIGH,UNVERIFIED,APPROVED_REPORT_DRAWING_GOLDEN,report Golden from Phase 2-II candidate; HIGH confidence,,,H29_REFERENCE,Calculation note (kind geometry).
G-RPT-0826,report,report.note.SRC-calculation_chapter_03_section_3_2_notes-008,ENT-LINE-ACL,"Filler plate thickness: 2.3mm minimum, increments: 2.3, 3.2, 4.5, 6mm then 1mm steps",,,,NOTE,SRC-calculation_chapter_03_section_3_2_notes-008,RP-552,,,UNKNOWN,HIGH,UNVERIFIED,APPROVED_REPORT_DRAWING_GOLDEN,report Golden from Phase 2-II candidate; HIGH confidence,,,H29_REFERENCE,Calculation note (kind filler).
G-RPT-0827,report,report.note.SRC-calculation_chapter_03_section_3_2_notes-009,ENT-LINE-ACL,Allowable stress margin: approximately 5 N/mm²,,,,NOTE,SRC-calculation_chapter_03_section_3_2_notes-009,RP-553,,,UNKNOWN,HIGH,UNVERIFIED,APPROVED_REPORT_DRAWING_GOLDEN,report Golden from Phase 2-II candidate; HIGH confidence,,,H29_REFERENCE,Calculation note (kind stress).
G-RPT-0828,report,report.note.SRC-calculation_chapter_03_section_3_2_notes-010,ENT-LINE-ACL,"Upper flange: fixed to concrete deck, no lateral buckling considered (local buckling only)",,,,NOTE,SRC-calculation_chapter_03_section_3_2_notes-010,RP-554,,,UNKNOWN,HIGH,UNVERIFIED,APPROVED_REPORT_DRAWING_GOLDEN,report Golden from Phase 2-II candidate; HIGH confidence,,,H29_REFERENCE,Calculation note (kind buckling).
G-RPT-0829,report,report.note.SRC-calculation_chapter_03_section_3_2_notes-011,ENT-LINE-ACL,Lower flange: both lateral torsional buckling and local buckling considered,,,,NOTE,SRC-calculation_chapter_03_section_3_2_notes-011,RP-555,,,UNKNOWN,HIGH,UNVERIFIED,APPROVED_REPORT_DRAWING_GOLDEN,report Golden from Phase 2-II candidate; HIGH confidence,,,H29_REFERENCE,Calculation note (kind buckling).
G-RPT-0830,report,report.note.SRC-calculation_chapter_03_section_3_2_notes-012,ENT-LINE-ACL,Composite stress check at web top and bottom edges (considers flange thickness via stress gradient from APOLLO program),,,,NOTE,SRC-calculation_chapter_03_section_3_2_notes-012,RP-556,,,UNKNOWN,HIGH,UNVERIFIED,APPROVED_REPORT_DRAWING_GOLDEN,report Golden from Phase 2-II candidate; HIGH confidence,,,H29_REFERENCE,Calculation note (kind composite).
G-RPT-0831,report,report.note.SRC-calculation_chapter_03_section_3_2_notes-013,ENT-LINE-ACL,"Horizontal stiffener: single stage, position based on reference girder height",,,,NOTE,SRC-calculation_chapter_03_section_3_2_notes-013,RP-557,,,UNKNOWN,HIGH,UNVERIFIED,APPROVED_REPORT_DRAWING_GOLDEN,report Golden from Phase 2-II candidate; HIGH confidence,,,H29_REFERENCE,Calculation note (kind stiffener).
G-RPT-0832,report,report.note.SRC-calculation_chapter_03_section_3_2_notes-014,ENT-LINE-ACL,Intermediate vertical stiffeners: basically divide panel points into 4 equal parts,,,,NOTE,SRC-calculation_chapter_03_section_3_2_notes-014,RP-558,,,UNKNOWN,HIGH,UNVERIFIED,APPROVED_REPORT_DRAWING_GOLDEN,report Golden from Phase 2-II candidate; HIGH confidence,,,H29_REFERENCE,Calculation note (kind stiffener).
G-RPT-0833,report,report.note.SRC-calculation_chapter_03_section_3_2_notes-015,ENT-LINE-ACL,Splice position: basically at center between vertical stiffeners (panel point divided into 4),,,,NOTE,SRC-calculation_chapter_03_section_3_2_notes-015,RP-559,,,UNKNOWN,HIGH,UNVERIFIED,APPROVED_REPORT_DRAWING_GOLDEN,report Golden from Phase 2-II candidate; HIGH confidence,,,H29_REFERENCE,Calculation note (kind splice).
G-RPT-0834,report,report.note.SRC-calculation_chapter_03_section_3_2_notes-016,ENT-LINE-ACL,Field splice bolts: TCB M22(S10T). Inorganic zinc-rich paint coating considered,,,,NOTE,SRC-calculation_chapter_03_section_3_2_notes-016,RP-560,,,UNKNOWN,HIGH,UNVERIFIED,APPROVED_REPORT_DRAWING_GOLDEN,report Golden from Phase 2-II candidate; HIGH confidence,,,H29_REFERENCE,Calculation note (kind bolt).
G-RPT-0835,report,report.note.SRC-calculation_chapter_03_section_3_2_notes-017,ENT-LINE-ACL,Splice plate area ≥ base material area. Bolt hole 24.5φ (25φ for tension tear-out check),,,,NOTE,SRC-calculation_chapter_03_section_3_2_notes-017,RP-561,,,UNKNOWN,HIGH,UNVERIFIED,APPROVED_REPORT_DRAWING_GOLDEN,report Golden from Phase 2-II candidate; HIGH confidence,,,H29_REFERENCE,Calculation note (kind bolt).
G-RPT-0836,report,report.note.SRC-calculation_chapter_03_section_3_2_notes-018,ENT-LINE-ACL,Upper flange splice plate: 50mm recess from flange edge (for composite slab clearance),,,,NOTE,SRC-calculation_chapter_03_section_3_2_notes-018,RP-562,,,UNKNOWN,HIGH,UNVERIFIED,APPROVED_REPORT_DRAWING_GOLDEN,report Golden from Phase 2-II candidate; HIGH confidence,,,H29_REFERENCE,Calculation note (kind weld).
G-RPT-0837,report,report.note.SRC-calculation_chapter_03_section_3_2_notes-019,ENT-LINE-ACL,Lower flange splice plate: 5mm recess from flange edge,,,,NOTE,SRC-calculation_chapter_03_section_3_2_notes-019,RP-563,,,UNKNOWN,HIGH,UNVERIFIED,APPROVED_REPORT_DRAWING_GOLDEN,report Golden from Phase 2-II candidate; HIGH confidence,,,H29_REFERENCE,Calculation note (kind weld).
G-RPT-0838,report,report.note.SRC-calculation_chapter_03_section_3_2_notes-020,ENT-LINE-ACL,Fillet weld max 10mm (per Aichi 'Bridge Design Guide 3-33'). Over 10mm use partial penetration weld,,,,NOTE,SRC-calculation_chapter_03_section_3_2_notes-020,RP-564,,,UNKNOWN,HIGH,UNVERIFIED,APPROVED_REPORT_DRAWING_GOLDEN,report Golden from Phase 2-II candidate; HIGH confidence,,,H29_REFERENCE,Calculation note (kind weld).
G-RPT-0839,report,report.note.SRC-calculation_chapter_03_section_3_2_notes-021,ENT-LINE-ACL,Bearing stiffeners/crossbeam joints: fillet weld up to 12mm allowed for workability,,,,NOTE,SRC-calculation_chapter_03_section_3_2_notes-021,RP-565,,,UNKNOWN,HIGH,UNVERIFIED,APPROVED_REPORT_DRAWING_GOLDEN,report Golden from Phase 2-II candidate; HIGH confidence,,,H29_REFERENCE,Calculation note (kind weld).
G-RPT-0840,report,report.note.SRC-calculation_chapter_03_section_3_2_notes-022,ENT-LINE-ACL,"Assumed vs actual stiffness ratio: ≤10% per panel point, ≤5% span average",,,,NOTE,SRC-calculation_chapter_03_section_3_2_notes-022,RP-566,,,UNKNOWN,HIGH,UNVERIFIED,APPROVED_REPORT_DRAWING_GOLDEN,report Golden from Phase 2-II candidate; HIGH confidence,,,H29_REFERENCE,Calculation note (kind accuracy).
G-RPT-0841,report,report.note.SRC-calculation_chapter_03_section_3_2_notes-023,ENT-LINE-ACL,Assumed vs actual steel weight ratio: ≤10% (per Aichi guideline 3-4),,,,NOTE,SRC-calculation_chapter_03_section_3_2_notes-023,RP-567,,,UNKNOWN,HIGH,UNVERIFIED,APPROVED_REPORT_DRAWING_GOLDEN,report Golden from Phase 2-II candidate; HIGH confidence,,,H29_REFERENCE,Calculation note (kind accuracy).
G-RPT-0842,report,report.note.SRC-calculation_chapter_03_section_3_2_notes-024,ENT-LINE-ACL,Design program: APOLLO Super Designer (Yokogawa Technical Information),,,,NOTE,SRC-calculation_chapter_03_section_3_2_notes-024,RP-568,,,UNKNOWN,HIGH,UNVERIFIED,APPROVED_REPORT_DRAWING_GOLDEN,report Golden from Phase 2-II candidate; HIGH confidence,,,H29_REFERENCE,Calculation note (kind program).
G-RPT-0843,report,report.note.SRC-calculation_chapter_03_section_3_2_notes-025,ENT-LINE-ACL,Flange splice plates: ensure cross-sectional area and bending stiffness ≥ base material,,,,NOTE,SRC-calculation_chapter_03_section_3_2_notes-025,RP-569,,,UNKNOWN,HIGH,UNVERIFIED,APPROVED_REPORT_DRAWING_GOLDEN,report Golden from Phase 2-II candidate; HIGH confidence,,,H29_REFERENCE,Calculation note (kind splice).
G-RPT-0844,report,report.note.SRC-calculation_chapter_03_section_3_2_notes-026,ENT-LINE-ACL,Fillet weld: Inorganic zinc-rich paint coating considered; Vfk reduction factor α applied,,,,NOTE,SRC-calculation_chapter_03_section_3_2_notes-026,RP-570,,,UNKNOWN,HIGH,UNVERIFIED,APPROVED_REPORT_DRAWING_GOLDEN,report Golden from Phase 2-II candidate; HIGH confidence,,,H29_REFERENCE,Calculation note (kind weld).
G-RPT-0845,report,report.note.SRC-calculation_chapter_03_section_3_2_notes-027,ENT-LINE-ACL,"Bolt arrangement dimensions: UFLG width 620mm with bolt gage lines at 140,90,90 spacing (75mm edge distance)",,,,NOTE,SRC-calculation_chapter_03_section_3_2_notes-027,RP-571,,,UNKNOWN,HIGH,UNVERIFIED,APPROVED_REPORT_DRAWING_GOLDEN,report Golden from Phase 2-II candidate; HIGH confidence,,,H29_REFERENCE,Calculation note (kind bolt).
G-RPT-0846,report,report.note.SRC-calculation_chapter_03_section_3_2_notes-028,ENT-LINE-ACL,Dead load section determination is for out-of-plane bending moment calculation from transverse loads at mid-span and intermediate supports,,,,NOTE,SRC-calculation_chapter_03_section_3_2_notes-028,RP-572,,,UNKNOWN,HIGH,UNVERIFIED,APPROVED_REPORT_DRAWING_GOLDEN,report Golden from Phase 2-II candidate; HIGH confidence,,,H29_REFERENCE,Calculation note (kind purpose).
G-RPT-0847,report,report.note.SRC-calculation_chapter_03_section_3_2_notes-029,ENT-LINE-ACL,Sole plate: material grade ≥ bearing shear key grade. >40mm: constant yield point steel NOT used,,,,NOTE,SRC-calculation_chapter_03_section_3_2_notes-029,RP-573,,,UNKNOWN,HIGH,UNVERIFIED,APPROVED_REPORT_DRAWING_GOLDEN,report Golden from Phase 2-II candidate; HIGH confidence,,,H29_REFERENCE,Calculation note (kind sole_plate).
G-RPT-0848,report,report.note.SRC-calculation_chapter_03_section_3_2_notes-030,ENT-LINE-ACL,Fillet weld on all 4 sides of sole plate. Weld size ≥ √2t from sole plate center thickness,,,,NOTE,SRC-calculation_chapter_03_section_3_2_notes-030,RP-574,,,UNKNOWN,HIGH,UNVERIFIED,APPROVED_REPORT_DRAWING_GOLDEN,report Golden from Phase 2-II candidate; HIGH confidence,,,H29_REFERENCE,Calculation note (kind sole_plate).
G-RPT-0849,report,report.note.SRC-calculation_chapter_03_section_3_2_notes-031,ENT-LINE-ACL,Level 2 seismic horizontal force from dynamic analysis used for weld verification,,,,NOTE,SRC-calculation_chapter_03_section_3_2_notes-031,RP-575,,,UNKNOWN,HIGH,UNVERIFIED,APPROVED_REPORT_DRAWING_GOLDEN,report Golden from Phase 2-II candidate; HIGH confidence,,,H29_REFERENCE,Calculation note (kind sole_plate).
G-RPT-0850,report,report.note.SRC-calculation_chapter_03_section_3_2_notes-032,ENT-LINE-ACL,Shear key bearing check not required (verified at 175% shear strain for shear key in performance test),,,,NOTE,SRC-calculation_chapter_03_section_3_2_notes-032,RP-576,,,UNKNOWN,HIGH,UNVERIFIED,APPROVED_REPORT_DRAWING_GOLDEN,report Golden from Phase 2-II candidate; HIGH confidence,,,H29_REFERENCE,Calculation note (kind sole_plate).
G-RPT-0851,report,report.note.SRC-calculation_chapter_03_section_3_2_notes-033,ENT-LINE-ACL,Steel weight comparison: Actual (311.594t) / Assumed (325.566t) = 95.7% [OK] within 10% limit,,,,NOTE,SRC-calculation_chapter_03_section_3_2_notes-033,RP-577,,,UNKNOWN,HIGH,UNVERIFIED,APPROVED_REPORT_DRAWING_GOLDEN,report Golden from Phase 2-II candidate; HIGH confidence,,,H29_REFERENCE,Calculation note (kind weight).
G-RPT-0852,report,report.note.SRC-calculation_chapter_03_section_3_2_notes-034,ENT-LINE-ACL,AG1: 133.303m × 12.000kN/m = 1599.636kN ; AG2: 132.847m × 12.000kN/m = 1594.164kN ; Total: 3193.800kN = 325.566t,,,,NOTE,SRC-calculation_chapter_03_section_3_2_notes-034,RP-578,,,UNKNOWN,HIGH,UNVERIFIED,APPROVED_REPORT_DRAWING_GOLDEN,report Golden from Phase 2-II candidate; HIGH confidence,,,H29_REFERENCE,Calculation note (kind weight).
G-RPT-0853,report,report.note.SRC-calculation_chapter_03_section_3_2_notes-035,ENT-LINE-ACL,"When bending stress ≤45% of limit, weld size determined by shear stress only",,,,NOTE,SRC-calculation_chapter_03_section_3_2_notes-035,RP-579,,,UNKNOWN,HIGH,UNVERIFIED,APPROVED_REPORT_DRAWING_GOLDEN,report Golden from Phase 2-II candidate; HIGH confidence,,,H29_REFERENCE,Calculation note (kind weld).
G-RPT-0854,report,report.note.SRC-calculation_chapter_03_section_3_2_notes-036,ENT-LINE-ACL,Bolt design: needs both limit state 1 (slip) and limit state 3 (bolt fracture) checks,,,,NOTE,SRC-calculation_chapter_03_section_3_2_notes-036,RP-580,,,UNKNOWN,HIGH,UNVERIFIED,APPROVED_REPORT_DRAWING_GOLDEN,report Golden from Phase 2-II candidate; HIGH confidence,,,H29_REFERENCE,Calculation note (kind bolt).
G-RPT-0855,report,report.note.CAL-NOT-P00676-001,ENT-LINE-ACL,横桁は主桁間荷重分配+風/地震水平力に抵抗,,,,NOTE,CAL-NOT-P00676-001,RP-717,calc_pdf_p676,,CALCULATION,HIGH,UNVERIFIED,APPROVED_REPORT_DRAWING_GOLDEN,report Golden from Phase 2-II candidate; HIGH confidence,,,H29_REFERENCE,Calculation note (kind design_approach).
G-RPT-0856,report,report.note.CAL-NOT-P00676-002,ENT-LINE-ACL,中間横桁WLは微小省略 支点上横桁は水平力として作用,,,,NOTE,CAL-NOT-P00676-002,RP-718,calc_pdf_p676,,CALCULATION,HIGH,UNVERIFIED,APPROVED_REPORT_DRAWING_GOLDEN,report Golden from Phase 2-II candidate; HIGH confidence,,,H29_REFERENCE,Calculation note (kind design_approach).
G-RPT-0857,report,report.note.CAL-NOT-P00676-003,ENT-LINE-ACL,床版/鋼桁温度差影響は地震L2等に比べ小さいので省略,,,,NOTE,CAL-NOT-P00676-003,RP-719,calc_pdf_p676,,CALCULATION,HIGH,UNVERIFIED,APPROVED_REPORT_DRAWING_GOLDEN,report Golden from Phase 2-II candidate; HIGH confidence,,,H29_REFERENCE,Calculation note (kind design_approach).
G-RPT-0858,report,report.note.CAL-NOT-P00677-001,ENT-LINE-ACL,支点上横桁は巻き立てコンクリート剛性考慮しない,,,,NOTE,CAL-NOT-P00677-001,RP-720,calc_pdf_p677,,CALCULATION,HIGH,UNVERIFIED,APPROVED_REPORT_DRAWING_GOLDEN,report Golden from Phase 2-II candidate; HIGH confidence,,,H29_REFERENCE,Calculation note (kind design_approach).
G-RPT-0859,report,report.note.CAL-NOT-P00677-002,ENT-LINE-ACL,継手計算はL2地震時断面決定 実応力度計算,,,,NOTE,CAL-NOT-P00677-002,RP-721,calc_pdf_p677,,CALCULATION,HIGH,UNVERIFIED,APPROVED_REPORT_DRAWING_GOLDEN,report Golden from Phase 2-II candidate; HIGH confidence,,,H29_REFERENCE,Calculation note (kind design_approach).
G-RPT-0860,report,report.note.CAL-NOT-P00679-001,ENT-LINE-ACL,荷重係数考慮設計値:死荷重1.05 活荷重1.25 施工1.05,,,,NOTE,CAL-NOT-P00679-001,RP-722,calc_pdf_p679,,CALCULATION,HIGH,UNVERIFIED,APPROVED_REPORT_DRAWING_GOLDEN,report Golden from Phase 2-II candidate; HIGH confidence,,,H29_REFERENCE,Calculation note (kind design_note).
G-RPT-0861,report,report.note.CAL-NOT-P00685-001,ENT-LINE-ACL,鋼桁部風荷重Wg=13.34kN/m 横桁設計用,,,,NOTE,CAL-NOT-P00685-001,RP-723,calc_pdf_p685,,CALCULATION,HIGH,UNVERIFIED,APPROVED_REPORT_DRAWING_GOLDEN,report Golden from Phase 2-II candidate; HIGH confidence,,,H29_REFERENCE,Calculation note (kind design_note).
G-RPT-0862,report,report.note.CAL-NOT-P00686-001,ENT-LINE-ACL,横桁設計:横桁風/地震反力使用 ずれ止め設計:床版部反力使用,,,,NOTE,CAL-NOT-P00686-001,RP-724,calc_pdf_p686,,CALCULATION,HIGH,UNVERIFIED,APPROVED_REPORT_DRAWING_GOLDEN,report Golden from Phase 2-II candidate; HIGH confidence,,,H29_REFERENCE,Calculation note (kind design_note).
G-RPT-0863,report,report.note.CAL-NOT-P00689-001,ENT-LINE-ACL,曲率影響による下フランジ付加応力に横桁が抵抗,,,,NOTE,CAL-NOT-P00689-001,RP-725,calc_pdf_p689,,CALCULATION,HIGH,UNVERIFIED,APPROVED_REPORT_DRAWING_GOLDEN,report Golden from Phase 2-II candidate; HIGH confidence,,,H29_REFERENCE,Calculation note (kind design_approach).
G-RPT-0864,report,report.note.CAL-NOT-P00766-001,ENT-LINE-ACL,端ブラケットS1/S2支承線 床版作用力直接載荷 死荷重45度分布,,,,NOTE,CAL-NOT-P00766-001,RP-797,calc_pdf_p766,,CALCULATION,HIGH,UNVERIFIED,APPROVED_REPORT_DRAWING_GOLDEN,report Golden from Phase 2-II candidate; HIGH confidence,,,H29_REFERENCE,Calculation note (kind design_approach).
G-RPT-0865,report,report.note.CAL-NOT-P00768-001,ENT-LINE-ACL,衝突F=35.0kN(SC種) 愛知県橋梁設計手引,,,,NOTE,CAL-NOT-P00768-001,RP-798,calc_pdf_p768,,CALCULATION,HIGH,UNVERIFIED,APPROVED_REPORT_DRAWING_GOLDEN,report Golden from Phase 2-II candidate; HIGH confidence,,,H29_REFERENCE,Calculation note (kind standard_reference).
G-RPT-0866,report,report.note.CAL-NOT-P00769-001,ENT-LINE-ACL,衝突k=0.765 道示II11.12,,,,NOTE,CAL-NOT-P00769-001,RP-799,calc_pdf_p769,,CALCULATION,HIGH,UNVERIFIED,APPROVED_REPORT_DRAWING_GOLDEN,report Golden from Phase 2-II candidate; HIGH confidence,,,H29_REFERENCE,Calculation note (kind design_note).
G-RPT-0867,report,report.note.CAL-NOT-P00770-001,ENT-LINE-ACL,SM400 σyk=235 τyk=135 N/mm2,,,,NOTE,CAL-NOT-P00770-001,RP-800,calc_pdf_p770,,CALCULATION,HIGH,UNVERIFIED,APPROVED_REPORT_DRAWING_GOLDEN,report Golden from Phase 2-II candidate; HIGH confidence,,,H29_REFERENCE,Calculation note (kind material_property).
G-RPT-0868,report,report.note.CAL-NOT-P00773-001,ENT-LINE-ACL,"垂直補剛PL80x9 Iv=1,536,000mm4 水平省略",,,,NOTE,CAL-NOT-P00773-001,RP-801,calc_pdf_p773,,CALCULATION,HIGH,UNVERIFIED,APPROVED_REPORT_DRAWING_GOLDEN,report Golden from Phase 2-II candidate; HIGH confidence,,,H29_REFERENCE,Calculation note (kind design_result).
G-RPT-0869,report,report.note.CAL-NOT-P00789-001,ENT-LINE-ACL,横構+横桁+対傾構で鋼桁形状保持+風/地震力伝達,,,,NOTE,CAL-NOT-P00789-001,RP-863,calc_pdf_p789,,CALCULATION,HIGH,UNVERIFIED,APPROVED_REPORT_DRAWING_GOLDEN,report Golden from Phase 2-II candidate; HIGH confidence,,,H29_REFERENCE,Calculation note (kind design_approach).
G-RPT-0870,report,report.note.CAL-NOT-P00789-002,ENT-LINE-ACL,ダブルワーレンX配置引張部材 細長比一次部材,,,,NOTE,CAL-NOT-P00789-002,RP-864,calc_pdf_p789,,CALCULATION,HIGH,UNVERIFIED,APPROVED_REPORT_DRAWING_GOLDEN,report Golden from Phase 2-II candidate; HIGH confidence,,,H29_REFERENCE,Calculation note (kind design_approach).
G-RPT-0871,report,report.note.CAL-NOT-P00789-003,ENT-LINE-ACL,ガセット厚横構フランジ厚に合わせる,,,,NOTE,CAL-NOT-P00789-003,RP-865,calc_pdf_p789,,CALCULATION,HIGH,UNVERIFIED,APPROVED_REPORT_DRAWING_GOLDEN,report Golden from Phase 2-II candidate; HIGH confidence,,,H29_REFERENCE,Calculation note (kind design_approach).
G-RPT-0872,report,report.note.CAL-NOT-P00791-001,ENT-LINE-ACL,Keq=0.765 抵抗側係数作用側乗じ常時換算,,,,NOTE,CAL-NOT-P00791-001,RP-866,calc_pdf_p791,,CALCULATION,HIGH,UNVERIFIED,APPROVED_REPORT_DRAWING_GOLDEN,report Golden from Phase 2-II candidate; HIGH confidence,,,H29_REFERENCE,Calculation note (kind design_note).
G-RPT-0873,report,report.note.CAL-NOT-P00792-001,ENT-LINE-ACL,支点部参考値 最大1294.90kN(D-10096),,,,NOTE,CAL-NOT-P00792-001,RP-867,calc_pdf_p792,,CALCULATION,HIGH,UNVERIFIED,APPROVED_REPORT_DRAWING_GOLDEN,report Golden from Phase 2-II candidate; HIGH confidence,,,H29_REFERENCE,Calculation note (kind design_note).
G-RPT-0874,report,report.note.CAL-NOT-P00818-001,ENT-LINE-ACL,鉄筋量0.15%以上 最大径32mm 最大間隔300mm 道示III5.2,,,,NOTE,CAL-NOT-P00818-001,RP-912,calc_pdf_p818,,CALCULATION,HIGH,UNVERIFIED,APPROVED_REPORT_DRAWING_GOLDEN,report Golden from Phase 2-II candidate; HIGH confidence,,,H29_REFERENCE,Calculation note (kind standard_reference).
G-RPT-0875,report,report.note.CAL-NOT-P00818-002,ENT-LINE-ACL,下端突起部橋軸方向力は横桁上下FLG補強部材(ラテラル)で負担,,,,NOTE,CAL-NOT-P00818-002,RP-913,calc_pdf_p818,,CALCULATION,HIGH,UNVERIFIED,APPROVED_REPORT_DRAWING_GOLDEN,report Golden from Phase 2-II candidate; HIGH confidence,,,H29_REFERENCE,Calculation note (kind design_approach).
G-RPT-0876,report,report.note.CAL-NOT-P00818-003,ENT-LINE-ACL,下端突起部は補強部材位置固定片持ち梁計算,,,,NOTE,CAL-NOT-P00818-003,RP-914,calc_pdf_p818,,CALCULATION,HIGH,UNVERIFIED,APPROVED_REPORT_DRAWING_GOLDEN,report Golden from Phase 2-II candidate; HIGH confidence,,,H29_REFERENCE,Calculation note (kind design_approach).
G-RPT-0877,report,report.note.CAL-NOT-P00818-004,ENT-LINE-ACL,本体(横桁部)面外曲げ/ねじりモーメント生じない,,,,NOTE,CAL-NOT-P00818-004,RP-915,calc_pdf_p818,,CALCULATION,HIGH,UNVERIFIED,APPROVED_REPORT_DRAWING_GOLDEN,report Golden from Phase 2-II candidate; HIGH confidence,,,H29_REFERENCE,Calculation note (kind design_note).
G-RPT-0878,report,report.note.CAL-NOT-P00819-001,ENT-LINE-ACL,S1 B=1500 H=2280 D19@250 7段x3=21本 D25@250 4本,,,,NOTE,CAL-NOT-P00819-001,RP-916,calc_pdf_p819,,CALCULATION,HIGH,UNVERIFIED,APPROVED_REPORT_DRAWING_GOLDEN,report Golden from Phase 2-II candidate; HIGH confidence,,,H29_REFERENCE,Calculation note (kind design_note).
G-RPT-0879,report,report.note.CAL-NOT-P00820-001,ENT-LINE-ACL,S2 B=1500 H=2400 D19@250 7段x3=21本 D25@250 4本,,,,NOTE,CAL-NOT-P00820-001,RP-917,calc_pdf_p820,,CALCULATION,HIGH,UNVERIFIED,APPROVED_REPORT_DRAWING_GOLDEN,report Golden from Phase 2-II candidate; HIGH confidence,,,H29_REFERENCE,Calculation note (kind design_note).
G-RPT-0880,report,report.note.CAL-NOT-P00821-001,ENT-LINE-ACL,PR1/PR2 B=2000 H=2400 D19@250 7段x4=28本 D25@250 4本,,,,NOTE,CAL-NOT-P00821-001,RP-918,calc_pdf_p821,,CALCULATION,HIGH,UNVERIFIED,APPROVED_REPORT_DRAWING_GOLDEN,report Golden from Phase 2-II candidate; HIGH confidence,,,H29_REFERENCE,Calculation note (kind design_note).
G-RPT-0881,report,report.note.CAL-NOT-P00843-001,ENT-LINE-ACL,疲労照査:耐久性能 荷重係数乗じない特性値で計算,,,,NOTE,CAL-NOT-P00843-001,RP-966,calc_pdf_p843,,CALCULATION,HIGH,UNVERIFIED,APPROVED_REPORT_DRAWING_GOLDEN,report Golden from Phase 2-II candidate; HIGH confidence,,,H29_REFERENCE,Calculation note (kind design_approach).
G-RPT-0882,report,report.note.CAL-NOT-P00845-001,ENT-LINE-ACL,照査必要判定 道示II表8.2.1 3径間連続D-G SM520/490Y/400 L=40.020 ADTT=379,,,,NOTE,CAL-NOT-P00845-001,RP-967,calc_pdf_p845,,CALCULATION,HIGH,UNVERIFIED,APPROVED_REPORT_DRAWING_GOLDEN,report Golden from Phase 2-II candidate; HIGH confidence,,,H29_REFERENCE,Calculation note (kind standard_reference).
G-RPT-0883,report,report.note.CAL-NOT-P00846-001,ENT-LINE-ACL,gammaF2=(LogLB1+1.50)/3.0 道示II表8.2.2 gammaa=0.8多主桁橋,,,,NOTE,CAL-NOT-P00846-001,RP-968,calc_pdf_p846,,CALCULATION,HIGH,UNVERIFIED,APPROVED_REPORT_DRAWING_GOLDEN,report Golden from Phase 2-II candidate; HIGH confidence,,,H29_REFERENCE,Calculation note (kind standard_reference).
G-RPT-0884,report,report.note.CAL-NOT-P00848-001,ENT-LINE-ACL,11照査点 D/E/G等級 No.1腹板+横桁下FLG G No.2上FLG+スタッドE,,,,NOTE,CAL-NOT-P00848-001,RP-969,calc_pdf_p848,,CALCULATION,HIGH,UNVERIFIED,APPROVED_REPORT_DRAWING_GOLDEN,report Golden from Phase 2-II candidate; HIGH confidence,,,H29_REFERENCE,Calculation note (kind design_result).
G-RPT-0885,report,report.note.CAL-NOT-P00851-001,ENT-LINE-ACL,No.1 G:簡便54>32 NG 詳細D=0.26<=1.0 OK,,,,NOTE,CAL-NOT-P00851-001,RP-970,calc_pdf_p851,,CALCULATION,HIGH,UNVERIFIED,APPROVED_REPORT_DRAWING_GOLDEN,report Golden from Phase 2-II candidate; HIGH confidence,,,H29_REFERENCE,Calculation note (kind design_result).
G-RPT-0886,report,report.note.CAL-NOT-P00854-001,ENT-LINE-ACL,No.2 E:delta_sigma=80 CR=1.30(応力比R=2.25>1.00),,,,NOTE,CAL-NOT-P00854-001,RP-971,calc_pdf_p854,,CALCULATION,HIGH,UNVERIFIED,APPROVED_REPORT_DRAWING_GOLDEN,report Golden from Phase 2-II candidate; HIGH confidence,,,H29_REFERENCE,Calculation note (kind design_result).
G-RPT-0887,report,report.note.CAL-NOT-P00860-001,ENT-LINE-ACL,横桁疲労:主桁同様F荷重載荷応力範囲照査,,,,NOTE,CAL-NOT-P00860-001,RP-972,calc_pdf_p860,,CALCULATION,HIGH,UNVERIFIED,APPROVED_REPORT_DRAWING_GOLDEN,report Golden from Phase 2-II candidate; HIGH confidence,,,H29_REFERENCE,Calculation note (kind design_note).
G-RPT-0888,report,report.note.CAL-NOT-P00873-001,ENT-LINE-ACL,構造解析は主桁/横桁からなる平面格子モデル。死荷重・活荷重を載荷。,,,,NOTE,CAL-NOT-P00873-001,RP-1024,calc_pdf_p873,,CALCULATION,HIGH,UNVERIFIED,APPROVED_REPORT_DRAWING_GOLDEN,report Golden from Phase 2-II candidate; HIGH confidence,,,H29_REFERENCE,Calculation note (kind design_approach).
G-RPT-0889,report,report.note.CAL-NOT-P00873-002,ENT-LINE-ACL,構造解析上の節点は横断線位置/断面変化位置/0.15L位置とする,,,,NOTE,CAL-NOT-P00873-002,RP-1025,calc_pdf_p873,,CALCULATION,HIGH,UNVERIFIED,APPROVED_REPORT_DRAWING_GOLDEN,report Golden from Phase 2-II candidate; HIGH confidence,,,H29_REFERENCE,Calculation note (kind design_approach).
G-RPT-0890,report,report.note.CAL-NOT-P00873-003,ENT-LINE-ACL,0.15L位置:中間支点上付近の床版に引張応力が発生する範囲の境界位置,,,,NOTE,CAL-NOT-P00873-003,RP-1026,calc_pdf_p873,,CALCULATION,HIGH,UNVERIFIED,APPROVED_REPORT_DRAWING_GOLDEN,report Golden from Phase 2-II candidate; HIGH confidence,,,H29_REFERENCE,Calculation note (kind model_summary).
G-RPT-0891,report,report.note.CAL-NOT-P00873-004,ENT-LINE-ACL,床版一括打設とし解析モデルは合成前と合成後の2つ,,,,NOTE,CAL-NOT-P00873-004,RP-1027,calc_pdf_p873,,CALCULATION,HIGH,UNVERIFIED,APPROVED_REPORT_DRAWING_GOLDEN,report Golden from Phase 2-II candidate; HIGH confidence,,,H29_REFERENCE,Calculation note (kind model_summary).
G-RPT-0892,report,report.note.CAL-NOT-P00873-005,ENT-LINE-ACL,合成前解析は鋼桁剛度とし床版荷重を全長に載荷,,,,NOTE,CAL-NOT-P00873-005,RP-1028,calc_pdf_p873,,CALCULATION,HIGH,UNVERIFIED,APPROVED_REPORT_DRAWING_GOLDEN,report Golden from Phase 2-II candidate; HIGH confidence,,,H29_REFERENCE,Calculation note (kind model_summary).
G-RPT-0893,report,report.note.CAL-NOT-P00873-006,ENT-LINE-ACL,合成後解析は鋼桁と床版の合成断面剛度,,,,NOTE,CAL-NOT-P00873-006,RP-1029,calc_pdf_p873,,CALCULATION,HIGH,UNVERIFIED,APPROVED_REPORT_DRAWING_GOLDEN,report Golden from Phase 2-II candidate; HIGH confidence,,,H29_REFERENCE,Calculation note (kind model_summary).
G-RPT-0894,report,report.note.CAL-NOT-P00873-007,ENT-LINE-ACL,主桁剛度及び横桁剛度は曲げ剛度のみを考慮,,,,NOTE,CAL-NOT-P00873-007,RP-1030,calc_pdf_p873,,CALCULATION,HIGH,UNVERIFIED,APPROVED_REPORT_DRAWING_GOLDEN,report Golden from Phase 2-II candidate; HIGH confidence,,,H29_REFERENCE,Calculation note (kind model_summary).
G-RPT-0895,report,report.note.CAL-NOT-P00873-008,ENT-LINE-ACL,主桁合成後の曲げ剛度は床版有効幅より算出,,,,NOTE,CAL-NOT-P00873-008,RP-1031,calc_pdf_p873,,CALCULATION,HIGH,UNVERIFIED,APPROVED_REPORT_DRAWING_GOLDEN,report Golden from Phase 2-II candidate; HIGH confidence,,,H29_REFERENCE,Calculation note (kind model_summary).
G-RPT-0896,report,report.note.CAL-NOT-P00873-009,ENT-LINE-ACL,主桁合成後剛度算出時のヤング係数比はn=7,,,,NOTE,CAL-NOT-P00873-009,RP-1032,calc_pdf_p873,,CALCULATION,HIGH,UNVERIFIED,APPROVED_REPORT_DRAWING_GOLDEN,report Golden from Phase 2-II candidate; HIGH confidence,,,H29_REFERENCE,Calculation note (kind model_summary).
G-RPT-0897,report,report.note.CAL-NOT-P00873-010,ENT-LINE-ACL,中間支点上より0.15L位置間の合成後曲げ剛度は合成断面剛度より算出,,,,NOTE,CAL-NOT-P00873-010,RP-1033,calc_pdf_p873,,CALCULATION,HIGH,UNVERIFIED,APPROVED_REPORT_DRAWING_GOLDEN,report Golden from Phase 2-II candidate; HIGH confidence,,,H29_REFERENCE,Calculation note (kind model_summary).
G-RPT-0898,report,report.note.CAL-NOT-P00873-011,ENT-LINE-ACL,クリープ/乾燥収縮/温度差による断面力・たわみ 道示Ⅱ14.2.2～14.2.4,,,,NOTE,CAL-NOT-P00873-011,RP-1034,calc_pdf_p873,,CALCULATION,HIGH,UNVERIFIED,APPROVED_REPORT_DRAWING_GOLDEN,report Golden from Phase 2-II candidate; HIGH confidence,,,H29_REFERENCE,Calculation note (kind standard_reference).
G-RPT-0899,report,report.note.CAL-NOT-P00873-012,ENT-LINE-ACL,解析プログラム:鋼橋自動設計システムAPOLLO Analyzer 株式会社横河技術情報,,,,NOTE,CAL-NOT-P00873-012,RP-1035,calc_pdf_p873,,CALCULATION,HIGH,UNVERIFIED,APPROVED_REPORT_DRAWING_GOLDEN,report Golden from Phase 2-II candidate; HIGH confidence,,,H29_REFERENCE,Calculation note (kind tool_reference).
G-RPT-0900,report,report.note.CAL-NOT-P00874-001,ENT-LINE-ACL,荷重強度は荷重係数を乗じていない荷重の特性値,,,,NOTE,CAL-NOT-P00874-001,RP-1036,calc_pdf_p874,,CALCULATION,HIGH,UNVERIFIED,APPROVED_REPORT_DRAWING_GOLDEN,report Golden from Phase 2-II candidate; HIGH confidence,,,H29_REFERENCE,Calculation note (kind design_condition).
G-RPT-0901,report,report.note.CAL-NOT-P00874-002,ENT-LINE-ACL,PU15付近の左側壁高欄部はノーズ部荷重を考慮,,,,NOTE,CAL-NOT-P00874-002,RP-1037,calc_pdf_p874,,CALCULATION,HIGH,UNVERIFIED,APPROVED_REPORT_DRAWING_GOLDEN,report Golden from Phase 2-II candidate; HIGH confidence,,,H29_REFERENCE,Calculation note (kind design_condition).
G-RPT-0902,report,report.note.CAL-NOT-P00894-001,ENT-LINE-ACL,巻き立てコンクリート幅の設定は非合成桁の設計を参照,,,,NOTE,CAL-NOT-P00894-001,RP-1038,calc_pdf_p894,,CALCULATION,HIGH,UNVERIFIED,APPROVED_REPORT_DRAWING_GOLDEN,report Golden from Phase 2-II candidate; HIGH confidence,,,H29_REFERENCE,Calculation note (kind standard_reference).
G-RPT-0903,report,report.note.CAL-NOT-P00904-001,ENT-LINE-ACL,格子解析データ:前死荷重/後死荷重/クリープ/乾燥収縮/温度差の5ケース,,,,NOTE,CAL-NOT-P00904-001,RP-1039,calc_pdf_p904,,CALCULATION,HIGH,UNVERIFIED,APPROVED_REPORT_DRAWING_GOLDEN,report Golden from Phase 2-II candidate; HIGH confidence,,,H29_REFERENCE,Calculation note (kind model_summary).
G-RPT-0904,report,report.note.CAL-NOT-P01284-001,ENT-LINE-ACL,完成系:鋼合成桁として設計。コンクリート床版は有効幅を考慮した合成断面,,,,NOTE,CAL-NOT-P01284-001,RP-1155,calc_pdf_p1284,,CALCULATION,HIGH,UNVERIFIED,APPROVED_REPORT_DRAWING_GOLDEN,report Golden from Phase 2-II candidate; HIGH confidence,,,H29_REFERENCE,Calculation note (kind design_approach).
G-RPT-0905,report,report.note.CAL-NOT-P01284-002,ENT-LINE-ACL,施工系:合成前の鋼桁断面として死荷重及び施工時荷重に対して安全であること,,,,NOTE,CAL-NOT-P01284-002,RP-1156,calc_pdf_p1284,,CALCULATION,HIGH,UNVERIFIED,APPROVED_REPORT_DRAWING_GOLDEN,report Golden from Phase 2-II candidate; HIGH confidence,,,H29_REFERENCE,Calculation note (kind design_approach).
G-RPT-0906,report,report.note.CAL-NOT-P01284-003,ENT-LINE-ACL,部分係数設計法による 限界状態1(耐荷性能)と限界状態3(使用性)の照査,,,,NOTE,CAL-NOT-P01284-003,RP-1157,calc_pdf_p1284,,CALCULATION,HIGH,UNVERIFIED,APPROVED_REPORT_DRAWING_GOLDEN,report Golden from Phase 2-II candidate; HIGH confidence,,,H29_REFERENCE,Calculation note (kind design_approach).
G-RPT-0907,report,report.note.CAL-NOT-P01284-004,ENT-LINE-ACL,鋼合成桁としてのクリープ/乾燥収縮/温度差の影響を考慮,,,,NOTE,CAL-NOT-P01284-004,RP-1158,calc_pdf_p1284,,CALCULATION,HIGH,UNVERIFIED,APPROVED_REPORT_DRAWING_GOLDEN,report Golden from Phase 2-II candidate; HIGH confidence,,,H29_REFERENCE,Calculation note (kind design_approach).
G-RPT-0908,report,report.note.CAL-NOT-P01285-001,ENT-LINE-ACL,鋼材SM490Y σy=355N/mm2 σsu=490N/mm2 τy=205N/mm2 E=200000N/mm2 G=77000N/mm2,,,,NOTE,CAL-NOT-P01285-001,RP-1159,calc_pdf_p1285,,CALCULATION,HIGH,UNVERIFIED,APPROVED_REPORT_DRAWING_GOLDEN,report Golden from Phase 2-II candidate; HIGH confidence,,,H29_REFERENCE,Calculation note (kind material_property).
G-RPT-0909,report,report.note.CAL-NOT-P01286-001,ENT-LINE-ACL,合成断面の設計に想定する鉄筋量は上下D22間隔125mm,,,,NOTE,CAL-NOT-P01286-001,RP-1160,calc_pdf_p1286,,CALCULATION,HIGH,UNVERIFIED,APPROVED_REPORT_DRAWING_GOLDEN,report Golden from Phase 2-II candidate; HIGH confidence,,,H29_REFERENCE,Calculation note (kind material_property).
G-RPT-0910,report,report.note.CAL-NOT-P01286-002,ENT-LINE-ACL,活荷重:合成断面n=7 クリープ:n=14 乾燥収縮:n=21,,,,NOTE,CAL-NOT-P01286-002,RP-1161,calc_pdf_p1286,,CALCULATION,HIGH,UNVERIFIED,APPROVED_REPORT_DRAWING_GOLDEN,report Golden from Phase 2-II candidate; HIGH confidence,,,H29_REFERENCE,Calculation note (kind material_property).
G-RPT-0911,report,report.note.CAL-NOT-P01318-001,ENT-LINE-ACL,断面の応力度照査(耐荷性能の照査)-AG1全断面・AG2全断面について照査,,,,NOTE,CAL-NOT-P01318-001,RP-1162,calc_pdf_p1318,,CALCULATION,HIGH,UNVERIFIED,APPROVED_REPORT_DRAWING_GOLDEN,report Golden from Phase 2-II candidate; HIGH confidence,,,H29_REFERENCE,Calculation note (kind design_approach).
G-RPT-0912,report,report.note.CAL-NOT-P01318-002,ENT-LINE-ACL,断面決定は非合成桁と同様の方法で行う,,,,NOTE,CAL-NOT-P01318-002,RP-1163,calc_pdf_p1318,,CALCULATION,HIGH,UNVERIFIED,APPROVED_REPORT_DRAWING_GOLDEN,report Golden from Phase 2-II candidate; HIGH confidence,,,H29_REFERENCE,Calculation note (kind design_approach).
G-RPT-0913,report,report.note.CAL-NOT-P01319-001,ENT-LINE-ACL,温度差応力度:道示Ⅱ式(解14.2.9),,,,NOTE,CAL-NOT-P01319-001,RP-1164,calc_pdf_p1319,,CALCULATION,HIGH,UNVERIFIED,APPROVED_REPORT_DRAWING_GOLDEN,report Golden from Phase 2-II candidate; HIGH confidence,,,H29_REFERENCE,Calculation note (kind standard_reference).
G-RPT-0914,report,report.note.CAL-NOT-P01319-002,ENT-LINE-ACL,クリープ応力度:道示Ⅱ式(解14.2.3) φ1=2,,,,NOTE,CAL-NOT-P01319-002,RP-1165,calc_pdf_p1319,,CALCULATION,HIGH,UNVERIFIED,APPROVED_REPORT_DRAWING_GOLDEN,report Golden from Phase 2-II candidate; HIGH confidence,,,H29_REFERENCE,Calculation note (kind standard_reference).
G-RPT-0915,report,report.note.CAL-NOT-P01319-003,ENT-LINE-ACL,乾燥収縮応力度:道示Ⅱ式(解14.2.10),,,,NOTE,CAL-NOT-P01319-003,RP-1166,calc_pdf_p1319,,CALCULATION,HIGH,UNVERIFIED,APPROVED_REPORT_DRAWING_GOLDEN,report Golden from Phase 2-II candidate; HIGH confidence,,,H29_REFERENCE,Calculation note (kind standard_reference).
G-RPT-0916,report,report.note.CAL-NOT-P01319-004,ENT-LINE-ACL,合成後上フランジ座屈は生じないものとする,,,,NOTE,CAL-NOT-P01319-004,RP-1167,calc_pdf_p1319,,CALCULATION,HIGH,UNVERIFIED,APPROVED_REPORT_DRAWING_GOLDEN,report Golden from Phase 2-II candidate; HIGH confidence,,,H29_REFERENCE,Calculation note (kind standard_reference).
G-RPT-0917,report,report.note.CAL-NOT-P01322-001,ENT-LINE-ACL,AG1 Sec-1 Sup-1:全照査項目OK κ=0.13<1.20,,,,NOTE,CAL-NOT-P01322-001,RP-1168,calc_pdf_p1322,,CALCULATION,HIGH,UNVERIFIED,APPROVED_REPORT_DRAWING_GOLDEN,report Golden from Phase 2-II candidate; HIGH confidence,,,H29_REFERENCE,Calculation note (kind verification_result).
G-RPT-0918,report,report.note.CAL-NOT-P01778-001,ENT-LINE-ACL,高力ボルト摩擦接合による現場継手の設計,,,,NOTE,CAL-NOT-P01778-001,RP-1169,calc_pdf_p1778,,CALCULATION,HIGH,UNVERIFIED,APPROVED_REPORT_DRAWING_GOLDEN,report Golden from Phase 2-II candidate; HIGH confidence,,,H29_REFERENCE,Calculation note (kind design_approach).
G-RPT-0919,report,report.note.CAL-NOT-P01947-001,ENT-LINE-ACL,たわみの照査は道示Ⅱの規定による,,,,NOTE,CAL-NOT-P01947-001,RP-1170,calc_pdf_p1947,,CALCULATION,HIGH,UNVERIFIED,APPROVED_REPORT_DRAWING_GOLDEN,report Golden from Phase 2-II candidate; HIGH confidence,,,H29_REFERENCE,Calculation note (kind standard_reference).
G-RPT-0920,report,report.note.CH5-NOTE-001,ENT-LINE-ACL,回転角は実回転角とする。斜角は各桁の最大角を考慮する。,,,,NOTE,CH5-NOTE-001,RP-1381,calc_pdf_p2028,,CALCULATION,HIGH,UNVERIFIED,APPROVED_REPORT_DRAWING_GOLDEN,report Golden from Phase 2-II candidate; HIGH confidence,,,H29_REFERENCE,Calculation note (kind design_note).
G-RPT-0921,report,report.note.CH5-NOTE-002,ENT-LINE-ACL,Δt:水平力算出用(±30℃) Δt':支承照査用(±50℃) 正数値は伸長側、負数値は収縮側。,,,,NOTE,CH5-NOTE-002,RP-1382,calc_pdf_p2028,,CALCULATION,HIGH,UNVERIFIED,APPROVED_REPORT_DRAWING_GOLDEN,report Golden from Phase 2-II candidate; HIGH confidence,,,H29_REFERENCE,Calculation note (kind design_note).
G-RPT-0922,report,report.note.CH5-NOTE-003,ENT-LINE-ACL,Rmax1:D+L+I+TF(+)の最大値 Rmax2:D+L(+)+I+TF(±)の最小値,,,,NOTE,CH5-NOTE-003,RP-1383,calc_pdf_p2031,,CALCULATION,HIGH,UNVERIFIED,APPROVED_REPORT_DRAWING_GOLDEN,report Golden from Phase 2-II candidate; HIGH confidence,,,H29_REFERENCE,Calculation note (kind design_note).
G-RPT-0923,report,report.note.CH5-NOTE-004,ENT-LINE-ACL,b:橋軸直角方向有効寸法 a:橋軸方向有効寸法 te:弾性ゴム一層厚 n:積層数 Σte:総厚 Ge:せん断弾性係数 φd:鉛プラグ径 NP:鉛プラグ本数 ts:補強材板厚,,,,NOTE,CH5-NOTE-004,RP-1384,calc_pdf_p2031,,CALCULATION,HIGH,UNVERIFIED,APPROVED_REPORT_DRAWING_GOLDEN,report Golden from Phase 2-II candidate; HIGH confidence,,,H29_REFERENCE,Calculation note (kind legend).
G-RPT-0924,report,report.note.CH5-NOTE-005,ENT-LINE-ACL,S2は4程度以上を確保するものとする。,,,,NOTE,CH5-NOTE-005,RP-1385,calc_pdf_p2032,,CALCULATION,HIGH,UNVERIFIED,APPROVED_REPORT_DRAWING_GOLDEN,report Golden from Phase 2-II candidate; HIGH confidence,,,H29_REFERENCE,Calculation note (kind design_note).
G-RPT-0925,report,report.note.CH5-NOTE-006,ENT-LINE-ACL,正数値は右方向、負数値は左方向を示す。支承照査移動量はΔLの絶対値の大きい値とする。,,,,NOTE,CH5-NOTE-006,RP-1386,calc_pdf_p2035,,CALCULATION,HIGH,UNVERIFIED,APPROVED_REPORT_DRAWING_GOLDEN,report Golden from Phase 2-II candidate; HIGH confidence,,,H29_REFERENCE,Calculation note (kind design_note).
G-RPT-0926,report,report.note.CH5-NOTE-007,ENT-LINE-ACL,上部工水平力は静的解析で算出した数値,,,,NOTE,CH5-NOTE-007,RP-1387,calc_pdf_p2038,,CALCULATION,HIGH,UNVERIFIED,APPROVED_REPORT_DRAWING_GOLDEN,report Golden from Phase 2-II candidate; HIGH confidence,,,H29_REFERENCE,Calculation note (kind design_note).
G-RPT-0927,report,report.note.CH5-NOTE-008,ENT-LINE-ACL,RHeq1:Σte×2.5×KB RHeq2:動的解析値,,,,NOTE,CH5-NOTE-008,RP-1388,calc_pdf_p2138,,CALCULATION,HIGH,UNVERIFIED,APPROVED_REPORT_DRAWING_GOLDEN,report Golden from Phase 2-II candidate; HIGH confidence,,,H29_REFERENCE,Calculation note (kind design_note).
G-RPT-0928,report,report.note.CH5-NOTE-009,ENT-LINE-ACL,"ΔLe1,ΔLe2:動的解析値",,,,NOTE,CH5-NOTE-009,RP-1389,calc_pdf_p2138,,CALCULATION,HIGH,UNVERIFIED,APPROVED_REPORT_DRAWING_GOLDEN,report Golden from Phase 2-II candidate; HIGH confidence,,,H29_REFERENCE,Calculation note (kind design_note).
G-RPT-0929,report,report.note.CH5-NOTE-010,ENT-LINE-ACL,直角方向の水平力はサイドブロックにより拘束される為ゼロとする。,,,,NOTE,CH5-NOTE-010,RP-1390,calc_pdf_p2139,,CALCULATION,HIGH,UNVERIFIED,APPROVED_REPORT_DRAWING_GOLDEN,report Golden from Phase 2-II candidate; HIGH confidence,,,H29_REFERENCE,Calculation note (kind design_note).
G-RPT-0930,report,report.note.CH5-NOTE-011,ENT-LINE-ACL,レベル2地震動の水平力・変位量は250%変形時の数値。上向き力は主桁部の支承で負担する。,,,,NOTE,CH5-NOTE-011,RP-1391,calc_pdf_p2167,,CALCULATION,HIGH,UNVERIFIED,APPROVED_REPORT_DRAWING_GOLDEN,report Golden from Phase 2-II candidate; HIGH confidence,,,H29_REFERENCE,Calculation note (kind design_note).
G-RPT-0931,report,report.note.CH5-NOTE-012,ENT-LINE-ACL,設計荷重は死荷重反力(荷重係数γq考慮)を10kN切り上げで丸める。,,,,NOTE,CH5-NOTE-012,RP-1392,calc_pdf_p2191,,CALCULATION,HIGH,UNVERIFIED,APPROVED_REPORT_DRAWING_GOLDEN,report Golden from Phase 2-II candidate; HIGH confidence,,,H29_REFERENCE,Calculation note (kind design_note).
G-RPT-0932,report,report.note.CH5-NOTE-013,ENT-LINE-ACL,Rib高hは最大高のS2-AG1で代表,,,,NOTE,CH5-NOTE-013,RP-1393,calc_pdf_p2193,,CALCULATION,HIGH,UNVERIFIED,APPROVED_REPORT_DRAWING_GOLDEN,report Golden from Phase 2-II candidate; HIGH confidence,,,H29_REFERENCE,Calculation note (kind design_note).
G-RPT-0933,report,report.note.CH5-NOTE-014,ENT-LINE-ACL,Rib高hは最小高のS2-AG2で代表,,,,NOTE,CH5-NOTE-014,RP-1394,calc_pdf_p2195,,CALCULATION,HIGH,UNVERIFIED,APPROVED_REPORT_DRAWING_GOLDEN,report Golden from Phase 2-II candidate; HIGH confidence,,,H29_REFERENCE,Calculation note (kind design_note).
G-RPT-0934,report,report.note.CH5-NOTE-015,ENT-LINE-ACL,愛知県「橋梁設計の手引き 第6章」より,,,,NOTE,CH5-NOTE-015,RP-1395,calc_pdf_p2199,,CALCULATION,HIGH,UNVERIFIED,APPROVED_REPORT_DRAWING_GOLDEN,report Golden from Phase 2-II candidate; HIGH confidence,,,H29_REFERENCE,Calculation note (kind reference).
G-RPT-0935,report,report.note.CH5-NOTE-016,ENT-LINE-ACL,排水管確認は「愛知県 橋梁設計の手引き」より,,,,NOTE,CH5-NOTE-016,RP-1396,calc_pdf_p2205,,CALCULATION,HIGH,UNVERIFIED,APPROVED_REPORT_DRAWING_GOLDEN,report Golden from Phase 2-II candidate; HIGH confidence,,,H29_REFERENCE,Calculation note (kind reference).
G-RPT-0936,report,report.note.CH5-NOTE-017,ENT-LINE-ACL,伸縮装置算出式は日本道路協会「道路橋示方書」による。,,,,NOTE,CH5-NOTE-017,RP-1397,calc_pdf_p2207,,CALCULATION,HIGH,UNVERIFIED,APPROVED_REPORT_DRAWING_GOLDEN,report Golden from Phase 2-II candidate; HIGH confidence,,,H29_REFERENCE,Calculation note (kind design_note).
G-RPT-0937,report,report.note.CH5-NOTE-018,ENT-LINE-ACL,マウラースイベル・ジョイント ES-480型（最大設計伸縮量480mm）を使用する。,,,,NOTE,CH5-NOTE-018,RP-1398,calc_pdf_p2210,,CALCULATION,HIGH,UNVERIFIED,APPROVED_REPORT_DRAWING_GOLDEN,report Golden from Phase 2-II candidate; HIGH confidence,,,H29_REFERENCE,Calculation note (kind design_note).
G-RPT-0938,report,report.note.CH5-NOTE-019,ENT-LINE-ACL,ミドルビーム支持条件として4径間連続梁と考え曲げモーメント求める。,,,,NOTE,CH5-NOTE-019,RP-1399,calc_pdf_p2217,,CALCULATION,HIGH,UNVERIFIED,APPROVED_REPORT_DRAWING_GOLDEN,report Golden from Phase 2-II candidate; HIGH confidence,,,H29_REFERENCE,Calculation note (kind design_note).
G-RPT-0939,report,report.note.CH5-NOTE-020,ENT-LINE-ACL,フェイスプレート厚80mmで10mm以上の摩耗代が確保されている。,,,,NOTE,CH5-NOTE-020,RP-1400,calc_pdf_p2224,,CALCULATION,HIGH,UNVERIFIED,APPROVED_REPORT_DRAWING_GOLDEN,report Golden from Phase 2-II candidate; HIGH confidence,,,H29_REFERENCE,Calculation note (kind design_note).
G-RPT-0940,report,report.note.CH5-NOTE-021,ENT-LINE-ACL,"孔あき鋼板ジベル計算式は「複合構造標準示方書」(2014年,土木学会)による。",,,,NOTE,CH5-NOTE-021,RP-1401,calc_pdf_p2225,,CALCULATION,HIGH,UNVERIFIED,APPROVED_REPORT_DRAWING_GOLDEN,report Golden from Phase 2-II candidate; HIGH confidence,,,H29_REFERENCE,Calculation note (kind design_note).
G-RPT-0941,report,report.note.CH5-NOTE-022,ENT-LINE-ACL,貫通鉄筋を配置するものとする。,,,,NOTE,CH5-NOTE-022,RP-1402,calc_pdf_p2226,,CALCULATION,HIGH,UNVERIFIED,APPROVED_REPORT_DRAWING_GOLDEN,report Golden from Phase 2-II candidate; HIGH confidence,,,H29_REFERENCE,Calculation note (kind design_note).
G-RPT-0942,report,report.formula.CH2-FML-001,ENT-LINE-ACL,hc=25×L+110=223mm,,,,deck_thickness,CH2-FML-001,RP-133,calc_pdf_p19,,CALCULATION,HIGH,UNVERIFIED,APPROVED_REPORT_DRAWING_GOLDEN,report Golden from Phase 2-II candidate; HIGH confidence,,,H29_REFERENCE,Formula '合成床版厚算定式'.
G-RPT-0943,report,report.formula.CH2-FML-004,ENT-LINE-ACL,wd=0.625×p0=0.625×6.325=3.95 kN/m,,,,load_intensity,CH2-FML-004,RP-136,calc_pdf_p21,,CALCULATION,HIGH,UNVERIFIED,APPROVED_REPORT_DRAWING_GOLDEN,report Golden from Phase 2-II candidate; HIGH confidence,,,H29_REFERENCE,Formula '梁モデル荷重強度'.
G-RPT-0944,report,report.formula.CAL-FML-P00135-001,ENT-LINE-ACL,i = 20 / (50 + 40.156) = 0.222,,,,FORMULA_DEFINITION,CAL-FML-P00135-001,RP-261,calc_pdf_p135,,CALCULATION,HIGH,UNVERIFIED,APPROVED_REPORT_DRAWING_GOLDEN,report Golden from Phase 2-II candidate; HIGH confidence,,,H29_REFERENCE,Formula '衝撃係数 i=20/(50+L)'.
G-RPT-0945,report,report.formula.SRC-calculation_chapter_03_section_3_2_formulas-001,ENT-LINE-ACL,σtud = ξ1 × ξ2 × Φut × σyk,,,,FORMULA_DEFINITION,SRC-calculation_chapter_03_section_3_2_formulas-001,RP-519,,,UNKNOWN,HIGH,UNVERIFIED,APPROVED_REPORT_DRAWING_GOLDEN,report Golden from Phase 2-II candidate; HIGH confidence,,,H29_REFERENCE,Formula 'Tension stress limit (limit state 3)'.
G-RPT-0946,report,report.formula.SRC-calculation_chapter_03_section_3_2_formulas-002,ENT-LINE-ACL,"σcud = min(σcrld, σbrgd)",,,,FORMULA_DEFINITION,SRC-calculation_chapter_03_section_3_2_formulas-002,RP-520,,,UNKNOWN,HIGH,UNVERIFIED,APPROVED_REPORT_DRAWING_GOLDEN,report Golden from Phase 2-II candidate; HIGH confidence,,,H29_REFERENCE,Formula 'Compression stress limit (limit state 3)'.
G-RPT-0947,report,report.formula.SRC-calculation_chapter_03_section_3_2_formulas-003,ENT-LINE-ACL,σcrld = ξ1 × ξ2 × Φu × ρcrl × σyk,,,,FORMULA_DEFINITION,SRC-calculation_chapter_03_section_3_2_formulas-003,RP-521,,,UNKNOWN,HIGH,UNVERIFIED,APPROVED_REPORT_DRAWING_GOLDEN,report Golden from Phase 2-II candidate; HIGH confidence,,,H29_REFERENCE,Formula 'Local buckling stress limit'.
G-RPT-0948,report,report.formula.SRC-calculation_chapter_03_section_3_2_formulas-004,ENT-LINE-ACL,σbrgd = ξ1 × ξ2 × Φu × ρbrg × σyk,,,,FORMULA_DEFINITION,SRC-calculation_chapter_03_section_3_2_formulas-004,RP-522,,,UNKNOWN,HIGH,UNVERIFIED,APPROVED_REPORT_DRAWING_GOLDEN,report Golden from Phase 2-II candidate; HIGH confidence,,,H29_REFERENCE,Formula 'Lateral torsional buckling limit'.
G-RPT-0949,report,report.formula.SRC-calculation_chapter_03_section_3_2_formulas-005,ENT-LINE-ACL,σb = M × y / I,,,,FORMULA_DEFINITION,SRC-calculation_chapter_03_section_3_2_formulas-005,RP-523,,,UNKNOWN,HIGH,UNVERIFIED,APPROVED_REPORT_DRAWING_GOLDEN,report Golden from Phase 2-II candidate; HIGH confidence,,,H29_REFERENCE,Formula 'Bending stress'.
G-RPT-0950,report,report.formula.SRC-calculation_chapter_03_section_3_2_formulas-006,ENT-LINE-ACL,τb = S / Aw,,,,FORMULA_DEFINITION,SRC-calculation_chapter_03_section_3_2_formulas-006,RP-524,,,UNKNOWN,HIGH,UNVERIFIED,APPROVED_REPORT_DRAWING_GOLDEN,report Golden from Phase 2-II candidate; HIGH confidence,,,H29_REFERENCE,Formula 'Shear stress'.
G-RPT-0951,report,report.formula.SRC-calculation_chapter_03_section_3_2_formulas-007,ENT-LINE-ACL,τud = ξ1 × ξ2 × Φus × τyk,,,,FORMULA_DEFINITION,SRC-calculation_chapter_03_section_3_2_formulas-007,RP-525,,,UNKNOWN,HIGH,UNVERIFIED,APPROVED_REPORT_DRAWING_GOLDEN,report Golden from Phase 2-II candidate; HIGH confidence,,,H29_REFERENCE,Formula 'Shear stress limit'.
G-RPT-0952,report,report.formula.SRC-calculation_chapter_03_section_3_2_formulas-008,ENT-LINE-ACL,κ = (σb/σtyd)² + (τb/τyd)² ≤ 1.2,,,,FORMULA_DEFINITION,SRC-calculation_chapter_03_section_3_2_formulas-008,RP-526,,,UNKNOWN,HIGH,UNVERIFIED,APPROVED_REPORT_DRAWING_GOLDEN,report Golden from Phase 2-II candidate; HIGH confidence,,,H29_REFERENCE,Formula 'Combined bending+shear check'.
G-RPT-0953,report,report.formula.SRC-calculation_chapter_03_section_3_2_formulas-009,ENT-LINE-ACL,Vsd = Psd / n ≤ Vfyd = ξ1 × ΦMfv × Vfk × m × α,,,,FORMULA_DEFINITION,SRC-calculation_chapter_03_section_3_2_formulas-009,RP-527,,,UNKNOWN,HIGH,UNVERIFIED,APPROVED_REPORT_DRAWING_GOLDEN,report Golden from Phase 2-II candidate; HIGH confidence,,,H29_REFERENCE,Formula 'Bolt force per bolt (limit state 1)'.
G-RPT-0954,report,report.formula.SRC-calculation_chapter_03_section_3_2_formulas-010,ENT-LINE-ACL,Psd = σ × b × t,,,,FORMULA_DEFINITION,SRC-calculation_chapter_03_section_3_2_formulas-010,RP-528,,,UNKNOWN,HIGH,UNVERIFIED,APPROVED_REPORT_DRAWING_GOLDEN,report Golden from Phase 2-II candidate; HIGH confidence,,,H29_REFERENCE,Formula 'Force on bolt group'.
G-RPT-0955,report,report.formula.SRC-calculation_chapter_03_section_3_2_formulas-011,ENT-LINE-ACL,Vsd = Psd / n ≤ Vfud = ξ1 × ξ2 × ΦMBsl × τuk × As × m,,,,FORMULA_DEFINITION,SRC-calculation_chapter_03_section_3_2_formulas-011,RP-529,,,UNKNOWN,HIGH,UNVERIFIED,APPROVED_REPORT_DRAWING_GOLDEN,report Golden from Phase 2-II candidate; HIGH confidence,,,H29_REFERENCE,Formula 'Bolt force per bolt (limit state 3)'.
G-RPT-0956,report,report.formula.SRC-calculation_chapter_03_section_3_2_formulas-012,ENT-LINE-ACL,Vsdi = Psdi / ni ≤ Vfyd,,,,FORMULA_DEFINITION,SRC-calculation_chapter_03_section_3_2_formulas-012,RP-530,,,UNKNOWN,HIGH,UNVERIFIED,APPROVED_REPORT_DRAWING_GOLDEN,report Golden from Phase 2-II candidate; HIGH confidence,,,H29_REFERENCE,Formula 'Web bolt i-th row force'.
G-RPT-0957,report,report.formula.SRC-calculation_chapter_03_section_3_2_formulas-013,ENT-LINE-ACL,Vsds = Ssd / n ≤ Vfyd,,,,FORMULA_DEFINITION,SRC-calculation_chapter_03_section_3_2_formulas-013,RP-531,,,UNKNOWN,HIGH,UNVERIFIED,APPROVED_REPORT_DRAWING_GOLDEN,report Golden from Phase 2-II candidate; HIGH confidence,,,H29_REFERENCE,Formula 'Web bolt shear force'.
G-RPT-0958,report,report.formula.SRC-calculation_chapter_03_section_3_2_formulas-014,ENT-LINE-ACL,Vsdm = (Msd / Σyi²) × yi ≤ yi/yn × Vfud,,,,FORMULA_DEFINITION,SRC-calculation_chapter_03_section_3_2_formulas-014,RP-532,,,UNKNOWN,HIGH,UNVERIFIED,APPROVED_REPORT_DRAWING_GOLDEN,report Golden from Phase 2-II candidate; HIGH confidence,,,H29_REFERENCE,Formula 'Web bolt moment force (LS3)'.
G-RPT-0959,report,report.formula.SRC-calculation_chapter_03_section_3_2_formulas-015,ENT-LINE-ACL,√(Vsdi² + Vsds²) ≤ Vfyd,,,,FORMULA_DEFINITION,SRC-calculation_chapter_03_section_3_2_formulas-015,RP-533,,,UNKNOWN,HIGH,UNVERIFIED,APPROVED_REPORT_DRAWING_GOLDEN,report Golden from Phase 2-II candidate; HIGH confidence,,,H29_REFERENCE,Formula 'Web bolt combined check'.
G-RPT-0960,report,report.formula.SRC-calculation_chapter_03_section_3_2_formulas-016,ENT-LINE-ACL,σbyd = ξ1 × Φb × α × σbk,,,,FORMULA_DEFINITION,SRC-calculation_chapter_03_section_3_2_formulas-016,RP-534,,,UNKNOWN,HIGH,UNVERIFIED,APPROVED_REPORT_DRAWING_GOLDEN,report Golden from Phase 2-II candidate; HIGH confidence,,,H29_REFERENCE,Formula 'Bearing stress limit'.
G-RPT-0961,report,report.formula.SRC-calculation_chapter_03_section_3_2_formulas-017,ENT-LINE-ACL,σcud = ξ1 × ξ2 × Φu × ρcrg × ρcrl × σyk,,,,FORMULA_DEFINITION,SRC-calculation_chapter_03_section_3_2_formulas-017,RP-535,,,UNKNOWN,HIGH,UNVERIFIED,APPROVED_REPORT_DRAWING_GOLDEN,report Golden from Phase 2-II candidate; HIGH confidence,,,H29_REFERENCE,Formula 'Column compression limit'.
G-RPT-0962,report,report.formula.SRC-calculation_chapter_03_section_3_2_formulas-018,ENT-LINE-ACL,τb = P / Σ(a × L),,,,FORMULA_DEFINITION,SRC-calculation_chapter_03_section_3_2_formulas-018,RP-536,,,UNKNOWN,HIGH,UNVERIFIED,APPROVED_REPORT_DRAWING_GOLDEN,report Golden from Phase 2-II candidate; HIGH confidence,,,H29_REFERENCE,Formula 'Weld shear stress'.
G-RPT-0963,report,report.formula.SRC-calculation_chapter_03_section_3_2_formulas-019,ENT-LINE-ACL,-σc/σcud + σcz/[σcuzdo×{1-σc/(0.8×σez)}] ≤ 1.0,,,,FORMULA_DEFINITION,SRC-calculation_chapter_03_section_3_2_formulas-019,RP-537,,,UNKNOWN,HIGH,UNVERIFIED,APPROVED_REPORT_DRAWING_GOLDEN,report Golden from Phase 2-II candidate; HIGH confidence,,,H29_REFERENCE,Formula 'Stability under horizontal load'.
G-RPT-0964,report,report.formula.SRC-calculation_chapter_03_section_3_2_formulas-020,ENT-LINE-ACL,(σb/σyd)² + (τb/τyd)² ≤ 1.2,,,,FORMULA_DEFINITION,SRC-calculation_chapter_03_section_3_2_formulas-020,RP-538,,,UNKNOWN,HIGH,UNVERIFIED,APPROVED_REPORT_DRAWING_GOLDEN,report Golden from Phase 2-II candidate; HIGH confidence,,,H29_REFERENCE,Formula 'Weld combined check'.
G-RPT-0965,report,report.formula.SRC-calculation_chapter_03_section_3_2_formulas-021,ENT-LINE-ACL,τb = τw × tw / A,,,,FORMULA_DEFINITION,SRC-calculation_chapter_03_section_3_2_formulas-021,RP-539,,,UNKNOWN,HIGH,UNVERIFIED,APPROVED_REPORT_DRAWING_GOLDEN,report Golden from Phase 2-II candidate; HIGH confidence,,,H29_REFERENCE,Formula 'Weld shear stress'.
G-RPT-0966,report,report.formula.SRC-calculation_chapter_03_section_3_2_formulas-022,ENT-LINE-ACL,If (σb/σyd)²<0.2: Areq=τw×tw/τyd; else: Areq=τw×tw/(τyd×√(1.2-(σb/σyd)²)),,,,FORMULA_DEFINITION,SRC-calculation_chapter_03_section_3_2_formulas-022,RP-540,,,UNKNOWN,HIGH,UNVERIFIED,APPROVED_REPORT_DRAWING_GOLDEN,report Golden from Phase 2-II candidate; HIGH confidence,,,H29_REFERENCE,Formula 'Required weld throat'.
G-RPT-0967,report,report.formula.SRC-calculation_chapter_03_section_3_2_formulas-023,ENT-LINE-ACL,M = H × h,,,,FORMULA_DEFINITION,SRC-calculation_chapter_03_section_3_2_formulas-023,RP-541,,,UNKNOWN,HIGH,UNVERIFIED,APPROVED_REPORT_DRAWING_GOLDEN,report Golden from Phase 2-II candidate; HIGH confidence,,,H29_REFERENCE,Formula 'Moment by lateral seismic force'.
G-RPT-0968,report,report.formula.SRC-calculation_chapter_03_section_3_2_formulas-024,ENT-LINE-ACL,σu2 = 0.106×σu/(R×Iu) × (Au+Awequ/3) × λ²,,,,FORMULA_DEFINITION,SRC-calculation_chapter_03_section_3_2_formulas-024,RP-542,,,UNKNOWN,HIGH,UNVERIFIED,APPROVED_REPORT_DRAWING_GOLDEN,report Golden from Phase 2-II candidate; HIGH confidence,,,H29_REFERENCE,Formula 'Curvature secondary stress (upper)'.
G-RPT-0969,report,report.formula.SRC-calculation_chapter_03_section_3_2_formulas-025,ENT-LINE-ACL,St = √(2×plate thickness) ≥ 6mm,,,,FORMULA_DEFINITION,SRC-calculation_chapter_03_section_3_2_formulas-025,RP-543,,,UNKNOWN,HIGH,UNVERIFIED,APPROVED_REPORT_DRAWING_GOLDEN,report Golden from Phase 2-II candidate; HIGH confidence,,,H29_REFERENCE,Formula 'Minimum fillet weld size'.
G-RPT-0970,report,report.formula.SRC-calculation_chapter_03_section_3_2_formulas-026,ENT-LINE-ACL,"A = (D+S')×Sinα-3, α=tan⁻¹(b/S')",,,,FORMULA_DEFINITION,SRC-calculation_chapter_03_section_3_2_formulas-026,RP-544,,,UNKNOWN,HIGH,UNVERIFIED,APPROVED_REPORT_DRAWING_GOLDEN,report Golden from Phase 2-II candidate; HIGH confidence,,,H29_REFERENCE,Formula 'Effective throat area (groove weld)'.
G-RPT-0971,report,report.formula.CAL-FML-P00677-001,ENT-LINE-ACL,Mi=ML0+(Mr0-ML0)*(Li/L0),,,,FORMULA_DEFINITION,CAL-FML-P00677-001,RP-711,calc_pdf_p677,,CALCULATION,HIGH,UNVERIFIED,APPROVED_REPORT_DRAWING_GOLDEN,report Golden from Phase 2-II candidate; HIGH confidence,,,H29_REFERENCE,Formula '断面力換算'.
G-RPT-0972,report,report.formula.CAL-FML-P00685-001,ENT-LINE-ACL,Ws=(V/40)^2*[4.0-0.2*(B/D)]*D*α,,,,FORMULA_DEFINITION,CAL-FML-P00685-001,RP-712,calc_pdf_p685,,CALCULATION,HIGH,UNVERIFIED,APPROVED_REPORT_DRAWING_GOLDEN,report Golden from Phase 2-II candidate; HIGH confidence,,,H29_REFERENCE,Formula '風荷重WS'.
G-RPT-0973,report,report.formula.CAL-FML-P00689-001,ENT-LINE-ACL,W=-σ*(Af+Aw/3)/R,,,,FORMULA_DEFINITION,CAL-FML-P00689-001,RP-715,calc_pdf_p689,,CALCULATION,HIGH,UNVERIFIED,APPROVED_REPORT_DRAWING_GOLDEN,report Golden from Phase 2-II candidate; HIGH confidence,,,H29_REFERENCE,Formula '曲率付加軸力W'.
G-RPT-0974,report,report.formula.CAL-FML-P00689-002,ENT-LINE-ACL,P=w*λ,,,,FORMULA_DEFINITION,CAL-FML-P00689-002,RP-716,calc_pdf_p689,,CALCULATION,HIGH,UNVERIFIED,APPROVED_REPORT_DRAWING_GOLDEN,report Golden from Phase 2-II candidate; HIGH confidence,,,H29_REFERENCE,Formula '曲率付加軸力P'.
G-RPT-0975,report,report.formula.CAL-FML-P00769-001,ENT-LINE-ACL,k=0.90*0.85=0.765,,,,FORMULA_DEFINITION,CAL-FML-P00769-001,RP-792,calc_pdf_p769,,CALCULATION,HIGH,UNVERIFIED,APPROVED_REPORT_DRAWING_GOLDEN,report Golden from Phase 2-II candidate; HIGH confidence,,,H29_REFERENCE,Formula '衝突換算k'.
G-RPT-0976,report,report.formula.CAL-FML-P00791-007,ENT-LINE-ACL,Keq=0.90*0.85=0.765,,,,FORMULA_DEFINITION,CAL-FML-P00791-007,RP-862,calc_pdf_p791,,CALCULATION,HIGH,UNVERIFIED,APPROVED_REPORT_DRAWING_GOLDEN,report Golden from Phase 2-II candidate; HIGH confidence,,,H29_REFERENCE,Formula 'Keq'.
G-RPT-0977,report,report.formula.CAL-FML-P00845-001,ENT-LINE-ACL,if=10/(50+L),,,,FORMULA_DEFINITION,CAL-FML-P00845-001,RP-960,calc_pdf_p845,,CALCULATION,HIGH,UNVERIFIED,APPROVED_REPORT_DRAWING_GOLDEN,report Golden from Phase 2-II candidate; HIGH confidence,,,H29_REFERENCE,Formula 'if'.
G-RPT-0978,report,report.formula.CAL-FML-P00846-001,ENT-LINE-ACL,gammaF=gammaF1*gammaF2*gammaF3*gammaa,,,,FORMULA_DEFINITION,CAL-FML-P00846-001,RP-961,calc_pdf_p846,,CALCULATION,HIGH,UNVERIFIED,APPROVED_REPORT_DRAWING_GOLDEN,report Golden from Phase 2-II candidate; HIGH confidence,,,H29_REFERENCE,Formula 'gammaF'.
G-RPT-0979,report,report.formula.CAL-FML-P00850-001,ENT-LINE-ACL,"delta_sigmai,j=|sigma_i",,,,FORMULA_DEFINITION,CAL-FML-P00850-001,RP-962,calc_pdf_p850,,CALCULATION,HIGH,UNVERIFIED,APPROVED_REPORT_DRAWING_GOLDEN,report Golden from Phase 2-II candidate; HIGH confidence,,,H29_REFERENCE,Formula '応力範囲'.
G-RPT-0980,report,report.formula.CAL-FML-P00873-001,ENT-LINE-ACL,合成断面の曲げ剛度は床版有効幅より算出。ヤング係数比n=7,,,,NOTE,CAL-FML-P00873-001,RP-1017,calc_pdf_p873,,CALCULATION,HIGH,UNVERIFIED,APPROVED_REPORT_DRAWING_GOLDEN,report Golden from Phase 2-II candidate; HIGH confidence,,,H29_REFERENCE,Formula '合成後剛度'.
G-RPT-0981,report,report.formula.CAL-FML-P00873-002,ENT-LINE-ACL,クリープの静定力は後死荷重曲げモーメントが正の範囲に生じる,,,,NOTE,CAL-FML-P00873-002,RP-1018,calc_pdf_p873,,CALCULATION,HIGH,UNVERIFIED,APPROVED_REPORT_DRAWING_GOLDEN,report Golden from Phase 2-II candidate; HIGH confidence,,,H29_REFERENCE,Formula 'クリープ静定力'.
G-RPT-0982,report,report.formula.CAL-FML-P00873-003,ENT-LINE-ACL,中間支点上～0.15L位置(床版引張区間)を除く範囲に生じる,,,,NOTE,CAL-FML-P00873-003,RP-1019,calc_pdf_p873,,CALCULATION,HIGH,UNVERIFIED,APPROVED_REPORT_DRAWING_GOLDEN,report Golden from Phase 2-II candidate; HIGH confidence,,,H29_REFERENCE,Formula '乾燥収縮静定力'.
G-RPT-0983,report,report.formula.CAL-FML-P00873-004,ENT-LINE-ACL,全長にわたって生じる。後死荷重M正範囲は合成断面、他は鋼+鉄筋断面より算出,,,,NOTE,CAL-FML-P00873-004,RP-1020,calc_pdf_p873,,CALCULATION,HIGH,UNVERIFIED,APPROVED_REPORT_DRAWING_GOLDEN,report Golden from Phase 2-II candidate; HIGH confidence,,,H29_REFERENCE,Formula '温度差静定力'.
G-RPT-0984,report,report.formula.CAL-FML-P00873-005,ENT-LINE-ACL,静定力Mを平面格子モデルに載荷して求める,,,,NOTE,CAL-FML-P00873-005,RP-1021,calc_pdf_p873,,CALCULATION,HIGH,UNVERIFIED,APPROVED_REPORT_DRAWING_GOLDEN,report Golden from Phase 2-II candidate; HIGH confidence,,,H29_REFERENCE,Formula '連続桁不静定力ΔM'.
G-RPT-0985,report,report.formula.CAL-FML-P00873-006,ENT-LINE-ACL,設計軸力=P 設計曲げモーメント=M+ΔM,,,,NOTE,CAL-FML-P00873-006,RP-1022,calc_pdf_p873,,CALCULATION,HIGH,UNVERIFIED,APPROVED_REPORT_DRAWING_GOLDEN,report Golden from Phase 2-II candidate; HIGH confidence,,,H29_REFERENCE,Formula '設計断面力'.
G-RPT-0986,report,report.formula.CAL-FML-P00893-001,ENT-LINE-ACL,i = 20/(50+L),,,,FORMULA_DEFINITION,CAL-FML-P00893-001,RP-1023,calc_pdf_p893,,CALCULATION,HIGH,UNVERIFIED,APPROVED_REPORT_DRAWING_GOLDEN,report Golden from Phase 2-II candidate; HIGH confidence,,,H29_REFERENCE,Formula '衝撃係数'.
G-RPT-0987,report,report.formula.CAL-FML-P01284-001,ENT-LINE-ACL,γa*γf*Md + γa*γq*Mlive ≤ Mu/γb,,,,NOTE,CAL-FML-P01284-001,RP-1137,calc_pdf_p1284,,CALCULATION,HIGH,UNVERIFIED,APPROVED_REPORT_DRAWING_GOLDEN,report Golden from Phase 2-II candidate; HIGH confidence,,,H29_REFERENCE,Formula '限界状態1照査式'.
G-RPT-0988,report,report.formula.CAL-FML-P01284-002,ENT-LINE-ACL,σ ≤ σa=fy/γm1,,,,NOTE,CAL-FML-P01284-002,RP-1138,calc_pdf_p1284,,CALCULATION,HIGH,UNVERIFIED,APPROVED_REPORT_DRAWING_GOLDEN,report Golden from Phase 2-II candidate; HIGH confidence,,,H29_REFERENCE,Formula '限界状態3照査式'.
G-RPT-0989,report,report.formula.CAL-FML-P01321-001,ENT-LINE-ACL,σtud = ξ1*ξ2*Φut*σyk,,,,FORMULA_DEFINITION,CAL-FML-P01321-001,RP-1139,calc_pdf_p1321,,CALCULATION,HIGH,UNVERIFIED,APPROVED_REPORT_DRAWING_GOLDEN,report Golden from Phase 2-II candidate; HIGH confidence,,,H29_REFERENCE,Formula '引張応力度制限値(限界状態3)'.
G-RPT-0990,report,report.formula.CAL-FML-P01321-002,ENT-LINE-ACL,K = √{3+Aw/(2*Ac)},,,,FORMULA_DEFINITION,CAL-FML-P01321-002,RP-1140,calc_pdf_p1321,,CALCULATION,HIGH,UNVERIFIED,APPROVED_REPORT_DRAWING_GOLDEN,report Golden from Phase 2-II candidate; HIGH confidence,,,H29_REFERENCE,Formula '横倒れ座屈パラメータK(合成前)'.
G-RPT-0991,report,report.formula.CAL-FML-P01321-009,ENT-LINE-ACL,"σcud = min(σbrgd,σcrld) = min(240,193) = 193 N/mm2",,,,stress_limit,CAL-FML-P01321-009,RP-1147,calc_pdf_p1321,,CALCULATION,HIGH,UNVERIFIED,APPROVED_REPORT_DRAWING_GOLDEN,report Golden from Phase 2-II candidate; HIGH confidence,,,H29_REFERENCE,Formula '上フランジ圧縮制限値'.
G-RPT-0992,report,report.formula.CAL-FML-P01321-010,ENT-LINE-ACL,σcud = ξ1*ξ2*Φu*σyk (座屈は生じないものとする),,,,FORMULA_DEFINITION,CAL-FML-P01321-010,RP-1148,calc_pdf_p1321,,CALCULATION,HIGH,UNVERIFIED,APPROVED_REPORT_DRAWING_GOLDEN,report Golden from Phase 2-II candidate; HIGH confidence,,,H29_REFERENCE,Formula '合成後圧縮制限値'.
G-RPT-0993,report,report.formula.CH5-FORM-001,ENT-LINE-ACL,"S1 = Ae / (2*(a+b)*te) (0.5≦b/a≦2) または S1 = a/(2*te) (b/a<0.5,2<b/a)",,,,SECTION_PROPERTY,CH5-FORM-001,RP-1349,calc_pdf_p2032,,CALCULATION,HIGH,UNVERIFIED,APPROVED_REPORT_DRAWING_GOLDEN,report Golden from Phase 2-II candidate; HIGH confidence,,,H29_REFERENCE,Formula '1次形状係数S1'.
G-RPT-0994,report,report.formula.CH5-FORM-002,ENT-LINE-ACL,"S2 = Min(a,b)/Σte",,,,SECTION_PROPERTY,CH5-FORM-002,RP-1350,calc_pdf_p2032,,CALCULATION,HIGH,UNVERIFIED,APPROVED_REPORT_DRAWING_GOLDEN,report Golden from Phase 2-II candidate; HIGH confidence,,,H29_REFERENCE,Formula '2次形状係数S2'.
G-RPT-0995,report,report.formula.CH5-FORM-003,ENT-LINE-ACL,E = α*β*S1*Ge (S1≧5),,,,elastic_modulus,CH5-FORM-003,RP-1351,calc_pdf_p2032,,CALCULATION,HIGH,UNVERIFIED,APPROVED_REPORT_DRAWING_GOLDEN,report Golden from Phase 2-II candidate; HIGH confidence,,,H29_REFERENCE,Formula '縦弾性係数E'.
G-RPT-0996,report,report.formula.CH5-FORM-004,ENT-LINE-ACL,KB = Ae*G(γ)/Σte,,,,MATERIAL_PROPERTY,CH5-FORM-004,RP-1352,calc_pdf_p2032,,CALCULATION,HIGH,UNVERIFIED,APPROVED_REPORT_DRAWING_GOLDEN,report Golden from Phase 2-II candidate; HIGH confidence,,,H29_REFERENCE,Formula '等価剛性KB(温度変化)'.
G-RPT-0997,report,report.formula.CH5-FORM-005,ENT-LINE-ACL,KV = E*Ae/Σte,,,,MATERIAL_PROPERTY,CH5-FORM-005,RP-1353,calc_pdf_p2032,,CALCULATION,HIGH,UNVERIFIED,APPROVED_REPORT_DRAWING_GOLDEN,report Golden from Phase 2-II candidate; HIGH confidence,,,H29_REFERENCE,Formula '圧縮剛性KV'.
G-RPT-0998,report,report.formula.CH5-FORM-006,ENT-LINE-ACL,G(γ) = cγ(γ)*Ge + q(γ)*κ/γ,,,,MATERIAL_PROPERTY,CH5-FORM-006,RP-1354,calc_pdf_p2032,,CALCULATION,HIGH,UNVERIFIED,APPROVED_REPORT_DRAWING_GOLDEN,report Golden from Phase 2-II candidate; HIGH confidence,,,H29_REFERENCE,Formula '等価せん断弾性係数G(γ)'.
G-RPT-0999,report,report.formula.CH5-FORM-007,ENT-LINE-ACL,Ap = N*π*φd^2/4,,,,SECTION_PROPERTY,CH5-FORM-007,RP-1355,calc_pdf_p2032,,CALCULATION,HIGH,UNVERIFIED,APPROVED_REPORT_DRAWING_GOLDEN,report Golden from Phase 2-II candidate; HIGH confidence,,,H29_REFERENCE,Formula '鉛プラグ面積Ap'.
G-RPT-1000,report,report.formula.CH5-FORM-008,ENT-LINE-ACL,1/Km = 1/(N*KB) + 1/KP,,,,MATERIAL_PROPERTY,CH5-FORM-008,RP-1356,calc_pdf_p2033,,CALCULATION,HIGH,UNVERIFIED,APPROVED_REPORT_DRAWING_GOLDEN,report Golden from Phase 2-II candidate; HIGH confidence,,,H29_REFERENCE,Formula '合成剛性Km'.
G-RPT-1001,report,report.formula.CH5-FORM-009,ENT-LINE-ACL,Ht = Km*⊿Lt,,,,LOAD_VALUE,CH5-FORM-009,RP-1357,calc_pdf_p2035,,CALCULATION,HIGH,UNVERIFIED,APPROVED_REPORT_DRAWING_GOLDEN,report Golden from Phase 2-II candidate; HIGH confidence,,,H29_REFERENCE,Formula '温度変化水平力Ht'.
G-RPT-1002,report,report.formula.CH5-FORM-017,ENT-LINE-ACL,"ΣSi(γpi*γqi*Pi) ≦ ξ1*ξ2*ΦR(fc,Δc)",,,,FORMULA_DEFINITION,CH5-FORM-017,RP-1365,calc_pdf_p2138,,CALCULATION,HIGH,UNVERIFIED,APPROVED_REPORT_DRAWING_GOLDEN,report Golden from Phase 2-II candidate; HIGH confidence,,,H29_REFERENCE,Formula '照査基本式'.
G-RPT-1003,report,report.formula.CH5-FORM-018,ENT-LINE-ACL,σbyd = ξ1*ΦB*α*σbk,,,,stress_limit,CH5-FORM-018,RP-1366,calc_pdf_p2138,,CALCULATION,HIGH,UNVERIFIED,APPROVED_REPORT_DRAWING_GOLDEN,report Golden from Phase 2-II candidate; HIGH confidence,,,H29_REFERENCE,Formula '支圧応力度制限値'.
G-RPT-1004,report,report.formula.CH5-FORM-019,ENT-LINE-ACL,σtud = ξ1*ξ2*ΦUt*σyk,,,,stress_limit,CH5-FORM-019,RP-1367,calc_pdf_p2138,,CALCULATION,HIGH,UNVERIFIED,APPROVED_REPORT_DRAWING_GOLDEN,report Golden from Phase 2-II candidate; HIGH confidence,,,H29_REFERENCE,Formula '曲げ引張応力度制限値'.
G-RPT-1005,report,report.formula.CH5-FORM-021,ENT-LINE-ACL,A = h*B*1/2,,,,SECTION_PROPERTY,CH5-FORM-021,RP-1369,calc_pdf_p2199,,CALCULATION,HIGH,UNVERIFIED,APPROVED_REPORT_DRAWING_GOLDEN,report Golden from Phase 2-II candidate; HIGH confidence,,,H29_REFERENCE,Formula '通水断面積A'.
G-RPT-1006,report,report.formula.CH5-FORM-022,ENT-LINE-ACL,R = A/P,,,,SECTION_PROPERTY,CH5-FORM-022,RP-1370,calc_pdf_p2199,,CALCULATION,HIGH,UNVERIFIED,APPROVED_REPORT_DRAWING_GOLDEN,report Golden from Phase 2-II candidate; HIGH confidence,,,H29_REFERENCE,Formula '径深R'.
G-RPT-1007,report,report.formula.CH5-FORM-023,ENT-LINE-ACL,Q = (1/n)*R^(2/3)*i2^(1/2)*A,,,,NOTE,CH5-FORM-023,RP-1371,calc_pdf_p2199,,CALCULATION,HIGH,UNVERIFIED,APPROVED_REPORT_DRAWING_GOLDEN,report Golden from Phase 2-II candidate; HIGH confidence,,,H29_REFERENCE,Formula '設計通水量Q'.
G-RPT-1008,report,report.formula.CH5-FORM-024,ENT-LINE-ACL,Ls = Q/(q*γ*e),,,,DIMENSION,CH5-FORM-024,RP-1372,calc_pdf_p2200,,CALCULATION,HIGH,UNVERIFIED,APPROVED_REPORT_DRAWING_GOLDEN,report Golden from Phase 2-II candidate; HIGH confidence,,,H29_REFERENCE,Formula '排水桝最大間隔Ls'.
G-RPT-1009,report,report.formula.CH5-FORM-027,ENT-LINE-ACL,b = (+)ΔLt + bmin,,,,DIMENSION,CH5-FORM-027,RP-1375,calc_pdf_p2222,,CALCULATION,HIGH,UNVERIFIED,APPROVED_REPORT_DRAWING_GOLDEN,report Golden from Phase 2-II candidate; HIGH confidence,,,H29_REFERENCE,Formula 'フィンガー遊間b(常時)'.
G-RPT-1010,report,report.formula.CH5-FORM-028,ENT-LINE-ACL,c = (-)ΔLt + cmin,,,,DIMENSION,CH5-FORM-028,RP-1376,calc_pdf_p2222,,CALCULATION,HIGH,UNVERIFIED,APPROVED_REPORT_DRAWING_GOLDEN,report Golden from Phase 2-II candidate; HIGH confidence,,,H29_REFERENCE,Formula 'フィンガーラップc(常時)'.
G-RPT-1011,report,report.formula.CH5-FORM-029,ENT-LINE-ACL,L0 = b + c + 15,,,,DIMENSION,CH5-FORM-029,RP-1377,calc_pdf_p2222,,CALCULATION,HIGH,UNVERIFIED,APPROVED_REPORT_DRAWING_GOLDEN,report Golden from Phase 2-II candidate; HIGH confidence,,,H29_REFERENCE,Formula 'フィンガー長L0'.
G-RPT-1012,report,report.formula.CH5-FORM-031,ENT-LINE-ACL,t1 = √(6*M/(B*σ)),,,,DIMENSION,CH5-FORM-031,RP-1379,calc_pdf_p2224,,CALCULATION,HIGH,UNVERIFIED,APPROVED_REPORT_DRAWING_GOLDEN,report Golden from Phase 2-II candidate; HIGH confidence,,,H29_REFERENCE,Formula 'フェイスプレート厚t1'.
G-RPT-1013,report,report.layout.CH1-PE-001,ENT-LINE-ACL,第1章 設計条件,,,,text,CH1-PE-001,RP-004,calc_pdf_p6,,CALCULATION,HIGH,UNVERIFIED,APPROVED_REPORT_DRAWING_GOLDEN,report Golden from Phase 2-II candidate; HIGH confidence,,,H29_REFERENCE,Page element type 'chapter_title'.
G-RPT-1014,report,report.layout.CH1-PE-002,ENT-LINE-ACL,1.1 設計条件,,,,text,CH1-PE-002,RP-006,calc_pdf_p7,,CALCULATION,HIGH,UNVERIFIED,APPROVED_REPORT_DRAWING_GOLDEN,report Golden from Phase 2-II candidate; HIGH confidence,,,H29_REFERENCE,Page element type 'section_title'.
G-RPT-1015,report,report.layout.CH1-PE-003,ENT-LINE-ACL,道路規格: A規格,,,,NOTE,CH1-PE-003,RP-008,calc_pdf_p7,,CALCULATION,HIGH,UNVERIFIED,APPROVED_REPORT_DRAWING_GOLDEN,report Golden from Phase 2-II candidate; HIGH confidence,,,H29_REFERENCE,Page element type 'design_condition'.
G-RPT-1016,report,report.layout.CH1-PE-004,ENT-LINE-ACL,設計速度: V=40km/h,,,,NOTE,CH1-PE-004,RP-009,calc_pdf_p7,,CALCULATION,HIGH,UNVERIFIED,APPROVED_REPORT_DRAWING_GOLDEN,report Golden from Phase 2-II candidate; HIGH confidence,,,H29_REFERENCE,Page element type 'design_condition'.
G-RPT-1017,report,report.layout.CH1-PE-005,ENT-LINE-ACL,活荷重: B活荷重,,,,NOTE,CH1-PE-005,RP-010,calc_pdf_p7,,CALCULATION,HIGH,UNVERIFIED,APPROVED_REPORT_DRAWING_GOLDEN,report Golden from Phase 2-II candidate; HIGH confidence,,,H29_REFERENCE,Page element type 'design_condition'.
G-RPT-1018,report,report.layout.CH1-PE-006,ENT-LINE-ACL,"橋梁形式: 鋼3径間連続少数鈑桁橋(非合成桁,合成断面担保)",,,,NOTE,CH1-PE-006,RP-011,calc_pdf_p7,,CALCULATION,HIGH,UNVERIFIED,APPROVED_REPORT_DRAWING_GOLDEN,report Golden from Phase 2-II candidate; HIGH confidence,,,H29_REFERENCE,Page element type 'design_condition'.
G-RPT-1019,report,report.layout.CH1-PE-007,ENT-LINE-ACL,橋長: 134.001m (ACL上),,,,NOTE,CH1-PE-007,RP-012,calc_pdf_p7,,CALCULATION,HIGH,UNVERIFIED,APPROVED_REPORT_DRAWING_GOLDEN,report Golden from Phase 2-II candidate; HIGH confidence,,,H29_REFERENCE,Page element type 'design_condition'.
G-RPT-1020,report,report.layout.CH1-PE-008,ENT-LINE-ACL,桁長: 133.151m (ACL上),,,,NOTE,CH1-PE-008,RP-013,calc_pdf_p7,,CALCULATION,HIGH,UNVERIFIED,APPROVED_REPORT_DRAWING_GOLDEN,report Golden from Phase 2-II candidate; HIGH confidence,,,H29_REFERENCE,Page element type 'design_condition'.
G-RPT-1021,report,report.layout.CH1-PE-009,ENT-LINE-ACL,支間長: 40.201m + 51.000m + 40.200m (ACL上),,,,NOTE,CH1-PE-009,RP-014,calc_pdf_p7,,CALCULATION,HIGH,UNVERIFIED,APPROVED_REPORT_DRAWING_GOLDEN,report Golden from Phase 2-II candidate; HIGH confidence,,,H29_REFERENCE,Page element type 'design_condition'.
G-RPT-1022,report,report.layout.CH1-PE-010,ENT-LINE-ACL,総幅員: 8.010m,,,,NOTE,CH1-PE-010,RP-015,calc_pdf_p7,,CALCULATION,HIGH,UNVERIFIED,APPROVED_REPORT_DRAWING_GOLDEN,report Golden from Phase 2-II candidate; HIGH confidence,,,H29_REFERENCE,Page element type 'design_condition'.
G-RPT-1023,report,report.layout.CH1-PE-011,ENT-LINE-ACL,有効幅員: 7.000m (車道幅),,,,NOTE,CH1-PE-011,RP-016,calc_pdf_p7,,CALCULATION,HIGH,UNVERIFIED,APPROVED_REPORT_DRAWING_GOLDEN,report Golden from Phase 2-II candidate; HIGH confidence,,,H29_REFERENCE,Page element type 'design_condition'.
G-RPT-1024,report,report.layout.CH1-PE-012,ENT-LINE-ACL,"斜角: PU15:ACLに θ=94°14′27″ , PR1,PR2,A2:ACLに θ=90°00′00″",,,,NOTE,CH1-PE-012,RP-017,calc_pdf_p7,,CALCULATION,HIGH,UNVERIFIED,APPROVED_REPORT_DRAWING_GOLDEN,report Golden from Phase 2-II candidate; HIGH confidence,,,H29_REFERENCE,Page element type 'design_condition'.
G-RPT-1025,report,report.layout.CH1-PE-013,ENT-LINE-ACL,平面線形: 起点側から R=160m(終点側に左まわり)～R=3000(終点側に右まわり),,,,NOTE,CH1-PE-013,RP-018,calc_pdf_p7,,CALCULATION,HIGH,UNVERIFIED,APPROVED_REPORT_DRAWING_GOLDEN,report Golden from Phase 2-II candidate; HIGH confidence,,,H29_REFERENCE,Page element type 'design_condition'.
G-RPT-1026,report,report.layout.CH1-PE-014,ENT-LINE-ACL,縦断勾配: i=6.000%(起点下がり) VCL=100 i=0.100%(終点下がり),,,,NOTE,CH1-PE-014,RP-019,calc_pdf_p7,,CALCULATION,HIGH,UNVERIFIED,APPROVED_REPORT_DRAWING_GOLDEN,report Golden from Phase 2-II candidate; HIGH confidence,,,H29_REFERENCE,Page element type 'design_condition'.
G-RPT-1027,report,report.layout.CH1-PE-015,ENT-LINE-ACL,横断勾配: 起点側から i=5.000%(左下がり)～i=2.000%(右下がり)～i=2.958%(右下がり),,,,NOTE,CH1-PE-015,RP-020,calc_pdf_p7,,CALCULATION,HIGH,UNVERIFIED,APPROVED_REPORT_DRAWING_GOLDEN,report Golden from Phase 2-II candidate; HIGH confidence,,,H29_REFERENCE,Page element type 'design_condition'.
G-RPT-1028,report,report.layout.CH1-PE-016,ENT-LINE-ACL,舗装: アスファルト舗装 t=80mm,,,,NOTE,CH1-PE-016,RP-021,calc_pdf_p7,,CALCULATION,HIGH,UNVERIFIED,APPROVED_REPORT_DRAWING_GOLDEN,report Golden from Phase 2-II candidate; HIGH confidence,,,H29_REFERENCE,Page element type 'design_condition'.
G-RPT-1029,report,report.layout.CH1-PE-017,ENT-LINE-ACL,床版: 鋼コンクリート合成床版 t=230mm,,,,NOTE,CH1-PE-017,RP-022,calc_pdf_p7,,CALCULATION,HIGH,UNVERIFIED,APPROVED_REPORT_DRAWING_GOLDEN,report Golden from Phase 2-II candidate; HIGH confidence,,,H29_REFERENCE,Page element type 'design_condition'.
G-RPT-1030,report,report.layout.CH1-PE-018,ENT-LINE-ACL,大型車交通量: 379台/日･方向,,,,NOTE,CH1-PE-018,RP-023,calc_pdf_p7,,CALCULATION,HIGH,UNVERIFIED,APPROVED_REPORT_DRAWING_GOLDEN,report Golden from Phase 2-II candidate; HIGH confidence,,,H29_REFERENCE,Page element type 'design_condition'.
G-RPT-1031,report,report.layout.CH1-PE-019,ENT-LINE-ACL,設計水平震度: レベル1:kh=0.25 レベル2:動的解析法による,,,,NOTE,CH1-PE-019,RP-024,calc_pdf_p7,,CALCULATION,HIGH,UNVERIFIED,APPROVED_REPORT_DRAWING_GOLDEN,report Golden from Phase 2-II candidate; HIGH confidence,,,H29_REFERENCE,Page element type 'design_condition'.
G-RPT-1032,report,report.layout.CH1-PE-020,ENT-LINE-ACL,"使用材料: 鋼材 SM520,SM490Y,SM400,SS400",,,,NOTE,CH1-PE-020,RP-025,calc_pdf_p7,,CALCULATION,HIGH,UNVERIFIED,APPROVED_REPORT_DRAWING_GOLDEN,report Golden from Phase 2-II candidate; HIGH confidence,,,H29_REFERENCE,Page element type 'design_condition'.
G-RPT-1033,report,report.layout.CH1-PE-021,ENT-LINE-ACL,コンクリート: σck=30N/mm2(合成床版) σck=24N/mm2(壁高欄) σck=30N/mm2(巻き立て),,,,NOTE,CH1-PE-021,RP-026,calc_pdf_p7,,CALCULATION,HIGH,UNVERIFIED,APPROVED_REPORT_DRAWING_GOLDEN,report Golden from Phase 2-II candidate; HIGH confidence,,,H29_REFERENCE,Page element type 'design_condition'.
G-RPT-1034,report,report.layout.CH1-PE-022,ENT-LINE-ACL,鉄筋: SD345,,,,NOTE,CH1-PE-022,RP-027,calc_pdf_p7,,CALCULATION,HIGH,UNVERIFIED,APPROVED_REPORT_DRAWING_GOLDEN,report Golden from Phase 2-II candidate; HIGH confidence,,,H29_REFERENCE,Page element type 'design_condition'.
G-RPT-1035,report,report.layout.CH1-PE-023,ENT-LINE-ACL,防錆仕様: 塗装仕様,,,,NOTE,CH1-PE-023,RP-028,calc_pdf_p7,,CALCULATION,HIGH,UNVERIFIED,APPROVED_REPORT_DRAWING_GOLDEN,report Golden from Phase 2-II candidate; HIGH confidence,,,H29_REFERENCE,Page element type 'design_condition'.
G-RPT-1036,report,report.layout.CH1-PE-024,ENT-LINE-ACL,支承: 橋軸方向:(免震) 橋軸直角方向(固定),,,,NOTE,CH1-PE-024,RP-029,calc_pdf_p7,,CALCULATION,HIGH,UNVERIFIED,APPROVED_REPORT_DRAWING_GOLDEN,report Golden from Phase 2-II candidate; HIGH confidence,,,H29_REFERENCE,Page element type 'design_condition'.
G-RPT-1037,report,report.layout.CH1-PE-025,ENT-LINE-ACL,防護柵: 剛性防護柵フロリダ型(SC種),,,,NOTE,CH1-PE-025,RP-030,calc_pdf_p7,,CALCULATION,HIGH,UNVERIFIED,APPROVED_REPORT_DRAWING_GOLDEN,report Golden from Phase 2-II candidate; HIGH confidence,,,H29_REFERENCE,Page element type 'design_condition'.
G-RPT-1038,report,report.layout.CH1-PE-026,ENT-LINE-ACL,遮音壁荷重: 付属物荷重として両側に2.1kN/m (路面より5.0m),,,,NOTE,CH1-PE-026,RP-031,calc_pdf_p7,,CALCULATION,HIGH,UNVERIFIED,APPROVED_REPORT_DRAWING_GOLDEN,report Golden from Phase 2-II candidate; HIGH confidence,,,H29_REFERENCE,Page element type 'design_condition'.
G-RPT-1039,report,report.layout.CH1-PE-027,ENT-LINE-ACL,検査路: 1.0kN/m (走行車線直下に1条),,,,NOTE,CH1-PE-027,RP-032,calc_pdf_p7,,CALCULATION,HIGH,UNVERIFIED,APPROVED_REPORT_DRAWING_GOLDEN,report Golden from Phase 2-II candidate; HIGH confidence,,,H29_REFERENCE,Page element type 'design_condition'.
G-RPT-1040,report,report.layout.CH1-PE-028,ENT-LINE-ACL,適用基準: 道路橋示方書・同解説(H29.11) / 日本道路協会,,,,NOTE,CH1-PE-028,RP-033,calc_pdf_p7,,CALCULATION,HIGH,UNVERIFIED,APPROVED_REPORT_DRAWING_GOLDEN,report Golden from Phase 2-II candidate; HIGH confidence,,,H29_REFERENCE,Page element type 'design_condition'.
G-RPT-1041,report,report.layout.CH1-PE-029,ENT-LINE-ACL,現場継手: トルシア型高力ボルト接合 M22(S10T),,,,NOTE,CH1-PE-029,RP-034,calc_pdf_p7,,CALCULATION,HIGH,UNVERIFIED,APPROVED_REPORT_DRAWING_GOLDEN,report Golden from Phase 2-II candidate; HIGH confidence,,,H29_REFERENCE,Page element type 'design_condition'.
G-RPT-1042,report,report.layout.CH1-PE-030,ENT-LINE-ACL,本橋の設計について: 非合成桁を主体とし、合成断面の照査を行う。,,,,NOTE,CH1-PE-030,RP-035,calc_pdf_p7,,CALCULATION,HIGH,UNVERIFIED,APPROVED_REPORT_DRAWING_GOLDEN,report Golden from Phase 2-II candidate; HIGH confidence,,,H29_REFERENCE,Page element type 'design_note'.
G-RPT-1043,report,report.layout.CH1-PE-031,ENT-LINE-ACL,本橋の支承について: 機能分離型支承と荷重調整型支承の形式比較,,,,NOTE,CH1-PE-031,RP-036,calc_pdf_p7,,CALCULATION,HIGH,UNVERIFIED,APPROVED_REPORT_DRAWING_GOLDEN,report Golden from Phase 2-II candidate; HIGH confidence,,,H29_REFERENCE,Page element type 'design_note'.
G-RPT-1044,report,report.layout.CH1-PE-032,ENT-LINE-ACL,1.2 上部工構造一般図,,,,text,CH1-PE-032,RP-037,calc_pdf_p8,,CALCULATION,HIGH,UNVERIFIED,APPROVED_REPORT_DRAWING_GOLDEN,report Golden from Phase 2-II candidate; HIGH confidence,,,H29_REFERENCE,Page element type 'section_title'.
G-RPT-1045,report,report.layout.CH1-PE-033,ENT-LINE-ACL,旭高架橋 Aランプ PU15-AR2 上部工構造一般図(その1) S=1:200,,,,text,CH1-PE-033,RP-039,calc_pdf_p8,,CALCULATION,HIGH,UNVERIFIED,APPROVED_REPORT_DRAWING_GOLDEN,report Golden from Phase 2-II candidate; HIGH confidence,,,H29_REFERENCE,Page element type 'drawing_title'.
G-RPT-1046,report,report.layout.CH1-PE-034,ENT-LINE-ACL,旭高架橋 Aランプ PU15-AR2 上部工構造一般図(その2) S=1:50,,,,text,CH1-PE-034,RP-040,calc_pdf_p9,,CALCULATION,HIGH,UNVERIFIED,APPROVED_REPORT_DRAWING_GOLDEN,report Golden from Phase 2-II candidate; HIGH confidence,,,H29_REFERENCE,Page element type 'drawing_title'.
G-RPT-1047,report,report.layout.CH1-PE-035,ENT-LINE-ACL,端支点 PU15(S1) / 端支点 AR2(S2) / 中間支点 PR1 / 中間支点 PR2,,,,text,CH1-PE-035,RP-041,calc_pdf_p9,,CALCULATION,HIGH,UNVERIFIED,APPROVED_REPORT_DRAWING_GOLDEN,report Golden from Phase 2-II candidate; HIGH confidence,,,H29_REFERENCE,Page element type 'drawing_section'.
G-RPT-1048,report,report.layout.CH1-PE-036,ENT-LINE-ACL,1.3 基本寸法一覧,,,,text,CH1-PE-036,RP-042,calc_pdf_p10,,CALCULATION,HIGH,UNVERIFIED,APPROVED_REPORT_DRAWING_GOLDEN,report Golden from Phase 2-II candidate; HIGH confidence,,,H29_REFERENCE,Page element type 'section_title'.
G-RPT-1049,report,report.layout.CH1-PE-037,ENT-LINE-ACL,主桁支間長,,,,text,CH1-PE-037,RP-044,calc_pdf_p10,,CALCULATION,HIGH,UNVERIFIED,APPROVED_REPORT_DRAWING_GOLDEN,report Golden from Phase 2-II candidate; HIGH confidence,,,H29_REFERENCE,Page element type 'subsection_title'.
G-RPT-1050,report,report.layout.CH1-PE-038,ENT-LINE-ACL,主桁格間長,,,,text,CH1-PE-038,RP-046,calc_pdf_p10,,CALCULATION,HIGH,UNVERIFIED,APPROVED_REPORT_DRAWING_GOLDEN,report Golden from Phase 2-II candidate; HIGH confidence,,,H29_REFERENCE,Page element type 'subsection_title'.
G-RPT-1051,report,report.layout.CH1-PE-039,ENT-LINE-ACL,横断間隔長,,,,text,CH1-PE-039,RP-048,calc_pdf_p11,,CALCULATION,HIGH,UNVERIFIED,APPROVED_REPORT_DRAWING_GOLDEN,report Golden from Phase 2-II candidate; HIGH confidence,,,H29_REFERENCE,Page element type 'subsection_title'.
G-RPT-1052,report,report.layout.CH2-PE-001,ENT-LINE-ACL,第2章 合成床版の設計,,,,text,CH2-PE-001,RP-153,calc_pdf_p16,,CALCULATION,HIGH,UNVERIFIED,APPROVED_REPORT_DRAWING_GOLDEN,report Golden from Phase 2-II candidate; HIGH confidence,,,H29_REFERENCE,Page element type 'chapter_title'.
G-RPT-1053,report,report.layout.CH2-PE-002,ENT-LINE-ACL,計算はノーズ部を考慮しない標準幅員で行う。,,,,NOTE,CH2-PE-002,RP-155,calc_pdf_p16,,CALCULATION,HIGH,UNVERIFIED,APPROVED_REPORT_DRAWING_GOLDEN,report Golden from Phase 2-II candidate; HIGH confidence,,,H29_REFERENCE,Page element type 'note'.
G-RPT-1054,report,report.layout.CH2-PE-003,ENT-LINE-ACL,2.1 一般部,,,,text,CH2-PE-003,RP-156,calc_pdf_p17,,CALCULATION,HIGH,UNVERIFIED,APPROVED_REPORT_DRAWING_GOLDEN,report Golden from Phase 2-II candidate; HIGH confidence,,,H29_REFERENCE,Page element type 'section_title'.
G-RPT-1055,report,report.layout.CH2-PE-004,ENT-LINE-ACL,合成床版設計計算書,,,,text,CH2-PE-004,RP-158,calc_pdf_p17,,CALCULATION,HIGH,UNVERIFIED,APPROVED_REPORT_DRAWING_GOLDEN,report Golden from Phase 2-II candidate; HIGH confidence,,,H29_REFERENCE,Page element type 'design_calc_title'.
G-RPT-1056,report,report.layout.CH2-PE-005,ENT-LINE-ACL,§1. 設計条件,,,,text,CH2-PE-005,RP-159,calc_pdf_p18,,CALCULATION,HIGH,UNVERIFIED,APPROVED_REPORT_DRAWING_GOLDEN,report Golden from Phase 2-II candidate; HIGH confidence,,,H29_REFERENCE,Page element type 'subsection_title'.
G-RPT-1057,report,report.layout.CH2-PE-006,ENT-LINE-ACL,1-1 各部構成,,,,text,CH2-PE-006,RP-161,calc_pdf_p18,,CALCULATION,HIGH,UNVERIFIED,APPROVED_REPORT_DRAWING_GOLDEN,report Golden from Phase 2-II candidate; HIGH confidence,,,H29_REFERENCE,Page element type 'subsection_title'.
G-RPT-1058,report,report.layout.CH2-PE-007,ENT-LINE-ACL,1-2 荷重,,,,text,CH2-PE-007,RP-163,calc_pdf_p18,,CALCULATION,HIGH,UNVERIFIED,APPROVED_REPORT_DRAWING_GOLDEN,report Golden from Phase 2-II candidate; HIGH confidence,,,H29_REFERENCE,Page element type 'subsection_title'.
G-RPT-1059,report,report.layout.CH2-PE-008,ENT-LINE-ACL,1-3 材料,,,,text,CH2-PE-008,RP-165,calc_pdf_p18,,CALCULATION,HIGH,UNVERIFIED,APPROVED_REPORT_DRAWING_GOLDEN,report Golden from Phase 2-II candidate; HIGH confidence,,,H29_REFERENCE,Page element type 'subsection_title'.
G-RPT-1060,report,report.layout.CH2-PE-009,ENT-LINE-ACL,§2. 断面寸法,,,,text,CH2-PE-009,RP-167,calc_pdf_p19,,CALCULATION,HIGH,UNVERIFIED,APPROVED_REPORT_DRAWING_GOLDEN,report Golden from Phase 2-II candidate; HIGH confidence,,,H29_REFERENCE,Page element type 'subsection_title'.
G-RPT-1061,report,report.layout.CH2-PE-010,ENT-LINE-ACL,2-1 合成床版厚,,,,text,CH2-PE-010,RP-169,calc_pdf_p19,,CALCULATION,HIGH,UNVERIFIED,APPROVED_REPORT_DRAWING_GOLDEN,report Golden from Phase 2-II candidate; HIGH confidence,,,H29_REFERENCE,Page element type 'subsection_title'.
G-RPT-1062,report,report.layout.CH2-PE-011,ENT-LINE-ACL,2-2 鋼材寸法,,,,text,CH2-PE-011,RP-171,calc_pdf_p19,,CALCULATION,HIGH,UNVERIFIED,APPROVED_REPORT_DRAWING_GOLDEN,report Golden from Phase 2-II candidate; HIGH confidence,,,H29_REFERENCE,Page element type 'subsection_title'.
G-RPT-1063,report,report.layout.CH2-PE-012,ENT-LINE-ACL,2-3 スタッド,,,,text,CH2-PE-012,RP-173,calc_pdf_p19,,CALCULATION,HIGH,UNVERIFIED,APPROVED_REPORT_DRAWING_GOLDEN,report Golden from Phase 2-II candidate; HIGH confidence,,,H29_REFERENCE,Page element type 'subsection_title'.
G-RPT-1064,report,report.layout.CH2-PE-013,ENT-LINE-ACL,2-4 鉄筋配置,,,,text,CH2-PE-013,RP-175,calc_pdf_p20,,CALCULATION,HIGH,UNVERIFIED,APPROVED_REPORT_DRAWING_GOLDEN,report Golden from Phase 2-II candidate; HIGH confidence,,,H29_REFERENCE,Page element type 'subsection_title'.
G-RPT-1065,report,report.layout.CH2-PE-014,ENT-LINE-ACL,§3. 断面力の計算,,,,text,CH2-PE-014,RP-177,calc_pdf_p20,,CALCULATION,HIGH,UNVERIFIED,APPROVED_REPORT_DRAWING_GOLDEN,report Golden from Phase 2-II candidate; HIGH confidence,,,H29_REFERENCE,Page element type 'subsection_title'.
G-RPT-1066,report,report.layout.CH2-PE-015,ENT-LINE-ACL,3-1 支間部,,,,text,CH2-PE-015,RP-179,calc_pdf_p20,,CALCULATION,HIGH,UNVERIFIED,APPROVED_REPORT_DRAWING_GOLDEN,report Golden from Phase 2-II candidate; HIGH confidence,,,H29_REFERENCE,Page element type 'subsection_title'.
G-RPT-1067,report,report.layout.CH2-PE-016,ENT-LINE-ACL,3-1-1 合成前断面,,,,text,CH2-PE-016,RP-181,calc_pdf_p21,,CALCULATION,HIGH,UNVERIFIED,APPROVED_REPORT_DRAWING_GOLDEN,report Golden from Phase 2-II candidate; HIGH confidence,,,H29_REFERENCE,Page element type 'subsection_title'.
G-RPT-1068,report,report.layout.CH2-PE-017,ENT-LINE-ACL,3-1-2 合成後断面,,,,text,CH2-PE-017,RP-183,calc_pdf_p21,,CALCULATION,HIGH,UNVERIFIED,APPROVED_REPORT_DRAWING_GOLDEN,report Golden from Phase 2-II candidate; HIGH confidence,,,H29_REFERENCE,Page element type 'subsection_title'.
G-RPT-1069,report,report.layout.CH2-PE-018,ENT-LINE-ACL,3-2 張出部,,,,text,CH2-PE-018,RP-185,calc_pdf_p22,,CALCULATION,HIGH,UNVERIFIED,APPROVED_REPORT_DRAWING_GOLDEN,report Golden from Phase 2-II candidate; HIGH confidence,,,H29_REFERENCE,Page element type 'subsection_title'.
G-RPT-1070,report,report.layout.CH2-PE-019,ENT-LINE-ACL,3-2-3 張出-ハンチ折れ点,,,,text,CH2-PE-019,RP-187,calc_pdf_p27,,CALCULATION,HIGH,UNVERIFIED,APPROVED_REPORT_DRAWING_GOLDEN,report Golden from Phase 2-II candidate; HIGH confidence,,,H29_REFERENCE,Page element type 'subsection_title'.
G-RPT-1071,report,report.layout.CH2-PE-020,ENT-LINE-ACL,3-3 断面力の集計,,,,text,CH2-PE-020,RP-189,calc_pdf_p29,,CALCULATION,HIGH,UNVERIFIED,APPROVED_REPORT_DRAWING_GOLDEN,report Golden from Phase 2-II candidate; HIGH confidence,,,H29_REFERENCE,Page element type 'subsection_title'.
G-RPT-1072,report,report.layout.CH2-PE-021,ENT-LINE-ACL,§4. 疲労に対する耐久性能の照査,,,,text,CH2-PE-021,RP-191,calc_pdf_p30,,CALCULATION,HIGH,UNVERIFIED,APPROVED_REPORT_DRAWING_GOLDEN,report Golden from Phase 2-II candidate; HIGH confidence,,,H29_REFERENCE,Page element type 'subsection_title'.
G-RPT-1073,report,report.layout.CH2-PE-022,ENT-LINE-ACL,4-5 ずれ止めの照査,,,,text,CH2-PE-022,RP-193,calc_pdf_p38,,CALCULATION,HIGH,UNVERIFIED,APPROVED_REPORT_DRAWING_GOLDEN,report Golden from Phase 2-II candidate; HIGH confidence,,,H29_REFERENCE,Page element type 'subsection_title'.
G-RPT-1074,report,report.layout.CH2-PE-023,ENT-LINE-ACL,§5. 耐荷性能の照査,,,,text,CH2-PE-023,RP-195,calc_pdf_p41,,CALCULATION,HIGH,UNVERIFIED,APPROVED_REPORT_DRAWING_GOLDEN,report Golden from Phase 2-II candidate; HIGH confidence,,,H29_REFERENCE,Page element type 'subsection_title'.
G-RPT-1075,report,report.layout.CH2-PE-024,ENT-LINE-ACL,2.2 桁端部,,,,text,CH2-PE-024,RP-197,calc_pdf_p70,,CALCULATION,HIGH,UNVERIFIED,APPROVED_REPORT_DRAWING_GOLDEN,report Golden from Phase 2-II candidate; HIGH confidence,,,H29_REFERENCE,Page element type 'section_title'.
G-RPT-1076,report,report.layout.CH2-PE-025,ENT-LINE-ACL,第2章 終了,,,,text,CH2-PE-025,RP-199,calc_pdf_p114,,CALCULATION,HIGH,UNVERIFIED,APPROVED_REPORT_DRAWING_GOLDEN,report Golden from Phase 2-II candidate; HIGH confidence,,,H29_REFERENCE,Page element type 'page_end'.
G-RPT-1077,report,report.layout.CAL-P00115-CAL-SEC-3.1-001,ENT-LINE-ACL,第3章 非合成桁の設計,,,,text,CAL-P00115-CAL-SEC-3.1-001,RP-294,calc_pdf_p115,,CALCULATION,HIGH,UNVERIFIED,APPROVED_REPORT_DRAWING_GOLDEN,report Golden from Phase 2-II candidate; HIGH confidence,,,H29_REFERENCE,Page element type 'section_header'.
G-RPT-1078,report,report.layout.CAL-P00116-CAL-SEC-3.1-001,ENT-LINE-ACL,3.1 主構断面力の計算,,,,text,CAL-P00116-CAL-SEC-3.1-001,RP-297,calc_pdf_p116,,CALCULATION,HIGH,UNVERIFIED,APPROVED_REPORT_DRAWING_GOLDEN,report Golden from Phase 2-II candidate; HIGH confidence,,,H29_REFERENCE,Page element type 'section_header'.
G-RPT-1079,report,report.layout.CAL-P00117-CAL-SEC-3.1.1-001,ENT-LINE-ACL,3.1.1 解析方針,,,,text,CAL-P00117-CAL-SEC-3.1.1-001,RP-299,calc_pdf_p117,,CALCULATION,HIGH,UNVERIFIED,APPROVED_REPORT_DRAWING_GOLDEN,report Golden from Phase 2-II candidate; HIGH confidence,,,H29_REFERENCE,Page element type 'subsection_header'.
G-RPT-1080,report,report.layout.CAL-P00117-CAL-SEC-3.1.1-002,ENT-LINE-ACL,解析方法: 主桁/横桁を骨組とした平面格子構造物として変形法による,,,,NOTE,CAL-P00117-CAL-SEC-3.1.1-002,RP-301,calc_pdf_p117,,CALCULATION,HIGH,UNVERIFIED,APPROVED_REPORT_DRAWING_GOLDEN,report Golden from Phase 2-II candidate; HIGH confidence,,,H29_REFERENCE,Page element type 'text_block'.
G-RPT-1081,report,report.layout.CAL-P00117-CAL-SEC-3.1.1-003,ENT-LINE-ACL,解析プログラム: 鋼橋自動設計システム APOLLO Analyzer 株式会社横河技術情報,,,,NOTE,CAL-P00117-CAL-SEC-3.1.1-003,RP-302,calc_pdf_p117,,CALCULATION,HIGH,UNVERIFIED,APPROVED_REPORT_DRAWING_GOLDEN,report Golden from Phase 2-II candidate; HIGH confidence,,,H29_REFERENCE,Page element type 'text_block'.
G-RPT-1082,report,report.layout.CAL-P00118-CAL-SEC-3.1.2-001,ENT-LINE-ACL,3.1.2 荷重強度,,,,text,CAL-P00118-CAL-SEC-3.1.2-001,RP-303,calc_pdf_p118,,CALCULATION,HIGH,UNVERIFIED,APPROVED_REPORT_DRAWING_GOLDEN,report Golden from Phase 2-II candidate; HIGH confidence,,,H29_REFERENCE,Page element type 'subsection_header'.
G-RPT-1083,report,report.layout.CAL-P00118-CAL-SEC-3.1.2-002,ENT-LINE-ACL,標準断面図,,,,figure,CAL-P00118-CAL-SEC-3.1.2-002,RP-305,calc_pdf_p118,,CALCULATION,HIGH,UNVERIFIED,APPROVED_REPORT_DRAWING_GOLDEN,report Golden from Phase 2-II candidate; HIGH confidence,,,H29_REFERENCE,Page element type 'figure'.
G-RPT-1084,report,report.layout.CAL-P00119-CAL-SEC-3.1.2-001,ENT-LINE-ACL,(2) 死荷重,,,,text,CAL-P00119-CAL-SEC-3.1.2-001,RP-306,calc_pdf_p119,,CALCULATION,HIGH,UNVERIFIED,APPROVED_REPORT_DRAWING_GOLDEN,report Golden from Phase 2-II candidate; HIGH confidence,,,H29_REFERENCE,Page element type 'subsection_header'.
G-RPT-1085,report,report.layout.CAL-P00119-CAL-SEC-3.1.2-002,ENT-LINE-ACL,死荷重一覧表,,,,text,CAL-P00119-CAL-SEC-3.1.2-002,RP-308,calc_pdf_p119,,CALCULATION,HIGH,UNVERIFIED,APPROVED_REPORT_DRAWING_GOLDEN,report Golden from Phase 2-II candidate; HIGH confidence,,,H29_REFERENCE,Page element type 'table'.
G-RPT-1086,report,report.layout.CAL-P00121-CAL-SEC-3.1.2-001,ENT-LINE-ACL,1) 死荷重詳細計算 A) ハンチ荷重,,,,text,CAL-P00121-CAL-SEC-3.1.2-001,RP-309,calc_pdf_p121,,CALCULATION,HIGH,UNVERIFIED,APPROVED_REPORT_DRAWING_GOLDEN,report Golden from Phase 2-II candidate; HIGH confidence,,,H29_REFERENCE,Page element type 'subsection_header'.
G-RPT-1087,report,report.layout.CAL-P00121-CAL-SEC-3.1.2-002,ENT-LINE-ACL,B) 壁高欄荷重,,,,text,CAL-P00121-CAL-SEC-3.1.2-002,RP-311,calc_pdf_p121,,CALCULATION,HIGH,UNVERIFIED,APPROVED_REPORT_DRAWING_GOLDEN,report Golden from Phase 2-II candidate; HIGH confidence,,,H29_REFERENCE,Page element type 'subsection_header'.
G-RPT-1088,report,report.layout.CAL-P00122-CAL-SEC-3.1.2-001,ENT-LINE-ACL,C) 左側壁高欄の荷重載荷,,,,text,CAL-P00122-CAL-SEC-3.1.2-001,RP-313,calc_pdf_p122,,CALCULATION,HIGH,UNVERIFIED,APPROVED_REPORT_DRAWING_GOLDEN,report Golden from Phase 2-II candidate; HIGH confidence,,,H29_REFERENCE,Page element type 'subsection_header'.
G-RPT-1089,report,report.layout.CAL-P00122-CAL-SEC-3.1.2-002,ENT-LINE-ACL,D) 左側遮音壁の荷重載荷,,,,text,CAL-P00122-CAL-SEC-3.1.2-002,RP-315,calc_pdf_p122,,CALCULATION,HIGH,UNVERIFIED,APPROVED_REPORT_DRAWING_GOLDEN,report Golden from Phase 2-II candidate; HIGH confidence,,,H29_REFERENCE,Page element type 'subsection_header'.
G-RPT-1090,report,report.layout.CAL-P00123-CAL-SEC-3.1.2-001,ENT-LINE-ACL,E) ノーズ部,,,,text,CAL-P00123-CAL-SEC-3.1.2-001,RP-317,calc_pdf_p123,,CALCULATION,HIGH,UNVERIFIED,APPROVED_REPORT_DRAWING_GOLDEN,report Golden from Phase 2-II candidate; HIGH confidence,,,H29_REFERENCE,Page element type 'subsection_header'.
G-RPT-1091,report,report.layout.CAL-P00123-CAL-SEC-3.1.2-002,ENT-LINE-ACL,ノーズ部壁高欄断面図,,,,figure,CAL-P00123-CAL-SEC-3.1.2-002,RP-319,calc_pdf_p123,,CALCULATION,HIGH,UNVERIFIED,APPROVED_REPORT_DRAWING_GOLDEN,report Golden from Phase 2-II candidate; HIGH confidence,,,H29_REFERENCE,Page element type 'figure'.
G-RPT-1092,report,report.layout.CAL-P00124-CAL-SEC-3.1.2-001,ENT-LINE-ACL,a) ノーズ部の地覆荷重および壁高欄荷重(ガードレール含む),,,,text,CAL-P00124-CAL-SEC-3.1.2-001,RP-320,calc_pdf_p124,,CALCULATION,HIGH,UNVERIFIED,APPROVED_REPORT_DRAWING_GOLDEN,report Golden from Phase 2-II candidate; HIGH confidence,,,H29_REFERENCE,Page element type 'subsection_header'.
G-RPT-1093,report,report.layout.CAL-P00125-CAL-SEC-3.1.2-001,ENT-LINE-ACL,b) 床版拡幅部荷重,,,,text,CAL-P00125-CAL-SEC-3.1.2-001,RP-322,calc_pdf_p125,,CALCULATION,HIGH,UNVERIFIED,APPROVED_REPORT_DRAWING_GOLDEN,report Golden from Phase 2-II candidate; HIGH confidence,,,H29_REFERENCE,Page element type 'subsection_header'.
G-RPT-1094,report,report.layout.CAL-P00125-CAL-SEC-3.1.2-002,ENT-LINE-ACL,ノーズ部地覆等の格点荷重,,,,text,CAL-P00125-CAL-SEC-3.1.2-002,RP-324,calc_pdf_p125,,CALCULATION,HIGH,UNVERIFIED,APPROVED_REPORT_DRAWING_GOLDEN,report Golden from Phase 2-II candidate; HIGH confidence,,,H29_REFERENCE,Page element type 'table'.
G-RPT-1095,report,report.layout.CAL-P00126-CAL-SEC-3.1.2-001,ENT-LINE-ACL,F) ノーズ部の床版打下ろし荷重,,,,text,CAL-P00126-CAL-SEC-3.1.2-001,RP-325,calc_pdf_p126,,CALCULATION,HIGH,UNVERIFIED,APPROVED_REPORT_DRAWING_GOLDEN,report Golden from Phase 2-II candidate; HIGH confidence,,,H29_REFERENCE,Page element type 'subsection_header'.
G-RPT-1096,report,report.layout.CAL-P00126-CAL-SEC-3.1.2-002,ENT-LINE-ACL,ノーズ部床版打下ろし断面図,,,,figure,CAL-P00126-CAL-SEC-3.1.2-002,RP-327,calc_pdf_p126,,CALCULATION,HIGH,UNVERIFIED,APPROVED_REPORT_DRAWING_GOLDEN,report Golden from Phase 2-II candidate; HIGH confidence,,,H29_REFERENCE,Page element type 'figure'.
G-RPT-1097,report,report.layout.CAL-P00127-CAL-SEC-3.1.2-001,ENT-LINE-ACL,a) ノーズ部の打下ろし荷重(詳細),,,,text,CAL-P00127-CAL-SEC-3.1.2-001,RP-328,calc_pdf_p127,,CALCULATION,HIGH,UNVERIFIED,APPROVED_REPORT_DRAWING_GOLDEN,report Golden from Phase 2-II candidate; HIGH confidence,,,H29_REFERENCE,Page element type 'subsection_header'.
G-RPT-1098,report,report.layout.CAL-P00128-CAL-SEC-3.1.2-001,ENT-LINE-ACL,ノーズ部打下ろし荷重(続き),,,,text,CAL-P00128-CAL-SEC-3.1.2-001,RP-330,calc_pdf_p128,,CALCULATION,HIGH,UNVERIFIED,APPROVED_REPORT_DRAWING_GOLDEN,report Golden from Phase 2-II candidate; HIGH confidence,,,H29_REFERENCE,Page element type 'subsection_header'.
G-RPT-1099,report,report.layout.CAL-P00128-CAL-SEC-3.1.2-002,ENT-LINE-ACL,ノーズ部打下ろし荷重の格点荷重,,,,text,CAL-P00128-CAL-SEC-3.1.2-002,RP-332,calc_pdf_p128,,CALCULATION,HIGH,UNVERIFIED,APPROVED_REPORT_DRAWING_GOLDEN,report Golden from Phase 2-II candidate; HIGH confidence,,,H29_REFERENCE,Page element type 'table'.
G-RPT-1100,report,report.layout.CAL-P00129-CAL-SEC-3.1.2-001,ENT-LINE-ACL,G) 床版打下し荷重 <桁端部 S1側>,,,,text,CAL-P00129-CAL-SEC-3.1.2-001,RP-333,calc_pdf_p129,,CALCULATION,HIGH,UNVERIFIED,APPROVED_REPORT_DRAWING_GOLDEN,report Golden from Phase 2-II candidate; HIGH confidence,,,H29_REFERENCE,Page element type 'subsection_header'.
G-RPT-1101,report,report.layout.CAL-P00130-CAL-SEC-3.1.2-001,ENT-LINE-ACL,<桁端部 S2側>,,,,text,CAL-P00130-CAL-SEC-3.1.2-001,RP-335,calc_pdf_p130,,CALCULATION,HIGH,UNVERIFIED,APPROVED_REPORT_DRAWING_GOLDEN,report Golden from Phase 2-II candidate; HIGH confidence,,,H29_REFERENCE,Page element type 'subsection_header'.
G-RPT-1102,report,report.layout.CAL-P00131-CAL-SEC-3.1.2-001,ENT-LINE-ACL,"<中間支点部 PR1,PR2>",,,,text,CAL-P00131-CAL-SEC-3.1.2-001,RP-337,calc_pdf_p131,,CALCULATION,HIGH,UNVERIFIED,APPROVED_REPORT_DRAWING_GOLDEN,report Golden from Phase 2-II candidate; HIGH confidence,,,H29_REFERENCE,Page element type 'subsection_header'.
G-RPT-1103,report,report.layout.CAL-P00131-CAL-SEC-3.1.2-002,ENT-LINE-ACL,床版打下し荷重格点荷重一覧,,,,text,CAL-P00131-CAL-SEC-3.1.2-002,RP-339,calc_pdf_p131,,CALCULATION,HIGH,UNVERIFIED,APPROVED_REPORT_DRAWING_GOLDEN,report Golden from Phase 2-II candidate; HIGH confidence,,,H29_REFERENCE,Page element type 'table'.
G-RPT-1104,report,report.layout.CAL-P00132-CAL-SEC-3.1.2-001,ENT-LINE-ACL,H) 桁端部荷重 <S1側>,,,,text,CAL-P00132-CAL-SEC-3.1.2-001,RP-340,calc_pdf_p132,,CALCULATION,HIGH,UNVERIFIED,APPROVED_REPORT_DRAWING_GOLDEN,report Golden from Phase 2-II candidate; HIGH confidence,,,H29_REFERENCE,Page element type 'subsection_header'.
G-RPT-1105,report,report.layout.CAL-P00132-CAL-SEC-3.1.2-002,ENT-LINE-ACL,<S2側>,,,,text,CAL-P00132-CAL-SEC-3.1.2-002,RP-342,calc_pdf_p132,,CALCULATION,HIGH,UNVERIFIED,APPROVED_REPORT_DRAWING_GOLDEN,report Golden from Phase 2-II candidate; HIGH confidence,,,H29_REFERENCE,Page element type 'subsection_header'.
G-RPT-1106,report,report.layout.CAL-P00133-CAL-SEC-3.1.2-001,ENT-LINE-ACL,I) 巻き立てコンクリート荷重,,,,text,CAL-P00133-CAL-SEC-3.1.2-001,RP-344,calc_pdf_p133,,CALCULATION,HIGH,UNVERIFIED,APPROVED_REPORT_DRAWING_GOLDEN,report Golden from Phase 2-II candidate; HIGH confidence,,,H29_REFERENCE,Page element type 'subsection_header'.
G-RPT-1107,report,report.layout.CAL-P00133-CAL-SEC-3.1.2-002,ENT-LINE-ACL,巻き立てコンクリート寸法表,,,,text,CAL-P00133-CAL-SEC-3.1.2-002,RP-346,calc_pdf_p133,,CALCULATION,HIGH,UNVERIFIED,APPROVED_REPORT_DRAWING_GOLDEN,report Golden from Phase 2-II candidate; HIGH confidence,,,H29_REFERENCE,Page element type 'table'.
G-RPT-1108,report,report.layout.CAL-P00134-CAL-SEC-3.1.2-001,ENT-LINE-ACL,巻き立てコンクリート荷重 S1側 AG1=215kN AG2=215kN,,,,NOTE,CAL-P00134-CAL-SEC-3.1.2-001,RP-347,calc_pdf_p134,,CALCULATION,HIGH,UNVERIFIED,APPROVED_REPORT_DRAWING_GOLDEN,report Golden from Phase 2-II candidate; HIGH confidence,,,H29_REFERENCE,Page element type 'text_block'.
G-RPT-1109,report,report.layout.CAL-P00135-CAL-SEC-3.1.2-001,ENT-LINE-ACL,巻き立てコンクリート荷重 S2側/PR1/PR2,,,,NOTE,CAL-P00135-CAL-SEC-3.1.2-001,RP-348,calc_pdf_p135,,CALCULATION,HIGH,UNVERIFIED,APPROVED_REPORT_DRAWING_GOLDEN,report Golden from Phase 2-II candidate; HIGH confidence,,,H29_REFERENCE,Page element type 'text_block'.
G-RPT-1110,report,report.layout.CAL-P00135-CAL-SEC-3.1.2-002,ENT-LINE-ACL,(3) 活荷重 (a) 活荷重,,,,text,CAL-P00135-CAL-SEC-3.1.2-002,RP-349,calc_pdf_p135,,CALCULATION,HIGH,UNVERIFIED,APPROVED_REPORT_DRAWING_GOLDEN,report Golden from Phase 2-II candidate; HIGH confidence,,,H29_REFERENCE,Page element type 'subsection_header'.
G-RPT-1111,report,report.layout.CAL-P00135-CAL-SEC-3.1.2-003,ENT-LINE-ACL,(b) 衝撃係数,,,,text,CAL-P00135-CAL-SEC-3.1.2-003,RP-351,calc_pdf_p135,,CALCULATION,HIGH,UNVERIFIED,APPROVED_REPORT_DRAWING_GOLDEN,report Golden from Phase 2-II candidate; HIGH confidence,,,H29_REFERENCE,Page element type 'subsection_header'.
G-RPT-1112,report,report.layout.CAL-P00135-CAL-SEC-3.1.2-004,ENT-LINE-ACL,衝撃係数一覧,,,,text,CAL-P00135-CAL-SEC-3.1.2-004,RP-353,calc_pdf_p135,,CALCULATION,HIGH,UNVERIFIED,APPROVED_REPORT_DRAWING_GOLDEN,report Golden from Phase 2-II candidate; HIGH confidence,,,H29_REFERENCE,Page element type 'table'.
G-RPT-1113,report,report.layout.CAL-P00136-CAL-SEC-3.1.2-001,ENT-LINE-ACL,(4) 組み合わせ係数および荷重係数,,,,text,CAL-P00136-CAL-SEC-3.1.2-001,RP-354,calc_pdf_p136,,CALCULATION,HIGH,UNVERIFIED,APPROVED_REPORT_DRAWING_GOLDEN,report Golden from Phase 2-II candidate; HIGH confidence,,,H29_REFERENCE,Page element type 'subsection_header'.
G-RPT-1114,report,report.layout.CAL-P00137-CAL-SEC-3.1.2-001,ENT-LINE-ACL,(5) 荷重載荷図,,,,text,CAL-P00137-CAL-SEC-3.1.2-001,RP-356,calc_pdf_p137,,CALCULATION,HIGH,UNVERIFIED,APPROVED_REPORT_DRAWING_GOLDEN,report Golden from Phase 2-II candidate; HIGH confidence,,,H29_REFERENCE,Page element type 'subsection_header'.
G-RPT-1115,report,report.layout.CAL-P00138-CAL-SEC-3.1.2-001,ENT-LINE-ACL,荷重載荷図(続き),,,,figure,CAL-P00138-CAL-SEC-3.1.2-001,RP-358,calc_pdf_p138,,CALCULATION,HIGH,UNVERIFIED,APPROVED_REPORT_DRAWING_GOLDEN,report Golden from Phase 2-II candidate; HIGH confidence,,,H29_REFERENCE,Page element type 'figure'.
G-RPT-1116,report,report.layout.CAL-P00138-CAL-SEC-3.1.2-002,ENT-LINE-ACL,格点集中荷重一覧表,,,,text,CAL-P00138-CAL-SEC-3.1.2-002,RP-359,calc_pdf_p138,,CALCULATION,HIGH,UNVERIFIED,APPROVED_REPORT_DRAWING_GOLDEN,report Golden from Phase 2-II candidate; HIGH confidence,,,H29_REFERENCE,Page element type 'table'.
G-RPT-1117,report,report.layout.CAL-P00139-CAL-SEC-3.1.2-001,ENT-LINE-ACL,(6) 死荷重反力の確認,,,,text,CAL-P00139-CAL-SEC-3.1.2-001,RP-360,calc_pdf_p139,,CALCULATION,HIGH,UNVERIFIED,APPROVED_REPORT_DRAWING_GOLDEN,report Golden from Phase 2-II candidate; HIGH confidence,,,H29_REFERENCE,Page element type 'subsection_header'.
G-RPT-1118,report,report.layout.CAL-P00139-CAL-SEC-3.1.2-002,ENT-LINE-ACL,死荷重反力計算表,,,,text,CAL-P00139-CAL-SEC-3.1.2-002,RP-362,calc_pdf_p139,,CALCULATION,HIGH,UNVERIFIED,APPROVED_REPORT_DRAWING_GOLDEN,report Golden from Phase 2-II candidate; HIGH confidence,,,H29_REFERENCE,Page element type 'table'.
G-RPT-1119,report,report.layout.CAL-P00140-CAL-SEC-3.1.2-001,ENT-LINE-ACL,死荷重反力の比較 計算値vs解析値,,,,text,CAL-P00140-CAL-SEC-3.1.2-001,RP-363,calc_pdf_p140,,CALCULATION,HIGH,UNVERIFIED,APPROVED_REPORT_DRAWING_GOLDEN,report Golden from Phase 2-II candidate; HIGH confidence,,,H29_REFERENCE,Page element type 'table'.
G-RPT-1120,report,report.layout.CAL-P00140-CAL-SEC-3.1.2-002,ENT-LINE-ACL,死荷重反力集計 全体座標系Z軸方向,,,,text,CAL-P00140-CAL-SEC-3.1.2-002,RP-364,calc_pdf_p140,,CALCULATION,HIGH,UNVERIFIED,APPROVED_REPORT_DRAWING_GOLDEN,report Golden from Phase 2-II candidate; HIGH confidence,,,H29_REFERENCE,Page element type 'table'.
G-RPT-1121,report,report.layout.CAL-P00141-CAL-SEC-3.1.3-001,ENT-LINE-ACL,3.1.3 格点座標,,,,text,CAL-P00141-CAL-SEC-3.1.3-001,RP-365,calc_pdf_p141,,CALCULATION,HIGH,UNVERIFIED,APPROVED_REPORT_DRAWING_GOLDEN,report Golden from Phase 2-II candidate; HIGH confidence,,,H29_REFERENCE,Page element type 'subsection_header'.
G-RPT-1122,report,report.layout.CAL-P00141-CAL-SEC-3.1.3-002,ENT-LINE-ACL,AG1桁 格点座標表,,,,text,CAL-P00141-CAL-SEC-3.1.3-002,RP-367,calc_pdf_p141,,CALCULATION,HIGH,UNVERIFIED,APPROVED_REPORT_DRAWING_GOLDEN,report Golden from Phase 2-II candidate; HIGH confidence,,,H29_REFERENCE,Page element type 'table'.
G-RPT-1123,report,report.layout.CAL-P00141-CAL-SEC-3.1.3-003,ENT-LINE-ACL,AG2桁 格点座標表,,,,text,CAL-P00141-CAL-SEC-3.1.3-003,RP-368,calc_pdf_p141,,CALCULATION,HIGH,UNVERIFIED,APPROVED_REPORT_DRAWING_GOLDEN,report Golden from Phase 2-II candidate; HIGH confidence,,,H29_REFERENCE,Page element type 'table'.
G-RPT-1124,report,report.layout.CAL-P00142-CAL-SEC-3.1.4-001,ENT-LINE-ACL,3.1.4 格点番号および部材番号,,,,text,CAL-P00142-CAL-SEC-3.1.4-001,RP-369,calc_pdf_p142,,CALCULATION,HIGH,UNVERIFIED,APPROVED_REPORT_DRAWING_GOLDEN,report Golden from Phase 2-II candidate; HIGH confidence,,,H29_REFERENCE,Page element type 'subsection_header'.
G-RPT-1125,report,report.layout.CAL-P00142-CAL-SEC-3.1.4-002,ENT-LINE-ACL,格点番号および部材番号図,,,,figure,CAL-P00142-CAL-SEC-3.1.4-002,RP-371,calc_pdf_p142,,CALCULATION,HIGH,UNVERIFIED,APPROVED_REPORT_DRAWING_GOLDEN,report Golden from Phase 2-II candidate; HIGH confidence,,,H29_REFERENCE,Page element type 'figure'.
G-RPT-1126,report,report.layout.CAL-P00143-CAL-SEC-3.1.5-001,ENT-LINE-ACL,3.1.5 仮定剛度,,,,text,CAL-P00143-CAL-SEC-3.1.5-001,RP-372,calc_pdf_p143,,CALCULATION,HIGH,UNVERIFIED,APPROVED_REPORT_DRAWING_GOLDEN,report Golden from Phase 2-II candidate; HIGH confidence,,,H29_REFERENCE,Page element type 'subsection_header'.
G-RPT-1127,report,report.layout.CAL-P00143-CAL-SEC-3.1.5-002,ENT-LINE-ACL,AG1桁 仮定剛度表,,,,text,CAL-P00143-CAL-SEC-3.1.5-002,RP-374,calc_pdf_p143,,CALCULATION,HIGH,UNVERIFIED,APPROVED_REPORT_DRAWING_GOLDEN,report Golden from Phase 2-II candidate; HIGH confidence,,,H29_REFERENCE,Page element type 'table'.
G-RPT-1128,report,report.layout.CAL-P00144-CAL-SEC-3.1.5-001,ENT-LINE-ACL,AG2桁/横桁 仮定剛度表,,,,text,CAL-P00144-CAL-SEC-3.1.5-001,RP-375,calc_pdf_p144,,CALCULATION,HIGH,UNVERIFIED,APPROVED_REPORT_DRAWING_GOLDEN,report Golden from Phase 2-II candidate; HIGH confidence,,,H29_REFERENCE,Page element type 'table'.
G-RPT-1129,report,report.layout.CAL-P00145-CAL-SEC-3.1.6-001,ENT-LINE-ACL,3.1.6 格子解析データ,,,,text,CAL-P00145-CAL-SEC-3.1.6-001,RP-376,calc_pdf_p145,,CALCULATION,HIGH,UNVERIFIED,APPROVED_REPORT_DRAWING_GOLDEN,report Golden from Phase 2-II candidate; HIGH confidence,,,H29_REFERENCE,Page element type 'subsection_header'.
G-RPT-1130,report,report.layout.CAL-P00145-CAL-SEC-3.1.6-002,ENT-LINE-ACL,解析モデル概要,,,,text,CAL-P00145-CAL-SEC-3.1.6-002,RP-378,calc_pdf_p145,,CALCULATION,HIGH,UNVERIFIED,APPROVED_REPORT_DRAWING_GOLDEN,report Golden from Phase 2-II candidate; HIGH confidence,,,H29_REFERENCE,Page element type 'table'.
G-RPT-1131,report,report.layout.CAL-P00146-CAL-SEC-3.1.6-001,ENT-LINE-ACL,構造節点データ ブロック1,,,,text,CAL-P00146-CAL-SEC-3.1.6-001,RP-379,calc_pdf_p146,,CALCULATION,HIGH,UNVERIFIED,APPROVED_REPORT_DRAWING_GOLDEN,report Golden from Phase 2-II candidate; HIGH confidence,,,H29_REFERENCE,Page element type 'table'.
G-RPT-1132,report,report.layout.CAL-P00147-CAL-SEC-3.1.6-001,ENT-LINE-ACL,構造節点データ(続き) 自由度拘束,,,,text,CAL-P00147-CAL-SEC-3.1.6-001,RP-380,calc_pdf_p147,,CALCULATION,HIGH,UNVERIFIED,APPROVED_REPORT_DRAWING_GOLDEN,report Golden from Phase 2-II candidate; HIGH confidence,,,H29_REFERENCE,Page element type 'table'.
G-RPT-1133,report,report.layout.CAL-P00148-CAL-SEC-3.1.6-001,ENT-LINE-ACL,構造節点データ ブロック1(続き) nodes 1025-2027,,,,text,CAL-P00148-CAL-SEC-3.1.6-001,RP-381,calc_pdf_p148,,CALCULATION,HIGH,UNVERIFIED,APPROVED_REPORT_DRAWING_GOLDEN,report Golden from Phase 2-II candidate; HIGH confidence,,,H29_REFERENCE,Page element type 'table'.
G-RPT-1134,report,report.layout.CAL-P00149-CAL-SEC-3.1.6-001,ENT-LINE-ACL,材料定数データ MATE1,,,,text,CAL-P00149-CAL-SEC-3.1.6-001,RP-382,calc_pdf_p149,,CALCULATION,HIGH,UNVERIFIED,APPROVED_REPORT_DRAWING_GOLDEN,report Golden from Phase 2-II candidate; HIGH confidence,,,H29_REFERENCE,Page element type 'table'.
G-RPT-1135,report,report.layout.CAL-P00150-CAL-SEC-3.1.6-001,ENT-LINE-ACL,要素剛性データ 梁要素(BEAM) 剛性番号1-30,,,,text,CAL-P00150-CAL-SEC-3.1.6-001,RP-383,calc_pdf_p150,,CALCULATION,HIGH,UNVERIFIED,APPROVED_REPORT_DRAWING_GOLDEN,report Golden from Phase 2-II candidate; HIGH confidence,,,H29_REFERENCE,Page element type 'table'.
G-RPT-1136,report,report.layout.CAL-P00151-CAL-SEC-3.1.6-001,ENT-LINE-ACL,要素剛性データ(続き) 剛性番号31-60,,,,text,CAL-P00151-CAL-SEC-3.1.6-001,RP-384,calc_pdf_p151,,CALCULATION,HIGH,UNVERIFIED,APPROVED_REPORT_DRAWING_GOLDEN,report Golden from Phase 2-II candidate; HIGH confidence,,,H29_REFERENCE,Page element type 'table'.
G-RPT-1137,report,report.layout.CAL-P00178-CAL-SEC-3.1.6-001,ENT-LINE-ACL,荷重データ(節点荷重),,,,text,CAL-P00178-CAL-SEC-3.1.6-001,RP-385,calc_pdf_p178,,CALCULATION,HIGH,UNVERIFIED,APPROVED_REPORT_DRAWING_GOLDEN,report Golden from Phase 2-II candidate; HIGH confidence,,,H29_REFERENCE,Page element type 'table'.
G-RPT-1138,report,report.layout.CAL-P00179-CAL-SEC-3.1.6-001,ENT-LINE-ACL,荷重データ(続き),,,,text,CAL-P00179-CAL-SEC-3.1.6-001,RP-386,calc_pdf_p179,,CALCULATION,HIGH,UNVERIFIED,APPROVED_REPORT_DRAWING_GOLDEN,report Golden from Phase 2-II candidate; HIGH confidence,,,H29_REFERENCE,Page element type 'table'.
G-RPT-1139,report,report.layout.CAL-P00180-CAL-SEC-3.1.7-001,ENT-LINE-ACL,3.1.7 格子解析結果,,,,text,CAL-P00180-CAL-SEC-3.1.7-001,RP-387,calc_pdf_p180,,CALCULATION,HIGH,UNVERIFIED,APPROVED_REPORT_DRAWING_GOLDEN,report Golden from Phase 2-II candidate; HIGH confidence,,,H29_REFERENCE,Page element type 'subsection_header'.
G-RPT-1140,report,report.layout.CAL-P00180-CAL-SEC-3.1.7-002,ENT-LINE-ACL,解析ケース一覧,,,,text,CAL-P00180-CAL-SEC-3.1.7-002,RP-389,calc_pdf_p180,,CALCULATION,HIGH,UNVERIFIED,APPROVED_REPORT_DRAWING_GOLDEN,report Golden from Phase 2-II candidate; HIGH confidence,,,H29_REFERENCE,Page element type 'table'.
G-RPT-1141,report,report.layout.CAL-P00182-CAL-SEC-3.1.7-001,ENT-LINE-ACL,節点変位データ,,,,text,CAL-P00182-CAL-SEC-3.1.7-001,RP-390,calc_pdf_p182,,CALCULATION,HIGH,UNVERIFIED,APPROVED_REPORT_DRAWING_GOLDEN,report Golden from Phase 2-II candidate; HIGH confidence,,,H29_REFERENCE,Page element type 'table'.
G-RPT-1142,report,report.layout.CAL-P00221-CAL-SEC-3.1.7-001,ENT-LINE-ACL,部材断面力データ(最終ページ),,,,text,CAL-P00221-CAL-SEC-3.1.7-001,RP-391,calc_pdf_p221,,CALCULATION,HIGH,UNVERIFIED,APPROVED_REPORT_DRAWING_GOLDEN,report Golden from Phase 2-II candidate; HIGH confidence,,,H29_REFERENCE,Page element type 'table'.
G-RPT-1143,report,report.layout.CAL-P00222-CAL-SEC-3.1.8-001,ENT-LINE-ACL,3.1.8 反力および活荷重回転角,,,,text,CAL-P00222-CAL-SEC-3.1.8-001,RP-392,calc_pdf_p222,,CALCULATION,HIGH,UNVERIFIED,APPROVED_REPORT_DRAWING_GOLDEN,report Golden from Phase 2-II candidate; HIGH confidence,,,H29_REFERENCE,Page element type 'subsection_header'.
G-RPT-1144,report,report.layout.CAL-P00222-CAL-SEC-3.1.8-002,ENT-LINE-ACL,鉛直方向死荷重反力表,,,,text,CAL-P00222-CAL-SEC-3.1.8-002,RP-394,calc_pdf_p222,,CALCULATION,HIGH,UNVERIFIED,APPROVED_REPORT_DRAWING_GOLDEN,report Golden from Phase 2-II candidate; HIGH confidence,,,H29_REFERENCE,Page element type 'table'.
G-RPT-1145,report,report.layout.CAL-P00223-CAL-SEC-3.1.8-001,ENT-LINE-ACL,上部工反力 鉛直方向反力 死荷重/活荷重,,,,text,CAL-P00223-CAL-SEC-3.1.8-001,RP-395,calc_pdf_p223,,CALCULATION,HIGH,UNVERIFIED,APPROVED_REPORT_DRAWING_GOLDEN,report Golden from Phase 2-II candidate; HIGH confidence,,,H29_REFERENCE,Page element type 'table'.
G-RPT-1146,report,report.layout.CAL-P00276-CAL-SEC-3.1.8-001,ENT-LINE-ACL,活荷重回転角データ,,,,text,CAL-P00276-CAL-SEC-3.1.8-001,RP-396,calc_pdf_p276,,CALCULATION,HIGH,UNVERIFIED,APPROVED_REPORT_DRAWING_GOLDEN,report Golden from Phase 2-II candidate; HIGH confidence,,,H29_REFERENCE,Page element type 'table'.
G-RPT-1147,report,report.layout.CAL-P00277-CAL-SEC-3.1.9-001,ENT-LINE-ACL,3.1.9 設計断面力,,,,text,CAL-P00277-CAL-SEC-3.1.9-001,RP-397,calc_pdf_p277,,CALCULATION,HIGH,UNVERIFIED,APPROVED_REPORT_DRAWING_GOLDEN,report Golden from Phase 2-II candidate; HIGH confidence,,,H29_REFERENCE,Page element type 'subsection_header'.
G-RPT-1148,report,report.layout.CAL-P00290-CAL-SEC-3.1.9-001,ENT-LINE-ACL,設計断面力一覧(最終ページ),,,,text,CAL-P00290-CAL-SEC-3.1.9-001,RP-399,calc_pdf_p290,,CALCULATION,HIGH,UNVERIFIED,APPROVED_REPORT_DRAWING_GOLDEN,report Golden from Phase 2-II candidate; HIGH confidence,,,H29_REFERENCE,Page element type 'table'.
G-RPT-1149,report,report.layout.SRC-calculation_chapter_03_section_3_2_page_elements-001,ENT-LINE-ACL,,,,,text,SRC-calculation_chapter_03_section_3_2_page_elements-001,RP-581,,,UNKNOWN,HIGH,UNVERIFIED,APPROVED_REPORT_DRAWING_GOLDEN,report Golden from Phase 2-II candidate; HIGH confidence,,,H29_REFERENCE,Page element type 'header'.
G-RPT-1150,report,report.layout.SRC-calculation_chapter_03_section_3_2_page_elements-002,ENT-LINE-ACL,,,,,text,SRC-calculation_chapter_03_section_3_2_page_elements-002,RP-582,,,UNKNOWN,HIGH,UNVERIFIED,APPROVED_REPORT_DRAWING_GOLDEN,report Golden from Phase 2-II candidate; HIGH confidence,,,H29_REFERENCE,Page element type 'text'.
G-RPT-1151,report,report.layout.SRC-calculation_chapter_03_section_3_2_page_elements-003,ENT-LINE-ACL,,,,,text,SRC-calculation_chapter_03_section_3_2_page_elements-003,RP-583,,,UNKNOWN,HIGH,UNVERIFIED,APPROVED_REPORT_DRAWING_GOLDEN,report Golden from Phase 2-II candidate; HIGH confidence,,,H29_REFERENCE,Page element type 'text'.
G-RPT-1152,report,report.layout.SRC-calculation_chapter_03_section_3_2_page_elements-004,ENT-LINE-ACL,,,,,text,SRC-calculation_chapter_03_section_3_2_page_elements-004,RP-584,,,UNKNOWN,HIGH,UNVERIFIED,APPROVED_REPORT_DRAWING_GOLDEN,report Golden from Phase 2-II candidate; HIGH confidence,,,H29_REFERENCE,Page element type 'text'.
G-RPT-1153,report,report.layout.SRC-calculation_chapter_03_section_3_2_page_elements-005,ENT-LINE-ACL,,,,,text,SRC-calculation_chapter_03_section_3_2_page_elements-005,RP-585,,,UNKNOWN,HIGH,UNVERIFIED,APPROVED_REPORT_DRAWING_GOLDEN,report Golden from Phase 2-II candidate; HIGH confidence,,,H29_REFERENCE,Page element type 'text'.
G-RPT-1154,report,report.layout.SRC-calculation_chapter_03_section_3_2_page_elements-006,ENT-LINE-ACL,,,,,text,SRC-calculation_chapter_03_section_3_2_page_elements-006,RP-586,,,UNKNOWN,HIGH,UNVERIFIED,APPROVED_REPORT_DRAWING_GOLDEN,report Golden from Phase 2-II candidate; HIGH confidence,,,H29_REFERENCE,Page element type 'text'.
G-RPT-1155,report,report.layout.SRC-calculation_chapter_03_section_3_2_page_elements-007,ENT-LINE-ACL,,,,,text,SRC-calculation_chapter_03_section_3_2_page_elements-007,RP-587,,,UNKNOWN,HIGH,UNVERIFIED,APPROVED_REPORT_DRAWING_GOLDEN,report Golden from Phase 2-II candidate; HIGH confidence,,,H29_REFERENCE,Page element type 'text'.
G-RPT-1156,report,report.layout.SRC-calculation_chapter_03_section_3_2_page_elements-008,ENT-LINE-ACL,,,,,text,SRC-calculation_chapter_03_section_3_2_page_elements-008,RP-588,,,UNKNOWN,HIGH,UNVERIFIED,APPROVED_REPORT_DRAWING_GOLDEN,report Golden from Phase 2-II candidate; HIGH confidence,,,H29_REFERENCE,Page element type 'table'.
G-RPT-1157,report,report.layout.SRC-calculation_chapter_03_section_3_2_page_elements-009,ENT-LINE-ACL,,,,,text,SRC-calculation_chapter_03_section_3_2_page_elements-009,RP-589,,,UNKNOWN,HIGH,UNVERIFIED,APPROVED_REPORT_DRAWING_GOLDEN,report Golden from Phase 2-II candidate; HIGH confidence,,,H29_REFERENCE,Page element type 'table'.
G-RPT-1158,report,report.layout.SRC-calculation_chapter_03_section_3_2_page_elements-010,ENT-LINE-ACL,,,,,text,SRC-calculation_chapter_03_section_3_2_page_elements-010,RP-590,,,UNKNOWN,HIGH,UNVERIFIED,APPROVED_REPORT_DRAWING_GOLDEN,report Golden from Phase 2-II candidate; HIGH confidence,,,H29_REFERENCE,Page element type 'table'.
G-RPT-1159,report,report.layout.SRC-calculation_chapter_03_section_3_2_page_elements-011,ENT-LINE-ACL,,,,,text,SRC-calculation_chapter_03_section_3_2_page_elements-011,RP-591,,,UNKNOWN,HIGH,UNVERIFIED,APPROVED_REPORT_DRAWING_GOLDEN,report Golden from Phase 2-II candidate; HIGH confidence,,,H29_REFERENCE,Page element type 'table'.
G-RPT-1160,report,report.layout.SRC-calculation_chapter_03_section_3_2_page_elements-012,ENT-LINE-ACL,,,,,text,SRC-calculation_chapter_03_section_3_2_page_elements-012,RP-592,,,UNKNOWN,HIGH,UNVERIFIED,APPROVED_REPORT_DRAWING_GOLDEN,report Golden from Phase 2-II candidate; HIGH confidence,,,H29_REFERENCE,Page element type 'table'.
G-RPT-1161,report,report.layout.SRC-calculation_chapter_03_section_3_2_page_elements-013,ENT-LINE-ACL,,,,,text,SRC-calculation_chapter_03_section_3_2_page_elements-013,RP-593,,,UNKNOWN,HIGH,UNVERIFIED,APPROVED_REPORT_DRAWING_GOLDEN,report Golden from Phase 2-II candidate; HIGH confidence,,,H29_REFERENCE,Page element type 'table'.
G-RPT-1162,report,report.layout.SRC-calculation_chapter_03_section_3_2_page_elements-014,ENT-LINE-ACL,,,,,text,SRC-calculation_chapter_03_section_3_2_page_elements-014,RP-594,,,UNKNOWN,HIGH,UNVERIFIED,APPROVED_REPORT_DRAWING_GOLDEN,report Golden from Phase 2-II candidate; HIGH confidence,,,H29_REFERENCE,Page element type 'table'.
G-RPT-1163,report,report.layout.SRC-calculation_chapter_03_section_3_2_page_elements-015,ENT-LINE-ACL,,,,,text,SRC-calculation_chapter_03_section_3_2_page_elements-015,RP-595,,,UNKNOWN,HIGH,UNVERIFIED,APPROVED_REPORT_DRAWING_GOLDEN,report Golden from Phase 2-II candidate; HIGH confidence,,,H29_REFERENCE,Page element type 'table'.
G-RPT-1164,report,report.layout.SRC-calculation_chapter_03_section_3_2_page_elements-016,ENT-LINE-ACL,,,,,text,SRC-calculation_chapter_03_section_3_2_page_elements-016,RP-596,,,UNKNOWN,HIGH,UNVERIFIED,APPROVED_REPORT_DRAWING_GOLDEN,report Golden from Phase 2-II candidate; HIGH confidence,,,H29_REFERENCE,Page element type 'table'.
G-RPT-1165,report,report.layout.SRC-calculation_chapter_03_section_3_2_page_elements-017,ENT-LINE-ACL,,,,,text,SRC-calculation_chapter_03_section_3_2_page_elements-017,RP-597,,,UNKNOWN,HIGH,UNVERIFIED,APPROVED_REPORT_DRAWING_GOLDEN,report Golden from Phase 2-II candidate; HIGH confidence,,,H29_REFERENCE,Page element type 'table'.
G-RPT-1166,report,report.layout.SRC-calculation_chapter_03_section_3_2_page_elements-018,ENT-LINE-ACL,,,,,text,SRC-calculation_chapter_03_section_3_2_page_elements-018,RP-598,,,UNKNOWN,HIGH,UNVERIFIED,APPROVED_REPORT_DRAWING_GOLDEN,report Golden from Phase 2-II candidate; HIGH confidence,,,H29_REFERENCE,Page element type 'table'.
G-RPT-1167,report,report.layout.SRC-calculation_chapter_03_section_3_2_page_elements-019,ENT-LINE-ACL,,,,,text,SRC-calculation_chapter_03_section_3_2_page_elements-019,RP-599,,,UNKNOWN,HIGH,UNVERIFIED,APPROVED_REPORT_DRAWING_GOLDEN,report Golden from Phase 2-II candidate; HIGH confidence,,,H29_REFERENCE,Page element type 'table'.
G-RPT-1168,report,report.layout.SRC-calculation_chapter_03_section_3_2_page_elements-020,ENT-LINE-ACL,,,,,text,SRC-calculation_chapter_03_section_3_2_page_elements-020,RP-600,,,UNKNOWN,HIGH,UNVERIFIED,APPROVED_REPORT_DRAWING_GOLDEN,report Golden from Phase 2-II candidate; HIGH confidence,,,H29_REFERENCE,Page element type 'table'.
G-RPT-1169,report,report.layout.SRC-calculation_chapter_03_section_3_2_page_elements-021,ENT-LINE-ACL,,,,,text,SRC-calculation_chapter_03_section_3_2_page_elements-021,RP-601,,,UNKNOWN,HIGH,UNVERIFIED,APPROVED_REPORT_DRAWING_GOLDEN,report Golden from Phase 2-II candidate; HIGH confidence,,,H29_REFERENCE,Page element type 'table'.
G-RPT-1170,report,report.layout.SRC-calculation_chapter_03_section_3_2_page_elements-022,ENT-LINE-ACL,,,,,text,SRC-calculation_chapter_03_section_3_2_page_elements-022,RP-602,,,UNKNOWN,HIGH,UNVERIFIED,APPROVED_REPORT_DRAWING_GOLDEN,report Golden from Phase 2-II candidate; HIGH confidence,,,H29_REFERENCE,Page element type 'table'.
G-RPT-1171,report,report.layout.SRC-calculation_chapter_03_section_3_2_page_elements-023,ENT-LINE-ACL,,,,,text,SRC-calculation_chapter_03_section_3_2_page_elements-023,RP-603,,,UNKNOWN,HIGH,UNVERIFIED,APPROVED_REPORT_DRAWING_GOLDEN,report Golden from Phase 2-II candidate; HIGH confidence,,,H29_REFERENCE,Page element type 'table'.
G-RPT-1172,report,report.layout.SRC-calculation_chapter_03_section_3_2_page_elements-024,ENT-LINE-ACL,,,,,text,SRC-calculation_chapter_03_section_3_2_page_elements-024,RP-604,,,UNKNOWN,HIGH,UNVERIFIED,APPROVED_REPORT_DRAWING_GOLDEN,report Golden from Phase 2-II candidate; HIGH confidence,,,H29_REFERENCE,Page element type 'table'.
G-RPT-1173,report,report.layout.SRC-calculation_chapter_03_section_3_2_page_elements-025,ENT-LINE-ACL,,,,,text,SRC-calculation_chapter_03_section_3_2_page_elements-025,RP-605,,,UNKNOWN,HIGH,UNVERIFIED,APPROVED_REPORT_DRAWING_GOLDEN,report Golden from Phase 2-II candidate; HIGH confidence,,,H29_REFERENCE,Page element type 'table'.
G-RPT-1174,report,report.layout.SRC-calculation_chapter_03_section_3_2_page_elements-026,ENT-LINE-ACL,,,,,text,SRC-calculation_chapter_03_section_3_2_page_elements-026,RP-606,,,UNKNOWN,HIGH,UNVERIFIED,APPROVED_REPORT_DRAWING_GOLDEN,report Golden from Phase 2-II candidate; HIGH confidence,,,H29_REFERENCE,Page element type 'table'.
G-RPT-1175,report,report.layout.SRC-calculation_chapter_03_section_3_2_page_elements-027,ENT-LINE-ACL,,,,,text,SRC-calculation_chapter_03_section_3_2_page_elements-027,RP-607,,,UNKNOWN,HIGH,UNVERIFIED,APPROVED_REPORT_DRAWING_GOLDEN,report Golden from Phase 2-II candidate; HIGH confidence,,,H29_REFERENCE,Page element type 'table'.
G-RPT-1176,report,report.layout.SRC-calculation_chapter_03_section_3_2_page_elements-028,ENT-LINE-ACL,,,,,text,SRC-calculation_chapter_03_section_3_2_page_elements-028,RP-608,,,UNKNOWN,HIGH,UNVERIFIED,APPROVED_REPORT_DRAWING_GOLDEN,report Golden from Phase 2-II candidate; HIGH confidence,,,H29_REFERENCE,Page element type 'table'.
G-RPT-1177,report,report.layout.SRC-calculation_chapter_03_section_3_2_page_elements-029,ENT-LINE-ACL,,,,,text,SRC-calculation_chapter_03_section_3_2_page_elements-029,RP-609,,,UNKNOWN,HIGH,UNVERIFIED,APPROVED_REPORT_DRAWING_GOLDEN,report Golden from Phase 2-II candidate; HIGH confidence,,,H29_REFERENCE,Page element type 'table'.
G-RPT-1178,report,report.layout.SRC-calculation_chapter_03_section_3_2_page_elements-030,ENT-LINE-ACL,,,,,text,SRC-calculation_chapter_03_section_3_2_page_elements-030,RP-610,,,UNKNOWN,HIGH,UNVERIFIED,APPROVED_REPORT_DRAWING_GOLDEN,report Golden from Phase 2-II candidate; HIGH confidence,,,H29_REFERENCE,Page element type 'table'.
G-RPT-1179,report,report.layout.SRC-calculation_chapter_03_section_3_2_page_elements-031,ENT-LINE-ACL,,,,,text,SRC-calculation_chapter_03_section_3_2_page_elements-031,RP-611,,,UNKNOWN,HIGH,UNVERIFIED,APPROVED_REPORT_DRAWING_GOLDEN,report Golden from Phase 2-II candidate; HIGH confidence,,,H29_REFERENCE,Page element type 'table'.
G-RPT-1180,report,report.layout.SRC-calculation_chapter_03_section_3_2_page_elements-032,ENT-LINE-ACL,,,,,text,SRC-calculation_chapter_03_section_3_2_page_elements-032,RP-612,,,UNKNOWN,HIGH,UNVERIFIED,APPROVED_REPORT_DRAWING_GOLDEN,report Golden from Phase 2-II candidate; HIGH confidence,,,H29_REFERENCE,Page element type 'table'.
G-RPT-1181,report,report.layout.SRC-calculation_chapter_03_section_3_2_page_elements-033,ENT-LINE-ACL,,,,,text,SRC-calculation_chapter_03_section_3_2_page_elements-033,RP-613,,,UNKNOWN,HIGH,UNVERIFIED,APPROVED_REPORT_DRAWING_GOLDEN,report Golden from Phase 2-II candidate; HIGH confidence,,,H29_REFERENCE,Page element type 'table'.
G-RPT-1182,report,report.layout.SRC-calculation_chapter_03_section_3_2_page_elements-034,ENT-LINE-ACL,,,,,text,SRC-calculation_chapter_03_section_3_2_page_elements-034,RP-614,,,UNKNOWN,HIGH,UNVERIFIED,APPROVED_REPORT_DRAWING_GOLDEN,report Golden from Phase 2-II candidate; HIGH confidence,,,H29_REFERENCE,Page element type 'table'.
G-RPT-1183,report,report.layout.SRC-calculation_chapter_03_section_3_2_page_elements-035,ENT-LINE-ACL,,,,,text,SRC-calculation_chapter_03_section_3_2_page_elements-035,RP-615,,,UNKNOWN,HIGH,UNVERIFIED,APPROVED_REPORT_DRAWING_GOLDEN,report Golden from Phase 2-II candidate; HIGH confidence,,,H29_REFERENCE,Page element type 'table'.
G-RPT-1184,report,report.layout.SRC-calculation_chapter_03_section_3_2_page_elements-036,ENT-LINE-ACL,,,,,text,SRC-calculation_chapter_03_section_3_2_page_elements-036,RP-616,,,UNKNOWN,HIGH,UNVERIFIED,APPROVED_REPORT_DRAWING_GOLDEN,report Golden from Phase 2-II candidate; HIGH confidence,,,H29_REFERENCE,Page element type 'table'.
G-RPT-1185,report,report.layout.SRC-calculation_chapter_03_section_3_2_page_elements-037,ENT-LINE-ACL,,,,,text,SRC-calculation_chapter_03_section_3_2_page_elements-037,RP-617,,,UNKNOWN,HIGH,UNVERIFIED,APPROVED_REPORT_DRAWING_GOLDEN,report Golden from Phase 2-II candidate; HIGH confidence,,,H29_REFERENCE,Page element type 'table'.
G-RPT-1186,report,report.layout.SRC-calculation_chapter_03_section_3_2_page_elements-038,ENT-LINE-ACL,,,,,text,SRC-calculation_chapter_03_section_3_2_page_elements-038,RP-618,,,UNKNOWN,HIGH,UNVERIFIED,APPROVED_REPORT_DRAWING_GOLDEN,report Golden from Phase 2-II candidate; HIGH confidence,,,H29_REFERENCE,Page element type 'table'.
G-RPT-1187,report,report.layout.SRC-calculation_chapter_03_section_3_2_page_elements-039,ENT-LINE-ACL,,,,,text,SRC-calculation_chapter_03_section_3_2_page_elements-039,RP-619,,,UNKNOWN,HIGH,UNVERIFIED,APPROVED_REPORT_DRAWING_GOLDEN,report Golden from Phase 2-II candidate; HIGH confidence,,,H29_REFERENCE,Page element type 'table'.
G-RPT-1188,report,report.layout.SRC-calculation_chapter_03_section_3_2_page_elements-040,ENT-LINE-ACL,,,,,text,SRC-calculation_chapter_03_section_3_2_page_elements-040,RP-620,,,UNKNOWN,HIGH,UNVERIFIED,APPROVED_REPORT_DRAWING_GOLDEN,report Golden from Phase 2-II candidate; HIGH confidence,,,H29_REFERENCE,Page element type 'table'.
G-RPT-1189,report,report.layout.SRC-calculation_chapter_03_section_3_2_page_elements-041,ENT-LINE-ACL,,,,,text,SRC-calculation_chapter_03_section_3_2_page_elements-041,RP-621,,,UNKNOWN,HIGH,UNVERIFIED,APPROVED_REPORT_DRAWING_GOLDEN,report Golden from Phase 2-II candidate; HIGH confidence,,,H29_REFERENCE,Page element type 'table'.
G-RPT-1190,report,report.layout.SRC-calculation_chapter_03_section_3_2_page_elements-042,ENT-LINE-ACL,,,,,text,SRC-calculation_chapter_03_section_3_2_page_elements-042,RP-622,,,UNKNOWN,HIGH,UNVERIFIED,APPROVED_REPORT_DRAWING_GOLDEN,report Golden from Phase 2-II candidate; HIGH confidence,,,H29_REFERENCE,Page element type 'table'.
G-RPT-1191,report,report.layout.SRC-calculation_chapter_03_section_3_2_page_elements-043,ENT-LINE-ACL,,,,,text,SRC-calculation_chapter_03_section_3_2_page_elements-043,RP-623,,,UNKNOWN,HIGH,UNVERIFIED,APPROVED_REPORT_DRAWING_GOLDEN,report Golden from Phase 2-II candidate; HIGH confidence,,,H29_REFERENCE,Page element type 'table'.
G-RPT-1192,report,report.layout.SRC-calculation_chapter_03_section_3_2_page_elements-044,ENT-LINE-ACL,,,,,text,SRC-calculation_chapter_03_section_3_2_page_elements-044,RP-624,,,UNKNOWN,HIGH,UNVERIFIED,APPROVED_REPORT_DRAWING_GOLDEN,report Golden from Phase 2-II candidate; HIGH confidence,,,H29_REFERENCE,Page element type 'table'.
G-RPT-1193,report,report.layout.SRC-calculation_chapter_03_section_3_2_page_elements-045,ENT-LINE-ACL,,,,,text,SRC-calculation_chapter_03_section_3_2_page_elements-045,RP-625,,,UNKNOWN,HIGH,UNVERIFIED,APPROVED_REPORT_DRAWING_GOLDEN,report Golden from Phase 2-II candidate; HIGH confidence,,,H29_REFERENCE,Page element type 'table'.
G-RPT-1194,report,report.layout.SRC-calculation_chapter_03_section_3_2_page_elements-046,ENT-LINE-ACL,,,,,figure,SRC-calculation_chapter_03_section_3_2_page_elements-046,RP-626,,,UNKNOWN,HIGH,UNVERIFIED,APPROVED_REPORT_DRAWING_GOLDEN,report Golden from Phase 2-II candidate; HIGH confidence,,,H29_REFERENCE,Page element type 'figure'.
G-RPT-1195,report,report.layout.SRC-calculation_chapter_03_section_3_2_page_elements-047,ENT-LINE-ACL,,,,,figure,SRC-calculation_chapter_03_section_3_2_page_elements-047,RP-627,,,UNKNOWN,HIGH,UNVERIFIED,APPROVED_REPORT_DRAWING_GOLDEN,report Golden from Phase 2-II candidate; HIGH confidence,,,H29_REFERENCE,Page element type 'figure'.
G-RPT-1196,report,report.layout.SRC-calculation_chapter_03_section_3_2_page_elements-048,ENT-LINE-ACL,,,,,figure,SRC-calculation_chapter_03_section_3_2_page_elements-048,RP-628,,,UNKNOWN,HIGH,UNVERIFIED,APPROVED_REPORT_DRAWING_GOLDEN,report Golden from Phase 2-II candidate; HIGH confidence,,,H29_REFERENCE,Page element type 'figure'.
G-RPT-1197,report,report.layout.SRC-calculation_chapter_03_section_3_2_page_elements-049,ENT-LINE-ACL,,,,,figure,SRC-calculation_chapter_03_section_3_2_page_elements-049,RP-629,,,UNKNOWN,HIGH,UNVERIFIED,APPROVED_REPORT_DRAWING_GOLDEN,report Golden from Phase 2-II candidate; HIGH confidence,,,H29_REFERENCE,Page element type 'figure'.
G-RPT-1198,report,report.layout.SRC-calculation_chapter_03_section_3_2_page_elements-050,ENT-LINE-ACL,,,,,figure,SRC-calculation_chapter_03_section_3_2_page_elements-050,RP-630,,,UNKNOWN,HIGH,UNVERIFIED,APPROVED_REPORT_DRAWING_GOLDEN,report Golden from Phase 2-II candidate; HIGH confidence,,,H29_REFERENCE,Page element type 'figure'.
G-RPT-1199,report,report.layout.SRC-calculation_chapter_03_section_3_2_page_elements-051,ENT-LINE-ACL,,,,,text,SRC-calculation_chapter_03_section_3_2_page_elements-051,RP-631,,,UNKNOWN,HIGH,UNVERIFIED,APPROVED_REPORT_DRAWING_GOLDEN,report Golden from Phase 2-II candidate; HIGH confidence,,,H29_REFERENCE,Page element type 'text'.
G-RPT-1200,report,report.layout.SRC-calculation_chapter_03_section_3_2_page_elements-052,ENT-LINE-ACL,,,,,text,SRC-calculation_chapter_03_section_3_2_page_elements-052,RP-632,,,UNKNOWN,HIGH,UNVERIFIED,APPROVED_REPORT_DRAWING_GOLDEN,report Golden from Phase 2-II candidate; HIGH confidence,,,H29_REFERENCE,Page element type 'table'.
G-RPT-1201,report,report.layout.SRC-calculation_chapter_03_section_3_2_page_elements-053,ENT-LINE-ACL,,,,,text,SRC-calculation_chapter_03_section_3_2_page_elements-053,RP-633,,,UNKNOWN,HIGH,UNVERIFIED,APPROVED_REPORT_DRAWING_GOLDEN,report Golden from Phase 2-II candidate; HIGH confidence,,,H29_REFERENCE,Page element type 'table'.
G-RPT-1202,report,report.layout.SRC-calculation_chapter_03_section_3_2_page_elements-054,ENT-LINE-ACL,,,,,text,SRC-calculation_chapter_03_section_3_2_page_elements-054,RP-634,,,UNKNOWN,HIGH,UNVERIFIED,APPROVED_REPORT_DRAWING_GOLDEN,report Golden from Phase 2-II candidate; HIGH confidence,,,H29_REFERENCE,Page element type 'text'.
G-RPT-1203,report,report.layout.SRC-calculation_chapter_03_section_3_2_page_elements-055,ENT-LINE-ACL,,,,,text,SRC-calculation_chapter_03_section_3_2_page_elements-055,RP-635,,,UNKNOWN,HIGH,UNVERIFIED,APPROVED_REPORT_DRAWING_GOLDEN,report Golden from Phase 2-II candidate; HIGH confidence,,,H29_REFERENCE,Page element type 'table'.
G-RPT-1204,report,report.layout.SRC-calculation_chapter_03_section_3_2_page_elements-056,ENT-LINE-ACL,,,,,text,SRC-calculation_chapter_03_section_3_2_page_elements-056,RP-636,,,UNKNOWN,HIGH,UNVERIFIED,APPROVED_REPORT_DRAWING_GOLDEN,report Golden from Phase 2-II candidate; HIGH confidence,,,H29_REFERENCE,Page element type 'text'.
G-RPT-1205,report,report.layout.SRC-calculation_chapter_03_section_3_2_page_elements-057,ENT-LINE-ACL,,,,,text,SRC-calculation_chapter_03_section_3_2_page_elements-057,RP-637,,,UNKNOWN,HIGH,UNVERIFIED,APPROVED_REPORT_DRAWING_GOLDEN,report Golden from Phase 2-II candidate; HIGH confidence,,,H29_REFERENCE,Page element type 'table'.
G-RPT-1206,report,report.layout.SRC-calculation_chapter_03_section_3_2_page_elements-058,ENT-LINE-ACL,,,,,text,SRC-calculation_chapter_03_section_3_2_page_elements-058,RP-638,,,UNKNOWN,HIGH,UNVERIFIED,APPROVED_REPORT_DRAWING_GOLDEN,report Golden from Phase 2-II candidate; HIGH confidence,,,H29_REFERENCE,Page element type 'text'.
G-RPT-1207,report,report.layout.SRC-calculation_chapter_03_section_3_2_page_elements-059,ENT-LINE-ACL,,,,,text,SRC-calculation_chapter_03_section_3_2_page_elements-059,RP-639,,,UNKNOWN,HIGH,UNVERIFIED,APPROVED_REPORT_DRAWING_GOLDEN,report Golden from Phase 2-II candidate; HIGH confidence,,,H29_REFERENCE,Page element type 'table'.
G-RPT-1208,report,report.layout.SRC-calculation_chapter_03_section_3_2_page_elements-060,ENT-LINE-ACL,,,,,text,SRC-calculation_chapter_03_section_3_2_page_elements-060,RP-640,,,UNKNOWN,HIGH,UNVERIFIED,APPROVED_REPORT_DRAWING_GOLDEN,report Golden from Phase 2-II candidate; HIGH confidence,,,H29_REFERENCE,Page element type 'text'.
G-RPT-1209,report,report.layout.SRC-calculation_chapter_03_section_3_2_page_elements-061,ENT-LINE-ACL,,,,,text,SRC-calculation_chapter_03_section_3_2_page_elements-061,RP-641,,,UNKNOWN,HIGH,UNVERIFIED,APPROVED_REPORT_DRAWING_GOLDEN,report Golden from Phase 2-II candidate; HIGH confidence,,,H29_REFERENCE,Page element type 'table'.
G-RPT-1210,report,report.layout.SRC-calculation_chapter_03_section_3_2_page_elements-062,ENT-LINE-ACL,,,,,text,SRC-calculation_chapter_03_section_3_2_page_elements-062,RP-642,,,UNKNOWN,HIGH,UNVERIFIED,APPROVED_REPORT_DRAWING_GOLDEN,report Golden from Phase 2-II candidate; HIGH confidence,,,H29_REFERENCE,Page element type 'text'.
G-RPT-1211,report,report.layout.SRC-calculation_chapter_03_section_3_2_page_elements-063,ENT-LINE-ACL,,,,,text,SRC-calculation_chapter_03_section_3_2_page_elements-063,RP-643,,,UNKNOWN,HIGH,UNVERIFIED,APPROVED_REPORT_DRAWING_GOLDEN,report Golden from Phase 2-II candidate; HIGH confidence,,,H29_REFERENCE,Page element type 'table'.
G-RPT-1212,report,report.layout.SRC-calculation_chapter_03_section_3_2_page_elements-064,ENT-LINE-ACL,,,,,text,SRC-calculation_chapter_03_section_3_2_page_elements-064,RP-644,,,UNKNOWN,HIGH,UNVERIFIED,APPROVED_REPORT_DRAWING_GOLDEN,report Golden from Phase 2-II candidate; HIGH confidence,,,H29_REFERENCE,Page element type 'text'.
G-RPT-1213,report,report.layout.SRC-calculation_chapter_03_section_3_2_page_elements-065,ENT-LINE-ACL,,,,,text,SRC-calculation_chapter_03_section_3_2_page_elements-065,RP-645,,,UNKNOWN,HIGH,UNVERIFIED,APPROVED_REPORT_DRAWING_GOLDEN,report Golden from Phase 2-II candidate; HIGH confidence,,,H29_REFERENCE,Page element type 'table'.
G-RPT-1214,report,report.layout.SRC-calculation_chapter_03_section_3_2_page_elements-066,ENT-LINE-ACL,,,,,text,SRC-calculation_chapter_03_section_3_2_page_elements-066,RP-646,,,UNKNOWN,HIGH,UNVERIFIED,APPROVED_REPORT_DRAWING_GOLDEN,report Golden from Phase 2-II candidate; HIGH confidence,,,H29_REFERENCE,Page element type 'text'.
G-RPT-1215,report,report.layout.SRC-calculation_chapter_03_section_3_2_page_elements-067,ENT-LINE-ACL,,,,,text,SRC-calculation_chapter_03_section_3_2_page_elements-067,RP-647,,,UNKNOWN,HIGH,UNVERIFIED,APPROVED_REPORT_DRAWING_GOLDEN,report Golden from Phase 2-II candidate; HIGH confidence,,,H29_REFERENCE,Page element type 'table'.
G-RPT-1216,report,report.layout.SRC-calculation_chapter_03_section_3_2_page_elements-068,ENT-LINE-ACL,,,,,text,SRC-calculation_chapter_03_section_3_2_page_elements-068,RP-648,,,UNKNOWN,HIGH,UNVERIFIED,APPROVED_REPORT_DRAWING_GOLDEN,report Golden from Phase 2-II candidate; HIGH confidence,,,H29_REFERENCE,Page element type 'text'.
G-RPT-1217,report,report.layout.SRC-calculation_chapter_03_section_3_2_page_elements-069,ENT-LINE-ACL,,,,,text,SRC-calculation_chapter_03_section_3_2_page_elements-069,RP-649,,,UNKNOWN,HIGH,UNVERIFIED,APPROVED_REPORT_DRAWING_GOLDEN,report Golden from Phase 2-II candidate; HIGH confidence,,,H29_REFERENCE,Page element type 'table'.
G-RPT-1218,report,report.layout.SRC-calculation_chapter_03_section_3_2_page_elements-070,ENT-LINE-ACL,,,,,text,SRC-calculation_chapter_03_section_3_2_page_elements-070,RP-650,,,UNKNOWN,HIGH,UNVERIFIED,APPROVED_REPORT_DRAWING_GOLDEN,report Golden from Phase 2-II candidate; HIGH confidence,,,H29_REFERENCE,Page element type 'text'.
G-RPT-1219,report,report.layout.SRC-calculation_chapter_03_section_3_2_page_elements-071,ENT-LINE-ACL,,,,,text,SRC-calculation_chapter_03_section_3_2_page_elements-071,RP-651,,,UNKNOWN,HIGH,UNVERIFIED,APPROVED_REPORT_DRAWING_GOLDEN,report Golden from Phase 2-II candidate; HIGH confidence,,,H29_REFERENCE,Page element type 'table'.
G-RPT-1220,report,report.layout.SRC-calculation_chapter_03_section_3_2_page_elements-072,ENT-LINE-ACL,,,,,text,SRC-calculation_chapter_03_section_3_2_page_elements-072,RP-652,,,UNKNOWN,HIGH,UNVERIFIED,APPROVED_REPORT_DRAWING_GOLDEN,report Golden from Phase 2-II candidate; HIGH confidence,,,H29_REFERENCE,Page element type 'text'.
G-RPT-1221,report,report.layout.SRC-calculation_chapter_03_section_3_2_page_elements-073,ENT-LINE-ACL,,,,,text,SRC-calculation_chapter_03_section_3_2_page_elements-073,RP-653,,,UNKNOWN,HIGH,UNVERIFIED,APPROVED_REPORT_DRAWING_GOLDEN,report Golden from Phase 2-II candidate; HIGH confidence,,,H29_REFERENCE,Page element type 'table'.
G-RPT-1222,report,report.layout.SRC-calculation_chapter_03_section_3_2_page_elements-074,ENT-LINE-ACL,,,,,text,SRC-calculation_chapter_03_section_3_2_page_elements-074,RP-654,,,UNKNOWN,HIGH,UNVERIFIED,APPROVED_REPORT_DRAWING_GOLDEN,report Golden from Phase 2-II candidate; HIGH confidence,,,H29_REFERENCE,Page element type 'text'.
G-RPT-1223,report,report.layout.SRC-calculation_chapter_03_section_3_2_page_elements-075,ENT-LINE-ACL,,,,,text,SRC-calculation_chapter_03_section_3_2_page_elements-075,RP-655,,,UNKNOWN,HIGH,UNVERIFIED,APPROVED_REPORT_DRAWING_GOLDEN,report Golden from Phase 2-II candidate; HIGH confidence,,,H29_REFERENCE,Page element type 'table'.
G-RPT-1224,report,report.layout.SRC-calculation_chapter_03_section_3_2_page_elements-076,ENT-LINE-ACL,,,,,text,SRC-calculation_chapter_03_section_3_2_page_elements-076,RP-656,,,UNKNOWN,HIGH,UNVERIFIED,APPROVED_REPORT_DRAWING_GOLDEN,report Golden from Phase 2-II candidate; HIGH confidence,,,H29_REFERENCE,Page element type 'text'.
G-RPT-1225,report,report.layout.SRC-calculation_chapter_03_section_3_2_page_elements-077,ENT-LINE-ACL,,,,,text,SRC-calculation_chapter_03_section_3_2_page_elements-077,RP-657,,,UNKNOWN,HIGH,UNVERIFIED,APPROVED_REPORT_DRAWING_GOLDEN,report Golden from Phase 2-II candidate; HIGH confidence,,,H29_REFERENCE,Page element type 'table'.
G-RPT-1226,report,report.layout.CAL-P00675-CAL-SEC-3.3-001,ENT-LINE-ACL,3.3 横桁の設計,,,,text,CAL-P00675-CAL-SEC-3.3-001,RP-726,calc_pdf_p675,,CALCULATION,HIGH,UNVERIFIED,APPROVED_REPORT_DRAWING_GOLDEN,report Golden from Phase 2-II candidate; HIGH confidence,,,H29_REFERENCE,Page element type 'section_header'.
G-RPT-1227,report,report.layout.CAL-P00676-CAL-SEC-3.3.1-001,ENT-LINE-ACL,3.3.1 設計方針,,,,text,CAL-P00676-CAL-SEC-3.3.1-001,RP-728,calc_pdf_p676,,CALCULATION,HIGH,UNVERIFIED,APPROVED_REPORT_DRAWING_GOLDEN,report Golden from Phase 2-II candidate; HIGH confidence,,,H29_REFERENCE,Page element type 'subsection_header'.
G-RPT-1228,report,report.layout.CAL-P00676-CAL-SEC-3.3.1-002,ENT-LINE-ACL,横桁は主桁間荷重分配+風/地震水平力に抵抗するよう設計,,,,NOTE,CAL-P00676-CAL-SEC-3.3.1-002,RP-730,calc_pdf_p676,,CALCULATION,HIGH,UNVERIFIED,APPROVED_REPORT_DRAWING_GOLDEN,report Golden from Phase 2-II candidate; HIGH confidence,,,H29_REFERENCE,Page element type 'text_block'.
G-RPT-1229,report,report.layout.CAL-P00676-CAL-SEC-3.3.1-003,ENT-LINE-ACL,荷重組合せ(2)(6)(8)(10)(11)施工時,,,,NOTE,CAL-P00676-CAL-SEC-3.3.1-003,RP-731,calc_pdf_p676,,CALCULATION,HIGH,UNVERIFIED,APPROVED_REPORT_DRAWING_GOLDEN,report Golden from Phase 2-II candidate; HIGH confidence,,,H29_REFERENCE,Page element type 'text_block'.
G-RPT-1230,report,report.layout.CAL-P00676-CAL-SEC-3.3.1-004,ENT-LINE-ACL,中間横桁WL微小省略 地震L2水平力はL1値にL2/L1水平震度比乗じた値載荷,,,,NOTE,CAL-P00676-CAL-SEC-3.3.1-004,RP-732,calc_pdf_p676,,CALCULATION,HIGH,UNVERIFIED,APPROVED_REPORT_DRAWING_GOLDEN,report Golden from Phase 2-II candidate; HIGH confidence,,,H29_REFERENCE,Page element type 'text_block'.
G-RPT-1231,report,report.layout.CAL-P00677-CAL-SEC-3.3.1-001,ENT-LINE-ACL,断面力換算:Mi=ML0+(Mr0-ML0)*(Li/L0) 継手位置:端支点800mm中間支点800mm中間横桁500mm,,,,NOTE,CAL-P00677-CAL-SEC-3.3.1-001,RP-733,calc_pdf_p677,,CALCULATION,HIGH,UNVERIFIED,APPROVED_REPORT_DRAWING_GOLDEN,report Golden from Phase 2-II candidate; HIGH confidence,,,H29_REFERENCE,Page element type 'text_block'.
G-RPT-1232,report,report.layout.CAL-P00677-CAL-SEC-3.3.1-002,ENT-LINE-ACL,支点上横桁:巻き立てコンクリート剛性考慮しない鋼断面 横倒れ座屈影響考慮しない,,,,NOTE,CAL-P00677-CAL-SEC-3.3.1-002,RP-734,calc_pdf_p677,,CALCULATION,HIGH,UNVERIFIED,APPROVED_REPORT_DRAWING_GOLDEN,report Golden from Phase 2-II candidate; HIGH confidence,,,H29_REFERENCE,Page element type 'text_block'.
G-RPT-1233,report,report.layout.CAL-P00678-CAL-SEC-3.3.1-001,ENT-LINE-ACL,横桁部材番号図 S1-PR1-PR2-S2 CR1-001~CR1-027,,,,figure,CAL-P00678-CAL-SEC-3.3.1-001,RP-735,calc_pdf_p678,,CALCULATION,HIGH,UNVERIFIED,APPROVED_REPORT_DRAWING_GOLDEN,report Golden from Phase 2-II candidate; HIGH confidence,,,H29_REFERENCE,Page element type 'figure'.
G-RPT-1234,report,report.layout.CAL-P00679-CAL-SEC-3.3.2-001,ENT-LINE-ACL,3.3.2 主構作用断面力,,,,text,CAL-P00679-CAL-SEC-3.3.2-001,RP-736,calc_pdf_p679,,CALCULATION,HIGH,UNVERIFIED,APPROVED_REPORT_DRAWING_GOLDEN,report Golden from Phase 2-II candidate; HIGH confidence,,,H29_REFERENCE,Page element type 'subsection_header'.
G-RPT-1235,report,report.layout.CAL-P00679-CAL-SEC-3.3.2-002,ENT-LINE-ACL,荷重係数:死荷重1.05 活荷重1.25 施工時1.05,,,,NOTE,CAL-P00679-CAL-SEC-3.3.2-002,RP-738,calc_pdf_p679,,CALCULATION,HIGH,UNVERIFIED,APPROVED_REPORT_DRAWING_GOLDEN,report Golden from Phase 2-II candidate; HIGH confidence,,,H29_REFERENCE,Page element type 'text_block'.
G-RPT-1236,report,report.layout.CAL-P00679-CAL-SEC-3.3.2-003,ENT-LINE-ACL,CR1-002~CR1-026中間横桁断面力 M(kNm) S(kN) 死荷重/活荷重/施工時,,,,text,CAL-P00679-CAL-SEC-3.3.2-003,RP-739,calc_pdf_p679,,CALCULATION,HIGH,UNVERIFIED,APPROVED_REPORT_DRAWING_GOLDEN,report Golden from Phase 2-II candidate; HIGH confidence,,,H29_REFERENCE,Page element type 'table'.
G-RPT-1237,report,report.layout.CAL-P00685-CAL-SEC-3.3.3-001,ENT-LINE-ACL,3.3.3 風荷重および地震荷重の影響,,,,text,CAL-P00685-CAL-SEC-3.3.3-001,RP-740,calc_pdf_p685,,CALCULATION,HIGH,UNVERIFIED,APPROVED_REPORT_DRAWING_GOLDEN,report Golden from Phase 2-II candidate; HIGH confidence,,,H29_REFERENCE,Page element type 'subsection_header'.
G-RPT-1238,report,report.layout.CAL-P00685-CAL-SEC-3.3.3-002,ENT-LINE-ACL,V=40m/s B=8.010m D=8.110m alpha=1.30 Ws=40.06kN/m Ws(deck)=26.73 Ws(steel)=13.34 kN/m,,,,NOTE,CAL-P00685-CAL-SEC-3.3.3-002,RP-742,calc_pdf_p685,,CALCULATION,HIGH,UNVERIFIED,APPROVED_REPORT_DRAWING_GOLDEN,report Golden from Phase 2-II candidate; HIGH confidence,,,H29_REFERENCE,Page element type 'text_block'.
G-RPT-1239,report,report.layout.CAL-P00686-CAL-SEC-3.3.3-001,ENT-LINE-ACL,地震L1 Wd=17955.7kN Kh=0.25 We=35.89kN/m We(deck)=29.59 We(steel)=6.30 kN/m,,,,NOTE,CAL-P00686-CAL-SEC-3.3.3-001,RP-743,calc_pdf_p686,,CALCULATION,HIGH,UNVERIFIED,APPROVED_REPORT_DRAWING_GOLDEN,report Golden from Phase 2-II candidate; HIGH confidence,,,H29_REFERENCE,Page element type 'text_block'.
G-RPT-1240,report,report.layout.CAL-P00686-CAL-SEC-3.3.3-002,ENT-LINE-ACL,水平反力影響値 PU15/PR1/PR2/A2R A(+)/A(-)/SigmaA/Rw/Re,,,,text,CAL-P00686-CAL-SEC-3.3.3-002,RP-744,calc_pdf_p686,,CALCULATION,HIGH,UNVERIFIED,APPROVED_REPORT_DRAWING_GOLDEN,report Golden from Phase 2-II candidate; HIGH confidence,,,H29_REFERENCE,Page element type 'table'.
G-RPT-1241,report,report.layout.CAL-P00687-CAL-SEC-3.3.4-001,ENT-LINE-ACL,3.3.4 中間横桁の設計 グループ1代表CR1-026,,,,text,CAL-P00687-CAL-SEC-3.3.4-001,RP-745,calc_pdf_p687,,CALCULATION,HIGH,UNVERIFIED,APPROVED_REPORT_DRAWING_GOLDEN,report Golden from Phase 2-II candidate; HIGH confidence,,,H29_REFERENCE,Page element type 'subsection_header'.
G-RPT-1242,report,report.layout.CAL-P00687-CAL-SEC-3.3.4-002,ENT-LINE-ACL,中間横桁断面図,,,,figure,CAL-P00687-CAL-SEC-3.3.4-002,RP-747,calc_pdf_p687,,CALCULATION,HIGH,UNVERIFIED,APPROVED_REPORT_DRAWING_GOLDEN,report Golden from Phase 2-II candidate; HIGH confidence,,,H29_REFERENCE,Page element type 'figure'.
G-RPT-1243,report,report.layout.CAL-P00688-CAL-SEC-3.3.4-001,ENT-LINE-ACL,(1)設計荷重 荷重組合せ表,,,,text,CAL-P00688-CAL-SEC-3.3.4-001,RP-748,calc_pdf_p688,,CALCULATION,HIGH,UNVERIFIED,APPROVED_REPORT_DRAWING_GOLDEN,report Golden from Phase 2-II candidate; HIGH confidence,,,H29_REFERENCE,Page element type 'subsection_header'.
G-RPT-1244,report,report.layout.CAL-P00689-CAL-SEC-3.3.4-001,ENT-LINE-ACL,(b)曲率による下フランジ付加断面力:W=-sigma*(Af+Aw/3)/R P=w*lambda,,,,NOTE,CAL-P00689-CAL-SEC-3.3.4-001,RP-750,calc_pdf_p689,,CALCULATION,HIGH,UNVERIFIED,APPROVED_REPORT_DRAWING_GOLDEN,report Golden from Phase 2-II candidate; HIGH confidence,,,H29_REFERENCE,Page element type 'text_block'.
G-RPT-1245,report,report.layout.CAL-P00689-CAL-SEC-3.3.4-002,ENT-LINE-ACL,曲率付加応力算定表 死/活/風/地震L1/L2各ケース,,,,text,CAL-P00689-CAL-SEC-3.3.4-002,RP-751,calc_pdf_p689,,CALCULATION,HIGH,UNVERIFIED,APPROVED_REPORT_DRAWING_GOLDEN,report Golden from Phase 2-II candidate; HIGH confidence,,,H29_REFERENCE,Page element type 'table'.
G-RPT-1246,report,report.layout.CAL-P00691-CAL-SEC-3.3.4-001,ENT-LINE-ACL,(2)平面骨組解析断面力 CR1-026断面力一覧(荷重係数考慮),,,,text,CAL-P00691-CAL-SEC-3.3.4-001,RP-752,calc_pdf_p691,,CALCULATION,HIGH,UNVERIFIED,APPROVED_REPORT_DRAWING_GOLDEN,report Golden from Phase 2-II candidate; HIGH confidence,,,H29_REFERENCE,Page element type 'table'.
G-RPT-1247,report,report.layout.CAL-P00696-CAL-SEC-3.3.4-001,ENT-LINE-ACL,(3)断面計算 代表グループ1 CR1-026,,,,text,CAL-P00696-CAL-SEC-3.3.4-001,RP-753,calc_pdf_p696,,CALCULATION,HIGH,UNVERIFIED,APPROVED_REPORT_DRAWING_GOLDEN,report Golden from Phase 2-II candidate; HIGH confidence,,,H29_REFERENCE,Page element type 'subsection_header'.
G-RPT-1248,report,report.layout.CAL-P00696-CAL-SEC-3.3.4-002,ENT-LINE-ACL,中間横桁断面諸元/曲げ/せん断/合成応力度照査結果,,,,text,CAL-P00696-CAL-SEC-3.3.4-002,RP-755,calc_pdf_p696,,CALCULATION,HIGH,UNVERIFIED,APPROVED_REPORT_DRAWING_GOLDEN,report Golden from Phase 2-II candidate; HIGH confidence,,,H29_REFERENCE,Page element type 'table'.
G-RPT-1249,report,report.layout.CAL-P00698-CAL-SEC-3.3.4-001,ENT-LINE-ACL,中間横桁全グループ(73)断面照査結果一覧,,,,text,CAL-P00698-CAL-SEC-3.3.4-001,RP-756,calc_pdf_p698,,CALCULATION,HIGH,UNVERIFIED,APPROVED_REPORT_DRAWING_GOLDEN,report Golden from Phase 2-II candidate; HIGH confidence,,,H29_REFERENCE,Page element type 'table'.
G-RPT-1250,report,report.layout.CAL-P00704-CAL-SEC-3.3.5-001,ENT-LINE-ACL,3.3.5 端支点上横桁の設計 代表CR1-001(端支点S1側),,,,text,CAL-P00704-CAL-SEC-3.3.5-001,RP-757,calc_pdf_p704,,CALCULATION,HIGH,UNVERIFIED,APPROVED_REPORT_DRAWING_GOLDEN,report Golden from Phase 2-II candidate; HIGH confidence,,,H29_REFERENCE,Page element type 'subsection_header'.
G-RPT-1251,report,report.layout.CAL-P00704-CAL-SEC-3.3.5-002,ENT-LINE-ACL,端支点上横桁断面図+荷重載荷図,,,,figure,CAL-P00704-CAL-SEC-3.3.5-002,RP-759,calc_pdf_p704,,CALCULATION,HIGH,UNVERIFIED,APPROVED_REPORT_DRAWING_GOLDEN,report Golden from Phase 2-II candidate; HIGH confidence,,,H29_REFERENCE,Page element type 'figure'.
G-RPT-1252,report,report.layout.CAL-P00705-CAL-SEC-3.3.5-001,ENT-LINE-ACL,端支点上横桁 荷重組合せ表/曲率付加軸力,,,,text,CAL-P00705-CAL-SEC-3.3.5-001,RP-760,calc_pdf_p705,,CALCULATION,HIGH,UNVERIFIED,APPROVED_REPORT_DRAWING_GOLDEN,report Golden from Phase 2-II candidate; HIGH confidence,,,H29_REFERENCE,Page element type 'table'.
G-RPT-1253,report,report.layout.CAL-P00707-CAL-SEC-3.3.5-001,ENT-LINE-ACL,端支点上横桁 CR1-001/CR1-027断面力,,,,text,CAL-P00707-CAL-SEC-3.3.5-001,RP-761,calc_pdf_p707,,CALCULATION,HIGH,UNVERIFIED,APPROVED_REPORT_DRAWING_GOLDEN,report Golden from Phase 2-II candidate; HIGH confidence,,,H29_REFERENCE,Page element type 'table'.
G-RPT-1254,report,report.layout.CAL-P00710-CAL-SEC-3.3.5-001,ENT-LINE-ACL,端支点上横桁 設計断面力 M/S/N,,,,text,CAL-P00710-CAL-SEC-3.3.5-001,RP-762,calc_pdf_p710,,CALCULATION,HIGH,UNVERIFIED,APPROVED_REPORT_DRAWING_GOLDEN,report Golden from Phase 2-II candidate; HIGH confidence,,,H29_REFERENCE,Page element type 'table'.
G-RPT-1255,report,report.layout.CAL-P00711-CAL-SEC-3.3.5-001,ENT-LINE-ACL,端支点上横桁 断面諸元/曲げ/軸力+曲げ/せん断照査,,,,text,CAL-P00711-CAL-SEC-3.3.5-001,RP-763,calc_pdf_p711,,CALCULATION,HIGH,UNVERIFIED,APPROVED_REPORT_DRAWING_GOLDEN,report Golden from Phase 2-II candidate; HIGH confidence,,,H29_REFERENCE,Page element type 'table'.
G-RPT-1256,report,report.layout.CAL-P00714-CAL-SEC-3.3.5-001,ENT-LINE-ACL,端支点上横桁 継手ボルト計算,,,,text,CAL-P00714-CAL-SEC-3.3.5-001,RP-764,calc_pdf_p714,,CALCULATION,HIGH,UNVERIFIED,APPROVED_REPORT_DRAWING_GOLDEN,report Golden from Phase 2-II candidate; HIGH confidence,,,H29_REFERENCE,Page element type 'table'.
G-RPT-1257,report,report.layout.CAL-P00720-CAL-SEC-3.3.5-001,ENT-LINE-ACL,端支点上横桁 全73区分断面照査結果,,,,text,CAL-P00720-CAL-SEC-3.3.5-001,RP-765,calc_pdf_p720,,CALCULATION,HIGH,UNVERIFIED,APPROVED_REPORT_DRAWING_GOLDEN,report Golden from Phase 2-II candidate; HIGH confidence,,,H29_REFERENCE,Page element type 'table'.
G-RPT-1258,report,report.layout.CAL-P00735-CAL-SEC-3.3.6-001,ENT-LINE-ACL,3.3.6 中間支点上横桁の設計 代表CR1-009(中間支点PR1側),,,,text,CAL-P00735-CAL-SEC-3.3.6-001,RP-766,calc_pdf_p735,,CALCULATION,HIGH,UNVERIFIED,APPROVED_REPORT_DRAWING_GOLDEN,report Golden from Phase 2-II candidate; HIGH confidence,,,H29_REFERENCE,Page element type 'subsection_header'.
G-RPT-1259,report,report.layout.CAL-P00735-CAL-SEC-3.3.6-002,ENT-LINE-ACL,中間支点上横桁断面図+荷重載荷図,,,,figure,CAL-P00735-CAL-SEC-3.3.6-002,RP-768,calc_pdf_p735,,CALCULATION,HIGH,UNVERIFIED,APPROVED_REPORT_DRAWING_GOLDEN,report Golden from Phase 2-II candidate; HIGH confidence,,,H29_REFERENCE,Page element type 'figure'.
G-RPT-1260,report,report.layout.CAL-P00736-CAL-SEC-3.3.6-001,ENT-LINE-ACL,中間支点上横桁 荷重組合せ表,,,,text,CAL-P00736-CAL-SEC-3.3.6-001,RP-769,calc_pdf_p736,,CALCULATION,HIGH,UNVERIFIED,APPROVED_REPORT_DRAWING_GOLDEN,report Golden from Phase 2-II candidate; HIGH confidence,,,H29_REFERENCE,Page element type 'table'.
G-RPT-1261,report,report.layout.CAL-P00738-CAL-SEC-3.3.6-001,ENT-LINE-ACL,中間支点上横桁 CR1-009/CR1-019断面力,,,,text,CAL-P00738-CAL-SEC-3.3.6-001,RP-770,calc_pdf_p738,,CALCULATION,HIGH,UNVERIFIED,APPROVED_REPORT_DRAWING_GOLDEN,report Golden from Phase 2-II candidate; HIGH confidence,,,H29_REFERENCE,Page element type 'table'.
G-RPT-1262,report,report.layout.CAL-P00741-CAL-SEC-3.3.6-001,ENT-LINE-ACL,中間支点上横桁 断面諸元/曲げ/軸力+曲げ照査,,,,text,CAL-P00741-CAL-SEC-3.3.6-001,RP-771,calc_pdf_p741,,CALCULATION,HIGH,UNVERIFIED,APPROVED_REPORT_DRAWING_GOLDEN,report Golden from Phase 2-II candidate; HIGH confidence,,,H29_REFERENCE,Page element type 'table'.
G-RPT-1263,report,report.layout.CAL-P00744-CAL-SEC-3.3.6-001,ENT-LINE-ACL,中間支点上横桁 継手ボルト計算,,,,text,CAL-P00744-CAL-SEC-3.3.6-001,RP-772,calc_pdf_p744,,CALCULATION,HIGH,UNVERIFIED,APPROVED_REPORT_DRAWING_GOLDEN,report Golden from Phase 2-II candidate; HIGH confidence,,,H29_REFERENCE,Page element type 'table'.
G-RPT-1264,report,report.layout.CAL-P00757-CAL-SEC-3.3.6-001,ENT-LINE-ACL,中間支点上横桁 全24区分断面照査結果,,,,text,CAL-P00757-CAL-SEC-3.3.6-001,RP-773,calc_pdf_p757,,CALCULATION,HIGH,UNVERIFIED,APPROVED_REPORT_DRAWING_GOLDEN,report Golden from Phase 2-II candidate; HIGH confidence,,,H29_REFERENCE,Page element type 'table'.
G-RPT-1265,report,report.layout.CAL-P00762-CAL-SEC-3.3.7-001,ENT-LINE-ACL,3.3.7 横桁補剛材の計算 道示II13.4垂直/水平補剛材,,,,text,CAL-P00762-CAL-SEC-3.3.7-001,RP-774,calc_pdf_p762,,CALCULATION,HIGH,UNVERIFIED,APPROVED_REPORT_DRAWING_GOLDEN,report Golden from Phase 2-II candidate; HIGH confidence,,,H29_REFERENCE,Page element type 'subsection_header'.
G-RPT-1266,report,report.layout.CAL-P00763-CAL-SEC-3.3.7-001,ENT-LINE-ACL,横桁補剛材断面照査一覧,,,,text,CAL-P00763-CAL-SEC-3.3.7-001,RP-776,calc_pdf_p763,,CALCULATION,HIGH,UNVERIFIED,APPROVED_REPORT_DRAWING_GOLDEN,report Golden from Phase 2-II candidate; HIGH confidence,,,H29_REFERENCE,Page element type 'table'.
G-RPT-1267,report,report.layout.CAL-P00764-CAL-SEC-3.3.7-001,ENT-LINE-ACL,横桁補剛材断面照査一覧(最終),,,,text,CAL-P00764-CAL-SEC-3.3.7-001,RP-777,calc_pdf_p764,,CALCULATION,HIGH,UNVERIFIED,APPROVED_REPORT_DRAWING_GOLDEN,report Golden from Phase 2-II candidate; HIGH confidence,,,H29_REFERENCE,Page element type 'table'.
G-RPT-1268,report,report.layout.CAL-P00765-CAL-SEC-3.4-001,ENT-LINE-ACL,3.4 端部ブラケットの設計,,,,text,CAL-P00765-CAL-SEC-3.4-001,RP-802,calc_pdf_p765,,CALCULATION,HIGH,UNVERIFIED,APPROVED_REPORT_DRAWING_GOLDEN,report Golden from Phase 2-II candidate; HIGH confidence,,,H29_REFERENCE,Page element type 'section_header'.
G-RPT-1269,report,report.layout.CAL-P00766-CAL-SEC-3.4.1-001,ENT-LINE-ACL,3.4.1 S1側 設計方針,,,,text,CAL-P00766-CAL-SEC-3.4.1-001,RP-804,calc_pdf_p766,,CALCULATION,HIGH,UNVERIFIED,APPROVED_REPORT_DRAWING_GOLDEN,report Golden from Phase 2-II candidate; HIGH confidence,,,H29_REFERENCE,Page element type 'subsection_header'.
G-RPT-1270,report,report.layout.CAL-P00766-CAL-SEC-3.4.1-002,ENT-LINE-ACL,端ブラケットS1側断面図,,,,figure,CAL-P00766-CAL-SEC-3.4.1-002,RP-806,calc_pdf_p766,,CALCULATION,HIGH,UNVERIFIED,APPROVED_REPORT_DRAWING_GOLDEN,report Golden from Phase 2-II candidate; HIGH confidence,,,H29_REFERENCE,Page element type 'figure'.
G-RPT-1271,report,report.layout.CAL-P00766-CAL-SEC-3.4.1-003,ENT-LINE-ACL,荷重分担幅B=3.046m(B1=2.146 B2=0.900m) 45度分布,,,,NOTE,CAL-P00766-CAL-SEC-3.4.1-003,RP-807,calc_pdf_p766,,CALCULATION,HIGH,UNVERIFIED,APPROVED_REPORT_DRAWING_GOLDEN,report Golden from Phase 2-II candidate; HIGH confidence,,,H29_REFERENCE,Page element type 'text_block'.
G-RPT-1272,report,report.layout.CAL-P00767-CAL-SEC-3.4.1-001,ENT-LINE-ACL,3.4.1.2 断面力 取付部断面力,,,,text,CAL-P00767-CAL-SEC-3.4.1-001,RP-808,calc_pdf_p767,,CALCULATION,HIGH,UNVERIFIED,APPROVED_REPORT_DRAWING_GOLDEN,report Golden from Phase 2-II candidate; HIGH confidence,,,H29_REFERENCE,Page element type 'subsection_header'.
G-RPT-1273,report,report.layout.CAL-P00767-CAL-SEC-3.4.1-002,ENT-LINE-ACL,死荷重曲げM 舗装/床版/打下/GL/地覆/ブラケット Md=-127.97kNm,,,,text,CAL-P00767-CAL-SEC-3.4.1-002,RP-810,calc_pdf_p767,,CALCULATION,HIGH,UNVERIFIED,APPROVED_REPORT_DRAWING_GOLDEN,report Golden from Phase 2-II candidate; HIGH confidence,,,H29_REFERENCE,Page element type 'table'.
G-RPT-1274,report,report.layout.CAL-P00767-CAL-SEC-3.4.1-003,ENT-LINE-ACL,活荷重M P=100kN i=0.392常時 M1=-139.62 衝突時i=0.389 M2=-188.77kNm,,,,text,CAL-P00767-CAL-SEC-3.4.1-003,RP-811,calc_pdf_p767,,CALCULATION,HIGH,UNVERIFIED,APPROVED_REPORT_DRAWING_GOLDEN,report Golden from Phase 2-II candidate; HIGH confidence,,,H29_REFERENCE,Page element type 'table'.
G-RPT-1275,report,report.layout.CAL-P00768-CAL-SEC-3.4.1-001,ENT-LINE-ACL,衝突荷重F=35.0kN(SC種) M=-68.95kNm 愛知県橋梁設計手引,,,,NOTE,CAL-P00768-CAL-SEC-3.4.1-001,RP-812,calc_pdf_p768,,CALCULATION,HIGH,UNVERIFIED,APPROVED_REPORT_DRAWING_GOLDEN,report Golden from Phase 2-II candidate; HIGH confidence,,,H29_REFERENCE,Page element type 'text_block'.
G-RPT-1276,report,report.layout.CAL-P00768-CAL-SEC-3.4.1-002,ENT-LINE-ACL,風荷重w=1.950kN/m2 Mw=-8.49kNm 並列影響1.3,,,,NOTE,CAL-P00768-CAL-SEC-3.4.1-002,RP-813,calc_pdf_p768,,CALCULATION,HIGH,UNVERIFIED,APPROVED_REPORT_DRAWING_GOLDEN,report Golden from Phase 2-II candidate; HIGH confidence,,,H29_REFERENCE,Page element type 'text_block'.
G-RPT-1277,report,report.layout.CAL-P00769-CAL-SEC-3.4.1-001,ENT-LINE-ACL,せん断力計算/断面力集計表 設計M=-308.9kNm S=288.0kN,,,,text,CAL-P00769-CAL-SEC-3.4.1-001,RP-814,calc_pdf_p769,,CALCULATION,HIGH,UNVERIFIED,APPROVED_REPORT_DRAWING_GOLDEN,report Golden from Phase 2-II candidate; HIGH confidence,,,H29_REFERENCE,Page element type 'table'.
G-RPT-1278,report,report.layout.CAL-P00770-CAL-SEC-3.4.1-001,ENT-LINE-ACL,3.4.1.3 断面計算,,,,text,CAL-P00770-CAL-SEC-3.4.1-001,RP-815,calc_pdf_p770,,CALCULATION,HIGH,UNVERIFIED,APPROVED_REPORT_DRAWING_GOLDEN,report Golden from Phase 2-II candidate; HIGH confidence,,,H29_REFERENCE,Page element type 'subsection_header'.
G-RPT-1279,report,report.layout.CAL-P00770-CAL-SEC-3.4.1-002,ENT-LINE-ACL,断面諸元 SM400 UFLG250x12 Web788x9 LFLG250x12 A=130.92cm2 I=132705cm4,,,,text,CAL-P00770-CAL-SEC-3.4.1-002,RP-817,calc_pdf_p770,,CALCULATION,HIGH,UNVERIFIED,APPROVED_REPORT_DRAWING_GOLDEN,report Golden from Phase 2-II candidate; HIGH confidence,,,H29_REFERENCE,Page element type 'table'.
G-RPT-1280,report,report.layout.CAL-P00771-CAL-SEC-3.4.1-001,ENT-LINE-ACL,曲げ/局部座屈照査 sigma_u=95N/mm2 sigma_l=-95 N/mm2,,,,text,CAL-P00771-CAL-SEC-3.4.1-001,RP-818,calc_pdf_p771,,CALCULATION,HIGH,UNVERIFIED,APPROVED_REPORT_DRAWING_GOLDEN,report Golden from Phase 2-II candidate; HIGH confidence,,,H29_REFERENCE,Page element type 'table'.
G-RPT-1281,report,report.layout.CAL-P00772-CAL-SEC-3.4.1-001,ENT-LINE-ACL,せん断/合成照査 tau=41 N/mm2 tau=55N/mm2(先端) 合成0.42<=1.2,,,,text,CAL-P00772-CAL-SEC-3.4.1-001,RP-819,calc_pdf_p772,,CALCULATION,HIGH,UNVERIFIED,APPROVED_REPORT_DRAWING_GOLDEN,report Golden from Phase 2-II candidate; HIGH confidence,,,H29_REFERENCE,Page element type 'table'.
G-RPT-1282,report,report.layout.CAL-P00773-CAL-SEC-3.4.1-001,ENT-LINE-ACL,3.4.1.4 補剛材の計算,,,,text,CAL-P00773-CAL-SEC-3.4.1-001,RP-820,calc_pdf_p773,,CALCULATION,HIGH,UNVERIFIED,APPROVED_REPORT_DRAWING_GOLDEN,report Golden from Phase 2-II candidate; HIGH confidence,,,H29_REFERENCE,Page element type 'subsection_header'.
G-RPT-1283,report,report.layout.CAL-P00773-CAL-SEC-3.4.1-002,ENT-LINE-ACL,垂直補剛材PL80x9 Iv=1536000mm4 水平補剛材省略,,,,text,CAL-P00773-CAL-SEC-3.4.1-002,RP-822,calc_pdf_p773,,CALCULATION,HIGH,UNVERIFIED,APPROVED_REPORT_DRAWING_GOLDEN,report Golden from Phase 2-II candidate; HIGH confidence,,,H29_REFERENCE,Page element type 'table'.
G-RPT-1284,report,report.layout.CAL-P00774-CAL-SEC-3.4.1-001,ENT-LINE-ACL,3.4.1.5 活荷重たわみの照査,,,,text,CAL-P00774-CAL-SEC-3.4.1-001,RP-823,calc_pdf_p774,,CALCULATION,HIGH,UNVERIFIED,APPROVED_REPORT_DRAWING_GOLDEN,report Golden from Phase 2-II candidate; HIGH confidence,,,H29_REFERENCE,Page element type 'subsection_header'.
G-RPT-1285,report,report.layout.CAL-P00774-CAL-SEC-3.4.1-002,ENT-LINE-ACL,たわみδ=Pb^3/(6EI)*(3x/b-1) 許容δa=L/1200=1.58mm,,,,text,CAL-P00774-CAL-SEC-3.4.1-002,RP-825,calc_pdf_p774,,CALCULATION,HIGH,UNVERIFIED,APPROVED_REPORT_DRAWING_GOLDEN,report Golden from Phase 2-II candidate; HIGH confidence,,,H29_REFERENCE,Page element type 'table'.
G-RPT-1286,report,report.layout.CAL-P00775-CAL-SEC-3.4.1-001,ENT-LINE-ACL,活荷重たわみ照査結果/ボルト継手照査,,,,text,CAL-P00775-CAL-SEC-3.4.1-001,RP-826,calc_pdf_p775,,CALCULATION,HIGH,UNVERIFIED,APPROVED_REPORT_DRAWING_GOLDEN,report Golden from Phase 2-II candidate; HIGH confidence,,,H29_REFERENCE,Page element type 'table'.
G-RPT-1287,report,report.layout.CAL-P00776-CAL-SEC-3.4.1-001,ENT-LINE-ACL,ボルト継手照査(最終) S1側,,,,text,CAL-P00776-CAL-SEC-3.4.1-001,RP-827,calc_pdf_p776,,CALCULATION,HIGH,UNVERIFIED,APPROVED_REPORT_DRAWING_GOLDEN,report Golden from Phase 2-II candidate; HIGH confidence,,,H29_REFERENCE,Page element type 'table'.
G-RPT-1288,report,report.layout.CAL-P00777-CAL-SEC-3.4.2-001,ENT-LINE-ACL,3.4.2 S2側 S2側ブラケット設計,,,,text,CAL-P00777-CAL-SEC-3.4.2-001,RP-828,calc_pdf_p777,,CALCULATION,HIGH,UNVERIFIED,APPROVED_REPORT_DRAWING_GOLDEN,report Golden from Phase 2-II candidate; HIGH confidence,,,H29_REFERENCE,Page element type 'subsection_header'.
G-RPT-1289,report,report.layout.CAL-P00777-CAL-SEC-3.4.2-002,ENT-LINE-ACL,端ブラケットS2側断面図,,,,figure,CAL-P00777-CAL-SEC-3.4.2-002,RP-830,calc_pdf_p777,,CALCULATION,HIGH,UNVERIFIED,APPROVED_REPORT_DRAWING_GOLDEN,report Golden from Phase 2-II candidate; HIGH confidence,,,H29_REFERENCE,Page element type 'figure'.
G-RPT-1290,report,report.layout.CAL-P00778-CAL-SEC-3.4.2-001,ENT-LINE-ACL,S2側死荷重/活荷重/衝突荷重曲げモーメント,,,,text,CAL-P00778-CAL-SEC-3.4.2-001,RP-831,calc_pdf_p778,,CALCULATION,HIGH,UNVERIFIED,APPROVED_REPORT_DRAWING_GOLDEN,report Golden from Phase 2-II candidate; HIGH confidence,,,H29_REFERENCE,Page element type 'table'.
G-RPT-1291,report,report.layout.CAL-P00779-CAL-SEC-3.4.2-001,ENT-LINE-ACL,S2側断面力集計表/設計断面力,,,,text,CAL-P00779-CAL-SEC-3.4.2-001,RP-832,calc_pdf_p779,,CALCULATION,HIGH,UNVERIFIED,APPROVED_REPORT_DRAWING_GOLDEN,report Golden from Phase 2-II candidate; HIGH confidence,,,H29_REFERENCE,Page element type 'table'.
G-RPT-1292,report,report.layout.CAL-P00780-CAL-SEC-3.4.2-001,ENT-LINE-ACL,S2側断面諸元/曲げ/せん断照査,,,,text,CAL-P00780-CAL-SEC-3.4.2-001,RP-833,calc_pdf_p780,,CALCULATION,HIGH,UNVERIFIED,APPROVED_REPORT_DRAWING_GOLDEN,report Golden from Phase 2-II candidate; HIGH confidence,,,H29_REFERENCE,Page element type 'table'.
G-RPT-1293,report,report.layout.CAL-P00781-CAL-SEC-3.4.2-001,ENT-LINE-ACL,S2側補剛材/活荷重たわみ照査,,,,text,CAL-P00781-CAL-SEC-3.4.2-001,RP-834,calc_pdf_p781,,CALCULATION,HIGH,UNVERIFIED,APPROVED_REPORT_DRAWING_GOLDEN,report Golden from Phase 2-II candidate; HIGH confidence,,,H29_REFERENCE,Page element type 'table'.
G-RPT-1294,report,report.layout.CAL-P00782-CAL-SEC-3.4.2-001,ENT-LINE-ACL,S2側ボルト継手照査(最終),,,,text,CAL-P00782-CAL-SEC-3.4.2-001,RP-835,calc_pdf_p782,,CALCULATION,HIGH,UNVERIFIED,APPROVED_REPORT_DRAWING_GOLDEN,report Golden from Phase 2-II candidate; HIGH confidence,,,H29_REFERENCE,Page element type 'table'.
G-RPT-1295,report,report.layout.CAL-P00788-CAL-SEC-3.5-001,ENT-LINE-ACL,3.5 横構の設計,,,,text,CAL-P00788-CAL-SEC-3.5-001,RP-868,calc_pdf_p788,,CALCULATION,HIGH,UNVERIFIED,APPROVED_REPORT_DRAWING_GOLDEN,report Golden from Phase 2-II candidate; HIGH confidence,,,H29_REFERENCE,Page element type 'section_header'.
G-RPT-1296,report,report.layout.CAL-P00789-CAL-SEC-3.5.1-001,ENT-LINE-ACL,3.5.1 設計方針,,,,text,CAL-P00789-CAL-SEC-3.5.1-001,RP-870,calc_pdf_p789,,CALCULATION,HIGH,UNVERIFIED,APPROVED_REPORT_DRAWING_GOLDEN,report Golden from Phase 2-II candidate; HIGH confidence,,,H29_REFERENCE,Page element type 'subsection_header'.
G-RPT-1297,report,report.layout.CAL-P00789-CAL-SEC-3.5.1-002,ENT-LINE-ACL,横構上下設ける 限界状態3 ボルト限界状態1 風WS鋼桁下半分 地震EQ慣性力1/4 組合せ(8)D+WS (11)D+EQ,,,,NOTE,CAL-P00789-CAL-SEC-3.5.1-002,RP-872,calc_pdf_p789,,CALCULATION,HIGH,UNVERIFIED,APPROVED_REPORT_DRAWING_GOLDEN,report Golden from Phase 2-II candidate; HIGH confidence,,,H29_REFERENCE,Page element type 'text_block'.
G-RPT-1298,report,report.layout.CAL-P00789-CAL-SEC-3.5.1-003,ENT-LINE-ACL,ダブルワーレンX配置 引張部材 細長比一次部材 ボルト孔ボルト径+5mm ガセット厚フランジ厚合わせ,,,,NOTE,CAL-P00789-CAL-SEC-3.5.1-003,RP-873,calc_pdf_p789,,CALCULATION,HIGH,UNVERIFIED,APPROVED_REPORT_DRAWING_GOLDEN,report Golden from Phase 2-II candidate; HIGH confidence,,,H29_REFERENCE,Page element type 'text_block'.
G-RPT-1299,report,report.layout.CAL-P00790-CAL-SEC-3.5.1-001,ENT-LINE-ACL,横構骨組図 格点番号/部材番号/断面番号/支点部変更,,,,figure,CAL-P00790-CAL-SEC-3.5.1-001,RP-874,calc_pdf_p790,,CALCULATION,HIGH,UNVERIFIED,APPROVED_REPORT_DRAWING_GOLDEN,report Golden from Phase 2-II candidate; HIGH confidence,,,H29_REFERENCE,Page element type 'figure'.
G-RPT-1300,report,report.layout.CAL-P00790-CAL-SEC-3.5.1-002,ENT-LINE-ACL,断面種類(4):1:FLG370x22 WEB200x22(SM490Y) 2:FLG250x19 WEB150x19(SM490Y) 3:FLG250x19 WEB150x19(SM400) 4:FLG250x12 WEB150x12(SM400),,,,text,CAL-P00790-CAL-SEC-3.5.1-002,RP-875,calc_pdf_p790,,CALCULATION,HIGH,UNVERIFIED,APPROVED_REPORT_DRAWING_GOLDEN,report Golden from Phase 2-II candidate; HIGH confidence,,,H29_REFERENCE,Page element type 'table'.
G-RPT-1301,report,report.layout.CAL-P00791-CAL-SEC-3.5.2-001,ENT-LINE-ACL,3.5.2 風荷重および地震の影響,,,,text,CAL-P00791-CAL-SEC-3.5.2-001,RP-876,calc_pdf_p791,,CALCULATION,HIGH,UNVERIFIED,APPROVED_REPORT_DRAWING_GOLDEN,report Golden from Phase 2-II candidate; HIGH confidence,,,H29_REFERENCE,Page element type 'subsection_header'.
G-RPT-1302,report,report.layout.CAL-P00791-CAL-SEC-3.5.2-002,ENT-LINE-ACL,V=40m/s WS=6.67kN/m(横構1組) 設計Pw=8.34kN/m(γp=1.00 γq=1.25),,,,NOTE,CAL-P00791-CAL-SEC-3.5.2-002,RP-878,calc_pdf_p791,,CALCULATION,HIGH,UNVERIFIED,APPROVED_REPORT_DRAWING_GOLDEN,report Golden from Phase 2-II candidate; HIGH confidence,,,H29_REFERENCE,Page element type 'text_block'.
G-RPT-1303,report,report.layout.CAL-P00791-CAL-SEC-3.5.2-003,ENT-LINE-ACL,地震L2 Wd=18853.5kN Kh=1.36 We=48.81kN/m(横構1組1/4+常時換算) 設計Pe=37.34kN/m Keq=0.765,,,,NOTE,CAL-P00791-CAL-SEC-3.5.2-003,RP-879,calc_pdf_p791,,CALCULATION,HIGH,UNVERIFIED,APPROVED_REPORT_DRAWING_GOLDEN,report Golden from Phase 2-II candidate; HIGH confidence,,,H29_REFERENCE,Page element type 'text_block'.
G-RPT-1304,report,report.layout.CAL-P00792-CAL-SEC-3.5.3-001,ENT-LINE-ACL,3.5.3 設計断面力 部材軸力表(コード/長さ/Secθ/Nw/Ne/N),,,,text,CAL-P00792-CAL-SEC-3.5.3-001,RP-880,calc_pdf_p792,,CALCULATION,HIGH,UNVERIFIED,APPROVED_REPORT_DRAWING_GOLDEN,report Golden from Phase 2-II candidate; HIGH confidence,,,H29_REFERENCE,Page element type 'subsection_header'.
G-RPT-1305,report,report.layout.CAL-P00792-CAL-SEC-3.5.3-002,ENT-LINE-ACL,部材軸力 D-10016~D-10216 2行コード 風Nw/地震Ne/設計N kN,,,,text,CAL-P00792-CAL-SEC-3.5.3-002,RP-882,calc_pdf_p792,,CALCULATION,HIGH,UNVERIFIED,APPROVED_REPORT_DRAWING_GOLDEN,report Golden from Phase 2-II candidate; HIGH confidence,,,H29_REFERENCE,Page element type 'table'.
G-RPT-1306,report,report.layout.CAL-P00793-CAL-SEC-3.5.4-001,ENT-LINE-ACL,3.5.4 断面の決定,,,,text,CAL-P00793-CAL-SEC-3.5.4-001,RP-883,calc_pdf_p793,,CALCULATION,HIGH,UNVERIFIED,APPROVED_REPORT_DRAWING_GOLDEN,report Golden from Phase 2-II candidate; HIGH confidence,,,H29_REFERENCE,Page element type 'subsection_header'.
G-RPT-1307,report,report.layout.CAL-P00793-CAL-SEC-3.5.4-002,ENT-LINE-ACL,断面決定表 断面番号/種別/材質/A/Ag/照査結果,,,,text,CAL-P00793-CAL-SEC-3.5.4-002,RP-885,calc_pdf_p793,,CALCULATION,HIGH,UNVERIFIED,APPROVED_REPORT_DRAWING_GOLDEN,report Golden from Phase 2-II candidate; HIGH confidence,,,H29_REFERENCE,Page element type 'table'.
G-RPT-1308,report,report.layout.CAL-P00797-CAL-SEC-3.5.5-001,ENT-LINE-ACL,3.5.5 計算結果一覧,,,,text,CAL-P00797-CAL-SEC-3.5.5-001,RP-886,calc_pdf_p797,,CALCULATION,HIGH,UNVERIFIED,APPROVED_REPORT_DRAWING_GOLDEN,report Golden from Phase 2-II candidate; HIGH confidence,,,H29_REFERENCE,Page element type 'subsection_header'.
G-RPT-1309,report,report.layout.CAL-P00797-CAL-SEC-3.5.5-002,ENT-LINE-ACL,横構計算結果一覧表 部材/断面/応力度照査,,,,text,CAL-P00797-CAL-SEC-3.5.5-002,RP-888,calc_pdf_p797,,CALCULATION,HIGH,UNVERIFIED,APPROVED_REPORT_DRAWING_GOLDEN,report Golden from Phase 2-II candidate; HIGH confidence,,,H29_REFERENCE,Page element type 'table'.
G-RPT-1310,report,report.layout.CAL-P00800-CAL-SEC-3.5.6-001,ENT-LINE-ACL,3.5.6 支点部水平支承補強計算 PU15/PR1/PR2/AR2,,,,text,CAL-P00800-CAL-SEC-3.5.6-001,RP-889,calc_pdf_p800,,CALCULATION,HIGH,UNVERIFIED,APPROVED_REPORT_DRAWING_GOLDEN,report Golden from Phase 2-II candidate; HIGH confidence,,,H29_REFERENCE,Page element type 'subsection_header'.
G-RPT-1311,report,report.layout.CAL-P00800-CAL-SEC-3.5.6-002,ENT-LINE-ACL,支点部補強計算 断面諸元/ボルト継手照査,,,,text,CAL-P00800-CAL-SEC-3.5.6-002,RP-891,calc_pdf_p800,,CALCULATION,HIGH,UNVERIFIED,APPROVED_REPORT_DRAWING_GOLDEN,report Golden from Phase 2-II candidate; HIGH confidence,,,H29_REFERENCE,Page element type 'table'.
G-RPT-1312,report,report.layout.CAL-P00816-CAL-SEC-3.5.6-001,ENT-LINE-ACL,支点部補強計算(最終),,,,text,CAL-P00816-CAL-SEC-3.5.6-001,RP-892,calc_pdf_p816,,CALCULATION,HIGH,UNVERIFIED,APPROVED_REPORT_DRAWING_GOLDEN,report Golden from Phase 2-II candidate; HIGH confidence,,,H29_REFERENCE,Page element type 'table'.
G-RPT-1313,report,report.layout.CAL-P00817-CAL-SEC-3.6-001,ENT-LINE-ACL,3.6 巻き立てコンクリートの設計,,,,text,CAL-P00817-CAL-SEC-3.6-001,RP-919,calc_pdf_p817,,CALCULATION,HIGH,UNVERIFIED,APPROVED_REPORT_DRAWING_GOLDEN,report Golden from Phase 2-II candidate; HIGH confidence,,,H29_REFERENCE,Page element type 'section_header'.
G-RPT-1314,report,report.layout.CAL-P00818-CAL-SEC-3.6.1-001,ENT-LINE-ACL,3.6.1 設計方針,,,,text,CAL-P00818-CAL-SEC-3.6.1-001,RP-921,calc_pdf_p818,,CALCULATION,HIGH,UNVERIFIED,APPROVED_REPORT_DRAWING_GOLDEN,report Golden from Phase 2-II candidate; HIGH confidence,,,H29_REFERENCE,Page element type 'subsection_header'.
G-RPT-1315,report,report.layout.CAL-P00818-CAL-SEC-3.6.1-002,ENT-LINE-ACL,本体部:鉄筋量断面積0.15%以上 最大径32mm 最大間隔300mm 道示III5.2,,,,NOTE,CAL-P00818-CAL-SEC-3.6.1-002,RP-923,calc_pdf_p818,,CALCULATION,HIGH,UNVERIFIED,APPROVED_REPORT_DRAWING_GOLDEN,report Golden from Phase 2-II candidate; HIGH confidence,,,H29_REFERENCE,Page element type 'text_block'.
G-RPT-1316,report,report.layout.CAL-P00818-CAL-SEC-3.6.1-003,ENT-LINE-ACL,下端突起部:水平支承橋軸方向力考慮 下フランジ補強材位置固定片持ち梁計算,,,,NOTE,CAL-P00818-CAL-SEC-3.6.1-003,RP-924,calc_pdf_p818,,CALCULATION,HIGH,UNVERIFIED,APPROVED_REPORT_DRAWING_GOLDEN,report Golden from Phase 2-II candidate; HIGH confidence,,,H29_REFERENCE,Page element type 'text_block'.
G-RPT-1317,report,report.layout.CAL-P00818-CAL-SEC-3.6.1-004,ENT-LINE-ACL,巻き立てコンクリート概要図 S1/S2/PR1/PR2,,,,figure,CAL-P00818-CAL-SEC-3.6.1-004,RP-925,calc_pdf_p818,,CALCULATION,HIGH,UNVERIFIED,APPROVED_REPORT_DRAWING_GOLDEN,report Golden from Phase 2-II candidate; HIGH confidence,,,H29_REFERENCE,Page element type 'figure'.
G-RPT-1318,report,report.layout.CAL-P00819-CAL-SEC-3.6.2-001,ENT-LINE-ACL,3.6.2 本体部 端支点S1,,,,text,CAL-P00819-CAL-SEC-3.6.2-001,RP-926,calc_pdf_p819,,CALCULATION,HIGH,UNVERIFIED,APPROVED_REPORT_DRAWING_GOLDEN,report Golden from Phase 2-II candidate; HIGH confidence,,,H29_REFERENCE,Page element type 'subsection_header'.
G-RPT-1319,report,report.layout.CAL-P00819-CAL-SEC-3.6.2-002,ENT-LINE-ACL,S1断面図 B=1500 H=2280 D19@250 7段 D25@250 4本,,,,figure,CAL-P00819-CAL-SEC-3.6.2-002,RP-928,calc_pdf_p819,,CALCULATION,HIGH,UNVERIFIED,APPROVED_REPORT_DRAWING_GOLDEN,report Golden from Phase 2-II candidate; HIGH confidence,,,H29_REFERENCE,Page element type 'figure'.
G-RPT-1320,report,report.layout.CAL-P00819-CAL-SEC-3.6.2-003,ENT-LINE-ACL,S1 Ac=34200cm2 Asreq=51.30cm2 D19n>=18 D25n>=3本,,,,text,CAL-P00819-CAL-SEC-3.6.2-003,RP-929,calc_pdf_p819,,CALCULATION,HIGH,UNVERIFIED,APPROVED_REPORT_DRAWING_GOLDEN,report Golden from Phase 2-II candidate; HIGH confidence,,,H29_REFERENCE,Page element type 'table'.
G-RPT-1321,report,report.layout.CAL-P00820-CAL-SEC-3.6.2-001,ENT-LINE-ACL,端支点S2 本体部,,,,text,CAL-P00820-CAL-SEC-3.6.2-001,RP-930,calc_pdf_p820,,CALCULATION,HIGH,UNVERIFIED,APPROVED_REPORT_DRAWING_GOLDEN,report Golden from Phase 2-II candidate; HIGH confidence,,,H29_REFERENCE,Page element type 'subsection_header'.
G-RPT-1322,report,report.layout.CAL-P00820-CAL-SEC-3.6.2-002,ENT-LINE-ACL,S2断面図 B=1500 H=2400 D19@250 7段 D25@250 4本,,,,figure,CAL-P00820-CAL-SEC-3.6.2-002,RP-932,calc_pdf_p820,,CALCULATION,HIGH,UNVERIFIED,APPROVED_REPORT_DRAWING_GOLDEN,report Golden from Phase 2-II candidate; HIGH confidence,,,H29_REFERENCE,Page element type 'figure'.
G-RPT-1323,report,report.layout.CAL-P00820-CAL-SEC-3.6.2-003,ENT-LINE-ACL,S2 Ac=36000cm2 Asreq=54.00cm2 D19n>=19 D25n>=3本,,,,text,CAL-P00820-CAL-SEC-3.6.2-003,RP-933,calc_pdf_p820,,CALCULATION,HIGH,UNVERIFIED,APPROVED_REPORT_DRAWING_GOLDEN,report Golden from Phase 2-II candidate; HIGH confidence,,,H29_REFERENCE,Page element type 'table'.
G-RPT-1324,report,report.layout.CAL-P00821-CAL-SEC-3.6.2-001,ENT-LINE-ACL,中間支点PR1/PR2 本体部,,,,text,CAL-P00821-CAL-SEC-3.6.2-001,RP-934,calc_pdf_p821,,CALCULATION,HIGH,UNVERIFIED,APPROVED_REPORT_DRAWING_GOLDEN,report Golden from Phase 2-II candidate; HIGH confidence,,,H29_REFERENCE,Page element type 'subsection_header'.
G-RPT-1325,report,report.layout.CAL-P00821-CAL-SEC-3.6.2-002,ENT-LINE-ACL,PR1/PR2断面図 B=2000 H=2400 D19@250 7段 D25@250 4本,,,,figure,CAL-P00821-CAL-SEC-3.6.2-002,RP-936,calc_pdf_p821,,CALCULATION,HIGH,UNVERIFIED,APPROVED_REPORT_DRAWING_GOLDEN,report Golden from Phase 2-II candidate; HIGH confidence,,,H29_REFERENCE,Page element type 'figure'.
G-RPT-1326,report,report.layout.CAL-P00821-CAL-SEC-3.6.2-003,ENT-LINE-ACL,PR1/PR2 Ac=48000cm2 Asreq=72.00cm2 D19n>=26 D25n>=3本,,,,text,CAL-P00821-CAL-SEC-3.6.2-003,RP-937,calc_pdf_p821,,CALCULATION,HIGH,UNVERIFIED,APPROVED_REPORT_DRAWING_GOLDEN,report Golden from Phase 2-II candidate; HIGH confidence,,,H29_REFERENCE,Page element type 'table'.
G-RPT-1327,report,report.layout.CAL-P00822-CAL-SEC-3.6.3-001,ENT-LINE-ACL,3.6.3 下端突起部 端支点S1/S2,,,,text,CAL-P00822-CAL-SEC-3.6.3-001,RP-938,calc_pdf_p822,,CALCULATION,HIGH,UNVERIFIED,APPROVED_REPORT_DRAWING_GOLDEN,report Golden from Phase 2-II candidate; HIGH confidence,,,H29_REFERENCE,Page element type 'subsection_header'.
G-RPT-1328,report,report.layout.CAL-P00822-CAL-SEC-3.6.3-002,ENT-LINE-ACL,端支点下端突起部断面図,,,,figure,CAL-P00822-CAL-SEC-3.6.3-002,RP-940,calc_pdf_p822,,CALCULATION,HIGH,UNVERIFIED,APPROVED_REPORT_DRAWING_GOLDEN,report Golden from Phase 2-II candidate; HIGH confidence,,,H29_REFERENCE,Page element type 'figure'.
G-RPT-1329,report,report.layout.CAL-P00823-CAL-SEC-3.6.3-001,ENT-LINE-ACL,S1/S2突起部断面力/断面諸元/鉄筋計算,,,,text,CAL-P00823-CAL-SEC-3.6.3-001,RP-941,calc_pdf_p823,,CALCULATION,HIGH,UNVERIFIED,APPROVED_REPORT_DRAWING_GOLDEN,report Golden from Phase 2-II candidate; HIGH confidence,,,H29_REFERENCE,Page element type 'table'.
G-RPT-1330,report,report.layout.CAL-P00824-CAL-SEC-3.6.3-001,ENT-LINE-ACL,端支点突起部曲げ/せん断照査,,,,text,CAL-P00824-CAL-SEC-3.6.3-001,RP-942,calc_pdf_p824,,CALCULATION,HIGH,UNVERIFIED,APPROVED_REPORT_DRAWING_GOLDEN,report Golden from Phase 2-II candidate; HIGH confidence,,,H29_REFERENCE,Page element type 'table'.
G-RPT-1331,report,report.layout.CAL-P00832-CAL-SEC-3.6.3-001,ENT-LINE-ACL,中間支点PR1/PR2突起部断面力/鉄筋計算,,,,text,CAL-P00832-CAL-SEC-3.6.3-001,RP-943,calc_pdf_p832,,CALCULATION,HIGH,UNVERIFIED,APPROVED_REPORT_DRAWING_GOLDEN,report Golden from Phase 2-II candidate; HIGH confidence,,,H29_REFERENCE,Page element type 'table'.
G-RPT-1332,report,report.layout.CAL-P00833-CAL-SEC-3.6.3-001,ENT-LINE-ACL,中間支点突起部曲げ/せん断照査,,,,text,CAL-P00833-CAL-SEC-3.6.3-001,RP-944,calc_pdf_p833,,CALCULATION,HIGH,UNVERIFIED,APPROVED_REPORT_DRAWING_GOLDEN,report Golden from Phase 2-II candidate; HIGH confidence,,,H29_REFERENCE,Page element type 'table'.
G-RPT-1333,report,report.layout.CAL-P00839-CAL-SEC-3.6.3-001,ENT-LINE-ACL,中間支点突起部照査(最終),,,,text,CAL-P00839-CAL-SEC-3.6.3-001,RP-945,calc_pdf_p839,,CALCULATION,HIGH,UNVERIFIED,APPROVED_REPORT_DRAWING_GOLDEN,report Golden from Phase 2-II candidate; HIGH confidence,,,H29_REFERENCE,Page element type 'table'.
G-RPT-1334,report,report.layout.CAL-P00840-CAL-SEC-3.6.4-001,ENT-LINE-ACL,3.6.4 支点上横桁ずれ止め計算,,,,text,CAL-P00840-CAL-SEC-3.6.4-001,RP-946,calc_pdf_p840,,CALCULATION,HIGH,UNVERIFIED,APPROVED_REPORT_DRAWING_GOLDEN,report Golden from Phase 2-II candidate; HIGH confidence,,,H29_REFERENCE,Page element type 'subsection_header'.
G-RPT-1335,report,report.layout.CAL-P00840-CAL-SEC-3.6.4-002,ENT-LINE-ACL,ずれ止め スタッド配置/耐力照査,,,,text,CAL-P00840-CAL-SEC-3.6.4-002,RP-948,calc_pdf_p840,,CALCULATION,HIGH,UNVERIFIED,APPROVED_REPORT_DRAWING_GOLDEN,report Golden from Phase 2-II candidate; HIGH confidence,,,H29_REFERENCE,Page element type 'table'.
G-RPT-1336,report,report.layout.CAL-P00842-CAL-SEC-3.7-001,ENT-LINE-ACL,3.7 疲労設計,,,,text,CAL-P00842-CAL-SEC-3.7-001,RP-973,calc_pdf_p842,,CALCULATION,HIGH,UNVERIFIED,APPROVED_REPORT_DRAWING_GOLDEN,report Golden from Phase 2-II candidate; HIGH confidence,,,H29_REFERENCE,Page element type 'section_header'.
G-RPT-1337,report,report.layout.CAL-P00843-CAL-SEC-3.7.1-001,ENT-LINE-ACL,3.7.1 主桁の疲労設計,,,,text,CAL-P00843-CAL-SEC-3.7.1-001,RP-975,calc_pdf_p843,,CALCULATION,HIGH,UNVERIFIED,APPROVED_REPORT_DRAWING_GOLDEN,report Golden from Phase 2-II candidate; HIGH confidence,,,H29_REFERENCE,Page element type 'subsection_header'.
G-RPT-1338,report,report.layout.CAL-P00843-CAL-SEC-3.7.1-002,ENT-LINE-ACL,疲労照査フローチャート,,,,figure,CAL-P00843-CAL-SEC-3.7.1-002,RP-977,calc_pdf_p843,,CALCULATION,HIGH,UNVERIFIED,APPROVED_REPORT_DRAWING_GOLDEN,report Golden from Phase 2-II candidate; HIGH confidence,,,H29_REFERENCE,Page element type 'figure'.
G-RPT-1339,report,report.layout.CAL-P00844-CAL-SEC-3.7.1-001,ENT-LINE-ACL,疲労照査荷重位置図 8010mm幅 100kN輪荷重,,,,figure,CAL-P00844-CAL-SEC-3.7.1-001,RP-978,calc_pdf_p844,,CALCULATION,HIGH,UNVERIFIED,APPROVED_REPORT_DRAWING_GOLDEN,report Golden from Phase 2-II candidate; HIGH confidence,,,H29_REFERENCE,Page element type 'figure'.
G-RPT-1340,report,report.layout.CAL-P00845-CAL-SEC-3.7.1-001,ENT-LINE-ACL,3.7.1.2 疲労照査必要性判定,,,,text,CAL-P00845-CAL-SEC-3.7.1-001,RP-979,calc_pdf_p845,,CALCULATION,HIGH,UNVERIFIED,APPROVED_REPORT_DRAWING_GOLDEN,report Golden from Phase 2-II candidate; HIGH confidence,,,H29_REFERENCE,Page element type 'subsection_header'.
G-RPT-1341,report,report.layout.CAL-P00845-CAL-SEC-3.7.1-002,ENT-LINE-ACL,3径間連続非合成鈑桁橋 等級D-G SM520/SM490Y/SM400 支間40.020m ADTTSLi=379台 照査必要 道示II表8.2.1,,,,NOTE,CAL-P00845-CAL-SEC-3.7.1-002,RP-981,calc_pdf_p845,,CALCULATION,HIGH,UNVERIFIED,APPROVED_REPORT_DRAWING_GOLDEN,report Golden from Phase 2-II candidate; HIGH confidence,,,H29_REFERENCE,Page element type 'text_block'.
G-RPT-1342,report,report.layout.CAL-P00845-CAL-SEC-3.7.1-003,ENT-LINE-ACL,設計供用100年 F荷重200kN if=10/(50+L) gammaF=gammaF1*gammaF2*gammaF3*gammaa gammaF1=3.0 gammaa=0.8,,,,NOTE,CAL-P00845-CAL-SEC-3.7.1-003,RP-982,calc_pdf_p845,,CALCULATION,HIGH,UNVERIFIED,APPROVED_REPORT_DRAWING_GOLDEN,report Golden from Phase 2-II candidate; HIGH confidence,,,H29_REFERENCE,Page element type 'text_block'.
G-RPT-1343,report,report.layout.CAL-P00846-CAL-SEC-3.7.1-001,ENT-LINE-ACL,gammaF2=(LogLB1+1.50)/3.0 2/3<=gammaF2<=1.00 gammaF3=1.00(正負交番しない場合表8.2.2) gammaa=0.8(多主桁橋),,,,NOTE,CAL-P00846-CAL-SEC-3.7.1-001,RP-983,calc_pdf_p846,,CALCULATION,HIGH,UNVERIFIED,APPROVED_REPORT_DRAWING_GOLDEN,report Golden from Phase 2-II candidate; HIGH confidence,,,H29_REFERENCE,Page element type 'text_block'.
G-RPT-1344,report,report.layout.CAL-P00847-CAL-SEC-3.7.1-001,ENT-LINE-ACL,要素中間点断面力補間:直線1/2/3交点から補間点=交点2+(交点1-交点2)*Lx/L,,,,NOTE,CAL-P00847-CAL-SEC-3.7.1-001,RP-984,calc_pdf_p847,,CALCULATION,HIGH,UNVERIFIED,APPROVED_REPORT_DRAWING_GOLDEN,report Golden from Phase 2-II candidate; HIGH confidence,,,H29_REFERENCE,Page element type 'text_block'.
G-RPT-1345,report,report.layout.CAL-P00848-CAL-SEC-3.7.1-001,ENT-LINE-ACL,照査位置11箇所:上FLG+垂直補剛E/上FLG+スタッドE/下FLG+垂直補剛E/腹板上FLG D/腹板下FLG D/腹板上+垂直補剛E/腹板下+垂直補剛E/水平補剛上G/水平補剛下G/腹板+横桁上FLG G/腹板+横桁下FLG G,,,,text,CAL-P00848-CAL-SEC-3.7.1-001,RP-985,calc_pdf_p848,,CALCULATION,HIGH,UNVERIFIED,APPROVED_REPORT_DRAWING_GOLDEN,report Golden from Phase 2-II candidate; HIGH confidence,,,H29_REFERENCE,Page element type 'table'.
G-RPT-1346,report,report.layout.CAL-P00849-CAL-SEC-3.7.1-001,ENT-LINE-ACL,代表部:No.1 AG1 1005 腹板+横桁下FLG G等級 No.2 AG1 J-14 上FLG+スタッド E等級,,,,NOTE,CAL-P00849-CAL-SEC-3.7.1-001,RP-986,calc_pdf_p849,,CALCULATION,HIGH,UNVERIFIED,APPROVED_REPORT_DRAWING_GOLDEN,report Golden from Phase 2-II candidate; HIGH confidence,,,H29_REFERENCE,Page element type 'text_block'.
G-RPT-1347,report,report.layout.CAL-P00850-CAL-SEC-3.7.1-001,ENT-LINE-ACL,No.1断面諸量 Rc=2998.500m Ix=0.077140m4 y=0.9080m 断面力/応力度 載荷横断1-27 Mx kNm,,,,text,CAL-P00850-CAL-SEC-3.7.1-001,RP-987,calc_pdf_p850,,CALCULATION,HIGH,UNVERIFIED,APPROVED_REPORT_DRAWING_GOLDEN,report Golden from Phase 2-II candidate; HIGH confidence,,,H29_REFERENCE,Page element type 'table'.
G-RPT-1348,report,report.layout.CAL-P00851-CAL-SEC-3.7.1-001,ENT-LINE-ACL,No.1応力範囲 delta_sigma_max=54N/mm2 G等級打切delta_sigma_ce=32 CR=1.00 Ct=1.00 簡便照査54>32 NG,,,,text,CAL-P00851-CAL-SEC-3.7.1-001,RP-988,calc_pdf_p851,,CALCULATION,HIGH,UNVERIFIED,APPROVED_REPORT_DRAWING_GOLDEN,report Golden from Phase 2-II candidate; HIGH confidence,,,H29_REFERENCE,Page element type 'table'.
G-RPT-1349,report,report.layout.CAL-P00852-CAL-SEC-3.7.1-001,ENT-LINE-ACL,No.1累積損傷度 nti=0.42e6 N1_1=1.61e6 D=0.26<=1.0 OK G等級 delta_sigma_f=50 delta_sigma_ve=15 N/mm2,,,,text,CAL-P00852-CAL-SEC-3.7.1-001,RP-989,calc_pdf_p852,,CALCULATION,HIGH,UNVERIFIED,APPROVED_REPORT_DRAWING_GOLDEN,report Golden from Phase 2-II candidate; HIGH confidence,,,H29_REFERENCE,Page element type 'table'.
G-RPT-1350,report,report.layout.CAL-P00853-CAL-SEC-3.7.1-001,ENT-LINE-ACL,No.2 AG1 J-14 Ix=0.076329m4 y=-1.3405m E等級 断面力/応力度,,,,text,CAL-P00853-CAL-SEC-3.7.1-001,RP-990,calc_pdf_p853,,CALCULATION,HIGH,UNVERIFIED,APPROVED_REPORT_DRAWING_GOLDEN,report Golden from Phase 2-II candidate; HIGH confidence,,,H29_REFERENCE,Page element type 'table'.
G-RPT-1351,report,report.layout.CAL-P00854-CAL-SEC-3.7.1-001,ENT-LINE-ACL,No.2応力範囲 delta_sigma_max=80N/mm2 CR=1.30(応力比R=2.25>1.00) 死荷重-84N/mm2,,,,text,CAL-P00854-CAL-SEC-3.7.1-001,RP-991,calc_pdf_p854,,CALCULATION,HIGH,UNVERIFIED,APPROVED_REPORT_DRAWING_GOLDEN,report Golden from Phase 2-II candidate; HIGH confidence,,,H29_REFERENCE,Page element type 'table'.
G-RPT-1352,report,report.layout.CAL-P00855-CAL-SEC-3.7.1-001,ENT-LINE-ACL,No.2累積損傷度照査,,,,text,CAL-P00855-CAL-SEC-3.7.1-001,RP-992,calc_pdf_p855,,CALCULATION,HIGH,UNVERIFIED,APPROVED_REPORT_DRAWING_GOLDEN,report Golden from Phase 2-II candidate; HIGH confidence,,,H29_REFERENCE,Page element type 'table'.
G-RPT-1353,report,report.layout.CAL-P00856-CAL-SEC-3.7.1-001,ENT-LINE-ACL,主桁疲労照査結果一覧 全照査点,,,,text,CAL-P00856-CAL-SEC-3.7.1-001,RP-993,calc_pdf_p856,,CALCULATION,HIGH,UNVERIFIED,APPROVED_REPORT_DRAWING_GOLDEN,report Golden from Phase 2-II candidate; HIGH confidence,,,H29_REFERENCE,Page element type 'table'.
G-RPT-1354,report,report.layout.CAL-P00859-CAL-SEC-3.7.1-001,ENT-LINE-ACL,主桁疲労照査結果一覧(最終),,,,text,CAL-P00859-CAL-SEC-3.7.1-001,RP-994,calc_pdf_p859,,CALCULATION,HIGH,UNVERIFIED,APPROVED_REPORT_DRAWING_GOLDEN,report Golden from Phase 2-II candidate; HIGH confidence,,,H29_REFERENCE,Page element type 'table'.
G-RPT-1355,report,report.layout.CAL-P00860-CAL-SEC-3.7.2-001,ENT-LINE-ACL,3.7.2 横桁の疲労設計,,,,text,CAL-P00860-CAL-SEC-3.7.2-001,RP-995,calc_pdf_p860,,CALCULATION,HIGH,UNVERIFIED,APPROVED_REPORT_DRAWING_GOLDEN,report Golden from Phase 2-II candidate; HIGH confidence,,,H29_REFERENCE,Page element type 'subsection_header'.
G-RPT-1356,report,report.layout.CAL-P00860-CAL-SEC-3.7.2-002,ENT-LINE-ACL,横桁疲労照査位置/断面力/応力度,,,,text,CAL-P00860-CAL-SEC-3.7.2-002,RP-997,calc_pdf_p860,,CALCULATION,HIGH,UNVERIFIED,APPROVED_REPORT_DRAWING_GOLDEN,report Golden from Phase 2-II candidate; HIGH confidence,,,H29_REFERENCE,Page element type 'table'.
G-RPT-1357,report,report.layout.CAL-P00870-CAL-SEC-3.7.2-001,ENT-LINE-ACL,横桁疲労照査(最終),,,,text,CAL-P00870-CAL-SEC-3.7.2-001,RP-998,calc_pdf_p870,,CALCULATION,HIGH,UNVERIFIED,APPROVED_REPORT_DRAWING_GOLDEN,report Golden from Phase 2-II candidate; HIGH confidence,,,H29_REFERENCE,Page element type 'table'.
G-RPT-1358,report,report.layout.CAL-P00871-CAL-SEC-ch4-001,ENT-LINE-ACL,第4章 合成桁の設計,,,,text,CAL-P00871-CAL-SEC-ch4-001,RP-1040,calc_pdf_p871,,CALCULATION,HIGH,UNVERIFIED,APPROVED_REPORT_DRAWING_GOLDEN,report Golden from Phase 2-II candidate; HIGH confidence,,,H29_REFERENCE,Page element type 'chapter_header'.
G-RPT-1359,report,report.layout.CAL-P00872-CAL-SEC-4.1-001,ENT-LINE-ACL,4.1 主構断面力の計算,,,,text,CAL-P00872-CAL-SEC-4.1-001,RP-1042,calc_pdf_p872,,CALCULATION,HIGH,UNVERIFIED,APPROVED_REPORT_DRAWING_GOLDEN,report Golden from Phase 2-II candidate; HIGH confidence,,,H29_REFERENCE,Page element type 'section_header'.
G-RPT-1360,report,report.layout.CAL-P00873-CAL-SEC-4.1.1-001,ENT-LINE-ACL,4.1.1 解析方針,,,,text,CAL-P00873-CAL-SEC-4.1.1-001,RP-1044,calc_pdf_p873,,CALCULATION,HIGH,UNVERIFIED,APPROVED_REPORT_DRAWING_GOLDEN,report Golden from Phase 2-II candidate; HIGH confidence,,,H29_REFERENCE,Page element type 'subsection_header'.
G-RPT-1361,report,report.layout.CAL-P00873-CAL-SEC-4.1.1-002,ENT-LINE-ACL,解析概要: 主桁・横桁からなる平面格子モデル。死荷重・活荷重を載荷。,,,,NOTE,CAL-P00873-CAL-SEC-4.1.1-002,RP-1046,calc_pdf_p873,,CALCULATION,HIGH,UNVERIFIED,APPROVED_REPORT_DRAWING_GOLDEN,report Golden from Phase 2-II candidate; HIGH confidence,,,H29_REFERENCE,Page element type 'text_block'.
G-RPT-1362,report,report.layout.CAL-P00873-CAL-SEC-4.1.1-003,ENT-LINE-ACL,節点: 横断線位置/断面変化位置/0.15L位置。座標は線形計算結果を使用。,,,,NOTE,CAL-P00873-CAL-SEC-4.1.1-003,RP-1047,calc_pdf_p873,,CALCULATION,HIGH,UNVERIFIED,APPROVED_REPORT_DRAWING_GOLDEN,report Golden from Phase 2-II candidate; HIGH confidence,,,H29_REFERENCE,Page element type 'text_block'.
G-RPT-1363,report,report.layout.CAL-P00873-CAL-SEC-4.1.1-004,ENT-LINE-ACL,床版一括打設。合成前(鋼桁剛度)と合成後(合成断面剛度)の2モデル。,,,,NOTE,CAL-P00873-CAL-SEC-4.1.1-004,RP-1048,calc_pdf_p873,,CALCULATION,HIGH,UNVERIFIED,APPROVED_REPORT_DRAWING_GOLDEN,report Golden from Phase 2-II candidate; HIGH confidence,,,H29_REFERENCE,Page element type 'text_block'.
G-RPT-1364,report,report.layout.CAL-P00873-CAL-SEC-4.1.1-005,ENT-LINE-ACL,主桁合成後剛度算出時のヤング係数比 n=7,,,,NOTE,CAL-P00873-CAL-SEC-4.1.1-005,RP-1049,calc_pdf_p873,,CALCULATION,HIGH,UNVERIFIED,APPROVED_REPORT_DRAWING_GOLDEN,report Golden from Phase 2-II candidate; HIGH confidence,,,H29_REFERENCE,Page element type 'text_block'.
G-RPT-1365,report,report.layout.CAL-P00873-CAL-SEC-4.1.1-006,ENT-LINE-ACL,クリープ/乾燥収縮/温度差による断面力・たわみを道示Ⅱ14.2.2～14.2.4により算出,,,,NOTE,CAL-P00873-CAL-SEC-4.1.1-006,RP-1050,calc_pdf_p873,,CALCULATION,HIGH,UNVERIFIED,APPROVED_REPORT_DRAWING_GOLDEN,report Golden from Phase 2-II candidate; HIGH confidence,,,H29_REFERENCE,Page element type 'text_block'.
G-RPT-1366,report,report.layout.CAL-P00873-CAL-SEC-4.1.1-007,ENT-LINE-ACL,解析プログラム: 鋼橋自動設計システム APOLLO Analyzer 株式会社横河技術情報,,,,NOTE,CAL-P00873-CAL-SEC-4.1.1-007,RP-1051,calc_pdf_p873,,CALCULATION,HIGH,UNVERIFIED,APPROVED_REPORT_DRAWING_GOLDEN,report Golden from Phase 2-II candidate; HIGH confidence,,,H29_REFERENCE,Page element type 'text_block'.
G-RPT-1367,report,report.layout.CAL-P00874-CAL-SEC-4.1.2-001,ENT-LINE-ACL,4.1.2 荷重強度,,,,text,CAL-P00874-CAL-SEC-4.1.2-001,RP-1052,calc_pdf_p874,,CALCULATION,HIGH,UNVERIFIED,APPROVED_REPORT_DRAWING_GOLDEN,report Golden from Phase 2-II candidate; HIGH confidence,,,H29_REFERENCE,Page element type 'subsection_header'.
G-RPT-1368,report,report.layout.CAL-P00874-CAL-SEC-4.1.2-002,ENT-LINE-ACL,荷重強度は荷重係数を乗じていない荷重の特性値,,,,NOTE,CAL-P00874-CAL-SEC-4.1.2-002,RP-1054,calc_pdf_p874,,CALCULATION,HIGH,UNVERIFIED,APPROVED_REPORT_DRAWING_GOLDEN,report Golden from Phase 2-II candidate; HIGH confidence,,,H29_REFERENCE,Page element type 'text_block'.
G-RPT-1369,report,report.layout.CAL-P00874-CAL-SEC-4.1.2-003,ENT-LINE-ACL,標準断面図,,,,figure,CAL-P00874-CAL-SEC-4.1.2-003,RP-1055,calc_pdf_p874,,CALCULATION,HIGH,UNVERIFIED,APPROVED_REPORT_DRAWING_GOLDEN,report Golden from Phase 2-II candidate; HIGH confidence,,,H29_REFERENCE,Page element type 'figure'.
G-RPT-1370,report,report.layout.CAL-P00876-CAL-SEC-4.1.2-001,ENT-LINE-ACL,(2) 死荷重 1) 合成前死荷重,,,,text,CAL-P00876-CAL-SEC-4.1.2-001,RP-1056,calc_pdf_p876,,CALCULATION,HIGH,UNVERIFIED,APPROVED_REPORT_DRAWING_GOLDEN,report Golden from Phase 2-II candidate; HIGH confidence,,,H29_REFERENCE,Page element type 'subsection_header'.
G-RPT-1371,report,report.layout.CAL-P00876-CAL-SEC-4.1.2-002,ENT-LINE-ACL,合成前死荷重一覧,,,,text,CAL-P00876-CAL-SEC-4.1.2-002,RP-1058,calc_pdf_p876,,CALCULATION,HIGH,UNVERIFIED,APPROVED_REPORT_DRAWING_GOLDEN,report Golden from Phase 2-II candidate; HIGH confidence,,,H29_REFERENCE,Page element type 'table'.
G-RPT-1372,report,report.layout.CAL-P00881-CAL-SEC-4.1.2-001,ENT-LINE-ACL,2) 合成後死荷重,,,,text,CAL-P00881-CAL-SEC-4.1.2-001,RP-1059,calc_pdf_p881,,CALCULATION,HIGH,UNVERIFIED,APPROVED_REPORT_DRAWING_GOLDEN,report Golden from Phase 2-II candidate; HIGH confidence,,,H29_REFERENCE,Page element type 'subsection_header'.
G-RPT-1373,report,report.layout.CAL-P00882-CAL-SEC-4.1.2-001,ENT-LINE-ACL,合成後死荷重一覧表,,,,text,CAL-P00882-CAL-SEC-4.1.2-001,RP-1061,calc_pdf_p882,,CALCULATION,HIGH,UNVERIFIED,APPROVED_REPORT_DRAWING_GOLDEN,report Golden from Phase 2-II candidate; HIGH confidence,,,H29_REFERENCE,Page element type 'table'.
G-RPT-1374,report,report.layout.CAL-P00893-CAL-SEC-4.1.2-001,ENT-LINE-ACL,(3) 活荷重,,,,text,CAL-P00893-CAL-SEC-4.1.2-001,RP-1062,calc_pdf_p893,,CALCULATION,HIGH,UNVERIFIED,APPROVED_REPORT_DRAWING_GOLDEN,report Golden from Phase 2-II candidate; HIGH confidence,,,H29_REFERENCE,Page element type 'subsection_header'.
G-RPT-1375,report,report.layout.CAL-P00893-CAL-SEC-4.1.2-002,ENT-LINE-ACL,衝撃係数一覧,,,,text,CAL-P00893-CAL-SEC-4.1.2-002,RP-1064,calc_pdf_p893,,CALCULATION,HIGH,UNVERIFIED,APPROVED_REPORT_DRAWING_GOLDEN,report Golden from Phase 2-II candidate; HIGH confidence,,,H29_REFERENCE,Page element type 'table'.
G-RPT-1376,report,report.layout.CAL-P00893-CAL-SEC-4.1.2-003,ENT-LINE-ACL,(4) 組み合わせ係数および荷重係数,,,,text,CAL-P00893-CAL-SEC-4.1.2-003,RP-1065,calc_pdf_p893,,CALCULATION,HIGH,UNVERIFIED,APPROVED_REPORT_DRAWING_GOLDEN,report Golden from Phase 2-II candidate; HIGH confidence,,,H29_REFERENCE,Page element type 'subsection_header'.
G-RPT-1377,report,report.layout.CAL-P00893-CAL-SEC-4.1.2-004,ENT-LINE-ACL,組み合わせ係数および荷重係数は道示Ⅰ3.3表3-3.1による,,,,NOTE,CAL-P00893-CAL-SEC-4.1.2-004,RP-1067,calc_pdf_p893,,CALCULATION,HIGH,UNVERIFIED,APPROVED_REPORT_DRAWING_GOLDEN,report Golden from Phase 2-II candidate; HIGH confidence,,,H29_REFERENCE,Page element type 'text_block'.
G-RPT-1378,report,report.layout.CAL-P00894-CAL-SEC-4.1.2-001,ENT-LINE-ACL,(5) 巻き立てコンクリート荷重,,,,text,CAL-P00894-CAL-SEC-4.1.2-001,RP-1068,calc_pdf_p894,,CALCULATION,HIGH,UNVERIFIED,APPROVED_REPORT_DRAWING_GOLDEN,report Golden from Phase 2-II candidate; HIGH confidence,,,H29_REFERENCE,Page element type 'subsection_header'.
G-RPT-1379,report,report.layout.CAL-P00894-CAL-SEC-4.1.2-002,ENT-LINE-ACL,巻き立てコンクリート幅の設定は非合成桁の設計を参照,,,,NOTE,CAL-P00894-CAL-SEC-4.1.2-002,RP-1070,calc_pdf_p894,,CALCULATION,HIGH,UNVERIFIED,APPROVED_REPORT_DRAWING_GOLDEN,report Golden from Phase 2-II candidate; HIGH confidence,,,H29_REFERENCE,Page element type 'text_block'.
G-RPT-1380,report,report.layout.CAL-P00894-CAL-SEC-4.1.2-003,ENT-LINE-ACL,巻き立てコンクリート荷重一覧,,,,text,CAL-P00894-CAL-SEC-4.1.2-003,RP-1071,calc_pdf_p894,,CALCULATION,HIGH,UNVERIFIED,APPROVED_REPORT_DRAWING_GOLDEN,report Golden from Phase 2-II candidate; HIGH confidence,,,H29_REFERENCE,Page element type 'table'.
G-RPT-1381,report,report.layout.CAL-P00900-CAL-SEC-4.1.3-001,ENT-LINE-ACL,4.1.3 格点番号および部材番号,,,,text,CAL-P00900-CAL-SEC-4.1.3-001,RP-1072,calc_pdf_p900,,CALCULATION,HIGH,UNVERIFIED,APPROVED_REPORT_DRAWING_GOLDEN,report Golden from Phase 2-II candidate; HIGH confidence,,,H29_REFERENCE,Page element type 'subsection_header'.
G-RPT-1382,report,report.layout.CAL-P00900-CAL-SEC-4.1.3-002,ENT-LINE-ACL,格点番号および部材番号図,,,,figure,CAL-P00900-CAL-SEC-4.1.3-002,RP-1074,calc_pdf_p900,,CALCULATION,HIGH,UNVERIFIED,APPROVED_REPORT_DRAWING_GOLDEN,report Golden from Phase 2-II candidate; HIGH confidence,,,H29_REFERENCE,Page element type 'figure'.
G-RPT-1383,report,report.layout.CAL-P00901-CAL-SEC-4.1.4-001,ENT-LINE-ACL,4.1.4 格点座標および仮定剛度,,,,text,CAL-P00901-CAL-SEC-4.1.4-001,RP-1075,calc_pdf_p901,,CALCULATION,HIGH,UNVERIFIED,APPROVED_REPORT_DRAWING_GOLDEN,report Golden from Phase 2-II candidate; HIGH confidence,,,H29_REFERENCE,Page element type 'subsection_header'.
G-RPT-1384,report,report.layout.CAL-P00901-CAL-SEC-4.1.4-002,ENT-LINE-ACL,格点座標 AG1桁,,,,text,CAL-P00901-CAL-SEC-4.1.4-002,RP-1077,calc_pdf_p901,,CALCULATION,HIGH,UNVERIFIED,APPROVED_REPORT_DRAWING_GOLDEN,report Golden from Phase 2-II candidate; HIGH confidence,,,H29_REFERENCE,Page element type 'table'.
G-RPT-1385,report,report.layout.CAL-P00901-CAL-SEC-4.1.4-003,ENT-LINE-ACL,格点座標 AG2桁,,,,text,CAL-P00901-CAL-SEC-4.1.4-003,RP-1078,calc_pdf_p901,,CALCULATION,HIGH,UNVERIFIED,APPROVED_REPORT_DRAWING_GOLDEN,report Golden from Phase 2-II candidate; HIGH confidence,,,H29_REFERENCE,Page element type 'table'.
G-RPT-1386,report,report.layout.CAL-P00902-CAL-SEC-4.1.4-001,ENT-LINE-ACL,仮定剛度一覧,,,,text,CAL-P00902-CAL-SEC-4.1.4-001,RP-1079,calc_pdf_p902,,CALCULATION,HIGH,UNVERIFIED,APPROVED_REPORT_DRAWING_GOLDEN,report Golden from Phase 2-II candidate; HIGH confidence,,,H29_REFERENCE,Page element type 'table'.
G-RPT-1387,report,report.layout.CAL-P00904-CAL-SEC-4.1.5-001,ENT-LINE-ACL,4.1.5 格子解析データ,,,,text,CAL-P00904-CAL-SEC-4.1.5-001,RP-1080,calc_pdf_p904,,CALCULATION,HIGH,UNVERIFIED,APPROVED_REPORT_DRAWING_GOLDEN,report Golden from Phase 2-II candidate; HIGH confidence,,,H29_REFERENCE,Page element type 'subsection_header'.
G-RPT-1388,report,report.layout.CAL-P00904-CAL-SEC-4.1.5-002,ENT-LINE-ACL,4.1.5.1 前死荷重,,,,text,CAL-P00904-CAL-SEC-4.1.5-002,RP-1082,calc_pdf_p904,,CALCULATION,HIGH,UNVERIFIED,APPROVED_REPORT_DRAWING_GOLDEN,report Golden from Phase 2-II candidate; HIGH confidence,,,H29_REFERENCE,Page element type 'subsection_header'.
G-RPT-1389,report,report.layout.CAL-P00904-CAL-SEC-4.1.5-003,ENT-LINE-ACL,前死荷重解析モデルデータ,,,,text,CAL-P00904-CAL-SEC-4.1.5-003,RP-1084,calc_pdf_p904,,CALCULATION,HIGH,UNVERIFIED,APPROVED_REPORT_DRAWING_GOLDEN,report Golden from Phase 2-II candidate; HIGH confidence,,,H29_REFERENCE,Page element type 'table'.
G-RPT-1390,report,report.layout.CAL-P01026-CAL-SEC-4.1.5-001,ENT-LINE-ACL,4.1.5.2 後死荷重,,,,text,CAL-P01026-CAL-SEC-4.1.5-001,RP-1085,calc_pdf_p1026,,CALCULATION,HIGH,UNVERIFIED,APPROVED_REPORT_DRAWING_GOLDEN,report Golden from Phase 2-II candidate; HIGH confidence,,,H29_REFERENCE,Page element type 'subsection_header'.
G-RPT-1391,report,report.layout.CAL-P01026-CAL-SEC-4.1.5-002,ENT-LINE-ACL,後死荷重解析モデルデータ,,,,text,CAL-P01026-CAL-SEC-4.1.5-002,RP-1087,calc_pdf_p1026,,CALCULATION,HIGH,UNVERIFIED,APPROVED_REPORT_DRAWING_GOLDEN,report Golden from Phase 2-II candidate; HIGH confidence,,,H29_REFERENCE,Page element type 'table'.
G-RPT-1392,report,report.layout.CAL-P01115-CAL-SEC-4.1.6-001,ENT-LINE-ACL,4.1.6 格子解析結果,,,,text,CAL-P01115-CAL-SEC-4.1.6-001,RP-1088,calc_pdf_p1115,,CALCULATION,HIGH,UNVERIFIED,APPROVED_REPORT_DRAWING_GOLDEN,report Golden from Phase 2-II candidate; HIGH confidence,,,H29_REFERENCE,Page element type 'subsection_header'.
G-RPT-1393,report,report.layout.CAL-P01115-CAL-SEC-4.1.6-002,ENT-LINE-ACL,4.1.6.1 前死荷重結果,,,,text,CAL-P01115-CAL-SEC-4.1.6-002,RP-1090,calc_pdf_p1115,,CALCULATION,HIGH,UNVERIFIED,APPROVED_REPORT_DRAWING_GOLDEN,report Golden from Phase 2-II candidate; HIGH confidence,,,H29_REFERENCE,Page element type 'subsection_header'.
G-RPT-1394,report,report.layout.CAL-P01115-CAL-SEC-4.1.6-003,ENT-LINE-ACL,前死荷重部材力一覧,,,,text,CAL-P01115-CAL-SEC-4.1.6-003,RP-1092,calc_pdf_p1115,,CALCULATION,HIGH,UNVERIFIED,APPROVED_REPORT_DRAWING_GOLDEN,report Golden from Phase 2-II candidate; HIGH confidence,,,H29_REFERENCE,Page element type 'table'.
G-RPT-1395,report,report.layout.CAL-P01130-CAL-SEC-4.1.6-001,ENT-LINE-ACL,4.1.6.2 後死荷重結果,,,,text,CAL-P01130-CAL-SEC-4.1.6-001,RP-1093,calc_pdf_p1130,,CALCULATION,HIGH,UNVERIFIED,APPROVED_REPORT_DRAWING_GOLDEN,report Golden from Phase 2-II candidate; HIGH confidence,,,H29_REFERENCE,Page element type 'subsection_header'.
G-RPT-1396,report,report.layout.CAL-P01130-CAL-SEC-4.1.6-002,ENT-LINE-ACL,後死荷重部材力一覧,,,,text,CAL-P01130-CAL-SEC-4.1.6-002,RP-1095,calc_pdf_p1130,,CALCULATION,HIGH,UNVERIFIED,APPROVED_REPORT_DRAWING_GOLDEN,report Golden from Phase 2-II candidate; HIGH confidence,,,H29_REFERENCE,Page element type 'table'.
G-RPT-1397,report,report.layout.CAL-P01266-CAL-SEC-4.1.7-001,ENT-LINE-ACL,4.1.7 断面力,,,,text,CAL-P01266-CAL-SEC-4.1.7-001,RP-1096,calc_pdf_p1266,,CALCULATION,HIGH,UNVERIFIED,APPROVED_REPORT_DRAWING_GOLDEN,report Golden from Phase 2-II candidate; HIGH confidence,,,H29_REFERENCE,Page element type 'subsection_header'.
G-RPT-1398,report,report.layout.CAL-P01266-CAL-SEC-4.1.7-002,ENT-LINE-ACL,(1)主桁断面力,,,,text,CAL-P01266-CAL-SEC-4.1.7-002,RP-1098,calc_pdf_p1266,,CALCULATION,HIGH,UNVERIFIED,APPROVED_REPORT_DRAWING_GOLDEN,report Golden from Phase 2-II candidate; HIGH confidence,,,H29_REFERENCE,Page element type 'subsection_header'.
G-RPT-1399,report,report.layout.CAL-P01266-CAL-SEC-4.1.7-003,ENT-LINE-ACL,主桁断面力一覧,,,,text,CAL-P01266-CAL-SEC-4.1.7-003,RP-1100,calc_pdf_p1266,,CALCULATION,HIGH,UNVERIFIED,APPROVED_REPORT_DRAWING_GOLDEN,report Golden from Phase 2-II candidate; HIGH confidence,,,H29_REFERENCE,Page element type 'table'.
G-RPT-1400,report,report.layout.CAL-P01275-CAL-SEC-4.1.7-001,ENT-LINE-ACL,(2)横桁断面力,,,,text,CAL-P01275-CAL-SEC-4.1.7-001,RP-1101,calc_pdf_p1275,,CALCULATION,HIGH,UNVERIFIED,APPROVED_REPORT_DRAWING_GOLDEN,report Golden from Phase 2-II candidate; HIGH confidence,,,H29_REFERENCE,Page element type 'subsection_header'.
G-RPT-1401,report,report.layout.CAL-P01275-CAL-SEC-4.1.7-002,ENT-LINE-ACL,横桁断面力一覧,,,,text,CAL-P01275-CAL-SEC-4.1.7-002,RP-1103,calc_pdf_p1275,,CALCULATION,HIGH,UNVERIFIED,APPROVED_REPORT_DRAWING_GOLDEN,report Golden from Phase 2-II candidate; HIGH confidence,,,H29_REFERENCE,Page element type 'table'.
G-RPT-1402,report,report.layout.CAL-P01280-CAL-SEC-4.1.7-001,ENT-LINE-ACL,(3)クリープ・乾燥収縮・温度差の断面力,,,,text,CAL-P01280-CAL-SEC-4.1.7-001,RP-1104,calc_pdf_p1280,,CALCULATION,HIGH,UNVERIFIED,APPROVED_REPORT_DRAWING_GOLDEN,report Golden from Phase 2-II candidate; HIGH confidence,,,H29_REFERENCE,Page element type 'subsection_header'.
G-RPT-1403,report,report.layout.CAL-P01280-CAL-SEC-4.1.7-002,ENT-LINE-ACL,温度差断面力一覧,,,,text,CAL-P01280-CAL-SEC-4.1.7-002,RP-1106,calc_pdf_p1280,,CALCULATION,HIGH,UNVERIFIED,APPROVED_REPORT_DRAWING_GOLDEN,report Golden from Phase 2-II candidate; HIGH confidence,,,H29_REFERENCE,Page element type 'table'.
G-RPT-1404,report,report.layout.CAL-P01280-CAL-SEC-4.1.7-003,ENT-LINE-ACL,クリープ断面力一覧,,,,text,CAL-P01280-CAL-SEC-4.1.7-003,RP-1107,calc_pdf_p1280,,CALCULATION,HIGH,UNVERIFIED,APPROVED_REPORT_DRAWING_GOLDEN,report Golden from Phase 2-II candidate; HIGH confidence,,,H29_REFERENCE,Page element type 'table'.
G-RPT-1405,report,report.layout.CAL-P01280-CAL-SEC-4.1.7-004,ENT-LINE-ACL,乾燥収縮断面力一覧,,,,text,CAL-P01280-CAL-SEC-4.1.7-004,RP-1108,calc_pdf_p1280,,CALCULATION,HIGH,UNVERIFIED,APPROVED_REPORT_DRAWING_GOLDEN,report Golden from Phase 2-II candidate; HIGH confidence,,,H29_REFERENCE,Page element type 'table'.
G-RPT-1406,report,report.layout.CAL-P01282-CAL-SEC-4.1.7-001,ENT-LINE-ACL,(4)断面照査用断面力,,,,text,CAL-P01282-CAL-SEC-4.1.7-001,RP-1109,calc_pdf_p1282,,CALCULATION,HIGH,UNVERIFIED,APPROVED_REPORT_DRAWING_GOLDEN,report Golden from Phase 2-II candidate; HIGH confidence,,,H29_REFERENCE,Page element type 'subsection_header'.
G-RPT-1407,report,report.layout.CAL-P01282-CAL-SEC-4.1.7-002,ENT-LINE-ACL,断面照査用断面力一覧,,,,text,CAL-P01282-CAL-SEC-4.1.7-002,RP-1111,calc_pdf_p1282,,CALCULATION,HIGH,UNVERIFIED,APPROVED_REPORT_DRAWING_GOLDEN,report Golden from Phase 2-II candidate; HIGH confidence,,,H29_REFERENCE,Page element type 'table'.
G-RPT-1408,report,report.layout.CAL-P01283-CAL-SEC-4.2-001,ENT-LINE-ACL,4.2 主桁の設計,,,,text,CAL-P01283-CAL-SEC-4.2-001,RP-1171,calc_pdf_p1283,,CALCULATION,HIGH,UNVERIFIED,APPROVED_REPORT_DRAWING_GOLDEN,report Golden from Phase 2-II candidate; HIGH confidence,,,H29_REFERENCE,Page element type 'section_header'.
G-RPT-1409,report,report.layout.CAL-P01284-CAL-SEC-4.2.1-001,ENT-LINE-ACL,4.2.1 設計方針,,,,text,CAL-P01284-CAL-SEC-4.2.1-001,RP-1173,calc_pdf_p1284,,CALCULATION,HIGH,UNVERIFIED,APPROVED_REPORT_DRAWING_GOLDEN,report Golden from Phase 2-II candidate; HIGH confidence,,,H29_REFERENCE,Page element type 'subsection_header'.
G-RPT-1410,report,report.layout.CAL-P01284-CAL-SEC-4.2.1-002,ENT-LINE-ACL,設計方針(部分係数設計法に関わる事項),,,,NOTE,CAL-P01284-CAL-SEC-4.2.1-002,RP-1175,calc_pdf_p1284,,CALCULATION,HIGH,UNVERIFIED,APPROVED_REPORT_DRAWING_GOLDEN,report Golden from Phase 2-II candidate; HIGH confidence,,,H29_REFERENCE,Page element type 'text_block'.
G-RPT-1411,report,report.layout.CAL-P01284-CAL-SEC-4.2.1-003,ENT-LINE-ACL,"完成系: 鋼合成桁として設計。コンクリート床版は有効幅を考慮した合成断面,計算応力度は道示Ⅱの規定を満足するものとする",,,,NOTE,CAL-P01284-CAL-SEC-4.2.1-003,RP-1176,calc_pdf_p1284,,CALCULATION,HIGH,UNVERIFIED,APPROVED_REPORT_DRAWING_GOLDEN,report Golden from Phase 2-II candidate; HIGH confidence,,,H29_REFERENCE,Page element type 'text_block'.
G-RPT-1412,report,report.layout.CAL-P01284-CAL-SEC-4.2.1-004,ENT-LINE-ACL,"施工系: 合成前の鋼桁断面として死荷重及び施工時荷重に対して安全であること,非合成桁と同様に断面の決定,応力度照査を行う",,,,NOTE,CAL-P01284-CAL-SEC-4.2.1-004,RP-1177,calc_pdf_p1284,,CALCULATION,HIGH,UNVERIFIED,APPROVED_REPORT_DRAWING_GOLDEN,report Golden from Phase 2-II candidate; HIGH confidence,,,H29_REFERENCE,Page element type 'text_block'.
G-RPT-1413,report,report.layout.CAL-P01284-CAL-SEC-4.2.1-005,ENT-LINE-ACL,限界状態区分と照査項目一覧,,,,text,CAL-P01284-CAL-SEC-4.2.1-005,RP-1178,calc_pdf_p1284,,CALCULATION,HIGH,UNVERIFIED,APPROVED_REPORT_DRAWING_GOLDEN,report Golden from Phase 2-II candidate; HIGH confidence,,,H29_REFERENCE,Page element type 'table'.
G-RPT-1414,report,report.layout.CAL-P01285-CAL-SEC-4.2.1-001,ENT-LINE-ACL,材料係数一覧,,,,text,CAL-P01285-CAL-SEC-4.2.1-001,RP-1179,calc_pdf_p1285,,CALCULATION,HIGH,UNVERIFIED,APPROVED_REPORT_DRAWING_GOLDEN,report Golden from Phase 2-II candidate; HIGH confidence,,,H29_REFERENCE,Page element type 'table'.
G-RPT-1415,report,report.layout.CAL-P01285-CAL-SEC-4.2.1-002,ENT-LINE-ACL,部材係数・構造解析係数一覧,,,,text,CAL-P01285-CAL-SEC-4.2.1-002,RP-1180,calc_pdf_p1285,,CALCULATION,HIGH,UNVERIFIED,APPROVED_REPORT_DRAWING_GOLDEN,report Golden from Phase 2-II candidate; HIGH confidence,,,H29_REFERENCE,Page element type 'table'.
G-RPT-1416,report,report.layout.CAL-P01285-CAL-SEC-4.2.1-003,ENT-LINE-ACL,"鋼材SM490Y: σy=355N/mm2, σsu=490N/mm2, τy=205N/mm2, E=200000N/mm2, G=77000N/mm2",,,,NOTE,CAL-P01285-CAL-SEC-4.2.1-003,RP-1181,calc_pdf_p1285,,CALCULATION,HIGH,UNVERIFIED,APPROVED_REPORT_DRAWING_GOLDEN,report Golden from Phase 2-II candidate; HIGH confidence,,,H29_REFERENCE,Page element type 'text_block'.
G-RPT-1417,report,report.layout.CAL-P01286-CAL-SEC-4.2.1-001,ENT-LINE-ACL,断面諸量の算出に必要な鉄筋量は上下D22 @125mm,,,,NOTE,CAL-P01286-CAL-SEC-4.2.1-001,RP-1182,calc_pdf_p1286,,CALCULATION,HIGH,UNVERIFIED,APPROVED_REPORT_DRAWING_GOLDEN,report Golden from Phase 2-II candidate; HIGH confidence,,,H29_REFERENCE,Page element type 'text_block'.
G-RPT-1418,report,report.layout.CAL-P01286-CAL-SEC-4.2.1-002,ENT-LINE-ACL,合成断面設計: n=7(活荷重) n=14(クリープ) n=21(乾燥収縮),,,,NOTE,CAL-P01286-CAL-SEC-4.2.1-002,RP-1183,calc_pdf_p1286,,CALCULATION,HIGH,UNVERIFIED,APPROVED_REPORT_DRAWING_GOLDEN,report Golden from Phase 2-II candidate; HIGH confidence,,,H29_REFERENCE,Page element type 'text_block'.
G-RPT-1419,report,report.layout.CAL-P01287-CAL-SEC-4.2.2-001,ENT-LINE-ACL,4.2.2 床版有効幅の計算,,,,text,CAL-P01287-CAL-SEC-4.2.2-001,RP-1184,calc_pdf_p1287,,CALCULATION,HIGH,UNVERIFIED,APPROVED_REPORT_DRAWING_GOLDEN,report Golden from Phase 2-II candidate; HIGH confidence,,,H29_REFERENCE,Page element type 'subsection_header'.
G-RPT-1420,report,report.layout.CAL-P01287-CAL-SEC-4.2.2-002,ENT-LINE-ACL,床版有効幅一覧,,,,text,CAL-P01287-CAL-SEC-4.2.2-002,RP-1186,calc_pdf_p1287,,CALCULATION,HIGH,UNVERIFIED,APPROVED_REPORT_DRAWING_GOLDEN,report Golden from Phase 2-II candidate; HIGH confidence,,,H29_REFERENCE,Page element type 'table'.
G-RPT-1421,report,report.layout.CAL-P01299-CAL-SEC-4.2.3-001,ENT-LINE-ACL,4.2.3 断面諸量,,,,text,CAL-P01299-CAL-SEC-4.2.3-001,RP-1187,calc_pdf_p1299,,CALCULATION,HIGH,UNVERIFIED,APPROVED_REPORT_DRAWING_GOLDEN,report Golden from Phase 2-II candidate; HIGH confidence,,,H29_REFERENCE,Page element type 'subsection_header'.
G-RPT-1422,report,report.layout.CAL-P01299-CAL-SEC-4.2.3-002,ENT-LINE-ACL,"単位: 断面寸法=mm, 断面諸量=cm/cm2/cm4",,,,NOTE,CAL-P01299-CAL-SEC-4.2.3-002,RP-1189,calc_pdf_p1299,,CALCULATION,HIGH,UNVERIFIED,APPROVED_REPORT_DRAWING_GOLDEN,report Golden from Phase 2-II candidate; HIGH confidence,,,H29_REFERENCE,Page element type 'text_block'.
G-RPT-1423,report,report.layout.CAL-P01299-CAL-SEC-4.2.3-003,ENT-LINE-ACL,断面諸量 鋼桁断面 AG1,,,,text,CAL-P01299-CAL-SEC-4.2.3-003,RP-1190,calc_pdf_p1299,,CALCULATION,HIGH,UNVERIFIED,APPROVED_REPORT_DRAWING_GOLDEN,report Golden from Phase 2-II candidate; HIGH confidence,,,H29_REFERENCE,Page element type 'table'.
G-RPT-1424,report,report.layout.CAL-P01299-CAL-SEC-4.2.3-004,ENT-LINE-ACL,断面諸量 合成断面(n=7) AG1,,,,text,CAL-P01299-CAL-SEC-4.2.3-004,RP-1191,calc_pdf_p1299,,CALCULATION,HIGH,UNVERIFIED,APPROVED_REPORT_DRAWING_GOLDEN,report Golden from Phase 2-II candidate; HIGH confidence,,,H29_REFERENCE,Page element type 'table'.
G-RPT-1425,report,report.layout.CAL-P01299-CAL-SEC-4.2.3-005,ENT-LINE-ACL,断面諸量 合成(n=14 クリープ) AG1,,,,text,CAL-P01299-CAL-SEC-4.2.3-005,RP-1192,calc_pdf_p1299,,CALCULATION,HIGH,UNVERIFIED,APPROVED_REPORT_DRAWING_GOLDEN,report Golden from Phase 2-II candidate; HIGH confidence,,,H29_REFERENCE,Page element type 'table'.
G-RPT-1426,report,report.layout.CAL-P01299-CAL-SEC-4.2.3-006,ENT-LINE-ACL,断面諸量 合成(n=21 乾燥収縮) AG1,,,,text,CAL-P01299-CAL-SEC-4.2.3-006,RP-1193,calc_pdf_p1299,,CALCULATION,HIGH,UNVERIFIED,APPROVED_REPORT_DRAWING_GOLDEN,report Golden from Phase 2-II candidate; HIGH confidence,,,H29_REFERENCE,Page element type 'table'.
G-RPT-1427,report,report.layout.CAL-P01318-CAL-SEC-4.2.4-001,ENT-LINE-ACL,4.2.4 断面の応力度照査(耐荷性能の照査),,,,text,CAL-P01318-CAL-SEC-4.2.4-001,RP-1194,calc_pdf_p1318,,CALCULATION,HIGH,UNVERIFIED,APPROVED_REPORT_DRAWING_GOLDEN,report Golden from Phase 2-II candidate; HIGH confidence,,,H29_REFERENCE,Page element type 'subsection_header'.
G-RPT-1428,report,report.layout.CAL-P01318-CAL-SEC-4.2.4-002,ENT-LINE-ACL,断面の決定,,,,NOTE,CAL-P01318-CAL-SEC-4.2.4-002,RP-1196,calc_pdf_p1318,,CALCULATION,HIGH,UNVERIFIED,APPROVED_REPORT_DRAWING_GOLDEN,report Golden from Phase 2-II candidate; HIGH confidence,,,H29_REFERENCE,Page element type 'text_block'.
G-RPT-1429,report,report.layout.CAL-P01319-CAL-SEC-4.2.4-001,ENT-LINE-ACL,AG1 Sec-1(Sup-1) その1(完成時),,,,text,CAL-P01319-CAL-SEC-4.2.4-001,RP-1197,calc_pdf_p1319,,CALCULATION,HIGH,UNVERIFIED,APPROVED_REPORT_DRAWING_GOLDEN,report Golden from Phase 2-II candidate; HIGH confidence,,,H29_REFERENCE,Page element type 'subsection_header'.
G-RPT-1430,report,report.layout.CAL-P01319-CAL-SEC-4.2.4-002,ENT-LINE-ACL,断面力及び計算条件 AG1 Sec-1 Sup-1,,,,text,CAL-P01319-CAL-SEC-4.2.4-002,RP-1199,calc_pdf_p1319,,CALCULATION,HIGH,UNVERIFIED,APPROVED_REPORT_DRAWING_GOLDEN,report Golden from Phase 2-II candidate; HIGH confidence,,,H29_REFERENCE,Page element type 'table'.
G-RPT-1431,report,report.layout.CAL-P01319-CAL-SEC-4.2.4-003,ENT-LINE-ACL,断面諸量一覧 AG1 Sup-1,,,,text,CAL-P01319-CAL-SEC-4.2.4-003,RP-1200,calc_pdf_p1319,,CALCULATION,HIGH,UNVERIFIED,APPROVED_REPORT_DRAWING_GOLDEN,report Golden from Phase 2-II candidate; HIGH confidence,,,H29_REFERENCE,Page element type 'table'.
G-RPT-1432,report,report.layout.CAL-P01319-CAL-SEC-4.2.4-004,ENT-LINE-ACL,断面構成: SLAB 3993x230 / D22x2 / UFLG PL620x22 / WEB PL2537x14 / LFLG PL680x21,,,,NOTE,CAL-P01319-CAL-SEC-4.2.4-004,RP-1201,calc_pdf_p1319,,CALCULATION,HIGH,UNVERIFIED,APPROVED_REPORT_DRAWING_GOLDEN,report Golden from Phase 2-II candidate; HIGH confidence,,,H29_REFERENCE,Page element type 'text_block'.
G-RPT-1433,report,report.layout.CAL-P01319-CAL-SEC-4.2.4-005,ENT-LINE-ACL,温度差 P=-3158.2kN M=1686.3kNm クリープ P=0 M=0 乾燥収縮 P=-1842.3kN M=1786.5kNm,,,,NOTE,CAL-P01319-CAL-SEC-4.2.4-005,RP-1202,calc_pdf_p1319,,CALCULATION,HIGH,UNVERIFIED,APPROVED_REPORT_DRAWING_GOLDEN,report Golden from Phase 2-II candidate; HIGH confidence,,,H29_REFERENCE,Page element type 'text_block'.
G-RPT-1434,report,report.layout.CAL-P01320-CAL-SEC-4.2.4-001,ENT-LINE-ACL,温度差/クリープ/乾燥収縮応力度計算結果,,,,NOTE,CAL-P01320-CAL-SEC-4.2.4-001,RP-1203,calc_pdf_p1320,,CALCULATION,HIGH,UNVERIFIED,APPROVED_REPORT_DRAWING_GOLDEN,report Golden from Phase 2-II candidate; HIGH confidence,,,H29_REFERENCE,Page element type 'text_block'.
G-RPT-1435,report,report.layout.CAL-P01321-CAL-SEC-4.2.4-001,ENT-LINE-ACL,"上フランジ応力度制限値(限界状態3) σtud=272N/mm2 σcud=min(240,193)=193N/mm2",,,,NOTE,CAL-P01321-CAL-SEC-4.2.4-001,RP-1204,calc_pdf_p1321,,CALCULATION,HIGH,UNVERIFIED,APPROVED_REPORT_DRAWING_GOLDEN,report Golden from Phase 2-II candidate; HIGH confidence,,,H29_REFERENCE,Page element type 'text_block'.
G-RPT-1436,report,report.layout.CAL-P01321-CAL-SEC-4.2.4-002,ENT-LINE-ACL,"下フランジ応力度制限値(限界状態3) σtud=272N/mm2 σcud=min(245,164)=164N/mm2",,,,NOTE,CAL-P01321-CAL-SEC-4.2.4-002,RP-1205,calc_pdf_p1321,,CALCULATION,HIGH,UNVERIFIED,APPROVED_REPORT_DRAWING_GOLDEN,report Golden from Phase 2-II candidate; HIGH confidence,,,H29_REFERENCE,Page element type 'text_block'.
G-RPT-1437,report,report.layout.CAL-P01321-CAL-SEC-4.2.4-003,ENT-LINE-ACL,腹板せん断応力度制限値(限界状態3) τud=157N/mm2,,,,NOTE,CAL-P01321-CAL-SEC-4.2.4-003,RP-1206,calc_pdf_p1321,,CALCULATION,HIGH,UNVERIFIED,APPROVED_REPORT_DRAWING_GOLDEN,report Golden from Phase 2-II candidate; HIGH confidence,,,H29_REFERENCE,Page element type 'text_block'.
G-RPT-1438,report,report.layout.CAL-P01322-CAL-SEC-4.2.4-001,ENT-LINE-ACL,応力度照査結果 AG1 Sec-1 Sup-1 - 全項目OK,,,,NOTE,CAL-P01322-CAL-SEC-4.2.4-001,RP-1207,calc_pdf_p1322,,CALCULATION,HIGH,UNVERIFIED,APPROVED_REPORT_DRAWING_GOLDEN,report Golden from Phase 2-II candidate; HIGH confidence,,,H29_REFERENCE,Page element type 'text_block'.
G-RPT-1439,report,report.layout.CAL-P01322-CAL-SEC-4.2.4-002,ENT-LINE-ACL,応力度照査結果一覧 AG1 Sec-1 Sup-1,,,,text,CAL-P01322-CAL-SEC-4.2.4-002,RP-1208,calc_pdf_p1322,,CALCULATION,HIGH,UNVERIFIED,APPROVED_REPORT_DRAWING_GOLDEN,report Golden from Phase 2-II candidate; HIGH confidence,,,H29_REFERENCE,Page element type 'table'.
G-RPT-1440,report,report.layout.CAL-P01400-CAL-SEC-4.2.4-001,ENT-LINE-ACL,AG1 Sec-2(Span 1) その2-1(完成時),,,,text,CAL-P01400-CAL-SEC-4.2.4-001,RP-1209,calc_pdf_p1400,,CALCULATION,HIGH,UNVERIFIED,APPROVED_REPORT_DRAWING_GOLDEN,report Golden from Phase 2-II candidate; HIGH confidence,,,H29_REFERENCE,Page element type 'subsection_header'.
G-RPT-1441,report,report.layout.CAL-P01451-CAL-SEC-4.2.4-001,ENT-LINE-ACL,AG1 Sec-3(C1) 断面照査(完成時),,,,text,CAL-P01451-CAL-SEC-4.2.4-001,RP-1211,calc_pdf_p1451,,CALCULATION,HIGH,UNVERIFIED,APPROVED_REPORT_DRAWING_GOLDEN,report Golden from Phase 2-II candidate; HIGH confidence,,,H29_REFERENCE,Page element type 'subsection_header'.
G-RPT-1442,report,report.layout.CAL-P01520-CAL-SEC-4.2.4-001,ENT-LINE-ACL,AG1 Sec-4(PK前) 断面照査,,,,text,CAL-P01520-CAL-SEC-4.2.4-001,RP-1213,calc_pdf_p1520,,CALCULATION,HIGH,UNVERIFIED,APPROVED_REPORT_DRAWING_GOLDEN,report Golden from Phase 2-II candidate; HIGH confidence,,,H29_REFERENCE,Page element type 'subsection_header'.
G-RPT-1443,report,report.layout.CAL-P01598-CAL-SEC-4.2.4-001,ENT-LINE-ACL,AG1 Sec-5(PK後活) 断面照査,,,,text,CAL-P01598-CAL-SEC-4.2.4-001,RP-1215,calc_pdf_p1598,,CALCULATION,HIGH,UNVERIFIED,APPROVED_REPORT_DRAWING_GOLDEN,report Golden from Phase 2-II candidate; HIGH confidence,,,H29_REFERENCE,Page element type 'subsection_header'.
G-RPT-1444,report,report.layout.CAL-P01680-CAL-SEC-4.2.4-001,ENT-LINE-ACL,AG1 Sec-6(PR1) 断面照査(完成時),,,,text,CAL-P01680-CAL-SEC-4.2.4-001,RP-1217,calc_pdf_p1680,,CALCULATION,HIGH,UNVERIFIED,APPROVED_REPORT_DRAWING_GOLDEN,report Golden from Phase 2-II candidate; HIGH confidence,,,H29_REFERENCE,Page element type 'subsection_header'.
G-RPT-1445,report,report.layout.CAL-P01776-CAL-SEC-4.2.5-001,ENT-LINE-ACL,4.2.5 断面構成図,,,,text,CAL-P01776-CAL-SEC-4.2.5-001,RP-1219,calc_pdf_p1776,,CALCULATION,HIGH,UNVERIFIED,APPROVED_REPORT_DRAWING_GOLDEN,report Golden from Phase 2-II candidate; HIGH confidence,,,H29_REFERENCE,Page element type 'subsection_header'.
G-RPT-1446,report,report.layout.CAL-P01776-CAL-SEC-4.2.5-002,ENT-LINE-ACL,断面構成図 AG1,,,,figure,CAL-P01776-CAL-SEC-4.2.5-002,RP-1221,calc_pdf_p1776,,CALCULATION,HIGH,UNVERIFIED,APPROVED_REPORT_DRAWING_GOLDEN,report Golden from Phase 2-II candidate; HIGH confidence,,,H29_REFERENCE,Page element type 'figure'.
G-RPT-1447,report,report.layout.CAL-P01776-CAL-SEC-4.2.5-003,ENT-LINE-ACL,断面構成図 AG2,,,,figure,CAL-P01776-CAL-SEC-4.2.5-003,RP-1222,calc_pdf_p1776,,CALCULATION,HIGH,UNVERIFIED,APPROVED_REPORT_DRAWING_GOLDEN,report Golden from Phase 2-II candidate; HIGH confidence,,,H29_REFERENCE,Page element type 'figure'.
G-RPT-1448,report,report.layout.CAL-P01778-CAL-SEC-4.2.6-001,ENT-LINE-ACL,4.2.6 現場継手の計算,,,,text,CAL-P01778-CAL-SEC-4.2.6-001,RP-1223,calc_pdf_p1778,,CALCULATION,HIGH,UNVERIFIED,APPROVED_REPORT_DRAWING_GOLDEN,report Golden from Phase 2-II candidate; HIGH confidence,,,H29_REFERENCE,Page element type 'subsection_header'.
G-RPT-1449,report,report.layout.CAL-P01778-CAL-SEC-4.2.6-002,ENT-LINE-ACL,高力ボルト摩擦接合による現場継手の設計,,,,NOTE,CAL-P01778-CAL-SEC-4.2.6-002,RP-1225,calc_pdf_p1778,,CALCULATION,HIGH,UNVERIFIED,APPROVED_REPORT_DRAWING_GOLDEN,report Golden from Phase 2-II candidate; HIGH confidence,,,H29_REFERENCE,Page element type 'text_block'.
G-RPT-1450,report,report.layout.CAL-P01947-CAL-SEC-4.2.7-001,ENT-LINE-ACL,4.2.7 たわみおよび剛比の照査,,,,text,CAL-P01947-CAL-SEC-4.2.7-001,RP-1226,calc_pdf_p1947,,CALCULATION,HIGH,UNVERIFIED,APPROVED_REPORT_DRAWING_GOLDEN,report Golden from Phase 2-II candidate; HIGH confidence,,,H29_REFERENCE,Page element type 'subsection_header'.
G-RPT-1451,report,report.layout.CAL-P01947-CAL-SEC-4.2.7-002,ENT-LINE-ACL,たわみ計算結果一覧,,,,text,CAL-P01947-CAL-SEC-4.2.7-002,RP-1228,calc_pdf_p1947,,CALCULATION,HIGH,UNVERIFIED,APPROVED_REPORT_DRAWING_GOLDEN,report Golden from Phase 2-II candidate; HIGH confidence,,,H29_REFERENCE,Page element type 'table'.
G-RPT-1452,report,report.layout.CAL-P01955-CAL-SEC-4.2.8-001,ENT-LINE-ACL,4.2.8 各計算応力度,,,,text,CAL-P01955-CAL-SEC-4.2.8-001,RP-1229,calc_pdf_p1955,,CALCULATION,HIGH,UNVERIFIED,APPROVED_REPORT_DRAWING_GOLDEN,report Golden from Phase 2-II candidate; HIGH confidence,,,H29_REFERENCE,Page element type 'subsection_header'.
G-RPT-1453,report,report.layout.CAL-P01955-CAL-SEC-4.2.8-002,ENT-LINE-ACL,(1) 床版応力度,,,,text,CAL-P01955-CAL-SEC-4.2.8-002,RP-1231,calc_pdf_p1955,,CALCULATION,HIGH,UNVERIFIED,APPROVED_REPORT_DRAWING_GOLDEN,report Golden from Phase 2-II candidate; HIGH confidence,,,H29_REFERENCE,Page element type 'subsection_header'.
G-RPT-1454,report,report.layout.CAL-P01955-CAL-SEC-4.2.8-003,ENT-LINE-ACL,床版応力度一覧表,,,,text,CAL-P01955-CAL-SEC-4.2.8-003,RP-1233,calc_pdf_p1955,,CALCULATION,HIGH,UNVERIFIED,APPROVED_REPORT_DRAWING_GOLDEN,report Golden from Phase 2-II candidate; HIGH confidence,,,H29_REFERENCE,Page element type 'table'.
G-RPT-1455,report,report.layout.CAL-P01958-CAL-SEC-4.2.8-001,ENT-LINE-ACL,(2) 曲率による応力度,,,,text,CAL-P01958-CAL-SEC-4.2.8-001,RP-1234,calc_pdf_p1958,,CALCULATION,HIGH,UNVERIFIED,APPROVED_REPORT_DRAWING_GOLDEN,report Golden from Phase 2-II candidate; HIGH confidence,,,H29_REFERENCE,Page element type 'subsection_header'.
G-RPT-1456,report,report.layout.CAL-P02003-CAL-SEC-4.2.8-001,ENT-LINE-ACL,(3)完成系応力度(活荷重最大),,,,text,CAL-P02003-CAL-SEC-4.2.8-001,RP-1236,calc_pdf_p2003,,CALCULATION,HIGH,UNVERIFIED,APPROVED_REPORT_DRAWING_GOLDEN,report Golden from Phase 2-II candidate; HIGH confidence,,,H29_REFERENCE,Page element type 'subsection_header'.
G-RPT-1457,report,report.layout.CAL-P02003-CAL-SEC-4.2.8-002,ENT-LINE-ACL,完成系応力度一覧(活最大),,,,text,CAL-P02003-CAL-SEC-4.2.8-002,RP-1238,calc_pdf_p2003,,CALCULATION,HIGH,UNVERIFIED,APPROVED_REPORT_DRAWING_GOLDEN,report Golden from Phase 2-II candidate; HIGH confidence,,,H29_REFERENCE,Page element type 'table'.
G-RPT-1458,report,report.layout.CAL-P02076-CAL-SEC-4.2.8-001,ENT-LINE-ACL,(4)完成系応力度(活荷重最小),,,,text,CAL-P02076-CAL-SEC-4.2.8-001,RP-1239,calc_pdf_p2076,,CALCULATION,HIGH,UNVERIFIED,APPROVED_REPORT_DRAWING_GOLDEN,report Golden from Phase 2-II candidate; HIGH confidence,,,H29_REFERENCE,Page element type 'subsection_header'.
G-RPT-1459,report,report.layout.CAL-P02076-CAL-SEC-4.2.8-002,ENT-LINE-ACL,完成系応力度一覧(活最小),,,,text,CAL-P02076-CAL-SEC-4.2.8-002,RP-1241,calc_pdf_p2076,,CALCULATION,HIGH,UNVERIFIED,APPROVED_REPORT_DRAWING_GOLDEN,report Golden from Phase 2-II candidate; HIGH confidence,,,H29_REFERENCE,Page element type 'table'.
G-RPT-1460,report,report.layout.CAL-P02098-CAL-SEC-4.2.8-001,ENT-LINE-ACL,(5) 鉄筋応力度,,,,text,CAL-P02098-CAL-SEC-4.2.8-001,RP-1242,calc_pdf_p2098,,CALCULATION,HIGH,UNVERIFIED,APPROVED_REPORT_DRAWING_GOLDEN,report Golden from Phase 2-II candidate; HIGH confidence,,,H29_REFERENCE,Page element type 'subsection_header'.
G-RPT-1461,report,report.layout.CAL-P02098-CAL-SEC-4.2.8-002,ENT-LINE-ACL,鉄筋応力度一覧表,,,,text,CAL-P02098-CAL-SEC-4.2.8-002,RP-1244,calc_pdf_p2098,,CALCULATION,HIGH,UNVERIFIED,APPROVED_REPORT_DRAWING_GOLDEN,report Golden from Phase 2-II candidate; HIGH confidence,,,H29_REFERENCE,Page element type 'table'.
G-RPT-1462,report,report.layout.CAL-P02100-CAL-SEC-4.2.8-001,ENT-LINE-ACL,(6) 常時換算応力度,,,,text,CAL-P02100-CAL-SEC-4.2.8-001,RP-1245,calc_pdf_p2100,,CALCULATION,HIGH,UNVERIFIED,APPROVED_REPORT_DRAWING_GOLDEN,report Golden from Phase 2-II candidate; HIGH confidence,,,H29_REFERENCE,Page element type 'subsection_header'.
G-RPT-1463,report,report.layout.CAL-P02100-CAL-SEC-4.2.8-002,ENT-LINE-ACL,常時換算応力度一覧表,,,,text,CAL-P02100-CAL-SEC-4.2.8-002,RP-1247,calc_pdf_p2100,,CALCULATION,HIGH,UNVERIFIED,APPROVED_REPORT_DRAWING_GOLDEN,report Golden from Phase 2-II candidate; HIGH confidence,,,H29_REFERENCE,Page element type 'table'.
G-RPT-1464,report,report.layout.CAL-P02114-CAL-SEC-4.2.8-001,ENT-LINE-ACL,(7) 断面毎応力度,,,,text,CAL-P02114-CAL-SEC-4.2.8-001,RP-1248,calc_pdf_p2114,,CALCULATION,HIGH,UNVERIFIED,APPROVED_REPORT_DRAWING_GOLDEN,report Golden from Phase 2-II candidate; HIGH confidence,,,H29_REFERENCE,Page element type 'subsection_header'.
G-RPT-1465,report,report.layout.CAL-P02114-CAL-SEC-4.2.8-002,ENT-LINE-ACL,断面毎応力度一覧表,,,,text,CAL-P02114-CAL-SEC-4.2.8-002,RP-1250,calc_pdf_p2114,,CALCULATION,HIGH,UNVERIFIED,APPROVED_REPORT_DRAWING_GOLDEN,report Golden from Phase 2-II candidate; HIGH confidence,,,H29_REFERENCE,Page element type 'table'.
G-RPT-1466,report,report.layout.CAL-P02003-CAL-SEC-4.2.9-001,ENT-LINE-ACL,4.2.9 中間補剛材の計算,,,,text,CAL-P02003-CAL-SEC-4.2.9-001,RP-1251,calc_pdf_p2003,,CALCULATION,HIGH,UNVERIFIED,APPROVED_REPORT_DRAWING_GOLDEN,report Golden from Phase 2-II candidate; HIGH confidence,,,H29_REFERENCE,Page element type 'subsection_header'.
G-RPT-1467,report,report.layout.CAL-P02003-CAL-SEC-4.2.9-002,ENT-LINE-ACL,4.2.9.1 垂直補剛材の計算,,,,text,CAL-P02003-CAL-SEC-4.2.9-002,RP-1253,calc_pdf_p2003,,CALCULATION,HIGH,UNVERIFIED,APPROVED_REPORT_DRAWING_GOLDEN,report Golden from Phase 2-II candidate; HIGH confidence,,,H29_REFERENCE,Page element type 'subsection_header'.
G-RPT-1468,report,report.layout.CAL-P02003-CAL-SEC-4.2.9-003,ENT-LINE-ACL,4.2.9.2 垂直補剛材端部の処理,,,,text,CAL-P02003-CAL-SEC-4.2.9-003,RP-1255,calc_pdf_p2003,,CALCULATION,HIGH,UNVERIFIED,APPROVED_REPORT_DRAWING_GOLDEN,report Golden from Phase 2-II candidate; HIGH confidence,,,H29_REFERENCE,Page element type 'subsection_header'.
G-RPT-1469,report,report.layout.CAL-P02003-CAL-SEC-4.2.9-004,ENT-LINE-ACL,4.2.9.3 水平補剛材の応力度照査,,,,text,CAL-P02003-CAL-SEC-4.2.9-004,RP-1257,calc_pdf_p2003,,CALCULATION,HIGH,UNVERIFIED,APPROVED_REPORT_DRAWING_GOLDEN,report Golden from Phase 2-II candidate; HIGH confidence,,,H29_REFERENCE,Page element type 'subsection_header'.
G-RPT-1470,report,report.layout.CAL-P02003-CAL-SEC-4.2.9-005,ENT-LINE-ACL,4.2.9.4 中間補剛材の剛性照査,,,,text,CAL-P02003-CAL-SEC-4.2.9-005,RP-1259,calc_pdf_p2003,,CALCULATION,HIGH,UNVERIFIED,APPROVED_REPORT_DRAWING_GOLDEN,report Golden from Phase 2-II candidate; HIGH confidence,,,H29_REFERENCE,Page element type 'subsection_header'.
G-RPT-1471,report,report.layout.CAL-P02023-CAL-SEC-4.2.10-001,ENT-LINE-ACL,4.2.10 主桁溶接計算,,,,text,CAL-P02023-CAL-SEC-4.2.10-001,RP-1261,calc_pdf_p2023,,CALCULATION,HIGH,UNVERIFIED,APPROVED_REPORT_DRAWING_GOLDEN,report Golden from Phase 2-II candidate; HIGH confidence,,,H29_REFERENCE,Page element type 'subsection_header'.
G-RPT-1472,report,report.layout.CAL-P02023-CAL-SEC-4.2.10-002,ENT-LINE-ACL,溶接サイズ一覧,,,,text,CAL-P02023-CAL-SEC-4.2.10-002,RP-1263,calc_pdf_p2023,,CALCULATION,HIGH,UNVERIFIED,APPROVED_REPORT_DRAWING_GOLDEN,report Golden from Phase 2-II candidate; HIGH confidence,,,H29_REFERENCE,Page element type 'table'.
G-RPT-1473,report,report.layout.CH5-PE-001,ENT-LINE-ACL,第5章 付属物の設計,,,,text,CH5-PE-001,RP-1403,calc_pdf_p2026,,CALCULATION,HIGH,UNVERIFIED,APPROVED_REPORT_DRAWING_GOLDEN,report Golden from Phase 2-II candidate; HIGH confidence,,,H29_REFERENCE,Page element type 'chapter_title'.
G-RPT-1474,report,report.layout.CH5-PE-002,ENT-LINE-ACL,5.1 支承の設計,,,,text,CH5-PE-002,RP-1405,calc_pdf_p2027,,CALCULATION,HIGH,UNVERIFIED,APPROVED_REPORT_DRAWING_GOLDEN,report Golden from Phase 2-II candidate; HIGH confidence,,,H29_REFERENCE,Page element type 'section_title'.
G-RPT-1475,report,report.layout.CH5-PE-003,ENT-LINE-ACL,適用示方書・便覧,,,,text,CH5-PE-003,RP-1407,calc_pdf_p2027,,CALCULATION,HIGH,UNVERIFIED,APPROVED_REPORT_DRAWING_GOLDEN,report Golden from Phase 2-II candidate; HIGH confidence,,,H29_REFERENCE,Page element type 'sub_section'.
G-RPT-1476,report,report.layout.CH5-PE-004,ENT-LINE-ACL,諸元,,,,text,CH5-PE-004,RP-1409,calc_pdf_p2027,,CALCULATION,HIGH,UNVERIFIED,APPROVED_REPORT_DRAWING_GOLDEN,report Golden from Phase 2-II candidate; HIGH confidence,,,H29_REFERENCE,Page element type 'sub_section'.
G-RPT-1477,report,report.layout.CH5-PE-005,ENT-LINE-ACL,橋梁概要,,,,NOTE,CH5-PE-005,RP-1411,calc_pdf_p2027,,CALCULATION,HIGH,UNVERIFIED,APPROVED_REPORT_DRAWING_GOLDEN,report Golden from Phase 2-II candidate; HIGH confidence,,,H29_REFERENCE,Page element type 'design_item'.
G-RPT-1478,report,report.layout.CH5-PE-006,ENT-LINE-ACL,設計方針,,,,NOTE,CH5-PE-006,RP-1412,calc_pdf_p2027,,CALCULATION,HIGH,UNVERIFIED,APPROVED_REPORT_DRAWING_GOLDEN,report Golden from Phase 2-II candidate; HIGH confidence,,,H29_REFERENCE,Page element type 'design_item'.
G-RPT-1479,report,report.layout.CH5-PE-007,ENT-LINE-ACL,5.1.1 ゴム支承計算書(Ⅰ種地盤),,,,text,CH5-PE-007,RP-1413,calc_pdf_p2028,,CALCULATION,HIGH,UNVERIFIED,APPROVED_REPORT_DRAWING_GOLDEN,report Golden from Phase 2-II candidate; HIGH confidence,,,H29_REFERENCE,Page element type 'sub_section'.
G-RPT-1480,report,report.layout.CH5-PE-008,ENT-LINE-ACL,設計条件(支承条件),,,,text,CH5-PE-008,RP-1415,calc_pdf_p2028,,CALCULATION,HIGH,UNVERIFIED,APPROVED_REPORT_DRAWING_GOLDEN,report Golden from Phase 2-II candidate; HIGH confidence,,,H29_REFERENCE,Page element type 'sub_sub_section'.
G-RPT-1481,report,report.layout.CH5-PE-009,ENT-LINE-ACL,地盤条件・設計水平震度,,,,text,CH5-PE-009,RP-1417,calc_pdf_p2028,,CALCULATION,HIGH,UNVERIFIED,APPROVED_REPORT_DRAWING_GOLDEN,report Golden from Phase 2-II candidate; HIGH confidence,,,H29_REFERENCE,Page element type 'sub_sub_section'.
G-RPT-1482,report,report.layout.CH5-PE-010,ENT-LINE-ACL,下部剛性,,,,text,CH5-PE-010,RP-1419,calc_pdf_p2028,,CALCULATION,HIGH,UNVERIFIED,APPROVED_REPORT_DRAWING_GOLDEN,report Golden from Phase 2-II candidate; HIGH confidence,,,H29_REFERENCE,Page element type 'sub_sub_section'.
G-RPT-1483,report,report.layout.CH5-PE-011,ENT-LINE-ACL,径間移動量,,,,text,CH5-PE-011,RP-1421,calc_pdf_p2029,,CALCULATION,HIGH,UNVERIFIED,APPROVED_REPORT_DRAWING_GOLDEN,report Golden from Phase 2-II candidate; HIGH confidence,,,H29_REFERENCE,Page element type 'sub_sub_section'.
G-RPT-1484,report,report.layout.CH5-PE-012,ENT-LINE-ACL,作用の組合せ及び荷重組合せ係数と荷重係数,,,,text,CH5-PE-012,RP-1423,calc_pdf_p2030,,CALCULATION,HIGH,UNVERIFIED,APPROVED_REPORT_DRAWING_GOLDEN,report Golden from Phase 2-II candidate; HIGH confidence,,,H29_REFERENCE,Page element type 'sub_sub_section'.
G-RPT-1485,report,report.layout.CH5-PE-013,ENT-LINE-ACL,ゴム支承本体の耐久性能の照査,,,,text,CH5-PE-013,RP-1425,calc_pdf_p2031,,CALCULATION,HIGH,UNVERIFIED,APPROVED_REPORT_DRAWING_GOLDEN,report Golden from Phase 2-II candidate; HIGH confidence,,,H29_REFERENCE,Page element type 'sub_sub_section'.
G-RPT-1486,report,report.layout.CH5-PE-014,ENT-LINE-ACL,耐久性能の設計条件(荷重条件),,,,text,CH5-PE-014,RP-1427,calc_pdf_p2031,,CALCULATION,HIGH,UNVERIFIED,APPROVED_REPORT_DRAWING_GOLDEN,report Golden from Phase 2-II candidate; HIGH confidence,,,H29_REFERENCE,Page element type 'sub_sub_section'.
G-RPT-1487,report,report.layout.CH5-PE-015,ENT-LINE-ACL,支承形状,,,,text,CH5-PE-015,RP-1429,calc_pdf_p2031,,CALCULATION,HIGH,UNVERIFIED,APPROVED_REPORT_DRAWING_GOLDEN,report Golden from Phase 2-II candidate; HIGH confidence,,,H29_REFERENCE,Page element type 'sub_sub_section'.
G-RPT-1488,report,report.layout.CH5-PE-016,ENT-LINE-ACL,鉛プラグ入りゴム支承のcγ(γ)算定に用いる係数,,,,text,CH5-PE-016,RP-1431,calc_pdf_p2031,,CALCULATION,HIGH,UNVERIFIED,APPROVED_REPORT_DRAWING_GOLDEN,report Golden from Phase 2-II candidate; HIGH confidence,,,H29_REFERENCE,Page element type 'sub_sub_section'.
G-RPT-1489,report,report.layout.CH5-PE-017,ENT-LINE-ACL,鉛プラグ入りゴム支承のq(γ)算定に用いる係数,,,,text,CH5-PE-017,RP-1433,calc_pdf_p2031,,CALCULATION,HIGH,UNVERIFIED,APPROVED_REPORT_DRAWING_GOLDEN,report Golden from Phase 2-II candidate; HIGH confidence,,,H29_REFERENCE,Page element type 'sub_sub_section'.
G-RPT-1490,report,report.layout.CH5-PE-018,ENT-LINE-ACL,鉛プラグ入りゴム支承のqo(γe)算定に用いる係数,,,,text,CH5-PE-018,RP-1435,calc_pdf_p2031,,CALCULATION,HIGH,UNVERIFIED,APPROVED_REPORT_DRAWING_GOLDEN,report Golden from Phase 2-II candidate; HIGH confidence,,,H29_REFERENCE,Page element type 'sub_sub_section'.
G-RPT-1491,report,report.layout.CH5-PE-019,ENT-LINE-ACL,支承特性値の算出(形状係数・縦弾性係数・支承剛性),,,,text,CH5-PE-019,RP-1437,calc_pdf_p2032,,CALCULATION,HIGH,UNVERIFIED,APPROVED_REPORT_DRAWING_GOLDEN,report Golden from Phase 2-II candidate; HIGH confidence,,,H29_REFERENCE,Page element type 'sub_sub_section'.
G-RPT-1492,report,report.layout.CH5-PE-020,ENT-LINE-ACL,形状係数・縦弾性係数,,,,text,CH5-PE-020,RP-1439,calc_pdf_p2032,,CALCULATION,HIGH,UNVERIFIED,APPROVED_REPORT_DRAWING_GOLDEN,report Golden from Phase 2-II candidate; HIGH confidence,,,H29_REFERENCE,Page element type 'sub_sub_section'.
G-RPT-1493,report,report.layout.CH5-PE-021,ENT-LINE-ACL,支承剛性,,,,text,CH5-PE-021,RP-1441,calc_pdf_p2032,,CALCULATION,HIGH,UNVERIFIED,APPROVED_REPORT_DRAWING_GOLDEN,report Golden from Phase 2-II candidate; HIGH confidence,,,H29_REFERENCE,Page element type 'sub_sub_section'.
G-RPT-1494,report,report.layout.CH5-PE-022,ENT-LINE-ACL,計算結果(形状係数・圧縮剛性),,,,text,CH5-PE-022,RP-1443,calc_pdf_p2033,,CALCULATION,HIGH,UNVERIFIED,APPROVED_REPORT_DRAWING_GOLDEN,report Golden from Phase 2-II candidate; HIGH confidence,,,H29_REFERENCE,Page element type 'sub_sub_section'.
G-RPT-1495,report,report.layout.CH5-PE-023,ENT-LINE-ACL,合成剛性の算出,,,,text,CH5-PE-023,RP-1445,calc_pdf_p2033,,CALCULATION,HIGH,UNVERIFIED,APPROVED_REPORT_DRAWING_GOLDEN,report Golden from Phase 2-II candidate; HIGH confidence,,,H29_REFERENCE,Page element type 'sub_sub_section'.
G-RPT-1496,report,report.layout.CH5-PE-024,ENT-LINE-ACL,温度変化時および不静定時移動量・水平力の算出,,,,text,CH5-PE-024,RP-1447,calc_pdf_p2034,,CALCULATION,HIGH,UNVERIFIED,APPROVED_REPORT_DRAWING_GOLDEN,report Golden from Phase 2-II candidate; HIGH confidence,,,H29_REFERENCE,Page element type 'sub_sub_section'.
G-RPT-1497,report,report.layout.CH5-PE-025,ENT-LINE-ACL,温度変化時(50℃/30℃)移動量,,,,text,CH5-PE-025,RP-1449,calc_pdf_p2035,,CALCULATION,HIGH,UNVERIFIED,APPROVED_REPORT_DRAWING_GOLDEN,report Golden from Phase 2-II candidate; HIGH confidence,,,H29_REFERENCE,Page element type 'sub_sub_section'.
G-RPT-1498,report,report.layout.CH5-PE-026,ENT-LINE-ACL,不静定時移動量・合計移動量・水平力,,,,text,CH5-PE-026,RP-1451,calc_pdf_p2036,,CALCULATION,HIGH,UNVERIFIED,APPROVED_REPORT_DRAWING_GOLDEN,report Golden from Phase 2-II candidate; HIGH confidence,,,H29_REFERENCE,Page element type 'sub_sub_section'.
G-RPT-1499,report,report.layout.CH5-PE-027,ENT-LINE-ACL,レベル１地震時移動量・水平力の算出,,,,text,CH5-PE-027,RP-1453,calc_pdf_p2037,,CALCULATION,HIGH,UNVERIFIED,APPROVED_REPORT_DRAWING_GOLDEN,report Golden from Phase 2-II candidate; HIGH confidence,,,H29_REFERENCE,Page element type 'sub_sub_section'.
G-RPT-1500,report,report.layout.CH5-PE-028,ENT-LINE-ACL,レベル１地震時計算結果,,,,text,CH5-PE-028,RP-1455,calc_pdf_p2038,,CALCULATION,HIGH,UNVERIFIED,APPROVED_REPORT_DRAWING_GOLDEN,report Golden from Phase 2-II candidate; HIGH confidence,,,H29_REFERENCE,Page element type 'sub_sub_section'.
G-RPT-1501,report,report.layout.CH5-PE-029,ENT-LINE-ACL,制限値,,,,text,CH5-PE-029,RP-1457,calc_pdf_p2039,,CALCULATION,HIGH,UNVERIFIED,APPROVED_REPORT_DRAWING_GOLDEN,report Golden from Phase 2-II candidate; HIGH confidence,,,H29_REFERENCE,Page element type 'sub_sub_section'.
G-RPT-1502,report,report.layout.CH5-PE-030,ENT-LINE-ACL,ゴム材料の呼びと設計に用いる標準値,,,,text,CH5-PE-030,RP-1459,calc_pdf_p2039,,CALCULATION,HIGH,UNVERIFIED,APPROVED_REPORT_DRAWING_GOLDEN,report Golden from Phase 2-II candidate; HIGH confidence,,,H29_REFERENCE,Page element type 'sub_sub_section'.
G-RPT-1503,report,report.layout.CH5-PE-031,ENT-LINE-ACL,疲労に対する設計(繰返し圧縮作用),,,,text,CH5-PE-031,RP-1461,calc_pdf_p2040,,CALCULATION,HIGH,UNVERIFIED,APPROVED_REPORT_DRAWING_GOLDEN,report Golden from Phase 2-II candidate; HIGH confidence,,,H29_REFERENCE,Page element type 'sub_sub_section'.
G-RPT-1504,report,report.layout.CH5-PE-032,ENT-LINE-ACL,繰返し水平変位に対する設計,,,,text,CH5-PE-032,RP-1463,calc_pdf_p2041,,CALCULATION,HIGH,UNVERIFIED,APPROVED_REPORT_DRAWING_GOLDEN,report Golden from Phase 2-II candidate; HIGH confidence,,,H29_REFERENCE,Page element type 'sub_sub_section'.
G-RPT-1505,report,report.layout.CH5-PE-033,ENT-LINE-ACL,繰返し引張作用に対する設計,,,,text,CH5-PE-033,RP-1465,calc_pdf_p2042,,CALCULATION,HIGH,UNVERIFIED,APPROVED_REPORT_DRAWING_GOLDEN,report Golden from Phase 2-II candidate; HIGH confidence,,,H29_REFERENCE,Page element type 'sub_sub_section'.
G-RPT-1506,report,report.layout.CH5-PE-034,ENT-LINE-ACL,圧縮作用・水平変位・回転変位に対する設計,,,,text,CH5-PE-034,RP-1467,calc_pdf_p2042,,CALCULATION,HIGH,UNVERIFIED,APPROVED_REPORT_DRAWING_GOLDEN,report Golden from Phase 2-II candidate; HIGH confidence,,,H29_REFERENCE,Page element type 'sub_sub_section'.
G-RPT-1507,report,report.layout.CH5-PE-035,ENT-LINE-ACL,その他の照査(端支点部圧縮変位量),,,,text,CH5-PE-035,RP-1469,calc_pdf_p2043,,CALCULATION,HIGH,UNVERIFIED,APPROVED_REPORT_DRAWING_GOLDEN,report Golden from Phase 2-II candidate; HIGH confidence,,,H29_REFERENCE,Page element type 'sub_sub_section'.
G-RPT-1508,report,report.layout.CH5-PE-036,ENT-LINE-ACL,ゴム支承本体の耐荷性能の照査,,,,text,CH5-PE-036,RP-1471,calc_pdf_p2043,,CALCULATION,HIGH,UNVERIFIED,APPROVED_REPORT_DRAWING_GOLDEN,report Golden from Phase 2-II candidate; HIGH confidence,,,H29_REFERENCE,Page element type 'sub_sub_section'.
G-RPT-1509,report,report.layout.CH5-PE-037,ENT-LINE-ACL,永続作用および変動作用支配状況(①②⑤)荷重条件,,,,text,CH5-PE-037,RP-1473,calc_pdf_p2044,,CALCULATION,HIGH,UNVERIFIED,APPROVED_REPORT_DRAWING_GOLDEN,report Golden from Phase 2-II candidate; HIGH confidence,,,H29_REFERENCE,Page element type 'sub_sub_section'.
G-RPT-1510,report,report.layout.CH5-PE-038,ENT-LINE-ACL,変動作用支配状況(⑨)荷重条件,,,,text,CH5-PE-038,RP-1475,calc_pdf_p2045,,CALCULATION,HIGH,UNVERIFIED,APPROVED_REPORT_DRAWING_GOLDEN,report Golden from Phase 2-II candidate; HIGH confidence,,,H29_REFERENCE,Page element type 'sub_sub_section'.
G-RPT-1511,report,report.layout.CH5-PE-039,ENT-LINE-ACL,変動作用支配状況(⑩)荷重条件,,,,text,CH5-PE-039,RP-1477,calc_pdf_p2046,,CALCULATION,HIGH,UNVERIFIED,APPROVED_REPORT_DRAWING_GOLDEN,report Golden from Phase 2-II candidate; HIGH confidence,,,H29_REFERENCE,Page element type 'sub_sub_section'.
G-RPT-1512,report,report.layout.CH5-PE-040,ENT-LINE-ACL,変動作用支配状況(⑪)荷重条件(レベル2),,,,text,CH5-PE-040,RP-1479,calc_pdf_p2047,,CALCULATION,HIGH,UNVERIFIED,APPROVED_REPORT_DRAWING_GOLDEN,report Golden from Phase 2-II candidate; HIGH confidence,,,H29_REFERENCE,Page element type 'sub_sub_section'.
G-RPT-1513,report,report.layout.CH5-PE-041,ENT-LINE-ACL,5.1.2 ゴム支承計算書(Ⅱ種地盤),,,,text,CH5-PE-041,RP-1481,calc_pdf_p2083,,CALCULATION,HIGH,UNVERIFIED,APPROVED_REPORT_DRAWING_GOLDEN,report Golden from Phase 2-II candidate; HIGH confidence,,,H29_REFERENCE,Page element type 'sub_section'.
G-RPT-1514,report,report.layout.CH5-PE-042,ENT-LINE-ACL,5.1.3 鋼材計算書,,,,text,CH5-PE-042,RP-1483,calc_pdf_p2138,,CALCULATION,HIGH,UNVERIFIED,APPROVED_REPORT_DRAWING_GOLDEN,report Golden from Phase 2-II candidate; HIGH confidence,,,H29_REFERENCE,Page element type 'sub_section'.
G-RPT-1515,report,report.layout.CH5-PE-043,ENT-LINE-ACL,設計条件(反力・変位量・特性値),,,,text,CH5-PE-043,RP-1485,calc_pdf_p2138,,CALCULATION,HIGH,UNVERIFIED,APPROVED_REPORT_DRAWING_GOLDEN,report Golden from Phase 2-II candidate; HIGH confidence,,,H29_REFERENCE,Page element type 'sub_sub_section'.
G-RPT-1516,report,report.layout.CH5-PE-044,ENT-LINE-ACL,照査方法(鋼板・ボルト・アンカーボルト制限値),,,,text,CH5-PE-044,RP-1487,calc_pdf_p2138,,CALCULATION,HIGH,UNVERIFIED,APPROVED_REPORT_DRAWING_GOLDEN,report Golden from Phase 2-II candidate; HIGH confidence,,,H29_REFERENCE,Page element type 'sub_sub_section'.
G-RPT-1517,report,report.layout.CH5-PE-045,ENT-LINE-ACL,ゴム支承本体取付けボルトの設計,,,,text,CH5-PE-045,RP-1489,calc_pdf_p2139,,CALCULATION,HIGH,UNVERIFIED,APPROVED_REPORT_DRAWING_GOLDEN,report Golden from Phase 2-II candidate; HIGH confidence,,,H29_REFERENCE,Page element type 'sub_sub_section'.
G-RPT-1518,report,report.layout.CH5-PE-046,ENT-LINE-ACL,5.1.4 水平支承鋼材計算書,,,,text,CH5-PE-046,RP-1491,calc_pdf_p2167,,CALCULATION,HIGH,UNVERIFIED,APPROVED_REPORT_DRAWING_GOLDEN,report Golden from Phase 2-II candidate; HIGH confidence,,,H29_REFERENCE,Page element type 'sub_section'.
G-RPT-1519,report,report.layout.CH5-PE-047,ENT-LINE-ACL,設計条件(水平支承),,,,text,CH5-PE-047,RP-1493,calc_pdf_p2167,,CALCULATION,HIGH,UNVERIFIED,APPROVED_REPORT_DRAWING_GOLDEN,report Golden from Phase 2-II candidate; HIGH confidence,,,H29_REFERENCE,Page element type 'sub_sub_section'.
G-RPT-1520,report,report.layout.CH5-PE-048,ENT-LINE-ACL,5.2 段差防止構造の設計,,,,text,CH5-PE-048,RP-1495,calc_pdf_p2190,,CALCULATION,HIGH,UNVERIFIED,APPROVED_REPORT_DRAWING_GOLDEN,report Golden from Phase 2-II candidate; HIGH confidence,,,H29_REFERENCE,Page element type 'section_title'.
G-RPT-1521,report,report.layout.CH5-PE-049,ENT-LINE-ACL,5.2.1 設計方針,,,,text,CH5-PE-049,RP-1497,calc_pdf_p2190,,CALCULATION,HIGH,UNVERIFIED,APPROVED_REPORT_DRAWING_GOLDEN,report Golden from Phase 2-II candidate; HIGH confidence,,,H29_REFERENCE,Page element type 'sub_section'.
G-RPT-1522,report,report.layout.CH5-PE-050,ENT-LINE-ACL,段差防止構造(正面図・側面図),,,,NOTE,CH5-PE-050,RP-1499,calc_pdf_p2190,,CALCULATION,HIGH,UNVERIFIED,APPROVED_REPORT_DRAWING_GOLDEN,report Golden from Phase 2-II candidate; HIGH confidence,,,H29_REFERENCE,Page element type 'design_item'.
G-RPT-1523,report,report.layout.CH5-PE-051,ENT-LINE-ACL,5.2.2 設計荷重,,,,text,CH5-PE-051,RP-1500,calc_pdf_p2191,,CALCULATION,HIGH,UNVERIFIED,APPROVED_REPORT_DRAWING_GOLDEN,report Golden from Phase 2-II candidate; HIGH confidence,,,H29_REFERENCE,Page element type 'sub_section'.
G-RPT-1524,report,report.layout.CH5-PE-052,ENT-LINE-ACL,5.2.3 台座寸法図,,,,text,CH5-PE-052,RP-1502,calc_pdf_p2192,,CALCULATION,HIGH,UNVERIFIED,APPROVED_REPORT_DRAWING_GOLDEN,report Golden from Phase 2-II candidate; HIGH confidence,,,H29_REFERENCE,Page element type 'sub_section'.
G-RPT-1525,report,report.layout.CH5-PE-053,ENT-LINE-ACL,5.2.4 緩衝材の計算,,,,text,CH5-PE-053,RP-1504,calc_pdf_p2193,,CALCULATION,HIGH,UNVERIFIED,APPROVED_REPORT_DRAWING_GOLDEN,report Golden from Phase 2-II candidate; HIGH confidence,,,H29_REFERENCE,Page element type 'sub_section'.
G-RPT-1526,report,report.layout.CH5-PE-054,ENT-LINE-ACL,5.2.5 台座の計算,,,,text,CH5-PE-054,RP-1506,calc_pdf_p2193,,CALCULATION,HIGH,UNVERIFIED,APPROVED_REPORT_DRAWING_GOLDEN,report Golden from Phase 2-II candidate; HIGH confidence,,,H29_REFERENCE,Page element type 'sub_section'.
G-RPT-1527,report,report.layout.CH5-PE-055,ENT-LINE-ACL,軸方向圧縮力に対する照査,,,,text,CH5-PE-055,RP-1508,calc_pdf_p2193,,CALCULATION,HIGH,UNVERIFIED,APPROVED_REPORT_DRAWING_GOLDEN,report Golden from Phase 2-II candidate; HIGH confidence,,,H29_REFERENCE,Page element type 'sub_sub_section'.
G-RPT-1528,report,report.layout.CH5-PE-056,ENT-LINE-ACL,天板の計算,,,,text,CH5-PE-056,RP-1510,calc_pdf_p2194,,CALCULATION,HIGH,UNVERIFIED,APPROVED_REPORT_DRAWING_GOLDEN,report Golden from Phase 2-II candidate; HIGH confidence,,,H29_REFERENCE,Page element type 'sub_sub_section'.
G-RPT-1529,report,report.layout.CH5-PE-057,ENT-LINE-ACL,溶接の照査,,,,text,CH5-PE-057,RP-1512,calc_pdf_p2195,,CALCULATION,HIGH,UNVERIFIED,APPROVED_REPORT_DRAWING_GOLDEN,report Golden from Phase 2-II candidate; HIGH confidence,,,H29_REFERENCE,Page element type 'sub_sub_section'.
G-RPT-1530,report,report.layout.CH5-PE-058,ENT-LINE-ACL,BaseとRibおよびWebの溶接,,,,text,CH5-PE-058,RP-1514,calc_pdf_p2196,,CALCULATION,HIGH,UNVERIFIED,APPROVED_REPORT_DRAWING_GOLDEN,report Golden from Phase 2-II candidate; HIGH confidence,,,H29_REFERENCE,Page element type 'sub_sub_section'.
G-RPT-1531,report,report.layout.CH5-PE-059,ENT-LINE-ACL,アンカーボルト,,,,text,CH5-PE-059,RP-1516,calc_pdf_p2197,,CALCULATION,HIGH,UNVERIFIED,APPROVED_REPORT_DRAWING_GOLDEN,report Golden from Phase 2-II candidate; HIGH confidence,,,H29_REFERENCE,Page element type 'sub_sub_section'.
G-RPT-1532,report,report.layout.CH5-PE-060,ENT-LINE-ACL,5.2.6 巻き立てコンクリートへの影響の検討,,,,text,CH5-PE-060,RP-1518,calc_pdf_p2197,,CALCULATION,HIGH,UNVERIFIED,APPROVED_REPORT_DRAWING_GOLDEN,report Golden from Phase 2-II candidate; HIGH confidence,,,H29_REFERENCE,Page element type 'sub_section'.
G-RPT-1533,report,report.layout.CH5-PE-061,ENT-LINE-ACL,段差防止構造作用時の断面力の確認,,,,text,CH5-PE-061,RP-1520,calc_pdf_p2198,,CALCULATION,HIGH,UNVERIFIED,APPROVED_REPORT_DRAWING_GOLDEN,report Golden from Phase 2-II candidate; HIGH confidence,,,H29_REFERENCE,Page element type 'sub_sub_section'.
G-RPT-1534,report,report.layout.CH5-PE-062,ENT-LINE-ACL,5.3 排水の設計,,,,text,CH5-PE-062,RP-1522,calc_pdf_p2199,,CALCULATION,HIGH,UNVERIFIED,APPROVED_REPORT_DRAWING_GOLDEN,report Golden from Phase 2-II candidate; HIGH confidence,,,H29_REFERENCE,Page element type 'section_title'.
G-RPT-1535,report,report.layout.CH5-PE-063,ENT-LINE-ACL,条件等,,,,text,CH5-PE-063,RP-1524,calc_pdf_p2199,,CALCULATION,HIGH,UNVERIFIED,APPROVED_REPORT_DRAWING_GOLDEN,report Golden from Phase 2-II candidate; HIGH confidence,,,H29_REFERENCE,Page element type 'sub_sub_section'.
G-RPT-1536,report,report.layout.CH5-PE-064,ENT-LINE-ACL,計算式,,,,text,CH5-PE-064,RP-1526,calc_pdf_p2199,,CALCULATION,HIGH,UNVERIFIED,APPROVED_REPORT_DRAWING_GOLDEN,report Golden from Phase 2-II candidate; HIGH confidence,,,H29_REFERENCE,Page element type 'sub_sub_section'.
G-RPT-1537,report,report.layout.CH5-PE-065,ENT-LINE-ACL,排水桝間隔の計算(S1-PR1/PR1-PR2/PR2-S2),,,,text,CH5-PE-065,RP-1528,calc_pdf_p2201,,CALCULATION,HIGH,UNVERIFIED,APPROVED_REPORT_DRAWING_GOLDEN,report Golden from Phase 2-II candidate; HIGH confidence,,,H29_REFERENCE,Page element type 'sub_sub_section'.
G-RPT-1538,report,report.layout.CH5-PE-066,ENT-LINE-ACL,各部寸法表(幅員方向寸法・横断勾配・路面計画高),,,,text,CH5-PE-066,RP-1530,calc_pdf_p2204,,CALCULATION,HIGH,UNVERIFIED,APPROVED_REPORT_DRAWING_GOLDEN,report Golden from Phase 2-II candidate; HIGH confidence,,,H29_REFERENCE,Page element type 'sub_sub_section'.
G-RPT-1539,report,report.layout.CH5-PE-067,ENT-LINE-ACL,計算用数値表,,,,text,CH5-PE-067,RP-1532,calc_pdf_p2205,,CALCULATION,HIGH,UNVERIFIED,APPROVED_REPORT_DRAWING_GOLDEN,report Golden from Phase 2-II candidate; HIGH confidence,,,H29_REFERENCE,Page element type 'sub_sub_section'.
G-RPT-1540,report,report.layout.CH5-PE-068,ENT-LINE-ACL,排水管の確認,,,,text,CH5-PE-068,RP-1534,calc_pdf_p2205,,CALCULATION,HIGH,UNVERIFIED,APPROVED_REPORT_DRAWING_GOLDEN,report Golden from Phase 2-II candidate; HIGH confidence,,,H29_REFERENCE,Page element type 'sub_sub_section'.
G-RPT-1541,report,report.layout.CH5-PE-069,ENT-LINE-ACL,5.4 伸縮装置の設計,,,,text,CH5-PE-069,RP-1536,calc_pdf_p2206,,CALCULATION,HIGH,UNVERIFIED,APPROVED_REPORT_DRAWING_GOLDEN,report Golden from Phase 2-II candidate; HIGH confidence,,,H29_REFERENCE,Page element type 'section_title'.
G-RPT-1542,report,report.layout.CH5-PE-070,ENT-LINE-ACL,5.4.1 PU15,,,,text,CH5-PE-070,RP-1538,calc_pdf_p2207,,CALCULATION,HIGH,UNVERIFIED,APPROVED_REPORT_DRAWING_GOLDEN,report Golden from Phase 2-II candidate; HIGH confidence,,,H29_REFERENCE,Page element type 'sub_section'.
G-RPT-1543,report,report.layout.CH5-PE-071,ENT-LINE-ACL,設計条件(橋種・温度範囲・レベル1移動量),,,,text,CH5-PE-071,RP-1540,calc_pdf_p2207,,CALCULATION,HIGH,UNVERIFIED,APPROVED_REPORT_DRAWING_GOLDEN,report Golden from Phase 2-II candidate; HIGH confidence,,,H29_REFERENCE,Page element type 'sub_sub_section'.
G-RPT-1544,report,report.layout.CH5-PE-072,ENT-LINE-ACL,伸縮量(常時/地震時),,,,text,CH5-PE-072,RP-1542,calc_pdf_p2207,,CALCULATION,HIGH,UNVERIFIED,APPROVED_REPORT_DRAWING_GOLDEN,report Golden from Phase 2-II candidate; HIGH confidence,,,H29_REFERENCE,Page element type 'sub_sub_section'.
G-RPT-1545,report,report.layout.CH5-PE-073,ENT-LINE-ACL,形式選定(移動量/桁遊間),,,,text,CH5-PE-073,RP-1544,calc_pdf_p2208,,CALCULATION,HIGH,UNVERIFIED,APPROVED_REPORT_DRAWING_GOLDEN,report Golden from Phase 2-II candidate; HIGH confidence,,,H29_REFERENCE,Page element type 'sub_sub_section'.
G-RPT-1546,report,report.layout.CH5-PE-074,ENT-LINE-ACL,荷重条件,,,,text,CH5-PE-074,RP-1546,calc_pdf_p2208,,CALCULATION,HIGH,UNVERIFIED,APPROVED_REPORT_DRAWING_GOLDEN,report Golden from Phase 2-II candidate; HIGH confidence,,,H29_REFERENCE,Page element type 'sub_sub_section'.
G-RPT-1547,report,report.layout.CH5-PE-075,ENT-LINE-ACL,ミドルビーム(機械的性質・曲げモーメント),,,,text,CH5-PE-075,RP-1548,calc_pdf_p2208,,CALCULATION,HIGH,UNVERIFIED,APPROVED_REPORT_DRAWING_GOLDEN,report Golden from Phase 2-II candidate; HIGH confidence,,,H29_REFERENCE,Page element type 'sub_sub_section'.
G-RPT-1548,report,report.layout.CH5-PE-076,ENT-LINE-ACL,ミドルビーム曲げモーメント(4径間連続梁),,,,text,CH5-PE-076,RP-1550,calc_pdf_p2209,,CALCULATION,HIGH,UNVERIFIED,APPROVED_REPORT_DRAWING_GOLDEN,report Golden from Phase 2-II candidate; HIGH confidence,,,H29_REFERENCE,Page element type 'sub_sub_section'.
G-RPT-1549,report,report.layout.CH5-PE-077,ENT-LINE-ACL,荷重項の計算・三連モーメントの式,,,,text,CH5-PE-077,RP-1552,calc_pdf_p2211,,CALCULATION,HIGH,UNVERIFIED,APPROVED_REPORT_DRAWING_GOLDEN,report Golden from Phase 2-II candidate; HIGH confidence,,,H29_REFERENCE,Page element type 'sub_sub_section'.
G-RPT-1550,report,report.layout.CH5-PE-078,ENT-LINE-ACL,各支点反力・最大曲げモーメント,,,,text,CH5-PE-078,RP-1554,calc_pdf_p2212,,CALCULATION,HIGH,UNVERIFIED,APPROVED_REPORT_DRAWING_GOLDEN,report Golden from Phase 2-II candidate; HIGH confidence,,,H29_REFERENCE,Page element type 'sub_sub_section'.
G-RPT-1551,report,report.layout.CH5-PE-079,ENT-LINE-ACL,ミドルビーム曲げ応力度・せん断応力度・合成応力度,,,,text,CH5-PE-079,RP-1556,calc_pdf_p2213,,CALCULATION,HIGH,UNVERIFIED,APPROVED_REPORT_DRAWING_GOLDEN,report Golden from Phase 2-II candidate; HIGH confidence,,,H29_REFERENCE,Page element type 'sub_sub_section'.
G-RPT-1552,report,report.layout.CH5-PE-080,ENT-LINE-ACL,サポートビーム(SM490A)の計算,,,,text,CH5-PE-080,RP-1558,calc_pdf_p2214,,CALCULATION,HIGH,UNVERIFIED,APPROVED_REPORT_DRAWING_GOLDEN,report Golden from Phase 2-II candidate; HIGH confidence,,,H29_REFERENCE,Page element type 'sub_sub_section'.
G-RPT-1553,report,report.layout.CH5-PE-081,ENT-LINE-ACL,伸縮装置張出部の応力度,,,,text,CH5-PE-081,RP-1560,calc_pdf_p2216,,CALCULATION,HIGH,UNVERIFIED,APPROVED_REPORT_DRAWING_GOLDEN,report Golden from Phase 2-II candidate; HIGH confidence,,,H29_REFERENCE,Page element type 'sub_sub_section'.
G-RPT-1554,report,report.layout.CH5-PE-082,ENT-LINE-ACL,A-A断面合成応力度,,,,text,CH5-PE-082,RP-1562,calc_pdf_p2220,,CALCULATION,HIGH,UNVERIFIED,APPROVED_REPORT_DRAWING_GOLDEN,report Golden from Phase 2-II candidate; HIGH confidence,,,H29_REFERENCE,Page element type 'sub_sub_section'.
G-RPT-1555,report,report.layout.CH5-PE-083,ENT-LINE-ACL,5.4.2 AR2,,,,text,CH5-PE-083,RP-1564,calc_pdf_p2220,,CALCULATION,HIGH,UNVERIFIED,APPROVED_REPORT_DRAWING_GOLDEN,report Golden from Phase 2-II candidate; HIGH confidence,,,H29_REFERENCE,Page element type 'sub_section'.
G-RPT-1556,report,report.layout.CH5-PE-084,ENT-LINE-ACL,伸縮装置の移動量(温度/地震/設計伸縮量),,,,text,CH5-PE-084,RP-1566,calc_pdf_p2220,,CALCULATION,HIGH,UNVERIFIED,APPROVED_REPORT_DRAWING_GOLDEN,report Golden from Phase 2-II candidate; HIGH confidence,,,H29_REFERENCE,Page element type 'sub_sub_section'.
G-RPT-1557,report,report.layout.CH5-PE-085,ENT-LINE-ACL,設計条件(SEFジョイント100-325),,,,text,CH5-PE-085,RP-1568,calc_pdf_p2221,,CALCULATION,HIGH,UNVERIFIED,APPROVED_REPORT_DRAWING_GOLDEN,report Golden from Phase 2-II candidate; HIGH confidence,,,H29_REFERENCE,Page element type 'sub_sub_section'.
G-RPT-1558,report,report.layout.CH5-PE-086,ENT-LINE-ACL,伸縮量の算定,,,,text,CH5-PE-086,RP-1570,calc_pdf_p2222,,CALCULATION,HIGH,UNVERIFIED,APPROVED_REPORT_DRAWING_GOLDEN,report Golden from Phase 2-II candidate; HIGH confidence,,,H29_REFERENCE,Page element type 'sub_sub_section'.
G-RPT-1559,report,report.layout.CH5-PE-087,ENT-LINE-ACL,フィンガー長およびウェブ遊間の決定,,,,text,CH5-PE-087,RP-1572,calc_pdf_p2222,,CALCULATION,HIGH,UNVERIFIED,APPROVED_REPORT_DRAWING_GOLDEN,report Golden from Phase 2-II candidate; HIGH confidence,,,H29_REFERENCE,Page element type 'sub_sub_section'.
G-RPT-1560,report,report.layout.CH5-PE-088,ENT-LINE-ACL,フィンガー形状,,,,text,CH5-PE-088,RP-1574,calc_pdf_p2223,,CALCULATION,HIGH,UNVERIFIED,APPROVED_REPORT_DRAWING_GOLDEN,report Golden from Phase 2-II candidate; HIGH confidence,,,H29_REFERENCE,Page element type 'sub_sub_section'.
G-RPT-1561,report,report.layout.CH5-PE-089,ENT-LINE-ACL,ウェブ遊間の決定,,,,text,CH5-PE-089,RP-1576,calc_pdf_p2224,,CALCULATION,HIGH,UNVERIFIED,APPROVED_REPORT_DRAWING_GOLDEN,report Golden from Phase 2-II candidate; HIGH confidence,,,H29_REFERENCE,Page element type 'sub_sub_section'.
G-RPT-1562,report,report.layout.CH5-PE-090,ENT-LINE-ACL,フェイスプレートの設計(耐荷性能の照査),,,,text,CH5-PE-090,RP-1578,calc_pdf_p2224,,CALCULATION,HIGH,UNVERIFIED,APPROVED_REPORT_DRAWING_GOLDEN,report Golden from Phase 2-II candidate; HIGH confidence,,,H29_REFERENCE,Page element type 'sub_sub_section'.
G-RPT-1563,report,report.layout.CH5-PE-091,ENT-LINE-ACL,孔あき鋼板ジベルの計算(耐荷性能の照査),,,,text,CH5-PE-091,RP-1580,calc_pdf_p2225,,CALCULATION,HIGH,UNVERIFIED,APPROVED_REPORT_DRAWING_GOLDEN,report Golden from Phase 2-II candidate; HIGH confidence,,,H29_REFERENCE,Page element type 'sub_sub_section'.
G-RPT-1564,report,report.layout.CH5-PE-092,ENT-LINE-ACL,孔あき鋼板ジベルの板厚の決定,,,,text,CH5-PE-092,RP-1582,calc_pdf_p2226,,CALCULATION,HIGH,UNVERIFIED,APPROVED_REPORT_DRAWING_GOLDEN,report Golden from Phase 2-II candidate; HIGH confidence,,,H29_REFERENCE,Page element type 'sub_sub_section'.
G-RPT-1565,report,report.layout.CH5-PE-093,ENT-LINE-ACL,第5章 終,,,,text,CH5-PE-093,RP-1584,calc_pdf_p2226,,CALCULATION,HIGH,UNVERIFIED,APPROVED_REPORT_DRAWING_GOLDEN,report Golden from Phase 2-II candidate; HIGH confidence,,,H29_REFERENCE,Page element type 'chapter_end'.
G-RPT-1566,report,report.layout.FM-PE-001,ENT-LINE-ACL,令和3年度 道路改良工事の内橋梁詳細設計業務（知-5）,,,,text,FM-PE-001,RP-1643,calc_pdf_p1,,CALCULATION,HIGH,UNVERIFIED,APPROVED_REPORT_DRAWING_GOLDEN,report Golden from Phase 2-II candidate; HIGH confidence,,,H29_REFERENCE,Page element type 'cover_title'.
G-RPT-1567,report,report.layout.FM-PE-002,ENT-LINE-ACL,第18編 上部工設計計算書 (ランプ橋),,,,text,FM-PE-002,RP-1644,calc_pdf_p1,,CALCULATION,HIGH,UNVERIFIED,APPROVED_REPORT_DRAWING_GOLDEN,report Golden from Phase 2-II candidate; HIGH confidence,,,H29_REFERENCE,Page element type 'cover_title'.
G-RPT-1568,report,report.layout.FM-PE-003,ENT-LINE-ACL,令和5年3月,,,,text,FM-PE-003,RP-1645,calc_pdf_p1,,CALCULATION,HIGH,UNVERIFIED,APPROVED_REPORT_DRAWING_GOLDEN,report Golden from Phase 2-II candidate; HIGH confidence,,,H29_REFERENCE,Page element type 'cover_date'.
G-RPT-1569,report,report.layout.FM-PE-004,ENT-LINE-ACL,愛知県知多建設事務所,,,,text,FM-PE-004,RP-1646,calc_pdf_p1,,CALCULATION,HIGH,UNVERIFIED,APPROVED_REPORT_DRAWING_GOLDEN,report Golden from Phase 2-II candidate; HIGH confidence,,,H29_REFERENCE,Page element type 'cover_org'.
G-RPT-1570,report,report.layout.FM-PE-005,ENT-LINE-ACL,金沢IC Aランプ橋,,,,text,FM-PE-005,RP-1647,calc_pdf_p2,,CALCULATION,HIGH,UNVERIFIED,APPROVED_REPORT_DRAWING_GOLDEN,report Golden from Phase 2-II candidate; HIGH confidence,,,H29_REFERENCE,Page element type 'cover_title'.
G-RPT-1571,report,report.layout.FM-PE-006,ENT-LINE-ACL,3径間連続鈑桁橋,,,,text,FM-PE-006,RP-1648,calc_pdf_p2,,CALCULATION,HIGH,UNVERIFIED,APPROVED_REPORT_DRAWING_GOLDEN,report Golden from Phase 2-II candidate; HIGH confidence,,,H29_REFERENCE,Page element type 'cover_subtitle'.
G-RPT-1572,report,report.layout.FM-PE-007,ENT-LINE-ACL,上部工設計計算書,,,,text,FM-PE-007,RP-1649,calc_pdf_p2,,CALCULATION,HIGH,UNVERIFIED,APPROVED_REPORT_DRAWING_GOLDEN,report Golden from Phase 2-II candidate; HIGH confidence,,,H29_REFERENCE,Page element type 'cover_subtitle'.
G-RPT-1573,report,report.layout.FM-PE-008,ENT-LINE-ACL,目次,,,,text,FM-PE-008,RP-1650,calc_pdf_p3,,CALCULATION,HIGH,UNVERIFIED,APPROVED_REPORT_DRAWING_GOLDEN,report Golden from Phase 2-II candidate; HIGH confidence,,,H29_REFERENCE,Page element type 'toc_header'.
G-RPT-1574,report,report.layout.FM-PE-009,ENT-LINE-ACL,第1章 設計条件 --- 1,,,,text,FM-PE-009,RP-1651,calc_pdf_p3,,CALCULATION,HIGH,UNVERIFIED,APPROVED_REPORT_DRAWING_GOLDEN,report Golden from Phase 2-II candidate; HIGH confidence,,,H29_REFERENCE,Page element type 'toc_entry'.
G-RPT-1575,report,report.layout.FM-PE-010,ENT-LINE-ACL,1.1 設計条件 --- 2,,,,text,FM-PE-010,RP-1652,calc_pdf_p3,,CALCULATION,HIGH,UNVERIFIED,APPROVED_REPORT_DRAWING_GOLDEN,report Golden from Phase 2-II candidate; HIGH confidence,,,H29_REFERENCE,Page element type 'toc_entry'.
G-RPT-1576,report,report.layout.FM-PE-011,ENT-LINE-ACL,1.2 上部工構造一般図 --- 3,,,,text,FM-PE-011,RP-1653,calc_pdf_p3,,CALCULATION,HIGH,UNVERIFIED,APPROVED_REPORT_DRAWING_GOLDEN,report Golden from Phase 2-II candidate; HIGH confidence,,,H29_REFERENCE,Page element type 'toc_entry'.
G-RPT-1577,report,report.layout.FM-PE-012,ENT-LINE-ACL,1.3 基本寸法一覧 --- 5,,,,text,FM-PE-012,RP-1654,calc_pdf_p3,,CALCULATION,HIGH,UNVERIFIED,APPROVED_REPORT_DRAWING_GOLDEN,report Golden from Phase 2-II candidate; HIGH confidence,,,H29_REFERENCE,Page element type 'toc_entry'.
G-RPT-1578,report,report.layout.FM-PE-013,ENT-LINE-ACL,第2章 合成床版の設計 --- 11,,,,text,FM-PE-013,RP-1655,calc_pdf_p3,,CALCULATION,HIGH,UNVERIFIED,APPROVED_REPORT_DRAWING_GOLDEN,report Golden from Phase 2-II candidate; HIGH confidence,,,H29_REFERENCE,Page element type 'toc_entry'.
G-RPT-1579,report,report.layout.FM-PE-014,ENT-LINE-ACL,2.1 一般部 --- 12,,,,text,FM-PE-014,RP-1656,calc_pdf_p3,,CALCULATION,HIGH,UNVERIFIED,APPROVED_REPORT_DRAWING_GOLDEN,report Golden from Phase 2-II candidate; HIGH confidence,,,H29_REFERENCE,Page element type 'toc_entry'.
G-RPT-1580,report,report.layout.FM-PE-015,ENT-LINE-ACL,2.2 桁端部 --- 65,,,,text,FM-PE-015,RP-1657,calc_pdf_p3,,CALCULATION,HIGH,UNVERIFIED,APPROVED_REPORT_DRAWING_GOLDEN,report Golden from Phase 2-II candidate; HIGH confidence,,,H29_REFERENCE,Page element type 'toc_entry'.
G-RPT-1581,report,report.layout.FM-PE-016,ENT-LINE-ACL,第3章 非合成桁の設計 --- 110,,,,text,FM-PE-016,RP-1658,calc_pdf_p3,,CALCULATION,HIGH,UNVERIFIED,APPROVED_REPORT_DRAWING_GOLDEN,report Golden from Phase 2-II candidate; HIGH confidence,,,H29_REFERENCE,Page element type 'toc_entry'.
G-RPT-1582,report,report.layout.FM-PE-017,ENT-LINE-ACL,3.1 主構断面力の計算 --- 111,,,,text,FM-PE-017,RP-1659,calc_pdf_p3,,CALCULATION,HIGH,UNVERIFIED,APPROVED_REPORT_DRAWING_GOLDEN,report Golden from Phase 2-II candidate; HIGH confidence,,,H29_REFERENCE,Page element type 'toc_entry'.
G-RPT-1583,report,report.layout.FM-PE-018,ENT-LINE-ACL,3.2 主桁の設計 --- 286,,,,text,FM-PE-018,RP-1660,calc_pdf_p3,,CALCULATION,HIGH,UNVERIFIED,APPROVED_REPORT_DRAWING_GOLDEN,report Golden from Phase 2-II candidate; HIGH confidence,,,H29_REFERENCE,Page element type 'toc_entry'.
G-RPT-1584,report,report.layout.FM-PE-019,ENT-LINE-ACL,3.3 横桁の設計 --- 670,,,,text,FM-PE-019,RP-1661,calc_pdf_p3,,CALCULATION,HIGH,UNVERIFIED,APPROVED_REPORT_DRAWING_GOLDEN,report Golden from Phase 2-II candidate; HIGH confidence,,,H29_REFERENCE,Page element type 'toc_entry'.
G-RPT-1585,report,report.layout.FM-PE-020,ENT-LINE-ACL,3.4 端部ブラケットの設計 --- 760,,,,text,FM-PE-020,RP-1662,calc_pdf_p3,,CALCULATION,HIGH,UNVERIFIED,APPROVED_REPORT_DRAWING_GOLDEN,report Golden from Phase 2-II candidate; HIGH confidence,,,H29_REFERENCE,Page element type 'toc_entry'.
G-RPT-1586,report,report.layout.FM-PE-021,ENT-LINE-ACL,3.5 横構の設計 --- 783,,,,text,FM-PE-021,RP-1663,calc_pdf_p3,,CALCULATION,HIGH,UNVERIFIED,APPROVED_REPORT_DRAWING_GOLDEN,report Golden from Phase 2-II candidate; HIGH confidence,,,H29_REFERENCE,Page element type 'toc_entry'.
G-RPT-1587,report,report.layout.FM-PE-022,ENT-LINE-ACL,3.6 巻き立てコンクリートの設計 --- 812,,,,text,FM-PE-022,RP-1664,calc_pdf_p3,,CALCULATION,HIGH,UNVERIFIED,APPROVED_REPORT_DRAWING_GOLDEN,report Golden from Phase 2-II candidate; HIGH confidence,,,H29_REFERENCE,Page element type 'toc_entry'.
G-RPT-1588,report,report.layout.FM-PE-023,ENT-LINE-ACL,3.7 疲労設計 --- 837,,,,text,FM-PE-023,RP-1665,calc_pdf_p3,,CALCULATION,HIGH,UNVERIFIED,APPROVED_REPORT_DRAWING_GOLDEN,report Golden from Phase 2-II candidate; HIGH confidence,,,H29_REFERENCE,Page element type 'toc_entry'.
G-RPT-1589,report,report.layout.FM-PE-024,ENT-LINE-ACL,第4章 合成桁の設計 --- 866,,,,text,FM-PE-024,RP-1666,calc_pdf_p3,,CALCULATION,HIGH,UNVERIFIED,APPROVED_REPORT_DRAWING_GOLDEN,report Golden from Phase 2-II candidate; HIGH confidence,,,H29_REFERENCE,Page element type 'toc_entry'.
G-RPT-1590,report,report.layout.FM-PE-025,ENT-LINE-ACL,第5章 付属物の設計 --- 2021,,,,text,FM-PE-025,RP-1667,calc_pdf_p3,,CALCULATION,HIGH,UNVERIFIED,APPROVED_REPORT_DRAWING_GOLDEN,report Golden from Phase 2-II candidate; HIGH confidence,,,H29_REFERENCE,Page element type 'toc_entry'.
G-RPT-1591,report,report.layout.FM-PE-026,ENT-LINE-ACL,END --- 2221,,,,text,FM-PE-026,RP-1668,calc_pdf_p3,,CALCULATION,HIGH,UNVERIFIED,APPROVED_REPORT_DRAWING_GOLDEN,report Golden from Phase 2-II candidate; HIGH confidence,,,H29_REFERENCE,Page element type 'toc_note'.
