candidate_id,golden_id,field_path,promotion_status,source_priority,confidence,domain
RP-001,G-RPT-0001,report.chapter.front_matter,APPROVED_REPORT_DRAWING_GOLDEN,CALCULATION,HIGH,report
RP-005,G-RPT-0002,report.chapter.CH1-PE-001,APPROVED_REPORT_DRAWING_GOLDEN,CALCULATION,HIGH,report
RP-154,G-RPT-0003,report.chapter.CH2-PE-001,APPROVED_REPORT_DRAWING_GOLDEN,CALCULATION,HIGH,report
RP-295,G-RPT-0004,report.chapter.CAL-P00115-CAL-SEC-3.1-001,APPROVED_REPORT_DRAWING_GOLDEN,CALCULATION,HIGH,report
RP-1041,G-RPT-0005,report.chapter.CAL-P00871-CAL-SEC-ch4-001,APPROVED_REPORT_DRAWING_GOLDEN,CALCULATION,HIGH,report
RP-1404,G-RPT-0006,report.chapter.CH5-PE-001,APPROVED_REPORT_DRAWING_GOLDEN,CALCULATION,HIGH,report
RP-007,G-RPT-0007,report.section.CH1-PE-002,APPROVED_REPORT_DRAWING_GOLDEN,CALCULATION,HIGH,report
RP-038,G-RPT-0008,report.section.CH1-PE-032,APPROVED_REPORT_DRAWING_GOLDEN,CALCULATION,HIGH,report
RP-043,G-RPT-0009,report.section.CH1-PE-036,APPROVED_REPORT_DRAWING_GOLDEN,CALCULATION,HIGH,report
RP-045,G-RPT-0010,report.section.CH1-PE-037,APPROVED_REPORT_DRAWING_GOLDEN,CALCULATION,HIGH,report
RP-047,G-RPT-0011,report.section.CH1-PE-038,APPROVED_REPORT_DRAWING_GOLDEN,CALCULATION,HIGH,report
RP-049,G-RPT-0012,report.section.CH1-PE-039,APPROVED_REPORT_DRAWING_GOLDEN,CALCULATION,HIGH,report
RP-157,G-RPT-0013,report.section.CH2-PE-003,APPROVED_REPORT_DRAWING_GOLDEN,CALCULATION,HIGH,report
RP-160,G-RPT-0014,report.section.CH2-PE-005,APPROVED_REPORT_DRAWING_GOLDEN,CALCULATION,HIGH,report
RP-162,G-RPT-0015,report.section.CH2-PE-006,APPROVED_REPORT_DRAWING_GOLDEN,CALCULATION,HIGH,report
RP-164,G-RPT-0016,report.section.CH2-PE-007,APPROVED_REPORT_DRAWING_GOLDEN,CALCULATION,HIGH,report
RP-166,G-RPT-0017,report.section.CH2-PE-008,APPROVED_REPORT_DRAWING_GOLDEN,CALCULATION,HIGH,report
RP-168,G-RPT-0018,report.section.CH2-PE-009,APPROVED_REPORT_DRAWING_GOLDEN,CALCULATION,HIGH,report
RP-170,G-RPT-0019,report.section.CH2-PE-010,APPROVED_REPORT_DRAWING_GOLDEN,CALCULATION,HIGH,report
RP-172,G-RPT-0020,report.section.CH2-PE-011,APPROVED_REPORT_DRAWING_GOLDEN,CALCULATION,HIGH,report
RP-174,G-RPT-0021,report.section.CH2-PE-012,APPROVED_REPORT_DRAWING_GOLDEN,CALCULATION,HIGH,report
RP-176,G-RPT-0022,report.section.CH2-PE-013,APPROVED_REPORT_DRAWING_GOLDEN,CALCULATION,HIGH,report
RP-178,G-RPT-0023,report.section.CH2-PE-014,APPROVED_REPORT_DRAWING_GOLDEN,CALCULATION,HIGH,report
RP-180,G-RPT-0024,report.section.CH2-PE-015,APPROVED_REPORT_DRAWING_GOLDEN,CALCULATION,HIGH,report
RP-182,G-RPT-0025,report.section.CH2-PE-016,APPROVED_REPORT_DRAWING_GOLDEN,CALCULATION,HIGH,report
RP-184,G-RPT-0026,report.section.CH2-PE-017,APPROVED_REPORT_DRAWING_GOLDEN,CALCULATION,HIGH,report
RP-186,G-RPT-0027,report.section.CH2-PE-018,APPROVED_REPORT_DRAWING_GOLDEN,CALCULATION,HIGH,report
RP-188,G-RPT-0028,report.section.CH2-PE-019,APPROVED_REPORT_DRAWING_GOLDEN,CALCULATION,HIGH,report
RP-190,G-RPT-0029,report.section.CH2-PE-020,APPROVED_REPORT_DRAWING_GOLDEN,CALCULATION,HIGH,report
RP-192,G-RPT-0030,report.section.CH2-PE-021,APPROVED_REPORT_DRAWING_GOLDEN,CALCULATION,HIGH,report
RP-194,G-RPT-0031,report.section.CH2-PE-022,APPROVED_REPORT_DRAWING_GOLDEN,CALCULATION,HIGH,report
RP-196,G-RPT-0032,report.section.CH2-PE-023,APPROVED_REPORT_DRAWING_GOLDEN,CALCULATION,HIGH,report
RP-198,G-RPT-0033,report.section.CH2-PE-024,APPROVED_REPORT_DRAWING_GOLDEN,CALCULATION,HIGH,report
RP-296,G-RPT-0034,report.section.CAL-P00115-CAL-SEC-3.1-001,APPROVED_REPORT_DRAWING_GOLDEN,CALCULATION,HIGH,report
RP-298,G-RPT-0035,report.section.CAL-P00116-CAL-SEC-3.1-001,APPROVED_REPORT_DRAWING_GOLDEN,CALCULATION,HIGH,report
RP-300,G-RPT-0036,report.section.CAL-P00117-CAL-SEC-3.1.1-001,APPROVED_REPORT_DRAWING_GOLDEN,CALCULATION,HIGH,report
RP-304,G-RPT-0037,report.section.CAL-P00118-CAL-SEC-3.1.2-001,APPROVED_REPORT_DRAWING_GOLDEN,CALCULATION,HIGH,report
RP-307,G-RPT-0038,report.section.CAL-P00119-CAL-SEC-3.1.2-001,APPROVED_REPORT_DRAWING_GOLDEN,CALCULATION,HIGH,report
RP-310,G-RPT-0039,report.section.CAL-P00121-CAL-SEC-3.1.2-001,APPROVED_REPORT_DRAWING_GOLDEN,CALCULATION,HIGH,report
RP-312,G-RPT-0040,report.section.CAL-P00121-CAL-SEC-3.1.2-002,APPROVED_REPORT_DRAWING_GOLDEN,CALCULATION,HIGH,report
RP-314,G-RPT-0041,report.section.CAL-P00122-CAL-SEC-3.1.2-001,APPROVED_REPORT_DRAWING_GOLDEN,CALCULATION,HIGH,report
RP-316,G-RPT-0042,report.section.CAL-P00122-CAL-SEC-3.1.2-002,APPROVED_REPORT_DRAWING_GOLDEN,CALCULATION,HIGH,report
RP-318,G-RPT-0043,report.section.CAL-P00123-CAL-SEC-3.1.2-001,APPROVED_REPORT_DRAWING_GOLDEN,CALCULATION,HIGH,report
RP-321,G-RPT-0044,report.section.CAL-P00124-CAL-SEC-3.1.2-001,APPROVED_REPORT_DRAWING_GOLDEN,CALCULATION,HIGH,report
RP-323,G-RPT-0045,report.section.CAL-P00125-CAL-SEC-3.1.2-001,APPROVED_REPORT_DRAWING_GOLDEN,CALCULATION,HIGH,report
RP-326,G-RPT-0046,report.section.CAL-P00126-CAL-SEC-3.1.2-001,APPROVED_REPORT_DRAWING_GOLDEN,CALCULATION,HIGH,report
RP-329,G-RPT-0047,report.section.CAL-P00127-CAL-SEC-3.1.2-001,APPROVED_REPORT_DRAWING_GOLDEN,CALCULATION,HIGH,report
RP-331,G-RPT-0048,report.section.CAL-P00128-CAL-SEC-3.1.2-001,APPROVED_REPORT_DRAWING_GOLDEN,CALCULATION,HIGH,report
RP-334,G-RPT-0049,report.section.CAL-P00129-CAL-SEC-3.1.2-001,APPROVED_REPORT_DRAWING_GOLDEN,CALCULATION,HIGH,report
RP-336,G-RPT-0050,report.section.CAL-P00130-CAL-SEC-3.1.2-001,APPROVED_REPORT_DRAWING_GOLDEN,CALCULATION,HIGH,report
RP-338,G-RPT-0051,report.section.CAL-P00131-CAL-SEC-3.1.2-001,APPROVED_REPORT_DRAWING_GOLDEN,CALCULATION,HIGH,report
RP-341,G-RPT-0052,report.section.CAL-P00132-CAL-SEC-3.1.2-001,APPROVED_REPORT_DRAWING_GOLDEN,CALCULATION,HIGH,report
RP-343,G-RPT-0053,report.section.CAL-P00132-CAL-SEC-3.1.2-002,APPROVED_REPORT_DRAWING_GOLDEN,CALCULATION,HIGH,report
RP-345,G-RPT-0054,report.section.CAL-P00133-CAL-SEC-3.1.2-001,APPROVED_REPORT_DRAWING_GOLDEN,CALCULATION,HIGH,report
RP-350,G-RPT-0055,report.section.CAL-P00135-CAL-SEC-3.1.2-002,APPROVED_REPORT_DRAWING_GOLDEN,CALCULATION,HIGH,report
RP-352,G-RPT-0056,report.section.CAL-P00135-CAL-SEC-3.1.2-003,APPROVED_REPORT_DRAWING_GOLDEN,CALCULATION,HIGH,report
RP-355,G-RPT-0057,report.section.CAL-P00136-CAL-SEC-3.1.2-001,APPROVED_REPORT_DRAWING_GOLDEN,CALCULATION,HIGH,report
RP-357,G-RPT-0058,report.section.CAL-P00137-CAL-SEC-3.1.2-001,APPROVED_REPORT_DRAWING_GOLDEN,CALCULATION,HIGH,report
RP-361,G-RPT-0059,report.section.CAL-P00139-CAL-SEC-3.1.2-001,APPROVED_REPORT_DRAWING_GOLDEN,CALCULATION,HIGH,report
RP-366,G-RPT-0060,report.section.CAL-P00141-CAL-SEC-3.1.3-001,APPROVED_REPORT_DRAWING_GOLDEN,CALCULATION,HIGH,report
RP-370,G-RPT-0061,report.section.CAL-P00142-CAL-SEC-3.1.4-001,APPROVED_REPORT_DRAWING_GOLDEN,CALCULATION,HIGH,report
RP-373,G-RPT-0062,report.section.CAL-P00143-CAL-SEC-3.1.5-001,APPROVED_REPORT_DRAWING_GOLDEN,CALCULATION,HIGH,report
RP-377,G-RPT-0063,report.section.CAL-P00145-CAL-SEC-3.1.6-001,APPROVED_REPORT_DRAWING_GOLDEN,CALCULATION,HIGH,report
RP-388,G-RPT-0064,report.section.CAL-P00180-CAL-SEC-3.1.7-001,APPROVED_REPORT_DRAWING_GOLDEN,CALCULATION,HIGH,report
RP-393,G-RPT-0065,report.section.CAL-P00222-CAL-SEC-3.1.8-001,APPROVED_REPORT_DRAWING_GOLDEN,CALCULATION,HIGH,report
RP-398,G-RPT-0066,report.section.CAL-P00277-CAL-SEC-3.1.9-001,APPROVED_REPORT_DRAWING_GOLDEN,CALCULATION,HIGH,report
RP-727,G-RPT-0067,report.section.CAL-P00675-CAL-SEC-3.3-001,APPROVED_REPORT_DRAWING_GOLDEN,CALCULATION,HIGH,report
RP-729,G-RPT-0068,report.section.CAL-P00676-CAL-SEC-3.3.1-001,APPROVED_REPORT_DRAWING_GOLDEN,CALCULATION,HIGH,report
RP-737,G-RPT-0069,report.section.CAL-P00679-CAL-SEC-3.3.2-001,APPROVED_REPORT_DRAWING_GOLDEN,CALCULATION,HIGH,report
RP-741,G-RPT-0070,report.section.CAL-P00685-CAL-SEC-3.3.3-001,APPROVED_REPORT_DRAWING_GOLDEN,CALCULATION,HIGH,report
RP-746,G-RPT-0071,report.section.CAL-P00687-CAL-SEC-3.3.4-001,APPROVED_REPORT_DRAWING_GOLDEN,CALCULATION,HIGH,report
RP-749,G-RPT-0072,report.section.CAL-P00688-CAL-SEC-3.3.4-001,APPROVED_REPORT_DRAWING_GOLDEN,CALCULATION,HIGH,report
RP-754,G-RPT-0073,report.section.CAL-P00696-CAL-SEC-3.3.4-001,APPROVED_REPORT_DRAWING_GOLDEN,CALCULATION,HIGH,report
RP-758,G-RPT-0074,report.section.CAL-P00704-CAL-SEC-3.3.5-001,APPROVED_REPORT_DRAWING_GOLDEN,CALCULATION,HIGH,report
RP-767,G-RPT-0075,report.section.CAL-P00735-CAL-SEC-3.3.6-001,APPROVED_REPORT_DRAWING_GOLDEN,CALCULATION,HIGH,report
RP-775,G-RPT-0076,report.section.CAL-P00762-CAL-SEC-3.3.7-001,APPROVED_REPORT_DRAWING_GOLDEN,CALCULATION,HIGH,report
RP-803,G-RPT-0077,report.section.CAL-P00765-CAL-SEC-3.4-001,APPROVED_REPORT_DRAWING_GOLDEN,CALCULATION,HIGH,report
RP-805,G-RPT-0078,report.section.CAL-P00766-CAL-SEC-3.4.1-001,APPROVED_REPORT_DRAWING_GOLDEN,CALCULATION,HIGH,report
RP-809,G-RPT-0079,report.section.CAL-P00767-CAL-SEC-3.4.1-001,APPROVED_REPORT_DRAWING_GOLDEN,CALCULATION,HIGH,report
RP-816,G-RPT-0080,report.section.CAL-P00770-CAL-SEC-3.4.1-001,APPROVED_REPORT_DRAWING_GOLDEN,CALCULATION,HIGH,report
RP-821,G-RPT-0081,report.section.CAL-P00773-CAL-SEC-3.4.1-001,APPROVED_REPORT_DRAWING_GOLDEN,CALCULATION,HIGH,report
RP-824,G-RPT-0082,report.section.CAL-P00774-CAL-SEC-3.4.1-001,APPROVED_REPORT_DRAWING_GOLDEN,CALCULATION,HIGH,report
RP-829,G-RPT-0083,report.section.CAL-P00777-CAL-SEC-3.4.2-001,APPROVED_REPORT_DRAWING_GOLDEN,CALCULATION,HIGH,report
RP-869,G-RPT-0084,report.section.CAL-P00788-CAL-SEC-3.5-001,APPROVED_REPORT_DRAWING_GOLDEN,CALCULATION,HIGH,report
RP-871,G-RPT-0085,report.section.CAL-P00789-CAL-SEC-3.5.1-001,APPROVED_REPORT_DRAWING_GOLDEN,CALCULATION,HIGH,report
RP-877,G-RPT-0086,report.section.CAL-P00791-CAL-SEC-3.5.2-001,APPROVED_REPORT_DRAWING_GOLDEN,CALCULATION,HIGH,report
RP-881,G-RPT-0087,report.section.CAL-P00792-CAL-SEC-3.5.3-001,APPROVED_REPORT_DRAWING_GOLDEN,CALCULATION,HIGH,report
RP-884,G-RPT-0088,report.section.CAL-P00793-CAL-SEC-3.5.4-001,APPROVED_REPORT_DRAWING_GOLDEN,CALCULATION,HIGH,report
RP-887,G-RPT-0089,report.section.CAL-P00797-CAL-SEC-3.5.5-001,APPROVED_REPORT_DRAWING_GOLDEN,CALCULATION,HIGH,report
RP-890,G-RPT-0090,report.section.CAL-P00800-CAL-SEC-3.5.6-001,APPROVED_REPORT_DRAWING_GOLDEN,CALCULATION,HIGH,report
RP-920,G-RPT-0091,report.section.CAL-P00817-CAL-SEC-3.6-001,APPROVED_REPORT_DRAWING_GOLDEN,CALCULATION,HIGH,report
RP-922,G-RPT-0092,report.section.CAL-P00818-CAL-SEC-3.6.1-001,APPROVED_REPORT_DRAWING_GOLDEN,CALCULATION,HIGH,report
RP-927,G-RPT-0093,report.section.CAL-P00819-CAL-SEC-3.6.2-001,APPROVED_REPORT_DRAWING_GOLDEN,CALCULATION,HIGH,report
RP-931,G-RPT-0094,report.section.CAL-P00820-CAL-SEC-3.6.2-001,APPROVED_REPORT_DRAWING_GOLDEN,CALCULATION,HIGH,report
RP-935,G-RPT-0095,report.section.CAL-P00821-CAL-SEC-3.6.2-001,APPROVED_REPORT_DRAWING_GOLDEN,CALCULATION,HIGH,report
RP-939,G-RPT-0096,report.section.CAL-P00822-CAL-SEC-3.6.3-001,APPROVED_REPORT_DRAWING_GOLDEN,CALCULATION,HIGH,report
RP-947,G-RPT-0097,report.section.CAL-P00840-CAL-SEC-3.6.4-001,APPROVED_REPORT_DRAWING_GOLDEN,CALCULATION,HIGH,report
RP-974,G-RPT-0098,report.section.CAL-P00842-CAL-SEC-3.7-001,APPROVED_REPORT_DRAWING_GOLDEN,CALCULATION,HIGH,report
RP-976,G-RPT-0099,report.section.CAL-P00843-CAL-SEC-3.7.1-001,APPROVED_REPORT_DRAWING_GOLDEN,CALCULATION,HIGH,report
RP-980,G-RPT-0100,report.section.CAL-P00845-CAL-SEC-3.7.1-001,APPROVED_REPORT_DRAWING_GOLDEN,CALCULATION,HIGH,report
RP-996,G-RPT-0101,report.section.CAL-P00860-CAL-SEC-3.7.2-001,APPROVED_REPORT_DRAWING_GOLDEN,CALCULATION,HIGH,report
RP-1043,G-RPT-0102,report.section.CAL-P00872-CAL-SEC-4.1-001,APPROVED_REPORT_DRAWING_GOLDEN,CALCULATION,HIGH,report
RP-1045,G-RPT-0103,report.section.CAL-P00873-CAL-SEC-4.1.1-001,APPROVED_REPORT_DRAWING_GOLDEN,CALCULATION,HIGH,report
RP-1053,G-RPT-0104,report.section.CAL-P00874-CAL-SEC-4.1.2-001,APPROVED_REPORT_DRAWING_GOLDEN,CALCULATION,HIGH,report
RP-1057,G-RPT-0105,report.section.CAL-P00876-CAL-SEC-4.1.2-001,APPROVED_REPORT_DRAWING_GOLDEN,CALCULATION,HIGH,report
RP-1060,G-RPT-0106,report.section.CAL-P00881-CAL-SEC-4.1.2-001,APPROVED_REPORT_DRAWING_GOLDEN,CALCULATION,HIGH,report
RP-1063,G-RPT-0107,report.section.CAL-P00893-CAL-SEC-4.1.2-001,APPROVED_REPORT_DRAWING_GOLDEN,CALCULATION,HIGH,report
RP-1066,G-RPT-0108,report.section.CAL-P00893-CAL-SEC-4.1.2-003,APPROVED_REPORT_DRAWING_GOLDEN,CALCULATION,HIGH,report
RP-1069,G-RPT-0109,report.section.CAL-P00894-CAL-SEC-4.1.2-001,APPROVED_REPORT_DRAWING_GOLDEN,CALCULATION,HIGH,report
RP-1073,G-RPT-0110,report.section.CAL-P00900-CAL-SEC-4.1.3-001,APPROVED_REPORT_DRAWING_GOLDEN,CALCULATION,HIGH,report
RP-1076,G-RPT-0111,report.section.CAL-P00901-CAL-SEC-4.1.4-001,APPROVED_REPORT_DRAWING_GOLDEN,CALCULATION,HIGH,report
RP-1081,G-RPT-0112,report.section.CAL-P00904-CAL-SEC-4.1.5-001,APPROVED_REPORT_DRAWING_GOLDEN,CALCULATION,HIGH,report
RP-1083,G-RPT-0113,report.section.CAL-P00904-CAL-SEC-4.1.5-002,APPROVED_REPORT_DRAWING_GOLDEN,CALCULATION,HIGH,report
RP-1086,G-RPT-0114,report.section.CAL-P01026-CAL-SEC-4.1.5-001,APPROVED_REPORT_DRAWING_GOLDEN,CALCULATION,HIGH,report
RP-1089,G-RPT-0115,report.section.CAL-P01115-CAL-SEC-4.1.6-001,APPROVED_REPORT_DRAWING_GOLDEN,CALCULATION,HIGH,report
RP-1091,G-RPT-0116,report.section.CAL-P01115-CAL-SEC-4.1.6-002,APPROVED_REPORT_DRAWING_GOLDEN,CALCULATION,HIGH,report
RP-1094,G-RPT-0117,report.section.CAL-P01130-CAL-SEC-4.1.6-001,APPROVED_REPORT_DRAWING_GOLDEN,CALCULATION,HIGH,report
RP-1097,G-RPT-0118,report.section.CAL-P01266-CAL-SEC-4.1.7-001,APPROVED_REPORT_DRAWING_GOLDEN,CALCULATION,HIGH,report
RP-1099,G-RPT-0119,report.section.CAL-P01266-CAL-SEC-4.1.7-002,APPROVED_REPORT_DRAWING_GOLDEN,CALCULATION,HIGH,report
RP-1102,G-RPT-0120,report.section.CAL-P01275-CAL-SEC-4.1.7-001,APPROVED_REPORT_DRAWING_GOLDEN,CALCULATION,HIGH,report
RP-1105,G-RPT-0121,report.section.CAL-P01280-CAL-SEC-4.1.7-001,APPROVED_REPORT_DRAWING_GOLDEN,CALCULATION,HIGH,report
RP-1110,G-RPT-0122,report.section.CAL-P01282-CAL-SEC-4.1.7-001,APPROVED_REPORT_DRAWING_GOLDEN,CALCULATION,HIGH,report
RP-1172,G-RPT-0123,report.section.CAL-P01283-CAL-SEC-4.2-001,APPROVED_REPORT_DRAWING_GOLDEN,CALCULATION,HIGH,report
RP-1174,G-RPT-0124,report.section.CAL-P01284-CAL-SEC-4.2.1-001,APPROVED_REPORT_DRAWING_GOLDEN,CALCULATION,HIGH,report
RP-1185,G-RPT-0125,report.section.CAL-P01287-CAL-SEC-4.2.2-001,APPROVED_REPORT_DRAWING_GOLDEN,CALCULATION,HIGH,report
RP-1188,G-RPT-0126,report.section.CAL-P01299-CAL-SEC-4.2.3-001,APPROVED_REPORT_DRAWING_GOLDEN,CALCULATION,HIGH,report
RP-1195,G-RPT-0127,report.section.CAL-P01318-CAL-SEC-4.2.4-001,APPROVED_REPORT_DRAWING_GOLDEN,CALCULATION,HIGH,report
RP-1198,G-RPT-0128,report.section.CAL-P01319-CAL-SEC-4.2.4-001,APPROVED_REPORT_DRAWING_GOLDEN,CALCULATION,HIGH,report
RP-1210,G-RPT-0129,report.section.CAL-P01400-CAL-SEC-4.2.4-001,APPROVED_REPORT_DRAWING_GOLDEN,CALCULATION,HIGH,report
RP-1212,G-RPT-0130,report.section.CAL-P01451-CAL-SEC-4.2.4-001,APPROVED_REPORT_DRAWING_GOLDEN,CALCULATION,HIGH,report
RP-1214,G-RPT-0131,report.section.CAL-P01520-CAL-SEC-4.2.4-001,APPROVED_REPORT_DRAWING_GOLDEN,CALCULATION,HIGH,report
RP-1216,G-RPT-0132,report.section.CAL-P01598-CAL-SEC-4.2.4-001,APPROVED_REPORT_DRAWING_GOLDEN,CALCULATION,HIGH,report
RP-1218,G-RPT-0133,report.section.CAL-P01680-CAL-SEC-4.2.4-001,APPROVED_REPORT_DRAWING_GOLDEN,CALCULATION,HIGH,report
RP-1220,G-RPT-0134,report.section.CAL-P01776-CAL-SEC-4.2.5-001,APPROVED_REPORT_DRAWING_GOLDEN,CALCULATION,HIGH,report
RP-1224,G-RPT-0135,report.section.CAL-P01778-CAL-SEC-4.2.6-001,APPROVED_REPORT_DRAWING_GOLDEN,CALCULATION,HIGH,report
RP-1227,G-RPT-0136,report.section.CAL-P01947-CAL-SEC-4.2.7-001,APPROVED_REPORT_DRAWING_GOLDEN,CALCULATION,HIGH,report
RP-1230,G-RPT-0137,report.section.CAL-P01955-CAL-SEC-4.2.8-001,APPROVED_REPORT_DRAWING_GOLDEN,CALCULATION,HIGH,report
RP-1232,G-RPT-0138,report.section.CAL-P01955-CAL-SEC-4.2.8-002,APPROVED_REPORT_DRAWING_GOLDEN,CALCULATION,HIGH,report
RP-1235,G-RPT-0139,report.section.CAL-P01958-CAL-SEC-4.2.8-001,APPROVED_REPORT_DRAWING_GOLDEN,CALCULATION,HIGH,report
RP-1237,G-RPT-0140,report.section.CAL-P02003-CAL-SEC-4.2.8-001,APPROVED_REPORT_DRAWING_GOLDEN,CALCULATION,HIGH,report
RP-1240,G-RPT-0141,report.section.CAL-P02076-CAL-SEC-4.2.8-001,APPROVED_REPORT_DRAWING_GOLDEN,CALCULATION,HIGH,report
RP-1243,G-RPT-0142,report.section.CAL-P02098-CAL-SEC-4.2.8-001,APPROVED_REPORT_DRAWING_GOLDEN,CALCULATION,HIGH,report
RP-1246,G-RPT-0143,report.section.CAL-P02100-CAL-SEC-4.2.8-001,APPROVED_REPORT_DRAWING_GOLDEN,CALCULATION,HIGH,report
RP-1249,G-RPT-0144,report.section.CAL-P02114-CAL-SEC-4.2.8-001,APPROVED_REPORT_DRAWING_GOLDEN,CALCULATION,HIGH,report
RP-1252,G-RPT-0145,report.section.CAL-P02003-CAL-SEC-4.2.9-001,APPROVED_REPORT_DRAWING_GOLDEN,CALCULATION,HIGH,report
RP-1254,G-RPT-0146,report.section.CAL-P02003-CAL-SEC-4.2.9-002,APPROVED_REPORT_DRAWING_GOLDEN,CALCULATION,HIGH,report
RP-1256,G-RPT-0147,report.section.CAL-P02003-CAL-SEC-4.2.9-003,APPROVED_REPORT_DRAWING_GOLDEN,CALCULATION,HIGH,report
RP-1258,G-RPT-0148,report.section.CAL-P02003-CAL-SEC-4.2.9-004,APPROVED_REPORT_DRAWING_GOLDEN,CALCULATION,HIGH,report
RP-1260,G-RPT-0149,report.section.CAL-P02003-CAL-SEC-4.2.9-005,APPROVED_REPORT_DRAWING_GOLDEN,CALCULATION,HIGH,report
RP-1262,G-RPT-0150,report.section.CAL-P02023-CAL-SEC-4.2.10-001,APPROVED_REPORT_DRAWING_GOLDEN,CALCULATION,HIGH,report
RP-1406,G-RPT-0151,report.section.CH5-PE-002,APPROVED_REPORT_DRAWING_GOLDEN,CALCULATION,HIGH,report
RP-1408,G-RPT-0152,report.section.CH5-PE-003,APPROVED_REPORT_DRAWING_GOLDEN,CALCULATION,HIGH,report
RP-1410,G-RPT-0153,report.section.CH5-PE-004,APPROVED_REPORT_DRAWING_GOLDEN,CALCULATION,HIGH,report
RP-1414,G-RPT-0154,report.section.CH5-PE-007,APPROVED_REPORT_DRAWING_GOLDEN,CALCULATION,HIGH,report
RP-1416,G-RPT-0155,report.section.CH5-PE-008,APPROVED_REPORT_DRAWING_GOLDEN,CALCULATION,HIGH,report
RP-1418,G-RPT-0156,report.section.CH5-PE-009,APPROVED_REPORT_DRAWING_GOLDEN,CALCULATION,HIGH,report
RP-1420,G-RPT-0157,report.section.CH5-PE-010,APPROVED_REPORT_DRAWING_GOLDEN,CALCULATION,HIGH,report
RP-1422,G-RPT-0158,report.section.CH5-PE-011,APPROVED_REPORT_DRAWING_GOLDEN,CALCULATION,HIGH,report
RP-1424,G-RPT-0159,report.section.CH5-PE-012,APPROVED_REPORT_DRAWING_GOLDEN,CALCULATION,HIGH,report
RP-1426,G-RPT-0160,report.section.CH5-PE-013,APPROVED_REPORT_DRAWING_GOLDEN,CALCULATION,HIGH,report
RP-1428,G-RPT-0161,report.section.CH5-PE-014,APPROVED_REPORT_DRAWING_GOLDEN,CALCULATION,HIGH,report
RP-1430,G-RPT-0162,report.section.CH5-PE-015,APPROVED_REPORT_DRAWING_GOLDEN,CALCULATION,HIGH,report
RP-1432,G-RPT-0163,report.section.CH5-PE-016,APPROVED_REPORT_DRAWING_GOLDEN,CALCULATION,HIGH,report
RP-1434,G-RPT-0164,report.section.CH5-PE-017,APPROVED_REPORT_DRAWING_GOLDEN,CALCULATION,HIGH,report
RP-1436,G-RPT-0165,report.section.CH5-PE-018,APPROVED_REPORT_DRAWING_GOLDEN,CALCULATION,HIGH,report
RP-1438,G-RPT-0166,report.section.CH5-PE-019,APPROVED_REPORT_DRAWING_GOLDEN,CALCULATION,HIGH,report
RP-1440,G-RPT-0167,report.section.CH5-PE-020,APPROVED_REPORT_DRAWING_GOLDEN,CALCULATION,HIGH,report
RP-1442,G-RPT-0168,report.section.CH5-PE-021,APPROVED_REPORT_DRAWING_GOLDEN,CALCULATION,HIGH,report
RP-1444,G-RPT-0169,report.section.CH5-PE-022,APPROVED_REPORT_DRAWING_GOLDEN,CALCULATION,HIGH,report
RP-1446,G-RPT-0170,report.section.CH5-PE-023,APPROVED_REPORT_DRAWING_GOLDEN,CALCULATION,HIGH,report
RP-1448,G-RPT-0171,report.section.CH5-PE-024,APPROVED_REPORT_DRAWING_GOLDEN,CALCULATION,HIGH,report
RP-1450,G-RPT-0172,report.section.CH5-PE-025,APPROVED_REPORT_DRAWING_GOLDEN,CALCULATION,HIGH,report
RP-1452,G-RPT-0173,report.section.CH5-PE-026,APPROVED_REPORT_DRAWING_GOLDEN,CALCULATION,HIGH,report
RP-1454,G-RPT-0174,report.section.CH5-PE-027,APPROVED_REPORT_DRAWING_GOLDEN,CALCULATION,HIGH,report
RP-1456,G-RPT-0175,report.section.CH5-PE-028,APPROVED_REPORT_DRAWING_GOLDEN,CALCULATION,HIGH,report
RP-1458,G-RPT-0176,report.section.CH5-PE-029,APPROVED_REPORT_DRAWING_GOLDEN,CALCULATION,HIGH,report
RP-1460,G-RPT-0177,report.section.CH5-PE-030,APPROVED_REPORT_DRAWING_GOLDEN,CALCULATION,HIGH,report
RP-1462,G-RPT-0178,report.section.CH5-PE-031,APPROVED_REPORT_DRAWING_GOLDEN,CALCULATION,HIGH,report
RP-1464,G-RPT-0179,report.section.CH5-PE-032,APPROVED_REPORT_DRAWING_GOLDEN,CALCULATION,HIGH,report
RP-1466,G-RPT-0180,report.section.CH5-PE-033,APPROVED_REPORT_DRAWING_GOLDEN,CALCULATION,HIGH,report
RP-1468,G-RPT-0181,report.section.CH5-PE-034,APPROVED_REPORT_DRAWING_GOLDEN,CALCULATION,HIGH,report
RP-1470,G-RPT-0182,report.section.CH5-PE-035,APPROVED_REPORT_DRAWING_GOLDEN,CALCULATION,HIGH,report
RP-1472,G-RPT-0183,report.section.CH5-PE-036,APPROVED_REPORT_DRAWING_GOLDEN,CALCULATION,HIGH,report
RP-1474,G-RPT-0184,report.section.CH5-PE-037,APPROVED_REPORT_DRAWING_GOLDEN,CALCULATION,HIGH,report
RP-1476,G-RPT-0185,report.section.CH5-PE-038,APPROVED_REPORT_DRAWING_GOLDEN,CALCULATION,HIGH,report
RP-1478,G-RPT-0186,report.section.CH5-PE-039,APPROVED_REPORT_DRAWING_GOLDEN,CALCULATION,HIGH,report
RP-1480,G-RPT-0187,report.section.CH5-PE-040,APPROVED_REPORT_DRAWING_GOLDEN,CALCULATION,HIGH,report
RP-1482,G-RPT-0188,report.section.CH5-PE-041,APPROVED_REPORT_DRAWING_GOLDEN,CALCULATION,HIGH,report
RP-1484,G-RPT-0189,report.section.CH5-PE-042,APPROVED_REPORT_DRAWING_GOLDEN,CALCULATION,HIGH,report
RP-1486,G-RPT-0190,report.section.CH5-PE-043,APPROVED_REPORT_DRAWING_GOLDEN,CALCULATION,HIGH,report
RP-1488,G-RPT-0191,report.section.CH5-PE-044,APPROVED_REPORT_DRAWING_GOLDEN,CALCULATION,HIGH,report
RP-1490,G-RPT-0192,report.section.CH5-PE-045,APPROVED_REPORT_DRAWING_GOLDEN,CALCULATION,HIGH,report
RP-1492,G-RPT-0193,report.section.CH5-PE-046,APPROVED_REPORT_DRAWING_GOLDEN,CALCULATION,HIGH,report
RP-1494,G-RPT-0194,report.section.CH5-PE-047,APPROVED_REPORT_DRAWING_GOLDEN,CALCULATION,HIGH,report
RP-1496,G-RPT-0195,report.section.CH5-PE-048,APPROVED_REPORT_DRAWING_GOLDEN,CALCULATION,HIGH,report
RP-1498,G-RPT-0196,report.section.CH5-PE-049,APPROVED_REPORT_DRAWING_GOLDEN,CALCULATION,HIGH,report
RP-1501,G-RPT-0197,report.section.CH5-PE-051,APPROVED_REPORT_DRAWING_GOLDEN,CALCULATION,HIGH,report
RP-1503,G-RPT-0198,report.section.CH5-PE-052,APPROVED_REPORT_DRAWING_GOLDEN,CALCULATION,HIGH,report
RP-1505,G-RPT-0199,report.section.CH5-PE-053,APPROVED_REPORT_DRAWING_GOLDEN,CALCULATION,HIGH,report
RP-1507,G-RPT-0200,report.section.CH5-PE-054,APPROVED_REPORT_DRAWING_GOLDEN,CALCULATION,HIGH,report
RP-1509,G-RPT-0201,report.section.CH5-PE-055,APPROVED_REPORT_DRAWING_GOLDEN,CALCULATION,HIGH,report
RP-1511,G-RPT-0202,report.section.CH5-PE-056,APPROVED_REPORT_DRAWING_GOLDEN,CALCULATION,HIGH,report
RP-1513,G-RPT-0203,report.section.CH5-PE-057,APPROVED_REPORT_DRAWING_GOLDEN,CALCULATION,HIGH,report
RP-1515,G-RPT-0204,report.section.CH5-PE-058,APPROVED_REPORT_DRAWING_GOLDEN,CALCULATION,HIGH,report
RP-1517,G-RPT-0205,report.section.CH5-PE-059,APPROVED_REPORT_DRAWING_GOLDEN,CALCULATION,HIGH,report
RP-1519,G-RPT-0206,report.section.CH5-PE-060,APPROVED_REPORT_DRAWING_GOLDEN,CALCULATION,HIGH,report
RP-1521,G-RPT-0207,report.section.CH5-PE-061,APPROVED_REPORT_DRAWING_GOLDEN,CALCULATION,HIGH,report
RP-1523,G-RPT-0208,report.section.CH5-PE-062,APPROVED_REPORT_DRAWING_GOLDEN,CALCULATION,HIGH,report
RP-1525,G-RPT-0209,report.section.CH5-PE-063,APPROVED_REPORT_DRAWING_GOLDEN,CALCULATION,HIGH,report
RP-1527,G-RPT-0210,report.section.CH5-PE-064,APPROVED_REPORT_DRAWING_GOLDEN,CALCULATION,HIGH,report
RP-1529,G-RPT-0211,report.section.CH5-PE-065,APPROVED_REPORT_DRAWING_GOLDEN,CALCULATION,HIGH,report
RP-1531,G-RPT-0212,report.section.CH5-PE-066,APPROVED_REPORT_DRAWING_GOLDEN,CALCULATION,HIGH,report
RP-1533,G-RPT-0213,report.section.CH5-PE-067,APPROVED_REPORT_DRAWING_GOLDEN,CALCULATION,HIGH,report
RP-1535,G-RPT-0214,report.section.CH5-PE-068,APPROVED_REPORT_DRAWING_GOLDEN,CALCULATION,HIGH,report
RP-1537,G-RPT-0215,report.section.CH5-PE-069,APPROVED_REPORT_DRAWING_GOLDEN,CALCULATION,HIGH,report
RP-1539,G-RPT-0216,report.section.CH5-PE-070,APPROVED_REPORT_DRAWING_GOLDEN,CALCULATION,HIGH,report
RP-1541,G-RPT-0217,report.section.CH5-PE-071,APPROVED_REPORT_DRAWING_GOLDEN,CALCULATION,HIGH,report
RP-1543,G-RPT-0218,report.section.CH5-PE-072,APPROVED_REPORT_DRAWING_GOLDEN,CALCULATION,HIGH,report
RP-1545,G-RPT-0219,report.section.CH5-PE-073,APPROVED_REPORT_DRAWING_GOLDEN,CALCULATION,HIGH,report
RP-1547,G-RPT-0220,report.section.CH5-PE-074,APPROVED_REPORT_DRAWING_GOLDEN,CALCULATION,HIGH,report
RP-1549,G-RPT-0221,report.section.CH5-PE-075,APPROVED_REPORT_DRAWING_GOLDEN,CALCULATION,HIGH,report
RP-1551,G-RPT-0222,report.section.CH5-PE-076,APPROVED_REPORT_DRAWING_GOLDEN,CALCULATION,HIGH,report
RP-1553,G-RPT-0223,report.section.CH5-PE-077,APPROVED_REPORT_DRAWING_GOLDEN,CALCULATION,HIGH,report
RP-1555,G-RPT-0224,report.section.CH5-PE-078,APPROVED_REPORT_DRAWING_GOLDEN,CALCULATION,HIGH,report
RP-1557,G-RPT-0225,report.section.CH5-PE-079,APPROVED_REPORT_DRAWING_GOLDEN,CALCULATION,HIGH,report
RP-1559,G-RPT-0226,report.section.CH5-PE-080,APPROVED_REPORT_DRAWING_GOLDEN,CALCULATION,HIGH,report
RP-1561,G-RPT-0227,report.section.CH5-PE-081,APPROVED_REPORT_DRAWING_GOLDEN,CALCULATION,HIGH,report
RP-1563,G-RPT-0228,report.section.CH5-PE-082,APPROVED_REPORT_DRAWING_GOLDEN,CALCULATION,HIGH,report
RP-1565,G-RPT-0229,report.section.CH5-PE-083,APPROVED_REPORT_DRAWING_GOLDEN,CALCULATION,HIGH,report
RP-1567,G-RPT-0230,report.section.CH5-PE-084,APPROVED_REPORT_DRAWING_GOLDEN,CALCULATION,HIGH,report
RP-1569,G-RPT-0231,report.section.CH5-PE-085,APPROVED_REPORT_DRAWING_GOLDEN,CALCULATION,HIGH,report
RP-1571,G-RPT-0232,report.section.CH5-PE-086,APPROVED_REPORT_DRAWING_GOLDEN,CALCULATION,HIGH,report
RP-1573,G-RPT-0233,report.section.CH5-PE-087,APPROVED_REPORT_DRAWING_GOLDEN,CALCULATION,HIGH,report
RP-1575,G-RPT-0234,report.section.CH5-PE-088,APPROVED_REPORT_DRAWING_GOLDEN,CALCULATION,HIGH,report
RP-1577,G-RPT-0235,report.section.CH5-PE-089,APPROVED_REPORT_DRAWING_GOLDEN,CALCULATION,HIGH,report
RP-1579,G-RPT-0236,report.section.CH5-PE-090,APPROVED_REPORT_DRAWING_GOLDEN,CALCULATION,HIGH,report
RP-1581,G-RPT-0237,report.section.CH5-PE-091,APPROVED_REPORT_DRAWING_GOLDEN,CALCULATION,HIGH,report
RP-1583,G-RPT-0238,report.section.CH5-PE-092,APPROVED_REPORT_DRAWING_GOLDEN,CALCULATION,HIGH,report
RP-050,G-RPT-0239,report.table.CH1-TBL-001,APPROVED_REPORT_DRAWING_GOLDEN,CALCULATION,HIGH,report
RP-051,G-RPT-0240,report.table.CH1-TBL-002,APPROVED_REPORT_DRAWING_GOLDEN,CALCULATION,HIGH,report
RP-052,G-RPT-0241,report.table.CH1-TBL-003,APPROVED_REPORT_DRAWING_GOLDEN,CALCULATION,HIGH,report
RP-053,G-RPT-0242,report.table.CH1-TBL-004,APPROVED_REPORT_DRAWING_GOLDEN,CALCULATION,HIGH,report
RP-054,G-RPT-0243,report.table.CH1-TBL-005,APPROVED_REPORT_DRAWING_GOLDEN,CALCULATION,HIGH,report
RP-055,G-RPT-0244,report.table.CH1-TBL-006,APPROVED_REPORT_DRAWING_GOLDEN,CALCULATION,HIGH,report
RP-056,G-RPT-0245,report.table.CH1-TBL-007,APPROVED_REPORT_DRAWING_GOLDEN,CALCULATION,HIGH,report
RP-057,G-RPT-0246,report.table.CH1-TBL-008,APPROVED_REPORT_DRAWING_GOLDEN,CALCULATION,HIGH,report
RP-058,G-RPT-0247,report.table.CH1-TBL-009,APPROVED_REPORT_DRAWING_GOLDEN,CALCULATION,HIGH,report
RP-059,G-RPT-0248,report.table.CH1-TBL-010,APPROVED_REPORT_DRAWING_GOLDEN,CALCULATION,HIGH,report
RP-060,G-RPT-0249,report.table.CH1-TBL-011,APPROVED_REPORT_DRAWING_GOLDEN,CALCULATION,HIGH,report
RP-061,G-RPT-0250,report.table.CH1-TBL-012,APPROVED_REPORT_DRAWING_GOLDEN,CALCULATION,HIGH,report
RP-062,G-RPT-0251,report.table.CH1-TBL-013,APPROVED_REPORT_DRAWING_GOLDEN,CALCULATION,HIGH,report
RP-063,G-RPT-0252,report.table.CH1-TBL-014,APPROVED_REPORT_DRAWING_GOLDEN,CALCULATION,HIGH,report
RP-064,G-RPT-0253,report.table.CH1-TBL-015,APPROVED_REPORT_DRAWING_GOLDEN,CALCULATION,HIGH,report
RP-065,G-RPT-0254,report.table.CH1-TBL-016,APPROVED_REPORT_DRAWING_GOLDEN,CALCULATION,HIGH,report
RP-066,G-RPT-0255,report.table.CH1-TBL-017,APPROVED_REPORT_DRAWING_GOLDEN,CALCULATION,HIGH,report
RP-067,G-RPT-0256,report.table.CH1-TBL-018,APPROVED_REPORT_DRAWING_GOLDEN,CALCULATION,HIGH,report
RP-068,G-RPT-0257,report.table.CH1-TBL-019,APPROVED_REPORT_DRAWING_GOLDEN,CALCULATION,HIGH,report
RP-069,G-RPT-0258,report.table.CH1-TBL-020,APPROVED_REPORT_DRAWING_GOLDEN,CALCULATION,HIGH,report
RP-070,G-RPT-0259,report.table.CH1-TBL-021,APPROVED_REPORT_DRAWING_GOLDEN,CALCULATION,HIGH,report
RP-071,G-RPT-0260,report.table.CH1-TBL-022,APPROVED_REPORT_DRAWING_GOLDEN,CALCULATION,HIGH,report
RP-072,G-RPT-0261,report.table.CH1-TBL-023,APPROVED_REPORT_DRAWING_GOLDEN,CALCULATION,HIGH,report
RP-073,G-RPT-0262,report.table.CH1-TBL-024,APPROVED_REPORT_DRAWING_GOLDEN,CALCULATION,HIGH,report
RP-074,G-RPT-0263,report.table.CH1-TBL-025,APPROVED_REPORT_DRAWING_GOLDEN,CALCULATION,HIGH,report
RP-075,G-RPT-0264,report.table.CH1-TBL-026,APPROVED_REPORT_DRAWING_GOLDEN,CALCULATION,HIGH,report
RP-076,G-RPT-0265,report.table.CH1-TBL-027,APPROVED_REPORT_DRAWING_GOLDEN,CALCULATION,HIGH,report
RP-077,G-RPT-0266,report.table.CH1-TBL-028,APPROVED_REPORT_DRAWING_GOLDEN,CALCULATION,HIGH,report
RP-078,G-RPT-0267,report.table.CH1-TBL-029,APPROVED_REPORT_DRAWING_GOLDEN,CALCULATION,HIGH,report
RP-079,G-RPT-0268,report.table.CH1-TBL-030,APPROVED_REPORT_DRAWING_GOLDEN,CALCULATION,HIGH,report
RP-080,G-RPT-0269,report.table.CH1-TBL-031,APPROVED_REPORT_DRAWING_GOLDEN,CALCULATION,HIGH,report
RP-081,G-RPT-0270,report.table.CH1-TBL-032,APPROVED_REPORT_DRAWING_GOLDEN,CALCULATION,HIGH,report
RP-082,G-RPT-0271,report.table.CH1-TBL-033,APPROVED_REPORT_DRAWING_GOLDEN,CALCULATION,HIGH,report
RP-083,G-RPT-0272,report.table.CH1-TBL-034,APPROVED_REPORT_DRAWING_GOLDEN,CALCULATION,HIGH,report
RP-084,G-RPT-0273,report.table.CH1-TBL-035,APPROVED_REPORT_DRAWING_GOLDEN,CALCULATION,HIGH,report
RP-085,G-RPT-0274,report.table.CH1-TBL-036,APPROVED_REPORT_DRAWING_GOLDEN,CALCULATION,HIGH,report
RP-086,G-RPT-0275,report.table.CH1-TBL-037,APPROVED_REPORT_DRAWING_GOLDEN,CALCULATION,HIGH,report
RP-087,G-RPT-0276,report.table.CH1-TBL-038,APPROVED_REPORT_DRAWING_GOLDEN,CALCULATION,HIGH,report
RP-088,G-RPT-0277,report.table.CH1-TBL-039,APPROVED_REPORT_DRAWING_GOLDEN,CALCULATION,HIGH,report
RP-089,G-RPT-0278,report.table.CH1-TBL-040,APPROVED_REPORT_DRAWING_GOLDEN,CALCULATION,HIGH,report
RP-090,G-RPT-0279,report.table.CH1-TBL-041,APPROVED_REPORT_DRAWING_GOLDEN,CALCULATION,HIGH,report
RP-091,G-RPT-0280,report.table.CH1-TBL-042,APPROVED_REPORT_DRAWING_GOLDEN,CALCULATION,HIGH,report
RP-092,G-RPT-0281,report.table.CH1-TBL-043,APPROVED_REPORT_DRAWING_GOLDEN,CALCULATION,HIGH,report
RP-093,G-RPT-0282,report.table.CH1-TBL-044,APPROVED_REPORT_DRAWING_GOLDEN,CALCULATION,HIGH,report
RP-094,G-RPT-0283,report.table.CH1-TBL-045,APPROVED_REPORT_DRAWING_GOLDEN,CALCULATION,HIGH,report
RP-095,G-RPT-0284,report.table.CH1-TBL-046,APPROVED_REPORT_DRAWING_GOLDEN,CALCULATION,HIGH,report
RP-096,G-RPT-0285,report.table.CH1-TBL-047,APPROVED_REPORT_DRAWING_GOLDEN,CALCULATION,HIGH,report
RP-097,G-RPT-0286,report.table.CH1-TBL-048,APPROVED_REPORT_DRAWING_GOLDEN,CALCULATION,HIGH,report
RP-098,G-RPT-0287,report.table.CH1-TBL-049,APPROVED_REPORT_DRAWING_GOLDEN,CALCULATION,HIGH,report
RP-099,G-RPT-0288,report.table.CH1-TBL-050,APPROVED_REPORT_DRAWING_GOLDEN,CALCULATION,HIGH,report
RP-100,G-RPT-0289,report.table.CH1-TBL-051,APPROVED_REPORT_DRAWING_GOLDEN,CALCULATION,HIGH,report
RP-101,G-RPT-0290,report.table.CH1-TBL-052,APPROVED_REPORT_DRAWING_GOLDEN,CALCULATION,HIGH,report
RP-102,G-RPT-0291,report.table.CH1-TBL-053,APPROVED_REPORT_DRAWING_GOLDEN,CALCULATION,HIGH,report
RP-103,G-RPT-0292,report.table.CH1-TBL-054,APPROVED_REPORT_DRAWING_GOLDEN,CALCULATION,HIGH,report
RP-104,G-RPT-0293,report.table.CH1-TBL-055,APPROVED_REPORT_DRAWING_GOLDEN,CALCULATION,HIGH,report
RP-105,G-RPT-0294,report.table.CH1-TBL-056,APPROVED_REPORT_DRAWING_GOLDEN,CALCULATION,HIGH,report
RP-106,G-RPT-0295,report.table.CH1-TBL-057,APPROVED_REPORT_DRAWING_GOLDEN,CALCULATION,HIGH,report
RP-107,G-RPT-0296,report.table.CH1-TBL-058,APPROVED_REPORT_DRAWING_GOLDEN,CALCULATION,HIGH,report
RP-108,G-RPT-0297,report.table.CH1-TBL-059,APPROVED_REPORT_DRAWING_GOLDEN,CALCULATION,HIGH,report
RP-109,G-RPT-0298,report.table.CH1-TBL-060,APPROVED_REPORT_DRAWING_GOLDEN,CALCULATION,HIGH,report
RP-110,G-RPT-0299,report.table.CH1-TBL-061,APPROVED_REPORT_DRAWING_GOLDEN,CALCULATION,HIGH,report
RP-111,G-RPT-0300,report.table.CH1-TBL-062,APPROVED_REPORT_DRAWING_GOLDEN,CALCULATION,HIGH,report
RP-112,G-RPT-0301,report.table.CH1-TBL-063,APPROVED_REPORT_DRAWING_GOLDEN,CALCULATION,HIGH,report
RP-113,G-RPT-0302,report.table.CH1-TBL-064,APPROVED_REPORT_DRAWING_GOLDEN,CALCULATION,HIGH,report
RP-114,G-RPT-0303,report.table.CH1-TBL-065,APPROVED_REPORT_DRAWING_GOLDEN,CALCULATION,HIGH,report
RP-115,G-RPT-0304,report.table.CH1-TBL-066,APPROVED_REPORT_DRAWING_GOLDEN,CALCULATION,HIGH,report
RP-116,G-RPT-0305,report.table.CH1-TBL-067,APPROVED_REPORT_DRAWING_GOLDEN,CALCULATION,HIGH,report
RP-117,G-RPT-0306,report.table.CH1-TBL-068,APPROVED_REPORT_DRAWING_GOLDEN,CALCULATION,HIGH,report
RP-118,G-RPT-0307,report.table.CH1-TBL-069,APPROVED_REPORT_DRAWING_GOLDEN,CALCULATION,HIGH,report
RP-119,G-RPT-0308,report.table.CH1-TBL-070,APPROVED_REPORT_DRAWING_GOLDEN,CALCULATION,HIGH,report
RP-120,G-RPT-0309,report.table.CH1-TBL-071,APPROVED_REPORT_DRAWING_GOLDEN,CALCULATION,HIGH,report
RP-121,G-RPT-0310,report.table.CH1-TBL-072,APPROVED_REPORT_DRAWING_GOLDEN,CALCULATION,HIGH,report
RP-122,G-RPT-0311,report.table.CH1-TBL-073,APPROVED_REPORT_DRAWING_GOLDEN,CALCULATION,HIGH,report
RP-123,G-RPT-0312,report.table.CH1-TBL-074,APPROVED_REPORT_DRAWING_GOLDEN,CALCULATION,HIGH,report
RP-124,G-RPT-0313,report.table.CH1-TBL-075,APPROVED_REPORT_DRAWING_GOLDEN,CALCULATION,HIGH,report
RP-125,G-RPT-0314,report.table.CH1-TBL-076,APPROVED_REPORT_DRAWING_GOLDEN,CALCULATION,HIGH,report
RP-126,G-RPT-0315,report.table.CH1-TBL-077,APPROVED_REPORT_DRAWING_GOLDEN,CALCULATION,HIGH,report
RP-127,G-RPT-0316,report.table.CH1-TBL-078,APPROVED_REPORT_DRAWING_GOLDEN,CALCULATION,HIGH,report
RP-128,G-RPT-0317,report.table.CH1-TBL-079,APPROVED_REPORT_DRAWING_GOLDEN,CALCULATION,HIGH,report
RP-129,G-RPT-0318,report.table.CH1-TBL-080,APPROVED_REPORT_DRAWING_GOLDEN,CALCULATION,HIGH,report
RP-130,G-RPT-0319,report.table.CH1-TBL-081,APPROVED_REPORT_DRAWING_GOLDEN,CALCULATION,HIGH,report
RP-131,G-RPT-0320,report.table.CH1-TBL-082,APPROVED_REPORT_DRAWING_GOLDEN,CALCULATION,HIGH,report
RP-132,G-RPT-0321,report.table.CH1-TBL-083,APPROVED_REPORT_DRAWING_GOLDEN,CALCULATION,HIGH,report
RP-200,G-RPT-0322,report.table.CH2-TBL-001,APPROVED_REPORT_DRAWING_GOLDEN,CALCULATION,HIGH,report
RP-201,G-RPT-0323,report.table.CH2-TBL-002,APPROVED_REPORT_DRAWING_GOLDEN,CALCULATION,HIGH,report
RP-202,G-RPT-0324,report.table.CH2-TBL-003,APPROVED_REPORT_DRAWING_GOLDEN,CALCULATION,HIGH,report
RP-203,G-RPT-0325,report.table.CH2-TBL-004,APPROVED_REPORT_DRAWING_GOLDEN,CALCULATION,HIGH,report
RP-204,G-RPT-0326,report.table.CH2-TBL-005,APPROVED_REPORT_DRAWING_GOLDEN,CALCULATION,HIGH,report
RP-205,G-RPT-0327,report.table.CH2-TBL-006,APPROVED_REPORT_DRAWING_GOLDEN,CALCULATION,HIGH,report
RP-206,G-RPT-0328,report.table.CH2-TBL-007,APPROVED_REPORT_DRAWING_GOLDEN,CALCULATION,HIGH,report
RP-207,G-RPT-0329,report.table.CH2-TBL-008,APPROVED_REPORT_DRAWING_GOLDEN,CALCULATION,HIGH,report
RP-208,G-RPT-0330,report.table.CH2-TBL-009,APPROVED_REPORT_DRAWING_GOLDEN,CALCULATION,HIGH,report
RP-209,G-RPT-0331,report.table.CH2-TBL-010,APPROVED_REPORT_DRAWING_GOLDEN,CALCULATION,HIGH,report
RP-210,G-RPT-0332,report.table.CH2-TBL-011,APPROVED_REPORT_DRAWING_GOLDEN,CALCULATION,HIGH,report
RP-211,G-RPT-0333,report.table.CH2-TBL-012,APPROVED_REPORT_DRAWING_GOLDEN,CALCULATION,HIGH,report
RP-212,G-RPT-0334,report.table.CH2-TBL-013,APPROVED_REPORT_DRAWING_GOLDEN,CALCULATION,HIGH,report
RP-213,G-RPT-0335,report.table.CH2-TBL-014,APPROVED_REPORT_DRAWING_GOLDEN,CALCULATION,HIGH,report
RP-214,G-RPT-0336,report.table.CH2-TBL-015,APPROVED_REPORT_DRAWING_GOLDEN,CALCULATION,HIGH,report
RP-215,G-RPT-0337,report.table.CH2-TBL-016,APPROVED_REPORT_DRAWING_GOLDEN,CALCULATION,HIGH,report
RP-216,G-RPT-0338,report.table.CH2-TBL-017,APPROVED_REPORT_DRAWING_GOLDEN,CALCULATION,HIGH,report
RP-217,G-RPT-0339,report.table.CH2-TBL-018,APPROVED_REPORT_DRAWING_GOLDEN,CALCULATION,HIGH,report
RP-218,G-RPT-0340,report.table.CH2-TBL-019,APPROVED_REPORT_DRAWING_GOLDEN,CALCULATION,HIGH,report
RP-219,G-RPT-0341,report.table.CH2-TBL-020,APPROVED_REPORT_DRAWING_GOLDEN,CALCULATION,HIGH,report
RP-220,G-RPT-0342,report.table.CH2-TBL-021,APPROVED_REPORT_DRAWING_GOLDEN,CALCULATION,HIGH,report
RP-221,G-RPT-0343,report.table.CH2-TBL-022,APPROVED_REPORT_DRAWING_GOLDEN,CALCULATION,HIGH,report
RP-222,G-RPT-0344,report.table.CH2-TBL-023,APPROVED_REPORT_DRAWING_GOLDEN,CALCULATION,HIGH,report
RP-223,G-RPT-0345,report.table.CH2-TBL-024,APPROVED_REPORT_DRAWING_GOLDEN,CALCULATION,HIGH,report
RP-224,G-RPT-0346,report.table.CH2-TBL-025,APPROVED_REPORT_DRAWING_GOLDEN,CALCULATION,HIGH,report
RP-225,G-RPT-0347,report.table.CH2-TBL-026,APPROVED_REPORT_DRAWING_GOLDEN,CALCULATION,HIGH,report
RP-226,G-RPT-0348,report.table.CH2-TBL-027,APPROVED_REPORT_DRAWING_GOLDEN,CALCULATION,HIGH,report
RP-227,G-RPT-0349,report.table.CH2-TBL-028,APPROVED_REPORT_DRAWING_GOLDEN,CALCULATION,HIGH,report
RP-228,G-RPT-0350,report.table.CH2-TBL-029,APPROVED_REPORT_DRAWING_GOLDEN,CALCULATION,HIGH,report
RP-229,G-RPT-0351,report.table.CH2-TBL-030,APPROVED_REPORT_DRAWING_GOLDEN,CALCULATION,HIGH,report
RP-230,G-RPT-0352,report.table.CH2-TBL-031,APPROVED_REPORT_DRAWING_GOLDEN,CALCULATION,HIGH,report
RP-231,G-RPT-0353,report.table.CH2-TBL-032,APPROVED_REPORT_DRAWING_GOLDEN,CALCULATION,HIGH,report
RP-232,G-RPT-0354,report.table.CH2-TBL-033,APPROVED_REPORT_DRAWING_GOLDEN,CALCULATION,HIGH,report
RP-233,G-RPT-0355,report.table.CH2-TBL-034,APPROVED_REPORT_DRAWING_GOLDEN,CALCULATION,HIGH,report
RP-400,G-RPT-0356,report.table.CAL-TBL-P00119-001,APPROVED_REPORT_DRAWING_GOLDEN,CALCULATION,HIGH,report
RP-401,G-RPT-0357,report.table.CAL-TBL-P00119-002,APPROVED_REPORT_DRAWING_GOLDEN,CALCULATION,HIGH,report
RP-402,G-RPT-0358,report.table.CAL-TBL-P00119-003,APPROVED_REPORT_DRAWING_GOLDEN,CALCULATION,HIGH,report
RP-403,G-RPT-0359,report.table.CAL-TBL-P00119-004,APPROVED_REPORT_DRAWING_GOLDEN,CALCULATION,HIGH,report
RP-404,G-RPT-0360,report.table.CAL-TBL-P00119-005,APPROVED_REPORT_DRAWING_GOLDEN,CALCULATION,HIGH,report
RP-405,G-RPT-0361,report.table.CAL-TBL-P00119-006,APPROVED_REPORT_DRAWING_GOLDEN,CALCULATION,HIGH,report
RP-406,G-RPT-0362,report.table.CAL-TBL-P00119-007,APPROVED_REPORT_DRAWING_GOLDEN,CALCULATION,HIGH,report
RP-407,G-RPT-0363,report.table.CAL-TBL-P00119-008,APPROVED_REPORT_DRAWING_GOLDEN,CALCULATION,HIGH,report
RP-408,G-RPT-0364,report.table.CAL-TBL-P00119-009,APPROVED_REPORT_DRAWING_GOLDEN,CALCULATION,HIGH,report
RP-409,G-RPT-0365,report.table.CAL-TBL-P00119-010,APPROVED_REPORT_DRAWING_GOLDEN,CALCULATION,HIGH,report
RP-410,G-RPT-0366,report.table.CAL-TBL-P00119-011,APPROVED_REPORT_DRAWING_GOLDEN,CALCULATION,HIGH,report
RP-411,G-RPT-0367,report.table.CAL-TBL-P00119-012,APPROVED_REPORT_DRAWING_GOLDEN,CALCULATION,HIGH,report
RP-412,G-RPT-0368,report.table.CAL-TBL-P00119-013,APPROVED_REPORT_DRAWING_GOLDEN,CALCULATION,HIGH,report
RP-413,G-RPT-0369,report.table.CAL-TBL-P00125-001,APPROVED_REPORT_DRAWING_GOLDEN,CALCULATION,HIGH,report
RP-414,G-RPT-0370,report.table.CAL-TBL-P00125-002,APPROVED_REPORT_DRAWING_GOLDEN,CALCULATION,HIGH,report
RP-415,G-RPT-0371,report.table.CAL-TBL-P00125-003,APPROVED_REPORT_DRAWING_GOLDEN,CALCULATION,HIGH,report
RP-416,G-RPT-0372,report.table.CAL-TBL-P00125-004,APPROVED_REPORT_DRAWING_GOLDEN,CALCULATION,HIGH,report
RP-417,G-RPT-0373,report.table.CAL-TBL-P00128-001,APPROVED_REPORT_DRAWING_GOLDEN,CALCULATION,HIGH,report
RP-418,G-RPT-0374,report.table.CAL-TBL-P00128-002,APPROVED_REPORT_DRAWING_GOLDEN,CALCULATION,HIGH,report
RP-419,G-RPT-0375,report.table.CAL-TBL-P00128-003,APPROVED_REPORT_DRAWING_GOLDEN,CALCULATION,HIGH,report
RP-420,G-RPT-0376,report.table.CAL-TBL-P00131-001,APPROVED_REPORT_DRAWING_GOLDEN,CALCULATION,HIGH,report
RP-421,G-RPT-0377,report.table.CAL-TBL-P00131-002,APPROVED_REPORT_DRAWING_GOLDEN,CALCULATION,HIGH,report
RP-422,G-RPT-0378,report.table.CAL-TBL-P00131-003,APPROVED_REPORT_DRAWING_GOLDEN,CALCULATION,HIGH,report
RP-423,G-RPT-0379,report.table.CAL-TBL-P00131-004,APPROVED_REPORT_DRAWING_GOLDEN,CALCULATION,HIGH,report
RP-424,G-RPT-0380,report.table.CAL-TBL-P00131-005,APPROVED_REPORT_DRAWING_GOLDEN,CALCULATION,HIGH,report
RP-425,G-RPT-0381,report.table.CAL-TBL-P00131-006,APPROVED_REPORT_DRAWING_GOLDEN,CALCULATION,HIGH,report
RP-426,G-RPT-0382,report.table.CAL-TBL-P00131-007,APPROVED_REPORT_DRAWING_GOLDEN,CALCULATION,HIGH,report
RP-427,G-RPT-0383,report.table.CAL-TBL-P00131-008,APPROVED_REPORT_DRAWING_GOLDEN,CALCULATION,HIGH,report
RP-428,G-RPT-0384,report.table.CAL-TBL-P00132-001,APPROVED_REPORT_DRAWING_GOLDEN,CALCULATION,HIGH,report
RP-429,G-RPT-0385,report.table.CAL-TBL-P00132-002,APPROVED_REPORT_DRAWING_GOLDEN,CALCULATION,HIGH,report
RP-430,G-RPT-0386,report.table.CAL-TBL-P00132-003,APPROVED_REPORT_DRAWING_GOLDEN,CALCULATION,HIGH,report
RP-431,G-RPT-0387,report.table.CAL-TBL-P00132-004,APPROVED_REPORT_DRAWING_GOLDEN,CALCULATION,HIGH,report
RP-432,G-RPT-0388,report.table.CAL-TBL-P00133-001,APPROVED_REPORT_DRAWING_GOLDEN,CALCULATION,HIGH,report
RP-433,G-RPT-0389,report.table.CAL-TBL-P00133-002,APPROVED_REPORT_DRAWING_GOLDEN,CALCULATION,HIGH,report
RP-434,G-RPT-0390,report.table.CAL-TBL-P00133-003,APPROVED_REPORT_DRAWING_GOLDEN,CALCULATION,HIGH,report
RP-435,G-RPT-0391,report.table.CAL-TBL-P00133-004,APPROVED_REPORT_DRAWING_GOLDEN,CALCULATION,HIGH,report
RP-436,G-RPT-0392,report.table.CAL-TBL-P00133-005,APPROVED_REPORT_DRAWING_GOLDEN,CALCULATION,HIGH,report
RP-437,G-RPT-0393,report.table.CAL-TBL-P00133-006,APPROVED_REPORT_DRAWING_GOLDEN,CALCULATION,HIGH,report
RP-438,G-RPT-0394,report.table.CAL-TBL-P00133-007,APPROVED_REPORT_DRAWING_GOLDEN,CALCULATION,HIGH,report
RP-439,G-RPT-0395,report.table.CAL-TBL-P00133-008,APPROVED_REPORT_DRAWING_GOLDEN,CALCULATION,HIGH,report
RP-440,G-RPT-0396,report.table.CAL-TBL-P00133-009,APPROVED_REPORT_DRAWING_GOLDEN,CALCULATION,HIGH,report
RP-441,G-RPT-0397,report.table.CAL-TBL-P00133-010,APPROVED_REPORT_DRAWING_GOLDEN,CALCULATION,HIGH,report
RP-442,G-RPT-0398,report.table.CAL-TBL-P00133-011,APPROVED_REPORT_DRAWING_GOLDEN,CALCULATION,HIGH,report
RP-443,G-RPT-0399,report.table.CAL-TBL-P00133-012,APPROVED_REPORT_DRAWING_GOLDEN,CALCULATION,HIGH,report
RP-444,G-RPT-0400,report.table.CAL-TBL-P00134-001,APPROVED_REPORT_DRAWING_GOLDEN,CALCULATION,HIGH,report
RP-445,G-RPT-0401,report.table.CAL-TBL-P00134-002,APPROVED_REPORT_DRAWING_GOLDEN,CALCULATION,HIGH,report
RP-446,G-RPT-0402,report.table.CAL-TBL-P00134-003,APPROVED_REPORT_DRAWING_GOLDEN,CALCULATION,HIGH,report
RP-447,G-RPT-0403,report.table.CAL-TBL-P00134-004,APPROVED_REPORT_DRAWING_GOLDEN,CALCULATION,HIGH,report
RP-448,G-RPT-0404,report.table.CAL-TBL-P00134-005,APPROVED_REPORT_DRAWING_GOLDEN,CALCULATION,HIGH,report
RP-449,G-RPT-0405,report.table.CAL-TBL-P00134-006,APPROVED_REPORT_DRAWING_GOLDEN,CALCULATION,HIGH,report
RP-450,G-RPT-0406,report.table.CAL-TBL-P00135-001,APPROVED_REPORT_DRAWING_GOLDEN,CALCULATION,HIGH,report
RP-451,G-RPT-0407,report.table.CAL-TBL-P00135-002,APPROVED_REPORT_DRAWING_GOLDEN,CALCULATION,HIGH,report
RP-452,G-RPT-0408,report.table.CAL-TBL-P00135-003,APPROVED_REPORT_DRAWING_GOLDEN,CALCULATION,HIGH,report
RP-453,G-RPT-0409,report.table.CAL-TBL-P00135-004,APPROVED_REPORT_DRAWING_GOLDEN,CALCULATION,HIGH,report
RP-454,G-RPT-0410,report.table.CAL-TBL-P00135-005,APPROVED_REPORT_DRAWING_GOLDEN,CALCULATION,HIGH,report
RP-455,G-RPT-0411,report.table.CAL-TBL-P00135-006,APPROVED_REPORT_DRAWING_GOLDEN,CALCULATION,HIGH,report
RP-456,G-RPT-0412,report.table.CAL-TBL-P00135-007,APPROVED_REPORT_DRAWING_GOLDEN,CALCULATION,HIGH,report
RP-457,G-RPT-0413,report.table.CAL-TBL-P00135-008,APPROVED_REPORT_DRAWING_GOLDEN,CALCULATION,HIGH,report
RP-458,G-RPT-0414,report.table.CAL-TBL-P00135-009,APPROVED_REPORT_DRAWING_GOLDEN,CALCULATION,HIGH,report
RP-459,G-RPT-0415,report.table.CAL-TBL-P00135-010,APPROVED_REPORT_DRAWING_GOLDEN,CALCULATION,HIGH,report
RP-460,G-RPT-0416,report.table.CAL-TBL-P00141-001,APPROVED_REPORT_DRAWING_GOLDEN,CALCULATION,HIGH,report
RP-461,G-RPT-0417,report.table.CAL-TBL-P00141-002,APPROVED_REPORT_DRAWING_GOLDEN,CALCULATION,HIGH,report
RP-462,G-RPT-0418,report.table.CAL-TBL-P00141-003,APPROVED_REPORT_DRAWING_GOLDEN,CALCULATION,HIGH,report
RP-463,G-RPT-0419,report.table.CAL-TBL-P00141-004,APPROVED_REPORT_DRAWING_GOLDEN,CALCULATION,HIGH,report
RP-464,G-RPT-0420,report.table.CAL-TBL-P00141-005,APPROVED_REPORT_DRAWING_GOLDEN,CALCULATION,HIGH,report
RP-465,G-RPT-0421,report.table.CAL-TBL-P00141-006,APPROVED_REPORT_DRAWING_GOLDEN,CALCULATION,HIGH,report
RP-466,G-RPT-0422,report.table.CAL-TBL-P00141-007,APPROVED_REPORT_DRAWING_GOLDEN,CALCULATION,HIGH,report
RP-467,G-RPT-0423,report.table.CAL-TBL-P00141-008,APPROVED_REPORT_DRAWING_GOLDEN,CALCULATION,HIGH,report
RP-468,G-RPT-0424,report.table.CAL-TBL-P00143-001,APPROVED_REPORT_DRAWING_GOLDEN,CALCULATION,HIGH,report
RP-469,G-RPT-0425,report.table.CAL-TBL-P00143-002,APPROVED_REPORT_DRAWING_GOLDEN,CALCULATION,HIGH,report
RP-470,G-RPT-0426,report.table.CAL-TBL-P00143-003,APPROVED_REPORT_DRAWING_GOLDEN,CALCULATION,HIGH,report
RP-471,G-RPT-0427,report.table.CAL-TBL-P00143-004,APPROVED_REPORT_DRAWING_GOLDEN,CALCULATION,HIGH,report
RP-472,G-RPT-0428,report.table.CAL-TBL-P00143-005,APPROVED_REPORT_DRAWING_GOLDEN,CALCULATION,HIGH,report
RP-473,G-RPT-0429,report.table.CAL-TBL-P00143-006,APPROVED_REPORT_DRAWING_GOLDEN,CALCULATION,HIGH,report
RP-474,G-RPT-0430,report.table.CAL-TBL-P00143-007,APPROVED_REPORT_DRAWING_GOLDEN,CALCULATION,HIGH,report
RP-475,G-RPT-0431,report.table.CAL-TBL-P00144-001,APPROVED_REPORT_DRAWING_GOLDEN,CALCULATION,HIGH,report
RP-476,G-RPT-0432,report.table.CAL-TBL-P00144-002,APPROVED_REPORT_DRAWING_GOLDEN,CALCULATION,HIGH,report
RP-477,G-RPT-0433,report.table.CAL-TBL-P00144-003,APPROVED_REPORT_DRAWING_GOLDEN,CALCULATION,HIGH,report
RP-478,G-RPT-0434,report.table.CAL-TBL-P00144-004,APPROVED_REPORT_DRAWING_GOLDEN,CALCULATION,HIGH,report
RP-479,G-RPT-0435,report.table.CAL-TBL-P00149-001,APPROVED_REPORT_DRAWING_GOLDEN,CALCULATION,HIGH,report
RP-480,G-RPT-0436,report.table.CAL-TBL-P00149-002,APPROVED_REPORT_DRAWING_GOLDEN,CALCULATION,HIGH,report
RP-481,G-RPT-0437,report.table.CAL-TBL-P00149-003,APPROVED_REPORT_DRAWING_GOLDEN,CALCULATION,HIGH,report
RP-482,G-RPT-0438,report.table.CAL-TBL-P00149-004,APPROVED_REPORT_DRAWING_GOLDEN,CALCULATION,HIGH,report
RP-483,G-RPT-0439,report.table.CAL-TBL-P00222-001,APPROVED_REPORT_DRAWING_GOLDEN,CALCULATION,HIGH,report
RP-484,G-RPT-0440,report.table.CAL-TBL-P00222-002,APPROVED_REPORT_DRAWING_GOLDEN,CALCULATION,HIGH,report
RP-485,G-RPT-0441,report.table.CAL-TBL-P00222-003,APPROVED_REPORT_DRAWING_GOLDEN,CALCULATION,HIGH,report
RP-486,G-RPT-0442,report.table.CAL-TBL-P00222-004,APPROVED_REPORT_DRAWING_GOLDEN,CALCULATION,HIGH,report
RP-487,G-RPT-0443,report.table.CAL-TBL-P00222-005,APPROVED_REPORT_DRAWING_GOLDEN,CALCULATION,HIGH,report
RP-488,G-RPT-0444,report.table.CAL-TBL-P00222-006,APPROVED_REPORT_DRAWING_GOLDEN,CALCULATION,HIGH,report
RP-489,G-RPT-0445,report.table.CAL-TBL-P00222-007,APPROVED_REPORT_DRAWING_GOLDEN,CALCULATION,HIGH,report
RP-490,G-RPT-0446,report.table.CAL-TBL-P00222-008,APPROVED_REPORT_DRAWING_GOLDEN,CALCULATION,HIGH,report
RP-491,G-RPT-0447,report.table.CAL-TBL-P00222-009,APPROVED_REPORT_DRAWING_GOLDEN,CALCULATION,HIGH,report
RP-492,G-RPT-0448,report.table.CAL-TBL-P00222-010,APPROVED_REPORT_DRAWING_GOLDEN,CALCULATION,HIGH,report
RP-493,G-RPT-0449,report.table.CAL-TBL-P00222-011,APPROVED_REPORT_DRAWING_GOLDEN,CALCULATION,HIGH,report
RP-494,G-RPT-0450,report.table.CAL-TBL-P00222-012,APPROVED_REPORT_DRAWING_GOLDEN,CALCULATION,HIGH,report
RP-495,G-RPT-0451,report.table.CAL-TBL-P00222-013,APPROVED_REPORT_DRAWING_GOLDEN,CALCULATION,HIGH,report
RP-496,G-RPT-0452,report.table.CAL-TBL-P00222-014,APPROVED_REPORT_DRAWING_GOLDEN,CALCULATION,HIGH,report
RP-497,G-RPT-0453,report.table.CAL-TBL-P00222-015,APPROVED_REPORT_DRAWING_GOLDEN,CALCULATION,HIGH,report
RP-498,G-RPT-0454,report.table.CAL-TBL-P00222-016,APPROVED_REPORT_DRAWING_GOLDEN,CALCULATION,HIGH,report
RP-499,G-RPT-0455,report.table.CAL-TBL-P00223-001,APPROVED_REPORT_DRAWING_GOLDEN,CALCULATION,HIGH,report
RP-500,G-RPT-0456,report.table.CAL-TBL-P00223-002,APPROVED_REPORT_DRAWING_GOLDEN,CALCULATION,HIGH,report
RP-501,G-RPT-0457,report.table.CAL-TBL-P00223-003,APPROVED_REPORT_DRAWING_GOLDEN,CALCULATION,HIGH,report
RP-502,G-RPT-0458,report.table.CAL-TBL-P00223-004,APPROVED_REPORT_DRAWING_GOLDEN,CALCULATION,HIGH,report
RP-503,G-RPT-0459,report.table.CAL-TBL-P00223-005,APPROVED_REPORT_DRAWING_GOLDEN,CALCULATION,HIGH,report
RP-504,G-RPT-0460,report.table.CAL-TBL-P00223-006,APPROVED_REPORT_DRAWING_GOLDEN,CALCULATION,HIGH,report
RP-505,G-RPT-0461,report.table.CAL-TBL-P00223-007,APPROVED_REPORT_DRAWING_GOLDEN,CALCULATION,HIGH,report
RP-506,G-RPT-0462,report.table.CAL-TBL-P00223-008,APPROVED_REPORT_DRAWING_GOLDEN,CALCULATION,HIGH,report
RP-507,G-RPT-0463,report.table.CAL-TBL-P00223-009,APPROVED_REPORT_DRAWING_GOLDEN,CALCULATION,HIGH,report
RP-508,G-RPT-0464,report.table.CAL-TBL-P00223-010,APPROVED_REPORT_DRAWING_GOLDEN,CALCULATION,HIGH,report
RP-658,G-RPT-0465,report.table.SRC-calculation_chapter_03_section_3_2_tables-001,APPROVED_REPORT_DRAWING_GOLDEN,CALCULATION,HIGH,report
RP-659,G-RPT-0466,report.table.SRC-calculation_chapter_03_section_3_2_tables-002,APPROVED_REPORT_DRAWING_GOLDEN,CALCULATION,HIGH,report
RP-660,G-RPT-0467,report.table.SRC-calculation_chapter_03_section_3_2_tables-003,APPROVED_REPORT_DRAWING_GOLDEN,CALCULATION,HIGH,report
RP-661,G-RPT-0468,report.table.SRC-calculation_chapter_03_section_3_2_tables-004,APPROVED_REPORT_DRAWING_GOLDEN,CALCULATION,HIGH,report
RP-662,G-RPT-0469,report.table.SRC-calculation_chapter_03_section_3_2_tables-005,APPROVED_REPORT_DRAWING_GOLDEN,CALCULATION,HIGH,report
RP-663,G-RPT-0470,report.table.SRC-calculation_chapter_03_section_3_2_tables-006,APPROVED_REPORT_DRAWING_GOLDEN,CALCULATION,HIGH,report
RP-664,G-RPT-0471,report.table.SRC-calculation_chapter_03_section_3_2_tables-007,APPROVED_REPORT_DRAWING_GOLDEN,CALCULATION,HIGH,report
RP-665,G-RPT-0472,report.table.SRC-calculation_chapter_03_section_3_2_tables-008,APPROVED_REPORT_DRAWING_GOLDEN,CALCULATION,HIGH,report
RP-666,G-RPT-0473,report.table.SRC-calculation_chapter_03_section_3_2_tables-009,APPROVED_REPORT_DRAWING_GOLDEN,CALCULATION,HIGH,report
RP-667,G-RPT-0474,report.table.SRC-calculation_chapter_03_section_3_2_tables-010,APPROVED_REPORT_DRAWING_GOLDEN,CALCULATION,HIGH,report
RP-668,G-RPT-0475,report.table.SRC-calculation_chapter_03_section_3_2_tables-011,APPROVED_REPORT_DRAWING_GOLDEN,CALCULATION,HIGH,report
RP-669,G-RPT-0476,report.table.SRC-calculation_chapter_03_section_3_2_tables-012,APPROVED_REPORT_DRAWING_GOLDEN,CALCULATION,HIGH,report
RP-670,G-RPT-0477,report.table.SRC-calculation_chapter_03_section_3_2_tables-013,APPROVED_REPORT_DRAWING_GOLDEN,CALCULATION,HIGH,report
RP-671,G-RPT-0478,report.table.SRC-calculation_chapter_03_section_3_2_tables-014,APPROVED_REPORT_DRAWING_GOLDEN,CALCULATION,HIGH,report
RP-672,G-RPT-0479,report.table.SRC-calculation_chapter_03_section_3_2_tables-015,APPROVED_REPORT_DRAWING_GOLDEN,CALCULATION,HIGH,report
RP-673,G-RPT-0480,report.table.SRC-calculation_chapter_03_section_3_2_tables-016,APPROVED_REPORT_DRAWING_GOLDEN,CALCULATION,HIGH,report
RP-674,G-RPT-0481,report.table.SRC-calculation_chapter_03_section_3_2_tables-017,APPROVED_REPORT_DRAWING_GOLDEN,CALCULATION,HIGH,report
RP-675,G-RPT-0482,report.table.SRC-calculation_chapter_03_section_3_2_tables-018,APPROVED_REPORT_DRAWING_GOLDEN,CALCULATION,HIGH,report
RP-676,G-RPT-0483,report.table.SRC-calculation_chapter_03_section_3_2_tables-019,APPROVED_REPORT_DRAWING_GOLDEN,CALCULATION,HIGH,report
RP-677,G-RPT-0484,report.table.SRC-calculation_chapter_03_section_3_2_tables-020,APPROVED_REPORT_DRAWING_GOLDEN,CALCULATION,HIGH,report
RP-678,G-RPT-0485,report.table.SRC-calculation_chapter_03_section_3_2_tables-021,APPROVED_REPORT_DRAWING_GOLDEN,CALCULATION,HIGH,report
RP-679,G-RPT-0486,report.table.SRC-calculation_chapter_03_section_3_2_tables-022,APPROVED_REPORT_DRAWING_GOLDEN,CALCULATION,HIGH,report
RP-680,G-RPT-0487,report.table.SRC-calculation_chapter_03_section_3_2_tables-023,APPROVED_REPORT_DRAWING_GOLDEN,CALCULATION,HIGH,report
RP-681,G-RPT-0488,report.table.SRC-calculation_chapter_03_section_3_2_tables-024,APPROVED_REPORT_DRAWING_GOLDEN,CALCULATION,HIGH,report
RP-682,G-RPT-0489,report.table.SRC-calculation_chapter_03_section_3_2_tables-025,APPROVED_REPORT_DRAWING_GOLDEN,CALCULATION,HIGH,report
RP-683,G-RPT-0490,report.table.SRC-calculation_chapter_03_section_3_2_tables-026,APPROVED_REPORT_DRAWING_GOLDEN,CALCULATION,HIGH,report
RP-684,G-RPT-0491,report.table.SRC-calculation_chapter_03_section_3_2_tables-027,APPROVED_REPORT_DRAWING_GOLDEN,CALCULATION,HIGH,report
RP-685,G-RPT-0492,report.table.SRC-calculation_chapter_03_section_3_2_tables-028,APPROVED_REPORT_DRAWING_GOLDEN,CALCULATION,HIGH,report
RP-686,G-RPT-0493,report.table.SRC-calculation_chapter_03_section_3_2_tables-029,APPROVED_REPORT_DRAWING_GOLDEN,CALCULATION,HIGH,report
RP-687,G-RPT-0494,report.table.SRC-calculation_chapter_03_section_3_2_tables-030,APPROVED_REPORT_DRAWING_GOLDEN,CALCULATION,HIGH,report
RP-688,G-RPT-0495,report.table.SRC-calculation_chapter_03_section_3_2_tables-031,APPROVED_REPORT_DRAWING_GOLDEN,CALCULATION,HIGH,report
RP-689,G-RPT-0496,report.table.SRC-calculation_chapter_03_section_3_2_tables-032,APPROVED_REPORT_DRAWING_GOLDEN,CALCULATION,HIGH,report
RP-690,G-RPT-0497,report.table.SRC-calculation_chapter_03_section_3_2_tables-033,APPROVED_REPORT_DRAWING_GOLDEN,CALCULATION,HIGH,report
RP-691,G-RPT-0498,report.table.SRC-calculation_chapter_03_section_3_2_tables-034,APPROVED_REPORT_DRAWING_GOLDEN,CALCULATION,HIGH,report
RP-692,G-RPT-0499,report.table.SRC-calculation_chapter_03_section_3_2_tables-035,APPROVED_REPORT_DRAWING_GOLDEN,CALCULATION,HIGH,report
RP-693,G-RPT-0500,report.table.SRC-calculation_chapter_03_section_3_2_tables-036,APPROVED_REPORT_DRAWING_GOLDEN,CALCULATION,HIGH,report
RP-694,G-RPT-0501,report.table.SRC-calculation_chapter_03_section_3_2_tables-037,APPROVED_REPORT_DRAWING_GOLDEN,CALCULATION,HIGH,report
RP-695,G-RPT-0502,report.table.SRC-calculation_chapter_03_section_3_2_tables-038,APPROVED_REPORT_DRAWING_GOLDEN,CALCULATION,HIGH,report
RP-696,G-RPT-0503,report.table.SRC-calculation_chapter_03_section_3_2_tables-039,APPROVED_REPORT_DRAWING_GOLDEN,CALCULATION,HIGH,report
RP-697,G-RPT-0504,report.table.SRC-calculation_chapter_03_section_3_2_tables-040,APPROVED_REPORT_DRAWING_GOLDEN,CALCULATION,HIGH,report
RP-698,G-RPT-0505,report.table.SRC-calculation_chapter_03_section_3_2_tables-041,APPROVED_REPORT_DRAWING_GOLDEN,CALCULATION,HIGH,report
RP-699,G-RPT-0506,report.table.SRC-calculation_chapter_03_section_3_2_tables-042,APPROVED_REPORT_DRAWING_GOLDEN,CALCULATION,HIGH,report
RP-700,G-RPT-0507,report.table.SRC-calculation_chapter_03_section_3_2_tables-043,APPROVED_REPORT_DRAWING_GOLDEN,CALCULATION,HIGH,report
RP-701,G-RPT-0508,report.table.SRC-calculation_chapter_03_section_3_2_tables-044,APPROVED_REPORT_DRAWING_GOLDEN,CALCULATION,HIGH,report
RP-702,G-RPT-0509,report.table.SRC-calculation_chapter_03_section_3_2_tables-045,APPROVED_REPORT_DRAWING_GOLDEN,CALCULATION,HIGH,report
RP-703,G-RPT-0510,report.table.SRC-calculation_chapter_03_section_3_2_tables-046,APPROVED_REPORT_DRAWING_GOLDEN,CALCULATION,HIGH,report
RP-704,G-RPT-0511,report.table.SRC-calculation_chapter_03_section_3_2_tables-047,APPROVED_REPORT_DRAWING_GOLDEN,CALCULATION,HIGH,report
RP-705,G-RPT-0512,report.table.SRC-calculation_chapter_03_section_3_2_tables-048,APPROVED_REPORT_DRAWING_GOLDEN,CALCULATION,HIGH,report
RP-706,G-RPT-0513,report.table.SRC-calculation_chapter_03_section_3_2_tables-049,APPROVED_REPORT_DRAWING_GOLDEN,CALCULATION,HIGH,report
RP-778,G-RPT-0514,report.table.CAL-TBL-P00685-001,APPROVED_REPORT_DRAWING_GOLDEN,CALCULATION,HIGH,report
RP-779,G-RPT-0515,report.table.CAL-TBL-P00685-002,APPROVED_REPORT_DRAWING_GOLDEN,CALCULATION,HIGH,report
RP-780,G-RPT-0516,report.table.CAL-TBL-P00685-003,APPROVED_REPORT_DRAWING_GOLDEN,CALCULATION,HIGH,report
RP-781,G-RPT-0517,report.table.CAL-TBL-P00685-004,APPROVED_REPORT_DRAWING_GOLDEN,CALCULATION,HIGH,report
RP-782,G-RPT-0518,report.table.CAL-TBL-P00685-005,APPROVED_REPORT_DRAWING_GOLDEN,CALCULATION,HIGH,report
RP-783,G-RPT-0519,report.table.CAL-TBL-P00686-001,APPROVED_REPORT_DRAWING_GOLDEN,CALCULATION,HIGH,report
RP-784,G-RPT-0520,report.table.CAL-TBL-P00686-002,APPROVED_REPORT_DRAWING_GOLDEN,CALCULATION,HIGH,report
RP-785,G-RPT-0521,report.table.CAL-TBL-P00686-003,APPROVED_REPORT_DRAWING_GOLDEN,CALCULATION,HIGH,report
RP-786,G-RPT-0522,report.table.CAL-TBL-P00686-004,APPROVED_REPORT_DRAWING_GOLDEN,CALCULATION,HIGH,report
RP-787,G-RPT-0523,report.table.CAL-TBL-P00686-005,APPROVED_REPORT_DRAWING_GOLDEN,CALCULATION,HIGH,report
RP-836,G-RPT-0524,report.table.CAL-TBL-P00767-001,APPROVED_REPORT_DRAWING_GOLDEN,CALCULATION,HIGH,report
RP-837,G-RPT-0525,report.table.CAL-TBL-P00767-002,APPROVED_REPORT_DRAWING_GOLDEN,CALCULATION,HIGH,report
RP-838,G-RPT-0526,report.table.CAL-TBL-P00767-003,APPROVED_REPORT_DRAWING_GOLDEN,CALCULATION,HIGH,report
RP-839,G-RPT-0527,report.table.CAL-TBL-P00767-004,APPROVED_REPORT_DRAWING_GOLDEN,CALCULATION,HIGH,report
RP-840,G-RPT-0528,report.table.CAL-TBL-P00767-005,APPROVED_REPORT_DRAWING_GOLDEN,CALCULATION,HIGH,report
RP-841,G-RPT-0529,report.table.CAL-TBL-P00767-006,APPROVED_REPORT_DRAWING_GOLDEN,CALCULATION,HIGH,report
RP-842,G-RPT-0530,report.table.CAL-TBL-P00767-007,APPROVED_REPORT_DRAWING_GOLDEN,CALCULATION,HIGH,report
RP-843,G-RPT-0531,report.table.CAL-TBL-P00767-008,APPROVED_REPORT_DRAWING_GOLDEN,CALCULATION,HIGH,report
RP-844,G-RPT-0532,report.table.CAL-TBL-P00767-009,APPROVED_REPORT_DRAWING_GOLDEN,CALCULATION,HIGH,report
RP-845,G-RPT-0533,report.table.CAL-TBL-P00769-001,APPROVED_REPORT_DRAWING_GOLDEN,CALCULATION,HIGH,report
RP-846,G-RPT-0534,report.table.CAL-TBL-P00769-002,APPROVED_REPORT_DRAWING_GOLDEN,CALCULATION,HIGH,report
RP-847,G-RPT-0535,report.table.CAL-TBL-P00770-001,APPROVED_REPORT_DRAWING_GOLDEN,CALCULATION,HIGH,report
RP-848,G-RPT-0536,report.table.CAL-TBL-P00770-002,APPROVED_REPORT_DRAWING_GOLDEN,CALCULATION,HIGH,report
RP-849,G-RPT-0537,report.table.CAL-TBL-P00770-003,APPROVED_REPORT_DRAWING_GOLDEN,CALCULATION,HIGH,report
RP-850,G-RPT-0538,report.table.CAL-TBL-P00770-004,APPROVED_REPORT_DRAWING_GOLDEN,CALCULATION,HIGH,report
RP-851,G-RPT-0539,report.table.CAL-TBL-P00771-001,APPROVED_REPORT_DRAWING_GOLDEN,CALCULATION,HIGH,report
RP-852,G-RPT-0540,report.table.CAL-TBL-P00771-002,APPROVED_REPORT_DRAWING_GOLDEN,CALCULATION,HIGH,report
RP-853,G-RPT-0541,report.table.CAL-TBL-P00772-001,APPROVED_REPORT_DRAWING_GOLDEN,CALCULATION,HIGH,report
RP-854,G-RPT-0542,report.table.CAL-TBL-P00772-002,APPROVED_REPORT_DRAWING_GOLDEN,CALCULATION,HIGH,report
RP-893,G-RPT-0543,report.table.CAL-TBL-P00790-001,APPROVED_REPORT_DRAWING_GOLDEN,CALCULATION,HIGH,report
RP-894,G-RPT-0544,report.table.CAL-TBL-P00790-002,APPROVED_REPORT_DRAWING_GOLDEN,CALCULATION,HIGH,report
RP-895,G-RPT-0545,report.table.CAL-TBL-P00790-003,APPROVED_REPORT_DRAWING_GOLDEN,CALCULATION,HIGH,report
RP-896,G-RPT-0546,report.table.CAL-TBL-P00790-004,APPROVED_REPORT_DRAWING_GOLDEN,CALCULATION,HIGH,report
RP-897,G-RPT-0547,report.table.CAL-TBL-P00791-001,APPROVED_REPORT_DRAWING_GOLDEN,CALCULATION,HIGH,report
RP-898,G-RPT-0548,report.table.CAL-TBL-P00791-002,APPROVED_REPORT_DRAWING_GOLDEN,CALCULATION,HIGH,report
RP-899,G-RPT-0549,report.table.CAL-TBL-P00792-001,APPROVED_REPORT_DRAWING_GOLDEN,CALCULATION,HIGH,report
RP-900,G-RPT-0550,report.table.CAL-TBL-P00792-002,APPROVED_REPORT_DRAWING_GOLDEN,CALCULATION,HIGH,report
RP-901,G-RPT-0551,report.table.CAL-TBL-P00792-003,APPROVED_REPORT_DRAWING_GOLDEN,CALCULATION,HIGH,report
RP-949,G-RPT-0552,report.table.CAL-TBL-P00819-001,APPROVED_REPORT_DRAWING_GOLDEN,CALCULATION,HIGH,report
RP-950,G-RPT-0553,report.table.CAL-TBL-P00819-002,APPROVED_REPORT_DRAWING_GOLDEN,CALCULATION,HIGH,report
RP-951,G-RPT-0554,report.table.CAL-TBL-P00819-003,APPROVED_REPORT_DRAWING_GOLDEN,CALCULATION,HIGH,report
RP-952,G-RPT-0555,report.table.CAL-TBL-P00820-001,APPROVED_REPORT_DRAWING_GOLDEN,CALCULATION,HIGH,report
RP-953,G-RPT-0556,report.table.CAL-TBL-P00820-002,APPROVED_REPORT_DRAWING_GOLDEN,CALCULATION,HIGH,report
RP-954,G-RPT-0557,report.table.CAL-TBL-P00820-003,APPROVED_REPORT_DRAWING_GOLDEN,CALCULATION,HIGH,report
RP-955,G-RPT-0558,report.table.CAL-TBL-P00821-001,APPROVED_REPORT_DRAWING_GOLDEN,CALCULATION,HIGH,report
RP-956,G-RPT-0559,report.table.CAL-TBL-P00821-002,APPROVED_REPORT_DRAWING_GOLDEN,CALCULATION,HIGH,report
RP-957,G-RPT-0560,report.table.CAL-TBL-P00821-003,APPROVED_REPORT_DRAWING_GOLDEN,CALCULATION,HIGH,report
RP-999,G-RPT-0561,report.table.CAL-TBL-P00845-001,APPROVED_REPORT_DRAWING_GOLDEN,CALCULATION,HIGH,report
RP-1000,G-RPT-0562,report.table.CAL-TBL-P00845-002,APPROVED_REPORT_DRAWING_GOLDEN,CALCULATION,HIGH,report
RP-1001,G-RPT-0563,report.table.CAL-TBL-P00845-003,APPROVED_REPORT_DRAWING_GOLDEN,CALCULATION,HIGH,report
RP-1002,G-RPT-0564,report.table.CAL-TBL-P00850-001,APPROVED_REPORT_DRAWING_GOLDEN,CALCULATION,HIGH,report
RP-1003,G-RPT-0565,report.table.CAL-TBL-P00850-002,APPROVED_REPORT_DRAWING_GOLDEN,CALCULATION,HIGH,report
RP-1004,G-RPT-0566,report.table.CAL-TBL-P00850-003,APPROVED_REPORT_DRAWING_GOLDEN,CALCULATION,HIGH,report
RP-1005,G-RPT-0567,report.table.CAL-TBL-P00851-001,APPROVED_REPORT_DRAWING_GOLDEN,CALCULATION,HIGH,report
RP-1006,G-RPT-0568,report.table.CAL-TBL-P00851-002,APPROVED_REPORT_DRAWING_GOLDEN,CALCULATION,HIGH,report
RP-1007,G-RPT-0569,report.table.CAL-TBL-P00851-003,APPROVED_REPORT_DRAWING_GOLDEN,CALCULATION,HIGH,report
RP-1008,G-RPT-0570,report.table.CAL-TBL-P00852-001,APPROVED_REPORT_DRAWING_GOLDEN,CALCULATION,HIGH,report
RP-1009,G-RPT-0571,report.table.CAL-TBL-P00852-002,APPROVED_REPORT_DRAWING_GOLDEN,CALCULATION,HIGH,report
RP-1010,G-RPT-0572,report.table.CAL-TBL-P00852-003,APPROVED_REPORT_DRAWING_GOLDEN,CALCULATION,HIGH,report
RP-1011,G-RPT-0573,report.table.CAL-TBL-P00853-001,APPROVED_REPORT_DRAWING_GOLDEN,CALCULATION,HIGH,report
RP-1012,G-RPT-0574,report.table.CAL-TBL-P00853-002,APPROVED_REPORT_DRAWING_GOLDEN,CALCULATION,HIGH,report
RP-1013,G-RPT-0575,report.table.CAL-TBL-P00854-001,APPROVED_REPORT_DRAWING_GOLDEN,CALCULATION,HIGH,report
RP-1014,G-RPT-0576,report.table.CAL-TBL-P00854-002,APPROVED_REPORT_DRAWING_GOLDEN,CALCULATION,HIGH,report
RP-1112,G-RPT-0577,report.table.CAL-TBL-P00876-001,APPROVED_REPORT_DRAWING_GOLDEN,CALCULATION,HIGH,report
RP-1113,G-RPT-0578,report.table.CAL-TBL-P00876-002,APPROVED_REPORT_DRAWING_GOLDEN,CALCULATION,HIGH,report
RP-1114,G-RPT-0579,report.table.CAL-TBL-P00876-003,APPROVED_REPORT_DRAWING_GOLDEN,CALCULATION,HIGH,report
RP-1115,G-RPT-0580,report.table.CAL-TBL-P00876-004,APPROVED_REPORT_DRAWING_GOLDEN,CALCULATION,HIGH,report
RP-1116,G-RPT-0581,report.table.CAL-TBL-P00876-005,APPROVED_REPORT_DRAWING_GOLDEN,CALCULATION,HIGH,report
RP-1117,G-RPT-0582,report.table.CAL-TBL-P00876-006,APPROVED_REPORT_DRAWING_GOLDEN,CALCULATION,HIGH,report
RP-1118,G-RPT-0583,report.table.CAL-TBL-P00882-001,APPROVED_REPORT_DRAWING_GOLDEN,CALCULATION,HIGH,report
RP-1119,G-RPT-0584,report.table.CAL-TBL-P00882-002,APPROVED_REPORT_DRAWING_GOLDEN,CALCULATION,HIGH,report
RP-1120,G-RPT-0585,report.table.CAL-TBL-P00882-003,APPROVED_REPORT_DRAWING_GOLDEN,CALCULATION,HIGH,report
RP-1121,G-RPT-0586,report.table.CAL-TBL-P00882-004,APPROVED_REPORT_DRAWING_GOLDEN,CALCULATION,HIGH,report
RP-1122,G-RPT-0587,report.table.CAL-TBL-P00882-005,APPROVED_REPORT_DRAWING_GOLDEN,CALCULATION,HIGH,report
RP-1123,G-RPT-0588,report.table.CAL-TBL-P00882-006,APPROVED_REPORT_DRAWING_GOLDEN,CALCULATION,HIGH,report
RP-1124,G-RPT-0589,report.table.CAL-TBL-P00882-007,APPROVED_REPORT_DRAWING_GOLDEN,CALCULATION,HIGH,report
RP-1125,G-RPT-0590,report.table.CAL-TBL-P00882-008,APPROVED_REPORT_DRAWING_GOLDEN,CALCULATION,HIGH,report
RP-1126,G-RPT-0591,report.table.CAL-TBL-P00893-001,APPROVED_REPORT_DRAWING_GOLDEN,CALCULATION,HIGH,report
RP-1127,G-RPT-0592,report.table.CAL-TBL-P00893-002,APPROVED_REPORT_DRAWING_GOLDEN,CALCULATION,HIGH,report
RP-1128,G-RPT-0593,report.table.CAL-TBL-P00893-003,APPROVED_REPORT_DRAWING_GOLDEN,CALCULATION,HIGH,report
RP-1129,G-RPT-0594,report.table.CAL-TBL-P00893-004,APPROVED_REPORT_DRAWING_GOLDEN,CALCULATION,HIGH,report
RP-1130,G-RPT-0595,report.table.CAL-TBL-P00893-005,APPROVED_REPORT_DRAWING_GOLDEN,CALCULATION,HIGH,report
RP-1131,G-RPT-0596,report.table.CAL-TBL-P00893-006,APPROVED_REPORT_DRAWING_GOLDEN,CALCULATION,HIGH,report
RP-1132,G-RPT-0597,report.table.CAL-TBL-P00893-007,APPROVED_REPORT_DRAWING_GOLDEN,CALCULATION,HIGH,report
RP-1133,G-RPT-0598,report.table.CAL-TBL-P00901-001,APPROVED_REPORT_DRAWING_GOLDEN,CALCULATION,HIGH,report
RP-1134,G-RPT-0599,report.table.CAL-TBL-P00901-002,APPROVED_REPORT_DRAWING_GOLDEN,CALCULATION,HIGH,report
RP-1264,G-RPT-0600,report.table.CAL-TBL-P01299-001,APPROVED_REPORT_DRAWING_GOLDEN,CALCULATION,HIGH,report
RP-1265,G-RPT-0601,report.table.CAL-TBL-P01299-002,APPROVED_REPORT_DRAWING_GOLDEN,CALCULATION,HIGH,report
RP-1266,G-RPT-0602,report.table.CAL-TBL-P01299-003,APPROVED_REPORT_DRAWING_GOLDEN,CALCULATION,HIGH,report
RP-1267,G-RPT-0603,report.table.CAL-TBL-P01299-004,APPROVED_REPORT_DRAWING_GOLDEN,CALCULATION,HIGH,report
RP-1268,G-RPT-0604,report.table.CAL-TBL-P01299-005,APPROVED_REPORT_DRAWING_GOLDEN,CALCULATION,HIGH,report
RP-1269,G-RPT-0605,report.table.CAL-TBL-P01299-006,APPROVED_REPORT_DRAWING_GOLDEN,CALCULATION,HIGH,report
RP-1270,G-RPT-0606,report.table.CAL-TBL-P01299-007,APPROVED_REPORT_DRAWING_GOLDEN,CALCULATION,HIGH,report
RP-1271,G-RPT-0607,report.table.CAL-TBL-P01299-008,APPROVED_REPORT_DRAWING_GOLDEN,CALCULATION,HIGH,report
RP-1272,G-RPT-0608,report.table.CAL-TBL-P01299-009,APPROVED_REPORT_DRAWING_GOLDEN,CALCULATION,HIGH,report
RP-1273,G-RPT-0609,report.table.CAL-TBL-P01299-010,APPROVED_REPORT_DRAWING_GOLDEN,CALCULATION,HIGH,report
RP-1274,G-RPT-0610,report.table.CAL-TBL-P01299-011,APPROVED_REPORT_DRAWING_GOLDEN,CALCULATION,HIGH,report
RP-1275,G-RPT-0611,report.table.CAL-TBL-P01299-012,APPROVED_REPORT_DRAWING_GOLDEN,CALCULATION,HIGH,report
RP-1276,G-RPT-0612,report.table.CAL-TBL-P01299-013,APPROVED_REPORT_DRAWING_GOLDEN,CALCULATION,HIGH,report
RP-1277,G-RPT-0613,report.table.CAL-TBL-P01299-014,APPROVED_REPORT_DRAWING_GOLDEN,CALCULATION,HIGH,report
RP-1278,G-RPT-0614,report.table.CAL-TBL-P01299-015,APPROVED_REPORT_DRAWING_GOLDEN,CALCULATION,HIGH,report
RP-1279,G-RPT-0615,report.table.CAL-TBL-P01299-016,APPROVED_REPORT_DRAWING_GOLDEN,CALCULATION,HIGH,report
RP-1280,G-RPT-0616,report.table.CAL-TBL-P01299-017,APPROVED_REPORT_DRAWING_GOLDEN,CALCULATION,HIGH,report
RP-1281,G-RPT-0617,report.table.CAL-TBL-P01299-018,APPROVED_REPORT_DRAWING_GOLDEN,CALCULATION,HIGH,report
RP-1282,G-RPT-0618,report.table.CAL-TBL-P01299-019,APPROVED_REPORT_DRAWING_GOLDEN,CALCULATION,HIGH,report
RP-1283,G-RPT-0619,report.table.CAL-TBL-P01299-020,APPROVED_REPORT_DRAWING_GOLDEN,CALCULATION,HIGH,report
RP-1284,G-RPT-0620,report.table.CAL-TBL-P01299-021,APPROVED_REPORT_DRAWING_GOLDEN,CALCULATION,HIGH,report
RP-1285,G-RPT-0621,report.table.CAL-TBL-P01319-001,APPROVED_REPORT_DRAWING_GOLDEN,CALCULATION,HIGH,report
RP-1286,G-RPT-0622,report.table.CAL-TBL-P01319-002,APPROVED_REPORT_DRAWING_GOLDEN,CALCULATION,HIGH,report
RP-1287,G-RPT-0623,report.table.CAL-TBL-P01319-003,APPROVED_REPORT_DRAWING_GOLDEN,CALCULATION,HIGH,report
RP-1288,G-RPT-0624,report.table.CAL-TBL-P01319-004,APPROVED_REPORT_DRAWING_GOLDEN,CALCULATION,HIGH,report
RP-1289,G-RPT-0625,report.table.CAL-TBL-P01319-005,APPROVED_REPORT_DRAWING_GOLDEN,CALCULATION,HIGH,report
RP-1290,G-RPT-0626,report.table.CAL-TBL-P01319-006,APPROVED_REPORT_DRAWING_GOLDEN,CALCULATION,HIGH,report
RP-1291,G-RPT-0627,report.table.CAL-TBL-P01319-007,APPROVED_REPORT_DRAWING_GOLDEN,CALCULATION,HIGH,report
RP-1292,G-RPT-0628,report.table.CAL-TBL-P01319-008,APPROVED_REPORT_DRAWING_GOLDEN,CALCULATION,HIGH,report
RP-1293,G-RPT-0629,report.table.CAL-TBL-P01319-009,APPROVED_REPORT_DRAWING_GOLDEN,CALCULATION,HIGH,report
RP-1294,G-RPT-0630,report.table.CAL-TBL-P01319-010,APPROVED_REPORT_DRAWING_GOLDEN,CALCULATION,HIGH,report
RP-1295,G-RPT-0631,report.table.CAL-TBL-P01319-011,APPROVED_REPORT_DRAWING_GOLDEN,CALCULATION,HIGH,report
RP-1296,G-RPT-0632,report.table.CAL-TBL-P01319-012,APPROVED_REPORT_DRAWING_GOLDEN,CALCULATION,HIGH,report
RP-1297,G-RPT-0633,report.table.CAL-TBL-P01319-013,APPROVED_REPORT_DRAWING_GOLDEN,CALCULATION,HIGH,report
RP-1298,G-RPT-0634,report.table.CAL-TBL-P01319-014,APPROVED_REPORT_DRAWING_GOLDEN,CALCULATION,HIGH,report
RP-1299,G-RPT-0635,report.table.CAL-TBL-P01319-015,APPROVED_REPORT_DRAWING_GOLDEN,CALCULATION,HIGH,report
RP-1300,G-RPT-0636,report.table.CAL-TBL-P01319-016,APPROVED_REPORT_DRAWING_GOLDEN,CALCULATION,HIGH,report
RP-1301,G-RPT-0637,report.table.CAL-TBL-P01319-017,APPROVED_REPORT_DRAWING_GOLDEN,CALCULATION,HIGH,report
RP-1302,G-RPT-0638,report.table.CAL-TBL-P01319-018,APPROVED_REPORT_DRAWING_GOLDEN,CALCULATION,HIGH,report
RP-1303,G-RPT-0639,report.table.CAL-TBL-P01319-019,APPROVED_REPORT_DRAWING_GOLDEN,CALCULATION,HIGH,report
RP-1304,G-RPT-0640,report.table.CAL-TBL-P01319-020,APPROVED_REPORT_DRAWING_GOLDEN,CALCULATION,HIGH,report
RP-1305,G-RPT-0641,report.table.CAL-TBL-P01319-021,APPROVED_REPORT_DRAWING_GOLDEN,CALCULATION,HIGH,report
RP-1306,G-RPT-0642,report.table.CAL-TBL-P01319-022,APPROVED_REPORT_DRAWING_GOLDEN,CALCULATION,HIGH,report
RP-1307,G-RPT-0643,report.table.CAL-TBL-P01319-023,APPROVED_REPORT_DRAWING_GOLDEN,CALCULATION,HIGH,report
RP-1308,G-RPT-0644,report.table.CAL-TBL-P01319-024,APPROVED_REPORT_DRAWING_GOLDEN,CALCULATION,HIGH,report
RP-1309,G-RPT-0645,report.table.CAL-TBL-P01319-025,APPROVED_REPORT_DRAWING_GOLDEN,CALCULATION,HIGH,report
RP-1310,G-RPT-0646,report.table.CAL-TBL-P01319-026,APPROVED_REPORT_DRAWING_GOLDEN,CALCULATION,HIGH,report
RP-1311,G-RPT-0647,report.table.CAL-TBL-P01319-027,APPROVED_REPORT_DRAWING_GOLDEN,CALCULATION,HIGH,report
RP-1312,G-RPT-0648,report.table.CAL-TBL-P01319-028,APPROVED_REPORT_DRAWING_GOLDEN,CALCULATION,HIGH,report
RP-1313,G-RPT-0649,report.table.CAL-TBL-P01319-029,APPROVED_REPORT_DRAWING_GOLDEN,CALCULATION,HIGH,report
RP-1314,G-RPT-0650,report.table.CAL-TBL-P01322-001,APPROVED_REPORT_DRAWING_GOLDEN,CALCULATION,HIGH,report
RP-1315,G-RPT-0651,report.table.CAL-TBL-P01322-002,APPROVED_REPORT_DRAWING_GOLDEN,CALCULATION,HIGH,report
RP-1316,G-RPT-0652,report.table.CAL-TBL-P01322-003,APPROVED_REPORT_DRAWING_GOLDEN,CALCULATION,HIGH,report
RP-1317,G-RPT-0653,report.table.CAL-TBL-P01322-004,APPROVED_REPORT_DRAWING_GOLDEN,CALCULATION,HIGH,report
RP-1318,G-RPT-0654,report.table.CAL-TBL-P01322-005,APPROVED_REPORT_DRAWING_GOLDEN,CALCULATION,HIGH,report
RP-1319,G-RPT-0655,report.table.CAL-TBL-P01322-006,APPROVED_REPORT_DRAWING_GOLDEN,CALCULATION,HIGH,report
RP-1320,G-RPT-0656,report.table.CAL-TBL-P01322-007,APPROVED_REPORT_DRAWING_GOLDEN,CALCULATION,HIGH,report
RP-1321,G-RPT-0657,report.table.CAL-TBL-P01322-008,APPROVED_REPORT_DRAWING_GOLDEN,CALCULATION,HIGH,report
RP-1322,G-RPT-0658,report.table.CAL-TBL-P01322-009,APPROVED_REPORT_DRAWING_GOLDEN,CALCULATION,HIGH,report
RP-1323,G-RPT-0659,report.table.CAL-TBL-P01322-010,APPROVED_REPORT_DRAWING_GOLDEN,CALCULATION,HIGH,report
RP-1324,G-RPT-0660,report.table.CAL-TBL-P01322-011,APPROVED_REPORT_DRAWING_GOLDEN,CALCULATION,HIGH,report
RP-1325,G-RPT-0661,report.table.CAL-TBL-P01322-012,APPROVED_REPORT_DRAWING_GOLDEN,CALCULATION,HIGH,report
RP-1326,G-RPT-0662,report.table.CAL-TBL-P01322-013,APPROVED_REPORT_DRAWING_GOLDEN,CALCULATION,HIGH,report
RP-1327,G-RPT-0663,report.table.CAL-TBL-P01322-014,APPROVED_REPORT_DRAWING_GOLDEN,CALCULATION,HIGH,report
RP-1328,G-RPT-0664,report.table.CAL-TBL-P01322-015,APPROVED_REPORT_DRAWING_GOLDEN,CALCULATION,HIGH,report
RP-1329,G-RPT-0665,report.table.CAL-TBL-P01322-016,APPROVED_REPORT_DRAWING_GOLDEN,CALCULATION,HIGH,report
RP-1330,G-RPT-0666,report.table.CAL-TBL-P01947-001,APPROVED_REPORT_DRAWING_GOLDEN,CALCULATION,HIGH,report
RP-1331,G-RPT-0667,report.table.CAL-TBL-P01947-002,APPROVED_REPORT_DRAWING_GOLDEN,CALCULATION,HIGH,report
RP-1332,G-RPT-0668,report.table.CAL-TBL-P01947-003,APPROVED_REPORT_DRAWING_GOLDEN,CALCULATION,HIGH,report
RP-1585,G-RPT-0669,report.table.CH5-TBL-001,APPROVED_REPORT_DRAWING_GOLDEN,CALCULATION,HIGH,report
RP-1586,G-RPT-0670,report.table.CH5-TBL-002,APPROVED_REPORT_DRAWING_GOLDEN,CALCULATION,HIGH,report
RP-1587,G-RPT-0671,report.table.CH5-TBL-003,APPROVED_REPORT_DRAWING_GOLDEN,CALCULATION,HIGH,report
RP-1588,G-RPT-0672,report.table.CH5-TBL-004,APPROVED_REPORT_DRAWING_GOLDEN,CALCULATION,HIGH,report
RP-1589,G-RPT-0673,report.table.CH5-TBL-005,APPROVED_REPORT_DRAWING_GOLDEN,CALCULATION,HIGH,report
RP-1590,G-RPT-0674,report.table.CH5-TBL-006,APPROVED_REPORT_DRAWING_GOLDEN,CALCULATION,HIGH,report
RP-1591,G-RPT-0675,report.table.CH5-TBL-007,APPROVED_REPORT_DRAWING_GOLDEN,CALCULATION,HIGH,report
RP-1592,G-RPT-0676,report.table.CH5-TBL-008,APPROVED_REPORT_DRAWING_GOLDEN,CALCULATION,HIGH,report
RP-1593,G-RPT-0677,report.table.CH5-TBL-009,APPROVED_REPORT_DRAWING_GOLDEN,CALCULATION,HIGH,report
RP-1594,G-RPT-0678,report.table.CH5-TBL-010,APPROVED_REPORT_DRAWING_GOLDEN,CALCULATION,HIGH,report
RP-1595,G-RPT-0679,report.table.CH5-TBL-011,APPROVED_REPORT_DRAWING_GOLDEN,CALCULATION,HIGH,report
RP-1596,G-RPT-0680,report.table.CH5-TBL-012,APPROVED_REPORT_DRAWING_GOLDEN,CALCULATION,HIGH,report
RP-1597,G-RPT-0681,report.table.CH5-TBL-013,APPROVED_REPORT_DRAWING_GOLDEN,CALCULATION,HIGH,report
RP-1598,G-RPT-0682,report.table.CH5-TBL-014,APPROVED_REPORT_DRAWING_GOLDEN,CALCULATION,HIGH,report
RP-1599,G-RPT-0683,report.table.CH5-TBL-015,APPROVED_REPORT_DRAWING_GOLDEN,CALCULATION,HIGH,report
RP-1600,G-RPT-0684,report.table.CH5-TBL-016,APPROVED_REPORT_DRAWING_GOLDEN,CALCULATION,HIGH,report
RP-1601,G-RPT-0685,report.table.CH5-TBL-017,APPROVED_REPORT_DRAWING_GOLDEN,CALCULATION,HIGH,report
RP-1602,G-RPT-0686,report.table.CH5-TBL-018,APPROVED_REPORT_DRAWING_GOLDEN,CALCULATION,HIGH,report
RP-1603,G-RPT-0687,report.table.CH5-TBL-019,APPROVED_REPORT_DRAWING_GOLDEN,CALCULATION,HIGH,report
RP-1604,G-RPT-0688,report.table.CH5-TBL-020,APPROVED_REPORT_DRAWING_GOLDEN,CALCULATION,HIGH,report
RP-1605,G-RPT-0689,report.table.CH5-TBL-021,APPROVED_REPORT_DRAWING_GOLDEN,CALCULATION,HIGH,report
RP-1606,G-RPT-0690,report.table.CH5-TBL-022,APPROVED_REPORT_DRAWING_GOLDEN,CALCULATION,HIGH,report
RP-1607,G-RPT-0691,report.table.CH5-TBL-023,APPROVED_REPORT_DRAWING_GOLDEN,CALCULATION,HIGH,report
RP-1608,G-RPT-0692,report.table.CH5-TBL-024,APPROVED_REPORT_DRAWING_GOLDEN,CALCULATION,HIGH,report
RP-1609,G-RPT-0693,report.table.CH5-TBL-025,APPROVED_REPORT_DRAWING_GOLDEN,CALCULATION,HIGH,report
RP-1610,G-RPT-0694,report.table.CH5-TBL-026,APPROVED_REPORT_DRAWING_GOLDEN,CALCULATION,HIGH,report
RP-1611,G-RPT-0695,report.table.CH5-TBL-027,APPROVED_REPORT_DRAWING_GOLDEN,CALCULATION,HIGH,report
RP-1612,G-RPT-0696,report.table.CH5-TBL-028,APPROVED_REPORT_DRAWING_GOLDEN,CALCULATION,HIGH,report
RP-1613,G-RPT-0697,report.table.CH5-TBL-029,APPROVED_REPORT_DRAWING_GOLDEN,CALCULATION,HIGH,report
RP-1614,G-RPT-0698,report.table.CH5-TBL-030,APPROVED_REPORT_DRAWING_GOLDEN,CALCULATION,HIGH,report
RP-1615,G-RPT-0699,report.table.CH5-TBL-031,APPROVED_REPORT_DRAWING_GOLDEN,CALCULATION,HIGH,report
RP-1616,G-RPT-0700,report.table.CH5-TBL-032,APPROVED_REPORT_DRAWING_GOLDEN,CALCULATION,HIGH,report
RP-1617,G-RPT-0701,report.table.CH5-TBL-033,APPROVED_REPORT_DRAWING_GOLDEN,CALCULATION,HIGH,report
RP-1618,G-RPT-0702,report.table.CH5-TBL-034,APPROVED_REPORT_DRAWING_GOLDEN,CALCULATION,HIGH,report
RP-1619,G-RPT-0703,report.table.CH5-TBL-035,APPROVED_REPORT_DRAWING_GOLDEN,CALCULATION,HIGH,report
RP-1620,G-RPT-0704,report.table.CH5-TBL-036,APPROVED_REPORT_DRAWING_GOLDEN,CALCULATION,HIGH,report
RP-1621,G-RPT-0705,report.table.CH5-TBL-037,APPROVED_REPORT_DRAWING_GOLDEN,CALCULATION,HIGH,report
RP-1622,G-RPT-0706,report.table.CH5-TBL-038,APPROVED_REPORT_DRAWING_GOLDEN,CALCULATION,HIGH,report
RP-1623,G-RPT-0707,report.table.CH5-TBL-039,APPROVED_REPORT_DRAWING_GOLDEN,CALCULATION,HIGH,report
RP-1624,G-RPT-0708,report.table.CH5-TBL-040,APPROVED_REPORT_DRAWING_GOLDEN,CALCULATION,HIGH,report
RP-1625,G-RPT-0709,report.table.CH5-TBL-041,APPROVED_REPORT_DRAWING_GOLDEN,CALCULATION,HIGH,report
RP-1626,G-RPT-0710,report.table.CH5-TBL-042,APPROVED_REPORT_DRAWING_GOLDEN,CALCULATION,HIGH,report
RP-1627,G-RPT-0711,report.table.CH5-TBL-043,APPROVED_REPORT_DRAWING_GOLDEN,CALCULATION,HIGH,report
RP-1628,G-RPT-0712,report.table.CH5-TBL-044,APPROVED_REPORT_DRAWING_GOLDEN,CALCULATION,HIGH,report
RP-1629,G-RPT-0713,report.table.CH5-TBL-045,APPROVED_REPORT_DRAWING_GOLDEN,CALCULATION,HIGH,report
RP-1630,G-RPT-0714,report.table.CH5-TBL-046,APPROVED_REPORT_DRAWING_GOLDEN,CALCULATION,HIGH,report
RP-1631,G-RPT-0715,report.table.CH5-TBL-047,APPROVED_REPORT_DRAWING_GOLDEN,CALCULATION,HIGH,report
RP-1632,G-RPT-0716,report.table.CH5-TBL-048,APPROVED_REPORT_DRAWING_GOLDEN,CALCULATION,HIGH,report
RP-1633,G-RPT-0717,report.table.CH5-TBL-049,APPROVED_REPORT_DRAWING_GOLDEN,CALCULATION,HIGH,report
RP-1634,G-RPT-0718,report.table.CH5-TBL-050,APPROVED_REPORT_DRAWING_GOLDEN,CALCULATION,HIGH,report
RP-1635,G-RPT-0719,report.table.CH5-TBL-051,APPROVED_REPORT_DRAWING_GOLDEN,CALCULATION,HIGH,report
RP-1636,G-RPT-0720,report.table.CH5-TBL-052,APPROVED_REPORT_DRAWING_GOLDEN,CALCULATION,HIGH,report
RP-1637,G-RPT-0721,report.table.CH5-TBL-053,APPROVED_REPORT_DRAWING_GOLDEN,CALCULATION,HIGH,report
RP-1638,G-RPT-0722,report.table.CH5-TBL-054,APPROVED_REPORT_DRAWING_GOLDEN,CALCULATION,HIGH,report
RP-1639,G-RPT-0723,report.table.CH5-TBL-055,APPROVED_REPORT_DRAWING_GOLDEN,CALCULATION,HIGH,report
RP-1640,G-RPT-0724,report.table.CH5-TBL-056,APPROVED_REPORT_DRAWING_GOLDEN,CALCULATION,HIGH,report
RP-234,G-RPT-0725,report.figure.CAL-FIG-P00118-001,APPROVED_REPORT_DRAWING_GOLDEN,CALCULATION,HIGH,report
RP-235,G-RPT-0726,report.figure.CAL-FIG-P00121-001,APPROVED_REPORT_DRAWING_GOLDEN,CALCULATION,HIGH,report
RP-236,G-RPT-0727,report.figure.CAL-FIG-P00121-002,APPROVED_REPORT_DRAWING_GOLDEN,CALCULATION,HIGH,report
RP-237,G-RPT-0728,report.figure.CAL-FIG-P00122-001,APPROVED_REPORT_DRAWING_GOLDEN,CALCULATION,HIGH,report
RP-238,G-RPT-0729,report.figure.CAL-FIG-P00123-001,APPROVED_REPORT_DRAWING_GOLDEN,CALCULATION,HIGH,report
RP-239,G-RPT-0730,report.figure.CAL-FIG-P00126-001,APPROVED_REPORT_DRAWING_GOLDEN,CALCULATION,HIGH,report
RP-240,G-RPT-0731,report.figure.CAL-FIG-P00129-001,APPROVED_REPORT_DRAWING_GOLDEN,CALCULATION,HIGH,report
RP-241,G-RPT-0732,report.figure.CAL-FIG-P00130-001,APPROVED_REPORT_DRAWING_GOLDEN,CALCULATION,HIGH,report
RP-242,G-RPT-0733,report.figure.CAL-FIG-P00131-001,APPROVED_REPORT_DRAWING_GOLDEN,CALCULATION,HIGH,report
RP-243,G-RPT-0734,report.figure.CAL-FIG-P00133-001,APPROVED_REPORT_DRAWING_GOLDEN,CALCULATION,HIGH,report
RP-244,G-RPT-0735,report.figure.CAL-FIG-P00137-001,APPROVED_REPORT_DRAWING_GOLDEN,CALCULATION,HIGH,report
RP-245,G-RPT-0736,report.figure.CAL-FIG-P00138-001,APPROVED_REPORT_DRAWING_GOLDEN,CALCULATION,HIGH,report
RP-246,G-RPT-0737,report.figure.CAL-FIG-P00142-001,APPROVED_REPORT_DRAWING_GOLDEN,CALCULATION,HIGH,report
RP-509,G-RPT-0738,report.figure.SRC-calculation_chapter_03_section_3_2_figures-001,APPROVED_REPORT_DRAWING_GOLDEN,UNKNOWN,HIGH,report
RP-510,G-RPT-0739,report.figure.SRC-calculation_chapter_03_section_3_2_figures-002,APPROVED_REPORT_DRAWING_GOLDEN,UNKNOWN,HIGH,report
RP-511,G-RPT-0740,report.figure.SRC-calculation_chapter_03_section_3_2_figures-003,APPROVED_REPORT_DRAWING_GOLDEN,UNKNOWN,HIGH,report
RP-512,G-RPT-0741,report.figure.SRC-calculation_chapter_03_section_3_2_figures-004,APPROVED_REPORT_DRAWING_GOLDEN,UNKNOWN,HIGH,report
RP-513,G-RPT-0742,report.figure.SRC-calculation_chapter_03_section_3_2_figures-005,APPROVED_REPORT_DRAWING_GOLDEN,UNKNOWN,HIGH,report
RP-514,G-RPT-0743,report.figure.SRC-calculation_chapter_03_section_3_2_figures-006,APPROVED_REPORT_DRAWING_GOLDEN,UNKNOWN,HIGH,report
RP-515,G-RPT-0744,report.figure.SRC-calculation_chapter_03_section_3_2_figures-007,APPROVED_REPORT_DRAWING_GOLDEN,UNKNOWN,HIGH,report
RP-516,G-RPT-0745,report.figure.SRC-calculation_chapter_03_section_3_2_figures-008,APPROVED_REPORT_DRAWING_GOLDEN,UNKNOWN,HIGH,report
RP-517,G-RPT-0746,report.figure.SRC-calculation_chapter_03_section_3_2_figures-009,APPROVED_REPORT_DRAWING_GOLDEN,UNKNOWN,HIGH,report
RP-518,G-RPT-0747,report.figure.SRC-calculation_chapter_03_section_3_2_figures-010,APPROVED_REPORT_DRAWING_GOLDEN,UNKNOWN,HIGH,report
RP-707,G-RPT-0748,report.figure.CAL-FIG-P00678-001,APPROVED_REPORT_DRAWING_GOLDEN,CALCULATION,HIGH,report
RP-708,G-RPT-0749,report.figure.CAL-FIG-P00687-001,APPROVED_REPORT_DRAWING_GOLDEN,CALCULATION,HIGH,report
RP-709,G-RPT-0750,report.figure.CAL-FIG-P00704-001,APPROVED_REPORT_DRAWING_GOLDEN,CALCULATION,HIGH,report
RP-710,G-RPT-0751,report.figure.CAL-FIG-P00735-001,APPROVED_REPORT_DRAWING_GOLDEN,CALCULATION,HIGH,report
RP-788,G-RPT-0752,report.figure.CAL-FIG-P00766-001,APPROVED_REPORT_DRAWING_GOLDEN,CALCULATION,HIGH,report
RP-789,G-RPT-0753,report.figure.CAL-FIG-P00777-001,APPROVED_REPORT_DRAWING_GOLDEN,CALCULATION,HIGH,report
RP-855,G-RPT-0754,report.figure.CAL-FIG-P00790-001,APPROVED_REPORT_DRAWING_GOLDEN,CALCULATION,HIGH,report
RP-902,G-RPT-0755,report.figure.CAL-FIG-P00818-001,APPROVED_REPORT_DRAWING_GOLDEN,CALCULATION,HIGH,report
RP-958,G-RPT-0756,report.figure.CAL-FIG-P00843-001,APPROVED_REPORT_DRAWING_GOLDEN,CALCULATION,HIGH,report
RP-959,G-RPT-0757,report.figure.CAL-FIG-P00844-001,APPROVED_REPORT_DRAWING_GOLDEN,CALCULATION,HIGH,report
RP-1015,G-RPT-0758,report.figure.CAL-FIG-P00874-001,APPROVED_REPORT_DRAWING_GOLDEN,CALCULATION,HIGH,report
RP-1016,G-RPT-0759,report.figure.CAL-FIG-P00900-001,APPROVED_REPORT_DRAWING_GOLDEN,CALCULATION,HIGH,report
RP-1135,G-RPT-0760,report.figure.CAL-FIG-P01776-001,APPROVED_REPORT_DRAWING_GOLDEN,CALCULATION,HIGH,report
RP-1136,G-RPT-0761,report.figure.CAL-FIG-P01776-002,APPROVED_REPORT_DRAWING_GOLDEN,CALCULATION,HIGH,report
RP-1333,G-RPT-0762,report.figure.CH5-FIG-001,APPROVED_REPORT_DRAWING_GOLDEN,CALCULATION,HIGH,report
RP-1334,G-RPT-0763,report.figure.CH5-FIG-002,APPROVED_REPORT_DRAWING_GOLDEN,CALCULATION,HIGH,report
RP-1335,G-RPT-0764,report.figure.CH5-FIG-003,APPROVED_REPORT_DRAWING_GOLDEN,CALCULATION,HIGH,report
RP-1336,G-RPT-0765,report.figure.CH5-FIG-004,APPROVED_REPORT_DRAWING_GOLDEN,CALCULATION,HIGH,report
RP-1337,G-RPT-0766,report.figure.CH5-FIG-005,APPROVED_REPORT_DRAWING_GOLDEN,CALCULATION,HIGH,report
RP-1338,G-RPT-0767,report.figure.CH5-FIG-006,APPROVED_REPORT_DRAWING_GOLDEN,CALCULATION,HIGH,report
RP-1339,G-RPT-0768,report.figure.CH5-FIG-007,APPROVED_REPORT_DRAWING_GOLDEN,CALCULATION,HIGH,report
RP-1340,G-RPT-0769,report.figure.CH5-FIG-008,APPROVED_REPORT_DRAWING_GOLDEN,CALCULATION,HIGH,report
RP-1341,G-RPT-0770,report.figure.CH5-FIG-009,APPROVED_REPORT_DRAWING_GOLDEN,CALCULATION,HIGH,report
RP-1342,G-RPT-0771,report.figure.CH5-FIG-010,APPROVED_REPORT_DRAWING_GOLDEN,CALCULATION,HIGH,report
RP-1343,G-RPT-0772,report.figure.CH5-FIG-011,APPROVED_REPORT_DRAWING_GOLDEN,CALCULATION,HIGH,report
RP-1344,G-RPT-0773,report.figure.CH5-FIG-012,APPROVED_REPORT_DRAWING_GOLDEN,CALCULATION,HIGH,report
RP-1345,G-RPT-0774,report.figure.CH5-FIG-013,APPROVED_REPORT_DRAWING_GOLDEN,CALCULATION,HIGH,report
RP-1346,G-RPT-0775,report.figure.CH5-FIG-014,APPROVED_REPORT_DRAWING_GOLDEN,CALCULATION,HIGH,report
RP-1347,G-RPT-0776,report.figure.CH5-FIG-015,APPROVED_REPORT_DRAWING_GOLDEN,CALCULATION,HIGH,report
RP-1348,G-RPT-0777,report.figure.CH5-FIG-016,APPROVED_REPORT_DRAWING_GOLDEN,CALCULATION,HIGH,report
RP-1641,G-RPT-0778,report.figure.FM-FIG-001,APPROVED_REPORT_DRAWING_GOLDEN,CALCULATION,HIGH,report
RP-1642,G-RPT-0779,report.figure.FM-FIG-002,APPROVED_REPORT_DRAWING_GOLDEN,CALCULATION,HIGH,report
RP-002,G-RPT-0780,report.note.CH1-NOTE-001,APPROVED_REPORT_DRAWING_GOLDEN,CALCULATION,HIGH,report
RP-003,G-RPT-0781,report.note.CH1-NOTE-002,APPROVED_REPORT_DRAWING_GOLDEN,CALCULATION,HIGH,report
RP-144,G-RPT-0782,report.note.CH2-NOTE-001,APPROVED_REPORT_DRAWING_GOLDEN,CALCULATION,HIGH,report
RP-145,G-RPT-0783,report.note.CH2-NOTE-002,APPROVED_REPORT_DRAWING_GOLDEN,CALCULATION,HIGH,report
RP-146,G-RPT-0784,report.note.CH2-NOTE-003,APPROVED_REPORT_DRAWING_GOLDEN,CALCULATION,HIGH,report
RP-147,G-RPT-0785,report.note.CH2-NOTE-004,APPROVED_REPORT_DRAWING_GOLDEN,CALCULATION,HIGH,report
RP-148,G-RPT-0786,report.note.CH2-NOTE-005,APPROVED_REPORT_DRAWING_GOLDEN,CALCULATION,HIGH,report
RP-149,G-RPT-0787,report.note.CH2-NOTE-006,APPROVED_REPORT_DRAWING_GOLDEN,CALCULATION,HIGH,report
RP-150,G-RPT-0788,report.note.CH2-NOTE-007,APPROVED_REPORT_DRAWING_GOLDEN,CALCULATION,HIGH,report
RP-151,G-RPT-0789,report.note.CH2-NOTE-008,APPROVED_REPORT_DRAWING_GOLDEN,CALCULATION,HIGH,report
RP-152,G-RPT-0790,report.note.CH2-NOTE-009,APPROVED_REPORT_DRAWING_GOLDEN,CALCULATION,HIGH,report
RP-266,G-RPT-0791,report.note.CAL-NOT-P00117-001,APPROVED_REPORT_DRAWING_GOLDEN,CALCULATION,HIGH,report
RP-267,G-RPT-0792,report.note.CAL-NOT-P00117-002,APPROVED_REPORT_DRAWING_GOLDEN,CALCULATION,HIGH,report
RP-268,G-RPT-0793,report.note.CAL-NOT-P00117-003,APPROVED_REPORT_DRAWING_GOLDEN,CALCULATION,HIGH,report
RP-269,G-RPT-0794,report.note.CAL-NOT-P00118-001,APPROVED_REPORT_DRAWING_GOLDEN,CALCULATION,HIGH,report
RP-270,G-RPT-0795,report.note.CAL-NOT-P00118-002,APPROVED_REPORT_DRAWING_GOLDEN,CALCULATION,HIGH,report
RP-271,G-RPT-0796,report.note.CAL-NOT-P00119-001,APPROVED_REPORT_DRAWING_GOLDEN,CALCULATION,HIGH,report
RP-272,G-RPT-0797,report.note.CAL-NOT-P00119-002,APPROVED_REPORT_DRAWING_GOLDEN,CALCULATION,HIGH,report
RP-273,G-RPT-0798,report.note.CAL-NOT-P00119-003,APPROVED_REPORT_DRAWING_GOLDEN,CALCULATION,HIGH,report
RP-274,G-RPT-0799,report.note.CAL-NOT-P00122-001,APPROVED_REPORT_DRAWING_GOLDEN,CALCULATION,HIGH,report
RP-275,G-RPT-0800,report.note.CAL-NOT-P00122-002,APPROVED_REPORT_DRAWING_GOLDEN,CALCULATION,HIGH,report
RP-276,G-RPT-0801,report.note.CAL-NOT-P00124-001,APPROVED_REPORT_DRAWING_GOLDEN,CALCULATION,HIGH,report
RP-277,G-RPT-0802,report.note.CAL-NOT-P00125-001,APPROVED_REPORT_DRAWING_GOLDEN,CALCULATION,HIGH,report
RP-278,G-RPT-0803,report.note.CAL-NOT-P00128-001,APPROVED_REPORT_DRAWING_GOLDEN,CALCULATION,HIGH,report
RP-279,G-RPT-0804,report.note.CAL-NOT-P00129-001,APPROVED_REPORT_DRAWING_GOLDEN,CALCULATION,HIGH,report
RP-280,G-RPT-0805,report.note.CAL-NOT-P00129-002,APPROVED_REPORT_DRAWING_GOLDEN,CALCULATION,HIGH,report
RP-281,G-RPT-0806,report.note.CAL-NOT-P00129-003,APPROVED_REPORT_DRAWING_GOLDEN,CALCULATION,HIGH,report
RP-282,G-RPT-0807,report.note.CAL-NOT-P00131-001,APPROVED_REPORT_DRAWING_GOLDEN,CALCULATION,HIGH,report
RP-283,G-RPT-0808,report.note.CAL-NOT-P00133-001,APPROVED_REPORT_DRAWING_GOLDEN,CALCULATION,HIGH,report
RP-284,G-RPT-0809,report.note.CAL-NOT-P00133-002,APPROVED_REPORT_DRAWING_GOLDEN,CALCULATION,HIGH,report
RP-285,G-RPT-0810,report.note.CAL-NOT-P00133-003,APPROVED_REPORT_DRAWING_GOLDEN,CALCULATION,HIGH,report
RP-286,G-RPT-0811,report.note.CAL-NOT-P00135-001,APPROVED_REPORT_DRAWING_GOLDEN,CALCULATION,HIGH,report
RP-287,G-RPT-0812,report.note.CAL-NOT-P00136-001,APPROVED_REPORT_DRAWING_GOLDEN,CALCULATION,HIGH,report
RP-288,G-RPT-0813,report.note.CAL-NOT-P00140-001,APPROVED_REPORT_DRAWING_GOLDEN,CALCULATION,HIGH,report
RP-289,G-RPT-0814,report.note.CAL-NOT-P00145-001,APPROVED_REPORT_DRAWING_GOLDEN,CALCULATION,HIGH,report
RP-290,G-RPT-0815,report.note.CAL-NOT-P00149-001,APPROVED_REPORT_DRAWING_GOLDEN,CALCULATION,HIGH,report
RP-291,G-RPT-0816,report.note.CAL-NOT-P00222-001,APPROVED_REPORT_DRAWING_GOLDEN,CALCULATION,HIGH,report
RP-292,G-RPT-0817,report.note.CAL-NOT-P00223-001,APPROVED_REPORT_DRAWING_GOLDEN,CALCULATION,HIGH,report
RP-293,G-RPT-0818,report.note.CAL-NOT-P00223-002,APPROVED_REPORT_DRAWING_GOLDEN,CALCULATION,HIGH,report
RP-545,G-RPT-0819,report.note.SRC-calculation_chapter_03_section_3_2_notes-001,APPROVED_REPORT_DRAWING_GOLDEN,UNKNOWN,HIGH,report
RP-546,G-RPT-0820,report.note.SRC-calculation_chapter_03_section_3_2_notes-002,APPROVED_REPORT_DRAWING_GOLDEN,UNKNOWN,HIGH,report
RP-547,G-RPT-0821,report.note.SRC-calculation_chapter_03_section_3_2_notes-003,APPROVED_REPORT_DRAWING_GOLDEN,UNKNOWN,HIGH,report
RP-548,G-RPT-0822,report.note.SRC-calculation_chapter_03_section_3_2_notes-004,APPROVED_REPORT_DRAWING_GOLDEN,UNKNOWN,HIGH,report
RP-549,G-RPT-0823,report.note.SRC-calculation_chapter_03_section_3_2_notes-005,APPROVED_REPORT_DRAWING_GOLDEN,UNKNOWN,HIGH,report
RP-550,G-RPT-0824,report.note.SRC-calculation_chapter_03_section_3_2_notes-006,APPROVED_REPORT_DRAWING_GOLDEN,UNKNOWN,HIGH,report
RP-551,G-RPT-0825,report.note.SRC-calculation_chapter_03_section_3_2_notes-007,APPROVED_REPORT_DRAWING_GOLDEN,UNKNOWN,HIGH,report
RP-552,G-RPT-0826,report.note.SRC-calculation_chapter_03_section_3_2_notes-008,APPROVED_REPORT_DRAWING_GOLDEN,UNKNOWN,HIGH,report
RP-553,G-RPT-0827,report.note.SRC-calculation_chapter_03_section_3_2_notes-009,APPROVED_REPORT_DRAWING_GOLDEN,UNKNOWN,HIGH,report
RP-554,G-RPT-0828,report.note.SRC-calculation_chapter_03_section_3_2_notes-010,APPROVED_REPORT_DRAWING_GOLDEN,UNKNOWN,HIGH,report
RP-555,G-RPT-0829,report.note.SRC-calculation_chapter_03_section_3_2_notes-011,APPROVED_REPORT_DRAWING_GOLDEN,UNKNOWN,HIGH,report
RP-556,G-RPT-0830,report.note.SRC-calculation_chapter_03_section_3_2_notes-012,APPROVED_REPORT_DRAWING_GOLDEN,UNKNOWN,HIGH,report
RP-557,G-RPT-0831,report.note.SRC-calculation_chapter_03_section_3_2_notes-013,APPROVED_REPORT_DRAWING_GOLDEN,UNKNOWN,HIGH,report
RP-558,G-RPT-0832,report.note.SRC-calculation_chapter_03_section_3_2_notes-014,APPROVED_REPORT_DRAWING_GOLDEN,UNKNOWN,HIGH,report
RP-559,G-RPT-0833,report.note.SRC-calculation_chapter_03_section_3_2_notes-015,APPROVED_REPORT_DRAWING_GOLDEN,UNKNOWN,HIGH,report
RP-560,G-RPT-0834,report.note.SRC-calculation_chapter_03_section_3_2_notes-016,APPROVED_REPORT_DRAWING_GOLDEN,UNKNOWN,HIGH,report
RP-561,G-RPT-0835,report.note.SRC-calculation_chapter_03_section_3_2_notes-017,APPROVED_REPORT_DRAWING_GOLDEN,UNKNOWN,HIGH,report
RP-562,G-RPT-0836,report.note.SRC-calculation_chapter_03_section_3_2_notes-018,APPROVED_REPORT_DRAWING_GOLDEN,UNKNOWN,HIGH,report
RP-563,G-RPT-0837,report.note.SRC-calculation_chapter_03_section_3_2_notes-019,APPROVED_REPORT_DRAWING_GOLDEN,UNKNOWN,HIGH,report
RP-564,G-RPT-0838,report.note.SRC-calculation_chapter_03_section_3_2_notes-020,APPROVED_REPORT_DRAWING_GOLDEN,UNKNOWN,HIGH,report
RP-565,G-RPT-0839,report.note.SRC-calculation_chapter_03_section_3_2_notes-021,APPROVED_REPORT_DRAWING_GOLDEN,UNKNOWN,HIGH,report
RP-566,G-RPT-0840,report.note.SRC-calculation_chapter_03_section_3_2_notes-022,APPROVED_REPORT_DRAWING_GOLDEN,UNKNOWN,HIGH,report
RP-567,G-RPT-0841,report.note.SRC-calculation_chapter_03_section_3_2_notes-023,APPROVED_REPORT_DRAWING_GOLDEN,UNKNOWN,HIGH,report
RP-568,G-RPT-0842,report.note.SRC-calculation_chapter_03_section_3_2_notes-024,APPROVED_REPORT_DRAWING_GOLDEN,UNKNOWN,HIGH,report
RP-569,G-RPT-0843,report.note.SRC-calculation_chapter_03_section_3_2_notes-025,APPROVED_REPORT_DRAWING_GOLDEN,UNKNOWN,HIGH,report
RP-570,G-RPT-0844,report.note.SRC-calculation_chapter_03_section_3_2_notes-026,APPROVED_REPORT_DRAWING_GOLDEN,UNKNOWN,HIGH,report
RP-571,G-RPT-0845,report.note.SRC-calculation_chapter_03_section_3_2_notes-027,APPROVED_REPORT_DRAWING_GOLDEN,UNKNOWN,HIGH,report
RP-572,G-RPT-0846,report.note.SRC-calculation_chapter_03_section_3_2_notes-028,APPROVED_REPORT_DRAWING_GOLDEN,UNKNOWN,HIGH,report
RP-573,G-RPT-0847,report.note.SRC-calculation_chapter_03_section_3_2_notes-029,APPROVED_REPORT_DRAWING_GOLDEN,UNKNOWN,HIGH,report
RP-574,G-RPT-0848,report.note.SRC-calculation_chapter_03_section_3_2_notes-030,APPROVED_REPORT_DRAWING_GOLDEN,UNKNOWN,HIGH,report
RP-575,G-RPT-0849,report.note.SRC-calculation_chapter_03_section_3_2_notes-031,APPROVED_REPORT_DRAWING_GOLDEN,UNKNOWN,HIGH,report
RP-576,G-RPT-0850,report.note.SRC-calculation_chapter_03_section_3_2_notes-032,APPROVED_REPORT_DRAWING_GOLDEN,UNKNOWN,HIGH,report
RP-577,G-RPT-0851,report.note.SRC-calculation_chapter_03_section_3_2_notes-033,APPROVED_REPORT_DRAWING_GOLDEN,UNKNOWN,HIGH,report
RP-578,G-RPT-0852,report.note.SRC-calculation_chapter_03_section_3_2_notes-034,APPROVED_REPORT_DRAWING_GOLDEN,UNKNOWN,HIGH,report
RP-579,G-RPT-0853,report.note.SRC-calculation_chapter_03_section_3_2_notes-035,APPROVED_REPORT_DRAWING_GOLDEN,UNKNOWN,HIGH,report
RP-580,G-RPT-0854,report.note.SRC-calculation_chapter_03_section_3_2_notes-036,APPROVED_REPORT_DRAWING_GOLDEN,UNKNOWN,HIGH,report
RP-717,G-RPT-0855,report.note.CAL-NOT-P00676-001,APPROVED_REPORT_DRAWING_GOLDEN,CALCULATION,HIGH,report
RP-718,G-RPT-0856,report.note.CAL-NOT-P00676-002,APPROVED_REPORT_DRAWING_GOLDEN,CALCULATION,HIGH,report
RP-719,G-RPT-0857,report.note.CAL-NOT-P00676-003,APPROVED_REPORT_DRAWING_GOLDEN,CALCULATION,HIGH,report
RP-720,G-RPT-0858,report.note.CAL-NOT-P00677-001,APPROVED_REPORT_DRAWING_GOLDEN,CALCULATION,HIGH,report
RP-721,G-RPT-0859,report.note.CAL-NOT-P00677-002,APPROVED_REPORT_DRAWING_GOLDEN,CALCULATION,HIGH,report
RP-722,G-RPT-0860,report.note.CAL-NOT-P00679-001,APPROVED_REPORT_DRAWING_GOLDEN,CALCULATION,HIGH,report
RP-723,G-RPT-0861,report.note.CAL-NOT-P00685-001,APPROVED_REPORT_DRAWING_GOLDEN,CALCULATION,HIGH,report
RP-724,G-RPT-0862,report.note.CAL-NOT-P00686-001,APPROVED_REPORT_DRAWING_GOLDEN,CALCULATION,HIGH,report
RP-725,G-RPT-0863,report.note.CAL-NOT-P00689-001,APPROVED_REPORT_DRAWING_GOLDEN,CALCULATION,HIGH,report
RP-797,G-RPT-0864,report.note.CAL-NOT-P00766-001,APPROVED_REPORT_DRAWING_GOLDEN,CALCULATION,HIGH,report
RP-798,G-RPT-0865,report.note.CAL-NOT-P00768-001,APPROVED_REPORT_DRAWING_GOLDEN,CALCULATION,HIGH,report
RP-799,G-RPT-0866,report.note.CAL-NOT-P00769-001,APPROVED_REPORT_DRAWING_GOLDEN,CALCULATION,HIGH,report
RP-800,G-RPT-0867,report.note.CAL-NOT-P00770-001,APPROVED_REPORT_DRAWING_GOLDEN,CALCULATION,HIGH,report
RP-801,G-RPT-0868,report.note.CAL-NOT-P00773-001,APPROVED_REPORT_DRAWING_GOLDEN,CALCULATION,HIGH,report
RP-863,G-RPT-0869,report.note.CAL-NOT-P00789-001,APPROVED_REPORT_DRAWING_GOLDEN,CALCULATION,HIGH,report
RP-864,G-RPT-0870,report.note.CAL-NOT-P00789-002,APPROVED_REPORT_DRAWING_GOLDEN,CALCULATION,HIGH,report
RP-865,G-RPT-0871,report.note.CAL-NOT-P00789-003,APPROVED_REPORT_DRAWING_GOLDEN,CALCULATION,HIGH,report
RP-866,G-RPT-0872,report.note.CAL-NOT-P00791-001,APPROVED_REPORT_DRAWING_GOLDEN,CALCULATION,HIGH,report
RP-867,G-RPT-0873,report.note.CAL-NOT-P00792-001,APPROVED_REPORT_DRAWING_GOLDEN,CALCULATION,HIGH,report
RP-912,G-RPT-0874,report.note.CAL-NOT-P00818-001,APPROVED_REPORT_DRAWING_GOLDEN,CALCULATION,HIGH,report
RP-913,G-RPT-0875,report.note.CAL-NOT-P00818-002,APPROVED_REPORT_DRAWING_GOLDEN,CALCULATION,HIGH,report
RP-914,G-RPT-0876,report.note.CAL-NOT-P00818-003,APPROVED_REPORT_DRAWING_GOLDEN,CALCULATION,HIGH,report
RP-915,G-RPT-0877,report.note.CAL-NOT-P00818-004,APPROVED_REPORT_DRAWING_GOLDEN,CALCULATION,HIGH,report
RP-916,G-RPT-0878,report.note.CAL-NOT-P00819-001,APPROVED_REPORT_DRAWING_GOLDEN,CALCULATION,HIGH,report
RP-917,G-RPT-0879,report.note.CAL-NOT-P00820-001,APPROVED_REPORT_DRAWING_GOLDEN,CALCULATION,HIGH,report
RP-918,G-RPT-0880,report.note.CAL-NOT-P00821-001,APPROVED_REPORT_DRAWING_GOLDEN,CALCULATION,HIGH,report
RP-966,G-RPT-0881,report.note.CAL-NOT-P00843-001,APPROVED_REPORT_DRAWING_GOLDEN,CALCULATION,HIGH,report
RP-967,G-RPT-0882,report.note.CAL-NOT-P00845-001,APPROVED_REPORT_DRAWING_GOLDEN,CALCULATION,HIGH,report
RP-968,G-RPT-0883,report.note.CAL-NOT-P00846-001,APPROVED_REPORT_DRAWING_GOLDEN,CALCULATION,HIGH,report
RP-969,G-RPT-0884,report.note.CAL-NOT-P00848-001,APPROVED_REPORT_DRAWING_GOLDEN,CALCULATION,HIGH,report
RP-970,G-RPT-0885,report.note.CAL-NOT-P00851-001,APPROVED_REPORT_DRAWING_GOLDEN,CALCULATION,HIGH,report
RP-971,G-RPT-0886,report.note.CAL-NOT-P00854-001,APPROVED_REPORT_DRAWING_GOLDEN,CALCULATION,HIGH,report
RP-972,G-RPT-0887,report.note.CAL-NOT-P00860-001,APPROVED_REPORT_DRAWING_GOLDEN,CALCULATION,HIGH,report
RP-1024,G-RPT-0888,report.note.CAL-NOT-P00873-001,APPROVED_REPORT_DRAWING_GOLDEN,CALCULATION,HIGH,report
RP-1025,G-RPT-0889,report.note.CAL-NOT-P00873-002,APPROVED_REPORT_DRAWING_GOLDEN,CALCULATION,HIGH,report
RP-1026,G-RPT-0890,report.note.CAL-NOT-P00873-003,APPROVED_REPORT_DRAWING_GOLDEN,CALCULATION,HIGH,report
RP-1027,G-RPT-0891,report.note.CAL-NOT-P00873-004,APPROVED_REPORT_DRAWING_GOLDEN,CALCULATION,HIGH,report
RP-1028,G-RPT-0892,report.note.CAL-NOT-P00873-005,APPROVED_REPORT_DRAWING_GOLDEN,CALCULATION,HIGH,report
RP-1029,G-RPT-0893,report.note.CAL-NOT-P00873-006,APPROVED_REPORT_DRAWING_GOLDEN,CALCULATION,HIGH,report
RP-1030,G-RPT-0894,report.note.CAL-NOT-P00873-007,APPROVED_REPORT_DRAWING_GOLDEN,CALCULATION,HIGH,report
RP-1031,G-RPT-0895,report.note.CAL-NOT-P00873-008,APPROVED_REPORT_DRAWING_GOLDEN,CALCULATION,HIGH,report
RP-1032,G-RPT-0896,report.note.CAL-NOT-P00873-009,APPROVED_REPORT_DRAWING_GOLDEN,CALCULATION,HIGH,report
RP-1033,G-RPT-0897,report.note.CAL-NOT-P00873-010,APPROVED_REPORT_DRAWING_GOLDEN,CALCULATION,HIGH,report
RP-1034,G-RPT-0898,report.note.CAL-NOT-P00873-011,APPROVED_REPORT_DRAWING_GOLDEN,CALCULATION,HIGH,report
RP-1035,G-RPT-0899,report.note.CAL-NOT-P00873-012,APPROVED_REPORT_DRAWING_GOLDEN,CALCULATION,HIGH,report
RP-1036,G-RPT-0900,report.note.CAL-NOT-P00874-001,APPROVED_REPORT_DRAWING_GOLDEN,CALCULATION,HIGH,report
RP-1037,G-RPT-0901,report.note.CAL-NOT-P00874-002,APPROVED_REPORT_DRAWING_GOLDEN,CALCULATION,HIGH,report
RP-1038,G-RPT-0902,report.note.CAL-NOT-P00894-001,APPROVED_REPORT_DRAWING_GOLDEN,CALCULATION,HIGH,report
RP-1039,G-RPT-0903,report.note.CAL-NOT-P00904-001,APPROVED_REPORT_DRAWING_GOLDEN,CALCULATION,HIGH,report
RP-1155,G-RPT-0904,report.note.CAL-NOT-P01284-001,APPROVED_REPORT_DRAWING_GOLDEN,CALCULATION,HIGH,report
RP-1156,G-RPT-0905,report.note.CAL-NOT-P01284-002,APPROVED_REPORT_DRAWING_GOLDEN,CALCULATION,HIGH,report
RP-1157,G-RPT-0906,report.note.CAL-NOT-P01284-003,APPROVED_REPORT_DRAWING_GOLDEN,CALCULATION,HIGH,report
RP-1158,G-RPT-0907,report.note.CAL-NOT-P01284-004,APPROVED_REPORT_DRAWING_GOLDEN,CALCULATION,HIGH,report
RP-1159,G-RPT-0908,report.note.CAL-NOT-P01285-001,APPROVED_REPORT_DRAWING_GOLDEN,CALCULATION,HIGH,report
RP-1160,G-RPT-0909,report.note.CAL-NOT-P01286-001,APPROVED_REPORT_DRAWING_GOLDEN,CALCULATION,HIGH,report
RP-1161,G-RPT-0910,report.note.CAL-NOT-P01286-002,APPROVED_REPORT_DRAWING_GOLDEN,CALCULATION,HIGH,report
RP-1162,G-RPT-0911,report.note.CAL-NOT-P01318-001,APPROVED_REPORT_DRAWING_GOLDEN,CALCULATION,HIGH,report
RP-1163,G-RPT-0912,report.note.CAL-NOT-P01318-002,APPROVED_REPORT_DRAWING_GOLDEN,CALCULATION,HIGH,report
RP-1164,G-RPT-0913,report.note.CAL-NOT-P01319-001,APPROVED_REPORT_DRAWING_GOLDEN,CALCULATION,HIGH,report
RP-1165,G-RPT-0914,report.note.CAL-NOT-P01319-002,APPROVED_REPORT_DRAWING_GOLDEN,CALCULATION,HIGH,report
RP-1166,G-RPT-0915,report.note.CAL-NOT-P01319-003,APPROVED_REPORT_DRAWING_GOLDEN,CALCULATION,HIGH,report
RP-1167,G-RPT-0916,report.note.CAL-NOT-P01319-004,APPROVED_REPORT_DRAWING_GOLDEN,CALCULATION,HIGH,report
RP-1168,G-RPT-0917,report.note.CAL-NOT-P01322-001,APPROVED_REPORT_DRAWING_GOLDEN,CALCULATION,HIGH,report
RP-1169,G-RPT-0918,report.note.CAL-NOT-P01778-001,APPROVED_REPORT_DRAWING_GOLDEN,CALCULATION,HIGH,report
RP-1170,G-RPT-0919,report.note.CAL-NOT-P01947-001,APPROVED_REPORT_DRAWING_GOLDEN,CALCULATION,HIGH,report
RP-1381,G-RPT-0920,report.note.CH5-NOTE-001,APPROVED_REPORT_DRAWING_GOLDEN,CALCULATION,HIGH,report
RP-1382,G-RPT-0921,report.note.CH5-NOTE-002,APPROVED_REPORT_DRAWING_GOLDEN,CALCULATION,HIGH,report
RP-1383,G-RPT-0922,report.note.CH5-NOTE-003,APPROVED_REPORT_DRAWING_GOLDEN,CALCULATION,HIGH,report
RP-1384,G-RPT-0923,report.note.CH5-NOTE-004,APPROVED_REPORT_DRAWING_GOLDEN,CALCULATION,HIGH,report
RP-1385,G-RPT-0924,report.note.CH5-NOTE-005,APPROVED_REPORT_DRAWING_GOLDEN,CALCULATION,HIGH,report
RP-1386,G-RPT-0925,report.note.CH5-NOTE-006,APPROVED_REPORT_DRAWING_GOLDEN,CALCULATION,HIGH,report
RP-1387,G-RPT-0926,report.note.CH5-NOTE-007,APPROVED_REPORT_DRAWING_GOLDEN,CALCULATION,HIGH,report
RP-1388,G-RPT-0927,report.note.CH5-NOTE-008,APPROVED_REPORT_DRAWING_GOLDEN,CALCULATION,HIGH,report
RP-1389,G-RPT-0928,report.note.CH5-NOTE-009,APPROVED_REPORT_DRAWING_GOLDEN,CALCULATION,HIGH,report
RP-1390,G-RPT-0929,report.note.CH5-NOTE-010,APPROVED_REPORT_DRAWING_GOLDEN,CALCULATION,HIGH,report
RP-1391,G-RPT-0930,report.note.CH5-NOTE-011,APPROVED_REPORT_DRAWING_GOLDEN,CALCULATION,HIGH,report
RP-1392,G-RPT-0931,report.note.CH5-NOTE-012,APPROVED_REPORT_DRAWING_GOLDEN,CALCULATION,HIGH,report
RP-1393,G-RPT-0932,report.note.CH5-NOTE-013,APPROVED_REPORT_DRAWING_GOLDEN,CALCULATION,HIGH,report
RP-1394,G-RPT-0933,report.note.CH5-NOTE-014,APPROVED_REPORT_DRAWING_GOLDEN,CALCULATION,HIGH,report
RP-1395,G-RPT-0934,report.note.CH5-NOTE-015,APPROVED_REPORT_DRAWING_GOLDEN,CALCULATION,HIGH,report
RP-1396,G-RPT-0935,report.note.CH5-NOTE-016,APPROVED_REPORT_DRAWING_GOLDEN,CALCULATION,HIGH,report
RP-1397,G-RPT-0936,report.note.CH5-NOTE-017,APPROVED_REPORT_DRAWING_GOLDEN,CALCULATION,HIGH,report
RP-1398,G-RPT-0937,report.note.CH5-NOTE-018,APPROVED_REPORT_DRAWING_GOLDEN,CALCULATION,HIGH,report
RP-1399,G-RPT-0938,report.note.CH5-NOTE-019,APPROVED_REPORT_DRAWING_GOLDEN,CALCULATION,HIGH,report
RP-1400,G-RPT-0939,report.note.CH5-NOTE-020,APPROVED_REPORT_DRAWING_GOLDEN,CALCULATION,HIGH,report
RP-1401,G-RPT-0940,report.note.CH5-NOTE-021,APPROVED_REPORT_DRAWING_GOLDEN,CALCULATION,HIGH,report
RP-1402,G-RPT-0941,report.note.CH5-NOTE-022,APPROVED_REPORT_DRAWING_GOLDEN,CALCULATION,HIGH,report
RP-133,G-RPT-0942,report.formula.CH2-FML-001,APPROVED_REPORT_DRAWING_GOLDEN,CALCULATION,HIGH,report
RP-136,G-RPT-0943,report.formula.CH2-FML-004,APPROVED_REPORT_DRAWING_GOLDEN,CALCULATION,HIGH,report
RP-261,G-RPT-0944,report.formula.CAL-FML-P00135-001,APPROVED_REPORT_DRAWING_GOLDEN,CALCULATION,HIGH,report
RP-519,G-RPT-0945,report.formula.SRC-calculation_chapter_03_section_3_2_formulas-001,APPROVED_REPORT_DRAWING_GOLDEN,UNKNOWN,HIGH,report
RP-520,G-RPT-0946,report.formula.SRC-calculation_chapter_03_section_3_2_formulas-002,APPROVED_REPORT_DRAWING_GOLDEN,UNKNOWN,HIGH,report
RP-521,G-RPT-0947,report.formula.SRC-calculation_chapter_03_section_3_2_formulas-003,APPROVED_REPORT_DRAWING_GOLDEN,UNKNOWN,HIGH,report
RP-522,G-RPT-0948,report.formula.SRC-calculation_chapter_03_section_3_2_formulas-004,APPROVED_REPORT_DRAWING_GOLDEN,UNKNOWN,HIGH,report
RP-523,G-RPT-0949,report.formula.SRC-calculation_chapter_03_section_3_2_formulas-005,APPROVED_REPORT_DRAWING_GOLDEN,UNKNOWN,HIGH,report
RP-524,G-RPT-0950,report.formula.SRC-calculation_chapter_03_section_3_2_formulas-006,APPROVED_REPORT_DRAWING_GOLDEN,UNKNOWN,HIGH,report
RP-525,G-RPT-0951,report.formula.SRC-calculation_chapter_03_section_3_2_formulas-007,APPROVED_REPORT_DRAWING_GOLDEN,UNKNOWN,HIGH,report
RP-526,G-RPT-0952,report.formula.SRC-calculation_chapter_03_section_3_2_formulas-008,APPROVED_REPORT_DRAWING_GOLDEN,UNKNOWN,HIGH,report
RP-527,G-RPT-0953,report.formula.SRC-calculation_chapter_03_section_3_2_formulas-009,APPROVED_REPORT_DRAWING_GOLDEN,UNKNOWN,HIGH,report
RP-528,G-RPT-0954,report.formula.SRC-calculation_chapter_03_section_3_2_formulas-010,APPROVED_REPORT_DRAWING_GOLDEN,UNKNOWN,HIGH,report
RP-529,G-RPT-0955,report.formula.SRC-calculation_chapter_03_section_3_2_formulas-011,APPROVED_REPORT_DRAWING_GOLDEN,UNKNOWN,HIGH,report
RP-530,G-RPT-0956,report.formula.SRC-calculation_chapter_03_section_3_2_formulas-012,APPROVED_REPORT_DRAWING_GOLDEN,UNKNOWN,HIGH,report
RP-531,G-RPT-0957,report.formula.SRC-calculation_chapter_03_section_3_2_formulas-013,APPROVED_REPORT_DRAWING_GOLDEN,UNKNOWN,HIGH,report
RP-532,G-RPT-0958,report.formula.SRC-calculation_chapter_03_section_3_2_formulas-014,APPROVED_REPORT_DRAWING_GOLDEN,UNKNOWN,HIGH,report
RP-533,G-RPT-0959,report.formula.SRC-calculation_chapter_03_section_3_2_formulas-015,APPROVED_REPORT_DRAWING_GOLDEN,UNKNOWN,HIGH,report
RP-534,G-RPT-0960,report.formula.SRC-calculation_chapter_03_section_3_2_formulas-016,APPROVED_REPORT_DRAWING_GOLDEN,UNKNOWN,HIGH,report
RP-535,G-RPT-0961,report.formula.SRC-calculation_chapter_03_section_3_2_formulas-017,APPROVED_REPORT_DRAWING_GOLDEN,UNKNOWN,HIGH,report
RP-536,G-RPT-0962,report.formula.SRC-calculation_chapter_03_section_3_2_formulas-018,APPROVED_REPORT_DRAWING_GOLDEN,UNKNOWN,HIGH,report
RP-537,G-RPT-0963,report.formula.SRC-calculation_chapter_03_section_3_2_formulas-019,APPROVED_REPORT_DRAWING_GOLDEN,UNKNOWN,HIGH,report
RP-538,G-RPT-0964,report.formula.SRC-calculation_chapter_03_section_3_2_formulas-020,APPROVED_REPORT_DRAWING_GOLDEN,UNKNOWN,HIGH,report
RP-539,G-RPT-0965,report.formula.SRC-calculation_chapter_03_section_3_2_formulas-021,APPROVED_REPORT_DRAWING_GOLDEN,UNKNOWN,HIGH,report
RP-540,G-RPT-0966,report.formula.SRC-calculation_chapter_03_section_3_2_formulas-022,APPROVED_REPORT_DRAWING_GOLDEN,UNKNOWN,HIGH,report
RP-541,G-RPT-0967,report.formula.SRC-calculation_chapter_03_section_3_2_formulas-023,APPROVED_REPORT_DRAWING_GOLDEN,UNKNOWN,HIGH,report
RP-542,G-RPT-0968,report.formula.SRC-calculation_chapter_03_section_3_2_formulas-024,APPROVED_REPORT_DRAWING_GOLDEN,UNKNOWN,HIGH,report
RP-543,G-RPT-0969,report.formula.SRC-calculation_chapter_03_section_3_2_formulas-025,APPROVED_REPORT_DRAWING_GOLDEN,UNKNOWN,HIGH,report
RP-544,G-RPT-0970,report.formula.SRC-calculation_chapter_03_section_3_2_formulas-026,APPROVED_REPORT_DRAWING_GOLDEN,UNKNOWN,HIGH,report
RP-711,G-RPT-0971,report.formula.CAL-FML-P00677-001,APPROVED_REPORT_DRAWING_GOLDEN,CALCULATION,HIGH,report
RP-712,G-RPT-0972,report.formula.CAL-FML-P00685-001,APPROVED_REPORT_DRAWING_GOLDEN,CALCULATION,HIGH,report
RP-715,G-RPT-0973,report.formula.CAL-FML-P00689-001,APPROVED_REPORT_DRAWING_GOLDEN,CALCULATION,HIGH,report
RP-716,G-RPT-0974,report.formula.CAL-FML-P00689-002,APPROVED_REPORT_DRAWING_GOLDEN,CALCULATION,HIGH,report
RP-792,G-RPT-0975,report.formula.CAL-FML-P00769-001,APPROVED_REPORT_DRAWING_GOLDEN,CALCULATION,HIGH,report
RP-862,G-RPT-0976,report.formula.CAL-FML-P00791-007,APPROVED_REPORT_DRAWING_GOLDEN,CALCULATION,HIGH,report
RP-960,G-RPT-0977,report.formula.CAL-FML-P00845-001,APPROVED_REPORT_DRAWING_GOLDEN,CALCULATION,HIGH,report
RP-961,G-RPT-0978,report.formula.CAL-FML-P00846-001,APPROVED_REPORT_DRAWING_GOLDEN,CALCULATION,HIGH,report
RP-962,G-RPT-0979,report.formula.CAL-FML-P00850-001,APPROVED_REPORT_DRAWING_GOLDEN,CALCULATION,HIGH,report
RP-1017,G-RPT-0980,report.formula.CAL-FML-P00873-001,APPROVED_REPORT_DRAWING_GOLDEN,CALCULATION,HIGH,report
RP-1018,G-RPT-0981,report.formula.CAL-FML-P00873-002,APPROVED_REPORT_DRAWING_GOLDEN,CALCULATION,HIGH,report
RP-1019,G-RPT-0982,report.formula.CAL-FML-P00873-003,APPROVED_REPORT_DRAWING_GOLDEN,CALCULATION,HIGH,report
RP-1020,G-RPT-0983,report.formula.CAL-FML-P00873-004,APPROVED_REPORT_DRAWING_GOLDEN,CALCULATION,HIGH,report
RP-1021,G-RPT-0984,report.formula.CAL-FML-P00873-005,APPROVED_REPORT_DRAWING_GOLDEN,CALCULATION,HIGH,report
RP-1022,G-RPT-0985,report.formula.CAL-FML-P00873-006,APPROVED_REPORT_DRAWING_GOLDEN,CALCULATION,HIGH,report
RP-1023,G-RPT-0986,report.formula.CAL-FML-P00893-001,APPROVED_REPORT_DRAWING_GOLDEN,CALCULATION,HIGH,report
RP-1137,G-RPT-0987,report.formula.CAL-FML-P01284-001,APPROVED_REPORT_DRAWING_GOLDEN,CALCULATION,HIGH,report
RP-1138,G-RPT-0988,report.formula.CAL-FML-P01284-002,APPROVED_REPORT_DRAWING_GOLDEN,CALCULATION,HIGH,report
RP-1139,G-RPT-0989,report.formula.CAL-FML-P01321-001,APPROVED_REPORT_DRAWING_GOLDEN,CALCULATION,HIGH,report
RP-1140,G-RPT-0990,report.formula.CAL-FML-P01321-002,APPROVED_REPORT_DRAWING_GOLDEN,CALCULATION,HIGH,report
RP-1147,G-RPT-0991,report.formula.CAL-FML-P01321-009,APPROVED_REPORT_DRAWING_GOLDEN,CALCULATION,HIGH,report
RP-1148,G-RPT-0992,report.formula.CAL-FML-P01321-010,APPROVED_REPORT_DRAWING_GOLDEN,CALCULATION,HIGH,report
RP-1349,G-RPT-0993,report.formula.CH5-FORM-001,APPROVED_REPORT_DRAWING_GOLDEN,CALCULATION,HIGH,report
RP-1350,G-RPT-0994,report.formula.CH5-FORM-002,APPROVED_REPORT_DRAWING_GOLDEN,CALCULATION,HIGH,report
RP-1351,G-RPT-0995,report.formula.CH5-FORM-003,APPROVED_REPORT_DRAWING_GOLDEN,CALCULATION,HIGH,report
RP-1352,G-RPT-0996,report.formula.CH5-FORM-004,APPROVED_REPORT_DRAWING_GOLDEN,CALCULATION,HIGH,report
RP-1353,G-RPT-0997,report.formula.CH5-FORM-005,APPROVED_REPORT_DRAWING_GOLDEN,CALCULATION,HIGH,report
RP-1354,G-RPT-0998,report.formula.CH5-FORM-006,APPROVED_REPORT_DRAWING_GOLDEN,CALCULATION,HIGH,report
RP-1355,G-RPT-0999,report.formula.CH5-FORM-007,APPROVED_REPORT_DRAWING_GOLDEN,CALCULATION,HIGH,report
RP-1356,G-RPT-1000,report.formula.CH5-FORM-008,APPROVED_REPORT_DRAWING_GOLDEN,CALCULATION,HIGH,report
RP-1357,G-RPT-1001,report.formula.CH5-FORM-009,APPROVED_REPORT_DRAWING_GOLDEN,CALCULATION,HIGH,report
RP-1365,G-RPT-1002,report.formula.CH5-FORM-017,APPROVED_REPORT_DRAWING_GOLDEN,CALCULATION,HIGH,report
RP-1366,G-RPT-1003,report.formula.CH5-FORM-018,APPROVED_REPORT_DRAWING_GOLDEN,CALCULATION,HIGH,report
RP-1367,G-RPT-1004,report.formula.CH5-FORM-019,APPROVED_REPORT_DRAWING_GOLDEN,CALCULATION,HIGH,report
RP-1369,G-RPT-1005,report.formula.CH5-FORM-021,APPROVED_REPORT_DRAWING_GOLDEN,CALCULATION,HIGH,report
RP-1370,G-RPT-1006,report.formula.CH5-FORM-022,APPROVED_REPORT_DRAWING_GOLDEN,CALCULATION,HIGH,report
RP-1371,G-RPT-1007,report.formula.CH5-FORM-023,APPROVED_REPORT_DRAWING_GOLDEN,CALCULATION,HIGH,report
RP-1372,G-RPT-1008,report.formula.CH5-FORM-024,APPROVED_REPORT_DRAWING_GOLDEN,CALCULATION,HIGH,report
RP-1375,G-RPT-1009,report.formula.CH5-FORM-027,APPROVED_REPORT_DRAWING_GOLDEN,CALCULATION,HIGH,report
RP-1376,G-RPT-1010,report.formula.CH5-FORM-028,APPROVED_REPORT_DRAWING_GOLDEN,CALCULATION,HIGH,report
RP-1377,G-RPT-1011,report.formula.CH5-FORM-029,APPROVED_REPORT_DRAWING_GOLDEN,CALCULATION,HIGH,report
RP-1379,G-RPT-1012,report.formula.CH5-FORM-031,APPROVED_REPORT_DRAWING_GOLDEN,CALCULATION,HIGH,report
RP-004,G-RPT-1013,report.layout.CH1-PE-001,APPROVED_REPORT_DRAWING_GOLDEN,CALCULATION,HIGH,report
RP-006,G-RPT-1014,report.layout.CH1-PE-002,APPROVED_REPORT_DRAWING_GOLDEN,CALCULATION,HIGH,report
RP-008,G-RPT-1015,report.layout.CH1-PE-003,APPROVED_REPORT_DRAWING_GOLDEN,CALCULATION,HIGH,report
RP-009,G-RPT-1016,report.layout.CH1-PE-004,APPROVED_REPORT_DRAWING_GOLDEN,CALCULATION,HIGH,report
RP-010,G-RPT-1017,report.layout.CH1-PE-005,APPROVED_REPORT_DRAWING_GOLDEN,CALCULATION,HIGH,report
RP-011,G-RPT-1018,report.layout.CH1-PE-006,APPROVED_REPORT_DRAWING_GOLDEN,CALCULATION,HIGH,report
RP-012,G-RPT-1019,report.layout.CH1-PE-007,APPROVED_REPORT_DRAWING_GOLDEN,CALCULATION,HIGH,report
RP-013,G-RPT-1020,report.layout.CH1-PE-008,APPROVED_REPORT_DRAWING_GOLDEN,CALCULATION,HIGH,report
RP-014,G-RPT-1021,report.layout.CH1-PE-009,APPROVED_REPORT_DRAWING_GOLDEN,CALCULATION,HIGH,report
RP-015,G-RPT-1022,report.layout.CH1-PE-010,APPROVED_REPORT_DRAWING_GOLDEN,CALCULATION,HIGH,report
RP-016,G-RPT-1023,report.layout.CH1-PE-011,APPROVED_REPORT_DRAWING_GOLDEN,CALCULATION,HIGH,report
RP-017,G-RPT-1024,report.layout.CH1-PE-012,APPROVED_REPORT_DRAWING_GOLDEN,CALCULATION,HIGH,report
RP-018,G-RPT-1025,report.layout.CH1-PE-013,APPROVED_REPORT_DRAWING_GOLDEN,CALCULATION,HIGH,report
RP-019,G-RPT-1026,report.layout.CH1-PE-014,APPROVED_REPORT_DRAWING_GOLDEN,CALCULATION,HIGH,report
RP-020,G-RPT-1027,report.layout.CH1-PE-015,APPROVED_REPORT_DRAWING_GOLDEN,CALCULATION,HIGH,report
RP-021,G-RPT-1028,report.layout.CH1-PE-016,APPROVED_REPORT_DRAWING_GOLDEN,CALCULATION,HIGH,report
RP-022,G-RPT-1029,report.layout.CH1-PE-017,APPROVED_REPORT_DRAWING_GOLDEN,CALCULATION,HIGH,report
RP-023,G-RPT-1030,report.layout.CH1-PE-018,APPROVED_REPORT_DRAWING_GOLDEN,CALCULATION,HIGH,report
RP-024,G-RPT-1031,report.layout.CH1-PE-019,APPROVED_REPORT_DRAWING_GOLDEN,CALCULATION,HIGH,report
RP-025,G-RPT-1032,report.layout.CH1-PE-020,APPROVED_REPORT_DRAWING_GOLDEN,CALCULATION,HIGH,report
RP-026,G-RPT-1033,report.layout.CH1-PE-021,APPROVED_REPORT_DRAWING_GOLDEN,CALCULATION,HIGH,report
RP-027,G-RPT-1034,report.layout.CH1-PE-022,APPROVED_REPORT_DRAWING_GOLDEN,CALCULATION,HIGH,report
RP-028,G-RPT-1035,report.layout.CH1-PE-023,APPROVED_REPORT_DRAWING_GOLDEN,CALCULATION,HIGH,report
RP-029,G-RPT-1036,report.layout.CH1-PE-024,APPROVED_REPORT_DRAWING_GOLDEN,CALCULATION,HIGH,report
RP-030,G-RPT-1037,report.layout.CH1-PE-025,APPROVED_REPORT_DRAWING_GOLDEN,CALCULATION,HIGH,report
RP-031,G-RPT-1038,report.layout.CH1-PE-026,APPROVED_REPORT_DRAWING_GOLDEN,CALCULATION,HIGH,report
RP-032,G-RPT-1039,report.layout.CH1-PE-027,APPROVED_REPORT_DRAWING_GOLDEN,CALCULATION,HIGH,report
RP-033,G-RPT-1040,report.layout.CH1-PE-028,APPROVED_REPORT_DRAWING_GOLDEN,CALCULATION,HIGH,report
RP-034,G-RPT-1041,report.layout.CH1-PE-029,APPROVED_REPORT_DRAWING_GOLDEN,CALCULATION,HIGH,report
RP-035,G-RPT-1042,report.layout.CH1-PE-030,APPROVED_REPORT_DRAWING_GOLDEN,CALCULATION,HIGH,report
RP-036,G-RPT-1043,report.layout.CH1-PE-031,APPROVED_REPORT_DRAWING_GOLDEN,CALCULATION,HIGH,report
RP-037,G-RPT-1044,report.layout.CH1-PE-032,APPROVED_REPORT_DRAWING_GOLDEN,CALCULATION,HIGH,report
RP-039,G-RPT-1045,report.layout.CH1-PE-033,APPROVED_REPORT_DRAWING_GOLDEN,CALCULATION,HIGH,report
RP-040,G-RPT-1046,report.layout.CH1-PE-034,APPROVED_REPORT_DRAWING_GOLDEN,CALCULATION,HIGH,report
RP-041,G-RPT-1047,report.layout.CH1-PE-035,APPROVED_REPORT_DRAWING_GOLDEN,CALCULATION,HIGH,report
RP-042,G-RPT-1048,report.layout.CH1-PE-036,APPROVED_REPORT_DRAWING_GOLDEN,CALCULATION,HIGH,report
RP-044,G-RPT-1049,report.layout.CH1-PE-037,APPROVED_REPORT_DRAWING_GOLDEN,CALCULATION,HIGH,report
RP-046,G-RPT-1050,report.layout.CH1-PE-038,APPROVED_REPORT_DRAWING_GOLDEN,CALCULATION,HIGH,report
RP-048,G-RPT-1051,report.layout.CH1-PE-039,APPROVED_REPORT_DRAWING_GOLDEN,CALCULATION,HIGH,report
RP-153,G-RPT-1052,report.layout.CH2-PE-001,APPROVED_REPORT_DRAWING_GOLDEN,CALCULATION,HIGH,report
RP-155,G-RPT-1053,report.layout.CH2-PE-002,APPROVED_REPORT_DRAWING_GOLDEN,CALCULATION,HIGH,report
RP-156,G-RPT-1054,report.layout.CH2-PE-003,APPROVED_REPORT_DRAWING_GOLDEN,CALCULATION,HIGH,report
RP-158,G-RPT-1055,report.layout.CH2-PE-004,APPROVED_REPORT_DRAWING_GOLDEN,CALCULATION,HIGH,report
RP-159,G-RPT-1056,report.layout.CH2-PE-005,APPROVED_REPORT_DRAWING_GOLDEN,CALCULATION,HIGH,report
RP-161,G-RPT-1057,report.layout.CH2-PE-006,APPROVED_REPORT_DRAWING_GOLDEN,CALCULATION,HIGH,report
RP-163,G-RPT-1058,report.layout.CH2-PE-007,APPROVED_REPORT_DRAWING_GOLDEN,CALCULATION,HIGH,report
RP-165,G-RPT-1059,report.layout.CH2-PE-008,APPROVED_REPORT_DRAWING_GOLDEN,CALCULATION,HIGH,report
RP-167,G-RPT-1060,report.layout.CH2-PE-009,APPROVED_REPORT_DRAWING_GOLDEN,CALCULATION,HIGH,report
RP-169,G-RPT-1061,report.layout.CH2-PE-010,APPROVED_REPORT_DRAWING_GOLDEN,CALCULATION,HIGH,report
RP-171,G-RPT-1062,report.layout.CH2-PE-011,APPROVED_REPORT_DRAWING_GOLDEN,CALCULATION,HIGH,report
RP-173,G-RPT-1063,report.layout.CH2-PE-012,APPROVED_REPORT_DRAWING_GOLDEN,CALCULATION,HIGH,report
RP-175,G-RPT-1064,report.layout.CH2-PE-013,APPROVED_REPORT_DRAWING_GOLDEN,CALCULATION,HIGH,report
RP-177,G-RPT-1065,report.layout.CH2-PE-014,APPROVED_REPORT_DRAWING_GOLDEN,CALCULATION,HIGH,report
RP-179,G-RPT-1066,report.layout.CH2-PE-015,APPROVED_REPORT_DRAWING_GOLDEN,CALCULATION,HIGH,report
RP-181,G-RPT-1067,report.layout.CH2-PE-016,APPROVED_REPORT_DRAWING_GOLDEN,CALCULATION,HIGH,report
RP-183,G-RPT-1068,report.layout.CH2-PE-017,APPROVED_REPORT_DRAWING_GOLDEN,CALCULATION,HIGH,report
RP-185,G-RPT-1069,report.layout.CH2-PE-018,APPROVED_REPORT_DRAWING_GOLDEN,CALCULATION,HIGH,report
RP-187,G-RPT-1070,report.layout.CH2-PE-019,APPROVED_REPORT_DRAWING_GOLDEN,CALCULATION,HIGH,report
RP-189,G-RPT-1071,report.layout.CH2-PE-020,APPROVED_REPORT_DRAWING_GOLDEN,CALCULATION,HIGH,report
RP-191,G-RPT-1072,report.layout.CH2-PE-021,APPROVED_REPORT_DRAWING_GOLDEN,CALCULATION,HIGH,report
RP-193,G-RPT-1073,report.layout.CH2-PE-022,APPROVED_REPORT_DRAWING_GOLDEN,CALCULATION,HIGH,report
RP-195,G-RPT-1074,report.layout.CH2-PE-023,APPROVED_REPORT_DRAWING_GOLDEN,CALCULATION,HIGH,report
RP-197,G-RPT-1075,report.layout.CH2-PE-024,APPROVED_REPORT_DRAWING_GOLDEN,CALCULATION,HIGH,report
RP-199,G-RPT-1076,report.layout.CH2-PE-025,APPROVED_REPORT_DRAWING_GOLDEN,CALCULATION,HIGH,report
RP-294,G-RPT-1077,report.layout.CAL-P00115-CAL-SEC-3.1-001,APPROVED_REPORT_DRAWING_GOLDEN,CALCULATION,HIGH,report
RP-297,G-RPT-1078,report.layout.CAL-P00116-CAL-SEC-3.1-001,APPROVED_REPORT_DRAWING_GOLDEN,CALCULATION,HIGH,report
RP-299,G-RPT-1079,report.layout.CAL-P00117-CAL-SEC-3.1.1-001,APPROVED_REPORT_DRAWING_GOLDEN,CALCULATION,HIGH,report
RP-301,G-RPT-1080,report.layout.CAL-P00117-CAL-SEC-3.1.1-002,APPROVED_REPORT_DRAWING_GOLDEN,CALCULATION,HIGH,report
RP-302,G-RPT-1081,report.layout.CAL-P00117-CAL-SEC-3.1.1-003,APPROVED_REPORT_DRAWING_GOLDEN,CALCULATION,HIGH,report
RP-303,G-RPT-1082,report.layout.CAL-P00118-CAL-SEC-3.1.2-001,APPROVED_REPORT_DRAWING_GOLDEN,CALCULATION,HIGH,report
RP-305,G-RPT-1083,report.layout.CAL-P00118-CAL-SEC-3.1.2-002,APPROVED_REPORT_DRAWING_GOLDEN,CALCULATION,HIGH,report
RP-306,G-RPT-1084,report.layout.CAL-P00119-CAL-SEC-3.1.2-001,APPROVED_REPORT_DRAWING_GOLDEN,CALCULATION,HIGH,report
RP-308,G-RPT-1085,report.layout.CAL-P00119-CAL-SEC-3.1.2-002,APPROVED_REPORT_DRAWING_GOLDEN,CALCULATION,HIGH,report
RP-309,G-RPT-1086,report.layout.CAL-P00121-CAL-SEC-3.1.2-001,APPROVED_REPORT_DRAWING_GOLDEN,CALCULATION,HIGH,report
RP-311,G-RPT-1087,report.layout.CAL-P00121-CAL-SEC-3.1.2-002,APPROVED_REPORT_DRAWING_GOLDEN,CALCULATION,HIGH,report
RP-313,G-RPT-1088,report.layout.CAL-P00122-CAL-SEC-3.1.2-001,APPROVED_REPORT_DRAWING_GOLDEN,CALCULATION,HIGH,report
RP-315,G-RPT-1089,report.layout.CAL-P00122-CAL-SEC-3.1.2-002,APPROVED_REPORT_DRAWING_GOLDEN,CALCULATION,HIGH,report
RP-317,G-RPT-1090,report.layout.CAL-P00123-CAL-SEC-3.1.2-001,APPROVED_REPORT_DRAWING_GOLDEN,CALCULATION,HIGH,report
RP-319,G-RPT-1091,report.layout.CAL-P00123-CAL-SEC-3.1.2-002,APPROVED_REPORT_DRAWING_GOLDEN,CALCULATION,HIGH,report
RP-320,G-RPT-1092,report.layout.CAL-P00124-CAL-SEC-3.1.2-001,APPROVED_REPORT_DRAWING_GOLDEN,CALCULATION,HIGH,report
RP-322,G-RPT-1093,report.layout.CAL-P00125-CAL-SEC-3.1.2-001,APPROVED_REPORT_DRAWING_GOLDEN,CALCULATION,HIGH,report
RP-324,G-RPT-1094,report.layout.CAL-P00125-CAL-SEC-3.1.2-002,APPROVED_REPORT_DRAWING_GOLDEN,CALCULATION,HIGH,report
RP-325,G-RPT-1095,report.layout.CAL-P00126-CAL-SEC-3.1.2-001,APPROVED_REPORT_DRAWING_GOLDEN,CALCULATION,HIGH,report
RP-327,G-RPT-1096,report.layout.CAL-P00126-CAL-SEC-3.1.2-002,APPROVED_REPORT_DRAWING_GOLDEN,CALCULATION,HIGH,report
RP-328,G-RPT-1097,report.layout.CAL-P00127-CAL-SEC-3.1.2-001,APPROVED_REPORT_DRAWING_GOLDEN,CALCULATION,HIGH,report
RP-330,G-RPT-1098,report.layout.CAL-P00128-CAL-SEC-3.1.2-001,APPROVED_REPORT_DRAWING_GOLDEN,CALCULATION,HIGH,report
RP-332,G-RPT-1099,report.layout.CAL-P00128-CAL-SEC-3.1.2-002,APPROVED_REPORT_DRAWING_GOLDEN,CALCULATION,HIGH,report
RP-333,G-RPT-1100,report.layout.CAL-P00129-CAL-SEC-3.1.2-001,APPROVED_REPORT_DRAWING_GOLDEN,CALCULATION,HIGH,report
RP-335,G-RPT-1101,report.layout.CAL-P00130-CAL-SEC-3.1.2-001,APPROVED_REPORT_DRAWING_GOLDEN,CALCULATION,HIGH,report
RP-337,G-RPT-1102,report.layout.CAL-P00131-CAL-SEC-3.1.2-001,APPROVED_REPORT_DRAWING_GOLDEN,CALCULATION,HIGH,report
RP-339,G-RPT-1103,report.layout.CAL-P00131-CAL-SEC-3.1.2-002,APPROVED_REPORT_DRAWING_GOLDEN,CALCULATION,HIGH,report
RP-340,G-RPT-1104,report.layout.CAL-P00132-CAL-SEC-3.1.2-001,APPROVED_REPORT_DRAWING_GOLDEN,CALCULATION,HIGH,report
RP-342,G-RPT-1105,report.layout.CAL-P00132-CAL-SEC-3.1.2-002,APPROVED_REPORT_DRAWING_GOLDEN,CALCULATION,HIGH,report
RP-344,G-RPT-1106,report.layout.CAL-P00133-CAL-SEC-3.1.2-001,APPROVED_REPORT_DRAWING_GOLDEN,CALCULATION,HIGH,report
RP-346,G-RPT-1107,report.layout.CAL-P00133-CAL-SEC-3.1.2-002,APPROVED_REPORT_DRAWING_GOLDEN,CALCULATION,HIGH,report
RP-347,G-RPT-1108,report.layout.CAL-P00134-CAL-SEC-3.1.2-001,APPROVED_REPORT_DRAWING_GOLDEN,CALCULATION,HIGH,report
RP-348,G-RPT-1109,report.layout.CAL-P00135-CAL-SEC-3.1.2-001,APPROVED_REPORT_DRAWING_GOLDEN,CALCULATION,HIGH,report
RP-349,G-RPT-1110,report.layout.CAL-P00135-CAL-SEC-3.1.2-002,APPROVED_REPORT_DRAWING_GOLDEN,CALCULATION,HIGH,report
RP-351,G-RPT-1111,report.layout.CAL-P00135-CAL-SEC-3.1.2-003,APPROVED_REPORT_DRAWING_GOLDEN,CALCULATION,HIGH,report
RP-353,G-RPT-1112,report.layout.CAL-P00135-CAL-SEC-3.1.2-004,APPROVED_REPORT_DRAWING_GOLDEN,CALCULATION,HIGH,report
RP-354,G-RPT-1113,report.layout.CAL-P00136-CAL-SEC-3.1.2-001,APPROVED_REPORT_DRAWING_GOLDEN,CALCULATION,HIGH,report
RP-356,G-RPT-1114,report.layout.CAL-P00137-CAL-SEC-3.1.2-001,APPROVED_REPORT_DRAWING_GOLDEN,CALCULATION,HIGH,report
RP-358,G-RPT-1115,report.layout.CAL-P00138-CAL-SEC-3.1.2-001,APPROVED_REPORT_DRAWING_GOLDEN,CALCULATION,HIGH,report
RP-359,G-RPT-1116,report.layout.CAL-P00138-CAL-SEC-3.1.2-002,APPROVED_REPORT_DRAWING_GOLDEN,CALCULATION,HIGH,report
RP-360,G-RPT-1117,report.layout.CAL-P00139-CAL-SEC-3.1.2-001,APPROVED_REPORT_DRAWING_GOLDEN,CALCULATION,HIGH,report
RP-362,G-RPT-1118,report.layout.CAL-P00139-CAL-SEC-3.1.2-002,APPROVED_REPORT_DRAWING_GOLDEN,CALCULATION,HIGH,report
RP-363,G-RPT-1119,report.layout.CAL-P00140-CAL-SEC-3.1.2-001,APPROVED_REPORT_DRAWING_GOLDEN,CALCULATION,HIGH,report
RP-364,G-RPT-1120,report.layout.CAL-P00140-CAL-SEC-3.1.2-002,APPROVED_REPORT_DRAWING_GOLDEN,CALCULATION,HIGH,report
RP-365,G-RPT-1121,report.layout.CAL-P00141-CAL-SEC-3.1.3-001,APPROVED_REPORT_DRAWING_GOLDEN,CALCULATION,HIGH,report
RP-367,G-RPT-1122,report.layout.CAL-P00141-CAL-SEC-3.1.3-002,APPROVED_REPORT_DRAWING_GOLDEN,CALCULATION,HIGH,report
RP-368,G-RPT-1123,report.layout.CAL-P00141-CAL-SEC-3.1.3-003,APPROVED_REPORT_DRAWING_GOLDEN,CALCULATION,HIGH,report
RP-369,G-RPT-1124,report.layout.CAL-P00142-CAL-SEC-3.1.4-001,APPROVED_REPORT_DRAWING_GOLDEN,CALCULATION,HIGH,report
RP-371,G-RPT-1125,report.layout.CAL-P00142-CAL-SEC-3.1.4-002,APPROVED_REPORT_DRAWING_GOLDEN,CALCULATION,HIGH,report
RP-372,G-RPT-1126,report.layout.CAL-P00143-CAL-SEC-3.1.5-001,APPROVED_REPORT_DRAWING_GOLDEN,CALCULATION,HIGH,report
RP-374,G-RPT-1127,report.layout.CAL-P00143-CAL-SEC-3.1.5-002,APPROVED_REPORT_DRAWING_GOLDEN,CALCULATION,HIGH,report
RP-375,G-RPT-1128,report.layout.CAL-P00144-CAL-SEC-3.1.5-001,APPROVED_REPORT_DRAWING_GOLDEN,CALCULATION,HIGH,report
RP-376,G-RPT-1129,report.layout.CAL-P00145-CAL-SEC-3.1.6-001,APPROVED_REPORT_DRAWING_GOLDEN,CALCULATION,HIGH,report
RP-378,G-RPT-1130,report.layout.CAL-P00145-CAL-SEC-3.1.6-002,APPROVED_REPORT_DRAWING_GOLDEN,CALCULATION,HIGH,report
RP-379,G-RPT-1131,report.layout.CAL-P00146-CAL-SEC-3.1.6-001,APPROVED_REPORT_DRAWING_GOLDEN,CALCULATION,HIGH,report
RP-380,G-RPT-1132,report.layout.CAL-P00147-CAL-SEC-3.1.6-001,APPROVED_REPORT_DRAWING_GOLDEN,CALCULATION,HIGH,report
RP-381,G-RPT-1133,report.layout.CAL-P00148-CAL-SEC-3.1.6-001,APPROVED_REPORT_DRAWING_GOLDEN,CALCULATION,HIGH,report
RP-382,G-RPT-1134,report.layout.CAL-P00149-CAL-SEC-3.1.6-001,APPROVED_REPORT_DRAWING_GOLDEN,CALCULATION,HIGH,report
RP-383,G-RPT-1135,report.layout.CAL-P00150-CAL-SEC-3.1.6-001,APPROVED_REPORT_DRAWING_GOLDEN,CALCULATION,HIGH,report
RP-384,G-RPT-1136,report.layout.CAL-P00151-CAL-SEC-3.1.6-001,APPROVED_REPORT_DRAWING_GOLDEN,CALCULATION,HIGH,report
RP-385,G-RPT-1137,report.layout.CAL-P00178-CAL-SEC-3.1.6-001,APPROVED_REPORT_DRAWING_GOLDEN,CALCULATION,HIGH,report
RP-386,G-RPT-1138,report.layout.CAL-P00179-CAL-SEC-3.1.6-001,APPROVED_REPORT_DRAWING_GOLDEN,CALCULATION,HIGH,report
RP-387,G-RPT-1139,report.layout.CAL-P00180-CAL-SEC-3.1.7-001,APPROVED_REPORT_DRAWING_GOLDEN,CALCULATION,HIGH,report
RP-389,G-RPT-1140,report.layout.CAL-P00180-CAL-SEC-3.1.7-002,APPROVED_REPORT_DRAWING_GOLDEN,CALCULATION,HIGH,report
RP-390,G-RPT-1141,report.layout.CAL-P00182-CAL-SEC-3.1.7-001,APPROVED_REPORT_DRAWING_GOLDEN,CALCULATION,HIGH,report
RP-391,G-RPT-1142,report.layout.CAL-P00221-CAL-SEC-3.1.7-001,APPROVED_REPORT_DRAWING_GOLDEN,CALCULATION,HIGH,report
RP-392,G-RPT-1143,report.layout.CAL-P00222-CAL-SEC-3.1.8-001,APPROVED_REPORT_DRAWING_GOLDEN,CALCULATION,HIGH,report
RP-394,G-RPT-1144,report.layout.CAL-P00222-CAL-SEC-3.1.8-002,APPROVED_REPORT_DRAWING_GOLDEN,CALCULATION,HIGH,report
RP-395,G-RPT-1145,report.layout.CAL-P00223-CAL-SEC-3.1.8-001,APPROVED_REPORT_DRAWING_GOLDEN,CALCULATION,HIGH,report
RP-396,G-RPT-1146,report.layout.CAL-P00276-CAL-SEC-3.1.8-001,APPROVED_REPORT_DRAWING_GOLDEN,CALCULATION,HIGH,report
RP-397,G-RPT-1147,report.layout.CAL-P00277-CAL-SEC-3.1.9-001,APPROVED_REPORT_DRAWING_GOLDEN,CALCULATION,HIGH,report
RP-399,G-RPT-1148,report.layout.CAL-P00290-CAL-SEC-3.1.9-001,APPROVED_REPORT_DRAWING_GOLDEN,CALCULATION,HIGH,report
RP-581,G-RPT-1149,report.layout.SRC-calculation_chapter_03_section_3_2_page_elements-001,APPROVED_REPORT_DRAWING_GOLDEN,UNKNOWN,HIGH,report
RP-582,G-RPT-1150,report.layout.SRC-calculation_chapter_03_section_3_2_page_elements-002,APPROVED_REPORT_DRAWING_GOLDEN,UNKNOWN,HIGH,report
RP-583,G-RPT-1151,report.layout.SRC-calculation_chapter_03_section_3_2_page_elements-003,APPROVED_REPORT_DRAWING_GOLDEN,UNKNOWN,HIGH,report
RP-584,G-RPT-1152,report.layout.SRC-calculation_chapter_03_section_3_2_page_elements-004,APPROVED_REPORT_DRAWING_GOLDEN,UNKNOWN,HIGH,report
RP-585,G-RPT-1153,report.layout.SRC-calculation_chapter_03_section_3_2_page_elements-005,APPROVED_REPORT_DRAWING_GOLDEN,UNKNOWN,HIGH,report
RP-586,G-RPT-1154,report.layout.SRC-calculation_chapter_03_section_3_2_page_elements-006,APPROVED_REPORT_DRAWING_GOLDEN,UNKNOWN,HIGH,report
RP-587,G-RPT-1155,report.layout.SRC-calculation_chapter_03_section_3_2_page_elements-007,APPROVED_REPORT_DRAWING_GOLDEN,UNKNOWN,HIGH,report
RP-588,G-RPT-1156,report.layout.SRC-calculation_chapter_03_section_3_2_page_elements-008,APPROVED_REPORT_DRAWING_GOLDEN,UNKNOWN,HIGH,report
RP-589,G-RPT-1157,report.layout.SRC-calculation_chapter_03_section_3_2_page_elements-009,APPROVED_REPORT_DRAWING_GOLDEN,UNKNOWN,HIGH,report
RP-590,G-RPT-1158,report.layout.SRC-calculation_chapter_03_section_3_2_page_elements-010,APPROVED_REPORT_DRAWING_GOLDEN,UNKNOWN,HIGH,report
RP-591,G-RPT-1159,report.layout.SRC-calculation_chapter_03_section_3_2_page_elements-011,APPROVED_REPORT_DRAWING_GOLDEN,UNKNOWN,HIGH,report
RP-592,G-RPT-1160,report.layout.SRC-calculation_chapter_03_section_3_2_page_elements-012,APPROVED_REPORT_DRAWING_GOLDEN,UNKNOWN,HIGH,report
RP-593,G-RPT-1161,report.layout.SRC-calculation_chapter_03_section_3_2_page_elements-013,APPROVED_REPORT_DRAWING_GOLDEN,UNKNOWN,HIGH,report
RP-594,G-RPT-1162,report.layout.SRC-calculation_chapter_03_section_3_2_page_elements-014,APPROVED_REPORT_DRAWING_GOLDEN,UNKNOWN,HIGH,report
RP-595,G-RPT-1163,report.layout.SRC-calculation_chapter_03_section_3_2_page_elements-015,APPROVED_REPORT_DRAWING_GOLDEN,UNKNOWN,HIGH,report
RP-596,G-RPT-1164,report.layout.SRC-calculation_chapter_03_section_3_2_page_elements-016,APPROVED_REPORT_DRAWING_GOLDEN,UNKNOWN,HIGH,report
RP-597,G-RPT-1165,report.layout.SRC-calculation_chapter_03_section_3_2_page_elements-017,APPROVED_REPORT_DRAWING_GOLDEN,UNKNOWN,HIGH,report
RP-598,G-RPT-1166,report.layout.SRC-calculation_chapter_03_section_3_2_page_elements-018,APPROVED_REPORT_DRAWING_GOLDEN,UNKNOWN,HIGH,report
RP-599,G-RPT-1167,report.layout.SRC-calculation_chapter_03_section_3_2_page_elements-019,APPROVED_REPORT_DRAWING_GOLDEN,UNKNOWN,HIGH,report
RP-600,G-RPT-1168,report.layout.SRC-calculation_chapter_03_section_3_2_page_elements-020,APPROVED_REPORT_DRAWING_GOLDEN,UNKNOWN,HIGH,report
RP-601,G-RPT-1169,report.layout.SRC-calculation_chapter_03_section_3_2_page_elements-021,APPROVED_REPORT_DRAWING_GOLDEN,UNKNOWN,HIGH,report
RP-602,G-RPT-1170,report.layout.SRC-calculation_chapter_03_section_3_2_page_elements-022,APPROVED_REPORT_DRAWING_GOLDEN,UNKNOWN,HIGH,report
RP-603,G-RPT-1171,report.layout.SRC-calculation_chapter_03_section_3_2_page_elements-023,APPROVED_REPORT_DRAWING_GOLDEN,UNKNOWN,HIGH,report
RP-604,G-RPT-1172,report.layout.SRC-calculation_chapter_03_section_3_2_page_elements-024,APPROVED_REPORT_DRAWING_GOLDEN,UNKNOWN,HIGH,report
RP-605,G-RPT-1173,report.layout.SRC-calculation_chapter_03_section_3_2_page_elements-025,APPROVED_REPORT_DRAWING_GOLDEN,UNKNOWN,HIGH,report
RP-606,G-RPT-1174,report.layout.SRC-calculation_chapter_03_section_3_2_page_elements-026,APPROVED_REPORT_DRAWING_GOLDEN,UNKNOWN,HIGH,report
RP-607,G-RPT-1175,report.layout.SRC-calculation_chapter_03_section_3_2_page_elements-027,APPROVED_REPORT_DRAWING_GOLDEN,UNKNOWN,HIGH,report
RP-608,G-RPT-1176,report.layout.SRC-calculation_chapter_03_section_3_2_page_elements-028,APPROVED_REPORT_DRAWING_GOLDEN,UNKNOWN,HIGH,report
RP-609,G-RPT-1177,report.layout.SRC-calculation_chapter_03_section_3_2_page_elements-029,APPROVED_REPORT_DRAWING_GOLDEN,UNKNOWN,HIGH,report
RP-610,G-RPT-1178,report.layout.SRC-calculation_chapter_03_section_3_2_page_elements-030,APPROVED_REPORT_DRAWING_GOLDEN,UNKNOWN,HIGH,report
RP-611,G-RPT-1179,report.layout.SRC-calculation_chapter_03_section_3_2_page_elements-031,APPROVED_REPORT_DRAWING_GOLDEN,UNKNOWN,HIGH,report
RP-612,G-RPT-1180,report.layout.SRC-calculation_chapter_03_section_3_2_page_elements-032,APPROVED_REPORT_DRAWING_GOLDEN,UNKNOWN,HIGH,report
RP-613,G-RPT-1181,report.layout.SRC-calculation_chapter_03_section_3_2_page_elements-033,APPROVED_REPORT_DRAWING_GOLDEN,UNKNOWN,HIGH,report
RP-614,G-RPT-1182,report.layout.SRC-calculation_chapter_03_section_3_2_page_elements-034,APPROVED_REPORT_DRAWING_GOLDEN,UNKNOWN,HIGH,report
RP-615,G-RPT-1183,report.layout.SRC-calculation_chapter_03_section_3_2_page_elements-035,APPROVED_REPORT_DRAWING_GOLDEN,UNKNOWN,HIGH,report
RP-616,G-RPT-1184,report.layout.SRC-calculation_chapter_03_section_3_2_page_elements-036,APPROVED_REPORT_DRAWING_GOLDEN,UNKNOWN,HIGH,report
RP-617,G-RPT-1185,report.layout.SRC-calculation_chapter_03_section_3_2_page_elements-037,APPROVED_REPORT_DRAWING_GOLDEN,UNKNOWN,HIGH,report
RP-618,G-RPT-1186,report.layout.SRC-calculation_chapter_03_section_3_2_page_elements-038,APPROVED_REPORT_DRAWING_GOLDEN,UNKNOWN,HIGH,report
RP-619,G-RPT-1187,report.layout.SRC-calculation_chapter_03_section_3_2_page_elements-039,APPROVED_REPORT_DRAWING_GOLDEN,UNKNOWN,HIGH,report
RP-620,G-RPT-1188,report.layout.SRC-calculation_chapter_03_section_3_2_page_elements-040,APPROVED_REPORT_DRAWING_GOLDEN,UNKNOWN,HIGH,report
RP-621,G-RPT-1189,report.layout.SRC-calculation_chapter_03_section_3_2_page_elements-041,APPROVED_REPORT_DRAWING_GOLDEN,UNKNOWN,HIGH,report
RP-622,G-RPT-1190,report.layout.SRC-calculation_chapter_03_section_3_2_page_elements-042,APPROVED_REPORT_DRAWING_GOLDEN,UNKNOWN,HIGH,report
RP-623,G-RPT-1191,report.layout.SRC-calculation_chapter_03_section_3_2_page_elements-043,APPROVED_REPORT_DRAWING_GOLDEN,UNKNOWN,HIGH,report
RP-624,G-RPT-1192,report.layout.SRC-calculation_chapter_03_section_3_2_page_elements-044,APPROVED_REPORT_DRAWING_GOLDEN,UNKNOWN,HIGH,report
RP-625,G-RPT-1193,report.layout.SRC-calculation_chapter_03_section_3_2_page_elements-045,APPROVED_REPORT_DRAWING_GOLDEN,UNKNOWN,HIGH,report
RP-626,G-RPT-1194,report.layout.SRC-calculation_chapter_03_section_3_2_page_elements-046,APPROVED_REPORT_DRAWING_GOLDEN,UNKNOWN,HIGH,report
RP-627,G-RPT-1195,report.layout.SRC-calculation_chapter_03_section_3_2_page_elements-047,APPROVED_REPORT_DRAWING_GOLDEN,UNKNOWN,HIGH,report
RP-628,G-RPT-1196,report.layout.SRC-calculation_chapter_03_section_3_2_page_elements-048,APPROVED_REPORT_DRAWING_GOLDEN,UNKNOWN,HIGH,report
RP-629,G-RPT-1197,report.layout.SRC-calculation_chapter_03_section_3_2_page_elements-049,APPROVED_REPORT_DRAWING_GOLDEN,UNKNOWN,HIGH,report
RP-630,G-RPT-1198,report.layout.SRC-calculation_chapter_03_section_3_2_page_elements-050,APPROVED_REPORT_DRAWING_GOLDEN,UNKNOWN,HIGH,report
RP-631,G-RPT-1199,report.layout.SRC-calculation_chapter_03_section_3_2_page_elements-051,APPROVED_REPORT_DRAWING_GOLDEN,UNKNOWN,HIGH,report
RP-632,G-RPT-1200,report.layout.SRC-calculation_chapter_03_section_3_2_page_elements-052,APPROVED_REPORT_DRAWING_GOLDEN,UNKNOWN,HIGH,report
RP-633,G-RPT-1201,report.layout.SRC-calculation_chapter_03_section_3_2_page_elements-053,APPROVED_REPORT_DRAWING_GOLDEN,UNKNOWN,HIGH,report
RP-634,G-RPT-1202,report.layout.SRC-calculation_chapter_03_section_3_2_page_elements-054,APPROVED_REPORT_DRAWING_GOLDEN,UNKNOWN,HIGH,report
RP-635,G-RPT-1203,report.layout.SRC-calculation_chapter_03_section_3_2_page_elements-055,APPROVED_REPORT_DRAWING_GOLDEN,UNKNOWN,HIGH,report
RP-636,G-RPT-1204,report.layout.SRC-calculation_chapter_03_section_3_2_page_elements-056,APPROVED_REPORT_DRAWING_GOLDEN,UNKNOWN,HIGH,report
RP-637,G-RPT-1205,report.layout.SRC-calculation_chapter_03_section_3_2_page_elements-057,APPROVED_REPORT_DRAWING_GOLDEN,UNKNOWN,HIGH,report
RP-638,G-RPT-1206,report.layout.SRC-calculation_chapter_03_section_3_2_page_elements-058,APPROVED_REPORT_DRAWING_GOLDEN,UNKNOWN,HIGH,report
RP-639,G-RPT-1207,report.layout.SRC-calculation_chapter_03_section_3_2_page_elements-059,APPROVED_REPORT_DRAWING_GOLDEN,UNKNOWN,HIGH,report
RP-640,G-RPT-1208,report.layout.SRC-calculation_chapter_03_section_3_2_page_elements-060,APPROVED_REPORT_DRAWING_GOLDEN,UNKNOWN,HIGH,report
RP-641,G-RPT-1209,report.layout.SRC-calculation_chapter_03_section_3_2_page_elements-061,APPROVED_REPORT_DRAWING_GOLDEN,UNKNOWN,HIGH,report
RP-642,G-RPT-1210,report.layout.SRC-calculation_chapter_03_section_3_2_page_elements-062,APPROVED_REPORT_DRAWING_GOLDEN,UNKNOWN,HIGH,report
RP-643,G-RPT-1211,report.layout.SRC-calculation_chapter_03_section_3_2_page_elements-063,APPROVED_REPORT_DRAWING_GOLDEN,UNKNOWN,HIGH,report
RP-644,G-RPT-1212,report.layout.SRC-calculation_chapter_03_section_3_2_page_elements-064,APPROVED_REPORT_DRAWING_GOLDEN,UNKNOWN,HIGH,report
RP-645,G-RPT-1213,report.layout.SRC-calculation_chapter_03_section_3_2_page_elements-065,APPROVED_REPORT_DRAWING_GOLDEN,UNKNOWN,HIGH,report
RP-646,G-RPT-1214,report.layout.SRC-calculation_chapter_03_section_3_2_page_elements-066,APPROVED_REPORT_DRAWING_GOLDEN,UNKNOWN,HIGH,report
RP-647,G-RPT-1215,report.layout.SRC-calculation_chapter_03_section_3_2_page_elements-067,APPROVED_REPORT_DRAWING_GOLDEN,UNKNOWN,HIGH,report
RP-648,G-RPT-1216,report.layout.SRC-calculation_chapter_03_section_3_2_page_elements-068,APPROVED_REPORT_DRAWING_GOLDEN,UNKNOWN,HIGH,report
RP-649,G-RPT-1217,report.layout.SRC-calculation_chapter_03_section_3_2_page_elements-069,APPROVED_REPORT_DRAWING_GOLDEN,UNKNOWN,HIGH,report
RP-650,G-RPT-1218,report.layout.SRC-calculation_chapter_03_section_3_2_page_elements-070,APPROVED_REPORT_DRAWING_GOLDEN,UNKNOWN,HIGH,report
RP-651,G-RPT-1219,report.layout.SRC-calculation_chapter_03_section_3_2_page_elements-071,APPROVED_REPORT_DRAWING_GOLDEN,UNKNOWN,HIGH,report
RP-652,G-RPT-1220,report.layout.SRC-calculation_chapter_03_section_3_2_page_elements-072,APPROVED_REPORT_DRAWING_GOLDEN,UNKNOWN,HIGH,report
RP-653,G-RPT-1221,report.layout.SRC-calculation_chapter_03_section_3_2_page_elements-073,APPROVED_REPORT_DRAWING_GOLDEN,UNKNOWN,HIGH,report
RP-654,G-RPT-1222,report.layout.SRC-calculation_chapter_03_section_3_2_page_elements-074,APPROVED_REPORT_DRAWING_GOLDEN,UNKNOWN,HIGH,report
RP-655,G-RPT-1223,report.layout.SRC-calculation_chapter_03_section_3_2_page_elements-075,APPROVED_REPORT_DRAWING_GOLDEN,UNKNOWN,HIGH,report
RP-656,G-RPT-1224,report.layout.SRC-calculation_chapter_03_section_3_2_page_elements-076,APPROVED_REPORT_DRAWING_GOLDEN,UNKNOWN,HIGH,report
RP-657,G-RPT-1225,report.layout.SRC-calculation_chapter_03_section_3_2_page_elements-077,APPROVED_REPORT_DRAWING_GOLDEN,UNKNOWN,HIGH,report
RP-726,G-RPT-1226,report.layout.CAL-P00675-CAL-SEC-3.3-001,APPROVED_REPORT_DRAWING_GOLDEN,CALCULATION,HIGH,report
RP-728,G-RPT-1227,report.layout.CAL-P00676-CAL-SEC-3.3.1-001,APPROVED_REPORT_DRAWING_GOLDEN,CALCULATION,HIGH,report
RP-730,G-RPT-1228,report.layout.CAL-P00676-CAL-SEC-3.3.1-002,APPROVED_REPORT_DRAWING_GOLDEN,CALCULATION,HIGH,report
RP-731,G-RPT-1229,report.layout.CAL-P00676-CAL-SEC-3.3.1-003,APPROVED_REPORT_DRAWING_GOLDEN,CALCULATION,HIGH,report
RP-732,G-RPT-1230,report.layout.CAL-P00676-CAL-SEC-3.3.1-004,APPROVED_REPORT_DRAWING_GOLDEN,CALCULATION,HIGH,report
RP-733,G-RPT-1231,report.layout.CAL-P00677-CAL-SEC-3.3.1-001,APPROVED_REPORT_DRAWING_GOLDEN,CALCULATION,HIGH,report
RP-734,G-RPT-1232,report.layout.CAL-P00677-CAL-SEC-3.3.1-002,APPROVED_REPORT_DRAWING_GOLDEN,CALCULATION,HIGH,report
RP-735,G-RPT-1233,report.layout.CAL-P00678-CAL-SEC-3.3.1-001,APPROVED_REPORT_DRAWING_GOLDEN,CALCULATION,HIGH,report
RP-736,G-RPT-1234,report.layout.CAL-P00679-CAL-SEC-3.3.2-001,APPROVED_REPORT_DRAWING_GOLDEN,CALCULATION,HIGH,report
RP-738,G-RPT-1235,report.layout.CAL-P00679-CAL-SEC-3.3.2-002,APPROVED_REPORT_DRAWING_GOLDEN,CALCULATION,HIGH,report
RP-739,G-RPT-1236,report.layout.CAL-P00679-CAL-SEC-3.3.2-003,APPROVED_REPORT_DRAWING_GOLDEN,CALCULATION,HIGH,report
RP-740,G-RPT-1237,report.layout.CAL-P00685-CAL-SEC-3.3.3-001,APPROVED_REPORT_DRAWING_GOLDEN,CALCULATION,HIGH,report
RP-742,G-RPT-1238,report.layout.CAL-P00685-CAL-SEC-3.3.3-002,APPROVED_REPORT_DRAWING_GOLDEN,CALCULATION,HIGH,report
RP-743,G-RPT-1239,report.layout.CAL-P00686-CAL-SEC-3.3.3-001,APPROVED_REPORT_DRAWING_GOLDEN,CALCULATION,HIGH,report
RP-744,G-RPT-1240,report.layout.CAL-P00686-CAL-SEC-3.3.3-002,APPROVED_REPORT_DRAWING_GOLDEN,CALCULATION,HIGH,report
RP-745,G-RPT-1241,report.layout.CAL-P00687-CAL-SEC-3.3.4-001,APPROVED_REPORT_DRAWING_GOLDEN,CALCULATION,HIGH,report
RP-747,G-RPT-1242,report.layout.CAL-P00687-CAL-SEC-3.3.4-002,APPROVED_REPORT_DRAWING_GOLDEN,CALCULATION,HIGH,report
RP-748,G-RPT-1243,report.layout.CAL-P00688-CAL-SEC-3.3.4-001,APPROVED_REPORT_DRAWING_GOLDEN,CALCULATION,HIGH,report
RP-750,G-RPT-1244,report.layout.CAL-P00689-CAL-SEC-3.3.4-001,APPROVED_REPORT_DRAWING_GOLDEN,CALCULATION,HIGH,report
RP-751,G-RPT-1245,report.layout.CAL-P00689-CAL-SEC-3.3.4-002,APPROVED_REPORT_DRAWING_GOLDEN,CALCULATION,HIGH,report
RP-752,G-RPT-1246,report.layout.CAL-P00691-CAL-SEC-3.3.4-001,APPROVED_REPORT_DRAWING_GOLDEN,CALCULATION,HIGH,report
RP-753,G-RPT-1247,report.layout.CAL-P00696-CAL-SEC-3.3.4-001,APPROVED_REPORT_DRAWING_GOLDEN,CALCULATION,HIGH,report
RP-755,G-RPT-1248,report.layout.CAL-P00696-CAL-SEC-3.3.4-002,APPROVED_REPORT_DRAWING_GOLDEN,CALCULATION,HIGH,report
RP-756,G-RPT-1249,report.layout.CAL-P00698-CAL-SEC-3.3.4-001,APPROVED_REPORT_DRAWING_GOLDEN,CALCULATION,HIGH,report
RP-757,G-RPT-1250,report.layout.CAL-P00704-CAL-SEC-3.3.5-001,APPROVED_REPORT_DRAWING_GOLDEN,CALCULATION,HIGH,report
RP-759,G-RPT-1251,report.layout.CAL-P00704-CAL-SEC-3.3.5-002,APPROVED_REPORT_DRAWING_GOLDEN,CALCULATION,HIGH,report
RP-760,G-RPT-1252,report.layout.CAL-P00705-CAL-SEC-3.3.5-001,APPROVED_REPORT_DRAWING_GOLDEN,CALCULATION,HIGH,report
RP-761,G-RPT-1253,report.layout.CAL-P00707-CAL-SEC-3.3.5-001,APPROVED_REPORT_DRAWING_GOLDEN,CALCULATION,HIGH,report
RP-762,G-RPT-1254,report.layout.CAL-P00710-CAL-SEC-3.3.5-001,APPROVED_REPORT_DRAWING_GOLDEN,CALCULATION,HIGH,report
RP-763,G-RPT-1255,report.layout.CAL-P00711-CAL-SEC-3.3.5-001,APPROVED_REPORT_DRAWING_GOLDEN,CALCULATION,HIGH,report
RP-764,G-RPT-1256,report.layout.CAL-P00714-CAL-SEC-3.3.5-001,APPROVED_REPORT_DRAWING_GOLDEN,CALCULATION,HIGH,report
RP-765,G-RPT-1257,report.layout.CAL-P00720-CAL-SEC-3.3.5-001,APPROVED_REPORT_DRAWING_GOLDEN,CALCULATION,HIGH,report
RP-766,G-RPT-1258,report.layout.CAL-P00735-CAL-SEC-3.3.6-001,APPROVED_REPORT_DRAWING_GOLDEN,CALCULATION,HIGH,report
RP-768,G-RPT-1259,report.layout.CAL-P00735-CAL-SEC-3.3.6-002,APPROVED_REPORT_DRAWING_GOLDEN,CALCULATION,HIGH,report
RP-769,G-RPT-1260,report.layout.CAL-P00736-CAL-SEC-3.3.6-001,APPROVED_REPORT_DRAWING_GOLDEN,CALCULATION,HIGH,report
RP-770,G-RPT-1261,report.layout.CAL-P00738-CAL-SEC-3.3.6-001,APPROVED_REPORT_DRAWING_GOLDEN,CALCULATION,HIGH,report
RP-771,G-RPT-1262,report.layout.CAL-P00741-CAL-SEC-3.3.6-001,APPROVED_REPORT_DRAWING_GOLDEN,CALCULATION,HIGH,report
RP-772,G-RPT-1263,report.layout.CAL-P00744-CAL-SEC-3.3.6-001,APPROVED_REPORT_DRAWING_GOLDEN,CALCULATION,HIGH,report
RP-773,G-RPT-1264,report.layout.CAL-P00757-CAL-SEC-3.3.6-001,APPROVED_REPORT_DRAWING_GOLDEN,CALCULATION,HIGH,report
RP-774,G-RPT-1265,report.layout.CAL-P00762-CAL-SEC-3.3.7-001,APPROVED_REPORT_DRAWING_GOLDEN,CALCULATION,HIGH,report
RP-776,G-RPT-1266,report.layout.CAL-P00763-CAL-SEC-3.3.7-001,APPROVED_REPORT_DRAWING_GOLDEN,CALCULATION,HIGH,report
RP-777,G-RPT-1267,report.layout.CAL-P00764-CAL-SEC-3.3.7-001,APPROVED_REPORT_DRAWING_GOLDEN,CALCULATION,HIGH,report
RP-802,G-RPT-1268,report.layout.CAL-P00765-CAL-SEC-3.4-001,APPROVED_REPORT_DRAWING_GOLDEN,CALCULATION,HIGH,report
RP-804,G-RPT-1269,report.layout.CAL-P00766-CAL-SEC-3.4.1-001,APPROVED_REPORT_DRAWING_GOLDEN,CALCULATION,HIGH,report
RP-806,G-RPT-1270,report.layout.CAL-P00766-CAL-SEC-3.4.1-002,APPROVED_REPORT_DRAWING_GOLDEN,CALCULATION,HIGH,report
RP-807,G-RPT-1271,report.layout.CAL-P00766-CAL-SEC-3.4.1-003,APPROVED_REPORT_DRAWING_GOLDEN,CALCULATION,HIGH,report
RP-808,G-RPT-1272,report.layout.CAL-P00767-CAL-SEC-3.4.1-001,APPROVED_REPORT_DRAWING_GOLDEN,CALCULATION,HIGH,report
RP-810,G-RPT-1273,report.layout.CAL-P00767-CAL-SEC-3.4.1-002,APPROVED_REPORT_DRAWING_GOLDEN,CALCULATION,HIGH,report
RP-811,G-RPT-1274,report.layout.CAL-P00767-CAL-SEC-3.4.1-003,APPROVED_REPORT_DRAWING_GOLDEN,CALCULATION,HIGH,report
RP-812,G-RPT-1275,report.layout.CAL-P00768-CAL-SEC-3.4.1-001,APPROVED_REPORT_DRAWING_GOLDEN,CALCULATION,HIGH,report
RP-813,G-RPT-1276,report.layout.CAL-P00768-CAL-SEC-3.4.1-002,APPROVED_REPORT_DRAWING_GOLDEN,CALCULATION,HIGH,report
RP-814,G-RPT-1277,report.layout.CAL-P00769-CAL-SEC-3.4.1-001,APPROVED_REPORT_DRAWING_GOLDEN,CALCULATION,HIGH,report
RP-815,G-RPT-1278,report.layout.CAL-P00770-CAL-SEC-3.4.1-001,APPROVED_REPORT_DRAWING_GOLDEN,CALCULATION,HIGH,report
RP-817,G-RPT-1279,report.layout.CAL-P00770-CAL-SEC-3.4.1-002,APPROVED_REPORT_DRAWING_GOLDEN,CALCULATION,HIGH,report
RP-818,G-RPT-1280,report.layout.CAL-P00771-CAL-SEC-3.4.1-001,APPROVED_REPORT_DRAWING_GOLDEN,CALCULATION,HIGH,report
RP-819,G-RPT-1281,report.layout.CAL-P00772-CAL-SEC-3.4.1-001,APPROVED_REPORT_DRAWING_GOLDEN,CALCULATION,HIGH,report
RP-820,G-RPT-1282,report.layout.CAL-P00773-CAL-SEC-3.4.1-001,APPROVED_REPORT_DRAWING_GOLDEN,CALCULATION,HIGH,report
RP-822,G-RPT-1283,report.layout.CAL-P00773-CAL-SEC-3.4.1-002,APPROVED_REPORT_DRAWING_GOLDEN,CALCULATION,HIGH,report
RP-823,G-RPT-1284,report.layout.CAL-P00774-CAL-SEC-3.4.1-001,APPROVED_REPORT_DRAWING_GOLDEN,CALCULATION,HIGH,report
RP-825,G-RPT-1285,report.layout.CAL-P00774-CAL-SEC-3.4.1-002,APPROVED_REPORT_DRAWING_GOLDEN,CALCULATION,HIGH,report
RP-826,G-RPT-1286,report.layout.CAL-P00775-CAL-SEC-3.4.1-001,APPROVED_REPORT_DRAWING_GOLDEN,CALCULATION,HIGH,report
RP-827,G-RPT-1287,report.layout.CAL-P00776-CAL-SEC-3.4.1-001,APPROVED_REPORT_DRAWING_GOLDEN,CALCULATION,HIGH,report
RP-828,G-RPT-1288,report.layout.CAL-P00777-CAL-SEC-3.4.2-001,APPROVED_REPORT_DRAWING_GOLDEN,CALCULATION,HIGH,report
RP-830,G-RPT-1289,report.layout.CAL-P00777-CAL-SEC-3.4.2-002,APPROVED_REPORT_DRAWING_GOLDEN,CALCULATION,HIGH,report
RP-831,G-RPT-1290,report.layout.CAL-P00778-CAL-SEC-3.4.2-001,APPROVED_REPORT_DRAWING_GOLDEN,CALCULATION,HIGH,report
RP-832,G-RPT-1291,report.layout.CAL-P00779-CAL-SEC-3.4.2-001,APPROVED_REPORT_DRAWING_GOLDEN,CALCULATION,HIGH,report
RP-833,G-RPT-1292,report.layout.CAL-P00780-CAL-SEC-3.4.2-001,APPROVED_REPORT_DRAWING_GOLDEN,CALCULATION,HIGH,report
RP-834,G-RPT-1293,report.layout.CAL-P00781-CAL-SEC-3.4.2-001,APPROVED_REPORT_DRAWING_GOLDEN,CALCULATION,HIGH,report
RP-835,G-RPT-1294,report.layout.CAL-P00782-CAL-SEC-3.4.2-001,APPROVED_REPORT_DRAWING_GOLDEN,CALCULATION,HIGH,report
RP-868,G-RPT-1295,report.layout.CAL-P00788-CAL-SEC-3.5-001,APPROVED_REPORT_DRAWING_GOLDEN,CALCULATION,HIGH,report
RP-870,G-RPT-1296,report.layout.CAL-P00789-CAL-SEC-3.5.1-001,APPROVED_REPORT_DRAWING_GOLDEN,CALCULATION,HIGH,report
RP-872,G-RPT-1297,report.layout.CAL-P00789-CAL-SEC-3.5.1-002,APPROVED_REPORT_DRAWING_GOLDEN,CALCULATION,HIGH,report
RP-873,G-RPT-1298,report.layout.CAL-P00789-CAL-SEC-3.5.1-003,APPROVED_REPORT_DRAWING_GOLDEN,CALCULATION,HIGH,report
RP-874,G-RPT-1299,report.layout.CAL-P00790-CAL-SEC-3.5.1-001,APPROVED_REPORT_DRAWING_GOLDEN,CALCULATION,HIGH,report
RP-875,G-RPT-1300,report.layout.CAL-P00790-CAL-SEC-3.5.1-002,APPROVED_REPORT_DRAWING_GOLDEN,CALCULATION,HIGH,report
RP-876,G-RPT-1301,report.layout.CAL-P00791-CAL-SEC-3.5.2-001,APPROVED_REPORT_DRAWING_GOLDEN,CALCULATION,HIGH,report
RP-878,G-RPT-1302,report.layout.CAL-P00791-CAL-SEC-3.5.2-002,APPROVED_REPORT_DRAWING_GOLDEN,CALCULATION,HIGH,report
RP-879,G-RPT-1303,report.layout.CAL-P00791-CAL-SEC-3.5.2-003,APPROVED_REPORT_DRAWING_GOLDEN,CALCULATION,HIGH,report
RP-880,G-RPT-1304,report.layout.CAL-P00792-CAL-SEC-3.5.3-001,APPROVED_REPORT_DRAWING_GOLDEN,CALCULATION,HIGH,report
RP-882,G-RPT-1305,report.layout.CAL-P00792-CAL-SEC-3.5.3-002,APPROVED_REPORT_DRAWING_GOLDEN,CALCULATION,HIGH,report
RP-883,G-RPT-1306,report.layout.CAL-P00793-CAL-SEC-3.5.4-001,APPROVED_REPORT_DRAWING_GOLDEN,CALCULATION,HIGH,report
RP-885,G-RPT-1307,report.layout.CAL-P00793-CAL-SEC-3.5.4-002,APPROVED_REPORT_DRAWING_GOLDEN,CALCULATION,HIGH,report
RP-886,G-RPT-1308,report.layout.CAL-P00797-CAL-SEC-3.5.5-001,APPROVED_REPORT_DRAWING_GOLDEN,CALCULATION,HIGH,report
RP-888,G-RPT-1309,report.layout.CAL-P00797-CAL-SEC-3.5.5-002,APPROVED_REPORT_DRAWING_GOLDEN,CALCULATION,HIGH,report
RP-889,G-RPT-1310,report.layout.CAL-P00800-CAL-SEC-3.5.6-001,APPROVED_REPORT_DRAWING_GOLDEN,CALCULATION,HIGH,report
RP-891,G-RPT-1311,report.layout.CAL-P00800-CAL-SEC-3.5.6-002,APPROVED_REPORT_DRAWING_GOLDEN,CALCULATION,HIGH,report
RP-892,G-RPT-1312,report.layout.CAL-P00816-CAL-SEC-3.5.6-001,APPROVED_REPORT_DRAWING_GOLDEN,CALCULATION,HIGH,report
RP-919,G-RPT-1313,report.layout.CAL-P00817-CAL-SEC-3.6-001,APPROVED_REPORT_DRAWING_GOLDEN,CALCULATION,HIGH,report
RP-921,G-RPT-1314,report.layout.CAL-P00818-CAL-SEC-3.6.1-001,APPROVED_REPORT_DRAWING_GOLDEN,CALCULATION,HIGH,report
RP-923,G-RPT-1315,report.layout.CAL-P00818-CAL-SEC-3.6.1-002,APPROVED_REPORT_DRAWING_GOLDEN,CALCULATION,HIGH,report
RP-924,G-RPT-1316,report.layout.CAL-P00818-CAL-SEC-3.6.1-003,APPROVED_REPORT_DRAWING_GOLDEN,CALCULATION,HIGH,report
RP-925,G-RPT-1317,report.layout.CAL-P00818-CAL-SEC-3.6.1-004,APPROVED_REPORT_DRAWING_GOLDEN,CALCULATION,HIGH,report
RP-926,G-RPT-1318,report.layout.CAL-P00819-CAL-SEC-3.6.2-001,APPROVED_REPORT_DRAWING_GOLDEN,CALCULATION,HIGH,report
RP-928,G-RPT-1319,report.layout.CAL-P00819-CAL-SEC-3.6.2-002,APPROVED_REPORT_DRAWING_GOLDEN,CALCULATION,HIGH,report
RP-929,G-RPT-1320,report.layout.CAL-P00819-CAL-SEC-3.6.2-003,APPROVED_REPORT_DRAWING_GOLDEN,CALCULATION,HIGH,report
RP-930,G-RPT-1321,report.layout.CAL-P00820-CAL-SEC-3.6.2-001,APPROVED_REPORT_DRAWING_GOLDEN,CALCULATION,HIGH,report
RP-932,G-RPT-1322,report.layout.CAL-P00820-CAL-SEC-3.6.2-002,APPROVED_REPORT_DRAWING_GOLDEN,CALCULATION,HIGH,report
RP-933,G-RPT-1323,report.layout.CAL-P00820-CAL-SEC-3.6.2-003,APPROVED_REPORT_DRAWING_GOLDEN,CALCULATION,HIGH,report
RP-934,G-RPT-1324,report.layout.CAL-P00821-CAL-SEC-3.6.2-001,APPROVED_REPORT_DRAWING_GOLDEN,CALCULATION,HIGH,report
RP-936,G-RPT-1325,report.layout.CAL-P00821-CAL-SEC-3.6.2-002,APPROVED_REPORT_DRAWING_GOLDEN,CALCULATION,HIGH,report
RP-937,G-RPT-1326,report.layout.CAL-P00821-CAL-SEC-3.6.2-003,APPROVED_REPORT_DRAWING_GOLDEN,CALCULATION,HIGH,report
RP-938,G-RPT-1327,report.layout.CAL-P00822-CAL-SEC-3.6.3-001,APPROVED_REPORT_DRAWING_GOLDEN,CALCULATION,HIGH,report
RP-940,G-RPT-1328,report.layout.CAL-P00822-CAL-SEC-3.6.3-002,APPROVED_REPORT_DRAWING_GOLDEN,CALCULATION,HIGH,report
RP-941,G-RPT-1329,report.layout.CAL-P00823-CAL-SEC-3.6.3-001,APPROVED_REPORT_DRAWING_GOLDEN,CALCULATION,HIGH,report
RP-942,G-RPT-1330,report.layout.CAL-P00824-CAL-SEC-3.6.3-001,APPROVED_REPORT_DRAWING_GOLDEN,CALCULATION,HIGH,report
RP-943,G-RPT-1331,report.layout.CAL-P00832-CAL-SEC-3.6.3-001,APPROVED_REPORT_DRAWING_GOLDEN,CALCULATION,HIGH,report
RP-944,G-RPT-1332,report.layout.CAL-P00833-CAL-SEC-3.6.3-001,APPROVED_REPORT_DRAWING_GOLDEN,CALCULATION,HIGH,report
RP-945,G-RPT-1333,report.layout.CAL-P00839-CAL-SEC-3.6.3-001,APPROVED_REPORT_DRAWING_GOLDEN,CALCULATION,HIGH,report
RP-946,G-RPT-1334,report.layout.CAL-P00840-CAL-SEC-3.6.4-001,APPROVED_REPORT_DRAWING_GOLDEN,CALCULATION,HIGH,report
RP-948,G-RPT-1335,report.layout.CAL-P00840-CAL-SEC-3.6.4-002,APPROVED_REPORT_DRAWING_GOLDEN,CALCULATION,HIGH,report
RP-973,G-RPT-1336,report.layout.CAL-P00842-CAL-SEC-3.7-001,APPROVED_REPORT_DRAWING_GOLDEN,CALCULATION,HIGH,report
RP-975,G-RPT-1337,report.layout.CAL-P00843-CAL-SEC-3.7.1-001,APPROVED_REPORT_DRAWING_GOLDEN,CALCULATION,HIGH,report
RP-977,G-RPT-1338,report.layout.CAL-P00843-CAL-SEC-3.7.1-002,APPROVED_REPORT_DRAWING_GOLDEN,CALCULATION,HIGH,report
RP-978,G-RPT-1339,report.layout.CAL-P00844-CAL-SEC-3.7.1-001,APPROVED_REPORT_DRAWING_GOLDEN,CALCULATION,HIGH,report
RP-979,G-RPT-1340,report.layout.CAL-P00845-CAL-SEC-3.7.1-001,APPROVED_REPORT_DRAWING_GOLDEN,CALCULATION,HIGH,report
RP-981,G-RPT-1341,report.layout.CAL-P00845-CAL-SEC-3.7.1-002,APPROVED_REPORT_DRAWING_GOLDEN,CALCULATION,HIGH,report
RP-982,G-RPT-1342,report.layout.CAL-P00845-CAL-SEC-3.7.1-003,APPROVED_REPORT_DRAWING_GOLDEN,CALCULATION,HIGH,report
RP-983,G-RPT-1343,report.layout.CAL-P00846-CAL-SEC-3.7.1-001,APPROVED_REPORT_DRAWING_GOLDEN,CALCULATION,HIGH,report
RP-984,G-RPT-1344,report.layout.CAL-P00847-CAL-SEC-3.7.1-001,APPROVED_REPORT_DRAWING_GOLDEN,CALCULATION,HIGH,report
RP-985,G-RPT-1345,report.layout.CAL-P00848-CAL-SEC-3.7.1-001,APPROVED_REPORT_DRAWING_GOLDEN,CALCULATION,HIGH,report
RP-986,G-RPT-1346,report.layout.CAL-P00849-CAL-SEC-3.7.1-001,APPROVED_REPORT_DRAWING_GOLDEN,CALCULATION,HIGH,report
RP-987,G-RPT-1347,report.layout.CAL-P00850-CAL-SEC-3.7.1-001,APPROVED_REPORT_DRAWING_GOLDEN,CALCULATION,HIGH,report
RP-988,G-RPT-1348,report.layout.CAL-P00851-CAL-SEC-3.7.1-001,APPROVED_REPORT_DRAWING_GOLDEN,CALCULATION,HIGH,report
RP-989,G-RPT-1349,report.layout.CAL-P00852-CAL-SEC-3.7.1-001,APPROVED_REPORT_DRAWING_GOLDEN,CALCULATION,HIGH,report
RP-990,G-RPT-1350,report.layout.CAL-P00853-CAL-SEC-3.7.1-001,APPROVED_REPORT_DRAWING_GOLDEN,CALCULATION,HIGH,report
RP-991,G-RPT-1351,report.layout.CAL-P00854-CAL-SEC-3.7.1-001,APPROVED_REPORT_DRAWING_GOLDEN,CALCULATION,HIGH,report
RP-992,G-RPT-1352,report.layout.CAL-P00855-CAL-SEC-3.7.1-001,APPROVED_REPORT_DRAWING_GOLDEN,CALCULATION,HIGH,report
RP-993,G-RPT-1353,report.layout.CAL-P00856-CAL-SEC-3.7.1-001,APPROVED_REPORT_DRAWING_GOLDEN,CALCULATION,HIGH,report
RP-994,G-RPT-1354,report.layout.CAL-P00859-CAL-SEC-3.7.1-001,APPROVED_REPORT_DRAWING_GOLDEN,CALCULATION,HIGH,report
RP-995,G-RPT-1355,report.layout.CAL-P00860-CAL-SEC-3.7.2-001,APPROVED_REPORT_DRAWING_GOLDEN,CALCULATION,HIGH,report
RP-997,G-RPT-1356,report.layout.CAL-P00860-CAL-SEC-3.7.2-002,APPROVED_REPORT_DRAWING_GOLDEN,CALCULATION,HIGH,report
RP-998,G-RPT-1357,report.layout.CAL-P00870-CAL-SEC-3.7.2-001,APPROVED_REPORT_DRAWING_GOLDEN,CALCULATION,HIGH,report
RP-1040,G-RPT-1358,report.layout.CAL-P00871-CAL-SEC-ch4-001,APPROVED_REPORT_DRAWING_GOLDEN,CALCULATION,HIGH,report
RP-1042,G-RPT-1359,report.layout.CAL-P00872-CAL-SEC-4.1-001,APPROVED_REPORT_DRAWING_GOLDEN,CALCULATION,HIGH,report
RP-1044,G-RPT-1360,report.layout.CAL-P00873-CAL-SEC-4.1.1-001,APPROVED_REPORT_DRAWING_GOLDEN,CALCULATION,HIGH,report
RP-1046,G-RPT-1361,report.layout.CAL-P00873-CAL-SEC-4.1.1-002,APPROVED_REPORT_DRAWING_GOLDEN,CALCULATION,HIGH,report
RP-1047,G-RPT-1362,report.layout.CAL-P00873-CAL-SEC-4.1.1-003,APPROVED_REPORT_DRAWING_GOLDEN,CALCULATION,HIGH,report
RP-1048,G-RPT-1363,report.layout.CAL-P00873-CAL-SEC-4.1.1-004,APPROVED_REPORT_DRAWING_GOLDEN,CALCULATION,HIGH,report
RP-1049,G-RPT-1364,report.layout.CAL-P00873-CAL-SEC-4.1.1-005,APPROVED_REPORT_DRAWING_GOLDEN,CALCULATION,HIGH,report
RP-1050,G-RPT-1365,report.layout.CAL-P00873-CAL-SEC-4.1.1-006,APPROVED_REPORT_DRAWING_GOLDEN,CALCULATION,HIGH,report
RP-1051,G-RPT-1366,report.layout.CAL-P00873-CAL-SEC-4.1.1-007,APPROVED_REPORT_DRAWING_GOLDEN,CALCULATION,HIGH,report
RP-1052,G-RPT-1367,report.layout.CAL-P00874-CAL-SEC-4.1.2-001,APPROVED_REPORT_DRAWING_GOLDEN,CALCULATION,HIGH,report
RP-1054,G-RPT-1368,report.layout.CAL-P00874-CAL-SEC-4.1.2-002,APPROVED_REPORT_DRAWING_GOLDEN,CALCULATION,HIGH,report
RP-1055,G-RPT-1369,report.layout.CAL-P00874-CAL-SEC-4.1.2-003,APPROVED_REPORT_DRAWING_GOLDEN,CALCULATION,HIGH,report
RP-1056,G-RPT-1370,report.layout.CAL-P00876-CAL-SEC-4.1.2-001,APPROVED_REPORT_DRAWING_GOLDEN,CALCULATION,HIGH,report
RP-1058,G-RPT-1371,report.layout.CAL-P00876-CAL-SEC-4.1.2-002,APPROVED_REPORT_DRAWING_GOLDEN,CALCULATION,HIGH,report
RP-1059,G-RPT-1372,report.layout.CAL-P00881-CAL-SEC-4.1.2-001,APPROVED_REPORT_DRAWING_GOLDEN,CALCULATION,HIGH,report
RP-1061,G-RPT-1373,report.layout.CAL-P00882-CAL-SEC-4.1.2-001,APPROVED_REPORT_DRAWING_GOLDEN,CALCULATION,HIGH,report
RP-1062,G-RPT-1374,report.layout.CAL-P00893-CAL-SEC-4.1.2-001,APPROVED_REPORT_DRAWING_GOLDEN,CALCULATION,HIGH,report
RP-1064,G-RPT-1375,report.layout.CAL-P00893-CAL-SEC-4.1.2-002,APPROVED_REPORT_DRAWING_GOLDEN,CALCULATION,HIGH,report
RP-1065,G-RPT-1376,report.layout.CAL-P00893-CAL-SEC-4.1.2-003,APPROVED_REPORT_DRAWING_GOLDEN,CALCULATION,HIGH,report
RP-1067,G-RPT-1377,report.layout.CAL-P00893-CAL-SEC-4.1.2-004,APPROVED_REPORT_DRAWING_GOLDEN,CALCULATION,HIGH,report
RP-1068,G-RPT-1378,report.layout.CAL-P00894-CAL-SEC-4.1.2-001,APPROVED_REPORT_DRAWING_GOLDEN,CALCULATION,HIGH,report
RP-1070,G-RPT-1379,report.layout.CAL-P00894-CAL-SEC-4.1.2-002,APPROVED_REPORT_DRAWING_GOLDEN,CALCULATION,HIGH,report
RP-1071,G-RPT-1380,report.layout.CAL-P00894-CAL-SEC-4.1.2-003,APPROVED_REPORT_DRAWING_GOLDEN,CALCULATION,HIGH,report
RP-1072,G-RPT-1381,report.layout.CAL-P00900-CAL-SEC-4.1.3-001,APPROVED_REPORT_DRAWING_GOLDEN,CALCULATION,HIGH,report
RP-1074,G-RPT-1382,report.layout.CAL-P00900-CAL-SEC-4.1.3-002,APPROVED_REPORT_DRAWING_GOLDEN,CALCULATION,HIGH,report
RP-1075,G-RPT-1383,report.layout.CAL-P00901-CAL-SEC-4.1.4-001,APPROVED_REPORT_DRAWING_GOLDEN,CALCULATION,HIGH,report
RP-1077,G-RPT-1384,report.layout.CAL-P00901-CAL-SEC-4.1.4-002,APPROVED_REPORT_DRAWING_GOLDEN,CALCULATION,HIGH,report
RP-1078,G-RPT-1385,report.layout.CAL-P00901-CAL-SEC-4.1.4-003,APPROVED_REPORT_DRAWING_GOLDEN,CALCULATION,HIGH,report
RP-1079,G-RPT-1386,report.layout.CAL-P00902-CAL-SEC-4.1.4-001,APPROVED_REPORT_DRAWING_GOLDEN,CALCULATION,HIGH,report
RP-1080,G-RPT-1387,report.layout.CAL-P00904-CAL-SEC-4.1.5-001,APPROVED_REPORT_DRAWING_GOLDEN,CALCULATION,HIGH,report
RP-1082,G-RPT-1388,report.layout.CAL-P00904-CAL-SEC-4.1.5-002,APPROVED_REPORT_DRAWING_GOLDEN,CALCULATION,HIGH,report
RP-1084,G-RPT-1389,report.layout.CAL-P00904-CAL-SEC-4.1.5-003,APPROVED_REPORT_DRAWING_GOLDEN,CALCULATION,HIGH,report
RP-1085,G-RPT-1390,report.layout.CAL-P01026-CAL-SEC-4.1.5-001,APPROVED_REPORT_DRAWING_GOLDEN,CALCULATION,HIGH,report
RP-1087,G-RPT-1391,report.layout.CAL-P01026-CAL-SEC-4.1.5-002,APPROVED_REPORT_DRAWING_GOLDEN,CALCULATION,HIGH,report
RP-1088,G-RPT-1392,report.layout.CAL-P01115-CAL-SEC-4.1.6-001,APPROVED_REPORT_DRAWING_GOLDEN,CALCULATION,HIGH,report
RP-1090,G-RPT-1393,report.layout.CAL-P01115-CAL-SEC-4.1.6-002,APPROVED_REPORT_DRAWING_GOLDEN,CALCULATION,HIGH,report
RP-1092,G-RPT-1394,report.layout.CAL-P01115-CAL-SEC-4.1.6-003,APPROVED_REPORT_DRAWING_GOLDEN,CALCULATION,HIGH,report
RP-1093,G-RPT-1395,report.layout.CAL-P01130-CAL-SEC-4.1.6-001,APPROVED_REPORT_DRAWING_GOLDEN,CALCULATION,HIGH,report
RP-1095,G-RPT-1396,report.layout.CAL-P01130-CAL-SEC-4.1.6-002,APPROVED_REPORT_DRAWING_GOLDEN,CALCULATION,HIGH,report
RP-1096,G-RPT-1397,report.layout.CAL-P01266-CAL-SEC-4.1.7-001,APPROVED_REPORT_DRAWING_GOLDEN,CALCULATION,HIGH,report
RP-1098,G-RPT-1398,report.layout.CAL-P01266-CAL-SEC-4.1.7-002,APPROVED_REPORT_DRAWING_GOLDEN,CALCULATION,HIGH,report
RP-1100,G-RPT-1399,report.layout.CAL-P01266-CAL-SEC-4.1.7-003,APPROVED_REPORT_DRAWING_GOLDEN,CALCULATION,HIGH,report
RP-1101,G-RPT-1400,report.layout.CAL-P01275-CAL-SEC-4.1.7-001,APPROVED_REPORT_DRAWING_GOLDEN,CALCULATION,HIGH,report
RP-1103,G-RPT-1401,report.layout.CAL-P01275-CAL-SEC-4.1.7-002,APPROVED_REPORT_DRAWING_GOLDEN,CALCULATION,HIGH,report
RP-1104,G-RPT-1402,report.layout.CAL-P01280-CAL-SEC-4.1.7-001,APPROVED_REPORT_DRAWING_GOLDEN,CALCULATION,HIGH,report
RP-1106,G-RPT-1403,report.layout.CAL-P01280-CAL-SEC-4.1.7-002,APPROVED_REPORT_DRAWING_GOLDEN,CALCULATION,HIGH,report
RP-1107,G-RPT-1404,report.layout.CAL-P01280-CAL-SEC-4.1.7-003,APPROVED_REPORT_DRAWING_GOLDEN,CALCULATION,HIGH,report
RP-1108,G-RPT-1405,report.layout.CAL-P01280-CAL-SEC-4.1.7-004,APPROVED_REPORT_DRAWING_GOLDEN,CALCULATION,HIGH,report
RP-1109,G-RPT-1406,report.layout.CAL-P01282-CAL-SEC-4.1.7-001,APPROVED_REPORT_DRAWING_GOLDEN,CALCULATION,HIGH,report
RP-1111,G-RPT-1407,report.layout.CAL-P01282-CAL-SEC-4.1.7-002,APPROVED_REPORT_DRAWING_GOLDEN,CALCULATION,HIGH,report
RP-1171,G-RPT-1408,report.layout.CAL-P01283-CAL-SEC-4.2-001,APPROVED_REPORT_DRAWING_GOLDEN,CALCULATION,HIGH,report
RP-1173,G-RPT-1409,report.layout.CAL-P01284-CAL-SEC-4.2.1-001,APPROVED_REPORT_DRAWING_GOLDEN,CALCULATION,HIGH,report
RP-1175,G-RPT-1410,report.layout.CAL-P01284-CAL-SEC-4.2.1-002,APPROVED_REPORT_DRAWING_GOLDEN,CALCULATION,HIGH,report
RP-1176,G-RPT-1411,report.layout.CAL-P01284-CAL-SEC-4.2.1-003,APPROVED_REPORT_DRAWING_GOLDEN,CALCULATION,HIGH,report
RP-1177,G-RPT-1412,report.layout.CAL-P01284-CAL-SEC-4.2.1-004,APPROVED_REPORT_DRAWING_GOLDEN,CALCULATION,HIGH,report
RP-1178,G-RPT-1413,report.layout.CAL-P01284-CAL-SEC-4.2.1-005,APPROVED_REPORT_DRAWING_GOLDEN,CALCULATION,HIGH,report
RP-1179,G-RPT-1414,report.layout.CAL-P01285-CAL-SEC-4.2.1-001,APPROVED_REPORT_DRAWING_GOLDEN,CALCULATION,HIGH,report
RP-1180,G-RPT-1415,report.layout.CAL-P01285-CAL-SEC-4.2.1-002,APPROVED_REPORT_DRAWING_GOLDEN,CALCULATION,HIGH,report
RP-1181,G-RPT-1416,report.layout.CAL-P01285-CAL-SEC-4.2.1-003,APPROVED_REPORT_DRAWING_GOLDEN,CALCULATION,HIGH,report
RP-1182,G-RPT-1417,report.layout.CAL-P01286-CAL-SEC-4.2.1-001,APPROVED_REPORT_DRAWING_GOLDEN,CALCULATION,HIGH,report
RP-1183,G-RPT-1418,report.layout.CAL-P01286-CAL-SEC-4.2.1-002,APPROVED_REPORT_DRAWING_GOLDEN,CALCULATION,HIGH,report
RP-1184,G-RPT-1419,report.layout.CAL-P01287-CAL-SEC-4.2.2-001,APPROVED_REPORT_DRAWING_GOLDEN,CALCULATION,HIGH,report
RP-1186,G-RPT-1420,report.layout.CAL-P01287-CAL-SEC-4.2.2-002,APPROVED_REPORT_DRAWING_GOLDEN,CALCULATION,HIGH,report
RP-1187,G-RPT-1421,report.layout.CAL-P01299-CAL-SEC-4.2.3-001,APPROVED_REPORT_DRAWING_GOLDEN,CALCULATION,HIGH,report
RP-1189,G-RPT-1422,report.layout.CAL-P01299-CAL-SEC-4.2.3-002,APPROVED_REPORT_DRAWING_GOLDEN,CALCULATION,HIGH,report
RP-1190,G-RPT-1423,report.layout.CAL-P01299-CAL-SEC-4.2.3-003,APPROVED_REPORT_DRAWING_GOLDEN,CALCULATION,HIGH,report
RP-1191,G-RPT-1424,report.layout.CAL-P01299-CAL-SEC-4.2.3-004,APPROVED_REPORT_DRAWING_GOLDEN,CALCULATION,HIGH,report
RP-1192,G-RPT-1425,report.layout.CAL-P01299-CAL-SEC-4.2.3-005,APPROVED_REPORT_DRAWING_GOLDEN,CALCULATION,HIGH,report
RP-1193,G-RPT-1426,report.layout.CAL-P01299-CAL-SEC-4.2.3-006,APPROVED_REPORT_DRAWING_GOLDEN,CALCULATION,HIGH,report
RP-1194,G-RPT-1427,report.layout.CAL-P01318-CAL-SEC-4.2.4-001,APPROVED_REPORT_DRAWING_GOLDEN,CALCULATION,HIGH,report
RP-1196,G-RPT-1428,report.layout.CAL-P01318-CAL-SEC-4.2.4-002,APPROVED_REPORT_DRAWING_GOLDEN,CALCULATION,HIGH,report
RP-1197,G-RPT-1429,report.layout.CAL-P01319-CAL-SEC-4.2.4-001,APPROVED_REPORT_DRAWING_GOLDEN,CALCULATION,HIGH,report
RP-1199,G-RPT-1430,report.layout.CAL-P01319-CAL-SEC-4.2.4-002,APPROVED_REPORT_DRAWING_GOLDEN,CALCULATION,HIGH,report
RP-1200,G-RPT-1431,report.layout.CAL-P01319-CAL-SEC-4.2.4-003,APPROVED_REPORT_DRAWING_GOLDEN,CALCULATION,HIGH,report
RP-1201,G-RPT-1432,report.layout.CAL-P01319-CAL-SEC-4.2.4-004,APPROVED_REPORT_DRAWING_GOLDEN,CALCULATION,HIGH,report
RP-1202,G-RPT-1433,report.layout.CAL-P01319-CAL-SEC-4.2.4-005,APPROVED_REPORT_DRAWING_GOLDEN,CALCULATION,HIGH,report
RP-1203,G-RPT-1434,report.layout.CAL-P01320-CAL-SEC-4.2.4-001,APPROVED_REPORT_DRAWING_GOLDEN,CALCULATION,HIGH,report
RP-1204,G-RPT-1435,report.layout.CAL-P01321-CAL-SEC-4.2.4-001,APPROVED_REPORT_DRAWING_GOLDEN,CALCULATION,HIGH,report
RP-1205,G-RPT-1436,report.layout.CAL-P01321-CAL-SEC-4.2.4-002,APPROVED_REPORT_DRAWING_GOLDEN,CALCULATION,HIGH,report
RP-1206,G-RPT-1437,report.layout.CAL-P01321-CAL-SEC-4.2.4-003,APPROVED_REPORT_DRAWING_GOLDEN,CALCULATION,HIGH,report
RP-1207,G-RPT-1438,report.layout.CAL-P01322-CAL-SEC-4.2.4-001,APPROVED_REPORT_DRAWING_GOLDEN,CALCULATION,HIGH,report
RP-1208,G-RPT-1439,report.layout.CAL-P01322-CAL-SEC-4.2.4-002,APPROVED_REPORT_DRAWING_GOLDEN,CALCULATION,HIGH,report
RP-1209,G-RPT-1440,report.layout.CAL-P01400-CAL-SEC-4.2.4-001,APPROVED_REPORT_DRAWING_GOLDEN,CALCULATION,HIGH,report
RP-1211,G-RPT-1441,report.layout.CAL-P01451-CAL-SEC-4.2.4-001,APPROVED_REPORT_DRAWING_GOLDEN,CALCULATION,HIGH,report
RP-1213,G-RPT-1442,report.layout.CAL-P01520-CAL-SEC-4.2.4-001,APPROVED_REPORT_DRAWING_GOLDEN,CALCULATION,HIGH,report
RP-1215,G-RPT-1443,report.layout.CAL-P01598-CAL-SEC-4.2.4-001,APPROVED_REPORT_DRAWING_GOLDEN,CALCULATION,HIGH,report
RP-1217,G-RPT-1444,report.layout.CAL-P01680-CAL-SEC-4.2.4-001,APPROVED_REPORT_DRAWING_GOLDEN,CALCULATION,HIGH,report
RP-1219,G-RPT-1445,report.layout.CAL-P01776-CAL-SEC-4.2.5-001,APPROVED_REPORT_DRAWING_GOLDEN,CALCULATION,HIGH,report
RP-1221,G-RPT-1446,report.layout.CAL-P01776-CAL-SEC-4.2.5-002,APPROVED_REPORT_DRAWING_GOLDEN,CALCULATION,HIGH,report
RP-1222,G-RPT-1447,report.layout.CAL-P01776-CAL-SEC-4.2.5-003,APPROVED_REPORT_DRAWING_GOLDEN,CALCULATION,HIGH,report
RP-1223,G-RPT-1448,report.layout.CAL-P01778-CAL-SEC-4.2.6-001,APPROVED_REPORT_DRAWING_GOLDEN,CALCULATION,HIGH,report
RP-1225,G-RPT-1449,report.layout.CAL-P01778-CAL-SEC-4.2.6-002,APPROVED_REPORT_DRAWING_GOLDEN,CALCULATION,HIGH,report
RP-1226,G-RPT-1450,report.layout.CAL-P01947-CAL-SEC-4.2.7-001,APPROVED_REPORT_DRAWING_GOLDEN,CALCULATION,HIGH,report
RP-1228,G-RPT-1451,report.layout.CAL-P01947-CAL-SEC-4.2.7-002,APPROVED_REPORT_DRAWING_GOLDEN,CALCULATION,HIGH,report
RP-1229,G-RPT-1452,report.layout.CAL-P01955-CAL-SEC-4.2.8-001,APPROVED_REPORT_DRAWING_GOLDEN,CALCULATION,HIGH,report
RP-1231,G-RPT-1453,report.layout.CAL-P01955-CAL-SEC-4.2.8-002,APPROVED_REPORT_DRAWING_GOLDEN,CALCULATION,HIGH,report
RP-1233,G-RPT-1454,report.layout.CAL-P01955-CAL-SEC-4.2.8-003,APPROVED_REPORT_DRAWING_GOLDEN,CALCULATION,HIGH,report
RP-1234,G-RPT-1455,report.layout.CAL-P01958-CAL-SEC-4.2.8-001,APPROVED_REPORT_DRAWING_GOLDEN,CALCULATION,HIGH,report
RP-1236,G-RPT-1456,report.layout.CAL-P02003-CAL-SEC-4.2.8-001,APPROVED_REPORT_DRAWING_GOLDEN,CALCULATION,HIGH,report
RP-1238,G-RPT-1457,report.layout.CAL-P02003-CAL-SEC-4.2.8-002,APPROVED_REPORT_DRAWING_GOLDEN,CALCULATION,HIGH,report
RP-1239,G-RPT-1458,report.layout.CAL-P02076-CAL-SEC-4.2.8-001,APPROVED_REPORT_DRAWING_GOLDEN,CALCULATION,HIGH,report
RP-1241,G-RPT-1459,report.layout.CAL-P02076-CAL-SEC-4.2.8-002,APPROVED_REPORT_DRAWING_GOLDEN,CALCULATION,HIGH,report
RP-1242,G-RPT-1460,report.layout.CAL-P02098-CAL-SEC-4.2.8-001,APPROVED_REPORT_DRAWING_GOLDEN,CALCULATION,HIGH,report
RP-1244,G-RPT-1461,report.layout.CAL-P02098-CAL-SEC-4.2.8-002,APPROVED_REPORT_DRAWING_GOLDEN,CALCULATION,HIGH,report
RP-1245,G-RPT-1462,report.layout.CAL-P02100-CAL-SEC-4.2.8-001,APPROVED_REPORT_DRAWING_GOLDEN,CALCULATION,HIGH,report
RP-1247,G-RPT-1463,report.layout.CAL-P02100-CAL-SEC-4.2.8-002,APPROVED_REPORT_DRAWING_GOLDEN,CALCULATION,HIGH,report
RP-1248,G-RPT-1464,report.layout.CAL-P02114-CAL-SEC-4.2.8-001,APPROVED_REPORT_DRAWING_GOLDEN,CALCULATION,HIGH,report
RP-1250,G-RPT-1465,report.layout.CAL-P02114-CAL-SEC-4.2.8-002,APPROVED_REPORT_DRAWING_GOLDEN,CALCULATION,HIGH,report
RP-1251,G-RPT-1466,report.layout.CAL-P02003-CAL-SEC-4.2.9-001,APPROVED_REPORT_DRAWING_GOLDEN,CALCULATION,HIGH,report
RP-1253,G-RPT-1467,report.layout.CAL-P02003-CAL-SEC-4.2.9-002,APPROVED_REPORT_DRAWING_GOLDEN,CALCULATION,HIGH,report
RP-1255,G-RPT-1468,report.layout.CAL-P02003-CAL-SEC-4.2.9-003,APPROVED_REPORT_DRAWING_GOLDEN,CALCULATION,HIGH,report
RP-1257,G-RPT-1469,report.layout.CAL-P02003-CAL-SEC-4.2.9-004,APPROVED_REPORT_DRAWING_GOLDEN,CALCULATION,HIGH,report
RP-1259,G-RPT-1470,report.layout.CAL-P02003-CAL-SEC-4.2.9-005,APPROVED_REPORT_DRAWING_GOLDEN,CALCULATION,HIGH,report
RP-1261,G-RPT-1471,report.layout.CAL-P02023-CAL-SEC-4.2.10-001,APPROVED_REPORT_DRAWING_GOLDEN,CALCULATION,HIGH,report
RP-1263,G-RPT-1472,report.layout.CAL-P02023-CAL-SEC-4.2.10-002,APPROVED_REPORT_DRAWING_GOLDEN,CALCULATION,HIGH,report
RP-1403,G-RPT-1473,report.layout.CH5-PE-001,APPROVED_REPORT_DRAWING_GOLDEN,CALCULATION,HIGH,report
RP-1405,G-RPT-1474,report.layout.CH5-PE-002,APPROVED_REPORT_DRAWING_GOLDEN,CALCULATION,HIGH,report
RP-1407,G-RPT-1475,report.layout.CH5-PE-003,APPROVED_REPORT_DRAWING_GOLDEN,CALCULATION,HIGH,report
RP-1409,G-RPT-1476,report.layout.CH5-PE-004,APPROVED_REPORT_DRAWING_GOLDEN,CALCULATION,HIGH,report
RP-1411,G-RPT-1477,report.layout.CH5-PE-005,APPROVED_REPORT_DRAWING_GOLDEN,CALCULATION,HIGH,report
RP-1412,G-RPT-1478,report.layout.CH5-PE-006,APPROVED_REPORT_DRAWING_GOLDEN,CALCULATION,HIGH,report
RP-1413,G-RPT-1479,report.layout.CH5-PE-007,APPROVED_REPORT_DRAWING_GOLDEN,CALCULATION,HIGH,report
RP-1415,G-RPT-1480,report.layout.CH5-PE-008,APPROVED_REPORT_DRAWING_GOLDEN,CALCULATION,HIGH,report
RP-1417,G-RPT-1481,report.layout.CH5-PE-009,APPROVED_REPORT_DRAWING_GOLDEN,CALCULATION,HIGH,report
RP-1419,G-RPT-1482,report.layout.CH5-PE-010,APPROVED_REPORT_DRAWING_GOLDEN,CALCULATION,HIGH,report
RP-1421,G-RPT-1483,report.layout.CH5-PE-011,APPROVED_REPORT_DRAWING_GOLDEN,CALCULATION,HIGH,report
RP-1423,G-RPT-1484,report.layout.CH5-PE-012,APPROVED_REPORT_DRAWING_GOLDEN,CALCULATION,HIGH,report
RP-1425,G-RPT-1485,report.layout.CH5-PE-013,APPROVED_REPORT_DRAWING_GOLDEN,CALCULATION,HIGH,report
RP-1427,G-RPT-1486,report.layout.CH5-PE-014,APPROVED_REPORT_DRAWING_GOLDEN,CALCULATION,HIGH,report
RP-1429,G-RPT-1487,report.layout.CH5-PE-015,APPROVED_REPORT_DRAWING_GOLDEN,CALCULATION,HIGH,report
RP-1431,G-RPT-1488,report.layout.CH5-PE-016,APPROVED_REPORT_DRAWING_GOLDEN,CALCULATION,HIGH,report
RP-1433,G-RPT-1489,report.layout.CH5-PE-017,APPROVED_REPORT_DRAWING_GOLDEN,CALCULATION,HIGH,report
RP-1435,G-RPT-1490,report.layout.CH5-PE-018,APPROVED_REPORT_DRAWING_GOLDEN,CALCULATION,HIGH,report
RP-1437,G-RPT-1491,report.layout.CH5-PE-019,APPROVED_REPORT_DRAWING_GOLDEN,CALCULATION,HIGH,report
RP-1439,G-RPT-1492,report.layout.CH5-PE-020,APPROVED_REPORT_DRAWING_GOLDEN,CALCULATION,HIGH,report
RP-1441,G-RPT-1493,report.layout.CH5-PE-021,APPROVED_REPORT_DRAWING_GOLDEN,CALCULATION,HIGH,report
RP-1443,G-RPT-1494,report.layout.CH5-PE-022,APPROVED_REPORT_DRAWING_GOLDEN,CALCULATION,HIGH,report
RP-1445,G-RPT-1495,report.layout.CH5-PE-023,APPROVED_REPORT_DRAWING_GOLDEN,CALCULATION,HIGH,report
RP-1447,G-RPT-1496,report.layout.CH5-PE-024,APPROVED_REPORT_DRAWING_GOLDEN,CALCULATION,HIGH,report
RP-1449,G-RPT-1497,report.layout.CH5-PE-025,APPROVED_REPORT_DRAWING_GOLDEN,CALCULATION,HIGH,report
RP-1451,G-RPT-1498,report.layout.CH5-PE-026,APPROVED_REPORT_DRAWING_GOLDEN,CALCULATION,HIGH,report
RP-1453,G-RPT-1499,report.layout.CH5-PE-027,APPROVED_REPORT_DRAWING_GOLDEN,CALCULATION,HIGH,report
RP-1455,G-RPT-1500,report.layout.CH5-PE-028,APPROVED_REPORT_DRAWING_GOLDEN,CALCULATION,HIGH,report
RP-1457,G-RPT-1501,report.layout.CH5-PE-029,APPROVED_REPORT_DRAWING_GOLDEN,CALCULATION,HIGH,report
RP-1459,G-RPT-1502,report.layout.CH5-PE-030,APPROVED_REPORT_DRAWING_GOLDEN,CALCULATION,HIGH,report
RP-1461,G-RPT-1503,report.layout.CH5-PE-031,APPROVED_REPORT_DRAWING_GOLDEN,CALCULATION,HIGH,report
RP-1463,G-RPT-1504,report.layout.CH5-PE-032,APPROVED_REPORT_DRAWING_GOLDEN,CALCULATION,HIGH,report
RP-1465,G-RPT-1505,report.layout.CH5-PE-033,APPROVED_REPORT_DRAWING_GOLDEN,CALCULATION,HIGH,report
RP-1467,G-RPT-1506,report.layout.CH5-PE-034,APPROVED_REPORT_DRAWING_GOLDEN,CALCULATION,HIGH,report
RP-1469,G-RPT-1507,report.layout.CH5-PE-035,APPROVED_REPORT_DRAWING_GOLDEN,CALCULATION,HIGH,report
RP-1471,G-RPT-1508,report.layout.CH5-PE-036,APPROVED_REPORT_DRAWING_GOLDEN,CALCULATION,HIGH,report
RP-1473,G-RPT-1509,report.layout.CH5-PE-037,APPROVED_REPORT_DRAWING_GOLDEN,CALCULATION,HIGH,report
RP-1475,G-RPT-1510,report.layout.CH5-PE-038,APPROVED_REPORT_DRAWING_GOLDEN,CALCULATION,HIGH,report
RP-1477,G-RPT-1511,report.layout.CH5-PE-039,APPROVED_REPORT_DRAWING_GOLDEN,CALCULATION,HIGH,report
RP-1479,G-RPT-1512,report.layout.CH5-PE-040,APPROVED_REPORT_DRAWING_GOLDEN,CALCULATION,HIGH,report
RP-1481,G-RPT-1513,report.layout.CH5-PE-041,APPROVED_REPORT_DRAWING_GOLDEN,CALCULATION,HIGH,report
RP-1483,G-RPT-1514,report.layout.CH5-PE-042,APPROVED_REPORT_DRAWING_GOLDEN,CALCULATION,HIGH,report
RP-1485,G-RPT-1515,report.layout.CH5-PE-043,APPROVED_REPORT_DRAWING_GOLDEN,CALCULATION,HIGH,report
RP-1487,G-RPT-1516,report.layout.CH5-PE-044,APPROVED_REPORT_DRAWING_GOLDEN,CALCULATION,HIGH,report
RP-1489,G-RPT-1517,report.layout.CH5-PE-045,APPROVED_REPORT_DRAWING_GOLDEN,CALCULATION,HIGH,report
RP-1491,G-RPT-1518,report.layout.CH5-PE-046,APPROVED_REPORT_DRAWING_GOLDEN,CALCULATION,HIGH,report
RP-1493,G-RPT-1519,report.layout.CH5-PE-047,APPROVED_REPORT_DRAWING_GOLDEN,CALCULATION,HIGH,report
RP-1495,G-RPT-1520,report.layout.CH5-PE-048,APPROVED_REPORT_DRAWING_GOLDEN,CALCULATION,HIGH,report
RP-1497,G-RPT-1521,report.layout.CH5-PE-049,APPROVED_REPORT_DRAWING_GOLDEN,CALCULATION,HIGH,report
RP-1499,G-RPT-1522,report.layout.CH5-PE-050,APPROVED_REPORT_DRAWING_GOLDEN,CALCULATION,HIGH,report
RP-1500,G-RPT-1523,report.layout.CH5-PE-051,APPROVED_REPORT_DRAWING_GOLDEN,CALCULATION,HIGH,report
RP-1502,G-RPT-1524,report.layout.CH5-PE-052,APPROVED_REPORT_DRAWING_GOLDEN,CALCULATION,HIGH,report
RP-1504,G-RPT-1525,report.layout.CH5-PE-053,APPROVED_REPORT_DRAWING_GOLDEN,CALCULATION,HIGH,report
RP-1506,G-RPT-1526,report.layout.CH5-PE-054,APPROVED_REPORT_DRAWING_GOLDEN,CALCULATION,HIGH,report
RP-1508,G-RPT-1527,report.layout.CH5-PE-055,APPROVED_REPORT_DRAWING_GOLDEN,CALCULATION,HIGH,report
RP-1510,G-RPT-1528,report.layout.CH5-PE-056,APPROVED_REPORT_DRAWING_GOLDEN,CALCULATION,HIGH,report
RP-1512,G-RPT-1529,report.layout.CH5-PE-057,APPROVED_REPORT_DRAWING_GOLDEN,CALCULATION,HIGH,report
RP-1514,G-RPT-1530,report.layout.CH5-PE-058,APPROVED_REPORT_DRAWING_GOLDEN,CALCULATION,HIGH,report
RP-1516,G-RPT-1531,report.layout.CH5-PE-059,APPROVED_REPORT_DRAWING_GOLDEN,CALCULATION,HIGH,report
RP-1518,G-RPT-1532,report.layout.CH5-PE-060,APPROVED_REPORT_DRAWING_GOLDEN,CALCULATION,HIGH,report
RP-1520,G-RPT-1533,report.layout.CH5-PE-061,APPROVED_REPORT_DRAWING_GOLDEN,CALCULATION,HIGH,report
RP-1522,G-RPT-1534,report.layout.CH5-PE-062,APPROVED_REPORT_DRAWING_GOLDEN,CALCULATION,HIGH,report
RP-1524,G-RPT-1535,report.layout.CH5-PE-063,APPROVED_REPORT_DRAWING_GOLDEN,CALCULATION,HIGH,report
RP-1526,G-RPT-1536,report.layout.CH5-PE-064,APPROVED_REPORT_DRAWING_GOLDEN,CALCULATION,HIGH,report
RP-1528,G-RPT-1537,report.layout.CH5-PE-065,APPROVED_REPORT_DRAWING_GOLDEN,CALCULATION,HIGH,report
RP-1530,G-RPT-1538,report.layout.CH5-PE-066,APPROVED_REPORT_DRAWING_GOLDEN,CALCULATION,HIGH,report
RP-1532,G-RPT-1539,report.layout.CH5-PE-067,APPROVED_REPORT_DRAWING_GOLDEN,CALCULATION,HIGH,report
RP-1534,G-RPT-1540,report.layout.CH5-PE-068,APPROVED_REPORT_DRAWING_GOLDEN,CALCULATION,HIGH,report
RP-1536,G-RPT-1541,report.layout.CH5-PE-069,APPROVED_REPORT_DRAWING_GOLDEN,CALCULATION,HIGH,report
RP-1538,G-RPT-1542,report.layout.CH5-PE-070,APPROVED_REPORT_DRAWING_GOLDEN,CALCULATION,HIGH,report
RP-1540,G-RPT-1543,report.layout.CH5-PE-071,APPROVED_REPORT_DRAWING_GOLDEN,CALCULATION,HIGH,report
RP-1542,G-RPT-1544,report.layout.CH5-PE-072,APPROVED_REPORT_DRAWING_GOLDEN,CALCULATION,HIGH,report
RP-1544,G-RPT-1545,report.layout.CH5-PE-073,APPROVED_REPORT_DRAWING_GOLDEN,CALCULATION,HIGH,report
RP-1546,G-RPT-1546,report.layout.CH5-PE-074,APPROVED_REPORT_DRAWING_GOLDEN,CALCULATION,HIGH,report
RP-1548,G-RPT-1547,report.layout.CH5-PE-075,APPROVED_REPORT_DRAWING_GOLDEN,CALCULATION,HIGH,report
RP-1550,G-RPT-1548,report.layout.CH5-PE-076,APPROVED_REPORT_DRAWING_GOLDEN,CALCULATION,HIGH,report
RP-1552,G-RPT-1549,report.layout.CH5-PE-077,APPROVED_REPORT_DRAWING_GOLDEN,CALCULATION,HIGH,report
RP-1554,G-RPT-1550,report.layout.CH5-PE-078,APPROVED_REPORT_DRAWING_GOLDEN,CALCULATION,HIGH,report
RP-1556,G-RPT-1551,report.layout.CH5-PE-079,APPROVED_REPORT_DRAWING_GOLDEN,CALCULATION,HIGH,report
RP-1558,G-RPT-1552,report.layout.CH5-PE-080,APPROVED_REPORT_DRAWING_GOLDEN,CALCULATION,HIGH,report
RP-1560,G-RPT-1553,report.layout.CH5-PE-081,APPROVED_REPORT_DRAWING_GOLDEN,CALCULATION,HIGH,report
RP-1562,G-RPT-1554,report.layout.CH5-PE-082,APPROVED_REPORT_DRAWING_GOLDEN,CALCULATION,HIGH,report
RP-1564,G-RPT-1555,report.layout.CH5-PE-083,APPROVED_REPORT_DRAWING_GOLDEN,CALCULATION,HIGH,report
RP-1566,G-RPT-1556,report.layout.CH5-PE-084,APPROVED_REPORT_DRAWING_GOLDEN,CALCULATION,HIGH,report
RP-1568,G-RPT-1557,report.layout.CH5-PE-085,APPROVED_REPORT_DRAWING_GOLDEN,CALCULATION,HIGH,report
RP-1570,G-RPT-1558,report.layout.CH5-PE-086,APPROVED_REPORT_DRAWING_GOLDEN,CALCULATION,HIGH,report
RP-1572,G-RPT-1559,report.layout.CH5-PE-087,APPROVED_REPORT_DRAWING_GOLDEN,CALCULATION,HIGH,report
RP-1574,G-RPT-1560,report.layout.CH5-PE-088,APPROVED_REPORT_DRAWING_GOLDEN,CALCULATION,HIGH,report
RP-1576,G-RPT-1561,report.layout.CH5-PE-089,APPROVED_REPORT_DRAWING_GOLDEN,CALCULATION,HIGH,report
RP-1578,G-RPT-1562,report.layout.CH5-PE-090,APPROVED_REPORT_DRAWING_GOLDEN,CALCULATION,HIGH,report
RP-1580,G-RPT-1563,report.layout.CH5-PE-091,APPROVED_REPORT_DRAWING_GOLDEN,CALCULATION,HIGH,report
RP-1582,G-RPT-1564,report.layout.CH5-PE-092,APPROVED_REPORT_DRAWING_GOLDEN,CALCULATION,HIGH,report
RP-1584,G-RPT-1565,report.layout.CH5-PE-093,APPROVED_REPORT_DRAWING_GOLDEN,CALCULATION,HIGH,report
RP-1643,G-RPT-1566,report.layout.FM-PE-001,APPROVED_REPORT_DRAWING_GOLDEN,CALCULATION,HIGH,report
RP-1644,G-RPT-1567,report.layout.FM-PE-002,APPROVED_REPORT_DRAWING_GOLDEN,CALCULATION,HIGH,report
RP-1645,G-RPT-1568,report.layout.FM-PE-003,APPROVED_REPORT_DRAWING_GOLDEN,CALCULATION,HIGH,report
RP-1646,G-RPT-1569,report.layout.FM-PE-004,APPROVED_REPORT_DRAWING_GOLDEN,CALCULATION,HIGH,report
RP-1647,G-RPT-1570,report.layout.FM-PE-005,APPROVED_REPORT_DRAWING_GOLDEN,CALCULATION,HIGH,report
RP-1648,G-RPT-1571,report.layout.FM-PE-006,APPROVED_REPORT_DRAWING_GOLDEN,CALCULATION,HIGH,report
RP-1649,G-RPT-1572,report.layout.FM-PE-007,APPROVED_REPORT_DRAWING_GOLDEN,CALCULATION,HIGH,report
RP-1650,G-RPT-1573,report.layout.FM-PE-008,APPROVED_REPORT_DRAWING_GOLDEN,CALCULATION,HIGH,report
RP-1651,G-RPT-1574,report.layout.FM-PE-009,APPROVED_REPORT_DRAWING_GOLDEN,CALCULATION,HIGH,report
RP-1652,G-RPT-1575,report.layout.FM-PE-010,APPROVED_REPORT_DRAWING_GOLDEN,CALCULATION,HIGH,report
RP-1653,G-RPT-1576,report.layout.FM-PE-011,APPROVED_REPORT_DRAWING_GOLDEN,CALCULATION,HIGH,report
RP-1654,G-RPT-1577,report.layout.FM-PE-012,APPROVED_REPORT_DRAWING_GOLDEN,CALCULATION,HIGH,report
RP-1655,G-RPT-1578,report.layout.FM-PE-013,APPROVED_REPORT_DRAWING_GOLDEN,CALCULATION,HIGH,report
RP-1656,G-RPT-1579,report.layout.FM-PE-014,APPROVED_REPORT_DRAWING_GOLDEN,CALCULATION,HIGH,report
RP-1657,G-RPT-1580,report.layout.FM-PE-015,APPROVED_REPORT_DRAWING_GOLDEN,CALCULATION,HIGH,report
RP-1658,G-RPT-1581,report.layout.FM-PE-016,APPROVED_REPORT_DRAWING_GOLDEN,CALCULATION,HIGH,report
RP-1659,G-RPT-1582,report.layout.FM-PE-017,APPROVED_REPORT_DRAWING_GOLDEN,CALCULATION,HIGH,report
RP-1660,G-RPT-1583,report.layout.FM-PE-018,APPROVED_REPORT_DRAWING_GOLDEN,CALCULATION,HIGH,report
RP-1661,G-RPT-1584,report.layout.FM-PE-019,APPROVED_REPORT_DRAWING_GOLDEN,CALCULATION,HIGH,report
RP-1662,G-RPT-1585,report.layout.FM-PE-020,APPROVED_REPORT_DRAWING_GOLDEN,CALCULATION,HIGH,report
RP-1663,G-RPT-1586,report.layout.FM-PE-021,APPROVED_REPORT_DRAWING_GOLDEN,CALCULATION,HIGH,report
RP-1664,G-RPT-1587,report.layout.FM-PE-022,APPROVED_REPORT_DRAWING_GOLDEN,CALCULATION,HIGH,report
RP-1665,G-RPT-1588,report.layout.FM-PE-023,APPROVED_REPORT_DRAWING_GOLDEN,CALCULATION,HIGH,report
RP-1666,G-RPT-1589,report.layout.FM-PE-024,APPROVED_REPORT_DRAWING_GOLDEN,CALCULATION,HIGH,report
RP-1667,G-RPT-1590,report.layout.FM-PE-025,APPROVED_REPORT_DRAWING_GOLDEN,CALCULATION,HIGH,report
RP-1668,G-RPT-1591,report.layout.FM-PE-026,APPROVED_REPORT_DRAWING_GOLDEN,CALCULATION,HIGH,report
DR-001,G-DWG-0001,drawing.sheet.1,APPROVED_REPORT_DRAWING_GOLDEN,BOTH,HIGH,drawing
DR-002,G-DWG-0002,drawing.sheet.2,APPROVED_REPORT_DRAWING_GOLDEN,BOTH,HIGH,drawing
DR-003,G-DWG-0003,drawing.sheet.3,APPROVED_REPORT_DRAWING_GOLDEN,BOTH,HIGH,drawing
DR-004,G-DWG-0004,drawing.sheet.4,APPROVED_REPORT_DRAWING_GOLDEN,BOTH,HIGH,drawing
DR-005,G-DWG-0005,drawing.sheet.5,APPROVED_REPORT_DRAWING_GOLDEN,BOTH,HIGH,drawing
DR-006,G-DWG-0006,drawing.sheet.6,APPROVED_REPORT_DRAWING_GOLDEN,BOTH,HIGH,drawing
DR-007,G-DWG-0007,drawing.sheet.7,APPROVED_REPORT_DRAWING_GOLDEN,BOTH,HIGH,drawing
DR-008,G-DWG-0008,drawing.sheet.8,APPROVED_REPORT_DRAWING_GOLDEN,BOTH,HIGH,drawing
DR-009,G-DWG-0009,drawing.sheet.9,APPROVED_REPORT_DRAWING_GOLDEN,BOTH,HIGH,drawing
DR-010,G-DWG-0010,drawing.sheet.10,APPROVED_REPORT_DRAWING_GOLDEN,BOTH,HIGH,drawing
DR-011,G-DWG-0011,drawing.sheet.11,APPROVED_REPORT_DRAWING_GOLDEN,BOTH,HIGH,drawing
DR-012,G-DWG-0012,drawing.sheet.12,APPROVED_REPORT_DRAWING_GOLDEN,BOTH,HIGH,drawing
DR-013,G-DWG-0013,drawing.sheet.13,APPROVED_REPORT_DRAWING_GOLDEN,BOTH,HIGH,drawing
DR-014,G-DWG-0014,drawing.sheet.14,APPROVED_REPORT_DRAWING_GOLDEN,BOTH,HIGH,drawing
DR-015,G-DWG-0015,drawing.sheet.15,APPROVED_REPORT_DRAWING_GOLDEN,BOTH,HIGH,drawing
DR-016,G-DWG-0016,drawing.sheet.16,APPROVED_REPORT_DRAWING_GOLDEN,BOTH,HIGH,drawing
DR-017,G-DWG-0017,drawing.sheet.17,APPROVED_REPORT_DRAWING_GOLDEN,BOTH,HIGH,drawing
DR-018,G-DWG-0018,drawing.sheet.18,APPROVED_REPORT_DRAWING_GOLDEN,BOTH,HIGH,drawing
DR-019,G-DWG-0019,drawing.sheet.19,APPROVED_REPORT_DRAWING_GOLDEN,BOTH,HIGH,drawing
DR-020,G-DWG-0020,drawing.sheet.20,APPROVED_REPORT_DRAWING_GOLDEN,BOTH,HIGH,drawing
DR-021,G-DWG-0021,drawing.sheet.21,APPROVED_REPORT_DRAWING_GOLDEN,BOTH,HIGH,drawing
DR-022,G-DWG-0022,drawing.sheet.22,APPROVED_REPORT_DRAWING_GOLDEN,BOTH,HIGH,drawing
DR-023,G-DWG-0023,drawing.sheet.23,APPROVED_REPORT_DRAWING_GOLDEN,BOTH,HIGH,drawing
DR-024,G-DWG-0024,drawing.sheet.24,APPROVED_REPORT_DRAWING_GOLDEN,BOTH,HIGH,drawing
DR-025,G-DWG-0025,drawing.sheet.25,APPROVED_REPORT_DRAWING_GOLDEN,BOTH,HIGH,drawing
DR-026,G-DWG-0026,drawing.sheet.26,APPROVED_REPORT_DRAWING_GOLDEN,BOTH,HIGH,drawing
DR-027,G-DWG-0027,drawing.sheet.27,APPROVED_REPORT_DRAWING_GOLDEN,BOTH,HIGH,drawing
DR-028,G-DWG-0028,drawing.sheet.28,APPROVED_REPORT_DRAWING_GOLDEN,BOTH,HIGH,drawing
DR-029,G-DWG-0029,drawing.sheet.29,APPROVED_REPORT_DRAWING_GOLDEN,BOTH,HIGH,drawing
DR-030,G-DWG-0030,drawing.sheet.30,APPROVED_REPORT_DRAWING_GOLDEN,BOTH,HIGH,drawing
DR-031,G-DWG-0031,drawing.sheet.31,APPROVED_REPORT_DRAWING_GOLDEN,BOTH,HIGH,drawing
DR-032,G-DWG-0032,drawing.sheet.32,APPROVED_REPORT_DRAWING_GOLDEN,BOTH,HIGH,drawing
DR-033,G-DWG-0033,drawing.sheet.33,APPROVED_REPORT_DRAWING_GOLDEN,BOTH,HIGH,drawing
DR-034,G-DWG-0034,drawing.sheet.34,APPROVED_REPORT_DRAWING_GOLDEN,BOTH,HIGH,drawing
DR-035,G-DWG-0035,drawing.sheet.35,APPROVED_REPORT_DRAWING_GOLDEN,BOTH,HIGH,drawing
DR-036,G-DWG-0036,drawing.sheet.36,APPROVED_REPORT_DRAWING_GOLDEN,BOTH,HIGH,drawing
DR-037,G-DWG-0037,drawing.sheet.37,APPROVED_REPORT_DRAWING_GOLDEN,BOTH,HIGH,drawing
DR-038,G-DWG-0038,drawing.sheet.38,APPROVED_REPORT_DRAWING_GOLDEN,BOTH,HIGH,drawing
DR-039,G-DWG-0039,drawing.sheet.39,APPROVED_REPORT_DRAWING_GOLDEN,BOTH,HIGH,drawing
DR-040,G-DWG-0040,drawing.sheet.40,APPROVED_REPORT_DRAWING_GOLDEN,BOTH,HIGH,drawing
DR-041,G-DWG-0041,drawing.sheet.41,APPROVED_REPORT_DRAWING_GOLDEN,BOTH,HIGH,drawing
DR-042,G-DWG-0042,drawing.sheet.42,APPROVED_REPORT_DRAWING_GOLDEN,BOTH,HIGH,drawing
DR-043,G-DWG-0043,drawing.sheet.43,APPROVED_REPORT_DRAWING_GOLDEN,BOTH,HIGH,drawing
DR-044,G-DWG-0044,drawing.sheet.44,APPROVED_REPORT_DRAWING_GOLDEN,BOTH,HIGH,drawing
DR-045,G-DWG-0045,drawing.sheet.45,APPROVED_REPORT_DRAWING_GOLDEN,BOTH,HIGH,drawing
DR-046,G-DWG-0046,drawing.sheet.46,APPROVED_REPORT_DRAWING_GOLDEN,BOTH,HIGH,drawing
DR-047,G-DWG-0047,drawing.sheet.47,APPROVED_REPORT_DRAWING_GOLDEN,BOTH,HIGH,drawing
DR-048,G-DWG-0048,drawing.sheet.48,APPROVED_REPORT_DRAWING_GOLDEN,BOTH,HIGH,drawing
DR-049,G-DWG-0049,drawing.sheet.49,APPROVED_REPORT_DRAWING_GOLDEN,BOTH,HIGH,drawing
DR-050,G-DWG-0050,drawing.sheet.50,APPROVED_REPORT_DRAWING_GOLDEN,BOTH,HIGH,drawing
DR-051,G-DWG-0051,drawing.sheet.51,APPROVED_REPORT_DRAWING_GOLDEN,BOTH,HIGH,drawing
DR-052,G-DWG-0052,drawing.sheet.52,APPROVED_REPORT_DRAWING_GOLDEN,BOTH,HIGH,drawing
DR-053,G-DWG-0053,drawing.sheet.53,APPROVED_REPORT_DRAWING_GOLDEN,BOTH,HIGH,drawing
DR-054,G-DWG-0054,drawing.sheet.54,APPROVED_REPORT_DRAWING_GOLDEN,BOTH,HIGH,drawing
DR-055,G-DWG-0055,drawing.sheet.55,APPROVED_REPORT_DRAWING_GOLDEN,BOTH,HIGH,drawing
DR-056,G-DWG-0056,drawing.sheet.56,APPROVED_REPORT_DRAWING_GOLDEN,BOTH,HIGH,drawing
DR-057,G-DWG-0057,drawing.sheet.57,APPROVED_REPORT_DRAWING_GOLDEN,BOTH,HIGH,drawing
DR-058,G-DWG-0058,drawing.sheet.58,APPROVED_REPORT_DRAWING_GOLDEN,BOTH,HIGH,drawing
DR-059,G-DWG-0059,drawing.sheet.59,APPROVED_REPORT_DRAWING_GOLDEN,BOTH,HIGH,drawing
DR-060,G-DWG-0060,drawing.sheet.60,APPROVED_REPORT_DRAWING_GOLDEN,BOTH,HIGH,drawing
DR-061,G-DWG-0061,drawing.sheet.61,APPROVED_REPORT_DRAWING_GOLDEN,BOTH,HIGH,drawing
DR-062,G-DWG-0062,drawing.sheet.62,APPROVED_REPORT_DRAWING_GOLDEN,BOTH,HIGH,drawing
DR-063,G-DWG-0063,drawing.sheet.63,APPROVED_REPORT_DRAWING_GOLDEN,BOTH,HIGH,drawing
DR-064,G-DWG-0064,drawing.sheet.64,APPROVED_REPORT_DRAWING_GOLDEN,BOTH,HIGH,drawing
DR-065,G-DWG-0065,drawing.sheet.65,APPROVED_REPORT_DRAWING_GOLDEN,BOTH,HIGH,drawing
DR-066,G-DWG-0066,drawing.sheet.66,APPROVED_REPORT_DRAWING_GOLDEN,BOTH,HIGH,drawing
DR-067,G-DWG-0067,drawing.sheet.67,APPROVED_REPORT_DRAWING_GOLDEN,BOTH,HIGH,drawing
DR-068,G-DWG-0068,drawing.sheet.68,APPROVED_REPORT_DRAWING_GOLDEN,BOTH,HIGH,drawing
DR-069,G-DWG-0069,drawing.sheet.69,APPROVED_REPORT_DRAWING_GOLDEN,BOTH,HIGH,drawing
DR-070,G-DWG-0070,drawing.sheet.70,APPROVED_REPORT_DRAWING_GOLDEN,BOTH,HIGH,drawing
DR-071,G-DWG-0071,drawing.sheet.71,APPROVED_REPORT_DRAWING_GOLDEN,BOTH,HIGH,drawing
DR-072,G-DWG-0072,drawing.sheet.72,APPROVED_REPORT_DRAWING_GOLDEN,BOTH,HIGH,drawing
DR-073,G-DWG-0073,drawing.sheet.73,APPROVED_REPORT_DRAWING_GOLDEN,BOTH,HIGH,drawing
DR-074,G-DWG-0074,drawing.sheet.74,APPROVED_REPORT_DRAWING_GOLDEN,BOTH,HIGH,drawing
DR-075,G-DWG-0075,drawing.sheet.75,APPROVED_REPORT_DRAWING_GOLDEN,BOTH,HIGH,drawing
DR-076,G-DWG-0076,drawing.sheet.76,APPROVED_REPORT_DRAWING_GOLDEN,BOTH,HIGH,drawing
DR-077,G-DWG-0077,drawing.sheet.77,APPROVED_REPORT_DRAWING_GOLDEN,BOTH,HIGH,drawing
DR-078,G-DWG-0078,drawing.sheet.78,APPROVED_REPORT_DRAWING_GOLDEN,BOTH,HIGH,drawing
DR-079,G-DWG-0079,drawing.sheet.79,APPROVED_REPORT_DRAWING_GOLDEN,BOTH,HIGH,drawing
DR-080,G-DWG-0080,drawing.sheet.80,APPROVED_REPORT_DRAWING_GOLDEN,BOTH,HIGH,drawing
DR-081,G-DWG-0081,drawing.sheet.81,APPROVED_REPORT_DRAWING_GOLDEN,BOTH,HIGH,drawing
DR-082,G-DWG-0082,drawing.sheet.82,APPROVED_REPORT_DRAWING_GOLDEN,BOTH,HIGH,drawing
DR-083,G-DWG-0083,drawing.sheet.83,APPROVED_REPORT_DRAWING_GOLDEN,BOTH,HIGH,drawing
DR-084,G-DWG-0084,drawing.sheet.84,APPROVED_REPORT_DRAWING_GOLDEN,BOTH,HIGH,drawing
DR-085,G-DWG-0085,drawing.sheet.85,APPROVED_REPORT_DRAWING_GOLDEN,BOTH,HIGH,drawing
DR-086,G-DWG-0086,drawing.sheet.86,APPROVED_REPORT_DRAWING_GOLDEN,BOTH,HIGH,drawing
DR-087,G-DWG-0087,drawing.sheet.87,APPROVED_REPORT_DRAWING_GOLDEN,BOTH,HIGH,drawing
DR-088,G-DWG-0088,drawing.sheet.88,APPROVED_REPORT_DRAWING_GOLDEN,BOTH,HIGH,drawing
DR-089,G-DWG-0089,drawing.sheet.89,APPROVED_REPORT_DRAWING_GOLDEN,BOTH,HIGH,drawing
DR-090,G-DWG-0090,drawing.sheet.90,APPROVED_REPORT_DRAWING_GOLDEN,BOTH,HIGH,drawing
DR-091,G-DWG-0091,drawing.sheet.91,APPROVED_REPORT_DRAWING_GOLDEN,BOTH,HIGH,drawing
DR-092,G-DWG-0092,drawing.sheet.92,APPROVED_REPORT_DRAWING_GOLDEN,BOTH,HIGH,drawing
DR-093,G-DWG-0093,drawing.sheet.93,APPROVED_REPORT_DRAWING_GOLDEN,BOTH,HIGH,drawing
DR-094,G-DWG-0094,drawing.sheet.94,APPROVED_REPORT_DRAWING_GOLDEN,BOTH,HIGH,drawing
DR-095,G-DWG-0095,drawing.sheet.95,APPROVED_REPORT_DRAWING_GOLDEN,BOTH,HIGH,drawing
DR-096,G-DWG-0096,drawing.sheet.96,APPROVED_REPORT_DRAWING_GOLDEN,BOTH,HIGH,drawing
DR-097,G-DWG-0097,drawing.sheet.97,APPROVED_REPORT_DRAWING_GOLDEN,BOTH,HIGH,drawing
DR-098,G-DWG-0098,drawing.sheet.98,APPROVED_REPORT_DRAWING_GOLDEN,BOTH,HIGH,drawing
DR-099,G-DWG-0099,drawing.sheet.99,APPROVED_REPORT_DRAWING_GOLDEN,BOTH,HIGH,drawing
DR-100,G-DWG-0100,drawing.sheet.100,APPROVED_REPORT_DRAWING_GOLDEN,BOTH,HIGH,drawing
DR-101,G-DWG-0101,drawing.sheet.101,APPROVED_REPORT_DRAWING_GOLDEN,BOTH,HIGH,drawing
DR-102,G-DWG-0102,drawing.sheet.102,APPROVED_REPORT_DRAWING_GOLDEN,BOTH,HIGH,drawing
DR-103,G-DWG-0103,drawing.sheet.103,APPROVED_REPORT_DRAWING_GOLDEN,BOTH,HIGH,drawing
DR-104,G-DWG-0104,drawing.sheet.104,APPROVED_REPORT_DRAWING_GOLDEN,BOTH,HIGH,drawing
DR-105,G-DWG-0105,drawing.sheet.105,APPROVED_REPORT_DRAWING_GOLDEN,BOTH,HIGH,drawing
DR-106,G-DWG-0106,drawing.sheet.106,APPROVED_REPORT_DRAWING_GOLDEN,BOTH,HIGH,drawing
DR-107,G-DWG-0107,drawing.sheet.107,APPROVED_REPORT_DRAWING_GOLDEN,BOTH,HIGH,drawing
DR-108,G-DWG-0108,drawing.sheet.108,APPROVED_REPORT_DRAWING_GOLDEN,BOTH,HIGH,drawing
DR-109,G-DWG-0109,drawing.sheet.109,APPROVED_REPORT_DRAWING_GOLDEN,BOTH,HIGH,drawing
DR-110,G-DWG-0110,drawing.sheet.110,APPROVED_REPORT_DRAWING_GOLDEN,BOTH,HIGH,drawing
DR-111,G-DWG-0111,drawing.sheet.111,APPROVED_REPORT_DRAWING_GOLDEN,BOTH,HIGH,drawing
DR-112,G-DWG-0112,drawing.sheet.112,APPROVED_REPORT_DRAWING_GOLDEN,BOTH,HIGH,drawing
DR-113,G-DWG-0113,drawing.sheet.113,APPROVED_REPORT_DRAWING_GOLDEN,BOTH,HIGH,drawing
DR-114,G-DWG-0114,drawing.sheet.114,APPROVED_REPORT_DRAWING_GOLDEN,BOTH,HIGH,drawing
DR-115,G-DWG-0115,drawing.sheet.115,APPROVED_REPORT_DRAWING_GOLDEN,BOTH,HIGH,drawing
DR-116,G-DWG-0116,drawing.sheet.116,APPROVED_REPORT_DRAWING_GOLDEN,BOTH,HIGH,drawing
DR-117,G-DWG-0117,drawing.sheet.117,APPROVED_REPORT_DRAWING_GOLDEN,BOTH,HIGH,drawing
DR-118,G-DWG-0118,drawing.sheet.118,APPROVED_REPORT_DRAWING_GOLDEN,BOTH,HIGH,drawing
DR-119,G-DWG-0119,drawing.sheet.119,APPROVED_REPORT_DRAWING_GOLDEN,BOTH,HIGH,drawing
DR-120,G-DWG-0120,drawing.sheet.120,APPROVED_REPORT_DRAWING_GOLDEN,BOTH,HIGH,drawing
DR-121,G-DWG-0121,drawing.sheet.121,APPROVED_REPORT_DRAWING_GOLDEN,BOTH,HIGH,drawing
DR-122,G-DWG-0122,drawing.sheet.122,APPROVED_REPORT_DRAWING_GOLDEN,BOTH,HIGH,drawing
DR-123,G-DWG-0123,drawing.sheet.123,APPROVED_REPORT_DRAWING_GOLDEN,BOTH,HIGH,drawing
DR-124,G-DWG-0124,drawing.sheet.124,APPROVED_REPORT_DRAWING_GOLDEN,BOTH,HIGH,drawing
DR-125,G-DWG-0125,drawing.sheet.125,APPROVED_REPORT_DRAWING_GOLDEN,BOTH,HIGH,drawing
DR-126,G-DWG-0126,drawing.sheet.126,APPROVED_REPORT_DRAWING_GOLDEN,BOTH,HIGH,drawing
DR-127,G-DWG-0127,drawing.sheet.127,APPROVED_REPORT_DRAWING_GOLDEN,BOTH,HIGH,drawing
DR-128,G-DWG-0128,drawing.sheet.128,APPROVED_REPORT_DRAWING_GOLDEN,BOTH,HIGH,drawing
DR-129,G-DWG-0129,drawing.sheet.129,APPROVED_REPORT_DRAWING_GOLDEN,BOTH,HIGH,drawing
DR-130,G-DWG-0130,drawing.sheet.130,APPROVED_REPORT_DRAWING_GOLDEN,BOTH,HIGH,drawing
DR-131,G-DWG-0131,drawing.sheet.131,APPROVED_REPORT_DRAWING_GOLDEN,BOTH,HIGH,drawing
DR-132,G-DWG-0132,drawing.sheet.132,APPROVED_REPORT_DRAWING_GOLDEN,BOTH,HIGH,drawing
DR-133,G-DWG-0133,drawing.sheet.133,APPROVED_REPORT_DRAWING_GOLDEN,BOTH,HIGH,drawing
DR-134,G-DWG-0134,drawing.sheet.134,APPROVED_REPORT_DRAWING_GOLDEN,BOTH,HIGH,drawing
DR-135,G-DWG-0135,drawing.sheet.135,APPROVED_REPORT_DRAWING_GOLDEN,BOTH,HIGH,drawing
DR-136,G-DWG-0136,drawing.sheet.136,APPROVED_REPORT_DRAWING_GOLDEN,BOTH,HIGH,drawing
DR-137,G-DWG-0137,drawing.sheet.137,APPROVED_REPORT_DRAWING_GOLDEN,BOTH,HIGH,drawing
DR-138,G-DWG-0138,drawing.sheet.138,APPROVED_REPORT_DRAWING_GOLDEN,BOTH,HIGH,drawing
DR-139,G-DWG-0139,drawing.sheet.139,APPROVED_REPORT_DRAWING_GOLDEN,BOTH,HIGH,drawing
DR-140,G-DWG-0140,drawing.sheet.140,APPROVED_REPORT_DRAWING_GOLDEN,BOTH,HIGH,drawing
DR-141,G-DWG-0141,drawing.sheet.141,APPROVED_WITH_HUMAN_CONFIRMATION_TRACK,BOTH,MEDIUM,drawing
DR-778,G-DWG-0142,drawing.title_block.DWG-TB-S001-001,APPROVED_REPORT_DRAWING_GOLDEN,BOTH,HIGH,drawing
DR-779,G-DWG-0143,drawing.title_block.DWG-TB-S002-001,APPROVED_REPORT_DRAWING_GOLDEN,BOTH,HIGH,drawing
DR-780,G-DWG-0144,drawing.title_block.DWG-TB-S003-001,APPROVED_REPORT_DRAWING_GOLDEN,BOTH,HIGH,drawing
DR-781,G-DWG-0145,drawing.title_block.DWG-TB-S004-001,APPROVED_REPORT_DRAWING_GOLDEN,BOTH,HIGH,drawing
DR-782,G-DWG-0146,drawing.title_block.DWG-TB-S005-001,APPROVED_REPORT_DRAWING_GOLDEN,BOTH,HIGH,drawing
DR-783,G-DWG-0147,drawing.title_block.DWG-TB-S006-001,APPROVED_REPORT_DRAWING_GOLDEN,BOTH,HIGH,drawing
DR-784,G-DWG-0148,drawing.title_block.DWG-TB-S007-001,APPROVED_REPORT_DRAWING_GOLDEN,BOTH,HIGH,drawing
DR-785,G-DWG-0149,drawing.title_block.DWG-TB-S008-001,APPROVED_REPORT_DRAWING_GOLDEN,BOTH,HIGH,drawing
DR-786,G-DWG-0150,drawing.title_block.DWG-TB-S009-001,APPROVED_REPORT_DRAWING_GOLDEN,BOTH,HIGH,drawing
DR-787,G-DWG-0151,drawing.title_block.DWG-TB-S010-001,APPROVED_REPORT_DRAWING_GOLDEN,BOTH,HIGH,drawing
DR-788,G-DWG-0152,drawing.title_block.DWG-TB-S011-001,APPROVED_REPORT_DRAWING_GOLDEN,BOTH,HIGH,drawing
DR-789,G-DWG-0153,drawing.title_block.DWG-TB-S012-001,APPROVED_REPORT_DRAWING_GOLDEN,BOTH,HIGH,drawing
DR-790,G-DWG-0154,drawing.title_block.DWG-TB-S013-001,APPROVED_REPORT_DRAWING_GOLDEN,BOTH,HIGH,drawing
DR-791,G-DWG-0155,drawing.title_block.DWG-TB-S014-001,APPROVED_REPORT_DRAWING_GOLDEN,BOTH,HIGH,drawing
DR-792,G-DWG-0156,drawing.title_block.DWG-TB-S015-001,APPROVED_REPORT_DRAWING_GOLDEN,BOTH,HIGH,drawing
DR-793,G-DWG-0157,drawing.title_block.DWG-TB-S016-001,APPROVED_REPORT_DRAWING_GOLDEN,BOTH,HIGH,drawing
DR-794,G-DWG-0158,drawing.title_block.DWG-TB-S017-001,APPROVED_REPORT_DRAWING_GOLDEN,BOTH,HIGH,drawing
DR-795,G-DWG-0159,drawing.title_block.DWG-TB-S018-001,APPROVED_REPORT_DRAWING_GOLDEN,BOTH,HIGH,drawing
DR-796,G-DWG-0160,drawing.title_block.DWG-TB-S019-001,APPROVED_REPORT_DRAWING_GOLDEN,BOTH,HIGH,drawing
DR-797,G-DWG-0161,drawing.title_block.DWG-TB-S020-001,APPROVED_REPORT_DRAWING_GOLDEN,BOTH,HIGH,drawing
DR-798,G-DWG-0162,drawing.title_block.DWG-TB-S021-001,APPROVED_REPORT_DRAWING_GOLDEN,BOTH,HIGH,drawing
DR-799,G-DWG-0163,drawing.title_block.DWG-TB-S022-001,APPROVED_REPORT_DRAWING_GOLDEN,BOTH,HIGH,drawing
DR-800,G-DWG-0164,drawing.title_block.DWG-TB-S023-001,APPROVED_REPORT_DRAWING_GOLDEN,BOTH,HIGH,drawing
DR-801,G-DWG-0165,drawing.title_block.DWG-TB-S024-001,APPROVED_REPORT_DRAWING_GOLDEN,BOTH,HIGH,drawing
DR-802,G-DWG-0166,drawing.title_block.DWG-TB-S025-001,APPROVED_REPORT_DRAWING_GOLDEN,BOTH,HIGH,drawing
DR-803,G-DWG-0167,drawing.title_block.DWG-TB-S026-001,APPROVED_REPORT_DRAWING_GOLDEN,BOTH,HIGH,drawing
DR-804,G-DWG-0168,drawing.title_block.DWG-TB-S027-001,APPROVED_REPORT_DRAWING_GOLDEN,BOTH,HIGH,drawing
DR-805,G-DWG-0169,drawing.title_block.DWG-TB-S028-001,APPROVED_REPORT_DRAWING_GOLDEN,BOTH,HIGH,drawing
DR-806,G-DWG-0170,drawing.title_block.DWG-TB-S029-001,APPROVED_REPORT_DRAWING_GOLDEN,BOTH,HIGH,drawing
DR-807,G-DWG-0171,drawing.title_block.DWG-TB-S030-001,APPROVED_REPORT_DRAWING_GOLDEN,BOTH,HIGH,drawing
DR-808,G-DWG-0172,drawing.title_block.DWG-TB-S031-001,APPROVED_REPORT_DRAWING_GOLDEN,BOTH,HIGH,drawing
DR-809,G-DWG-0173,drawing.title_block.DWG-TB-S032-001,APPROVED_REPORT_DRAWING_GOLDEN,BOTH,HIGH,drawing
DR-810,G-DWG-0174,drawing.title_block.DWG-TB-S033-001,APPROVED_REPORT_DRAWING_GOLDEN,BOTH,HIGH,drawing
DR-811,G-DWG-0175,drawing.title_block.DWG-TB-S034-001,APPROVED_REPORT_DRAWING_GOLDEN,BOTH,HIGH,drawing
DR-812,G-DWG-0176,drawing.title_block.DWG-TB-S035-001,APPROVED_REPORT_DRAWING_GOLDEN,BOTH,HIGH,drawing
DR-813,G-DWG-0177,drawing.title_block.DWG-TB-S036-001,APPROVED_REPORT_DRAWING_GOLDEN,BOTH,HIGH,drawing
DR-814,G-DWG-0178,drawing.title_block.DWG-TB-S037-001,APPROVED_REPORT_DRAWING_GOLDEN,BOTH,HIGH,drawing
DR-815,G-DWG-0179,drawing.title_block.DWG-TB-S038-001,APPROVED_REPORT_DRAWING_GOLDEN,BOTH,HIGH,drawing
DR-816,G-DWG-0180,drawing.title_block.DWG-TB-S039-001,APPROVED_REPORT_DRAWING_GOLDEN,BOTH,HIGH,drawing
DR-817,G-DWG-0181,drawing.title_block.DWG-TB-S040-001,APPROVED_REPORT_DRAWING_GOLDEN,BOTH,HIGH,drawing
DR-818,G-DWG-0182,drawing.title_block.DWG-TB-S041-001,APPROVED_REPORT_DRAWING_GOLDEN,BOTH,HIGH,drawing
DR-819,G-DWG-0183,drawing.title_block.DWG-TB-S042-001,APPROVED_REPORT_DRAWING_GOLDEN,BOTH,HIGH,drawing
DR-820,G-DWG-0184,drawing.title_block.DWG-TB-S043-001,APPROVED_REPORT_DRAWING_GOLDEN,BOTH,HIGH,drawing
DR-821,G-DWG-0185,drawing.title_block.DWG-TB-S044-001,APPROVED_REPORT_DRAWING_GOLDEN,BOTH,HIGH,drawing
DR-1259,G-DWG-0186,drawing.title_block.DWG-TB-S045-001,APPROVED_REPORT_DRAWING_GOLDEN,BOTH,HIGH,drawing
DR-1260,G-DWG-0187,drawing.title_block.DWG-TB-S045-002,APPROVED_REPORT_DRAWING_GOLDEN,BOTH,HIGH,drawing
DR-1261,G-DWG-0188,drawing.title_block.DWG-TB-S045-003,APPROVED_REPORT_DRAWING_GOLDEN,BOTH,HIGH,drawing
DR-1262,G-DWG-0189,drawing.title_block.DWG-TB-S045-004,APPROVED_REPORT_DRAWING_GOLDEN,BOTH,HIGH,drawing
DR-1263,G-DWG-0190,drawing.title_block.DWG-TB-S045-005,APPROVED_REPORT_DRAWING_GOLDEN,BOTH,HIGH,drawing
DR-1264,G-DWG-0191,drawing.title_block.DWG-TB-S045-006,APPROVED_REPORT_DRAWING_GOLDEN,BOTH,HIGH,drawing
DR-1265,G-DWG-0192,drawing.title_block.DWG-TB-S046-001,APPROVED_REPORT_DRAWING_GOLDEN,BOTH,HIGH,drawing
DR-1266,G-DWG-0193,drawing.title_block.DWG-TB-S046-002,APPROVED_REPORT_DRAWING_GOLDEN,BOTH,HIGH,drawing
DR-1267,G-DWG-0194,drawing.title_block.DWG-TB-S046-003,APPROVED_REPORT_DRAWING_GOLDEN,BOTH,HIGH,drawing
DR-1268,G-DWG-0195,drawing.title_block.DWG-TB-S046-004,APPROVED_REPORT_DRAWING_GOLDEN,BOTH,HIGH,drawing
DR-1269,G-DWG-0196,drawing.title_block.DWG-TB-S046-005,APPROVED_REPORT_DRAWING_GOLDEN,BOTH,HIGH,drawing
DR-1270,G-DWG-0197,drawing.title_block.DWG-TB-S046-006,APPROVED_REPORT_DRAWING_GOLDEN,BOTH,HIGH,drawing
DR-1271,G-DWG-0198,drawing.title_block.DWG-TB-S047-001,APPROVED_REPORT_DRAWING_GOLDEN,BOTH,HIGH,drawing
DR-1272,G-DWG-0199,drawing.title_block.DWG-TB-S047-002,APPROVED_REPORT_DRAWING_GOLDEN,BOTH,HIGH,drawing
DR-1273,G-DWG-0200,drawing.title_block.DWG-TB-S047-003,APPROVED_REPORT_DRAWING_GOLDEN,BOTH,HIGH,drawing
DR-1274,G-DWG-0201,drawing.title_block.DWG-TB-S047-004,APPROVED_REPORT_DRAWING_GOLDEN,BOTH,HIGH,drawing
DR-1275,G-DWG-0202,drawing.title_block.DWG-TB-S047-005,APPROVED_REPORT_DRAWING_GOLDEN,BOTH,HIGH,drawing
DR-1276,G-DWG-0203,drawing.title_block.DWG-TB-S047-006,APPROVED_REPORT_DRAWING_GOLDEN,BOTH,HIGH,drawing
DR-1277,G-DWG-0204,drawing.title_block.DWG-TB-S048-001,APPROVED_REPORT_DRAWING_GOLDEN,BOTH,HIGH,drawing
DR-1278,G-DWG-0205,drawing.title_block.DWG-TB-S048-002,APPROVED_REPORT_DRAWING_GOLDEN,BOTH,HIGH,drawing
DR-1279,G-DWG-0206,drawing.title_block.DWG-TB-S048-003,APPROVED_REPORT_DRAWING_GOLDEN,BOTH,HIGH,drawing
DR-1280,G-DWG-0207,drawing.title_block.DWG-TB-S048-004,APPROVED_REPORT_DRAWING_GOLDEN,BOTH,HIGH,drawing
DR-1281,G-DWG-0208,drawing.title_block.DWG-TB-S048-005,APPROVED_REPORT_DRAWING_GOLDEN,BOTH,HIGH,drawing
DR-1282,G-DWG-0209,drawing.title_block.DWG-TB-S048-006,APPROVED_REPORT_DRAWING_GOLDEN,BOTH,HIGH,drawing
DR-1283,G-DWG-0210,drawing.title_block.DWG-TB-S049-001,APPROVED_REPORT_DRAWING_GOLDEN,BOTH,HIGH,drawing
DR-1284,G-DWG-0211,drawing.title_block.DWG-TB-S049-002,APPROVED_REPORT_DRAWING_GOLDEN,BOTH,HIGH,drawing
DR-1285,G-DWG-0212,drawing.title_block.DWG-TB-S049-003,APPROVED_REPORT_DRAWING_GOLDEN,BOTH,HIGH,drawing
DR-1286,G-DWG-0213,drawing.title_block.DWG-TB-S049-004,APPROVED_REPORT_DRAWING_GOLDEN,BOTH,HIGH,drawing
DR-1287,G-DWG-0214,drawing.title_block.DWG-TB-S049-005,APPROVED_REPORT_DRAWING_GOLDEN,BOTH,HIGH,drawing
DR-1288,G-DWG-0215,drawing.title_block.DWG-TB-S049-006,APPROVED_REPORT_DRAWING_GOLDEN,BOTH,HIGH,drawing
DR-1289,G-DWG-0216,drawing.title_block.DWG-TB-S050-001,APPROVED_REPORT_DRAWING_GOLDEN,BOTH,HIGH,drawing
DR-1290,G-DWG-0217,drawing.title_block.DWG-TB-S050-002,APPROVED_REPORT_DRAWING_GOLDEN,BOTH,HIGH,drawing
DR-1291,G-DWG-0218,drawing.title_block.DWG-TB-S050-003,APPROVED_REPORT_DRAWING_GOLDEN,BOTH,HIGH,drawing
DR-1292,G-DWG-0219,drawing.title_block.DWG-TB-S050-004,APPROVED_REPORT_DRAWING_GOLDEN,BOTH,HIGH,drawing
DR-1293,G-DWG-0220,drawing.title_block.DWG-TB-S050-005,APPROVED_REPORT_DRAWING_GOLDEN,BOTH,HIGH,drawing
DR-1294,G-DWG-0221,drawing.title_block.DWG-TB-S050-006,APPROVED_REPORT_DRAWING_GOLDEN,BOTH,HIGH,drawing
DR-1295,G-DWG-0222,drawing.title_block.DWG-TB-S051-001,APPROVED_REPORT_DRAWING_GOLDEN,BOTH,HIGH,drawing
DR-1296,G-DWG-0223,drawing.title_block.DWG-TB-S051-002,APPROVED_REPORT_DRAWING_GOLDEN,BOTH,HIGH,drawing
DR-1297,G-DWG-0224,drawing.title_block.DWG-TB-S051-003,APPROVED_REPORT_DRAWING_GOLDEN,BOTH,HIGH,drawing
DR-1298,G-DWG-0225,drawing.title_block.DWG-TB-S051-004,APPROVED_REPORT_DRAWING_GOLDEN,BOTH,HIGH,drawing
DR-1299,G-DWG-0226,drawing.title_block.DWG-TB-S051-005,APPROVED_REPORT_DRAWING_GOLDEN,BOTH,HIGH,drawing
DR-1300,G-DWG-0227,drawing.title_block.DWG-TB-S051-006,APPROVED_REPORT_DRAWING_GOLDEN,BOTH,HIGH,drawing
DR-1301,G-DWG-0228,drawing.title_block.DWG-TB-S052-001,APPROVED_REPORT_DRAWING_GOLDEN,BOTH,HIGH,drawing
DR-1302,G-DWG-0229,drawing.title_block.DWG-TB-S052-002,APPROVED_REPORT_DRAWING_GOLDEN,BOTH,HIGH,drawing
DR-1303,G-DWG-0230,drawing.title_block.DWG-TB-S052-003,APPROVED_REPORT_DRAWING_GOLDEN,BOTH,HIGH,drawing
DR-1304,G-DWG-0231,drawing.title_block.DWG-TB-S052-004,APPROVED_REPORT_DRAWING_GOLDEN,BOTH,HIGH,drawing
DR-1305,G-DWG-0232,drawing.title_block.DWG-TB-S052-005,APPROVED_REPORT_DRAWING_GOLDEN,BOTH,HIGH,drawing
DR-1306,G-DWG-0233,drawing.title_block.DWG-TB-S052-006,APPROVED_REPORT_DRAWING_GOLDEN,BOTH,HIGH,drawing
DR-1307,G-DWG-0234,drawing.title_block.DWG-TB-S053-001,APPROVED_REPORT_DRAWING_GOLDEN,BOTH,HIGH,drawing
DR-1308,G-DWG-0235,drawing.title_block.DWG-TB-S053-002,APPROVED_REPORT_DRAWING_GOLDEN,BOTH,HIGH,drawing
DR-1309,G-DWG-0236,drawing.title_block.DWG-TB-S053-003,APPROVED_REPORT_DRAWING_GOLDEN,BOTH,HIGH,drawing
DR-1310,G-DWG-0237,drawing.title_block.DWG-TB-S053-004,APPROVED_REPORT_DRAWING_GOLDEN,BOTH,HIGH,drawing
DR-1311,G-DWG-0238,drawing.title_block.DWG-TB-S053-005,APPROVED_REPORT_DRAWING_GOLDEN,BOTH,HIGH,drawing
DR-1312,G-DWG-0239,drawing.title_block.DWG-TB-S053-006,APPROVED_REPORT_DRAWING_GOLDEN,BOTH,HIGH,drawing
DR-1313,G-DWG-0240,drawing.title_block.DWG-TB-S054-001,APPROVED_REPORT_DRAWING_GOLDEN,BOTH,HIGH,drawing
DR-1314,G-DWG-0241,drawing.title_block.DWG-TB-S054-002,APPROVED_REPORT_DRAWING_GOLDEN,BOTH,HIGH,drawing
DR-1315,G-DWG-0242,drawing.title_block.DWG-TB-S054-003,APPROVED_REPORT_DRAWING_GOLDEN,BOTH,HIGH,drawing
DR-1316,G-DWG-0243,drawing.title_block.DWG-TB-S054-004,APPROVED_REPORT_DRAWING_GOLDEN,BOTH,HIGH,drawing
DR-1317,G-DWG-0244,drawing.title_block.DWG-TB-S054-005,APPROVED_REPORT_DRAWING_GOLDEN,BOTH,HIGH,drawing
DR-1318,G-DWG-0245,drawing.title_block.DWG-TB-S054-006,APPROVED_REPORT_DRAWING_GOLDEN,BOTH,HIGH,drawing
DR-1319,G-DWG-0246,drawing.title_block.DWG-TB-S055-001,APPROVED_REPORT_DRAWING_GOLDEN,BOTH,HIGH,drawing
DR-1320,G-DWG-0247,drawing.title_block.DWG-TB-S055-002,APPROVED_REPORT_DRAWING_GOLDEN,BOTH,HIGH,drawing
DR-1321,G-DWG-0248,drawing.title_block.DWG-TB-S055-003,APPROVED_REPORT_DRAWING_GOLDEN,BOTH,HIGH,drawing
DR-1322,G-DWG-0249,drawing.title_block.DWG-TB-S055-004,APPROVED_REPORT_DRAWING_GOLDEN,BOTH,HIGH,drawing
DR-1323,G-DWG-0250,drawing.title_block.DWG-TB-S055-005,APPROVED_REPORT_DRAWING_GOLDEN,BOTH,HIGH,drawing
DR-1324,G-DWG-0251,drawing.title_block.DWG-TB-S055-006,APPROVED_REPORT_DRAWING_GOLDEN,BOTH,HIGH,drawing
DR-1325,G-DWG-0252,drawing.title_block.DWG-TB-S056-001,APPROVED_REPORT_DRAWING_GOLDEN,BOTH,HIGH,drawing
DR-1326,G-DWG-0253,drawing.title_block.DWG-TB-S056-002,APPROVED_REPORT_DRAWING_GOLDEN,BOTH,HIGH,drawing
DR-1327,G-DWG-0254,drawing.title_block.DWG-TB-S056-003,APPROVED_REPORT_DRAWING_GOLDEN,BOTH,HIGH,drawing
DR-1328,G-DWG-0255,drawing.title_block.DWG-TB-S056-004,APPROVED_REPORT_DRAWING_GOLDEN,BOTH,HIGH,drawing
DR-1329,G-DWG-0256,drawing.title_block.DWG-TB-S056-005,APPROVED_REPORT_DRAWING_GOLDEN,BOTH,HIGH,drawing
DR-1330,G-DWG-0257,drawing.title_block.DWG-TB-S056-006,APPROVED_REPORT_DRAWING_GOLDEN,BOTH,HIGH,drawing
DR-1331,G-DWG-0258,drawing.title_block.DWG-TB-S057-001,APPROVED_REPORT_DRAWING_GOLDEN,BOTH,HIGH,drawing
DR-1332,G-DWG-0259,drawing.title_block.DWG-TB-S057-002,APPROVED_REPORT_DRAWING_GOLDEN,BOTH,HIGH,drawing
DR-1333,G-DWG-0260,drawing.title_block.DWG-TB-S057-003,APPROVED_REPORT_DRAWING_GOLDEN,BOTH,HIGH,drawing
DR-1334,G-DWG-0261,drawing.title_block.DWG-TB-S057-004,APPROVED_REPORT_DRAWING_GOLDEN,BOTH,HIGH,drawing
DR-1335,G-DWG-0262,drawing.title_block.DWG-TB-S057-005,APPROVED_REPORT_DRAWING_GOLDEN,BOTH,HIGH,drawing
DR-1336,G-DWG-0263,drawing.title_block.DWG-TB-S057-006,APPROVED_REPORT_DRAWING_GOLDEN,BOTH,HIGH,drawing
DR-1337,G-DWG-0264,drawing.title_block.DWG-TB-S058-001,APPROVED_REPORT_DRAWING_GOLDEN,BOTH,HIGH,drawing
DR-1338,G-DWG-0265,drawing.title_block.DWG-TB-S058-002,APPROVED_REPORT_DRAWING_GOLDEN,BOTH,HIGH,drawing
DR-1339,G-DWG-0266,drawing.title_block.DWG-TB-S058-003,APPROVED_REPORT_DRAWING_GOLDEN,BOTH,HIGH,drawing
DR-1340,G-DWG-0267,drawing.title_block.DWG-TB-S058-004,APPROVED_REPORT_DRAWING_GOLDEN,BOTH,HIGH,drawing
DR-1341,G-DWG-0268,drawing.title_block.DWG-TB-S058-005,APPROVED_REPORT_DRAWING_GOLDEN,BOTH,HIGH,drawing
DR-1342,G-DWG-0269,drawing.title_block.DWG-TB-S058-006,APPROVED_REPORT_DRAWING_GOLDEN,BOTH,HIGH,drawing
DR-1343,G-DWG-0270,drawing.title_block.DWG-TB-S059-001,APPROVED_REPORT_DRAWING_GOLDEN,BOTH,HIGH,drawing
DR-1344,G-DWG-0271,drawing.title_block.DWG-TB-S059-002,APPROVED_REPORT_DRAWING_GOLDEN,BOTH,HIGH,drawing
DR-1345,G-DWG-0272,drawing.title_block.DWG-TB-S059-003,APPROVED_REPORT_DRAWING_GOLDEN,BOTH,HIGH,drawing
DR-1346,G-DWG-0273,drawing.title_block.DWG-TB-S059-004,APPROVED_REPORT_DRAWING_GOLDEN,BOTH,HIGH,drawing
DR-1347,G-DWG-0274,drawing.title_block.DWG-TB-S059-005,APPROVED_REPORT_DRAWING_GOLDEN,BOTH,HIGH,drawing
DR-1348,G-DWG-0275,drawing.title_block.DWG-TB-S059-006,APPROVED_REPORT_DRAWING_GOLDEN,BOTH,HIGH,drawing
DR-1349,G-DWG-0276,drawing.title_block.DWG-TB-S060-001,APPROVED_REPORT_DRAWING_GOLDEN,BOTH,HIGH,drawing
DR-1350,G-DWG-0277,drawing.title_block.DWG-TB-S060-002,APPROVED_REPORT_DRAWING_GOLDEN,BOTH,HIGH,drawing
DR-1351,G-DWG-0278,drawing.title_block.DWG-TB-S060-003,APPROVED_REPORT_DRAWING_GOLDEN,BOTH,HIGH,drawing
DR-1352,G-DWG-0279,drawing.title_block.DWG-TB-S060-004,APPROVED_REPORT_DRAWING_GOLDEN,BOTH,HIGH,drawing
DR-1353,G-DWG-0280,drawing.title_block.DWG-TB-S060-005,APPROVED_REPORT_DRAWING_GOLDEN,BOTH,HIGH,drawing
DR-1354,G-DWG-0281,drawing.title_block.DWG-TB-S060-006,APPROVED_REPORT_DRAWING_GOLDEN,BOTH,HIGH,drawing
DR-1355,G-DWG-0282,drawing.title_block.DWG-TB-S061-001,APPROVED_REPORT_DRAWING_GOLDEN,BOTH,HIGH,drawing
DR-1356,G-DWG-0283,drawing.title_block.DWG-TB-S061-002,APPROVED_REPORT_DRAWING_GOLDEN,BOTH,HIGH,drawing
DR-1357,G-DWG-0284,drawing.title_block.DWG-TB-S061-003,APPROVED_REPORT_DRAWING_GOLDEN,BOTH,HIGH,drawing
DR-1358,G-DWG-0285,drawing.title_block.DWG-TB-S061-004,APPROVED_REPORT_DRAWING_GOLDEN,BOTH,HIGH,drawing
DR-1359,G-DWG-0286,drawing.title_block.DWG-TB-S061-005,APPROVED_REPORT_DRAWING_GOLDEN,BOTH,HIGH,drawing
DR-1360,G-DWG-0287,drawing.title_block.DWG-TB-S061-006,APPROVED_REPORT_DRAWING_GOLDEN,BOTH,HIGH,drawing
DR-1361,G-DWG-0288,drawing.title_block.DWG-TB-S062-001,APPROVED_REPORT_DRAWING_GOLDEN,BOTH,HIGH,drawing
DR-1362,G-DWG-0289,drawing.title_block.DWG-TB-S062-002,APPROVED_REPORT_DRAWING_GOLDEN,BOTH,HIGH,drawing
DR-1363,G-DWG-0290,drawing.title_block.DWG-TB-S062-003,APPROVED_REPORT_DRAWING_GOLDEN,BOTH,HIGH,drawing
DR-1364,G-DWG-0291,drawing.title_block.DWG-TB-S062-004,APPROVED_REPORT_DRAWING_GOLDEN,BOTH,HIGH,drawing
DR-1365,G-DWG-0292,drawing.title_block.DWG-TB-S062-005,APPROVED_REPORT_DRAWING_GOLDEN,BOTH,HIGH,drawing
DR-1366,G-DWG-0293,drawing.title_block.DWG-TB-S062-006,APPROVED_REPORT_DRAWING_GOLDEN,BOTH,HIGH,drawing
DR-1367,G-DWG-0294,drawing.title_block.DWG-TB-S063-001,APPROVED_REPORT_DRAWING_GOLDEN,BOTH,HIGH,drawing
DR-1368,G-DWG-0295,drawing.title_block.DWG-TB-S063-002,APPROVED_REPORT_DRAWING_GOLDEN,BOTH,HIGH,drawing
DR-1369,G-DWG-0296,drawing.title_block.DWG-TB-S063-003,APPROVED_REPORT_DRAWING_GOLDEN,BOTH,HIGH,drawing
DR-1370,G-DWG-0297,drawing.title_block.DWG-TB-S063-004,APPROVED_REPORT_DRAWING_GOLDEN,BOTH,HIGH,drawing
DR-1371,G-DWG-0298,drawing.title_block.DWG-TB-S063-005,APPROVED_REPORT_DRAWING_GOLDEN,BOTH,HIGH,drawing
DR-1372,G-DWG-0299,drawing.title_block.DWG-TB-S063-006,APPROVED_REPORT_DRAWING_GOLDEN,BOTH,HIGH,drawing
DR-1373,G-DWG-0300,drawing.title_block.DWG-TB-S064-001,APPROVED_REPORT_DRAWING_GOLDEN,BOTH,HIGH,drawing
DR-1374,G-DWG-0301,drawing.title_block.DWG-TB-S064-002,APPROVED_REPORT_DRAWING_GOLDEN,BOTH,HIGH,drawing
DR-1375,G-DWG-0302,drawing.title_block.DWG-TB-S064-003,APPROVED_REPORT_DRAWING_GOLDEN,BOTH,HIGH,drawing
DR-1376,G-DWG-0303,drawing.title_block.DWG-TB-S064-004,APPROVED_REPORT_DRAWING_GOLDEN,BOTH,HIGH,drawing
DR-1377,G-DWG-0304,drawing.title_block.DWG-TB-S064-005,APPROVED_REPORT_DRAWING_GOLDEN,BOTH,HIGH,drawing
DR-1378,G-DWG-0305,drawing.title_block.DWG-TB-S064-006,APPROVED_REPORT_DRAWING_GOLDEN,BOTH,HIGH,drawing
DR-1379,G-DWG-0306,drawing.title_block.DWG-TB-S065-001,APPROVED_REPORT_DRAWING_GOLDEN,BOTH,HIGH,drawing
DR-1380,G-DWG-0307,drawing.title_block.DWG-TB-S065-002,APPROVED_REPORT_DRAWING_GOLDEN,BOTH,HIGH,drawing
DR-1381,G-DWG-0308,drawing.title_block.DWG-TB-S065-003,APPROVED_REPORT_DRAWING_GOLDEN,BOTH,HIGH,drawing
DR-1382,G-DWG-0309,drawing.title_block.DWG-TB-S065-004,APPROVED_REPORT_DRAWING_GOLDEN,BOTH,HIGH,drawing
DR-1383,G-DWG-0310,drawing.title_block.DWG-TB-S065-005,APPROVED_REPORT_DRAWING_GOLDEN,BOTH,HIGH,drawing
DR-1384,G-DWG-0311,drawing.title_block.DWG-TB-S065-006,APPROVED_REPORT_DRAWING_GOLDEN,BOTH,HIGH,drawing
DR-1385,G-DWG-0312,drawing.title_block.DWG-TB-S066-001,APPROVED_REPORT_DRAWING_GOLDEN,BOTH,HIGH,drawing
DR-1386,G-DWG-0313,drawing.title_block.DWG-TB-S066-002,APPROVED_REPORT_DRAWING_GOLDEN,BOTH,HIGH,drawing
DR-1387,G-DWG-0314,drawing.title_block.DWG-TB-S066-003,APPROVED_REPORT_DRAWING_GOLDEN,BOTH,HIGH,drawing
DR-1388,G-DWG-0315,drawing.title_block.DWG-TB-S066-004,APPROVED_REPORT_DRAWING_GOLDEN,BOTH,HIGH,drawing
DR-1389,G-DWG-0316,drawing.title_block.DWG-TB-S066-005,APPROVED_REPORT_DRAWING_GOLDEN,BOTH,HIGH,drawing
DR-1390,G-DWG-0317,drawing.title_block.DWG-TB-S066-006,APPROVED_REPORT_DRAWING_GOLDEN,BOTH,HIGH,drawing
DR-1391,G-DWG-0318,drawing.title_block.DWG-TB-S067-001,APPROVED_REPORT_DRAWING_GOLDEN,BOTH,HIGH,drawing
DR-1392,G-DWG-0319,drawing.title_block.DWG-TB-S067-002,APPROVED_REPORT_DRAWING_GOLDEN,BOTH,HIGH,drawing
DR-1393,G-DWG-0320,drawing.title_block.DWG-TB-S067-003,APPROVED_REPORT_DRAWING_GOLDEN,BOTH,HIGH,drawing
DR-1394,G-DWG-0321,drawing.title_block.DWG-TB-S067-004,APPROVED_REPORT_DRAWING_GOLDEN,BOTH,HIGH,drawing
DR-1395,G-DWG-0322,drawing.title_block.DWG-TB-S067-005,APPROVED_REPORT_DRAWING_GOLDEN,BOTH,HIGH,drawing
DR-1396,G-DWG-0323,drawing.title_block.DWG-TB-S067-006,APPROVED_REPORT_DRAWING_GOLDEN,BOTH,HIGH,drawing
DR-1397,G-DWG-0324,drawing.title_block.DWG-TB-S068-001,APPROVED_REPORT_DRAWING_GOLDEN,BOTH,HIGH,drawing
DR-1398,G-DWG-0325,drawing.title_block.DWG-TB-S068-002,APPROVED_REPORT_DRAWING_GOLDEN,BOTH,HIGH,drawing
DR-1399,G-DWG-0326,drawing.title_block.DWG-TB-S068-003,APPROVED_REPORT_DRAWING_GOLDEN,BOTH,HIGH,drawing
DR-1400,G-DWG-0327,drawing.title_block.DWG-TB-S068-004,APPROVED_REPORT_DRAWING_GOLDEN,BOTH,HIGH,drawing
DR-1401,G-DWG-0328,drawing.title_block.DWG-TB-S068-005,APPROVED_REPORT_DRAWING_GOLDEN,BOTH,HIGH,drawing
DR-1402,G-DWG-0329,drawing.title_block.DWG-TB-S068-006,APPROVED_REPORT_DRAWING_GOLDEN,BOTH,HIGH,drawing
DR-1403,G-DWG-0330,drawing.title_block.DWG-TB-S069-001,APPROVED_REPORT_DRAWING_GOLDEN,BOTH,HIGH,drawing
DR-1404,G-DWG-0331,drawing.title_block.DWG-TB-S069-002,APPROVED_REPORT_DRAWING_GOLDEN,BOTH,HIGH,drawing
DR-1405,G-DWG-0332,drawing.title_block.DWG-TB-S069-003,APPROVED_REPORT_DRAWING_GOLDEN,BOTH,HIGH,drawing
DR-1406,G-DWG-0333,drawing.title_block.DWG-TB-S069-004,APPROVED_REPORT_DRAWING_GOLDEN,BOTH,HIGH,drawing
DR-1407,G-DWG-0334,drawing.title_block.DWG-TB-S069-005,APPROVED_REPORT_DRAWING_GOLDEN,BOTH,HIGH,drawing
DR-1408,G-DWG-0335,drawing.title_block.DWG-TB-S069-006,APPROVED_REPORT_DRAWING_GOLDEN,BOTH,HIGH,drawing
DR-1409,G-DWG-0336,drawing.title_block.DWG-TB-S070-001,APPROVED_REPORT_DRAWING_GOLDEN,BOTH,HIGH,drawing
DR-1410,G-DWG-0337,drawing.title_block.DWG-TB-S070-002,APPROVED_REPORT_DRAWING_GOLDEN,BOTH,HIGH,drawing
DR-1411,G-DWG-0338,drawing.title_block.DWG-TB-S070-003,APPROVED_REPORT_DRAWING_GOLDEN,BOTH,HIGH,drawing
DR-1412,G-DWG-0339,drawing.title_block.DWG-TB-S070-004,APPROVED_REPORT_DRAWING_GOLDEN,BOTH,HIGH,drawing
DR-1413,G-DWG-0340,drawing.title_block.DWG-TB-S070-005,APPROVED_REPORT_DRAWING_GOLDEN,BOTH,HIGH,drawing
DR-1414,G-DWG-0341,drawing.title_block.DWG-TB-S070-006,APPROVED_REPORT_DRAWING_GOLDEN,BOTH,HIGH,drawing
DR-1415,G-DWG-0342,drawing.title_block.DWG-TB-S071-001,APPROVED_REPORT_DRAWING_GOLDEN,BOTH,HIGH,drawing
DR-1416,G-DWG-0343,drawing.title_block.DWG-TB-S071-002,APPROVED_REPORT_DRAWING_GOLDEN,BOTH,HIGH,drawing
DR-1417,G-DWG-0344,drawing.title_block.DWG-TB-S071-003,APPROVED_REPORT_DRAWING_GOLDEN,BOTH,HIGH,drawing
DR-1418,G-DWG-0345,drawing.title_block.DWG-TB-S071-004,APPROVED_REPORT_DRAWING_GOLDEN,BOTH,HIGH,drawing
DR-1419,G-DWG-0346,drawing.title_block.DWG-TB-S071-005,APPROVED_REPORT_DRAWING_GOLDEN,BOTH,HIGH,drawing
DR-1420,G-DWG-0347,drawing.title_block.DWG-TB-S071-006,APPROVED_REPORT_DRAWING_GOLDEN,BOTH,HIGH,drawing
DR-1421,G-DWG-0348,drawing.title_block.DWG-TB-S072-001,APPROVED_REPORT_DRAWING_GOLDEN,BOTH,HIGH,drawing
DR-1422,G-DWG-0349,drawing.title_block.DWG-TB-S072-002,APPROVED_REPORT_DRAWING_GOLDEN,BOTH,HIGH,drawing
DR-1423,G-DWG-0350,drawing.title_block.DWG-TB-S072-003,APPROVED_REPORT_DRAWING_GOLDEN,BOTH,HIGH,drawing
DR-1424,G-DWG-0351,drawing.title_block.DWG-TB-S072-004,APPROVED_REPORT_DRAWING_GOLDEN,BOTH,HIGH,drawing
DR-1425,G-DWG-0352,drawing.title_block.DWG-TB-S072-005,APPROVED_REPORT_DRAWING_GOLDEN,BOTH,HIGH,drawing
DR-1426,G-DWG-0353,drawing.title_block.DWG-TB-S072-006,APPROVED_REPORT_DRAWING_GOLDEN,BOTH,HIGH,drawing
DR-1427,G-DWG-0354,drawing.title_block.DWG-TB-S073-001,APPROVED_REPORT_DRAWING_GOLDEN,BOTH,HIGH,drawing
DR-1428,G-DWG-0355,drawing.title_block.DWG-TB-S073-002,APPROVED_REPORT_DRAWING_GOLDEN,BOTH,HIGH,drawing
DR-1429,G-DWG-0356,drawing.title_block.DWG-TB-S073-003,APPROVED_REPORT_DRAWING_GOLDEN,BOTH,HIGH,drawing
DR-1430,G-DWG-0357,drawing.title_block.DWG-TB-S073-004,APPROVED_REPORT_DRAWING_GOLDEN,BOTH,HIGH,drawing
DR-1431,G-DWG-0358,drawing.title_block.DWG-TB-S073-005,APPROVED_REPORT_DRAWING_GOLDEN,BOTH,HIGH,drawing
DR-1432,G-DWG-0359,drawing.title_block.DWG-TB-S073-006,APPROVED_REPORT_DRAWING_GOLDEN,BOTH,HIGH,drawing
DR-1433,G-DWG-0360,drawing.title_block.DWG-TB-S074-001,APPROVED_REPORT_DRAWING_GOLDEN,BOTH,HIGH,drawing
DR-1434,G-DWG-0361,drawing.title_block.DWG-TB-S074-002,APPROVED_REPORT_DRAWING_GOLDEN,BOTH,HIGH,drawing
DR-1435,G-DWG-0362,drawing.title_block.DWG-TB-S074-003,APPROVED_REPORT_DRAWING_GOLDEN,BOTH,HIGH,drawing
DR-1436,G-DWG-0363,drawing.title_block.DWG-TB-S074-004,APPROVED_REPORT_DRAWING_GOLDEN,BOTH,HIGH,drawing
DR-1437,G-DWG-0364,drawing.title_block.DWG-TB-S074-005,APPROVED_REPORT_DRAWING_GOLDEN,BOTH,HIGH,drawing
DR-1438,G-DWG-0365,drawing.title_block.DWG-TB-S074-006,APPROVED_REPORT_DRAWING_GOLDEN,BOTH,HIGH,drawing
DR-1439,G-DWG-0366,drawing.title_block.DWG-TB-S075-001,APPROVED_REPORT_DRAWING_GOLDEN,BOTH,HIGH,drawing
DR-1440,G-DWG-0367,drawing.title_block.DWG-TB-S075-002,APPROVED_REPORT_DRAWING_GOLDEN,BOTH,HIGH,drawing
DR-1441,G-DWG-0368,drawing.title_block.DWG-TB-S075-003,APPROVED_REPORT_DRAWING_GOLDEN,BOTH,HIGH,drawing
DR-1442,G-DWG-0369,drawing.title_block.DWG-TB-S075-004,APPROVED_REPORT_DRAWING_GOLDEN,BOTH,HIGH,drawing
DR-1443,G-DWG-0370,drawing.title_block.DWG-TB-S075-005,APPROVED_REPORT_DRAWING_GOLDEN,BOTH,HIGH,drawing
DR-1444,G-DWG-0371,drawing.title_block.DWG-TB-S075-006,APPROVED_REPORT_DRAWING_GOLDEN,BOTH,HIGH,drawing
DR-1445,G-DWG-0372,drawing.title_block.DWG-TB-S076-001,APPROVED_REPORT_DRAWING_GOLDEN,BOTH,HIGH,drawing
DR-1446,G-DWG-0373,drawing.title_block.DWG-TB-S076-002,APPROVED_REPORT_DRAWING_GOLDEN,BOTH,HIGH,drawing
DR-1447,G-DWG-0374,drawing.title_block.DWG-TB-S076-003,APPROVED_REPORT_DRAWING_GOLDEN,BOTH,HIGH,drawing
DR-1448,G-DWG-0375,drawing.title_block.DWG-TB-S076-004,APPROVED_REPORT_DRAWING_GOLDEN,BOTH,HIGH,drawing
DR-1449,G-DWG-0376,drawing.title_block.DWG-TB-S076-005,APPROVED_REPORT_DRAWING_GOLDEN,BOTH,HIGH,drawing
DR-1450,G-DWG-0377,drawing.title_block.DWG-TB-S076-006,APPROVED_REPORT_DRAWING_GOLDEN,BOTH,HIGH,drawing
DR-1451,G-DWG-0378,drawing.title_block.DWG-TB-S077-001,APPROVED_REPORT_DRAWING_GOLDEN,BOTH,HIGH,drawing
DR-1452,G-DWG-0379,drawing.title_block.DWG-TB-S077-002,APPROVED_REPORT_DRAWING_GOLDEN,BOTH,HIGH,drawing
DR-1453,G-DWG-0380,drawing.title_block.DWG-TB-S077-003,APPROVED_REPORT_DRAWING_GOLDEN,BOTH,HIGH,drawing
DR-1454,G-DWG-0381,drawing.title_block.DWG-TB-S077-004,APPROVED_REPORT_DRAWING_GOLDEN,BOTH,HIGH,drawing
DR-1455,G-DWG-0382,drawing.title_block.DWG-TB-S077-005,APPROVED_REPORT_DRAWING_GOLDEN,BOTH,HIGH,drawing
DR-1456,G-DWG-0383,drawing.title_block.DWG-TB-S077-006,APPROVED_REPORT_DRAWING_GOLDEN,BOTH,HIGH,drawing
DR-1457,G-DWG-0384,drawing.title_block.DWG-TB-S078-001,APPROVED_REPORT_DRAWING_GOLDEN,BOTH,HIGH,drawing
DR-1458,G-DWG-0385,drawing.title_block.DWG-TB-S078-002,APPROVED_REPORT_DRAWING_GOLDEN,BOTH,HIGH,drawing
DR-1459,G-DWG-0386,drawing.title_block.DWG-TB-S078-003,APPROVED_REPORT_DRAWING_GOLDEN,BOTH,HIGH,drawing
DR-1460,G-DWG-0387,drawing.title_block.DWG-TB-S078-004,APPROVED_REPORT_DRAWING_GOLDEN,BOTH,HIGH,drawing
DR-1461,G-DWG-0388,drawing.title_block.DWG-TB-S078-005,APPROVED_REPORT_DRAWING_GOLDEN,BOTH,HIGH,drawing
DR-1462,G-DWG-0389,drawing.title_block.DWG-TB-S078-006,APPROVED_REPORT_DRAWING_GOLDEN,BOTH,HIGH,drawing
DR-1463,G-DWG-0390,drawing.title_block.DWG-TB-S079-001,APPROVED_REPORT_DRAWING_GOLDEN,BOTH,HIGH,drawing
DR-1464,G-DWG-0391,drawing.title_block.DWG-TB-S079-002,APPROVED_REPORT_DRAWING_GOLDEN,BOTH,HIGH,drawing
DR-1465,G-DWG-0392,drawing.title_block.DWG-TB-S079-003,APPROVED_REPORT_DRAWING_GOLDEN,BOTH,HIGH,drawing
DR-1466,G-DWG-0393,drawing.title_block.DWG-TB-S079-004,APPROVED_REPORT_DRAWING_GOLDEN,BOTH,HIGH,drawing
DR-1467,G-DWG-0394,drawing.title_block.DWG-TB-S079-005,APPROVED_REPORT_DRAWING_GOLDEN,BOTH,HIGH,drawing
DR-1468,G-DWG-0395,drawing.title_block.DWG-TB-S079-006,APPROVED_REPORT_DRAWING_GOLDEN,BOTH,HIGH,drawing
DR-1469,G-DWG-0396,drawing.title_block.DWG-TB-S080-001,APPROVED_REPORT_DRAWING_GOLDEN,BOTH,HIGH,drawing
DR-1470,G-DWG-0397,drawing.title_block.DWG-TB-S080-002,APPROVED_REPORT_DRAWING_GOLDEN,BOTH,HIGH,drawing
DR-1471,G-DWG-0398,drawing.title_block.DWG-TB-S080-003,APPROVED_REPORT_DRAWING_GOLDEN,BOTH,HIGH,drawing
DR-1472,G-DWG-0399,drawing.title_block.DWG-TB-S080-004,APPROVED_REPORT_DRAWING_GOLDEN,BOTH,HIGH,drawing
DR-1473,G-DWG-0400,drawing.title_block.DWG-TB-S080-005,APPROVED_REPORT_DRAWING_GOLDEN,BOTH,HIGH,drawing
DR-1474,G-DWG-0401,drawing.title_block.DWG-TB-S080-006,APPROVED_REPORT_DRAWING_GOLDEN,BOTH,HIGH,drawing
DR-1475,G-DWG-0402,drawing.title_block.DWG-TB-S081-001,APPROVED_REPORT_DRAWING_GOLDEN,BOTH,HIGH,drawing
DR-1476,G-DWG-0403,drawing.title_block.DWG-TB-S081-002,APPROVED_REPORT_DRAWING_GOLDEN,BOTH,HIGH,drawing
DR-1477,G-DWG-0404,drawing.title_block.DWG-TB-S081-003,APPROVED_REPORT_DRAWING_GOLDEN,BOTH,HIGH,drawing
DR-1478,G-DWG-0405,drawing.title_block.DWG-TB-S081-004,APPROVED_REPORT_DRAWING_GOLDEN,BOTH,HIGH,drawing
DR-1479,G-DWG-0406,drawing.title_block.DWG-TB-S081-005,APPROVED_REPORT_DRAWING_GOLDEN,BOTH,HIGH,drawing
DR-1480,G-DWG-0407,drawing.title_block.DWG-TB-S081-006,APPROVED_REPORT_DRAWING_GOLDEN,BOTH,HIGH,drawing
DR-1481,G-DWG-0408,drawing.title_block.DWG-TB-S082-001,APPROVED_REPORT_DRAWING_GOLDEN,BOTH,HIGH,drawing
DR-1482,G-DWG-0409,drawing.title_block.DWG-TB-S082-002,APPROVED_REPORT_DRAWING_GOLDEN,BOTH,HIGH,drawing
DR-1483,G-DWG-0410,drawing.title_block.DWG-TB-S082-003,APPROVED_REPORT_DRAWING_GOLDEN,BOTH,HIGH,drawing
DR-1484,G-DWG-0411,drawing.title_block.DWG-TB-S082-004,APPROVED_REPORT_DRAWING_GOLDEN,BOTH,HIGH,drawing
DR-1485,G-DWG-0412,drawing.title_block.DWG-TB-S082-005,APPROVED_REPORT_DRAWING_GOLDEN,BOTH,HIGH,drawing
DR-1486,G-DWG-0413,drawing.title_block.DWG-TB-S082-006,APPROVED_REPORT_DRAWING_GOLDEN,BOTH,HIGH,drawing
DR-1487,G-DWG-0414,drawing.title_block.DWG-TB-S083-001,APPROVED_REPORT_DRAWING_GOLDEN,BOTH,HIGH,drawing
DR-1488,G-DWG-0415,drawing.title_block.DWG-TB-S083-002,APPROVED_REPORT_DRAWING_GOLDEN,BOTH,HIGH,drawing
DR-1489,G-DWG-0416,drawing.title_block.DWG-TB-S083-003,APPROVED_REPORT_DRAWING_GOLDEN,BOTH,HIGH,drawing
DR-1490,G-DWG-0417,drawing.title_block.DWG-TB-S083-004,APPROVED_REPORT_DRAWING_GOLDEN,BOTH,HIGH,drawing
DR-1491,G-DWG-0418,drawing.title_block.DWG-TB-S083-005,APPROVED_REPORT_DRAWING_GOLDEN,BOTH,HIGH,drawing
DR-1492,G-DWG-0419,drawing.title_block.DWG-TB-S083-006,APPROVED_REPORT_DRAWING_GOLDEN,BOTH,HIGH,drawing
DR-1493,G-DWG-0420,drawing.title_block.DWG-TB-S084-001,APPROVED_REPORT_DRAWING_GOLDEN,BOTH,HIGH,drawing
DR-1494,G-DWG-0421,drawing.title_block.DWG-TB-S084-002,APPROVED_REPORT_DRAWING_GOLDEN,BOTH,HIGH,drawing
DR-1495,G-DWG-0422,drawing.title_block.DWG-TB-S084-003,APPROVED_REPORT_DRAWING_GOLDEN,BOTH,HIGH,drawing
DR-1496,G-DWG-0423,drawing.title_block.DWG-TB-S084-004,APPROVED_REPORT_DRAWING_GOLDEN,BOTH,HIGH,drawing
DR-1497,G-DWG-0424,drawing.title_block.DWG-TB-S084-005,APPROVED_REPORT_DRAWING_GOLDEN,BOTH,HIGH,drawing
DR-1498,G-DWG-0425,drawing.title_block.DWG-TB-S085-001,APPROVED_REPORT_DRAWING_GOLDEN,BOTH,HIGH,drawing
DR-1499,G-DWG-0426,drawing.title_block.DWG-TB-S085-002,APPROVED_REPORT_DRAWING_GOLDEN,BOTH,HIGH,drawing
DR-1500,G-DWG-0427,drawing.title_block.DWG-TB-S085-003,APPROVED_REPORT_DRAWING_GOLDEN,BOTH,HIGH,drawing
DR-1501,G-DWG-0428,drawing.title_block.DWG-TB-S085-004,APPROVED_REPORT_DRAWING_GOLDEN,BOTH,HIGH,drawing
DR-1502,G-DWG-0429,drawing.title_block.DWG-TB-S085-005,APPROVED_REPORT_DRAWING_GOLDEN,BOTH,HIGH,drawing
DR-1503,G-DWG-0430,drawing.title_block.DWG-TB-S085-006,APPROVED_REPORT_DRAWING_GOLDEN,BOTH,HIGH,drawing
DR-1504,G-DWG-0431,drawing.title_block.DWG-TB-S086-001,APPROVED_REPORT_DRAWING_GOLDEN,BOTH,HIGH,drawing
DR-1505,G-DWG-0432,drawing.title_block.DWG-TB-S086-002,APPROVED_REPORT_DRAWING_GOLDEN,BOTH,HIGH,drawing
DR-1506,G-DWG-0433,drawing.title_block.DWG-TB-S086-003,APPROVED_REPORT_DRAWING_GOLDEN,BOTH,HIGH,drawing
DR-1507,G-DWG-0434,drawing.title_block.DWG-TB-S086-004,APPROVED_REPORT_DRAWING_GOLDEN,BOTH,HIGH,drawing
DR-1508,G-DWG-0435,drawing.title_block.DWG-TB-S086-005,APPROVED_REPORT_DRAWING_GOLDEN,BOTH,HIGH,drawing
DR-1509,G-DWG-0436,drawing.title_block.DWG-TB-S086-006,APPROVED_REPORT_DRAWING_GOLDEN,BOTH,HIGH,drawing
DR-1510,G-DWG-0437,drawing.title_block.DWG-TB-S087-001,APPROVED_REPORT_DRAWING_GOLDEN,BOTH,HIGH,drawing
DR-1511,G-DWG-0438,drawing.title_block.DWG-TB-S087-002,APPROVED_REPORT_DRAWING_GOLDEN,BOTH,HIGH,drawing
DR-1512,G-DWG-0439,drawing.title_block.DWG-TB-S087-003,APPROVED_REPORT_DRAWING_GOLDEN,BOTH,HIGH,drawing
DR-1513,G-DWG-0440,drawing.title_block.DWG-TB-S087-004,APPROVED_REPORT_DRAWING_GOLDEN,BOTH,HIGH,drawing
DR-1514,G-DWG-0441,drawing.title_block.DWG-TB-S087-005,APPROVED_REPORT_DRAWING_GOLDEN,BOTH,HIGH,drawing
DR-1515,G-DWG-0442,drawing.title_block.DWG-TB-S087-006,APPROVED_REPORT_DRAWING_GOLDEN,BOTH,HIGH,drawing
DR-1516,G-DWG-0443,drawing.title_block.DWG-TB-S088-001,APPROVED_REPORT_DRAWING_GOLDEN,BOTH,HIGH,drawing
DR-1517,G-DWG-0444,drawing.title_block.DWG-TB-S088-002,APPROVED_REPORT_DRAWING_GOLDEN,BOTH,HIGH,drawing
DR-1518,G-DWG-0445,drawing.title_block.DWG-TB-S088-003,APPROVED_REPORT_DRAWING_GOLDEN,BOTH,HIGH,drawing
DR-1519,G-DWG-0446,drawing.title_block.DWG-TB-S088-004,APPROVED_REPORT_DRAWING_GOLDEN,BOTH,HIGH,drawing
DR-1520,G-DWG-0447,drawing.title_block.DWG-TB-S088-005,APPROVED_REPORT_DRAWING_GOLDEN,BOTH,HIGH,drawing
DR-1521,G-DWG-0448,drawing.title_block.DWG-TB-S088-006,APPROVED_REPORT_DRAWING_GOLDEN,BOTH,HIGH,drawing
DR-1695,G-DWG-0449,drawing.title_block.DWG-TB-S089-001,APPROVED_REPORT_DRAWING_GOLDEN,BOTH,HIGH,drawing
DR-1696,G-DWG-0450,drawing.title_block.DWG-TB-S089-002,APPROVED_REPORT_DRAWING_GOLDEN,BOTH,HIGH,drawing
DR-1697,G-DWG-0451,drawing.title_block.DWG-TB-S089-003,APPROVED_REPORT_DRAWING_GOLDEN,BOTH,HIGH,drawing
DR-1698,G-DWG-0452,drawing.title_block.DWG-TB-S089-004,APPROVED_REPORT_DRAWING_GOLDEN,BOTH,HIGH,drawing
DR-1699,G-DWG-0453,drawing.title_block.DWG-TB-S090-001,APPROVED_REPORT_DRAWING_GOLDEN,BOTH,HIGH,drawing
DR-1700,G-DWG-0454,drawing.title_block.DWG-TB-S090-002,APPROVED_REPORT_DRAWING_GOLDEN,BOTH,HIGH,drawing
DR-1701,G-DWG-0455,drawing.title_block.DWG-TB-S090-003,APPROVED_REPORT_DRAWING_GOLDEN,BOTH,HIGH,drawing
DR-1702,G-DWG-0456,drawing.title_block.DWG-TB-S090-004,APPROVED_REPORT_DRAWING_GOLDEN,BOTH,HIGH,drawing
DR-1703,G-DWG-0457,drawing.title_block.DWG-TB-S091-001,APPROVED_REPORT_DRAWING_GOLDEN,BOTH,HIGH,drawing
DR-1704,G-DWG-0458,drawing.title_block.DWG-TB-S091-002,APPROVED_REPORT_DRAWING_GOLDEN,BOTH,HIGH,drawing
DR-1705,G-DWG-0459,drawing.title_block.DWG-TB-S091-003,APPROVED_REPORT_DRAWING_GOLDEN,BOTH,HIGH,drawing
DR-1706,G-DWG-0460,drawing.title_block.DWG-TB-S091-004,APPROVED_REPORT_DRAWING_GOLDEN,BOTH,HIGH,drawing
DR-1707,G-DWG-0461,drawing.title_block.DWG-TB-S092-001,APPROVED_REPORT_DRAWING_GOLDEN,BOTH,HIGH,drawing
DR-1708,G-DWG-0462,drawing.title_block.DWG-TB-S092-002,APPROVED_REPORT_DRAWING_GOLDEN,BOTH,HIGH,drawing
DR-1709,G-DWG-0463,drawing.title_block.DWG-TB-S092-003,APPROVED_REPORT_DRAWING_GOLDEN,BOTH,HIGH,drawing
DR-1710,G-DWG-0464,drawing.title_block.DWG-TB-S092-004,APPROVED_REPORT_DRAWING_GOLDEN,BOTH,HIGH,drawing
DR-1711,G-DWG-0465,drawing.title_block.DWG-TB-S093-001,APPROVED_REPORT_DRAWING_GOLDEN,BOTH,HIGH,drawing
DR-1712,G-DWG-0466,drawing.title_block.DWG-TB-S093-002,APPROVED_REPORT_DRAWING_GOLDEN,BOTH,HIGH,drawing
DR-1713,G-DWG-0467,drawing.title_block.DWG-TB-S093-003,APPROVED_REPORT_DRAWING_GOLDEN,BOTH,HIGH,drawing
DR-1714,G-DWG-0468,drawing.title_block.DWG-TB-S093-004,APPROVED_REPORT_DRAWING_GOLDEN,BOTH,HIGH,drawing
DR-1715,G-DWG-0469,drawing.title_block.DWG-TB-S094-001,APPROVED_REPORT_DRAWING_GOLDEN,BOTH,HIGH,drawing
DR-1716,G-DWG-0470,drawing.title_block.DWG-TB-S094-002,APPROVED_REPORT_DRAWING_GOLDEN,BOTH,HIGH,drawing
DR-1717,G-DWG-0471,drawing.title_block.DWG-TB-S094-003,APPROVED_REPORT_DRAWING_GOLDEN,BOTH,HIGH,drawing
DR-1718,G-DWG-0472,drawing.title_block.DWG-TB-S094-004,APPROVED_REPORT_DRAWING_GOLDEN,BOTH,HIGH,drawing
DR-1719,G-DWG-0473,drawing.title_block.DWG-TB-S095-001,APPROVED_REPORT_DRAWING_GOLDEN,BOTH,HIGH,drawing
DR-1720,G-DWG-0474,drawing.title_block.DWG-TB-S095-002,APPROVED_REPORT_DRAWING_GOLDEN,BOTH,HIGH,drawing
DR-1721,G-DWG-0475,drawing.title_block.DWG-TB-S095-003,APPROVED_REPORT_DRAWING_GOLDEN,BOTH,HIGH,drawing
DR-1722,G-DWG-0476,drawing.title_block.DWG-TB-S095-004,APPROVED_REPORT_DRAWING_GOLDEN,BOTH,HIGH,drawing
DR-1723,G-DWG-0477,drawing.title_block.DWG-TB-S096-001,APPROVED_REPORT_DRAWING_GOLDEN,BOTH,HIGH,drawing
DR-1724,G-DWG-0478,drawing.title_block.DWG-TB-S096-002,APPROVED_REPORT_DRAWING_GOLDEN,BOTH,HIGH,drawing
DR-1725,G-DWG-0479,drawing.title_block.DWG-TB-S096-003,APPROVED_REPORT_DRAWING_GOLDEN,BOTH,HIGH,drawing
DR-1726,G-DWG-0480,drawing.title_block.DWG-TB-S096-004,APPROVED_REPORT_DRAWING_GOLDEN,BOTH,HIGH,drawing
DR-1727,G-DWG-0481,drawing.title_block.DWG-TB-S097-001,APPROVED_REPORT_DRAWING_GOLDEN,BOTH,HIGH,drawing
DR-1728,G-DWG-0482,drawing.title_block.DWG-TB-S097-002,APPROVED_REPORT_DRAWING_GOLDEN,BOTH,HIGH,drawing
DR-1729,G-DWG-0483,drawing.title_block.DWG-TB-S097-003,APPROVED_REPORT_DRAWING_GOLDEN,BOTH,HIGH,drawing
DR-1730,G-DWG-0484,drawing.title_block.DWG-TB-S097-004,APPROVED_REPORT_DRAWING_GOLDEN,BOTH,HIGH,drawing
DR-1731,G-DWG-0485,drawing.title_block.DWG-TB-S098-001,APPROVED_REPORT_DRAWING_GOLDEN,BOTH,HIGH,drawing
DR-1732,G-DWG-0486,drawing.title_block.DWG-TB-S098-002,APPROVED_REPORT_DRAWING_GOLDEN,BOTH,HIGH,drawing
DR-1733,G-DWG-0487,drawing.title_block.DWG-TB-S098-003,APPROVED_REPORT_DRAWING_GOLDEN,BOTH,HIGH,drawing
DR-1734,G-DWG-0488,drawing.title_block.DWG-TB-S098-004,APPROVED_REPORT_DRAWING_GOLDEN,BOTH,HIGH,drawing
DR-1735,G-DWG-0489,drawing.title_block.DWG-TB-S099-001,APPROVED_REPORT_DRAWING_GOLDEN,BOTH,HIGH,drawing
DR-1736,G-DWG-0490,drawing.title_block.DWG-TB-S099-002,APPROVED_REPORT_DRAWING_GOLDEN,BOTH,HIGH,drawing
DR-1737,G-DWG-0491,drawing.title_block.DWG-TB-S099-003,APPROVED_REPORT_DRAWING_GOLDEN,BOTH,HIGH,drawing
DR-1738,G-DWG-0492,drawing.title_block.DWG-TB-S099-004,APPROVED_REPORT_DRAWING_GOLDEN,BOTH,HIGH,drawing
DR-1739,G-DWG-0493,drawing.title_block.DWG-TB-S100-001,APPROVED_REPORT_DRAWING_GOLDEN,BOTH,HIGH,drawing
DR-1740,G-DWG-0494,drawing.title_block.DWG-TB-S100-002,APPROVED_REPORT_DRAWING_GOLDEN,BOTH,HIGH,drawing
DR-1741,G-DWG-0495,drawing.title_block.DWG-TB-S100-003,APPROVED_REPORT_DRAWING_GOLDEN,BOTH,HIGH,drawing
DR-1742,G-DWG-0496,drawing.title_block.DWG-TB-S100-004,APPROVED_REPORT_DRAWING_GOLDEN,BOTH,HIGH,drawing
DR-1743,G-DWG-0497,drawing.title_block.DWG-TB-S101-001,APPROVED_REPORT_DRAWING_GOLDEN,BOTH,HIGH,drawing
DR-1744,G-DWG-0498,drawing.title_block.DWG-TB-S101-002,APPROVED_REPORT_DRAWING_GOLDEN,BOTH,HIGH,drawing
DR-1745,G-DWG-0499,drawing.title_block.DWG-TB-S101-003,APPROVED_REPORT_DRAWING_GOLDEN,BOTH,HIGH,drawing
DR-1746,G-DWG-0500,drawing.title_block.DWG-TB-S101-004,APPROVED_REPORT_DRAWING_GOLDEN,BOTH,HIGH,drawing
DR-1747,G-DWG-0501,drawing.title_block.DWG-TB-S102-001,APPROVED_REPORT_DRAWING_GOLDEN,BOTH,HIGH,drawing
DR-1748,G-DWG-0502,drawing.title_block.DWG-TB-S102-002,APPROVED_REPORT_DRAWING_GOLDEN,BOTH,HIGH,drawing
DR-1749,G-DWG-0503,drawing.title_block.DWG-TB-S102-003,APPROVED_REPORT_DRAWING_GOLDEN,BOTH,HIGH,drawing
DR-1750,G-DWG-0504,drawing.title_block.DWG-TB-S102-004,APPROVED_REPORT_DRAWING_GOLDEN,BOTH,HIGH,drawing
DR-1751,G-DWG-0505,drawing.title_block.DWG-TB-S103-001,APPROVED_REPORT_DRAWING_GOLDEN,BOTH,HIGH,drawing
DR-1752,G-DWG-0506,drawing.title_block.DWG-TB-S103-002,APPROVED_REPORT_DRAWING_GOLDEN,BOTH,HIGH,drawing
DR-1753,G-DWG-0507,drawing.title_block.DWG-TB-S103-003,APPROVED_REPORT_DRAWING_GOLDEN,BOTH,HIGH,drawing
DR-1754,G-DWG-0508,drawing.title_block.DWG-TB-S103-004,APPROVED_REPORT_DRAWING_GOLDEN,BOTH,HIGH,drawing
DR-1755,G-DWG-0509,drawing.title_block.DWG-TB-S104-001,APPROVED_REPORT_DRAWING_GOLDEN,BOTH,HIGH,drawing
DR-1756,G-DWG-0510,drawing.title_block.DWG-TB-S104-002,APPROVED_REPORT_DRAWING_GOLDEN,BOTH,HIGH,drawing
DR-1757,G-DWG-0511,drawing.title_block.DWG-TB-S104-003,APPROVED_REPORT_DRAWING_GOLDEN,BOTH,HIGH,drawing
DR-1758,G-DWG-0512,drawing.title_block.DWG-TB-S104-004,APPROVED_REPORT_DRAWING_GOLDEN,BOTH,HIGH,drawing
DR-1759,G-DWG-0513,drawing.title_block.DWG-TB-S105-001,APPROVED_REPORT_DRAWING_GOLDEN,BOTH,HIGH,drawing
DR-1760,G-DWG-0514,drawing.title_block.DWG-TB-S105-002,APPROVED_REPORT_DRAWING_GOLDEN,BOTH,HIGH,drawing
DR-1761,G-DWG-0515,drawing.title_block.DWG-TB-S105-003,APPROVED_REPORT_DRAWING_GOLDEN,BOTH,HIGH,drawing
DR-1762,G-DWG-0516,drawing.title_block.DWG-TB-S105-004,APPROVED_REPORT_DRAWING_GOLDEN,BOTH,HIGH,drawing
DR-1763,G-DWG-0517,drawing.title_block.DWG-TB-S106-001,APPROVED_REPORT_DRAWING_GOLDEN,BOTH,HIGH,drawing
DR-1764,G-DWG-0518,drawing.title_block.DWG-TB-S106-002,APPROVED_REPORT_DRAWING_GOLDEN,BOTH,HIGH,drawing
DR-1765,G-DWG-0519,drawing.title_block.DWG-TB-S106-003,APPROVED_REPORT_DRAWING_GOLDEN,BOTH,HIGH,drawing
DR-1766,G-DWG-0520,drawing.title_block.DWG-TB-S106-004,APPROVED_REPORT_DRAWING_GOLDEN,BOTH,HIGH,drawing
DR-1767,G-DWG-0521,drawing.title_block.DWG-TB-S107-001,APPROVED_REPORT_DRAWING_GOLDEN,BOTH,HIGH,drawing
DR-1768,G-DWG-0522,drawing.title_block.DWG-TB-S107-002,APPROVED_REPORT_DRAWING_GOLDEN,BOTH,HIGH,drawing
DR-1769,G-DWG-0523,drawing.title_block.DWG-TB-S107-003,APPROVED_REPORT_DRAWING_GOLDEN,BOTH,HIGH,drawing
DR-1770,G-DWG-0524,drawing.title_block.DWG-TB-S107-004,APPROVED_REPORT_DRAWING_GOLDEN,BOTH,HIGH,drawing
DR-1771,G-DWG-0525,drawing.title_block.DWG-TB-S108-001,APPROVED_REPORT_DRAWING_GOLDEN,BOTH,HIGH,drawing
DR-1772,G-DWG-0526,drawing.title_block.DWG-TB-S108-002,APPROVED_REPORT_DRAWING_GOLDEN,BOTH,HIGH,drawing
DR-1773,G-DWG-0527,drawing.title_block.DWG-TB-S108-003,APPROVED_REPORT_DRAWING_GOLDEN,BOTH,HIGH,drawing
DR-1774,G-DWG-0528,drawing.title_block.DWG-TB-S108-004,APPROVED_REPORT_DRAWING_GOLDEN,BOTH,HIGH,drawing
DR-1775,G-DWG-0529,drawing.title_block.DWG-TB-S109-001,APPROVED_REPORT_DRAWING_GOLDEN,BOTH,HIGH,drawing
DR-1776,G-DWG-0530,drawing.title_block.DWG-TB-S109-002,APPROVED_REPORT_DRAWING_GOLDEN,BOTH,HIGH,drawing
DR-1777,G-DWG-0531,drawing.title_block.DWG-TB-S109-003,APPROVED_REPORT_DRAWING_GOLDEN,BOTH,HIGH,drawing
DR-1778,G-DWG-0532,drawing.title_block.DWG-TB-S109-004,APPROVED_REPORT_DRAWING_GOLDEN,BOTH,HIGH,drawing
DR-1779,G-DWG-0533,drawing.title_block.DWG-TB-S110-001,APPROVED_REPORT_DRAWING_GOLDEN,BOTH,HIGH,drawing
DR-1780,G-DWG-0534,drawing.title_block.DWG-TB-S110-002,APPROVED_REPORT_DRAWING_GOLDEN,BOTH,HIGH,drawing
DR-1781,G-DWG-0535,drawing.title_block.DWG-TB-S110-003,APPROVED_REPORT_DRAWING_GOLDEN,BOTH,HIGH,drawing
DR-1782,G-DWG-0536,drawing.title_block.DWG-TB-S110-004,APPROVED_REPORT_DRAWING_GOLDEN,BOTH,HIGH,drawing
DR-1783,G-DWG-0537,drawing.title_block.DWG-TB-S111-001,APPROVED_REPORT_DRAWING_GOLDEN,BOTH,HIGH,drawing
DR-1784,G-DWG-0538,drawing.title_block.DWG-TB-S111-002,APPROVED_REPORT_DRAWING_GOLDEN,BOTH,HIGH,drawing
DR-1785,G-DWG-0539,drawing.title_block.DWG-TB-S111-003,APPROVED_REPORT_DRAWING_GOLDEN,BOTH,HIGH,drawing
DR-1786,G-DWG-0540,drawing.title_block.DWG-TB-S111-004,APPROVED_REPORT_DRAWING_GOLDEN,BOTH,HIGH,drawing
DR-1787,G-DWG-0541,drawing.title_block.DWG-TB-S112-001,APPROVED_REPORT_DRAWING_GOLDEN,BOTH,HIGH,drawing
DR-1788,G-DWG-0542,drawing.title_block.DWG-TB-S112-002,APPROVED_REPORT_DRAWING_GOLDEN,BOTH,HIGH,drawing
DR-1789,G-DWG-0543,drawing.title_block.DWG-TB-S112-003,APPROVED_REPORT_DRAWING_GOLDEN,BOTH,HIGH,drawing
DR-1790,G-DWG-0544,drawing.title_block.DWG-TB-S112-004,APPROVED_REPORT_DRAWING_GOLDEN,BOTH,HIGH,drawing
DR-1791,G-DWG-0545,drawing.title_block.DWG-TB-S113-001,APPROVED_REPORT_DRAWING_GOLDEN,BOTH,HIGH,drawing
DR-1792,G-DWG-0546,drawing.title_block.DWG-TB-S113-002,APPROVED_REPORT_DRAWING_GOLDEN,BOTH,HIGH,drawing
DR-1793,G-DWG-0547,drawing.title_block.DWG-TB-S113-003,APPROVED_REPORT_DRAWING_GOLDEN,BOTH,HIGH,drawing
DR-1794,G-DWG-0548,drawing.title_block.DWG-TB-S113-004,APPROVED_REPORT_DRAWING_GOLDEN,BOTH,HIGH,drawing
DR-1795,G-DWG-0549,drawing.title_block.DWG-TB-S114-001,APPROVED_REPORT_DRAWING_GOLDEN,BOTH,HIGH,drawing
DR-1796,G-DWG-0550,drawing.title_block.DWG-TB-S114-002,APPROVED_REPORT_DRAWING_GOLDEN,BOTH,HIGH,drawing
DR-1797,G-DWG-0551,drawing.title_block.DWG-TB-S114-003,APPROVED_REPORT_DRAWING_GOLDEN,BOTH,HIGH,drawing
DR-1798,G-DWG-0552,drawing.title_block.DWG-TB-S114-004,APPROVED_REPORT_DRAWING_GOLDEN,BOTH,HIGH,drawing
DR-1799,G-DWG-0553,drawing.title_block.DWG-TB-S115-001,APPROVED_REPORT_DRAWING_GOLDEN,BOTH,HIGH,drawing
DR-1800,G-DWG-0554,drawing.title_block.DWG-TB-S115-002,APPROVED_REPORT_DRAWING_GOLDEN,BOTH,HIGH,drawing
DR-1801,G-DWG-0555,drawing.title_block.DWG-TB-S115-003,APPROVED_REPORT_DRAWING_GOLDEN,BOTH,HIGH,drawing
DR-1802,G-DWG-0556,drawing.title_block.DWG-TB-S115-004,APPROVED_REPORT_DRAWING_GOLDEN,BOTH,HIGH,drawing
DR-1803,G-DWG-0557,drawing.title_block.DWG-TB-S116-001,APPROVED_REPORT_DRAWING_GOLDEN,BOTH,HIGH,drawing
DR-1804,G-DWG-0558,drawing.title_block.DWG-TB-S116-002,APPROVED_REPORT_DRAWING_GOLDEN,BOTH,HIGH,drawing
DR-1805,G-DWG-0559,drawing.title_block.DWG-TB-S116-003,APPROVED_REPORT_DRAWING_GOLDEN,BOTH,HIGH,drawing
DR-1806,G-DWG-0560,drawing.title_block.DWG-TB-S116-004,APPROVED_REPORT_DRAWING_GOLDEN,BOTH,HIGH,drawing
DR-1807,G-DWG-0561,drawing.title_block.DWG-TB-S117-001,APPROVED_REPORT_DRAWING_GOLDEN,BOTH,HIGH,drawing
DR-1808,G-DWG-0562,drawing.title_block.DWG-TB-S117-002,APPROVED_REPORT_DRAWING_GOLDEN,BOTH,HIGH,drawing
DR-1809,G-DWG-0563,drawing.title_block.DWG-TB-S117-003,APPROVED_REPORT_DRAWING_GOLDEN,BOTH,HIGH,drawing
DR-1810,G-DWG-0564,drawing.title_block.DWG-TB-S117-004,APPROVED_REPORT_DRAWING_GOLDEN,BOTH,HIGH,drawing
DR-1811,G-DWG-0565,drawing.title_block.DWG-TB-S118-001,APPROVED_REPORT_DRAWING_GOLDEN,BOTH,HIGH,drawing
DR-1812,G-DWG-0566,drawing.title_block.DWG-TB-S118-002,APPROVED_REPORT_DRAWING_GOLDEN,BOTH,HIGH,drawing
DR-1813,G-DWG-0567,drawing.title_block.DWG-TB-S118-003,APPROVED_REPORT_DRAWING_GOLDEN,BOTH,HIGH,drawing
DR-1814,G-DWG-0568,drawing.title_block.DWG-TB-S118-004,APPROVED_REPORT_DRAWING_GOLDEN,BOTH,HIGH,drawing
DR-1815,G-DWG-0569,drawing.title_block.DWG-TB-S119-001,APPROVED_REPORT_DRAWING_GOLDEN,BOTH,HIGH,drawing
DR-1816,G-DWG-0570,drawing.title_block.DWG-TB-S119-002,APPROVED_REPORT_DRAWING_GOLDEN,BOTH,HIGH,drawing
DR-1817,G-DWG-0571,drawing.title_block.DWG-TB-S119-003,APPROVED_REPORT_DRAWING_GOLDEN,BOTH,HIGH,drawing
DR-1818,G-DWG-0572,drawing.title_block.DWG-TB-S119-004,APPROVED_REPORT_DRAWING_GOLDEN,BOTH,HIGH,drawing
DR-1819,G-DWG-0573,drawing.title_block.DWG-TB-S120-001,APPROVED_REPORT_DRAWING_GOLDEN,BOTH,HIGH,drawing
DR-1820,G-DWG-0574,drawing.title_block.DWG-TB-S120-002,APPROVED_REPORT_DRAWING_GOLDEN,BOTH,HIGH,drawing
DR-1821,G-DWG-0575,drawing.title_block.DWG-TB-S120-003,APPROVED_REPORT_DRAWING_GOLDEN,BOTH,HIGH,drawing
DR-1822,G-DWG-0576,drawing.title_block.DWG-TB-S120-004,APPROVED_REPORT_DRAWING_GOLDEN,BOTH,HIGH,drawing
DR-1823,G-DWG-0577,drawing.title_block.DWG-TB-S121-001,APPROVED_REPORT_DRAWING_GOLDEN,BOTH,HIGH,drawing
DR-1824,G-DWG-0578,drawing.title_block.DWG-TB-S121-002,APPROVED_REPORT_DRAWING_GOLDEN,BOTH,HIGH,drawing
DR-1825,G-DWG-0579,drawing.title_block.DWG-TB-S121-003,APPROVED_REPORT_DRAWING_GOLDEN,BOTH,HIGH,drawing
DR-1826,G-DWG-0580,drawing.title_block.DWG-TB-S121-004,APPROVED_REPORT_DRAWING_GOLDEN,BOTH,HIGH,drawing
DR-1827,G-DWG-0581,drawing.title_block.DWG-TB-S122-001,APPROVED_REPORT_DRAWING_GOLDEN,BOTH,HIGH,drawing
DR-1828,G-DWG-0582,drawing.title_block.DWG-TB-S122-002,APPROVED_REPORT_DRAWING_GOLDEN,BOTH,HIGH,drawing
DR-1829,G-DWG-0583,drawing.title_block.DWG-TB-S122-003,APPROVED_REPORT_DRAWING_GOLDEN,BOTH,HIGH,drawing
DR-1830,G-DWG-0584,drawing.title_block.DWG-TB-S122-004,APPROVED_REPORT_DRAWING_GOLDEN,BOTH,HIGH,drawing
DR-1831,G-DWG-0585,drawing.title_block.DWG-TB-S123-001,APPROVED_REPORT_DRAWING_GOLDEN,BOTH,HIGH,drawing
DR-1832,G-DWG-0586,drawing.title_block.DWG-TB-S123-002,APPROVED_REPORT_DRAWING_GOLDEN,BOTH,HIGH,drawing
DR-1833,G-DWG-0587,drawing.title_block.DWG-TB-S123-003,APPROVED_REPORT_DRAWING_GOLDEN,BOTH,HIGH,drawing
DR-1834,G-DWG-0588,drawing.title_block.DWG-TB-S123-004,APPROVED_REPORT_DRAWING_GOLDEN,BOTH,HIGH,drawing
DR-1835,G-DWG-0589,drawing.title_block.DWG-TB-S124-001,APPROVED_REPORT_DRAWING_GOLDEN,BOTH,HIGH,drawing
DR-1836,G-DWG-0590,drawing.title_block.DWG-TB-S124-002,APPROVED_REPORT_DRAWING_GOLDEN,BOTH,HIGH,drawing
DR-1837,G-DWG-0591,drawing.title_block.DWG-TB-S124-003,APPROVED_REPORT_DRAWING_GOLDEN,BOTH,HIGH,drawing
DR-1838,G-DWG-0592,drawing.title_block.DWG-TB-S124-004,APPROVED_REPORT_DRAWING_GOLDEN,BOTH,HIGH,drawing
DR-1839,G-DWG-0593,drawing.title_block.DWG-TB-S125-001,APPROVED_REPORT_DRAWING_GOLDEN,BOTH,HIGH,drawing
DR-1840,G-DWG-0594,drawing.title_block.DWG-TB-S125-002,APPROVED_REPORT_DRAWING_GOLDEN,BOTH,HIGH,drawing
DR-1841,G-DWG-0595,drawing.title_block.DWG-TB-S125-003,APPROVED_REPORT_DRAWING_GOLDEN,BOTH,HIGH,drawing
DR-1842,G-DWG-0596,drawing.title_block.DWG-TB-S125-004,APPROVED_REPORT_DRAWING_GOLDEN,BOTH,HIGH,drawing
DR-1843,G-DWG-0597,drawing.title_block.DWG-TB-S126-001,APPROVED_REPORT_DRAWING_GOLDEN,BOTH,HIGH,drawing
DR-1844,G-DWG-0598,drawing.title_block.DWG-TB-S126-002,APPROVED_REPORT_DRAWING_GOLDEN,BOTH,HIGH,drawing
DR-1845,G-DWG-0599,drawing.title_block.DWG-TB-S126-003,APPROVED_REPORT_DRAWING_GOLDEN,BOTH,HIGH,drawing
DR-1846,G-DWG-0600,drawing.title_block.DWG-TB-S126-004,APPROVED_REPORT_DRAWING_GOLDEN,BOTH,HIGH,drawing
DR-1847,G-DWG-0601,drawing.title_block.DWG-TB-S127-001,APPROVED_REPORT_DRAWING_GOLDEN,BOTH,HIGH,drawing
DR-1848,G-DWG-0602,drawing.title_block.DWG-TB-S127-002,APPROVED_REPORT_DRAWING_GOLDEN,BOTH,HIGH,drawing
DR-1849,G-DWG-0603,drawing.title_block.DWG-TB-S127-003,APPROVED_REPORT_DRAWING_GOLDEN,BOTH,HIGH,drawing
DR-1850,G-DWG-0604,drawing.title_block.DWG-TB-S127-004,APPROVED_REPORT_DRAWING_GOLDEN,BOTH,HIGH,drawing
DR-1851,G-DWG-0605,drawing.title_block.DWG-TB-S128-001,APPROVED_REPORT_DRAWING_GOLDEN,BOTH,HIGH,drawing
DR-1852,G-DWG-0606,drawing.title_block.DWG-TB-S128-002,APPROVED_REPORT_DRAWING_GOLDEN,BOTH,HIGH,drawing
DR-1853,G-DWG-0607,drawing.title_block.DWG-TB-S128-003,APPROVED_REPORT_DRAWING_GOLDEN,BOTH,HIGH,drawing
DR-1854,G-DWG-0608,drawing.title_block.DWG-TB-S128-004,APPROVED_REPORT_DRAWING_GOLDEN,BOTH,HIGH,drawing
DR-1855,G-DWG-0609,drawing.title_block.DWG-TB-S129-001,APPROVED_REPORT_DRAWING_GOLDEN,BOTH,HIGH,drawing
DR-1856,G-DWG-0610,drawing.title_block.DWG-TB-S129-002,APPROVED_REPORT_DRAWING_GOLDEN,BOTH,HIGH,drawing
DR-1857,G-DWG-0611,drawing.title_block.DWG-TB-S129-003,APPROVED_REPORT_DRAWING_GOLDEN,BOTH,HIGH,drawing
DR-1858,G-DWG-0612,drawing.title_block.DWG-TB-S129-004,APPROVED_REPORT_DRAWING_GOLDEN,BOTH,HIGH,drawing
DR-1859,G-DWG-0613,drawing.title_block.DWG-TB-S130-001,APPROVED_REPORT_DRAWING_GOLDEN,BOTH,HIGH,drawing
DR-1860,G-DWG-0614,drawing.title_block.DWG-TB-S130-002,APPROVED_REPORT_DRAWING_GOLDEN,BOTH,HIGH,drawing
DR-1861,G-DWG-0615,drawing.title_block.DWG-TB-S130-003,APPROVED_REPORT_DRAWING_GOLDEN,BOTH,HIGH,drawing
DR-1862,G-DWG-0616,drawing.title_block.DWG-TB-S130-004,APPROVED_REPORT_DRAWING_GOLDEN,BOTH,HIGH,drawing
DR-1863,G-DWG-0617,drawing.title_block.DWG-TB-S131-001,APPROVED_REPORT_DRAWING_GOLDEN,BOTH,HIGH,drawing
DR-1864,G-DWG-0618,drawing.title_block.DWG-TB-S131-002,APPROVED_REPORT_DRAWING_GOLDEN,BOTH,HIGH,drawing
DR-1865,G-DWG-0619,drawing.title_block.DWG-TB-S131-003,APPROVED_REPORT_DRAWING_GOLDEN,BOTH,HIGH,drawing
DR-1866,G-DWG-0620,drawing.title_block.DWG-TB-S131-004,APPROVED_REPORT_DRAWING_GOLDEN,BOTH,HIGH,drawing
DR-1867,G-DWG-0621,drawing.title_block.DWG-TB-S132-001,APPROVED_REPORT_DRAWING_GOLDEN,BOTH,HIGH,drawing
DR-1868,G-DWG-0622,drawing.title_block.DWG-TB-S132-002,APPROVED_REPORT_DRAWING_GOLDEN,BOTH,HIGH,drawing
DR-1869,G-DWG-0623,drawing.title_block.DWG-TB-S132-003,APPROVED_REPORT_DRAWING_GOLDEN,BOTH,HIGH,drawing
DR-1870,G-DWG-0624,drawing.title_block.DWG-TB-S132-004,APPROVED_REPORT_DRAWING_GOLDEN,BOTH,HIGH,drawing
DR-1871,G-DWG-0625,drawing.title_block.DWG-TB-S133-001,APPROVED_REPORT_DRAWING_GOLDEN,BOTH,HIGH,drawing
DR-1872,G-DWG-0626,drawing.title_block.DWG-TB-S133-002,APPROVED_REPORT_DRAWING_GOLDEN,BOTH,HIGH,drawing
DR-1873,G-DWG-0627,drawing.title_block.DWG-TB-S133-003,APPROVED_REPORT_DRAWING_GOLDEN,BOTH,HIGH,drawing
DR-1874,G-DWG-0628,drawing.title_block.DWG-TB-S133-004,APPROVED_REPORT_DRAWING_GOLDEN,BOTH,HIGH,drawing
DR-1875,G-DWG-0629,drawing.title_block.DWG-TB-S134-001,APPROVED_REPORT_DRAWING_GOLDEN,BOTH,HIGH,drawing
DR-1876,G-DWG-0630,drawing.title_block.DWG-TB-S134-002,APPROVED_REPORT_DRAWING_GOLDEN,BOTH,HIGH,drawing
DR-1877,G-DWG-0631,drawing.title_block.DWG-TB-S134-003,APPROVED_REPORT_DRAWING_GOLDEN,BOTH,HIGH,drawing
DR-1878,G-DWG-0632,drawing.title_block.DWG-TB-S134-004,APPROVED_REPORT_DRAWING_GOLDEN,BOTH,HIGH,drawing
DR-1879,G-DWG-0633,drawing.title_block.DWG-TB-S135-001,APPROVED_REPORT_DRAWING_GOLDEN,BOTH,HIGH,drawing
DR-1880,G-DWG-0634,drawing.title_block.DWG-TB-S135-002,APPROVED_REPORT_DRAWING_GOLDEN,BOTH,HIGH,drawing
DR-1881,G-DWG-0635,drawing.title_block.DWG-TB-S135-003,APPROVED_REPORT_DRAWING_GOLDEN,BOTH,HIGH,drawing
DR-1882,G-DWG-0636,drawing.title_block.DWG-TB-S135-004,APPROVED_REPORT_DRAWING_GOLDEN,BOTH,HIGH,drawing
DR-1883,G-DWG-0637,drawing.title_block.DWG-TB-S136-001,APPROVED_REPORT_DRAWING_GOLDEN,BOTH,HIGH,drawing
DR-1884,G-DWG-0638,drawing.title_block.DWG-TB-S136-002,APPROVED_REPORT_DRAWING_GOLDEN,BOTH,HIGH,drawing
DR-1885,G-DWG-0639,drawing.title_block.DWG-TB-S136-003,APPROVED_REPORT_DRAWING_GOLDEN,BOTH,HIGH,drawing
DR-1886,G-DWG-0640,drawing.title_block.DWG-TB-S136-004,APPROVED_REPORT_DRAWING_GOLDEN,BOTH,HIGH,drawing
DR-1887,G-DWG-0641,drawing.title_block.DWG-TB-S137-001,APPROVED_REPORT_DRAWING_GOLDEN,BOTH,HIGH,drawing
DR-1888,G-DWG-0642,drawing.title_block.DWG-TB-S137-002,APPROVED_REPORT_DRAWING_GOLDEN,BOTH,HIGH,drawing
DR-1889,G-DWG-0643,drawing.title_block.DWG-TB-S137-003,APPROVED_REPORT_DRAWING_GOLDEN,BOTH,HIGH,drawing
DR-1890,G-DWG-0644,drawing.title_block.DWG-TB-S137-004,APPROVED_REPORT_DRAWING_GOLDEN,BOTH,HIGH,drawing
DR-1891,G-DWG-0645,drawing.title_block.DWG-TB-S138-001,APPROVED_REPORT_DRAWING_GOLDEN,BOTH,HIGH,drawing
DR-1892,G-DWG-0646,drawing.title_block.DWG-TB-S138-002,APPROVED_REPORT_DRAWING_GOLDEN,BOTH,HIGH,drawing
DR-1893,G-DWG-0647,drawing.title_block.DWG-TB-S138-003,APPROVED_REPORT_DRAWING_GOLDEN,BOTH,HIGH,drawing
DR-1894,G-DWG-0648,drawing.title_block.DWG-TB-S138-004,APPROVED_REPORT_DRAWING_GOLDEN,BOTH,HIGH,drawing
DR-1895,G-DWG-0649,drawing.title_block.DWG-TB-S139-001,APPROVED_REPORT_DRAWING_GOLDEN,BOTH,HIGH,drawing
DR-1896,G-DWG-0650,drawing.title_block.DWG-TB-S139-002,APPROVED_REPORT_DRAWING_GOLDEN,BOTH,HIGH,drawing
DR-1897,G-DWG-0651,drawing.title_block.DWG-TB-S139-003,APPROVED_REPORT_DRAWING_GOLDEN,BOTH,HIGH,drawing
DR-1898,G-DWG-0652,drawing.title_block.DWG-TB-S139-004,APPROVED_REPORT_DRAWING_GOLDEN,BOTH,HIGH,drawing
DR-1899,G-DWG-0653,drawing.title_block.DWG-TB-S140-001,APPROVED_REPORT_DRAWING_GOLDEN,BOTH,HIGH,drawing
DR-1900,G-DWG-0654,drawing.title_block.DWG-TB-S140-002,APPROVED_REPORT_DRAWING_GOLDEN,BOTH,HIGH,drawing
DR-1901,G-DWG-0655,drawing.title_block.DWG-TB-S140-003,APPROVED_REPORT_DRAWING_GOLDEN,BOTH,HIGH,drawing
DR-1902,G-DWG-0656,drawing.title_block.DWG-TB-S140-004,APPROVED_REPORT_DRAWING_GOLDEN,BOTH,HIGH,drawing
DR-1903,G-DWG-0657,drawing.title_block.DWG-TB-S089-005,APPROVED_REPORT_DRAWING_GOLDEN,BOTH,HIGH,drawing
DR-1904,G-DWG-0658,drawing.title_block.DWG-TB-S090-005,APPROVED_REPORT_DRAWING_GOLDEN,BOTH,HIGH,drawing
DR-1905,G-DWG-0659,drawing.title_block.DWG-TB-S091-005,APPROVED_REPORT_DRAWING_GOLDEN,BOTH,HIGH,drawing
DR-1906,G-DWG-0660,drawing.title_block.DWG-TB-S092-005,APPROVED_REPORT_DRAWING_GOLDEN,BOTH,HIGH,drawing
DR-1907,G-DWG-0661,drawing.title_block.DWG-TB-S093-005,APPROVED_REPORT_DRAWING_GOLDEN,BOTH,HIGH,drawing
DR-1908,G-DWG-0662,drawing.title_block.DWG-TB-S094-005,APPROVED_REPORT_DRAWING_GOLDEN,BOTH,HIGH,drawing
DR-1909,G-DWG-0663,drawing.title_block.DWG-TB-S095-005,APPROVED_REPORT_DRAWING_GOLDEN,BOTH,HIGH,drawing
DR-1910,G-DWG-0664,drawing.title_block.DWG-TB-S096-005,APPROVED_REPORT_DRAWING_GOLDEN,BOTH,HIGH,drawing
DR-1911,G-DWG-0665,drawing.title_block.DWG-TB-S097-005,APPROVED_REPORT_DRAWING_GOLDEN,BOTH,HIGH,drawing
DR-1912,G-DWG-0666,drawing.title_block.DWG-TB-S098-005,APPROVED_REPORT_DRAWING_GOLDEN,BOTH,HIGH,drawing
DR-1913,G-DWG-0667,drawing.title_block.DWG-TB-S099-005,APPROVED_REPORT_DRAWING_GOLDEN,BOTH,HIGH,drawing
DR-1914,G-DWG-0668,drawing.title_block.DWG-TB-S100-005,APPROVED_REPORT_DRAWING_GOLDEN,BOTH,HIGH,drawing
DR-1915,G-DWG-0669,drawing.title_block.DWG-TB-S101-005,APPROVED_REPORT_DRAWING_GOLDEN,BOTH,HIGH,drawing
DR-1916,G-DWG-0670,drawing.title_block.DWG-TB-S102-005,APPROVED_REPORT_DRAWING_GOLDEN,BOTH,HIGH,drawing
DR-1917,G-DWG-0671,drawing.title_block.DWG-TB-S103-005,APPROVED_REPORT_DRAWING_GOLDEN,BOTH,HIGH,drawing
DR-1918,G-DWG-0672,drawing.title_block.DWG-TB-S104-005,APPROVED_REPORT_DRAWING_GOLDEN,BOTH,HIGH,drawing
DR-1919,G-DWG-0673,drawing.title_block.DWG-TB-S105-005,APPROVED_REPORT_DRAWING_GOLDEN,BOTH,HIGH,drawing
DR-1920,G-DWG-0674,drawing.title_block.DWG-TB-S106-005,APPROVED_REPORT_DRAWING_GOLDEN,BOTH,HIGH,drawing
DR-1921,G-DWG-0675,drawing.title_block.DWG-TB-S107-005,APPROVED_REPORT_DRAWING_GOLDEN,BOTH,HIGH,drawing
DR-1922,G-DWG-0676,drawing.title_block.DWG-TB-S108-005,APPROVED_REPORT_DRAWING_GOLDEN,BOTH,HIGH,drawing
DR-1923,G-DWG-0677,drawing.title_block.DWG-TB-S109-005,APPROVED_REPORT_DRAWING_GOLDEN,BOTH,HIGH,drawing
DR-1924,G-DWG-0678,drawing.title_block.DWG-TB-S110-005,APPROVED_REPORT_DRAWING_GOLDEN,BOTH,HIGH,drawing
DR-1925,G-DWG-0679,drawing.title_block.DWG-TB-S111-005,APPROVED_REPORT_DRAWING_GOLDEN,BOTH,HIGH,drawing
DR-1926,G-DWG-0680,drawing.title_block.DWG-TB-S112-005,APPROVED_REPORT_DRAWING_GOLDEN,BOTH,HIGH,drawing
DR-1927,G-DWG-0681,drawing.title_block.DWG-TB-S113-005,APPROVED_REPORT_DRAWING_GOLDEN,BOTH,HIGH,drawing
DR-1928,G-DWG-0682,drawing.title_block.DWG-TB-S114-005,APPROVED_REPORT_DRAWING_GOLDEN,BOTH,HIGH,drawing
DR-1929,G-DWG-0683,drawing.title_block.DWG-TB-S115-005,APPROVED_REPORT_DRAWING_GOLDEN,BOTH,HIGH,drawing
DR-1930,G-DWG-0684,drawing.title_block.DWG-TB-S116-005,APPROVED_REPORT_DRAWING_GOLDEN,BOTH,HIGH,drawing
DR-1931,G-DWG-0685,drawing.title_block.DWG-TB-S117-005,APPROVED_REPORT_DRAWING_GOLDEN,BOTH,HIGH,drawing
DR-1932,G-DWG-0686,drawing.title_block.DWG-TB-S118-005,APPROVED_REPORT_DRAWING_GOLDEN,BOTH,HIGH,drawing
DR-1933,G-DWG-0687,drawing.title_block.DWG-TB-S119-005,APPROVED_REPORT_DRAWING_GOLDEN,BOTH,HIGH,drawing
DR-1934,G-DWG-0688,drawing.title_block.DWG-TB-S120-005,APPROVED_REPORT_DRAWING_GOLDEN,BOTH,HIGH,drawing
DR-1935,G-DWG-0689,drawing.title_block.DWG-TB-S121-005,APPROVED_REPORT_DRAWING_GOLDEN,BOTH,HIGH,drawing
DR-1936,G-DWG-0690,drawing.title_block.DWG-TB-S122-005,APPROVED_REPORT_DRAWING_GOLDEN,BOTH,HIGH,drawing
DR-1937,G-DWG-0691,drawing.title_block.DWG-TB-S123-005,APPROVED_REPORT_DRAWING_GOLDEN,BOTH,HIGH,drawing
DR-1938,G-DWG-0692,drawing.title_block.DWG-TB-S124-005,APPROVED_REPORT_DRAWING_GOLDEN,BOTH,HIGH,drawing
DR-1939,G-DWG-0693,drawing.title_block.DWG-TB-S125-005,APPROVED_REPORT_DRAWING_GOLDEN,BOTH,HIGH,drawing
DR-1940,G-DWG-0694,drawing.title_block.DWG-TB-S126-005,APPROVED_REPORT_DRAWING_GOLDEN,BOTH,HIGH,drawing
DR-1941,G-DWG-0695,drawing.title_block.DWG-TB-S127-005,APPROVED_REPORT_DRAWING_GOLDEN,BOTH,HIGH,drawing
DR-1942,G-DWG-0696,drawing.title_block.DWG-TB-S128-005,APPROVED_REPORT_DRAWING_GOLDEN,BOTH,HIGH,drawing
DR-1943,G-DWG-0697,drawing.title_block.DWG-TB-S129-005,APPROVED_REPORT_DRAWING_GOLDEN,BOTH,HIGH,drawing
DR-1944,G-DWG-0698,drawing.title_block.DWG-TB-S130-005,APPROVED_REPORT_DRAWING_GOLDEN,BOTH,HIGH,drawing
DR-1945,G-DWG-0699,drawing.title_block.DWG-TB-S131-005,APPROVED_REPORT_DRAWING_GOLDEN,BOTH,HIGH,drawing
DR-1946,G-DWG-0700,drawing.title_block.DWG-TB-S132-005,APPROVED_REPORT_DRAWING_GOLDEN,BOTH,HIGH,drawing
DR-1947,G-DWG-0701,drawing.title_block.DWG-TB-S133-005,APPROVED_REPORT_DRAWING_GOLDEN,BOTH,HIGH,drawing
DR-1948,G-DWG-0702,drawing.title_block.DWG-TB-S134-005,APPROVED_REPORT_DRAWING_GOLDEN,BOTH,HIGH,drawing
DR-1949,G-DWG-0703,drawing.title_block.DWG-TB-S135-005,APPROVED_REPORT_DRAWING_GOLDEN,BOTH,HIGH,drawing
DR-1950,G-DWG-0704,drawing.title_block.DWG-TB-S136-005,APPROVED_REPORT_DRAWING_GOLDEN,BOTH,HIGH,drawing
DR-1951,G-DWG-0705,drawing.title_block.DWG-TB-S137-005,APPROVED_REPORT_DRAWING_GOLDEN,BOTH,HIGH,drawing
DR-1952,G-DWG-0706,drawing.title_block.DWG-TB-S138-005,APPROVED_REPORT_DRAWING_GOLDEN,BOTH,HIGH,drawing
DR-1953,G-DWG-0707,drawing.title_block.DWG-TB-S139-005,APPROVED_REPORT_DRAWING_GOLDEN,BOTH,HIGH,drawing
DR-1954,G-DWG-0708,drawing.title_block.DWG-TB-S140-005,APPROVED_REPORT_DRAWING_GOLDEN,BOTH,HIGH,drawing
DR-1955,G-DWG-0709,drawing.title_block.DWG-TB-S141-001,APPROVED_WITH_HUMAN_CONFIRMATION_TRACK,BOTH,MEDIUM,drawing
DR-1956,G-DWG-0710,drawing.title_block.DWG-TB-S141-002,APPROVED_WITH_HUMAN_CONFIRMATION_TRACK,BOTH,MEDIUM,drawing
DR-2052,G-DWG-0711,drawing.title_block.TB01,APPROVED_WITH_HUMAN_CONFIRMATION_TRACK,BOTH,MEDIUM,drawing
DR-2053,G-DWG-0712,drawing.title_block.TB02,APPROVED_WITH_HUMAN_CONFIRMATION_TRACK,BOTH,MEDIUM,drawing
DR-2054,G-DWG-0713,drawing.title_block.TB03,APPROVED_WITH_HUMAN_CONFIRMATION_TRACK,BOTH,LOW,drawing
DR-2055,G-DWG-0714,drawing.title_block.TB04,APPROVED_WITH_HUMAN_CONFIRMATION_TRACK,BOTH,MEDIUM,drawing
DR-2056,G-DWG-0715,drawing.title_block.TB05,APPROVED_WITH_HUMAN_CONFIRMATION_TRACK,BOTH,LOW,drawing
DR-2057,G-DWG-0716,drawing.title_block.TB06,APPROVED_WITH_HUMAN_CONFIRMATION_TRACK,BOTH,MEDIUM,drawing
DR-2058,G-DWG-0717,drawing.title_block.TB07,APPROVED_WITH_HUMAN_CONFIRMATION_TRACK,BOTH,MEDIUM,drawing
DR-2059,G-DWG-0718,drawing.title_block.TB08,APPROVED_WITH_HUMAN_CONFIRMATION_TRACK,BOTH,MEDIUM,drawing
DR-142,G-DWG-0719,drawing.view.DWG-VW-S001-001,APPROVED_REPORT_DRAWING_GOLDEN,BOTH,HIGH,drawing
DR-143,G-DWG-0720,drawing.view.DWG-VW-S002-001,APPROVED_REPORT_DRAWING_GOLDEN,BOTH,HIGH,drawing
DR-144,G-DWG-0721,drawing.view.DWG-VW-S002-002,APPROVED_REPORT_DRAWING_GOLDEN,BOTH,HIGH,drawing
DR-145,G-DWG-0722,drawing.view.DWG-VW-S003-001,APPROVED_REPORT_DRAWING_GOLDEN,BOTH,HIGH,drawing
DR-146,G-DWG-0723,drawing.view.DWG-VW-S003-002,APPROVED_REPORT_DRAWING_GOLDEN,BOTH,HIGH,drawing
DR-147,G-DWG-0724,drawing.view.DWG-VW-S004-001,APPROVED_REPORT_DRAWING_GOLDEN,BOTH,HIGH,drawing
DR-148,G-DWG-0725,drawing.view.DWG-VW-S004-002,APPROVED_REPORT_DRAWING_GOLDEN,BOTH,HIGH,drawing
DR-149,G-DWG-0726,drawing.view.DWG-VW-S005-001,APPROVED_REPORT_DRAWING_GOLDEN,BOTH,HIGH,drawing
DR-150,G-DWG-0727,drawing.view.DWG-VW-S006-001,APPROVED_REPORT_DRAWING_GOLDEN,BOTH,HIGH,drawing
DR-151,G-DWG-0728,drawing.view.DWG-VW-S006-002,APPROVED_REPORT_DRAWING_GOLDEN,BOTH,HIGH,drawing
DR-152,G-DWG-0729,drawing.view.DWG-VW-S006-003,APPROVED_REPORT_DRAWING_GOLDEN,BOTH,HIGH,drawing
DR-153,G-DWG-0730,drawing.view.DWG-VW-S007-001,APPROVED_REPORT_DRAWING_GOLDEN,BOTH,HIGH,drawing
DR-154,G-DWG-0731,drawing.view.DWG-VW-S007-002,APPROVED_REPORT_DRAWING_GOLDEN,BOTH,HIGH,drawing
DR-155,G-DWG-0732,drawing.view.DWG-VW-S007-003,APPROVED_REPORT_DRAWING_GOLDEN,BOTH,HIGH,drawing
DR-156,G-DWG-0733,drawing.view.DWG-VW-S008-001,APPROVED_REPORT_DRAWING_GOLDEN,BOTH,HIGH,drawing
DR-157,G-DWG-0734,drawing.view.DWG-VW-S008-002,APPROVED_REPORT_DRAWING_GOLDEN,BOTH,HIGH,drawing
DR-158,G-DWG-0735,drawing.view.DWG-VW-S009-001,APPROVED_REPORT_DRAWING_GOLDEN,BOTH,HIGH,drawing
DR-159,G-DWG-0736,drawing.view.DWG-VW-S010-001,APPROVED_REPORT_DRAWING_GOLDEN,BOTH,HIGH,drawing
DR-160,G-DWG-0737,drawing.view.DWG-VW-S010-002,APPROVED_REPORT_DRAWING_GOLDEN,BOTH,HIGH,drawing
DR-161,G-DWG-0738,drawing.view.DWG-VW-S011-001,APPROVED_REPORT_DRAWING_GOLDEN,BOTH,HIGH,drawing
DR-162,G-DWG-0739,drawing.view.DWG-VW-S011-002,APPROVED_REPORT_DRAWING_GOLDEN,BOTH,HIGH,drawing
DR-163,G-DWG-0740,drawing.view.DWG-VW-S012-001,APPROVED_REPORT_DRAWING_GOLDEN,BOTH,HIGH,drawing
DR-164,G-DWG-0741,drawing.view.DWG-VW-S012-002,APPROVED_REPORT_DRAWING_GOLDEN,BOTH,HIGH,drawing
DR-165,G-DWG-0742,drawing.view.DWG-VW-S013-001,APPROVED_REPORT_DRAWING_GOLDEN,BOTH,HIGH,drawing
DR-166,G-DWG-0743,drawing.view.DWG-VW-S013-002,APPROVED_REPORT_DRAWING_GOLDEN,BOTH,HIGH,drawing
DR-167,G-DWG-0744,drawing.view.DWG-VW-S014-001,APPROVED_REPORT_DRAWING_GOLDEN,BOTH,HIGH,drawing
DR-168,G-DWG-0745,drawing.view.DWG-VW-S014-002,APPROVED_REPORT_DRAWING_GOLDEN,BOTH,HIGH,drawing
DR-169,G-DWG-0746,drawing.view.DWG-VW-S015-001,APPROVED_REPORT_DRAWING_GOLDEN,BOTH,HIGH,drawing
DR-170,G-DWG-0747,drawing.view.DWG-VW-S015-002,APPROVED_REPORT_DRAWING_GOLDEN,BOTH,HIGH,drawing
DR-171,G-DWG-0748,drawing.view.DWG-VW-S016-001,APPROVED_REPORT_DRAWING_GOLDEN,BOTH,HIGH,drawing
DR-172,G-DWG-0749,drawing.view.DWG-VW-S016-002,APPROVED_REPORT_DRAWING_GOLDEN,BOTH,HIGH,drawing
DR-173,G-DWG-0750,drawing.view.DWG-VW-S017-001,APPROVED_REPORT_DRAWING_GOLDEN,BOTH,HIGH,drawing
DR-174,G-DWG-0751,drawing.view.DWG-VW-S017-002,APPROVED_REPORT_DRAWING_GOLDEN,BOTH,HIGH,drawing
DR-175,G-DWG-0752,drawing.view.DWG-VW-S018-001,APPROVED_REPORT_DRAWING_GOLDEN,BOTH,HIGH,drawing
DR-176,G-DWG-0753,drawing.view.DWG-VW-S018-002,APPROVED_REPORT_DRAWING_GOLDEN,BOTH,HIGH,drawing
DR-177,G-DWG-0754,drawing.view.DWG-VW-S019-001,APPROVED_REPORT_DRAWING_GOLDEN,BOTH,HIGH,drawing
DR-178,G-DWG-0755,drawing.view.DWG-VW-S020-001,APPROVED_REPORT_DRAWING_GOLDEN,BOTH,HIGH,drawing
DR-179,G-DWG-0756,drawing.view.DWG-VW-S020-002,APPROVED_REPORT_DRAWING_GOLDEN,BOTH,HIGH,drawing
DR-180,G-DWG-0757,drawing.view.DWG-VW-S021-001,APPROVED_REPORT_DRAWING_GOLDEN,BOTH,HIGH,drawing
DR-181,G-DWG-0758,drawing.view.DWG-VW-S021-002,APPROVED_REPORT_DRAWING_GOLDEN,BOTH,HIGH,drawing
DR-182,G-DWG-0759,drawing.view.DWG-VW-S022-001,APPROVED_REPORT_DRAWING_GOLDEN,BOTH,HIGH,drawing
DR-183,G-DWG-0760,drawing.view.DWG-VW-S023-001,APPROVED_REPORT_DRAWING_GOLDEN,BOTH,HIGH,drawing
DR-184,G-DWG-0761,drawing.view.DWG-VW-S024-001,APPROVED_REPORT_DRAWING_GOLDEN,BOTH,HIGH,drawing
DR-185,G-DWG-0762,drawing.view.DWG-VW-S025-001,APPROVED_REPORT_DRAWING_GOLDEN,BOTH,HIGH,drawing
DR-186,G-DWG-0763,drawing.view.DWG-VW-S026-001,APPROVED_REPORT_DRAWING_GOLDEN,BOTH,HIGH,drawing
DR-187,G-DWG-0764,drawing.view.DWG-VW-S027-001,APPROVED_REPORT_DRAWING_GOLDEN,BOTH,HIGH,drawing
DR-188,G-DWG-0765,drawing.view.DWG-VW-S028-001,APPROVED_REPORT_DRAWING_GOLDEN,BOTH,HIGH,drawing
DR-189,G-DWG-0766,drawing.view.DWG-VW-S029-001,APPROVED_REPORT_DRAWING_GOLDEN,BOTH,HIGH,drawing
DR-190,G-DWG-0767,drawing.view.DWG-VW-S030-001,APPROVED_REPORT_DRAWING_GOLDEN,BOTH,HIGH,drawing
DR-191,G-DWG-0768,drawing.view.DWG-VW-S030-002,APPROVED_REPORT_DRAWING_GOLDEN,BOTH,HIGH,drawing
DR-192,G-DWG-0769,drawing.view.DWG-VW-S031-001,APPROVED_REPORT_DRAWING_GOLDEN,BOTH,HIGH,drawing
DR-193,G-DWG-0770,drawing.view.DWG-VW-S032-001,APPROVED_REPORT_DRAWING_GOLDEN,BOTH,HIGH,drawing
DR-194,G-DWG-0771,drawing.view.DWG-VW-S033-001,APPROVED_REPORT_DRAWING_GOLDEN,BOTH,HIGH,drawing
DR-195,G-DWG-0772,drawing.view.DWG-VW-S034-001,APPROVED_REPORT_DRAWING_GOLDEN,BOTH,HIGH,drawing
DR-196,G-DWG-0773,drawing.view.DWG-VW-S035-001,APPROVED_REPORT_DRAWING_GOLDEN,BOTH,HIGH,drawing
DR-197,G-DWG-0774,drawing.view.DWG-VW-S036-001,APPROVED_REPORT_DRAWING_GOLDEN,BOTH,HIGH,drawing
DR-198,G-DWG-0775,drawing.view.DWG-VW-S037-001,APPROVED_REPORT_DRAWING_GOLDEN,BOTH,HIGH,drawing
DR-199,G-DWG-0776,drawing.view.DWG-VW-S038-001,APPROVED_REPORT_DRAWING_GOLDEN,BOTH,HIGH,drawing
DR-200,G-DWG-0777,drawing.view.DWG-VW-S039-001,APPROVED_REPORT_DRAWING_GOLDEN,BOTH,HIGH,drawing
DR-201,G-DWG-0778,drawing.view.DWG-VW-S040-001,APPROVED_REPORT_DRAWING_GOLDEN,BOTH,HIGH,drawing
DR-202,G-DWG-0779,drawing.view.DWG-VW-S041-001,APPROVED_REPORT_DRAWING_GOLDEN,BOTH,HIGH,drawing
DR-203,G-DWG-0780,drawing.view.DWG-VW-S042-001,APPROVED_REPORT_DRAWING_GOLDEN,BOTH,HIGH,drawing
DR-204,G-DWG-0781,drawing.view.DWG-VW-S043-001,APPROVED_REPORT_DRAWING_GOLDEN,BOTH,HIGH,drawing
DR-205,G-DWG-0782,drawing.view.DWG-VW-S044-001,APPROVED_REPORT_DRAWING_GOLDEN,BOTH,HIGH,drawing
DR-206,G-DWG-0783,drawing.view.DWG-VW-S044-002,APPROVED_REPORT_DRAWING_GOLDEN,BOTH,HIGH,drawing
DR-866,G-DWG-0784,drawing.view.DWG-VW-S045-001,APPROVED_REPORT_DRAWING_GOLDEN,BOTH,HIGH,drawing
DR-867,G-DWG-0785,drawing.view.DWG-VW-S045-002,APPROVED_REPORT_DRAWING_GOLDEN,BOTH,HIGH,drawing
DR-868,G-DWG-0786,drawing.view.DWG-VW-S045-003,APPROVED_REPORT_DRAWING_GOLDEN,BOTH,HIGH,drawing
DR-869,G-DWG-0787,drawing.view.DWG-VW-S045-004,APPROVED_REPORT_DRAWING_GOLDEN,BOTH,HIGH,drawing
DR-870,G-DWG-0788,drawing.view.DWG-VW-S045-005,APPROVED_REPORT_DRAWING_GOLDEN,BOTH,HIGH,drawing
DR-871,G-DWG-0789,drawing.view.DWG-VW-S045-006,APPROVED_REPORT_DRAWING_GOLDEN,BOTH,HIGH,drawing
DR-872,G-DWG-0790,drawing.view.DWG-VW-S045-007,APPROVED_REPORT_DRAWING_GOLDEN,BOTH,HIGH,drawing
DR-873,G-DWG-0791,drawing.view.DWG-VW-S045-008,APPROVED_REPORT_DRAWING_GOLDEN,BOTH,HIGH,drawing
DR-874,G-DWG-0792,drawing.view.DWG-VW-S045-009,APPROVED_REPORT_DRAWING_GOLDEN,BOTH,HIGH,drawing
DR-875,G-DWG-0793,drawing.view.DWG-VW-S045-010,APPROVED_REPORT_DRAWING_GOLDEN,BOTH,HIGH,drawing
DR-876,G-DWG-0794,drawing.view.DWG-VW-S046-001,APPROVED_REPORT_DRAWING_GOLDEN,BOTH,HIGH,drawing
DR-877,G-DWG-0795,drawing.view.DWG-VW-S046-002,APPROVED_REPORT_DRAWING_GOLDEN,BOTH,HIGH,drawing
DR-878,G-DWG-0796,drawing.view.DWG-VW-S046-003,APPROVED_REPORT_DRAWING_GOLDEN,BOTH,HIGH,drawing
DR-879,G-DWG-0797,drawing.view.DWG-VW-S046-004,APPROVED_REPORT_DRAWING_GOLDEN,BOTH,HIGH,drawing
DR-880,G-DWG-0798,drawing.view.DWG-VW-S047-001,APPROVED_REPORT_DRAWING_GOLDEN,BOTH,HIGH,drawing
DR-881,G-DWG-0799,drawing.view.DWG-VW-S047-002,APPROVED_REPORT_DRAWING_GOLDEN,BOTH,HIGH,drawing
DR-882,G-DWG-0800,drawing.view.DWG-VW-S048-001,APPROVED_REPORT_DRAWING_GOLDEN,BOTH,HIGH,drawing
DR-883,G-DWG-0801,drawing.view.DWG-VW-S048-002,APPROVED_REPORT_DRAWING_GOLDEN,BOTH,HIGH,drawing
DR-884,G-DWG-0802,drawing.view.DWG-VW-S048-003,APPROVED_REPORT_DRAWING_GOLDEN,BOTH,HIGH,drawing
DR-885,G-DWG-0803,drawing.view.DWG-VW-S048-004,APPROVED_REPORT_DRAWING_GOLDEN,BOTH,HIGH,drawing
DR-886,G-DWG-0804,drawing.view.DWG-VW-S048-005,APPROVED_REPORT_DRAWING_GOLDEN,BOTH,HIGH,drawing
DR-887,G-DWG-0805,drawing.view.DWG-VW-S049-001,APPROVED_REPORT_DRAWING_GOLDEN,BOTH,HIGH,drawing
DR-888,G-DWG-0806,drawing.view.DWG-VW-S050-001,APPROVED_REPORT_DRAWING_GOLDEN,BOTH,HIGH,drawing
DR-889,G-DWG-0807,drawing.view.DWG-VW-S051-001,APPROVED_REPORT_DRAWING_GOLDEN,BOTH,HIGH,drawing
DR-890,G-DWG-0808,drawing.view.DWG-VW-S052-001,APPROVED_REPORT_DRAWING_GOLDEN,BOTH,HIGH,drawing
DR-891,G-DWG-0809,drawing.view.DWG-VW-S053-001,APPROVED_REPORT_DRAWING_GOLDEN,BOTH,HIGH,drawing
DR-892,G-DWG-0810,drawing.view.DWG-VW-S054-001,APPROVED_REPORT_DRAWING_GOLDEN,BOTH,HIGH,drawing
DR-893,G-DWG-0811,drawing.view.DWG-VW-S055-001,APPROVED_REPORT_DRAWING_GOLDEN,BOTH,HIGH,drawing
DR-894,G-DWG-0812,drawing.view.DWG-VW-S056-001,APPROVED_REPORT_DRAWING_GOLDEN,BOTH,HIGH,drawing
DR-895,G-DWG-0813,drawing.view.DWG-VW-S057-001,APPROVED_REPORT_DRAWING_GOLDEN,BOTH,HIGH,drawing
DR-896,G-DWG-0814,drawing.view.DWG-VW-S058-001,APPROVED_REPORT_DRAWING_GOLDEN,BOTH,HIGH,drawing
DR-897,G-DWG-0815,drawing.view.DWG-VW-S059-001,APPROVED_REPORT_DRAWING_GOLDEN,BOTH,HIGH,drawing
DR-898,G-DWG-0816,drawing.view.DWG-VW-S060-001,APPROVED_REPORT_DRAWING_GOLDEN,BOTH,HIGH,drawing
DR-899,G-DWG-0817,drawing.view.DWG-VW-S061-001,APPROVED_REPORT_DRAWING_GOLDEN,BOTH,HIGH,drawing
DR-900,G-DWG-0818,drawing.view.DWG-VW-S061-002,APPROVED_REPORT_DRAWING_GOLDEN,BOTH,HIGH,drawing
DR-901,G-DWG-0819,drawing.view.DWG-VW-S061-003,APPROVED_REPORT_DRAWING_GOLDEN,BOTH,HIGH,drawing
DR-902,G-DWG-0820,drawing.view.DWG-VW-S061-004,APPROVED_REPORT_DRAWING_GOLDEN,BOTH,HIGH,drawing
DR-903,G-DWG-0821,drawing.view.DWG-VW-S061-005,APPROVED_REPORT_DRAWING_GOLDEN,BOTH,HIGH,drawing
DR-904,G-DWG-0822,drawing.view.DWG-VW-S062-001,APPROVED_REPORT_DRAWING_GOLDEN,BOTH,HIGH,drawing
DR-905,G-DWG-0823,drawing.view.DWG-VW-S063-001,APPROVED_REPORT_DRAWING_GOLDEN,BOTH,HIGH,drawing
DR-906,G-DWG-0824,drawing.view.DWG-VW-S064-001,APPROVED_REPORT_DRAWING_GOLDEN,BOTH,HIGH,drawing
DR-907,G-DWG-0825,drawing.view.DWG-VW-S065-001,APPROVED_REPORT_DRAWING_GOLDEN,BOTH,HIGH,drawing
DR-908,G-DWG-0826,drawing.view.DWG-VW-S066-001,APPROVED_REPORT_DRAWING_GOLDEN,BOTH,HIGH,drawing
DR-909,G-DWG-0827,drawing.view.DWG-VW-S067-001,APPROVED_REPORT_DRAWING_GOLDEN,BOTH,HIGH,drawing
DR-910,G-DWG-0828,drawing.view.DWG-VW-S068-001,APPROVED_REPORT_DRAWING_GOLDEN,BOTH,HIGH,drawing
DR-911,G-DWG-0829,drawing.view.DWG-VW-S068-002,APPROVED_REPORT_DRAWING_GOLDEN,BOTH,HIGH,drawing
DR-912,G-DWG-0830,drawing.view.DWG-VW-S068-003,APPROVED_REPORT_DRAWING_GOLDEN,BOTH,HIGH,drawing
DR-913,G-DWG-0831,drawing.view.DWG-VW-S069-001,APPROVED_REPORT_DRAWING_GOLDEN,BOTH,HIGH,drawing
DR-914,G-DWG-0832,drawing.view.DWG-VW-S070-001,APPROVED_REPORT_DRAWING_GOLDEN,BOTH,HIGH,drawing
DR-915,G-DWG-0833,drawing.view.DWG-VW-S071-001,APPROVED_REPORT_DRAWING_GOLDEN,BOTH,HIGH,drawing
DR-916,G-DWG-0834,drawing.view.DWG-VW-S072-001,APPROVED_REPORT_DRAWING_GOLDEN,BOTH,HIGH,drawing
DR-917,G-DWG-0835,drawing.view.DWG-VW-S072-002,APPROVED_REPORT_DRAWING_GOLDEN,BOTH,HIGH,drawing
DR-918,G-DWG-0836,drawing.view.DWG-VW-S072-003,APPROVED_REPORT_DRAWING_GOLDEN,BOTH,HIGH,drawing
DR-919,G-DWG-0837,drawing.view.DWG-VW-S072-004,APPROVED_REPORT_DRAWING_GOLDEN,BOTH,HIGH,drawing
DR-920,G-DWG-0838,drawing.view.DWG-VW-S073-001,APPROVED_REPORT_DRAWING_GOLDEN,BOTH,HIGH,drawing
DR-921,G-DWG-0839,drawing.view.DWG-VW-S073-002,APPROVED_REPORT_DRAWING_GOLDEN,BOTH,HIGH,drawing
DR-922,G-DWG-0840,drawing.view.DWG-VW-S073-003,APPROVED_REPORT_DRAWING_GOLDEN,BOTH,HIGH,drawing
DR-923,G-DWG-0841,drawing.view.DWG-VW-S073-004,APPROVED_REPORT_DRAWING_GOLDEN,BOTH,HIGH,drawing
DR-924,G-DWG-0842,drawing.view.DWG-VW-S073-005,APPROVED_REPORT_DRAWING_GOLDEN,BOTH,HIGH,drawing
DR-925,G-DWG-0843,drawing.view.DWG-VW-S074-001,APPROVED_REPORT_DRAWING_GOLDEN,BOTH,HIGH,drawing
DR-926,G-DWG-0844,drawing.view.DWG-VW-S074-002,APPROVED_REPORT_DRAWING_GOLDEN,BOTH,HIGH,drawing
DR-927,G-DWG-0845,drawing.view.DWG-VW-S074-003,APPROVED_REPORT_DRAWING_GOLDEN,BOTH,HIGH,drawing
DR-928,G-DWG-0846,drawing.view.DWG-VW-S075-001,APPROVED_REPORT_DRAWING_GOLDEN,BOTH,HIGH,drawing
DR-929,G-DWG-0847,drawing.view.DWG-VW-S078-001,APPROVED_REPORT_DRAWING_GOLDEN,BOTH,HIGH,drawing
DR-930,G-DWG-0848,drawing.view.DWG-VW-S079-001,APPROVED_REPORT_DRAWING_GOLDEN,BOTH,HIGH,drawing
DR-931,G-DWG-0849,drawing.view.DWG-VW-S080-001,APPROVED_REPORT_DRAWING_GOLDEN,BOTH,HIGH,drawing
DR-932,G-DWG-0850,drawing.view.DWG-VW-S081-001,APPROVED_REPORT_DRAWING_GOLDEN,BOTH,HIGH,drawing
DR-933,G-DWG-0851,drawing.view.DWG-VW-S082-001,APPROVED_REPORT_DRAWING_GOLDEN,BOTH,HIGH,drawing
DR-934,G-DWG-0852,drawing.view.DWG-VW-S082-002,APPROVED_REPORT_DRAWING_GOLDEN,BOTH,HIGH,drawing
DR-935,G-DWG-0853,drawing.view.DWG-VW-S085-001,APPROVED_REPORT_DRAWING_GOLDEN,BOTH,HIGH,drawing
DR-936,G-DWG-0854,drawing.view.DWG-VW-S085-002,APPROVED_REPORT_DRAWING_GOLDEN,BOTH,HIGH,drawing
DR-937,G-DWG-0855,drawing.view.DWG-VW-S085-003,APPROVED_REPORT_DRAWING_GOLDEN,BOTH,HIGH,drawing
DR-938,G-DWG-0856,drawing.view.DWG-VW-S086-001,APPROVED_REPORT_DRAWING_GOLDEN,BOTH,HIGH,drawing
DR-939,G-DWG-0857,drawing.view.DWG-VW-S086-002,APPROVED_REPORT_DRAWING_GOLDEN,BOTH,HIGH,drawing
DR-940,G-DWG-0858,drawing.view.DWG-VW-S086-003,APPROVED_REPORT_DRAWING_GOLDEN,BOTH,HIGH,drawing
DR-941,G-DWG-0859,drawing.view.DWG-VW-S087-001,APPROVED_REPORT_DRAWING_GOLDEN,BOTH,HIGH,drawing
DR-942,G-DWG-0860,drawing.view.DWG-VW-S087-002,APPROVED_REPORT_DRAWING_GOLDEN,BOTH,HIGH,drawing
DR-943,G-DWG-0861,drawing.view.DWG-VW-S087-003,APPROVED_REPORT_DRAWING_GOLDEN,BOTH,HIGH,drawing
DR-944,G-DWG-0862,drawing.view.DWG-VW-S088-001,APPROVED_REPORT_DRAWING_GOLDEN,BOTH,HIGH,drawing
DR-945,G-DWG-0863,drawing.view.DWG-VW-S088-002,APPROVED_REPORT_DRAWING_GOLDEN,BOTH,HIGH,drawing
DR-946,G-DWG-0864,drawing.view.DWG-VW-S088-003,APPROVED_REPORT_DRAWING_GOLDEN,BOTH,HIGH,drawing
DR-1566,G-DWG-0865,drawing.view.DWG-VW-S089-001,APPROVED_REPORT_DRAWING_GOLDEN,BOTH,HIGH,drawing
DR-1567,G-DWG-0866,drawing.view.DWG-VW-S089-002,APPROVED_REPORT_DRAWING_GOLDEN,BOTH,HIGH,drawing
DR-1568,G-DWG-0867,drawing.view.DWG-VW-S089-003,APPROVED_REPORT_DRAWING_GOLDEN,BOTH,HIGH,drawing
DR-1569,G-DWG-0868,drawing.view.DWG-VW-S089-004,APPROVED_REPORT_DRAWING_GOLDEN,BOTH,HIGH,drawing
DR-1570,G-DWG-0869,drawing.view.DWG-VW-S090-001,APPROVED_REPORT_DRAWING_GOLDEN,BOTH,HIGH,drawing
DR-1571,G-DWG-0870,drawing.view.DWG-VW-S090-002,APPROVED_REPORT_DRAWING_GOLDEN,BOTH,HIGH,drawing
DR-1572,G-DWG-0871,drawing.view.DWG-VW-S090-003,APPROVED_REPORT_DRAWING_GOLDEN,BOTH,HIGH,drawing
DR-1573,G-DWG-0872,drawing.view.DWG-VW-S090-004,APPROVED_REPORT_DRAWING_GOLDEN,BOTH,HIGH,drawing
DR-1574,G-DWG-0873,drawing.view.DWG-VW-S090-005,APPROVED_REPORT_DRAWING_GOLDEN,BOTH,HIGH,drawing
DR-1575,G-DWG-0874,drawing.view.DWG-VW-S090-006,APPROVED_REPORT_DRAWING_GOLDEN,BOTH,HIGH,drawing
DR-1576,G-DWG-0875,drawing.view.DWG-VW-S090-007,APPROVED_REPORT_DRAWING_GOLDEN,BOTH,HIGH,drawing
DR-1577,G-DWG-0876,drawing.view.DWG-VW-S090-008,APPROVED_REPORT_DRAWING_GOLDEN,BOTH,HIGH,drawing
DR-1578,G-DWG-0877,drawing.view.DWG-VW-S090-009,APPROVED_REPORT_DRAWING_GOLDEN,BOTH,HIGH,drawing
DR-1579,G-DWG-0878,drawing.view.DWG-VW-S091-001,APPROVED_REPORT_DRAWING_GOLDEN,BOTH,HIGH,drawing
DR-1580,G-DWG-0879,drawing.view.DWG-VW-S091-002,APPROVED_REPORT_DRAWING_GOLDEN,BOTH,HIGH,drawing
DR-1581,G-DWG-0880,drawing.view.DWG-VW-S091-003,APPROVED_REPORT_DRAWING_GOLDEN,BOTH,HIGH,drawing
DR-1582,G-DWG-0881,drawing.view.DWG-VW-S092-001,APPROVED_REPORT_DRAWING_GOLDEN,BOTH,HIGH,drawing
DR-1583,G-DWG-0882,drawing.view.DWG-VW-S092-002,APPROVED_REPORT_DRAWING_GOLDEN,BOTH,HIGH,drawing
DR-1584,G-DWG-0883,drawing.view.DWG-VW-S092-003,APPROVED_REPORT_DRAWING_GOLDEN,BOTH,HIGH,drawing
DR-1585,G-DWG-0884,drawing.view.DWG-VW-S092-004,APPROVED_REPORT_DRAWING_GOLDEN,BOTH,HIGH,drawing
DR-1586,G-DWG-0885,drawing.view.DWG-VW-S099-001,APPROVED_REPORT_DRAWING_GOLDEN,BOTH,HIGH,drawing
DR-1587,G-DWG-0886,drawing.view.DWG-VW-S100-001,APPROVED_REPORT_DRAWING_GOLDEN,BOTH,HIGH,drawing
DR-1588,G-DWG-0887,drawing.view.DWG-VW-S101-001,APPROVED_REPORT_DRAWING_GOLDEN,BOTH,HIGH,drawing
DR-1589,G-DWG-0888,drawing.view.DWG-VW-S102-001,APPROVED_REPORT_DRAWING_GOLDEN,BOTH,HIGH,drawing
DR-1590,G-DWG-0889,drawing.view.DWG-VW-S111-001,APPROVED_REPORT_DRAWING_GOLDEN,BOTH,HIGH,drawing
DR-1591,G-DWG-0890,drawing.view.DWG-VW-S131-001,APPROVED_REPORT_DRAWING_GOLDEN,BOTH,HIGH,drawing
DR-1592,G-DWG-0891,drawing.view.DWG-VW-S132-001,APPROVED_REPORT_DRAWING_GOLDEN,BOTH,HIGH,drawing
DR-1593,G-DWG-0892,drawing.view.DWG-VW-S141-001,APPROVED_WITH_HUMAN_CONFIRMATION_TRACK,BOTH,MEDIUM,drawing
DR-1974,G-DWG-0893,drawing.view.S141-V01,APPROVED_WITH_HUMAN_CONFIRMATION_TRACK,BOTH,MEDIUM,drawing
DR-1975,G-DWG-0894,drawing.view.S141-V02,APPROVED_WITH_HUMAN_CONFIRMATION_TRACK,BOTH,MEDIUM,drawing
DR-1976,G-DWG-0895,drawing.view.S141-V03,APPROVED_WITH_HUMAN_CONFIRMATION_TRACK,BOTH,MEDIUM,drawing
DR-1977,G-DWG-0896,drawing.view.S141-V04,APPROVED_WITH_HUMAN_CONFIRMATION_TRACK,BOTH,MEDIUM,drawing
DR-712,G-DWG-0897,drawing.member.DWG-MEM-AG1,APPROVED_REPORT_DRAWING_GOLDEN,BOTH,HIGH,drawing
DR-713,G-DWG-0898,drawing.member.DWG-MEM-AG2,APPROVED_REPORT_DRAWING_GOLDEN,BOTH,HIGH,drawing
DR-714,G-DWG-0899,drawing.member.DWG-MEM-GE1,APPROVED_REPORT_DRAWING_GOLDEN,BOTH,HIGH,drawing
DR-715,G-DWG-0900,drawing.member.DWG-MEM-GE2,APPROVED_REPORT_DRAWING_GOLDEN,BOTH,HIGH,drawing
DR-716,G-DWG-0901,drawing.member.DWG-MEM-S1,APPROVED_REPORT_DRAWING_GOLDEN,BOTH,HIGH,drawing
DR-717,G-DWG-0902,drawing.member.DWG-MEM-S2,APPROVED_REPORT_DRAWING_GOLDEN,BOTH,HIGH,drawing
DR-718,G-DWG-0903,drawing.member.DWG-MEM-PR1,APPROVED_REPORT_DRAWING_GOLDEN,BOTH,HIGH,drawing
DR-719,G-DWG-0904,drawing.member.DWG-MEM-PR2,APPROVED_REPORT_DRAWING_GOLDEN,BOTH,HIGH,drawing
DR-720,G-DWG-0905,drawing.member.DWG-MEM-C1C7,APPROVED_REPORT_DRAWING_GOLDEN,BOTH,HIGH,drawing
DR-721,G-DWG-0906,drawing.member.DWG-MEM-C8C13,APPROVED_REPORT_DRAWING_GOLDEN,BOTH,HIGH,drawing
DR-722,G-DWG-0907,drawing.member.DWG-MEM-C14C20,APPROVED_REPORT_DRAWING_GOLDEN,BOTH,HIGH,drawing
DR-723,G-DWG-0908,drawing.member.DWG-MEM-C21C23,APPROVED_REPORT_DRAWING_GOLDEN,BOTH,HIGH,drawing
DR-724,G-DWG-0909,drawing.member.DWG-MEM-AL1,APPROVED_REPORT_DRAWING_GOLDEN,BOTH,HIGH,drawing
DR-725,G-DWG-0910,drawing.member.DWG-MEM-AL2,APPROVED_REPORT_DRAWING_GOLDEN,BOTH,HIGH,drawing
DR-726,G-DWG-0911,drawing.member.DWG-MEM-STUD,APPROVED_REPORT_DRAWING_GOLDEN,BOTH,HIGH,drawing
DR-727,G-DWG-0912,drawing.member.DWG-MEM-SPLJ1,APPROVED_REPORT_DRAWING_GOLDEN,BOTH,HIGH,drawing
DR-728,G-DWG-0913,drawing.member.DWG-MEM-SPLJ2,APPROVED_REPORT_DRAWING_GOLDEN,BOTH,HIGH,drawing
DR-729,G-DWG-0914,drawing.member.DWG-MEM-SPLJ3,APPROVED_REPORT_DRAWING_GOLDEN,BOTH,HIGH,drawing
DR-730,G-DWG-0915,drawing.member.DWG-MEM-SPLJ4,APPROVED_REPORT_DRAWING_GOLDEN,BOTH,HIGH,drawing
DR-731,G-DWG-0916,drawing.member.DWG-MEM-SPLJ5,APPROVED_REPORT_DRAWING_GOLDEN,BOTH,HIGH,drawing
DR-732,G-DWG-0917,drawing.member.DWG-MEM-SPLJ6,APPROVED_REPORT_DRAWING_GOLDEN,BOTH,HIGH,drawing
DR-733,G-DWG-0918,drawing.member.DWG-MEM-SPLJ7,APPROVED_REPORT_DRAWING_GOLDEN,BOTH,HIGH,drawing
DR-734,G-DWG-0919,drawing.member.DWG-MEM-SPLJ8,APPROVED_REPORT_DRAWING_GOLDEN,BOTH,HIGH,drawing
DR-735,G-DWG-0920,drawing.member.DWG-MEM-SPLJ9,APPROVED_REPORT_DRAWING_GOLDEN,BOTH,HIGH,drawing
DR-736,G-DWG-0921,drawing.member.DWG-MEM-SPLJ10,APPROVED_REPORT_DRAWING_GOLDEN,BOTH,HIGH,drawing
DR-737,G-DWG-0922,drawing.member.DWG-MEM-SPLJ11,APPROVED_REPORT_DRAWING_GOLDEN,BOTH,HIGH,drawing
DR-738,G-DWG-0923,drawing.member.DWG-MEM-SPLJ12,APPROVED_REPORT_DRAWING_GOLDEN,BOTH,HIGH,drawing
DR-739,G-DWG-0924,drawing.member.DWG-MEM-SPLJ13,APPROVED_REPORT_DRAWING_GOLDEN,BOTH,HIGH,drawing
DR-740,G-DWG-0925,drawing.member.DWG-MEM-SPLJ14,APPROVED_REPORT_DRAWING_GOLDEN,BOTH,HIGH,drawing
DR-741,G-DWG-0926,drawing.member.DWG-MEM-SPLJ15,APPROVED_REPORT_DRAWING_GOLDEN,BOTH,HIGH,drawing
DR-742,G-DWG-0927,drawing.member.DWG-MEM-SPLJ16,APPROVED_REPORT_DRAWING_GOLDEN,BOTH,HIGH,drawing
DR-743,G-DWG-0928,drawing.member.DWG-MEM-SPLAG2J1,APPROVED_REPORT_DRAWING_GOLDEN,BOTH,HIGH,drawing
DR-744,G-DWG-0929,drawing.member.DWG-MEM-SPLAG2J2,APPROVED_REPORT_DRAWING_GOLDEN,BOTH,HIGH,drawing
DR-745,G-DWG-0930,drawing.member.DWG-MEM-SPLAG2J3,APPROVED_REPORT_DRAWING_GOLDEN,BOTH,HIGH,drawing
DR-746,G-DWG-0931,drawing.member.DWG-MEM-SPLAG2J4,APPROVED_REPORT_DRAWING_GOLDEN,BOTH,HIGH,drawing
DR-747,G-DWG-0932,drawing.member.DWG-MEM-SPLAG2J5,APPROVED_REPORT_DRAWING_GOLDEN,BOTH,HIGH,drawing
DR-748,G-DWG-0933,drawing.member.DWG-MEM-SPLAG2J6,APPROVED_REPORT_DRAWING_GOLDEN,BOTH,HIGH,drawing
DR-749,G-DWG-0934,drawing.member.DWG-MEM-SPLAG2J7,APPROVED_REPORT_DRAWING_GOLDEN,BOTH,HIGH,drawing
DR-750,G-DWG-0935,drawing.member.DWG-MEM-SPLAG2J8,APPROVED_REPORT_DRAWING_GOLDEN,BOTH,HIGH,drawing
DR-751,G-DWG-0936,drawing.member.DWG-MEM-SPLAG2J9,APPROVED_REPORT_DRAWING_GOLDEN,BOTH,HIGH,drawing
DR-752,G-DWG-0937,drawing.member.DWG-MEM-SPLAG2J10,APPROVED_REPORT_DRAWING_GOLDEN,BOTH,HIGH,drawing
DR-753,G-DWG-0938,drawing.member.DWG-MEM-SPLAG2J11,APPROVED_REPORT_DRAWING_GOLDEN,BOTH,HIGH,drawing
DR-754,G-DWG-0939,drawing.member.DWG-MEM-SPLAG2J12,APPROVED_REPORT_DRAWING_GOLDEN,BOTH,HIGH,drawing
DR-755,G-DWG-0940,drawing.member.DWG-MEM-SPLAG2J13,APPROVED_REPORT_DRAWING_GOLDEN,BOTH,HIGH,drawing
DR-756,G-DWG-0941,drawing.member.DWG-MEM-SPLAG2J14,APPROVED_REPORT_DRAWING_GOLDEN,BOTH,HIGH,drawing
DR-757,G-DWG-0942,drawing.member.DWG-MEM-SPLAG2J15,APPROVED_REPORT_DRAWING_GOLDEN,BOTH,HIGH,drawing
DR-758,G-DWG-0943,drawing.member.DWG-MEM-SPLAG2J16,APPROVED_REPORT_DRAWING_GOLDEN,BOTH,HIGH,drawing
DR-759,G-DWG-0944,drawing.member.DWG-MEM-VSTIFF,APPROVED_REPORT_DRAWING_GOLDEN,BOTH,HIGH,drawing
DR-760,G-DWG-0945,drawing.member.DWG-MEM-JACKSTIFF,APPROVED_REPORT_DRAWING_GOLDEN,BOTH,HIGH,drawing
DR-761,G-DWG-0946,drawing.member.DWG-MEM-WTRSTOP,APPROVED_REPORT_DRAWING_GOLDEN,BOTH,HIGH,drawing
DR-762,G-DWG-0947,drawing.member.DWG-MEM-HANGR,APPROVED_REPORT_DRAWING_GOLDEN,BOTH,HIGH,drawing
DR-763,G-DWG-0948,drawing.member.DWG-MEM-SOLEPL,APPROVED_REPORT_DRAWING_GOLDEN,BOTH,HIGH,drawing
DR-764,G-DWG-0949,drawing.member.DWG-MEM-NOSE,APPROVED_REPORT_DRAWING_GOLDEN,BOTH,HIGH,drawing
DR-765,G-DWG-0950,drawing.member.DWG-MEM-HNO1,APPROVED_REPORT_DRAWING_GOLDEN,BOTH,HIGH,drawing
DR-766,G-DWG-0951,drawing.member.DWG-MEM-PU15,APPROVED_REPORT_DRAWING_GOLDEN,BOTH,HIGH,drawing
DR-767,G-DWG-0952,drawing.member.DWG-MEM-AR2,APPROVED_REPORT_DRAWING_GOLDEN,BOTH,HIGH,drawing
DR-1172,G-DWG-0953,drawing.member.DWG-MEM-S045-001,APPROVED_REPORT_DRAWING_GOLDEN,BOTH,HIGH,drawing
DR-1173,G-DWG-0954,drawing.member.DWG-MEM-S045-002,APPROVED_REPORT_DRAWING_GOLDEN,BOTH,HIGH,drawing
DR-1174,G-DWG-0955,drawing.member.DWG-MEM-S045-003,APPROVED_REPORT_DRAWING_GOLDEN,BOTH,HIGH,drawing
DR-1175,G-DWG-0956,drawing.member.DWG-MEM-S045-004,APPROVED_REPORT_DRAWING_GOLDEN,BOTH,HIGH,drawing
DR-1176,G-DWG-0957,drawing.member.DWG-MEM-S045-005,APPROVED_REPORT_DRAWING_GOLDEN,BOTH,HIGH,drawing
DR-1177,G-DWG-0958,drawing.member.DWG-MEM-S045-006,APPROVED_REPORT_DRAWING_GOLDEN,BOTH,HIGH,drawing
DR-1178,G-DWG-0959,drawing.member.DWG-MEM-S045-007,APPROVED_REPORT_DRAWING_GOLDEN,BOTH,HIGH,drawing
DR-1179,G-DWG-0960,drawing.member.DWG-MEM-S045-008,APPROVED_REPORT_DRAWING_GOLDEN,BOTH,HIGH,drawing
DR-1180,G-DWG-0961,drawing.member.DWG-MEM-S045-009,APPROVED_REPORT_DRAWING_GOLDEN,BOTH,HIGH,drawing
DR-1181,G-DWG-0962,drawing.member.DWG-MEM-S045-010,APPROVED_REPORT_DRAWING_GOLDEN,BOTH,HIGH,drawing
DR-1182,G-DWG-0963,drawing.member.DWG-MEM-S045-011,APPROVED_REPORT_DRAWING_GOLDEN,BOTH,HIGH,drawing
DR-1183,G-DWG-0964,drawing.member.DWG-MEM-S045-012,APPROVED_REPORT_DRAWING_GOLDEN,BOTH,HIGH,drawing
DR-1184,G-DWG-0965,drawing.member.DWG-MEM-S045-013,APPROVED_REPORT_DRAWING_GOLDEN,BOTH,HIGH,drawing
DR-1185,G-DWG-0966,drawing.member.DWG-MEM-S045-014,APPROVED_REPORT_DRAWING_GOLDEN,BOTH,HIGH,drawing
DR-1186,G-DWG-0967,drawing.member.DWG-MEM-S045-015,APPROVED_REPORT_DRAWING_GOLDEN,BOTH,HIGH,drawing
DR-1187,G-DWG-0968,drawing.member.DWG-MEM-S045-016,APPROVED_REPORT_DRAWING_GOLDEN,BOTH,HIGH,drawing
DR-1188,G-DWG-0969,drawing.member.DWG-MEM-S046-001,APPROVED_REPORT_DRAWING_GOLDEN,BOTH,HIGH,drawing
DR-1189,G-DWG-0970,drawing.member.DWG-MEM-S046-002,APPROVED_REPORT_DRAWING_GOLDEN,BOTH,HIGH,drawing
DR-1190,G-DWG-0971,drawing.member.DWG-MEM-S046-003,APPROVED_REPORT_DRAWING_GOLDEN,BOTH,HIGH,drawing
DR-1191,G-DWG-0972,drawing.member.DWG-MEM-S046-004,APPROVED_REPORT_DRAWING_GOLDEN,BOTH,HIGH,drawing
DR-1192,G-DWG-0973,drawing.member.DWG-MEM-S046-005,APPROVED_REPORT_DRAWING_GOLDEN,BOTH,HIGH,drawing
DR-1193,G-DWG-0974,drawing.member.DWG-MEM-S046-006,APPROVED_REPORT_DRAWING_GOLDEN,BOTH,HIGH,drawing
DR-1194,G-DWG-0975,drawing.member.DWG-MEM-S047-001,APPROVED_REPORT_DRAWING_GOLDEN,BOTH,HIGH,drawing
DR-1195,G-DWG-0976,drawing.member.DWG-MEM-S047-002,APPROVED_REPORT_DRAWING_GOLDEN,BOTH,HIGH,drawing
DR-1196,G-DWG-0977,drawing.member.DWG-MEM-S047-003,APPROVED_REPORT_DRAWING_GOLDEN,BOTH,HIGH,drawing
DR-1197,G-DWG-0978,drawing.member.DWG-MEM-S047-004,APPROVED_REPORT_DRAWING_GOLDEN,BOTH,HIGH,drawing
DR-1198,G-DWG-0979,drawing.member.DWG-MEM-S047-005,APPROVED_REPORT_DRAWING_GOLDEN,BOTH,HIGH,drawing
DR-1199,G-DWG-0980,drawing.member.DWG-MEM-S047-006,APPROVED_REPORT_DRAWING_GOLDEN,BOTH,HIGH,drawing
DR-1200,G-DWG-0981,drawing.member.DWG-MEM-S047-007,APPROVED_REPORT_DRAWING_GOLDEN,BOTH,HIGH,drawing
DR-1201,G-DWG-0982,drawing.member.DWG-MEM-S049-001,APPROVED_REPORT_DRAWING_GOLDEN,BOTH,HIGH,drawing
DR-1202,G-DWG-0983,drawing.member.DWG-MEM-S049-002,APPROVED_REPORT_DRAWING_GOLDEN,BOTH,HIGH,drawing
DR-1203,G-DWG-0984,drawing.member.DWG-MEM-S049-003,APPROVED_REPORT_DRAWING_GOLDEN,BOTH,HIGH,drawing
DR-1204,G-DWG-0985,drawing.member.DWG-MEM-S049-004,APPROVED_REPORT_DRAWING_GOLDEN,BOTH,HIGH,drawing
DR-1205,G-DWG-0986,drawing.member.DWG-MEM-S049-005,APPROVED_REPORT_DRAWING_GOLDEN,BOTH,HIGH,drawing
DR-1206,G-DWG-0987,drawing.member.DWG-MEM-S050-001,APPROVED_REPORT_DRAWING_GOLDEN,BOTH,HIGH,drawing
DR-1207,G-DWG-0988,drawing.member.DWG-MEM-S050-002,APPROVED_REPORT_DRAWING_GOLDEN,BOTH,HIGH,drawing
DR-1208,G-DWG-0989,drawing.member.DWG-MEM-S058-001,APPROVED_REPORT_DRAWING_GOLDEN,BOTH,HIGH,drawing
DR-1209,G-DWG-0990,drawing.member.DWG-MEM-S058-002,APPROVED_REPORT_DRAWING_GOLDEN,BOTH,HIGH,drawing
DR-1210,G-DWG-0991,drawing.member.DWG-MEM-S061-001,APPROVED_REPORT_DRAWING_GOLDEN,BOTH,HIGH,drawing
DR-1211,G-DWG-0992,drawing.member.DWG-MEM-S061-002,APPROVED_REPORT_DRAWING_GOLDEN,BOTH,HIGH,drawing
DR-1212,G-DWG-0993,drawing.member.DWG-MEM-S061-003,APPROVED_REPORT_DRAWING_GOLDEN,BOTH,HIGH,drawing
DR-1213,G-DWG-0994,drawing.member.DWG-MEM-S061-004,APPROVED_REPORT_DRAWING_GOLDEN,BOTH,HIGH,drawing
DR-1214,G-DWG-0995,drawing.member.DWG-MEM-S061-005,APPROVED_REPORT_DRAWING_GOLDEN,BOTH,HIGH,drawing
DR-1215,G-DWG-0996,drawing.member.DWG-MEM-S062-001,APPROVED_REPORT_DRAWING_GOLDEN,BOTH,HIGH,drawing
DR-1216,G-DWG-0997,drawing.member.DWG-MEM-S062-002,APPROVED_REPORT_DRAWING_GOLDEN,BOTH,HIGH,drawing
DR-1217,G-DWG-0998,drawing.member.DWG-MEM-S062-003,APPROVED_REPORT_DRAWING_GOLDEN,BOTH,HIGH,drawing
DR-1218,G-DWG-0999,drawing.member.DWG-MEM-S068-001,APPROVED_REPORT_DRAWING_GOLDEN,BOTH,HIGH,drawing
DR-1219,G-DWG-1000,drawing.member.DWG-MEM-S068-002,APPROVED_REPORT_DRAWING_GOLDEN,BOTH,HIGH,drawing
DR-1220,G-DWG-1001,drawing.member.DWG-MEM-S068-003,APPROVED_REPORT_DRAWING_GOLDEN,BOTH,HIGH,drawing
DR-1221,G-DWG-1002,drawing.member.DWG-MEM-S085-001,APPROVED_REPORT_DRAWING_GOLDEN,BOTH,HIGH,drawing
DR-1222,G-DWG-1003,drawing.member.DWG-MEM-S085-002,APPROVED_REPORT_DRAWING_GOLDEN,BOTH,HIGH,drawing
DR-1223,G-DWG-1004,drawing.member.DWG-MEM-S086-001,APPROVED_REPORT_DRAWING_GOLDEN,BOTH,HIGH,drawing
DR-1224,G-DWG-1005,drawing.member.DWG-MEM-S086-002,APPROVED_REPORT_DRAWING_GOLDEN,BOTH,HIGH,drawing
DR-1225,G-DWG-1006,drawing.member.DWG-MEM-S087-001,APPROVED_REPORT_DRAWING_GOLDEN,BOTH,HIGH,drawing
DR-1226,G-DWG-1007,drawing.member.DWG-MEM-S088-001,APPROVED_REPORT_DRAWING_GOLDEN,BOTH,HIGH,drawing
DR-1647,G-DWG-1008,drawing.member.DWG-MEM-S090-001,APPROVED_REPORT_DRAWING_GOLDEN,BOTH,HIGH,drawing
DR-1648,G-DWG-1009,drawing.member.DWG-MEM-S090-002,APPROVED_REPORT_DRAWING_GOLDEN,BOTH,HIGH,drawing
DR-1649,G-DWG-1010,drawing.member.DWG-MEM-S090-003,APPROVED_REPORT_DRAWING_GOLDEN,BOTH,HIGH,drawing
DR-1650,G-DWG-1011,drawing.member.DWG-MEM-S090-004,APPROVED_REPORT_DRAWING_GOLDEN,BOTH,HIGH,drawing
DR-1651,G-DWG-1012,drawing.member.DWG-MEM-S090-005,APPROVED_REPORT_DRAWING_GOLDEN,BOTH,HIGH,drawing
DR-1652,G-DWG-1013,drawing.member.DWG-MEM-S090-006,APPROVED_REPORT_DRAWING_GOLDEN,BOTH,HIGH,drawing
DR-1653,G-DWG-1014,drawing.member.DWG-MEM-S090-007,APPROVED_REPORT_DRAWING_GOLDEN,BOTH,HIGH,drawing
DR-1654,G-DWG-1015,drawing.member.DWG-MEM-S090-008,APPROVED_REPORT_DRAWING_GOLDEN,BOTH,HIGH,drawing
DR-1655,G-DWG-1016,drawing.member.DWG-MEM-S090-009,APPROVED_REPORT_DRAWING_GOLDEN,BOTH,HIGH,drawing
DR-1656,G-DWG-1017,drawing.member.DWG-MEM-S090-010,APPROVED_REPORT_DRAWING_GOLDEN,BOTH,HIGH,drawing
DR-1657,G-DWG-1018,drawing.member.DWG-MEM-S090-011,APPROVED_REPORT_DRAWING_GOLDEN,BOTH,HIGH,drawing
DR-1658,G-DWG-1019,drawing.member.DWG-MEM-S090-012,APPROVED_REPORT_DRAWING_GOLDEN,BOTH,HIGH,drawing
DR-1659,G-DWG-1020,drawing.member.DWG-MEM-S090-013,APPROVED_REPORT_DRAWING_GOLDEN,BOTH,HIGH,drawing
DR-1660,G-DWG-1021,drawing.member.DWG-MEM-S090-014,APPROVED_REPORT_DRAWING_GOLDEN,BOTH,HIGH,drawing
DR-1661,G-DWG-1022,drawing.member.DWG-MEM-S090-015,APPROVED_REPORT_DRAWING_GOLDEN,BOTH,HIGH,drawing
DR-1662,G-DWG-1023,drawing.member.DWG-MEM-S090-016,APPROVED_REPORT_DRAWING_GOLDEN,BOTH,HIGH,drawing
DR-1663,G-DWG-1024,drawing.member.DWG-MEM-S090-017,APPROVED_REPORT_DRAWING_GOLDEN,BOTH,HIGH,drawing
DR-1664,G-DWG-1025,drawing.member.DWG-MEM-S090-018,APPROVED_REPORT_DRAWING_GOLDEN,BOTH,HIGH,drawing
DR-1665,G-DWG-1026,drawing.member.DWG-MEM-S090-019,APPROVED_REPORT_DRAWING_GOLDEN,BOTH,HIGH,drawing
DR-1666,G-DWG-1027,drawing.member.DWG-MEM-S090-020,APPROVED_REPORT_DRAWING_GOLDEN,BOTH,HIGH,drawing
DR-1667,G-DWG-1028,drawing.member.DWG-MEM-S090-021,APPROVED_REPORT_DRAWING_GOLDEN,BOTH,HIGH,drawing
DR-1668,G-DWG-1029,drawing.member.DWG-MEM-S090-022,APPROVED_REPORT_DRAWING_GOLDEN,BOTH,HIGH,drawing
DR-1669,G-DWG-1030,drawing.member.DWG-MEM-S090-023,APPROVED_REPORT_DRAWING_GOLDEN,BOTH,HIGH,drawing
DR-1670,G-DWG-1031,drawing.member.DWG-MEM-S090-024,APPROVED_REPORT_DRAWING_GOLDEN,BOTH,HIGH,drawing
DR-1671,G-DWG-1032,drawing.member.DWG-MEM-S090-025,APPROVED_REPORT_DRAWING_GOLDEN,BOTH,HIGH,drawing
DR-1672,G-DWG-1033,drawing.member.DWG-MEM-S090-026,APPROVED_REPORT_DRAWING_GOLDEN,BOTH,HIGH,drawing
DR-1673,G-DWG-1034,drawing.member.DWG-MEM-S090-027,APPROVED_REPORT_DRAWING_GOLDEN,BOTH,HIGH,drawing
DR-1674,G-DWG-1035,drawing.member.DWG-MEM-S090-028,APPROVED_REPORT_DRAWING_GOLDEN,BOTH,HIGH,drawing
DR-1675,G-DWG-1036,drawing.member.DWG-MEM-S090-029,APPROVED_REPORT_DRAWING_GOLDEN,BOTH,HIGH,drawing
DR-1676,G-DWG-1037,drawing.member.DWG-MEM-S090-030,APPROVED_REPORT_DRAWING_GOLDEN,BOTH,HIGH,drawing
DR-1677,G-DWG-1038,drawing.member.DWG-MEM-S090-031,APPROVED_REPORT_DRAWING_GOLDEN,BOTH,HIGH,drawing
DR-1678,G-DWG-1039,drawing.member.DWG-MEM-S091-001,APPROVED_REPORT_DRAWING_GOLDEN,BOTH,HIGH,drawing
DR-1679,G-DWG-1040,drawing.member.DWG-MEM-S091-002,APPROVED_REPORT_DRAWING_GOLDEN,BOTH,HIGH,drawing
DR-1680,G-DWG-1041,drawing.member.DWG-MEM-S091-003,APPROVED_REPORT_DRAWING_GOLDEN,BOTH,HIGH,drawing
DR-1681,G-DWG-1042,drawing.member.DWG-MEM-S091-004,APPROVED_REPORT_DRAWING_GOLDEN,BOTH,HIGH,drawing
DR-1682,G-DWG-1043,drawing.member.DWG-MEM-S091-005,APPROVED_REPORT_DRAWING_GOLDEN,BOTH,HIGH,drawing
DR-1683,G-DWG-1044,drawing.member.DWG-MEM-S091-006,APPROVED_REPORT_DRAWING_GOLDEN,BOTH,HIGH,drawing
DR-1684,G-DWG-1045,drawing.member.DWG-MEM-S092-001,APPROVED_REPORT_DRAWING_GOLDEN,BOTH,HIGH,drawing
DR-1685,G-DWG-1046,drawing.member.DWG-MEM-S092-002,APPROVED_REPORT_DRAWING_GOLDEN,BOTH,HIGH,drawing
DR-1686,G-DWG-1047,drawing.member.DWG-MEM-S092-003,APPROVED_REPORT_DRAWING_GOLDEN,BOTH,HIGH,drawing
DR-1687,G-DWG-1048,drawing.member.DWG-MEM-S092-004,APPROVED_REPORT_DRAWING_GOLDEN,BOTH,HIGH,drawing
DR-1688,G-DWG-1049,drawing.member.DWG-MEM-S092-005,APPROVED_REPORT_DRAWING_GOLDEN,BOTH,HIGH,drawing
DR-207,G-DWG-1050,drawing.dimension.DWG-DIM-S001-001,APPROVED_REPORT_DRAWING_GOLDEN,BOTH,HIGH,drawing
DR-208,G-DWG-1051,drawing.dimension.DWG-DIM-S001-002,APPROVED_REPORT_DRAWING_GOLDEN,BOTH,HIGH,drawing
DR-209,G-DWG-1052,drawing.dimension.DWG-DIM-S001-003,APPROVED_REPORT_DRAWING_GOLDEN,BOTH,HIGH,drawing
DR-210,G-DWG-1053,drawing.dimension.DWG-DIM-S001-004,APPROVED_REPORT_DRAWING_GOLDEN,BOTH,HIGH,drawing
DR-211,G-DWG-1054,drawing.dimension.DWG-DIM-S001-005,APPROVED_REPORT_DRAWING_GOLDEN,BOTH,HIGH,drawing
DR-212,G-DWG-1055,drawing.dimension.DWG-DIM-S009-006,APPROVED_REPORT_DRAWING_GOLDEN,BOTH,HIGH,drawing
DR-213,G-DWG-1056,drawing.dimension.DWG-DIM-S009-007,APPROVED_REPORT_DRAWING_GOLDEN,BOTH,HIGH,drawing
DR-214,G-DWG-1057,drawing.dimension.DWG-DIM-S009-008,APPROVED_REPORT_DRAWING_GOLDEN,BOTH,HIGH,drawing
DR-215,G-DWG-1058,drawing.dimension.DWG-DIM-S009-009,APPROVED_REPORT_DRAWING_GOLDEN,BOTH,HIGH,drawing
DR-216,G-DWG-1059,drawing.dimension.DWG-DIM-S013-010,APPROVED_REPORT_DRAWING_GOLDEN,BOTH,HIGH,drawing
DR-217,G-DWG-1060,drawing.dimension.DWG-DIM-S013-011,APPROVED_REPORT_DRAWING_GOLDEN,BOTH,HIGH,drawing
DR-218,G-DWG-1061,drawing.dimension.DWG-DIM-S013-012,APPROVED_REPORT_DRAWING_GOLDEN,BOTH,HIGH,drawing
DR-219,G-DWG-1062,drawing.dimension.DWG-DIM-S013-013,APPROVED_REPORT_DRAWING_GOLDEN,BOTH,HIGH,drawing
DR-220,G-DWG-1063,drawing.dimension.DWG-DIM-S013-014,APPROVED_REPORT_DRAWING_GOLDEN,BOTH,HIGH,drawing
DR-221,G-DWG-1064,drawing.dimension.DWG-DIM-S013-015,APPROVED_REPORT_DRAWING_GOLDEN,BOTH,HIGH,drawing
DR-222,G-DWG-1065,drawing.dimension.DWG-DIM-S013-016,APPROVED_REPORT_DRAWING_GOLDEN,BOTH,HIGH,drawing
DR-223,G-DWG-1066,drawing.dimension.DWG-DIM-S014-017,APPROVED_REPORT_DRAWING_GOLDEN,BOTH,HIGH,drawing
DR-224,G-DWG-1067,drawing.dimension.DWG-DIM-S021-018,APPROVED_REPORT_DRAWING_GOLDEN,BOTH,HIGH,drawing
DR-225,G-DWG-1068,drawing.dimension.DWG-DIM-S021-019,APPROVED_REPORT_DRAWING_GOLDEN,BOTH,HIGH,drawing
DR-226,G-DWG-1069,drawing.dimension.DWG-DIM-S021-020,APPROVED_REPORT_DRAWING_GOLDEN,BOTH,HIGH,drawing
DR-227,G-DWG-1070,drawing.dimension.DWG-DIM-S021-021,APPROVED_REPORT_DRAWING_GOLDEN,BOTH,HIGH,drawing
DR-228,G-DWG-1071,drawing.dimension.DWG-DIM-S021-022,APPROVED_REPORT_DRAWING_GOLDEN,BOTH,HIGH,drawing
DR-229,G-DWG-1072,drawing.dimension.DWG-DIM-S021-023,APPROVED_REPORT_DRAWING_GOLDEN,BOTH,HIGH,drawing
DR-230,G-DWG-1073,drawing.dimension.DWG-DIM-S029-024,APPROVED_REPORT_DRAWING_GOLDEN,BOTH,HIGH,drawing
DR-231,G-DWG-1074,drawing.dimension.DWG-DIM-S030-025,APPROVED_REPORT_DRAWING_GOLDEN,BOTH,HIGH,drawing
DR-232,G-DWG-1075,drawing.dimension.DWG-DIM-S030-026,APPROVED_REPORT_DRAWING_GOLDEN,BOTH,HIGH,drawing
DR-233,G-DWG-1076,drawing.dimension.DWG-DIM-S030-027,APPROVED_REPORT_DRAWING_GOLDEN,BOTH,HIGH,drawing
DR-234,G-DWG-1077,drawing.dimension.DWG-DIM-S030-028,APPROVED_REPORT_DRAWING_GOLDEN,BOTH,HIGH,drawing
DR-235,G-DWG-1078,drawing.dimension.DWG-DIM-S030-029,APPROVED_REPORT_DRAWING_GOLDEN,BOTH,HIGH,drawing
DR-236,G-DWG-1079,drawing.dimension.DWG-DIM-S030-030,APPROVED_REPORT_DRAWING_GOLDEN,BOTH,HIGH,drawing
DR-237,G-DWG-1080,drawing.dimension.DWG-DIM-S038-031,APPROVED_REPORT_DRAWING_GOLDEN,BOTH,HIGH,drawing
DR-238,G-DWG-1081,drawing.dimension.DWG-DIM-S039-032,APPROVED_REPORT_DRAWING_GOLDEN,BOTH,HIGH,drawing
DR-239,G-DWG-1082,drawing.dimension.DWG-DIM-S039-033,APPROVED_REPORT_DRAWING_GOLDEN,BOTH,HIGH,drawing
DR-240,G-DWG-1083,drawing.dimension.DWG-DIM-S039-034,APPROVED_REPORT_DRAWING_GOLDEN,BOTH,HIGH,drawing
DR-947,G-DWG-1084,drawing.dimension.DWG-DIM-S045-001,APPROVED_REPORT_DRAWING_GOLDEN,BOTH,HIGH,drawing
DR-948,G-DWG-1085,drawing.dimension.DWG-DIM-S045-002,APPROVED_REPORT_DRAWING_GOLDEN,BOTH,HIGH,drawing
DR-949,G-DWG-1086,drawing.dimension.DWG-DIM-S045-003,APPROVED_REPORT_DRAWING_GOLDEN,BOTH,HIGH,drawing
DR-950,G-DWG-1087,drawing.dimension.DWG-DIM-S045-004,APPROVED_REPORT_DRAWING_GOLDEN,BOTH,HIGH,drawing
DR-951,G-DWG-1088,drawing.dimension.DWG-DIM-S045-005,APPROVED_REPORT_DRAWING_GOLDEN,BOTH,HIGH,drawing
DR-952,G-DWG-1089,drawing.dimension.DWG-DIM-S045-006,APPROVED_REPORT_DRAWING_GOLDEN,BOTH,HIGH,drawing
DR-953,G-DWG-1090,drawing.dimension.DWG-DIM-S045-007,APPROVED_REPORT_DRAWING_GOLDEN,BOTH,HIGH,drawing
DR-954,G-DWG-1091,drawing.dimension.DWG-DIM-S045-008,APPROVED_REPORT_DRAWING_GOLDEN,BOTH,HIGH,drawing
DR-955,G-DWG-1092,drawing.dimension.DWG-DIM-S045-009,APPROVED_REPORT_DRAWING_GOLDEN,BOTH,HIGH,drawing
DR-956,G-DWG-1093,drawing.dimension.DWG-DIM-S045-010,APPROVED_REPORT_DRAWING_GOLDEN,BOTH,HIGH,drawing
DR-957,G-DWG-1094,drawing.dimension.DWG-DIM-S045-011,APPROVED_REPORT_DRAWING_GOLDEN,BOTH,HIGH,drawing
DR-958,G-DWG-1095,drawing.dimension.DWG-DIM-S045-012,APPROVED_REPORT_DRAWING_GOLDEN,BOTH,HIGH,drawing
DR-959,G-DWG-1096,drawing.dimension.DWG-DIM-S045-013,APPROVED_REPORT_DRAWING_GOLDEN,BOTH,HIGH,drawing
DR-960,G-DWG-1097,drawing.dimension.DWG-DIM-S045-014,APPROVED_REPORT_DRAWING_GOLDEN,BOTH,HIGH,drawing
DR-961,G-DWG-1098,drawing.dimension.DWG-DIM-S045-015,APPROVED_REPORT_DRAWING_GOLDEN,BOTH,HIGH,drawing
DR-962,G-DWG-1099,drawing.dimension.DWG-DIM-S045-016,APPROVED_REPORT_DRAWING_GOLDEN,BOTH,HIGH,drawing
DR-963,G-DWG-1100,drawing.dimension.DWG-DIM-S045-017,APPROVED_REPORT_DRAWING_GOLDEN,BOTH,HIGH,drawing
DR-964,G-DWG-1101,drawing.dimension.DWG-DIM-S045-018,APPROVED_REPORT_DRAWING_GOLDEN,BOTH,HIGH,drawing
DR-965,G-DWG-1102,drawing.dimension.DWG-DIM-S045-019,APPROVED_REPORT_DRAWING_GOLDEN,BOTH,HIGH,drawing
DR-966,G-DWG-1103,drawing.dimension.DWG-DIM-S045-020,APPROVED_REPORT_DRAWING_GOLDEN,BOTH,HIGH,drawing
DR-967,G-DWG-1104,drawing.dimension.DWG-DIM-S045-021,APPROVED_REPORT_DRAWING_GOLDEN,BOTH,HIGH,drawing
DR-968,G-DWG-1105,drawing.dimension.DWG-DIM-S045-022,APPROVED_REPORT_DRAWING_GOLDEN,BOTH,HIGH,drawing
DR-969,G-DWG-1106,drawing.dimension.DWG-DIM-S046-023,APPROVED_REPORT_DRAWING_GOLDEN,BOTH,HIGH,drawing
DR-970,G-DWG-1107,drawing.dimension.DWG-DIM-S046-024,APPROVED_REPORT_DRAWING_GOLDEN,BOTH,HIGH,drawing
DR-971,G-DWG-1108,drawing.dimension.DWG-DIM-S046-025,APPROVED_REPORT_DRAWING_GOLDEN,BOTH,HIGH,drawing
DR-972,G-DWG-1109,drawing.dimension.DWG-DIM-S046-026,APPROVED_REPORT_DRAWING_GOLDEN,BOTH,HIGH,drawing
DR-973,G-DWG-1110,drawing.dimension.DWG-DIM-S046-027,APPROVED_REPORT_DRAWING_GOLDEN,BOTH,HIGH,drawing
DR-974,G-DWG-1111,drawing.dimension.DWG-DIM-S046-028,APPROVED_REPORT_DRAWING_GOLDEN,BOTH,HIGH,drawing
DR-975,G-DWG-1112,drawing.dimension.DWG-DIM-S046-029,APPROVED_REPORT_DRAWING_GOLDEN,BOTH,HIGH,drawing
DR-976,G-DWG-1113,drawing.dimension.DWG-DIM-S047-030,APPROVED_REPORT_DRAWING_GOLDEN,BOTH,HIGH,drawing
DR-977,G-DWG-1114,drawing.dimension.DWG-DIM-S047-031,APPROVED_REPORT_DRAWING_GOLDEN,BOTH,HIGH,drawing
DR-978,G-DWG-1115,drawing.dimension.DWG-DIM-S047-032,APPROVED_REPORT_DRAWING_GOLDEN,BOTH,HIGH,drawing
DR-979,G-DWG-1116,drawing.dimension.DWG-DIM-S047-033,APPROVED_REPORT_DRAWING_GOLDEN,BOTH,HIGH,drawing
DR-980,G-DWG-1117,drawing.dimension.DWG-DIM-S047-034,APPROVED_REPORT_DRAWING_GOLDEN,BOTH,HIGH,drawing
DR-981,G-DWG-1118,drawing.dimension.DWG-DIM-S047-035,APPROVED_REPORT_DRAWING_GOLDEN,BOTH,HIGH,drawing
DR-982,G-DWG-1119,drawing.dimension.DWG-DIM-S047-036,APPROVED_REPORT_DRAWING_GOLDEN,BOTH,HIGH,drawing
DR-983,G-DWG-1120,drawing.dimension.DWG-DIM-S048-037,APPROVED_REPORT_DRAWING_GOLDEN,BOTH,HIGH,drawing
DR-984,G-DWG-1121,drawing.dimension.DWG-DIM-S049-038,APPROVED_REPORT_DRAWING_GOLDEN,BOTH,HIGH,drawing
DR-985,G-DWG-1122,drawing.dimension.DWG-DIM-S049-039,APPROVED_REPORT_DRAWING_GOLDEN,BOTH,HIGH,drawing
DR-986,G-DWG-1123,drawing.dimension.DWG-DIM-S049-040,APPROVED_REPORT_DRAWING_GOLDEN,BOTH,HIGH,drawing
DR-987,G-DWG-1124,drawing.dimension.DWG-DIM-S049-041,APPROVED_REPORT_DRAWING_GOLDEN,BOTH,HIGH,drawing
DR-988,G-DWG-1125,drawing.dimension.DWG-DIM-S049-042,APPROVED_REPORT_DRAWING_GOLDEN,BOTH,HIGH,drawing
DR-989,G-DWG-1126,drawing.dimension.DWG-DIM-S049-043,APPROVED_REPORT_DRAWING_GOLDEN,BOTH,HIGH,drawing
DR-990,G-DWG-1127,drawing.dimension.DWG-DIM-S050-044,APPROVED_REPORT_DRAWING_GOLDEN,BOTH,HIGH,drawing
DR-991,G-DWG-1128,drawing.dimension.DWG-DIM-S051-045,APPROVED_REPORT_DRAWING_GOLDEN,BOTH,HIGH,drawing
DR-992,G-DWG-1129,drawing.dimension.DWG-DIM-S052-046,APPROVED_REPORT_DRAWING_GOLDEN,BOTH,HIGH,drawing
DR-993,G-DWG-1130,drawing.dimension.DWG-DIM-S053-047,APPROVED_REPORT_DRAWING_GOLDEN,BOTH,HIGH,drawing
DR-994,G-DWG-1131,drawing.dimension.DWG-DIM-S054-048,APPROVED_REPORT_DRAWING_GOLDEN,BOTH,HIGH,drawing
DR-995,G-DWG-1132,drawing.dimension.DWG-DIM-S055-049,APPROVED_REPORT_DRAWING_GOLDEN,BOTH,HIGH,drawing
DR-996,G-DWG-1133,drawing.dimension.DWG-DIM-S056-050,APPROVED_REPORT_DRAWING_GOLDEN,BOTH,HIGH,drawing
DR-997,G-DWG-1134,drawing.dimension.DWG-DIM-S057-051,APPROVED_REPORT_DRAWING_GOLDEN,BOTH,HIGH,drawing
DR-998,G-DWG-1135,drawing.dimension.DWG-DIM-S058-052,APPROVED_REPORT_DRAWING_GOLDEN,BOTH,HIGH,drawing
DR-999,G-DWG-1136,drawing.dimension.DWG-DIM-S058-053,APPROVED_REPORT_DRAWING_GOLDEN,BOTH,HIGH,drawing
DR-1000,G-DWG-1137,drawing.dimension.DWG-DIM-S058-054,APPROVED_REPORT_DRAWING_GOLDEN,BOTH,HIGH,drawing
DR-1001,G-DWG-1138,drawing.dimension.DWG-DIM-S061-055,APPROVED_REPORT_DRAWING_GOLDEN,BOTH,HIGH,drawing
DR-1002,G-DWG-1139,drawing.dimension.DWG-DIM-S061-056,APPROVED_REPORT_DRAWING_GOLDEN,BOTH,HIGH,drawing
DR-1003,G-DWG-1140,drawing.dimension.DWG-DIM-S061-057,APPROVED_REPORT_DRAWING_GOLDEN,BOTH,HIGH,drawing
DR-1004,G-DWG-1141,drawing.dimension.DWG-DIM-S061-058,APPROVED_REPORT_DRAWING_GOLDEN,BOTH,HIGH,drawing
DR-1005,G-DWG-1142,drawing.dimension.DWG-DIM-S061-059,APPROVED_REPORT_DRAWING_GOLDEN,BOTH,HIGH,drawing
DR-1006,G-DWG-1143,drawing.dimension.DWG-DIM-S061-060,APPROVED_REPORT_DRAWING_GOLDEN,BOTH,HIGH,drawing
DR-1007,G-DWG-1144,drawing.dimension.DWG-DIM-S061-061,APPROVED_REPORT_DRAWING_GOLDEN,BOTH,HIGH,drawing
DR-1008,G-DWG-1145,drawing.dimension.DWG-DIM-S062-062,APPROVED_REPORT_DRAWING_GOLDEN,BOTH,HIGH,drawing
DR-1009,G-DWG-1146,drawing.dimension.DWG-DIM-S062-063,APPROVED_REPORT_DRAWING_GOLDEN,BOTH,HIGH,drawing
DR-1010,G-DWG-1147,drawing.dimension.DWG-DIM-S062-064,APPROVED_REPORT_DRAWING_GOLDEN,BOTH,HIGH,drawing
DR-1011,G-DWG-1148,drawing.dimension.DWG-DIM-S062-065,APPROVED_REPORT_DRAWING_GOLDEN,BOTH,HIGH,drawing
DR-1012,G-DWG-1149,drawing.dimension.DWG-DIM-S068-066,APPROVED_REPORT_DRAWING_GOLDEN,BOTH,HIGH,drawing
DR-1013,G-DWG-1150,drawing.dimension.DWG-DIM-S068-067,APPROVED_REPORT_DRAWING_GOLDEN,BOTH,HIGH,drawing
DR-1014,G-DWG-1151,drawing.dimension.DWG-DIM-S068-068,APPROVED_REPORT_DRAWING_GOLDEN,BOTH,HIGH,drawing
DR-1015,G-DWG-1152,drawing.dimension.DWG-DIM-S068-069,APPROVED_REPORT_DRAWING_GOLDEN,BOTH,HIGH,drawing
DR-1016,G-DWG-1153,drawing.dimension.DWG-DIM-S068-070,APPROVED_REPORT_DRAWING_GOLDEN,BOTH,HIGH,drawing
DR-1017,G-DWG-1154,drawing.dimension.DWG-DIM-S072-071,APPROVED_REPORT_DRAWING_GOLDEN,BOTH,HIGH,drawing
DR-1018,G-DWG-1155,drawing.dimension.DWG-DIM-S072-072,APPROVED_REPORT_DRAWING_GOLDEN,BOTH,HIGH,drawing
DR-1019,G-DWG-1156,drawing.dimension.DWG-DIM-S072-073,APPROVED_REPORT_DRAWING_GOLDEN,BOTH,HIGH,drawing
DR-1020,G-DWG-1157,drawing.dimension.DWG-DIM-S072-074,APPROVED_REPORT_DRAWING_GOLDEN,BOTH,HIGH,drawing
DR-1021,G-DWG-1158,drawing.dimension.DWG-DIM-S073-075,APPROVED_REPORT_DRAWING_GOLDEN,BOTH,HIGH,drawing
DR-1022,G-DWG-1159,drawing.dimension.DWG-DIM-S080-076,APPROVED_REPORT_DRAWING_GOLDEN,BOTH,HIGH,drawing
DR-1023,G-DWG-1160,drawing.dimension.DWG-DIM-S080-077,APPROVED_REPORT_DRAWING_GOLDEN,BOTH,HIGH,drawing
DR-1024,G-DWG-1161,drawing.dimension.DWG-DIM-S080-078,APPROVED_REPORT_DRAWING_GOLDEN,BOTH,HIGH,drawing
DR-1025,G-DWG-1162,drawing.dimension.DWG-DIM-S082-079,APPROVED_REPORT_DRAWING_GOLDEN,BOTH,HIGH,drawing
DR-1026,G-DWG-1163,drawing.dimension.DWG-DIM-S082-080,APPROVED_REPORT_DRAWING_GOLDEN,BOTH,HIGH,drawing
DR-1027,G-DWG-1164,drawing.dimension.DWG-DIM-S084-081,APPROVED_REPORT_DRAWING_GOLDEN,BOTH,HIGH,drawing
DR-1028,G-DWG-1165,drawing.dimension.DWG-DIM-S085-082,APPROVED_REPORT_DRAWING_GOLDEN,BOTH,HIGH,drawing
DR-1029,G-DWG-1166,drawing.dimension.DWG-DIM-S085-083,APPROVED_REPORT_DRAWING_GOLDEN,BOTH,HIGH,drawing
DR-1030,G-DWG-1167,drawing.dimension.DWG-DIM-S085-084,APPROVED_REPORT_DRAWING_GOLDEN,BOTH,HIGH,drawing
DR-1031,G-DWG-1168,drawing.dimension.DWG-DIM-S085-085,APPROVED_REPORT_DRAWING_GOLDEN,BOTH,HIGH,drawing
DR-1032,G-DWG-1169,drawing.dimension.DWG-DIM-S085-086,APPROVED_REPORT_DRAWING_GOLDEN,BOTH,HIGH,drawing
DR-1033,G-DWG-1170,drawing.dimension.DWG-DIM-S085-087,APPROVED_REPORT_DRAWING_GOLDEN,BOTH,HIGH,drawing
DR-1034,G-DWG-1171,drawing.dimension.DWG-DIM-S085-088,APPROVED_REPORT_DRAWING_GOLDEN,BOTH,HIGH,drawing
DR-1035,G-DWG-1172,drawing.dimension.DWG-DIM-S085-089,APPROVED_REPORT_DRAWING_GOLDEN,BOTH,HIGH,drawing
DR-1036,G-DWG-1173,drawing.dimension.DWG-DIM-S086-090,APPROVED_REPORT_DRAWING_GOLDEN,BOTH,HIGH,drawing
DR-1037,G-DWG-1174,drawing.dimension.DWG-DIM-S086-091,APPROVED_REPORT_DRAWING_GOLDEN,BOTH,HIGH,drawing
DR-1038,G-DWG-1175,drawing.dimension.DWG-DIM-S086-092,APPROVED_REPORT_DRAWING_GOLDEN,BOTH,HIGH,drawing
DR-1039,G-DWG-1176,drawing.dimension.DWG-DIM-S086-093,APPROVED_REPORT_DRAWING_GOLDEN,BOTH,HIGH,drawing
DR-1040,G-DWG-1177,drawing.dimension.DWG-DIM-S086-094,APPROVED_REPORT_DRAWING_GOLDEN,BOTH,HIGH,drawing
DR-1041,G-DWG-1178,drawing.dimension.DWG-DIM-S086-095,APPROVED_REPORT_DRAWING_GOLDEN,BOTH,HIGH,drawing
DR-1042,G-DWG-1179,drawing.dimension.DWG-DIM-S087-096,APPROVED_REPORT_DRAWING_GOLDEN,BOTH,HIGH,drawing
DR-1043,G-DWG-1180,drawing.dimension.DWG-DIM-S087-097,APPROVED_REPORT_DRAWING_GOLDEN,BOTH,HIGH,drawing
DR-1044,G-DWG-1181,drawing.dimension.DWG-DIM-S087-098,APPROVED_REPORT_DRAWING_GOLDEN,BOTH,HIGH,drawing
DR-1045,G-DWG-1182,drawing.dimension.DWG-DIM-S087-099,APPROVED_REPORT_DRAWING_GOLDEN,BOTH,HIGH,drawing
DR-1046,G-DWG-1183,drawing.dimension.DWG-DIM-S087-100,APPROVED_REPORT_DRAWING_GOLDEN,BOTH,HIGH,drawing
DR-1047,G-DWG-1184,drawing.dimension.DWG-DIM-S088-101,APPROVED_REPORT_DRAWING_GOLDEN,BOTH,HIGH,drawing
DR-1048,G-DWG-1185,drawing.dimension.DWG-DIM-S088-102,APPROVED_REPORT_DRAWING_GOLDEN,BOTH,HIGH,drawing
DR-1049,G-DWG-1186,drawing.dimension.DWG-DIM-S088-103,APPROVED_REPORT_DRAWING_GOLDEN,BOTH,HIGH,drawing
DR-1050,G-DWG-1187,drawing.dimension.DWG-DIM-S088-104,APPROVED_REPORT_DRAWING_GOLDEN,BOTH,HIGH,drawing
DR-1051,G-DWG-1188,drawing.dimension.DWG-DIM-S088-105,APPROVED_REPORT_DRAWING_GOLDEN,BOTH,HIGH,drawing
DR-1052,G-DWG-1189,drawing.dimension.DWG-DIM-S088-106,APPROVED_REPORT_DRAWING_GOLDEN,BOTH,HIGH,drawing
DR-1594,G-DWG-1190,drawing.dimension.DWG-DIM-S089-001,APPROVED_REPORT_DRAWING_GOLDEN,BOTH,HIGH,drawing
DR-1595,G-DWG-1191,drawing.dimension.DWG-DIM-S089-002,APPROVED_REPORT_DRAWING_GOLDEN,BOTH,HIGH,drawing
DR-1596,G-DWG-1192,drawing.dimension.DWG-DIM-S089-003,APPROVED_REPORT_DRAWING_GOLDEN,BOTH,HIGH,drawing
DR-1597,G-DWG-1193,drawing.dimension.DWG-DIM-S089-004,APPROVED_REPORT_DRAWING_GOLDEN,BOTH,HIGH,drawing
DR-1598,G-DWG-1194,drawing.dimension.DWG-DIM-S089-005,APPROVED_REPORT_DRAWING_GOLDEN,BOTH,HIGH,drawing
DR-1599,G-DWG-1195,drawing.dimension.DWG-DIM-S089-006,APPROVED_REPORT_DRAWING_GOLDEN,BOTH,HIGH,drawing
DR-1600,G-DWG-1196,drawing.dimension.DWG-DIM-S089-007,APPROVED_REPORT_DRAWING_GOLDEN,BOTH,HIGH,drawing
DR-1601,G-DWG-1197,drawing.dimension.DWG-DIM-S089-008,APPROVED_REPORT_DRAWING_GOLDEN,BOTH,HIGH,drawing
DR-1602,G-DWG-1198,drawing.dimension.DWG-DIM-S089-009,APPROVED_REPORT_DRAWING_GOLDEN,BOTH,HIGH,drawing
DR-1603,G-DWG-1199,drawing.dimension.DWG-DIM-S089-010,APPROVED_REPORT_DRAWING_GOLDEN,BOTH,HIGH,drawing
DR-1604,G-DWG-1200,drawing.dimension.DWG-DIM-S089-011,APPROVED_REPORT_DRAWING_GOLDEN,BOTH,HIGH,drawing
DR-1605,G-DWG-1201,drawing.dimension.DWG-DIM-S090-001,APPROVED_REPORT_DRAWING_GOLDEN,BOTH,HIGH,drawing
DR-1606,G-DWG-1202,drawing.dimension.DWG-DIM-S090-002,APPROVED_REPORT_DRAWING_GOLDEN,BOTH,HIGH,drawing
DR-1607,G-DWG-1203,drawing.dimension.DWG-DIM-S090-003,APPROVED_REPORT_DRAWING_GOLDEN,BOTH,HIGH,drawing
DR-1608,G-DWG-1204,drawing.dimension.DWG-DIM-S092-001,APPROVED_REPORT_DRAWING_GOLDEN,BOTH,HIGH,drawing
DR-1609,G-DWG-1205,drawing.dimension.DWG-DIM-S092-002,APPROVED_REPORT_DRAWING_GOLDEN,BOTH,HIGH,drawing
DR-1610,G-DWG-1206,drawing.dimension.DWG-DIM-S092-003,APPROVED_REPORT_DRAWING_GOLDEN,BOTH,HIGH,drawing
DR-1611,G-DWG-1207,drawing.dimension.DWG-DIM-S092-004,APPROVED_REPORT_DRAWING_GOLDEN,BOTH,HIGH,drawing
DR-1612,G-DWG-1208,drawing.dimension.DWG-DIM-S102-001,APPROVED_REPORT_DRAWING_GOLDEN,BOTH,HIGH,drawing
DR-1613,G-DWG-1209,drawing.dimension.DWG-DIM-S102-002,APPROVED_REPORT_DRAWING_GOLDEN,BOTH,HIGH,drawing
DR-1614,G-DWG-1210,drawing.dimension.DWG-DIM-S102-003,APPROVED_REPORT_DRAWING_GOLDEN,BOTH,HIGH,drawing
DR-1615,G-DWG-1211,drawing.dimension.DWG-DIM-S102-004,APPROVED_REPORT_DRAWING_GOLDEN,BOTH,HIGH,drawing
DR-1616,G-DWG-1212,drawing.dimension.DWG-DIM-S102-005,APPROVED_REPORT_DRAWING_GOLDEN,BOTH,HIGH,drawing
DR-1617,G-DWG-1213,drawing.dimension.DWG-DIM-S102-006,APPROVED_REPORT_DRAWING_GOLDEN,BOTH,HIGH,drawing
DR-1618,G-DWG-1214,drawing.dimension.DWG-DIM-S102-007,APPROVED_REPORT_DRAWING_GOLDEN,BOTH,HIGH,drawing
DR-1619,G-DWG-1215,drawing.dimension.DWG-DIM-S102-008,APPROVED_REPORT_DRAWING_GOLDEN,BOTH,HIGH,drawing
DR-1620,G-DWG-1216,drawing.dimension.DWG-DIM-S102-009,APPROVED_REPORT_DRAWING_GOLDEN,BOTH,HIGH,drawing
DR-1621,G-DWG-1217,drawing.dimension.DWG-DIM-S102-010,APPROVED_REPORT_DRAWING_GOLDEN,BOTH,HIGH,drawing
DR-1622,G-DWG-1218,drawing.dimension.DWG-DIM-S093-001,APPROVED_REPORT_DRAWING_GOLDEN,BOTH,HIGH,drawing
DR-1623,G-DWG-1219,drawing.dimension.DWG-DIM-S093-002,APPROVED_REPORT_DRAWING_GOLDEN,BOTH,HIGH,drawing
DR-1624,G-DWG-1220,drawing.dimension.DWG-DIM-S094-001,APPROVED_REPORT_DRAWING_GOLDEN,BOTH,HIGH,drawing
DR-1625,G-DWG-1221,drawing.dimension.DWG-DIM-S094-002,APPROVED_REPORT_DRAWING_GOLDEN,BOTH,HIGH,drawing
DR-1978,G-DWG-1222,drawing.dimension.S141-D01,APPROVED_WITH_HUMAN_CONFIRMATION_TRACK,BOTH,MEDIUM,drawing
DR-1979,G-DWG-1223,drawing.dimension.S141-D02,APPROVED_WITH_HUMAN_CONFIRMATION_TRACK,BOTH,MEDIUM,drawing
DR-1980,G-DWG-1224,drawing.dimension.S141-D03,APPROVED_WITH_HUMAN_CONFIRMATION_TRACK,BOTH,MEDIUM,drawing
DR-1981,G-DWG-1225,drawing.dimension.S141-D04,APPROVED_WITH_HUMAN_CONFIRMATION_TRACK,BOTH,MEDIUM,drawing
DR-1982,G-DWG-1226,drawing.dimension.S141-D05,APPROVED_WITH_HUMAN_CONFIRMATION_TRACK,BOTH,LOW,drawing
DR-1983,G-DWG-1227,drawing.dimension.S141-D06,APPROVED_WITH_HUMAN_CONFIRMATION_TRACK,BOTH,MEDIUM,drawing
DR-1984,G-DWG-1228,drawing.dimension.S141-D07,APPROVED_WITH_HUMAN_CONFIRMATION_TRACK,BOTH,MEDIUM,drawing
DR-1985,G-DWG-1229,drawing.dimension.S141-D08,APPROVED_WITH_HUMAN_CONFIRMATION_TRACK,BOTH,MEDIUM,drawing
DR-1986,G-DWG-1230,drawing.dimension.S141-D09,APPROVED_WITH_HUMAN_CONFIRMATION_TRACK,BOTH,MEDIUM,drawing
DR-1987,G-DWG-1231,drawing.dimension.S141-D10,APPROVED_WITH_HUMAN_CONFIRMATION_TRACK,BOTH,MEDIUM,drawing
DR-1988,G-DWG-1232,drawing.dimension.S141-D11,APPROVED_WITH_HUMAN_CONFIRMATION_TRACK,BOTH,MEDIUM,drawing
DR-241,G-DWG-1233,drawing.annotation.DWG-ANO-S001-001,APPROVED_REPORT_DRAWING_GOLDEN,BOTH,HIGH,drawing
DR-242,G-DWG-1234,drawing.annotation.DWG-ANO-S002-001,APPROVED_REPORT_DRAWING_GOLDEN,BOTH,HIGH,drawing
DR-243,G-DWG-1235,drawing.annotation.DWG-ANO-S003-001,APPROVED_REPORT_DRAWING_GOLDEN,BOTH,HIGH,drawing
DR-244,G-DWG-1236,drawing.annotation.DWG-ANO-S004-001,APPROVED_REPORT_DRAWING_GOLDEN,BOTH,HIGH,drawing
DR-245,G-DWG-1237,drawing.annotation.DWG-ANO-S008-001,APPROVED_REPORT_DRAWING_GOLDEN,BOTH,HIGH,drawing
DR-246,G-DWG-1238,drawing.annotation.DWG-ANO-S009-001,APPROVED_REPORT_DRAWING_GOLDEN,BOTH,HIGH,drawing
DR-247,G-DWG-1239,drawing.annotation.DWG-ANO-S010-001,APPROVED_REPORT_DRAWING_GOLDEN,BOTH,HIGH,drawing
DR-248,G-DWG-1240,drawing.annotation.DWG-ANO-S011-001,APPROVED_REPORT_DRAWING_GOLDEN,BOTH,HIGH,drawing
DR-249,G-DWG-1241,drawing.annotation.DWG-ANO-S012-001,APPROVED_REPORT_DRAWING_GOLDEN,BOTH,HIGH,drawing
DR-250,G-DWG-1242,drawing.annotation.DWG-ANO-S017-001,APPROVED_REPORT_DRAWING_GOLDEN,BOTH,HIGH,drawing
DR-251,G-DWG-1243,drawing.annotation.DWG-ANO-S018-001,APPROVED_REPORT_DRAWING_GOLDEN,BOTH,HIGH,drawing
DR-252,G-DWG-1244,drawing.annotation.DWG-ANO-S019-001,APPROVED_REPORT_DRAWING_GOLDEN,BOTH,HIGH,drawing
DR-253,G-DWG-1245,drawing.annotation.DWG-ANO-S020-001,APPROVED_REPORT_DRAWING_GOLDEN,BOTH,HIGH,drawing
DR-254,G-DWG-1246,drawing.annotation.DWG-ANO-S021-001,APPROVED_REPORT_DRAWING_GOLDEN,BOTH,HIGH,drawing
DR-255,G-DWG-1247,drawing.annotation.DWG-ANO-S022-001,APPROVED_REPORT_DRAWING_GOLDEN,BOTH,HIGH,drawing
DR-256,G-DWG-1248,drawing.annotation.DWG-ANO-S023-001,APPROVED_REPORT_DRAWING_GOLDEN,BOTH,HIGH,drawing
DR-257,G-DWG-1249,drawing.annotation.DWG-ANO-S024-001,APPROVED_REPORT_DRAWING_GOLDEN,BOTH,HIGH,drawing
DR-258,G-DWG-1250,drawing.annotation.DWG-ANO-S025-001,APPROVED_REPORT_DRAWING_GOLDEN,BOTH,HIGH,drawing
DR-259,G-DWG-1251,drawing.annotation.DWG-ANO-S026-001,APPROVED_REPORT_DRAWING_GOLDEN,BOTH,HIGH,drawing
DR-260,G-DWG-1252,drawing.annotation.DWG-ANO-S027-001,APPROVED_REPORT_DRAWING_GOLDEN,BOTH,HIGH,drawing
DR-261,G-DWG-1253,drawing.annotation.DWG-ANO-S028-001,APPROVED_REPORT_DRAWING_GOLDEN,BOTH,HIGH,drawing
DR-262,G-DWG-1254,drawing.annotation.DWG-ANO-S029-001,APPROVED_REPORT_DRAWING_GOLDEN,BOTH,HIGH,drawing
DR-263,G-DWG-1255,drawing.annotation.DWG-ANO-S030-001,APPROVED_REPORT_DRAWING_GOLDEN,BOTH,HIGH,drawing
DR-264,G-DWG-1256,drawing.annotation.DWG-ANO-S031-001,APPROVED_REPORT_DRAWING_GOLDEN,BOTH,HIGH,drawing
DR-265,G-DWG-1257,drawing.annotation.DWG-ANO-S032-001,APPROVED_REPORT_DRAWING_GOLDEN,BOTH,HIGH,drawing
DR-266,G-DWG-1258,drawing.annotation.DWG-ANO-S033-001,APPROVED_REPORT_DRAWING_GOLDEN,BOTH,HIGH,drawing
DR-267,G-DWG-1259,drawing.annotation.DWG-ANO-S034-001,APPROVED_REPORT_DRAWING_GOLDEN,BOTH,HIGH,drawing
DR-268,G-DWG-1260,drawing.annotation.DWG-ANO-S035-001,APPROVED_REPORT_DRAWING_GOLDEN,BOTH,HIGH,drawing
DR-269,G-DWG-1261,drawing.annotation.DWG-ANO-S036-001,APPROVED_REPORT_DRAWING_GOLDEN,BOTH,HIGH,drawing
DR-270,G-DWG-1262,drawing.annotation.DWG-ANO-S037-001,APPROVED_REPORT_DRAWING_GOLDEN,BOTH,HIGH,drawing
DR-271,G-DWG-1263,drawing.annotation.DWG-ANO-S038-001,APPROVED_REPORT_DRAWING_GOLDEN,BOTH,HIGH,drawing
DR-272,G-DWG-1264,drawing.annotation.DWG-ANO-S039-001,APPROVED_REPORT_DRAWING_GOLDEN,BOTH,HIGH,drawing
DR-273,G-DWG-1265,drawing.annotation.DWG-ANO-S040-001,APPROVED_REPORT_DRAWING_GOLDEN,BOTH,HIGH,drawing
DR-274,G-DWG-1266,drawing.annotation.DWG-ANO-S041-001,APPROVED_REPORT_DRAWING_GOLDEN,BOTH,HIGH,drawing
DR-275,G-DWG-1267,drawing.annotation.DWG-ANO-S042-001,APPROVED_REPORT_DRAWING_GOLDEN,BOTH,HIGH,drawing
DR-276,G-DWG-1268,drawing.annotation.DWG-ANO-S043-001,APPROVED_REPORT_DRAWING_GOLDEN,BOTH,HIGH,drawing
DR-277,G-DWG-1269,drawing.annotation.DWG-ANO-S044-001,APPROVED_REPORT_DRAWING_GOLDEN,BOTH,HIGH,drawing
DR-278,G-DWG-1270,drawing.annotation.DWG-ANO-S001-002,APPROVED_REPORT_DRAWING_GOLDEN,BOTH,HIGH,drawing
DR-279,G-DWG-1271,drawing.annotation.DWG-ANO-S005-001,APPROVED_REPORT_DRAWING_GOLDEN,BOTH,HIGH,drawing
DR-280,G-DWG-1272,drawing.annotation.DWG-ANO-S006-001,APPROVED_REPORT_DRAWING_GOLDEN,BOTH,HIGH,drawing
DR-281,G-DWG-1273,drawing.annotation.DWG-ANO-S007-001,APPROVED_REPORT_DRAWING_GOLDEN,BOTH,HIGH,drawing
DR-282,G-DWG-1274,drawing.annotation.DWG-ANO-S008-002,APPROVED_REPORT_DRAWING_GOLDEN,BOTH,HIGH,drawing
DR-283,G-DWG-1275,drawing.annotation.DWG-ANO-S009-002,APPROVED_REPORT_DRAWING_GOLDEN,BOTH,HIGH,drawing
DR-284,G-DWG-1276,drawing.annotation.DWG-ANO-S012-002,APPROVED_REPORT_DRAWING_GOLDEN,BOTH,HIGH,drawing
DR-285,G-DWG-1277,drawing.annotation.DWG-ANO-S012-003,APPROVED_REPORT_DRAWING_GOLDEN,BOTH,HIGH,drawing
DR-286,G-DWG-1278,drawing.annotation.DWG-ANO-S017-002,APPROVED_REPORT_DRAWING_GOLDEN,BOTH,HIGH,drawing
DR-287,G-DWG-1279,drawing.annotation.DWG-ANO-S019-002,APPROVED_REPORT_DRAWING_GOLDEN,BOTH,HIGH,drawing
DR-288,G-DWG-1280,drawing.annotation.DWG-ANO-S020-002,APPROVED_REPORT_DRAWING_GOLDEN,BOTH,HIGH,drawing
DR-289,G-DWG-1281,drawing.annotation.DWG-ANO-S023-002,APPROVED_REPORT_DRAWING_GOLDEN,BOTH,HIGH,drawing
DR-290,G-DWG-1282,drawing.annotation.DWG-ANO-S026-002,APPROVED_REPORT_DRAWING_GOLDEN,BOTH,HIGH,drawing
DR-291,G-DWG-1283,drawing.annotation.DWG-ANO-S044-002,APPROVED_REPORT_DRAWING_GOLDEN,BOTH,HIGH,drawing
DR-292,G-DWG-1284,drawing.annotation.DWG-ANO-S001-003,APPROVED_REPORT_DRAWING_GOLDEN,BOTH,HIGH,drawing
DR-293,G-DWG-1285,drawing.annotation.DWG-ANO-S002-002,APPROVED_REPORT_DRAWING_GOLDEN,BOTH,HIGH,drawing
DR-294,G-DWG-1286,drawing.annotation.DWG-ANO-S003-002,APPROVED_REPORT_DRAWING_GOLDEN,BOTH,HIGH,drawing
DR-295,G-DWG-1287,drawing.annotation.DWG-ANO-S004-002,APPROVED_REPORT_DRAWING_GOLDEN,BOTH,HIGH,drawing
DR-296,G-DWG-1288,drawing.annotation.DWG-ANO-S005-002,APPROVED_REPORT_DRAWING_GOLDEN,BOTH,HIGH,drawing
DR-297,G-DWG-1289,drawing.annotation.DWG-ANO-S006-002,APPROVED_REPORT_DRAWING_GOLDEN,BOTH,HIGH,drawing
DR-298,G-DWG-1290,drawing.annotation.DWG-ANO-S007-002,APPROVED_REPORT_DRAWING_GOLDEN,BOTH,HIGH,drawing
DR-299,G-DWG-1291,drawing.annotation.DWG-ANO-S008-003,APPROVED_REPORT_DRAWING_GOLDEN,BOTH,HIGH,drawing
DR-300,G-DWG-1292,drawing.annotation.DWG-ANO-S009-003,APPROVED_REPORT_DRAWING_GOLDEN,BOTH,HIGH,drawing
DR-301,G-DWG-1293,drawing.annotation.DWG-ANO-S010-002,APPROVED_REPORT_DRAWING_GOLDEN,BOTH,HIGH,drawing
DR-302,G-DWG-1294,drawing.annotation.DWG-ANO-S011-002,APPROVED_REPORT_DRAWING_GOLDEN,BOTH,HIGH,drawing
DR-303,G-DWG-1295,drawing.annotation.DWG-ANO-S012-004,APPROVED_REPORT_DRAWING_GOLDEN,BOTH,HIGH,drawing
DR-304,G-DWG-1296,drawing.annotation.DWG-ANO-S013-001,APPROVED_REPORT_DRAWING_GOLDEN,BOTH,HIGH,drawing
DR-305,G-DWG-1297,drawing.annotation.DWG-ANO-S014-001,APPROVED_REPORT_DRAWING_GOLDEN,BOTH,HIGH,drawing
DR-306,G-DWG-1298,drawing.annotation.DWG-ANO-S015-001,APPROVED_REPORT_DRAWING_GOLDEN,BOTH,HIGH,drawing
DR-307,G-DWG-1299,drawing.annotation.DWG-ANO-S016-001,APPROVED_REPORT_DRAWING_GOLDEN,BOTH,HIGH,drawing
DR-308,G-DWG-1300,drawing.annotation.DWG-ANO-S017-003,APPROVED_REPORT_DRAWING_GOLDEN,BOTH,HIGH,drawing
DR-309,G-DWG-1301,drawing.annotation.DWG-ANO-S018-002,APPROVED_REPORT_DRAWING_GOLDEN,BOTH,HIGH,drawing
DR-310,G-DWG-1302,drawing.annotation.DWG-ANO-S019-003,APPROVED_REPORT_DRAWING_GOLDEN,BOTH,HIGH,drawing
DR-311,G-DWG-1303,drawing.annotation.DWG-ANO-S020-003,APPROVED_REPORT_DRAWING_GOLDEN,BOTH,HIGH,drawing
DR-312,G-DWG-1304,drawing.annotation.DWG-ANO-S021-002,APPROVED_REPORT_DRAWING_GOLDEN,BOTH,HIGH,drawing
DR-313,G-DWG-1305,drawing.annotation.DWG-ANO-S022-002,APPROVED_REPORT_DRAWING_GOLDEN,BOTH,HIGH,drawing
DR-314,G-DWG-1306,drawing.annotation.DWG-ANO-S023-003,APPROVED_REPORT_DRAWING_GOLDEN,BOTH,HIGH,drawing
DR-315,G-DWG-1307,drawing.annotation.DWG-ANO-S024-002,APPROVED_REPORT_DRAWING_GOLDEN,BOTH,HIGH,drawing
DR-316,G-DWG-1308,drawing.annotation.DWG-ANO-S025-002,APPROVED_REPORT_DRAWING_GOLDEN,BOTH,HIGH,drawing
DR-317,G-DWG-1309,drawing.annotation.DWG-ANO-S026-003,APPROVED_REPORT_DRAWING_GOLDEN,BOTH,HIGH,drawing
DR-318,G-DWG-1310,drawing.annotation.DWG-ANO-S027-002,APPROVED_REPORT_DRAWING_GOLDEN,BOTH,HIGH,drawing
DR-319,G-DWG-1311,drawing.annotation.DWG-ANO-S028-002,APPROVED_REPORT_DRAWING_GOLDEN,BOTH,HIGH,drawing
DR-320,G-DWG-1312,drawing.annotation.DWG-ANO-S029-002,APPROVED_REPORT_DRAWING_GOLDEN,BOTH,HIGH,drawing
DR-321,G-DWG-1313,drawing.annotation.DWG-ANO-S030-002,APPROVED_REPORT_DRAWING_GOLDEN,BOTH,HIGH,drawing
DR-322,G-DWG-1314,drawing.annotation.DWG-ANO-S031-002,APPROVED_REPORT_DRAWING_GOLDEN,BOTH,HIGH,drawing
DR-323,G-DWG-1315,drawing.annotation.DWG-ANO-S032-002,APPROVED_REPORT_DRAWING_GOLDEN,BOTH,HIGH,drawing
DR-324,G-DWG-1316,drawing.annotation.DWG-ANO-S033-002,APPROVED_REPORT_DRAWING_GOLDEN,BOTH,HIGH,drawing
DR-325,G-DWG-1317,drawing.annotation.DWG-ANO-S034-002,APPROVED_REPORT_DRAWING_GOLDEN,BOTH,HIGH,drawing
DR-326,G-DWG-1318,drawing.annotation.DWG-ANO-S035-002,APPROVED_REPORT_DRAWING_GOLDEN,BOTH,HIGH,drawing
DR-327,G-DWG-1319,drawing.annotation.DWG-ANO-S036-002,APPROVED_REPORT_DRAWING_GOLDEN,BOTH,HIGH,drawing
DR-328,G-DWG-1320,drawing.annotation.DWG-ANO-S037-002,APPROVED_REPORT_DRAWING_GOLDEN,BOTH,HIGH,drawing
DR-329,G-DWG-1321,drawing.annotation.DWG-ANO-S038-002,APPROVED_REPORT_DRAWING_GOLDEN,BOTH,HIGH,drawing
DR-330,G-DWG-1322,drawing.annotation.DWG-ANO-S039-002,APPROVED_REPORT_DRAWING_GOLDEN,BOTH,HIGH,drawing
DR-331,G-DWG-1323,drawing.annotation.DWG-ANO-S040-002,APPROVED_REPORT_DRAWING_GOLDEN,BOTH,HIGH,drawing
DR-332,G-DWG-1324,drawing.annotation.DWG-ANO-S041-002,APPROVED_REPORT_DRAWING_GOLDEN,BOTH,HIGH,drawing
DR-333,G-DWG-1325,drawing.annotation.DWG-ANO-S042-002,APPROVED_REPORT_DRAWING_GOLDEN,BOTH,HIGH,drawing
DR-334,G-DWG-1326,drawing.annotation.DWG-ANO-S043-002,APPROVED_REPORT_DRAWING_GOLDEN,BOTH,HIGH,drawing
DR-335,G-DWG-1327,drawing.annotation.DWG-ANO-S044-003,APPROVED_REPORT_DRAWING_GOLDEN,BOTH,HIGH,drawing
DR-336,G-DWG-1328,drawing.annotation.DWG-ANO-S001-004,APPROVED_REPORT_DRAWING_GOLDEN,BOTH,HIGH,drawing
DR-337,G-DWG-1329,drawing.annotation.DWG-ANO-S001-005,APPROVED_REPORT_DRAWING_GOLDEN,BOTH,HIGH,drawing
DR-338,G-DWG-1330,drawing.annotation.DWG-ANO-S002-003,APPROVED_REPORT_DRAWING_GOLDEN,BOTH,HIGH,drawing
DR-339,G-DWG-1331,drawing.annotation.DWG-ANO-S002-004,APPROVED_REPORT_DRAWING_GOLDEN,BOTH,HIGH,drawing
DR-340,G-DWG-1332,drawing.annotation.DWG-ANO-S003-003,APPROVED_REPORT_DRAWING_GOLDEN,BOTH,HIGH,drawing
DR-341,G-DWG-1333,drawing.annotation.DWG-ANO-S003-004,APPROVED_REPORT_DRAWING_GOLDEN,BOTH,HIGH,drawing
DR-342,G-DWG-1334,drawing.annotation.DWG-ANO-S004-003,APPROVED_REPORT_DRAWING_GOLDEN,BOTH,HIGH,drawing
DR-343,G-DWG-1335,drawing.annotation.DWG-ANO-S004-004,APPROVED_REPORT_DRAWING_GOLDEN,BOTH,HIGH,drawing
DR-344,G-DWG-1336,drawing.annotation.DWG-ANO-S005-003,APPROVED_REPORT_DRAWING_GOLDEN,BOTH,HIGH,drawing
DR-345,G-DWG-1337,drawing.annotation.DWG-ANO-S005-004,APPROVED_REPORT_DRAWING_GOLDEN,BOTH,HIGH,drawing
DR-346,G-DWG-1338,drawing.annotation.DWG-ANO-S006-003,APPROVED_REPORT_DRAWING_GOLDEN,BOTH,HIGH,drawing
DR-347,G-DWG-1339,drawing.annotation.DWG-ANO-S006-004,APPROVED_REPORT_DRAWING_GOLDEN,BOTH,HIGH,drawing
DR-348,G-DWG-1340,drawing.annotation.DWG-ANO-S007-003,APPROVED_REPORT_DRAWING_GOLDEN,BOTH,HIGH,drawing
DR-349,G-DWG-1341,drawing.annotation.DWG-ANO-S007-004,APPROVED_REPORT_DRAWING_GOLDEN,BOTH,HIGH,drawing
DR-350,G-DWG-1342,drawing.annotation.DWG-ANO-S008-004,APPROVED_REPORT_DRAWING_GOLDEN,BOTH,HIGH,drawing
DR-351,G-DWG-1343,drawing.annotation.DWG-ANO-S008-005,APPROVED_REPORT_DRAWING_GOLDEN,BOTH,HIGH,drawing
DR-352,G-DWG-1344,drawing.annotation.DWG-ANO-S009-004,APPROVED_REPORT_DRAWING_GOLDEN,BOTH,HIGH,drawing
DR-353,G-DWG-1345,drawing.annotation.DWG-ANO-S009-005,APPROVED_REPORT_DRAWING_GOLDEN,BOTH,HIGH,drawing
DR-354,G-DWG-1346,drawing.annotation.DWG-ANO-S010-003,APPROVED_REPORT_DRAWING_GOLDEN,BOTH,HIGH,drawing
DR-355,G-DWG-1347,drawing.annotation.DWG-ANO-S010-004,APPROVED_REPORT_DRAWING_GOLDEN,BOTH,HIGH,drawing
DR-356,G-DWG-1348,drawing.annotation.DWG-ANO-S011-003,APPROVED_REPORT_DRAWING_GOLDEN,BOTH,HIGH,drawing
DR-357,G-DWG-1349,drawing.annotation.DWG-ANO-S011-004,APPROVED_REPORT_DRAWING_GOLDEN,BOTH,HIGH,drawing
DR-358,G-DWG-1350,drawing.annotation.DWG-ANO-S012-005,APPROVED_REPORT_DRAWING_GOLDEN,BOTH,HIGH,drawing
DR-359,G-DWG-1351,drawing.annotation.DWG-ANO-S012-006,APPROVED_REPORT_DRAWING_GOLDEN,BOTH,HIGH,drawing
DR-360,G-DWG-1352,drawing.annotation.DWG-ANO-S013-002,APPROVED_REPORT_DRAWING_GOLDEN,BOTH,HIGH,drawing
DR-361,G-DWG-1353,drawing.annotation.DWG-ANO-S013-003,APPROVED_REPORT_DRAWING_GOLDEN,BOTH,HIGH,drawing
DR-362,G-DWG-1354,drawing.annotation.DWG-ANO-S014-002,APPROVED_REPORT_DRAWING_GOLDEN,BOTH,HIGH,drawing
DR-363,G-DWG-1355,drawing.annotation.DWG-ANO-S014-003,APPROVED_REPORT_DRAWING_GOLDEN,BOTH,HIGH,drawing
DR-364,G-DWG-1356,drawing.annotation.DWG-ANO-S015-002,APPROVED_REPORT_DRAWING_GOLDEN,BOTH,HIGH,drawing
DR-365,G-DWG-1357,drawing.annotation.DWG-ANO-S015-003,APPROVED_REPORT_DRAWING_GOLDEN,BOTH,HIGH,drawing
DR-366,G-DWG-1358,drawing.annotation.DWG-ANO-S016-002,APPROVED_REPORT_DRAWING_GOLDEN,BOTH,HIGH,drawing
DR-367,G-DWG-1359,drawing.annotation.DWG-ANO-S016-003,APPROVED_REPORT_DRAWING_GOLDEN,BOTH,HIGH,drawing
DR-368,G-DWG-1360,drawing.annotation.DWG-ANO-S017-004,APPROVED_REPORT_DRAWING_GOLDEN,BOTH,HIGH,drawing
DR-369,G-DWG-1361,drawing.annotation.DWG-ANO-S017-005,APPROVED_REPORT_DRAWING_GOLDEN,BOTH,HIGH,drawing
DR-370,G-DWG-1362,drawing.annotation.DWG-ANO-S018-003,APPROVED_REPORT_DRAWING_GOLDEN,BOTH,HIGH,drawing
DR-371,G-DWG-1363,drawing.annotation.DWG-ANO-S018-004,APPROVED_REPORT_DRAWING_GOLDEN,BOTH,HIGH,drawing
DR-372,G-DWG-1364,drawing.annotation.DWG-ANO-S019-004,APPROVED_REPORT_DRAWING_GOLDEN,BOTH,HIGH,drawing
DR-373,G-DWG-1365,drawing.annotation.DWG-ANO-S019-005,APPROVED_REPORT_DRAWING_GOLDEN,BOTH,HIGH,drawing
DR-374,G-DWG-1366,drawing.annotation.DWG-ANO-S020-004,APPROVED_REPORT_DRAWING_GOLDEN,BOTH,HIGH,drawing
DR-375,G-DWG-1367,drawing.annotation.DWG-ANO-S020-005,APPROVED_REPORT_DRAWING_GOLDEN,BOTH,HIGH,drawing
DR-376,G-DWG-1368,drawing.annotation.DWG-ANO-S021-003,APPROVED_REPORT_DRAWING_GOLDEN,BOTH,HIGH,drawing
DR-377,G-DWG-1369,drawing.annotation.DWG-ANO-S021-004,APPROVED_REPORT_DRAWING_GOLDEN,BOTH,HIGH,drawing
DR-378,G-DWG-1370,drawing.annotation.DWG-ANO-S022-003,APPROVED_REPORT_DRAWING_GOLDEN,BOTH,HIGH,drawing
DR-379,G-DWG-1371,drawing.annotation.DWG-ANO-S022-004,APPROVED_REPORT_DRAWING_GOLDEN,BOTH,HIGH,drawing
DR-380,G-DWG-1372,drawing.annotation.DWG-ANO-S023-004,APPROVED_REPORT_DRAWING_GOLDEN,BOTH,HIGH,drawing
DR-381,G-DWG-1373,drawing.annotation.DWG-ANO-S023-005,APPROVED_REPORT_DRAWING_GOLDEN,BOTH,HIGH,drawing
DR-382,G-DWG-1374,drawing.annotation.DWG-ANO-S024-003,APPROVED_REPORT_DRAWING_GOLDEN,BOTH,HIGH,drawing
DR-383,G-DWG-1375,drawing.annotation.DWG-ANO-S024-004,APPROVED_REPORT_DRAWING_GOLDEN,BOTH,HIGH,drawing
DR-384,G-DWG-1376,drawing.annotation.DWG-ANO-S025-003,APPROVED_REPORT_DRAWING_GOLDEN,BOTH,HIGH,drawing
DR-385,G-DWG-1377,drawing.annotation.DWG-ANO-S025-004,APPROVED_REPORT_DRAWING_GOLDEN,BOTH,HIGH,drawing
DR-386,G-DWG-1378,drawing.annotation.DWG-ANO-S026-004,APPROVED_REPORT_DRAWING_GOLDEN,BOTH,HIGH,drawing
DR-387,G-DWG-1379,drawing.annotation.DWG-ANO-S026-005,APPROVED_REPORT_DRAWING_GOLDEN,BOTH,HIGH,drawing
DR-388,G-DWG-1380,drawing.annotation.DWG-ANO-S027-003,APPROVED_REPORT_DRAWING_GOLDEN,BOTH,HIGH,drawing
DR-389,G-DWG-1381,drawing.annotation.DWG-ANO-S027-004,APPROVED_REPORT_DRAWING_GOLDEN,BOTH,HIGH,drawing
DR-390,G-DWG-1382,drawing.annotation.DWG-ANO-S028-003,APPROVED_REPORT_DRAWING_GOLDEN,BOTH,HIGH,drawing
DR-391,G-DWG-1383,drawing.annotation.DWG-ANO-S028-004,APPROVED_REPORT_DRAWING_GOLDEN,BOTH,HIGH,drawing
DR-392,G-DWG-1384,drawing.annotation.DWG-ANO-S029-003,APPROVED_REPORT_DRAWING_GOLDEN,BOTH,HIGH,drawing
DR-393,G-DWG-1385,drawing.annotation.DWG-ANO-S029-004,APPROVED_REPORT_DRAWING_GOLDEN,BOTH,HIGH,drawing
DR-394,G-DWG-1386,drawing.annotation.DWG-ANO-S030-003,APPROVED_REPORT_DRAWING_GOLDEN,BOTH,HIGH,drawing
DR-395,G-DWG-1387,drawing.annotation.DWG-ANO-S030-004,APPROVED_REPORT_DRAWING_GOLDEN,BOTH,HIGH,drawing
DR-396,G-DWG-1388,drawing.annotation.DWG-ANO-S031-003,APPROVED_REPORT_DRAWING_GOLDEN,BOTH,HIGH,drawing
DR-397,G-DWG-1389,drawing.annotation.DWG-ANO-S031-004,APPROVED_REPORT_DRAWING_GOLDEN,BOTH,HIGH,drawing
DR-398,G-DWG-1390,drawing.annotation.DWG-ANO-S032-003,APPROVED_REPORT_DRAWING_GOLDEN,BOTH,HIGH,drawing
DR-399,G-DWG-1391,drawing.annotation.DWG-ANO-S032-004,APPROVED_REPORT_DRAWING_GOLDEN,BOTH,HIGH,drawing
DR-400,G-DWG-1392,drawing.annotation.DWG-ANO-S033-003,APPROVED_REPORT_DRAWING_GOLDEN,BOTH,HIGH,drawing
DR-401,G-DWG-1393,drawing.annotation.DWG-ANO-S033-004,APPROVED_REPORT_DRAWING_GOLDEN,BOTH,HIGH,drawing
DR-402,G-DWG-1394,drawing.annotation.DWG-ANO-S034-003,APPROVED_REPORT_DRAWING_GOLDEN,BOTH,HIGH,drawing
DR-403,G-DWG-1395,drawing.annotation.DWG-ANO-S034-004,APPROVED_REPORT_DRAWING_GOLDEN,BOTH,HIGH,drawing
DR-404,G-DWG-1396,drawing.annotation.DWG-ANO-S035-003,APPROVED_REPORT_DRAWING_GOLDEN,BOTH,HIGH,drawing
DR-405,G-DWG-1397,drawing.annotation.DWG-ANO-S035-004,APPROVED_REPORT_DRAWING_GOLDEN,BOTH,HIGH,drawing
DR-406,G-DWG-1398,drawing.annotation.DWG-ANO-S036-003,APPROVED_REPORT_DRAWING_GOLDEN,BOTH,HIGH,drawing
DR-407,G-DWG-1399,drawing.annotation.DWG-ANO-S036-004,APPROVED_REPORT_DRAWING_GOLDEN,BOTH,HIGH,drawing
DR-408,G-DWG-1400,drawing.annotation.DWG-ANO-S037-003,APPROVED_REPORT_DRAWING_GOLDEN,BOTH,HIGH,drawing
DR-409,G-DWG-1401,drawing.annotation.DWG-ANO-S037-004,APPROVED_REPORT_DRAWING_GOLDEN,BOTH,HIGH,drawing
DR-410,G-DWG-1402,drawing.annotation.DWG-ANO-S038-003,APPROVED_REPORT_DRAWING_GOLDEN,BOTH,HIGH,drawing
DR-411,G-DWG-1403,drawing.annotation.DWG-ANO-S038-004,APPROVED_REPORT_DRAWING_GOLDEN,BOTH,HIGH,drawing
DR-412,G-DWG-1404,drawing.annotation.DWG-ANO-S039-003,APPROVED_REPORT_DRAWING_GOLDEN,BOTH,HIGH,drawing
DR-413,G-DWG-1405,drawing.annotation.DWG-ANO-S039-004,APPROVED_REPORT_DRAWING_GOLDEN,BOTH,HIGH,drawing
DR-414,G-DWG-1406,drawing.annotation.DWG-ANO-S040-003,APPROVED_REPORT_DRAWING_GOLDEN,BOTH,HIGH,drawing
DR-415,G-DWG-1407,drawing.annotation.DWG-ANO-S040-004,APPROVED_REPORT_DRAWING_GOLDEN,BOTH,HIGH,drawing
DR-416,G-DWG-1408,drawing.annotation.DWG-ANO-S041-003,APPROVED_REPORT_DRAWING_GOLDEN,BOTH,HIGH,drawing
DR-417,G-DWG-1409,drawing.annotation.DWG-ANO-S041-004,APPROVED_REPORT_DRAWING_GOLDEN,BOTH,HIGH,drawing
DR-418,G-DWG-1410,drawing.annotation.DWG-ANO-S042-003,APPROVED_REPORT_DRAWING_GOLDEN,BOTH,HIGH,drawing
DR-419,G-DWG-1411,drawing.annotation.DWG-ANO-S042-004,APPROVED_REPORT_DRAWING_GOLDEN,BOTH,HIGH,drawing
DR-420,G-DWG-1412,drawing.annotation.DWG-ANO-S043-003,APPROVED_REPORT_DRAWING_GOLDEN,BOTH,HIGH,drawing
DR-421,G-DWG-1413,drawing.annotation.DWG-ANO-S043-004,APPROVED_REPORT_DRAWING_GOLDEN,BOTH,HIGH,drawing
DR-422,G-DWG-1414,drawing.annotation.DWG-ANO-S044-004,APPROVED_REPORT_DRAWING_GOLDEN,BOTH,HIGH,drawing
DR-423,G-DWG-1415,drawing.annotation.DWG-ANO-S044-005,APPROVED_REPORT_DRAWING_GOLDEN,BOTH,HIGH,drawing
DR-424,G-DWG-1416,drawing.annotation.DWG-ANO-S021-005,APPROVED_REPORT_DRAWING_GOLDEN,BOTH,HIGH,drawing
DR-425,G-DWG-1417,drawing.annotation.DWG-ANO-S021-006,APPROVED_REPORT_DRAWING_GOLDEN,BOTH,HIGH,drawing
DR-426,G-DWG-1418,drawing.annotation.DWG-ANO-S021-007,APPROVED_REPORT_DRAWING_GOLDEN,BOTH,HIGH,drawing
DR-427,G-DWG-1419,drawing.annotation.DWG-ANO-S021-008,APPROVED_REPORT_DRAWING_GOLDEN,BOTH,HIGH,drawing
DR-428,G-DWG-1420,drawing.annotation.DWG-ANO-S021-009,APPROVED_REPORT_DRAWING_GOLDEN,BOTH,HIGH,drawing
DR-429,G-DWG-1421,drawing.annotation.DWG-ANO-S021-010,APPROVED_REPORT_DRAWING_GOLDEN,BOTH,HIGH,drawing
DR-430,G-DWG-1422,drawing.annotation.DWG-ANO-S021-011,APPROVED_REPORT_DRAWING_GOLDEN,BOTH,HIGH,drawing
DR-431,G-DWG-1423,drawing.annotation.DWG-ANO-S021-012,APPROVED_REPORT_DRAWING_GOLDEN,BOTH,HIGH,drawing
DR-432,G-DWG-1424,drawing.annotation.DWG-ANO-S021-013,APPROVED_REPORT_DRAWING_GOLDEN,BOTH,HIGH,drawing
DR-433,G-DWG-1425,drawing.annotation.DWG-ANO-S021-014,APPROVED_REPORT_DRAWING_GOLDEN,BOTH,HIGH,drawing
DR-434,G-DWG-1426,drawing.annotation.DWG-ANO-S021-015,APPROVED_REPORT_DRAWING_GOLDEN,BOTH,HIGH,drawing
DR-435,G-DWG-1427,drawing.annotation.DWG-ANO-S021-016,APPROVED_REPORT_DRAWING_GOLDEN,BOTH,HIGH,drawing
DR-436,G-DWG-1428,drawing.annotation.DWG-ANO-S021-017,APPROVED_REPORT_DRAWING_GOLDEN,BOTH,HIGH,drawing
DR-437,G-DWG-1429,drawing.annotation.DWG-ANO-S021-018,APPROVED_REPORT_DRAWING_GOLDEN,BOTH,HIGH,drawing
DR-438,G-DWG-1430,drawing.annotation.DWG-ANO-S021-019,APPROVED_REPORT_DRAWING_GOLDEN,BOTH,HIGH,drawing
DR-439,G-DWG-1431,drawing.annotation.DWG-ANO-S021-020,APPROVED_REPORT_DRAWING_GOLDEN,BOTH,HIGH,drawing
DR-440,G-DWG-1432,drawing.annotation.DWG-ANO-S022-005,APPROVED_REPORT_DRAWING_GOLDEN,BOTH,HIGH,drawing
DR-441,G-DWG-1433,drawing.annotation.DWG-ANO-S022-006,APPROVED_REPORT_DRAWING_GOLDEN,BOTH,HIGH,drawing
DR-442,G-DWG-1434,drawing.annotation.DWG-ANO-S022-007,APPROVED_REPORT_DRAWING_GOLDEN,BOTH,HIGH,drawing
DR-443,G-DWG-1435,drawing.annotation.DWG-ANO-S022-008,APPROVED_REPORT_DRAWING_GOLDEN,BOTH,HIGH,drawing
DR-444,G-DWG-1436,drawing.annotation.DWG-ANO-S022-009,APPROVED_REPORT_DRAWING_GOLDEN,BOTH,HIGH,drawing
DR-445,G-DWG-1437,drawing.annotation.DWG-ANO-S022-010,APPROVED_REPORT_DRAWING_GOLDEN,BOTH,HIGH,drawing
DR-446,G-DWG-1438,drawing.annotation.DWG-ANO-S022-011,APPROVED_REPORT_DRAWING_GOLDEN,BOTH,HIGH,drawing
DR-447,G-DWG-1439,drawing.annotation.DWG-ANO-S022-012,APPROVED_REPORT_DRAWING_GOLDEN,BOTH,HIGH,drawing
DR-448,G-DWG-1440,drawing.annotation.DWG-ANO-S022-013,APPROVED_REPORT_DRAWING_GOLDEN,BOTH,HIGH,drawing
DR-449,G-DWG-1441,drawing.annotation.DWG-ANO-S022-014,APPROVED_REPORT_DRAWING_GOLDEN,BOTH,HIGH,drawing
DR-450,G-DWG-1442,drawing.annotation.DWG-ANO-S022-015,APPROVED_REPORT_DRAWING_GOLDEN,BOTH,HIGH,drawing
DR-451,G-DWG-1443,drawing.annotation.DWG-ANO-S022-016,APPROVED_REPORT_DRAWING_GOLDEN,BOTH,HIGH,drawing
DR-452,G-DWG-1444,drawing.annotation.DWG-ANO-S022-017,APPROVED_REPORT_DRAWING_GOLDEN,BOTH,HIGH,drawing
DR-453,G-DWG-1445,drawing.annotation.DWG-ANO-S022-018,APPROVED_REPORT_DRAWING_GOLDEN,BOTH,HIGH,drawing
DR-454,G-DWG-1446,drawing.annotation.DWG-ANO-S022-019,APPROVED_REPORT_DRAWING_GOLDEN,BOTH,HIGH,drawing
DR-455,G-DWG-1447,drawing.annotation.DWG-ANO-S022-020,APPROVED_REPORT_DRAWING_GOLDEN,BOTH,HIGH,drawing
DR-456,G-DWG-1448,drawing.annotation.DWG-ANO-S023-006,APPROVED_REPORT_DRAWING_GOLDEN,BOTH,HIGH,drawing
DR-457,G-DWG-1449,drawing.annotation.DWG-ANO-S023-007,APPROVED_REPORT_DRAWING_GOLDEN,BOTH,HIGH,drawing
DR-458,G-DWG-1450,drawing.annotation.DWG-ANO-S023-008,APPROVED_REPORT_DRAWING_GOLDEN,BOTH,HIGH,drawing
DR-459,G-DWG-1451,drawing.annotation.DWG-ANO-S023-009,APPROVED_REPORT_DRAWING_GOLDEN,BOTH,HIGH,drawing
DR-460,G-DWG-1452,drawing.annotation.DWG-ANO-S023-010,APPROVED_REPORT_DRAWING_GOLDEN,BOTH,HIGH,drawing
DR-461,G-DWG-1453,drawing.annotation.DWG-ANO-S023-011,APPROVED_REPORT_DRAWING_GOLDEN,BOTH,HIGH,drawing
DR-462,G-DWG-1454,drawing.annotation.DWG-ANO-S023-012,APPROVED_REPORT_DRAWING_GOLDEN,BOTH,HIGH,drawing
DR-463,G-DWG-1455,drawing.annotation.DWG-ANO-S023-013,APPROVED_REPORT_DRAWING_GOLDEN,BOTH,HIGH,drawing
DR-464,G-DWG-1456,drawing.annotation.DWG-ANO-S023-014,APPROVED_REPORT_DRAWING_GOLDEN,BOTH,HIGH,drawing
DR-465,G-DWG-1457,drawing.annotation.DWG-ANO-S023-015,APPROVED_REPORT_DRAWING_GOLDEN,BOTH,HIGH,drawing
DR-466,G-DWG-1458,drawing.annotation.DWG-ANO-S023-016,APPROVED_REPORT_DRAWING_GOLDEN,BOTH,HIGH,drawing
DR-467,G-DWG-1459,drawing.annotation.DWG-ANO-S023-017,APPROVED_REPORT_DRAWING_GOLDEN,BOTH,HIGH,drawing
DR-468,G-DWG-1460,drawing.annotation.DWG-ANO-S023-018,APPROVED_REPORT_DRAWING_GOLDEN,BOTH,HIGH,drawing
DR-469,G-DWG-1461,drawing.annotation.DWG-ANO-S023-019,APPROVED_REPORT_DRAWING_GOLDEN,BOTH,HIGH,drawing
DR-470,G-DWG-1462,drawing.annotation.DWG-ANO-S023-020,APPROVED_REPORT_DRAWING_GOLDEN,BOTH,HIGH,drawing
DR-471,G-DWG-1463,drawing.annotation.DWG-ANO-S023-021,APPROVED_REPORT_DRAWING_GOLDEN,BOTH,HIGH,drawing
DR-472,G-DWG-1464,drawing.annotation.DWG-ANO-S024-005,APPROVED_REPORT_DRAWING_GOLDEN,BOTH,HIGH,drawing
DR-473,G-DWG-1465,drawing.annotation.DWG-ANO-S024-006,APPROVED_REPORT_DRAWING_GOLDEN,BOTH,HIGH,drawing
DR-474,G-DWG-1466,drawing.annotation.DWG-ANO-S024-007,APPROVED_REPORT_DRAWING_GOLDEN,BOTH,HIGH,drawing
DR-475,G-DWG-1467,drawing.annotation.DWG-ANO-S024-008,APPROVED_REPORT_DRAWING_GOLDEN,BOTH,HIGH,drawing
DR-476,G-DWG-1468,drawing.annotation.DWG-ANO-S024-009,APPROVED_REPORT_DRAWING_GOLDEN,BOTH,HIGH,drawing
DR-477,G-DWG-1469,drawing.annotation.DWG-ANO-S024-010,APPROVED_REPORT_DRAWING_GOLDEN,BOTH,HIGH,drawing
DR-478,G-DWG-1470,drawing.annotation.DWG-ANO-S024-011,APPROVED_REPORT_DRAWING_GOLDEN,BOTH,HIGH,drawing
DR-479,G-DWG-1471,drawing.annotation.DWG-ANO-S024-012,APPROVED_REPORT_DRAWING_GOLDEN,BOTH,HIGH,drawing
DR-480,G-DWG-1472,drawing.annotation.DWG-ANO-S024-013,APPROVED_REPORT_DRAWING_GOLDEN,BOTH,HIGH,drawing
DR-481,G-DWG-1473,drawing.annotation.DWG-ANO-S024-014,APPROVED_REPORT_DRAWING_GOLDEN,BOTH,HIGH,drawing
DR-482,G-DWG-1474,drawing.annotation.DWG-ANO-S024-015,APPROVED_REPORT_DRAWING_GOLDEN,BOTH,HIGH,drawing
DR-483,G-DWG-1475,drawing.annotation.DWG-ANO-S024-016,APPROVED_REPORT_DRAWING_GOLDEN,BOTH,HIGH,drawing
DR-484,G-DWG-1476,drawing.annotation.DWG-ANO-S024-017,APPROVED_REPORT_DRAWING_GOLDEN,BOTH,HIGH,drawing
DR-485,G-DWG-1477,drawing.annotation.DWG-ANO-S024-018,APPROVED_REPORT_DRAWING_GOLDEN,BOTH,HIGH,drawing
DR-486,G-DWG-1478,drawing.annotation.DWG-ANO-S024-019,APPROVED_REPORT_DRAWING_GOLDEN,BOTH,HIGH,drawing
DR-487,G-DWG-1479,drawing.annotation.DWG-ANO-S024-020,APPROVED_REPORT_DRAWING_GOLDEN,BOTH,HIGH,drawing
DR-488,G-DWG-1480,drawing.annotation.DWG-ANO-S025-005,APPROVED_REPORT_DRAWING_GOLDEN,BOTH,HIGH,drawing
DR-489,G-DWG-1481,drawing.annotation.DWG-ANO-S025-006,APPROVED_REPORT_DRAWING_GOLDEN,BOTH,HIGH,drawing
DR-490,G-DWG-1482,drawing.annotation.DWG-ANO-S025-007,APPROVED_REPORT_DRAWING_GOLDEN,BOTH,HIGH,drawing
DR-491,G-DWG-1483,drawing.annotation.DWG-ANO-S025-008,APPROVED_REPORT_DRAWING_GOLDEN,BOTH,HIGH,drawing
DR-492,G-DWG-1484,drawing.annotation.DWG-ANO-S025-009,APPROVED_REPORT_DRAWING_GOLDEN,BOTH,HIGH,drawing
DR-493,G-DWG-1485,drawing.annotation.DWG-ANO-S025-010,APPROVED_REPORT_DRAWING_GOLDEN,BOTH,HIGH,drawing
DR-494,G-DWG-1486,drawing.annotation.DWG-ANO-S025-011,APPROVED_REPORT_DRAWING_GOLDEN,BOTH,HIGH,drawing
DR-495,G-DWG-1487,drawing.annotation.DWG-ANO-S025-012,APPROVED_REPORT_DRAWING_GOLDEN,BOTH,HIGH,drawing
DR-496,G-DWG-1488,drawing.annotation.DWG-ANO-S025-013,APPROVED_REPORT_DRAWING_GOLDEN,BOTH,HIGH,drawing
DR-497,G-DWG-1489,drawing.annotation.DWG-ANO-S025-014,APPROVED_REPORT_DRAWING_GOLDEN,BOTH,HIGH,drawing
DR-498,G-DWG-1490,drawing.annotation.DWG-ANO-S025-015,APPROVED_REPORT_DRAWING_GOLDEN,BOTH,HIGH,drawing
DR-499,G-DWG-1491,drawing.annotation.DWG-ANO-S025-016,APPROVED_REPORT_DRAWING_GOLDEN,BOTH,HIGH,drawing
DR-500,G-DWG-1492,drawing.annotation.DWG-ANO-S025-017,APPROVED_REPORT_DRAWING_GOLDEN,BOTH,HIGH,drawing
DR-501,G-DWG-1493,drawing.annotation.DWG-ANO-S025-018,APPROVED_REPORT_DRAWING_GOLDEN,BOTH,HIGH,drawing
DR-502,G-DWG-1494,drawing.annotation.DWG-ANO-S025-019,APPROVED_REPORT_DRAWING_GOLDEN,BOTH,HIGH,drawing
DR-503,G-DWG-1495,drawing.annotation.DWG-ANO-S025-020,APPROVED_REPORT_DRAWING_GOLDEN,BOTH,HIGH,drawing
DR-504,G-DWG-1496,drawing.annotation.DWG-ANO-S026-006,APPROVED_REPORT_DRAWING_GOLDEN,BOTH,HIGH,drawing
DR-505,G-DWG-1497,drawing.annotation.DWG-ANO-S026-007,APPROVED_REPORT_DRAWING_GOLDEN,BOTH,HIGH,drawing
DR-506,G-DWG-1498,drawing.annotation.DWG-ANO-S026-008,APPROVED_REPORT_DRAWING_GOLDEN,BOTH,HIGH,drawing
DR-507,G-DWG-1499,drawing.annotation.DWG-ANO-S026-009,APPROVED_REPORT_DRAWING_GOLDEN,BOTH,HIGH,drawing
DR-508,G-DWG-1500,drawing.annotation.DWG-ANO-S026-010,APPROVED_REPORT_DRAWING_GOLDEN,BOTH,HIGH,drawing
DR-509,G-DWG-1501,drawing.annotation.DWG-ANO-S026-011,APPROVED_REPORT_DRAWING_GOLDEN,BOTH,HIGH,drawing
DR-510,G-DWG-1502,drawing.annotation.DWG-ANO-S026-012,APPROVED_REPORT_DRAWING_GOLDEN,BOTH,HIGH,drawing
DR-511,G-DWG-1503,drawing.annotation.DWG-ANO-S026-013,APPROVED_REPORT_DRAWING_GOLDEN,BOTH,HIGH,drawing
DR-512,G-DWG-1504,drawing.annotation.DWG-ANO-S026-014,APPROVED_REPORT_DRAWING_GOLDEN,BOTH,HIGH,drawing
DR-513,G-DWG-1505,drawing.annotation.DWG-ANO-S026-015,APPROVED_REPORT_DRAWING_GOLDEN,BOTH,HIGH,drawing
DR-514,G-DWG-1506,drawing.annotation.DWG-ANO-S026-016,APPROVED_REPORT_DRAWING_GOLDEN,BOTH,HIGH,drawing
DR-515,G-DWG-1507,drawing.annotation.DWG-ANO-S026-017,APPROVED_REPORT_DRAWING_GOLDEN,BOTH,HIGH,drawing
DR-516,G-DWG-1508,drawing.annotation.DWG-ANO-S026-018,APPROVED_REPORT_DRAWING_GOLDEN,BOTH,HIGH,drawing
DR-517,G-DWG-1509,drawing.annotation.DWG-ANO-S026-019,APPROVED_REPORT_DRAWING_GOLDEN,BOTH,HIGH,drawing
DR-518,G-DWG-1510,drawing.annotation.DWG-ANO-S026-020,APPROVED_REPORT_DRAWING_GOLDEN,BOTH,HIGH,drawing
DR-519,G-DWG-1511,drawing.annotation.DWG-ANO-S026-021,APPROVED_REPORT_DRAWING_GOLDEN,BOTH,HIGH,drawing
DR-520,G-DWG-1512,drawing.annotation.DWG-ANO-S027-005,APPROVED_REPORT_DRAWING_GOLDEN,BOTH,HIGH,drawing
DR-521,G-DWG-1513,drawing.annotation.DWG-ANO-S027-006,APPROVED_REPORT_DRAWING_GOLDEN,BOTH,HIGH,drawing
DR-522,G-DWG-1514,drawing.annotation.DWG-ANO-S027-007,APPROVED_REPORT_DRAWING_GOLDEN,BOTH,HIGH,drawing
DR-523,G-DWG-1515,drawing.annotation.DWG-ANO-S027-008,APPROVED_REPORT_DRAWING_GOLDEN,BOTH,HIGH,drawing
DR-524,G-DWG-1516,drawing.annotation.DWG-ANO-S027-009,APPROVED_REPORT_DRAWING_GOLDEN,BOTH,HIGH,drawing
DR-525,G-DWG-1517,drawing.annotation.DWG-ANO-S027-010,APPROVED_REPORT_DRAWING_GOLDEN,BOTH,HIGH,drawing
DR-526,G-DWG-1518,drawing.annotation.DWG-ANO-S027-011,APPROVED_REPORT_DRAWING_GOLDEN,BOTH,HIGH,drawing
DR-527,G-DWG-1519,drawing.annotation.DWG-ANO-S027-012,APPROVED_REPORT_DRAWING_GOLDEN,BOTH,HIGH,drawing
DR-528,G-DWG-1520,drawing.annotation.DWG-ANO-S027-013,APPROVED_REPORT_DRAWING_GOLDEN,BOTH,HIGH,drawing
DR-529,G-DWG-1521,drawing.annotation.DWG-ANO-S027-014,APPROVED_REPORT_DRAWING_GOLDEN,BOTH,HIGH,drawing
DR-530,G-DWG-1522,drawing.annotation.DWG-ANO-S027-015,APPROVED_REPORT_DRAWING_GOLDEN,BOTH,HIGH,drawing
DR-531,G-DWG-1523,drawing.annotation.DWG-ANO-S027-016,APPROVED_REPORT_DRAWING_GOLDEN,BOTH,HIGH,drawing
DR-532,G-DWG-1524,drawing.annotation.DWG-ANO-S027-017,APPROVED_REPORT_DRAWING_GOLDEN,BOTH,HIGH,drawing
DR-533,G-DWG-1525,drawing.annotation.DWG-ANO-S027-018,APPROVED_REPORT_DRAWING_GOLDEN,BOTH,HIGH,drawing
DR-534,G-DWG-1526,drawing.annotation.DWG-ANO-S027-019,APPROVED_REPORT_DRAWING_GOLDEN,BOTH,HIGH,drawing
DR-535,G-DWG-1527,drawing.annotation.DWG-ANO-S027-020,APPROVED_REPORT_DRAWING_GOLDEN,BOTH,HIGH,drawing
DR-536,G-DWG-1528,drawing.annotation.DWG-ANO-S028-005,APPROVED_REPORT_DRAWING_GOLDEN,BOTH,HIGH,drawing
DR-537,G-DWG-1529,drawing.annotation.DWG-ANO-S028-006,APPROVED_REPORT_DRAWING_GOLDEN,BOTH,HIGH,drawing
DR-538,G-DWG-1530,drawing.annotation.DWG-ANO-S028-007,APPROVED_REPORT_DRAWING_GOLDEN,BOTH,HIGH,drawing
DR-539,G-DWG-1531,drawing.annotation.DWG-ANO-S028-008,APPROVED_REPORT_DRAWING_GOLDEN,BOTH,HIGH,drawing
DR-540,G-DWG-1532,drawing.annotation.DWG-ANO-S028-009,APPROVED_REPORT_DRAWING_GOLDEN,BOTH,HIGH,drawing
DR-541,G-DWG-1533,drawing.annotation.DWG-ANO-S028-010,APPROVED_REPORT_DRAWING_GOLDEN,BOTH,HIGH,drawing
DR-542,G-DWG-1534,drawing.annotation.DWG-ANO-S028-011,APPROVED_REPORT_DRAWING_GOLDEN,BOTH,HIGH,drawing
DR-543,G-DWG-1535,drawing.annotation.DWG-ANO-S028-012,APPROVED_REPORT_DRAWING_GOLDEN,BOTH,HIGH,drawing
DR-544,G-DWG-1536,drawing.annotation.DWG-ANO-S028-013,APPROVED_REPORT_DRAWING_GOLDEN,BOTH,HIGH,drawing
DR-545,G-DWG-1537,drawing.annotation.DWG-ANO-S028-014,APPROVED_REPORT_DRAWING_GOLDEN,BOTH,HIGH,drawing
DR-546,G-DWG-1538,drawing.annotation.DWG-ANO-S028-015,APPROVED_REPORT_DRAWING_GOLDEN,BOTH,HIGH,drawing
DR-547,G-DWG-1539,drawing.annotation.DWG-ANO-S028-016,APPROVED_REPORT_DRAWING_GOLDEN,BOTH,HIGH,drawing
DR-548,G-DWG-1540,drawing.annotation.DWG-ANO-S028-017,APPROVED_REPORT_DRAWING_GOLDEN,BOTH,HIGH,drawing
DR-549,G-DWG-1541,drawing.annotation.DWG-ANO-S028-018,APPROVED_REPORT_DRAWING_GOLDEN,BOTH,HIGH,drawing
DR-550,G-DWG-1542,drawing.annotation.DWG-ANO-S028-019,APPROVED_REPORT_DRAWING_GOLDEN,BOTH,HIGH,drawing
DR-551,G-DWG-1543,drawing.annotation.DWG-ANO-S028-020,APPROVED_REPORT_DRAWING_GOLDEN,BOTH,HIGH,drawing
DR-552,G-DWG-1544,drawing.annotation.DWG-ANO-S029-005,APPROVED_REPORT_DRAWING_GOLDEN,BOTH,HIGH,drawing
DR-553,G-DWG-1545,drawing.annotation.DWG-ANO-S029-006,APPROVED_REPORT_DRAWING_GOLDEN,BOTH,HIGH,drawing
DR-554,G-DWG-1546,drawing.annotation.DWG-ANO-S029-007,APPROVED_REPORT_DRAWING_GOLDEN,BOTH,HIGH,drawing
DR-555,G-DWG-1547,drawing.annotation.DWG-ANO-S029-008,APPROVED_REPORT_DRAWING_GOLDEN,BOTH,HIGH,drawing
DR-556,G-DWG-1548,drawing.annotation.DWG-ANO-S029-009,APPROVED_REPORT_DRAWING_GOLDEN,BOTH,HIGH,drawing
DR-557,G-DWG-1549,drawing.annotation.DWG-ANO-S029-010,APPROVED_REPORT_DRAWING_GOLDEN,BOTH,HIGH,drawing
DR-558,G-DWG-1550,drawing.annotation.DWG-ANO-S029-011,APPROVED_REPORT_DRAWING_GOLDEN,BOTH,HIGH,drawing
DR-559,G-DWG-1551,drawing.annotation.DWG-ANO-S029-012,APPROVED_REPORT_DRAWING_GOLDEN,BOTH,HIGH,drawing
DR-560,G-DWG-1552,drawing.annotation.DWG-ANO-S029-013,APPROVED_REPORT_DRAWING_GOLDEN,BOTH,HIGH,drawing
DR-561,G-DWG-1553,drawing.annotation.DWG-ANO-S029-014,APPROVED_REPORT_DRAWING_GOLDEN,BOTH,HIGH,drawing
DR-562,G-DWG-1554,drawing.annotation.DWG-ANO-S029-015,APPROVED_REPORT_DRAWING_GOLDEN,BOTH,HIGH,drawing
DR-563,G-DWG-1555,drawing.annotation.DWG-ANO-S029-016,APPROVED_REPORT_DRAWING_GOLDEN,BOTH,HIGH,drawing
DR-564,G-DWG-1556,drawing.annotation.DWG-ANO-S029-017,APPROVED_REPORT_DRAWING_GOLDEN,BOTH,HIGH,drawing
DR-565,G-DWG-1557,drawing.annotation.DWG-ANO-S029-018,APPROVED_REPORT_DRAWING_GOLDEN,BOTH,HIGH,drawing
DR-566,G-DWG-1558,drawing.annotation.DWG-ANO-S029-019,APPROVED_REPORT_DRAWING_GOLDEN,BOTH,HIGH,drawing
DR-567,G-DWG-1559,drawing.annotation.DWG-ANO-S029-020,APPROVED_REPORT_DRAWING_GOLDEN,BOTH,HIGH,drawing
DR-568,G-DWG-1560,drawing.annotation.DWG-ANO-S030-005,APPROVED_REPORT_DRAWING_GOLDEN,BOTH,HIGH,drawing
DR-569,G-DWG-1561,drawing.annotation.DWG-ANO-S030-006,APPROVED_REPORT_DRAWING_GOLDEN,BOTH,HIGH,drawing
DR-570,G-DWG-1562,drawing.annotation.DWG-ANO-S030-007,APPROVED_REPORT_DRAWING_GOLDEN,BOTH,HIGH,drawing
DR-571,G-DWG-1563,drawing.annotation.DWG-ANO-S030-008,APPROVED_REPORT_DRAWING_GOLDEN,BOTH,HIGH,drawing
DR-572,G-DWG-1564,drawing.annotation.DWG-ANO-S030-009,APPROVED_REPORT_DRAWING_GOLDEN,BOTH,HIGH,drawing
DR-573,G-DWG-1565,drawing.annotation.DWG-ANO-S030-010,APPROVED_REPORT_DRAWING_GOLDEN,BOTH,HIGH,drawing
DR-574,G-DWG-1566,drawing.annotation.DWG-ANO-S030-011,APPROVED_REPORT_DRAWING_GOLDEN,BOTH,HIGH,drawing
DR-575,G-DWG-1567,drawing.annotation.DWG-ANO-S030-012,APPROVED_REPORT_DRAWING_GOLDEN,BOTH,HIGH,drawing
DR-576,G-DWG-1568,drawing.annotation.DWG-ANO-S030-013,APPROVED_REPORT_DRAWING_GOLDEN,BOTH,HIGH,drawing
DR-577,G-DWG-1569,drawing.annotation.DWG-ANO-S030-014,APPROVED_REPORT_DRAWING_GOLDEN,BOTH,HIGH,drawing
DR-578,G-DWG-1570,drawing.annotation.DWG-ANO-S030-015,APPROVED_REPORT_DRAWING_GOLDEN,BOTH,HIGH,drawing
DR-579,G-DWG-1571,drawing.annotation.DWG-ANO-S030-016,APPROVED_REPORT_DRAWING_GOLDEN,BOTH,HIGH,drawing
DR-580,G-DWG-1572,drawing.annotation.DWG-ANO-S030-017,APPROVED_REPORT_DRAWING_GOLDEN,BOTH,HIGH,drawing
DR-581,G-DWG-1573,drawing.annotation.DWG-ANO-S030-018,APPROVED_REPORT_DRAWING_GOLDEN,BOTH,HIGH,drawing
DR-582,G-DWG-1574,drawing.annotation.DWG-ANO-S030-019,APPROVED_REPORT_DRAWING_GOLDEN,BOTH,HIGH,drawing
DR-583,G-DWG-1575,drawing.annotation.DWG-ANO-S030-020,APPROVED_REPORT_DRAWING_GOLDEN,BOTH,HIGH,drawing
DR-584,G-DWG-1576,drawing.annotation.DWG-ANO-S031-005,APPROVED_REPORT_DRAWING_GOLDEN,BOTH,HIGH,drawing
DR-585,G-DWG-1577,drawing.annotation.DWG-ANO-S031-006,APPROVED_REPORT_DRAWING_GOLDEN,BOTH,HIGH,drawing
DR-586,G-DWG-1578,drawing.annotation.DWG-ANO-S031-007,APPROVED_REPORT_DRAWING_GOLDEN,BOTH,HIGH,drawing
DR-587,G-DWG-1579,drawing.annotation.DWG-ANO-S031-008,APPROVED_REPORT_DRAWING_GOLDEN,BOTH,HIGH,drawing
DR-588,G-DWG-1580,drawing.annotation.DWG-ANO-S031-009,APPROVED_REPORT_DRAWING_GOLDEN,BOTH,HIGH,drawing
DR-589,G-DWG-1581,drawing.annotation.DWG-ANO-S031-010,APPROVED_REPORT_DRAWING_GOLDEN,BOTH,HIGH,drawing
DR-590,G-DWG-1582,drawing.annotation.DWG-ANO-S031-011,APPROVED_REPORT_DRAWING_GOLDEN,BOTH,HIGH,drawing
DR-591,G-DWG-1583,drawing.annotation.DWG-ANO-S031-012,APPROVED_REPORT_DRAWING_GOLDEN,BOTH,HIGH,drawing
DR-592,G-DWG-1584,drawing.annotation.DWG-ANO-S031-013,APPROVED_REPORT_DRAWING_GOLDEN,BOTH,HIGH,drawing
DR-593,G-DWG-1585,drawing.annotation.DWG-ANO-S031-014,APPROVED_REPORT_DRAWING_GOLDEN,BOTH,HIGH,drawing
DR-594,G-DWG-1586,drawing.annotation.DWG-ANO-S031-015,APPROVED_REPORT_DRAWING_GOLDEN,BOTH,HIGH,drawing
DR-595,G-DWG-1587,drawing.annotation.DWG-ANO-S031-016,APPROVED_REPORT_DRAWING_GOLDEN,BOTH,HIGH,drawing
DR-596,G-DWG-1588,drawing.annotation.DWG-ANO-S031-017,APPROVED_REPORT_DRAWING_GOLDEN,BOTH,HIGH,drawing
DR-597,G-DWG-1589,drawing.annotation.DWG-ANO-S031-018,APPROVED_REPORT_DRAWING_GOLDEN,BOTH,HIGH,drawing
DR-598,G-DWG-1590,drawing.annotation.DWG-ANO-S031-019,APPROVED_REPORT_DRAWING_GOLDEN,BOTH,HIGH,drawing
DR-599,G-DWG-1591,drawing.annotation.DWG-ANO-S031-020,APPROVED_REPORT_DRAWING_GOLDEN,BOTH,HIGH,drawing
DR-600,G-DWG-1592,drawing.annotation.DWG-ANO-S032-005,APPROVED_REPORT_DRAWING_GOLDEN,BOTH,HIGH,drawing
DR-601,G-DWG-1593,drawing.annotation.DWG-ANO-S032-006,APPROVED_REPORT_DRAWING_GOLDEN,BOTH,HIGH,drawing
DR-602,G-DWG-1594,drawing.annotation.DWG-ANO-S032-007,APPROVED_REPORT_DRAWING_GOLDEN,BOTH,HIGH,drawing
DR-603,G-DWG-1595,drawing.annotation.DWG-ANO-S032-008,APPROVED_REPORT_DRAWING_GOLDEN,BOTH,HIGH,drawing
DR-604,G-DWG-1596,drawing.annotation.DWG-ANO-S032-009,APPROVED_REPORT_DRAWING_GOLDEN,BOTH,HIGH,drawing
DR-605,G-DWG-1597,drawing.annotation.DWG-ANO-S032-010,APPROVED_REPORT_DRAWING_GOLDEN,BOTH,HIGH,drawing
DR-606,G-DWG-1598,drawing.annotation.DWG-ANO-S032-011,APPROVED_REPORT_DRAWING_GOLDEN,BOTH,HIGH,drawing
DR-607,G-DWG-1599,drawing.annotation.DWG-ANO-S032-012,APPROVED_REPORT_DRAWING_GOLDEN,BOTH,HIGH,drawing
DR-608,G-DWG-1600,drawing.annotation.DWG-ANO-S032-013,APPROVED_REPORT_DRAWING_GOLDEN,BOTH,HIGH,drawing
DR-609,G-DWG-1601,drawing.annotation.DWG-ANO-S032-014,APPROVED_REPORT_DRAWING_GOLDEN,BOTH,HIGH,drawing
DR-610,G-DWG-1602,drawing.annotation.DWG-ANO-S032-015,APPROVED_REPORT_DRAWING_GOLDEN,BOTH,HIGH,drawing
DR-611,G-DWG-1603,drawing.annotation.DWG-ANO-S032-016,APPROVED_REPORT_DRAWING_GOLDEN,BOTH,HIGH,drawing
DR-612,G-DWG-1604,drawing.annotation.DWG-ANO-S032-017,APPROVED_REPORT_DRAWING_GOLDEN,BOTH,HIGH,drawing
DR-613,G-DWG-1605,drawing.annotation.DWG-ANO-S032-018,APPROVED_REPORT_DRAWING_GOLDEN,BOTH,HIGH,drawing
DR-614,G-DWG-1606,drawing.annotation.DWG-ANO-S032-019,APPROVED_REPORT_DRAWING_GOLDEN,BOTH,HIGH,drawing
DR-615,G-DWG-1607,drawing.annotation.DWG-ANO-S032-020,APPROVED_REPORT_DRAWING_GOLDEN,BOTH,HIGH,drawing
DR-616,G-DWG-1608,drawing.annotation.DWG-ANO-S033-005,APPROVED_REPORT_DRAWING_GOLDEN,BOTH,HIGH,drawing
DR-617,G-DWG-1609,drawing.annotation.DWG-ANO-S033-006,APPROVED_REPORT_DRAWING_GOLDEN,BOTH,HIGH,drawing
DR-618,G-DWG-1610,drawing.annotation.DWG-ANO-S033-007,APPROVED_REPORT_DRAWING_GOLDEN,BOTH,HIGH,drawing
DR-619,G-DWG-1611,drawing.annotation.DWG-ANO-S033-008,APPROVED_REPORT_DRAWING_GOLDEN,BOTH,HIGH,drawing
DR-620,G-DWG-1612,drawing.annotation.DWG-ANO-S033-009,APPROVED_REPORT_DRAWING_GOLDEN,BOTH,HIGH,drawing
DR-621,G-DWG-1613,drawing.annotation.DWG-ANO-S033-010,APPROVED_REPORT_DRAWING_GOLDEN,BOTH,HIGH,drawing
DR-622,G-DWG-1614,drawing.annotation.DWG-ANO-S033-011,APPROVED_REPORT_DRAWING_GOLDEN,BOTH,HIGH,drawing
DR-623,G-DWG-1615,drawing.annotation.DWG-ANO-S033-012,APPROVED_REPORT_DRAWING_GOLDEN,BOTH,HIGH,drawing
DR-624,G-DWG-1616,drawing.annotation.DWG-ANO-S033-013,APPROVED_REPORT_DRAWING_GOLDEN,BOTH,HIGH,drawing
DR-625,G-DWG-1617,drawing.annotation.DWG-ANO-S033-014,APPROVED_REPORT_DRAWING_GOLDEN,BOTH,HIGH,drawing
DR-626,G-DWG-1618,drawing.annotation.DWG-ANO-S033-015,APPROVED_REPORT_DRAWING_GOLDEN,BOTH,HIGH,drawing
DR-627,G-DWG-1619,drawing.annotation.DWG-ANO-S033-016,APPROVED_REPORT_DRAWING_GOLDEN,BOTH,HIGH,drawing
DR-628,G-DWG-1620,drawing.annotation.DWG-ANO-S033-017,APPROVED_REPORT_DRAWING_GOLDEN,BOTH,HIGH,drawing
DR-629,G-DWG-1621,drawing.annotation.DWG-ANO-S033-018,APPROVED_REPORT_DRAWING_GOLDEN,BOTH,HIGH,drawing
DR-630,G-DWG-1622,drawing.annotation.DWG-ANO-S033-019,APPROVED_REPORT_DRAWING_GOLDEN,BOTH,HIGH,drawing
DR-631,G-DWG-1623,drawing.annotation.DWG-ANO-S033-020,APPROVED_REPORT_DRAWING_GOLDEN,BOTH,HIGH,drawing
DR-632,G-DWG-1624,drawing.annotation.DWG-ANO-S034-005,APPROVED_REPORT_DRAWING_GOLDEN,BOTH,HIGH,drawing
DR-633,G-DWG-1625,drawing.annotation.DWG-ANO-S034-006,APPROVED_REPORT_DRAWING_GOLDEN,BOTH,HIGH,drawing
DR-634,G-DWG-1626,drawing.annotation.DWG-ANO-S034-007,APPROVED_REPORT_DRAWING_GOLDEN,BOTH,HIGH,drawing
DR-635,G-DWG-1627,drawing.annotation.DWG-ANO-S034-008,APPROVED_REPORT_DRAWING_GOLDEN,BOTH,HIGH,drawing
DR-636,G-DWG-1628,drawing.annotation.DWG-ANO-S034-009,APPROVED_REPORT_DRAWING_GOLDEN,BOTH,HIGH,drawing
DR-637,G-DWG-1629,drawing.annotation.DWG-ANO-S034-010,APPROVED_REPORT_DRAWING_GOLDEN,BOTH,HIGH,drawing
DR-638,G-DWG-1630,drawing.annotation.DWG-ANO-S034-011,APPROVED_REPORT_DRAWING_GOLDEN,BOTH,HIGH,drawing
DR-639,G-DWG-1631,drawing.annotation.DWG-ANO-S034-012,APPROVED_REPORT_DRAWING_GOLDEN,BOTH,HIGH,drawing
DR-640,G-DWG-1632,drawing.annotation.DWG-ANO-S034-013,APPROVED_REPORT_DRAWING_GOLDEN,BOTH,HIGH,drawing
DR-641,G-DWG-1633,drawing.annotation.DWG-ANO-S034-014,APPROVED_REPORT_DRAWING_GOLDEN,BOTH,HIGH,drawing
DR-642,G-DWG-1634,drawing.annotation.DWG-ANO-S034-015,APPROVED_REPORT_DRAWING_GOLDEN,BOTH,HIGH,drawing
DR-643,G-DWG-1635,drawing.annotation.DWG-ANO-S034-016,APPROVED_REPORT_DRAWING_GOLDEN,BOTH,HIGH,drawing
DR-644,G-DWG-1636,drawing.annotation.DWG-ANO-S034-017,APPROVED_REPORT_DRAWING_GOLDEN,BOTH,HIGH,drawing
DR-645,G-DWG-1637,drawing.annotation.DWG-ANO-S034-018,APPROVED_REPORT_DRAWING_GOLDEN,BOTH,HIGH,drawing
DR-646,G-DWG-1638,drawing.annotation.DWG-ANO-S034-019,APPROVED_REPORT_DRAWING_GOLDEN,BOTH,HIGH,drawing
DR-647,G-DWG-1639,drawing.annotation.DWG-ANO-S034-020,APPROVED_REPORT_DRAWING_GOLDEN,BOTH,HIGH,drawing
DR-648,G-DWG-1640,drawing.annotation.DWG-ANO-S035-005,APPROVED_REPORT_DRAWING_GOLDEN,BOTH,HIGH,drawing
DR-649,G-DWG-1641,drawing.annotation.DWG-ANO-S035-006,APPROVED_REPORT_DRAWING_GOLDEN,BOTH,HIGH,drawing
DR-650,G-DWG-1642,drawing.annotation.DWG-ANO-S035-007,APPROVED_REPORT_DRAWING_GOLDEN,BOTH,HIGH,drawing
DR-651,G-DWG-1643,drawing.annotation.DWG-ANO-S035-008,APPROVED_REPORT_DRAWING_GOLDEN,BOTH,HIGH,drawing
DR-652,G-DWG-1644,drawing.annotation.DWG-ANO-S035-009,APPROVED_REPORT_DRAWING_GOLDEN,BOTH,HIGH,drawing
DR-653,G-DWG-1645,drawing.annotation.DWG-ANO-S035-010,APPROVED_REPORT_DRAWING_GOLDEN,BOTH,HIGH,drawing
DR-654,G-DWG-1646,drawing.annotation.DWG-ANO-S035-011,APPROVED_REPORT_DRAWING_GOLDEN,BOTH,HIGH,drawing
DR-655,G-DWG-1647,drawing.annotation.DWG-ANO-S035-012,APPROVED_REPORT_DRAWING_GOLDEN,BOTH,HIGH,drawing
DR-656,G-DWG-1648,drawing.annotation.DWG-ANO-S035-013,APPROVED_REPORT_DRAWING_GOLDEN,BOTH,HIGH,drawing
DR-657,G-DWG-1649,drawing.annotation.DWG-ANO-S035-014,APPROVED_REPORT_DRAWING_GOLDEN,BOTH,HIGH,drawing
DR-658,G-DWG-1650,drawing.annotation.DWG-ANO-S035-015,APPROVED_REPORT_DRAWING_GOLDEN,BOTH,HIGH,drawing
DR-659,G-DWG-1651,drawing.annotation.DWG-ANO-S035-016,APPROVED_REPORT_DRAWING_GOLDEN,BOTH,HIGH,drawing
DR-660,G-DWG-1652,drawing.annotation.DWG-ANO-S035-017,APPROVED_REPORT_DRAWING_GOLDEN,BOTH,HIGH,drawing
DR-661,G-DWG-1653,drawing.annotation.DWG-ANO-S035-018,APPROVED_REPORT_DRAWING_GOLDEN,BOTH,HIGH,drawing
DR-662,G-DWG-1654,drawing.annotation.DWG-ANO-S035-019,APPROVED_REPORT_DRAWING_GOLDEN,BOTH,HIGH,drawing
DR-663,G-DWG-1655,drawing.annotation.DWG-ANO-S035-020,APPROVED_REPORT_DRAWING_GOLDEN,BOTH,HIGH,drawing
DR-664,G-DWG-1656,drawing.annotation.DWG-ANO-S036-005,APPROVED_REPORT_DRAWING_GOLDEN,BOTH,HIGH,drawing
DR-665,G-DWG-1657,drawing.annotation.DWG-ANO-S036-006,APPROVED_REPORT_DRAWING_GOLDEN,BOTH,HIGH,drawing
DR-666,G-DWG-1658,drawing.annotation.DWG-ANO-S036-007,APPROVED_REPORT_DRAWING_GOLDEN,BOTH,HIGH,drawing
DR-667,G-DWG-1659,drawing.annotation.DWG-ANO-S036-008,APPROVED_REPORT_DRAWING_GOLDEN,BOTH,HIGH,drawing
DR-668,G-DWG-1660,drawing.annotation.DWG-ANO-S036-009,APPROVED_REPORT_DRAWING_GOLDEN,BOTH,HIGH,drawing
DR-669,G-DWG-1661,drawing.annotation.DWG-ANO-S036-010,APPROVED_REPORT_DRAWING_GOLDEN,BOTH,HIGH,drawing
DR-670,G-DWG-1662,drawing.annotation.DWG-ANO-S036-011,APPROVED_REPORT_DRAWING_GOLDEN,BOTH,HIGH,drawing
DR-671,G-DWG-1663,drawing.annotation.DWG-ANO-S036-012,APPROVED_REPORT_DRAWING_GOLDEN,BOTH,HIGH,drawing
DR-672,G-DWG-1664,drawing.annotation.DWG-ANO-S036-013,APPROVED_REPORT_DRAWING_GOLDEN,BOTH,HIGH,drawing
DR-673,G-DWG-1665,drawing.annotation.DWG-ANO-S036-014,APPROVED_REPORT_DRAWING_GOLDEN,BOTH,HIGH,drawing
DR-674,G-DWG-1666,drawing.annotation.DWG-ANO-S036-015,APPROVED_REPORT_DRAWING_GOLDEN,BOTH,HIGH,drawing
DR-675,G-DWG-1667,drawing.annotation.DWG-ANO-S036-016,APPROVED_REPORT_DRAWING_GOLDEN,BOTH,HIGH,drawing
DR-676,G-DWG-1668,drawing.annotation.DWG-ANO-S036-017,APPROVED_REPORT_DRAWING_GOLDEN,BOTH,HIGH,drawing
DR-677,G-DWG-1669,drawing.annotation.DWG-ANO-S036-018,APPROVED_REPORT_DRAWING_GOLDEN,BOTH,HIGH,drawing
DR-678,G-DWG-1670,drawing.annotation.DWG-ANO-S036-019,APPROVED_REPORT_DRAWING_GOLDEN,BOTH,HIGH,drawing
DR-679,G-DWG-1671,drawing.annotation.DWG-ANO-S036-020,APPROVED_REPORT_DRAWING_GOLDEN,BOTH,HIGH,drawing
DR-680,G-DWG-1672,drawing.annotation.DWG-ANO-S037-005,APPROVED_REPORT_DRAWING_GOLDEN,BOTH,HIGH,drawing
DR-681,G-DWG-1673,drawing.annotation.DWG-ANO-S037-006,APPROVED_REPORT_DRAWING_GOLDEN,BOTH,HIGH,drawing
DR-682,G-DWG-1674,drawing.annotation.DWG-ANO-S037-007,APPROVED_REPORT_DRAWING_GOLDEN,BOTH,HIGH,drawing
DR-683,G-DWG-1675,drawing.annotation.DWG-ANO-S037-008,APPROVED_REPORT_DRAWING_GOLDEN,BOTH,HIGH,drawing
DR-684,G-DWG-1676,drawing.annotation.DWG-ANO-S037-009,APPROVED_REPORT_DRAWING_GOLDEN,BOTH,HIGH,drawing
DR-685,G-DWG-1677,drawing.annotation.DWG-ANO-S037-010,APPROVED_REPORT_DRAWING_GOLDEN,BOTH,HIGH,drawing
DR-686,G-DWG-1678,drawing.annotation.DWG-ANO-S037-011,APPROVED_REPORT_DRAWING_GOLDEN,BOTH,HIGH,drawing
DR-687,G-DWG-1679,drawing.annotation.DWG-ANO-S037-012,APPROVED_REPORT_DRAWING_GOLDEN,BOTH,HIGH,drawing
DR-688,G-DWG-1680,drawing.annotation.DWG-ANO-S037-013,APPROVED_REPORT_DRAWING_GOLDEN,BOTH,HIGH,drawing
DR-689,G-DWG-1681,drawing.annotation.DWG-ANO-S037-014,APPROVED_REPORT_DRAWING_GOLDEN,BOTH,HIGH,drawing
DR-690,G-DWG-1682,drawing.annotation.DWG-ANO-S037-015,APPROVED_REPORT_DRAWING_GOLDEN,BOTH,HIGH,drawing
DR-691,G-DWG-1683,drawing.annotation.DWG-ANO-S037-016,APPROVED_REPORT_DRAWING_GOLDEN,BOTH,HIGH,drawing
DR-692,G-DWG-1684,drawing.annotation.DWG-ANO-S037-017,APPROVED_REPORT_DRAWING_GOLDEN,BOTH,HIGH,drawing
DR-693,G-DWG-1685,drawing.annotation.DWG-ANO-S037-018,APPROVED_REPORT_DRAWING_GOLDEN,BOTH,HIGH,drawing
DR-694,G-DWG-1686,drawing.annotation.DWG-ANO-S037-019,APPROVED_REPORT_DRAWING_GOLDEN,BOTH,HIGH,drawing
DR-695,G-DWG-1687,drawing.annotation.DWG-ANO-S037-020,APPROVED_REPORT_DRAWING_GOLDEN,BOTH,HIGH,drawing
DR-696,G-DWG-1688,drawing.annotation.DWG-ANO-S038-005,APPROVED_REPORT_DRAWING_GOLDEN,BOTH,HIGH,drawing
DR-697,G-DWG-1689,drawing.annotation.DWG-ANO-S038-006,APPROVED_REPORT_DRAWING_GOLDEN,BOTH,HIGH,drawing
DR-698,G-DWG-1690,drawing.annotation.DWG-ANO-S038-007,APPROVED_REPORT_DRAWING_GOLDEN,BOTH,HIGH,drawing
DR-699,G-DWG-1691,drawing.annotation.DWG-ANO-S038-008,APPROVED_REPORT_DRAWING_GOLDEN,BOTH,HIGH,drawing
DR-700,G-DWG-1692,drawing.annotation.DWG-ANO-S038-009,APPROVED_REPORT_DRAWING_GOLDEN,BOTH,HIGH,drawing
DR-701,G-DWG-1693,drawing.annotation.DWG-ANO-S038-010,APPROVED_REPORT_DRAWING_GOLDEN,BOTH,HIGH,drawing
DR-702,G-DWG-1694,drawing.annotation.DWG-ANO-S038-011,APPROVED_REPORT_DRAWING_GOLDEN,BOTH,HIGH,drawing
DR-703,G-DWG-1695,drawing.annotation.DWG-ANO-S038-012,APPROVED_REPORT_DRAWING_GOLDEN,BOTH,HIGH,drawing
DR-704,G-DWG-1696,drawing.annotation.DWG-ANO-S038-013,APPROVED_REPORT_DRAWING_GOLDEN,BOTH,HIGH,drawing
DR-705,G-DWG-1697,drawing.annotation.DWG-ANO-S038-014,APPROVED_REPORT_DRAWING_GOLDEN,BOTH,HIGH,drawing
DR-706,G-DWG-1698,drawing.annotation.DWG-ANO-S038-015,APPROVED_REPORT_DRAWING_GOLDEN,BOTH,HIGH,drawing
DR-707,G-DWG-1699,drawing.annotation.DWG-ANO-S038-016,APPROVED_REPORT_DRAWING_GOLDEN,BOTH,HIGH,drawing
DR-708,G-DWG-1700,drawing.annotation.DWG-ANO-S038-017,APPROVED_REPORT_DRAWING_GOLDEN,BOTH,HIGH,drawing
DR-709,G-DWG-1701,drawing.annotation.DWG-ANO-S038-018,APPROVED_REPORT_DRAWING_GOLDEN,BOTH,HIGH,drawing
DR-710,G-DWG-1702,drawing.annotation.DWG-ANO-S038-019,APPROVED_REPORT_DRAWING_GOLDEN,BOTH,HIGH,drawing
DR-711,G-DWG-1703,drawing.annotation.DWG-ANO-S038-020,APPROVED_REPORT_DRAWING_GOLDEN,BOTH,HIGH,drawing
DR-1053,G-DWG-1704,drawing.annotation.DWG-ANO-S045-001,APPROVED_REPORT_DRAWING_GOLDEN,BOTH,HIGH,drawing
DR-1054,G-DWG-1705,drawing.annotation.DWG-ANO-S045-002,APPROVED_REPORT_DRAWING_GOLDEN,BOTH,HIGH,drawing
DR-1055,G-DWG-1706,drawing.annotation.DWG-ANO-S045-003,APPROVED_REPORT_DRAWING_GOLDEN,BOTH,HIGH,drawing
DR-1056,G-DWG-1707,drawing.annotation.DWG-ANO-S045-004,APPROVED_REPORT_DRAWING_GOLDEN,BOTH,HIGH,drawing
DR-1057,G-DWG-1708,drawing.annotation.DWG-ANO-S045-005,APPROVED_REPORT_DRAWING_GOLDEN,BOTH,HIGH,drawing
DR-1058,G-DWG-1709,drawing.annotation.DWG-ANO-S045-006,APPROVED_REPORT_DRAWING_GOLDEN,BOTH,HIGH,drawing
DR-1059,G-DWG-1710,drawing.annotation.DWG-ANO-S045-007,APPROVED_REPORT_DRAWING_GOLDEN,BOTH,HIGH,drawing
DR-1060,G-DWG-1711,drawing.annotation.DWG-ANO-S045-008,APPROVED_REPORT_DRAWING_GOLDEN,BOTH,HIGH,drawing
DR-1061,G-DWG-1712,drawing.annotation.DWG-ANO-S045-009,APPROVED_REPORT_DRAWING_GOLDEN,BOTH,HIGH,drawing
DR-1062,G-DWG-1713,drawing.annotation.DWG-ANO-S045-010,APPROVED_REPORT_DRAWING_GOLDEN,BOTH,HIGH,drawing
DR-1063,G-DWG-1714,drawing.annotation.DWG-ANO-S045-011,APPROVED_REPORT_DRAWING_GOLDEN,BOTH,HIGH,drawing
DR-1064,G-DWG-1715,drawing.annotation.DWG-ANO-S045-012,APPROVED_REPORT_DRAWING_GOLDEN,BOTH,HIGH,drawing
DR-1065,G-DWG-1716,drawing.annotation.DWG-ANO-S045-013,APPROVED_REPORT_DRAWING_GOLDEN,BOTH,HIGH,drawing
DR-1066,G-DWG-1717,drawing.annotation.DWG-ANO-S045-014,APPROVED_REPORT_DRAWING_GOLDEN,BOTH,HIGH,drawing
DR-1067,G-DWG-1718,drawing.annotation.DWG-ANO-S045-015,APPROVED_REPORT_DRAWING_GOLDEN,BOTH,HIGH,drawing
DR-1068,G-DWG-1719,drawing.annotation.DWG-ANO-S045-016,APPROVED_REPORT_DRAWING_GOLDEN,BOTH,HIGH,drawing
DR-1069,G-DWG-1720,drawing.annotation.DWG-ANO-S045-017,APPROVED_REPORT_DRAWING_GOLDEN,BOTH,HIGH,drawing
DR-1070,G-DWG-1721,drawing.annotation.DWG-ANO-S045-018,APPROVED_REPORT_DRAWING_GOLDEN,BOTH,HIGH,drawing
DR-1071,G-DWG-1722,drawing.annotation.DWG-ANO-S045-019,APPROVED_REPORT_DRAWING_GOLDEN,BOTH,HIGH,drawing
DR-1072,G-DWG-1723,drawing.annotation.DWG-ANO-S045-020,APPROVED_REPORT_DRAWING_GOLDEN,BOTH,HIGH,drawing
DR-1073,G-DWG-1724,drawing.annotation.DWG-ANO-S045-021,APPROVED_REPORT_DRAWING_GOLDEN,BOTH,HIGH,drawing
DR-1074,G-DWG-1725,drawing.annotation.DWG-ANO-S045-022,APPROVED_REPORT_DRAWING_GOLDEN,BOTH,HIGH,drawing
DR-1075,G-DWG-1726,drawing.annotation.DWG-ANO-S045-023,APPROVED_REPORT_DRAWING_GOLDEN,BOTH,HIGH,drawing
DR-1076,G-DWG-1727,drawing.annotation.DWG-ANO-S045-024,APPROVED_REPORT_DRAWING_GOLDEN,BOTH,HIGH,drawing
DR-1077,G-DWG-1728,drawing.annotation.DWG-ANO-S045-025,APPROVED_REPORT_DRAWING_GOLDEN,BOTH,HIGH,drawing
DR-1078,G-DWG-1729,drawing.annotation.DWG-ANO-S045-026,APPROVED_REPORT_DRAWING_GOLDEN,BOTH,HIGH,drawing
DR-1079,G-DWG-1730,drawing.annotation.DWG-ANO-S046-001,APPROVED_REPORT_DRAWING_GOLDEN,BOTH,HIGH,drawing
DR-1080,G-DWG-1731,drawing.annotation.DWG-ANO-S046-002,APPROVED_REPORT_DRAWING_GOLDEN,BOTH,HIGH,drawing
DR-1081,G-DWG-1732,drawing.annotation.DWG-ANO-S046-003,APPROVED_REPORT_DRAWING_GOLDEN,BOTH,HIGH,drawing
DR-1082,G-DWG-1733,drawing.annotation.DWG-ANO-S047-001,APPROVED_REPORT_DRAWING_GOLDEN,BOTH,HIGH,drawing
DR-1083,G-DWG-1734,drawing.annotation.DWG-ANO-S047-002,APPROVED_REPORT_DRAWING_GOLDEN,BOTH,HIGH,drawing
DR-1084,G-DWG-1735,drawing.annotation.DWG-ANO-S047-003,APPROVED_REPORT_DRAWING_GOLDEN,BOTH,HIGH,drawing
DR-1085,G-DWG-1736,drawing.annotation.DWG-ANO-S047-004,APPROVED_REPORT_DRAWING_GOLDEN,BOTH,HIGH,drawing
DR-1086,G-DWG-1737,drawing.annotation.DWG-ANO-S047-005,APPROVED_REPORT_DRAWING_GOLDEN,BOTH,HIGH,drawing
DR-1087,G-DWG-1738,drawing.annotation.DWG-ANO-S047-006,APPROVED_REPORT_DRAWING_GOLDEN,BOTH,HIGH,drawing
DR-1088,G-DWG-1739,drawing.annotation.DWG-ANO-S047-007,APPROVED_REPORT_DRAWING_GOLDEN,BOTH,HIGH,drawing
DR-1089,G-DWG-1740,drawing.annotation.DWG-ANO-S047-008,APPROVED_REPORT_DRAWING_GOLDEN,BOTH,HIGH,drawing
DR-1090,G-DWG-1741,drawing.annotation.DWG-ANO-S049-001,APPROVED_REPORT_DRAWING_GOLDEN,BOTH,HIGH,drawing
DR-1091,G-DWG-1742,drawing.annotation.DWG-ANO-S049-002,APPROVED_REPORT_DRAWING_GOLDEN,BOTH,HIGH,drawing
DR-1092,G-DWG-1743,drawing.annotation.DWG-ANO-S049-003,APPROVED_REPORT_DRAWING_GOLDEN,BOTH,HIGH,drawing
DR-1093,G-DWG-1744,drawing.annotation.DWG-ANO-S049-004,APPROVED_REPORT_DRAWING_GOLDEN,BOTH,HIGH,drawing
DR-1094,G-DWG-1745,drawing.annotation.DWG-ANO-S049-005,APPROVED_REPORT_DRAWING_GOLDEN,BOTH,HIGH,drawing
DR-1095,G-DWG-1746,drawing.annotation.DWG-ANO-S049-006,APPROVED_REPORT_DRAWING_GOLDEN,BOTH,HIGH,drawing
DR-1096,G-DWG-1747,drawing.annotation.DWG-ANO-S049-007,APPROVED_REPORT_DRAWING_GOLDEN,BOTH,HIGH,drawing
DR-1097,G-DWG-1748,drawing.annotation.DWG-ANO-S049-008,APPROVED_REPORT_DRAWING_GOLDEN,BOTH,HIGH,drawing
DR-1098,G-DWG-1749,drawing.annotation.DWG-ANO-S050-001,APPROVED_REPORT_DRAWING_GOLDEN,BOTH,HIGH,drawing
DR-1099,G-DWG-1750,drawing.annotation.DWG-ANO-S050-002,APPROVED_REPORT_DRAWING_GOLDEN,BOTH,HIGH,drawing
DR-1100,G-DWG-1751,drawing.annotation.DWG-ANO-S051-001,APPROVED_REPORT_DRAWING_GOLDEN,BOTH,HIGH,drawing
DR-1101,G-DWG-1752,drawing.annotation.DWG-ANO-S052-001,APPROVED_REPORT_DRAWING_GOLDEN,BOTH,HIGH,drawing
DR-1102,G-DWG-1753,drawing.annotation.DWG-ANO-S053-001,APPROVED_REPORT_DRAWING_GOLDEN,BOTH,HIGH,drawing
DR-1103,G-DWG-1754,drawing.annotation.DWG-ANO-S054-001,APPROVED_REPORT_DRAWING_GOLDEN,BOTH,HIGH,drawing
DR-1104,G-DWG-1755,drawing.annotation.DWG-ANO-S055-001,APPROVED_REPORT_DRAWING_GOLDEN,BOTH,HIGH,drawing
DR-1105,G-DWG-1756,drawing.annotation.DWG-ANO-S056-001,APPROVED_REPORT_DRAWING_GOLDEN,BOTH,HIGH,drawing
DR-1106,G-DWG-1757,drawing.annotation.DWG-ANO-S057-001,APPROVED_REPORT_DRAWING_GOLDEN,BOTH,HIGH,drawing
DR-1107,G-DWG-1758,drawing.annotation.DWG-ANO-S058-001,APPROVED_REPORT_DRAWING_GOLDEN,BOTH,HIGH,drawing
DR-1108,G-DWG-1759,drawing.annotation.DWG-ANO-S058-002,APPROVED_REPORT_DRAWING_GOLDEN,BOTH,HIGH,drawing
DR-1109,G-DWG-1760,drawing.annotation.DWG-ANO-S058-003,APPROVED_REPORT_DRAWING_GOLDEN,BOTH,HIGH,drawing
DR-1110,G-DWG-1761,drawing.annotation.DWG-ANO-S058-004,APPROVED_REPORT_DRAWING_GOLDEN,BOTH,HIGH,drawing
DR-1111,G-DWG-1762,drawing.annotation.DWG-ANO-S061-001,APPROVED_REPORT_DRAWING_GOLDEN,BOTH,HIGH,drawing
DR-1112,G-DWG-1763,drawing.annotation.DWG-ANO-S061-002,APPROVED_REPORT_DRAWING_GOLDEN,BOTH,HIGH,drawing
DR-1113,G-DWG-1764,drawing.annotation.DWG-ANO-S061-003,APPROVED_REPORT_DRAWING_GOLDEN,BOTH,HIGH,drawing
DR-1114,G-DWG-1765,drawing.annotation.DWG-ANO-S061-004,APPROVED_REPORT_DRAWING_GOLDEN,BOTH,HIGH,drawing
DR-1115,G-DWG-1766,drawing.annotation.DWG-ANO-S061-005,APPROVED_REPORT_DRAWING_GOLDEN,BOTH,HIGH,drawing
DR-1116,G-DWG-1767,drawing.annotation.DWG-ANO-S061-006,APPROVED_REPORT_DRAWING_GOLDEN,BOTH,HIGH,drawing
DR-1117,G-DWG-1768,drawing.annotation.DWG-ANO-S061-007,APPROVED_REPORT_DRAWING_GOLDEN,BOTH,HIGH,drawing
DR-1118,G-DWG-1769,drawing.annotation.DWG-ANO-S061-008,APPROVED_REPORT_DRAWING_GOLDEN,BOTH,HIGH,drawing
DR-1119,G-DWG-1770,drawing.annotation.DWG-ANO-S061-009,APPROVED_REPORT_DRAWING_GOLDEN,BOTH,HIGH,drawing
DR-1120,G-DWG-1771,drawing.annotation.DWG-ANO-S062-001,APPROVED_REPORT_DRAWING_GOLDEN,BOTH,HIGH,drawing
DR-1121,G-DWG-1772,drawing.annotation.DWG-ANO-S062-002,APPROVED_REPORT_DRAWING_GOLDEN,BOTH,HIGH,drawing
DR-1122,G-DWG-1773,drawing.annotation.DWG-ANO-S068-001,APPROVED_REPORT_DRAWING_GOLDEN,BOTH,HIGH,drawing
DR-1123,G-DWG-1774,drawing.annotation.DWG-ANO-S068-002,APPROVED_REPORT_DRAWING_GOLDEN,BOTH,HIGH,drawing
DR-1124,G-DWG-1775,drawing.annotation.DWG-ANO-S068-003,APPROVED_REPORT_DRAWING_GOLDEN,BOTH,HIGH,drawing
DR-1125,G-DWG-1776,drawing.annotation.DWG-ANO-S068-004,APPROVED_REPORT_DRAWING_GOLDEN,BOTH,HIGH,drawing
DR-1126,G-DWG-1777,drawing.annotation.DWG-ANO-S072-001,APPROVED_REPORT_DRAWING_GOLDEN,BOTH,HIGH,drawing
DR-1127,G-DWG-1778,drawing.annotation.DWG-ANO-S072-002,APPROVED_REPORT_DRAWING_GOLDEN,BOTH,HIGH,drawing
DR-1128,G-DWG-1779,drawing.annotation.DWG-ANO-S072-003,APPROVED_REPORT_DRAWING_GOLDEN,BOTH,HIGH,drawing
DR-1129,G-DWG-1780,drawing.annotation.DWG-ANO-S072-004,APPROVED_REPORT_DRAWING_GOLDEN,BOTH,HIGH,drawing
DR-1130,G-DWG-1781,drawing.annotation.DWG-ANO-S073-001,APPROVED_REPORT_DRAWING_GOLDEN,BOTH,HIGH,drawing
DR-1131,G-DWG-1782,drawing.annotation.DWG-ANO-S073-002,APPROVED_REPORT_DRAWING_GOLDEN,BOTH,HIGH,drawing
DR-1132,G-DWG-1783,drawing.annotation.DWG-ANO-S074-001,APPROVED_REPORT_DRAWING_GOLDEN,BOTH,HIGH,drawing
DR-1133,G-DWG-1784,drawing.annotation.DWG-ANO-S074-002,APPROVED_REPORT_DRAWING_GOLDEN,BOTH,HIGH,drawing
DR-1134,G-DWG-1785,drawing.annotation.DWG-ANO-S074-003,APPROVED_REPORT_DRAWING_GOLDEN,BOTH,HIGH,drawing
DR-1135,G-DWG-1786,drawing.annotation.DWG-ANO-S074-004,APPROVED_REPORT_DRAWING_GOLDEN,BOTH,HIGH,drawing
DR-1136,G-DWG-1787,drawing.annotation.DWG-ANO-S085-001,APPROVED_REPORT_DRAWING_GOLDEN,BOTH,HIGH,drawing
DR-1137,G-DWG-1788,drawing.annotation.DWG-ANO-S085-002,APPROVED_REPORT_DRAWING_GOLDEN,BOTH,HIGH,drawing
DR-1138,G-DWG-1789,drawing.annotation.DWG-ANO-S085-003,APPROVED_REPORT_DRAWING_GOLDEN,BOTH,HIGH,drawing
DR-1139,G-DWG-1790,drawing.annotation.DWG-ANO-S085-004,APPROVED_REPORT_DRAWING_GOLDEN,BOTH,HIGH,drawing
DR-1140,G-DWG-1791,drawing.annotation.DWG-ANO-S085-005,APPROVED_REPORT_DRAWING_GOLDEN,BOTH,HIGH,drawing
DR-1141,G-DWG-1792,drawing.annotation.DWG-ANO-S085-006,APPROVED_REPORT_DRAWING_GOLDEN,BOTH,HIGH,drawing
DR-1142,G-DWG-1793,drawing.annotation.DWG-ANO-S085-007,APPROVED_REPORT_DRAWING_GOLDEN,BOTH,HIGH,drawing
DR-1143,G-DWG-1794,drawing.annotation.DWG-ANO-S085-008,APPROVED_REPORT_DRAWING_GOLDEN,BOTH,HIGH,drawing
DR-1144,G-DWG-1795,drawing.annotation.DWG-ANO-S085-009,APPROVED_REPORT_DRAWING_GOLDEN,BOTH,HIGH,drawing
DR-1145,G-DWG-1796,drawing.annotation.DWG-ANO-S085-010,APPROVED_REPORT_DRAWING_GOLDEN,BOTH,HIGH,drawing
DR-1146,G-DWG-1797,drawing.annotation.DWG-ANO-S085-011,APPROVED_REPORT_DRAWING_GOLDEN,BOTH,HIGH,drawing
DR-1147,G-DWG-1798,drawing.annotation.DWG-ANO-S085-012,APPROVED_REPORT_DRAWING_GOLDEN,BOTH,HIGH,drawing
DR-1148,G-DWG-1799,drawing.annotation.DWG-ANO-S085-013,APPROVED_REPORT_DRAWING_GOLDEN,BOTH,HIGH,drawing
DR-1149,G-DWG-1800,drawing.annotation.DWG-ANO-S085-014,APPROVED_REPORT_DRAWING_GOLDEN,BOTH,HIGH,drawing
DR-1150,G-DWG-1801,drawing.annotation.DWG-ANO-S085-015,APPROVED_REPORT_DRAWING_GOLDEN,BOTH,HIGH,drawing
DR-1151,G-DWG-1802,drawing.annotation.DWG-ANO-S085-016,APPROVED_REPORT_DRAWING_GOLDEN,BOTH,HIGH,drawing
DR-1152,G-DWG-1803,drawing.annotation.DWG-ANO-S086-001,APPROVED_REPORT_DRAWING_GOLDEN,BOTH,HIGH,drawing
DR-1153,G-DWG-1804,drawing.annotation.DWG-ANO-S086-002,APPROVED_REPORT_DRAWING_GOLDEN,BOTH,HIGH,drawing
DR-1154,G-DWG-1805,drawing.annotation.DWG-ANO-S086-003,APPROVED_REPORT_DRAWING_GOLDEN,BOTH,HIGH,drawing
DR-1155,G-DWG-1806,drawing.annotation.DWG-ANO-S086-004,APPROVED_REPORT_DRAWING_GOLDEN,BOTH,HIGH,drawing
DR-1156,G-DWG-1807,drawing.annotation.DWG-ANO-S086-005,APPROVED_REPORT_DRAWING_GOLDEN,BOTH,HIGH,drawing
DR-1157,G-DWG-1808,drawing.annotation.DWG-ANO-S086-006,APPROVED_REPORT_DRAWING_GOLDEN,BOTH,HIGH,drawing
DR-1158,G-DWG-1809,drawing.annotation.DWG-ANO-S086-007,APPROVED_REPORT_DRAWING_GOLDEN,BOTH,HIGH,drawing
DR-1159,G-DWG-1810,drawing.annotation.DWG-ANO-S086-008,APPROVED_REPORT_DRAWING_GOLDEN,BOTH,HIGH,drawing
DR-1160,G-DWG-1811,drawing.annotation.DWG-ANO-S087-001,APPROVED_REPORT_DRAWING_GOLDEN,BOTH,HIGH,drawing
DR-1161,G-DWG-1812,drawing.annotation.DWG-ANO-S087-002,APPROVED_REPORT_DRAWING_GOLDEN,BOTH,HIGH,drawing
DR-1162,G-DWG-1813,drawing.annotation.DWG-ANO-S087-003,APPROVED_REPORT_DRAWING_GOLDEN,BOTH,HIGH,drawing
DR-1163,G-DWG-1814,drawing.annotation.DWG-ANO-S087-004,APPROVED_REPORT_DRAWING_GOLDEN,BOTH,HIGH,drawing
DR-1164,G-DWG-1815,drawing.annotation.DWG-ANO-S087-005,APPROVED_REPORT_DRAWING_GOLDEN,BOTH,HIGH,drawing
DR-1165,G-DWG-1816,drawing.annotation.DWG-ANO-S087-006,APPROVED_REPORT_DRAWING_GOLDEN,BOTH,HIGH,drawing
DR-1166,G-DWG-1817,drawing.annotation.DWG-ANO-S088-001,APPROVED_REPORT_DRAWING_GOLDEN,BOTH,HIGH,drawing
DR-1167,G-DWG-1818,drawing.annotation.DWG-ANO-S088-002,APPROVED_REPORT_DRAWING_GOLDEN,BOTH,HIGH,drawing
DR-1168,G-DWG-1819,drawing.annotation.DWG-ANO-S088-003,APPROVED_REPORT_DRAWING_GOLDEN,BOTH,HIGH,drawing
DR-1169,G-DWG-1820,drawing.annotation.DWG-ANO-S088-004,APPROVED_REPORT_DRAWING_GOLDEN,BOTH,HIGH,drawing
DR-1170,G-DWG-1821,drawing.annotation.DWG-ANO-S088-005,APPROVED_REPORT_DRAWING_GOLDEN,BOTH,HIGH,drawing
DR-1171,G-DWG-1822,drawing.annotation.DWG-ANO-S088-006,APPROVED_REPORT_DRAWING_GOLDEN,BOTH,HIGH,drawing
DR-1626,G-DWG-1823,drawing.annotation.DWG-ANO-S089-001,APPROVED_REPORT_DRAWING_GOLDEN,BOTH,HIGH,drawing
DR-1627,G-DWG-1824,drawing.annotation.DWG-ANO-S089-002,APPROVED_REPORT_DRAWING_GOLDEN,BOTH,HIGH,drawing
DR-1628,G-DWG-1825,drawing.annotation.DWG-ANO-S089-003,APPROVED_REPORT_DRAWING_GOLDEN,BOTH,HIGH,drawing
DR-1629,G-DWG-1826,drawing.annotation.DWG-ANO-S089-004,APPROVED_REPORT_DRAWING_GOLDEN,BOTH,HIGH,drawing
DR-1630,G-DWG-1827,drawing.annotation.DWG-ANO-S090-001,APPROVED_REPORT_DRAWING_GOLDEN,BOTH,HIGH,drawing
DR-1631,G-DWG-1828,drawing.annotation.DWG-ANO-S090-002,APPROVED_REPORT_DRAWING_GOLDEN,BOTH,HIGH,drawing
DR-1632,G-DWG-1829,drawing.annotation.DWG-ANO-S090-003,APPROVED_REPORT_DRAWING_GOLDEN,BOTH,HIGH,drawing
DR-1633,G-DWG-1830,drawing.annotation.DWG-ANO-S090-004,APPROVED_REPORT_DRAWING_GOLDEN,BOTH,HIGH,drawing
DR-1634,G-DWG-1831,drawing.annotation.DWG-ANO-S090-005,APPROVED_REPORT_DRAWING_GOLDEN,BOTH,HIGH,drawing
DR-1635,G-DWG-1832,drawing.annotation.DWG-ANO-S090-006,APPROVED_REPORT_DRAWING_GOLDEN,BOTH,HIGH,drawing
DR-1636,G-DWG-1833,drawing.annotation.DWG-ANO-S090-007,APPROVED_REPORT_DRAWING_GOLDEN,BOTH,HIGH,drawing
DR-1637,G-DWG-1834,drawing.annotation.DWG-ANO-S090-008,APPROVED_REPORT_DRAWING_GOLDEN,BOTH,HIGH,drawing
DR-1638,G-DWG-1835,drawing.annotation.DWG-ANO-S091-001,APPROVED_REPORT_DRAWING_GOLDEN,BOTH,HIGH,drawing
DR-1639,G-DWG-1836,drawing.annotation.DWG-ANO-S091-002,APPROVED_REPORT_DRAWING_GOLDEN,BOTH,HIGH,drawing
DR-1640,G-DWG-1837,drawing.annotation.DWG-ANO-S091-003,APPROVED_REPORT_DRAWING_GOLDEN,BOTH,HIGH,drawing
DR-1641,G-DWG-1838,drawing.annotation.DWG-ANO-S092-001,APPROVED_REPORT_DRAWING_GOLDEN,BOTH,HIGH,drawing
DR-1642,G-DWG-1839,drawing.annotation.DWG-ANO-S093-001,APPROVED_REPORT_DRAWING_GOLDEN,BOTH,HIGH,drawing
DR-1643,G-DWG-1840,drawing.annotation.DWG-ANO-S093-002,APPROVED_REPORT_DRAWING_GOLDEN,BOTH,HIGH,drawing
DR-1644,G-DWG-1841,drawing.annotation.DWG-ANO-S101-001,APPROVED_REPORT_DRAWING_GOLDEN,BOTH,HIGH,drawing
DR-1645,G-DWG-1842,drawing.annotation.DWG-ANO-S101-002,APPROVED_REPORT_DRAWING_GOLDEN,BOTH,HIGH,drawing
DR-1646,G-DWG-1843,drawing.annotation.DWG-ANO-S141-001,APPROVED_WITH_HUMAN_CONFIRMATION_TRACK,BOTH,MEDIUM,drawing
DR-1989,G-DWG-1844,drawing.annotation.S141-A01,APPROVED_WITH_HUMAN_CONFIRMATION_TRACK,BOTH,MEDIUM,drawing
DR-1990,G-DWG-1845,drawing.annotation.S141-A02,APPROVED_WITH_HUMAN_CONFIRMATION_TRACK,BOTH,LOW,drawing
DR-1991,G-DWG-1846,drawing.annotation.S141-A03,APPROVED_WITH_HUMAN_CONFIRMATION_TRACK,BOTH,LOW,drawing
DR-1992,G-DWG-1847,drawing.annotation.S141-A04,APPROVED_WITH_HUMAN_CONFIRMATION_TRACK,BOTH,MEDIUM,drawing
DR-1993,G-DWG-1848,drawing.annotation.S141-A05,APPROVED_WITH_HUMAN_CONFIRMATION_TRACK,BOTH,MEDIUM,drawing
DR-1994,G-DWG-1849,drawing.annotation.S141-A06,APPROVED_WITH_HUMAN_CONFIRMATION_TRACK,BOTH,MEDIUM,drawing
DR-1995,G-DWG-1850,drawing.annotation.S141-E01,APPROVED_WITH_HUMAN_CONFIRMATION_TRACK,BOTH,MEDIUM,drawing
DR-1996,G-DWG-1851,drawing.annotation.S141-E02,APPROVED_WITH_HUMAN_CONFIRMATION_TRACK,BOTH,MEDIUM,drawing
DR-1997,G-DWG-1852,drawing.annotation.S141-E03,APPROVED_WITH_HUMAN_CONFIRMATION_TRACK,BOTH,MEDIUM,drawing
DR-1998,G-DWG-1853,drawing.annotation.S141-E04,APPROVED_WITH_HUMAN_CONFIRMATION_TRACK,BOTH,LOW,drawing
DR-1999,G-DWG-1854,drawing.annotation.S141-E05,APPROVED_WITH_HUMAN_CONFIRMATION_TRACK,BOTH,MEDIUM,drawing
DR-2000,G-DWG-1855,drawing.annotation.S141-E06,APPROVED_WITH_HUMAN_CONFIRMATION_TRACK,BOTH,MEDIUM,drawing
DR-2001,G-DWG-1856,drawing.annotation.S141-E07,APPROVED_WITH_HUMAN_CONFIRMATION_TRACK,BOTH,MEDIUM,drawing
DR-2002,G-DWG-1857,drawing.annotation.S141-E08,APPROVED_WITH_HUMAN_CONFIRMATION_TRACK,BOTH,LOW,drawing
DR-2003,G-DWG-1858,drawing.annotation.S141-E09,APPROVED_WITH_HUMAN_CONFIRMATION_TRACK,BOTH,MEDIUM,drawing
DR-2004,G-DWG-1859,drawing.annotation.S141-E10,APPROVED_WITH_HUMAN_CONFIRMATION_TRACK,BOTH,MEDIUM,drawing
DR-2005,G-DWG-1860,drawing.annotation.S141-E11,APPROVED_WITH_HUMAN_CONFIRMATION_TRACK,BOTH,MEDIUM,drawing
DR-2006,G-DWG-1861,drawing.annotation.S141-E12,APPROVED_WITH_HUMAN_CONFIRMATION_TRACK,BOTH,MEDIUM,drawing
DR-2007,G-DWG-1862,drawing.annotation.S141-E13,APPROVED_WITH_HUMAN_CONFIRMATION_TRACK,BOTH,MEDIUM,drawing
DR-2008,G-DWG-1863,drawing.annotation.S141-E14,APPROVED_WITH_HUMAN_CONFIRMATION_TRACK,BOTH,MEDIUM,drawing
DR-2009,G-DWG-1864,drawing.annotation.S141-E15,APPROVED_WITH_HUMAN_CONFIRMATION_TRACK,BOTH,LOW,drawing
DR-2010,G-DWG-1865,drawing.annotation.S141-E16,APPROVED_WITH_HUMAN_CONFIRMATION_TRACK,BOTH,MEDIUM,drawing
DR-2011,G-DWG-1866,drawing.annotation.S141-E17,APPROVED_WITH_HUMAN_CONFIRMATION_TRACK,BOTH,LOW,drawing
DR-2012,G-DWG-1867,drawing.annotation.S141-B01.weight,APPROVED_WITH_HUMAN_CONFIRMATION_TRACK,BOTH,MEDIUM,drawing
DR-2013,G-DWG-1868,drawing.annotation.S141-B02.weight,APPROVED_WITH_HUMAN_CONFIRMATION_TRACK,BOTH,MEDIUM,drawing
DR-2014,G-DWG-1869,drawing.annotation.S141-B03.weight,APPROVED_WITH_HUMAN_CONFIRMATION_TRACK,BOTH,MEDIUM,drawing
DR-2015,G-DWG-1870,drawing.annotation.S141-B04.weight,APPROVED_WITH_HUMAN_CONFIRMATION_TRACK,BOTH,MEDIUM,drawing
DR-2016,G-DWG-1871,drawing.annotation.S141-B05.weight,APPROVED_WITH_HUMAN_CONFIRMATION_TRACK,BOTH,MEDIUM,drawing
DR-2017,G-DWG-1872,drawing.annotation.S141-B06.weight,APPROVED_WITH_HUMAN_CONFIRMATION_TRACK,BOTH,MEDIUM,drawing
DR-2018,G-DWG-1873,drawing.annotation.S141-B07.weight,APPROVED_WITH_HUMAN_CONFIRMATION_TRACK,BOTH,MEDIUM,drawing
DR-2019,G-DWG-1874,drawing.annotation.S141-B08.weight,APPROVED_WITH_HUMAN_CONFIRMATION_TRACK,BOTH,MEDIUM,drawing
DR-2020,G-DWG-1875,drawing.annotation.S141-B09.weight,APPROVED_WITH_HUMAN_CONFIRMATION_TRACK,BOTH,MEDIUM,drawing
DR-822,G-DWG-1876,drawing.reference.DWG-REF-S001-001,APPROVED_REPORT_DRAWING_GOLDEN,BOTH,HIGH,drawing
DR-823,G-DWG-1877,drawing.reference.DWG-REF-S002-001,APPROVED_REPORT_DRAWING_GOLDEN,BOTH,HIGH,drawing
DR-824,G-DWG-1878,drawing.reference.DWG-REF-S003-001,APPROVED_REPORT_DRAWING_GOLDEN,BOTH,HIGH,drawing
DR-825,G-DWG-1879,drawing.reference.DWG-REF-S004-001,APPROVED_REPORT_DRAWING_GOLDEN,BOTH,HIGH,drawing
DR-826,G-DWG-1880,drawing.reference.DWG-REF-S005-001,APPROVED_REPORT_DRAWING_GOLDEN,BOTH,HIGH,drawing
DR-827,G-DWG-1881,drawing.reference.DWG-REF-S006-001,APPROVED_REPORT_DRAWING_GOLDEN,BOTH,HIGH,drawing
DR-828,G-DWG-1882,drawing.reference.DWG-REF-S007-001,APPROVED_REPORT_DRAWING_GOLDEN,BOTH,HIGH,drawing
DR-829,G-DWG-1883,drawing.reference.DWG-REF-S008-001,APPROVED_REPORT_DRAWING_GOLDEN,BOTH,HIGH,drawing
DR-830,G-DWG-1884,drawing.reference.DWG-REF-S009-001,APPROVED_REPORT_DRAWING_GOLDEN,BOTH,HIGH,drawing
DR-831,G-DWG-1885,drawing.reference.DWG-REF-S010-001,APPROVED_REPORT_DRAWING_GOLDEN,BOTH,HIGH,drawing
DR-832,G-DWG-1886,drawing.reference.DWG-REF-S011-001,APPROVED_REPORT_DRAWING_GOLDEN,BOTH,HIGH,drawing
DR-833,G-DWG-1887,drawing.reference.DWG-REF-S012-001,APPROVED_REPORT_DRAWING_GOLDEN,BOTH,HIGH,drawing
DR-834,G-DWG-1888,drawing.reference.DWG-REF-S013-001,APPROVED_REPORT_DRAWING_GOLDEN,BOTH,HIGH,drawing
DR-835,G-DWG-1889,drawing.reference.DWG-REF-S014-001,APPROVED_REPORT_DRAWING_GOLDEN,BOTH,HIGH,drawing
DR-836,G-DWG-1890,drawing.reference.DWG-REF-S015-001,APPROVED_REPORT_DRAWING_GOLDEN,BOTH,HIGH,drawing
DR-837,G-DWG-1891,drawing.reference.DWG-REF-S016-001,APPROVED_REPORT_DRAWING_GOLDEN,BOTH,HIGH,drawing
DR-838,G-DWG-1892,drawing.reference.DWG-REF-S017-001,APPROVED_REPORT_DRAWING_GOLDEN,BOTH,HIGH,drawing
DR-839,G-DWG-1893,drawing.reference.DWG-REF-S018-001,APPROVED_REPORT_DRAWING_GOLDEN,BOTH,HIGH,drawing
DR-840,G-DWG-1894,drawing.reference.DWG-REF-S019-001,APPROVED_REPORT_DRAWING_GOLDEN,BOTH,HIGH,drawing
DR-841,G-DWG-1895,drawing.reference.DWG-REF-S020-001,APPROVED_REPORT_DRAWING_GOLDEN,BOTH,HIGH,drawing
DR-842,G-DWG-1896,drawing.reference.DWG-REF-S021-001,APPROVED_REPORT_DRAWING_GOLDEN,BOTH,HIGH,drawing
DR-843,G-DWG-1897,drawing.reference.DWG-REF-S022-001,APPROVED_REPORT_DRAWING_GOLDEN,BOTH,HIGH,drawing
DR-844,G-DWG-1898,drawing.reference.DWG-REF-S023-001,APPROVED_REPORT_DRAWING_GOLDEN,BOTH,HIGH,drawing
DR-845,G-DWG-1899,drawing.reference.DWG-REF-S024-001,APPROVED_REPORT_DRAWING_GOLDEN,BOTH,HIGH,drawing
DR-846,G-DWG-1900,drawing.reference.DWG-REF-S025-001,APPROVED_REPORT_DRAWING_GOLDEN,BOTH,HIGH,drawing
DR-847,G-DWG-1901,drawing.reference.DWG-REF-S026-001,APPROVED_REPORT_DRAWING_GOLDEN,BOTH,HIGH,drawing
DR-848,G-DWG-1902,drawing.reference.DWG-REF-S027-001,APPROVED_REPORT_DRAWING_GOLDEN,BOTH,HIGH,drawing
DR-849,G-DWG-1903,drawing.reference.DWG-REF-S028-001,APPROVED_REPORT_DRAWING_GOLDEN,BOTH,HIGH,drawing
DR-850,G-DWG-1904,drawing.reference.DWG-REF-S029-001,APPROVED_REPORT_DRAWING_GOLDEN,BOTH,HIGH,drawing
DR-851,G-DWG-1905,drawing.reference.DWG-REF-S030-001,APPROVED_REPORT_DRAWING_GOLDEN,BOTH,HIGH,drawing
DR-852,G-DWG-1906,drawing.reference.DWG-REF-S031-001,APPROVED_REPORT_DRAWING_GOLDEN,BOTH,HIGH,drawing
DR-853,G-DWG-1907,drawing.reference.DWG-REF-S032-001,APPROVED_REPORT_DRAWING_GOLDEN,BOTH,HIGH,drawing
DR-854,G-DWG-1908,drawing.reference.DWG-REF-S033-001,APPROVED_REPORT_DRAWING_GOLDEN,BOTH,HIGH,drawing
DR-855,G-DWG-1909,drawing.reference.DWG-REF-S034-001,APPROVED_REPORT_DRAWING_GOLDEN,BOTH,HIGH,drawing
DR-856,G-DWG-1910,drawing.reference.DWG-REF-S035-001,APPROVED_REPORT_DRAWING_GOLDEN,BOTH,HIGH,drawing
DR-857,G-DWG-1911,drawing.reference.DWG-REF-S036-001,APPROVED_REPORT_DRAWING_GOLDEN,BOTH,HIGH,drawing
DR-858,G-DWG-1912,drawing.reference.DWG-REF-S037-001,APPROVED_REPORT_DRAWING_GOLDEN,BOTH,HIGH,drawing
DR-859,G-DWG-1913,drawing.reference.DWG-REF-S038-001,APPROVED_REPORT_DRAWING_GOLDEN,BOTH,HIGH,drawing
DR-860,G-DWG-1914,drawing.reference.DWG-REF-S039-001,APPROVED_REPORT_DRAWING_GOLDEN,BOTH,HIGH,drawing
DR-861,G-DWG-1915,drawing.reference.DWG-REF-S040-001,APPROVED_REPORT_DRAWING_GOLDEN,BOTH,HIGH,drawing
DR-862,G-DWG-1916,drawing.reference.DWG-REF-S041-001,APPROVED_REPORT_DRAWING_GOLDEN,BOTH,HIGH,drawing
DR-863,G-DWG-1917,drawing.reference.DWG-REF-S042-001,APPROVED_REPORT_DRAWING_GOLDEN,BOTH,HIGH,drawing
DR-864,G-DWG-1918,drawing.reference.DWG-REF-S043-001,APPROVED_REPORT_DRAWING_GOLDEN,BOTH,HIGH,drawing
DR-865,G-DWG-1919,drawing.reference.DWG-REF-S044-001,APPROVED_REPORT_DRAWING_GOLDEN,BOTH,HIGH,drawing
DR-1522,G-DWG-1920,drawing.reference.DWG-REF-S045-001,APPROVED_REPORT_DRAWING_GOLDEN,BOTH,HIGH,drawing
DR-1523,G-DWG-1921,drawing.reference.DWG-REF-S046-001,APPROVED_REPORT_DRAWING_GOLDEN,BOTH,HIGH,drawing
DR-1524,G-DWG-1922,drawing.reference.DWG-REF-S047-001,APPROVED_REPORT_DRAWING_GOLDEN,BOTH,HIGH,drawing
DR-1525,G-DWG-1923,drawing.reference.DWG-REF-S048-001,APPROVED_REPORT_DRAWING_GOLDEN,BOTH,HIGH,drawing
DR-1526,G-DWG-1924,drawing.reference.DWG-REF-S049-001,APPROVED_REPORT_DRAWING_GOLDEN,BOTH,HIGH,drawing
DR-1527,G-DWG-1925,drawing.reference.DWG-REF-S050-001,APPROVED_REPORT_DRAWING_GOLDEN,BOTH,HIGH,drawing
DR-1528,G-DWG-1926,drawing.reference.DWG-REF-S051-001,APPROVED_REPORT_DRAWING_GOLDEN,BOTH,HIGH,drawing
DR-1529,G-DWG-1927,drawing.reference.DWG-REF-S052-001,APPROVED_REPORT_DRAWING_GOLDEN,BOTH,HIGH,drawing
DR-1530,G-DWG-1928,drawing.reference.DWG-REF-S053-001,APPROVED_REPORT_DRAWING_GOLDEN,BOTH,HIGH,drawing
DR-1531,G-DWG-1929,drawing.reference.DWG-REF-S054-001,APPROVED_REPORT_DRAWING_GOLDEN,BOTH,HIGH,drawing
DR-1532,G-DWG-1930,drawing.reference.DWG-REF-S055-001,APPROVED_REPORT_DRAWING_GOLDEN,BOTH,HIGH,drawing
DR-1533,G-DWG-1931,drawing.reference.DWG-REF-S056-001,APPROVED_REPORT_DRAWING_GOLDEN,BOTH,HIGH,drawing
DR-1534,G-DWG-1932,drawing.reference.DWG-REF-S057-001,APPROVED_REPORT_DRAWING_GOLDEN,BOTH,HIGH,drawing
DR-1535,G-DWG-1933,drawing.reference.DWG-REF-S058-001,APPROVED_REPORT_DRAWING_GOLDEN,BOTH,HIGH,drawing
DR-1536,G-DWG-1934,drawing.reference.DWG-REF-S059-001,APPROVED_REPORT_DRAWING_GOLDEN,BOTH,HIGH,drawing
DR-1537,G-DWG-1935,drawing.reference.DWG-REF-S060-001,APPROVED_REPORT_DRAWING_GOLDEN,BOTH,HIGH,drawing
DR-1538,G-DWG-1936,drawing.reference.DWG-REF-S061-001,APPROVED_REPORT_DRAWING_GOLDEN,BOTH,HIGH,drawing
DR-1539,G-DWG-1937,drawing.reference.DWG-REF-S062-001,APPROVED_REPORT_DRAWING_GOLDEN,BOTH,HIGH,drawing
DR-1540,G-DWG-1938,drawing.reference.DWG-REF-S063-001,APPROVED_REPORT_DRAWING_GOLDEN,BOTH,HIGH,drawing
DR-1541,G-DWG-1939,drawing.reference.DWG-REF-S064-001,APPROVED_REPORT_DRAWING_GOLDEN,BOTH,HIGH,drawing
DR-1542,G-DWG-1940,drawing.reference.DWG-REF-S065-001,APPROVED_REPORT_DRAWING_GOLDEN,BOTH,HIGH,drawing
DR-1543,G-DWG-1941,drawing.reference.DWG-REF-S066-001,APPROVED_REPORT_DRAWING_GOLDEN,BOTH,HIGH,drawing
DR-1544,G-DWG-1942,drawing.reference.DWG-REF-S067-001,APPROVED_REPORT_DRAWING_GOLDEN,BOTH,HIGH,drawing
DR-1545,G-DWG-1943,drawing.reference.DWG-REF-S068-001,APPROVED_REPORT_DRAWING_GOLDEN,BOTH,HIGH,drawing
DR-1546,G-DWG-1944,drawing.reference.DWG-REF-S069-001,APPROVED_REPORT_DRAWING_GOLDEN,BOTH,HIGH,drawing
DR-1547,G-DWG-1945,drawing.reference.DWG-REF-S070-001,APPROVED_REPORT_DRAWING_GOLDEN,BOTH,HIGH,drawing
DR-1548,G-DWG-1946,drawing.reference.DWG-REF-S071-001,APPROVED_REPORT_DRAWING_GOLDEN,BOTH,HIGH,drawing
DR-1549,G-DWG-1947,drawing.reference.DWG-REF-S072-001,APPROVED_REPORT_DRAWING_GOLDEN,BOTH,HIGH,drawing
DR-1550,G-DWG-1948,drawing.reference.DWG-REF-S073-001,APPROVED_REPORT_DRAWING_GOLDEN,BOTH,HIGH,drawing
DR-1551,G-DWG-1949,drawing.reference.DWG-REF-S074-001,APPROVED_REPORT_DRAWING_GOLDEN,BOTH,HIGH,drawing
DR-1552,G-DWG-1950,drawing.reference.DWG-REF-S075-001,APPROVED_REPORT_DRAWING_GOLDEN,BOTH,HIGH,drawing
DR-1553,G-DWG-1951,drawing.reference.DWG-REF-S076-001,APPROVED_REPORT_DRAWING_GOLDEN,BOTH,HIGH,drawing
DR-1554,G-DWG-1952,drawing.reference.DWG-REF-S077-001,APPROVED_REPORT_DRAWING_GOLDEN,BOTH,HIGH,drawing
DR-1555,G-DWG-1953,drawing.reference.DWG-REF-S078-001,APPROVED_REPORT_DRAWING_GOLDEN,BOTH,HIGH,drawing
DR-1556,G-DWG-1954,drawing.reference.DWG-REF-S079-001,APPROVED_REPORT_DRAWING_GOLDEN,BOTH,HIGH,drawing
DR-1557,G-DWG-1955,drawing.reference.DWG-REF-S080-001,APPROVED_REPORT_DRAWING_GOLDEN,BOTH,HIGH,drawing
DR-1558,G-DWG-1956,drawing.reference.DWG-REF-S081-001,APPROVED_REPORT_DRAWING_GOLDEN,BOTH,HIGH,drawing
DR-1559,G-DWG-1957,drawing.reference.DWG-REF-S082-001,APPROVED_REPORT_DRAWING_GOLDEN,BOTH,HIGH,drawing
DR-1560,G-DWG-1958,drawing.reference.DWG-REF-S083-001,APPROVED_REPORT_DRAWING_GOLDEN,BOTH,HIGH,drawing
DR-1561,G-DWG-1959,drawing.reference.DWG-REF-S084-001,APPROVED_REPORT_DRAWING_GOLDEN,BOTH,HIGH,drawing
DR-1562,G-DWG-1960,drawing.reference.DWG-REF-S085-001,APPROVED_REPORT_DRAWING_GOLDEN,BOTH,HIGH,drawing
DR-1563,G-DWG-1961,drawing.reference.DWG-REF-S086-001,APPROVED_REPORT_DRAWING_GOLDEN,BOTH,HIGH,drawing
DR-1564,G-DWG-1962,drawing.reference.DWG-REF-S087-001,APPROVED_REPORT_DRAWING_GOLDEN,BOTH,HIGH,drawing
DR-1565,G-DWG-1963,drawing.reference.DWG-REF-S088-001,APPROVED_REPORT_DRAWING_GOLDEN,BOTH,HIGH,drawing
DR-1957,G-DWG-1964,drawing.reference.DWG-REF-S089-001,APPROVED_REPORT_DRAWING_GOLDEN,BOTH,HIGH,drawing
DR-1958,G-DWG-1965,drawing.reference.DWG-REF-S090-001,APPROVED_REPORT_DRAWING_GOLDEN,BOTH,HIGH,drawing
DR-1959,G-DWG-1966,drawing.reference.DWG-REF-S091-001,APPROVED_REPORT_DRAWING_GOLDEN,BOTH,HIGH,drawing
DR-1960,G-DWG-1967,drawing.reference.DWG-REF-S093-001,APPROVED_REPORT_DRAWING_GOLDEN,BOTH,HIGH,drawing
DR-1961,G-DWG-1968,drawing.reference.DWG-REF-S101-001,APPROVED_REPORT_DRAWING_GOLDEN,BOTH,HIGH,drawing
DR-1962,G-DWG-1969,drawing.reference.DWG-REF-S102-001,APPROVED_REPORT_DRAWING_GOLDEN,BOTH,HIGH,drawing
DR-1963,G-DWG-1970,drawing.reference.DWG-REF-S102-002,APPROVED_REPORT_DRAWING_GOLDEN,BOTH,HIGH,drawing
DR-1964,G-DWG-1971,drawing.reference.DWG-REF-S091-002,APPROVED_REPORT_DRAWING_GOLDEN,BOTH,HIGH,drawing
DR-1965,G-DWG-1972,drawing.reference.DWG-REF-S091-003,APPROVED_REPORT_DRAWING_GOLDEN,BOTH,HIGH,drawing
DR-1966,G-DWG-1973,drawing.reference.DWG-REF-S090-002,APPROVED_REPORT_DRAWING_GOLDEN,BOTH,HIGH,drawing
DR-1967,G-DWG-1974,drawing.reference.DWG-REF-S092-001,APPROVED_REPORT_DRAWING_GOLDEN,BOTH,HIGH,drawing
DR-1968,G-DWG-1975,drawing.reference.DWG-REF-S092-002,APPROVED_REPORT_DRAWING_GOLDEN,BOTH,HIGH,drawing
DR-1969,G-DWG-1976,drawing.reference.DWG-REF-S132-001,APPROVED_REPORT_DRAWING_GOLDEN,BOTH,HIGH,drawing
DR-1970,G-DWG-1977,drawing.reference.DWG-REF-S137-001,APPROVED_REPORT_DRAWING_GOLDEN,BOTH,HIGH,drawing
DR-1971,G-DWG-1978,drawing.reference.DWG-REF-S138-001,APPROVED_REPORT_DRAWING_GOLDEN,BOTH,HIGH,drawing
DR-1972,G-DWG-1979,drawing.reference.DWG-REF-S139-001,APPROVED_REPORT_DRAWING_GOLDEN,BOTH,HIGH,drawing
DR-1973,G-DWG-1980,drawing.reference.DWG-REF-S140-001,APPROVED_REPORT_DRAWING_GOLDEN,BOTH,HIGH,drawing
DR-768,G-DWG-1981,drawing.table.DWG-TBL-S005-001,APPROVED_REPORT_DRAWING_GOLDEN,BOTH,HIGH,drawing
DR-769,G-DWG-1982,drawing.table.DWG-TBL-S005-002,APPROVED_REPORT_DRAWING_GOLDEN,BOTH,HIGH,drawing
DR-770,G-DWG-1983,drawing.table.DWG-TBL-S005-003,APPROVED_REPORT_DRAWING_GOLDEN,BOTH,HIGH,drawing
DR-771,G-DWG-1984,drawing.table.DWG-TBL-S006-001,APPROVED_REPORT_DRAWING_GOLDEN,BOTH,HIGH,drawing
DR-772,G-DWG-1985,drawing.table.DWG-TBL-S006-002,APPROVED_REPORT_DRAWING_GOLDEN,BOTH,HIGH,drawing
DR-773,G-DWG-1986,drawing.table.DWG-TBL-S006-003,APPROVED_REPORT_DRAWING_GOLDEN,BOTH,HIGH,drawing
DR-774,G-DWG-1987,drawing.table.DWG-TBL-S006-004,APPROVED_REPORT_DRAWING_GOLDEN,BOTH,HIGH,drawing
DR-775,G-DWG-1988,drawing.table.DWG-TBL-S007-001,APPROVED_REPORT_DRAWING_GOLDEN,BOTH,HIGH,drawing
DR-776,G-DWG-1989,drawing.table.DWG-TBL-S007-002,APPROVED_REPORT_DRAWING_GOLDEN,BOTH,HIGH,drawing
DR-777,G-DWG-1990,drawing.table.DWG-TBL-S007-003,APPROVED_REPORT_DRAWING_GOLDEN,BOTH,HIGH,drawing
DR-1227,G-DWG-1991,drawing.table.DWG-TBL-S045-001,APPROVED_REPORT_DRAWING_GOLDEN,BOTH,HIGH,drawing
DR-1228,G-DWG-1992,drawing.table.DWG-TBL-S045-002,APPROVED_REPORT_DRAWING_GOLDEN,BOTH,HIGH,drawing
DR-1229,G-DWG-1993,drawing.table.DWG-TBL-S045-003,APPROVED_REPORT_DRAWING_GOLDEN,BOTH,HIGH,drawing
DR-1230,G-DWG-1994,drawing.table.DWG-TBL-S046-001,APPROVED_REPORT_DRAWING_GOLDEN,BOTH,HIGH,drawing
DR-1231,G-DWG-1995,drawing.table.DWG-TBL-S046-002,APPROVED_REPORT_DRAWING_GOLDEN,BOTH,HIGH,drawing
DR-1232,G-DWG-1996,drawing.table.DWG-TBL-S047-001,APPROVED_REPORT_DRAWING_GOLDEN,BOTH,HIGH,drawing
DR-1233,G-DWG-1997,drawing.table.DWG-TBL-S047-002,APPROVED_REPORT_DRAWING_GOLDEN,BOTH,HIGH,drawing
DR-1234,G-DWG-1998,drawing.table.DWG-TBL-S049-001,APPROVED_REPORT_DRAWING_GOLDEN,BOTH,HIGH,drawing
DR-1235,G-DWG-1999,drawing.table.DWG-TBL-S049-002,APPROVED_REPORT_DRAWING_GOLDEN,BOTH,HIGH,drawing
DR-1236,G-DWG-2000,drawing.table.DWG-TBL-S050-001,APPROVED_REPORT_DRAWING_GOLDEN,BOTH,HIGH,drawing
DR-1237,G-DWG-2001,drawing.table.DWG-TBL-S058-001,APPROVED_REPORT_DRAWING_GOLDEN,BOTH,HIGH,drawing
DR-1238,G-DWG-2002,drawing.table.DWG-TBL-S061-001,APPROVED_REPORT_DRAWING_GOLDEN,BOTH,HIGH,drawing
DR-1239,G-DWG-2003,drawing.table.DWG-TBL-S061-002,APPROVED_REPORT_DRAWING_GOLDEN,BOTH,HIGH,drawing
DR-1240,G-DWG-2004,drawing.table.DWG-TBL-S062-001,APPROVED_REPORT_DRAWING_GOLDEN,BOTH,HIGH,drawing
DR-1241,G-DWG-2005,drawing.table.DWG-TBL-S062-002,APPROVED_REPORT_DRAWING_GOLDEN,BOTH,HIGH,drawing
DR-1242,G-DWG-2006,drawing.table.DWG-TBL-S068-001,APPROVED_REPORT_DRAWING_GOLDEN,BOTH,HIGH,drawing
DR-1243,G-DWG-2007,drawing.table.DWG-TBL-S068-002,APPROVED_REPORT_DRAWING_GOLDEN,BOTH,HIGH,drawing
DR-1244,G-DWG-2008,drawing.table.DWG-TBL-S085-001,APPROVED_REPORT_DRAWING_GOLDEN,BOTH,HIGH,drawing
DR-1245,G-DWG-2009,drawing.table.DWG-TBL-S085-002,APPROVED_REPORT_DRAWING_GOLDEN,BOTH,HIGH,drawing
DR-1246,G-DWG-2010,drawing.table.DWG-TBL-S085-003,APPROVED_REPORT_DRAWING_GOLDEN,BOTH,HIGH,drawing
DR-1247,G-DWG-2011,drawing.table.DWG-TBL-S086-001,APPROVED_REPORT_DRAWING_GOLDEN,BOTH,HIGH,drawing
DR-1248,G-DWG-2012,drawing.table.DWG-TBL-S086-002,APPROVED_REPORT_DRAWING_GOLDEN,BOTH,HIGH,drawing
DR-1249,G-DWG-2013,drawing.table.DWG-TBL-S086-003,APPROVED_REPORT_DRAWING_GOLDEN,BOTH,HIGH,drawing
DR-1250,G-DWG-2014,drawing.table.DWG-TBL-S087-001,APPROVED_REPORT_DRAWING_GOLDEN,BOTH,HIGH,drawing
DR-1251,G-DWG-2015,drawing.table.DWG-TBL-S087-002,APPROVED_REPORT_DRAWING_GOLDEN,BOTH,HIGH,drawing
DR-1252,G-DWG-2016,drawing.table.DWG-TBL-S087-003,APPROVED_REPORT_DRAWING_GOLDEN,BOTH,HIGH,drawing
DR-1253,G-DWG-2017,drawing.table.DWG-TBL-S088-001,APPROVED_REPORT_DRAWING_GOLDEN,BOTH,HIGH,drawing
DR-1254,G-DWG-2018,drawing.table.DWG-TBL-S088-002,APPROVED_REPORT_DRAWING_GOLDEN,BOTH,HIGH,drawing
DR-1255,G-DWG-2019,drawing.table.DWG-TBL-S088-003,APPROVED_REPORT_DRAWING_GOLDEN,BOTH,HIGH,drawing
DR-1256,G-DWG-2020,drawing.table.DWG-TBL-S072-001,APPROVED_REPORT_DRAWING_GOLDEN,BOTH,HIGH,drawing
DR-1257,G-DWG-2021,drawing.table.DWG-TBL-S073-001,APPROVED_REPORT_DRAWING_GOLDEN,BOTH,HIGH,drawing
DR-1258,G-DWG-2022,drawing.table.DWG-TBL-S074-001,APPROVED_REPORT_DRAWING_GOLDEN,BOTH,HIGH,drawing
DR-1689,G-DWG-2023,drawing.table.DWG-TBL-S091-001,APPROVED_REPORT_DRAWING_GOLDEN,BOTH,HIGH,drawing
DR-1690,G-DWG-2024,drawing.table.DWG-TBL-S092-001,APPROVED_REPORT_DRAWING_GOLDEN,BOTH,HIGH,drawing
DR-1691,G-DWG-2025,drawing.table.DWG-TBL-S102-001,APPROVED_REPORT_DRAWING_GOLDEN,BOTH,HIGH,drawing
DR-1692,G-DWG-2026,drawing.table.DWG-TBL-S102-002,APPROVED_REPORT_DRAWING_GOLDEN,BOTH,HIGH,drawing
DR-1693,G-DWG-2027,drawing.table.DWG-TBL-S090-001,APPROVED_REPORT_DRAWING_GOLDEN,BOTH,HIGH,drawing
DR-1694,G-DWG-2028,drawing.table.DWG-TBL-S099-001,APPROVED_REPORT_DRAWING_GOLDEN,BOTH,HIGH,drawing
DR-2021,G-DWG-2029,drawing.table.s141.crane_capacity,APPROVED_WITH_HUMAN_CONFIRMATION_TRACK,BOTH,MEDIUM,drawing
DR-2022,G-DWG-2030,drawing.table.s141.crane_capacity.S141-C01,APPROVED_WITH_HUMAN_CONFIRMATION_TRACK,BOTH,MEDIUM,drawing
DR-2023,G-DWG-2031,drawing.table.s141.crane_capacity.S141-C02,APPROVED_WITH_HUMAN_CONFIRMATION_TRACK,BOTH,MEDIUM,drawing
DR-2024,G-DWG-2032,drawing.table.s141.crane_capacity.S141-C03,APPROVED_WITH_HUMAN_CONFIRMATION_TRACK,BOTH,MEDIUM,drawing
DR-2025,G-DWG-2033,drawing.table.s141.crane_capacity.S141-C04,APPROVED_WITH_HUMAN_CONFIRMATION_TRACK,BOTH,MEDIUM,drawing
DR-2026,G-DWG-2034,drawing.table.s141.crane_capacity.S141-C05,APPROVED_WITH_HUMAN_CONFIRMATION_TRACK,BOTH,MEDIUM,drawing
DR-2027,G-DWG-2035,drawing.table.s141.crane_capacity.S141-C06,APPROVED_WITH_HUMAN_CONFIRMATION_TRACK,BOTH,MEDIUM,drawing
DR-2028,G-DWG-2036,drawing.table.s141.crane_capacity.S141-C07,APPROVED_WITH_HUMAN_CONFIRMATION_TRACK,BOTH,MEDIUM,drawing
DR-2029,G-DWG-2037,drawing.table.s141.crane_capacity.S141-C08,APPROVED_WITH_HUMAN_CONFIRMATION_TRACK,BOTH,MEDIUM,drawing
DR-2030,G-DWG-2038,drawing.table.s141.crane_capacity.S141-C09,APPROVED_WITH_HUMAN_CONFIRMATION_TRACK,BOTH,MEDIUM,drawing
DR-2031,G-DWG-2039,drawing.table.s141.crane_capacity.S141-C10,APPROVED_WITH_HUMAN_CONFIRMATION_TRACK,BOTH,MEDIUM,drawing
DR-2032,G-DWG-2040,drawing.table.s141.crane_capacity.S141-C11,APPROVED_WITH_HUMAN_CONFIRMATION_TRACK,BOTH,MEDIUM,drawing
DR-2033,G-DWG-2041,drawing.table.s141.crane_capacity.S141-C12,APPROVED_WITH_HUMAN_CONFIRMATION_TRACK,BOTH,MEDIUM,drawing
DR-2034,G-DWG-2042,drawing.table.s141.crane_capacity.S141-C13,APPROVED_WITH_HUMAN_CONFIRMATION_TRACK,BOTH,MEDIUM,drawing
DR-2035,G-DWG-2043,drawing.table.s141.crane_capacity.S141-C14,APPROVED_WITH_HUMAN_CONFIRMATION_TRACK,BOTH,MEDIUM,drawing
DR-2036,G-DWG-2044,drawing.table.s141.crane_capacity.S141-C15,APPROVED_WITH_HUMAN_CONFIRMATION_TRACK,BOTH,LOW,drawing
DR-2037,G-DWG-2045,drawing.table.s141.crane_capacity.S141-C16,APPROVED_WITH_HUMAN_CONFIRMATION_TRACK,BOTH,MEDIUM,drawing
DR-2038,G-DWG-2046,drawing.table.s141.crane_capacity.S141-C17,APPROVED_WITH_HUMAN_CONFIRMATION_TRACK,BOTH,MEDIUM,drawing
DR-2039,G-DWG-2047,drawing.table.s141.crane_capacity.S141-C18,APPROVED_WITH_HUMAN_CONFIRMATION_TRACK,BOTH,MEDIUM,drawing
DR-2040,G-DWG-2048,drawing.table.s141.crane_capacity.S141-C19,APPROVED_WITH_HUMAN_CONFIRMATION_TRACK,BOTH,MEDIUM,drawing
DR-2041,G-DWG-2049,drawing.table.s141.crane_capacity.S141-C20,APPROVED_WITH_HUMAN_CONFIRMATION_TRACK,BOTH,MEDIUM,drawing
DR-2042,G-DWG-2050,drawing.table.s141.crane_capacity.S141-C21,APPROVED_WITH_HUMAN_CONFIRMATION_TRACK,BOTH,MEDIUM,drawing
DR-2043,G-DWG-2051,drawing.table.s141.crane_capacity.S141-C22,APPROVED_WITH_HUMAN_CONFIRMATION_TRACK,BOTH,MEDIUM,drawing
DR-2044,G-DWG-2052,drawing.table.s141.crane_capacity.S141-C23,APPROVED_WITH_HUMAN_CONFIRMATION_TRACK,BOTH,MEDIUM,drawing
DR-2045,G-DWG-2053,drawing.table.s141.crane_capacity.S141-C24,APPROVED_WITH_HUMAN_CONFIRMATION_TRACK,BOTH,MEDIUM,drawing
DR-2046,G-DWG-2054,drawing.table.s141.crane_capacity.S141-C25,APPROVED_WITH_HUMAN_CONFIRMATION_TRACK,BOTH,MEDIUM,drawing
DR-2047,G-DWG-2055,drawing.table.s141.crane_capacity.S141-C26,APPROVED_WITH_HUMAN_CONFIRMATION_TRACK,BOTH,MEDIUM,drawing
DR-2048,G-DWG-2056,drawing.table.s141.crane_capacity.S141-C27,APPROVED_WITH_HUMAN_CONFIRMATION_TRACK,BOTH,MEDIUM,drawing
DR-2049,G-DWG-2057,drawing.table.s141.crane_capacity.S141-C28,APPROVED_WITH_HUMAN_CONFIRMATION_TRACK,BOTH,MEDIUM,drawing
DR-2050,G-DWG-2058,drawing.table.s141.crane_capacity.S141-C29,APPROVED_WITH_HUMAN_CONFIRMATION_TRACK,BOTH,MEDIUM,drawing
DR-2051,G-DWG-2059,drawing.table.s141.crane_capacity.S141-C30,APPROVED_WITH_HUMAN_CONFIRMATION_TRACK,BOTH,MEDIUM,drawing
